utc,host_rel_ms,direction,label,controller_index,can_id_hex,extended,dlc,data_hex,status
2026-09-29T10:23:55.584Z,165.959,RX,bus,-1,000183AA,1,7,01 00 00 0F 03 AA 83,OK
2026-09-29T10:23:55.584Z,166.177,RX,bus,-1,001183AA,1,5,01 00 00 AA 83,OK
2026-09-29T10:23:55.590Z,170.955,RX,bus,-1,0001879D,1,7,01 00 00 0F 03 9D 87,OK
2026-09-29T10:23:55.590Z,171.145,RX,bus,-1,0011879D,1,5,01 00 00 9D 87,OK
2026-09-29T10:23:55.594Z,175.972,RX,bus,-1,0001B499,1,7,01 00 00 0F 03 99 B4,OK
2026-09-29T10:23:55.595Z,176.229,RX,bus,-1,0011B499,1,5,01 00 00 99 B4,OK
2026-09-29T10:23:55.599Z,180.846,RX,bus,-1,00012EB3,1,7,01 00 00 0F 03 B3 2E,OK
2026-09-29T10:23:55.600Z,181.099,RX,bus,-1,00112EB3,1,5,01 00 00 B3 2E,OK
2026-09-29T10:23:55.604Z,185.846,RX,bus,-1,0001D70A,1,7,01 00 00 0F 03 0A D7,OK
2026-09-29T10:23:55.605Z,186.071,RX,bus,-1,0011D70A,1,5,01 00 00 0A D7,OK
2026-09-29T10:23:55.609Z,190.906,RX,bus,-1,0001ACFF,1,7,01 00 00 0F 03 FF AC,OK
2026-09-29T10:23:55.610Z,191.136,RX,bus,-1,0011ACFF,1,5,01 00 00 FF AC,OK
2026-09-29T10:23:55.614Z,195.928,RX,bus,-1,0001BBC4,1,7,01 00 00 0F 03 C4 BB,OK
2026-09-29T10:23:55.615Z,196.171,RX,bus,-1,0011BBC4,1,5,01 00 00 C4 BB,OK
2026-09-29T10:23:55.619Z,200.917,RX,bus,-1,0001501D,1,7,01 00 00 0F 03 1D 50,OK
2026-09-29T10:23:55.619Z,201.154,RX,bus,-1,0011501D,1,5,01 00 00 1D 50,OK
2026-09-29T10:23:55.624Z,205.915,RX,bus,-1,00014269,1,7,01 00 00 0F 03 69 42,OK
2026-09-29T10:23:55.624Z,206.154,RX,bus,-1,00114269,1,5,01 00 00 69 42,OK
2026-09-29T10:23:55.629Z,210.921,RX,bus,-1,0001AE4F,1,7,01 00 00 0F 03 4F AE,OK
2026-09-29T10:23:55.629Z,211.163,RX,bus,-1,0011AE4F,1,5,01 00 00 4F AE,OK
2026-09-29T10:23:55.634Z,215.916,RX,bus,-1,0001DE3A,1,7,01 00 00 0F 03 3A DE,OK
2026-09-29T10:23:55.634Z,216.160,RX,bus,-1,0011DE3A,1,5,01 00 00 3A DE,OK
2026-09-29T10:23:55.639Z,220.915,RX,bus,-1,0001F95E,1,7,01 00 00 0F 03 5E F9,OK
2026-09-29T10:23:55.639Z,221.156,RX,bus,-1,0011F95E,1,5,01 00 00 5E F9,OK
2026-09-29T10:23:55.644Z,225.906,RX,bus,-1,00016FB7,1,7,01 00 00 0F 03 B7 6F,OK
2026-09-29T10:23:55.644Z,226.153,RX,bus,-1,00116FB7,1,5,01 00 00 B7 6F,OK
2026-09-29T10:23:55.649Z,230.917,RX,bus,-1,00014581,1,7,01 00 00 0F 03 81 45,OK
2026-09-29T10:23:55.649Z,231.153,RX,bus,-1,00114581,1,5,01 00 00 81 45,OK
2026-09-29T10:23:55.654Z,235.865,RX,bus,-1,00011C55,1,7,01 00 00 0F 03 55 1C,OK
2026-09-29T10:23:55.654Z,236.121,RX,bus,-1,00111C55,1,5,01 00 00 55 1C,OK
2026-09-29T10:23:55.659Z,240.893,RX,bus,-1,00016822,1,7,01 00 00 0F 03 22 68,OK
2026-09-29T10:23:55.659Z,241.129,RX,bus,-1,00116822,1,5,01 00 00 22 68,OK
2026-09-29T10:23:55.664Z,245.885,RX,bus,-1,0001BB64,1,7,01 00 00 0F 03 64 BB,OK
2026-09-29T10:23:55.664Z,246.108,RX,bus,-1,0011BB64,1,5,01 00 00 64 BB,OK
2026-09-29T10:23:55.669Z,250.887,RX,bus,-1,00011347,1,7,01 00 00 0F 03 47 13,OK
2026-09-29T10:23:55.669Z,251.121,RX,bus,-1,00111347,1,5,01 00 00 47 13,OK
2026-09-29T10:23:55.674Z,255.882,RX,bus,-1,000132DF,1,7,01 00 00 0F 03 DF 32,OK
2026-09-29T10:23:55.674Z,256.118,RX,bus,-1,001132DF,1,5,01 00 00 DF 32,OK
2026-09-29T10:23:55.679Z,260.921,RX,bus,-1,0001CCE9,1,7,01 00 00 0F 03 E9 CC,OK
2026-09-29T10:23:55.679Z,261.162,RX,bus,-1,0011CCE9,1,5,01 00 00 E9 CC,OK
2026-09-29T10:23:55.684Z,265.921,RX,bus,-1,0001E4B6,1,7,01 00 00 0F 03 B6 E4,OK
2026-09-29T10:23:55.684Z,266.167,RX,bus,-1,0011E4B6,1,5,01 00 00 B6 E4,OK
2026-09-29T10:23:55.689Z,270.928,RX,bus,-1,00016274,1,7,01 00 00 0F 03 74 62,OK
2026-09-29T10:23:55.689Z,271.168,RX,bus,-1,00116274,1,5,01 00 00 74 62,OK
2026-09-29T10:23:55.695Z,276.035,RX,bus,-1,000178CF,1,7,01 00 00 0F 03 CF 78,OK
2026-09-29T10:23:55.695Z,276.120,RX,bus,-1,001178CF,1,5,01 00 00 CF 78,OK
2026-09-29T10:23:55.700Z,281.031,RX,bus,-1,00018751,1,7,01 00 00 0F 03 51 87,OK
2026-09-29T10:23:55.700Z,281.124,RX,bus,-1,00118751,1,5,01 00 00 51 87,OK
2026-09-29T10:23:55.705Z,286.029,RX,bus,-1,00018DDD,1,7,01 00 00 0F 03 DD 8D,OK
2026-09-29T10:23:55.705Z,286.115,RX,bus,-1,00118DDD,1,5,01 00 00 DD 8D,OK
2026-09-29T10:23:55.710Z,290.879,RX,bus,-1,00010220,1,7,01 00 00 0F 03 20 02,OK
2026-09-29T10:23:55.710Z,291.112,RX,bus,-1,00110220,1,5,01 00 00 20 02,OK
2026-09-29T10:23:55.715Z,296.060,RX,bus,-1,000132B5,1,7,01 00 00 0F 03 B5 32,OK
2026-09-29T10:23:55.715Z,296.110,RX,bus,-1,001132B5,1,5,01 00 00 B5 32,OK
2026-09-29T10:23:55.719Z,300.881,RX,bus,-1,00017F14,1,7,01 00 00 0F 03 14 7F,OK
2026-09-29T10:23:55.719Z,301.123,RX,bus,-1,00117F14,1,5,01 00 00 14 7F,OK
2026-09-29T10:23:55.724Z,306.064,RX,bus,-1,0001BFC7,1,7,01 00 00 0F 03 C7 BF,OK
2026-09-29T10:23:55.724Z,306.112,RX,bus,-1,0011BFC7,1,5,01 00 00 C7 BF,OK
2026-09-29T10:23:55.729Z,310.883,RX,bus,-1,00010A8B,1,7,01 00 00 0F 03 8B 0A,OK
2026-09-29T10:23:55.729Z,311.123,RX,bus,-1,00110A8B,1,5,01 00 00 8B 0A,OK
2026-09-29T10:23:55.734Z,315.892,RX,bus,-1,000167F0,1,7,01 00 00 0F 03 F0 67,OK
2026-09-29T10:23:55.734Z,316.127,RX,bus,-1,001167F0,1,5,01 00 00 F0 67,OK
2026-09-29T10:23:55.739Z,320.888,RX,bus,-1,000179D2,1,7,01 00 00 0F 03 D2 79,OK
2026-09-29T10:23:55.739Z,321.113,RX,bus,-1,001179D2,1,5,01 00 00 D2 79,OK
2026-09-29T10:23:55.744Z,325.885,RX,bus,-1,00018DB4,1,7,01 00 00 0F 03 B4 8D,OK
2026-09-29T10:23:55.744Z,326.117,RX,bus,-1,00118DB4,1,5,01 00 00 B4 8D,OK
2026-09-29T10:23:55.749Z,330.888,RX,bus,-1,0001B8C1,1,7,01 00 00 0F 03 C1 B8,OK
2026-09-29T10:23:55.749Z,331.098,RX,bus,-1,0011B8C1,1,5,01 00 00 C1 B8,OK
2026-09-29T10:23:55.754Z,335.889,RX,bus,-1,000111A5,1,7,01 00 00 0F 03 A5 11,OK
2026-09-29T10:23:55.754Z,336.121,RX,bus,-1,001111A5,1,5,01 00 00 A5 11,OK
2026-09-29T10:23:55.759Z,341.153,RX,bus,-1,0001598E,1,7,01 00 00 0F 03 8E 59,OK
2026-09-29T10:23:55.759Z,341.202,RX,bus,-1,0011598E,1,5,01 00 00 8E 59,OK
2026-09-29T10:23:55.764Z,346.143,RX,bus,-1,00019C88,1,7,01 00 00 0F 03 88 9C,OK
2026-09-29T10:23:55.764Z,346.189,RX,bus,-1,00119C88,1,5,01 00 00 88 9C,OK
2026-09-29T10:23:55.769Z,351.133,RX,bus,-1,00013501,1,7,01 00 00 0F 03 01 35,OK
2026-09-29T10:23:55.769Z,351.177,RX,bus,-1,00113501,1,5,01 00 00 01 35,OK
2026-09-29T10:23:55.774Z,355.952,RX,bus,-1,00012F6F,1,7,01 00 00 0F 03 6F 2F,OK
2026-09-29T10:23:55.774Z,356.117,RX,bus,-1,00112F6F,1,5,01 00 00 6F 2F,OK
2026-09-29T10:23:55.779Z,361.014,RX,bus,-1,000183F9,1,7,01 00 00 0F 03 F9 83,OK
2026-09-29T10:23:55.779Z,361.104,RX,bus,-1,001183F9,1,5,01 00 00 F9 83,OK
2026-09-29T10:23:55.784Z,366.064,RX,bus,-1,0001BDE3,1,7,01 00 00 0F 03 E3 BD,OK
2026-09-29T10:23:55.784Z,366.115,RX,bus,-1,0011BDE3,1,5,01 00 00 E3 BD,OK
2026-09-29T10:23:55.789Z,371.018,RX,bus,-1,000167DE,1,7,01 00 00 0F 03 DE 67,OK
2026-09-29T10:23:55.789Z,371.165,RX,bus,-1,001167DE,1,5,01 00 00 DE 67,OK
2026-09-29T10:23:55.794Z,376.006,RX,bus,-1,0001B1D5,1,7,01 00 00 0F 03 D5 B1,OK
2026-09-29T10:23:55.794Z,376.058,RX,bus,-1,0011B1D5,1,5,01 00 00 D5 B1,OK
2026-09-29T10:23:55.799Z,381.011,RX,bus,-1,00011671,1,7,01 00 00 0F 03 71 16,OK
2026-09-29T10:23:55.799Z,381.066,RX,bus,-1,00111671,1,5,01 00 00 71 16,OK
2026-09-29T10:23:55.804Z,386.014,RX,bus,-1,000166F1,1,7,01 00 00 0F 03 F1 66,OK
2026-09-29T10:23:55.804Z,386.083,RX,bus,-1,001166F1,1,5,01 00 00 F1 66,OK
2026-09-29T10:23:55.809Z,390.927,RX,bus,-1,0001C621,1,7,01 00 00 0F 03 21 C6,OK
2026-09-29T10:23:55.809Z,391.139,RX,bus,-1,0011C621,1,5,01 00 00 21 C6,OK
2026-09-29T10:23:55.814Z,395.932,RX,bus,-1,0001C27F,1,7,01 00 00 0F 03 7F C2,OK
2026-09-29T10:23:55.814Z,396.166,RX,bus,-1,0011C27F,1,5,01 00 00 7F C2,OK
2026-09-29T10:23:55.819Z,400.880,RX,bus,-1,000156C7,1,7,01 00 00 0F 03 C7 56,OK
2026-09-29T10:23:55.819Z,401.122,RX,bus,-1,001156C7,1,5,01 00 00 C7 56,OK
2026-09-29T10:23:55.824Z,405.849,RX,bus,-1,00015700,1,7,01 00 00 0F 03 00 57,OK
2026-09-29T10:23:55.824Z,406.117,RX,bus,-1,00115700,1,5,01 00 00 00 57,OK
2026-09-29T10:23:55.829Z,410.867,RX,bus,-1,00012775,1,7,01 00 00 0F 03 75 27,OK
2026-09-29T10:23:55.829Z,411.108,RX,bus,-1,00112775,1,5,01 00 00 75 27,OK
2026-09-29T10:23:55.834Z,416.021,RX,bus,-1,0001A227,1,7,01 00 00 0F 03 27 A2,OK
2026-09-29T10:23:55.834Z,416.073,RX,bus,-1,0011A227,1,5,01 00 00 27 A2,OK
2026-09-29T10:23:55.839Z,421.005,RX,bus,-1,0001E0C3,1,7,01 00 00 0F 03 C3 E0,OK
2026-09-29T10:23:55.839Z,421.146,RX,bus,-1,0011E0C3,1,5,01 00 00 C3 E0,OK
2026-09-29T10:23:55.844Z,425.877,RX,bus,-1,000121D6,1,7,01 00 00 0F 03 D6 21,OK
2026-09-29T10:23:55.844Z,426.123,RX,bus,-1,001121D6,1,5,01 00 00 D6 21,OK
2026-09-29T10:23:55.849Z,430.880,RX,bus,-1,000193C0,1,7,01 00 00 0F 03 C0 93,OK
2026-09-29T10:23:55.849Z,431.126,RX,bus,-1,001193C0,1,5,01 00 00 C0 93,OK
2026-09-29T10:23:55.854Z,435.877,RX,bus,-1,0001D050,1,7,01 00 00 0F 03 50 D0,OK
2026-09-29T10:23:55.854Z,436.133,RX,bus,-1,0011D050,1,5,01 00 00 50 D0,OK
2026-09-29T10:23:55.859Z,441.023,RX,bus,-1,00011468,1,7,01 00 00 0F 03 68 14,OK
2026-09-29T10:23:55.859Z,441.075,RX,bus,-1,00111468,1,5,01 00 00 68 14,OK
2026-09-29T10:23:55.864Z,445.867,RX,bus,-1,0001B9BF,1,7,01 00 00 0F 03 BF B9,OK
2026-09-29T10:23:55.865Z,446.110,RX,bus,-1,0011B9BF,1,5,01 00 00 BF B9,OK
2026-09-29T10:23:55.869Z,451.017,RX,bus,-1,00010F51,1,7,01 00 00 0F 03 51 0F,OK
2026-09-29T10:23:55.869Z,451.068,RX,bus,-1,00110F51,1,5,01 00 00 51 0F,OK
2026-09-29T10:23:55.874Z,456.041,RX,bus,-1,000120B8,1,7,01 00 00 0F 03 B8 20,OK
2026-09-29T10:23:55.875Z,456.093,RX,bus,-1,001120B8,1,5,01 00 00 B8 20,OK
2026-09-29T10:23:55.879Z,461.063,RX,bus,-1,000154F6,1,7,01 00 00 0F 03 F6 54,OK
2026-09-29T10:23:55.880Z,461.115,RX,bus,-1,001154F6,1,5,01 00 00 F6 54,OK
2026-09-29T10:23:55.884Z,466.022,RX,bus,-1,00010968,1,7,01 00 00 0F 03 68 09,OK
2026-09-29T10:23:55.884Z,466.074,RX,bus,-1,00110968,1,5,01 00 00 68 09,OK
2026-09-29T10:23:55.889Z,471.022,RX,bus,-1,000165BE,1,7,01 00 00 0F 03 BE 65,OK
2026-09-29T10:23:55.889Z,471.074,RX,bus,-1,001165BE,1,5,01 00 00 BE 65,OK
2026-09-29T10:23:55.894Z,475.882,RX,bus,-1,0001B68E,1,7,01 00 00 0F 03 8E B6,OK
2026-09-29T10:23:55.894Z,476.128,RX,bus,-1,0011B68E,1,5,01 00 00 8E B6,OK
2026-09-29T10:23:55.899Z,480.878,RX,bus,-1,000158B3,1,7,01 00 00 0F 03 B3 58,OK
2026-09-29T10:23:55.899Z,481.122,RX,bus,-1,001158B3,1,5,01 00 00 B3 58,OK
2026-09-29T10:23:55.904Z,485.878,RX,bus,-1,00017D6D,1,7,01 00 00 0F 03 6D 7D,OK
2026-09-29T10:23:55.904Z,486.113,RX,bus,-1,00117D6D,1,5,01 00 00 6D 7D,OK
2026-09-29T10:23:55.909Z,491.017,RX,bus,-1,0001138A,1,7,01 00 00 0F 03 8A 13,OK
2026-09-29T10:23:55.910Z,491.069,RX,bus,-1,0011138A,1,5,01 00 00 8A 13,OK
2026-09-29T10:23:55.914Z,496.020,RX,bus,-1,00011D62,1,7,01 00 00 0F 03 62 1D,OK
2026-09-29T10:23:55.915Z,496.072,RX,bus,-1,00111D62,1,5,01 00 00 62 1D,OK
2026-09-29T10:23:55.919Z,501.017,RX,bus,-1,00017D69,1,7,01 00 00 0F 03 69 7D,OK
2026-09-29T10:23:55.920Z,501.069,RX,bus,-1,00117D69,1,5,01 00 00 69 7D,OK
2026-09-29T10:23:55.924Z,506.016,RX,bus,-1,000191B3,1,7,01 00 00 0F 03 B3 91,OK
2026-09-29T10:23:55.925Z,506.068,RX,bus,-1,001191B3,1,5,01 00 00 B3 91,OK
2026-09-29T10:23:55.929Z,511.016,RX,bus,-1,0001F689,1,7,01 00 00 0F 03 89 F6,OK
2026-09-29T10:23:55.930Z,511.067,RX,bus,-1,0011F689,1,5,01 00 00 89 F6,OK
2026-09-29T10:23:55.934Z,516.016,RX,bus,-1,000173E0,1,7,01 00 00 0F 03 E0 73,OK
2026-09-29T10:23:55.935Z,516.068,RX,bus,-1,001173E0,1,5,01 00 00 E0 73,OK
2026-09-29T10:23:55.939Z,521.018,RX,bus,-1,00011DAD,1,7,01 00 00 0F 03 AD 1D,OK
2026-09-29T10:23:55.940Z,521.070,RX,bus,-1,00111DAD,1,5,01 00 00 AD 1D,OK
2026-09-29T10:23:55.944Z,526.017,RX,bus,-1,00016676,1,7,01 00 00 0F 03 76 66,OK
2026-09-29T10:23:55.945Z,526.068,RX,bus,-1,00116676,1,5,01 00 00 76 66,OK
2026-09-29T10:23:55.949Z,531.028,RX,bus,-1,00012903,1,7,01 00 00 0F 03 03 29,OK
2026-09-29T10:23:55.950Z,531.127,RX,bus,-1,00112903,1,5,01 00 00 03 29,OK
2026-09-29T10:23:55.954Z,536.016,RX,bus,-1,0001403B,1,7,01 00 00 0F 03 3B 40,OK
2026-09-29T10:23:55.955Z,536.069,RX,bus,-1,0011403B,1,5,01 00 00 3B 40,OK
2026-09-29T10:23:55.960Z,541.016,RX,bus,-1,0001D2E5,1,7,01 00 00 0F 03 E5 D2,OK
2026-09-29T10:23:55.960Z,541.068,RX,bus,-1,0011D2E5,1,5,01 00 00 E5 D2,OK
2026-09-29T10:23:55.965Z,545.837,RX,bus,-1,00015121,1,7,01 00 00 0F 03 21 51,OK
2026-09-29T10:23:55.965Z,546.125,RX,bus,-1,00115121,1,5,01 00 00 21 51,OK
2026-09-29T10:23:55.970Z,551.031,RX,bus,-1,0001E79A,1,7,01 00 00 0F 03 9A E7,OK
2026-09-29T10:23:55.970Z,551.083,RX,bus,-1,0011E79A,1,5,01 00 00 9A E7,OK
2026-09-29T10:23:55.975Z,556.056,RX,bus,-1,0001C269,1,7,01 00 00 0F 03 69 C2,OK
2026-09-29T10:23:55.975Z,556.111,RX,bus,-1,0011C269,1,5,01 00 00 69 C2,OK
2026-09-29T10:23:55.980Z,561.025,RX,bus,-1,0001D407,1,7,01 00 00 0F 03 07 D4,OK
2026-09-29T10:23:55.980Z,561.079,RX,bus,-1,0011D407,1,5,01 00 00 07 D4,OK
2026-09-29T10:23:55.985Z,566.056,RX,bus,-1,000168E0,1,7,01 00 00 0F 03 E0 68,OK
2026-09-29T10:23:55.985Z,566.142,RX,bus,-1,001168E0,1,5,01 00 00 E0 68,OK
2026-09-29T10:23:55.990Z,570.849,RX,bus,-1,000131EB,1,7,01 00 00 0F 03 EB 31,OK
2026-09-29T10:23:55.990Z,571.093,RX,bus,-1,001131EB,1,5,01 00 00 EB 31,OK
2026-09-29T10:23:55.994Z,575.884,RX,bus,-1,0001D014,1,7,01 00 00 0F 03 14 D0,OK
2026-09-29T10:23:55.994Z,576.126,RX,bus,-1,0011D014,1,5,01 00 00 14 D0,OK
2026-09-29T10:23:55.999Z,580.875,RX,bus,-1,00013D20,1,7,01 00 00 0F 03 20 3D,OK
2026-09-29T10:23:55.999Z,581.130,RX,bus,-1,00113D20,1,5,01 00 00 20 3D,OK
2026-09-29T10:23:56.004Z,585.878,RX,bus,-1,000116F6,1,7,01 00 00 0F 03 F6 16,OK
2026-09-29T10:23:56.004Z,586.122,RX,bus,-1,001116F6,1,5,01 00 00 F6 16,OK
2026-09-29T10:23:56.010Z,591.017,RX,bus,-1,0001CDF6,1,7,01 00 00 0F 03 F6 CD,OK
2026-09-29T10:23:56.010Z,591.069,RX,bus,-1,0011CDF6,1,5,01 00 00 F6 CD,OK
2026-09-29T10:23:56.014Z,595.821,RX,bus,-1,00010E4A,1,7,01 00 00 0F 03 4A 0E,OK
2026-09-29T10:23:56.015Z,596.096,RX,bus,-1,00110E4A,1,5,01 00 00 4A 0E,OK
2026-09-29T10:23:56.020Z,601.020,RX,bus,-1,0001639B,1,7,01 00 00 0F 03 9B 63,OK
2026-09-29T10:23:56.020Z,601.072,RX,bus,-1,0011639B,1,5,01 00 00 9B 63,OK
2026-09-29T10:23:56.024Z,605.868,RX,bus,-1,0001A6CE,1,7,01 00 00 0F 03 CE A6,OK
2026-09-29T10:23:56.025Z,606.116,RX,bus,-1,0011A6CE,1,5,01 00 00 CE A6,OK
2026-09-29T10:23:56.030Z,611.073,RX,bus,-1,0001F63D,1,7,01 00 00 0F 03 3D F6,OK
2026-09-29T10:23:56.030Z,611.141,RX,bus,-1,0011F63D,1,5,01 00 00 3D F6,OK
2026-09-29T10:23:56.035Z,616.017,RX,bus,-1,0001D4FA,1,7,01 00 00 0F 03 FA D4,OK
2026-09-29T10:23:56.035Z,616.068,RX,bus,-1,0011D4FA,1,5,01 00 00 FA D4,OK
2026-09-29T10:23:56.040Z,621.015,RX,bus,-1,00011F3E,1,7,01 00 00 0F 03 3E 1F,OK
2026-09-29T10:23:56.040Z,621.110,RX,bus,-1,00111F3E,1,5,01 00 00 3E 1F,OK
2026-09-29T10:23:56.045Z,626.020,RX,bus,-1,0001D9D3,1,7,01 00 00 0F 03 D3 D9,OK
2026-09-29T10:23:56.045Z,626.072,RX,bus,-1,0011D9D3,1,5,01 00 00 D3 D9,OK
2026-09-29T10:23:56.050Z,631.018,RX,bus,-1,000132AE,1,7,01 00 00 0F 03 AE 32,OK
2026-09-29T10:23:56.050Z,631.069,RX,bus,-1,001132AE,1,5,01 00 00 AE 32,OK
2026-09-29T10:23:56.055Z,636.088,RX,bus,-1,00016C1F,1,7,01 00 00 0F 03 1F 6C,OK
2026-09-29T10:23:56.055Z,636.174,RX,bus,-1,00116C1F,1,5,01 00 00 1F 6C,OK
2026-09-29T10:23:56.059Z,640.913,RX,bus,-1,00011FF3,1,7,01 00 00 0F 03 F3 1F,OK
2026-09-29T10:23:56.059Z,641.126,RX,bus,-1,00111FF3,1,5,01 00 00 F3 1F,OK
2026-09-29T10:23:56.064Z,645.999,RX,bus,-1,000176FF,1,7,01 00 00 0F 03 FF 76,OK
2026-09-29T10:23:56.064Z,646.051,RX,bus,-1,001176FF,1,5,01 00 00 FF 76,OK
2026-09-29T10:23:56.069Z,651.031,RX,bus,-1,00013040,1,7,01 00 00 0F 03 40 30,OK
2026-09-29T10:23:56.069Z,651.082,RX,bus,-1,00113040,1,5,01 00 00 40 30,OK
2026-09-29T10:23:56.074Z,655.848,RX,bus,-1,0001FEB8,1,7,01 00 00 0F 03 B8 FE,OK
2026-09-29T10:23:56.074Z,656.129,RX,bus,-1,0011FEB8,1,5,01 00 00 B8 FE,OK
2026-09-29T10:23:56.079Z,661.044,RX,bus,-1,0001384B,1,7,01 00 00 0F 03 4B 38,OK
2026-09-29T10:23:56.079Z,661.099,RX,bus,-1,0011384B,1,5,01 00 00 4B 38,OK
2026-09-29T10:23:56.084Z,666.006,RX,bus,-1,0001CE33,1,7,01 00 00 0F 03 33 CE,OK
2026-09-29T10:23:56.084Z,666.128,RX,bus,-1,0011CE33,1,5,01 00 00 33 CE,OK
2026-09-29T10:23:56.089Z,671.062,RX,bus,-1,00018F5F,1,7,01 00 00 0F 03 5F 8F,OK
2026-09-29T10:23:56.089Z,671.116,RX,bus,-1,00118F5F,1,5,01 00 00 5F 8F,OK
2026-09-29T10:23:56.094Z,675.880,RX,bus,-1,0001AB7E,1,7,01 00 00 0F 03 7E AB,OK
2026-09-29T10:23:56.094Z,676.127,RX,bus,-1,0011AB7E,1,5,01 00 00 7E AB,OK
2026-09-29T10:23:56.099Z,681.017,RX,bus,-1,0001C0C2,1,7,01 00 00 0F 03 C2 C0,OK
2026-09-29T10:23:56.099Z,681.069,RX,bus,-1,0011C0C2,1,5,01 00 00 C2 C0,OK
2026-09-29T10:23:56.104Z,685.914,RX,bus,-1,00015F4C,1,7,01 00 00 0F 03 4C 5F,OK
2026-09-29T10:23:56.104Z,686.110,RX,bus,-1,00115F4C,1,5,01 00 00 4C 5F,OK
2026-09-29T10:23:56.110Z,691.016,RX,bus,-1,00019D08,1,7,01 00 00 0F 03 08 9D,OK
2026-09-29T10:23:56.110Z,691.102,RX,bus,-1,00119D08,1,5,01 00 00 08 9D,OK
2026-09-29T10:23:56.115Z,696.016,RX,bus,-1,0001A753,1,7,01 00 00 0F 03 53 A7,OK
2026-09-29T10:23:56.115Z,696.067,RX,bus,-1,0011A753,1,5,01 00 00 53 A7,OK
2026-09-29T10:23:56.120Z,701.017,RX,bus,-1,0001CFC2,1,7,01 00 00 0F 03 C2 CF,OK
2026-09-29T10:23:56.120Z,701.069,RX,bus,-1,0011CFC2,1,5,01 00 00 C2 CF,OK
2026-09-29T10:23:56.125Z,706.028,RX,bus,-1,00014CF1,1,7,01 00 00 0F 03 F1 4C,OK
2026-09-29T10:23:56.125Z,706.124,RX,bus,-1,00114CF1,1,5,01 00 00 F1 4C,OK
2026-09-29T10:23:56.130Z,711.018,RX,bus,-1,000146B2,1,7,01 00 00 0F 03 B2 46,OK
2026-09-29T10:23:56.130Z,711.123,RX,bus,-1,001146B2,1,5,01 00 00 B2 46,OK
2026-09-29T10:23:56.135Z,716.014,RX,bus,-1,00013D7B,1,7,01 00 00 0F 03 7B 3D,OK
2026-09-29T10:23:56.135Z,716.066,RX,bus,-1,00113D7B,1,5,01 00 00 7B 3D,OK
2026-09-29T10:23:56.140Z,721.015,RX,bus,-1,00018668,1,7,01 00 00 0F 03 68 86,OK
2026-09-29T10:23:56.140Z,721.095,RX,bus,-1,00118668,1,5,01 00 00 68 86,OK
2026-09-29T10:23:56.145Z,726.032,RX,bus,-1,0001132D,1,7,01 00 00 0F 03 2D 13,OK
2026-09-29T10:23:56.145Z,726.084,RX,bus,-1,0011132D,1,5,01 00 00 2D 13,OK
2026-09-29T10:23:56.150Z,731.017,RX,bus,-1,0001CCF2,1,7,01 00 00 0F 03 F2 CC,OK
2026-09-29T10:23:56.150Z,731.068,RX,bus,-1,0011CCF2,1,5,01 00 00 F2 CC,OK
2026-09-29T10:23:56.155Z,736.026,RX,bus,-1,0001E58C,1,7,01 00 00 0F 03 8C E5,OK
2026-09-29T10:23:56.155Z,736.077,RX,bus,-1,0011E58C,1,5,01 00 00 8C E5,OK
2026-09-29T10:23:56.159Z,740.866,RX,bus,-1,00018209,1,7,01 00 00 0F 03 09 82,OK
2026-09-29T10:23:56.159Z,741.113,RX,bus,-1,00118209,1,5,01 00 00 09 82,OK
2026-09-29T10:23:56.164Z,746.012,RX,bus,-1,0001E5C0,1,7,01 00 00 0F 03 C0 E5,OK
2026-09-29T10:23:56.164Z,746.064,RX,bus,-1,0011E5C0,1,5,01 00 00 C0 E5,OK
2026-09-29T10:23:56.169Z,750.873,RX,bus,-1,0001ACDD,1,7,01 00 00 0F 03 DD AC,OK
2026-09-29T10:23:56.169Z,751.082,RX,bus,-1,0011ACDD,1,5,01 00 00 DD AC,OK
2026-09-29T10:23:56.174Z,755.865,RX,bus,-1,00014F26,1,7,01 00 00 0F 03 26 4F,OK
2026-09-29T10:23:56.174Z,756.111,RX,bus,-1,00114F26,1,5,01 00 00 26 4F,OK
2026-09-29T10:23:56.180Z,761.023,RX,bus,-1,00010A72,1,7,01 00 00 0F 03 72 0A,OK
2026-09-29T10:23:56.180Z,761.077,RX,bus,-1,00110A72,1,5,01 00 00 72 0A,OK
2026-09-29T10:23:56.185Z,766.011,RX,bus,-1,00017234,1,7,01 00 00 0F 03 34 72,OK
2026-09-29T10:23:56.185Z,766.079,RX,bus,-1,00117234,1,5,01 00 00 34 72,OK
2026-09-29T10:23:56.190Z,771.037,RX,bus,-1,0001582C,1,7,01 00 00 0F 03 2C 58,OK
2026-09-29T10:23:56.190Z,771.089,RX,bus,-1,0011582C,1,5,01 00 00 2C 58,OK
2026-09-29T10:23:56.194Z,775.865,RX,bus,-1,00017762,1,7,01 00 00 0F 03 62 77,OK
2026-09-29T10:23:56.194Z,776.116,RX,bus,-1,00117762,1,5,01 00 00 62 77,OK
2026-09-29T10:23:56.199Z,780.916,RX,bus,-1,000170F2,1,7,01 00 00 0F 03 F2 70,OK
2026-09-29T10:23:56.199Z,781.115,RX,bus,-1,001170F2,1,5,01 00 00 F2 70,OK
2026-09-29T10:23:56.204Z,785.877,RX,bus,-1,00014DB1,1,7,01 00 00 0F 03 B1 4D,OK
2026-09-29T10:23:56.204Z,786.124,RX,bus,-1,00114DB1,1,5,01 00 00 B1 4D,OK
2026-09-29T10:23:56.210Z,791.044,RX,bus,-1,00011021,1,7,01 00 00 0F 03 21 10,OK
2026-09-29T10:23:56.210Z,791.111,RX,bus,-1,00111021,1,5,01 00 00 21 10,OK
2026-09-29T10:23:56.215Z,796.015,RX,bus,-1,0001B00B,1,7,01 00 00 0F 03 0B B0,OK
2026-09-29T10:23:56.215Z,796.066,RX,bus,-1,0011B00B,1,5,01 00 00 0B B0,OK
2026-09-29T10:23:56.219Z,800.867,RX,bus,-1,00016418,1,7,01 00 00 0F 03 18 64,OK
2026-09-29T10:23:56.220Z,801.115,RX,bus,-1,00116418,1,5,01 00 00 18 64,OK
2026-09-29T10:23:56.225Z,806.016,RX,bus,-1,00019690,1,7,01 00 00 0F 03 90 96,OK
2026-09-29T10:23:56.225Z,806.067,RX,bus,-1,00119690,1,5,01 00 00 90 96,OK
2026-09-29T10:23:56.229Z,810.922,RX,bus,-1,0001BB2B,1,7,01 00 00 0F 03 2B BB,OK
2026-09-29T10:23:56.230Z,810.974,RX,bus,-1,0011BB2B,1,5,01 00 00 2B BB,OK
2026-09-29T10:23:56.235Z,816.019,RX,bus,-1,0001C88E,1,7,01 00 00 0F 03 8E C8,OK
2026-09-29T10:23:56.235Z,816.071,RX,bus,-1,0011C88E,1,5,01 00 00 8E C8,OK
2026-09-29T10:23:56.240Z,821.039,RX,bus,-1,00012C3C,1,7,01 00 00 0F 03 3C 2C,OK
2026-09-29T10:23:56.240Z,821.093,RX,bus,-1,00112C3C,1,5,01 00 00 3C 2C,OK
2026-09-29T10:23:56.244Z,825.895,RX,bus,-1,000179B1,1,7,01 00 00 0F 03 B1 79,OK
2026-09-29T10:23:56.245Z,826.056,RX,bus,-1,001179B1,1,5,01 00 00 B1 79,OK
2026-09-29T10:23:56.249Z,830.917,RX,bus,-1,0001A14A,1,7,01 00 00 0F 03 4A A1,OK
2026-09-29T10:23:56.250Z,830.969,RX,bus,-1,0011A14A,1,5,01 00 00 4A A1,OK
2026-09-29T10:23:56.255Z,836.080,RX,bus,-1,0001F8B1,1,7,01 00 00 0F 03 B1 F8,OK
2026-09-29T10:23:56.255Z,836.164,RX,bus,-1,0011F8B1,1,5,01 00 00 B1 F8,OK
2026-09-29T10:23:56.259Z,840.944,RX,bus,-1,000110BE,1,7,01 00 00 0F 03 BE 10,OK
2026-09-29T10:23:56.259Z,840.995,RX,bus,-1,001110BE,1,5,01 00 00 BE 10,OK
2026-09-29T10:23:56.264Z,845.783,RX,bus,-1,0001C78B,1,7,01 00 00 0F 03 8B C7,OK
2026-09-29T10:23:56.264Z,846.037,RX,bus,-1,0011C78B,1,5,01 00 00 8B C7,OK
2026-09-29T10:23:56.269Z,850.804,RX,bus,-1,00015F33,1,7,01 00 00 0F 03 33 5F,OK
2026-09-29T10:23:56.269Z,851.014,RX,bus,-1,00115F33,1,5,01 00 00 33 5F,OK
2026-09-29T10:23:56.274Z,855.898,RX,bus,-1,00010505,1,7,01 00 00 0F 03 05 05,OK
2026-09-29T10:23:56.274Z,856.117,RX,bus,-1,00110505,1,5,01 00 00 05 05,OK
2026-09-29T10:23:56.280Z,861.348,RX,bus,-1,0001A610,1,7,01 00 00 0F 03 10 A6,OK
2026-09-29T10:23:56.280Z,861.444,RX,bus,-1,0011A610,1,5,01 00 00 10 A6,OK
2026-09-29T10:23:56.284Z,865.834,RX,bus,-1,00017D07,1,7,01 00 00 0F 03 07 7D,OK
2026-09-29T10:23:56.284Z,866.040,RX,bus,-1,00117D07,1,5,01 00 00 07 7D,OK
2026-09-29T10:23:56.289Z,870.846,RX,bus,-1,00018832,1,7,01 00 00 0F 03 32 88,OK
2026-09-29T10:23:56.289Z,871.033,RX,bus,-1,00118832,1,5,01 00 00 32 88,OK
2026-09-29T10:23:56.294Z,875.944,RX,bus,-1,0001551C,1,7,01 00 00 0F 03 1C 55,OK
2026-09-29T10:23:56.294Z,876.002,RX,bus,-1,0011551C,1,5,01 00 00 1C 55,OK
2026-09-29T10:23:56.299Z,880.897,RX,bus,-1,00010874,1,7,01 00 00 0F 03 74 08,OK
2026-09-29T10:23:56.299Z,880.977,RX,bus,-1,00110874,1,5,01 00 00 74 08,OK
2026-09-29T10:23:56.304Z,885.948,RX,bus,-1,00016C0D,1,7,01 00 00 0F 03 0D 6C,OK
2026-09-29T10:23:56.304Z,886.000,RX,bus,-1,00116C0D,1,5,01 00 00 0D 6C,OK
2026-09-29T10:23:56.309Z,890.782,RX,bus,-1,0001A6D2,1,7,01 00 00 0F 03 D2 A6,OK
2026-09-29T10:23:56.309Z,891.033,RX,bus,-1,0011A6D2,1,5,01 00 00 D2 A6,OK
2026-09-29T10:23:56.314Z,895.872,RX,bus,-1,0001F77A,1,7,01 00 00 0F 03 7A F7,OK
2026-09-29T10:23:56.314Z,896.113,RX,bus,-1,0011F77A,1,5,01 00 00 7A F7,OK
2026-09-29T10:23:56.319Z,900.772,RX,bus,-1,00014F85,1,7,01 00 00 0F 03 85 4F,OK
2026-09-29T10:23:56.319Z,901.020,RX,bus,-1,00114F85,1,5,01 00 00 85 4F,OK
2026-09-29T10:23:56.324Z,905.764,RX,bus,-1,0001AFDA,1,7,01 00 00 0F 03 DA AF,OK
2026-09-29T10:23:56.324Z,906.024,RX,bus,-1,0011AFDA,1,5,01 00 00 DA AF,OK
2026-09-29T10:23:56.329Z,910.777,RX,bus,-1,0001D83E,1,7,01 00 00 0F 03 3E D8,OK
2026-09-29T10:23:56.329Z,911.030,RX,bus,-1,0011D83E,1,5,01 00 00 3E D8,OK
2026-09-29T10:23:56.334Z,915.878,RX,bus,-1,0001B34B,1,7,01 00 00 0F 03 4B B3,OK
2026-09-29T10:23:56.334Z,915.973,RX,bus,-1,0011B34B,1,5,01 00 00 4B B3,OK
2026-09-29T10:23:56.339Z,920.895,RX,bus,-1,0001AE76,1,7,01 00 00 0F 03 76 AE,OK
2026-09-29T10:23:56.339Z,920.990,RX,bus,-1,0011AE76,1,5,01 00 00 76 AE,OK
2026-09-29T10:23:56.344Z,925.958,RX,bus,-1,00013917,1,7,01 00 00 0F 03 17 39,OK
2026-09-29T10:23:56.344Z,926.062,RX,bus,-1,00113917,1,5,01 00 00 17 39,OK
2026-09-29T10:23:56.349Z,930.938,RX,bus,-1,0001DE65,1,7,01 00 00 0F 03 65 DE,OK
2026-09-29T10:23:56.349Z,931.034,RX,bus,-1,0011DE65,1,5,01 00 00 65 DE,OK
2026-09-29T10:23:56.354Z,936.332,RX,bus,-1,00011FD9,1,7,01 00 00 0F 03 D9 1F,OK
2026-09-29T10:23:56.355Z,936.426,RX,bus,-1,00111FD9,1,5,01 00 00 D9 1F,OK
2026-09-29T10:23:56.359Z,941.007,RX,bus,-1,0001F91C,1,7,01 00 00 0F 03 1C F9,OK
2026-09-29T10:23:56.359Z,941.094,RX,bus,-1,0011F91C,1,5,01 00 00 1C F9,OK
2026-09-29T10:23:56.364Z,945.888,RX,bus,-1,000185AA,1,7,01 00 00 0F 03 AA 85,OK
2026-09-29T10:23:56.364Z,945.983,RX,bus,-1,001185AA,1,5,01 00 00 AA 85,OK
2026-09-29T10:23:56.369Z,950.831,RX,bus,-1,0001A0DF,1,7,01 00 00 0F 03 DF A0,OK
2026-09-29T10:23:56.369Z,951.044,RX,bus,-1,0011A0DF,1,5,01 00 00 DF A0,OK
2026-09-29T10:23:56.374Z,955.994,RX,bus,-1,0001A5BB,1,7,01 00 00 0F 03 BB A5,OK
2026-09-29T10:23:56.374Z,956.082,RX,bus,-1,0011A5BB,1,5,01 00 00 BB A5,OK
2026-09-29T10:23:56.380Z,961.119,RX,bus,-1,0001CDAC,1,7,01 00 00 0F 03 AC CD,OK
2026-09-29T10:23:56.380Z,961.211,RX,bus,-1,0011CDAC,1,5,01 00 00 AC CD,OK
2026-09-29T10:23:56.385Z,966.142,RX,bus,-1,0001FC49,1,7,01 00 00 0F 03 49 FC,OK
2026-09-29T10:23:56.385Z,966.234,RX,bus,-1,0011FC49,1,5,01 00 00 49 FC,OK
2026-09-29T10:23:56.389Z,970.840,RX,bus,-1,00014492,1,7,01 00 00 0F 03 92 44,OK
2026-09-29T10:23:56.389Z,971.027,RX,bus,-1,00114492,1,5,01 00 00 92 44,OK
2026-09-29T10:23:56.394Z,975.854,RX,bus,-1,0001A9CC,1,7,01 00 00 0F 03 CC A9,OK
2026-09-29T10:23:56.394Z,976.014,RX,bus,-1,0011A9CC,1,5,01 00 00 CC A9,OK
2026-09-29T10:23:56.399Z,980.811,RX,bus,-1,0001F744,1,7,01 00 00 0F 03 44 F7,OK
2026-09-29T10:23:56.399Z,981.020,RX,bus,-1,0011F744,1,5,01 00 00 44 F7,OK
2026-09-29T10:23:56.404Z,985.922,RX,bus,-1,0001AFD3,1,7,01 00 00 0F 03 D3 AF,OK
2026-09-29T10:23:56.404Z,985.974,RX,bus,-1,0011AFD3,1,5,01 00 00 D3 AF,OK
2026-09-29T10:23:56.410Z,990.922,RX,bus,-1,0001CE13,1,7,01 00 00 0F 03 13 CE,OK
2026-09-29T10:23:56.410Z,990.973,RX,bus,-1,0011CE13,1,5,01 00 00 13 CE,OK
2026-09-29T10:23:56.415Z,995.915,RX,bus,-1,00017DE2,1,7,01 00 00 0F 03 E2 7D,OK
2026-09-29T10:23:56.415Z,995.967,RX,bus,-1,00117DE2,1,5,01 00 00 E2 7D,OK
2026-09-29T10:23:56.419Z,1000.893,RX,bus,-1,0001B12B,1,7,01 00 00 0F 03 2B B1,OK
2026-09-29T10:23:56.420Z,1000.944,RX,bus,-1,0011B12B,1,5,01 00 00 2B B1,OK
2026-09-29T10:23:56.425Z,1005.932,RX,bus,-1,0001BA5D,1,7,01 00 00 0F 03 5D BA,OK
2026-09-29T10:23:56.425Z,1005.984,RX,bus,-1,0011BA5D,1,5,01 00 00 5D BA,OK
2026-09-29T10:23:56.430Z,1010.921,RX,bus,-1,00010ACC,1,7,01 00 00 0F 03 CC 0A,OK
2026-09-29T10:23:56.430Z,1010.973,RX,bus,-1,00110ACC,1,5,01 00 00 CC 0A,OK
2026-09-29T10:23:56.435Z,1015.926,RX,bus,-1,00017F3A,1,7,01 00 00 0F 03 3A 7F,OK
2026-09-29T10:23:56.435Z,1015.977,RX,bus,-1,00117F3A,1,5,01 00 00 3A 7F,OK
2026-09-29T10:23:56.440Z,1020.923,RX,bus,-1,000102D7,1,7,01 00 00 0F 03 D7 02,OK
2026-09-29T10:23:56.440Z,1020.974,RX,bus,-1,001102D7,1,5,01 00 00 D7 02,OK
2026-09-29T10:23:56.445Z,1025.933,RX,bus,-1,0001000D,1,7,01 00 00 0F 03 0D 00,OK
2026-09-29T10:23:56.445Z,1025.985,RX,bus,-1,0011000D,1,5,01 00 00 0D 00,OK
2026-09-29T10:23:56.450Z,1030.934,RX,bus,-1,00014CE2,1,7,01 00 00 0F 03 E2 4C,OK
2026-09-29T10:23:56.450Z,1030.985,RX,bus,-1,00114CE2,1,5,01 00 00 E2 4C,OK
2026-09-29T10:23:56.455Z,1035.922,RX,bus,-1,00012AB4,1,7,01 00 00 0F 03 B4 2A,OK
2026-09-29T10:23:56.455Z,1035.974,RX,bus,-1,00112AB4,1,5,01 00 00 B4 2A,OK
2026-09-29T10:23:56.459Z,1040.966,RX,bus,-1,000104B2,1,7,01 00 00 0F 03 B2 04,OK
2026-09-29T10:23:56.459Z,1041.030,RX,bus,-1,001104B2,1,5,01 00 00 B2 04,OK
2026-09-29T10:23:56.464Z,1045.957,RX,bus,-1,0001A5A9,1,7,01 00 00 0F 03 A9 A5,OK
2026-09-29T10:23:56.464Z,1046.021,RX,bus,-1,0011A5A9,1,5,01 00 00 A9 A5,OK
2026-09-29T10:23:56.469Z,1050.937,RX,bus,-1,00014DD3,1,7,01 00 00 0F 03 D3 4D,OK
2026-09-29T10:23:56.469Z,1050.990,RX,bus,-1,00114DD3,1,5,01 00 00 D3 4D,OK
2026-09-29T10:23:56.474Z,1055.971,RX,bus,-1,00012AC3,1,7,01 00 00 0F 03 C3 2A,OK
2026-09-29T10:23:56.474Z,1056.050,RX,bus,-1,00112AC3,1,5,01 00 00 C3 2A,OK
2026-09-29T10:23:56.479Z,1060.956,RX,bus,-1,0001419C,1,7,01 00 00 0F 03 9C 41,OK
2026-09-29T10:23:56.479Z,1061.019,RX,bus,-1,0011419C,1,5,01 00 00 9C 41,OK
2026-09-29T10:23:56.484Z,1065.956,RX,bus,-1,000196EE,1,7,01 00 00 0F 03 EE 96,OK
2026-09-29T10:23:56.484Z,1066.019,RX,bus,-1,001196EE,1,5,01 00 00 EE 96,OK
2026-09-29T10:23:56.489Z,1070.939,RX,bus,-1,0001F3E1,1,7,01 00 00 0F 03 E1 F3,OK
2026-09-29T10:23:56.489Z,1070.989,RX,bus,-1,0011F3E1,1,5,01 00 00 E1 F3,OK
2026-09-29T10:23:56.494Z,1075.929,RX,bus,-1,00015B22,1,7,01 00 00 0F 03 22 5B,OK
2026-09-29T10:23:56.494Z,1075.979,RX,bus,-1,00115B22,1,5,01 00 00 22 5B,OK
2026-09-29T10:23:56.499Z,1080.759,RX,bus,-1,0001ED2E,1,7,01 00 00 0F 03 2E ED,OK
2026-09-29T10:23:56.499Z,1081.003,RX,bus,-1,0011ED2E,1,5,01 00 00 2E ED,OK
2026-09-29T10:23:56.504Z,1085.783,RX,bus,-1,000120A1,1,7,01 00 00 0F 03 A1 20,OK
2026-09-29T10:23:56.504Z,1086.027,RX,bus,-1,001120A1,1,5,01 00 00 A1 20,OK
2026-09-29T10:23:56.509Z,1090.749,RX,bus,-1,00011E31,1,7,01 00 00 0F 03 31 1E,OK
2026-09-29T10:23:56.510Z,1091.035,RX,bus,-1,00111E31,1,5,01 00 00 31 1E,OK
2026-09-29T10:23:56.514Z,1095.949,RX,bus,-1,0001EE46,1,7,01 00 00 0F 03 46 EE,OK
2026-09-29T10:23:56.515Z,1095.999,RX,bus,-1,0011EE46,1,5,01 00 00 46 EE,OK
2026-09-29T10:23:56.519Z,1100.955,RX,bus,-1,000152C3,1,7,01 00 00 0F 03 C3 52,OK
2026-09-29T10:23:56.520Z,1101.005,RX,bus,-1,001152C3,1,5,01 00 00 C3 52,OK
2026-09-29T10:23:56.524Z,1105.898,RX,bus,-1,00019E66,1,7,01 00 00 0F 03 66 9E,OK
2026-09-29T10:23:56.524Z,1105.952,RX,bus,-1,00119E66,1,5,01 00 00 66 9E,OK
2026-09-29T10:23:56.530Z,1110.992,RX,bus,-1,000183B2,1,7,01 00 00 0F 03 B2 83,OK
2026-09-29T10:23:56.530Z,1111.043,RX,bus,-1,001183B2,1,5,01 00 00 B2 83,OK
2026-09-29T10:23:56.534Z,1115.939,RX,bus,-1,00016496,1,7,01 00 00 0F 03 96 64,OK
2026-09-29T10:23:56.535Z,1115.989,RX,bus,-1,00116496,1,5,01 00 00 96 64,OK
2026-09-29T10:23:56.540Z,1121.036,RX,bus,-1,0001FD37,1,7,01 00 00 0F 03 37 FD,OK
2026-09-29T10:23:56.540Z,1121.089,RX,bus,-1,0011FD37,1,5,01 00 00 37 FD,OK
2026-09-29T10:23:56.544Z,1125.918,RX,bus,-1,0001C852,1,7,01 00 00 0F 03 52 C8,OK
2026-09-29T10:23:56.544Z,1125.971,RX,bus,-1,0011C852,1,5,01 00 00 52 C8,OK
2026-09-29T10:23:56.549Z,1130.948,RX,bus,-1,000174BE,1,7,01 00 00 0F 03 BE 74,OK
2026-09-29T10:23:56.550Z,1130.998,RX,bus,-1,001174BE,1,5,01 00 00 BE 74,OK
2026-09-29T10:23:56.554Z,1135.871,RX,bus,-1,0001B95B,1,7,01 00 00 0F 03 5B B9,OK
2026-09-29T10:23:56.554Z,1135.950,RX,bus,-1,0011B95B,1,5,01 00 00 5B B9,OK
2026-09-29T10:23:56.559Z,1140.955,RX,bus,-1,00013B6C,1,7,01 00 00 0F 03 6C 3B,OK
2026-09-29T10:23:56.559Z,1141.039,RX,bus,-1,00113B6C,1,5,01 00 00 6C 3B,OK
2026-09-29T10:23:56.564Z,1145.932,RX,bus,-1,00018841,1,7,01 00 00 0F 03 41 88,OK
2026-09-29T10:23:56.564Z,1145.984,RX,bus,-1,00118841,1,5,01 00 00 41 88,OK
2026-09-29T10:23:56.569Z,1150.877,RX,bus,-1,0001B781,1,7,01 00 00 0F 03 81 B7,OK
2026-09-29T10:23:56.569Z,1150.947,RX,bus,-1,0011B781,1,5,01 00 00 81 B7,OK
2026-09-29T10:23:56.575Z,1155.897,RX,bus,-1,00015578,1,7,01 00 00 0F 03 78 55,OK
2026-09-29T10:23:56.575Z,1155.951,RX,bus,-1,00115578,1,5,01 00 00 78 55,OK
2026-09-29T10:23:56.580Z,1160.929,RX,bus,-1,00013990,1,7,01 00 00 0F 03 90 39,OK
2026-09-29T10:23:56.580Z,1160.981,RX,bus,-1,00113990,1,5,01 00 00 90 39,OK
2026-09-29T10:23:56.584Z,1165.062,TX,short_f0012,0,0012C82D,1,5,01 00 00 2D C8,OK
2026-09-29T10:23:56.584Z,1165.930,RX,bus,-1,00015EE8,1,7,01 00 00 0F 03 E8 5E,OK
2026-09-29T10:23:56.584Z,1165.982,RX,bus,-1,00115EE8,1,5,01 00 00 E8 5E,OK
2026-09-29T10:23:56.589Z,1170.797,RX,bus,-1,0001471D,1,7,01 00 00 0F 03 1D 47,OK
2026-09-29T10:23:56.589Z,1170.996,RX,bus,-1,0011471D,1,5,01 00 00 1D 47,OK
2026-09-29T10:23:56.594Z,1175.935,RX,bus,-1,00012FD9,1,7,01 00 00 0F 03 D9 2F,OK
2026-09-29T10:23:56.594Z,1176.003,RX,bus,-1,00112FD9,1,5,01 00 00 D9 2F,OK
2026-09-29T10:23:56.596Z,1177.880,RX,bus,-1,103C0401,1,4,00 00 00 01,OK
2026-09-29T10:23:56.596Z,1177.932,RX,bus,-1,103C0481,1,8,00 00 00 00 00 10 A5 13,OK
2026-09-29T10:23:56.599Z,1180.918,RX,bus,-1,00017B20,1,7,01 00 00 0F 03 20 7B,OK
2026-09-29T10:23:56.599Z,1181.000,RX,bus,-1,00117B20,1,5,01 00 00 20 7B,OK
2026-09-29T10:23:56.601Z,1182.912,RX,bus,-1,103C0401,1,4,00 00 00 01,OK
2026-09-29T10:23:56.601Z,1182.963,RX,bus,-1,103C0481,1,8,00 00 00 00 00 10 A5 13,OK
2026-09-29T10:23:56.604Z,1185.886,RX,bus,-1,0001F8A9,1,7,01 00 00 0F 03 A9 F8,OK
2026-09-29T10:23:56.604Z,1185.937,RX,bus,-1,0011F8A9,1,5,01 00 00 A9 F8,OK
2026-09-29T10:23:56.606Z,1187.904,RX,bus,-1,103C0401,1,4,00 00 00 01,OK
2026-09-29T10:23:56.606Z,1187.988,RX,bus,-1,103C0481,1,8,00 00 00 00 00 10 A5 13,OK
2026-09-29T10:23:56.609Z,1190.763,RX,bus,-1,00013589,1,7,01 00 00 0F 03 89 35,OK
2026-09-29T10:23:56.609Z,1190.996,RX,bus,-1,00113589,1,5,01 00 00 89 35,OK
2026-09-29T10:23:56.611Z,1192.709,RX,bus,-1,103C0401,1,4,00 00 00 01,OK
2026-09-29T10:23:56.611Z,1192.968,RX,bus,-1,103C0481,1,8,00 00 00 00 00 10 A5 13,OK
2026-09-29T10:23:56.614Z,1195.753,RX,bus,-1,0001DFAC,1,7,01 00 00 0F 03 AC DF,OK
2026-09-29T10:23:56.614Z,1196.007,RX,bus,-1,0011DFAC,1,5,01 00 00 AC DF,OK
2026-09-29T10:23:56.616Z,1197.730,RX,bus,-1,103C0401,1,4,00 00 00 01,OK
2026-09-29T10:23:56.616Z,1197.962,RX,bus,-1,103C0481,1,8,00 00 00 00 00 10 A5 13,OK
2026-09-29T10:23:56.619Z,1200.686,RX,bus,-1,000111AA,1,7,01 00 00 0F 03 AA 11,OK
2026-09-29T10:23:56.619Z,1200.997,RX,bus,-1,001111AA,1,5,01 00 00 AA 11,OK
2026-09-29T10:23:56.621Z,1202.717,RX,bus,-1,103C0401,1,4,00 00 00 01,OK
2026-09-29T10:23:56.621Z,1202.973,RX,bus,-1,103C0481,1,8,00 00 00 00 00 10 A5 13,OK
2026-09-29T10:23:56.624Z,1205.752,RX,bus,-1,0001D229,1,7,01 00 00 0F 03 29 D2,OK
2026-09-29T10:23:56.624Z,1205.982,RX,bus,-1,0011D229,1,5,01 00 00 29 D2,OK
2026-09-29T10:23:56.626Z,1207.725,RX,bus,-1,103C0401,1,4,00 00 00 01,OK
2026-09-29T10:23:56.626Z,1207.948,RX,bus,-1,103C0481,1,8,00 00 00 00 00 10 A5 13,OK
2026-09-29T10:23:56.629Z,1210.713,RX,bus,-1,00016C3C,1,7,01 00 00 0F 03 3C 6C,OK
2026-09-29T10:23:56.629Z,1210.987,RX,bus,-1,00116C3C,1,5,01 00 00 3C 6C,OK
2026-09-29T10:23:56.631Z,1212.701,RX,bus,-1,103C0401,1,4,00 00 00 01,OK
2026-09-29T10:23:56.631Z,1212.973,RX,bus,-1,103C0481,1,8,00 00 00 00 00 10 A4 13,OK
2026-09-29T10:23:56.634Z,1215.710,RX,bus,-1,00019C51,1,7,01 00 00 0F 03 51 9C,OK
2026-09-29T10:23:56.634Z,1216.000,RX,bus,-1,00119C51,1,5,01 00 00 51 9C,OK
2026-09-29T10:23:56.636Z,1217.716,RX,bus,-1,103C0401,1,4,00 00 00 01,OK
2026-09-29T10:23:56.636Z,1217.963,RX,bus,-1,103C0481,1,8,00 00 00 00 00 10 A5 13,OK
2026-09-29T10:23:56.639Z,1220.755,RX,bus,-1,0001F856,1,7,01 00 00 0F 03 56 F8,OK
2026-09-29T10:23:56.639Z,1221.002,RX,bus,-1,0011F856,1,5,01 00 00 56 F8,OK
2026-09-29T10:23:56.641Z,1222.709,RX,bus,-1,103C0401,1,4,00 00 00 01,OK
2026-09-29T10:23:56.641Z,1222.962,RX,bus,-1,103C0481,1,8,00 00 00 00 00 10 A5 13,OK
2026-09-29T10:23:56.644Z,1225.739,RX,bus,-1,0001B0A2,1,7,01 00 00 0F 03 A2 B0,OK
2026-09-29T10:23:56.644Z,1225.987,RX,bus,-1,0011B0A2,1,5,01 00 00 A2 B0,OK
2026-09-29T10:23:56.646Z,1227.722,RX,bus,-1,103C0401,1,4,00 00 00 01,OK
2026-09-29T10:23:56.646Z,1227.975,RX,bus,-1,103C0481,1,8,00 00 00 00 00 10 A5 13,OK
2026-09-29T10:23:56.649Z,1230.697,RX,bus,-1,0001938D,1,7,01 00 00 0F 03 8D 93,OK
2026-09-29T10:23:56.649Z,1230.997,RX,bus,-1,0011938D,1,5,01 00 00 8D 93,OK
2026-09-29T10:23:56.651Z,1232.711,RX,bus,-1,103C0401,1,4,00 00 00 01,OK
2026-09-29T10:23:56.651Z,1232.972,RX,bus,-1,103C0481,1,8,00 00 00 00 00 10 A5 13,OK
2026-09-29T10:23:56.654Z,1235.714,RX,bus,-1,00016B12,1,7,01 00 00 0F 03 12 6B,OK
2026-09-29T10:23:56.654Z,1235.998,RX,bus,-1,00116B12,1,5,01 00 00 12 6B,OK
2026-09-29T10:23:56.656Z,1237.690,RX,bus,-1,103C0401,1,4,00 00 00 01,OK
2026-09-29T10:23:56.656Z,1237.981,RX,bus,-1,103C0481,1,8,00 00 00 00 00 10 A5 13,OK
2026-09-29T10:23:56.659Z,1240.792,RX,bus,-1,00016822,1,7,01 00 00 0F 03 22 68,OK
2026-09-29T10:23:56.659Z,1240.991,RX,bus,-1,00116822,1,5,01 00 00 22 68,OK
2026-09-29T10:23:56.661Z,1242.723,RX,bus,-1,103C0401,1,4,00 00 00 01,OK
2026-09-29T10:23:56.661Z,1242.973,RX,bus,-1,103C0481,1,8,00 00 00 00 00 10 A5 13,OK
2026-09-29T10:23:56.664Z,1245.790,RX,bus,-1,000149F8,1,7,01 00 00 0F 03 F8 49,OK
2026-09-29T10:23:56.664Z,1246.005,RX,bus,-1,001149F8,1,5,01 00 00 F8 49,OK
2026-09-29T10:23:56.666Z,1247.723,RX,bus,-1,103C0401,1,4,00 00 00 01,OK
2026-09-29T10:23:56.666Z,1247.972,RX,bus,-1,103C0481,1,8,00 00 00 00 00 10 A5 13,OK
2026-09-29T10:23:56.669Z,1250.792,RX,bus,-1,0001B8D8,1,7,01 00 00 0F 03 D8 B8,OK
2026-09-29T10:23:56.669Z,1250.995,RX,bus,-1,0011B8D8,1,5,01 00 00 D8 B8,OK
2026-09-29T10:23:56.671Z,1252.722,RX,bus,-1,103C0401,1,4,00 00 00 01,OK
2026-09-29T10:23:56.671Z,1252.973,RX,bus,-1,103C0481,1,8,00 00 00 00 00 10 A5 13,OK
2026-09-29T10:23:56.674Z,1255.825,RX,bus,-1,00010691,1,7,01 00 00 0F 03 91 06,OK
2026-09-29T10:23:56.674Z,1255.988,RX,bus,-1,00110691,1,5,01 00 00 91 06,OK
2026-09-29T10:23:56.676Z,1257.874,RX,bus,-1,103C0401,1,4,00 00 00 01,OK
2026-09-29T10:23:56.676Z,1257.925,RX,bus,-1,103C0481,1,8,00 00 00 00 00 10 A5 13,OK
2026-09-29T10:23:56.679Z,1260.760,RX,bus,-1,000114EF,1,7,01 00 00 0F 03 EF 14,OK
2026-09-29T10:23:56.679Z,1261.008,RX,bus,-1,001114EF,1,5,01 00 00 EF 14,OK
2026-09-29T10:23:56.684Z,1265.793,RX,bus,-1,0001B88D,1,7,01 00 00 0F 03 8D B8,OK
2026-09-29T10:23:56.684Z,1265.975,RX,bus,-1,0011B88D,1,5,01 00 00 8D B8,OK
2026-09-29T10:23:56.689Z,1270.728,RX,bus,-1,00015760,1,7,01 00 00 0F 03 60 57,OK
2026-09-29T10:23:56.689Z,1270.972,RX,bus,-1,00115760,1,5,01 00 00 60 57,OK
2026-09-29T10:23:56.694Z,1275.911,RX,bus,-1,00011004,1,7,01 00 00 0F 03 04 10,OK
2026-09-29T10:23:56.694Z,1275.962,RX,bus,-1,00111004,1,5,01 00 00 04 10,OK
2026-09-29T10:23:56.699Z,1280.908,RX,bus,-1,0001933F,1,7,01 00 00 0F 03 3F 93,OK
2026-09-29T10:23:56.699Z,1280.996,RX,bus,-1,0011933F,1,5,01 00 00 3F 93,OK
2026-09-29T10:23:56.704Z,1285.872,RX,bus,-1,00011ED3,1,7,01 00 00 0F 03 D3 1E,OK
2026-09-29T10:23:56.704Z,1285.926,RX,bus,-1,00111ED3,1,5,01 00 00 D3 1E,OK
2026-09-29T10:23:56.709Z,1290.781,RX,bus,-1,0001EFF7,1,7,01 00 00 0F 03 F7 EF,OK
2026-09-29T10:23:56.709Z,1290.985,RX,bus,-1,0011EFF7,1,5,01 00 00 F7 EF,OK
2026-09-29T10:23:56.714Z,1295.740,RX,bus,-1,00011A22,1,7,01 00 00 0F 03 22 1A,OK
2026-09-29T10:23:56.714Z,1295.978,RX,bus,-1,00111A22,1,5,01 00 00 22 1A,OK
2026-09-29T10:23:56.719Z,1300.655,RX,bus,-1,000196BA,1,7,01 00 00 0F 03 BA 96,OK
2026-09-29T10:23:56.719Z,1300.979,RX,bus,-1,001196BA,1,5,01 00 00 BA 96,OK
2026-09-29T10:23:56.724Z,1305.778,RX,bus,-1,000132A5,1,7,01 00 00 0F 03 A5 32,OK
2026-09-29T10:23:56.724Z,1305.969,RX,bus,-1,001132A5,1,5,01 00 00 A5 32,OK
2026-09-29T10:23:56.729Z,1310.780,RX,bus,-1,0001FB5E,1,7,01 00 00 0F 03 5E FB,OK
2026-09-29T10:23:56.729Z,1310.978,RX,bus,-1,0011FB5E,1,5,01 00 00 5E FB,OK
2026-09-29T10:23:56.734Z,1315.731,RX,bus,-1,0001A1DC,1,7,01 00 00 0F 03 DC A1,OK
2026-09-29T10:23:56.734Z,1315.978,RX,bus,-1,0011A1DC,1,5,01 00 00 DC A1,OK
2026-09-29T10:23:56.739Z,1320.772,RX,bus,-1,00014D75,1,7,01 00 00 0F 03 75 4D,OK
2026-09-29T10:23:56.739Z,1320.938,RX,bus,-1,00114D75,1,5,01 00 00 75 4D,OK
2026-09-29T10:23:56.744Z,1325.748,RX,bus,-1,0001D056,1,7,01 00 00 0F 03 56 D0,OK
2026-09-29T10:23:56.744Z,1325.982,RX,bus,-1,0011D056,1,5,01 00 00 56 D0,OK
2026-09-29T10:23:56.749Z,1330.771,RX,bus,-1,0001B36C,1,7,01 00 00 0F 03 6C B3,OK
2026-09-29T10:23:56.749Z,1330.972,RX,bus,-1,0011B36C,1,5,01 00 00 6C B3,OK
2026-09-29T10:23:56.754Z,1335.739,RX,bus,-1,000138CB,1,7,01 00 00 0F 03 CB 38,OK
2026-09-29T10:23:56.754Z,1335.980,RX,bus,-1,001138CB,1,5,01 00 00 CB 38,OK
2026-09-29T10:23:56.759Z,1340.685,RX,bus,-1,0001B7F2,1,7,01 00 00 0F 03 F2 B7,OK
2026-09-29T10:23:56.759Z,1340.968,RX,bus,-1,0011B7F2,1,5,01 00 00 F2 B7,OK
2026-09-29T10:23:56.764Z,1345.943,RX,bus,-1,00018185,1,7,01 00 00 0F 03 85 81,OK
2026-09-29T10:23:56.764Z,1345.995,RX,bus,-1,00118185,1,5,01 00 00 85 81,OK
2026-09-29T10:23:56.769Z,1350.721,RX,bus,-1,0001DEF0,1,7,01 00 00 0F 03 F0 DE,OK
2026-09-29T10:23:56.769Z,1350.965,RX,bus,-1,0011DEF0,1,5,01 00 00 F0 DE,OK
2026-09-29T10:23:56.774Z,1355.718,RX,bus,-1,00018D6B,1,7,01 00 00 0F 03 6B 8D,OK
2026-09-29T10:23:56.774Z,1355.963,RX,bus,-1,00118D6B,1,5,01 00 00 6B 8D,OK
2026-09-29T10:23:56.779Z,1360.727,RX,bus,-1,0001D1E5,1,7,01 00 00 0F 03 E5 D1,OK
2026-09-29T10:23:56.779Z,1360.972,RX,bus,-1,0011D1E5,1,5,01 00 00 E5 D1,OK
2026-09-29T10:23:56.784Z,1365.730,RX,bus,-1,000117B5,1,7,01 00 00 0F 03 B5 17,OK
2026-09-29T10:23:56.784Z,1365.959,RX,bus,-1,001117B5,1,5,01 00 00 B5 17,OK
2026-09-29T10:23:56.789Z,1370.733,RX,bus,-1,0001A456,1,7,01 00 00 0F 03 56 A4,OK
2026-09-29T10:23:56.789Z,1370.980,RX,bus,-1,0011A456,1,5,01 00 00 56 A4,OK
2026-09-29T10:23:56.795Z,1375.919,RX,bus,-1,0001710C,1,7,01 00 00 0F 03 0C 71,OK
2026-09-29T10:23:56.795Z,1376.001,RX,bus,-1,0011710C,1,5,01 00 00 0C 71,OK
2026-09-29T10:23:56.800Z,1380.919,RX,bus,-1,00011FBB,1,7,01 00 00 0F 03 BB 1F,OK
2026-09-29T10:23:56.800Z,1380.991,RX,bus,-1,00111FBB,1,5,01 00 00 BB 1F,OK
2026-09-29T10:23:56.805Z,1385.876,RX,bus,-1,00012EA0,1,7,01 00 00 0F 03 A0 2E,OK
2026-09-29T10:23:56.805Z,1385.927,RX,bus,-1,00112EA0,1,5,01 00 00 A0 2E,OK
2026-09-29T10:23:56.809Z,1390.793,RX,bus,-1,00015F0B,1,7,01 00 00 0F 03 0B 5F,OK
2026-09-29T10:23:56.809Z,1390.936,RX,bus,-1,00115F0B,1,5,01 00 00 0B 5F,OK
2026-09-29T10:23:56.814Z,1395.764,RX,bus,-1,0001FF83,1,7,01 00 00 0F 03 83 FF,OK
2026-09-29T10:23:56.814Z,1395.982,RX,bus,-1,0011FF83,1,5,01 00 00 83 FF,OK
2026-09-29T10:23:56.819Z,1400.794,RX,bus,-1,0001C0DA,1,7,01 00 00 0F 03 DA C0,OK
2026-09-29T10:23:56.819Z,1400.962,RX,bus,-1,0011C0DA,1,5,01 00 00 DA C0,OK
2026-09-29T10:23:56.824Z,1405.740,RX,bus,-1,0001D246,1,7,01 00 00 0F 03 46 D2,OK
2026-09-29T10:23:56.824Z,1405.982,RX,bus,-1,0011D246,1,5,01 00 00 46 D2,OK
2026-09-29T10:23:56.829Z,1410.700,RX,bus,-1,00015BA1,1,7,01 00 00 0F 03 A1 5B,OK
2026-09-29T10:23:56.829Z,1410.976,RX,bus,-1,00115BA1,1,5,01 00 00 A1 5B,OK
2026-09-29T10:23:56.834Z,1415.762,RX,bus,-1,000188A3,1,7,01 00 00 0F 03 A3 88,OK
2026-09-29T10:23:56.834Z,1415.943,RX,bus,-1,001188A3,1,5,01 00 00 A3 88,OK
2026-09-29T10:23:56.839Z,1420.772,RX,bus,-1,0001EAA8,1,7,01 00 00 0F 03 A8 EA,OK
2026-09-29T10:23:56.839Z,1420.972,RX,bus,-1,0011EAA8,1,5,01 00 00 A8 EA,OK
2026-09-29T10:23:56.844Z,1425.771,RX,bus,-1,0001F4C7,1,7,01 00 00 0F 03 C7 F4,OK
2026-09-29T10:23:56.844Z,1425.936,RX,bus,-1,0011F4C7,1,5,01 00 00 C7 F4,OK
2026-09-29T10:23:56.849Z,1430.769,RX,bus,-1,0001BAB2,1,7,01 00 00 0F 03 B2 BA,OK
2026-09-29T10:23:56.849Z,1430.965,RX,bus,-1,0011BAB2,1,5,01 00 00 B2 BA,OK
2026-09-29T10:23:56.854Z,1435.753,RX,bus,-1,0001CF6E,1,7,01 00 00 0F 03 6E CF,OK
2026-09-29T10:23:56.854Z,1435.982,RX,bus,-1,0011CF6E,1,5,01 00 00 6E CF,OK
2026-09-29T10:23:56.859Z,1440.733,RX,bus,-1,0001284D,1,7,01 00 00 0F 03 4D 28,OK
2026-09-29T10:23:56.859Z,1440.988,RX,bus,-1,0011284D,1,5,01 00 00 4D 28,OK
2026-09-29T10:23:56.864Z,1445.730,RX,bus,-1,00011BF4,1,7,01 00 00 0F 03 F4 1B,OK
2026-09-29T10:23:56.864Z,1445.956,RX,bus,-1,00111BF4,1,5,01 00 00 F4 1B,OK
2026-09-29T10:23:56.869Z,1450.728,RX,bus,-1,00014A84,1,7,01 00 00 0F 03 84 4A,OK
2026-09-29T10:23:56.869Z,1450.972,RX,bus,-1,00114A84,1,5,01 00 00 84 4A,OK
2026-09-29T10:23:56.874Z,1455.735,RX,bus,-1,0001EB0A,1,7,01 00 00 0F 03 0A EB,OK
2026-09-29T10:23:56.874Z,1455.973,RX,bus,-1,0011EB0A,1,5,01 00 00 0A EB,OK
2026-09-29T10:23:56.879Z,1460.719,RX,bus,-1,0001AB38,1,7,01 00 00 0F 03 38 AB,OK
2026-09-29T10:23:56.879Z,1460.967,RX,bus,-1,0011AB38,1,5,01 00 00 38 AB,OK
2026-09-29T10:23:56.884Z,1465.706,RX,bus,-1,0001C6A6,1,7,01 00 00 0F 03 A6 C6,OK
2026-09-29T10:23:56.884Z,1465.959,RX,bus,-1,0011C6A6,1,5,01 00 00 A6 C6,OK
2026-09-29T10:23:56.889Z,1470.731,RX,bus,-1,00013370,1,7,01 00 00 0F 03 70 33,OK
2026-09-29T10:23:56.889Z,1470.984,RX,bus,-1,00113370,1,5,01 00 00 70 33,OK
2026-09-29T10:23:56.894Z,1475.730,RX,bus,-1,00018175,1,7,01 00 00 0F 03 75 81,OK
2026-09-29T10:23:56.894Z,1475.980,RX,bus,-1,00118175,1,5,01 00 00 75 81,OK
2026-09-29T10:23:56.899Z,1480.764,RX,bus,-1,00018C62,1,7,01 00 00 0F 03 62 8C,OK
2026-09-29T10:23:56.899Z,1480.944,RX,bus,-1,00118C62,1,5,01 00 00 62 8C,OK
2026-09-29T10:23:56.904Z,1485.762,RX,bus,-1,000131CD,1,7,01 00 00 0F 03 CD 31,OK
2026-09-29T10:23:56.904Z,1485.971,RX,bus,-1,001131CD,1,5,01 00 00 CD 31,OK
2026-09-29T10:23:56.909Z,1490.738,RX,bus,-1,0001E701,1,7,01 00 00 0F 03 01 E7,OK
2026-09-29T10:23:56.909Z,1490.984,RX,bus,-1,0011E701,1,5,01 00 00 01 E7,OK
2026-09-29T10:23:56.914Z,1495.931,RX,bus,-1,0001BBF7,1,7,01 00 00 0F 03 F7 BB,OK
2026-09-29T10:23:56.914Z,1495.982,RX,bus,-1,0011BBF7,1,5,01 00 00 F7 BB,OK
2026-09-29T10:23:56.919Z,1500.708,RX,bus,-1,00014E55,1,7,01 00 00 0F 03 55 4E,OK
2026-09-29T10:23:56.919Z,1500.946,RX,bus,-1,00114E55,1,5,01 00 00 55 4E,OK
2026-09-29T10:23:56.924Z,1505.658,RX,bus,-1,0001BD47,1,7,01 00 00 0F 03 47 BD,OK
2026-09-29T10:23:56.924Z,1505.918,RX,bus,-1,0011BD47,1,5,01 00 00 47 BD,OK
2026-09-29T10:23:56.929Z,1510.707,RX,bus,-1,0001E5DE,1,7,01 00 00 0F 03 DE E5,OK
2026-09-29T10:23:56.929Z,1510.949,RX,bus,-1,0011E5DE,1,5,01 00 00 DE E5,OK
2026-09-29T10:23:56.934Z,1515.708,RX,bus,-1,0001595A,1,7,01 00 00 0F 03 5A 59,OK
2026-09-29T10:23:56.934Z,1515.948,RX,bus,-1,0011595A,1,5,01 00 00 5A 59,OK
2026-09-29T10:23:56.939Z,1520.663,RX,bus,-1,0001E7EA,1,7,01 00 00 0F 03 EA E7,OK
2026-09-29T10:23:56.939Z,1520.950,RX,bus,-1,0011E7EA,1,5,01 00 00 EA E7,OK
2026-09-29T10:23:56.944Z,1525.929,RX,bus,-1,00018C75,1,7,01 00 00 0F 03 75 8C,OK
2026-09-29T10:23:56.944Z,1525.980,RX,bus,-1,00118C75,1,5,01 00 00 75 8C,OK
2026-09-29T10:23:56.949Z,1530.711,RX,bus,-1,00019069,1,7,01 00 00 0F 03 69 90,OK
2026-09-29T10:23:56.949Z,1530.950,RX,bus,-1,00119069,1,5,01 00 00 69 90,OK
2026-09-29T10:23:56.954Z,1535.703,RX,bus,-1,0001C9DB,1,7,01 00 00 0F 03 DB C9,OK
2026-09-29T10:23:56.954Z,1535.946,RX,bus,-1,0011C9DB,1,5,01 00 00 DB C9,OK
2026-09-29T10:23:56.959Z,1540.679,RX,bus,-1,00014BD3,1,7,01 00 00 0F 03 D3 4B,OK
2026-09-29T10:23:56.959Z,1540.936,RX,bus,-1,00114BD3,1,5,01 00 00 D3 4B,OK
2026-09-29T10:23:56.964Z,1545.777,RX,bus,-1,0001228E,1,7,01 00 00 0F 03 8E 22,OK
2026-09-29T10:23:56.964Z,1545.943,RX,bus,-1,0011228E,1,5,01 00 00 8E 22,OK
2026-09-29T10:23:56.969Z,1550.709,RX,bus,-1,0001EE23,1,7,01 00 00 0F 03 23 EE,OK
2026-09-29T10:23:56.969Z,1550.924,RX,bus,-1,0011EE23,1,5,01 00 00 23 EE,OK
2026-09-29T10:23:56.974Z,1555.698,RX,bus,-1,000134DE,1,7,01 00 00 0F 03 DE 34,OK
2026-09-29T10:23:56.974Z,1555.900,RX,bus,-1,001134DE,1,5,01 00 00 DE 34,OK
2026-09-29T10:23:56.979Z,1560.699,RX,bus,-1,000190DF,1,7,01 00 00 0F 03 DF 90,OK
2026-09-29T10:23:56.979Z,1560.921,RX,bus,-1,001190DF,1,5,01 00 00 DF 90,OK
2026-09-29T10:23:56.984Z,1565.694,RX,bus,-1,0001D6B1,1,7,01 00 00 0F 03 B1 D6,OK
2026-09-29T10:23:56.984Z,1565.904,RX,bus,-1,0011D6B1,1,5,01 00 00 B1 D6,OK
2026-09-29T10:23:56.989Z,1570.705,RX,bus,-1,000193D5,1,7,01 00 00 0F 03 D5 93,OK
2026-09-29T10:23:56.989Z,1570.905,RX,bus,-1,001193D5,1,5,01 00 00 D5 93,OK
2026-09-29T10:23:56.994Z,1575.748,RX,bus,-1,00019063,1,7,01 00 00 0F 03 63 90,OK
2026-09-29T10:23:56.994Z,1575.857,RX,bus,-1,00119063,1,5,01 00 00 63 90,OK
2026-09-29T10:23:56.999Z,1580.701,RX,bus,-1,000172F7,1,7,01 00 00 0F 03 F7 72,OK
2026-09-29T10:23:56.999Z,1580.969,RX,bus,-1,001172F7,1,5,01 00 00 F7 72,OK
2026-09-29T10:23:57.004Z,1585.715,RX,bus,-1,000177BB,1,7,01 00 00 0F 03 BB 77,OK
2026-09-29T10:23:57.004Z,1585.896,RX,bus,-1,001177BB,1,5,01 00 00 BB 77,OK
2026-09-29T10:23:57.009Z,1590.658,RX,bus,-1,0001506F,1,7,01 00 00 0F 03 6F 50,OK
2026-09-29T10:23:57.009Z,1590.895,RX,bus,-1,0011506F,1,5,01 00 00 6F 50,OK
2026-09-29T10:23:57.014Z,1595.709,RX,bus,-1,0001B23C,1,7,01 00 00 0F 03 3C B2,OK
2026-09-29T10:23:57.014Z,1595.958,RX,bus,-1,0011B23C,1,5,01 00 00 3C B2,OK
2026-09-29T10:23:57.019Z,1600.772,RX,bus,-1,000160EA,1,7,01 00 00 0F 03 EA 60,OK
2026-09-29T10:23:57.019Z,1600.974,RX,bus,-1,001160EA,1,5,01 00 00 EA 60,OK
2026-09-29T10:23:57.024Z,1605.762,RX,bus,-1,0001DBDD,1,7,01 00 00 0F 03 DD DB,OK
2026-09-29T10:23:57.024Z,1605.950,RX,bus,-1,0011DBDD,1,5,01 00 00 DD DB,OK
2026-09-29T10:23:57.029Z,1610.756,RX,bus,-1,00012CAE,1,7,01 00 00 0F 03 AE 2C,OK
2026-09-29T10:23:57.029Z,1610.966,RX,bus,-1,00112CAE,1,5,01 00 00 AE 2C,OK
2026-09-29T10:23:57.034Z,1615.959,RX,bus,-1,00014EFA,1,7,01 00 00 0F 03 FA 4E,OK
2026-09-29T10:23:57.034Z,1616.014,RX,bus,-1,00114EFA,1,5,01 00 00 FA 4E,OK
2026-09-29T10:23:57.039Z,1620.707,RX,bus,-1,000112ED,1,7,01 00 00 0F 03 ED 12,OK
2026-09-29T10:23:57.039Z,1620.949,RX,bus,-1,001112ED,1,5,01 00 00 ED 12,OK
2026-09-29T10:23:57.044Z,1625.705,RX,bus,-1,000167EC,1,7,01 00 00 0F 03 EC 67,OK
2026-09-29T10:23:57.044Z,1625.936,RX,bus,-1,001167EC,1,5,01 00 00 EC 67,OK
2026-09-29T10:23:57.049Z,1630.670,RX,bus,-1,0001057F,1,7,01 00 00 0F 03 7F 05,OK
2026-09-29T10:23:57.049Z,1630.940,RX,bus,-1,0011057F,1,5,01 00 00 7F 05,OK
2026-09-29T10:23:57.054Z,1635.717,RX,bus,-1,00011AAB,1,7,01 00 00 0F 03 AB 1A,OK
2026-09-29T10:23:57.054Z,1635.941,RX,bus,-1,00111AAB,1,5,01 00 00 AB 1A,OK
2026-09-29T10:23:57.059Z,1640.715,RX,bus,-1,00019DE0,1,7,01 00 00 0F 03 E0 9D,OK
2026-09-29T10:23:57.060Z,1640.972,RX,bus,-1,00119DE0,1,5,01 00 00 E0 9D,OK
2026-09-29T10:23:57.065Z,1646.088,RX,bus,-1,0001A276,1,7,01 00 00 0F 03 76 A2,OK
2026-09-29T10:23:57.065Z,1646.181,RX,bus,-1,0011A276,1,5,01 00 00 76 A2,OK
2026-09-29T10:23:57.069Z,1650.816,RX,bus,-1,00018D26,1,7,01 00 00 0F 03 26 8D,OK
2026-09-29T10:23:57.069Z,1650.912,RX,bus,-1,00118D26,1,5,01 00 00 26 8D,OK
2026-09-29T10:23:57.074Z,1655.778,RX,bus,-1,0001D745,1,7,01 00 00 0F 03 45 D7,OK
2026-09-29T10:23:57.074Z,1655.907,RX,bus,-1,0011D745,1,5,01 00 00 45 D7,OK
2026-09-29T10:23:57.079Z,1660.765,RX,bus,-1,0001E751,1,7,01 00 00 0F 03 51 E7,OK
2026-09-29T10:23:57.079Z,1660.958,RX,bus,-1,0011E751,1,5,01 00 00 51 E7,OK
2026-09-29T10:23:57.083Z,1664.826,TX,short_f0012,0,0012C82E,1,5,01 00 00 2E C8,OK
2026-09-29T10:23:57.085Z,1666.199,RX,bus,-1,0001CA98,1,7,01 00 00 0F 03 98 CA,OK
2026-09-29T10:23:57.085Z,1666.292,RX,bus,-1,0011CA98,1,5,01 00 00 98 CA,OK
2026-09-29T10:23:57.090Z,1671.191,RX,bus,-1,0001F31D,1,7,01 00 00 0F 04 1D F3,OK
2026-09-29T10:23:57.090Z,1671.286,RX,bus,-1,0011F31D,1,5,01 00 00 1D F3,OK
2026-09-29T10:23:57.095Z,1676.072,RX,bus,-1,000160E0,1,7,01 00 00 0F 03 E0 60,OK
2026-09-29T10:23:57.095Z,1676.167,RX,bus,-1,001160E0,1,5,01 00 00 E0 60,OK
2026-09-29T10:23:57.096Z,1677.722,RX,bus,-1,103C0401,1,4,00 00 00 01,OK
2026-09-29T10:23:57.096Z,1677.835,RX,bus,-1,103C0481,1,8,00 00 00 00 00 10 A5 13,OK
2026-09-29T10:23:57.100Z,1681.239,RX,bus,-1,0001EE40,1,7,01 00 00 0F 04 40 EE,OK
2026-09-29T10:23:57.100Z,1681.335,RX,bus,-1,0011EE40,1,5,01 00 00 40 EE,OK
2026-09-29T10:23:57.101Z,1682.809,RX,bus,-1,103C0401,1,4,00 00 00 01,OK
2026-09-29T10:23:57.101Z,1682.907,RX,bus,-1,103C0481,1,8,00 00 00 00 00 10 A5 13,OK
2026-09-29T10:23:57.105Z,1686.145,RX,bus,-1,00015E91,1,7,01 00 00 0F 03 91 5E,OK
2026-09-29T10:23:57.105Z,1686.239,RX,bus,-1,00115E91,1,5,01 00 00 91 5E,OK
2026-09-29T10:23:57.106Z,1687.729,RX,bus,-1,103C0401,1,4,00 00 00 01,OK
2026-09-29T10:23:57.106Z,1687.932,RX,bus,-1,103C0481,1,8,00 00 00 00 00 10 A5 13,OK
2026-09-29T10:23:57.109Z,1690.940,RX,bus,-1,0001D2BC,1,7,01 00 00 0F 03 BC D2,OK
2026-09-29T10:23:57.109Z,1691.029,RX,bus,-1,0011D2BC,1,5,01 00 00 BC D2,OK
2026-09-29T10:23:57.111Z,1692.817,RX,bus,-1,103C0401,1,4,00 00 00 01,OK
2026-09-29T10:23:57.111Z,1692.873,RX,bus,-1,103C0481,1,8,00 00 00 00 00 10 A5 13,OK
2026-09-29T10:23:57.114Z,1695.842,RX,bus,-1,0001BFA6,1,7,01 00 00 0F 03 A6 BF,OK
2026-09-29T10:23:57.114Z,1695.895,RX,bus,-1,0011BFA6,1,5,01 00 00 A6 BF,OK
2026-09-29T10:23:57.116Z,1697.800,RX,bus,-1,103C0401,1,4,00 00 00 01,OK
2026-09-29T10:23:57.116Z,1697.853,RX,bus,-1,103C0481,1,8,00 00 00 00 00 10 A5 13,OK
2026-09-29T10:23:57.119Z,1700.815,RX,bus,-1,000118A7,1,7,01 00 00 0F 03 A7 18,OK
2026-09-29T10:23:57.119Z,1700.870,RX,bus,-1,001118A7,1,5,01 00 00 A7 18,OK
2026-09-29T10:23:57.121Z,1702.791,RX,bus,-1,103C0401,1,4,00 00 00 01,OK
2026-09-29T10:23:57.121Z,1702.865,RX,bus,-1,103C0481,1,8,00 00 00 00 00 10 A5 13,OK
2026-09-29T10:23:57.124Z,1705.840,RX,bus,-1,0001B215,1,7,01 00 00 0F 03 15 B2,OK
2026-09-29T10:23:57.124Z,1705.896,RX,bus,-1,0011B215,1,5,01 00 00 15 B2,OK
2026-09-29T10:23:57.126Z,1707.796,RX,bus,-1,103C0401,1,4,00 00 00 01,OK
2026-09-29T10:23:57.126Z,1707.860,RX,bus,-1,103C0481,1,8,00 00 00 00 00 10 A5 13,OK
2026-09-29T10:23:57.129Z,1710.711,RX,bus,-1,0001EC9D,1,7,01 00 00 0F 03 9D EC,OK
2026-09-29T10:23:57.129Z,1710.941,RX,bus,-1,0011EC9D,1,5,01 00 00 9D EC,OK
2026-09-29T10:23:57.131Z,1712.815,RX,bus,-1,103C0401,1,4,00 00 00 01,OK
2026-09-29T10:23:57.131Z,1712.871,RX,bus,-1,103C0481,1,8,00 00 00 00 00 10 A5 13,OK
2026-09-29T10:23:57.134Z,1715.848,RX,bus,-1,0001338A,1,7,01 00 00 0F 03 8A 33,OK
2026-09-29T10:23:57.134Z,1715.919,RX,bus,-1,0011338A,1,5,01 00 00 8A 33,OK
2026-09-29T10:23:57.136Z,1717.813,RX,bus,-1,103C0401,1,4,00 00 00 01,OK
2026-09-29T10:23:57.136Z,1717.868,RX,bus,-1,103C0481,1,8,00 00 00 00 00 10 A5 13,OK
2026-09-29T10:23:57.139Z,1720.846,RX,bus,-1,000181B7,1,7,01 00 00 0F 03 B7 81,OK
2026-09-29T10:23:57.139Z,1720.907,RX,bus,-1,001181B7,1,5,01 00 00 B7 81,OK
2026-09-29T10:23:57.141Z,1722.856,RX,bus,-1,103C0401,1,4,00 00 00 01,OK
2026-09-29T10:23:57.141Z,1722.908,RX,bus,-1,103C0481,1,8,00 00 00 00 00 10 A4 13,OK
2026-09-29T10:23:57.144Z,1725.877,RX,bus,-1,00017862,1,7,01 00 00 0F 03 62 78,OK
2026-09-29T10:23:57.144Z,1725.930,RX,bus,-1,00117862,1,5,01 00 00 62 78,OK
2026-09-29T10:23:57.146Z,1727.862,RX,bus,-1,103C0401,1,4,00 00 00 01,OK
2026-09-29T10:23:57.146Z,1727.916,RX,bus,-1,103C0481,1,8,00 00 00 00 00 10 A4 13,OK
2026-09-29T10:23:57.149Z,1730.818,RX,bus,-1,00010ABC,1,7,01 00 00 0F 03 BC 0A,OK
2026-09-29T10:23:57.149Z,1730.890,RX,bus,-1,00110ABC,1,5,01 00 00 BC 0A,OK
2026-09-29T10:23:57.151Z,1732.771,RX,bus,-1,103C0401,1,4,00 00 00 01,OK
2026-09-29T10:23:57.151Z,1732.844,RX,bus,-1,103C0481,1,8,00 00 00 00 00 10 A4 13,OK
2026-09-29T10:23:57.154Z,1735.819,RX,bus,-1,000145BA,1,7,01 00 00 0F 03 BA 45,OK
2026-09-29T10:23:57.154Z,1735.872,RX,bus,-1,001145BA,1,5,01 00 00 BA 45,OK
2026-09-29T10:23:57.156Z,1737.776,RX,bus,-1,103C0401,1,4,00 00 00 01,OK
2026-09-29T10:23:57.156Z,1737.918,RX,bus,-1,103C0481,1,8,00 00 00 00 00 10 A5 13,OK
2026-09-29T10:23:57.159Z,1740.759,RX,bus,-1,000144E3,1,7,01 00 00 0F 03 E3 44,OK
2026-09-29T10:23:57.159Z,1740.905,RX,bus,-1,001144E3,1,5,01 00 00 E3 44,OK
2026-09-29T10:23:57.161Z,1742.733,RX,bus,-1,103C0401,1,4,00 00 00 01,OK
2026-09-29T10:23:57.161Z,1742.871,RX,bus,-1,103C0481,1,8,00 00 00 00 00 10 A5 13,OK
2026-09-29T10:23:57.164Z,1745.732,RX,bus,-1,00015A13,1,7,01 00 00 0F 03 13 5A,OK
2026-09-29T10:23:57.164Z,1745.910,RX,bus,-1,00115A13,1,5,01 00 00 13 5A,OK
2026-09-29T10:23:57.166Z,1747.719,RX,bus,-1,103C0401,1,4,00 00 00 01,OK
2026-09-29T10:23:57.166Z,1747.913,RX,bus,-1,103C0481,1,8,00 00 00 00 00 10 A5 13,OK
2026-09-29T10:23:57.169Z,1750.728,RX,bus,-1,0001BB60,1,7,01 00 00 0F 03 60 BB,OK
2026-09-29T10:23:57.169Z,1750.839,RX,bus,-1,0011BB60,1,5,01 00 00 60 BB,OK
2026-09-29T10:23:57.172Z,1753.012,RX,bus,-1,103C0401,1,4,00 00 00 01,OK
2026-09-29T10:23:57.172Z,1753.105,RX,bus,-1,103C0481,1,8,00 00 00 00 00 10 A4 13,OK
2026-09-29T10:23:57.175Z,1755.944,RX,bus,-1,0001E7D4,1,7,01 00 00 0F 03 D4 E7,OK
2026-09-29T10:23:57.175Z,1756.035,RX,bus,-1,0011E7D4,1,5,01 00 00 D4 E7,OK
2026-09-29T10:23:57.176Z,1757.680,RX,bus,-1,103C0401,1,4,00 00 00 01,OK
2026-09-29T10:23:57.176Z,1757.901,RX,bus,-1,103C0481,1,8,00 00 00 00 00 10 A5 13,OK
2026-09-29T10:23:57.179Z,1760.705,RX,bus,-1,0001E19D,1,7,01 00 00 0F 03 9D E1,OK
2026-09-29T10:23:57.179Z,1760.910,RX,bus,-1,0011E19D,1,5,01 00 00 9D E1,OK
2026-09-29T10:23:57.184Z,1765.762,RX,bus,-1,000182B6,1,7,01 00 00 0F 03 B6 82,OK
2026-09-29T10:23:57.184Z,1765.948,RX,bus,-1,001182B6,1,5,01 00 00 B6 82,OK
2026-09-29T10:23:57.189Z,1770.777,RX,bus,-1,000136BD,1,7,01 00 00 0F 03 BD 36,OK
2026-09-29T10:23:57.189Z,1770.919,RX,bus,-1,001136BD,1,5,01 00 00 BD 36,OK
2026-09-29T10:23:57.193Z,1775.818,RX,bus,-1,000160DB,1,7,01 00 00 0F 03 DB 60,OK
2026-09-29T10:23:57.193Z,1775.869,RX,bus,-1,001160DB,1,5,01 00 00 DB 60,OK
2026-09-29T10:23:57.199Z,1780.778,RX,bus,-1,000177E2,1,7,01 00 00 0F 03 E2 77,OK
2026-09-29T10:23:57.199Z,1780.915,RX,bus,-1,001177E2,1,5,01 00 00 E2 77,OK
2026-09-29T10:23:57.204Z,1785.818,RX,bus,-1,00012E1F,1,7,01 00 00 0F 03 1F 2E,OK
2026-09-29T10:23:57.204Z,1785.869,RX,bus,-1,00112E1F,1,5,01 00 00 1F 2E,OK
2026-09-29T10:23:57.209Z,1790.841,RX,bus,-1,00011755,1,7,01 00 00 0F 03 55 17,OK
2026-09-29T10:23:57.209Z,1790.894,RX,bus,-1,00111755,1,5,01 00 00 55 17,OK
2026-09-29T10:23:57.214Z,1795.859,RX,bus,-1,000187E7,1,7,01 00 00 0F 03 E7 87,OK
2026-09-29T10:23:57.214Z,1795.911,RX,bus,-1,001187E7,1,5,01 00 00 E7 87,OK
2026-09-29T10:23:57.219Z,1800.819,RX,bus,-1,00011576,1,7,01 00 00 0F 03 76 15,OK
2026-09-29T10:23:57.219Z,1800.875,RX,bus,-1,00111576,1,5,01 00 00 76 15,OK
2026-09-29T10:23:57.224Z,1805.832,RX,bus,-1,00014179,1,7,01 00 00 0F 03 79 41,OK
2026-09-29T10:23:57.224Z,1805.886,RX,bus,-1,00114179,1,5,01 00 00 79 41,OK
2026-09-29T10:23:57.229Z,1810.820,RX,bus,-1,00013D21,1,7,01 00 00 0F 03 21 3D,OK
2026-09-29T10:23:57.229Z,1810.879,RX,bus,-1,00113D21,1,5,01 00 00 21 3D,OK
2026-09-29T10:23:57.234Z,1815.855,RX,bus,-1,0001A89E,1,7,01 00 00 0F 03 9E A8,OK
2026-09-29T10:23:57.234Z,1815.937,RX,bus,-1,0011A89E,1,5,01 00 00 9E A8,OK
2026-09-29T10:23:57.239Z,1820.831,RX,bus,-1,000123EE,1,7,01 00 00 0F 03 EE 23,OK
2026-09-29T10:23:57.239Z,1820.918,RX,bus,-1,001123EE,1,5,01 00 00 EE 23,OK
2026-09-29T10:23:57.244Z,1825.823,RX,bus,-1,0001C821,1,7,01 00 00 0F 03 21 C8,OK
2026-09-29T10:23:57.244Z,1825.884,RX,bus,-1,0011C821,1,5,01 00 00 21 C8,OK
2026-09-29T10:23:57.249Z,1830.826,RX,bus,-1,0001A373,1,7,01 00 00 0F 03 73 A3,OK
2026-09-29T10:23:57.249Z,1830.880,RX,bus,-1,0011A373,1,5,01 00 00 73 A3,OK
2026-09-29T10:23:57.254Z,1835.817,RX,bus,-1,0001C566,1,7,01 00 00 0F 03 66 C5,OK
2026-09-29T10:23:57.254Z,1835.876,RX,bus,-1,0011C566,1,5,01 00 00 66 C5,OK
2026-09-29T10:23:57.259Z,1840.685,RX,bus,-1,00018F71,1,7,01 00 00 0F 03 71 8F,OK
2026-09-29T10:23:57.259Z,1840.922,RX,bus,-1,00118F71,1,5,01 00 00 71 8F,OK
2026-09-29T10:23:57.264Z,1845.674,RX,bus,-1,0001A431,1,7,01 00 00 0F 03 31 A4,OK
2026-09-29T10:23:57.264Z,1845.912,RX,bus,-1,0011A431,1,5,01 00 00 31 A4,OK
2026-09-29T10:23:57.269Z,1850.680,RX,bus,-1,00010998,1,7,01 00 00 0F 03 98 09,OK
2026-09-29T10:23:57.269Z,1850.922,RX,bus,-1,00110998,1,5,01 00 00 98 09,OK
2026-09-29T10:23:57.274Z,1855.668,RX,bus,-1,00017756,1,7,01 00 00 0F 03 56 77,OK
2026-09-29T10:23:57.274Z,1855.923,RX,bus,-1,00117756,1,5,01 00 00 56 77,OK
2026-09-29T10:23:57.279Z,1860.679,RX,bus,-1,0001363E,1,7,01 00 00 0F 03 3E 36,OK
2026-09-29T10:23:57.279Z,1860.919,RX,bus,-1,0011363E,1,5,01 00 00 3E 36,OK
2026-09-29T10:23:57.284Z,1865.684,RX,bus,-1,0001FEDD,1,7,01 00 00 0F 03 DD FE,OK
2026-09-29T10:23:57.284Z,1865.872,RX,bus,-1,0011FEDD,1,5,01 00 00 DD FE,OK
2026-09-29T10:23:57.289Z,1870.691,RX,bus,-1,0001F640,1,7,01 00 00 0F 03 40 F6,OK
2026-09-29T10:23:57.289Z,1870.922,RX,bus,-1,0011F640,1,5,01 00 00 40 F6,OK
2026-09-29T10:23:57.293Z,1875.827,RX,bus,-1,000113F0,1,7,01 00 00 0F 03 F0 13,OK
2026-09-29T10:23:57.293Z,1875.881,RX,bus,-1,001113F0,1,5,01 00 00 F0 13,OK
2026-09-29T10:23:57.299Z,1880.861,RX,bus,-1,000128EC,1,7,01 00 00 0F 03 EC 28,OK
2026-09-29T10:23:57.300Z,1880.912,RX,bus,-1,001128EC,1,5,01 00 00 EC 28,OK
2026-09-29T10:23:57.304Z,1885.818,RX,bus,-1,0001D881,1,7,01 00 00 0F 03 81 D8,OK
2026-09-29T10:23:57.304Z,1885.869,RX,bus,-1,0011D881,1,5,01 00 00 81 D8,OK
2026-09-29T10:23:57.309Z,1890.826,RX,bus,-1,00015D9D,1,7,01 00 00 0F 03 9D 5D,OK
2026-09-29T10:23:57.309Z,1890.877,RX,bus,-1,00115D9D,1,5,01 00 00 9D 5D,OK
2026-09-29T10:23:57.314Z,1895.669,RX,bus,-1,0001C08F,1,7,01 00 00 0F 03 8F C0,OK
2026-09-29T10:23:57.314Z,1895.915,RX,bus,-1,0011C08F,1,5,01 00 00 8F C0,OK
2026-09-29T10:23:57.319Z,1900.828,RX,bus,-1,00010B73,1,7,01 00 00 0F 03 73 0B,OK
2026-09-29T10:23:57.319Z,1900.879,RX,bus,-1,00110B73,1,5,01 00 00 73 0B,OK
2026-09-29T10:23:57.324Z,1905.861,RX,bus,-1,0001C076,1,7,01 00 00 0F 03 76 C0,OK
2026-09-29T10:23:57.324Z,1905.945,RX,bus,-1,0011C076,1,5,01 00 00 76 C0,OK
2026-09-29T10:23:57.329Z,1910.826,RX,bus,-1,0001964D,1,7,01 00 00 0F 03 4D 96,OK
2026-09-29T10:23:57.329Z,1910.878,RX,bus,-1,0011964D,1,5,01 00 00 4D 96,OK
2026-09-29T10:23:57.334Z,1915.669,RX,bus,-1,000187A1,1,7,01 00 00 0F 03 A1 87,OK
2026-09-29T10:23:57.334Z,1915.910,RX,bus,-1,001187A1,1,5,01 00 00 A1 87,OK
2026-09-29T10:23:57.339Z,1920.691,RX,bus,-1,000142EE,1,7,01 00 00 0F 03 EE 42,OK
2026-09-29T10:23:57.339Z,1920.912,RX,bus,-1,001142EE,1,5,01 00 00 EE 42,OK
2026-09-29T10:23:57.344Z,1925.701,RX,bus,-1,000130A7,1,7,01 00 00 0F 03 A7 30,OK
2026-09-29T10:23:57.344Z,1925.941,RX,bus,-1,001130A7,1,5,01 00 00 A7 30,OK
2026-09-29T10:23:57.349Z,1930.709,RX,bus,-1,000100F8,1,7,01 00 00 0F 03 F8 00,OK
2026-09-29T10:23:57.349Z,1930.909,RX,bus,-1,001100F8,1,5,01 00 00 F8 00,OK
2026-09-29T10:23:57.353Z,1935.632,RX,bus,-1,00014394,1,7,01 00 00 0F 03 94 43,OK
2026-09-29T10:23:57.354Z,1935.951,RX,bus,-1,00114394,1,5,01 00 00 94 43,OK
2026-09-29T10:23:57.359Z,1940.712,RX,bus,-1,00016C1D,1,7,01 00 00 0F 03 1D 6C,OK
2026-09-29T10:23:57.359Z,1940.970,RX,bus,-1,00116C1D,1,5,01 00 00 1D 6C,OK
2026-09-29T10:23:57.364Z,1945.653,RX,bus,-1,000140E6,1,7,01 00 00 0F 03 E6 40,OK
2026-09-29T10:23:57.364Z,1945.868,RX,bus,-1,001140E6,1,5,01 00 00 E6 40,OK
2026-09-29T10:23:57.369Z,1950.672,RX,bus,-1,0001FEB8,1,7,01 00 00 0F 03 B8 FE,OK
2026-09-29T10:23:57.369Z,1950.908,RX,bus,-1,0011FEB8,1,5,01 00 00 B8 FE,OK
2026-09-29T10:23:57.374Z,1955.653,RX,bus,-1,0001E391,1,7,01 00 00 0F 03 91 E3,OK
2026-09-29T10:23:57.374Z,1955.915,RX,bus,-1,0011E391,1,5,01 00 00 91 E3,OK
2026-09-29T10:23:57.379Z,1960.734,RX,bus,-1,00019AAC,1,7,01 00 00 0F 03 AC 9A,OK
2026-09-29T10:23:57.379Z,1960.912,RX,bus,-1,00119AAC,1,5,01 00 00 AC 9A,OK
2026-09-29T10:23:57.385Z,1966.146,RX,bus,-1,00012DFE,1,7,01 00 00 0F 03 FE 2D,OK
2026-09-29T10:23:57.385Z,1966.239,RX,bus,-1,00112DFE,1,5,01 00 00 FE 2D,OK
2026-09-29T10:23:57.390Z,1971.067,RX,bus,-1,00019E3B,1,7,01 00 00 0F 03 3B 9E,OK
2026-09-29T10:23:57.390Z,1971.161,RX,bus,-1,00119E3B,1,5,01 00 00 3B 9E,OK
2026-09-29T10:23:57.395Z,1976.093,RX,bus,-1,000155EA,1,7,01 00 00 0F 03 EA 55,OK
2026-09-29T10:23:57.395Z,1976.186,RX,bus,-1,001155EA,1,5,01 00 00 EA 55,OK
2026-09-29T10:23:57.399Z,1980.707,RX,bus,-1,00019934,1,7,01 00 00 0F 03 34 99,OK
2026-09-29T10:23:57.399Z,1980.937,RX,bus,-1,00119934,1,5,01 00 00 34 99,OK
2026-09-29T10:23:57.404Z,1985.713,RX,bus,-1,0001DC88,1,7,01 00 00 0F 03 88 DC,OK
2026-09-29T10:23:57.404Z,1985.924,RX,bus,-1,0011DC88,1,5,01 00 00 88 DC,OK
2026-09-29T10:23:57.409Z,1990.778,RX,bus,-1,000193A8,1,7,01 00 00 0F 03 A8 93,OK
2026-09-29T10:23:57.409Z,1990.874,RX,bus,-1,001193A8,1,5,01 00 00 A8 93,OK
2026-09-29T10:23:57.414Z,1995.706,RX,bus,-1,0001A453,1,7,01 00 00 0F 03 53 A4,OK
2026-09-29T10:23:57.414Z,1995.828,RX,bus,-1,0011A453,1,5,01 00 00 53 A4,OK
2026-09-29T10:23:57.419Z,2000.720,RX,bus,-1,00015A05,1,7,01 00 00 0F 03 05 5A,OK
2026-09-29T10:23:57.419Z,2000.911,RX,bus,-1,00115A05,1,5,01 00 00 05 5A,OK
2026-09-29T10:23:57.424Z,2005.652,RX,bus,-1,0001877D,1,7,01 00 00 0F 03 7D 87,OK
2026-09-29T10:23:57.424Z,2005.917,RX,bus,-1,0011877D,1,5,01 00 00 7D 87,OK
2026-09-29T10:23:57.429Z,2010.640,RX,bus,-1,0001D745,1,7,01 00 00 0F 03 45 D7,OK
2026-09-29T10:23:57.429Z,2010.922,RX,bus,-1,0011D745,1,5,01 00 00 45 D7,OK
2026-09-29T10:23:57.434Z,2015.662,RX,bus,-1,00010DD2,1,7,01 00 00 0F 03 D2 0D,OK
2026-09-29T10:23:57.434Z,2015.922,RX,bus,-1,00110DD2,1,5,01 00 00 D2 0D,OK
2026-09-29T10:23:57.439Z,2020.641,RX,bus,-1,000134A0,1,7,01 00 00 0F 03 A0 34,OK
2026-09-29T10:23:57.439Z,2020.919,RX,bus,-1,001134A0,1,5,01 00 00 A0 34,OK
2026-09-29T10:23:57.444Z,2025.654,RX,bus,-1,0001228F,1,7,01 00 00 0F 03 8F 22,OK
2026-09-29T10:23:57.444Z,2025.922,RX,bus,-1,0011228F,1,5,01 00 00 8F 22,OK
2026-09-29T10:23:57.449Z,2030.630,RX,bus,-1,0001A6D5,1,7,01 00 00 0F 03 D5 A6,OK
2026-09-29T10:23:57.449Z,2030.921,RX,bus,-1,0011A6D5,1,5,01 00 00 D5 A6,OK
2026-09-29T10:23:57.454Z,2035.652,RX,bus,-1,0001FA77,1,7,01 00 00 0F 03 77 FA,OK
2026-09-29T10:23:57.454Z,2035.921,RX,bus,-1,0011FA77,1,5,01 00 00 77 FA,OK
2026-09-29T10:23:57.459Z,2040.653,RX,bus,-1,00013005,1,7,01 00 00 0F 03 05 30,OK
2026-09-29T10:23:57.459Z,2040.927,RX,bus,-1,00113005,1,5,01 00 00 05 30,OK
2026-09-29T10:23:57.464Z,2045.694,RX,bus,-1,00011C36,1,7,01 00 00 0F 03 36 1C,OK
2026-09-29T10:23:57.464Z,2045.921,RX,bus,-1,00111C36,1,5,01 00 00 36 1C,OK
2026-09-29T10:23:57.469Z,2050.692,RX,bus,-1,000131C2,1,7,01 00 00 0F 03 C2 31,OK
2026-09-29T10:23:57.469Z,2050.922,RX,bus,-1,001131C2,1,5,01 00 00 C2 31,OK
2026-09-29T10:23:57.474Z,2055.642,RX,bus,-1,000128CB,1,7,01 00 00 0F 03 CB 28,OK
2026-09-29T10:23:57.474Z,2055.909,RX,bus,-1,001128CB,1,5,01 00 00 CB 28,OK
2026-09-29T10:23:57.479Z,2060.694,RX,bus,-1,00015DB2,1,7,01 00 00 0F 03 B2 5D,OK
2026-09-29T10:23:57.479Z,2060.925,RX,bus,-1,00115DB2,1,5,01 00 00 B2 5D,OK
2026-09-29T10:23:57.484Z,2065.805,RX,bus,-1,0001CB8B,1,7,01 00 00 0F 03 8B CB,OK
2026-09-29T10:23:57.484Z,2065.856,RX,bus,-1,0011CB8B,1,5,01 00 00 8B CB,OK
2026-09-29T10:23:57.489Z,2070.691,RX,bus,-1,000183FE,1,7,01 00 00 0F 03 FE 83,OK
2026-09-29T10:23:57.489Z,2070.911,RX,bus,-1,001183FE,1,5,01 00 00 FE 83,OK
2026-09-29T10:23:57.494Z,2075.684,RX,bus,-1,0001B109,1,7,01 00 00 0F 03 09 B1,OK
2026-09-29T10:23:57.494Z,2075.911,RX,bus,-1,0011B109,1,5,01 00 00 09 B1,OK
2026-09-29T10:23:57.499Z,2080.651,RX,bus,-1,00012965,1,7,01 00 00 0F 03 65 29,OK
2026-09-29T10:23:57.499Z,2080.922,RX,bus,-1,00112965,1,5,01 00 00 65 29,OK
2026-09-29T10:23:57.504Z,2085.652,RX,bus,-1,000105D8,1,7,01 00 00 0F 03 D8 05,OK
2026-09-29T10:23:57.504Z,2085.918,RX,bus,-1,001105D8,1,5,01 00 00 D8 05,OK
2026-09-29T10:23:57.509Z,2090.788,RX,bus,-1,000137A8,1,7,01 00 00 0F 03 A8 37,OK
2026-09-29T10:23:57.510Z,2090.924,RX,bus,-1,001137A8,1,5,01 00 00 A8 37,OK
2026-09-29T10:23:57.515Z,2095.796,RX,bus,-1,0001160E,1,7,01 00 00 0F 03 0E 16,OK
2026-09-29T10:23:57.515Z,2095.857,RX,bus,-1,0011160E,1,5,01 00 00 0E 16,OK
2026-09-29T10:23:57.520Z,2100.802,RX,bus,-1,00019DA8,1,7,01 00 00 0F 03 A8 9D,OK
2026-09-29T10:23:57.520Z,2100.934,RX,bus,-1,00119DA8,1,5,01 00 00 A8 9D,OK
2026-09-29T10:23:57.525Z,2105.792,RX,bus,-1,0001C3EB,1,7,01 00 00 0F 03 EB C3,OK
2026-09-29T10:23:57.525Z,2105.872,RX,bus,-1,0011C3EB,1,5,01 00 00 EB C3,OK
2026-09-29T10:23:57.530Z,2110.791,RX,bus,-1,00015D70,1,7,01 00 00 0F 03 70 5D,OK
2026-09-29T10:23:57.530Z,2110.853,RX,bus,-1,00115D70,1,5,01 00 00 70 5D,OK
2026-09-29T10:23:57.535Z,2115.792,RX,bus,-1,0001580F,1,7,01 00 00 0F 03 0F 58,OK
2026-09-29T10:23:57.535Z,2115.882,RX,bus,-1,0011580F,1,5,01 00 00 0F 58,OK
2026-09-29T10:23:57.540Z,2120.793,RX,bus,-1,0001C90A,1,7,01 00 00 0F 03 0A C9,OK
2026-09-29T10:23:57.540Z,2120.886,RX,bus,-1,0011C90A,1,5,01 00 00 0A C9,OK
2026-09-29T10:23:57.545Z,2125.803,RX,bus,-1,00018B2D,1,7,01 00 00 0F 03 2D 8B,OK
2026-09-29T10:23:57.545Z,2125.854,RX,bus,-1,00118B2D,1,5,01 00 00 2D 8B,OK
2026-09-29T10:23:57.550Z,2130.802,RX,bus,-1,00014FBB,1,7,01 00 00 0F 03 BB 4F,OK
2026-09-29T10:23:57.550Z,2130.887,RX,bus,-1,00114FBB,1,5,01 00 00 BB 4F,OK
2026-09-29T10:23:57.554Z,2135.788,RX,bus,-1,0001FD10,1,7,01 00 00 0F 03 10 FD,OK
2026-09-29T10:23:57.555Z,2135.871,RX,bus,-1,0011FD10,1,5,01 00 00 10 FD,OK
2026-09-29T10:23:57.559Z,2140.839,RX,bus,-1,0001F02C,1,7,01 00 00 0F 03 2C F0,OK
2026-09-29T10:23:57.559Z,2140.891,RX,bus,-1,0011F02C,1,5,01 00 00 2C F0,OK
2026-09-29T10:23:57.564Z,2145.767,RX,bus,-1,00012676,1,7,01 00 00 0F 03 76 26,OK
2026-09-29T10:23:57.564Z,2145.912,RX,bus,-1,00112676,1,5,01 00 00 76 26,OK
2026-09-29T10:23:57.569Z,2150.826,RX,bus,-1,00016086,1,7,01 00 00 0F 03 86 60,OK
2026-09-29T10:23:57.569Z,2150.891,RX,bus,-1,00116086,1,5,01 00 00 86 60,OK
2026-09-29T10:23:57.574Z,2155.617,RX,bus,-1,0001270F,1,7,01 00 00 0F 03 0F 27,OK
2026-09-29T10:23:57.574Z,2155.870,RX,bus,-1,0011270F,1,5,01 00 00 0F 27,OK
2026-09-29T10:23:57.579Z,2160.658,RX,bus,-1,0001FC82,1,7,01 00 00 0F 03 82 FC,OK
2026-09-29T10:23:57.579Z,2160.945,RX,bus,-1,0011FC82,1,5,01 00 00 82 FC,OK
2026-09-29T10:23:57.583Z,2164.779,TX,short_f0012,0,0012C82F,1,5,01 00 00 2F C8,OK
2026-09-29T10:23:57.583Z,2165.677,RX,bus,-1,00011A9D,1,7,01 00 00 0F 03 9D 1A,OK
2026-09-29T10:23:57.583Z,2165.920,RX,bus,-1,00111A9D,1,5,01 00 00 9D 1A,OK
2026-09-29T10:23:57.589Z,2170.765,RX,bus,-1,0001DA0A,1,7,01 00 00 0F 04 0A DA,OK
2026-09-29T10:23:57.589Z,2170.907,RX,bus,-1,0011DA0A,1,5,01 00 00 0A DA,OK
2026-09-29T10:23:57.594Z,2175.788,RX,bus,-1,0001A403,1,7,01 00 00 0F 03 03 A4,OK
2026-09-29T10:23:57.594Z,2175.868,RX,bus,-1,0011A403,1,5,01 00 00 03 A4,OK
2026-09-29T10:23:57.596Z,2177.620,RX,bus,-1,103C0401,1,4,00 00 00 01,OK
2026-09-29T10:23:57.596Z,2177.919,RX,bus,-1,103C0481,1,8,00 00 00 00 00 10 A5 13,OK
2026-09-29T10:23:57.599Z,2180.690,RX,bus,-1,0001BFD5,1,7,01 00 00 0F 03 D5 BF,OK
2026-09-29T10:23:57.599Z,2180.918,RX,bus,-1,0011BFD5,1,5,01 00 00 D5 BF,OK
2026-09-29T10:23:57.601Z,2182.724,RX,bus,-1,103C0401,1,4,00 00 00 01,OK
2026-09-29T10:23:57.601Z,2182.865,RX,bus,-1,103C0481,1,8,00 00 00 00 00 10 A5 13,OK
2026-09-29T10:23:57.604Z,2185.625,RX,bus,-1,000142D1,1,7,01 00 00 0F 03 D1 42,OK
2026-09-29T10:23:57.604Z,2185.918,RX,bus,-1,001142D1,1,5,01 00 00 D1 42,OK
2026-09-29T10:23:57.606Z,2187.621,RX,bus,-1,103C0401,1,4,00 00 00 01,OK
2026-09-29T10:23:57.606Z,2187.918,RX,bus,-1,103C0481,1,8,00 00 00 00 00 10 A4 13,OK
2026-09-29T10:23:57.609Z,2190.796,RX,bus,-1,00019E23,1,7,01 00 00 0F 03 23 9E,OK
2026-09-29T10:23:57.609Z,2190.861,RX,bus,-1,00119E23,1,5,01 00 00 23 9E,OK
2026-09-29T10:23:57.611Z,2192.789,RX,bus,-1,103C0401,1,4,00 00 00 01,OK
2026-09-29T10:23:57.611Z,2192.854,RX,bus,-1,103C0481,1,8,00 00 00 00 00 10 A4 13,OK
2026-09-29T10:23:57.614Z,2195.813,RX,bus,-1,00010787,1,7,01 00 00 0F 03 87 07,OK
2026-09-29T10:23:57.614Z,2195.896,RX,bus,-1,00110787,1,5,01 00 00 87 07,OK
2026-09-29T10:23:57.616Z,2197.742,RX,bus,-1,103C0401,1,4,00 00 00 01,OK
2026-09-29T10:23:57.616Z,2197.804,RX,bus,-1,103C0481,1,8,00 00 00 00 00 10 A5 13,OK
2026-09-29T10:23:57.619Z,2200.763,RX,bus,-1,0001308A,1,7,01 00 00 0F 03 8A 30,OK
2026-09-29T10:23:57.619Z,2200.903,RX,bus,-1,0011308A,1,5,01 00 00 8A 30,OK
2026-09-29T10:23:57.621Z,2202.817,RX,bus,-1,103C0401,1,4,00 00 00 01,OK
2026-09-29T10:23:57.621Z,2202.872,RX,bus,-1,103C0481,1,8,00 00 00 00 00 10 A5 13,OK
2026-09-29T10:23:57.624Z,2205.802,RX,bus,-1,00015CA9,1,7,01 00 00 0F 03 A9 5C,OK
2026-09-29T10:23:57.624Z,2205.885,RX,bus,-1,00115CA9,1,5,01 00 00 A9 5C,OK
2026-09-29T10:23:57.626Z,2207.793,RX,bus,-1,103C0401,1,4,00 00 00 01,OK
2026-09-29T10:23:57.626Z,2207.963,RX,bus,-1,103C0481,1,8,00 00 00 00 00 10 A5 13,OK
2026-09-29T10:23:57.629Z,2210.829,RX,bus,-1,00012470,1,7,01 00 00 0F 03 70 24,OK
2026-09-29T10:23:57.629Z,2210.913,RX,bus,-1,00112470,1,5,01 00 00 70 24,OK
2026-09-29T10:23:57.630Z,2212.664,RX,bus,-1,103C0401,1,4,00 00 00 01,OK
2026-09-29T10:23:57.631Z,2212.937,RX,bus,-1,103C0481,1,8,00 00 00 00 00 10 A5 13,OK
2026-09-29T10:23:57.634Z,2215.763,RX,bus,-1,00019655,1,7,01 00 00 0F 03 55 96,OK
2026-09-29T10:23:57.634Z,2215.814,RX,bus,-1,00119655,1,5,01 00 00 55 96,OK
2026-09-29T10:23:57.636Z,2217.755,RX,bus,-1,103C0401,1,4,00 00 00 01,OK
2026-09-29T10:23:57.636Z,2217.810,RX,bus,-1,103C0481,1,8,00 00 00 00 00 10 A5 13,OK
2026-09-29T10:23:57.639Z,2220.760,RX,bus,-1,0001E2A5,1,7,01 00 00 0F 03 A5 E2,OK
2026-09-29T10:23:57.639Z,2220.831,RX,bus,-1,0011E2A5,1,5,01 00 00 A5 E2,OK
2026-09-29T10:23:57.640Z,2222.587,RX,bus,-1,103C0401,1,4,00 00 00 01,OK
2026-09-29T10:23:57.641Z,2222.792,RX,bus,-1,103C0481,1,8,00 00 00 00 00 10 A5 13,OK
2026-09-29T10:23:57.643Z,2225.636,RX,bus,-1,000197FC,1,7,01 00 00 0F 03 FC 97,OK
2026-09-29T10:23:57.644Z,2225.924,RX,bus,-1,001197FC,1,5,01 00 00 FC 97,OK
2026-09-29T10:23:57.646Z,2227.748,RX,bus,-1,103C0401,1,4,00 00 00 01,OK
2026-09-29T10:23:57.646Z,2227.800,RX,bus,-1,103C0481,1,8,00 00 00 00 00 10 A5 13,OK
2026-09-29T10:23:57.649Z,2230.817,RX,bus,-1,0001233A,1,7,01 00 00 0F 03 3A 23,OK
2026-09-29T10:23:57.649Z,2230.901,RX,bus,-1,0011233A,1,5,01 00 00 3A 23,OK
2026-09-29T10:23:57.651Z,2232.765,RX,bus,-1,103C0401,1,4,00 00 00 01,OK
2026-09-29T10:23:57.651Z,2232.833,RX,bus,-1,103C0481,1,8,00 00 00 00 00 10 A5 13,OK
2026-09-29T10:23:57.653Z,2235.658,RX,bus,-1,00018B74,1,7,01 00 00 0F 03 74 8B,OK
2026-09-29T10:23:57.654Z,2235.912,RX,bus,-1,00118B74,1,5,01 00 00 74 8B,OK
2026-09-29T10:23:57.656Z,2237.758,RX,bus,-1,103C0401,1,4,00 00 00 01,OK
2026-09-29T10:23:57.656Z,2237.828,RX,bus,-1,103C0481,1,8,00 00 00 00 00 10 A5 13,OK
2026-09-29T10:23:57.659Z,2240.709,RX,bus,-1,0001318B,1,7,01 00 00 0F 03 8B 31,OK
2026-09-29T10:23:57.659Z,2240.921,RX,bus,-1,0011318B,1,5,01 00 00 8B 31,OK
2026-09-29T10:23:57.661Z,2242.752,RX,bus,-1,103C0401,1,4,00 00 00 01,OK
2026-09-29T10:23:57.661Z,2242.814,RX,bus,-1,103C0481,1,8,00 00 00 00 00 10 A5 13,OK
2026-09-29T10:23:57.664Z,2245.729,RX,bus,-1,00012271,1,7,01 00 00 0F 03 71 22,OK
2026-09-29T10:23:57.664Z,2245.916,RX,bus,-1,00112271,1,5,01 00 00 71 22,OK
2026-09-29T10:23:57.666Z,2247.721,RX,bus,-1,103C0401,1,4,00 00 00 01,OK
2026-09-29T10:23:57.666Z,2247.862,RX,bus,-1,103C0481,1,8,00 00 00 00 00 10 A4 13,OK
2026-09-29T10:23:57.669Z,2250.726,RX,bus,-1,00016F15,1,7,01 00 00 0F 03 15 6F,OK
2026-09-29T10:23:57.669Z,2250.895,RX,bus,-1,00116F15,1,5,01 00 00 15 6F,OK
2026-09-29T10:23:57.671Z,2252.722,RX,bus,-1,103C0401,1,4,00 00 00 01,OK
2026-09-29T10:23:57.671Z,2252.795,RX,bus,-1,103C0481,1,8,00 00 00 00 00 10 A5 13,OK
2026-09-29T10:23:57.674Z,2255.731,RX,bus,-1,0001FF2F,1,7,01 00 00 0F 03 2F FF,OK
2026-09-29T10:23:57.674Z,2255.913,RX,bus,-1,0011FF2F,1,5,01 00 00 2F FF,OK
2026-09-29T10:23:57.676Z,2257.721,RX,bus,-1,103C0401,1,4,00 00 00 01,OK
2026-09-29T10:23:57.676Z,2257.863,RX,bus,-1,103C0481,1,8,00 00 00 00 00 10 A5 13,OK
2026-09-29T10:23:57.679Z,2260.719,RX,bus,-1,0001AA89,1,7,01 00 00 0F 03 89 AA,OK
2026-09-29T10:23:57.679Z,2260.916,RX,bus,-1,0011AA89,1,5,01 00 00 89 AA,OK
2026-09-29T10:23:57.684Z,2265.773,RX,bus,-1,0001CAD5,1,7,01 00 00 0F 03 D5 CA,OK
2026-09-29T10:23:57.684Z,2265.915,RX,bus,-1,0011CAD5,1,5,01 00 00 D5 CA,OK
2026-09-29T10:23:57.689Z,2270.745,RX,bus,-1,0001D947,1,7,01 00 00 0F 03 47 D9,OK
2026-09-29T10:23:57.689Z,2270.827,RX,bus,-1,0011D947,1,5,01 00 00 47 D9,OK
2026-09-29T10:23:57.693Z,2275.638,RX,bus,-1,000103CC,1,7,01 00 00 0F 03 CC 03,OK
2026-09-29T10:23:57.693Z,2275.924,RX,bus,-1,001103CC,1,5,01 00 00 CC 03,OK
2026-09-29T10:23:57.699Z,2280.883,RX,bus,-1,00014018,1,7,01 00 00 0F 03 18 40,OK
2026-09-29T10:23:57.699Z,2280.935,RX,bus,-1,00114018,1,5,01 00 00 18 40,OK
2026-09-29T10:23:57.704Z,2285.863,RX,bus,-1,0001742E,1,7,01 00 00 0F 03 2E 74,OK
2026-09-29T10:23:57.704Z,2285.914,RX,bus,-1,0011742E,1,5,01 00 00 2E 74,OK
2026-09-29T10:23:57.709Z,2290.783,RX,bus,-1,0001E8EA,1,7,01 00 00 0F 03 EA E8,OK
2026-09-29T10:23:57.709Z,2290.871,RX,bus,-1,0011E8EA,1,5,01 00 00 EA E8,OK
2026-09-29T10:23:57.714Z,2295.766,RX,bus,-1,0001BBF8,1,7,01 00 00 0F 03 F8 BB,OK
2026-09-29T10:23:57.714Z,2295.921,RX,bus,-1,0011BBF8,1,5,01 00 00 F8 BB,OK
2026-09-29T10:23:57.718Z,2300.624,RX,bus,-1,0001C9DD,1,7,01 00 00 0F 03 DD C9,OK
2026-09-29T10:23:57.719Z,2300.875,RX,bus,-1,0011C9DD,1,5,01 00 00 DD C9,OK
2026-09-29T10:23:57.724Z,2305.776,RX,bus,-1,0001BC93,1,7,01 00 00 0F 03 93 BC,OK
2026-09-29T10:23:57.724Z,2305.867,RX,bus,-1,0011BC93,1,5,01 00 00 93 BC,OK
2026-09-29T10:23:57.729Z,2310.777,RX,bus,-1,0001B6D3,1,7,01 00 00 0F 03 D3 B6,OK
2026-09-29T10:23:57.729Z,2310.913,RX,bus,-1,0011B6D3,1,5,01 00 00 D3 B6,OK
2026-09-29T10:23:57.734Z,2315.784,RX,bus,-1,00016303,1,7,01 00 00 0F 03 03 63,OK
2026-09-29T10:23:57.734Z,2315.836,RX,bus,-1,00116303,1,5,01 00 00 03 63,OK
2026-09-29T10:23:57.739Z,2320.776,RX,bus,-1,00011571,1,7,01 00 00 0F 03 71 15,OK
2026-09-29T10:23:57.739Z,2320.829,RX,bus,-1,00111571,1,5,01 00 00 71 15,OK
2026-09-29T10:23:57.744Z,2325.768,RX,bus,-1,000187B9,1,7,01 00 00 0F 03 B9 87,OK
2026-09-29T10:23:57.744Z,2325.874,RX,bus,-1,001187B9,1,5,01 00 00 B9 87,OK
2026-09-29T10:23:57.749Z,2330.765,RX,bus,-1,0001B030,1,7,01 00 00 0F 03 30 B0,OK
2026-09-29T10:23:57.749Z,2330.908,RX,bus,-1,0011B030,1,5,01 00 00 30 B0,OK
2026-09-29T10:23:57.753Z,2335.665,RX,bus,-1,00015ED0,1,7,01 00 00 0F 03 D0 5E,OK
2026-09-29T10:23:57.754Z,2335.910,RX,bus,-1,00115ED0,1,5,01 00 00 D0 5E,OK
2026-09-29T10:23:57.759Z,2340.781,RX,bus,-1,000173E5,1,7,01 00 00 0F 03 E5 73,OK
2026-09-29T10:23:57.759Z,2340.920,RX,bus,-1,001173E5,1,5,01 00 00 E5 73,OK
2026-09-29T10:23:57.764Z,2345.793,RX,bus,-1,00017D4C,1,7,01 00 00 0F 03 4C 7D,OK
2026-09-29T10:23:57.764Z,2345.845,RX,bus,-1,00117D4C,1,5,01 00 00 4C 7D,OK
2026-09-29T10:23:57.769Z,2350.783,RX,bus,-1,000187F4,1,7,01 00 00 0F 03 F4 87,OK
2026-09-29T10:23:57.769Z,2350.963,RX,bus,-1,001187F4,1,5,01 00 00 F4 87,OK
2026-09-29T10:23:57.774Z,2355.788,RX,bus,-1,00015789,1,7,01 00 00 0F 03 89 57,OK
2026-09-29T10:23:57.774Z,2355.876,RX,bus,-1,00115789,1,5,01 00 00 89 57,OK
2026-09-29T10:23:57.779Z,2360.765,RX,bus,-1,0001CC04,1,7,01 00 00 0F 03 04 CC,OK
2026-09-29T10:23:57.779Z,2360.846,RX,bus,-1,0011CC04,1,5,01 00 00 04 CC,OK
2026-09-29T10:23:57.784Z,2365.795,RX,bus,-1,0001BB02,1,7,01 00 00 0F 03 02 BB,OK
2026-09-29T10:23:57.784Z,2365.851,RX,bus,-1,0011BB02,1,5,01 00 00 02 BB,OK
2026-09-29T10:23:57.789Z,2370.757,RX,bus,-1,0001D2F2,1,7,01 00 00 0F 03 F2 D2,OK
2026-09-29T10:23:57.789Z,2370.809,RX,bus,-1,0011D2F2,1,5,01 00 00 F2 D2,OK
2026-09-29T10:23:57.793Z,2375.740,RX,bus,-1,00012D15,1,7,01 00 00 0F 03 15 2D,OK
2026-09-29T10:23:57.793Z,2375.911,RX,bus,-1,00112D15,1,5,01 00 00 15 2D,OK
2026-09-29T10:23:57.799Z,2380.627,RX,bus,-1,00013555,1,7,01 00 00 0F 03 55 35,OK
2026-09-29T10:23:57.799Z,2380.923,RX,bus,-1,00113555,1,5,01 00 00 55 35,OK
2026-09-29T10:23:57.804Z,2385.593,RX,bus,-1,0001466F,1,7,01 00 00 0F 03 6F 46,OK
2026-09-29T10:23:57.804Z,2385.913,RX,bus,-1,0011466F,1,5,01 00 00 6F 46,OK
2026-09-29T10:23:57.809Z,2390.754,RX,bus,-1,000112CA,1,7,01 00 00 0F 03 CA 12,OK
2026-09-29T10:23:57.810Z,2390.910,RX,bus,-1,001112CA,1,5,01 00 00 CA 12,OK
2026-09-29T10:23:57.814Z,2395.750,RX,bus,-1,0001324A,1,7,01 00 00 0F 03 4A 32,OK
2026-09-29T10:23:57.815Z,2395.914,RX,bus,-1,0011324A,1,5,01 00 00 4A 32,OK
2026-09-29T10:23:57.819Z,2400.742,RX,bus,-1,000103E7,1,7,01 00 00 0F 03 E7 03,OK
2026-09-29T10:23:57.820Z,2400.897,RX,bus,-1,001103E7,1,5,01 00 00 E7 03,OK
2026-09-29T10:23:57.824Z,2405.747,RX,bus,-1,0001A699,1,7,01 00 00 0F 03 99 A6,OK
2026-09-29T10:23:57.824Z,2405.809,RX,bus,-1,0011A699,1,5,01 00 00 99 A6,OK
2026-09-29T10:23:57.829Z,2410.786,RX,bus,-1,00014F86,1,7,01 00 00 0F 03 86 4F,OK
2026-09-29T10:23:57.830Z,2410.874,RX,bus,-1,00114F86,1,5,01 00 00 86 4F,OK
2026-09-29T10:23:57.834Z,2415.757,RX,bus,-1,000111E2,1,7,01 00 00 0F 03 E2 11,OK
2026-09-29T10:23:57.834Z,2415.808,RX,bus,-1,001111E2,1,5,01 00 00 E2 11,OK
2026-09-29T10:23:57.839Z,2420.607,RX,bus,-1,000128CA,1,7,01 00 00 0F 03 CA 28,OK
2026-09-29T10:23:57.840Z,2420.919,RX,bus,-1,001128CA,1,5,01 00 00 CA 28,OK
2026-09-29T10:23:57.844Z,2425.749,RX,bus,-1,00017D4B,1,7,01 00 00 0F 03 4B 7D,OK
2026-09-29T10:23:57.845Z,2425.894,RX,bus,-1,00117D4B,1,5,01 00 00 4B 7D,OK
2026-09-29T10:23:57.849Z,2430.753,RX,bus,-1,00011003,1,7,01 00 00 0F 03 03 10,OK
2026-09-29T10:23:57.850Z,2430.900,RX,bus,-1,00111003,1,5,01 00 00 03 10,OK
2026-09-29T10:23:57.854Z,2435.630,RX,bus,-1,0001FD2D,1,7,01 00 00 0F 03 2D FD,OK
2026-09-29T10:23:57.855Z,2435.894,RX,bus,-1,0011FD2D,1,5,01 00 00 2D FD,OK
2026-09-29T10:23:57.859Z,2440.760,RX,bus,-1,0001AB5E,1,7,01 00 00 0F 03 5E AB,OK
2026-09-29T10:23:57.859Z,2440.912,RX,bus,-1,0011AB5E,1,5,01 00 00 5E AB,OK
2026-09-29T10:23:57.864Z,2445.769,RX,bus,-1,00010C29,1,7,01 00 00 0F 03 29 0C,OK
2026-09-29T10:23:57.864Z,2445.873,RX,bus,-1,00110C29,1,5,01 00 00 29 0C,OK
2026-09-29T10:23:57.869Z,2450.722,RX,bus,-1,00011110,1,7,01 00 00 0F 03 10 11,OK
2026-09-29T10:23:57.869Z,2450.920,RX,bus,-1,00111110,1,5,01 00 00 10 11,OK
2026-09-29T10:23:57.874Z,2455.814,RX,bus,-1,0001B08B,1,7,01 00 00 0F 03 8B B0,OK
2026-09-29T10:23:57.874Z,2455.880,RX,bus,-1,0011B08B,1,5,01 00 00 8B B0,OK
2026-09-29T10:23:57.879Z,2460.764,RX,bus,-1,0001C34F,1,7,01 00 00 0F 03 4F C3,OK
2026-09-29T10:23:57.879Z,2460.815,RX,bus,-1,0011C34F,1,5,01 00 00 4F C3,OK
2026-09-29T10:23:57.884Z,2465.592,RX,bus,-1,0001C987,1,7,01 00 00 0F 03 87 C9,OK
2026-09-29T10:23:57.884Z,2465.913,RX,bus,-1,0011C987,1,5,01 00 00 87 C9,OK
2026-09-29T10:23:57.889Z,2470.759,RX,bus,-1,00012B58,1,7,01 00 00 0F 03 58 2B,OK
2026-09-29T10:23:57.889Z,2470.910,RX,bus,-1,00112B58,1,5,01 00 00 58 2B,OK
2026-09-29T10:23:57.893Z,2475.593,RX,bus,-1,00017996,1,7,01 00 00 0F 03 96 79,OK
2026-09-29T10:23:57.893Z,2475.858,RX,bus,-1,00117996,1,5,01 00 00 96 79,OK
2026-09-29T10:23:57.899Z,2480.598,RX,bus,-1,0001435B,1,7,01 00 00 0F 03 5B 43,OK
2026-09-29T10:23:57.899Z,2480.862,RX,bus,-1,0011435B,1,5,01 00 00 5B 43,OK
2026-09-29T10:23:57.904Z,2485.600,RX,bus,-1,0001E8F8,1,7,01 00 00 0F 03 F8 E8,OK
2026-09-29T10:23:57.904Z,2485.869,RX,bus,-1,0011E8F8,1,5,01 00 00 F8 E8,OK
2026-09-29T10:23:57.909Z,2490.857,RX,bus,-1,0001FFFF,1,7,01 00 00 0F 03 FF FF,OK
2026-09-29T10:23:57.909Z,2490.908,RX,bus,-1,0011FFFF,1,5,01 00 00 FF FF,OK
2026-09-29T10:23:57.914Z,2495.695,RX,bus,-1,00015B22,1,7,01 00 00 0F 03 22 5B,OK
2026-09-29T10:23:57.914Z,2495.765,RX,bus,-1,00115B22,1,5,01 00 00 22 5B,OK
2026-09-29T10:23:57.919Z,2500.683,RX,bus,-1,0001E8D9,1,7,01 00 00 0F 03 D9 E8,OK
2026-09-29T10:23:57.919Z,2500.857,RX,bus,-1,0011E8D9,1,5,01 00 00 D9 E8,OK
2026-09-29T10:23:57.924Z,2505.858,RX,bus,-1,0001F3A8,1,7,01 00 00 0F 03 A8 F3,OK
2026-09-29T10:23:57.924Z,2505.910,RX,bus,-1,0011F3A8,1,5,01 00 00 A8 F3,OK
2026-09-29T10:23:57.929Z,2510.860,RX,bus,-1,0001F00D,1,7,01 00 00 0F 03 0D F0,OK
2026-09-29T10:23:57.929Z,2510.912,RX,bus,-1,0011F00D,1,5,01 00 00 0D F0,OK
2026-09-29T10:23:57.934Z,2515.858,RX,bus,-1,00010AE5,1,7,01 00 00 0F 03 E5 0A,OK
2026-09-29T10:23:57.934Z,2515.911,RX,bus,-1,00110AE5,1,5,01 00 00 E5 0A,OK
2026-09-29T10:23:57.939Z,2520.874,RX,bus,-1,0001ABF9,1,7,01 00 00 0F 03 F9 AB,OK
2026-09-29T10:23:57.940Z,2520.925,RX,bus,-1,0011ABF9,1,5,01 00 00 F9 AB,OK
2026-09-29T10:23:57.944Z,2525.749,RX,bus,-1,00015869,1,7,01 00 00 0F 03 69 58,OK
2026-09-29T10:23:57.944Z,2525.801,RX,bus,-1,00115869,1,5,01 00 00 69 58,OK
2026-09-29T10:23:57.949Z,2530.858,RX,bus,-1,0001DE8E,1,7,01 00 00 0F 03 8E DE,OK
2026-09-29T10:23:57.949Z,2530.910,RX,bus,-1,0011DE8E,1,5,01 00 00 8E DE,OK
2026-09-29T10:23:57.954Z,2535.751,RX,bus,-1,000108F4,1,7,01 00 00 0F 03 F4 08,OK
2026-09-29T10:23:57.954Z,2535.802,RX,bus,-1,001108F4,1,5,01 00 00 F4 08,OK
2026-09-29T10:23:57.959Z,2540.808,RX,bus,-1,0001F8CB,1,7,01 00 00 0F 03 CB F8,OK
2026-09-29T10:23:57.959Z,2540.891,RX,bus,-1,0011F8CB,1,5,01 00 00 CB F8,OK
2026-09-29T10:23:57.964Z,2545.787,RX,bus,-1,0001F78E,1,7,01 00 00 0F 03 8E F7,OK
2026-09-29T10:23:57.964Z,2545.841,RX,bus,-1,0011F78E,1,5,01 00 00 8E F7,OK
2026-09-29T10:23:57.969Z,2550.839,RX,bus,-1,0001F175,1,7,01 00 00 0F 03 75 F1,OK
2026-09-29T10:23:57.969Z,2550.890,RX,bus,-1,0011F175,1,5,01 00 00 75 F1,OK
2026-09-29T10:23:57.974Z,2555.755,RX,bus,-1,0001C0F4,1,7,01 00 00 0F 03 F4 C0,OK
2026-09-29T10:23:57.974Z,2555.810,RX,bus,-1,0011C0F4,1,5,01 00 00 F4 C0,OK
2026-09-29T10:23:57.979Z,2560.750,RX,bus,-1,00013100,1,7,01 00 00 0F 03 00 31,OK
2026-09-29T10:23:57.979Z,2560.910,RX,bus,-1,00113100,1,5,01 00 00 00 31,OK
2026-09-29T10:23:57.984Z,2565.746,RX,bus,-1,0001B27A,1,7,01 00 00 0F 03 7A B2,OK
2026-09-29T10:23:57.984Z,2565.798,RX,bus,-1,0011B27A,1,5,01 00 00 7A B2,OK
2026-09-29T10:23:57.989Z,2570.758,RX,bus,-1,00017544,1,7,01 00 00 0F 03 44 75,OK
2026-09-29T10:23:57.989Z,2570.908,RX,bus,-1,00117544,1,5,01 00 00 44 75,OK
2026-09-29T10:23:57.993Z,2575.587,RX,bus,-1,0001790D,1,7,01 00 00 0F 03 0D 79,OK
2026-09-29T10:23:57.993Z,2575.896,RX,bus,-1,0011790D,1,5,01 00 00 0D 79,OK
2026-09-29T10:23:57.999Z,2580.530,RX,bus,-1,0001C273,1,7,01 00 00 0F 03 73 C2,OK
2026-09-29T10:23:57.999Z,2580.916,RX,bus,-1,0011C273,1,5,01 00 00 73 C2,OK
2026-09-29T10:23:58.004Z,2585.593,RX,bus,-1,0001FEF6,1,7,01 00 00 0F 03 F6 FE,OK
2026-09-29T10:23:58.004Z,2585.870,RX,bus,-1,0011FEF6,1,5,01 00 00 F6 FE,OK
2026-09-29T10:23:58.009Z,2590.597,RX,bus,-1,00019F6D,1,7,01 00 00 0F 03 6D 9F,OK
2026-09-29T10:23:58.009Z,2590.881,RX,bus,-1,00119F6D,1,5,01 00 00 6D 9F,OK
2026-09-29T10:23:58.014Z,2595.616,RX,bus,-1,0001729D,1,7,01 00 00 0F 03 9D 72,OK
2026-09-29T10:23:58.014Z,2595.869,RX,bus,-1,0011729D,1,5,01 00 00 9D 72,OK
2026-09-29T10:23:58.019Z,2600.568,RX,bus,-1,00019E65,1,7,01 00 00 0F 03 65 9E,OK
2026-09-29T10:23:58.019Z,2600.860,RX,bus,-1,00119E65,1,5,01 00 00 65 9E,OK
2026-09-29T10:23:58.024Z,2605.624,RX,bus,-1,00017A46,1,7,01 00 00 0F 03 46 7A,OK
2026-09-29T10:23:58.024Z,2605.862,RX,bus,-1,00117A46,1,5,01 00 00 46 7A,OK
2026-09-29T10:23:58.029Z,2610.609,RX,bus,-1,00016B75,1,7,01 00 00 0F 03 75 6B,OK
2026-09-29T10:23:58.029Z,2610.928,RX,bus,-1,00116B75,1,5,01 00 00 75 6B,OK
2026-09-29T10:23:58.034Z,2615.640,RX,bus,-1,000100B0,1,7,01 00 00 0F 03 B0 00,OK
2026-09-29T10:23:58.034Z,2615.925,RX,bus,-1,001100B0,1,5,01 00 00 B0 00,OK
2026-09-29T10:23:58.039Z,2620.578,RX,bus,-1,0001798A,1,7,01 00 00 0F 03 8A 79,OK
2026-09-29T10:23:58.039Z,2620.869,RX,bus,-1,0011798A,1,5,01 00 00 8A 79,OK
2026-09-29T10:23:58.044Z,2625.595,RX,bus,-1,00016BFA,1,7,01 00 00 0F 03 FA 6B,OK
2026-09-29T10:23:58.044Z,2625.904,RX,bus,-1,00116BFA,1,5,01 00 00 FA 6B,OK
2026-09-29T10:23:58.049Z,2630.574,RX,bus,-1,00015EDC,1,7,01 00 00 0F 03 DC 5E,OK
2026-09-29T10:23:58.049Z,2630.872,RX,bus,-1,00115EDC,1,5,01 00 00 DC 5E,OK
2026-09-29T10:23:58.054Z,2635.615,RX,bus,-1,00018C31,1,7,01 00 00 0F 03 31 8C,OK
2026-09-29T10:23:58.054Z,2635.869,RX,bus,-1,00118C31,1,5,01 00 00 31 8C,OK
2026-09-29T10:23:58.058Z,2640.732,RX,bus,-1,000120C7,1,7,01 00 00 0F 03 C7 20,OK
2026-09-29T10:23:58.059Z,2640.828,RX,bus,-1,001120C7,1,5,01 00 00 C7 20,OK
2026-09-29T10:23:58.063Z,2645.724,RX,bus,-1,00016084,1,7,01 00 00 0F 03 84 60,OK
2026-09-29T10:23:58.064Z,2645.866,RX,bus,-1,00116084,1,5,01 00 00 84 60,OK
2026-09-29T10:23:58.068Z,2650.573,RX,bus,-1,000163BF,1,7,01 00 00 0F 03 BF 63,OK
2026-09-29T10:23:58.069Z,2650.824,RX,bus,-1,001163BF,1,5,01 00 00 BF 63,OK
2026-09-29T10:23:58.073Z,2655.749,RX,bus,-1,0001B5E0,1,7,01 00 00 0F 03 E0 B5,OK
2026-09-29T10:23:58.074Z,2655.966,RX,bus,-1,0011B5E0,1,5,01 00 00 E0 B5,OK
2026-09-29T10:23:58.080Z,2660.911,RX,bus,-1,0001CAB8,1,7,01 00 00 0F 03 B8 CA,OK
2026-09-29T10:23:58.080Z,2660.993,RX,bus,-1,0011CAB8,1,5,01 00 00 B8 CA,OK
2026-09-29T10:23:58.084Z,2665.012,TX,short_f0012,0,0012C830,1,5,01 00 00 30 C8,OK
2026-09-29T10:23:58.084Z,2665.869,RX,bus,-1,0001C78C,1,7,01 00 00 0F 03 8C C7,OK
2026-09-29T10:23:58.084Z,2665.921,RX,bus,-1,0011C78C,1,5,01 00 00 8C C7,OK
2026-09-29T10:23:58.089Z,2670.573,RX,bus,-1,00018A39,1,7,01 00 00 0F 03 39 8A,OK
2026-09-29T10:23:58.089Z,2670.874,RX,bus,-1,00118A39,1,5,01 00 00 39 8A,OK
2026-09-29T10:23:58.094Z,2675.786,RX,bus,-1,00014202,1,7,01 00 00 0F 03 02 42,OK
2026-09-29T10:23:58.094Z,2675.838,RX,bus,-1,00114202,1,5,01 00 00 02 42,OK
2026-09-29T10:23:58.095Z,2677.537,RX,bus,-1,103C0401,1,4,00 00 00 01,OK
2026-09-29T10:23:58.096Z,2677.788,RX,bus,-1,103C0481,1,8,00 00 00 00 00 10 A4 13,OK
2026-09-29T10:23:58.099Z,2680.757,RX,bus,-1,00015DF3,1,7,01 00 00 0F 03 F3 5D,OK
2026-09-29T10:23:58.099Z,2680.845,RX,bus,-1,00115DF3,1,5,01 00 00 F3 5D,OK
2026-09-29T10:23:58.101Z,2682.783,RX,bus,-1,103C0401,1,4,00 00 00 01,OK
2026-09-29T10:23:58.101Z,2682.853,RX,bus,-1,103C0481,1,8,00 00 00 00 00 10 A4 13,OK
2026-09-29T10:23:58.104Z,2685.737,RX,bus,-1,00015606,1,7,01 00 00 0F 03 06 56,OK
2026-09-29T10:23:58.104Z,2685.836,RX,bus,-1,00115606,1,5,01 00 00 06 56,OK
2026-09-29T10:23:58.105Z,2687.576,RX,bus,-1,103C0401,1,4,00 00 00 01,OK
2026-09-29T10:23:58.106Z,2687.752,RX,bus,-1,103C0481,1,8,00 00 00 00 00 10 A4 13,OK
2026-09-29T10:23:58.109Z,2690.697,RX,bus,-1,0001E88D,1,7,01 00 00 0F 03 8D E8,OK
2026-09-29T10:23:58.109Z,2690.861,RX,bus,-1,0011E88D,1,5,01 00 00 8D E8,OK
2026-09-29T10:23:58.111Z,2692.678,RX,bus,-1,103C0401,1,4,00 00 00 01,OK
2026-09-29T10:23:58.111Z,2692.729,RX,bus,-1,103C0481,1,8,00 00 00 00 00 10 A5 13,OK
2026-09-29T10:23:58.114Z,2695.676,RX,bus,-1,000151DA,1,7,01 00 00 0F 03 DA 51,OK
2026-09-29T10:23:58.114Z,2695.862,RX,bus,-1,001151DA,1,5,01 00 00 DA 51,OK
2026-09-29T10:23:58.116Z,2697.661,RX,bus,-1,103C0401,1,4,00 00 00 01,OK
2026-09-29T10:23:58.116Z,2697.721,RX,bus,-1,103C0481,1,8,00 00 00 00 00 10 A5 13,OK
2026-09-29T10:23:58.119Z,2700.499,RX,bus,-1,0001CC0E,1,7,01 00 00 0F 03 0E CC,OK
2026-09-29T10:23:58.119Z,2700.870,RX,bus,-1,0011CC0E,1,5,01 00 00 0E CC,OK
2026-09-29T10:23:58.121Z,2702.678,RX,bus,-1,103C0401,1,4,00 00 00 01,OK
2026-09-29T10:23:58.121Z,2702.731,RX,bus,-1,103C0481,1,8,00 00 00 00 00 10 A5 13,OK
2026-09-29T10:23:58.124Z,2705.638,RX,bus,-1,0001CBFF,1,7,01 00 00 0F 03 FF CB,OK
2026-09-29T10:23:58.124Z,2705.872,RX,bus,-1,0011CBFF,1,5,01 00 00 FF CB,OK
2026-09-29T10:23:58.126Z,2707.662,RX,bus,-1,103C0401,1,4,00 00 00 01,OK
2026-09-29T10:23:58.126Z,2707.731,RX,bus,-1,103C0481,1,8,00 00 00 00 00 10 A4 13,OK
2026-09-29T10:23:58.129Z,2710.679,RX,bus,-1,00016605,1,7,01 00 00 0F 03 05 66,OK
2026-09-29T10:23:58.129Z,2710.785,RX,bus,-1,00116605,1,5,01 00 00 05 66,OK
2026-09-29T10:23:58.131Z,2712.684,RX,bus,-1,103C0401,1,4,00 00 00 01,OK
2026-09-29T10:23:58.131Z,2712.738,RX,bus,-1,103C0481,1,8,00 00 00 00 00 10 A4 13,OK
2026-09-29T10:23:58.134Z,2715.695,RX,bus,-1,000162DA,1,7,01 00 00 0F 03 DA 62,OK
2026-09-29T10:23:58.134Z,2715.834,RX,bus,-1,001162DA,1,5,01 00 00 DA 62,OK
2026-09-29T10:23:58.136Z,2717.655,RX,bus,-1,103C0401,1,4,00 00 00 01,OK
2026-09-29T10:23:58.136Z,2717.736,RX,bus,-1,103C0481,1,8,00 00 00 00 00 10 A4 13,OK
2026-09-29T10:23:58.139Z,2720.671,RX,bus,-1,00016560,1,7,01 00 00 0F 03 60 65,OK
2026-09-29T10:23:58.139Z,2720.858,RX,bus,-1,00116560,1,5,01 00 00 60 65,OK
2026-09-29T10:23:58.141Z,2722.717,RX,bus,-1,103C0401,1,4,00 00 00 01,OK
2026-09-29T10:23:58.141Z,2722.768,RX,bus,-1,103C0481,1,8,00 00 00 00 00 10 A5 13,OK
2026-09-29T10:23:58.144Z,2725.622,RX,bus,-1,0001623B,1,7,01 00 00 0F 03 3B 62,OK
2026-09-29T10:23:58.144Z,2725.868,RX,bus,-1,0011623B,1,5,01 00 00 3B 62,OK
2026-09-29T10:23:58.146Z,2727.631,RX,bus,-1,103C0401,1,4,00 00 00 01,OK
2026-09-29T10:23:58.146Z,2727.782,RX,bus,-1,103C0481,1,8,00 00 00 00 00 10 A5 13,OK
2026-09-29T10:23:58.149Z,2730.677,RX,bus,-1,00017C97,1,7,01 00 00 0F 03 97 7C,OK
2026-09-29T10:23:58.149Z,2730.858,RX,bus,-1,00117C97,1,5,01 00 00 97 7C,OK
2026-09-29T10:23:58.151Z,2732.648,RX,bus,-1,103C0401,1,4,00 00 00 01,OK
2026-09-29T10:23:58.151Z,2732.718,RX,bus,-1,103C0481,1,8,00 00 00 00 00 10 A5 13,OK
2026-09-29T10:23:58.154Z,2735.625,RX,bus,-1,00014F98,1,7,01 00 00 0F 03 98 4F,OK
2026-09-29T10:23:58.154Z,2735.870,RX,bus,-1,00114F98,1,5,01 00 00 98 4F,OK
2026-09-29T10:23:58.156Z,2737.645,RX,bus,-1,103C0401,1,4,00 00 00 01,OK
2026-09-29T10:23:58.156Z,2737.782,RX,bus,-1,103C0481,1,8,00 00 00 00 00 10 A5 13,OK
2026-09-29T10:23:58.159Z,2740.561,RX,bus,-1,0001118A,1,7,01 00 00 0F 03 8A 11,OK
2026-09-29T10:23:58.159Z,2740.861,RX,bus,-1,0011118A,1,5,01 00 00 8A 11,OK
2026-09-29T10:23:58.161Z,2742.532,RX,bus,-1,103C0401,1,4,00 00 00 01,OK
2026-09-29T10:23:58.161Z,2742.779,RX,bus,-1,103C0481,1,8,00 00 00 00 00 10 A4 13,OK
2026-09-29T10:23:58.164Z,2745.552,RX,bus,-1,00016B7F,1,7,01 00 00 0F 03 7F 6B,OK
2026-09-29T10:23:58.164Z,2745.869,RX,bus,-1,00116B7F,1,5,01 00 00 7F 6B,OK
2026-09-29T10:23:58.166Z,2747.543,RX,bus,-1,103C0401,1,4,00 00 00 01,OK
2026-09-29T10:23:58.166Z,2747.787,RX,bus,-1,103C0481,1,8,00 00 00 00 00 10 A4 13,OK
2026-09-29T10:23:58.169Z,2750.541,RX,bus,-1,0001254C,1,7,01 00 00 0F 03 4C 25,OK
2026-09-29T10:23:58.169Z,2750.823,RX,bus,-1,0011254C,1,5,01 00 00 4C 25,OK
2026-09-29T10:23:58.171Z,2752.517,RX,bus,-1,103C0401,1,4,00 00 00 01,OK
2026-09-29T10:23:58.171Z,2752.747,RX,bus,-1,103C0481,1,8,00 00 00 00 00 10 A5 13,OK
2026-09-29T10:23:58.174Z,2755.561,RX,bus,-1,00017A81,1,7,01 00 00 0F 03 81 7A,OK
2026-09-29T10:23:58.174Z,2755.855,RX,bus,-1,00117A81,1,5,01 00 00 81 7A,OK
2026-09-29T10:23:58.176Z,2757.552,RX,bus,-1,103C0401,1,4,00 00 00 01,OK
2026-09-29T10:23:58.176Z,2757.792,RX,bus,-1,103C0481,1,8,00 00 00 00 00 10 A5 13,OK
2026-09-29T10:23:58.179Z,2760.570,RX,bus,-1,0001BCB4,1,7,01 00 00 0F 03 B4 BC,OK
2026-09-29T10:23:58.179Z,2760.792,RX,bus,-1,0011BCB4,1,5,01 00 00 B4 BC,OK
2026-09-29T10:23:58.184Z,2765.570,RX,bus,-1,0001CDAD,1,7,01 00 00 0F 03 AD CD,OK
2026-09-29T10:23:58.184Z,2765.863,RX,bus,-1,0011CDAD,1,5,01 00 00 AD CD,OK
2026-09-29T10:23:58.189Z,2770.573,RX,bus,-1,00019360,1,7,01 00 00 0F 03 60 93,OK
2026-09-29T10:23:58.189Z,2770.868,RX,bus,-1,00119360,1,5,01 00 00 60 93,OK
2026-09-29T10:23:58.194Z,2775.579,RX,bus,-1,0001CA4F,1,7,01 00 00 0F 03 4F CA,OK
2026-09-29T10:23:58.194Z,2775.869,RX,bus,-1,0011CA4F,1,5,01 00 00 4F CA,OK
2026-09-29T10:23:58.199Z,2780.720,RX,bus,-1,00019197,1,7,01 00 00 0F 03 97 91,OK
2026-09-29T10:23:58.199Z,2780.823,RX,bus,-1,00119197,1,5,01 00 00 97 91,OK
2026-09-29T10:23:58.204Z,2785.690,RX,bus,-1,0001BA94,1,7,01 00 00 0F 03 94 BA,OK
2026-09-29T10:23:58.204Z,2785.856,RX,bus,-1,0011BA94,1,5,01 00 00 94 BA,OK
2026-09-29T10:23:58.209Z,2790.537,RX,bus,-1,0001F628,1,7,01 00 00 0F 03 28 F6,OK
2026-09-29T10:23:58.209Z,2790.871,RX,bus,-1,0011F628,1,5,01 00 00 28 F6,OK
2026-09-29T10:23:58.214Z,2795.595,RX,bus,-1,0001C03B,1,7,01 00 00 0F 03 3B C0,OK
2026-09-29T10:23:58.214Z,2795.877,RX,bus,-1,0011C03B,1,5,01 00 00 3B C0,OK
2026-09-29T10:23:58.219Z,2800.629,RX,bus,-1,0001503D,1,7,01 00 00 0F 03 3D 50,OK
2026-09-29T10:23:58.219Z,2800.860,RX,bus,-1,0011503D,1,5,01 00 00 3D 50,OK
2026-09-29T10:23:58.224Z,2805.595,RX,bus,-1,00011083,1,7,01 00 00 0F 03 83 10,OK
2026-09-29T10:23:58.224Z,2805.869,RX,bus,-1,00111083,1,5,01 00 00 83 10,OK
2026-09-29T10:23:58.229Z,2810.578,RX,bus,-1,00017DB7,1,7,01 00 00 0F 03 B7 7D,OK
2026-09-29T10:23:58.229Z,2810.870,RX,bus,-1,00117DB7,1,5,01 00 00 B7 7D,OK
2026-09-29T10:23:58.234Z,2815.567,RX,bus,-1,00018FF2,1,7,01 00 00 0F 03 F2 8F,OK
2026-09-29T10:23:58.234Z,2815.790,RX,bus,-1,00118FF2,1,5,01 00 00 F2 8F,OK
2026-09-29T10:23:58.239Z,2820.591,RX,bus,-1,0001B18A,1,7,01 00 00 0F 03 8A B1,OK
2026-09-29T10:23:58.239Z,2820.787,RX,bus,-1,0011B18A,1,5,01 00 00 8A B1,OK
2026-09-29T10:23:58.244Z,2825.608,RX,bus,-1,00010EA2,1,7,01 00 00 0F 03 A2 0E,OK
2026-09-29T10:23:58.244Z,2825.871,RX,bus,-1,00110EA2,1,5,01 00 00 A2 0E,OK
2026-09-29T10:23:58.249Z,2830.607,RX,bus,-1,0001EA3E,1,7,01 00 00 0F 03 3E EA,OK
2026-09-29T10:23:58.249Z,2830.870,RX,bus,-1,0011EA3E,1,5,01 00 00 3E EA,OK
2026-09-29T10:23:58.254Z,2835.592,RX,bus,-1,00011D48,1,7,01 00 00 0F 03 48 1D,OK
2026-09-29T10:23:58.254Z,2835.868,RX,bus,-1,00111D48,1,5,01 00 00 48 1D,OK
2026-09-29T10:23:58.259Z,2840.532,RX,bus,-1,00018F79,1,7,01 00 00 0F 03 79 8F,OK
2026-09-29T10:23:58.259Z,2840.869,RX,bus,-1,00118F79,1,5,01 00 00 79 8F,OK
2026-09-29T10:23:58.264Z,2845.570,RX,bus,-1,0001CD00,1,7,01 00 00 0F 03 00 CD,OK
2026-09-29T10:23:58.264Z,2845.859,RX,bus,-1,0011CD00,1,5,01 00 00 00 CD,OK
2026-09-29T10:23:58.269Z,2850.545,RX,bus,-1,00019237,1,7,01 00 00 0F 03 37 92,OK
2026-09-29T10:23:58.269Z,2850.861,RX,bus,-1,00119237,1,5,01 00 00 37 92,OK
2026-09-29T10:23:58.274Z,2855.638,RX,bus,-1,000127AE,1,7,01 00 00 0F 03 AE 27,OK
2026-09-29T10:23:58.274Z,2855.834,RX,bus,-1,001127AE,1,5,01 00 00 AE 27,OK
2026-09-29T10:23:58.279Z,2860.657,RX,bus,-1,00015226,1,7,01 00 00 0F 03 26 52,OK
2026-09-29T10:23:58.279Z,2860.773,RX,bus,-1,00115226,1,5,01 00 00 26 52,OK
2026-09-29T10:23:58.285Z,2866.027,RX,bus,-1,0001E06C,1,7,01 00 00 0F 03 6C E0,OK
2026-09-29T10:23:58.285Z,2866.119,RX,bus,-1,0011E06C,1,5,01 00 00 6C E0,OK
2026-09-29T10:23:58.290Z,2871.029,RX,bus,-1,00010B40,1,7,01 00 00 0F 03 40 0B,OK
2026-09-29T10:23:58.290Z,2871.122,RX,bus,-1,00110B40,1,5,01 00 00 40 0B,OK
2026-09-29T10:23:58.294Z,2875.696,RX,bus,-1,00012F63,1,7,01 00 00 0F 03 63 2F,OK
2026-09-29T10:23:58.294Z,2875.872,RX,bus,-1,00112F63,1,5,01 00 00 63 2F,OK
2026-09-29T10:23:58.299Z,2880.530,RX,bus,-1,00013D8F,1,7,01 00 00 0F 03 8F 3D,OK
2026-09-29T10:23:58.300Z,2881.010,RX,bus,-1,00113D8F,1,5,01 00 00 8F 3D,OK
2026-09-29T10:23:58.304Z,2885.677,RX,bus,-1,0001DA03,1,7,01 00 00 0F 03 03 DA,OK
2026-09-29T10:23:58.304Z,2885.880,RX,bus,-1,0011DA03,1,5,01 00 00 03 DA,OK
2026-09-29T10:23:58.309Z,2890.949,RX,bus,-1,00010DC7,1,7,01 00 00 0F 03 C7 0D,OK
2026-09-29T10:23:58.309Z,2891.041,RX,bus,-1,00110DC7,1,5,01 00 00 C7 0D,OK
2026-09-29T10:23:58.314Z,2895.663,RX,bus,-1,0001B46C,1,7,01 00 00 0F 03 6C B4,OK
2026-09-29T10:23:58.314Z,2895.871,RX,bus,-1,0011B46C,1,5,01 00 00 6C B4,OK
2026-09-29T10:23:58.319Z,2900.713,RX,bus,-1,0001B818,1,7,01 00 00 0F 03 18 B8,OK
2026-09-29T10:23:58.319Z,2900.894,RX,bus,-1,0011B818,1,5,01 00 00 18 B8,OK
2026-09-29T10:23:58.324Z,2905.780,RX,bus,-1,0001DE8C,1,7,01 00 00 0F 03 8C DE,OK
2026-09-29T10:23:58.324Z,2905.858,RX,bus,-1,0011DE8C,1,5,01 00 00 8C DE,OK
2026-09-29T10:23:58.329Z,2910.545,RX,bus,-1,00014B69,1,7,01 00 00 0F 03 69 4B,OK
2026-09-29T10:23:58.329Z,2910.786,RX,bus,-1,00114B69,1,5,01 00 00 69 4B,OK
2026-09-29T10:23:58.334Z,2915.552,RX,bus,-1,00013743,1,7,01 00 00 0F 03 43 37,OK
2026-09-29T10:23:58.334Z,2915.794,RX,bus,-1,00113743,1,5,01 00 00 43 37,OK
2026-09-29T10:23:58.339Z,2920.537,RX,bus,-1,0001A5D3,1,7,01 00 00 0F 03 D3 A5,OK
2026-09-29T10:23:58.339Z,2920.769,RX,bus,-1,0011A5D3,1,5,01 00 00 D3 A5,OK
2026-09-29T10:23:58.344Z,2925.630,RX,bus,-1,00013586,1,7,01 00 00 0F 03 86 35,OK
2026-09-29T10:23:58.344Z,2925.878,RX,bus,-1,00113586,1,5,01 00 00 86 35,OK
2026-09-29T10:23:58.349Z,2930.680,RX,bus,-1,0001201A,1,7,01 00 00 0F 03 1A 20,OK
2026-09-29T10:23:58.349Z,2930.772,RX,bus,-1,0011201A,1,5,01 00 00 1A 20,OK
2026-09-29T10:23:58.354Z,2935.607,RX,bus,-1,00012B51,1,7,01 00 00 0F 03 51 2B,OK
2026-09-29T10:23:58.354Z,2935.815,RX,bus,-1,00112B51,1,5,01 00 00 51 2B,OK
2026-09-29T10:23:58.359Z,2940.747,RX,bus,-1,0001A47C,1,7,01 00 00 0F 03 7C A4,OK
2026-09-29T10:23:58.359Z,2940.816,RX,bus,-1,0011A47C,1,5,01 00 00 7C A4,OK
2026-09-29T10:23:58.364Z,2945.679,RX,bus,-1,0001DFFC,1,7,01 00 00 0F 03 FC DF,OK
2026-09-29T10:23:58.364Z,2945.734,RX,bus,-1,0011DFFC,1,5,01 00 00 FC DF,OK
2026-09-29T10:23:58.369Z,2950.678,RX,bus,-1,00019204,1,7,01 00 00 0F 03 04 92,OK
2026-09-29T10:23:58.369Z,2950.732,RX,bus,-1,00119204,1,5,01 00 00 04 92,OK
2026-09-29T10:23:58.374Z,2955.680,RX,bus,-1,00012F1D,1,7,01 00 00 0F 03 1D 2F,OK
2026-09-29T10:23:58.374Z,2955.734,RX,bus,-1,00112F1D,1,5,01 00 00 1D 2F,OK
2026-09-29T10:23:58.379Z,2960.721,RX,bus,-1,00017846,1,7,01 00 00 0F 03 46 78,OK
2026-09-29T10:23:58.379Z,2960.773,RX,bus,-1,00117846,1,5,01 00 00 46 78,OK
2026-09-29T10:23:58.384Z,2965.692,RX,bus,-1,00011B1F,1,7,01 00 00 0F 03 1F 1B,OK
2026-09-29T10:23:58.384Z,2965.743,RX,bus,-1,00111B1F,1,5,01 00 00 1F 1B,OK
2026-09-29T10:23:58.389Z,2970.733,RX,bus,-1,0001EC30,1,7,01 00 00 0F 03 30 EC,OK
2026-09-29T10:23:58.389Z,2970.787,RX,bus,-1,0011EC30,1,5,01 00 00 30 EC,OK
2026-09-29T10:23:58.394Z,2975.675,RX,bus,-1,00010E41,1,7,01 00 00 0F 03 41 0E,OK
2026-09-29T10:23:58.394Z,2975.729,RX,bus,-1,00110E41,1,5,01 00 00 41 0E,OK
2026-09-29T10:23:58.399Z,2980.547,RX,bus,-1,00014157,1,7,01 00 00 0F 03 57 41,OK
2026-09-29T10:23:58.399Z,2980.791,RX,bus,-1,00114157,1,5,01 00 00 57 41,OK
2026-09-29T10:23:58.404Z,2985.592,RX,bus,-1,0001F691,1,7,01 00 00 0F 03 91 F6,OK
2026-09-29T10:23:58.404Z,2985.868,RX,bus,-1,0011F691,1,5,01 00 00 91 F6,OK
2026-09-29T10:23:58.409Z,2990.553,RX,bus,-1,0001B7E5,1,7,01 00 00 0F 03 E5 B7,OK
2026-09-29T10:23:58.409Z,2990.870,RX,bus,-1,0011B7E5,1,5,01 00 00 E5 B7,OK
2026-09-29T10:23:58.414Z,2995.540,RX,bus,-1,0001C120,1,7,01 00 00 0F 03 20 C1,OK
2026-09-29T10:23:58.414Z,2995.855,RX,bus,-1,0011C120,1,5,01 00 00 20 C1,OK
2026-09-29T10:23:58.419Z,3000.698,RX,bus,-1,0001DA13,1,7,01 00 00 0F 03 13 DA,OK
2026-09-29T10:23:58.419Z,3000.872,RX,bus,-1,0011DA13,1,5,01 00 00 13 DA,OK
2026-09-29T10:23:58.424Z,3005.687,RX,bus,-1,0001EA81,1,7,01 00 00 0F 03 81 EA,OK
2026-09-29T10:23:58.424Z,3005.870,RX,bus,-1,0011EA81,1,5,01 00 00 81 EA,OK
2026-09-29T10:23:58.429Z,3010.600,RX,bus,-1,000178D3,1,7,01 00 00 0F 03 D3 78,OK
2026-09-29T10:23:58.429Z,3010.866,RX,bus,-1,001178D3,1,5,01 00 00 D3 78,OK
2026-09-29T10:23:58.434Z,3015.514,RX,bus,-1,00019E58,1,7,01 00 00 0F 03 58 9E,OK
2026-09-29T10:23:58.434Z,3015.788,RX,bus,-1,00119E58,1,5,01 00 00 58 9E,OK
2026-09-29T10:23:58.439Z,3020.538,RX,bus,-1,0001261B,1,7,01 00 00 0F 03 1B 26,OK
2026-09-29T10:23:58.439Z,3020.789,RX,bus,-1,0011261B,1,5,01 00 00 1B 26,OK
2026-09-29T10:23:58.444Z,3025.521,RX,bus,-1,0001597B,1,7,01 00 00 0F 03 7B 59,OK
2026-09-29T10:23:58.444Z,3025.767,RX,bus,-1,0011597B,1,5,01 00 00 7B 59,OK
2026-09-29T10:23:58.449Z,3030.503,RX,bus,-1,000183EE,1,7,01 00 00 0F 03 EE 83,OK
2026-09-29T10:23:58.449Z,3030.817,RX,bus,-1,001183EE,1,5,01 00 00 EE 83,OK
2026-09-29T10:23:58.454Z,3035.514,RX,bus,-1,000145F7,1,7,01 00 00 0F 03 F7 45,OK
2026-09-29T10:23:58.454Z,3035.768,RX,bus,-1,001145F7,1,5,01 00 00 F7 45,OK
2026-09-29T10:23:58.459Z,3040.610,RX,bus,-1,00015A13,1,7,01 00 00 0F 03 13 5A,OK
2026-09-29T10:23:58.459Z,3040.858,RX,bus,-1,00115A13,1,5,01 00 00 13 5A,OK
2026-09-29T10:23:58.464Z,3045.585,RX,bus,-1,000135FB,1,7,01 00 00 0F 03 FB 35,OK
2026-09-29T10:23:58.464Z,3045.848,RX,bus,-1,001135FB,1,5,01 00 00 FB 35,OK
2026-09-29T10:23:58.469Z,3050.512,RX,bus,-1,0001C51B,1,7,01 00 00 0F 03 1B C5,OK
2026-09-29T10:23:58.469Z,3050.760,RX,bus,-1,0011C51B,1,5,01 00 00 1B C5,OK
2026-09-29T10:23:58.474Z,3055.719,RX,bus,-1,0001D270,1,7,01 00 00 0F 03 70 D2,OK
2026-09-29T10:23:58.474Z,3055.860,RX,bus,-1,0011D270,1,5,01 00 00 70 D2,OK
2026-09-29T10:23:58.479Z,3060.582,RX,bus,-1,00015826,1,7,01 00 00 0F 03 26 58,OK
2026-09-29T10:23:58.479Z,3060.863,RX,bus,-1,00115826,1,5,01 00 00 26 58,OK
2026-09-29T10:23:58.484Z,3065.537,RX,bus,-1,00017FC6,1,7,01 00 00 0F 03 C6 7F,OK
2026-09-29T10:23:58.484Z,3065.856,RX,bus,-1,00117FC6,1,5,01 00 00 C6 7F,OK
2026-09-29T10:23:58.489Z,3070.586,RX,bus,-1,0001A78C,1,7,01 00 00 0F 03 8C A7,OK
2026-09-29T10:23:58.489Z,3070.783,RX,bus,-1,0011A78C,1,5,01 00 00 8C A7,OK
2026-09-29T10:23:58.494Z,3075.688,RX,bus,-1,0001C74B,1,7,01 00 00 0F 03 4B C7,OK
2026-09-29T10:23:58.494Z,3075.737,RX,bus,-1,0011C74B,1,5,01 00 00 4B C7,OK
2026-09-29T10:23:58.499Z,3080.718,RX,bus,-1,0001FD4A,1,7,01 00 00 0F 03 4A FD,OK
2026-09-29T10:23:58.499Z,3080.772,RX,bus,-1,0011FD4A,1,5,01 00 00 4A FD,OK
2026-09-29T10:23:58.504Z,3085.695,RX,bus,-1,0001C8F8,1,7,01 00 00 0F 03 F8 C8,OK
2026-09-29T10:23:58.504Z,3085.858,RX,bus,-1,0011C8F8,1,5,01 00 00 F8 C8,OK
2026-09-29T10:23:58.509Z,3090.699,RX,bus,-1,0001C4EA,1,7,01 00 00 0F 03 EA C4,OK
2026-09-29T10:23:58.509Z,3090.749,RX,bus,-1,0011C4EA,1,5,01 00 00 EA C4,OK
2026-09-29T10:23:58.514Z,3095.542,RX,bus,-1,0001459E,1,7,01 00 00 0F 03 9E 45,OK
2026-09-29T10:23:58.514Z,3095.782,RX,bus,-1,0011459E,1,5,01 00 00 9E 45,OK
2026-09-29T10:23:58.519Z,3100.513,RX,bus,-1,00015F43,1,7,01 00 00 0F 03 43 5F,OK
2026-09-29T10:23:58.519Z,3100.757,RX,bus,-1,00115F43,1,5,01 00 00 43 5F,OK
2026-09-29T10:23:58.524Z,3105.519,RX,bus,-1,0001F6DC,1,7,01 00 00 0F 03 DC F6,OK
2026-09-29T10:23:58.524Z,3105.766,RX,bus,-1,0011F6DC,1,5,01 00 00 DC F6,OK
2026-09-29T10:23:58.529Z,3110.523,RX,bus,-1,0001CF37,1,7,01 00 00 0F 03 37 CF,OK
2026-09-29T10:23:58.529Z,3110.764,RX,bus,-1,0011CF37,1,5,01 00 00 37 CF,OK
2026-09-29T10:23:58.534Z,3115.521,RX,bus,-1,0001FA3E,1,7,01 00 00 0F 03 3E FA,OK
2026-09-29T10:23:58.534Z,3115.767,RX,bus,-1,0011FA3E,1,5,01 00 00 3E FA,OK
2026-09-29T10:23:58.539Z,3120.712,RX,bus,-1,00013768,1,7,01 00 00 0F 03 68 37,OK
2026-09-29T10:23:58.539Z,3120.762,RX,bus,-1,00113768,1,5,01 00 00 68 37,OK
2026-09-29T10:23:58.544Z,3125.522,RX,bus,-1,0001967E,1,7,01 00 00 0F 03 7E 96,OK
2026-09-29T10:23:58.544Z,3125.764,RX,bus,-1,0011967E,1,5,01 00 00 7E 96,OK
2026-09-29T10:23:58.549Z,3130.699,RX,bus,-1,00015171,1,7,01 00 00 0F 03 71 51,OK
2026-09-29T10:23:58.549Z,3130.749,RX,bus,-1,00115171,1,5,01 00 00 71 51,OK
2026-09-29T10:23:58.554Z,3135.523,RX,bus,-1,000149B4,1,7,01 00 00 0F 03 B4 49,OK
2026-09-29T10:23:58.554Z,3135.763,RX,bus,-1,001149B4,1,5,01 00 00 B4 49,OK
2026-09-29T10:23:58.559Z,3140.515,RX,bus,-1,00011A27,1,7,01 00 00 0F 03 27 1A,OK
2026-09-29T10:23:58.559Z,3140.754,RX,bus,-1,00111A27,1,5,01 00 00 27 1A,OK
2026-09-29T10:23:58.564Z,3145.694,RX,bus,-1,00019501,1,7,01 00 00 0F 03 01 95,OK
2026-09-29T10:23:58.564Z,3145.765,RX,bus,-1,00119501,1,5,01 00 00 01 95,OK
2026-09-29T10:23:58.569Z,3150.676,RX,bus,-1,00018EF6,1,7,01 00 00 0F 03 F6 8E,OK
2026-09-29T10:23:58.569Z,3150.731,RX,bus,-1,00118EF6,1,5,01 00 00 F6 8E,OK
2026-09-29T10:23:58.574Z,3155.718,RX,bus,-1,000149F1,1,7,01 00 00 0F 03 F1 49,OK
2026-09-29T10:23:58.574Z,3155.772,RX,bus,-1,001149F1,1,5,01 00 00 F1 49,OK
2026-09-29T10:23:58.579Z,3160.667,RX,bus,-1,0001E349,1,7,01 00 00 0F 03 49 E3,OK
2026-09-29T10:23:58.579Z,3160.721,RX,bus,-1,0011E349,1,5,01 00 00 49 E3,OK
2026-09-29T10:23:58.583Z,3164.778,TX,short_f0012,0,0012C831,1,5,01 00 00 31 C8,OK
2026-09-29T10:23:58.583Z,3165.705,RX,bus,-1,0001C3B0,1,7,01 00 00 0F 03 B0 C3,OK
2026-09-29T10:23:58.583Z,3165.861,RX,bus,-1,0011C3B0,1,5,01 00 00 B0 C3,OK
2026-09-29T10:23:58.589Z,3170.596,RX,bus,-1,000139AA,1,7,01 00 00 0F 03 AA 39,OK
2026-09-29T10:23:58.589Z,3170.738,RX,bus,-1,001139AA,1,5,01 00 00 AA 39,OK
2026-09-29T10:23:58.594Z,3175.590,RX,bus,-1,0001E1C1,1,7,01 00 00 0F 03 C1 E1,OK
2026-09-29T10:23:58.594Z,3175.755,RX,bus,-1,0011E1C1,1,5,01 00 00 C1 E1,OK
2026-09-29T10:23:58.596Z,3177.643,RX,bus,-1,103C0401,1,4,00 00 00 01,OK
2026-09-29T10:23:58.596Z,3177.726,RX,bus,-1,103C0481,1,8,00 00 00 00 00 10 A5 13,OK
2026-09-29T10:23:58.599Z,3180.675,RX,bus,-1,0001E6F5,1,7,01 00 00 0F 03 F5 E6,OK
2026-09-29T10:23:58.599Z,3180.777,RX,bus,-1,0011E6F5,1,5,01 00 00 F5 E6,OK
2026-09-29T10:23:58.601Z,3182.606,RX,bus,-1,103C0401,1,4,00 00 00 01,OK
2026-09-29T10:23:58.601Z,3182.652,RX,bus,-1,103C0481,1,8,00 00 00 00 00 10 A5 13,OK
2026-09-29T10:23:58.604Z,3185.622,RX,bus,-1,000157D5,1,7,01 00 00 0F 03 D5 57,OK
2026-09-29T10:23:58.604Z,3185.665,RX,bus,-1,001157D5,1,5,01 00 00 D5 57,OK
2026-09-29T10:23:58.606Z,3187.656,RX,bus,-1,103C0401,1,4,00 00 00 01,OK
2026-09-29T10:23:58.606Z,3187.728,RX,bus,-1,103C0481,1,8,00 00 00 00 00 10 A4 13,OK
2026-09-29T10:23:58.609Z,3190.661,RX,bus,-1,00016AD9,1,7,01 00 00 0F 03 D9 6A,OK
2026-09-29T10:23:58.609Z,3190.713,RX,bus,-1,00116AD9,1,5,01 00 00 D9 6A,OK
2026-09-29T10:23:58.611Z,3192.701,RX,bus,-1,103C0401,1,4,00 00 00 01,OK
2026-09-29T10:23:58.611Z,3192.779,RX,bus,-1,103C0481,1,8,00 00 00 00 00 10 A5 13,OK
2026-09-29T10:23:58.614Z,3195.622,RX,bus,-1,0001CDFF,1,7,01 00 00 0F 03 FF CD,OK
2026-09-29T10:23:58.614Z,3195.775,RX,bus,-1,0011CDFF,1,5,01 00 00 FF CD,OK
2026-09-29T10:23:58.616Z,3197.685,RX,bus,-1,103C0401,1,4,00 00 00 01,OK
2026-09-29T10:23:58.616Z,3197.737,RX,bus,-1,103C0481,1,8,00 00 00 00 00 10 A5 13,OK
2026-09-29T10:23:58.619Z,3200.516,RX,bus,-1,00015B76,1,7,01 00 00 0F 03 76 5B,OK
2026-09-29T10:23:58.619Z,3200.764,RX,bus,-1,00115B76,1,5,01 00 00 76 5B,OK
2026-09-29T10:23:58.621Z,3202.492,RX,bus,-1,103C0401,1,4,00 00 00 01,OK
2026-09-29T10:23:58.621Z,3202.708,RX,bus,-1,103C0481,1,8,00 00 00 00 00 10 A5 13,OK
2026-09-29T10:23:58.624Z,3205.512,RX,bus,-1,00019E4C,1,7,01 00 00 0F 03 4C 9E,OK
2026-09-29T10:23:58.624Z,3205.754,RX,bus,-1,00119E4C,1,5,01 00 00 4C 9E,OK
2026-09-29T10:23:58.626Z,3207.487,RX,bus,-1,103C0401,1,4,00 00 00 01,OK
2026-09-29T10:23:58.626Z,3207.727,RX,bus,-1,103C0481,1,8,00 00 00 00 00 10 A4 13,OK
2026-09-29T10:23:58.629Z,3210.671,RX,bus,-1,000142DC,1,7,01 00 00 0F 03 DC 42,OK
2026-09-29T10:23:58.629Z,3210.722,RX,bus,-1,001142DC,1,5,01 00 00 DC 42,OK
2026-09-29T10:23:58.631Z,3212.658,RX,bus,-1,103C0401,1,4,00 00 00 01,OK
2026-09-29T10:23:58.631Z,3212.709,RX,bus,-1,103C0481,1,8,00 00 00 00 00 10 A5 13,OK
2026-09-29T10:23:58.634Z,3215.508,RX,bus,-1,0001B88C,1,7,01 00 00 0F 03 8C B8,OK
2026-09-29T10:23:58.634Z,3215.753,RX,bus,-1,0011B88C,1,5,01 00 00 8C B8,OK
2026-09-29T10:23:58.636Z,3217.496,RX,bus,-1,103C0401,1,4,00 00 00 01,OK
2026-09-29T10:23:58.636Z,3217.711,RX,bus,-1,103C0481,1,8,00 00 00 00 00 10 A5 13,OK
2026-09-29T10:23:58.639Z,3220.519,RX,bus,-1,000193BB,1,7,01 00 00 0F 03 BB 93,OK
2026-09-29T10:23:58.639Z,3220.762,RX,bus,-1,001193BB,1,5,01 00 00 BB 93,OK
2026-09-29T10:23:58.641Z,3222.485,RX,bus,-1,103C0401,1,4,00 00 00 01,OK
2026-09-29T10:23:58.641Z,3222.702,RX,bus,-1,103C0481,1,8,00 00 00 00 00 10 A5 13,OK
2026-09-29T10:23:58.644Z,3225.516,RX,bus,-1,000166D5,1,7,01 00 00 0F 03 D5 66,OK
2026-09-29T10:23:58.644Z,3225.761,RX,bus,-1,001166D5,1,5,01 00 00 D5 66,OK
2026-09-29T10:23:58.646Z,3227.479,RX,bus,-1,103C0401,1,4,00 00 00 01,OK
2026-09-29T10:23:58.646Z,3227.724,RX,bus,-1,103C0481,1,8,00 00 00 00 00 10 A4 13,OK
2026-09-29T10:23:58.649Z,3230.667,RX,bus,-1,0001DF7C,1,7,01 00 00 0F 03 7C DF,OK
2026-09-29T10:23:58.649Z,3230.718,RX,bus,-1,0011DF7C,1,5,01 00 00 7C DF,OK
2026-09-29T10:23:58.651Z,3232.489,RX,bus,-1,103C0401,1,4,00 00 00 01,OK
2026-09-29T10:23:58.651Z,3232.738,RX,bus,-1,103C0481,1,8,00 00 00 00 00 10 A5 13,OK
2026-09-29T10:23:58.654Z,3235.722,RX,bus,-1,00014D00,1,7,01 00 00 0F 03 00 4D,OK
2026-09-29T10:23:58.654Z,3235.773,RX,bus,-1,00114D00,1,5,01 00 00 00 4D,OK
2026-09-29T10:23:58.656Z,3237.493,RX,bus,-1,103C0401,1,4,00 00 00 01,OK
2026-09-29T10:23:58.656Z,3237.737,RX,bus,-1,103C0481,1,8,00 00 00 00 00 10 A5 13,OK
2026-09-29T10:23:58.659Z,3240.512,RX,bus,-1,00015EA1,1,7,01 00 00 0F 03 A1 5E,OK
2026-09-29T10:23:58.659Z,3240.754,RX,bus,-1,00115EA1,1,5,01 00 00 A1 5E,OK
2026-09-29T10:23:58.661Z,3242.489,RX,bus,-1,103C0401,1,4,00 00 00 01,OK
2026-09-29T10:23:58.661Z,3242.727,RX,bus,-1,103C0481,1,8,00 00 00 00 00 10 A5 13,OK
2026-09-29T10:23:58.664Z,3245.526,RX,bus,-1,0001AF2D,1,7,01 00 00 0F 03 2D AF,OK
2026-09-29T10:23:58.664Z,3245.762,RX,bus,-1,0011AF2D,1,5,01 00 00 2D AF,OK
2026-09-29T10:23:58.666Z,3247.495,RX,bus,-1,103C0401,1,4,00 00 00 01,OK
2026-09-29T10:23:58.666Z,3247.741,RX,bus,-1,103C0481,1,8,00 00 00 00 00 10 A4 13,OK
2026-09-29T10:23:58.669Z,3250.556,RX,bus,-1,0001111A,1,7,01 00 00 0F 03 1A 11,OK
2026-09-29T10:23:58.669Z,3250.756,RX,bus,-1,0011111A,1,5,01 00 00 1A 11,OK
2026-09-29T10:23:58.671Z,3252.528,RX,bus,-1,103C0401,1,4,00 00 00 01,OK
2026-09-29T10:23:58.671Z,3252.731,RX,bus,-1,103C0481,1,8,00 00 00 00 00 10 A5 13,OK
2026-09-29T10:23:58.674Z,3255.729,RX,bus,-1,0001371D,1,7,01 00 00 0F 03 1D 37,OK
2026-09-29T10:23:58.674Z,3255.811,RX,bus,-1,0011371D,1,5,01 00 00 1D 37,OK
2026-09-29T10:23:58.676Z,3257.670,RX,bus,-1,103C0401,1,4,00 00 00 01,OK
2026-09-29T10:23:58.676Z,3257.721,RX,bus,-1,103C0481,1,8,00 00 00 00 00 10 A5 13,OK
2026-09-29T10:23:58.679Z,3260.645,RX,bus,-1,000156F3,1,7,01 00 00 0F 03 F3 56,OK
2026-09-29T10:23:58.679Z,3260.697,RX,bus,-1,001156F3,1,5,01 00 00 F3 56,OK
2026-09-29T10:23:58.684Z,3265.684,RX,bus,-1,000121DB,1,7,01 00 00 0F 03 DB 21,OK
2026-09-29T10:23:58.684Z,3265.749,RX,bus,-1,001121DB,1,5,01 00 00 DB 21,OK
2026-09-29T10:23:58.689Z,3270.666,RX,bus,-1,00014A8B,1,7,01 00 00 0F 03 8B 4A,OK
2026-09-29T10:23:58.689Z,3270.718,RX,bus,-1,00114A8B,1,5,01 00 00 8B 4A,OK
2026-09-29T10:23:58.694Z,3275.696,RX,bus,-1,00014307,1,7,01 00 00 0F 03 07 43,OK
2026-09-29T10:23:58.694Z,3275.780,RX,bus,-1,00114307,1,5,01 00 00 07 43,OK
2026-09-29T10:23:58.699Z,3280.490,RX,bus,-1,0001202D,1,7,01 00 00 0F 03 2D 20,OK
2026-09-29T10:23:58.699Z,3280.728,RX,bus,-1,0011202D,1,5,01 00 00 2D 20,OK
2026-09-29T10:23:58.704Z,3285.514,RX,bus,-1,0001A8C9,1,7,01 00 00 0F 03 C9 A8,OK
2026-09-29T10:23:58.704Z,3285.760,RX,bus,-1,0011A8C9,1,5,01 00 00 C9 A8,OK
2026-09-29T10:23:58.709Z,3290.503,RX,bus,-1,00014FC3,1,7,01 00 00 0F 03 C3 4F,OK
2026-09-29T10:23:58.709Z,3290.742,RX,bus,-1,00114FC3,1,5,01 00 00 C3 4F,OK
2026-09-29T10:23:58.714Z,3295.495,RX,bus,-1,00016734,1,7,01 00 00 0F 03 34 67,OK
2026-09-29T10:23:58.714Z,3295.740,RX,bus,-1,00116734,1,5,01 00 00 34 67,OK
2026-09-29T10:23:58.719Z,3300.683,RX,bus,-1,0001D803,1,7,01 00 00 0F 03 03 D8,OK
2026-09-29T10:23:58.719Z,3300.749,RX,bus,-1,0011D803,1,5,01 00 00 03 D8,OK
2026-09-29T10:23:58.724Z,3305.647,RX,bus,-1,00011399,1,7,01 00 00 0F 03 99 13,OK
2026-09-29T10:23:58.724Z,3305.698,RX,bus,-1,00111399,1,5,01 00 00 99 13,OK
2026-09-29T10:23:58.729Z,3310.696,RX,bus,-1,00010B38,1,7,01 00 00 0F 03 38 0B,OK
2026-09-29T10:23:58.729Z,3310.780,RX,bus,-1,00110B38,1,5,01 00 00 38 0B,OK
2026-09-29T10:23:58.734Z,3315.650,RX,bus,-1,0001D424,1,7,01 00 00 0F 03 24 D4,OK
2026-09-29T10:23:58.734Z,3315.704,RX,bus,-1,0011D424,1,5,01 00 00 24 D4,OK
2026-09-29T10:23:58.738Z,3320.491,RX,bus,-1,000144A4,1,7,01 00 00 0F 03 A4 44,OK
2026-09-29T10:23:58.739Z,3320.801,RX,bus,-1,001144A4,1,5,01 00 00 A4 44,OK
2026-09-29T10:23:58.744Z,3325.648,RX,bus,-1,000175B4,1,7,01 00 00 0F 03 B4 75,OK
2026-09-29T10:23:58.744Z,3325.699,RX,bus,-1,001175B4,1,5,01 00 00 B4 75,OK
2026-09-29T10:23:58.749Z,3330.680,RX,bus,-1,00017E03,1,7,01 00 00 0F 03 03 7E,OK
2026-09-29T10:23:58.749Z,3330.747,RX,bus,-1,00117E03,1,5,01 00 00 03 7E,OK
2026-09-29T10:23:58.754Z,3335.682,RX,bus,-1,000109D0,1,7,01 00 00 0F 03 D0 09,OK
2026-09-29T10:23:58.754Z,3335.749,RX,bus,-1,001109D0,1,5,01 00 00 D0 09,OK
2026-09-29T10:23:58.759Z,3340.668,RX,bus,-1,00013BBD,1,7,01 00 00 0F 03 BD 3B,OK
2026-09-29T10:23:58.759Z,3340.734,RX,bus,-1,00113BBD,1,5,01 00 00 BD 3B,OK
2026-09-29T10:23:58.764Z,3345.765,RX,bus,-1,0001F422,1,7,01 00 00 0F 03 22 F4,OK
2026-09-29T10:23:58.764Z,3345.818,RX,bus,-1,0011F422,1,5,01 00 00 22 F4,OK
2026-09-29T10:23:58.769Z,3350.530,RX,bus,-1,000166C7,1,7,01 00 00 0F 03 C7 66,OK
2026-09-29T10:23:58.769Z,3350.746,RX,bus,-1,001166C7,1,5,01 00 00 C7 66,OK
2026-09-29T10:23:58.774Z,3355.481,RX,bus,-1,0001DEE2,1,7,01 00 00 0F 03 E2 DE,OK
2026-09-29T10:23:58.774Z,3355.738,RX,bus,-1,0011DEE2,1,5,01 00 00 E2 DE,OK
2026-09-29T10:23:58.779Z,3360.491,RX,bus,-1,0001DE3E,1,7,01 00 00 0F 03 3E DE,OK
2026-09-29T10:23:58.779Z,3360.742,RX,bus,-1,0011DE3E,1,5,01 00 00 3E DE,OK
2026-09-29T10:23:58.784Z,3365.487,RX,bus,-1,00012B1C,1,7,01 00 00 0F 03 1C 2B,OK
2026-09-29T10:23:58.784Z,3365.727,RX,bus,-1,00112B1C,1,5,01 00 00 1C 2B,OK
2026-09-29T10:23:58.789Z,3370.512,RX,bus,-1,00012351,1,7,01 00 00 0F 03 51 23,OK
2026-09-29T10:23:58.789Z,3370.733,RX,bus,-1,00112351,1,5,01 00 00 51 23,OK
2026-09-29T10:23:58.794Z,3375.426,RX,bus,-1,000195A9,1,7,01 00 00 0F 03 A9 95,OK
2026-09-29T10:23:58.794Z,3375.674,RX,bus,-1,001195A9,1,5,01 00 00 A9 95,OK
2026-09-29T10:23:58.799Z,3380.698,RX,bus,-1,000100DF,1,7,01 00 00 0F 03 DF 00,OK
2026-09-29T10:23:58.799Z,3380.792,RX,bus,-1,001100DF,1,5,01 00 00 DF 00,OK
2026-09-29T10:23:58.804Z,3385.647,RX,bus,-1,0001BB61,1,7,01 00 00 0F 03 61 BB,OK
2026-09-29T10:23:58.804Z,3385.732,RX,bus,-1,0011BB61,1,5,01 00 00 61 BB,OK
2026-09-29T10:23:58.809Z,3390.647,RX,bus,-1,00018D03,1,7,01 00 00 0F 03 03 8D,OK
2026-09-29T10:23:58.809Z,3390.698,RX,bus,-1,00118D03,1,5,01 00 00 03 8D,OK
2026-09-29T10:23:58.814Z,3395.641,RX,bus,-1,0001E6CA,1,7,01 00 00 0F 03 CA E6,OK
2026-09-29T10:23:58.814Z,3395.737,RX,bus,-1,0011E6CA,1,5,01 00 00 CA E6,OK
2026-09-29T10:23:58.819Z,3400.429,RX,bus,-1,00016D61,1,7,01 00 00 0F 03 61 6D,OK
2026-09-29T10:23:58.819Z,3400.718,RX,bus,-1,00116D61,1,5,01 00 00 61 6D,OK
2026-09-29T10:23:58.824Z,3405.480,RX,bus,-1,0001034B,1,7,01 00 00 0F 03 4B 03,OK
2026-09-29T10:23:58.824Z,3405.733,RX,bus,-1,0011034B,1,5,01 00 00 4B 03,OK
2026-09-29T10:23:58.829Z,3410.494,RX,bus,-1,0001AFF0,1,7,01 00 00 0F 03 F0 AF,OK
2026-09-29T10:23:58.829Z,3410.736,RX,bus,-1,0011AFF0,1,5,01 00 00 F0 AF,OK
2026-09-29T10:23:58.834Z,3415.481,RX,bus,-1,000121B6,1,7,01 00 00 0F 03 B6 21,OK
2026-09-29T10:23:58.834Z,3415.739,RX,bus,-1,001121B6,1,5,01 00 00 B6 21,OK
2026-09-29T10:23:58.839Z,3420.497,RX,bus,-1,00012894,1,7,01 00 00 0F 03 94 28,OK
2026-09-29T10:23:58.839Z,3420.740,RX,bus,-1,00112894,1,5,01 00 00 94 28,OK
2026-09-29T10:23:58.844Z,3425.566,RX,bus,-1,00017FA0,1,7,01 00 00 0F 03 A0 7F,OK
2026-09-29T10:23:58.844Z,3425.739,RX,bus,-1,00117FA0,1,5,01 00 00 A0 7F,OK
2026-09-29T10:23:58.849Z,3430.489,RX,bus,-1,0001A8C6,1,7,01 00 00 0F 03 C6 A8,OK
2026-09-29T10:23:58.849Z,3430.741,RX,bus,-1,0011A8C6,1,5,01 00 00 C6 A8,OK
2026-09-29T10:23:58.854Z,3435.494,RX,bus,-1,000126DF,1,7,01 00 00 0F 03 DF 26,OK
2026-09-29T10:23:58.854Z,3435.733,RX,bus,-1,001126DF,1,5,01 00 00 DF 26,OK
2026-09-29T10:23:58.859Z,3440.486,RX,bus,-1,0001E11C,1,7,01 00 00 0F 03 1C E1,OK
2026-09-29T10:23:58.859Z,3440.742,RX,bus,-1,0011E11C,1,5,01 00 00 1C E1,OK
2026-09-29T10:23:58.864Z,3445.558,RX,bus,-1,00017429,1,7,01 00 00 0F 03 29 74,OK
2026-09-29T10:23:58.864Z,3445.731,RX,bus,-1,00117429,1,5,01 00 00 29 74,OK
2026-09-29T10:23:58.868Z,3450.645,RX,bus,-1,00017D6E,1,7,01 00 00 0F 03 6E 7D,OK
2026-09-29T10:23:58.868Z,3450.697,RX,bus,-1,00117D6E,1,5,01 00 00 6E 7D,OK
2026-09-29T10:23:58.873Z,3455.662,RX,bus,-1,000187A8,1,7,01 00 00 0F 03 A8 87,OK
2026-09-29T10:23:58.874Z,3455.714,RX,bus,-1,001187A8,1,5,01 00 00 A8 87,OK
2026-09-29T10:23:58.878Z,3460.640,RX,bus,-1,000122F1,1,7,01 00 00 0F 03 F1 22,OK
2026-09-29T10:23:58.878Z,3460.691,RX,bus,-1,001122F1,1,5,01 00 00 F1 22,OK
2026-09-29T10:23:58.883Z,3465.678,RX,bus,-1,00018403,1,7,01 00 00 0F 03 03 84,OK
2026-09-29T10:23:58.884Z,3465.729,RX,bus,-1,00118403,1,5,01 00 00 03 84,OK
2026-09-29T10:23:58.888Z,3470.644,RX,bus,-1,0001D474,1,7,01 00 00 0F 03 74 D4,OK
2026-09-29T10:23:58.888Z,3470.698,RX,bus,-1,0011D474,1,5,01 00 00 74 D4,OK
2026-09-29T10:23:58.893Z,3475.635,RX,bus,-1,00018420,1,7,01 00 00 0F 03 20 84,OK
2026-09-29T10:23:58.893Z,3475.687,RX,bus,-1,00118420,1,5,01 00 00 20 84,OK
2026-09-29T10:23:58.899Z,3480.492,RX,bus,-1,0001A7AA,1,7,01 00 00 0F 03 AA A7,OK
2026-09-29T10:23:58.899Z,3480.738,RX,bus,-1,0011A7AA,1,5,01 00 00 AA A7,OK
2026-09-29T10:23:58.904Z,3485.495,RX,bus,-1,00012DB7,1,7,01 00 00 0F 03 B7 2D,OK
2026-09-29T10:23:58.904Z,3485.739,RX,bus,-1,00112DB7,1,5,01 00 00 B7 2D,OK
2026-09-29T10:23:58.909Z,3490.495,RX,bus,-1,0001DF28,1,7,01 00 00 0F 03 28 DF,OK
2026-09-29T10:23:58.909Z,3490.717,RX,bus,-1,0011DF28,1,5,01 00 00 28 DF,OK
2026-09-29T10:23:58.914Z,3495.490,RX,bus,-1,00013E6D,1,7,01 00 00 0F 03 6D 3E,OK
2026-09-29T10:23:58.914Z,3495.712,RX,bus,-1,00113E6D,1,5,01 00 00 6D 3E,OK
2026-09-29T10:23:58.919Z,3500.688,RX,bus,-1,0001BF7A,1,7,01 00 00 0F 03 7A BF,OK
2026-09-29T10:23:58.919Z,3500.756,RX,bus,-1,0011BF7A,1,5,01 00 00 7A BF,OK
2026-09-29T10:23:58.924Z,3505.641,RX,bus,-1,00015B0A,1,7,01 00 00 0F 03 0A 5B,OK
2026-09-29T10:23:58.924Z,3505.693,RX,bus,-1,00115B0A,1,5,01 00 00 0A 5B,OK
2026-09-29T10:23:58.929Z,3510.684,RX,bus,-1,00011280,1,7,01 00 00 0F 03 80 12,OK
2026-09-29T10:23:58.929Z,3510.735,RX,bus,-1,00111280,1,5,01 00 00 80 12,OK
2026-09-29T10:23:58.934Z,3515.687,RX,bus,-1,00019C09,1,7,01 00 00 0F 03 09 9C,OK
2026-09-29T10:23:58.934Z,3515.757,RX,bus,-1,00119C09,1,5,01 00 00 09 9C,OK
2026-09-29T10:23:58.939Z,3520.683,RX,bus,-1,000186F5,1,7,01 00 00 0F 03 F5 86,OK
2026-09-29T10:23:58.939Z,3520.734,RX,bus,-1,001186F5,1,5,01 00 00 F5 86,OK
2026-09-29T10:23:58.944Z,3525.671,RX,bus,-1,0001F894,1,7,01 00 00 0F 03 94 F8,OK
2026-09-29T10:23:58.944Z,3525.756,RX,bus,-1,0011F894,1,5,01 00 00 94 F8,OK
2026-09-29T10:23:58.949Z,3530.657,RX,bus,-1,00010AC3,1,7,01 00 00 0F 03 C3 0A,OK
2026-09-29T10:23:58.949Z,3530.725,RX,bus,-1,00110AC3,1,5,01 00 00 C3 0A,OK
2026-09-29T10:23:58.954Z,3535.637,RX,bus,-1,00017CAF,1,7,01 00 00 0F 03 AF 7C,OK
2026-09-29T10:23:58.954Z,3535.689,RX,bus,-1,00117CAF,1,5,01 00 00 AF 7C,OK
2026-09-29T10:23:58.958Z,3540.459,RX,bus,-1,0001499B,1,7,01 00 00 0F 03 9B 49,OK
2026-09-29T10:23:58.959Z,3540.747,RX,bus,-1,0011499B,1,5,01 00 00 9B 49,OK
2026-09-29T10:23:58.964Z,3545.616,RX,bus,-1,00019913,1,7,01 00 00 0F 03 13 99,OK
2026-09-29T10:23:58.964Z,3545.668,RX,bus,-1,00119913,1,5,01 00 00 13 99,OK
2026-09-29T10:23:58.969Z,3550.490,RX,bus,-1,000155E7,1,7,01 00 00 0F 03 E7 55,OK
2026-09-29T10:23:58.969Z,3550.736,RX,bus,-1,001155E7,1,5,01 00 00 E7 55,OK
2026-09-29T10:23:58.974Z,3555.473,RX,bus,-1,0001B712,1,7,01 00 00 0F 03 12 B7,OK
2026-09-29T10:23:58.974Z,3555.718,RX,bus,-1,0011B712,1,5,01 00 00 12 B7,OK
2026-09-29T10:23:58.979Z,3560.467,RX,bus,-1,0001C511,1,7,01 00 00 0F 03 11 C5,OK
2026-09-29T10:23:58.979Z,3560.703,RX,bus,-1,0011C511,1,5,01 00 00 11 C5,OK
2026-09-29T10:23:58.984Z,3565.524,RX,bus,-1,0001E07C,1,7,01 00 00 0F 03 7C E0,OK
2026-09-29T10:23:58.984Z,3565.748,RX,bus,-1,0011E07C,1,5,01 00 00 7C E0,OK
2026-09-29T10:23:58.989Z,3570.464,RX,bus,-1,000138B4,1,7,01 00 00 0F 03 B4 38,OK
2026-09-29T10:23:58.989Z,3570.711,RX,bus,-1,001138B4,1,5,01 00 00 B4 38,OK
2026-09-29T10:23:58.994Z,3575.467,RX,bus,-1,00012752,1,7,01 00 00 0F 03 52 27,OK
2026-09-29T10:23:58.994Z,3575.698,RX,bus,-1,00112752,1,5,01 00 00 52 27,OK
2026-09-29T10:23:58.999Z,3580.569,RX,bus,-1,0001812E,1,7,01 00 00 0F 03 2E 81,OK
2026-09-29T10:23:58.999Z,3580.639,RX,bus,-1,0011812E,1,5,01 00 00 2E 81,OK
2026-09-29T10:23:59.004Z,3585.606,RX,bus,-1,00012ED5,1,7,01 00 00 0F 03 D5 2E,OK
2026-09-29T10:23:59.004Z,3585.658,RX,bus,-1,00112ED5,1,5,01 00 00 D5 2E,OK
2026-09-29T10:23:59.009Z,3590.573,RX,bus,-1,00018AB0,1,7,01 00 00 0F 03 B0 8A,OK
2026-09-29T10:23:59.009Z,3590.661,RX,bus,-1,00118AB0,1,5,01 00 00 B0 8A,OK
2026-09-29T10:23:59.014Z,3595.609,RX,bus,-1,0001CB2E,1,7,01 00 00 0F 03 2E CB,OK
2026-09-29T10:23:59.014Z,3595.661,RX,bus,-1,0011CB2E,1,5,01 00 00 2E CB,OK
2026-09-29T10:23:59.019Z,3600.720,RX,bus,-1,000118BD,1,7,01 00 00 0F 03 BD 18,OK
2026-09-29T10:23:59.019Z,3600.773,RX,bus,-1,001118BD,1,5,01 00 00 BD 18,OK
2026-09-29T10:23:59.024Z,3605.612,RX,bus,-1,00011AC4,1,7,01 00 00 0F 03 C4 1A,OK
2026-09-29T10:23:59.024Z,3605.664,RX,bus,-1,00111AC4,1,5,01 00 00 C4 1A,OK
2026-09-29T10:23:59.029Z,3610.457,RX,bus,-1,000180BA,1,7,01 00 00 0F 03 BA 80,OK
2026-09-29T10:23:59.029Z,3610.697,RX,bus,-1,001180BA,1,5,01 00 00 BA 80,OK
2026-09-29T10:23:59.034Z,3615.535,RX,bus,-1,0001C7F9,1,7,01 00 00 0F 03 F9 C7,OK
2026-09-29T10:23:59.034Z,3615.701,RX,bus,-1,0011C7F9,1,5,01 00 00 F9 C7,OK
2026-09-29T10:23:59.039Z,3620.527,RX,bus,-1,00018EFB,1,7,01 00 00 0F 03 FB 8E,OK
2026-09-29T10:23:59.039Z,3620.695,RX,bus,-1,00118EFB,1,5,01 00 00 FB 8E,OK
2026-09-29T10:23:59.044Z,3625.460,RX,bus,-1,00011BE5,1,7,01 00 00 0F 03 E5 1B,OK
2026-09-29T10:23:59.044Z,3625.700,RX,bus,-1,00111BE5,1,5,01 00 00 E5 1B,OK
2026-09-29T10:23:59.049Z,3630.463,RX,bus,-1,00018672,1,7,01 00 00 0F 03 72 86,OK
2026-09-29T10:23:59.049Z,3630.710,RX,bus,-1,00118672,1,5,01 00 00 72 86,OK
2026-09-29T10:23:59.054Z,3635.459,RX,bus,-1,00017E4D,1,7,01 00 00 0F 03 4D 7E,OK
2026-09-29T10:23:59.054Z,3635.694,RX,bus,-1,00117E4D,1,5,01 00 00 4D 7E,OK
2026-09-29T10:23:59.059Z,3640.458,RX,bus,-1,0001A1E5,1,7,01 00 00 0F 03 E5 A1,OK
2026-09-29T10:23:59.059Z,3640.704,RX,bus,-1,0011A1E5,1,5,01 00 00 E5 A1,OK
2026-09-29T10:23:59.064Z,3645.451,RX,bus,-1,000100DF,1,7,01 00 00 0F 03 DF 00,OK
2026-09-29T10:23:59.064Z,3645.663,RX,bus,-1,001100DF,1,5,01 00 00 DF 00,OK
2026-09-29T10:23:59.069Z,3650.515,RX,bus,-1,0001FA5F,1,7,01 00 00 0F 03 5F FA,OK
2026-09-29T10:23:59.069Z,3650.692,RX,bus,-1,0011FA5F,1,5,01 00 00 5F FA,OK
2026-09-29T10:23:59.074Z,3655.523,RX,bus,-1,00019B81,1,7,01 00 00 0F 03 81 9B,OK
2026-09-29T10:23:59.074Z,3655.695,RX,bus,-1,00119B81,1,5,01 00 00 81 9B,OK
2026-09-29T10:23:59.079Z,3660.523,RX,bus,-1,00010D34,1,7,01 00 00 0F 03 34 0D,OK
2026-09-29T10:23:59.079Z,3660.607,RX,bus,-1,00110D34,1,5,01 00 00 34 0D,OK
2026-09-29T10:23:59.084Z,3665.056,TX,short_f0012,0,0012C832,1,5,01 00 00 32 C8,OK
2026-09-29T10:23:59.084Z,3665.511,RX,bus,-1,00019D35,1,7,01 00 00 0F 03 35 9D,OK
2026-09-29T10:23:59.084Z,3665.567,RX,bus,-1,00119D35,1,5,01 00 00 35 9D,OK
2026-09-29T10:23:59.089Z,3670.472,RX,bus,-1,00010CCE,1,7,01 00 00 0F 03 CE 0C,OK
2026-09-29T10:23:59.089Z,3670.663,RX,bus,-1,00110CCE,1,5,01 00 00 CE 0C,OK
2026-09-29T10:23:59.094Z,3675.440,RX,bus,-1,000128DB,1,7,01 00 00 0F 03 DB 28,OK
2026-09-29T10:23:59.094Z,3675.709,RX,bus,-1,001128DB,1,5,01 00 00 DB 28,OK
2026-09-29T10:23:59.096Z,3677.382,RX,bus,-1,103C0401,1,4,00 00 00 01,OK
2026-09-29T10:23:59.096Z,3677.623,RX,bus,-1,103C0481,1,8,00 00 00 00 00 10 A5 13,OK
2026-09-29T10:23:59.098Z,3680.456,RX,bus,-1,0001F223,1,7,01 00 00 0F 03 23 F2,OK
2026-09-29T10:23:59.099Z,3680.673,RX,bus,-1,0011F223,1,5,01 00 00 23 F2,OK
2026-09-29T10:23:59.100Z,3682.408,RX,bus,-1,103C0401,1,4,00 00 00 01,OK
2026-09-29T10:23:59.101Z,3682.604,RX,bus,-1,103C0481,1,8,00 00 00 00 00 10 A5 13,OK
2026-09-29T10:23:59.104Z,3685.467,RX,bus,-1,000132DC,1,7,01 00 00 0F 03 DC 32,OK
2026-09-29T10:23:59.104Z,3685.662,RX,bus,-1,001132DC,1,5,01 00 00 DC 32,OK
2026-09-29T10:23:59.105Z,3687.421,RX,bus,-1,103C0401,1,4,00 00 00 01,OK
2026-09-29T10:23:59.106Z,3687.627,RX,bus,-1,103C0481,1,8,00 00 00 00 00 10 A4 13,OK
2026-09-29T10:23:59.108Z,3690.427,RX,bus,-1,0001997A,1,7,01 00 00 0F 03 7A 99,OK
2026-09-29T10:23:59.109Z,3690.637,RX,bus,-1,0011997A,1,5,01 00 00 7A 99,OK
2026-09-29T10:23:59.110Z,3692.408,RX,bus,-1,103C0401,1,4,00 00 00 01,OK
2026-09-29T10:23:59.111Z,3692.644,RX,bus,-1,103C0481,1,8,00 00 00 00 00 10 A5 13,OK
2026-09-29T10:23:59.113Z,3695.420,RX,bus,-1,00019884,1,7,01 00 00 0F 03 84 98,OK
2026-09-29T10:23:59.114Z,3695.648,RX,bus,-1,00119884,1,5,01 00 00 84 98,OK
2026-09-29T10:23:59.115Z,3697.404,RX,bus,-1,103C0401,1,4,00 00 00 01,OK
2026-09-29T10:23:59.116Z,3697.642,RX,bus,-1,103C0481,1,8,00 00 00 00 00 10 A5 13,OK
2026-09-29T10:23:59.119Z,3700.419,RX,bus,-1,00010BF5,1,7,01 00 00 0F 03 F5 0B,OK
2026-09-29T10:23:59.119Z,3700.652,RX,bus,-1,00110BF5,1,5,01 00 00 F5 0B,OK
2026-09-29T10:23:59.121Z,3702.403,RX,bus,-1,103C0401,1,4,00 00 00 01,OK
2026-09-29T10:23:59.121Z,3702.636,RX,bus,-1,103C0481,1,8,00 00 00 00 00 10 A5 13,OK
2026-09-29T10:23:59.124Z,3705.422,RX,bus,-1,00012790,1,7,01 00 00 0F 03 90 27,OK
2026-09-29T10:23:59.124Z,3705.657,RX,bus,-1,00112790,1,5,01 00 00 90 27,OK
2026-09-29T10:23:59.126Z,3707.398,RX,bus,-1,103C0401,1,4,00 00 00 01,OK
2026-09-29T10:23:59.126Z,3707.643,RX,bus,-1,103C0481,1,8,00 00 00 00 00 10 A4 13,OK
2026-09-29T10:23:59.129Z,3710.416,RX,bus,-1,0001DBF0,1,7,01 00 00 0F 03 F0 DB,OK
2026-09-29T10:23:59.129Z,3710.658,RX,bus,-1,0011DBF0,1,5,01 00 00 F0 DB,OK
2026-09-29T10:23:59.131Z,3712.395,RX,bus,-1,103C0401,1,4,00 00 00 01,OK
2026-09-29T10:23:59.131Z,3712.634,RX,bus,-1,103C0481,1,8,00 00 00 00 00 10 A5 13,OK
2026-09-29T10:23:59.134Z,3715.419,RX,bus,-1,0001D83F,1,7,01 00 00 0F 03 3F D8,OK
2026-09-29T10:23:59.134Z,3715.658,RX,bus,-1,0011D83F,1,5,01 00 00 3F D8,OK
2026-09-29T10:23:59.136Z,3717.398,RX,bus,-1,103C0401,1,4,00 00 00 01,OK
2026-09-29T10:23:59.136Z,3717.637,RX,bus,-1,103C0481,1,8,00 00 00 00 00 10 A5 13,OK
2026-09-29T10:23:59.139Z,3720.398,RX,bus,-1,00010939,1,7,01 00 00 0F 03 39 09,OK
2026-09-29T10:23:59.139Z,3720.638,RX,bus,-1,00110939,1,5,01 00 00 39 09,OK
2026-09-29T10:23:59.141Z,3722.400,RX,bus,-1,103C0401,1,4,00 00 00 01,OK
2026-09-29T10:23:59.141Z,3722.644,RX,bus,-1,103C0481,1,8,00 00 00 00 00 10 A5 13,OK
2026-09-29T10:23:59.144Z,3725.397,RX,bus,-1,000171E6,1,7,01 00 00 0F 03 E6 71,OK
2026-09-29T10:23:59.144Z,3725.645,RX,bus,-1,001171E6,1,5,01 00 00 E6 71,OK
2026-09-29T10:23:59.146Z,3727.370,RX,bus,-1,103C0401,1,4,00 00 00 01,OK
2026-09-29T10:23:59.146Z,3727.610,RX,bus,-1,103C0481,1,8,00 00 00 00 00 10 A4 13,OK
2026-09-29T10:23:59.149Z,3730.414,RX,bus,-1,000152B0,1,7,01 00 00 0F 03 B0 52,OK
2026-09-29T10:23:59.149Z,3730.658,RX,bus,-1,001152B0,1,5,01 00 00 B0 52,OK
2026-09-29T10:23:59.151Z,3732.381,RX,bus,-1,103C0401,1,4,00 00 00 01,OK
2026-09-29T10:23:59.151Z,3732.614,RX,bus,-1,103C0481,1,8,00 00 00 00 00 10 A5 13,OK
2026-09-29T10:23:59.154Z,3735.418,RX,bus,-1,000161D8,1,7,01 00 00 0F 03 D8 61,OK
2026-09-29T10:23:59.154Z,3735.657,RX,bus,-1,001161D8,1,5,01 00 00 D8 61,OK
2026-09-29T10:23:59.156Z,3737.368,RX,bus,-1,103C0401,1,4,00 00 00 01,OK
2026-09-29T10:23:59.156Z,3737.607,RX,bus,-1,103C0481,1,8,00 00 00 00 00 10 A5 13,OK
2026-09-29T10:23:59.159Z,3740.419,RX,bus,-1,0001F5CA,1,7,01 00 00 0F 03 CA F5,OK
2026-09-29T10:23:59.159Z,3740.654,RX,bus,-1,0011F5CA,1,5,01 00 00 CA F5,OK
2026-09-29T10:23:59.161Z,3742.378,RX,bus,-1,103C0401,1,4,00 00 00 01,OK
2026-09-29T10:23:59.161Z,3742.618,RX,bus,-1,103C0481,1,8,00 00 00 00 00 10 A4 13,OK
2026-09-29T10:23:59.164Z,3745.453,RX,bus,-1,00014E20,1,7,01 00 00 0F 03 20 4E,OK
2026-09-29T10:23:59.164Z,3745.679,RX,bus,-1,00114E20,1,5,01 00 00 20 4E,OK
2026-09-29T10:23:59.166Z,3747.376,RX,bus,-1,103C0401,1,4,00 00 00 01,OK
2026-09-29T10:23:59.166Z,3747.660,RX,bus,-1,103C0481,1,8,00 00 00 00 00 10 A4 13,OK
2026-09-29T10:23:59.168Z,3750.461,RX,bus,-1,00018D12,1,7,01 00 00 0F 03 12 8D,OK
2026-09-29T10:23:59.169Z,3750.700,RX,bus,-1,00118D12,1,5,01 00 00 12 8D,OK
2026-09-29T10:23:59.170Z,3752.416,RX,bus,-1,103C0401,1,4,00 00 00 01,OK
2026-09-29T10:23:59.170Z,3752.657,RX,bus,-1,103C0481,1,8,00 00 00 00 00 10 A4 13,OK
2026-09-29T10:23:59.173Z,3755.410,RX,bus,-1,0001455D,1,7,01 00 00 0F 03 5D 45,OK
2026-09-29T10:23:59.173Z,3755.662,RX,bus,-1,0011455D,1,5,01 00 00 5D 45,OK
2026-09-29T10:23:59.175Z,3757.463,RX,bus,-1,103C0401,1,4,00 00 00 01,OK
2026-09-29T10:23:59.175Z,3757.602,RX,bus,-1,103C0481,1,8,00 00 00 00 00 10 A5 13,OK
2026-09-29T10:23:59.178Z,3760.468,RX,bus,-1,00016198,1,7,01 00 00 0F 03 98 61,OK
2026-09-29T10:23:59.179Z,3760.664,RX,bus,-1,00116198,1,5,01 00 00 98 61,OK
2026-09-29T10:23:59.183Z,3765.363,RX,bus,-1,0001B2C3,1,7,01 00 00 0F 03 C3 B2,OK
2026-09-29T10:23:59.183Z,3765.618,RX,bus,-1,0011B2C3,1,5,01 00 00 C3 B2,OK
2026-09-29T10:23:59.188Z,3770.358,RX,bus,-1,0001FFEE,1,7,01 00 00 0F 03 EE FF,OK
2026-09-29T10:23:59.188Z,3770.595,RX,bus,-1,0011FFEE,1,5,01 00 00 EE FF,OK
2026-09-29T10:23:59.193Z,3775.387,RX,bus,-1,0001450E,1,7,01 00 00 0F 03 0E 45,OK
2026-09-29T10:23:59.193Z,3775.627,RX,bus,-1,0011450E,1,5,01 00 00 0E 45,OK
2026-09-29T10:23:59.199Z,3780.416,RX,bus,-1,0001C428,1,7,01 00 00 0F 03 28 C4,OK
2026-09-29T10:23:59.199Z,3780.653,RX,bus,-1,0011C428,1,5,01 00 00 28 C4,OK
2026-09-29T10:23:59.204Z,3785.360,RX,bus,-1,0001E4E9,1,7,01 00 00 0F 03 E9 E4,OK
2026-09-29T10:23:59.204Z,3785.594,RX,bus,-1,0011E4E9,1,5,01 00 00 E9 E4,OK
2026-09-29T10:23:59.209Z,3790.354,RX,bus,-1,0001C0FA,1,7,01 00 00 0F 03 FA C0,OK
2026-09-29T10:23:59.209Z,3790.638,RX,bus,-1,0011C0FA,1,5,01 00 00 FA C0,OK
2026-09-29T10:23:59.214Z,3795.434,RX,bus,-1,0001D714,1,7,01 00 00 0F 03 14 D7,OK
2026-09-29T10:23:59.214Z,3795.679,RX,bus,-1,0011D714,1,5,01 00 00 14 D7,OK
2026-09-29T10:23:59.218Z,3800.407,RX,bus,-1,0001D8DC,1,7,01 00 00 0F 03 DC D8,OK
2026-09-29T10:23:59.218Z,3800.642,RX,bus,-1,0011D8DC,1,5,01 00 00 DC D8,OK
2026-09-29T10:23:59.223Z,3805.355,RX,bus,-1,00011456,1,7,01 00 00 0F 03 56 14,OK
2026-09-29T10:23:59.223Z,3805.591,RX,bus,-1,00111456,1,5,01 00 00 56 14,OK
2026-09-29T10:23:59.228Z,3810.354,RX,bus,-1,000170F0,1,7,01 00 00 0F 03 F0 70,OK
2026-09-29T10:23:59.228Z,3810.597,RX,bus,-1,001170F0,1,5,01 00 00 F0 70,OK
2026-09-29T10:23:59.233Z,3815.353,RX,bus,-1,000140F4,1,7,01 00 00 0F 03 F4 40,OK
2026-09-29T10:23:59.233Z,3815.586,RX,bus,-1,001140F4,1,5,01 00 00 F4 40,OK
2026-09-29T10:23:59.238Z,3820.354,RX,bus,-1,0001D3F3,1,7,01 00 00 0F 03 F3 D3,OK
2026-09-29T10:23:59.238Z,3820.597,RX,bus,-1,0011D3F3,1,5,01 00 00 F3 D3,OK
2026-09-29T10:23:59.243Z,3825.394,RX,bus,-1,0001E74B,1,7,01 00 00 0F 03 4B E7,OK
2026-09-29T10:23:59.243Z,3825.632,RX,bus,-1,0011E74B,1,5,01 00 00 4B E7,OK
2026-09-29T10:23:59.249Z,3830.658,RX,bus,-1,0001FC77,1,7,01 00 00 0F 03 77 FC,OK
2026-09-29T10:23:59.249Z,3830.703,RX,bus,-1,0011FC77,1,5,01 00 00 77 FC,OK
2026-09-29T10:23:59.254Z,3835.617,RX,bus,-1,0001A0C1,1,7,01 00 00 0F 03 C1 A0,OK
2026-09-29T10:23:59.254Z,3835.662,RX,bus,-1,0011A0C1,1,5,01 00 00 C1 A0,OK
2026-09-29T10:23:59.259Z,3840.390,RX,bus,-1,0001BC4E,1,7,01 00 00 0F 03 4E BC,OK
2026-09-29T10:23:59.259Z,3840.628,RX,bus,-1,0011BC4E,1,5,01 00 00 4E BC,OK
2026-09-29T10:23:59.264Z,3845.694,RX,bus,-1,0001F21D,1,7,01 00 00 0F 03 1D F2,OK
2026-09-29T10:23:59.264Z,3845.737,RX,bus,-1,0011F21D,1,5,01 00 00 1D F2,OK
2026-09-29T10:23:59.270Z,3851.057,RX,bus,-1,00016BBE,1,7,01 00 00 0F 03 BE 6B,OK
2026-09-29T10:23:59.270Z,3851.146,RX,bus,-1,00116BBE,1,5,01 00 00 BE 6B,OK
2026-09-29T10:23:59.275Z,3856.015,RX,bus,-1,00010413,1,7,01 00 00 0F 03 13 04,OK
2026-09-29T10:23:59.275Z,3856.106,RX,bus,-1,00110413,1,5,01 00 00 13 04,OK
2026-09-29T10:23:59.279Z,3860.501,RX,bus,-1,0001DDF7,1,7,01 00 00 0F 03 F7 DD,OK
2026-09-29T10:23:59.279Z,3860.708,RX,bus,-1,0011DDF7,1,5,01 00 00 F7 DD,OK
2026-09-29T10:23:59.284Z,3865.787,RX,bus,-1,00017A83,1,7,01 00 00 0F 03 83 7A,OK
2026-09-29T10:23:59.284Z,3865.878,RX,bus,-1,00117A83,1,5,01 00 00 83 7A,OK
2026-09-29T10:23:59.289Z,3870.745,RX,bus,-1,0001B4E7,1,7,01 00 00 0F 03 E7 B4,OK
2026-09-29T10:23:59.289Z,3870.838,RX,bus,-1,0011B4E7,1,5,01 00 00 E7 B4,OK
2026-09-29T10:23:59.294Z,3875.458,RX,bus,-1,000170BA,1,7,01 00 00 0F 03 BA 70,OK
2026-09-29T10:23:59.294Z,3875.656,RX,bus,-1,001170BA,1,5,01 00 00 BA 70,OK
2026-09-29T10:23:59.300Z,3880.893,RX,bus,-1,0001DD61,1,7,01 00 00 0F 03 61 DD,OK
2026-09-29T10:23:59.300Z,3880.988,RX,bus,-1,0011DD61,1,5,01 00 00 61 DD,OK
2026-09-29T10:23:59.304Z,3885.514,RX,bus,-1,0001D2B2,1,7,01 00 00 0F 03 B2 D2,OK
2026-09-29T10:23:59.304Z,3885.609,RX,bus,-1,0011D2B2,1,5,01 00 00 B2 D2,OK
2026-09-29T10:23:59.310Z,3890.926,RX,bus,-1,0001952A,1,7,01 00 00 0F 03 2A 95,OK
2026-09-29T10:23:59.310Z,3891.020,RX,bus,-1,0011952A,1,5,01 00 00 2A 95,OK
2026-09-29T10:23:59.314Z,3895.572,RX,bus,-1,0001FB31,1,7,01 00 00 0F 03 31 FB,OK
2026-09-29T10:23:59.314Z,3895.664,RX,bus,-1,0011FB31,1,5,01 00 00 31 FB,OK
2026-09-29T10:23:59.319Z,3900.917,RX,bus,-1,00012F6F,1,7,01 00 00 0F 03 6F 2F,OK
2026-09-29T10:23:59.319Z,3901.009,RX,bus,-1,00112F6F,1,5,01 00 00 6F 2F,OK
2026-09-29T10:23:59.324Z,3905.588,RX,bus,-1,0001002B,1,7,01 00 00 0F 03 2B 00,OK
2026-09-29T10:23:59.324Z,3905.683,RX,bus,-1,0011002B,1,5,01 00 00 2B 00,OK
2026-09-29T10:23:59.329Z,3910.641,RX,bus,-1,000150B4,1,7,01 00 00 0F 03 B4 50,OK
2026-09-29T10:23:59.329Z,3910.753,RX,bus,-1,001150B4,1,5,01 00 00 B4 50,OK
2026-09-29T10:23:59.334Z,3915.489,RX,bus,-1,0001C2D3,1,7,01 00 00 0F 03 D3 C2,OK
2026-09-29T10:23:59.334Z,3915.663,RX,bus,-1,0011C2D3,1,5,01 00 00 D3 C2,OK
2026-09-29T10:23:59.339Z,3920.593,RX,bus,-1,00015E35,1,7,01 00 00 0F 03 35 5E,OK
2026-09-29T10:23:59.339Z,3920.687,RX,bus,-1,00115E35,1,5,01 00 00 35 5E,OK
2026-09-29T10:23:59.344Z,3925.909,RX,bus,-1,0001624E,1,7,01 00 00 0F 03 4E 62,OK
2026-09-29T10:23:59.344Z,3926.005,RX,bus,-1,0011624E,1,5,01 00 00 4E 62,OK
2026-09-29T10:23:59.349Z,3930.590,RX,bus,-1,00019153,1,7,01 00 00 0F 03 53 91,OK
2026-09-29T10:23:59.349Z,3930.685,RX,bus,-1,00119153,1,5,01 00 00 53 91,OK
2026-09-29T10:23:59.354Z,3935.570,RX,bus,-1,000127D0,1,7,01 00 00 0F 03 D0 27,OK
2026-09-29T10:23:59.354Z,3935.666,RX,bus,-1,001127D0,1,5,01 00 00 D0 27,OK
2026-09-29T10:23:59.359Z,3940.579,RX,bus,-1,00016681,1,7,01 00 00 0F 03 81 66,OK
2026-09-29T10:23:59.359Z,3940.674,RX,bus,-1,00116681,1,5,01 00 00 81 66,OK
2026-09-29T10:23:59.364Z,3945.469,RX,bus,-1,000108B5,1,7,01 00 00 0F 03 B5 08,OK
2026-09-29T10:23:59.364Z,3945.657,RX,bus,-1,001108B5,1,5,01 00 00 B5 08,OK
2026-09-29T10:23:59.369Z,3950.490,RX,bus,-1,00012BD3,1,7,01 00 00 0F 03 D3 2B,OK
2026-09-29T10:23:59.369Z,3950.681,RX,bus,-1,00112BD3,1,5,01 00 00 D3 2B,OK
2026-09-29T10:23:59.374Z,3955.612,RX,bus,-1,0001B6DD,1,7,01 00 00 0F 03 DD B6,OK
2026-09-29T10:23:59.374Z,3955.755,RX,bus,-1,0011B6DD,1,5,01 00 00 DD B6,OK
2026-09-29T10:23:59.379Z,3960.568,RX,bus,-1,0001EA17,1,7,01 00 00 0F 03 17 EA,OK
2026-09-29T10:23:59.379Z,3960.662,RX,bus,-1,0011EA17,1,5,01 00 00 17 EA,OK
2026-09-29T10:23:59.384Z,3965.855,RX,bus,-1,00018542,1,7,01 00 00 0F 03 42 85,OK
2026-09-29T10:23:59.384Z,3965.946,RX,bus,-1,00118542,1,5,01 00 00 42 85,OK
2026-09-29T10:23:59.389Z,3970.884,RX,bus,-1,0001E825,1,7,01 00 00 0F 03 25 E8,OK
2026-09-29T10:23:59.389Z,3970.976,RX,bus,-1,0011E825,1,5,01 00 00 25 E8,OK
2026-09-29T10:23:59.394Z,3975.841,RX,bus,-1,00014EAD,1,7,01 00 00 0F 03 AD 4E,OK
2026-09-29T10:23:59.394Z,3975.932,RX,bus,-1,00114EAD,1,5,01 00 00 AD 4E,OK
2026-09-29T10:23:59.399Z,3980.924,RX,bus,-1,0001A2BF,1,7,01 00 00 0F 03 BF A2,OK
2026-09-29T10:23:59.399Z,3981.018,RX,bus,-1,0011A2BF,1,5,01 00 00 BF A2,OK
2026-09-29T10:23:59.404Z,3985.866,RX,bus,-1,00014DF4,1,7,01 00 00 0F 03 F4 4D,OK
2026-09-29T10:23:59.404Z,3985.958,RX,bus,-1,00114DF4,1,5,01 00 00 F4 4D,OK
2026-09-29T10:23:59.410Z,3990.914,RX,bus,-1,00017C44,1,7,01 00 00 0F 03 44 7C,OK
2026-09-29T10:23:59.410Z,3991.006,RX,bus,-1,00117C44,1,5,01 00 00 44 7C,OK
2026-09-29T10:23:59.414Z,3995.876,RX,bus,-1,00012B22,1,7,01 00 00 0F 03 22 2B,OK
2026-09-29T10:23:59.414Z,3995.968,RX,bus,-1,00112B22,1,5,01 00 00 22 2B,OK
2026-09-29T10:23:59.419Z,4000.631,RX,bus,-1,000191FF,1,7,01 00 00 0F 03 FF 91,OK
2026-09-29T10:23:59.419Z,4000.723,RX,bus,-1,001191FF,1,5,01 00 00 FF 91,OK
2026-09-29T10:23:59.424Z,4005.597,RX,bus,-1,00015A7D,1,7,01 00 00 0F 03 7D 5A,OK
2026-09-29T10:23:59.424Z,4005.692,RX,bus,-1,00115A7D,1,5,01 00 00 7D 5A,OK
2026-09-29T10:23:59.429Z,4010.634,RX,bus,-1,000125D6,1,7,01 00 00 0F 03 D6 25,OK
2026-09-29T10:23:59.429Z,4010.726,RX,bus,-1,001125D6,1,5,01 00 00 D6 25,OK
2026-09-29T10:23:59.434Z,4015.629,RX,bus,-1,0001E641,1,7,01 00 00 0F 03 41 E6,OK
2026-09-29T10:23:59.434Z,4015.722,RX,bus,-1,0011E641,1,5,01 00 00 41 E6,OK
2026-09-29T10:23:59.439Z,4020.638,RX,bus,-1,00016DA8,1,7,01 00 00 0F 03 A8 6D,OK
2026-09-29T10:23:59.439Z,4020.729,RX,bus,-1,00116DA8,1,5,01 00 00 A8 6D,OK
2026-09-29T10:23:59.444Z,4025.625,RX,bus,-1,0001B993,1,7,01 00 00 0F 03 93 B9,OK
2026-09-29T10:23:59.444Z,4025.717,RX,bus,-1,0011B993,1,5,01 00 00 93 B9,OK
2026-09-29T10:23:59.449Z,4030.632,RX,bus,-1,00018E94,1,7,01 00 00 0F 03 94 8E,OK
2026-09-29T10:23:59.449Z,4030.723,RX,bus,-1,00118E94,1,5,01 00 00 94 8E,OK
2026-09-29T10:23:59.454Z,4035.637,RX,bus,-1,0001A2EA,1,7,01 00 00 0F 03 EA A2,OK
2026-09-29T10:23:59.454Z,4035.730,RX,bus,-1,0011A2EA,1,5,01 00 00 EA A2,OK
2026-09-29T10:23:59.459Z,4040.486,RX,bus,-1,0001D911,1,7,01 00 00 0F 03 11 D9,OK
2026-09-29T10:23:59.459Z,4040.593,RX,bus,-1,0011D911,1,5,01 00 00 11 D9,OK
2026-09-29T10:23:59.464Z,4045.396,RX,bus,-1,00011E09,1,7,01 00 00 0F 03 09 1E,OK
2026-09-29T10:23:59.464Z,4045.658,RX,bus,-1,00111E09,1,5,01 00 00 09 1E,OK
2026-09-29T10:23:59.468Z,4050.412,RX,bus,-1,0001AB6A,1,7,01 00 00 0F 03 6A AB,OK
2026-09-29T10:23:59.469Z,4050.691,RX,bus,-1,0011AB6A,1,5,01 00 00 6A AB,OK
2026-09-29T10:23:59.473Z,4055.556,RX,bus,-1,00010544,1,7,01 00 00 0F 03 44 05,OK
2026-09-29T10:23:59.473Z,4055.611,RX,bus,-1,00110544,1,5,01 00 00 44 05,OK
2026-09-29T10:23:59.479Z,4060.655,RX,bus,-1,0001C325,1,7,01 00 00 0F 03 25 C3,OK
2026-09-29T10:23:59.479Z,4060.709,RX,bus,-1,0011C325,1,5,01 00 00 25 C3,OK
2026-09-29T10:23:59.483Z,4065.554,RX,bus,-1,00016B9C,1,7,01 00 00 0F 03 9C 6B,OK
2026-09-29T10:23:59.483Z,4065.637,RX,bus,-1,00116B9C,1,5,01 00 00 9C 6B,OK
2026-09-29T10:23:59.488Z,4070.590,RX,bus,-1,00017A5E,1,7,01 00 00 0F 03 5E 7A,OK
2026-09-29T10:23:59.488Z,4070.642,RX,bus,-1,00117A5E,1,5,01 00 00 5E 7A,OK
2026-09-29T10:23:59.493Z,4075.608,RX,bus,-1,000158F9,1,7,01 00 00 0F 03 F9 58,OK
2026-09-29T10:23:59.494Z,4075.660,RX,bus,-1,001158F9,1,5,01 00 00 F9 58,OK
2026-09-29T10:23:59.499Z,4080.415,RX,bus,-1,0001AD1D,1,7,01 00 00 0F 03 1D AD,OK
2026-09-29T10:23:59.499Z,4080.659,RX,bus,-1,0011AD1D,1,5,01 00 00 1D AD,OK
2026-09-29T10:23:59.504Z,4085.399,RX,bus,-1,0001478D,1,7,01 00 00 0F 03 8D 47,OK
2026-09-29T10:23:59.504Z,4085.644,RX,bus,-1,0011478D,1,5,01 00 00 8D 47,OK
2026-09-29T10:23:59.509Z,4090.412,RX,bus,-1,0001DB31,1,7,01 00 00 0F 03 31 DB,OK
2026-09-29T10:23:59.509Z,4090.659,RX,bus,-1,0011DB31,1,5,01 00 00 31 DB,OK
2026-09-29T10:23:59.514Z,4095.605,RX,bus,-1,00018526,1,7,01 00 00 0F 03 26 85,OK
2026-09-29T10:23:59.514Z,4095.656,RX,bus,-1,00118526,1,5,01 00 00 26 85,OK
2026-09-29T10:23:59.518Z,4100.405,RX,bus,-1,00010A0C,1,7,01 00 00 0F 03 0C 0A,OK
2026-09-29T10:23:59.519Z,4100.650,RX,bus,-1,00110A0C,1,5,01 00 00 0C 0A,OK
2026-09-29T10:23:59.524Z,4105.604,RX,bus,-1,0001A8F2,1,7,01 00 00 0F 03 F2 A8,OK
2026-09-29T10:23:59.524Z,4105.688,RX,bus,-1,0011A8F2,1,5,01 00 00 F2 A8,OK
2026-09-29T10:23:59.529Z,4110.566,RX,bus,-1,00015AC5,1,7,01 00 00 0F 03 C5 5A,OK
2026-09-29T10:23:59.529Z,4110.618,RX,bus,-1,00115AC5,1,5,01 00 00 C5 5A,OK
2026-09-29T10:23:59.534Z,4115.431,RX,bus,-1,00013A0E,1,7,01 00 00 0F 03 0E 3A,OK
2026-09-29T10:23:59.534Z,4115.627,RX,bus,-1,00113A0E,1,5,01 00 00 0E 3A,OK
2026-09-29T10:23:59.539Z,4120.609,RX,bus,-1,00017B1F,1,7,01 00 00 0F 03 1F 7B,OK
2026-09-29T10:23:59.539Z,4120.679,RX,bus,-1,00117B1F,1,5,01 00 00 1F 7B,OK
2026-09-29T10:23:59.544Z,4125.566,RX,bus,-1,000178CC,1,7,01 00 00 0F 03 CC 78,OK
2026-09-29T10:23:59.544Z,4125.620,RX,bus,-1,001178CC,1,5,01 00 00 CC 78,OK
2026-09-29T10:23:59.549Z,4130.587,RX,bus,-1,00010144,1,7,01 00 00 0F 03 44 01,OK
2026-09-29T10:23:59.549Z,4130.639,RX,bus,-1,00110144,1,5,01 00 00 44 01,OK
2026-09-29T10:23:59.554Z,4135.566,RX,bus,-1,0001E494,1,7,01 00 00 0F 03 94 E4,OK
2026-09-29T10:23:59.554Z,4135.619,RX,bus,-1,0011E494,1,5,01 00 00 94 E4,OK
2026-09-29T10:23:59.559Z,4140.574,RX,bus,-1,000120A0,1,7,01 00 00 0F 03 A0 20,OK
2026-09-29T10:23:59.559Z,4140.626,RX,bus,-1,001120A0,1,5,01 00 00 A0 20,OK
2026-09-29T10:23:59.564Z,4145.597,RX,bus,-1,0001F9D8,1,7,01 00 00 0F 03 D8 F9,OK
2026-09-29T10:23:59.564Z,4145.680,RX,bus,-1,0011F9D8,1,5,01 00 00 D8 F9,OK
2026-09-29T10:23:59.569Z,4150.407,RX,bus,-1,000132FC,1,7,01 00 00 0F 03 FC 32,OK
2026-09-29T10:23:59.569Z,4150.653,RX,bus,-1,001132FC,1,5,01 00 00 FC 32,OK
2026-09-29T10:23:59.574Z,4155.408,RX,bus,-1,0001DB66,1,7,01 00 00 0F 03 66 DB,OK
2026-09-29T10:23:59.574Z,4155.646,RX,bus,-1,0011DB66,1,5,01 00 00 66 DB,OK
2026-09-29T10:23:59.579Z,4160.414,RX,bus,-1,00010BBF,1,7,01 00 00 0F 03 BF 0B,OK
2026-09-29T10:23:59.579Z,4160.659,RX,bus,-1,00110BBF,1,5,01 00 00 BF 0B,OK
2026-09-29T10:23:59.583Z,4164.775,TX,short_f0012,0,0012C833,1,5,01 00 00 33 C8,OK
2026-09-29T10:23:59.584Z,4165.642,RX,bus,-1,00018425,1,7,01 00 00 0F 03 25 84,OK
2026-09-29T10:23:59.584Z,4165.697,RX,bus,-1,00118425,1,5,01 00 00 25 84,OK
2026-09-29T10:23:59.589Z,4170.610,RX,bus,-1,0001600B,1,7,01 00 00 0F 03 0B 60,OK
2026-09-29T10:23:59.589Z,4170.692,RX,bus,-1,0011600B,1,5,01 00 00 0B 60,OK
2026-09-29T10:23:59.594Z,4175.532,RX,bus,-1,000151F9,1,7,01 00 00 0F 03 F9 51,OK
2026-09-29T10:23:59.594Z,4175.583,RX,bus,-1,001151F9,1,5,01 00 00 F9 51,OK
2026-09-29T10:23:59.596Z,4177.508,RX,bus,-1,103C0401,1,4,00 00 00 01,OK
2026-09-29T10:23:59.596Z,4177.562,RX,bus,-1,103C0481,1,8,00 00 00 00 00 10 A5 13,OK
2026-09-29T10:23:59.599Z,4180.411,RX,bus,-1,00015110,1,7,01 00 00 0F 03 10 51,OK
2026-09-29T10:23:59.599Z,4180.639,RX,bus,-1,00115110,1,5,01 00 00 10 51,OK
2026-09-29T10:23:59.601Z,4182.337,RX,bus,-1,103C0401,1,4,00 00 00 01,OK
2026-09-29T10:23:59.601Z,4182.614,RX,bus,-1,103C0481,1,8,00 00 00 00 00 10 A5 13,OK
2026-09-29T10:23:59.604Z,4185.404,RX,bus,-1,00010468,1,7,01 00 00 0F 03 68 04,OK
2026-09-29T10:23:59.604Z,4185.627,RX,bus,-1,00110468,1,5,01 00 00 68 04,OK
2026-09-29T10:23:59.606Z,4187.387,RX,bus,-1,103C0401,1,4,00 00 00 01,OK
2026-09-29T10:23:59.606Z,4187.609,RX,bus,-1,103C0481,1,8,00 00 00 00 00 10 A4 13,OK
2026-09-29T10:23:59.609Z,4190.453,RX,bus,-1,0001FEBF,1,7,01 00 00 0F 03 BF FE,OK
2026-09-29T10:23:59.609Z,4190.642,RX,bus,-1,0011FEBF,1,5,01 00 00 BF FE,OK
2026-09-29T10:23:59.611Z,4192.364,RX,bus,-1,103C0401,1,4,00 00 00 01,OK
2026-09-29T10:23:59.611Z,4192.602,RX,bus,-1,103C0481,1,8,00 00 00 00 00 10 A5 13,OK
2026-09-29T10:23:59.614Z,4195.434,RX,bus,-1,00018137,1,7,01 00 00 0F 03 37 81,OK
2026-09-29T10:23:59.614Z,4195.661,RX,bus,-1,00118137,1,5,01 00 00 37 81,OK
2026-09-29T10:23:59.616Z,4197.360,RX,bus,-1,103C0401,1,4,00 00 00 01,OK
2026-09-29T10:23:59.616Z,4197.609,RX,bus,-1,103C0481,1,8,00 00 00 00 00 10 A5 13,OK
2026-09-29T10:23:59.618Z,4200.528,RX,bus,-1,0001A3D2,1,7,01 00 00 0F 03 D2 A3,OK
2026-09-29T10:23:59.619Z,4200.579,RX,bus,-1,0011A3D2,1,5,01 00 00 D2 A3,OK
2026-09-29T10:23:59.620Z,4202.509,RX,bus,-1,103C0401,1,4,00 00 00 01,OK
2026-09-29T10:23:59.621Z,4202.560,RX,bus,-1,103C0481,1,8,00 00 00 00 00 10 A5 13,OK
2026-09-29T10:23:59.624Z,4205.610,RX,bus,-1,00017B11,1,7,01 00 00 0F 03 11 7B,OK
2026-09-29T10:23:59.624Z,4205.694,RX,bus,-1,00117B11,1,5,01 00 00 11 7B,OK
2026-09-29T10:23:59.625Z,4207.367,RX,bus,-1,103C0401,1,4,00 00 00 01,OK
2026-09-29T10:23:59.626Z,4207.613,RX,bus,-1,103C0481,1,8,00 00 00 00 00 10 A5 13,OK
2026-09-29T10:23:59.629Z,4210.554,RX,bus,-1,000128BA,1,7,01 00 00 0F 03 BA 28,OK
2026-09-29T10:23:59.629Z,4210.640,RX,bus,-1,001128BA,1,5,01 00 00 BA 28,OK
2026-09-29T10:23:59.630Z,4212.506,RX,bus,-1,103C0401,1,4,00 00 00 01,OK
2026-09-29T10:23:59.631Z,4212.557,RX,bus,-1,103C0481,1,8,00 00 00 00 00 10 A5 13,OK
2026-09-29T10:23:59.634Z,4215.553,RX,bus,-1,0001ADF9,1,7,01 00 00 0F 03 F9 AD,OK
2026-09-29T10:23:59.634Z,4215.605,RX,bus,-1,0011ADF9,1,5,01 00 00 F9 AD,OK
2026-09-29T10:23:59.635Z,4217.521,RX,bus,-1,103C0401,1,4,00 00 00 01,OK
2026-09-29T10:23:59.636Z,4217.605,RX,bus,-1,103C0481,1,8,00 00 00 00 00 10 A5 13,OK
2026-09-29T10:23:59.639Z,4220.545,RX,bus,-1,000155F4,1,7,01 00 00 0F 03 F4 55,OK
2026-09-29T10:23:59.639Z,4220.596,RX,bus,-1,001155F4,1,5,01 00 00 F4 55,OK
2026-09-29T10:23:59.640Z,4222.520,RX,bus,-1,103C0401,1,4,00 00 00 01,OK
2026-09-29T10:23:59.641Z,4222.571,RX,bus,-1,103C0481,1,8,00 00 00 00 00 10 A4 13,OK
2026-09-29T10:23:59.643Z,4225.468,RX,bus,-1,0001A71C,1,7,01 00 00 0F 03 1C A7,OK
2026-09-29T10:23:59.644Z,4225.538,RX,bus,-1,0011A71C,1,5,01 00 00 1C A7,OK
2026-09-29T10:23:59.645Z,4227.520,RX,bus,-1,103C0401,1,4,00 00 00 01,OK
2026-09-29T10:23:59.646Z,4227.572,RX,bus,-1,103C0481,1,8,00 00 00 00 00 10 A4 13,OK
2026-09-29T10:23:59.649Z,4230.538,RX,bus,-1,0001A2D7,1,7,01 00 00 0F 03 D7 A2,OK
2026-09-29T10:23:59.649Z,4230.625,RX,bus,-1,0011A2D7,1,5,01 00 00 D7 A2,OK
2026-09-29T10:23:59.650Z,4232.510,RX,bus,-1,103C0401,1,4,00 00 00 01,OK
2026-09-29T10:23:59.651Z,4232.562,RX,bus,-1,103C0481,1,8,00 00 00 00 00 10 A5 13,OK
2026-09-29T10:23:59.654Z,4235.538,RX,bus,-1,00012D36,1,7,01 00 00 0F 03 36 2D,OK
2026-09-29T10:23:59.654Z,4235.590,RX,bus,-1,00112D36,1,5,01 00 00 36 2D,OK
2026-09-29T10:23:59.655Z,4237.526,RX,bus,-1,103C0401,1,4,00 00 00 01,OK
2026-09-29T10:23:59.656Z,4237.622,RX,bus,-1,103C0481,1,8,00 00 00 00 00 10 A5 13,OK
2026-09-29T10:23:59.659Z,4240.561,RX,bus,-1,0001F0D7,1,7,01 00 00 0F 03 D7 F0,OK
2026-09-29T10:23:59.659Z,4240.646,RX,bus,-1,0011F0D7,1,5,01 00 00 D7 F0,OK
2026-09-29T10:23:59.660Z,4242.514,RX,bus,-1,103C0401,1,4,00 00 00 01,OK
2026-09-29T10:23:59.661Z,4242.591,RX,bus,-1,103C0481,1,8,00 00 00 00 00 10 A5 13,OK
2026-09-29T10:23:59.664Z,4245.548,RX,bus,-1,000180A8,1,7,01 00 00 0F 03 A8 80,OK
2026-09-29T10:23:59.664Z,4245.600,RX,bus,-1,001180A8,1,5,01 00 00 A8 80,OK
2026-09-29T10:23:59.665Z,4247.518,RX,bus,-1,103C0401,1,4,00 00 00 01,OK
2026-09-29T10:23:59.666Z,4247.569,RX,bus,-1,103C0481,1,8,00 00 00 00 00 10 A5 13,OK
2026-09-29T10:23:59.669Z,4250.375,RX,bus,-1,000177CF,1,7,01 00 00 0F 03 CF 77,OK
2026-09-29T10:23:59.669Z,4250.627,RX,bus,-1,001177CF,1,5,01 00 00 CF 77,OK
2026-09-29T10:23:59.671Z,4252.370,RX,bus,-1,103C0401,1,4,00 00 00 01,OK
2026-09-29T10:23:59.671Z,4252.608,RX,bus,-1,103C0481,1,8,00 00 00 00 00 10 A5 13,OK
2026-09-29T10:23:59.674Z,4255.378,RX,bus,-1,000189F8,1,7,01 00 00 0F 03 F8 89,OK
2026-09-29T10:23:59.674Z,4255.638,RX,bus,-1,001189F8,1,5,01 00 00 F8 89,OK
2026-09-29T10:23:59.676Z,4257.323,RX,bus,-1,103C0401,1,4,00 00 00 01,OK
2026-09-29T10:23:59.676Z,4257.580,RX,bus,-1,103C0481,1,8,00 00 00 00 00 10 A5 13,OK
2026-09-29T10:23:59.679Z,4260.383,RX,bus,-1,00015AD3,1,7,01 00 00 0F 03 D3 5A,OK
2026-09-29T10:23:59.679Z,4260.585,RX,bus,-1,00115AD3,1,5,01 00 00 D3 5A,OK
2026-09-29T10:23:59.684Z,4265.400,RX,bus,-1,0001E749,1,7,01 00 00 0F 03 49 E7,OK
2026-09-29T10:23:59.684Z,4265.615,RX,bus,-1,0011E749,1,5,01 00 00 49 E7,OK
2026-09-29T10:23:59.689Z,4270.316,RX,bus,-1,0001F19A,1,7,01 00 00 0F 03 9A F1,OK
2026-09-29T10:23:59.689Z,4270.585,RX,bus,-1,0011F19A,1,5,01 00 00 9A F1,OK
2026-09-29T10:23:59.694Z,4275.397,RX,bus,-1,00018112,1,7,01 00 00 0F 03 12 81,OK
2026-09-29T10:23:59.694Z,4275.622,RX,bus,-1,00118112,1,5,01 00 00 12 81,OK
2026-09-29T10:23:59.699Z,4280.561,RX,bus,-1,0001217A,1,7,01 00 00 0F 03 7A 21,OK
2026-09-29T10:23:59.699Z,4280.629,RX,bus,-1,0011217A,1,5,01 00 00 7A 21,OK
2026-09-29T10:23:59.704Z,4285.532,RX,bus,-1,0001041C,1,7,01 00 00 0F 03 1C 04,OK
2026-09-29T10:23:59.704Z,4285.586,RX,bus,-1,0011041C,1,5,01 00 00 1C 04,OK
2026-09-29T10:23:59.709Z,4290.537,RX,bus,-1,00015596,1,7,01 00 00 0F 03 96 55,OK
2026-09-29T10:23:59.709Z,4290.623,RX,bus,-1,00115596,1,5,01 00 00 96 55,OK
2026-09-29T10:23:59.714Z,4295.540,RX,bus,-1,00012692,1,7,01 00 00 0F 03 92 26,OK
2026-09-29T10:23:59.714Z,4295.595,RX,bus,-1,00112692,1,5,01 00 00 92 26,OK
2026-09-29T10:23:59.719Z,4300.383,RX,bus,-1,0001F49F,1,7,01 00 00 0F 03 9F F4,OK
2026-09-29T10:23:59.719Z,4300.625,RX,bus,-1,0011F49F,1,5,01 00 00 9F F4,OK
2026-09-29T10:23:59.724Z,4305.516,RX,bus,-1,00010B9E,1,7,01 00 00 0F 03 9E 0B,OK
2026-09-29T10:23:59.724Z,4305.568,RX,bus,-1,00110B9E,1,5,01 00 00 9E 0B,OK
2026-09-29T10:23:59.729Z,4310.384,RX,bus,-1,0001B768,1,7,01 00 00 0F 03 68 B7,OK
2026-09-29T10:23:59.729Z,4310.630,RX,bus,-1,0011B768,1,5,01 00 00 68 B7,OK
2026-09-29T10:23:59.734Z,4315.569,RX,bus,-1,0001D8F6,1,7,01 00 00 0F 03 F6 D8,OK
2026-09-29T10:23:59.734Z,4315.620,RX,bus,-1,0011D8F6,1,5,01 00 00 F6 D8,OK
2026-09-29T10:23:59.739Z,4320.628,RX,bus,-1,0001C215,1,7,01 00 00 0F 03 15 C2,OK
2026-09-29T10:23:59.739Z,4320.679,RX,bus,-1,0011C215,1,5,01 00 00 15 C2,OK
2026-09-29T10:23:59.744Z,4325.382,RX,bus,-1,00019B3C,1,7,01 00 00 0F 03 3C 9B,OK
2026-09-29T10:23:59.744Z,4325.624,RX,bus,-1,00119B3C,1,5,01 00 00 3C 9B,OK
2026-09-29T10:23:59.749Z,4330.385,RX,bus,-1,0001C6A5,1,7,01 00 00 0F 03 A5 C6,OK
2026-09-29T10:23:59.749Z,4330.635,RX,bus,-1,0011C6A5,1,5,01 00 00 A5 C6,OK
2026-09-29T10:23:59.754Z,4335.341,RX,bus,-1,00017220,1,7,01 00 00 0F 03 20 72,OK
2026-09-29T10:23:59.754Z,4335.601,RX,bus,-1,00117220,1,5,01 00 00 20 72,OK
2026-09-29T10:23:59.759Z,4340.386,RX,bus,-1,00013237,1,7,01 00 00 0F 03 37 32,OK
2026-09-29T10:23:59.759Z,4340.635,RX,bus,-1,00113237,1,5,01 00 00 37 32,OK
2026-09-29T10:23:59.764Z,4345.387,RX,bus,-1,00017AAA,1,7,01 00 00 0F 03 AA 7A,OK
2026-09-29T10:23:59.764Z,4345.604,RX,bus,-1,00117AAA,1,5,01 00 00 AA 7A,OK
2026-09-29T10:23:59.769Z,4350.592,RX,bus,-1,0001A72F,1,7,01 00 00 0F 03 2F A7,OK
2026-09-29T10:23:59.769Z,4350.662,RX,bus,-1,0011A72F,1,5,01 00 00 2F A7,OK
2026-09-29T10:23:59.774Z,4355.582,RX,bus,-1,00013A0A,1,7,01 00 00 0F 03 0A 3A,OK
2026-09-29T10:23:59.774Z,4355.637,RX,bus,-1,00113A0A,1,5,01 00 00 0A 3A,OK
2026-09-29T10:23:59.779Z,4360.669,RX,bus,-1,0001D52A,1,7,01 00 00 0F 03 2A D5,OK
2026-09-29T10:23:59.779Z,4360.753,RX,bus,-1,0011D52A,1,5,01 00 00 2A D5,OK
2026-09-29T10:23:59.784Z,4365.603,RX,bus,-1,000104F3,1,7,01 00 00 0F 03 F3 04,OK
2026-09-29T10:23:59.784Z,4365.668,RX,bus,-1,001104F3,1,5,01 00 00 F3 04,OK
2026-09-29T10:23:59.789Z,4370.534,RX,bus,-1,0001B860,1,7,01 00 00 0F 03 60 B8,OK
2026-09-29T10:23:59.789Z,4370.588,RX,bus,-1,0011B860,1,5,01 00 00 60 B8,OK
2026-09-29T10:23:59.794Z,4375.522,RX,bus,-1,00010F39,1,7,01 00 00 0F 03 39 0F,OK
2026-09-29T10:23:59.794Z,4375.605,RX,bus,-1,00110F39,1,5,01 00 00 39 0F,OK
2026-09-29T10:23:59.798Z,4380.546,RX,bus,-1,00018CE4,1,7,01 00 00 0F 03 E4 8C,OK
2026-09-29T10:23:59.798Z,4380.597,RX,bus,-1,00118CE4,1,5,01 00 00 E4 8C,OK
2026-09-29T10:23:59.803Z,4385.628,RX,bus,-1,0001D153,1,7,01 00 00 0F 03 53 D1,OK
2026-09-29T10:23:59.804Z,4385.739,RX,bus,-1,0011D153,1,5,01 00 00 53 D1,OK
2026-09-29T10:23:59.810Z,4390.970,RX,bus,-1,00016AE8,1,7,01 00 00 0F 03 E8 6A,OK
2026-09-29T10:23:59.810Z,4391.064,RX,bus,-1,00116AE8,1,5,01 00 00 E8 6A,OK
2026-09-29T10:23:59.814Z,4395.934,RX,bus,-1,00015CF3,1,7,01 00 00 0F 03 F3 5C,OK
2026-09-29T10:23:59.814Z,4396.026,RX,bus,-1,00115CF3,1,5,01 00 00 F3 5C,OK
2026-09-29T10:23:59.820Z,4400.930,RX,bus,-1,0001CFEB,1,7,01 00 00 0F 03 EB CF,OK
2026-09-29T10:23:59.820Z,4401.038,RX,bus,-1,0011CFEB,1,5,01 00 00 EB CF,OK
2026-09-29T10:23:59.824Z,4405.506,RX,bus,-1,000137C7,1,7,01 00 00 0F 03 C7 37,OK
2026-09-29T10:23:59.824Z,4405.608,RX,bus,-1,001137C7,1,5,01 00 00 C7 37,OK
2026-09-29T10:23:59.829Z,4410.782,RX,bus,-1,00010976,1,7,01 00 00 0F 03 76 09,OK
2026-09-29T10:23:59.829Z,4410.874,RX,bus,-1,00110976,1,5,01 00 00 76 09,OK
2026-09-29T10:23:59.834Z,4415.826,RX,bus,-1,00014F2F,1,7,01 00 00 0F 03 2F 4F,OK
2026-09-29T10:23:59.834Z,4415.917,RX,bus,-1,00114F2F,1,5,01 00 00 2F 4F,OK
2026-09-29T10:23:59.839Z,4420.835,RX,bus,-1,0001ECDD,1,7,01 00 00 0F 03 DD EC,OK
2026-09-29T10:23:59.839Z,4420.926,RX,bus,-1,0011ECDD,1,5,01 00 00 DD EC,OK
2026-09-29T10:23:59.844Z,4425.405,RX,bus,-1,0001DD60,1,7,01 00 00 0F 03 60 DD,OK
2026-09-29T10:23:59.844Z,4425.596,RX,bus,-1,0011DD60,1,5,01 00 00 60 DD,OK
2026-09-29T10:23:59.849Z,4430.901,RX,bus,-1,00019418,1,7,01 00 00 0F 03 18 94,OK
2026-09-29T10:23:59.849Z,4430.993,RX,bus,-1,00119418,1,5,01 00 00 18 94,OK
2026-09-29T10:23:59.854Z,4435.904,RX,bus,-1,0001AC4E,1,7,01 00 00 0F 03 4E AC,OK
2026-09-29T10:23:59.854Z,4435.998,RX,bus,-1,0011AC4E,1,5,01 00 00 4E AC,OK
2026-09-29T10:23:59.859Z,4440.787,RX,bus,-1,00018AB2,1,7,01 00 00 0F 03 B2 8A,OK
2026-09-29T10:23:59.859Z,4440.877,RX,bus,-1,00118AB2,1,5,01 00 00 B2 8A,OK
2026-09-29T10:23:59.863Z,4445.432,RX,bus,-1,0001545A,1,7,01 00 00 0F 03 5A 54,OK
2026-09-29T10:23:59.863Z,4445.537,RX,bus,-1,0011545A,1,5,01 00 00 5A 54,OK
2026-09-29T10:23:59.869Z,4450.402,RX,bus,-1,00018662,1,7,01 00 00 0F 03 62 86,OK
2026-09-29T10:23:59.869Z,4450.578,RX,bus,-1,00118662,1,5,01 00 00 62 86,OK
2026-09-29T10:23:59.874Z,4455.512,RX,bus,-1,00012C8E,1,7,01 00 00 0F 03 8E 2C,OK
2026-09-29T10:23:59.874Z,4455.599,RX,bus,-1,00112C8E,1,5,01 00 00 8E 2C,OK
2026-09-29T10:23:59.879Z,4460.431,RX,bus,-1,0001B5C3,1,7,01 00 00 0F 03 C3 B5,OK
2026-09-29T10:23:59.879Z,4460.566,RX,bus,-1,0011B5C3,1,5,01 00 00 C3 B5,OK
2026-09-29T10:23:59.884Z,4465.864,RX,bus,-1,00019FF0,1,7,01 00 00 0F 03 F0 9F,OK
2026-09-29T10:23:59.884Z,4465.959,RX,bus,-1,00119FF0,1,5,01 00 00 F0 9F,OK
2026-09-29T10:23:59.889Z,4470.730,RX,bus,-1,0001AC50,1,7,01 00 00 0F 03 50 AC,OK
2026-09-29T10:23:59.889Z,4470.822,RX,bus,-1,0011AC50,1,5,01 00 00 50 AC,OK
2026-09-29T10:23:59.894Z,4475.792,RX,bus,-1,00014739,1,7,01 00 00 0F 03 39 47,OK
2026-09-29T10:23:59.894Z,4475.885,RX,bus,-1,00114739,1,5,01 00 00 39 47,OK
2026-09-29T10:23:59.900Z,4480.942,RX,bus,-1,00016189,1,7,01 00 00 0F 03 89 61,OK
2026-09-29T10:23:59.900Z,4481.035,RX,bus,-1,00116189,1,5,01 00 00 89 61,OK
2026-09-29T10:23:59.904Z,4485.417,RX,bus,-1,0001B7EC,1,7,01 00 00 0F 03 EC B7,OK
2026-09-29T10:23:59.904Z,4485.610,RX,bus,-1,0011B7EC,1,5,01 00 00 EC B7,OK
2026-09-29T10:23:59.909Z,4490.420,RX,bus,-1,0001F1EB,1,7,01 00 00 0F 03 EB F1,OK
2026-09-29T10:23:59.909Z,4490.533,RX,bus,-1,0011F1EB,1,5,01 00 00 EB F1,OK
2026-09-29T10:23:59.915Z,4495.937,RX,bus,-1,000161A0,1,7,01 00 00 0F 03 A0 61,OK
2026-09-29T10:23:59.915Z,4496.036,RX,bus,-1,001161A0,1,5,01 00 00 A0 61,OK
2026-09-29T10:23:59.919Z,4500.441,RX,bus,-1,0001A725,1,7,01 00 00 0F 03 25 A7,OK
2026-09-29T10:23:59.919Z,4500.534,RX,bus,-1,0011A725,1,5,01 00 00 25 A7,OK
2026-09-29T10:23:59.924Z,4505.436,RX,bus,-1,00013800,1,7,01 00 00 0F 03 00 38,OK
2026-09-29T10:23:59.924Z,4505.540,RX,bus,-1,00113800,1,5,01 00 00 00 38,OK
2026-09-29T10:23:59.929Z,4510.438,RX,bus,-1,000129AD,1,7,01 00 00 0F 03 AD 29,OK
2026-09-29T10:23:59.929Z,4510.563,RX,bus,-1,001129AD,1,5,01 00 00 AD 29,OK
2026-09-29T10:23:59.934Z,4515.375,RX,bus,-1,0001E7CB,1,7,01 00 00 0F 03 CB E7,OK
2026-09-29T10:23:59.934Z,4515.568,RX,bus,-1,0011E7CB,1,5,01 00 00 CB E7,OK
2026-09-29T10:23:59.939Z,4520.875,RX,bus,-1,000114A3,1,7,01 00 00 0F 03 A3 14,OK
2026-09-29T10:23:59.939Z,4520.984,RX,bus,-1,001114A3,1,5,01 00 00 A3 14,OK
2026-09-29T10:23:59.944Z,4525.372,RX,bus,-1,0001DED7,1,7,01 00 00 0F 03 D7 DE,OK
2026-09-29T10:23:59.944Z,4525.617,RX,bus,-1,0011DED7,1,5,01 00 00 D7 DE,OK
2026-09-29T10:23:59.949Z,4530.404,RX,bus,-1,0001F5A5,1,7,01 00 00 0F 03 A5 F5,OK
2026-09-29T10:23:59.949Z,4530.495,RX,bus,-1,0011F5A5,1,5,01 00 00 A5 F5,OK
2026-09-29T10:23:59.954Z,4535.424,RX,bus,-1,000146EC,1,7,01 00 00 0F 03 EC 46,OK
2026-09-29T10:23:59.954Z,4535.576,RX,bus,-1,001146EC,1,5,01 00 00 EC 46,OK
2026-09-29T10:23:59.959Z,4540.380,RX,bus,-1,000100FD,1,7,01 00 00 0F 03 FD 00,OK
2026-09-29T10:23:59.959Z,4540.568,RX,bus,-1,001100FD,1,5,01 00 00 FD 00,OK
2026-09-29T10:23:59.963Z,4545.334,RX,bus,-1,000110E9,1,7,01 00 00 0F 03 E9 10,OK
2026-09-29T10:23:59.963Z,4545.554,RX,bus,-1,001110E9,1,5,01 00 00 E9 10,OK
2026-09-29T10:23:59.969Z,4550.504,RX,bus,-1,00017759,1,7,01 00 00 0F 03 59 77,OK
2026-09-29T10:23:59.969Z,4550.547,RX,bus,-1,00117759,1,5,01 00 00 59 77,OK
2026-09-29T10:23:59.974Z,4555.483,RX,bus,-1,00010D97,1,7,01 00 00 0F 03 97 0D,OK
2026-09-29T10:23:59.974Z,4555.563,RX,bus,-1,00110D97,1,5,01 00 00 97 0D,OK
2026-09-29T10:23:59.979Z,4560.485,RX,bus,-1,0001D4E1,1,7,01 00 00 0F 03 E1 D4,OK
2026-09-29T10:23:59.979Z,4560.526,RX,bus,-1,0011D4E1,1,5,01 00 00 E1 D4,OK
2026-09-29T10:23:59.984Z,4565.517,RX,bus,-1,00018312,1,7,01 00 00 0F 03 12 83,OK
2026-09-29T10:23:59.984Z,4565.577,RX,bus,-1,00118312,1,5,01 00 00 12 83,OK
2026-09-29T10:23:59.989Z,4570.524,RX,bus,-1,0001326E,1,7,01 00 00 0F 03 6E 32,OK
2026-09-29T10:23:59.989Z,4570.565,RX,bus,-1,0011326E,1,5,01 00 00 6E 32,OK
2026-09-29T10:23:59.994Z,4575.316,RX,bus,-1,0001F1B2,1,7,01 00 00 0F 03 B2 F1,OK
2026-09-29T10:23:59.994Z,4575.606,RX,bus,-1,0011F1B2,1,5,01 00 00 B2 F1,OK
2026-09-29T10:23:59.999Z,4580.360,RX,bus,-1,00016C32,1,7,01 00 00 0F 03 32 6C,OK
2026-09-29T10:23:59.999Z,4580.556,RX,bus,-1,00116C32,1,5,01 00 00 32 6C,OK
2026-09-29T10:24:00.004Z,4585.370,RX,bus,-1,0001ACE0,1,7,01 00 00 0F 03 E0 AC,OK
2026-09-29T10:24:00.004Z,4585.565,RX,bus,-1,0011ACE0,1,5,01 00 00 E0 AC,OK
2026-09-29T10:24:00.009Z,4590.363,RX,bus,-1,0001E208,1,7,01 00 00 0F 03 08 E2,OK
2026-09-29T10:24:00.009Z,4590.605,RX,bus,-1,0011E208,1,5,01 00 00 08 E2,OK
2026-09-29T10:24:00.014Z,4595.333,RX,bus,-1,0001E02D,1,7,01 00 00 0F 03 2D E0,OK
2026-09-29T10:24:00.014Z,4595.595,RX,bus,-1,0011E02D,1,5,01 00 00 2D E0,OK
2026-09-29T10:24:00.019Z,4600.409,RX,bus,-1,0001484E,1,7,01 00 00 0F 03 4E 48,OK
2026-09-29T10:24:00.019Z,4600.512,RX,bus,-1,0011484E,1,5,01 00 00 4E 48,OK
2026-09-29T10:24:00.024Z,4605.334,RX,bus,-1,000182AE,1,7,01 00 00 0F 03 AE 82,OK
2026-09-29T10:24:00.024Z,4605.554,RX,bus,-1,001182AE,1,5,01 00 00 AE 82,OK
2026-09-29T10:24:00.029Z,4610.391,RX,bus,-1,000134F1,1,7,01 00 00 0F 03 F1 34,OK
2026-09-29T10:24:00.029Z,4610.506,RX,bus,-1,001134F1,1,5,01 00 00 F1 34,OK
2026-09-29T10:24:00.034Z,4615.426,RX,bus,-1,00011E70,1,7,01 00 00 0F 03 70 1E,OK
2026-09-29T10:24:00.034Z,4615.526,RX,bus,-1,00111E70,1,5,01 00 00 70 1E,OK
2026-09-29T10:24:00.039Z,4620.389,RX,bus,-1,00010714,1,7,01 00 00 0F 03 14 07,OK
2026-09-29T10:24:00.039Z,4620.586,RX,bus,-1,00110714,1,5,01 00 00 14 07,OK
2026-09-29T10:24:00.044Z,4625.402,RX,bus,-1,0001D375,1,7,01 00 00 0F 03 75 D3,OK
2026-09-29T10:24:00.044Z,4625.511,RX,bus,-1,0011D375,1,5,01 00 00 75 D3,OK
2026-09-29T10:24:00.049Z,4630.376,RX,bus,-1,0001B47C,1,7,01 00 00 0F 03 7C B4,OK
2026-09-29T10:24:00.049Z,4630.560,RX,bus,-1,0011B47C,1,5,01 00 00 7C B4,OK
2026-09-29T10:24:00.054Z,4635.377,RX,bus,-1,00013D98,1,7,01 00 00 0F 03 98 3D,OK
2026-09-29T10:24:00.054Z,4635.561,RX,bus,-1,00113D98,1,5,01 00 00 98 3D,OK
2026-09-29T10:24:00.059Z,4640.397,RX,bus,-1,000182A3,1,7,01 00 00 0F 03 A3 82,OK
2026-09-29T10:24:00.059Z,4640.598,RX,bus,-1,001182A3,1,5,01 00 00 A3 82,OK
2026-09-29T10:24:00.064Z,4645.602,RX,bus,-1,0001FA5C,1,7,01 00 00 0F 03 5C FA,OK
2026-09-29T10:24:00.064Z,4645.695,RX,bus,-1,0011FA5C,1,5,01 00 00 5C FA,OK
2026-09-29T10:24:00.068Z,4650.647,RX,bus,-1,00018226,1,7,01 00 00 0F 03 26 82,OK
2026-09-29T10:24:00.069Z,4650.743,RX,bus,-1,00118226,1,5,01 00 00 26 82,OK
2026-09-29T10:24:00.073Z,4655.401,RX,bus,-1,00014361,1,7,01 00 00 0F 03 61 43,OK
2026-09-29T10:24:00.073Z,4655.601,RX,bus,-1,00114361,1,5,01 00 00 61 43,OK
2026-09-29T10:24:00.079Z,4660.417,RX,bus,-1,000155E3,1,7,01 00 00 0F 03 E3 55,OK
2026-09-29T10:24:00.079Z,4660.548,RX,bus,-1,001155E3,1,5,01 00 00 E3 55,OK
2026-09-29T10:24:00.084Z,4665.085,TX,short_f0012,0,0012C834,1,5,01 00 00 34 C8,OK
2026-09-29T10:24:00.084Z,4665.366,RX,bus,-1,00016414,1,7,01 00 00 0F 03 14 64,OK
2026-09-29T10:24:00.084Z,4665.739,RX,bus,-1,00116414,1,5,01 00 00 14 64,OK
2026-09-29T10:24:00.089Z,4670.575,RX,bus,-1,00012801,1,7,01 00 00 0F 03 01 28,OK
2026-09-29T10:24:00.089Z,4670.668,RX,bus,-1,00112801,1,5,01 00 00 01 28,OK
2026-09-29T10:24:00.094Z,4675.646,RX,bus,-1,0001A4E1,1,7,01 00 00 0F 03 E1 A4,OK
2026-09-29T10:24:00.094Z,4675.742,RX,bus,-1,0011A4E1,1,5,01 00 00 E1 A4,OK
2026-09-29T10:24:00.096Z,4677.587,RX,bus,-1,103C0401,1,4,00 00 00 01,OK
2026-09-29T10:24:00.096Z,4677.681,RX,bus,-1,103C0481,1,8,00 00 00 00 00 10 A5 13,OK
2026-09-29T10:24:00.099Z,4680.355,RX,bus,-1,000101C4,1,7,01 00 00 0F 03 C4 01,OK
2026-09-29T10:24:00.099Z,4680.625,RX,bus,-1,001101C4,1,5,01 00 00 C4 01,OK
2026-09-29T10:24:00.101Z,4682.458,RX,bus,-1,103C0401,1,4,00 00 00 01,OK
2026-09-29T10:24:00.101Z,4682.547,RX,bus,-1,103C0481,1,8,00 00 00 00 00 10 A5 13,OK
2026-09-29T10:24:00.104Z,4685.426,RX,bus,-1,000127E5,1,7,01 00 00 0F 03 E5 27,OK
2026-09-29T10:24:00.104Z,4685.502,RX,bus,-1,001127E5,1,5,01 00 00 E5 27,OK
2026-09-29T10:24:00.106Z,4687.426,RX,bus,-1,103C0401,1,4,00 00 00 01,OK
2026-09-29T10:24:00.106Z,4687.511,RX,bus,-1,103C0481,1,8,00 00 00 00 00 10 A4 13,OK
2026-09-29T10:24:00.109Z,4690.392,RX,bus,-1,00017FD0,1,7,01 00 00 0F 03 D0 7F,OK
2026-09-29T10:24:00.109Z,4690.529,RX,bus,-1,00117FD0,1,5,01 00 00 D0 7F,OK
2026-09-29T10:24:00.111Z,4692.390,RX,bus,-1,103C0401,1,4,00 00 00 01,OK
2026-09-29T10:24:00.111Z,4692.510,RX,bus,-1,103C0481,1,8,00 00 00 00 00 10 A5 13,OK
2026-09-29T10:24:00.114Z,4695.415,RX,bus,-1,000176F9,1,7,01 00 00 0F 03 F9 76,OK
2026-09-29T10:24:00.114Z,4695.523,RX,bus,-1,001176F9,1,5,01 00 00 F9 76,OK
2026-09-29T10:24:00.116Z,4697.277,RX,bus,-1,103C0401,1,4,00 00 00 01,OK
2026-09-29T10:24:00.116Z,4697.510,RX,bus,-1,103C0481,1,8,00 00 00 00 00 10 A5 13,OK
2026-09-29T10:24:00.118Z,4700.574,RX,bus,-1,00015748,1,7,01 00 00 0F 03 48 57,OK
2026-09-29T10:24:00.118Z,4700.619,RX,bus,-1,00115748,1,5,01 00 00 48 57,OK
2026-09-29T10:24:00.120Z,4702.407,RX,bus,-1,103C0401,1,4,00 00 00 01,OK
2026-09-29T10:24:00.120Z,4702.504,RX,bus,-1,103C0481,1,8,00 00 00 00 00 10 A5 13,OK
2026-09-29T10:24:00.123Z,4705.396,RX,bus,-1,00018087,1,7,01 00 00 0F 03 87 80,OK
2026-09-29T10:24:00.123Z,4705.554,RX,bus,-1,00118087,1,5,01 00 00 87 80,OK
2026-09-29T10:24:00.125Z,4707.309,RX,bus,-1,103C0401,1,4,00 00 00 01,OK
2026-09-29T10:24:00.125Z,4707.504,RX,bus,-1,103C0481,1,8,00 00 00 00 00 10 A4 13,OK
2026-09-29T10:24:00.128Z,4710.427,RX,bus,-1,000160F1,1,7,01 00 00 0F 03 F1 60,OK
2026-09-29T10:24:00.128Z,4710.525,RX,bus,-1,001160F1,1,5,01 00 00 F1 60,OK
2026-09-29T10:24:00.130Z,4712.277,RX,bus,-1,103C0401,1,4,00 00 00 01,OK
2026-09-29T10:24:00.130Z,4712.486,RX,bus,-1,103C0481,1,8,00 00 00 00 00 10 A4 13,OK
2026-09-29T10:24:00.133Z,4715.364,RX,bus,-1,0001548A,1,7,01 00 00 0F 03 8A 54,OK
2026-09-29T10:24:00.133Z,4715.525,RX,bus,-1,0011548A,1,5,01 00 00 8A 54,OK
2026-09-29T10:24:00.135Z,4717.337,RX,bus,-1,103C0401,1,4,00 00 00 01,OK
2026-09-29T10:24:00.135Z,4717.507,RX,bus,-1,103C0481,1,8,00 00 00 00 00 10 A4 13,OK
2026-09-29T10:24:00.138Z,4720.442,RX,bus,-1,0001B641,1,7,01 00 00 0F 03 41 B6,OK
2026-09-29T10:24:00.138Z,4720.524,RX,bus,-1,0011B641,1,5,01 00 00 41 B6,OK
2026-09-29T10:24:00.140Z,4722.408,RX,bus,-1,103C0401,1,4,00 00 00 01,OK
2026-09-29T10:24:00.140Z,4722.510,RX,bus,-1,103C0481,1,8,00 00 00 00 00 10 A5 13,OK
2026-09-29T10:24:00.143Z,4725.368,RX,bus,-1,000180B0,1,7,01 00 00 0F 03 B0 80,OK
2026-09-29T10:24:00.143Z,4725.524,RX,bus,-1,001180B0,1,5,01 00 00 B0 80,OK
2026-09-29T10:24:00.145Z,4727.351,RX,bus,-1,103C0401,1,4,00 00 00 01,OK
2026-09-29T10:24:00.145Z,4727.493,RX,bus,-1,103C0481,1,8,00 00 00 00 00 10 A4 13,OK
2026-09-29T10:24:00.148Z,4730.425,RX,bus,-1,000190FE,1,7,01 00 00 0F 03 FE 90,OK
2026-09-29T10:24:00.148Z,4730.522,RX,bus,-1,001190FE,1,5,01 00 00 FE 90,OK
2026-09-29T10:24:00.150Z,4732.519,RX,bus,-1,103C0401,1,4,00 00 00 01,OK
2026-09-29T10:24:00.150Z,4732.560,RX,bus,-1,103C0481,1,8,00 00 00 00 00 10 A4 13,OK
2026-09-29T10:24:00.153Z,4735.575,RX,bus,-1,0001966A,1,7,01 00 00 0F 03 6A 96,OK
2026-09-29T10:24:00.153Z,4735.620,RX,bus,-1,0011966A,1,5,01 00 00 6A 96,OK
2026-09-29T10:24:00.155Z,4737.311,RX,bus,-1,103C0401,1,4,00 00 00 01,OK
2026-09-29T10:24:00.155Z,4737.501,RX,bus,-1,103C0481,1,8,00 00 00 00 00 10 A5 13,OK
2026-09-29T10:24:00.158Z,4740.435,RX,bus,-1,000170DA,1,7,01 00 00 0F 03 DA 70,OK
2026-09-29T10:24:00.158Z,4740.526,RX,bus,-1,001170DA,1,5,01 00 00 DA 70,OK
2026-09-29T10:24:00.160Z,4742.272,RX,bus,-1,103C0401,1,4,00 00 00 01,OK
2026-09-29T10:24:00.160Z,4742.508,RX,bus,-1,103C0481,1,8,00 00 00 00 00 10 A4 13,OK
2026-09-29T10:24:00.163Z,4745.332,RX,bus,-1,00017B71,1,7,01 00 00 0F 03 71 7B,OK
2026-09-29T10:24:00.163Z,4745.521,RX,bus,-1,00117B71,1,5,01 00 00 71 7B,OK
2026-09-29T10:24:00.165Z,4747.308,RX,bus,-1,103C0401,1,4,00 00 00 01,OK
2026-09-29T10:24:00.165Z,4747.508,RX,bus,-1,103C0481,1,8,00 00 00 00 00 10 A4 13,OK
2026-09-29T10:24:00.169Z,4750.285,RX,bus,-1,00017B32,1,7,01 00 00 0F 03 32 7B,OK
2026-09-29T10:24:00.169Z,4750.806,RX,bus,-1,00117B32,1,5,01 00 00 32 7B,OK
2026-09-29T10:24:00.171Z,4752.271,RX,bus,-1,103C0401,1,4,00 00 00 01,OK
2026-09-29T10:24:00.171Z,4752.595,RX,bus,-1,103C0481,1,8,00 00 00 00 00 10 A4 13,OK
2026-09-29T10:24:00.174Z,4755.345,RX,bus,-1,00013914,1,7,01 00 00 0F 03 14 39,OK
2026-09-29T10:24:00.174Z,4755.512,RX,bus,-1,00113914,1,5,01 00 00 14 39,OK
2026-09-29T10:24:00.176Z,4757.298,RX,bus,-1,103C0401,1,4,00 00 00 01,OK
2026-09-29T10:24:00.176Z,4757.509,RX,bus,-1,103C0481,1,8,00 00 00 00 00 10 A4 13,OK
2026-09-29T10:24:00.179Z,4760.303,RX,bus,-1,00010BD6,1,7,01 00 00 0F 03 D6 0B,OK
2026-09-29T10:24:00.179Z,4760.513,RX,bus,-1,00110BD6,1,5,01 00 00 D6 0B,OK
2026-09-29T10:24:00.184Z,4765.457,RX,bus,-1,0001AC40,1,7,01 00 00 0F 03 40 AC,OK
2026-09-29T10:24:00.184Z,4765.498,RX,bus,-1,0011AC40,1,5,01 00 00 40 AC,OK
2026-09-29T10:24:00.189Z,4770.464,RX,bus,-1,0001028B,1,7,01 00 00 0F 03 8B 02,OK
2026-09-29T10:24:00.189Z,4770.509,RX,bus,-1,0011028B,1,5,01 00 00 8B 02,OK
2026-09-29T10:24:00.194Z,4775.424,RX,bus,-1,00011422,1,7,01 00 00 0F 03 22 14,OK
2026-09-29T10:24:00.194Z,4775.522,RX,bus,-1,00111422,1,5,01 00 00 22 14,OK
2026-09-29T10:24:00.199Z,4780.437,RX,bus,-1,0001879A,1,7,01 00 00 0F 03 9A 87,OK
2026-09-29T10:24:00.199Z,4780.531,RX,bus,-1,0011879A,1,5,01 00 00 9A 87,OK
2026-09-29T10:24:00.204Z,4785.450,RX,bus,-1,0001CAD4,1,7,01 00 00 0F 03 D4 CA,OK
2026-09-29T10:24:00.204Z,4785.529,RX,bus,-1,0011CAD4,1,5,01 00 00 D4 CA,OK
2026-09-29T10:24:00.209Z,4790.459,RX,bus,-1,000172B3,1,7,01 00 00 0F 03 B3 72,OK
2026-09-29T10:24:00.209Z,4790.503,RX,bus,-1,001172B3,1,5,01 00 00 B3 72,OK
2026-09-29T10:24:00.214Z,4795.504,RX,bus,-1,0001E37A,1,7,01 00 00 0F 03 7A E3,OK
2026-09-29T10:24:00.214Z,4795.566,RX,bus,-1,0011E37A,1,5,01 00 00 7A E3,OK
2026-09-29T10:24:00.219Z,4800.357,RX,bus,-1,0001C9EC,1,7,01 00 00 0F 03 EC C9,OK
2026-09-29T10:24:00.219Z,4800.531,RX,bus,-1,0011C9EC,1,5,01 00 00 EC C9,OK
2026-09-29T10:24:00.224Z,4805.292,RX,bus,-1,000182B4,1,7,01 00 00 0F 03 B4 82,OK
2026-09-29T10:24:00.224Z,4805.550,RX,bus,-1,001182B4,1,5,01 00 00 B4 82,OK
2026-09-29T10:24:00.229Z,4810.356,RX,bus,-1,0001179E,1,7,01 00 00 0F 03 9E 17,OK
2026-09-29T10:24:00.229Z,4810.523,RX,bus,-1,0011179E,1,5,01 00 00 9E 17,OK
2026-09-29T10:24:00.234Z,4815.292,RX,bus,-1,0001324A,1,7,01 00 00 0F 03 4A 32,OK
2026-09-29T10:24:00.234Z,4815.540,RX,bus,-1,0011324A,1,5,01 00 00 4A 32,OK
2026-09-29T10:24:00.239Z,4820.297,RX,bus,-1,0001D878,1,7,01 00 00 0F 03 78 D8,OK
2026-09-29T10:24:00.239Z,4820.547,RX,bus,-1,0011D878,1,5,01 00 00 78 D8,OK
2026-09-29T10:24:00.244Z,4825.279,RX,bus,-1,00011A8C,1,7,01 00 00 0F 03 8C 1A,OK
2026-09-29T10:24:00.244Z,4825.523,RX,bus,-1,00111A8C,1,5,01 00 00 8C 1A,OK
2026-09-29T10:24:00.249Z,4830.242,RX,bus,-1,000143F2,1,7,01 00 00 0F 03 F2 43,OK
2026-09-29T10:24:00.249Z,4830.489,RX,bus,-1,001143F2,1,5,01 00 00 F2 43,OK
2026-09-29T10:24:00.254Z,4835.248,RX,bus,-1,00019FB4,1,7,01 00 00 0F 03 B4 9F,OK
2026-09-29T10:24:00.254Z,4835.482,RX,bus,-1,00119FB4,1,5,01 00 00 B4 9F,OK
2026-09-29T10:24:00.259Z,4840.248,RX,bus,-1,00013816,1,7,01 00 00 0F 03 16 38,OK
2026-09-29T10:24:00.259Z,4840.507,RX,bus,-1,00113816,1,5,01 00 00 16 38,OK
2026-09-29T10:24:00.264Z,4845.289,RX,bus,-1,0001FF45,1,7,01 00 00 0F 03 45 FF,OK
2026-09-29T10:24:00.264Z,4845.528,RX,bus,-1,0011FF45,1,5,01 00 00 45 FF,OK
2026-09-29T10:24:00.268Z,4850.301,RX,bus,-1,0001F62A,1,7,01 00 00 0F 03 2A F6,OK
2026-09-29T10:24:00.269Z,4850.622,RX,bus,-1,0011F62A,1,5,01 00 00 2A F6,OK
2026-09-29T10:24:00.273Z,4855.348,RX,bus,-1,0001C148,1,7,01 00 00 0F 03 48 C1,OK
2026-09-29T10:24:00.274Z,4855.609,RX,bus,-1,0011C148,1,5,01 00 00 48 C1,OK
2026-09-29T10:24:00.278Z,4860.307,RX,bus,-1,000128CC,1,7,01 00 00 0F 03 CC 28,OK
2026-09-29T10:24:00.279Z,4860.550,RX,bus,-1,001128CC,1,5,01 00 00 CC 28,OK
2026-09-29T10:24:00.283Z,4865.328,RX,bus,-1,00014AD3,1,7,01 00 00 0F 03 D3 4A,OK
2026-09-29T10:24:00.284Z,4865.551,RX,bus,-1,00114AD3,1,5,01 00 00 D3 4A,OK
2026-09-29T10:24:00.288Z,4870.327,RX,bus,-1,0001D079,1,7,01 00 00 0F 03 79 D0,OK
2026-09-29T10:24:00.289Z,4870.618,RX,bus,-1,0011D079,1,5,01 00 00 79 D0,OK
2026-09-29T10:24:00.293Z,4875.300,RX,bus,-1,00015F35,1,7,01 00 00 0F 03 35 5F,OK
2026-09-29T10:24:00.294Z,4875.500,RX,bus,-1,00115F35,1,5,01 00 00 35 5F,OK
2026-09-29T10:24:00.298Z,4880.322,RX,bus,-1,00010A94,1,7,01 00 00 0F 03 94 0A,OK
2026-09-29T10:24:00.299Z,4880.480,RX,bus,-1,00110A94,1,5,01 00 00 94 0A,OK
2026-09-29T10:24:00.303Z,4885.257,RX,bus,-1,00015ACB,1,7,01 00 00 0F 03 CB 5A,OK
2026-09-29T10:24:00.304Z,4885.503,RX,bus,-1,00115ACB,1,5,01 00 00 CB 5A,OK
2026-09-29T10:24:00.308Z,4890.281,RX,bus,-1,0001C76F,1,7,01 00 00 0F 03 6F C7,OK
2026-09-29T10:24:00.309Z,4890.530,RX,bus,-1,0011C76F,1,5,01 00 00 6F C7,OK
2026-09-29T10:24:00.313Z,4895.258,RX,bus,-1,00015A3E,1,7,01 00 00 0F 03 3E 5A,OK
2026-09-29T10:24:00.314Z,4895.506,RX,bus,-1,00115A3E,1,5,01 00 00 3E 5A,OK
2026-09-29T10:24:00.319Z,4900.260,RX,bus,-1,00019EDD,1,7,01 00 00 0F 03 DD 9E,OK
2026-09-29T10:24:00.319Z,4900.498,RX,bus,-1,00119EDD,1,5,01 00 00 DD 9E,OK
2026-09-29T10:24:00.324Z,4905.464,RX,bus,-1,000162BB,1,7,01 00 00 0F 03 BB 62,OK
2026-09-29T10:24:00.324Z,4905.557,RX,bus,-1,001162BB,1,5,01 00 00 BB 62,OK
2026-09-29T10:24:00.329Z,4910.496,RX,bus,-1,0001FB5D,1,7,01 00 00 0F 03 5D FB,OK
2026-09-29T10:24:00.329Z,4910.593,RX,bus,-1,0011FB5D,1,5,01 00 00 5D FB,OK
2026-09-29T10:24:00.334Z,4915.355,RX,bus,-1,0001D76D,1,7,01 00 00 0F 03 6D D7,OK
2026-09-29T10:24:00.334Z,4915.550,RX,bus,-1,0011D76D,1,5,01 00 00 6D D7,OK
2026-09-29T10:24:00.339Z,4920.499,RX,bus,-1,000162D3,1,7,01 00 00 0F 03 D3 62,OK
2026-09-29T10:24:00.339Z,4920.594,RX,bus,-1,001162D3,1,5,01 00 00 D3 62,OK
2026-09-29T10:24:00.344Z,4925.455,RX,bus,-1,0001FA38,1,7,01 00 00 0F 03 38 FA,OK
2026-09-29T10:24:00.344Z,4925.553,RX,bus,-1,0011FA38,1,5,01 00 00 38 FA,OK
2026-09-29T10:24:00.349Z,4930.449,RX,bus,-1,00018C78,1,7,01 00 00 0F 03 78 8C,OK
2026-09-29T10:24:00.349Z,4930.545,RX,bus,-1,00118C78,1,5,01 00 00 78 8C,OK
2026-09-29T10:24:00.354Z,4935.334,RX,bus,-1,00013989,1,7,01 00 00 0F 03 89 39,OK
2026-09-29T10:24:00.354Z,4935.516,RX,bus,-1,00113989,1,5,01 00 00 89 39,OK
2026-09-29T10:24:00.359Z,4940.289,RX,bus,-1,0001D65E,1,7,01 00 00 0F 03 5E D6,OK
2026-09-29T10:24:00.359Z,4940.528,RX,bus,-1,0011D65E,1,5,01 00 00 5E D6,OK
2026-09-29T10:24:00.364Z,4945.271,RX,bus,-1,0001A6B7,1,7,01 00 00 0F 03 B7 A6,OK
2026-09-29T10:24:00.364Z,4945.507,RX,bus,-1,0011A6B7,1,5,01 00 00 B7 A6,OK
2026-09-29T10:24:00.368Z,4950.302,RX,bus,-1,000179BE,1,7,01 00 00 0F 03 BE 79,OK
2026-09-29T10:24:00.369Z,4950.505,RX,bus,-1,001179BE,1,5,01 00 00 BE 79,OK
2026-09-29T10:24:00.373Z,4955.301,RX,bus,-1,00015048,1,7,01 00 00 0F 03 48 50,OK
2026-09-29T10:24:00.374Z,4955.503,RX,bus,-1,00115048,1,5,01 00 00 48 50,OK
2026-09-29T10:24:00.378Z,4960.457,RX,bus,-1,0001D3EA,1,7,01 00 00 0F 03 EA D3,OK
2026-09-29T10:24:00.379Z,4960.518,RX,bus,-1,0011D3EA,1,5,01 00 00 EA D3,OK
2026-09-29T10:24:00.384Z,4965.682,RX,bus,-1,0001711B,1,7,01 00 00 0F 03 1B 71,OK
2026-09-29T10:24:00.384Z,4965.777,RX,bus,-1,0011711B,1,5,01 00 00 1B 71,OK
2026-09-29T10:24:00.389Z,4970.783,RX,bus,-1,0001529B,1,7,01 00 00 0F 03 9B 52,OK
2026-09-29T10:24:00.389Z,4970.876,RX,bus,-1,0011529B,1,5,01 00 00 9B 52,OK
2026-09-29T10:24:00.394Z,4975.331,RX,bus,-1,00015143,1,7,01 00 00 0F 03 43 51,OK
2026-09-29T10:24:00.394Z,4975.587,RX,bus,-1,00115143,1,5,01 00 00 43 51,OK
2026-09-29T10:24:00.398Z,4980.512,RX,bus,-1,0001D4EC,1,7,01 00 00 0F 03 EC D4,OK
2026-09-29T10:24:00.399Z,4980.605,RX,bus,-1,0011D4EC,1,5,01 00 00 EC D4,OK
2026-09-29T10:24:00.404Z,4985.869,RX,bus,-1,00017B12,1,7,01 00 00 0F 03 12 7B,OK
2026-09-29T10:24:00.404Z,4985.960,RX,bus,-1,00117B12,1,5,01 00 00 12 7B,OK
2026-09-29T10:24:00.409Z,4990.372,RX,bus,-1,0001134A,1,7,01 00 00 0F 03 4A 13,OK
2026-09-29T10:24:00.409Z,4990.542,RX,bus,-1,0011134A,1,5,01 00 00 4A 13,OK
2026-09-29T10:24:00.414Z,4995.696,RX,bus,-1,0001E6AD,1,7,01 00 00 0F 03 AD E6,OK
2026-09-29T10:24:00.414Z,4995.790,RX,bus,-1,0011E6AD,1,5,01 00 00 AD E6,OK
2026-09-29T10:24:00.419Z,5000.821,RX,bus,-1,00015B1F,1,7,01 00 00 0F 03 1F 5B,OK
2026-09-29T10:24:00.419Z,5000.913,RX,bus,-1,00115B1F,1,5,01 00 00 1F 5B,OK
2026-09-29T10:24:00.424Z,5005.766,RX,bus,-1,0001801F,1,7,01 00 00 0F 03 1F 80,OK
2026-09-29T10:24:00.424Z,5005.858,RX,bus,-1,0011801F,1,5,01 00 00 1F 80,OK
2026-09-29T10:24:00.429Z,5010.760,RX,bus,-1,0001FFFB,1,7,01 00 00 0F 03 FB FF,OK
2026-09-29T10:24:00.429Z,5010.852,RX,bus,-1,0011FFFB,1,5,01 00 00 FB FF,OK
2026-09-29T10:24:00.434Z,5015.376,RX,bus,-1,000147C2,1,7,01 00 00 0F 04 C2 47,OK
2026-09-29T10:24:00.434Z,5015.514,RX,bus,-1,001147C2,1,5,01 00 00 C2 47,OK
2026-09-29T10:24:00.439Z,5020.788,RX,bus,-1,00011E91,1,7,01 00 00 0F 03 91 1E,OK
2026-09-29T10:24:00.439Z,5020.881,RX,bus,-1,00111E91,1,5,01 00 00 91 1E,OK
2026-09-29T10:24:00.444Z,5025.363,RX,bus,-1,00018276,1,7,01 00 00 0F 03 76 82,OK
2026-09-29T10:24:00.444Z,5025.519,RX,bus,-1,00118276,1,5,01 00 00 76 82,OK
2026-09-29T10:24:00.449Z,5030.764,RX,bus,-1,000162B9,1,7,01 00 00 0F 03 B9 62,OK
2026-09-29T10:24:00.449Z,5030.856,RX,bus,-1,001162B9,1,5,01 00 00 B9 62,OK
2026-09-29T10:24:00.453Z,5035.355,RX,bus,-1,000142FF,1,7,01 00 00 0F 03 FF 42,OK
2026-09-29T10:24:00.453Z,5035.592,RX,bus,-1,001142FF,1,5,01 00 00 FF 42,OK
2026-09-29T10:24:00.458Z,5040.358,RX,bus,-1,00017061,1,7,01 00 00 0F 03 61 70,OK
2026-09-29T10:24:00.458Z,5040.500,RX,bus,-1,00117061,1,5,01 00 00 61 70,OK
2026-09-29T10:24:00.463Z,5045.237,RX,bus,-1,00012B8A,1,7,01 00 00 0F 03 8A 2B,OK
2026-09-29T10:24:00.463Z,5045.481,RX,bus,-1,00112B8A,1,5,01 00 00 8A 2B,OK
2026-09-29T10:24:00.469Z,5050.472,RX,bus,-1,00016C09,1,7,01 00 00 0F 03 09 6C,OK
2026-09-29T10:24:00.469Z,5050.517,RX,bus,-1,00116C09,1,5,01 00 00 09 6C,OK
2026-09-29T10:24:00.474Z,5055.443,RX,bus,-1,00016216,1,7,01 00 00 0F 03 16 62,OK
2026-09-29T10:24:00.474Z,5055.492,RX,bus,-1,00116216,1,5,01 00 00 16 62,OK
2026-09-29T10:24:00.479Z,5060.415,RX,bus,-1,00019644,1,7,01 00 00 0F 03 44 96,OK
2026-09-29T10:24:00.479Z,5060.500,RX,bus,-1,00119644,1,5,01 00 00 44 96,OK
2026-09-29T10:24:00.484Z,5065.442,RX,bus,-1,00018466,1,7,01 00 00 0F 03 66 84,OK
2026-09-29T10:24:00.484Z,5065.518,RX,bus,-1,00118466,1,5,01 00 00 66 84,OK
2026-09-29T10:24:00.489Z,5070.420,RX,bus,-1,00010252,1,7,01 00 00 0F 03 52 02,OK
2026-09-29T10:24:00.489Z,5070.502,RX,bus,-1,00110252,1,5,01 00 00 52 02,OK
2026-09-29T10:24:00.494Z,5075.456,RX,bus,-1,0001D7A0,1,7,01 00 00 0F 03 A0 D7,OK
2026-09-29T10:24:00.494Z,5075.503,RX,bus,-1,0011D7A0,1,5,01 00 00 A0 D7,OK
2026-09-29T10:24:00.498Z,5080.417,RX,bus,-1,0001F6CB,1,7,01 00 00 0F 03 CB F6,OK
2026-09-29T10:24:00.498Z,5080.492,RX,bus,-1,0011F6CB,1,5,01 00 00 CB F6,OK
2026-09-29T10:24:00.503Z,5085.258,RX,bus,-1,000181BE,1,7,01 00 00 0F 03 BE 81,OK
2026-09-29T10:24:00.503Z,5085.502,RX,bus,-1,001181BE,1,5,01 00 00 BE 81,OK
2026-09-29T10:24:00.508Z,5090.255,RX,bus,-1,000177FF,1,7,01 00 00 0F 03 FF 77,OK
2026-09-29T10:24:00.508Z,5090.494,RX,bus,-1,001177FF,1,5,01 00 00 FF 77,OK
2026-09-29T10:24:00.513Z,5095.230,RX,bus,-1,0001A68F,1,7,01 00 00 0F 03 8F A6,OK
2026-09-29T10:24:00.513Z,5095.467,RX,bus,-1,0011A68F,1,5,01 00 00 8F A6,OK
2026-09-29T10:24:00.519Z,5100.458,RX,bus,-1,00019666,1,7,01 00 00 0F 03 66 96,OK
2026-09-29T10:24:00.519Z,5100.519,RX,bus,-1,00119666,1,5,01 00 00 66 96,OK
2026-09-29T10:24:00.524Z,5105.294,RX,bus,-1,000183C4,1,7,01 00 00 0F 03 C4 83,OK
2026-09-29T10:24:00.524Z,5105.538,RX,bus,-1,001183C4,1,5,01 00 00 C4 83,OK
2026-09-29T10:24:00.529Z,5110.372,RX,bus,-1,00017864,1,7,01 00 00 0F 03 64 78,OK
2026-09-29T10:24:00.529Z,5110.477,RX,bus,-1,00117864,1,5,01 00 00 64 78,OK
2026-09-29T10:24:00.534Z,5115.316,RX,bus,-1,0001B369,1,7,01 00 00 0F 03 69 B3,OK
2026-09-29T10:24:00.534Z,5115.498,RX,bus,-1,0011B369,1,5,01 00 00 69 B3,OK
2026-09-29T10:24:00.539Z,5120.241,RX,bus,-1,00013D27,1,7,01 00 00 0F 03 27 3D,OK
2026-09-29T10:24:00.539Z,5120.548,RX,bus,-1,00113D27,1,5,01 00 00 27 3D,OK
2026-09-29T10:24:00.544Z,5125.304,RX,bus,-1,0001E5BB,1,7,01 00 00 0F 03 BB E5,OK
2026-09-29T10:24:00.544Z,5125.514,RX,bus,-1,0011E5BB,1,5,01 00 00 BB E5,OK
2026-09-29T10:24:00.549Z,5130.336,RX,bus,-1,0001D364,1,7,01 00 00 0F 03 64 D3,OK
2026-09-29T10:24:00.549Z,5130.519,RX,bus,-1,0011D364,1,5,01 00 00 64 D3,OK
2026-09-29T10:24:00.554Z,5135.328,RX,bus,-1,0001C735,1,7,01 00 00 0F 03 35 C7,OK
2026-09-29T10:24:00.554Z,5135.534,RX,bus,-1,0011C735,1,5,01 00 00 35 C7,OK
2026-09-29T10:24:00.559Z,5140.323,RX,bus,-1,0001E947,1,7,01 00 00 0F 03 47 E9,OK
2026-09-29T10:24:00.559Z,5140.465,RX,bus,-1,0011E947,1,5,01 00 00 47 E9,OK
2026-09-29T10:24:00.564Z,5145.288,RX,bus,-1,0001A54C,1,7,01 00 00 0F 03 4C A5,OK
2026-09-29T10:24:00.564Z,5145.558,RX,bus,-1,0011A54C,1,5,01 00 00 4C A5,OK
2026-09-29T10:24:00.568Z,5150.296,RX,bus,-1,00013FCE,1,7,01 00 00 0F 03 CE 3F,OK
2026-09-29T10:24:00.568Z,5150.528,RX,bus,-1,00113FCE,1,5,01 00 00 CE 3F,OK
2026-09-29T10:24:00.573Z,5155.337,RX,bus,-1,0001A433,1,7,01 00 00 0F 03 33 A4,OK
2026-09-29T10:24:00.573Z,5155.567,RX,bus,-1,0011A433,1,5,01 00 00 33 A4,OK
2026-09-29T10:24:00.579Z,5160.390,RX,bus,-1,00010A69,1,7,01 00 00 0F 03 69 0A,OK
2026-09-29T10:24:00.579Z,5160.514,RX,bus,-1,00110A69,1,5,01 00 00 69 0A,OK
2026-09-29T10:24:00.583Z,5164.807,TX,short_f0012,0,0012C835,1,5,01 00 00 35 C8,OK
2026-09-29T10:24:00.584Z,5165.344,RX,bus,-1,0001D99B,1,7,01 00 00 0F 03 9B D9,OK
2026-09-29T10:24:00.584Z,5165.410,RX,bus,-1,0011D99B,1,5,01 00 00 9B D9,OK
2026-09-29T10:24:00.589Z,5170.335,RX,bus,-1,0001308B,1,7,01 00 00 0F 03 8B 30,OK
2026-09-29T10:24:00.589Z,5170.484,RX,bus,-1,0011308B,1,5,01 00 00 8B 30,OK
2026-09-29T10:24:00.594Z,5175.329,RX,bus,-1,0001204E,1,7,01 00 00 0F 03 4E 20,OK
2026-09-29T10:24:00.594Z,5175.521,RX,bus,-1,0011204E,1,5,01 00 00 4E 20,OK
2026-09-29T10:24:00.596Z,5177.263,RX,bus,-1,103C0401,1,4,00 00 00 01,OK
2026-09-29T10:24:00.596Z,5177.502,RX,bus,-1,103C0481,1,8,00 00 00 00 00 10 A5 13,OK
2026-09-29T10:24:00.598Z,5180.272,RX,bus,-1,0001D19F,1,7,01 00 00 0F 03 9F D1,OK
2026-09-29T10:24:00.598Z,5180.513,RX,bus,-1,0011D19F,1,5,01 00 00 9F D1,OK
2026-09-29T10:24:00.601Z,5182.255,RX,bus,-1,103C0401,1,4,00 00 00 01,OK
2026-09-29T10:24:00.601Z,5182.494,RX,bus,-1,103C0481,1,8,00 00 00 00 00 10 A5 13,OK
2026-09-29T10:24:00.604Z,5185.273,RX,bus,-1,00014A17,1,7,01 00 00 0F 03 17 4A,OK
2026-09-29T10:24:00.604Z,5185.511,RX,bus,-1,00114A17,1,5,01 00 00 17 4A,OK
2026-09-29T10:24:00.606Z,5187.249,RX,bus,-1,103C0401,1,4,00 00 00 01,OK
2026-09-29T10:24:00.606Z,5187.461,RX,bus,-1,103C0481,1,8,00 00 00 00 00 10 A4 13,OK
2026-09-29T10:24:00.609Z,5190.273,RX,bus,-1,0001B479,1,7,01 00 00 0F 03 79 B4,OK
2026-09-29T10:24:00.609Z,5190.513,RX,bus,-1,0011B479,1,5,01 00 00 79 B4,OK
2026-09-29T10:24:00.611Z,5192.261,RX,bus,-1,103C0401,1,4,00 00 00 01,OK
2026-09-29T10:24:00.611Z,5192.488,RX,bus,-1,103C0481,1,8,00 00 00 00 00 10 A4 13,OK
2026-09-29T10:24:00.614Z,5195.288,RX,bus,-1,00012551,1,7,01 00 00 0F 03 51 25,OK
2026-09-29T10:24:00.614Z,5195.516,RX,bus,-1,00112551,1,5,01 00 00 51 25,OK
2026-09-29T10:24:00.616Z,5197.255,RX,bus,-1,103C0401,1,4,00 00 00 01,OK
2026-09-29T10:24:00.616Z,5197.451,RX,bus,-1,103C0481,1,8,00 00 00 00 00 10 A5 13,OK
2026-09-29T10:24:00.618Z,5200.271,RX,bus,-1,00018E30,1,7,01 00 00 0F 03 30 8E,OK
2026-09-29T10:24:00.619Z,5200.522,RX,bus,-1,00118E30,1,5,01 00 00 30 8E,OK
2026-09-29T10:24:00.620Z,5202.255,RX,bus,-1,103C0401,1,4,00 00 00 01,OK
2026-09-29T10:24:00.621Z,5202.498,RX,bus,-1,103C0481,1,8,00 00 00 00 00 10 A5 13,OK
2026-09-29T10:24:00.623Z,5205.273,RX,bus,-1,00010D14,1,7,01 00 00 0F 03 14 0D,OK
2026-09-29T10:24:00.624Z,5205.548,RX,bus,-1,00110D14,1,5,01 00 00 14 0D,OK
2026-09-29T10:24:00.625Z,5207.255,RX,bus,-1,103C0401,1,4,00 00 00 01,OK
2026-09-29T10:24:00.626Z,5207.550,RX,bus,-1,103C0481,1,8,00 00 00 00 00 10 A4 13,OK
2026-09-29T10:24:00.628Z,5210.275,RX,bus,-1,00012D13,1,7,01 00 00 0F 03 13 2D,OK
2026-09-29T10:24:00.629Z,5210.504,RX,bus,-1,00112D13,1,5,01 00 00 13 2D,OK
2026-09-29T10:24:00.630Z,5212.250,RX,bus,-1,103C0401,1,4,00 00 00 01,OK
2026-09-29T10:24:00.631Z,5212.479,RX,bus,-1,103C0481,1,8,00 00 00 00 00 10 A5 13,OK
2026-09-29T10:24:00.633Z,5215.271,RX,bus,-1,0001C6DB,1,7,01 00 00 0F 03 DB C6,OK
2026-09-29T10:24:00.634Z,5215.511,RX,bus,-1,0011C6DB,1,5,01 00 00 DB C6,OK
2026-09-29T10:24:00.635Z,5217.255,RX,bus,-1,103C0401,1,4,00 00 00 01,OK
2026-09-29T10:24:00.636Z,5217.535,RX,bus,-1,103C0481,1,8,00 00 00 00 00 10 A5 13,OK
2026-09-29T10:24:00.638Z,5220.270,RX,bus,-1,0001F316,1,7,01 00 00 0F 03 16 F3,OK
2026-09-29T10:24:00.639Z,5220.543,RX,bus,-1,0011F316,1,5,01 00 00 16 F3,OK
2026-09-29T10:24:00.640Z,5222.253,RX,bus,-1,103C0401,1,4,00 00 00 01,OK
2026-09-29T10:24:00.641Z,5222.516,RX,bus,-1,103C0481,1,8,00 00 00 00 00 10 A5 13,OK
2026-09-29T10:24:00.643Z,5225.270,RX,bus,-1,0001021A,1,7,01 00 00 0F 03 1A 02,OK
2026-09-29T10:24:00.644Z,5225.518,RX,bus,-1,0011021A,1,5,01 00 00 1A 02,OK
2026-09-29T10:24:00.645Z,5227.256,RX,bus,-1,103C0401,1,4,00 00 00 01,OK
2026-09-29T10:24:00.646Z,5227.510,RX,bus,-1,103C0481,1,8,00 00 00 00 00 10 A5 13,OK
2026-09-29T10:24:00.648Z,5230.238,RX,bus,-1,000137D8,1,7,01 00 00 0F 03 D8 37,OK
2026-09-29T10:24:00.649Z,5230.472,RX,bus,-1,001137D8,1,5,01 00 00 D8 37,OK
2026-09-29T10:24:00.650Z,5232.215,RX,bus,-1,103C0401,1,4,00 00 00 01,OK
2026-09-29T10:24:00.651Z,5232.450,RX,bus,-1,103C0481,1,8,00 00 00 00 00 10 A4 13,OK
2026-09-29T10:24:00.653Z,5235.236,RX,bus,-1,00015A13,1,7,01 00 00 0F 03 13 5A,OK
2026-09-29T10:24:00.654Z,5235.477,RX,bus,-1,00115A13,1,5,01 00 00 13 5A,OK
2026-09-29T10:24:00.655Z,5237.214,RX,bus,-1,103C0401,1,4,00 00 00 01,OK
2026-09-29T10:24:00.656Z,5237.513,RX,bus,-1,103C0481,1,8,00 00 00 00 00 10 A5 13,OK
2026-09-29T10:24:00.658Z,5240.234,RX,bus,-1,00016948,1,7,01 00 00 0F 03 48 69,OK
2026-09-29T10:24:00.659Z,5240.460,RX,bus,-1,00116948,1,5,01 00 00 48 69,OK
2026-09-29T10:24:00.660Z,5242.216,RX,bus,-1,103C0401,1,4,00 00 00 01,OK
2026-09-29T10:24:00.661Z,5242.474,RX,bus,-1,103C0481,1,8,00 00 00 00 00 10 A5 13,OK
2026-09-29T10:24:00.663Z,5245.236,RX,bus,-1,00016BFA,1,7,01 00 00 0F 03 FA 6B,OK
2026-09-29T10:24:00.664Z,5245.458,RX,bus,-1,00116BFA,1,5,01 00 00 FA 6B,OK
2026-09-29T10:24:00.665Z,5247.216,RX,bus,-1,103C0401,1,4,00 00 00 01,OK
2026-09-29T10:24:00.666Z,5247.452,RX,bus,-1,103C0481,1,8,00 00 00 00 00 10 A4 13,OK
2026-09-29T10:24:00.669Z,5250.236,RX,bus,-1,00015E69,1,7,01 00 00 0F 03 69 5E,OK
2026-09-29T10:24:00.669Z,5250.471,RX,bus,-1,00115E69,1,5,01 00 00 69 5E,OK
2026-09-29T10:24:00.671Z,5252.218,RX,bus,-1,103C0401,1,4,00 00 00 01,OK
2026-09-29T10:24:00.671Z,5252.456,RX,bus,-1,103C0481,1,8,00 00 00 00 00 10 A4 13,OK
2026-09-29T10:24:00.674Z,5255.236,RX,bus,-1,00017B1B,1,7,01 00 00 0F 03 1B 7B,OK
2026-09-29T10:24:00.674Z,5255.474,RX,bus,-1,00117B1B,1,5,01 00 00 1B 7B,OK
2026-09-29T10:24:00.676Z,5257.220,RX,bus,-1,103C0401,1,4,00 00 00 01,OK
2026-09-29T10:24:00.676Z,5257.458,RX,bus,-1,103C0481,1,8,00 00 00 00 00 10 A5 13,OK
2026-09-29T10:24:00.679Z,5260.282,RX,bus,-1,000166BC,1,7,01 00 00 0F 03 BC 66,OK
2026-09-29T10:24:00.679Z,5260.521,RX,bus,-1,001166BC,1,5,01 00 00 BC 66,OK
2026-09-29T10:24:00.684Z,5265.276,RX,bus,-1,000182A4,1,7,01 00 00 0F 03 A4 82,OK
2026-09-29T10:24:00.684Z,5265.529,RX,bus,-1,001182A4,1,5,01 00 00 A4 82,OK
2026-09-29T10:24:00.689Z,5270.279,RX,bus,-1,0001096F,1,7,01 00 00 0F 03 6F 09,OK
2026-09-29T10:24:00.689Z,5270.514,RX,bus,-1,0011096F,1,5,01 00 00 6F 09,OK
2026-09-29T10:24:00.694Z,5275.275,RX,bus,-1,00011C45,1,7,01 00 00 0F 03 45 1C,OK
2026-09-29T10:24:00.694Z,5275.523,RX,bus,-1,00111C45,1,5,01 00 00 45 1C,OK
2026-09-29T10:24:00.699Z,5280.240,RX,bus,-1,0001AE2A,1,7,01 00 00 0F 03 2A AE,OK
2026-09-29T10:24:00.699Z,5280.478,RX,bus,-1,0011AE2A,1,5,01 00 00 2A AE,OK
2026-09-29T10:24:00.704Z,5285.768,RX,bus,-1,000100BB,1,7,01 00 00 0F 03 BB 00,OK
2026-09-29T10:24:00.704Z,5285.861,RX,bus,-1,001100BB,1,5,01 00 00 BB 00,OK
2026-09-29T10:24:00.709Z,5290.638,RX,bus,-1,00013A41,1,7,01 00 00 0F 03 41 3A,OK
2026-09-29T10:24:00.709Z,5290.736,RX,bus,-1,00113A41,1,5,01 00 00 41 3A,OK
2026-09-29T10:24:00.714Z,5295.675,RX,bus,-1,0001AB07,1,7,01 00 00 0F 03 07 AB,OK
2026-09-29T10:24:00.714Z,5295.768,RX,bus,-1,0011AB07,1,5,01 00 00 07 AB,OK
2026-09-29T10:24:00.718Z,5300.729,RX,bus,-1,0001BB91,1,7,01 00 00 0F 03 91 BB,OK
2026-09-29T10:24:00.720Z,5300.880,RX,bus,-1,0011BB91,1,5,01 00 00 91 BB,OK
2026-09-29T10:24:00.724Z,5305.295,RX,bus,-1,0001B8E4,1,7,01 00 00 0F 03 E4 B8,OK
2026-09-29T10:24:00.724Z,5305.480,RX,bus,-1,0011B8E4,1,5,01 00 00 E4 B8,OK
2026-09-29T10:24:00.729Z,5310.276,RX,bus,-1,00016349,1,7,01 00 00 0F 03 49 63,OK
2026-09-29T10:24:00.729Z,5310.473,RX,bus,-1,00116349,1,5,01 00 00 49 63,OK
2026-09-29T10:24:00.734Z,5315.236,RX,bus,-1,0001FAAE,1,7,01 00 00 0F 03 AE FA,OK
2026-09-29T10:24:00.734Z,5315.452,RX,bus,-1,0011FAAE,1,5,01 00 00 AE FA,OK
2026-09-29T10:24:00.739Z,5320.230,RX,bus,-1,0001E57B,1,7,01 00 00 0F 03 7B E5,OK
2026-09-29T10:24:00.739Z,5320.476,RX,bus,-1,0011E57B,1,5,01 00 00 7B E5,OK
2026-09-29T10:24:00.744Z,5325.242,RX,bus,-1,00011AE1,1,7,01 00 00 0F 03 E1 1A,OK
2026-09-29T10:24:00.744Z,5325.481,RX,bus,-1,00111AE1,1,5,01 00 00 E1 1A,OK
2026-09-29T10:24:00.749Z,5330.206,RX,bus,-1,00013321,1,7,01 00 00 0F 03 21 33,OK
2026-09-29T10:24:00.749Z,5330.455,RX,bus,-1,00113321,1,5,01 00 00 21 33,OK
2026-09-29T10:24:00.754Z,5335.357,RX,bus,-1,000174D4,1,7,01 00 00 0F 03 D4 74,OK
2026-09-29T10:24:00.754Z,5335.548,RX,bus,-1,001174D4,1,5,01 00 00 D4 74,OK
2026-09-29T10:24:00.759Z,5340.315,RX,bus,-1,0001E6FF,1,7,01 00 00 0F 03 FF E6,OK
2026-09-29T10:24:00.759Z,5340.508,RX,bus,-1,0011E6FF,1,5,01 00 00 FF E6,OK
2026-09-29T10:24:00.764Z,5345.379,RX,bus,-1,0001C860,1,7,01 00 00 0F 03 60 C8,OK
2026-09-29T10:24:00.764Z,5345.500,RX,bus,-1,0011C860,1,5,01 00 00 60 C8,OK
2026-09-29T10:24:00.769Z,5350.598,RX,bus,-1,00016A80,1,7,01 00 00 0F 03 80 6A,OK
2026-09-29T10:24:00.769Z,5350.688,RX,bus,-1,00116A80,1,5,01 00 00 80 6A,OK
2026-09-29T10:24:00.774Z,5355.563,RX,bus,-1,00012392,1,7,01 00 00 0F 03 92 23,OK
2026-09-29T10:24:00.774Z,5355.657,RX,bus,-1,00112392,1,5,01 00 00 92 23,OK
2026-09-29T10:24:00.779Z,5360.622,RX,bus,-1,0001FA89,1,7,01 00 00 0F 03 89 FA,OK
2026-09-29T10:24:00.779Z,5360.714,RX,bus,-1,0011FA89,1,5,01 00 00 89 FA,OK
2026-09-29T10:24:00.784Z,5365.549,RX,bus,-1,00012993,1,7,01 00 00 0F 03 93 29,OK
2026-09-29T10:24:00.784Z,5365.641,RX,bus,-1,00112993,1,5,01 00 00 93 29,OK
2026-09-29T10:24:00.789Z,5370.806,RX,bus,-1,0001A4D7,1,7,01 00 00 0F 03 D7 A4,OK
2026-09-29T10:24:00.789Z,5370.904,RX,bus,-1,0011A4D7,1,5,01 00 00 D7 A4,OK
2026-09-29T10:24:00.794Z,5375.737,RX,bus,-1,0001AD75,1,7,01 00 00 0F 03 75 AD,OK
2026-09-29T10:24:00.794Z,5375.828,RX,bus,-1,0011AD75,1,5,01 00 00 75 AD,OK
2026-09-29T10:24:00.799Z,5380.663,RX,bus,-1,0001555B,1,7,01 00 00 0F 03 5B 55,OK
2026-09-29T10:24:00.799Z,5380.756,RX,bus,-1,0011555B,1,5,01 00 00 5B 55,OK
2026-09-29T10:24:00.803Z,5385.273,RX,bus,-1,0001F97F,1,7,01 00 00 0F 03 7F F9,OK
2026-09-29T10:24:00.803Z,5385.472,RX,bus,-1,0011F97F,1,5,01 00 00 7F F9,OK
2026-09-29T10:24:00.808Z,5390.218,RX,bus,-1,000137B9,1,7,01 00 00 0F 04 B9 37,OK
2026-09-29T10:24:00.808Z,5390.464,RX,bus,-1,001137B9,1,5,01 00 00 B9 37,OK
2026-09-29T10:24:00.813Z,5395.214,RX,bus,-1,00018331,1,7,01 00 00 0F 03 31 83,OK
2026-09-29T10:24:00.813Z,5395.461,RX,bus,-1,00118331,1,5,01 00 00 31 83,OK
2026-09-29T10:24:00.819Z,5400.215,RX,bus,-1,000157D1,1,7,01 00 00 0F 03 D1 57,OK
2026-09-29T10:24:00.819Z,5400.458,RX,bus,-1,001157D1,1,5,01 00 00 D1 57,OK
2026-09-29T10:24:00.824Z,5405.266,RX,bus,-1,0001D214,1,7,01 00 00 0F 03 14 D2,OK
2026-09-29T10:24:00.824Z,5405.459,RX,bus,-1,0011D214,1,5,01 00 00 14 D2,OK
2026-09-29T10:24:00.829Z,5410.211,RX,bus,-1,0001E0FD,1,7,01 00 00 0F 03 FD E0,OK
2026-09-29T10:24:00.829Z,5410.448,RX,bus,-1,0011E0FD,1,5,01 00 00 FD E0,OK
2026-09-29T10:24:00.834Z,5415.216,RX,bus,-1,0001D716,1,7,01 00 00 0F 03 16 D7,OK
2026-09-29T10:24:00.834Z,5415.453,RX,bus,-1,0011D716,1,5,01 00 00 16 D7,OK
2026-09-29T10:24:00.839Z,5420.204,RX,bus,-1,0001E667,1,7,01 00 00 0F 03 67 E6,OK
2026-09-29T10:24:00.839Z,5420.444,RX,bus,-1,0011E667,1,5,01 00 00 67 E6,OK
2026-09-29T10:24:00.844Z,5425.216,RX,bus,-1,0001C400,1,7,01 00 00 0F 03 00 C4,OK
2026-09-29T10:24:00.844Z,5425.445,RX,bus,-1,0011C400,1,5,01 00 00 00 C4,OK
2026-09-29T10:24:00.849Z,5430.263,RX,bus,-1,0001CBA5,1,7,01 00 00 0F 03 A5 CB,OK
2026-09-29T10:24:00.849Z,5430.457,RX,bus,-1,0011CBA5,1,5,01 00 00 A5 CB,OK
2026-09-29T10:24:00.854Z,5435.218,RX,bus,-1,0001B645,1,7,01 00 00 0F 03 45 B6,OK
2026-09-29T10:24:00.854Z,5435.468,RX,bus,-1,0011B645,1,5,01 00 00 45 B6,OK
2026-09-29T10:24:00.859Z,5440.213,RX,bus,-1,0001C77C,1,7,01 00 00 0F 03 7C C7,OK
2026-09-29T10:24:00.859Z,5440.453,RX,bus,-1,0011C77C,1,5,01 00 00 7C C7,OK
2026-09-29T10:24:00.864Z,5445.218,RX,bus,-1,0001E642,1,7,01 00 00 0F 03 42 E6,OK
2026-09-29T10:24:00.864Z,5445.452,RX,bus,-1,0011E642,1,5,01 00 00 42 E6,OK
2026-09-29T10:24:00.869Z,5450.200,RX,bus,-1,0001277C,1,7,01 00 00 0F 03 7C 27,OK
2026-09-29T10:24:00.869Z,5450.445,RX,bus,-1,0011277C,1,5,01 00 00 7C 27,OK
2026-09-29T10:24:00.874Z,5455.218,RX,bus,-1,00011FA2,1,7,01 00 00 0F 03 A2 1F,OK
2026-09-29T10:24:00.874Z,5455.458,RX,bus,-1,00111FA2,1,5,01 00 00 A2 1F,OK
2026-09-29T10:24:00.879Z,5460.211,RX,bus,-1,0001DDD3,1,7,01 00 00 0F 03 D3 DD,OK
2026-09-29T10:24:00.879Z,5460.447,RX,bus,-1,0011DDD3,1,5,01 00 00 D3 DD,OK
2026-09-29T10:24:00.884Z,5465.208,RX,bus,-1,0001D980,1,7,01 00 00 0F 03 80 D9,OK
2026-09-29T10:24:00.884Z,5465.452,RX,bus,-1,0011D980,1,5,01 00 00 80 D9,OK
2026-09-29T10:24:00.889Z,5470.208,RX,bus,-1,00012381,1,7,01 00 00 0F 03 81 23,OK
2026-09-29T10:24:00.889Z,5470.450,RX,bus,-1,00112381,1,5,01 00 00 81 23,OK
2026-09-29T10:24:00.894Z,5475.202,RX,bus,-1,00010087,1,7,01 00 00 0F 03 87 00,OK
2026-09-29T10:24:00.894Z,5475.441,RX,bus,-1,00110087,1,5,01 00 00 87 00,OK
2026-09-29T10:24:00.899Z,5480.204,RX,bus,-1,00018BDD,1,7,01 00 00 0F 03 DD 8B,OK
2026-09-29T10:24:00.899Z,5480.447,RX,bus,-1,00118BDD,1,5,01 00 00 DD 8B,OK
2026-09-29T10:24:00.903Z,5485.207,RX,bus,-1,00016F18,1,7,01 00 00 0F 03 18 6F,OK
2026-09-29T10:24:00.904Z,5485.408,RX,bus,-1,00116F18,1,5,01 00 00 18 6F,OK
2026-09-29T10:24:00.908Z,5490.255,RX,bus,-1,0001A306,1,7,01 00 00 0F 03 06 A3,OK
2026-09-29T10:24:00.909Z,5490.515,RX,bus,-1,0011A306,1,5,01 00 00 06 A3,OK
2026-09-29T10:24:00.913Z,5495.250,RX,bus,-1,0001633D,1,7,01 00 00 0F 03 3D 63,OK
2026-09-29T10:24:00.914Z,5495.546,RX,bus,-1,0011633D,1,5,01 00 00 3D 63,OK
2026-09-29T10:24:00.919Z,5500.246,RX,bus,-1,0001F7B7,1,7,01 00 00 0F 03 B7 F7,OK
2026-09-29T10:24:00.919Z,5500.496,RX,bus,-1,0011F7B7,1,5,01 00 00 B7 F7,OK
2026-09-29T10:24:00.924Z,5505.246,RX,bus,-1,00011BF8,1,7,01 00 00 0F 03 F8 1B,OK
2026-09-29T10:24:00.924Z,5505.492,RX,bus,-1,00111BF8,1,5,01 00 00 F8 1B,OK
2026-09-29T10:24:00.929Z,5510.224,RX,bus,-1,00011D96,1,7,01 00 00 0F 03 96 1D,OK
2026-09-29T10:24:00.929Z,5510.467,RX,bus,-1,00111D96,1,5,01 00 00 96 1D,OK
2026-09-29T10:24:00.934Z,5515.245,RX,bus,-1,00015F2B,1,7,01 00 00 0F 03 2B 5F,OK
2026-09-29T10:24:00.934Z,5515.484,RX,bus,-1,00115F2B,1,5,01 00 00 2B 5F,OK
2026-09-29T10:24:00.939Z,5520.258,RX,bus,-1,00015FF4,1,7,01 00 00 0F 03 F4 5F,OK
2026-09-29T10:24:00.939Z,5520.515,RX,bus,-1,00115FF4,1,5,01 00 00 F4 5F,OK
2026-09-29T10:24:00.944Z,5525.223,RX,bus,-1,00019F2D,1,7,01 00 00 0F 03 2D 9F,OK
2026-09-29T10:24:00.944Z,5525.469,RX,bus,-1,00119F2D,1,5,01 00 00 2D 9F,OK
2026-09-29T10:24:00.949Z,5530.262,RX,bus,-1,0001719A,1,7,01 00 00 0F 03 9A 71,OK
2026-09-29T10:24:00.949Z,5530.410,RX,bus,-1,0011719A,1,5,01 00 00 9A 71,OK
2026-09-29T10:24:00.954Z,5535.243,RX,bus,-1,000136CB,1,7,01 00 00 0F 03 CB 36,OK
2026-09-29T10:24:00.954Z,5535.489,RX,bus,-1,001136CB,1,5,01 00 00 CB 36,OK
2026-09-29T10:24:00.959Z,5540.223,RX,bus,-1,0001611B,1,7,01 00 00 0F 03 1B 61,OK
2026-09-29T10:24:00.959Z,5540.466,RX,bus,-1,0011611B,1,5,01 00 00 1B 61,OK
2026-09-29T10:24:00.964Z,5545.224,RX,bus,-1,0001883C,1,7,01 00 00 0F 03 3C 88,OK
2026-09-29T10:24:00.964Z,5545.470,RX,bus,-1,0011883C,1,5,01 00 00 3C 88,OK
2026-09-29T10:24:00.968Z,5550.221,RX,bus,-1,000199BB,1,7,01 00 00 0F 03 BB 99,OK
2026-09-29T10:24:00.968Z,5550.468,RX,bus,-1,001199BB,1,5,01 00 00 BB 99,OK
2026-09-29T10:24:00.973Z,5555.226,RX,bus,-1,00017360,1,7,01 00 00 0F 03 60 73,OK
2026-09-29T10:24:00.973Z,5555.460,RX,bus,-1,00117360,1,5,01 00 00 60 73,OK
2026-09-29T10:24:00.978Z,5560.227,RX,bus,-1,00015FEE,1,7,01 00 00 0F 03 EE 5F,OK
2026-09-29T10:24:00.978Z,5560.475,RX,bus,-1,00115FEE,1,5,01 00 00 EE 5F,OK
2026-09-29T10:24:00.983Z,5565.227,RX,bus,-1,0001D533,1,7,01 00 00 0F 03 33 D5,OK
2026-09-29T10:24:00.983Z,5565.468,RX,bus,-1,0011D533,1,5,01 00 00 33 D5,OK
2026-09-29T10:24:00.988Z,5570.227,RX,bus,-1,0001A104,1,7,01 00 00 0F 03 04 A1,OK
2026-09-29T10:24:00.988Z,5570.460,RX,bus,-1,0011A104,1,5,01 00 00 04 A1,OK
2026-09-29T10:24:00.993Z,5575.227,RX,bus,-1,0001DA67,1,7,01 00 00 0F 03 67 DA,OK
2026-09-29T10:24:00.993Z,5575.473,RX,bus,-1,0011DA67,1,5,01 00 00 67 DA,OK
2026-09-29T10:24:00.998Z,5580.226,RX,bus,-1,0001B06F,1,7,01 00 00 0F 03 6F B0,OK
2026-09-29T10:24:00.998Z,5580.468,RX,bus,-1,0011B06F,1,5,01 00 00 6F B0,OK
2026-09-29T10:24:01.004Z,5585.261,RX,bus,-1,0001687E,1,7,01 00 00 0F 03 7E 68,OK
2026-09-29T10:24:01.004Z,5585.493,RX,bus,-1,0011687E,1,5,01 00 00 7E 68,OK
2026-09-29T10:24:01.009Z,5590.274,RX,bus,-1,00015DCE,1,7,01 00 00 0F 03 CE 5D,OK
2026-09-29T10:24:01.009Z,5590.476,RX,bus,-1,00115DCE,1,5,01 00 00 CE 5D,OK
2026-09-29T10:24:01.014Z,5595.221,RX,bus,-1,000198D1,1,7,01 00 00 0F 03 D1 98,OK
2026-09-29T10:24:01.014Z,5595.471,RX,bus,-1,001198D1,1,5,01 00 00 D1 98,OK
2026-09-29T10:24:01.018Z,5600.221,RX,bus,-1,00011DA3,1,7,01 00 00 0F 03 A3 1D,OK
2026-09-29T10:24:01.018Z,5600.469,RX,bus,-1,00111DA3,1,5,01 00 00 A3 1D,OK
2026-09-29T10:24:01.023Z,5605.228,RX,bus,-1,0001B27A,1,7,01 00 00 0F 03 7A B2,OK
2026-09-29T10:24:01.023Z,5605.467,RX,bus,-1,0011B27A,1,5,01 00 00 7A B2,OK
2026-09-29T10:24:01.028Z,5610.222,RX,bus,-1,00013B5B,1,7,01 00 00 0F 03 5B 3B,OK
2026-09-29T10:24:01.028Z,5610.463,RX,bus,-1,00113B5B,1,5,01 00 00 5B 3B,OK
2026-09-29T10:24:01.033Z,5615.223,RX,bus,-1,000143ED,1,7,01 00 00 0F 03 ED 43,OK
2026-09-29T10:24:01.033Z,5615.457,RX,bus,-1,001143ED,1,5,01 00 00 ED 43,OK
2026-09-29T10:24:01.038Z,5620.340,RX,bus,-1,0001FA14,1,7,01 00 00 0F 03 14 FA,OK
2026-09-29T10:24:01.038Z,5620.480,RX,bus,-1,0011FA14,1,5,01 00 00 14 FA,OK
2026-09-29T10:24:01.043Z,5625.231,RX,bus,-1,000126C9,1,7,01 00 00 0F 03 C9 26,OK
2026-09-29T10:24:01.043Z,5625.480,RX,bus,-1,001126C9,1,5,01 00 00 C9 26,OK
2026-09-29T10:24:01.048Z,5630.195,RX,bus,-1,00011A3F,1,7,01 00 00 0F 03 3F 1A,OK
2026-09-29T10:24:01.048Z,5630.423,RX,bus,-1,00111A3F,1,5,01 00 00 3F 1A,OK
2026-09-29T10:24:01.053Z,5635.344,RX,bus,-1,0001DC26,1,7,01 00 00 0F 03 26 DC,OK
2026-09-29T10:24:01.053Z,5635.422,RX,bus,-1,0011DC26,1,5,01 00 00 26 DC,OK
2026-09-29T10:24:01.058Z,5640.190,RX,bus,-1,00019D17,1,7,01 00 00 0F 03 17 9D,OK
2026-09-29T10:24:01.058Z,5640.398,RX,bus,-1,00119D17,1,5,01 00 00 17 9D,OK
2026-09-29T10:24:01.063Z,5645.223,RX,bus,-1,0001ED6A,1,7,01 00 00 0F 03 6A ED,OK
2026-09-29T10:24:01.063Z,5645.416,RX,bus,-1,0011ED6A,1,5,01 00 00 6A ED,OK
2026-09-29T10:24:01.069Z,5650.345,RX,bus,-1,00011F82,1,7,01 00 00 0F 03 82 1F,OK
2026-09-29T10:24:01.069Z,5650.419,RX,bus,-1,00111F82,1,5,01 00 00 82 1F,OK
2026-09-29T10:24:01.074Z,5655.293,RX,bus,-1,00010571,1,7,01 00 00 0F 03 71 05,OK
2026-09-29T10:24:01.074Z,5655.429,RX,bus,-1,00110571,1,5,01 00 00 71 05,OK
2026-09-29T10:24:01.079Z,5660.345,RX,bus,-1,0001A8D1,1,7,01 00 00 0F 03 D1 A8,OK
2026-09-29T10:24:01.079Z,5660.427,RX,bus,-1,0011A8D1,1,5,01 00 00 D1 A8,OK
2026-09-29T10:24:01.083Z,5664.977,TX,short_f0012,0,0012C836,1,5,01 00 00 36 C8,OK
2026-09-29T10:24:01.083Z,5665.195,RX,bus,-1,00015F87,1,7,01 00 00 0F 03 87 5F,OK
2026-09-29T10:24:01.083Z,5665.557,RX,bus,-1,00115F87,1,5,01 00 00 87 5F,OK
2026-09-29T10:24:01.088Z,5670.142,RX,bus,-1,00017685,1,7,01 00 00 0F 03 85 76,OK
2026-09-29T10:24:01.088Z,5670.372,RX,bus,-1,00117685,1,5,01 00 00 85 76,OK
2026-09-29T10:24:01.093Z,5675.139,RX,bus,-1,0001F183,1,7,01 00 00 0F 03 83 F1,OK
2026-09-29T10:24:01.093Z,5675.372,RX,bus,-1,0011F183,1,5,01 00 00 83 F1,OK
2026-09-29T10:24:01.095Z,5677.107,RX,bus,-1,103C0401,1,4,00 00 00 01,OK
2026-09-29T10:24:01.095Z,5677.346,RX,bus,-1,103C0481,1,8,00 00 00 00 00 10 A6 13,OK
2026-09-29T10:24:01.098Z,5680.134,RX,bus,-1,000150F9,1,7,01 00 00 0F 03 F9 50,OK
2026-09-29T10:24:01.098Z,5680.370,RX,bus,-1,001150F9,1,5,01 00 00 F9 50,OK
2026-09-29T10:24:01.099Z,5682.087,RX,bus,-1,103C0401,1,4,00 00 00 01,OK
2026-09-29T10:24:01.101Z,5682.389,RX,bus,-1,103C0481,1,8,00 00 00 00 00 10 A6 13,OK
2026-09-29T10:24:01.103Z,5685.138,RX,bus,-1,0001840C,1,7,01 00 00 0F 03 0C 84,OK
2026-09-29T10:24:01.104Z,5685.399,RX,bus,-1,0011840C,1,5,01 00 00 0C 84,OK
2026-09-29T10:24:01.105Z,5687.112,RX,bus,-1,103C0401,1,4,00 00 00 01,OK
2026-09-29T10:24:01.106Z,5687.345,RX,bus,-1,103C0481,1,8,00 00 00 00 00 10 A5 13,OK
2026-09-29T10:24:01.108Z,5690.139,RX,bus,-1,000131A7,1,7,01 00 00 0F 03 A7 31,OK
2026-09-29T10:24:01.109Z,5690.400,RX,bus,-1,001131A7,1,5,01 00 00 A7 31,OK
2026-09-29T10:24:01.110Z,5692.089,RX,bus,-1,103C0401,1,4,00 00 00 01,OK
2026-09-29T10:24:01.111Z,5692.368,RX,bus,-1,103C0481,1,8,00 00 00 00 00 10 A6 13,OK
2026-09-29T10:24:01.113Z,5695.134,RX,bus,-1,00017FC5,1,7,01 00 00 0F 03 C5 7F,OK
2026-09-29T10:24:01.114Z,5695.380,RX,bus,-1,00117FC5,1,5,01 00 00 C5 7F,OK
2026-09-29T10:24:01.115Z,5697.119,RX,bus,-1,103C0401,1,4,00 00 00 01,OK
2026-09-29T10:24:01.116Z,5697.391,RX,bus,-1,103C0481,1,8,00 00 00 00 00 10 A6 13,OK
2026-09-29T10:24:01.119Z,5700.114,RX,bus,-1,0001B65E,1,7,01 00 00 0F 03 5E B6,OK
2026-09-29T10:24:01.119Z,5700.348,RX,bus,-1,0011B65E,1,5,01 00 00 5E B6,OK
2026-09-29T10:24:01.121Z,5702.114,RX,bus,-1,103C0401,1,4,00 00 00 01,OK
2026-09-29T10:24:01.121Z,5702.351,RX,bus,-1,103C0481,1,8,00 00 00 00 00 10 A6 13,OK
2026-09-29T10:24:01.124Z,5705.136,RX,bus,-1,0001D7FB,1,7,01 00 00 0F 03 FB D7,OK
2026-09-29T10:24:01.124Z,5705.379,RX,bus,-1,0011D7FB,1,5,01 00 00 FB D7,OK
2026-09-29T10:24:01.126Z,5707.113,RX,bus,-1,103C0401,1,4,00 00 00 01,OK
2026-09-29T10:24:01.126Z,5707.361,RX,bus,-1,103C0481,1,8,00 00 00 00 00 10 A5 13,OK
2026-09-29T10:24:01.129Z,5710.110,RX,bus,-1,00010DA6,1,7,01 00 00 0F 03 A6 0D,OK
2026-09-29T10:24:01.129Z,5710.346,RX,bus,-1,00110DA6,1,5,01 00 00 A6 0D,OK
2026-09-29T10:24:01.131Z,5712.114,RX,bus,-1,103C0401,1,4,00 00 00 01,OK
2026-09-29T10:24:01.131Z,5712.360,RX,bus,-1,103C0481,1,8,00 00 00 00 00 10 A5 13,OK
2026-09-29T10:24:01.134Z,5715.111,RX,bus,-1,00014708,1,7,01 00 00 0F 03 08 47,OK
2026-09-29T10:24:01.134Z,5715.347,RX,bus,-1,00114708,1,5,01 00 00 08 47,OK
2026-09-29T10:24:01.136Z,5717.093,RX,bus,-1,103C0401,1,4,00 00 00 01,OK
2026-09-29T10:24:01.136Z,5717.334,RX,bus,-1,103C0481,1,8,00 00 00 00 00 10 A5 13,OK
2026-09-29T10:24:01.139Z,5720.117,RX,bus,-1,00012327,1,7,01 00 00 0F 03 27 23,OK
2026-09-29T10:24:01.139Z,5720.361,RX,bus,-1,00112327,1,5,01 00 00 27 23,OK
2026-09-29T10:24:01.141Z,5722.095,RX,bus,-1,103C0401,1,4,00 00 00 01,OK
2026-09-29T10:24:01.141Z,5722.331,RX,bus,-1,103C0481,1,8,00 00 00 00 00 10 A5 13,OK
2026-09-29T10:24:01.144Z,5725.109,RX,bus,-1,00019A81,1,7,01 00 00 0F 03 81 9A,OK
2026-09-29T10:24:01.144Z,5725.347,RX,bus,-1,00119A81,1,5,01 00 00 81 9A,OK
2026-09-29T10:24:01.146Z,5727.084,RX,bus,-1,103C0401,1,4,00 00 00 01,OK
2026-09-29T10:24:01.146Z,5727.329,RX,bus,-1,103C0481,1,8,00 00 00 00 00 10 A4 13,OK
2026-09-29T10:24:01.149Z,5730.135,RX,bus,-1,000143C6,1,7,01 00 00 0F 03 C6 43,OK
2026-09-29T10:24:01.149Z,5730.379,RX,bus,-1,001143C6,1,5,01 00 00 C6 43,OK
2026-09-29T10:24:01.151Z,5732.087,RX,bus,-1,103C0401,1,4,00 00 00 01,OK
2026-09-29T10:24:01.151Z,5732.330,RX,bus,-1,103C0481,1,8,00 00 00 00 00 10 A5 13,OK
2026-09-29T10:24:01.154Z,5735.207,RX,bus,-1,0001A8F7,1,7,01 00 00 0F 03 F7 A8,OK
2026-09-29T10:24:01.154Z,5735.436,RX,bus,-1,0011A8F7,1,5,01 00 00 F7 A8,OK
2026-09-29T10:24:01.156Z,5737.175,RX,bus,-1,103C0401,1,4,00 00 00 01,OK
2026-09-29T10:24:01.156Z,5737.422,RX,bus,-1,103C0481,1,8,00 00 00 00 00 10 A5 13,OK
2026-09-29T10:24:01.159Z,5740.225,RX,bus,-1,000173DD,1,7,01 00 00 0F 03 DD 73,OK
2026-09-29T10:24:01.159Z,5740.473,RX,bus,-1,001173DD,1,5,01 00 00 DD 73,OK
2026-09-29T10:24:01.161Z,5742.174,RX,bus,-1,103C0401,1,4,00 00 00 01,OK
2026-09-29T10:24:01.161Z,5742.421,RX,bus,-1,103C0481,1,8,00 00 00 00 00 10 A5 13,OK
2026-09-29T10:24:01.164Z,5745.228,RX,bus,-1,000190C7,1,7,01 00 00 0F 03 C7 90,OK
2026-09-29T10:24:01.164Z,5745.469,RX,bus,-1,001190C7,1,5,01 00 00 C7 90,OK
2026-09-29T10:24:01.166Z,5747.179,RX,bus,-1,103C0401,1,4,00 00 00 01,OK
2026-09-29T10:24:01.166Z,5747.419,RX,bus,-1,103C0481,1,8,00 00 00 00 00 10 A4 13,OK
2026-09-29T10:24:01.168Z,5750.224,RX,bus,-1,000162B4,1,7,01 00 00 0F 03 B4 62,OK
2026-09-29T10:24:01.169Z,5750.514,RX,bus,-1,001162B4,1,5,01 00 00 B4 62,OK
2026-09-29T10:24:01.170Z,5752.183,RX,bus,-1,103C0401,1,4,00 00 00 01,OK
2026-09-29T10:24:01.171Z,5752.397,RX,bus,-1,103C0481,1,8,00 00 00 00 00 10 A5 13,OK
2026-09-29T10:24:01.173Z,5755.189,RX,bus,-1,0001EF4F,1,7,01 00 00 0F 03 4F EF,OK
2026-09-29T10:24:01.174Z,5755.427,RX,bus,-1,0011EF4F,1,5,01 00 00 4F EF,OK
2026-09-29T10:24:01.175Z,5757.145,RX,bus,-1,103C0401,1,4,00 00 00 01,OK
2026-09-29T10:24:01.176Z,5757.373,RX,bus,-1,103C0481,1,8,00 00 00 00 00 10 A5 13,OK
2026-09-29T10:24:01.178Z,5760.162,RX,bus,-1,00015929,1,7,01 00 00 0F 03 29 59,OK
2026-09-29T10:24:01.179Z,5760.427,RX,bus,-1,00115929,1,5,01 00 00 29 59,OK
2026-09-29T10:24:01.183Z,5765.183,RX,bus,-1,00018189,1,7,01 00 00 0F 03 89 81,OK
2026-09-29T10:24:01.184Z,5765.485,RX,bus,-1,00118189,1,5,01 00 00 89 81,OK
2026-09-29T10:24:01.188Z,5770.191,RX,bus,-1,00011227,1,7,01 00 00 0F 03 27 12,OK
2026-09-29T10:24:01.189Z,5770.384,RX,bus,-1,00111227,1,5,01 00 00 27 12,OK
2026-09-29T10:24:01.193Z,5775.160,RX,bus,-1,000136D0,1,7,01 00 00 0F 03 D0 36,OK
2026-09-29T10:24:01.194Z,5775.408,RX,bus,-1,001136D0,1,5,01 00 00 D0 36,OK
2026-09-29T10:24:01.198Z,5780.163,RX,bus,-1,0001AE5B,1,7,01 00 00 0F 03 5B AE,OK
2026-09-29T10:24:01.199Z,5780.410,RX,bus,-1,0011AE5B,1,5,01 00 00 5B AE,OK
2026-09-29T10:24:01.204Z,5785.195,RX,bus,-1,0001BC67,1,7,01 00 00 0F 03 67 BC,OK
2026-09-29T10:24:01.204Z,5785.434,RX,bus,-1,0011BC67,1,5,01 00 00 67 BC,OK
2026-09-29T10:24:01.209Z,5790.203,RX,bus,-1,0001E94A,1,7,01 00 00 0F 03 4A E9,OK
2026-09-29T10:24:01.209Z,5790.439,RX,bus,-1,0011E94A,1,5,01 00 00 4A E9,OK
2026-09-29T10:24:01.214Z,5795.199,RX,bus,-1,0001AFF2,1,7,01 00 00 0F 03 F2 AF,OK
2026-09-29T10:24:01.214Z,5795.438,RX,bus,-1,0011AFF2,1,5,01 00 00 F2 AF,OK
2026-09-29T10:24:01.218Z,5800.196,RX,bus,-1,0001B8B1,1,7,01 00 00 0F 03 B1 B8,OK
2026-09-29T10:24:01.219Z,5800.442,RX,bus,-1,0011B8B1,1,5,01 00 00 B1 B8,OK
2026-09-29T10:24:01.223Z,5805.198,RX,bus,-1,0001BCFE,1,7,01 00 00 0F 03 FE BC,OK
2026-09-29T10:24:01.224Z,5805.465,RX,bus,-1,0011BCFE,1,5,01 00 00 FE BC,OK
2026-09-29T10:24:01.228Z,5810.194,RX,bus,-1,00014BDC,1,7,01 00 00 0F 03 DC 4B,OK
2026-09-29T10:24:01.229Z,5810.438,RX,bus,-1,00114BDC,1,5,01 00 00 DC 4B,OK
2026-09-29T10:24:01.233Z,5815.202,RX,bus,-1,00018557,1,7,01 00 00 0F 03 57 85,OK
2026-09-29T10:24:01.234Z,5815.417,RX,bus,-1,00118557,1,5,01 00 00 57 85,OK
2026-09-29T10:24:01.238Z,5820.195,RX,bus,-1,00019F54,1,7,01 00 00 0F 03 54 9F,OK
2026-09-29T10:24:01.239Z,5820.435,RX,bus,-1,00119F54,1,5,01 00 00 54 9F,OK
2026-09-29T10:24:01.243Z,5825.192,RX,bus,-1,0001B1B4,1,7,01 00 00 0F 03 B4 B1,OK
2026-09-29T10:24:01.244Z,5825.438,RX,bus,-1,0011B1B4,1,5,01 00 00 B4 B1,OK
2026-09-29T10:24:01.248Z,5830.196,RX,bus,-1,00011213,1,7,01 00 00 0F 03 13 12,OK
2026-09-29T10:24:01.249Z,5830.379,RX,bus,-1,00111213,1,5,01 00 00 13 12,OK
2026-09-29T10:24:01.254Z,5835.523,RX,bus,-1,00010403,1,7,01 00 00 0F 03 03 04,OK
2026-09-29T10:24:01.254Z,5835.620,RX,bus,-1,00110403,1,5,01 00 00 03 04,OK
2026-09-29T10:24:01.259Z,5840.593,RX,bus,-1,00017C21,1,7,01 00 00 0F 03 21 7C,OK
2026-09-29T10:24:01.259Z,5840.685,RX,bus,-1,00117C21,1,5,01 00 00 21 7C,OK
2026-09-29T10:24:01.264Z,5845.335,RX,bus,-1,00010656,1,7,01 00 00 0F 03 56 06,OK
2026-09-29T10:24:01.264Z,5845.430,RX,bus,-1,00110656,1,5,01 00 00 56 06,OK
2026-09-29T10:24:01.269Z,5850.468,RX,bus,-1,00018B44,1,7,01 00 00 0F 03 44 8B,OK
2026-09-29T10:24:01.269Z,5850.560,RX,bus,-1,00118B44,1,5,01 00 00 44 8B,OK
2026-09-29T10:24:01.274Z,5855.565,RX,bus,-1,0001A94C,1,7,01 00 00 0F 03 4C A9,OK
2026-09-29T10:24:01.274Z,5855.658,RX,bus,-1,0011A94C,1,5,01 00 00 4C A9,OK
2026-09-29T10:24:01.279Z,5860.494,RX,bus,-1,0001F12D,1,7,01 00 00 0F 03 2D F1,OK
2026-09-29T10:24:01.279Z,5860.607,RX,bus,-1,0011F12D,1,5,01 00 00 2D F1,OK
2026-09-29T10:24:01.284Z,5865.422,RX,bus,-1,0001FE63,1,7,01 00 00 0F 03 63 FE,OK
2026-09-29T10:24:01.284Z,5865.511,RX,bus,-1,0011FE63,1,5,01 00 00 63 FE,OK
2026-09-29T10:24:01.289Z,5870.325,RX,bus,-1,00012744,1,7,01 00 00 0F 03 44 27,OK
2026-09-29T10:24:01.289Z,5870.399,RX,bus,-1,00112744,1,5,01 00 00 44 27,OK
2026-09-29T10:24:01.294Z,5875.317,RX,bus,-1,00011E91,1,7,01 00 00 0F 03 91 1E,OK
2026-09-29T10:24:01.294Z,5875.410,RX,bus,-1,00111E91,1,5,01 00 00 91 1E,OK
2026-09-29T10:24:01.298Z,5880.164,RX,bus,-1,00014305,1,7,01 00 00 0F 03 05 43,OK
2026-09-29T10:24:01.299Z,5880.395,RX,bus,-1,00114305,1,5,01 00 00 05 43,OK
2026-09-29T10:24:01.304Z,5885.155,RX,bus,-1,00013F25,1,7,01 00 00 0F 03 25 3F,OK
2026-09-29T10:24:01.304Z,5885.395,RX,bus,-1,00113F25,1,5,01 00 00 25 3F,OK
2026-09-29T10:24:01.309Z,5890.153,RX,bus,-1,0001628B,1,7,01 00 00 0F 03 8B 62,OK
2026-09-29T10:24:01.309Z,5890.375,RX,bus,-1,0011628B,1,5,01 00 00 8B 62,OK
2026-09-29T10:24:01.314Z,5895.202,RX,bus,-1,000162AD,1,7,01 00 00 0F 03 AD 62,OK
2026-09-29T10:24:01.314Z,5895.439,RX,bus,-1,001162AD,1,5,01 00 00 AD 62,OK
2026-09-29T10:24:01.319Z,5900.652,RX,bus,-1,0001C3B7,1,7,01 00 00 0F 03 B7 C3,OK
2026-09-29T10:24:01.319Z,5900.743,RX,bus,-1,0011C3B7,1,5,01 00 00 B7 C3,OK
2026-09-29T10:24:01.324Z,5905.435,RX,bus,-1,00015D83,1,7,01 00 00 0F 03 83 5D,OK
2026-09-29T10:24:01.324Z,5905.561,RX,bus,-1,00115D83,1,5,01 00 00 83 5D,OK
2026-09-29T10:24:01.329Z,5910.371,RX,bus,-1,0001751D,1,7,01 00 00 0F 03 1D 75,OK
2026-09-29T10:24:01.329Z,5910.475,RX,bus,-1,0011751D,1,5,01 00 00 1D 75,OK
2026-09-29T10:24:01.334Z,5915.321,RX,bus,-1,0001C92A,1,7,01 00 00 0F 03 2A C9,OK
2026-09-29T10:24:01.334Z,5915.394,RX,bus,-1,0011C92A,1,5,01 00 00 2A C9,OK
2026-09-29T10:24:01.339Z,5920.314,RX,bus,-1,00011A94,1,7,01 00 00 0F 03 94 1A,OK
2026-09-29T10:24:01.339Z,5920.409,RX,bus,-1,00111A94,1,5,01 00 00 94 1A,OK
2026-09-29T10:24:01.344Z,5925.357,RX,bus,-1,00017B98,1,7,01 00 00 0F 03 98 7B,OK
2026-09-29T10:24:01.344Z,5925.430,RX,bus,-1,00117B98,1,5,01 00 00 98 7B,OK
2026-09-29T10:24:01.349Z,5930.317,RX,bus,-1,00014C28,1,7,01 00 00 0F 03 28 4C,OK
2026-09-29T10:24:01.349Z,5930.418,RX,bus,-1,00114C28,1,5,01 00 00 28 4C,OK
2026-09-29T10:24:01.354Z,5935.307,RX,bus,-1,00011F34,1,7,01 00 00 0F 03 34 1F,OK
2026-09-29T10:24:01.354Z,5935.397,RX,bus,-1,00111F34,1,5,01 00 00 34 1F,OK
2026-09-29T10:24:01.359Z,5940.323,RX,bus,-1,000194B3,1,7,01 00 00 0F 03 B3 94,OK
2026-09-29T10:24:01.359Z,5940.399,RX,bus,-1,001194B3,1,5,01 00 00 B3 94,OK
2026-09-29T10:24:01.364Z,5945.312,RX,bus,-1,0001BE02,1,7,01 00 00 0F 03 02 BE,OK
2026-09-29T10:24:01.364Z,5945.386,RX,bus,-1,0011BE02,1,5,01 00 00 02 BE,OK
2026-09-29T10:24:01.369Z,5950.163,RX,bus,-1,0001366B,1,7,01 00 00 0F 03 6B 36,OK
2026-09-29T10:24:01.369Z,5950.391,RX,bus,-1,0011366B,1,5,01 00 00 6B 36,OK
2026-09-29T10:24:01.374Z,5955.130,RX,bus,-1,00019653,1,7,01 00 00 0F 03 53 96,OK
2026-09-29T10:24:01.374Z,5955.412,RX,bus,-1,00119653,1,5,01 00 00 53 96,OK
2026-09-29T10:24:01.379Z,5960.168,RX,bus,-1,00018634,1,7,01 00 00 0F 03 34 86,OK
2026-09-29T10:24:01.379Z,5960.391,RX,bus,-1,00118634,1,5,01 00 00 34 86,OK
2026-09-29T10:24:01.384Z,5965.152,RX,bus,-1,0001FCFB,1,7,01 00 00 0F 03 FB FC,OK
2026-09-29T10:24:01.384Z,5965.397,RX,bus,-1,0011FCFB,1,5,01 00 00 FB FC,OK
2026-09-29T10:24:01.389Z,5970.162,RX,bus,-1,0001C35D,1,7,01 00 00 0F 03 5D C3,OK
2026-09-29T10:24:01.389Z,5970.390,RX,bus,-1,0011C35D,1,5,01 00 00 5D C3,OK
2026-09-29T10:24:01.394Z,5975.155,RX,bus,-1,0001FCD7,1,7,01 00 00 0F 03 D7 FC,OK
2026-09-29T10:24:01.394Z,5975.393,RX,bus,-1,0011FCD7,1,5,01 00 00 D7 FC,OK
2026-09-29T10:24:01.399Z,5980.134,RX,bus,-1,00016C48,1,7,01 00 00 0F 03 48 6C,OK
2026-09-29T10:24:01.399Z,5980.367,RX,bus,-1,00116C48,1,5,01 00 00 48 6C,OK
2026-09-29T10:24:01.403Z,5985.300,RX,bus,-1,00013929,1,7,01 00 00 0F 03 29 39,OK
2026-09-29T10:24:01.403Z,5985.375,RX,bus,-1,00113929,1,5,01 00 00 29 39,OK
2026-09-29T10:24:01.408Z,5990.287,RX,bus,-1,00018909,1,7,01 00 00 0F 03 09 89,OK
2026-09-29T10:24:01.409Z,5990.398,RX,bus,-1,00118909,1,5,01 00 00 09 89,OK
2026-09-29T10:24:01.413Z,5995.284,RX,bus,-1,0001B812,1,7,01 00 00 0F 03 12 B8,OK
2026-09-29T10:24:01.413Z,5995.366,RX,bus,-1,0011B812,1,5,01 00 00 12 B8,OK
2026-09-29T10:24:01.419Z,6000.194,RX,bus,-1,00017BF3,1,7,01 00 00 0F 03 F3 7B,OK
2026-09-29T10:24:01.419Z,6000.348,RX,bus,-1,00117BF3,1,5,01 00 00 F3 7B,OK
2026-09-29T10:24:01.424Z,6005.200,RX,bus,-1,00013C34,1,7,01 00 00 0F 03 34 3C,OK
2026-09-29T10:24:01.424Z,6005.380,RX,bus,-1,00113C34,1,5,01 00 00 34 3C,OK
2026-09-29T10:24:01.429Z,6010.215,RX,bus,-1,000114BA,1,7,01 00 00 0F 03 BA 14,OK
2026-09-29T10:24:01.429Z,6010.367,RX,bus,-1,001114BA,1,5,01 00 00 BA 14,OK
2026-09-29T10:24:01.434Z,6015.204,RX,bus,-1,0001D447,1,7,01 00 00 0F 03 47 D4,OK
2026-09-29T10:24:01.434Z,6015.374,RX,bus,-1,0011D447,1,5,01 00 00 47 D4,OK
2026-09-29T10:24:01.439Z,6020.185,RX,bus,-1,0001B58E,1,7,01 00 00 0F 03 8E B5,OK
2026-09-29T10:24:01.439Z,6020.375,RX,bus,-1,0011B58E,1,5,01 00 00 8E B5,OK
2026-09-29T10:24:01.444Z,6025.199,RX,bus,-1,0001211B,1,7,01 00 00 0F 03 1B 21,OK
2026-09-29T10:24:01.444Z,6025.367,RX,bus,-1,0011211B,1,5,01 00 00 1B 21,OK
2026-09-29T10:24:01.449Z,6030.169,RX,bus,-1,00018E5B,1,7,01 00 00 0F 03 5B 8E,OK
2026-09-29T10:24:01.449Z,6030.371,RX,bus,-1,00118E5B,1,5,01 00 00 5B 8E,OK
2026-09-29T10:24:01.454Z,6035.222,RX,bus,-1,00011A64,1,7,01 00 00 0F 03 64 1A,OK
2026-09-29T10:24:01.454Z,6035.377,RX,bus,-1,00111A64,1,5,01 00 00 64 1A,OK
2026-09-29T10:24:01.459Z,6040.187,RX,bus,-1,00015D0F,1,7,01 00 00 0F 03 0F 5D,OK
2026-09-29T10:24:01.459Z,6040.376,RX,bus,-1,00115D0F,1,5,01 00 00 0F 5D,OK
2026-09-29T10:24:01.464Z,6045.235,RX,bus,-1,0001DC46,1,7,01 00 00 0F 03 46 DC,OK
2026-09-29T10:24:01.464Z,6045.374,RX,bus,-1,0011DC46,1,5,01 00 00 46 DC,OK
2026-09-29T10:24:01.468Z,6050.300,RX,bus,-1,00019A9A,1,7,01 00 00 0F 03 9A 9A,OK
2026-09-29T10:24:01.468Z,6050.374,RX,bus,-1,00119A9A,1,5,01 00 00 9A 9A,OK
2026-09-29T10:24:01.473Z,6055.251,RX,bus,-1,00012372,1,7,01 00 00 0F 03 72 23,OK
2026-09-29T10:24:01.473Z,6055.370,RX,bus,-1,00112372,1,5,01 00 00 72 23,OK
2026-09-29T10:24:01.478Z,6060.248,RX,bus,-1,00013F07,1,7,01 00 00 0F 03 07 3F,OK
2026-09-29T10:24:01.478Z,6060.373,RX,bus,-1,00113F07,1,5,01 00 00 07 3F,OK
2026-09-29T10:24:01.483Z,6065.092,RX,bus,-1,0001EB5A,1,7,01 00 00 0F 03 5A EB,OK
2026-09-29T10:24:01.483Z,6065.369,RX,bus,-1,0011EB5A,1,5,01 00 00 5A EB,OK
2026-09-29T10:24:01.488Z,6070.232,RX,bus,-1,00013FD1,1,7,01 00 00 0F 03 D1 3F,OK
2026-09-29T10:24:01.488Z,6070.374,RX,bus,-1,00113FD1,1,5,01 00 00 D1 3F,OK
2026-09-29T10:24:01.493Z,6075.238,RX,bus,-1,000155C7,1,7,01 00 00 0F 03 C7 55,OK
2026-09-29T10:24:01.493Z,6075.374,RX,bus,-1,001155C7,1,5,01 00 00 C7 55,OK
2026-09-29T10:24:01.498Z,6080.295,RX,bus,-1,0001FA6E,1,7,01 00 00 0F 03 6E FA,OK
2026-09-29T10:24:01.498Z,6080.370,RX,bus,-1,0011FA6E,1,5,01 00 00 6E FA,OK
2026-09-29T10:24:01.504Z,6085.208,RX,bus,-1,0001B4CF,1,7,01 00 00 0F 03 CF B4,OK
2026-09-29T10:24:01.504Z,6085.374,RX,bus,-1,0011B4CF,1,5,01 00 00 CF B4,OK
2026-09-29T10:24:01.509Z,6090.118,RX,bus,-1,000191A5,1,7,01 00 00 0F 03 A5 91,OK
2026-09-29T10:24:01.509Z,6090.368,RX,bus,-1,001191A5,1,5,01 00 00 A5 91,OK
2026-09-29T10:24:01.514Z,6095.209,RX,bus,-1,00011001,1,7,01 00 00 0F 03 01 10,OK
2026-09-29T10:24:01.514Z,6095.377,RX,bus,-1,00111001,1,5,01 00 00 01 10,OK
2026-09-29T10:24:01.519Z,6100.298,RX,bus,-1,00015B21,1,7,01 00 00 0F 03 21 5B,OK
2026-09-29T10:24:01.519Z,6100.377,RX,bus,-1,00115B21,1,5,01 00 00 21 5B,OK
2026-09-29T10:24:01.524Z,6105.354,RX,bus,-1,00014B42,1,7,01 00 00 0F 03 42 4B,OK
2026-09-29T10:24:01.524Z,6105.412,RX,bus,-1,00114B42,1,5,01 00 00 42 4B,OK
2026-09-29T10:24:01.529Z,6110.296,RX,bus,-1,00019F6A,1,7,01 00 00 0F 03 6A 9F,OK
2026-09-29T10:24:01.529Z,6110.380,RX,bus,-1,00119F6A,1,5,01 00 00 6A 9F,OK
2026-09-29T10:24:01.534Z,6115.360,RX,bus,-1,0001B1B2,1,7,01 00 00 0F 03 B2 B1,OK
2026-09-29T10:24:01.534Z,6115.410,RX,bus,-1,0011B1B2,1,5,01 00 00 B2 B1,OK
2026-09-29T10:24:01.539Z,6120.304,RX,bus,-1,00019926,1,7,01 00 00 0F 03 26 99,OK
2026-09-29T10:24:01.539Z,6120.381,RX,bus,-1,00119926,1,5,01 00 00 26 99,OK
2026-09-29T10:24:01.544Z,6125.305,RX,bus,-1,0001C88B,1,7,01 00 00 0F 03 8B C8,OK
2026-09-29T10:24:01.544Z,6125.422,RX,bus,-1,0011C88B,1,5,01 00 00 8B C8,OK
2026-09-29T10:24:01.549Z,6130.306,RX,bus,-1,0001254D,1,7,01 00 00 0F 03 4D 25,OK
2026-09-29T10:24:01.549Z,6130.357,RX,bus,-1,0011254D,1,5,01 00 00 4D 25,OK
2026-09-29T10:24:01.554Z,6135.306,RX,bus,-1,00018DDA,1,7,01 00 00 0F 03 DA 8D,OK
2026-09-29T10:24:01.554Z,6135.435,RX,bus,-1,00118DDA,1,5,01 00 00 DA 8D,OK
2026-09-29T10:24:01.559Z,6140.350,RX,bus,-1,0001C0B5,1,7,01 00 00 0F 03 B5 C0,OK
2026-09-29T10:24:01.559Z,6140.412,RX,bus,-1,0011C0B5,1,5,01 00 00 B5 C0,OK
2026-09-29T10:24:01.564Z,6145.292,RX,bus,-1,0001148C,1,7,01 00 00 0F 03 8C 14,OK
2026-09-29T10:24:01.564Z,6145.429,RX,bus,-1,0011148C,1,5,01 00 00 8C 14,OK
2026-09-29T10:24:01.569Z,6150.154,RX,bus,-1,0001882F,1,7,01 00 00 0F 03 2F 88,OK
2026-09-29T10:24:01.569Z,6150.381,RX,bus,-1,0011882F,1,5,01 00 00 2F 88,OK
2026-09-29T10:24:01.574Z,6155.143,RX,bus,-1,00012718,1,7,01 00 00 0F 03 18 27,OK
2026-09-29T10:24:01.574Z,6155.376,RX,bus,-1,00112718,1,5,01 00 00 18 27,OK
2026-09-29T10:24:01.579Z,6160.129,RX,bus,-1,0001EEF7,1,7,01 00 00 0F 03 F7 EE,OK
2026-09-29T10:24:01.579Z,6160.369,RX,bus,-1,0011EEF7,1,5,01 00 00 F7 EE,OK
2026-09-29T10:24:01.584Z,6165.179,RX,bus,-1,00014BCE,1,7,01 00 00 0F 03 CE 4B,OK
2026-09-29T10:24:01.584Z,6165.346,RX,bus,-1,00114BCE,1,5,01 00 00 CE 4B,OK
2026-09-29T10:24:01.589Z,6170.111,RX,bus,-1,00017451,1,7,01 00 00 0F 03 51 74,OK
2026-09-29T10:24:01.589Z,6170.373,RX,bus,-1,00117451,1,5,01 00 00 51 74,OK
2026-09-29T10:24:01.594Z,6175.111,RX,bus,-1,00011D9F,1,7,01 00 00 0F 03 9F 1D,OK
2026-09-29T10:24:01.594Z,6175.373,RX,bus,-1,00111D9F,1,5,01 00 00 9F 1D,OK
2026-09-29T10:24:01.599Z,6180.142,RX,bus,-1,00019F8B,1,7,01 00 00 0F 03 8B 9F,OK
2026-09-29T10:24:01.599Z,6180.375,RX,bus,-1,00119F8B,1,5,01 00 00 8B 9F,OK
2026-09-29T10:24:01.604Z,6185.238,RX,bus,-1,00015DCD,1,7,01 00 00 0F 03 CD 5D,OK
2026-09-29T10:24:01.604Z,6185.349,RX,bus,-1,00115DCD,1,5,01 00 00 CD 5D,OK
2026-09-29T10:24:01.609Z,6190.324,RX,bus,-1,0001DAB3,1,7,01 00 00 0F 03 B3 DA,OK
2026-09-29T10:24:01.609Z,6190.413,RX,bus,-1,0011DAB3,1,5,01 00 00 B3 DA,OK
2026-09-29T10:24:01.614Z,6195.279,RX,bus,-1,00015EE9,1,7,01 00 00 0F 03 E9 5E,OK
2026-09-29T10:24:01.614Z,6195.375,RX,bus,-1,00115EE9,1,5,01 00 00 E9 5E,OK
2026-09-29T10:24:01.618Z,6200.103,RX,bus,-1,000112CC,1,7,01 00 00 0F 03 CC 12,OK
2026-09-29T10:24:01.618Z,6200.346,RX,bus,-1,001112CC,1,5,01 00 00 CC 12,OK
2026-09-29T10:24:01.623Z,6205.174,RX,bus,-1,0001A30E,1,7,01 00 00 0F 03 0E A3,OK
2026-09-29T10:24:01.623Z,6205.373,RX,bus,-1,0011A30E,1,5,01 00 00 0E A3,OK
2026-09-29T10:24:01.628Z,6210.253,RX,bus,-1,0001953C,1,7,01 00 00 0F 03 3C 95,OK
2026-09-29T10:24:01.628Z,6210.343,RX,bus,-1,0011953C,1,5,01 00 00 3C 95,OK
2026-09-29T10:24:01.633Z,6215.146,RX,bus,-1,00010B2D,1,7,01 00 00 0F 03 2D 0B,OK
2026-09-29T10:24:01.633Z,6215.343,RX,bus,-1,00110B2D,1,5,01 00 00 2D 0B,OK
2026-09-29T10:24:01.638Z,6220.255,RX,bus,-1,00018CD4,1,7,01 00 00 0F 03 D4 8C,OK
2026-09-29T10:24:01.638Z,6220.349,RX,bus,-1,00118CD4,1,5,01 00 00 D4 8C,OK
2026-09-29T10:24:01.643Z,6225.107,RX,bus,-1,00015EF4,1,7,01 00 00 0F 03 F4 5E,OK
2026-09-29T10:24:01.643Z,6225.350,RX,bus,-1,00115EF4,1,5,01 00 00 F4 5E,OK
2026-09-29T10:24:01.648Z,6230.259,RX,bus,-1,0001599A,1,7,01 00 00 0F 03 9A 59,OK
2026-09-29T10:24:01.648Z,6230.345,RX,bus,-1,0011599A,1,5,01 00 00 9A 59,OK
2026-09-29T10:24:01.653Z,6235.115,RX,bus,-1,0001AC90,1,7,01 00 00 0F 03 90 AC,OK
2026-09-29T10:24:01.653Z,6235.350,RX,bus,-1,0011AC90,1,5,01 00 00 90 AC,OK
2026-09-29T10:24:01.658Z,6240.116,RX,bus,-1,0001A13E,1,7,01 00 00 0F 03 3E A1,OK
2026-09-29T10:24:01.658Z,6240.350,RX,bus,-1,0011A13E,1,5,01 00 00 3E A1,OK
2026-09-29T10:24:01.663Z,6245.111,RX,bus,-1,00015D57,1,7,01 00 00 0F 03 57 5D,OK
2026-09-29T10:24:01.663Z,6245.350,RX,bus,-1,00115D57,1,5,01 00 00 57 5D,OK
2026-09-29T10:24:01.669Z,6250.299,RX,bus,-1,00017AE7,1,7,01 00 00 0F 03 E7 7A,OK
2026-09-29T10:24:01.669Z,6250.358,RX,bus,-1,00117AE7,1,5,01 00 00 E7 7A,OK
2026-09-29T10:24:01.674Z,6255.289,RX,bus,-1,0001381E,1,7,01 00 00 0F 03 1E 38,OK
2026-09-29T10:24:01.674Z,6255.385,RX,bus,-1,0011381E,1,5,01 00 00 1E 38,OK
2026-09-29T10:24:01.679Z,6260.308,RX,bus,-1,000197AE,1,7,01 00 00 0F 03 AE 97,OK
2026-09-29T10:24:01.679Z,6260.367,RX,bus,-1,001197AE,1,5,01 00 00 AE 97,OK
2026-09-29T10:24:01.684Z,6265.307,RX,bus,-1,00017FCF,1,7,01 00 00 0F 03 CF 7F,OK
2026-09-29T10:24:01.684Z,6265.364,RX,bus,-1,00117FCF,1,5,01 00 00 CF 7F,OK
2026-09-29T10:24:01.689Z,6270.266,RX,bus,-1,0001BA0F,1,7,01 00 00 0F 03 0F BA,OK
2026-09-29T10:24:01.689Z,6270.343,RX,bus,-1,0011BA0F,1,5,01 00 00 0F BA,OK
2026-09-29T10:24:01.694Z,6275.259,RX,bus,-1,00012076,1,7,01 00 00 0F 03 76 20,OK
2026-09-29T10:24:01.694Z,6275.364,RX,bus,-1,00112076,1,5,01 00 00 76 20,OK
2026-09-29T10:24:01.699Z,6280.122,RX,bus,-1,00019D11,1,7,01 00 00 0F 03 11 9D,OK
2026-09-29T10:24:01.699Z,6280.345,RX,bus,-1,00119D11,1,5,01 00 00 11 9D,OK
2026-09-29T10:24:01.703Z,6285.278,RX,bus,-1,000146D4,1,7,01 00 00 0F 03 D4 46,OK
2026-09-29T10:24:01.703Z,6285.322,RX,bus,-1,001146D4,1,5,01 00 00 D4 46,OK
2026-09-29T10:24:01.708Z,6290.258,RX,bus,-1,000118F3,1,7,01 00 00 0F 03 F3 18,OK
2026-09-29T10:24:01.708Z,6290.348,RX,bus,-1,001118F3,1,5,01 00 00 F3 18,OK
2026-09-29T10:24:01.714Z,6295.379,RX,bus,-1,00015647,1,7,01 00 00 0F 03 47 56,OK
2026-09-29T10:24:01.714Z,6295.426,RX,bus,-1,00115647,1,5,01 00 00 47 56,OK
2026-09-29T10:24:01.719Z,6300.157,RX,bus,-1,000131A4,1,7,01 00 00 0F 03 A4 31,OK
2026-09-29T10:24:01.719Z,6300.343,RX,bus,-1,001131A4,1,5,01 00 00 A4 31,OK
2026-09-29T10:24:01.724Z,6305.176,RX,bus,-1,00016287,1,7,01 00 00 0F 03 87 62,OK
2026-09-29T10:24:01.724Z,6305.344,RX,bus,-1,00116287,1,5,01 00 00 87 62,OK
2026-09-29T10:24:01.729Z,6310.148,RX,bus,-1,0001A44C,1,7,01 00 00 0F 03 4C A4,OK
2026-09-29T10:24:01.729Z,6310.355,RX,bus,-1,0011A44C,1,5,01 00 00 4C A4,OK
2026-09-29T10:24:01.734Z,6315.180,RX,bus,-1,0001727E,1,7,01 00 00 0F 03 7E 72,OK
2026-09-29T10:24:01.734Z,6315.345,RX,bus,-1,0011727E,1,5,01 00 00 7E 72,OK
2026-09-29T10:24:01.739Z,6320.195,RX,bus,-1,000173B5,1,7,01 00 00 0F 03 B5 73,OK
2026-09-29T10:24:01.739Z,6320.343,RX,bus,-1,001173B5,1,5,01 00 00 B5 73,OK
2026-09-29T10:24:01.744Z,6325.176,RX,bus,-1,00014F4D,1,7,01 00 00 0F 03 4D 4F,OK
2026-09-29T10:24:01.744Z,6325.354,RX,bus,-1,00114F4D,1,5,01 00 00 4D 4F,OK
2026-09-29T10:24:01.749Z,6330.162,RX,bus,-1,00015050,1,7,01 00 00 0F 03 50 50,OK
2026-09-29T10:24:01.749Z,6330.346,RX,bus,-1,00115050,1,5,01 00 00 50 50,OK
2026-09-29T10:24:01.754Z,6335.183,RX,bus,-1,0001AA3B,1,7,01 00 00 0F 03 3B AA,OK
2026-09-29T10:24:01.754Z,6335.324,RX,bus,-1,0011AA3B,1,5,01 00 00 3B AA,OK
2026-09-29T10:24:01.759Z,6340.166,RX,bus,-1,0001532B,1,7,01 00 00 0F 03 2B 53,OK
2026-09-29T10:24:01.759Z,6340.347,RX,bus,-1,0011532B,1,5,01 00 00 2B 53,OK
2026-09-29T10:24:01.764Z,6345.197,RX,bus,-1,0001D61F,1,7,01 00 00 0F 03 1F D6,OK
2026-09-29T10:24:01.764Z,6345.346,RX,bus,-1,0011D61F,1,5,01 00 00 1F D6,OK
2026-09-29T10:24:01.768Z,6350.256,RX,bus,-1,0001B016,1,7,01 00 00 0F 03 16 B0,OK
2026-09-29T10:24:01.768Z,6350.328,RX,bus,-1,0011B016,1,5,01 00 00 16 B0,OK
2026-09-29T10:24:01.773Z,6355.319,RX,bus,-1,00010087,1,7,01 00 00 0F 03 87 00,OK
2026-09-29T10:24:01.773Z,6355.363,RX,bus,-1,00110087,1,5,01 00 00 87 00,OK
2026-09-29T10:24:01.778Z,6360.214,RX,bus,-1,000105C6,1,7,01 00 00 0F 03 C6 05,OK
2026-09-29T10:24:01.778Z,6360.349,RX,bus,-1,001105C6,1,5,01 00 00 C6 05,OK
2026-09-29T10:24:01.783Z,6365.326,RX,bus,-1,00019CA3,1,7,01 00 00 0F 03 A3 9C,OK
2026-09-29T10:24:01.783Z,6365.367,RX,bus,-1,00119CA3,1,5,01 00 00 A3 9C,OK
2026-09-29T10:24:01.788Z,6370.211,RX,bus,-1,0001EBB9,1,7,01 00 00 0F 03 B9 EB,OK
2026-09-29T10:24:01.788Z,6370.345,RX,bus,-1,0011EBB9,1,5,01 00 00 B9 EB,OK
2026-09-29T10:24:01.793Z,6375.340,RX,bus,-1,000139C6,1,7,01 00 00 0F 03 C6 39,OK
2026-09-29T10:24:01.793Z,6375.381,RX,bus,-1,001139C6,1,5,01 00 00 C6 39,OK
2026-09-29T10:24:01.798Z,6380.299,RX,bus,-1,00014826,1,7,01 00 00 0F 03 26 48,OK
2026-09-29T10:24:01.798Z,6380.339,RX,bus,-1,00114826,1,5,01 00 00 26 48,OK
2026-09-29T10:24:01.803Z,6385.113,RX,bus,-1,0001CCF9,1,7,01 00 00 0F 03 F9 CC,OK
2026-09-29T10:24:01.803Z,6385.343,RX,bus,-1,0011CCF9,1,5,01 00 00 F9 CC,OK
2026-09-29T10:24:01.808Z,6390.109,RX,bus,-1,0001653E,1,7,01 00 00 0F 03 3E 65,OK
2026-09-29T10:24:01.808Z,6390.349,RX,bus,-1,0011653E,1,5,01 00 00 3E 65,OK
2026-09-29T10:24:01.813Z,6395.115,RX,bus,-1,0001F0ED,1,7,01 00 00 0F 03 ED F0,OK
2026-09-29T10:24:01.813Z,6395.347,RX,bus,-1,0011F0ED,1,5,01 00 00 ED F0,OK
2026-09-29T10:24:01.819Z,6400.260,RX,bus,-1,0001AF8D,1,7,01 00 00 0F 03 8D AF,OK
2026-09-29T10:24:01.819Z,6400.340,RX,bus,-1,0011AF8D,1,5,01 00 00 8D AF,OK
2026-09-29T10:24:01.824Z,6405.290,RX,bus,-1,00018956,1,7,01 00 00 0F 03 56 89,OK
2026-09-29T10:24:01.824Z,6405.351,RX,bus,-1,00118956,1,5,01 00 00 56 89,OK
2026-09-29T10:24:01.829Z,6410.260,RX,bus,-1,0001A835,1,7,01 00 00 0F 03 35 A8,OK
2026-09-29T10:24:01.829Z,6410.351,RX,bus,-1,0011A835,1,5,01 00 00 35 A8,OK
2026-09-29T10:24:01.834Z,6415.264,RX,bus,-1,0001B273,1,7,01 00 00 0F 03 73 B2,OK
2026-09-29T10:24:01.834Z,6415.347,RX,bus,-1,0011B273,1,5,01 00 00 73 B2,OK
2026-09-29T10:24:01.839Z,6420.245,RX,bus,-1,0001E863,1,7,01 00 00 0F 03 63 E8,OK
2026-09-29T10:24:01.839Z,6420.330,RX,bus,-1,0011E863,1,5,01 00 00 63 E8,OK
2026-09-29T10:24:01.844Z,6425.268,RX,bus,-1,00018351,1,7,01 00 00 0F 03 51 83,OK
2026-09-29T10:24:01.844Z,6425.392,RX,bus,-1,00118351,1,5,01 00 00 51 83,OK
2026-09-29T10:24:01.849Z,6430.240,RX,bus,-1,00013421,1,7,01 00 00 0F 03 21 34,OK
2026-09-29T10:24:01.849Z,6430.334,RX,bus,-1,00113421,1,5,01 00 00 21 34,OK
2026-09-29T10:24:01.854Z,6435.271,RX,bus,-1,00010508,1,7,01 00 00 0F 03 08 05,OK
2026-09-29T10:24:01.854Z,6435.368,RX,bus,-1,00110508,1,5,01 00 00 08 05,OK
2026-09-29T10:24:01.859Z,6440.318,RX,bus,-1,0001297D,1,7,01 00 00 0F 03 7D 29,OK
2026-09-29T10:24:01.859Z,6440.397,RX,bus,-1,0011297D,1,5,01 00 00 7D 29,OK
2026-09-29T10:24:01.864Z,6445.243,RX,bus,-1,000192FF,1,7,01 00 00 0F 03 FF 92,OK
2026-09-29T10:24:01.864Z,6445.287,RX,bus,-1,001192FF,1,5,01 00 00 FF 92,OK
2026-09-29T10:24:01.868Z,6450.141,RX,bus,-1,00013998,1,7,01 00 00 0F 03 98 39,OK
2026-09-29T10:24:01.868Z,6450.328,RX,bus,-1,00113998,1,5,01 00 00 98 39,OK
2026-09-29T10:24:01.873Z,6455.133,RX,bus,-1,00017807,1,7,01 00 00 0F 03 07 78,OK
2026-09-29T10:24:01.873Z,6455.323,RX,bus,-1,00117807,1,5,01 00 00 07 78,OK
2026-09-29T10:24:01.878Z,6460.079,RX,bus,-1,0001641C,1,7,01 00 00 0F 03 1C 64,OK
2026-09-29T10:24:01.878Z,6460.272,RX,bus,-1,0011641C,1,5,01 00 00 1C 64,OK
2026-09-29T10:24:01.884Z,6465.090,RX,bus,-1,000145C0,1,7,01 00 00 0F 03 C0 45,OK
2026-09-29T10:24:01.884Z,6465.323,RX,bus,-1,001145C0,1,5,01 00 00 C0 45,OK
2026-09-29T10:24:01.889Z,6470.043,RX,bus,-1,00018629,1,7,01 00 00 0F 03 29 86,OK
2026-09-29T10:24:01.889Z,6470.322,RX,bus,-1,00118629,1,5,01 00 00 29 86,OK
2026-09-29T10:24:01.894Z,6475.192,RX,bus,-1,0001B7AB,1,7,01 00 00 0F 03 AB B7,OK
2026-09-29T10:24:01.894Z,6475.324,RX,bus,-1,0011B7AB,1,5,01 00 00 AB B7,OK
2026-09-29T10:24:01.899Z,6480.094,RX,bus,-1,0001A8B6,1,7,01 00 00 0F 03 B6 A8,OK
2026-09-29T10:24:01.899Z,6480.318,RX,bus,-1,0011A8B6,1,5,01 00 00 B6 A8,OK
2026-09-29T10:24:01.904Z,6485.287,RX,bus,-1,000168D7,1,7,01 00 00 0F 03 D7 68,OK
2026-09-29T10:24:01.904Z,6485.345,RX,bus,-1,001168D7,1,5,01 00 00 D7 68,OK
2026-09-29T10:24:01.909Z,6490.169,RX,bus,-1,00013F00,1,7,01 00 00 0F 03 00 3F,OK
2026-09-29T10:24:01.909Z,6490.363,RX,bus,-1,00113F00,1,5,01 00 00 00 3F,OK
2026-09-29T10:24:01.914Z,6495.301,RX,bus,-1,00019B03,1,7,01 00 00 0F 03 03 9B,OK
2026-09-29T10:24:01.914Z,6495.344,RX,bus,-1,00119B03,1,5,01 00 00 03 9B,OK
2026-09-29T10:24:01.918Z,6500.127,RX,bus,-1,00016C77,1,7,01 00 00 0F 03 77 6C,OK
2026-09-29T10:24:01.918Z,6500.323,RX,bus,-1,00116C77,1,5,01 00 00 77 6C,OK
2026-09-29T10:24:01.923Z,6505.124,RX,bus,-1,0001A7BB,1,7,01 00 00 0F 03 BB A7,OK
2026-09-29T10:24:01.923Z,6505.321,RX,bus,-1,0011A7BB,1,5,01 00 00 BB A7,OK
2026-09-29T10:24:01.928Z,6510.088,RX,bus,-1,0001B64A,1,7,01 00 00 0F 03 4A B6,OK
2026-09-29T10:24:01.928Z,6510.325,RX,bus,-1,0011B64A,1,5,01 00 00 4A B6,OK
2026-09-29T10:24:01.933Z,6515.090,RX,bus,-1,00012FA6,1,7,01 00 00 0F 03 A6 2F,OK
2026-09-29T10:24:01.933Z,6515.320,RX,bus,-1,00112FA6,1,5,01 00 00 A6 2F,OK
2026-09-29T10:24:01.938Z,6520.122,RX,bus,-1,0001D785,1,7,01 00 00 0F 03 85 D7,OK
2026-09-29T10:24:01.938Z,6520.321,RX,bus,-1,0011D785,1,5,01 00 00 85 D7,OK
2026-09-29T10:24:01.943Z,6525.132,RX,bus,-1,0001FE2E,1,7,01 00 00 0F 03 2E FE,OK
2026-09-29T10:24:01.943Z,6525.320,RX,bus,-1,0011FE2E,1,5,01 00 00 2E FE,OK
2026-09-29T10:24:01.948Z,6530.243,RX,bus,-1,00013F58,1,7,01 00 00 0F 03 58 3F,OK
2026-09-29T10:24:01.948Z,6530.332,RX,bus,-1,00113F58,1,5,01 00 00 58 3F,OK
2026-09-29T10:24:01.953Z,6535.126,RX,bus,-1,0001D726,1,7,01 00 00 0F 03 26 D7,OK
2026-09-29T10:24:01.953Z,6535.297,RX,bus,-1,0011D726,1,5,01 00 00 26 D7,OK
2026-09-29T10:24:01.958Z,6540.087,RX,bus,-1,00011806,1,7,01 00 00 0F 03 06 18,OK
2026-09-29T10:24:01.958Z,6540.313,RX,bus,-1,00111806,1,5,01 00 00 06 18,OK
2026-09-29T10:24:01.963Z,6545.128,RX,bus,-1,00016611,1,7,01 00 00 0F 03 11 66,OK
2026-09-29T10:24:01.963Z,6545.297,RX,bus,-1,00116611,1,5,01 00 00 11 66,OK
2026-09-29T10:24:01.969Z,6550.276,RX,bus,-1,00010186,1,7,01 00 00 0F 03 86 01,OK
2026-09-29T10:24:01.969Z,6550.353,RX,bus,-1,00110186,1,5,01 00 00 86 01,OK
2026-09-29T10:24:01.974Z,6555.229,RX,bus,-1,00014245,1,7,01 00 00 0F 03 45 42,OK
2026-09-29T10:24:01.974Z,6555.303,RX,bus,-1,00114245,1,5,01 00 00 45 42,OK
2026-09-29T10:24:01.979Z,6560.314,RX,bus,-1,0001BDE1,1,7,01 00 00 0F 03 E1 BD,OK
2026-09-29T10:24:01.979Z,6560.405,RX,bus,-1,0011BDE1,1,5,01 00 00 E1 BD,OK
2026-09-29T10:24:01.984Z,6565.248,RX,bus,-1,000158F5,1,7,01 00 00 0F 03 F5 58,OK
2026-09-29T10:24:01.984Z,6565.292,RX,bus,-1,001158F5,1,5,01 00 00 F5 58,OK
2026-09-29T10:24:01.989Z,6570.296,RX,bus,-1,0001BDD9,1,7,01 00 00 0F 03 D9 BD,OK
2026-09-29T10:24:01.989Z,6570.358,RX,bus,-1,0011BDD9,1,5,01 00 00 D9 BD,OK
2026-09-29T10:24:01.994Z,6575.235,RX,bus,-1,00019DE9,1,7,01 00 00 0F 03 E9 9D,OK
2026-09-29T10:24:01.994Z,6575.327,RX,bus,-1,00119DE9,1,5,01 00 00 E9 9D,OK
2026-09-29T10:24:01.999Z,6580.274,RX,bus,-1,0001F347,1,7,01 00 00 0F 03 47 F3,OK
2026-09-29T10:24:01.999Z,6580.347,RX,bus,-1,0011F347,1,5,01 00 00 47 F3,OK
2026-09-29T10:24:02.004Z,6585.243,RX,bus,-1,00016D70,1,7,01 00 00 0F 03 70 6D,OK
2026-09-29T10:24:02.004Z,6585.299,RX,bus,-1,00116D70,1,5,01 00 00 70 6D,OK
2026-09-29T10:24:02.009Z,6590.252,RX,bus,-1,0001A769,1,7,01 00 00 0F 03 69 A7,OK
2026-09-29T10:24:02.009Z,6590.327,RX,bus,-1,0011A769,1,5,01 00 00 69 A7,OK
2026-09-29T10:24:02.014Z,6595.257,RX,bus,-1,00017DCF,1,7,01 00 00 0F 03 CF 7D,OK
2026-09-29T10:24:02.014Z,6595.302,RX,bus,-1,00117DCF,1,5,01 00 00 CF 7D,OK
2026-09-29T10:24:02.019Z,6600.082,RX,bus,-1,0001E1F0,1,7,01 00 00 0F 03 F0 E1,OK
2026-09-29T10:24:02.019Z,6600.315,RX,bus,-1,0011E1F0,1,5,01 00 00 F0 E1,OK
2026-09-29T10:24:02.024Z,6605.085,RX,bus,-1,0001C835,1,7,01 00 00 0F 03 35 C8,OK
2026-09-29T10:24:02.024Z,6605.307,RX,bus,-1,0011C835,1,5,01 00 00 35 C8,OK
2026-09-29T10:24:02.029Z,6610.068,RX,bus,-1,00012A84,1,7,01 00 00 0F 03 84 2A,OK
2026-09-29T10:24:02.029Z,6610.273,RX,bus,-1,00112A84,1,5,01 00 00 84 2A,OK
2026-09-29T10:24:02.034Z,6615.017,RX,bus,-1,00011101,1,7,01 00 00 0F 03 01 11,OK
2026-09-29T10:24:02.034Z,6615.233,RX,bus,-1,00111101,1,5,01 00 00 01 11,OK
2026-09-29T10:24:02.039Z,6620.063,RX,bus,-1,0001F525,1,7,01 00 00 0F 03 25 F5,OK
2026-09-29T10:24:02.039Z,6620.291,RX,bus,-1,0011F525,1,5,01 00 00 25 F5,OK
2026-09-29T10:24:02.044Z,6625.059,RX,bus,-1,0001D4E1,1,7,01 00 00 0F 03 E1 D4,OK
2026-09-29T10:24:02.044Z,6625.297,RX,bus,-1,0011D4E1,1,5,01 00 00 E1 D4,OK
2026-09-29T10:24:02.049Z,6630.070,RX,bus,-1,0001CA8D,1,7,01 00 00 0F 03 8D CA,OK
2026-09-29T10:24:02.049Z,6630.324,RX,bus,-1,0011CA8D,1,5,01 00 00 8D CA,OK
2026-09-29T10:24:02.054Z,6635.071,RX,bus,-1,00011808,1,7,01 00 00 0F 03 08 18,OK
2026-09-29T10:24:02.054Z,6635.316,RX,bus,-1,00111808,1,5,01 00 00 08 18,OK
2026-09-29T10:24:02.059Z,6640.060,RX,bus,-1,00013480,1,7,01 00 00 0F 03 80 34,OK
2026-09-29T10:24:02.059Z,6640.297,RX,bus,-1,00113480,1,5,01 00 00 80 34,OK
2026-09-29T10:24:02.064Z,6645.088,RX,bus,-1,0001BE95,1,7,01 00 00 0F 03 95 BE,OK
2026-09-29T10:24:02.064Z,6645.323,RX,bus,-1,0011BE95,1,5,01 00 00 95 BE,OK
2026-09-29T10:24:02.068Z,6650.204,RX,bus,-1,0001E2A9,1,7,01 00 00 0F 03 A9 E2,OK
2026-09-29T10:24:02.068Z,6650.297,RX,bus,-1,0011E2A9,1,5,01 00 00 A9 E2,OK
2026-09-29T10:24:02.073Z,6655.234,RX,bus,-1,000104E0,1,7,01 00 00 0F 03 E0 04,OK
2026-09-29T10:24:02.074Z,6655.328,RX,bus,-1,001104E0,1,5,01 00 00 E0 04,OK
2026-09-29T10:24:02.078Z,6660.205,RX,bus,-1,00018F75,1,7,01 00 00 0F 03 75 8F,OK
2026-09-29T10:24:02.078Z,6660.298,RX,bus,-1,00118F75,1,5,01 00 00 75 8F,OK
2026-09-29T10:24:02.083Z,6665.296,RX,bus,-1,0001F447,1,7,01 00 00 0F 03 47 F4,OK
2026-09-29T10:24:02.084Z,6665.347,RX,bus,-1,0011F447,1,5,01 00 00 47 F4,OK
2026-09-29T10:24:02.088Z,6670.220,RX,bus,-1,00018118,1,7,01 00 00 0F 03 18 81,OK
2026-09-29T10:24:02.088Z,6670.298,RX,bus,-1,00118118,1,5,01 00 00 18 81,OK
2026-09-29T10:24:02.093Z,6675.227,RX,bus,-1,0001FCAF,1,7,01 00 00 0F 03 AF FC,OK
2026-09-29T10:24:02.093Z,6675.302,RX,bus,-1,0011FCAF,1,5,01 00 00 AF FC,OK
2026-09-29T10:24:02.098Z,6680.224,RX,bus,-1,0001218F,1,7,01 00 00 0F 03 8F 21,OK
2026-09-29T10:24:02.098Z,6680.302,RX,bus,-1,0011218F,1,5,01 00 00 8F 21,OK
2026-09-29T10:24:02.103Z,6685.176,RX,bus,-1,0001D8D7,1,7,01 00 00 0F 03 D7 D8,OK
2026-09-29T10:24:02.103Z,6685.285,RX,bus,-1,0011D8D7,1,5,01 00 00 D7 D8,OK
2026-09-29T10:24:02.108Z,6690.066,RX,bus,-1,00013162,1,7,01 00 00 0F 03 62 31,OK
2026-09-29T10:24:02.108Z,6690.301,RX,bus,-1,00113162,1,5,01 00 00 62 31,OK
2026-09-29T10:24:02.113Z,6695.055,RX,bus,-1,0001F734,1,7,01 00 00 0F 03 34 F7,OK
2026-09-29T10:24:02.113Z,6695.291,RX,bus,-1,0011F734,1,5,01 00 00 34 F7,OK
2026-09-29T10:24:02.119Z,6700.232,RX,bus,-1,0001977A,1,7,01 00 00 0F 03 7A 97,OK
2026-09-29T10:24:02.119Z,6700.338,RX,bus,-1,0011977A,1,5,01 00 00 7A 97,OK
2026-09-29T10:24:02.124Z,6705.227,RX,bus,-1,00013EE4,1,7,01 00 00 0F 03 E4 3E,OK
2026-09-29T10:24:02.124Z,6705.270,RX,bus,-1,00113EE4,1,5,01 00 00 E4 3E,OK
2026-09-29T10:24:02.128Z,6710.065,RX,bus,-1,0001D139,1,7,01 00 00 0F 03 39 D1,OK
2026-09-29T10:24:02.129Z,6710.297,RX,bus,-1,0011D139,1,5,01 00 00 39 D1,OK
2026-09-29T10:24:02.134Z,6715.221,RX,bus,-1,0001C000,1,7,01 00 00 0F 03 00 C0,OK
2026-09-29T10:24:02.134Z,6715.312,RX,bus,-1,0011C000,1,5,01 00 00 00 C0,OK
2026-09-29T10:24:02.139Z,6720.218,RX,bus,-1,00016CC4,1,7,01 00 00 0F 03 C4 6C,OK
2026-09-29T10:24:02.139Z,6720.311,RX,bus,-1,00116CC4,1,5,01 00 00 C4 6C,OK
2026-09-29T10:24:02.144Z,6725.222,RX,bus,-1,0001F45C,1,7,01 00 00 0F 03 5C F4,OK
2026-09-29T10:24:02.144Z,6725.354,RX,bus,-1,0011F45C,1,5,01 00 00 5C F4,OK
2026-09-29T10:24:02.149Z,6730.208,RX,bus,-1,00015819,1,7,01 00 00 0F 03 19 58,OK
2026-09-29T10:24:02.149Z,6730.292,RX,bus,-1,00115819,1,5,01 00 00 19 58,OK
2026-09-29T10:24:02.154Z,6735.212,RX,bus,-1,00011567,1,7,01 00 00 0F 03 67 15,OK
2026-09-29T10:24:02.154Z,6735.311,RX,bus,-1,00111567,1,5,01 00 00 67 15,OK
2026-09-29T10:24:02.159Z,6740.229,RX,bus,-1,00015662,1,7,01 00 00 0F 03 62 56,OK
2026-09-29T10:24:02.159Z,6740.272,RX,bus,-1,00115662,1,5,01 00 00 62 56,OK
2026-09-29T10:24:02.164Z,6745.209,RX,bus,-1,000161D4,1,7,01 00 00 0F 03 D4 61,OK
2026-09-29T10:24:02.164Z,6745.306,RX,bus,-1,001161D4,1,5,01 00 00 D4 61,OK
2026-09-29T10:24:02.168Z,6750.077,RX,bus,-1,0001B1AF,1,7,01 00 00 0F 03 AF B1,OK
2026-09-29T10:24:02.168Z,6750.292,RX,bus,-1,0011B1AF,1,5,01 00 00 AF B1,OK
2026-09-29T10:24:02.173Z,6755.054,RX,bus,-1,0001AD34,1,7,01 00 00 0F 03 34 AD,OK
2026-09-29T10:24:02.173Z,6755.296,RX,bus,-1,0011AD34,1,5,01 00 00 34 AD,OK
2026-09-29T10:24:02.178Z,6760.076,RX,bus,-1,000165F3,1,7,01 00 00 0F 03 F3 65,OK
2026-09-29T10:24:02.178Z,6760.288,RX,bus,-1,001165F3,1,5,01 00 00 F3 65,OK
2026-09-29T10:24:02.183Z,6765.062,RX,bus,-1,0001119C,1,7,01 00 00 0F 03 9C 11,OK
2026-09-29T10:24:02.183Z,6765.268,RX,bus,-1,0011119C,1,5,01 00 00 9C 11,OK
2026-09-29T10:24:02.188Z,6770.063,RX,bus,-1,000186FE,1,7,01 00 00 0F 03 FE 86,OK
2026-09-29T10:24:02.188Z,6770.297,RX,bus,-1,001186FE,1,5,01 00 00 FE 86,OK
2026-09-29T10:24:02.194Z,6775.069,RX,bus,-1,0001471E,1,7,01 00 00 0F 03 1E 47,OK
2026-09-29T10:24:02.194Z,6775.271,RX,bus,-1,0011471E,1,5,01 00 00 1E 47,OK
2026-09-29T10:24:02.199Z,6780.044,RX,bus,-1,000189C7,1,7,01 00 00 0F 03 C7 89,OK
2026-09-29T10:24:02.199Z,6780.294,RX,bus,-1,001189C7,1,5,01 00 00 C7 89,OK
2026-09-29T10:24:02.204Z,6785.072,RX,bus,-1,00013E90,1,7,01 00 00 0F 03 90 3E,OK
2026-09-29T10:24:02.204Z,6785.300,RX,bus,-1,00113E90,1,5,01 00 00 90 3E,OK
2026-09-29T10:24:02.209Z,6790.232,RX,bus,-1,00010E42,1,7,01 00 00 0F 03 42 0E,OK
2026-09-29T10:24:02.209Z,6790.286,RX,bus,-1,00110E42,1,5,01 00 00 42 0E,OK
2026-09-29T10:24:02.214Z,6795.238,RX,bus,-1,0001B8FC,1,7,01 00 00 0F 03 FC B8,OK
2026-09-29T10:24:02.214Z,6795.302,RX,bus,-1,0011B8FC,1,5,01 00 00 FC B8,OK
2026-09-29T10:24:02.218Z,6800.216,RX,bus,-1,0001B59D,1,7,01 00 00 0F 03 9D B5,OK
2026-09-29T10:24:02.218Z,6800.257,RX,bus,-1,0011B59D,1,5,01 00 00 9D B5,OK
2026-09-29T10:24:02.223Z,6805.215,RX,bus,-1,000166AF,1,7,01 00 00 0F 03 AF 66,OK
2026-09-29T10:24:02.223Z,6805.294,RX,bus,-1,001166AF,1,5,01 00 00 AF 66,OK
2026-09-29T10:24:02.228Z,6810.132,RX,bus,-1,0001D992,1,7,01 00 00 0F 03 92 D9,OK
2026-09-29T10:24:02.228Z,6810.298,RX,bus,-1,0011D992,1,5,01 00 00 92 D9,OK
2026-09-29T10:24:02.233Z,6815.097,RX,bus,-1,000114BA,1,7,01 00 00 0F 03 BA 14,OK
2026-09-29T10:24:02.233Z,6815.298,RX,bus,-1,001114BA,1,5,01 00 00 BA 14,OK
2026-09-29T10:24:02.238Z,6820.065,RX,bus,-1,0001582F,1,7,01 00 00 0F 03 2F 58,OK
2026-09-29T10:24:02.238Z,6820.272,RX,bus,-1,0011582F,1,5,01 00 00 2F 58,OK
2026-09-29T10:24:02.243Z,6825.061,RX,bus,-1,0001DD6C,1,7,01 00 00 0F 03 6C DD,OK
2026-09-29T10:24:02.243Z,6825.301,RX,bus,-1,0011DD6C,1,5,01 00 00 6C DD,OK
2026-09-29T10:24:02.248Z,6830.222,RX,bus,-1,0001B447,1,7,01 00 00 0F 03 47 B4,OK
2026-09-29T10:24:02.248Z,6830.300,RX,bus,-1,0011B447,1,5,01 00 00 47 B4,OK
2026-09-29T10:24:02.253Z,6835.100,RX,bus,-1,00019009,1,7,01 00 00 0F 03 09 90,OK
2026-09-29T10:24:02.253Z,6835.296,RX,bus,-1,00119009,1,5,01 00 00 09 90,OK
2026-09-29T10:24:02.258Z,6840.031,RX,bus,-1,0001856E,1,7,01 00 00 0F 03 6E 85,OK
2026-09-29T10:24:02.258Z,6840.266,RX,bus,-1,0011856E,1,5,01 00 00 6E 85,OK
2026-09-29T10:24:02.263Z,6845.078,RX,bus,-1,000155C7,1,7,01 00 00 0F 03 C7 55,OK
2026-09-29T10:24:02.263Z,6845.264,RX,bus,-1,001155C7,1,5,01 00 00 C7 55,OK
2026-09-29T10:24:02.269Z,6850.220,RX,bus,-1,0001631F,1,7,01 00 00 0F 03 1F 63,OK
2026-09-29T10:24:02.269Z,6850.313,RX,bus,-1,0011631F,1,5,01 00 00 1F 63,OK
2026-09-29T10:24:02.274Z,6855.199,RX,bus,-1,0001C1D9,1,7,01 00 00 0F 03 D9 C1,OK
2026-09-29T10:24:02.274Z,6855.283,RX,bus,-1,0011C1D9,1,5,01 00 00 D9 C1,OK
2026-09-29T10:24:02.279Z,6860.083,RX,bus,-1,0001618C,1,7,01 00 00 0F 03 8C 61,OK
2026-09-29T10:24:02.279Z,6860.307,RX,bus,-1,0011618C,1,5,01 00 00 8C 61,OK
2026-09-29T10:24:02.284Z,6865.086,RX,bus,-1,0001781A,1,7,01 00 00 0F 03 1A 78,OK
2026-09-29T10:24:02.284Z,6865.268,RX,bus,-1,0011781A,1,5,01 00 00 1A 78,OK
2026-09-29T10:24:02.289Z,6870.224,RX,bus,-1,00017320,1,7,01 00 00 0F 03 20 73,OK
2026-09-29T10:24:02.289Z,6870.315,RX,bus,-1,00117320,1,5,01 00 00 20 73,OK
2026-09-29T10:24:02.294Z,6875.229,RX,bus,-1,00018D87,1,7,01 00 00 0F 03 87 8D,OK
2026-09-29T10:24:02.294Z,6875.292,RX,bus,-1,00118D87,1,5,01 00 00 87 8D,OK
2026-09-29T10:24:02.299Z,6880.252,RX,bus,-1,000164BD,1,7,01 00 00 0F 03 BD 64,OK
2026-09-29T10:24:02.299Z,6880.307,RX,bus,-1,001164BD,1,5,01 00 00 BD 64,OK
2026-09-29T10:24:02.304Z,6885.200,RX,bus,-1,000177B3,1,7,01 00 00 0F 03 B3 77,OK
2026-09-29T10:24:02.304Z,6885.279,RX,bus,-1,001177B3,1,5,01 00 00 B3 77,OK
2026-09-29T10:24:02.309Z,6890.207,RX,bus,-1,00011B3D,1,7,01 00 00 0F 03 3D 1B,OK
2026-09-29T10:24:02.309Z,6890.306,RX,bus,-1,00111B3D,1,5,01 00 00 3D 1B,OK
2026-09-29T10:24:02.314Z,6895.192,RX,bus,-1,000143D6,1,7,01 00 00 0F 03 D6 43,OK
2026-09-29T10:24:02.314Z,6895.265,RX,bus,-1,001143D6,1,5,01 00 00 D6 43,OK
2026-09-29T10:24:02.318Z,6900.026,RX,bus,-1,0001AFBC,1,7,01 00 00 0F 03 BC AF,OK
2026-09-29T10:24:02.318Z,6900.264,RX,bus,-1,0011AFBC,1,5,01 00 00 BC AF,OK
2026-09-29T10:24:02.323Z,6905.041,RX,bus,-1,00018425,1,7,01 00 00 0F 03 25 84,OK
2026-09-29T10:24:02.323Z,6905.266,RX,bus,-1,00118425,1,5,01 00 00 25 84,OK
2026-09-29T10:24:02.328Z,6910.037,RX,bus,-1,0001F8BA,1,7,01 00 00 0F 03 BA F8,OK
2026-09-29T10:24:02.328Z,6910.263,RX,bus,-1,0011F8BA,1,5,01 00 00 BA F8,OK
2026-09-29T10:24:02.333Z,6915.078,RX,bus,-1,0001B19E,1,7,01 00 00 0F 03 9E B1,OK
2026-09-29T10:24:02.333Z,6915.267,RX,bus,-1,0011B19E,1,5,01 00 00 9E B1,OK
2026-09-29T10:24:02.338Z,6920.038,RX,bus,-1,0001550F,1,7,01 00 00 0F 03 0F 55,OK
2026-09-29T10:24:02.338Z,6920.264,RX,bus,-1,0011550F,1,5,01 00 00 0F 55,OK
2026-09-29T10:24:02.343Z,6925.039,RX,bus,-1,00018A5D,1,7,01 00 00 0F 03 5D 8A,OK
2026-09-29T10:24:02.343Z,6925.253,RX,bus,-1,00118A5D,1,5,01 00 00 5D 8A,OK
2026-09-29T10:24:02.348Z,6930.038,RX,bus,-1,0001F24F,1,7,01 00 00 0F 03 4F F2,OK
2026-09-29T10:24:02.348Z,6930.262,RX,bus,-1,0011F24F,1,5,01 00 00 4F F2,OK
2026-09-29T10:24:02.353Z,6934.990,RX,bus,-1,00013044,1,7,01 00 00 0F 03 44 30,OK
2026-09-29T10:24:02.353Z,6935.254,RX,bus,-1,00113044,1,5,01 00 00 44 30,OK
2026-09-29T10:24:02.358Z,6940.035,RX,bus,-1,0001BB0A,1,7,01 00 00 0F 03 0A BB,OK
2026-09-29T10:24:02.358Z,6940.263,RX,bus,-1,0011BB0A,1,5,01 00 00 0A BB,OK
2026-09-29T10:24:02.363Z,6945.036,RX,bus,-1,00019576,1,7,01 00 00 0F 03 76 95,OK
2026-09-29T10:24:02.363Z,6945.264,RX,bus,-1,00119576,1,5,01 00 00 76 95,OK
2026-09-29T10:24:02.369Z,6950.244,RX,bus,-1,0001F20E,1,7,01 00 00 0F 03 0E F2,OK
2026-09-29T10:24:02.369Z,6950.314,RX,bus,-1,0011F20E,1,5,01 00 00 0E F2,OK
2026-09-29T10:24:02.374Z,6955.197,RX,bus,-1,0001BBF0,1,7,01 00 00 0F 03 F0 BB,OK
2026-09-29T10:24:02.374Z,6955.278,RX,bus,-1,0011BBF0,1,5,01 00 00 F0 BB,OK
2026-09-29T10:24:02.379Z,6960.202,RX,bus,-1,0001CA94,1,7,01 00 00 0F 03 94 CA,OK
2026-09-29T10:24:02.379Z,6960.302,RX,bus,-1,0011CA94,1,5,01 00 00 94 CA,OK
2026-09-29T10:24:02.384Z,6965.180,RX,bus,-1,0001874C,1,7,01 00 00 0F 03 4C 87,OK
2026-09-29T10:24:02.384Z,6965.267,RX,bus,-1,0011874C,1,5,01 00 00 4C 87,OK
2026-09-29T10:24:02.389Z,6970.194,RX,bus,-1,0001CA04,1,7,01 00 00 0F 03 04 CA,OK
2026-09-29T10:24:02.389Z,6970.275,RX,bus,-1,0011CA04,1,5,01 00 00 04 CA,OK
2026-09-29T10:24:02.394Z,6975.196,RX,bus,-1,0001E378,1,7,01 00 00 0F 03 78 E3,OK
2026-09-29T10:24:02.394Z,6975.266,RX,bus,-1,0011E378,1,5,01 00 00 78 E3,OK
2026-09-29T10:24:02.399Z,6980.179,RX,bus,-1,00016AAB,1,7,01 00 00 0F 03 AB 6A,OK
2026-09-29T10:24:02.399Z,6980.267,RX,bus,-1,00116AAB,1,5,01 00 00 AB 6A,OK
2026-09-29T10:24:02.404Z,6985.181,RX,bus,-1,00017CD2,1,7,01 00 00 0F 03 D2 7C,OK
2026-09-29T10:24:02.404Z,6985.304,RX,bus,-1,00117CD2,1,5,01 00 00 D2 7C,OK
2026-09-29T10:24:02.408Z,6989.994,RX,bus,-1,0001F7A0,1,7,01 00 00 0F 03 A0 F7,OK
2026-09-29T10:24:02.409Z,6990.410,RX,bus,-1,0011F7A0,1,5,01 00 00 A0 F7,OK
2026-09-29T10:24:02.413Z,6995.146,RX,bus,-1,00010E1D,1,7,01 00 00 0F 03 1D 0E,OK
2026-09-29T10:24:02.413Z,6995.286,RX,bus,-1,00110E1D,1,5,01 00 00 1D 0E,OK
2026-09-29T10:24:02.419Z,7000.158,RX,bus,-1,0001A8A8,1,7,01 00 00 0F 03 A8 A8,OK
2026-09-29T10:24:02.419Z,7000.263,RX,bus,-1,0011A8A8,1,5,01 00 00 A8 A8,OK
2026-09-29T10:24:02.424Z,7005.160,RX,bus,-1,00018E24,1,7,01 00 00 0F 03 24 8E,OK
2026-09-29T10:24:02.424Z,7005.268,RX,bus,-1,00118E24,1,5,01 00 00 24 8E,OK
2026-09-29T10:24:02.429Z,7010.208,RX,bus,-1,00016DD7,1,7,01 00 00 0F 03 D7 6D,OK
2026-09-29T10:24:02.429Z,7010.262,RX,bus,-1,00116DD7,1,5,01 00 00 D7 6D,OK
2026-09-29T10:24:02.434Z,7015.157,RX,bus,-1,000156FC,1,7,01 00 00 0F 03 FC 56,OK
2026-09-29T10:24:02.434Z,7015.265,RX,bus,-1,001156FC,1,5,01 00 00 FC 56,OK
2026-09-29T10:24:02.439Z,7020.198,RX,bus,-1,00011D43,1,7,01 00 00 0F 03 43 1D,OK
2026-09-29T10:24:02.439Z,7020.264,RX,bus,-1,00111D43,1,5,01 00 00 43 1D,OK
2026-09-29T10:24:02.444Z,7025.030,RX,bus,-1,00013A5A,1,7,01 00 00 0F 03 5A 3A,OK
2026-09-29T10:24:02.444Z,7025.264,RX,bus,-1,00113A5A,1,5,01 00 00 5A 3A,OK
2026-09-29T10:24:02.449Z,7030.167,RX,bus,-1,00018603,1,7,01 00 00 0F 03 03 86,OK
2026-09-29T10:24:02.449Z,7030.262,RX,bus,-1,00118603,1,5,01 00 00 03 86,OK
2026-09-29T10:24:02.454Z,7035.167,RX,bus,-1,0001C242,1,7,01 00 00 0F 03 42 C2,OK
2026-09-29T10:24:02.454Z,7035.261,RX,bus,-1,0011C242,1,5,01 00 00 42 C2,OK
2026-09-29T10:24:02.459Z,7040.165,RX,bus,-1,00013E54,1,7,01 00 00 0F 03 54 3E,OK
2026-09-29T10:24:02.459Z,7040.264,RX,bus,-1,00113E54,1,5,01 00 00 54 3E,OK
2026-09-29T10:24:02.464Z,7045.174,RX,bus,-1,0001FB21,1,7,01 00 00 0F 03 21 FB,OK
2026-09-29T10:24:02.464Z,7045.264,RX,bus,-1,0011FB21,1,5,01 00 00 21 FB,OK
2026-09-29T10:24:02.468Z,7050.175,RX,bus,-1,00019F8F,1,7,01 00 00 0F 03 8F 9F,OK
2026-09-29T10:24:02.468Z,7050.257,RX,bus,-1,00119F8F,1,5,01 00 00 8F 9F,OK
2026-09-29T10:24:02.473Z,7055.091,RX,bus,-1,00013C1D,1,7,01 00 00 0F 03 1D 3C,OK
2026-09-29T10:24:02.473Z,7055.276,RX,bus,-1,00113C1D,1,5,01 00 00 1D 3C,OK
2026-09-29T10:24:02.478Z,7060.168,RX,bus,-1,0001A15E,1,7,01 00 00 0F 03 5E A1,OK
2026-09-29T10:24:02.478Z,7060.247,RX,bus,-1,0011A15E,1,5,01 00 00 5E A1,OK
2026-09-29T10:24:02.483Z,7065.031,RX,bus,-1,0001F00A,1,7,01 00 00 0F 03 0A F0,OK
2026-09-29T10:24:02.483Z,7065.261,RX,bus,-1,0011F00A,1,5,01 00 00 0A F0,OK
2026-09-29T10:24:02.488Z,7070.181,RX,bus,-1,00011A53,1,7,01 00 00 0F 03 53 1A,OK
2026-09-29T10:24:02.488Z,7070.259,RX,bus,-1,00111A53,1,5,01 00 00 53 1A,OK
2026-09-29T10:24:02.493Z,7075.042,RX,bus,-1,0001A975,1,7,01 00 00 0F 03 75 A9,OK
2026-09-29T10:24:02.493Z,7075.237,RX,bus,-1,0011A975,1,5,01 00 00 75 A9,OK
2026-09-29T10:24:02.498Z,7080.224,RX,bus,-1,000152CB,1,7,01 00 00 0F 03 CB 52,OK
2026-09-29T10:24:02.498Z,7080.268,RX,bus,-1,001152CB,1,5,01 00 00 CB 52,OK
2026-09-29T10:24:02.503Z,7085.046,RX,bus,-1,00014DA0,1,7,01 00 00 0F 03 A0 4D,OK
2026-09-29T10:24:02.503Z,7085.245,RX,bus,-1,00114DA0,1,5,01 00 00 A0 4D,OK
2026-09-29T10:24:02.508Z,7090.008,RX,bus,-1,00010BBF,1,7,01 00 00 0F 03 BF 0B,OK
2026-09-29T10:24:02.508Z,7090.243,RX,bus,-1,00110BBF,1,5,01 00 00 BF 0B,OK
2026-09-29T10:24:02.513Z,7095.031,RX,bus,-1,0001F65E,1,7,01 00 00 0F 03 5E F6,OK
2026-09-29T10:24:02.513Z,7095.265,RX,bus,-1,0011F65E,1,5,01 00 00 5E F6,OK
2026-09-29T10:24:02.519Z,7100.187,RX,bus,-1,000129F7,1,7,01 00 00 0F 03 F7 29,OK
2026-09-29T10:24:02.519Z,7100.242,RX,bus,-1,001129F7,1,5,01 00 00 F7 29,OK
2026-09-29T10:24:02.524Z,7105.228,RX,bus,-1,0001003B,1,7,01 00 00 0F 03 3B 00,OK
2026-09-29T10:24:02.524Z,7105.307,RX,bus,-1,0011003B,1,5,01 00 00 3B 00,OK
2026-09-29T10:24:02.529Z,7110.157,RX,bus,-1,00011AB9,1,7,01 00 00 0F 03 B9 1A,OK
2026-09-29T10:24:02.529Z,7110.247,RX,bus,-1,00111AB9,1,5,01 00 00 B9 1A,OK
2026-09-29T10:24:02.534Z,7115.153,RX,bus,-1,0001324B,1,7,01 00 00 0F 03 4B 32,OK
2026-09-29T10:24:02.534Z,7115.258,RX,bus,-1,0011324B,1,5,01 00 00 4B 32,OK
2026-09-29T10:24:02.539Z,7120.160,RX,bus,-1,000111ED,1,7,01 00 00 0F 03 ED 11,OK
2026-09-29T10:24:02.539Z,7120.251,RX,bus,-1,001111ED,1,5,01 00 00 ED 11,OK
2026-09-29T10:24:02.544Z,7125.194,RX,bus,-1,00013A96,1,7,01 00 00 0F 03 96 3A,OK
2026-09-29T10:24:02.544Z,7125.255,RX,bus,-1,00113A96,1,5,01 00 00 96 3A,OK
2026-09-29T10:24:02.549Z,7130.160,RX,bus,-1,00014E47,1,7,01 00 00 0F 03 47 4E,OK
2026-09-29T10:24:02.549Z,7130.243,RX,bus,-1,00114E47,1,5,01 00 00 47 4E,OK
2026-09-29T10:24:02.554Z,7135.195,RX,bus,-1,00019202,1,7,01 00 00 0F 03 02 92,OK
2026-09-29T10:24:02.554Z,7135.272,RX,bus,-1,00119202,1,5,01 00 00 02 92,OK
2026-09-29T10:24:02.559Z,7140.151,RX,bus,-1,000166F3,1,7,01 00 00 0F 03 F3 66,OK
2026-09-29T10:24:02.559Z,7140.247,RX,bus,-1,001166F3,1,5,01 00 00 F3 66,OK
2026-09-29T10:24:02.564Z,7145.187,RX,bus,-1,0001FC22,1,7,01 00 00 0F 03 22 FC,OK
2026-09-29T10:24:02.564Z,7145.287,RX,bus,-1,0011FC22,1,5,01 00 00 22 FC,OK
2026-09-29T10:24:02.568Z,7150.009,RX,bus,-1,0001DEEB,1,7,01 00 00 0F 03 EB DE,OK
2026-09-29T10:24:02.568Z,7150.237,RX,bus,-1,0011DEEB,1,5,01 00 00 EB DE,OK
2026-09-29T10:24:02.573Z,7155.116,RX,bus,-1,00018B52,1,7,01 00 00 0F 03 52 8B,OK
2026-09-29T10:24:02.573Z,7155.239,RX,bus,-1,00118B52,1,5,01 00 00 52 8B,OK
2026-09-29T10:24:02.578Z,7160.005,RX,bus,-1,000124C7,1,7,01 00 00 0F 03 C7 24,OK
2026-09-29T10:24:02.578Z,7160.242,RX,bus,-1,001124C7,1,5,01 00 00 C7 24,OK
2026-09-29T10:24:02.583Z,7165.124,RX,bus,-1,0001AB17,1,7,01 00 00 0F 03 17 AB,OK
2026-09-29T10:24:02.583Z,7165.250,RX,bus,-1,0011AB17,1,5,01 00 00 17 AB,OK
2026-09-29T10:24:02.588Z,7170.003,RX,bus,-1,0001FAD1,1,7,01 00 00 0F 03 D1 FA,OK
2026-09-29T10:24:02.588Z,7170.232,RX,bus,-1,0011FAD1,1,5,01 00 00 D1 FA,OK
2026-09-29T10:24:02.593Z,7175.011,RX,bus,-1,0001D286,1,7,01 00 00 0F 03 86 D2,OK
2026-09-29T10:24:02.593Z,7175.241,RX,bus,-1,0011D286,1,5,01 00 00 86 D2,OK
2026-09-29T10:24:02.598Z,7180.008,RX,bus,-1,000169A7,1,7,01 00 00 0F 03 A7 69,OK
2026-09-29T10:24:02.598Z,7180.239,RX,bus,-1,001169A7,1,5,01 00 00 A7 69,OK
2026-09-29T10:24:02.603Z,7184.965,RX,bus,-1,00019A4E,1,7,01 00 00 0F 03 4E 9A,OK
2026-09-29T10:24:02.603Z,7185.206,RX,bus,-1,00119A4E,1,5,01 00 00 4E 9A,OK
2026-09-29T10:24:02.609Z,7190.174,RX,bus,-1,0001A8AA,1,7,01 00 00 0F 03 AA A8,OK
2026-09-29T10:24:02.609Z,7190.216,RX,bus,-1,0011A8AA,1,5,01 00 00 AA A8,OK
2026-09-29T10:24:02.614Z,7195.174,RX,bus,-1,00018997,1,7,01 00 00 0F 03 97 89,OK
2026-09-29T10:24:02.614Z,7195.351,RX,bus,-1,00118997,1,5,01 00 00 97 89,OK
2026-09-29T10:24:02.618Z,7200.013,RX,bus,-1,00019E11,1,7,01 00 00 0F 03 11 9E,OK
2026-09-29T10:24:02.618Z,7200.217,RX,bus,-1,00119E11,1,5,01 00 00 11 9E,OK
2026-09-29T10:24:02.623Z,7205.014,RX,bus,-1,0001AAD0,1,7,01 00 00 0F 03 D0 AA,OK
2026-09-29T10:24:02.623Z,7205.243,RX,bus,-1,0011AAD0,1,5,01 00 00 D0 AA,OK
2026-09-29T10:24:02.628Z,7210.029,RX,bus,-1,00018955,1,7,01 00 00 0F 03 55 89,OK
2026-09-29T10:24:02.628Z,7210.244,RX,bus,-1,00118955,1,5,01 00 00 55 89,OK
2026-09-29T10:24:02.633Z,7215.035,RX,bus,-1,00012924,1,7,01 00 00 0F 03 24 29,OK
2026-09-29T10:24:02.633Z,7215.233,RX,bus,-1,00112924,1,5,01 00 00 24 29,OK
2026-09-29T10:24:02.638Z,7220.045,RX,bus,-1,0001C94E,1,7,01 00 00 0F 03 4E C9,OK
2026-09-29T10:24:02.638Z,7220.246,RX,bus,-1,0011C94E,1,5,01 00 00 4E C9,OK
2026-09-29T10:24:02.643Z,7225.003,RX,bus,-1,0001C52D,1,7,01 00 00 0F 03 2D C5,OK
2026-09-29T10:24:02.643Z,7225.243,RX,bus,-1,0011C52D,1,5,01 00 00 2D C5,OK
2026-09-29T10:24:02.648Z,7230.045,RX,bus,-1,0001B042,1,7,01 00 00 0F 03 42 B0,OK
2026-09-29T10:24:02.648Z,7230.219,RX,bus,-1,0011B042,1,5,01 00 00 42 B0,OK
2026-09-29T10:24:02.653Z,7234.994,RX,bus,-1,0001B722,1,7,01 00 00 0F 03 22 B7,OK
2026-09-29T10:24:02.653Z,7235.240,RX,bus,-1,0011B722,1,5,01 00 00 22 B7,OK
2026-09-29T10:24:02.658Z,7240.001,RX,bus,-1,0001FAAF,1,7,01 00 00 0F 03 AF FA,OK
2026-09-29T10:24:02.658Z,7240.220,RX,bus,-1,0011FAAF,1,5,01 00 00 AF FA,OK
2026-09-29T10:24:02.663Z,7245.007,RX,bus,-1,0001828D,1,7,01 00 00 0F 03 8D 82,OK
2026-09-29T10:24:02.663Z,7245.243,RX,bus,-1,0011828D,1,5,01 00 00 8D 82,OK
2026-09-29T10:24:02.667Z,7250.151,RX,bus,-1,00017295,1,7,01 00 00 0F 03 95 72,OK
2026-09-29T10:24:02.669Z,7250.316,RX,bus,-1,00117295,1,5,01 00 00 95 72,OK
2026-09-29T10:24:02.673Z,7255.155,RX,bus,-1,0001B352,1,7,01 00 00 0F 03 52 B3,OK
2026-09-29T10:24:02.674Z,7255.262,RX,bus,-1,0011B352,1,5,01 00 00 52 B3,OK
2026-09-29T10:24:02.679Z,7260.167,RX,bus,-1,00017B94,1,7,01 00 00 0F 03 94 7B,OK
2026-09-29T10:24:02.679Z,7260.265,RX,bus,-1,00117B94,1,5,01 00 00 94 7B,OK
2026-09-29T10:24:02.683Z,7265.151,RX,bus,-1,0001A187,1,7,01 00 00 0F 03 87 A1,OK
2026-09-29T10:24:02.684Z,7265.243,RX,bus,-1,0011A187,1,5,01 00 00 87 A1,OK
2026-09-29T10:24:02.688Z,7270.151,RX,bus,-1,0001210D,1,7,01 00 00 0F 03 0D 21,OK
2026-09-29T10:24:02.689Z,7270.287,RX,bus,-1,0011210D,1,5,01 00 00 0D 21,OK
2026-09-29T10:24:02.693Z,7275.135,RX,bus,-1,00014975,1,7,01 00 00 0F 03 75 49,OK
2026-09-29T10:24:02.694Z,7275.223,RX,bus,-1,00114975,1,5,01 00 00 75 49,OK
2026-09-29T10:24:02.698Z,7280.150,RX,bus,-1,00012E31,1,7,01 00 00 0F 03 31 2E,OK
2026-09-29T10:24:02.699Z,7280.246,RX,bus,-1,00112E31,1,5,01 00 00 31 2E,OK
2026-09-29T10:24:02.703Z,7285.156,RX,bus,-1,0001AAB4,1,7,01 00 00 0F 03 B4 AA,OK
2026-09-29T10:24:02.703Z,7285.244,RX,bus,-1,0011AAB4,1,5,01 00 00 B4 AA,OK
2026-09-29T10:24:02.708Z,7290.002,RX,bus,-1,000108A2,1,7,01 00 00 0F 03 A2 08,OK
2026-09-29T10:24:02.708Z,7290.221,RX,bus,-1,001108A2,1,5,01 00 00 A2 08,OK
2026-09-29T10:24:02.714Z,7295.013,RX,bus,-1,00014141,1,7,01 00 00 0F 03 41 41,OK
2026-09-29T10:24:02.714Z,7295.232,RX,bus,-1,00114141,1,5,01 00 00 41 41,OK
2026-09-29T10:24:02.718Z,7300.138,RX,bus,-1,0001E50F,1,7,01 00 00 0F 03 0F E5,OK
2026-09-29T10:24:02.718Z,7300.222,RX,bus,-1,0011E50F,1,5,01 00 00 0F E5,OK
2026-09-29T10:24:02.723Z,7305.145,RX,bus,-1,00017502,1,7,01 00 00 0F 03 02 75,OK
2026-09-29T10:24:02.723Z,7305.227,RX,bus,-1,00117502,1,5,01 00 00 02 75,OK
2026-09-29T10:24:02.728Z,7310.169,RX,bus,-1,000111F0,1,7,01 00 00 0F 03 F0 11,OK
2026-09-29T10:24:02.728Z,7310.241,RX,bus,-1,001111F0,1,5,01 00 00 F0 11,OK
2026-09-29T10:24:02.733Z,7315.127,RX,bus,-1,00012C11,1,7,01 00 00 0F 03 11 2C,OK
2026-09-29T10:24:02.733Z,7315.222,RX,bus,-1,00112C11,1,5,01 00 00 11 2C,OK
2026-09-29T10:24:02.738Z,7320.151,RX,bus,-1,0001A353,1,7,01 00 00 0F 03 53 A3,OK
2026-09-29T10:24:02.738Z,7320.224,RX,bus,-1,0011A353,1,5,01 00 00 53 A3,OK
2026-09-29T10:24:02.743Z,7325.140,RX,bus,-1,0001C1C8,1,7,01 00 00 0F 03 C8 C1,OK
2026-09-29T10:24:02.743Z,7325.227,RX,bus,-1,0011C1C8,1,5,01 00 00 C8 C1,OK
2026-09-29T10:24:02.748Z,7330.131,RX,bus,-1,0001A356,1,7,01 00 00 0F 03 56 A3,OK
2026-09-29T10:24:02.748Z,7330.226,RX,bus,-1,0011A356,1,5,01 00 00 56 A3,OK
2026-09-29T10:24:02.753Z,7335.136,RX,bus,-1,0001585E,1,7,01 00 00 0F 03 5E 58,OK
2026-09-29T10:24:02.753Z,7335.226,RX,bus,-1,0011585E,1,5,01 00 00 5E 58,OK
2026-09-29T10:24:02.758Z,7340.151,RX,bus,-1,0001E9C0,1,7,01 00 00 0F 03 C0 E9,OK
2026-09-29T10:24:02.758Z,7340.226,RX,bus,-1,0011E9C0,1,5,01 00 00 C0 E9,OK
2026-09-29T10:24:02.763Z,7345.130,RX,bus,-1,0001BC9C,1,7,01 00 00 0F 03 9C BC,OK
2026-09-29T10:24:02.763Z,7345.217,RX,bus,-1,0011BC9C,1,5,01 00 00 9C BC,OK
2026-09-29T10:24:02.769Z,7350.071,RX,bus,-1,00017DDC,1,7,01 00 00 0F 03 DC 7D,OK
2026-09-29T10:24:02.769Z,7350.222,RX,bus,-1,00117DDC,1,5,01 00 00 DC 7D,OK
2026-09-29T10:24:02.774Z,7354.986,RX,bus,-1,0001FAF1,1,7,01 00 00 0F 03 F1 FA,OK
2026-09-29T10:24:02.774Z,7355.219,RX,bus,-1,0011FAF1,1,5,01 00 00 F1 FA,OK
2026-09-29T10:24:02.779Z,7360.065,RX,bus,-1,00011C7D,1,7,01 00 00 0F 03 7D 1C,OK
2026-09-29T10:24:02.779Z,7360.220,RX,bus,-1,00111C7D,1,5,01 00 00 7D 1C,OK
2026-09-29T10:24:02.784Z,7365.043,RX,bus,-1,00019EE7,1,7,01 00 00 0F 03 E7 9E,OK
2026-09-29T10:24:02.784Z,7365.217,RX,bus,-1,00119EE7,1,5,01 00 00 E7 9E,OK
2026-09-29T10:24:02.789Z,7370.061,RX,bus,-1,00017CD7,1,7,01 00 00 0F 03 D7 7C,OK
2026-09-29T10:24:02.789Z,7370.192,RX,bus,-1,00117CD7,1,5,01 00 00 D7 7C,OK
2026-09-29T10:24:02.794Z,7375.056,RX,bus,-1,000125D4,1,7,01 00 00 0F 03 D4 25,OK
2026-09-29T10:24:02.794Z,7375.212,RX,bus,-1,001125D4,1,5,01 00 00 D4 25,OK
2026-09-29T10:24:02.799Z,7380.091,RX,bus,-1,0001C996,1,7,01 00 00 0F 03 96 C9,OK
2026-09-29T10:24:02.799Z,7380.219,RX,bus,-1,0011C996,1,5,01 00 00 96 C9,OK
2026-09-29T10:24:02.804Z,7385.055,RX,bus,-1,00012B34,1,7,01 00 00 0F 03 34 2B,OK
2026-09-29T10:24:02.804Z,7385.212,RX,bus,-1,00112B34,1,5,01 00 00 34 2B,OK
2026-09-29T10:24:02.809Z,7390.159,RX,bus,-1,0001644E,1,7,01 00 00 0F 03 4E 64,OK
2026-09-29T10:24:02.809Z,7390.214,RX,bus,-1,0011644E,1,5,01 00 00 4E 64,OK
2026-09-29T10:24:02.814Z,7395.508,RX,bus,-1,0001F50C,1,7,01 00 00 0F 03 0C F5,OK
2026-09-29T10:24:02.814Z,7395.598,RX,bus,-1,0011F50C,1,5,01 00 00 0C F5,OK
2026-09-29T10:24:02.819Z,7400.069,RX,bus,-1,0001EC43,1,7,01 00 00 0F 03 43 EC,OK
2026-09-29T10:24:02.819Z,7400.276,RX,bus,-1,0011EC43,1,5,01 00 00 43 EC,OK
2026-09-29T10:24:02.824Z,7405.186,RX,bus,-1,0001444C,1,7,01 00 00 0F 03 4C 44,OK
2026-09-29T10:24:02.824Z,7405.279,RX,bus,-1,0011444C,1,5,01 00 00 4C 44,OK
2026-09-29T10:24:02.829Z,7410.085,RX,bus,-1,0001C61B,1,7,01 00 00 0F 03 1B C6,OK
2026-09-29T10:24:02.829Z,7410.290,RX,bus,-1,0011C61B,1,5,01 00 00 1B C6,OK
2026-09-29T10:24:02.834Z,7415.596,RX,bus,-1,00018908,1,7,01 00 00 0F 03 08 89,OK
2026-09-29T10:24:02.834Z,7415.703,RX,bus,-1,00118908,1,5,01 00 00 08 89,OK
2026-09-29T10:24:02.839Z,7420.073,RX,bus,-1,000148EB,1,7,01 00 00 0F 03 EB 48,OK
2026-09-29T10:24:02.839Z,7420.281,RX,bus,-1,001148EB,1,5,01 00 00 EB 48,OK
2026-09-29T10:24:02.843Z,7425.074,RX,bus,-1,00019002,1,7,01 00 00 0F 03 02 90,OK
2026-09-29T10:24:02.843Z,7425.265,RX,bus,-1,00119002,1,5,01 00 00 02 90,OK
2026-09-29T10:24:02.848Z,7430.066,RX,bus,-1,0001ADD0,1,7,01 00 00 0F 04 D0 AD,OK
2026-09-29T10:24:02.848Z,7430.239,RX,bus,-1,0011ADD0,1,5,01 00 00 D0 AD,OK
2026-09-29T10:24:02.853Z,7435.050,RX,bus,-1,00011ED7,1,7,01 00 00 0F 03 D7 1E,OK
2026-09-29T10:24:02.853Z,7435.272,RX,bus,-1,00111ED7,1,5,01 00 00 D7 1E,OK
2026-09-29T10:24:02.858Z,7440.059,RX,bus,-1,0001BDE6,1,7,01 00 00 0F 03 E6 BD,OK
2026-09-29T10:24:02.858Z,7440.256,RX,bus,-1,0011BDE6,1,5,01 00 00 E6 BD,OK
2026-09-29T10:24:02.863Z,7445.028,RX,bus,-1,0001EDCE,1,7,01 00 00 0F 03 CE ED,OK
2026-09-29T10:24:02.863Z,7445.276,RX,bus,-1,0011EDCE,1,5,01 00 00 CE ED,OK
2026-09-29T10:24:02.869Z,7450.197,RX,bus,-1,00019B5E,1,7,01 00 00 0F 03 5E 9B,OK
2026-09-29T10:24:02.869Z,7450.282,RX,bus,-1,00119B5E,1,5,01 00 00 5E 9B,OK
2026-09-29T10:24:02.874Z,7455.185,RX,bus,-1,0001161C,1,7,01 00 00 0F 03 1C 16,OK
2026-09-29T10:24:02.874Z,7455.239,RX,bus,-1,0011161C,1,5,01 00 00 1C 16,OK
2026-09-29T10:24:02.879Z,7460.188,RX,bus,-1,00018D05,1,7,01 00 00 0F 03 05 8D,OK
2026-09-29T10:24:02.879Z,7460.280,RX,bus,-1,00118D05,1,5,01 00 00 05 8D,OK
2026-09-29T10:24:02.884Z,7465.231,RX,bus,-1,0001051B,1,7,01 00 00 0F 03 1B 05,OK
2026-09-29T10:24:02.884Z,7465.310,RX,bus,-1,0011051B,1,5,01 00 00 1B 05,OK
2026-09-29T10:24:02.889Z,7470.212,RX,bus,-1,00012C76,1,7,01 00 00 0F 03 76 2C,OK
2026-09-29T10:24:02.889Z,7470.268,RX,bus,-1,00112C76,1,5,01 00 00 76 2C,OK
2026-09-29T10:24:02.894Z,7475.057,RX,bus,-1,000114C1,1,7,01 00 00 0F 03 C1 14,OK
2026-09-29T10:24:02.894Z,7475.264,RX,bus,-1,001114C1,1,5,01 00 00 C1 14,OK
2026-09-29T10:24:02.899Z,7480.069,RX,bus,-1,0001B5D2,1,7,01 00 00 0F 03 D2 B5,OK
2026-09-29T10:24:02.899Z,7480.262,RX,bus,-1,0011B5D2,1,5,01 00 00 D2 B5,OK
2026-09-29T10:24:02.904Z,7485.017,RX,bus,-1,0001F75F,1,7,01 00 00 0F 03 5F F7,OK
2026-09-29T10:24:02.904Z,7485.257,RX,bus,-1,0011F75F,1,5,01 00 00 5F F7,OK
2026-09-29T10:24:02.908Z,7490.021,RX,bus,-1,000108AD,1,7,01 00 00 0F 03 AD 08,OK
2026-09-29T10:24:02.908Z,7490.264,RX,bus,-1,001108AD,1,5,01 00 00 AD 08,OK
2026-09-29T10:24:02.913Z,7495.018,RX,bus,-1,0001086D,1,7,01 00 00 0F 03 6D 08,OK
2026-09-29T10:24:02.913Z,7495.260,RX,bus,-1,0011086D,1,5,01 00 00 6D 08,OK
2026-09-29T10:24:02.919Z,7500.278,RX,bus,-1,00013496,1,7,01 00 00 0F 03 96 34,OK
2026-09-29T10:24:02.919Z,7500.378,RX,bus,-1,00113496,1,5,01 00 00 96 34,OK
2026-09-29T10:24:02.924Z,7505.478,RX,bus,-1,0001C5EE,1,7,01 00 00 0F 03 EE C5,OK
2026-09-29T10:24:02.924Z,7505.571,RX,bus,-1,0011C5EE,1,5,01 00 00 EE C5,OK
2026-09-29T10:24:02.929Z,7510.054,RX,bus,-1,0001A462,1,7,01 00 00 0F 03 62 A4,OK
2026-09-29T10:24:02.929Z,7510.170,RX,bus,-1,0011A462,1,5,01 00 00 62 A4,OK
2026-09-29T10:24:02.933Z,7514.973,RX,bus,-1,000135B5,1,7,01 00 00 0F 03 B5 35,OK
2026-09-29T10:24:02.934Z,7515.237,RX,bus,-1,001135B5,1,5,01 00 00 B5 35,OK
2026-09-29T10:24:02.939Z,7520.067,RX,bus,-1,0001621E,1,7,01 00 00 0F 03 1E 62,OK
2026-09-29T10:24:02.939Z,7520.164,RX,bus,-1,0011621E,1,5,01 00 00 1E 62,OK
2026-09-29T10:24:02.944Z,7525.521,RX,bus,-1,0001FB8E,1,7,01 00 00 0F 03 8E FB,OK
2026-09-29T10:24:02.944Z,7525.613,RX,bus,-1,0011FB8E,1,5,01 00 00 8E FB,OK
2026-09-29T10:24:02.949Z,7530.421,RX,bus,-1,0001165F,1,7,01 00 00 0F 03 5F 16,OK
2026-09-29T10:24:02.949Z,7530.513,RX,bus,-1,0011165F,1,5,01 00 00 5F 16,OK
2026-09-29T10:24:02.954Z,7535.513,RX,bus,-1,00015114,1,7,01 00 00 0F 03 14 51,OK
2026-09-29T10:24:02.954Z,7535.604,RX,bus,-1,00115114,1,5,01 00 00 14 51,OK
2026-09-29T10:24:02.959Z,7540.436,RX,bus,-1,0001443D,1,7,01 00 00 0F 03 3D 44,OK
2026-09-29T10:24:02.959Z,7540.528,RX,bus,-1,0011443D,1,5,01 00 00 3D 44,OK
2026-09-29T10:24:02.964Z,7545.443,RX,bus,-1,000135C9,1,7,01 00 00 0F 03 C9 35,OK
2026-09-29T10:24:02.964Z,7545.534,RX,bus,-1,001135C9,1,5,01 00 00 C9 35,OK
2026-09-29T10:24:02.969Z,7550.097,RX,bus,-1,0001D440,1,7,01 00 00 0F 03 40 D4,OK
2026-09-29T10:24:02.969Z,7550.204,RX,bus,-1,0011D440,1,5,01 00 00 40 D4,OK
2026-09-29T10:24:02.973Z,7555.031,RX,bus,-1,00018D9C,1,7,01 00 00 0F 03 9C 8D,OK
2026-09-29T10:24:02.973Z,7555.243,RX,bus,-1,00118D9C,1,5,01 00 00 9C 8D,OK
2026-09-29T10:24:02.978Z,7559.964,RX,bus,-1,0001CF10,1,7,01 00 00 0F 03 10 CF,OK
2026-09-29T10:24:02.978Z,7560.245,RX,bus,-1,0011CF10,1,5,01 00 00 10 CF,OK
2026-09-29T10:24:02.983Z,7565.246,RX,bus,-1,0001B605,1,7,01 00 00 0F 03 05 B6,OK
2026-09-29T10:24:02.983Z,7565.298,RX,bus,-1,0011B605,1,5,01 00 00 05 B6,OK
2026-09-29T10:24:02.988Z,7570.003,RX,bus,-1,0001A596,1,7,01 00 00 0F 03 96 A5,OK
2026-09-29T10:24:02.988Z,7570.247,RX,bus,-1,0011A596,1,5,01 00 00 96 A5,OK
2026-09-29T10:24:02.993Z,7575.006,RX,bus,-1,00019969,1,7,01 00 00 0F 03 69 99,OK
2026-09-29T10:24:02.993Z,7575.248,RX,bus,-1,00119969,1,5,01 00 00 69 99,OK
2026-09-29T10:24:02.998Z,7580.004,RX,bus,-1,00013B03,1,7,01 00 00 0F 03 03 3B,OK
2026-09-29T10:24:02.998Z,7580.250,RX,bus,-1,00113B03,1,5,01 00 00 03 3B,OK
2026-09-29T10:24:03.003Z,7585.232,RX,bus,-1,0001F654,1,7,01 00 00 0F 03 54 F6,OK
2026-09-29T10:24:03.003Z,7585.286,RX,bus,-1,0011F654,1,5,01 00 00 54 F6,OK
2026-09-29T10:24:03.009Z,7590.162,RX,bus,-1,000159CB,1,7,01 00 00 0F 03 CB 59,OK
2026-09-29T10:24:03.009Z,7590.329,RX,bus,-1,001159CB,1,5,01 00 00 CB 59,OK
2026-09-29T10:24:03.014Z,7595.139,RX,bus,-1,0001CFD8,1,7,01 00 00 0F 03 D8 CF,OK
2026-09-29T10:24:03.014Z,7595.194,RX,bus,-1,0011CFD8,1,5,01 00 00 D8 CF,OK
2026-09-29T10:24:03.018Z,7600.043,RX,bus,-1,00016396,1,7,01 00 00 0F 03 96 63,OK
2026-09-29T10:24:03.018Z,7600.244,RX,bus,-1,00116396,1,5,01 00 00 96 63,OK
2026-09-29T10:24:03.023Z,7605.030,RX,bus,-1,0001260B,1,7,01 00 00 0F 03 0B 26,OK
2026-09-29T10:24:03.023Z,7605.250,RX,bus,-1,0011260B,1,5,01 00 00 0B 26,OK
2026-09-29T10:24:03.028Z,7610.044,RX,bus,-1,0001A0C3,1,7,01 00 00 0F 03 C3 A0,OK
2026-09-29T10:24:03.028Z,7610.247,RX,bus,-1,0011A0C3,1,5,01 00 00 C3 A0,OK
2026-09-29T10:24:03.033Z,7615.026,RX,bus,-1,0001257B,1,7,01 00 00 0F 03 7B 25,OK
2026-09-29T10:24:03.033Z,7615.251,RX,bus,-1,0011257B,1,5,01 00 00 7B 25,OK
2026-09-29T10:24:03.038Z,7620.029,RX,bus,-1,0001FEDF,1,7,01 00 00 0F 03 DF FE,OK
2026-09-29T10:24:03.038Z,7620.251,RX,bus,-1,0011FEDF,1,5,01 00 00 DF FE,OK
2026-09-29T10:24:03.043Z,7624.993,RX,bus,-1,0001D615,1,7,01 00 00 0F 03 15 D6,OK
2026-09-29T10:24:03.043Z,7625.243,RX,bus,-1,0011D615,1,5,01 00 00 15 D6,OK
2026-09-29T10:24:03.048Z,7630.041,RX,bus,-1,0001D246,1,7,01 00 00 0F 03 46 D2,OK
2026-09-29T10:24:03.048Z,7630.238,RX,bus,-1,0011D246,1,5,01 00 00 46 D2,OK
2026-09-29T10:24:03.053Z,7634.996,RX,bus,-1,000161CA,1,7,01 00 00 0F 03 CA 61,OK
2026-09-29T10:24:03.053Z,7635.249,RX,bus,-1,001161CA,1,5,01 00 00 CA 61,OK
2026-09-29T10:24:03.058Z,7640.042,RX,bus,-1,000105CE,1,7,01 00 00 0F 03 CE 05,OK
2026-09-29T10:24:03.058Z,7640.239,RX,bus,-1,001105CE,1,5,01 00 00 CE 05,OK
2026-09-29T10:24:03.063Z,7645.006,RX,bus,-1,00016D04,1,7,01 00 00 0F 03 04 6D,OK
2026-09-29T10:24:03.063Z,7645.241,RX,bus,-1,00116D04,1,5,01 00 00 04 6D,OK
2026-09-29T10:24:03.068Z,7650.022,RX,bus,-1,0001CC1F,1,7,01 00 00 0F 03 1F CC,OK
2026-09-29T10:24:03.069Z,7650.242,RX,bus,-1,0011CC1F,1,5,01 00 00 1F CC,OK
2026-09-29T10:24:03.073Z,7655.041,RX,bus,-1,0001FE9A,1,7,01 00 00 0F 03 9A FE,OK
2026-09-29T10:24:03.074Z,7655.235,RX,bus,-1,0011FE9A,1,5,01 00 00 9A FE,OK
2026-09-29T10:24:03.078Z,7660.027,RX,bus,-1,0001ED32,1,7,01 00 00 0F 03 32 ED,OK
2026-09-29T10:24:03.079Z,7660.241,RX,bus,-1,0011ED32,1,5,01 00 00 32 ED,OK
2026-09-29T10:24:03.083Z,7665.036,RX,bus,-1,0001CEEA,1,7,01 00 00 0F 03 EA CE,OK
2026-09-29T10:24:03.084Z,7665.285,RX,bus,-1,0011CEEA,1,5,01 00 00 EA CE,OK
2026-09-29T10:24:03.088Z,7670.037,RX,bus,-1,0001C303,1,7,01 00 00 0F 03 03 C3,OK
2026-09-29T10:24:03.089Z,7670.245,RX,bus,-1,0011C303,1,5,01 00 00 03 C3,OK
2026-09-29T10:24:03.093Z,7675.037,RX,bus,-1,0001614D,1,7,01 00 00 0F 03 4D 61,OK
2026-09-29T10:24:03.094Z,7675.265,RX,bus,-1,0011614D,1,5,01 00 00 4D 61,OK
2026-09-29T10:24:03.098Z,7680.027,RX,bus,-1,00010F7E,1,7,01 00 00 0F 03 7E 0F,OK
2026-09-29T10:24:03.099Z,7680.244,RX,bus,-1,00110F7E,1,5,01 00 00 7E 0F,OK
2026-09-29T10:24:03.103Z,7685.027,RX,bus,-1,0001D8EC,1,7,01 00 00 0F 03 EC D8,OK
2026-09-29T10:24:03.104Z,7685.256,RX,bus,-1,0011D8EC,1,5,01 00 00 EC D8,OK
2026-09-29T10:24:03.108Z,7689.991,RX,bus,-1,0001F233,1,7,01 00 00 0F 03 33 F2,OK
2026-09-29T10:24:03.108Z,7690.238,RX,bus,-1,0011F233,1,5,01 00 00 33 F2,OK
2026-09-29T10:24:03.113Z,7694.956,RX,bus,-1,0001D1CD,1,7,01 00 00 0F 03 CD D1,OK
2026-09-29T10:24:03.113Z,7695.240,RX,bus,-1,0011D1CD,1,5,01 00 00 CD D1,OK
2026-09-29T10:24:03.119Z,7700.108,RX,bus,-1,0001D74B,1,7,01 00 00 0F 03 4B D7,OK
2026-09-29T10:24:03.119Z,7700.203,RX,bus,-1,0011D74B,1,5,01 00 00 4B D7,OK
2026-09-29T10:24:03.124Z,7705.327,RX,bus,-1,00010892,1,7,01 00 00 0F 03 92 08,OK
2026-09-29T10:24:03.124Z,7705.418,RX,bus,-1,00110892,1,5,01 00 00 92 08,OK
2026-09-29T10:24:03.129Z,7710.237,RX,bus,-1,000199E0,1,7,01 00 00 0F 03 E0 99,OK
2026-09-29T10:24:03.129Z,7710.328,RX,bus,-1,001199E0,1,5,01 00 00 E0 99,OK
2026-09-29T10:24:03.134Z,7715.307,RX,bus,-1,00019739,1,7,01 00 00 0F 03 39 97,OK
2026-09-29T10:24:03.134Z,7715.401,RX,bus,-1,00119739,1,5,01 00 00 39 97,OK
2026-09-29T10:24:03.139Z,7720.247,RX,bus,-1,0001369C,1,7,01 00 00 0F 03 9C 36,OK
2026-09-29T10:24:03.139Z,7720.345,RX,bus,-1,0011369C,1,5,01 00 00 9C 36,OK
2026-09-29T10:24:03.144Z,7725.306,RX,bus,-1,0001FAE0,1,7,01 00 00 0F 03 E0 FA,OK
2026-09-29T10:24:03.144Z,7725.399,RX,bus,-1,0011FAE0,1,5,01 00 00 E0 FA,OK
2026-09-29T10:24:03.149Z,7730.238,RX,bus,-1,0001B451,1,7,01 00 00 0F 03 51 B4,OK
2026-09-29T10:24:03.149Z,7730.330,RX,bus,-1,0011B451,1,5,01 00 00 51 B4,OK
2026-09-29T10:24:03.154Z,7735.258,RX,bus,-1,0001025C,1,7,01 00 00 0F 03 5C 02,OK
2026-09-29T10:24:03.154Z,7735.350,RX,bus,-1,0011025C,1,5,01 00 00 5C 02,OK
2026-09-29T10:24:03.159Z,7740.317,RX,bus,-1,0001EAE4,1,7,01 00 00 0F 03 E4 EA,OK
2026-09-29T10:24:03.159Z,7740.409,RX,bus,-1,0011EAE4,1,5,01 00 00 E4 EA,OK
2026-09-29T10:24:03.164Z,7744.970,RX,bus,-1,0001EF25,1,7,01 00 00 0F 03 25 EF,OK
2026-09-29T10:24:03.164Z,7745.344,RX,bus,-1,0011EF25,1,5,01 00 00 25 EF,OK
2026-09-29T10:24:03.168Z,7749.968,RX,bus,-1,0001C9C5,1,7,01 00 00 0F 03 C5 C9,OK
2026-09-29T10:24:03.168Z,7750.304,RX,bus,-1,0011C9C5,1,5,01 00 00 C5 C9,OK
2026-09-29T10:24:03.173Z,7754.977,RX,bus,-1,000179E1,1,7,01 00 00 0F 03 E1 79,OK
2026-09-29T10:24:03.173Z,7755.279,RX,bus,-1,001179E1,1,5,01 00 00 E1 79,OK
2026-09-29T10:24:03.178Z,7759.932,RX,bus,-1,0001B9C8,1,7,01 00 00 0F 03 C8 B9,OK
2026-09-29T10:24:03.178Z,7760.178,RX,bus,-1,0011B9C8,1,5,01 00 00 C8 B9,OK
2026-09-29T10:24:03.183Z,7764.930,RX,bus,-1,00017995,1,7,01 00 00 0F 03 95 79,OK
2026-09-29T10:24:03.183Z,7765.183,RX,bus,-1,00117995,1,5,01 00 00 95 79,OK
2026-09-29T10:24:03.188Z,7769.969,RX,bus,-1,0001BF18,1,7,01 00 00 0F 03 18 BF,OK
2026-09-29T10:24:03.188Z,7770.214,RX,bus,-1,0011BF18,1,5,01 00 00 18 BF,OK
2026-09-29T10:24:03.193Z,7774.969,RX,bus,-1,00019847,1,7,01 00 00 0F 03 47 98,OK
2026-09-29T10:24:03.193Z,7775.217,RX,bus,-1,00119847,1,5,01 00 00 47 98,OK
2026-09-29T10:24:03.198Z,7779.971,RX,bus,-1,0001DAA3,1,7,01 00 00 0F 03 A3 DA,OK
2026-09-29T10:24:03.198Z,7780.215,RX,bus,-1,0011DAA3,1,5,01 00 00 A3 DA,OK
2026-09-29T10:24:03.203Z,7784.982,RX,bus,-1,0001FD97,1,7,01 00 00 0F 03 97 FD,OK
2026-09-29T10:24:03.203Z,7785.249,RX,bus,-1,0011FD97,1,5,01 00 00 97 FD,OK
2026-09-29T10:24:03.209Z,7790.107,RX,bus,-1,0001A328,1,7,01 00 00 0F 03 28 A3,OK
2026-09-29T10:24:03.209Z,7790.160,RX,bus,-1,0011A328,1,5,01 00 00 28 A3,OK
2026-09-29T10:24:03.213Z,7794.963,RX,bus,-1,00013395,1,7,01 00 00 0F 03 95 33,OK
2026-09-29T10:24:03.214Z,7795.217,RX,bus,-1,00113395,1,5,01 00 00 95 33,OK
2026-09-29T10:24:03.218Z,7799.967,RX,bus,-1,000130CD,1,7,01 00 00 0F 03 CD 30,OK
2026-09-29T10:24:03.218Z,7800.226,RX,bus,-1,001130CD,1,5,01 00 00 CD 30,OK
2026-09-29T10:24:03.223Z,7804.975,RX,bus,-1,000143DE,1,7,01 00 00 0F 03 DE 43,OK
2026-09-29T10:24:03.223Z,7805.214,RX,bus,-1,001143DE,1,5,01 00 00 DE 43,OK
2026-09-29T10:24:03.228Z,7809.974,RX,bus,-1,000192F4,1,7,01 00 00 0F 03 F4 92,OK
2026-09-29T10:24:03.228Z,7810.221,RX,bus,-1,001192F4,1,5,01 00 00 F4 92,OK
2026-09-29T10:24:03.233Z,7815.001,RX,bus,-1,00015ECD,1,7,01 00 00 0F 03 CD 5E,OK
2026-09-29T10:24:03.233Z,7815.195,RX,bus,-1,00115ECD,1,5,01 00 00 CD 5E,OK
2026-09-29T10:24:03.238Z,7820.016,RX,bus,-1,0001BA9B,1,7,01 00 00 0F 03 9B BA,OK
2026-09-29T10:24:03.238Z,7820.219,RX,bus,-1,0011BA9B,1,5,01 00 00 9B BA,OK
2026-09-29T10:24:03.243Z,7824.978,RX,bus,-1,0001F83A,1,7,01 00 00 0F 03 3A F8,OK
2026-09-29T10:24:03.243Z,7825.222,RX,bus,-1,0011F83A,1,5,01 00 00 3A F8,OK
2026-09-29T10:24:03.248Z,7830.007,RX,bus,-1,00016889,1,7,01 00 00 0F 03 89 68,OK
2026-09-29T10:24:03.248Z,7830.214,RX,bus,-1,00116889,1,5,01 00 00 89 68,OK
2026-09-29T10:24:03.253Z,7834.980,RX,bus,-1,00019921,1,7,01 00 00 0F 03 21 99,OK
2026-09-29T10:24:03.253Z,7835.214,RX,bus,-1,00119921,1,5,01 00 00 21 99,OK
2026-09-29T10:24:03.258Z,7839.966,RX,bus,-1,0001B924,1,7,01 00 00 0F 03 24 B9,OK
2026-09-29T10:24:03.258Z,7840.208,RX,bus,-1,0011B924,1,5,01 00 00 24 B9,OK
2026-09-29T10:24:03.263Z,7844.966,RX,bus,-1,0001632B,1,7,01 00 00 0F 03 2B 63,OK
2026-09-29T10:24:03.263Z,7845.222,RX,bus,-1,0011632B,1,5,01 00 00 2B 63,OK
2026-09-29T10:24:03.269Z,7850.164,RX,bus,-1,0001B49C,1,7,01 00 00 0F 03 9C B4,OK
2026-09-29T10:24:03.269Z,7850.249,RX,bus,-1,0011B49C,1,5,01 00 00 9C B4,OK
2026-09-29T10:24:03.274Z,7855.131,RX,bus,-1,0001C2E6,1,7,01 00 00 0F 03 E6 C2,OK
2026-09-29T10:24:03.274Z,7855.183,RX,bus,-1,0011C2E6,1,5,01 00 00 E6 C2,OK
2026-09-29T10:24:03.279Z,7860.131,RX,bus,-1,00011CC9,1,7,01 00 00 0F 03 C9 1C,OK
2026-09-29T10:24:03.279Z,7860.182,RX,bus,-1,00111CC9,1,5,01 00 00 C9 1C,OK
2026-09-29T10:24:03.284Z,7865.118,RX,bus,-1,0001CF39,1,7,01 00 00 0F 03 39 CF,OK
2026-09-29T10:24:03.284Z,7865.169,RX,bus,-1,0011CF39,1,5,01 00 00 39 CF,OK
2026-09-29T10:24:03.289Z,7870.123,RX,bus,-1,00015EF5,1,7,01 00 00 0F 03 F5 5E,OK
2026-09-29T10:24:03.289Z,7870.175,RX,bus,-1,00115EF5,1,5,01 00 00 F5 5E,OK
2026-09-29T10:24:03.293Z,7875.071,RX,bus,-1,0001344C,1,7,01 00 00 0F 03 4C 34,OK
2026-09-29T10:24:03.294Z,7875.213,RX,bus,-1,0011344C,1,5,01 00 00 4C 34,OK
2026-09-29T10:24:03.299Z,7880.128,RX,bus,-1,0001CE71,1,7,01 00 00 0F 03 71 CE,OK
2026-09-29T10:24:03.299Z,7880.238,RX,bus,-1,0011CE71,1,5,01 00 00 71 CE,OK
2026-09-29T10:24:03.304Z,7885.129,RX,bus,-1,00012605,1,7,01 00 00 0F 03 05 26,OK
2026-09-29T10:24:03.304Z,7885.181,RX,bus,-1,00112605,1,5,01 00 00 05 26,OK
2026-09-29T10:24:03.308Z,7890.125,RX,bus,-1,00019192,1,7,01 00 00 0F 03 92 91,OK
2026-09-29T10:24:03.308Z,7890.177,RX,bus,-1,00119192,1,5,01 00 00 92 91,OK
2026-09-29T10:24:03.313Z,7895.012,RX,bus,-1,0001E1C9,1,7,01 00 00 0F 03 C9 E1,OK
2026-09-29T10:24:03.313Z,7895.203,RX,bus,-1,0011E1C9,1,5,01 00 00 C9 E1,OK
2026-09-29T10:24:03.319Z,7900.127,RX,bus,-1,0001F997,1,7,01 00 00 0F 03 97 F9,OK
2026-09-29T10:24:03.319Z,7900.178,RX,bus,-1,0011F997,1,5,01 00 00 97 F9,OK
2026-09-29T10:24:03.324Z,7905.064,RX,bus,-1,0001951D,1,7,01 00 00 0F 03 1D 95,OK
2026-09-29T10:24:03.324Z,7905.226,RX,bus,-1,0011951D,1,5,01 00 00 1D 95,OK
2026-09-29T10:24:03.329Z,7910.164,RX,bus,-1,00019A87,1,7,01 00 00 0F 03 87 9A,OK
2026-09-29T10:24:03.329Z,7910.222,RX,bus,-1,00119A87,1,5,01 00 00 87 9A,OK
2026-09-29T10:24:03.334Z,7915.193,RX,bus,-1,00014259,1,7,01 00 00 0F 03 59 42,OK
2026-09-29T10:24:03.334Z,7915.245,RX,bus,-1,00114259,1,5,01 00 00 59 42,OK
2026-09-29T10:24:03.339Z,7920.116,RX,bus,-1,00016304,1,7,01 00 00 0F 03 04 63,OK
2026-09-29T10:24:03.339Z,7920.168,RX,bus,-1,00116304,1,5,01 00 00 04 63,OK
2026-09-29T10:24:03.344Z,7925.128,RX,bus,-1,00010292,1,7,01 00 00 0F 03 92 02,OK
2026-09-29T10:24:03.344Z,7925.213,RX,bus,-1,00110292,1,5,01 00 00 92 02,OK
2026-09-29T10:24:03.349Z,7930.132,RX,bus,-1,00018CA6,1,7,01 00 00 0F 03 A6 8C,OK
2026-09-29T10:24:03.349Z,7930.214,RX,bus,-1,00118CA6,1,5,01 00 00 A6 8C,OK
2026-09-29T10:24:03.354Z,7935.209,RX,bus,-1,00018F68,1,7,01 00 00 0F 03 68 8F,OK
2026-09-29T10:24:03.354Z,7935.265,RX,bus,-1,00118F68,1,5,01 00 00 68 8F,OK
2026-09-29T10:24:03.359Z,7940.095,RX,bus,-1,0001B85B,1,7,01 00 00 0F 03 5B B8,OK
2026-09-29T10:24:03.359Z,7940.146,RX,bus,-1,0011B85B,1,5,01 00 00 5B B8,OK
2026-09-29T10:24:03.364Z,7944.944,RX,bus,-1,0001A14B,1,7,01 00 00 0F 03 4B A1,OK
2026-09-29T10:24:03.364Z,7945.193,RX,bus,-1,0011A14B,1,5,01 00 00 4B A1,OK
2026-09-29T10:24:03.369Z,7950.430,RX,bus,-1,00013EE3,1,7,01 00 00 0F 03 E3 3E,OK
2026-09-29T10:24:03.369Z,7950.537,RX,bus,-1,00113EE3,1,5,01 00 00 E3 3E,OK
2026-09-29T10:24:03.374Z,7954.984,RX,bus,-1,0001AA89,1,7,01 00 00 0F 03 89 AA,OK
2026-09-29T10:24:03.374Z,7955.248,RX,bus,-1,0011AA89,1,5,01 00 00 89 AA,OK
2026-09-29T10:24:03.378Z,7959.976,RX,bus,-1,0001D859,1,7,01 00 00 0F 03 59 D8,OK
2026-09-29T10:24:03.378Z,7960.168,RX,bus,-1,0011D859,1,5,01 00 00 59 D8,OK
2026-09-29T10:24:03.383Z,7964.946,RX,bus,-1,00019117,1,7,01 00 00 0F 03 17 91,OK
2026-09-29T10:24:03.383Z,7965.202,RX,bus,-1,00119117,1,5,01 00 00 17 91,OK
2026-09-29T10:24:03.388Z,7969.939,RX,bus,-1,0001F274,1,7,01 00 00 0F 03 74 F2,OK
2026-09-29T10:24:03.388Z,7970.175,RX,bus,-1,0011F274,1,5,01 00 00 74 F2,OK
2026-09-29T10:24:03.393Z,7974.962,RX,bus,-1,000148EF,1,7,01 00 00 0F 03 EF 48,OK
2026-09-29T10:24:03.393Z,7975.206,RX,bus,-1,001148EF,1,5,01 00 00 EF 48,OK
2026-09-29T10:24:03.398Z,7979.952,RX,bus,-1,000137D9,1,7,01 00 00 0F 03 D9 37,OK
2026-09-29T10:24:03.398Z,7980.185,RX,bus,-1,001137D9,1,5,01 00 00 D9 37,OK
2026-09-29T10:24:03.404Z,7985.016,RX,bus,-1,00016A84,1,7,01 00 00 0F 03 84 6A,OK
2026-09-29T10:24:03.404Z,7985.205,RX,bus,-1,00116A84,1,5,01 00 00 84 6A,OK
2026-09-29T10:24:03.409Z,7990.249,RX,bus,-1,00014BBA,1,7,01 00 00 0F 03 BA 4B,OK
2026-09-29T10:24:03.409Z,7990.340,RX,bus,-1,00114BBA,1,5,01 00 00 BA 4B,OK
2026-09-29T10:24:03.414Z,7995.183,RX,bus,-1,0001FC98,1,7,01 00 00 0F 03 98 FC,OK
2026-09-29T10:24:03.414Z,7995.275,RX,bus,-1,0011FC98,1,5,01 00 00 98 FC,OK
2026-09-29T10:24:03.418Z,7999.972,RX,bus,-1,00010B99,1,7,01 00 00 0F 03 99 0B,OK
2026-09-29T10:24:03.419Z,8000.102,RX,bus,-1,00110B99,1,5,01 00 00 99 0B,OK
2026-09-29T10:24:03.424Z,8005.336,RX,bus,-1,0001B271,1,7,01 00 00 0F 03 71 B2,OK
2026-09-29T10:24:03.424Z,8005.426,RX,bus,-1,0011B271,1,5,01 00 00 71 B2,OK
2026-09-29T10:24:03.429Z,8010.472,RX,bus,-1,0001FDE1,1,7,01 00 00 0F 03 E1 FD,OK
2026-09-29T10:24:03.429Z,8010.564,RX,bus,-1,0011FDE1,1,5,01 00 00 E1 FD,OK
2026-09-29T10:24:03.434Z,8015.479,RX,bus,-1,00014348,1,7,01 00 00 0F 03 48 43,OK
2026-09-29T10:24:03.434Z,8015.571,RX,bus,-1,00114348,1,5,01 00 00 48 43,OK
2026-09-29T10:24:03.439Z,8020.438,RX,bus,-1,0001BEBD,1,7,01 00 00 0F 03 BD BE,OK
2026-09-29T10:24:03.439Z,8020.532,RX,bus,-1,0011BEBD,1,5,01 00 00 BD BE,OK
2026-09-29T10:24:03.444Z,8025.424,RX,bus,-1,00019964,1,7,01 00 00 0F 03 64 99,OK
2026-09-29T10:24:03.444Z,8025.516,RX,bus,-1,00119964,1,5,01 00 00 64 99,OK
2026-09-29T10:24:03.449Z,8030.369,RX,bus,-1,0001B549,1,7,01 00 00 0F 03 49 B5,OK
2026-09-29T10:24:03.449Z,8030.461,RX,bus,-1,0011B549,1,5,01 00 00 49 B5,OK
2026-09-29T10:24:03.454Z,8035.421,RX,bus,-1,00018B3C,1,7,01 00 00 0F 03 3C 8B,OK
2026-09-29T10:24:03.454Z,8035.513,RX,bus,-1,00118B3C,1,5,01 00 00 3C 8B,OK
2026-09-29T10:24:03.459Z,8040.475,RX,bus,-1,00013216,1,7,01 00 00 0F 03 16 32,OK
2026-09-29T10:24:03.459Z,8040.567,RX,bus,-1,00113216,1,5,01 00 00 16 32,OK
2026-09-29T10:24:03.464Z,8045.405,RX,bus,-1,0001669B,1,7,01 00 00 0F 03 9B 66,OK
2026-09-29T10:24:03.464Z,8045.497,RX,bus,-1,0011669B,1,5,01 00 00 9B 66,OK
2026-09-29T10:24:03.469Z,8050.423,RX,bus,-1,0001DCA2,1,7,01 00 00 0F 03 A2 DC,OK
2026-09-29T10:24:03.469Z,8050.516,RX,bus,-1,0011DCA2,1,5,01 00 00 A2 DC,OK
2026-09-29T10:24:03.473Z,8055.003,RX,bus,-1,0001599A,1,7,01 00 00 0F 03 9A 59,OK
2026-09-29T10:24:03.473Z,8055.195,RX,bus,-1,0011599A,1,5,01 00 00 9A 59,OK
2026-09-29T10:24:03.478Z,8060.181,RX,bus,-1,00010822,1,7,01 00 00 0F 03 22 08,OK
2026-09-29T10:24:03.479Z,8060.236,RX,bus,-1,00110822,1,5,01 00 00 22 08,OK
2026-09-29T10:24:03.483Z,8065.085,RX,bus,-1,000112E4,1,7,01 00 00 0F 03 E4 12,OK
2026-09-29T10:24:03.483Z,8065.136,RX,bus,-1,001112E4,1,5,01 00 00 E4 12,OK
2026-09-29T10:24:03.488Z,8070.045,RX,bus,-1,00016CD9,1,7,01 00 00 0F 03 D9 6C,OK
2026-09-29T10:24:03.488Z,8070.185,RX,bus,-1,00116CD9,1,5,01 00 00 D9 6C,OK
2026-09-29T10:24:03.493Z,8075.060,RX,bus,-1,00014AA9,1,7,01 00 00 0F 03 A9 4A,OK
2026-09-29T10:24:03.493Z,8075.139,RX,bus,-1,00114AA9,1,5,01 00 00 A9 4A,OK
2026-09-29T10:24:03.498Z,8080.044,RX,bus,-1,000101D2,1,7,01 00 00 0F 03 D2 01,OK
2026-09-29T10:24:03.498Z,8080.187,RX,bus,-1,001101D2,1,5,01 00 00 D2 01,OK
2026-09-29T10:24:03.503Z,8085.064,RX,bus,-1,0001DF2C,1,7,01 00 00 0F 03 2C DF,OK
2026-09-29T10:24:03.503Z,8085.117,RX,bus,-1,0011DF2C,1,5,01 00 00 2C DF,OK
2026-09-29T10:24:03.509Z,8090.091,RX,bus,-1,0001B7B5,1,7,01 00 00 0F 03 B5 B7,OK
2026-09-29T10:24:03.509Z,8090.142,RX,bus,-1,0011B7B5,1,5,01 00 00 B5 B7,OK
2026-09-29T10:24:03.514Z,8095.112,RX,bus,-1,000123C5,1,7,01 00 00 0F 03 C5 23,OK
2026-09-29T10:24:03.514Z,8095.164,RX,bus,-1,001123C5,1,5,01 00 00 C5 23,OK
2026-09-29T10:24:03.518Z,8100.103,RX,bus,-1,0001400F,1,7,01 00 00 0F 03 0F 40,OK
2026-09-29T10:24:03.518Z,8100.154,RX,bus,-1,0011400F,1,5,01 00 00 0F 40,OK
2026-09-29T10:24:03.523Z,8105.048,RX,bus,-1,0001DED8,1,7,01 00 00 0F 03 D8 DE,OK
2026-09-29T10:24:03.523Z,8105.191,RX,bus,-1,0011DED8,1,5,01 00 00 D8 DE,OK
2026-09-29T10:24:03.528Z,8109.918,RX,bus,-1,00013D40,1,7,01 00 00 0F 03 40 3D,OK
2026-09-29T10:24:03.528Z,8110.179,RX,bus,-1,00113D40,1,5,01 00 00 40 3D,OK
2026-09-29T10:24:03.533Z,8115.199,RX,bus,-1,0001E30F,1,7,01 00 00 0F 03 0F E3,OK
2026-09-29T10:24:03.533Z,8115.253,RX,bus,-1,0011E30F,1,5,01 00 00 0F E3,OK
2026-09-29T10:24:03.538Z,8120.094,RX,bus,-1,0001A1F9,1,7,01 00 00 0F 03 F9 A1,OK
2026-09-29T10:24:03.538Z,8120.148,RX,bus,-1,0011A1F9,1,5,01 00 00 F9 A1,OK
2026-09-29T10:24:03.543Z,8125.267,RX,bus,-1,000185D6,1,7,01 00 00 0F 03 D6 85,OK
2026-09-29T10:24:03.544Z,8125.323,RX,bus,-1,001185D6,1,5,01 00 00 D6 85,OK
2026-09-29T10:24:03.548Z,8130.055,RX,bus,-1,00018FE6,1,7,01 00 00 0F 03 E6 8F,OK
2026-09-29T10:24:03.548Z,8130.138,RX,bus,-1,00118FE6,1,5,01 00 00 E6 8F,OK
2026-09-29T10:24:03.553Z,8134.910,RX,bus,-1,0001D8E7,1,7,01 00 00 0F 03 E7 D8,OK
2026-09-29T10:24:03.553Z,8135.183,RX,bus,-1,0011D8E7,1,5,01 00 00 E7 D8,OK
2026-09-29T10:24:03.558Z,8140.179,RX,bus,-1,000103F4,1,7,01 00 00 0F 03 F4 03,OK
2026-09-29T10:24:03.558Z,8140.232,RX,bus,-1,001103F4,1,5,01 00 00 F4 03,OK
2026-09-29T10:24:03.563Z,8144.958,RX,bus,-1,00013A71,1,7,01 00 00 0F 03 71 3A,OK
2026-09-29T10:24:03.563Z,8145.155,RX,bus,-1,00113A71,1,5,01 00 00 71 3A,OK
2026-09-29T10:24:03.569Z,8150.129,RX,bus,-1,0001F75E,1,7,01 00 00 0F 03 5E F7,OK
2026-09-29T10:24:03.569Z,8150.182,RX,bus,-1,0011F75E,1,5,01 00 00 5E F7,OK
2026-09-29T10:24:03.574Z,8155.083,RX,bus,-1,0001AF1A,1,7,01 00 00 0F 03 1A AF,OK
2026-09-29T10:24:03.574Z,8155.151,RX,bus,-1,0011AF1A,1,5,01 00 00 1A AF,OK
2026-09-29T10:24:03.579Z,8160.076,RX,bus,-1,00019F63,1,7,01 00 00 0F 03 63 9F,OK
2026-09-29T10:24:03.579Z,8160.128,RX,bus,-1,00119F63,1,5,01 00 00 63 9F,OK
2026-09-29T10:24:03.584Z,8165.152,RX,bus,-1,0001EAE8,1,7,01 00 00 0F 03 E8 EA,OK
2026-09-29T10:24:03.584Z,8165.222,RX,bus,-1,0011EAE8,1,5,01 00 00 E8 EA,OK
2026-09-29T10:24:03.589Z,8170.061,RX,bus,-1,00016A4B,1,7,01 00 00 0F 03 4B 6A,OK
2026-09-29T10:24:03.589Z,8170.121,RX,bus,-1,00116A4B,1,5,01 00 00 4B 6A,OK
2026-09-29T10:24:03.594Z,8175.079,RX,bus,-1,000171DA,1,7,01 00 00 0F 03 DA 71,OK
2026-09-29T10:24:03.594Z,8175.166,RX,bus,-1,001171DA,1,5,01 00 00 DA 71,OK
2026-09-29T10:24:03.599Z,8180.061,RX,bus,-1,00015731,1,7,01 00 00 0F 03 31 57,OK
2026-09-29T10:24:03.599Z,8180.116,RX,bus,-1,00115731,1,5,01 00 00 31 57,OK
2026-09-29T10:24:03.604Z,8185.103,RX,bus,-1,000192BC,1,7,01 00 00 0F 03 BC 92,OK
2026-09-29T10:24:03.604Z,8185.155,RX,bus,-1,001192BC,1,5,01 00 00 BC 92,OK
2026-09-29T10:24:03.609Z,8190.086,RX,bus,-1,00014AA1,1,7,01 00 00 0F 03 A1 4A,OK
2026-09-29T10:24:03.609Z,8190.173,RX,bus,-1,00114AA1,1,5,01 00 00 A1 4A,OK
2026-09-29T10:24:03.613Z,8195.063,RX,bus,-1,0001B271,1,7,01 00 00 0F 03 71 B2,OK
2026-09-29T10:24:03.614Z,8195.115,RX,bus,-1,0011B271,1,5,01 00 00 71 B2,OK
2026-09-29T10:24:03.618Z,8199.921,RX,bus,-1,0001FD13,1,7,01 00 00 0F 03 13 FD,OK
2026-09-29T10:24:03.618Z,8200.169,RX,bus,-1,0011FD13,1,5,01 00 00 13 FD,OK
2026-09-29T10:24:03.623Z,8204.910,RX,bus,-1,0001D3CC,1,7,01 00 00 0F 03 CC D3,OK
2026-09-29T10:24:03.623Z,8205.168,RX,bus,-1,0011D3CC,1,5,01 00 00 CC D3,OK
2026-09-29T10:24:03.628Z,8209.933,RX,bus,-1,000134C9,1,7,01 00 00 0F 03 C9 34,OK
2026-09-29T10:24:03.628Z,8210.160,RX,bus,-1,001134C9,1,5,01 00 00 C9 34,OK
2026-09-29T10:24:03.633Z,8214.941,RX,bus,-1,00018BB4,1,7,01 00 00 0F 03 B4 8B,OK
2026-09-29T10:24:03.633Z,8215.166,RX,bus,-1,00118BB4,1,5,01 00 00 B4 8B,OK
2026-09-29T10:24:03.638Z,8219.916,RX,bus,-1,0001B78F,1,7,01 00 00 0F 03 8F B7,OK
2026-09-29T10:24:03.638Z,8220.159,RX,bus,-1,0011B78F,1,5,01 00 00 8F B7,OK
2026-09-29T10:24:03.643Z,8224.929,RX,bus,-1,00018321,1,7,01 00 00 0F 03 21 83,OK
2026-09-29T10:24:03.643Z,8225.176,RX,bus,-1,00118321,1,5,01 00 00 21 83,OK
2026-09-29T10:24:03.648Z,8229.924,RX,bus,-1,0001DD82,1,7,01 00 00 0F 03 82 DD,OK
2026-09-29T10:24:03.648Z,8230.164,RX,bus,-1,0011DD82,1,5,01 00 00 82 DD,OK
2026-09-29T10:24:03.653Z,8234.963,RX,bus,-1,0001AC38,1,7,01 00 00 0F 03 38 AC,OK
2026-09-29T10:24:03.653Z,8235.161,RX,bus,-1,0011AC38,1,5,01 00 00 38 AC,OK
2026-09-29T10:24:03.658Z,8239.917,RX,bus,-1,000130BB,1,7,01 00 00 0F 03 BB 30,OK
2026-09-29T10:24:03.658Z,8240.165,RX,bus,-1,001130BB,1,5,01 00 00 BB 30,OK
2026-09-29T10:24:03.663Z,8244.921,RX,bus,-1,00013589,1,7,01 00 00 0F 03 89 35,OK
2026-09-29T10:24:03.663Z,8245.152,RX,bus,-1,00113589,1,5,01 00 00 89 35,OK
2026-09-29T10:24:03.668Z,8250.061,RX,bus,-1,0001D28D,1,7,01 00 00 0F 03 8D D2,OK
2026-09-29T10:24:03.668Z,8250.114,RX,bus,-1,0011D28D,1,5,01 00 00 8D D2,OK
2026-09-29T10:24:03.673Z,8255.061,RX,bus,-1,00017646,1,7,01 00 00 0F 03 46 76,OK
2026-09-29T10:24:03.673Z,8255.113,RX,bus,-1,00117646,1,5,01 00 00 46 76,OK
2026-09-29T10:24:03.678Z,8260.067,RX,bus,-1,000111C5,1,7,01 00 00 0F 03 C5 11,OK
2026-09-29T10:24:03.678Z,8260.120,RX,bus,-1,001111C5,1,5,01 00 00 C5 11,OK
2026-09-29T10:24:03.683Z,8265.062,RX,bus,-1,0001D7E6,1,7,01 00 00 0F 03 E6 D7,OK
2026-09-29T10:24:03.683Z,8265.115,RX,bus,-1,0011D7E6,1,5,01 00 00 E6 D7,OK
2026-09-29T10:24:03.688Z,8270.059,RX,bus,-1,00014E07,1,7,01 00 00 0F 03 07 4E,OK
2026-09-29T10:24:03.688Z,8270.111,RX,bus,-1,00114E07,1,5,01 00 00 07 4E,OK
2026-09-29T10:24:03.693Z,8275.063,RX,bus,-1,0001018E,1,7,01 00 00 0F 03 8E 01,OK
2026-09-29T10:24:03.693Z,8275.115,RX,bus,-1,0011018E,1,5,01 00 00 8E 01,OK
2026-09-29T10:24:03.698Z,8280.058,RX,bus,-1,00012336,1,7,01 00 00 0F 03 36 23,OK
2026-09-29T10:24:03.698Z,8280.110,RX,bus,-1,00112336,1,5,01 00 00 36 23,OK
2026-09-29T10:24:03.703Z,8285.065,RX,bus,-1,00013742,1,7,01 00 00 0F 03 42 37,OK
2026-09-29T10:24:03.703Z,8285.117,RX,bus,-1,00113742,1,5,01 00 00 42 37,OK
2026-09-29T10:24:03.708Z,8289.921,RX,bus,-1,00010893,1,7,01 00 00 0F 03 93 08,OK
2026-09-29T10:24:03.708Z,8290.145,RX,bus,-1,00110893,1,5,01 00 00 93 08,OK
2026-09-29T10:24:03.713Z,8294.924,RX,bus,-1,0001329E,1,7,01 00 00 0F 03 9E 32,OK
2026-09-29T10:24:03.713Z,8295.172,RX,bus,-1,0011329E,1,5,01 00 00 9E 32,OK
2026-09-29T10:24:03.718Z,8299.926,RX,bus,-1,0001BDF4,1,7,01 00 00 0F 03 F4 BD,OK
2026-09-29T10:24:03.719Z,8300.160,RX,bus,-1,0011BDF4,1,5,01 00 00 F4 BD,OK
2026-09-29T10:24:03.724Z,8305.138,RX,bus,-1,00018CA9,1,7,01 00 00 0F 03 A9 8C,OK
2026-09-29T10:24:03.724Z,8305.204,RX,bus,-1,00118CA9,1,5,01 00 00 A9 8C,OK
2026-09-29T10:24:03.729Z,8310.068,RX,bus,-1,00011A3F,1,7,01 00 00 0F 03 3F 1A,OK
2026-09-29T10:24:03.729Z,8310.119,RX,bus,-1,00111A3F,1,5,01 00 00 3F 1A,OK
2026-09-29T10:24:03.734Z,8315.083,RX,bus,-1,0001C810,1,7,01 00 00 0F 03 10 C8,OK
2026-09-29T10:24:03.734Z,8315.169,RX,bus,-1,0011C810,1,5,01 00 00 10 C8,OK
2026-09-29T10:24:03.739Z,8320.063,RX,bus,-1,0001150B,1,7,01 00 00 0F 03 0B 15,OK
2026-09-29T10:24:03.739Z,8320.117,RX,bus,-1,0011150B,1,5,01 00 00 0B 15,OK
2026-09-29T10:24:03.744Z,8325.068,RX,bus,-1,000124B6,1,7,01 00 00 0F 03 B6 24,OK
2026-09-29T10:24:03.744Z,8325.122,RX,bus,-1,001124B6,1,5,01 00 00 B6 24,OK
2026-09-29T10:24:03.749Z,8330.068,RX,bus,-1,00019E22,1,7,01 00 00 0F 03 22 9E,OK
2026-09-29T10:24:03.749Z,8330.120,RX,bus,-1,00119E22,1,5,01 00 00 22 9E,OK
2026-09-29T10:24:03.754Z,8335.102,RX,bus,-1,00017185,1,7,01 00 00 0F 03 85 71,OK
2026-09-29T10:24:03.754Z,8335.169,RX,bus,-1,00117185,1,5,01 00 00 85 71,OK
2026-09-29T10:24:03.759Z,8340.125,RX,bus,-1,0001842C,1,7,01 00 00 0F 03 2C 84,OK
2026-09-29T10:24:03.759Z,8340.208,RX,bus,-1,0011842C,1,5,01 00 00 2C 84,OK
2026-09-29T10:24:03.764Z,8345.123,RX,bus,-1,0001D2E9,1,7,01 00 00 0F 03 E9 D2,OK
2026-09-29T10:24:03.764Z,8345.189,RX,bus,-1,0011D2E9,1,5,01 00 00 E9 D2,OK
2026-09-29T10:24:03.768Z,8349.924,RX,bus,-1,0001B8C8,1,7,01 00 00 0F 03 C8 B8,OK
2026-09-29T10:24:03.768Z,8350.142,RX,bus,-1,0011B8C8,1,5,01 00 00 C8 B8,OK
2026-09-29T10:24:03.773Z,8354.888,RX,bus,-1,0001D054,1,7,01 00 00 0F 03 54 D0,OK
2026-09-29T10:24:03.773Z,8355.127,RX,bus,-1,0011D054,1,5,01 00 00 54 D0,OK
2026-09-29T10:24:03.778Z,8359.912,RX,bus,-1,0001DAF1,1,7,01 00 00 0F 03 F1 DA,OK
2026-09-29T10:24:03.778Z,8360.156,RX,bus,-1,0011DAF1,1,5,01 00 00 F1 DA,OK
2026-09-29T10:24:03.783Z,8364.918,RX,bus,-1,00018CBE,1,7,01 00 00 0F 03 BE 8C,OK
2026-09-29T10:24:03.783Z,8365.160,RX,bus,-1,00118CBE,1,5,01 00 00 BE 8C,OK
2026-09-29T10:24:03.788Z,8369.918,RX,bus,-1,00013D4E,1,7,01 00 00 0F 03 4E 3D,OK
2026-09-29T10:24:03.788Z,8370.158,RX,bus,-1,00113D4E,1,5,01 00 00 4E 3D,OK
2026-09-29T10:24:03.793Z,8374.923,RX,bus,-1,00019601,1,7,01 00 00 0F 03 01 96,OK
2026-09-29T10:24:03.793Z,8375.158,RX,bus,-1,00119601,1,5,01 00 00 01 96,OK
2026-09-29T10:24:03.798Z,8379.919,RX,bus,-1,0001A4E5,1,7,01 00 00 0F 03 E5 A4,OK
2026-09-29T10:24:03.798Z,8380.158,RX,bus,-1,0011A4E5,1,5,01 00 00 E5 A4,OK
2026-09-29T10:24:03.803Z,8384.922,RX,bus,-1,0001007E,1,7,01 00 00 0F 03 7E 00,OK
2026-09-29T10:24:03.803Z,8385.158,RX,bus,-1,0011007E,1,5,01 00 00 7E 00,OK
2026-09-29T10:24:03.809Z,8390.051,RX,bus,-1,0001954C,1,7,01 00 00 0F 03 4C 95,OK
2026-09-29T10:24:03.809Z,8390.102,RX,bus,-1,0011954C,1,5,01 00 00 4C 95,OK
2026-09-29T10:24:03.814Z,8395.029,RX,bus,-1,00018C6F,1,7,01 00 00 0F 03 6F 8C,OK
2026-09-29T10:24:03.814Z,8395.110,RX,bus,-1,00118C6F,1,5,01 00 00 6F 8C,OK
2026-09-29T10:24:03.818Z,8399.908,RX,bus,-1,00019A46,1,7,01 00 00 0F 03 46 9A,OK
2026-09-29T10:24:03.818Z,8400.151,RX,bus,-1,00119A46,1,5,01 00 00 46 9A,OK
2026-09-29T10:24:03.823Z,8404.908,RX,bus,-1,000123D3,1,7,01 00 00 0F 03 D3 23,OK
2026-09-29T10:24:03.823Z,8405.155,RX,bus,-1,001123D3,1,5,01 00 00 D3 23,OK
2026-09-29T10:24:03.828Z,8409.923,RX,bus,-1,00018775,1,7,01 00 00 0F 03 75 87,OK
2026-09-29T10:24:03.828Z,8410.128,RX,bus,-1,00118775,1,5,01 00 00 75 87,OK
2026-09-29T10:24:03.833Z,8415.072,RX,bus,-1,0001AFD4,1,7,01 00 00 0F 03 D4 AF,OK
2026-09-29T10:24:03.833Z,8415.125,RX,bus,-1,0011AFD4,1,5,01 00 00 D4 AF,OK
2026-09-29T10:24:03.838Z,8419.961,RX,bus,-1,0001C986,1,7,01 00 00 0F 03 86 C9,OK
2026-09-29T10:24:03.838Z,8420.167,RX,bus,-1,0011C986,1,5,01 00 00 86 C9,OK
2026-09-29T10:24:03.843Z,8424.934,RX,bus,-1,0001AA1C,1,7,01 00 00 0F 03 1C AA,OK
2026-09-29T10:24:03.843Z,8425.142,RX,bus,-1,0011AA1C,1,5,01 00 00 1C AA,OK
2026-09-29T10:24:03.848Z,8429.911,RX,bus,-1,000100FF,1,7,01 00 00 0F 03 FF 00,OK
2026-09-29T10:24:03.848Z,8430.166,RX,bus,-1,001100FF,1,5,01 00 00 FF 00,OK
2026-09-29T10:24:03.853Z,8434.919,RX,bus,-1,0001266F,1,7,01 00 00 0F 03 6F 26,OK
2026-09-29T10:24:03.853Z,8435.169,RX,bus,-1,0011266F,1,5,01 00 00 6F 26,OK
2026-09-29T10:24:03.858Z,8439.917,RX,bus,-1,0001FD96,1,7,01 00 00 0F 03 96 FD,OK
2026-09-29T10:24:03.858Z,8440.161,RX,bus,-1,0011FD96,1,5,01 00 00 96 FD,OK
2026-09-29T10:24:03.863Z,8444.932,RX,bus,-1,0001C285,1,7,01 00 00 0F 03 85 C2,OK
2026-09-29T10:24:03.863Z,8445.143,RX,bus,-1,0011C285,1,5,01 00 00 85 C2,OK
2026-09-29T10:24:03.869Z,8450.048,RX,bus,-1,000105C3,1,7,01 00 00 0F 03 C3 05,OK
2026-09-29T10:24:03.869Z,8450.134,RX,bus,-1,001105C3,1,5,01 00 00 C3 05,OK
2026-09-29T10:24:03.874Z,8455.044,RX,bus,-1,000175FB,1,7,01 00 00 0F 03 FB 75,OK
2026-09-29T10:24:03.874Z,8455.099,RX,bus,-1,001175FB,1,5,01 00 00 FB 75,OK
2026-09-29T10:24:03.879Z,8460.040,RX,bus,-1,000104E2,1,7,01 00 00 0F 03 E2 04,OK
2026-09-29T10:24:03.879Z,8460.123,RX,bus,-1,001104E2,1,5,01 00 00 E2 04,OK
2026-09-29T10:24:03.884Z,8465.031,RX,bus,-1,000185D5,1,7,01 00 00 0F 03 D5 85,OK
2026-09-29T10:24:03.884Z,8465.089,RX,bus,-1,001185D5,1,5,01 00 00 D5 85,OK
2026-09-29T10:24:03.889Z,8470.058,RX,bus,-1,00014B23,1,7,01 00 00 0F 03 23 4B,OK
2026-09-29T10:24:03.889Z,8470.125,RX,bus,-1,00114B23,1,5,01 00 00 23 4B,OK
2026-09-29T10:24:03.894Z,8474.887,RX,bus,-1,000176E1,1,7,01 00 00 0F 03 E1 76,OK
2026-09-29T10:24:03.894Z,8475.130,RX,bus,-1,001176E1,1,5,01 00 00 E1 76,OK
2026-09-29T10:24:03.899Z,8480.062,RX,bus,-1,0001111A,1,7,01 00 00 0F 03 1A 11,OK
2026-09-29T10:24:03.899Z,8480.147,RX,bus,-1,0011111A,1,5,01 00 00 1A 11,OK
2026-09-29T10:24:03.904Z,8485.033,RX,bus,-1,00018804,1,7,01 00 00 0F 03 04 88,OK
2026-09-29T10:24:03.904Z,8485.087,RX,bus,-1,00118804,1,5,01 00 00 04 88,OK
2026-09-29T10:24:03.908Z,8490.037,RX,bus,-1,000139AE,1,7,01 00 00 0F 03 AE 39,OK
2026-09-29T10:24:03.909Z,8490.089,RX,bus,-1,001139AE,1,5,01 00 00 AE 39,OK
2026-09-29T10:24:03.913Z,8495.032,RX,bus,-1,00016530,1,7,01 00 00 0F 03 30 65,OK
2026-09-29T10:24:03.913Z,8495.084,RX,bus,-1,00116530,1,5,01 00 00 30 65,OK
2026-09-29T10:24:03.918Z,8499.919,RX,bus,-1,0001EFB6,1,7,01 00 00 0F 03 B6 EF,OK
2026-09-29T10:24:03.918Z,8500.136,RX,bus,-1,0011EFB6,1,5,01 00 00 B6 EF,OK
2026-09-29T10:24:03.923Z,8504.958,RX,bus,-1,00018193,1,7,01 00 00 0F 03 93 81,OK
2026-09-29T10:24:03.923Z,8505.132,RX,bus,-1,00118193,1,5,01 00 00 93 81,OK
2026-09-29T10:24:03.928Z,8509.900,RX,bus,-1,0001A184,1,7,01 00 00 0F 03 84 A1,OK
2026-09-29T10:24:03.928Z,8510.118,RX,bus,-1,0011A184,1,5,01 00 00 84 A1,OK
2026-09-29T10:24:03.933Z,8514.907,RX,bus,-1,0001074C,1,7,01 00 00 0F 03 4C 07,OK
2026-09-29T10:24:03.933Z,8515.137,RX,bus,-1,0011074C,1,5,01 00 00 4C 07,OK
2026-09-29T10:24:03.938Z,8519.963,RX,bus,-1,00015F36,1,7,01 00 00 0F 03 36 5F,OK
2026-09-29T10:24:03.938Z,8520.125,RX,bus,-1,00115F36,1,5,01 00 00 36 5F,OK
2026-09-29T10:24:03.943Z,8524.904,RX,bus,-1,0001B89B,1,7,01 00 00 0F 03 9B B8,OK
2026-09-29T10:24:03.943Z,8525.129,RX,bus,-1,0011B89B,1,5,01 00 00 9B B8,OK
2026-09-29T10:24:03.948Z,8529.969,RX,bus,-1,0001917A,1,7,01 00 00 0F 03 7A 91,OK
2026-09-29T10:24:03.948Z,8530.131,RX,bus,-1,0011917A,1,5,01 00 00 7A 91,OK
2026-09-29T10:24:03.953Z,8534.883,RX,bus,-1,00019A68,1,7,01 00 00 0F 03 68 9A,OK
2026-09-29T10:24:03.953Z,8535.138,RX,bus,-1,00119A68,1,5,01 00 00 68 9A,OK
2026-09-29T10:24:03.958Z,8539.916,RX,bus,-1,0001752C,1,7,01 00 00 0F 03 2C 75,OK
2026-09-29T10:24:03.958Z,8540.135,RX,bus,-1,0011752C,1,5,01 00 00 2C 75,OK
2026-09-29T10:24:03.963Z,8544.914,RX,bus,-1,0001B5A2,1,7,01 00 00 0F 03 A2 B5,OK
2026-09-29T10:24:03.963Z,8545.142,RX,bus,-1,0011B5A2,1,5,01 00 00 A2 B5,OK
2026-09-29T10:24:03.968Z,8549.934,RX,bus,-1,00012CFD,1,7,01 00 00 0F 03 FD 2C,OK
2026-09-29T10:24:03.968Z,8550.143,RX,bus,-1,00112CFD,1,5,01 00 00 FD 2C,OK
2026-09-29T10:24:03.973Z,8555.018,RX,bus,-1,000108B4,1,7,01 00 00 0F 03 B4 08,OK
2026-09-29T10:24:03.973Z,8555.083,RX,bus,-1,001108B4,1,5,01 00 00 B4 08,OK
2026-09-29T10:24:03.978Z,8559.888,RX,bus,-1,0001D0FA,1,7,01 00 00 0F 03 FA D0,OK
2026-09-29T10:24:03.978Z,8560.133,RX,bus,-1,0011D0FA,1,5,01 00 00 FA D0,OK
2026-09-29T10:24:03.983Z,8564.926,RX,bus,-1,0001C430,1,7,01 00 00 0F 03 30 C4,OK
2026-09-29T10:24:03.983Z,8565.134,RX,bus,-1,0011C430,1,5,01 00 00 30 C4,OK
2026-09-29T10:24:03.988Z,8570.016,RX,bus,-1,00016CB6,1,7,01 00 00 0F 03 B6 6C,OK
2026-09-29T10:24:03.988Z,8570.069,RX,bus,-1,00116CB6,1,5,01 00 00 B6 6C,OK
2026-09-29T10:24:03.993Z,8575.034,RX,bus,-1,0001E156,1,7,01 00 00 0F 03 56 E1,OK
2026-09-29T10:24:03.993Z,8575.086,RX,bus,-1,0011E156,1,5,01 00 00 56 E1,OK
2026-09-29T10:24:03.998Z,8580.003,RX,bus,-1,0001075B,1,7,01 00 00 0F 03 5B 07,OK
2026-09-29T10:24:03.998Z,8580.143,RX,bus,-1,0011075B,1,5,01 00 00 5B 07,OK
2026-09-29T10:24:04.003Z,8585.030,RX,bus,-1,00017B24,1,7,01 00 00 0F 03 24 7B,OK
2026-09-29T10:24:04.003Z,8585.083,RX,bus,-1,00117B24,1,5,01 00 00 24 7B,OK
2026-09-29T10:24:04.008Z,8590.053,RX,bus,-1,000105F1,1,7,01 00 00 0F 03 F1 05,OK
2026-09-29T10:24:04.008Z,8590.104,RX,bus,-1,001105F1,1,5,01 00 00 F1 05,OK
2026-09-29T10:24:04.013Z,8595.017,RX,bus,-1,00016E19,1,7,01 00 00 0F 03 19 6E,OK
2026-09-29T10:24:04.013Z,8595.068,RX,bus,-1,00116E19,1,5,01 00 00 19 6E,OK
2026-09-29T10:24:04.018Z,8599.885,RX,bus,-1,0001D2A3,1,7,01 00 00 0F 03 A3 D2,OK
2026-09-29T10:24:04.018Z,8600.131,RX,bus,-1,0011D2A3,1,5,01 00 00 A3 D2,OK
2026-09-29T10:24:04.023Z,8604.897,RX,bus,-1,000150C5,1,7,01 00 00 0F 03 C5 50,OK
2026-09-29T10:24:04.023Z,8605.134,RX,bus,-1,001150C5,1,5,01 00 00 C5 50,OK
2026-09-29T10:24:04.028Z,8609.892,RX,bus,-1,000118BD,1,7,01 00 00 0F 03 BD 18,OK
2026-09-29T10:24:04.028Z,8610.134,RX,bus,-1,001118BD,1,5,01 00 00 BD 18,OK
2026-09-29T10:24:04.033Z,8614.894,RX,bus,-1,0001C2E6,1,7,01 00 00 0F 03 E6 C2,OK
2026-09-29T10:24:04.033Z,8615.144,RX,bus,-1,0011C2E6,1,5,01 00 00 E6 C2,OK
2026-09-29T10:24:04.038Z,8619.896,RX,bus,-1,000183C5,1,7,01 00 00 0F 03 C5 83,OK
2026-09-29T10:24:04.038Z,8620.133,RX,bus,-1,001183C5,1,5,01 00 00 C5 83,OK
2026-09-29T10:24:04.043Z,8624.885,RX,bus,-1,00013E9B,1,7,01 00 00 0F 03 9B 3E,OK
2026-09-29T10:24:04.043Z,8625.139,RX,bus,-1,00113E9B,1,5,01 00 00 9B 3E,OK
2026-09-29T10:24:04.048Z,8630.002,RX,bus,-1,00012CD2,1,7,01 00 00 0F 03 D2 2C,OK
2026-09-29T10:24:04.048Z,8630.142,RX,bus,-1,00112CD2,1,5,01 00 00 D2 2C,OK
2026-09-29T10:24:04.053Z,8634.871,RX,bus,-1,0001CEF6,1,7,01 00 00 0F 03 F6 CE,OK
2026-09-29T10:24:04.053Z,8635.089,RX,bus,-1,0011CEF6,1,5,01 00 00 F6 CE,OK
2026-09-29T10:24:04.058Z,8640.143,RX,bus,-1,00013017,1,7,01 00 00 0F 03 17 30,OK
2026-09-29T10:24:04.058Z,8640.217,RX,bus,-1,00113017,1,5,01 00 00 17 30,OK
2026-09-29T10:24:04.063Z,8644.893,RX,bus,-1,000134FA,1,7,01 00 00 0F 03 FA 34,OK
2026-09-29T10:24:04.063Z,8645.136,RX,bus,-1,001134FA,1,5,01 00 00 FA 34,OK
2026-09-29T10:24:04.069Z,8650.096,RX,bus,-1,0001D936,1,7,01 00 00 0F 03 36 D9,OK
2026-09-29T10:24:04.069Z,8650.179,RX,bus,-1,0011D936,1,5,01 00 00 36 D9,OK
2026-09-29T10:24:04.073Z,8654.895,RX,bus,-1,00016BC3,1,7,01 00 00 0F 03 C3 6B,OK
2026-09-29T10:24:04.074Z,8655.150,RX,bus,-1,00116BC3,1,5,01 00 00 C3 6B,OK
2026-09-29T10:24:04.078Z,8659.877,RX,bus,-1,00012FD7,1,7,01 00 00 0F 03 D7 2F,OK
2026-09-29T10:24:04.079Z,8660.136,RX,bus,-1,00112FD7,1,5,01 00 00 D7 2F,OK
2026-09-29T10:24:04.084Z,8665.073,RX,bus,-1,0001B662,1,7,01 00 00 0F 03 62 B6,OK
2026-09-29T10:24:04.084Z,8665.139,RX,bus,-1,0011B662,1,5,01 00 00 62 B6,OK
2026-09-29T10:24:04.089Z,8670.049,RX,bus,-1,0001A29E,1,7,01 00 00 0F 03 9E A2,OK
2026-09-29T10:24:04.089Z,8670.101,RX,bus,-1,0011A29E,1,5,01 00 00 9E A2,OK
2026-09-29T10:24:04.094Z,8675.047,RX,bus,-1,000169C2,1,7,01 00 00 0F 03 C2 69,OK
2026-09-29T10:24:04.094Z,8675.098,RX,bus,-1,001169C2,1,5,01 00 00 C2 69,OK
2026-09-29T10:24:04.099Z,8680.037,RX,bus,-1,00012D6C,1,7,01 00 00 0F 03 6C 2D,OK
2026-09-29T10:24:04.099Z,8680.089,RX,bus,-1,00112D6C,1,5,01 00 00 6C 2D,OK
2026-09-29T10:24:04.104Z,8685.095,RX,bus,-1,00017289,1,7,01 00 00 0F 03 89 72,OK
2026-09-29T10:24:04.104Z,8685.179,RX,bus,-1,00117289,1,5,01 00 00 89 72,OK
2026-09-29T10:24:04.108Z,8689.931,RX,bus,-1,0001D495,1,7,01 00 00 0F 03 95 D4,OK
2026-09-29T10:24:04.108Z,8690.133,RX,bus,-1,0011D495,1,5,01 00 00 95 D4,OK
2026-09-29T10:24:04.113Z,8694.892,RX,bus,-1,0001B6D2,1,7,01 00 00 0F 03 D2 B6,OK
2026-09-29T10:24:04.113Z,8695.132,RX,bus,-1,0011B6D2,1,5,01 00 00 D2 B6,OK
2026-09-29T10:24:04.119Z,8700.037,RX,bus,-1,0001C16D,1,7,01 00 00 0F 03 6D C1,OK
2026-09-29T10:24:04.119Z,8700.088,RX,bus,-1,0011C16D,1,5,01 00 00 6D C1,OK
2026-09-29T10:24:04.124Z,8705.034,RX,bus,-1,0001BD34,1,7,01 00 00 0F 03 34 BD,OK
2026-09-29T10:24:04.124Z,8705.086,RX,bus,-1,0011BD34,1,5,01 00 00 34 BD,OK
2026-09-29T10:24:04.129Z,8710.033,RX,bus,-1,0001455D,1,7,01 00 00 0F 03 5D 45,OK
2026-09-29T10:24:04.129Z,8710.084,RX,bus,-1,0011455D,1,5,01 00 00 5D 45,OK
2026-09-29T10:24:04.134Z,8715.034,RX,bus,-1,00014272,1,7,01 00 00 0F 03 72 42,OK
2026-09-29T10:24:04.134Z,8715.119,RX,bus,-1,00114272,1,5,01 00 00 72 42,OK
2026-09-29T10:24:04.139Z,8720.033,RX,bus,-1,00018362,1,7,01 00 00 0F 03 62 83,OK
2026-09-29T10:24:04.139Z,8720.085,RX,bus,-1,00118362,1,5,01 00 00 62 83,OK
2026-09-29T10:24:04.144Z,8725.040,RX,bus,-1,00013CC9,1,7,01 00 00 0F 03 C9 3C,OK
2026-09-29T10:24:04.144Z,8725.126,RX,bus,-1,00113CC9,1,5,01 00 00 C9 3C,OK
2026-09-29T10:24:04.149Z,8730.033,RX,bus,-1,00012C98,1,7,01 00 00 0F 03 98 2C,OK
2026-09-29T10:24:04.149Z,8730.085,RX,bus,-1,00112C98,1,5,01 00 00 98 2C,OK
2026-09-29T10:24:04.154Z,8735.037,RX,bus,-1,00013BB5,1,7,01 00 00 0F 03 B5 3B,OK
2026-09-29T10:24:04.154Z,8735.121,RX,bus,-1,00113BB5,1,5,01 00 00 B5 3B,OK
2026-09-29T10:24:04.159Z,8740.037,RX,bus,-1,00016F4B,1,7,01 00 00 0F 03 4B 6F,OK
2026-09-29T10:24:04.159Z,8740.089,RX,bus,-1,00116F4B,1,5,01 00 00 4B 6F,OK
2026-09-29T10:24:04.163Z,8744.963,RX,bus,-1,000160A4,1,7,01 00 00 0F 03 A4 60,OK
2026-09-29T10:24:04.164Z,8745.132,RX,bus,-1,001160A4,1,5,01 00 00 A4 60,OK
2026-09-29T10:24:04.168Z,8749.883,RX,bus,-1,0001ECA5,1,7,01 00 00 0F 03 A5 EC,OK
2026-09-29T10:24:04.168Z,8750.096,RX,bus,-1,0011ECA5,1,5,01 00 00 A5 EC,OK
2026-09-29T10:24:04.173Z,8754.894,RX,bus,-1,0001FCF5,1,7,01 00 00 0F 03 F5 FC,OK
2026-09-29T10:24:04.173Z,8755.120,RX,bus,-1,0011FCF5,1,5,01 00 00 F5 FC,OK
2026-09-29T10:24:04.178Z,8759.900,RX,bus,-1,000147E4,1,7,01 00 00 0F 03 E4 47,OK
2026-09-29T10:24:04.178Z,8760.130,RX,bus,-1,001147E4,1,5,01 00 00 E4 47,OK
2026-09-29T10:24:04.183Z,8764.864,RX,bus,-1,0001FF2C,1,7,01 00 00 0F 03 2C FF,OK
2026-09-29T10:24:04.183Z,8765.142,RX,bus,-1,0011FF2C,1,5,01 00 00 2C FF,OK
2026-09-29T10:24:04.188Z,8769.912,RX,bus,-1,0001F2CA,1,7,01 00 00 0F 03 CA F2,OK
2026-09-29T10:24:04.188Z,8770.132,RX,bus,-1,0011F2CA,1,5,01 00 00 CA F2,OK
2026-09-29T10:24:04.193Z,8774.890,RX,bus,-1,00013548,1,7,01 00 00 0F 03 48 35,OK
2026-09-29T10:24:04.193Z,8775.148,RX,bus,-1,00113548,1,5,01 00 00 48 35,OK
2026-09-29T10:24:04.198Z,8779.899,RX,bus,-1,0001C9A5,1,7,01 00 00 0F 03 A5 C9,OK
2026-09-29T10:24:04.198Z,8780.143,RX,bus,-1,0011C9A5,1,5,01 00 00 A5 C9,OK
2026-09-29T10:24:04.203Z,8784.886,RX,bus,-1,0001DBA4,1,7,01 00 00 0F 03 A4 DB,OK
2026-09-29T10:24:04.203Z,8785.148,RX,bus,-1,0011DBA4,1,5,01 00 00 A4 DB,OK
2026-09-29T10:24:04.209Z,8790.116,RX,bus,-1,00016616,1,7,01 00 00 0F 03 16 66,OK
2026-09-29T10:24:04.209Z,8790.181,RX,bus,-1,00116616,1,5,01 00 00 16 66,OK
2026-09-29T10:24:04.214Z,8795.045,RX,bus,-1,0001F3B6,1,7,01 00 00 0F 03 B6 F3,OK
2026-09-29T10:24:04.214Z,8795.096,RX,bus,-1,0011F3B6,1,5,01 00 00 B6 F3,OK
2026-09-29T10:24:04.218Z,8800.044,RX,bus,-1,0001168A,1,7,01 00 00 0F 03 8A 16,OK
2026-09-29T10:24:04.219Z,8800.095,RX,bus,-1,0011168A,1,5,01 00 00 8A 16,OK
2026-09-29T10:24:04.223Z,8805.033,RX,bus,-1,000147C1,1,7,01 00 00 0F 03 C1 47,OK
2026-09-29T10:24:04.223Z,8805.086,RX,bus,-1,001147C1,1,5,01 00 00 C1 47,OK
2026-09-29T10:24:04.228Z,8810.031,RX,bus,-1,00011D03,1,7,01 00 00 0F 03 03 1D,OK
2026-09-29T10:24:04.228Z,8810.082,RX,bus,-1,00111D03,1,5,01 00 00 03 1D,OK
2026-09-29T10:24:04.233Z,8814.881,RX,bus,-1,00019C27,1,7,01 00 00 0F 03 27 9C,OK
2026-09-29T10:24:04.234Z,8815.163,RX,bus,-1,00119C27,1,5,01 00 00 27 9C,OK
2026-09-29T10:24:04.238Z,8820.039,RX,bus,-1,0001E298,1,7,01 00 00 0F 03 98 E2,OK
2026-09-29T10:24:04.239Z,8820.091,RX,bus,-1,0011E298,1,5,01 00 00 98 E2,OK
2026-09-29T10:24:04.243Z,8825.035,RX,bus,-1,000198FE,1,7,01 00 00 0F 03 FE 98,OK
2026-09-29T10:24:04.243Z,8825.086,RX,bus,-1,001198FE,1,5,01 00 00 FE 98,OK
2026-09-29T10:24:04.248Z,8830.037,RX,bus,-1,00015DDE,1,7,01 00 00 0F 03 DE 5D,OK
2026-09-29T10:24:04.249Z,8830.091,RX,bus,-1,00115DDE,1,5,01 00 00 DE 5D,OK
2026-09-29T10:24:04.253Z,8834.884,RX,bus,-1,0001261D,1,7,01 00 00 0F 03 1D 26,OK
2026-09-29T10:24:04.254Z,8835.124,RX,bus,-1,0011261D,1,5,01 00 00 1D 26,OK
2026-09-29T10:24:04.258Z,8840.053,RX,bus,-1,0001ED1A,1,7,01 00 00 0F 03 1A ED,OK
2026-09-29T10:24:04.259Z,8840.105,RX,bus,-1,0011ED1A,1,5,01 00 00 1A ED,OK
2026-09-29T10:24:04.263Z,8845.033,RX,bus,-1,0001D9B2,1,7,01 00 00 0F 03 B2 D9,OK
2026-09-29T10:24:04.263Z,8845.085,RX,bus,-1,0011D9B2,1,5,01 00 00 B2 D9,OK
2026-09-29T10:24:04.268Z,8849.874,RX,bus,-1,0001A1E6,1,7,01 00 00 0F 03 E6 A1,OK
2026-09-29T10:24:04.268Z,8850.119,RX,bus,-1,0011A1E6,1,5,01 00 00 E6 A1,OK
2026-09-29T10:24:04.273Z,8854.911,RX,bus,-1,00010926,1,7,01 00 00 0F 03 26 09,OK
2026-09-29T10:24:04.273Z,8855.110,RX,bus,-1,00110926,1,5,01 00 00 26 09,OK
2026-09-29T10:24:04.278Z,8859.895,RX,bus,-1,000132AE,1,7,01 00 00 0F 03 AE 32,OK
2026-09-29T10:24:04.278Z,8860.134,RX,bus,-1,001132AE,1,5,01 00 00 AE 32,OK
2026-09-29T10:24:04.283Z,8864.909,RX,bus,-1,000139DE,1,7,01 00 00 0F 03 DE 39,OK
2026-09-29T10:24:04.283Z,8865.131,RX,bus,-1,001139DE,1,5,01 00 00 DE 39,OK
2026-09-29T10:24:04.288Z,8869.900,RX,bus,-1,00018335,1,7,01 00 00 0F 03 35 83,OK
2026-09-29T10:24:04.288Z,8870.126,RX,bus,-1,00118335,1,5,01 00 00 35 83,OK
2026-09-29T10:24:04.293Z,8874.925,RX,bus,-1,00015B0F,1,7,01 00 00 0F 03 0F 5B,OK
2026-09-29T10:24:04.293Z,8875.107,RX,bus,-1,00115B0F,1,5,01 00 00 0F 5B,OK
2026-09-29T10:24:04.298Z,8879.896,RX,bus,-1,00014003,1,7,01 00 00 0F 03 03 40,OK
2026-09-29T10:24:04.298Z,8880.142,RX,bus,-1,00114003,1,5,01 00 00 03 40,OK
2026-09-29T10:24:04.303Z,8884.946,RX,bus,-1,0001AFC6,1,7,01 00 00 0F 03 C6 AF,OK
2026-09-29T10:24:04.303Z,8885.131,RX,bus,-1,0011AFC6,1,5,01 00 00 C6 AF,OK
2026-09-29T10:24:04.308Z,8890.052,RX,bus,-1,00016162,1,7,01 00 00 0F 03 62 61,OK
2026-09-29T10:24:04.308Z,8890.104,RX,bus,-1,00116162,1,5,01 00 00 62 61,OK
2026-09-29T10:24:04.313Z,8895.116,RX,bus,-1,0001D3D8,1,7,01 00 00 0F 03 D8 D3,OK
2026-09-29T10:24:04.313Z,8895.168,RX,bus,-1,0011D3D8,1,5,01 00 00 D8 D3,OK
2026-09-29T10:24:04.318Z,8900.122,RX,bus,-1,00019D5E,1,7,01 00 00 0F 03 5E 9D,OK
2026-09-29T10:24:04.318Z,8900.174,RX,bus,-1,00119D5E,1,5,01 00 00 5E 9D,OK
2026-09-29T10:24:04.323Z,8904.897,RX,bus,-1,00018446,1,7,01 00 00 0F 03 46 84,OK
2026-09-29T10:24:04.323Z,8905.115,RX,bus,-1,00118446,1,5,01 00 00 46 84,OK
2026-09-29T10:24:04.328Z,8909.918,RX,bus,-1,000160E2,1,7,01 00 00 0F 03 E2 60,OK
2026-09-29T10:24:04.328Z,8910.118,RX,bus,-1,001160E2,1,5,01 00 00 E2 60,OK
2026-09-29T10:24:04.333Z,8914.894,RX,bus,-1,0001EF6A,1,7,01 00 00 0F 03 6A EF,OK
2026-09-29T10:24:04.333Z,8915.146,RX,bus,-1,0011EF6A,1,5,01 00 00 6A EF,OK
2026-09-29T10:24:04.338Z,8920.140,RX,bus,-1,0001F6E1,1,7,01 00 00 0F 03 E1 F6,OK
2026-09-29T10:24:04.338Z,8920.193,RX,bus,-1,0011F6E1,1,5,01 00 00 E1 F6,OK
2026-09-29T10:24:04.343Z,8924.885,RX,bus,-1,0001EAE0,1,7,01 00 00 0F 03 E0 EA,OK
2026-09-29T10:24:04.343Z,8925.109,RX,bus,-1,0011EAE0,1,5,01 00 00 E0 EA,OK
2026-09-29T10:24:04.348Z,8929.900,RX,bus,-1,00012132,1,7,01 00 00 0F 03 32 21,OK
2026-09-29T10:24:04.348Z,8930.117,RX,bus,-1,00112132,1,5,01 00 00 32 21,OK
2026-09-29T10:24:04.353Z,8934.886,RX,bus,-1,0001F509,1,7,01 00 00 0F 03 09 F5,OK
2026-09-29T10:24:04.353Z,8935.142,RX,bus,-1,0011F509,1,5,01 00 00 09 F5,OK
2026-09-29T10:24:04.358Z,8939.895,RX,bus,-1,0001858A,1,7,01 00 00 0F 03 8A 85,OK
2026-09-29T10:24:04.358Z,8940.141,RX,bus,-1,0011858A,1,5,01 00 00 8A 85,OK
2026-09-29T10:24:04.363Z,8944.893,RX,bus,-1,00017997,1,7,01 00 00 0F 03 97 79,OK
2026-09-29T10:24:04.363Z,8945.132,RX,bus,-1,00117997,1,5,01 00 00 97 79,OK
2026-09-29T10:24:04.369Z,8950.098,RX,bus,-1,00018DB5,1,7,01 00 00 0F 03 B5 8D,OK
2026-09-29T10:24:04.369Z,8950.183,RX,bus,-1,00118DB5,1,5,01 00 00 B5 8D,OK
2026-09-29T10:24:04.374Z,8955.087,RX,bus,-1,00010089,1,7,01 00 00 0F 03 89 00,OK
2026-09-29T10:24:04.374Z,8955.157,RX,bus,-1,00110089,1,5,01 00 00 89 00,OK
2026-09-29T10:24:04.379Z,8960.096,RX,bus,-1,000158FC,1,7,01 00 00 0F 03 FC 58,OK
2026-09-29T10:24:04.379Z,8960.183,RX,bus,-1,001158FC,1,5,01 00 00 FC 58,OK
2026-09-29T10:24:04.384Z,8965.034,RX,bus,-1,0001DC7F,1,7,01 00 00 0F 03 7F DC,OK
2026-09-29T10:24:04.384Z,8965.086,RX,bus,-1,0011DC7F,1,5,01 00 00 7F DC,OK
2026-09-29T10:24:04.389Z,8970.053,RX,bus,-1,0001A95D,1,7,01 00 00 0F 03 5D A9,OK
2026-09-29T10:24:04.389Z,8970.104,RX,bus,-1,0011A95D,1,5,01 00 00 5D A9,OK
2026-09-29T10:24:04.394Z,8975.044,RX,bus,-1,00012143,1,7,01 00 00 0F 03 43 21,OK
2026-09-29T10:24:04.394Z,8975.095,RX,bus,-1,00112143,1,5,01 00 00 43 21,OK
2026-09-29T10:24:04.399Z,8980.039,RX,bus,-1,0001B1FF,1,7,01 00 00 0F 03 FF B1,OK
2026-09-29T10:24:04.399Z,8980.141,RX,bus,-1,0011B1FF,1,5,01 00 00 FF B1,OK
2026-09-29T10:24:04.404Z,8985.036,RX,bus,-1,0001450F,1,7,01 00 00 0F 03 0F 45,OK
2026-09-29T10:24:04.404Z,8985.089,RX,bus,-1,0011450F,1,5,01 00 00 0F 45,OK
2026-09-29T10:24:04.408Z,8990.028,RX,bus,-1,0001710B,1,7,01 00 00 0F 03 0B 71,OK
2026-09-29T10:24:04.408Z,8990.083,RX,bus,-1,0011710B,1,5,01 00 00 0B 71,OK
2026-09-29T10:24:04.413Z,8994.945,RX,bus,-1,00015AC6,1,7,01 00 00 0F 03 C6 5A,OK
2026-09-29T10:24:04.413Z,8995.120,RX,bus,-1,00115AC6,1,5,01 00 00 C6 5A,OK
2026-09-29T10:24:04.418Z,8999.988,RX,bus,-1,000135C8,1,7,01 00 00 0F 03 C8 35,OK
2026-09-29T10:24:04.418Z,9000.131,RX,bus,-1,001135C8,1,5,01 00 00 C8 35,OK
2026-09-29T10:24:04.423Z,9004.888,RX,bus,-1,0001113C,1,7,01 00 00 0F 03 3C 11,OK
2026-09-29T10:24:04.423Z,9005.132,RX,bus,-1,0011113C,1,5,01 00 00 3C 11,OK
2026-09-29T10:24:04.428Z,9009.883,RX,bus,-1,0001A0B6,1,7,01 00 00 0F 03 B6 A0,OK
2026-09-29T10:24:04.428Z,9010.129,RX,bus,-1,0011A0B6,1,5,01 00 00 B6 A0,OK
2026-09-29T10:24:04.433Z,9014.897,RX,bus,-1,0001BB4D,1,7,01 00 00 0F 03 4D BB,OK
2026-09-29T10:24:04.433Z,9015.130,RX,bus,-1,0011BB4D,1,5,01 00 00 4D BB,OK
2026-09-29T10:24:04.438Z,9019.883,RX,bus,-1,00015DF9,1,7,01 00 00 0F 03 F9 5D,OK
2026-09-29T10:24:04.438Z,9020.138,RX,bus,-1,00115DF9,1,5,01 00 00 F9 5D,OK
2026-09-29T10:24:04.443Z,9024.892,RX,bus,-1,00014646,1,7,01 00 00 0F 03 46 46,OK
2026-09-29T10:24:04.443Z,9025.131,RX,bus,-1,00114646,1,5,01 00 00 46 46,OK
2026-09-29T10:24:04.448Z,9029.888,RX,bus,-1,00017F4D,1,7,01 00 00 0F 03 4D 7F,OK
2026-09-29T10:24:04.448Z,9030.131,RX,bus,-1,00117F4D,1,5,01 00 00 4D 7F,OK
2026-09-29T10:24:04.453Z,9034.891,RX,bus,-1,00016FF3,1,7,01 00 00 0F 03 F3 6F,OK
2026-09-29T10:24:04.453Z,9035.132,RX,bus,-1,00116FF3,1,5,01 00 00 F3 6F,OK
2026-09-29T10:24:04.458Z,9039.894,RX,bus,-1,0001B566,1,7,01 00 00 0F 03 66 B5,OK
2026-09-29T10:24:04.458Z,9040.131,RX,bus,-1,0011B566,1,5,01 00 00 66 B5,OK
2026-09-29T10:24:04.463Z,9044.898,RX,bus,-1,0001374F,1,7,01 00 00 0F 03 4F 37,OK
2026-09-29T10:24:04.463Z,9045.101,RX,bus,-1,0011374F,1,5,01 00 00 4F 37,OK
2026-09-29T10:24:04.469Z,9050.108,RX,bus,-1,0001A95D,1,7,01 00 00 0F 03 5D A9,OK
2026-09-29T10:24:04.469Z,9050.171,RX,bus,-1,0011A95D,1,5,01 00 00 5D A9,OK
2026-09-29T10:24:04.474Z,9055.083,RX,bus,-1,0001CAA7,1,7,01 00 00 0F 03 A7 CA,OK
2026-09-29T10:24:04.474Z,9055.153,RX,bus,-1,0011CAA7,1,5,01 00 00 A7 CA,OK
2026-09-29T10:24:04.479Z,9060.082,RX,bus,-1,0001359C,1,7,01 00 00 0F 03 9C 35,OK
2026-09-29T10:24:04.479Z,9060.152,RX,bus,-1,0011359C,1,5,01 00 00 9C 35,OK
2026-09-29T10:24:04.484Z,9065.041,RX,bus,-1,000103B0,1,7,01 00 00 0F 03 B0 03,OK
2026-09-29T10:24:04.484Z,9065.091,RX,bus,-1,001103B0,1,5,01 00 00 B0 03,OK
2026-09-29T10:24:04.489Z,9070.116,RX,bus,-1,00010271,1,7,01 00 00 0F 03 71 02,OK
2026-09-29T10:24:04.489Z,9070.183,RX,bus,-1,00110271,1,5,01 00 00 71 02,OK
2026-09-29T10:24:04.494Z,9075.048,RX,bus,-1,000165E0,1,7,01 00 00 0F 03 E0 65,OK
2026-09-29T10:24:04.494Z,9075.145,RX,bus,-1,001165E0,1,5,01 00 00 E0 65,OK
2026-09-29T10:24:04.499Z,9080.041,RX,bus,-1,00018122,1,7,01 00 00 0F 03 22 81,OK
2026-09-29T10:24:04.499Z,9080.136,RX,bus,-1,00118122,1,5,01 00 00 22 81,OK
2026-09-29T10:24:04.504Z,9085.052,RX,bus,-1,0001310B,1,7,01 00 00 0F 03 0B 31,OK
2026-09-29T10:24:04.504Z,9085.102,RX,bus,-1,0011310B,1,5,01 00 00 0B 31,OK
2026-09-29T10:24:04.508Z,9090.042,RX,bus,-1,0001513C,1,7,01 00 00 0F 03 3C 51,OK
2026-09-29T10:24:04.508Z,9090.091,RX,bus,-1,0011513C,1,5,01 00 00 3C 51,OK
2026-09-29T10:24:04.513Z,9094.891,RX,bus,-1,00011A10,1,7,01 00 00 0F 03 10 1A,OK
2026-09-29T10:24:04.513Z,9095.137,RX,bus,-1,00111A10,1,5,01 00 00 10 1A,OK
2026-09-29T10:24:04.518Z,9099.894,RX,bus,-1,00014E7C,1,7,01 00 00 0F 03 7C 4E,OK
2026-09-29T10:24:04.518Z,9100.144,RX,bus,-1,00114E7C,1,5,01 00 00 7C 4E,OK
2026-09-29T10:24:04.523Z,9104.891,RX,bus,-1,00013D1E,1,7,01 00 00 0F 03 1E 3D,OK
2026-09-29T10:24:04.523Z,9105.113,RX,bus,-1,00113D1E,1,5,01 00 00 1E 3D,OK
2026-09-29T10:24:04.528Z,9109.853,RX,bus,-1,00014678,1,7,01 00 00 0F 03 78 46,OK
2026-09-29T10:24:04.528Z,9110.126,RX,bus,-1,00114678,1,5,01 00 00 78 46,OK
2026-09-29T10:24:04.533Z,9114.894,RX,bus,-1,00011CD8,1,7,01 00 00 0F 03 D8 1C,OK
2026-09-29T10:24:04.533Z,9115.138,RX,bus,-1,00111CD8,1,5,01 00 00 D8 1C,OK
2026-09-29T10:24:04.538Z,9119.912,RX,bus,-1,0001A7F3,1,7,01 00 00 0F 03 F3 A7,OK
2026-09-29T10:24:04.538Z,9120.148,RX,bus,-1,0011A7F3,1,5,01 00 00 F3 A7,OK
2026-09-29T10:24:04.543Z,9124.871,RX,bus,-1,00011F5D,1,7,01 00 00 0F 03 5D 1F,OK
2026-09-29T10:24:04.543Z,9125.109,RX,bus,-1,00111F5D,1,5,01 00 00 5D 1F,OK
2026-09-29T10:24:04.548Z,9129.881,RX,bus,-1,00011A8B,1,7,01 00 00 0F 03 8B 1A,OK
2026-09-29T10:24:04.548Z,9130.133,RX,bus,-1,00111A8B,1,5,01 00 00 8B 1A,OK
2026-09-29T10:24:04.553Z,9134.858,RX,bus,-1,00011600,1,7,01 00 00 0F 03 00 16,OK
2026-09-29T10:24:04.553Z,9135.130,RX,bus,-1,00111600,1,5,01 00 00 00 16,OK
2026-09-29T10:24:04.558Z,9139.890,RX,bus,-1,00013816,1,7,01 00 00 0F 03 16 38,OK
2026-09-29T10:24:04.558Z,9140.136,RX,bus,-1,00113816,1,5,01 00 00 16 38,OK
2026-09-29T10:24:04.563Z,9144.887,RX,bus,-1,0001DE3D,1,7,01 00 00 0F 03 3D DE,OK
2026-09-29T10:24:04.563Z,9145.132,RX,bus,-1,0011DE3D,1,5,01 00 00 3D DE,OK
2026-09-29T10:24:04.567Z,9150.033,RX,bus,-1,000181EE,1,7,01 00 00 0F 03 EE 81,OK
2026-09-29T10:24:04.569Z,9150.085,RX,bus,-1,001181EE,1,5,01 00 00 EE 81,OK
2026-09-29T10:24:04.573Z,9155.037,RX,bus,-1,00011E24,1,7,01 00 00 0F 03 24 1E,OK
2026-09-29T10:24:04.574Z,9155.089,RX,bus,-1,00111E24,1,5,01 00 00 24 1E,OK
2026-09-29T10:24:04.578Z,9160.033,RX,bus,-1,0001AAFF,1,7,01 00 00 0F 03 FF AA,OK
2026-09-29T10:24:04.579Z,9160.085,RX,bus,-1,0011AAFF,1,5,01 00 00 FF AA,OK
2026-09-29T10:24:04.583Z,9165.038,RX,bus,-1,00013450,1,7,01 00 00 0F 03 50 34,OK
2026-09-29T10:24:04.584Z,9165.090,RX,bus,-1,00113450,1,5,01 00 00 50 34,OK
2026-09-29T10:24:04.588Z,9170.035,RX,bus,-1,00016C4D,1,7,01 00 00 0F 03 4D 6C,OK
2026-09-29T10:24:04.589Z,9170.087,RX,bus,-1,00116C4D,1,5,01 00 00 4D 6C,OK
2026-09-29T10:24:04.593Z,9175.033,RX,bus,-1,0001DF2E,1,7,01 00 00 0F 03 2E DF,OK
2026-09-29T10:24:04.593Z,9175.085,RX,bus,-1,0011DF2E,1,5,01 00 00 2E DF,OK
2026-09-29T10:24:04.598Z,9180.033,RX,bus,-1,0001E855,1,7,01 00 00 0F 03 55 E8,OK
2026-09-29T10:24:04.598Z,9180.084,RX,bus,-1,0011E855,1,5,01 00 00 55 E8,OK
2026-09-29T10:24:04.603Z,9185.033,RX,bus,-1,00010515,1,7,01 00 00 0F 03 15 05,OK
2026-09-29T10:24:04.603Z,9185.084,RX,bus,-1,00110515,1,5,01 00 00 15 05,OK
2026-09-29T10:24:04.608Z,9189.985,RX,bus,-1,0001DA6D,1,7,01 00 00 0F 03 6D DA,OK
2026-09-29T10:24:04.608Z,9190.036,RX,bus,-1,0011DA6D,1,5,01 00 00 6D DA,OK
2026-09-29T10:24:04.613Z,9194.881,RX,bus,-1,00019E87,1,7,01 00 00 0F 03 87 9E,OK
2026-09-29T10:24:04.613Z,9195.146,RX,bus,-1,00119E87,1,5,01 00 00 87 9E,OK
2026-09-29T10:24:04.618Z,9199.931,RX,bus,-1,00017E14,1,7,01 00 00 0F 03 14 7E,OK
2026-09-29T10:24:04.618Z,9200.149,RX,bus,-1,00117E14,1,5,01 00 00 14 7E,OK
2026-09-29T10:24:04.623Z,9204.842,RX,bus,-1,0001F58C,1,7,01 00 00 0F 03 8C F5,OK
2026-09-29T10:24:04.623Z,9205.133,RX,bus,-1,0011F58C,1,5,01 00 00 8C F5,OK
2026-09-29T10:24:04.628Z,9209.887,RX,bus,-1,0001AAD0,1,7,01 00 00 0F 03 D0 AA,OK
2026-09-29T10:24:04.628Z,9210.129,RX,bus,-1,0011AAD0,1,5,01 00 00 D0 AA,OK
2026-09-29T10:24:04.633Z,9214.824,RX,bus,-1,0001450B,1,7,01 00 00 0F 03 0B 45,OK
2026-09-29T10:24:04.633Z,9215.083,RX,bus,-1,0011450B,1,5,01 00 00 0B 45,OK
2026-09-29T10:24:04.638Z,9219.820,RX,bus,-1,0001D00E,1,7,01 00 00 0F 03 0E D0,OK
2026-09-29T10:24:04.638Z,9220.092,RX,bus,-1,0011D00E,1,5,01 00 00 0E D0,OK
2026-09-29T10:24:04.643Z,9224.831,RX,bus,-1,0001FC8B,1,7,01 00 00 0F 03 8B FC,OK
2026-09-29T10:24:04.643Z,9225.125,RX,bus,-1,0011FC8B,1,5,01 00 00 8B FC,OK
2026-09-29T10:24:04.648Z,9229.893,RX,bus,-1,0001691A,1,7,01 00 00 0F 03 1A 69,OK
2026-09-29T10:24:04.648Z,9230.144,RX,bus,-1,0011691A,1,5,01 00 00 1A 69,OK
2026-09-29T10:24:04.653Z,9234.885,RX,bus,-1,000180C0,1,7,01 00 00 0F 03 C0 80,OK
2026-09-29T10:24:04.653Z,9235.140,RX,bus,-1,001180C0,1,5,01 00 00 C0 80,OK
2026-09-29T10:24:04.658Z,9239.851,RX,bus,-1,0001842F,1,7,01 00 00 0F 03 2F 84,OK
2026-09-29T10:24:04.658Z,9240.088,RX,bus,-1,0011842F,1,5,01 00 00 2F 84,OK
2026-09-29T10:24:04.663Z,9244.855,RX,bus,-1,0001FED3,1,7,01 00 00 0F 03 D3 FE,OK
2026-09-29T10:24:04.663Z,9245.094,RX,bus,-1,0011FED3,1,5,01 00 00 D3 FE,OK
2026-09-29T10:24:04.668Z,9249.996,RX,bus,-1,00012031,1,7,01 00 00 0F 03 31 20,OK
2026-09-29T10:24:04.668Z,9250.047,RX,bus,-1,00112031,1,5,01 00 00 31 20,OK
2026-09-29T10:24:04.673Z,9255.033,RX,bus,-1,0001C845,1,7,01 00 00 0F 03 45 C8,OK
2026-09-29T10:24:04.674Z,9255.085,RX,bus,-1,0011C845,1,5,01 00 00 45 C8,OK
2026-09-29T10:24:04.678Z,9259.988,RX,bus,-1,0001C784,1,7,01 00 00 0F 03 84 C7,OK
2026-09-29T10:24:04.678Z,9260.039,RX,bus,-1,0011C784,1,5,01 00 00 84 C7,OK
2026-09-29T10:24:04.683Z,9265.032,RX,bus,-1,000142E0,1,7,01 00 00 0F 03 E0 42,OK
2026-09-29T10:24:04.684Z,9265.083,RX,bus,-1,001142E0,1,5,01 00 00 E0 42,OK
2026-09-29T10:24:04.688Z,9270.012,RX,bus,-1,00013326,1,7,01 00 00 0F 03 26 33,OK
2026-09-29T10:24:04.688Z,9270.064,RX,bus,-1,00113326,1,5,01 00 00 26 33,OK
2026-09-29T10:24:04.693Z,9274.985,RX,bus,-1,0001680B,1,7,01 00 00 0F 03 0B 68,OK
2026-09-29T10:24:04.693Z,9275.040,RX,bus,-1,0011680B,1,5,01 00 00 0B 68,OK
2026-09-29T10:24:04.698Z,9279.973,RX,bus,-1,000197F9,1,7,01 00 00 0F 03 F9 97,OK
2026-09-29T10:24:04.698Z,9280.025,RX,bus,-1,001197F9,1,5,01 00 00 F9 97,OK
2026-09-29T10:24:04.703Z,9284.982,RX,bus,-1,00012083,1,7,01 00 00 0F 03 83 20,OK
2026-09-29T10:24:04.703Z,9285.034,RX,bus,-1,00112083,1,5,01 00 00 83 20,OK
2026-09-29T10:24:04.708Z,9289.953,RX,bus,-1,000110D6,1,7,01 00 00 0F 03 D6 10,OK
2026-09-29T10:24:04.708Z,9290.092,RX,bus,-1,001110D6,1,5,01 00 00 D6 10,OK
2026-09-29T10:24:04.713Z,9294.847,RX,bus,-1,00019945,1,7,01 00 00 0F 03 45 99,OK
2026-09-29T10:24:04.713Z,9295.090,RX,bus,-1,00119945,1,5,01 00 00 45 99,OK
2026-09-29T10:24:04.719Z,9299.905,RX,bus,-1,000116E4,1,7,01 00 00 0F 03 E4 16,OK
2026-09-29T10:24:04.719Z,9300.077,RX,bus,-1,001116E4,1,5,01 00 00 E4 16,OK
2026-09-29T10:24:04.724Z,9305.319,RX,bus,-1,00018030,1,7,01 00 00 0F 03 30 80,OK
2026-09-29T10:24:04.724Z,9305.411,RX,bus,-1,00118030,1,5,01 00 00 30 80,OK
2026-09-29T10:24:04.729Z,9309.852,RX,bus,-1,00012A4F,1,7,01 00 00 0F 03 4F 2A,OK
2026-09-29T10:24:04.729Z,9310.090,RX,bus,-1,00112A4F,1,5,01 00 00 4F 2A,OK
2026-09-29T10:24:04.734Z,9314.898,RX,bus,-1,000196A0,1,7,01 00 00 0F 03 A0 96,OK
2026-09-29T10:24:04.734Z,9315.051,RX,bus,-1,001196A0,1,5,01 00 00 A0 96,OK
2026-09-29T10:24:04.739Z,9320.312,RX,bus,-1,0001E845,1,7,01 00 00 0F 03 45 E8,OK
2026-09-29T10:24:04.739Z,9320.410,RX,bus,-1,0011E845,1,5,01 00 00 45 E8,OK
2026-09-29T10:24:04.744Z,9325.271,RX,bus,-1,00016A17,1,7,01 00 00 0F 03 17 6A,OK
2026-09-29T10:24:04.744Z,9325.362,RX,bus,-1,00116A17,1,5,01 00 00 17 6A,OK
2026-09-29T10:24:04.749Z,9330.232,RX,bus,-1,0001A7F2,1,7,01 00 00 0F 03 F2 A7,OK
2026-09-29T10:24:04.749Z,9330.324,RX,bus,-1,0011A7F2,1,5,01 00 00 F2 A7,OK
2026-09-29T10:24:04.754Z,9335.334,RX,bus,-1,00019EB2,1,7,01 00 00 0F 03 B2 9E,OK
2026-09-29T10:24:04.754Z,9335.437,RX,bus,-1,00119EB2,1,5,01 00 00 B2 9E,OK
2026-09-29T10:24:04.759Z,9340.043,RX,bus,-1,00017ACA,1,7,01 00 00 0F 03 CA 7A,OK
2026-09-29T10:24:04.759Z,9340.129,RX,bus,-1,00117ACA,1,5,01 00 00 CA 7A,OK
2026-09-29T10:24:04.764Z,9344.955,RX,bus,-1,000194F4,1,7,01 00 00 0F 03 F4 94,OK
2026-09-29T10:24:04.764Z,9345.000,RX,bus,-1,001194F4,1,5,01 00 00 F4 94,OK
2026-09-29T10:24:04.768Z,9349.943,RX,bus,-1,0001395C,1,7,01 00 00 0F 03 5C 39,OK
2026-09-29T10:24:04.768Z,9350.032,RX,bus,-1,0011395C,1,5,01 00 00 5C 39,OK
2026-09-29T10:24:04.773Z,9354.804,RX,bus,-1,00010832,1,7,01 00 00 0F 03 32 08,OK
2026-09-29T10:24:04.773Z,9355.026,RX,bus,-1,00110832,1,5,01 00 00 32 08,OK
2026-09-29T10:24:04.778Z,9359.808,RX,bus,-1,00013894,1,7,01 00 00 0F 03 94 38,OK
2026-09-29T10:24:04.778Z,9360.038,RX,bus,-1,00113894,1,5,01 00 00 94 38,OK
2026-09-29T10:24:04.783Z,9364.806,RX,bus,-1,000108A5,1,7,01 00 00 0F 03 A5 08,OK
2026-09-29T10:24:04.783Z,9365.034,RX,bus,-1,001108A5,1,5,01 00 00 A5 08,OK
2026-09-29T10:24:04.788Z,9369.884,RX,bus,-1,0001FC05,1,7,01 00 00 0F 03 05 FC,OK
2026-09-29T10:24:04.788Z,9370.026,RX,bus,-1,0011FC05,1,5,01 00 00 05 FC,OK
2026-09-29T10:24:04.793Z,9374.796,RX,bus,-1,00015FEC,1,7,01 00 00 0F 03 EC 5F,OK
2026-09-29T10:24:04.793Z,9375.038,RX,bus,-1,00115FEC,1,5,01 00 00 EC 5F,OK
2026-09-29T10:24:04.798Z,9379.802,RX,bus,-1,000118BA,1,7,01 00 00 0F 03 BA 18,OK
2026-09-29T10:24:04.798Z,9380.039,RX,bus,-1,001118BA,1,5,01 00 00 BA 18,OK
2026-09-29T10:24:04.803Z,9384.799,RX,bus,-1,00019080,1,7,01 00 00 0F 03 80 90,OK
2026-09-29T10:24:04.803Z,9385.036,RX,bus,-1,00119080,1,5,01 00 00 80 90,OK
2026-09-29T10:24:04.808Z,9389.808,RX,bus,-1,000138A4,1,7,01 00 00 0F 03 A4 38,OK
2026-09-29T10:24:04.808Z,9390.028,RX,bus,-1,001138A4,1,5,01 00 00 A4 38,OK
2026-09-29T10:24:04.813Z,9394.921,RX,bus,-1,00016071,1,7,01 00 00 0F 03 71 60,OK
2026-09-29T10:24:04.813Z,9395.036,RX,bus,-1,00116071,1,5,01 00 00 71 60,OK
2026-09-29T10:24:04.819Z,9399.977,RX,bus,-1,0001A991,1,7,01 00 00 0F 03 91 A9,OK
2026-09-29T10:24:04.819Z,9400.022,RX,bus,-1,0011A991,1,5,01 00 00 91 A9,OK
2026-09-29T10:24:04.824Z,9404.952,RX,bus,-1,00016161,1,7,01 00 00 0F 03 61 61,OK
2026-09-29T10:24:04.824Z,9405.038,RX,bus,-1,00116161,1,5,01 00 00 61 61,OK
2026-09-29T10:24:04.829Z,9409.962,RX,bus,-1,00012F59,1,7,01 00 00 0F 03 59 2F,OK
2026-09-29T10:24:04.829Z,9410.044,RX,bus,-1,00112F59,1,5,01 00 00 59 2F,OK
2026-09-29T10:24:04.834Z,9414.906,RX,bus,-1,00012391,1,7,01 00 00 0F 03 91 23,OK
2026-09-29T10:24:04.834Z,9415.034,RX,bus,-1,00112391,1,5,01 00 00 91 23,OK
2026-09-29T10:24:04.839Z,9419.954,RX,bus,-1,000193A8,1,7,01 00 00 0F 03 A8 93,OK
2026-09-29T10:24:04.839Z,9420.038,RX,bus,-1,001193A8,1,5,01 00 00 A8 93,OK
2026-09-29T10:24:04.844Z,9424.953,RX,bus,-1,0001AB85,1,7,01 00 00 0F 03 85 AB,OK
2026-09-29T10:24:04.844Z,9425.048,RX,bus,-1,0011AB85,1,5,01 00 00 85 AB,OK
2026-09-29T10:24:04.849Z,9429.952,RX,bus,-1,0001EE88,1,7,01 00 00 0F 03 88 EE,OK
2026-09-29T10:24:04.849Z,9429.994,RX,bus,-1,0011EE88,1,5,01 00 00 88 EE,OK
2026-09-29T10:24:04.854Z,9434.958,RX,bus,-1,0001FD89,1,7,01 00 00 0F 03 89 FD,OK
2026-09-29T10:24:04.854Z,9435.032,RX,bus,-1,0011FD89,1,5,01 00 00 89 FD,OK
2026-09-29T10:24:04.859Z,9439.950,RX,bus,-1,0001C595,1,7,01 00 00 0F 03 95 C5,OK
2026-09-29T10:24:04.859Z,9440.028,RX,bus,-1,0011C595,1,5,01 00 00 95 C5,OK
2026-09-29T10:24:04.864Z,9444.954,RX,bus,-1,00010C19,1,7,01 00 00 0F 03 19 0C,OK
2026-09-29T10:24:04.864Z,9445.078,RX,bus,-1,00110C19,1,5,01 00 00 19 0C,OK
2026-09-29T10:24:04.868Z,9449.943,RX,bus,-1,00012C86,1,7,01 00 00 0F 03 86 2C,OK
2026-09-29T10:24:04.868Z,9450.026,RX,bus,-1,00112C86,1,5,01 00 00 86 2C,OK
2026-09-29T10:24:04.873Z,9454.810,RX,bus,-1,0001D1FB,1,7,01 00 00 0F 03 FB D1,OK
2026-09-29T10:24:04.873Z,9455.035,RX,bus,-1,0011D1FB,1,5,01 00 00 FB D1,OK
2026-09-29T10:24:04.878Z,9459.800,RX,bus,-1,0001EC71,1,7,01 00 00 0F 03 71 EC,OK
2026-09-29T10:24:04.878Z,9460.047,RX,bus,-1,0011EC71,1,5,01 00 00 71 EC,OK
2026-09-29T10:24:04.883Z,9464.818,RX,bus,-1,00014E90,1,7,01 00 00 0F 03 90 4E,OK
2026-09-29T10:24:04.883Z,9465.042,RX,bus,-1,00114E90,1,5,01 00 00 90 4E,OK
2026-09-29T10:24:04.888Z,9469.822,RX,bus,-1,00010FF5,1,7,01 00 00 0F 03 F5 0F,OK
2026-09-29T10:24:04.888Z,9470.028,RX,bus,-1,00110FF5,1,5,01 00 00 F5 0F,OK
2026-09-29T10:24:04.893Z,9474.792,RX,bus,-1,0001E6A1,1,7,01 00 00 0F 03 A1 E6,OK
2026-09-29T10:24:04.893Z,9475.026,RX,bus,-1,0011E6A1,1,5,01 00 00 A1 E6,OK
2026-09-29T10:24:04.898Z,9479.820,RX,bus,-1,00019524,1,7,01 00 00 0F 03 24 95,OK
2026-09-29T10:24:04.898Z,9480.028,RX,bus,-1,00119524,1,5,01 00 00 24 95,OK
2026-09-29T10:24:04.903Z,9484.785,RX,bus,-1,0001CDB7,1,7,01 00 00 0F 03 B7 CD,OK
2026-09-29T10:24:04.903Z,9485.028,RX,bus,-1,0011CDB7,1,5,01 00 00 B7 CD,OK
2026-09-29T10:24:04.908Z,9489.793,RX,bus,-1,0001EEEE,1,7,01 00 00 0F 03 EE EE,OK
2026-09-29T10:24:04.908Z,9490.025,RX,bus,-1,0011EEEE,1,5,01 00 00 EE EE,OK
2026-09-29T10:24:04.913Z,9494.976,RX,bus,-1,000117C0,1,7,01 00 00 0F 03 C0 17,OK
2026-09-29T10:24:04.913Z,9495.065,RX,bus,-1,001117C0,1,5,01 00 00 C0 17,OK
2026-09-29T10:24:04.918Z,9499.928,RX,bus,-1,0001A660,1,7,01 00 00 0F 03 60 A6,OK
2026-09-29T10:24:04.918Z,9500.035,RX,bus,-1,0011A660,1,5,01 00 00 60 A6,OK
2026-09-29T10:24:04.924Z,9504.957,RX,bus,-1,00011C89,1,7,01 00 00 0F 03 89 1C,OK
2026-09-29T10:24:04.924Z,9505.083,RX,bus,-1,00111C89,1,5,01 00 00 89 1C,OK
2026-09-29T10:24:04.929Z,9509.951,RX,bus,-1,00013CE3,1,7,01 00 00 0F 03 E3 3C,OK
2026-09-29T10:24:04.929Z,9510.034,RX,bus,-1,00113CE3,1,5,01 00 00 E3 3C,OK
2026-09-29T10:24:04.934Z,9514.956,RX,bus,-1,0001D25C,1,7,01 00 00 0F 03 5C D2,OK
2026-09-29T10:24:04.934Z,9515.100,RX,bus,-1,0011D25C,1,5,01 00 00 5C D2,OK
2026-09-29T10:24:04.939Z,9519.951,RX,bus,-1,00018B6E,1,7,01 00 00 0F 03 6E 8B,OK
2026-09-29T10:24:04.939Z,9520.039,RX,bus,-1,00118B6E,1,5,01 00 00 6E 8B,OK
2026-09-29T10:24:04.943Z,9524.806,RX,bus,-1,000196C2,1,7,01 00 00 0F 03 C2 96,OK
2026-09-29T10:24:04.944Z,9525.024,RX,bus,-1,001196C2,1,5,01 00 00 C2 96,OK
2026-09-29T10:24:04.949Z,9530.007,RX,bus,-1,00014B42,1,7,01 00 00 0F 03 42 4B,OK
2026-09-29T10:24:04.949Z,9530.072,RX,bus,-1,00114B42,1,5,01 00 00 42 4B,OK
2026-09-29T10:24:04.954Z,9534.967,RX,bus,-1,00013830,1,7,01 00 00 0F 03 30 38,OK
2026-09-29T10:24:04.954Z,9535.012,RX,bus,-1,00113830,1,5,01 00 00 30 38,OK
2026-09-29T10:24:04.959Z,9540.015,RX,bus,-1,0001A7AA,1,7,01 00 00 0F 03 AA A7,OK
2026-09-29T10:24:04.959Z,9540.081,RX,bus,-1,0011A7AA,1,5,01 00 00 AA A7,OK
2026-09-29T10:24:04.964Z,9544.956,RX,bus,-1,0001DD35,1,7,01 00 00 0F 03 35 DD,OK
2026-09-29T10:24:04.964Z,9545.000,RX,bus,-1,0011DD35,1,5,01 00 00 35 DD,OK
2026-09-29T10:24:04.968Z,9549.795,RX,bus,-1,000114D9,1,7,01 00 00 0F 03 D9 14,OK
2026-09-29T10:24:04.968Z,9550.055,RX,bus,-1,001114D9,1,5,01 00 00 D9 14,OK
2026-09-29T10:24:04.973Z,9554.805,RX,bus,-1,0001295C,1,7,01 00 00 0F 03 5C 29,OK
2026-09-29T10:24:04.973Z,9555.038,RX,bus,-1,0011295C,1,5,01 00 00 5C 29,OK
2026-09-29T10:24:04.978Z,9559.790,RX,bus,-1,000186CF,1,7,01 00 00 0F 03 CF 86,OK
2026-09-29T10:24:04.978Z,9560.037,RX,bus,-1,001186CF,1,5,01 00 00 CF 86,OK
2026-09-29T10:24:04.983Z,9564.822,RX,bus,-1,000189DD,1,7,01 00 00 0F 03 DD 89,OK
2026-09-29T10:24:04.983Z,9565.042,RX,bus,-1,001189DD,1,5,01 00 00 DD 89,OK
2026-09-29T10:24:04.988Z,9569.792,RX,bus,-1,000117FB,1,7,01 00 00 0F 03 FB 17,OK
2026-09-29T10:24:04.988Z,9570.052,RX,bus,-1,001117FB,1,5,01 00 00 FB 17,OK
2026-09-29T10:24:04.993Z,9574.839,RX,bus,-1,000143DB,1,7,01 00 00 0F 03 DB 43,OK
2026-09-29T10:24:04.993Z,9575.036,RX,bus,-1,001143DB,1,5,01 00 00 DB 43,OK
2026-09-29T10:24:04.998Z,9579.793,RX,bus,-1,000149F2,1,7,01 00 00 0F 03 F2 49,OK
2026-09-29T10:24:04.998Z,9580.037,RX,bus,-1,001149F2,1,5,01 00 00 F2 49,OK
2026-09-29T10:24:05.003Z,9584.767,RX,bus,-1,000197B5,1,7,01 00 00 0F 03 B5 97,OK
2026-09-29T10:24:05.003Z,9585.037,RX,bus,-1,001197B5,1,5,01 00 00 B5 97,OK
2026-09-29T10:24:05.007Z,9589.944,RX,bus,-1,00011B66,1,7,01 00 00 0F 03 66 1B,OK
2026-09-29T10:24:05.009Z,9590.056,RX,bus,-1,00111B66,1,5,01 00 00 66 1B,OK
2026-09-29T10:24:05.013Z,9594.946,RX,bus,-1,000100BA,1,7,01 00 00 0F 03 BA 00,OK
2026-09-29T10:24:05.014Z,9595.036,RX,bus,-1,001100BA,1,5,01 00 00 BA 00,OK
2026-09-29T10:24:05.018Z,9599.943,RX,bus,-1,0001DD4F,1,7,01 00 00 0F 03 4F DD,OK
2026-09-29T10:24:05.018Z,9600.036,RX,bus,-1,0011DD4F,1,5,01 00 00 4F DD,OK
2026-09-29T10:24:05.023Z,9604.796,RX,bus,-1,00010247,1,7,01 00 00 0F 03 47 02,OK
2026-09-29T10:24:05.023Z,9605.036,RX,bus,-1,00110247,1,5,01 00 00 47 02,OK
2026-09-29T10:24:05.028Z,9609.789,RX,bus,-1,00010DE2,1,7,01 00 00 0F 03 E2 0D,OK
2026-09-29T10:24:05.028Z,9610.035,RX,bus,-1,00110DE2,1,5,01 00 00 E2 0D,OK
2026-09-29T10:24:05.033Z,9614.803,RX,bus,-1,0001DB09,1,7,01 00 00 0F 03 09 DB,OK
2026-09-29T10:24:05.033Z,9615.037,RX,bus,-1,0011DB09,1,5,01 00 00 09 DB,OK
2026-09-29T10:24:05.038Z,9619.757,RX,bus,-1,00015AC6,1,7,01 00 00 0F 03 C6 5A,OK
2026-09-29T10:24:05.038Z,9619.997,RX,bus,-1,00115AC6,1,5,01 00 00 C6 5A,OK
2026-09-29T10:24:05.043Z,9624.822,RX,bus,-1,00016504,1,7,01 00 00 0F 03 04 65,OK
2026-09-29T10:24:05.043Z,9625.030,RX,bus,-1,00116504,1,5,01 00 00 04 65,OK
2026-09-29T10:24:05.048Z,9629.797,RX,bus,-1,0001C8A9,1,7,01 00 00 0F 03 A9 C8,OK
2026-09-29T10:24:05.048Z,9630.029,RX,bus,-1,0011C8A9,1,5,01 00 00 A9 C8,OK
2026-09-29T10:24:05.053Z,9634.815,RX,bus,-1,0001288F,1,7,01 00 00 0F 03 8F 28,OK
2026-09-29T10:24:05.053Z,9635.033,RX,bus,-1,0011288F,1,5,01 00 00 8F 28,OK
2026-09-29T10:24:05.058Z,9639.848,RX,bus,-1,00014D23,1,7,01 00 00 0F 03 23 4D,OK
2026-09-29T10:24:05.058Z,9640.086,RX,bus,-1,00114D23,1,5,01 00 00 23 4D,OK
2026-09-29T10:24:05.063Z,9644.833,RX,bus,-1,00017E59,1,7,01 00 00 0F 03 59 7E,OK
2026-09-29T10:24:05.063Z,9645.156,RX,bus,-1,00117E59,1,5,01 00 00 59 7E,OK
2026-09-29T10:24:05.069Z,9650.093,RX,bus,-1,0001E089,1,7,01 00 00 0F 03 89 E0,OK
2026-09-29T10:24:05.069Z,9650.173,RX,bus,-1,0011E089,1,5,01 00 00 89 E0,OK
2026-09-29T10:24:05.074Z,9655.387,RX,bus,-1,00016440,1,7,01 00 00 0F 03 40 64,OK
2026-09-29T10:24:05.074Z,9655.478,RX,bus,-1,00116440,1,5,01 00 00 40 64,OK
2026-09-29T10:24:05.079Z,9660.274,RX,bus,-1,00011020,1,7,01 00 00 0F 03 20 10,OK
2026-09-29T10:24:05.079Z,9660.366,RX,bus,-1,00111020,1,5,01 00 00 20 10,OK
2026-09-29T10:24:05.084Z,9665.168,RX,bus,-1,0001B67D,1,7,01 00 00 0F 03 7D B6,OK
2026-09-29T10:24:05.084Z,9665.329,RX,bus,-1,0011B67D,1,5,01 00 00 7D B6,OK
2026-09-29T10:24:05.089Z,9670.265,RX,bus,-1,00017DCA,1,7,01 00 00 0F 03 CA 7D,OK
2026-09-29T10:24:05.089Z,9670.357,RX,bus,-1,00117DCA,1,5,01 00 00 CA 7D,OK
2026-09-29T10:24:05.093Z,9675.251,RX,bus,-1,0001166E,1,7,01 00 00 0F 03 6E 16,OK
2026-09-29T10:24:05.094Z,9675.342,RX,bus,-1,0011166E,1,5,01 00 00 6E 16,OK
2026-09-29T10:24:05.098Z,9679.921,RX,bus,-1,00010D2A,1,7,01 00 00 0F 03 2A 0D,OK
2026-09-29T10:24:05.098Z,9680.015,RX,bus,-1,00110D2A,1,5,01 00 00 2A 0D,OK
2026-09-29T10:24:05.103Z,9684.880,RX,bus,-1,0001B60B,1,7,01 00 00 0F 03 0B B6,OK
2026-09-29T10:24:05.103Z,9684.977,RX,bus,-1,0011B60B,1,5,01 00 00 0B B6,OK
2026-09-29T10:24:05.109Z,9690.230,RX,bus,-1,00012ACF,1,7,01 00 00 0F 03 CF 2A,OK
2026-09-29T10:24:05.109Z,9690.386,RX,bus,-1,00112ACF,1,5,01 00 00 CF 2A,OK
2026-09-29T10:24:05.113Z,9694.806,RX,bus,-1,0001F6C2,1,7,01 00 00 0F 03 C2 F6,OK
2026-09-29T10:24:05.113Z,9694.995,RX,bus,-1,0011F6C2,1,5,01 00 00 C2 F6,OK
2026-09-29T10:24:05.118Z,9699.792,RX,bus,-1,000118E5,1,7,01 00 00 0F 03 E5 18,OK
2026-09-29T10:24:05.118Z,9700.010,RX,bus,-1,001118E5,1,5,01 00 00 E5 18,OK
2026-09-29T10:24:05.124Z,9704.993,RX,bus,-1,00010853,1,7,01 00 00 0F 03 53 08,OK
2026-09-29T10:24:05.124Z,9705.092,RX,bus,-1,00110853,1,5,01 00 00 53 08,OK
2026-09-29T10:24:05.129Z,9710.053,RX,bus,-1,0001997F,1,7,01 00 00 0F 03 7F 99,OK
2026-09-29T10:24:05.129Z,9710.144,RX,bus,-1,0011997F,1,5,01 00 00 7F 99,OK
2026-09-29T10:24:05.134Z,9715.109,RX,bus,-1,0001F3E8,1,7,01 00 00 0F 03 E8 F3,OK
2026-09-29T10:24:05.134Z,9716.379,RX,bus,-1,0011F3E8,1,5,01 00 00 E8 F3,OK
2026-09-29T10:24:05.138Z,9719.770,RX,bus,-1,0001C171,1,7,01 00 00 0F 03 71 C1,OK
2026-09-29T10:24:05.138Z,9719.949,RX,bus,-1,0011C171,1,5,01 00 00 71 C1,OK
2026-09-29T10:24:05.143Z,9724.710,RX,bus,-1,00018D6F,1,7,01 00 00 0F 03 6F 8D,OK
2026-09-29T10:24:05.143Z,9724.949,RX,bus,-1,00118D6F,1,5,01 00 00 6F 8D,OK
2026-09-29T10:24:05.148Z,9729.768,RX,bus,-1,00017F60,1,7,01 00 00 0F 03 60 7F,OK
2026-09-29T10:24:05.148Z,9729.940,RX,bus,-1,00117F60,1,5,01 00 00 60 7F,OK
2026-09-29T10:24:05.153Z,9734.713,RX,bus,-1,0001490C,1,7,01 00 00 0F 03 0C 49,OK
2026-09-29T10:24:05.153Z,9734.942,RX,bus,-1,0011490C,1,5,01 00 00 0C 49,OK
2026-09-29T10:24:05.158Z,9739.746,RX,bus,-1,00019169,1,7,01 00 00 0F 03 69 91,OK
2026-09-29T10:24:05.158Z,9739.935,RX,bus,-1,00119169,1,5,01 00 00 69 91,OK
2026-09-29T10:24:05.163Z,9744.756,RX,bus,-1,00012017,1,7,01 00 00 0F 03 17 20,OK
2026-09-29T10:24:05.163Z,9744.940,RX,bus,-1,00112017,1,5,01 00 00 17 20,OK
2026-09-29T10:24:05.167Z,9749.848,RX,bus,-1,00015C88,1,7,01 00 00 0F 03 88 5C,OK
2026-09-29T10:24:05.167Z,9749.935,RX,bus,-1,00115C88,1,5,01 00 00 88 5C,OK
2026-09-29T10:24:05.173Z,9754.824,RX,bus,-1,00019107,1,7,01 00 00 0F 03 07 91,OK
2026-09-29T10:24:05.173Z,9754.936,RX,bus,-1,00119107,1,5,01 00 00 07 91,OK
2026-09-29T10:24:05.178Z,9759.694,RX,bus,-1,000177AF,1,7,01 00 00 0F 03 AF 77,OK
2026-09-29T10:24:05.178Z,9759.952,RX,bus,-1,001177AF,1,5,01 00 00 AF 77,OK
2026-09-29T10:24:05.183Z,9764.907,RX,bus,-1,00011B34,1,7,01 00 00 0F 03 34 1B,OK
2026-09-29T10:24:05.184Z,9765.004,RX,bus,-1,00111B34,1,5,01 00 00 34 1B,OK
2026-09-29T10:24:05.188Z,9769.861,RX,bus,-1,00015533,1,7,01 00 00 0F 03 33 55,OK
2026-09-29T10:24:05.188Z,9769.954,RX,bus,-1,00115533,1,5,01 00 00 33 55,OK
2026-09-29T10:24:05.193Z,9774.860,RX,bus,-1,0001D357,1,7,01 00 00 0F 03 57 D3,OK
2026-09-29T10:24:05.193Z,9774.935,RX,bus,-1,0011D357,1,5,01 00 00 57 D3,OK
2026-09-29T10:24:05.198Z,9779.713,RX,bus,-1,0001FFEA,1,7,01 00 00 0F 03 EA FF,OK
2026-09-29T10:24:05.198Z,9779.944,RX,bus,-1,0011FFEA,1,5,01 00 00 EA FF,OK
2026-09-29T10:24:05.203Z,9784.872,RX,bus,-1,0001EB36,1,7,01 00 00 0F 04 36 EB,OK
2026-09-29T10:24:05.203Z,9784.945,RX,bus,-1,0011EB36,1,5,01 00 00 36 EB,OK
2026-09-29T10:24:05.208Z,9789.700,RX,bus,-1,0001FE33,1,7,01 00 00 0F 03 33 FE,OK
2026-09-29T10:24:05.208Z,9789.944,RX,bus,-1,0011FE33,1,5,01 00 00 33 FE,OK
2026-09-29T10:24:05.213Z,9794.769,RX,bus,-1,000182D3,1,7,01 00 00 0F 03 D3 82,OK
2026-09-29T10:24:05.213Z,9794.917,RX,bus,-1,001182D3,1,5,01 00 00 D3 82,OK
2026-09-29T10:24:05.219Z,9799.847,RX,bus,-1,0001B3CA,1,7,01 00 00 0F 03 CA B3,OK
2026-09-29T10:24:05.219Z,9799.955,RX,bus,-1,0011B3CA,1,5,01 00 00 CA B3,OK
2026-09-29T10:24:05.224Z,9804.887,RX,bus,-1,00019F25,1,7,01 00 00 0F 03 25 9F,OK
2026-09-29T10:24:05.224Z,9804.961,RX,bus,-1,00119F25,1,5,01 00 00 25 9F,OK
2026-09-29T10:24:05.229Z,9809.854,RX,bus,-1,0001200B,1,7,01 00 00 0F 03 0B 20,OK
2026-09-29T10:24:05.229Z,9809.957,RX,bus,-1,0011200B,1,5,01 00 00 0B 20,OK
2026-09-29T10:24:05.234Z,9814.859,RX,bus,-1,0001AE1B,1,7,01 00 00 0F 03 1B AE,OK
2026-09-29T10:24:05.234Z,9814.900,RX,bus,-1,0011AE1B,1,5,01 00 00 1B AE,OK
2026-09-29T10:24:05.239Z,9819.908,RX,bus,-1,00015D10,1,7,01 00 00 0F 03 10 5D,OK
2026-09-29T10:24:05.239Z,9819.988,RX,bus,-1,00115D10,1,5,01 00 00 10 5D,OK
2026-09-29T10:24:05.244Z,9824.859,RX,bus,-1,00017D78,1,7,01 00 00 0F 03 78 7D,OK
2026-09-29T10:24:05.244Z,9824.947,RX,bus,-1,00117D78,1,5,01 00 00 78 7D,OK
2026-09-29T10:24:05.249Z,9829.896,RX,bus,-1,0001A4D8,1,7,01 00 00 0F 03 D8 A4,OK
2026-09-29T10:24:05.249Z,9829.954,RX,bus,-1,0011A4D8,1,5,01 00 00 D8 A4,OK
2026-09-29T10:24:05.254Z,9834.850,RX,bus,-1,0001F9D0,1,7,01 00 00 0F 03 D0 F9,OK
2026-09-29T10:24:05.254Z,9834.944,RX,bus,-1,0011F9D0,1,5,01 00 00 D0 F9,OK
2026-09-29T10:24:05.259Z,9839.904,RX,bus,-1,00016450,1,7,01 00 00 0F 03 50 64,OK
2026-09-29T10:24:05.259Z,9839.982,RX,bus,-1,00116450,1,5,01 00 00 50 64,OK
2026-09-29T10:24:05.264Z,9844.864,RX,bus,-1,000190A8,1,7,01 00 00 0F 03 A8 90,OK
2026-09-29T10:24:05.264Z,9844.943,RX,bus,-1,001190A8,1,5,01 00 00 A8 90,OK
2026-09-29T10:24:05.268Z,9849.703,RX,bus,-1,000140F6,1,7,01 00 00 0F 03 F6 40,OK
2026-09-29T10:24:05.268Z,9849.943,RX,bus,-1,001140F6,1,5,01 00 00 F6 40,OK
2026-09-29T10:24:05.273Z,9854.718,RX,bus,-1,0001B087,1,7,01 00 00 0F 03 87 B0,OK
2026-09-29T10:24:05.273Z,9854.918,RX,bus,-1,0011B087,1,5,01 00 00 87 B0,OK
2026-09-29T10:24:05.278Z,9859.705,RX,bus,-1,00011874,1,7,01 00 00 0F 03 74 18,OK
2026-09-29T10:24:05.278Z,9859.944,RX,bus,-1,00111874,1,5,01 00 00 74 18,OK
2026-09-29T10:24:05.283Z,9864.708,RX,bus,-1,00012F82,1,7,01 00 00 0F 03 82 2F,OK
2026-09-29T10:24:05.283Z,9864.944,RX,bus,-1,00112F82,1,5,01 00 00 82 2F,OK
2026-09-29T10:24:05.288Z,9869.704,RX,bus,-1,00016A5E,1,7,01 00 00 0F 03 5E 6A,OK
2026-09-29T10:24:05.288Z,9869.923,RX,bus,-1,00116A5E,1,5,01 00 00 5E 6A,OK
2026-09-29T10:24:05.293Z,9874.700,RX,bus,-1,0001E07D,1,7,01 00 00 0F 03 7D E0,OK
2026-09-29T10:24:05.293Z,9874.943,RX,bus,-1,0011E07D,1,5,01 00 00 7D E0,OK
2026-09-29T10:24:05.298Z,9879.703,RX,bus,-1,0001F6FF,1,7,01 00 00 0F 03 FF F6,OK
2026-09-29T10:24:05.298Z,9879.920,RX,bus,-1,0011F6FF,1,5,01 00 00 FF F6,OK
2026-09-29T10:24:05.303Z,9884.681,RX,bus,-1,0001913F,1,7,01 00 00 0F 03 3F 91,OK
2026-09-29T10:24:05.303Z,9884.918,RX,bus,-1,0011913F,1,5,01 00 00 3F 91,OK
2026-09-29T10:24:05.308Z,9889.700,RX,bus,-1,000102D0,1,7,01 00 00 0F 03 D0 02,OK
2026-09-29T10:24:05.308Z,9889.921,RX,bus,-1,001102D0,1,5,01 00 00 D0 02,OK
2026-09-29T10:24:05.313Z,9894.830,RX,bus,-1,00015B0B,1,7,01 00 00 0F 03 0B 5B,OK
2026-09-29T10:24:05.314Z,9894.923,RX,bus,-1,00115B0B,1,5,01 00 00 0B 5B,OK
2026-09-29T10:24:05.318Z,9899.826,RX,bus,-1,00010916,1,7,01 00 00 0F 03 16 09,OK
2026-09-29T10:24:05.318Z,9899.921,RX,bus,-1,00110916,1,5,01 00 00 16 09,OK
2026-09-29T10:24:05.323Z,9904.683,RX,bus,-1,00017155,1,7,01 00 00 0F 03 55 71,OK
2026-09-29T10:24:05.323Z,9904.923,RX,bus,-1,00117155,1,5,01 00 00 55 71,OK
2026-09-29T10:24:05.328Z,9909.749,RX,bus,-1,00014CB5,1,7,01 00 00 0F 03 B5 4C,OK
2026-09-29T10:24:05.328Z,9909.918,RX,bus,-1,00114CB5,1,5,01 00 00 B5 4C,OK
2026-09-29T10:24:05.333Z,9914.773,RX,bus,-1,0001D1D7,1,7,01 00 00 0F 03 D7 D1,OK
2026-09-29T10:24:05.333Z,9914.941,RX,bus,-1,0011D1D7,1,5,01 00 00 D7 D1,OK
2026-09-29T10:24:05.338Z,9919.787,RX,bus,-1,0001353E,1,7,01 00 00 0F 03 3E 35,OK
2026-09-29T10:24:05.338Z,9919.940,RX,bus,-1,0011353E,1,5,01 00 00 3E 35,OK
2026-09-29T10:24:05.343Z,9924.722,RX,bus,-1,00017B0A,1,7,01 00 00 0F 03 0A 7B,OK
2026-09-29T10:24:05.343Z,9924.910,RX,bus,-1,00117B0A,1,5,01 00 00 0A 7B,OK
2026-09-29T10:24:05.348Z,9929.742,RX,bus,-1,0001A2C1,1,7,01 00 00 0F 03 C1 A2,OK
2026-09-29T10:24:05.348Z,9929.944,RX,bus,-1,0011A2C1,1,5,01 00 00 C1 A2,OK
2026-09-29T10:24:05.353Z,9934.687,RX,bus,-1,0001D9CE,1,7,01 00 00 0F 03 CE D9,OK
2026-09-29T10:24:05.353Z,9934.917,RX,bus,-1,0011D9CE,1,5,01 00 00 CE D9,OK
2026-09-29T10:24:05.358Z,9939.679,RX,bus,-1,00017DE4,1,7,01 00 00 0F 03 E4 7D,OK
2026-09-29T10:24:05.358Z,9939.916,RX,bus,-1,00117DE4,1,5,01 00 00 E4 7D,OK
2026-09-29T10:24:05.363Z,9944.745,RX,bus,-1,0001F4CC,1,7,01 00 00 0F 03 CC F4,OK
2026-09-29T10:24:05.363Z,9944.913,RX,bus,-1,0011F4CC,1,5,01 00 00 CC F4,OK
2026-09-29T10:24:05.368Z,9949.826,RX,bus,-1,00014E5A,1,7,01 00 00 0F 03 5A 4E,OK
2026-09-29T10:24:05.368Z,9949.922,RX,bus,-1,00114E5A,1,5,01 00 00 5A 4E,OK
2026-09-29T10:24:05.373Z,9954.829,RX,bus,-1,000113D4,1,7,01 00 00 0F 03 D4 13,OK
2026-09-29T10:24:05.373Z,9954.925,RX,bus,-1,001113D4,1,5,01 00 00 D4 13,OK
2026-09-29T10:24:05.378Z,9959.864,RX,bus,-1,000160A1,1,7,01 00 00 0F 03 A1 60,OK
2026-09-29T10:24:05.378Z,9959.923,RX,bus,-1,001160A1,1,5,01 00 00 A1 60,OK
2026-09-29T10:24:05.383Z,9964.835,RX,bus,-1,00014F43,1,7,01 00 00 0F 03 43 4F,OK
2026-09-29T10:24:05.383Z,9964.876,RX,bus,-1,00114F43,1,5,01 00 00 43 4F,OK
2026-09-29T10:24:05.388Z,9969.823,RX,bus,-1,000150BB,1,7,01 00 00 0F 03 BB 50,OK
2026-09-29T10:24:05.388Z,9969.864,RX,bus,-1,001150BB,1,5,01 00 00 BB 50,OK
2026-09-29T10:24:05.393Z,9974.827,RX,bus,-1,00011338,1,7,01 00 00 0F 03 38 13,OK
2026-09-29T10:24:05.393Z,9974.930,RX,bus,-1,00111338,1,5,01 00 00 38 13,OK
2026-09-29T10:24:05.398Z,9979.820,RX,bus,-1,00012A3A,1,7,01 00 00 0F 03 3A 2A,OK
2026-09-29T10:24:05.398Z,9979.917,RX,bus,-1,00112A3A,1,5,01 00 00 3A 2A,OK
2026-09-29T10:24:05.403Z,9984.822,RX,bus,-1,00019822,1,7,01 00 00 0F 03 22 98,OK
2026-09-29T10:24:05.403Z,9984.919,RX,bus,-1,00119822,1,5,01 00 00 22 98,OK
2026-09-29T10:24:05.408Z,9989.828,RX,bus,-1,00014ED6,1,7,01 00 00 0F 03 D6 4E,OK
2026-09-29T10:24:05.408Z,9989.922,RX,bus,-1,00114ED6,1,5,01 00 00 D6 4E,OK
2026-09-29T10:24:05.413Z,9994.683,RX,bus,-1,000199E9,1,7,01 00 00 0F 03 E9 99,OK
2026-09-29T10:24:05.413Z,9994.895,RX,bus,-1,001199E9,1,5,01 00 00 E9 99,OK
2026-09-29T10:24:05.418Z,9999.675,RX,bus,-1,00013369,1,7,01 00 00 0F 03 69 33,OK
2026-09-29T10:24:05.418Z,9999.918,RX,bus,-1,00113369,1,5,01 00 00 69 33,OK
2026-09-29T10:24:05.423Z,10004.758,RX,bus,-1,00013CC0,1,7,01 00 00 0F 03 C0 3C,OK
2026-09-29T10:24:05.423Z,10004.916,RX,bus,-1,00113CC0,1,5,01 00 00 C0 3C,OK
2026-09-29T10:24:05.428Z,10009.687,RX,bus,-1,00012FFD,1,7,01 00 00 0F 03 FD 2F,OK
2026-09-29T10:24:05.428Z,10009.916,RX,bus,-1,00112FFD,1,5,01 00 00 FD 2F,OK
2026-09-29T10:24:05.433Z,10014.717,RX,bus,-1,00018E69,1,7,01 00 00 0F 03 69 8E,OK
2026-09-29T10:24:05.433Z,10014.909,RX,bus,-1,00118E69,1,5,01 00 00 69 8E,OK
2026-09-29T10:24:05.438Z,10019.692,RX,bus,-1,00013E5D,1,7,01 00 00 0F 03 5D 3E,OK
2026-09-29T10:24:05.438Z,10019.918,RX,bus,-1,00113E5D,1,5,01 00 00 5D 3E,OK
2026-09-29T10:24:05.443Z,10024.709,RX,bus,-1,0001686A,1,7,01 00 00 0F 03 6A 68,OK
2026-09-29T10:24:05.443Z,10024.911,RX,bus,-1,0011686A,1,5,01 00 00 6A 68,OK
2026-09-29T10:24:05.448Z,10029.735,RX,bus,-1,0001233F,1,7,01 00 00 0F 03 3F 23,OK
2026-09-29T10:24:05.448Z,10029.918,RX,bus,-1,0011233F,1,5,01 00 00 3F 23,OK
2026-09-29T10:24:05.453Z,10034.722,RX,bus,-1,00011784,1,7,01 00 00 0F 03 84 17,OK
2026-09-29T10:24:05.453Z,10034.913,RX,bus,-1,00111784,1,5,01 00 00 84 17,OK
2026-09-29T10:24:05.458Z,10039.695,RX,bus,-1,0001C901,1,7,01 00 00 0F 03 01 C9,OK
2026-09-29T10:24:05.458Z,10039.918,RX,bus,-1,0011C901,1,5,01 00 00 01 C9,OK
2026-09-29T10:24:05.463Z,10044.673,RX,bus,-1,0001B675,1,7,01 00 00 0F 03 75 B6,OK
2026-09-29T10:24:05.463Z,10044.918,RX,bus,-1,0011B675,1,5,01 00 00 75 B6,OK
2026-09-29T10:24:05.468Z,10049.812,RX,bus,-1,00014793,1,7,01 00 00 0F 03 93 47,OK
2026-09-29T10:24:05.468Z,10049.895,RX,bus,-1,00114793,1,5,01 00 00 93 47,OK
2026-09-29T10:24:05.473Z,10054.809,RX,bus,-1,000195C0,1,7,01 00 00 0F 03 C0 95,OK
2026-09-29T10:24:05.473Z,10054.918,RX,bus,-1,001195C0,1,5,01 00 00 C0 95,OK
2026-09-29T10:24:05.478Z,10059.795,RX,bus,-1,000153FF,1,7,01 00 00 0F 03 FF 53,OK
2026-09-29T10:24:05.478Z,10059.891,RX,bus,-1,001153FF,1,5,01 00 00 FF 53,OK
2026-09-29T10:24:05.483Z,10064.818,RX,bus,-1,0001A015,1,7,01 00 00 0F 03 15 A0,OK
2026-09-29T10:24:05.483Z,10064.909,RX,bus,-1,0011A015,1,5,01 00 00 15 A0,OK
2026-09-29T10:24:05.488Z,10069.809,RX,bus,-1,000192B6,1,7,01 00 00 0F 03 B6 92,OK
2026-09-29T10:24:05.488Z,10069.885,RX,bus,-1,001192B6,1,5,01 00 00 B6 92,OK
2026-09-29T10:24:05.493Z,10074.829,RX,bus,-1,0001DA93,1,7,01 00 00 0F 03 93 DA,OK
2026-09-29T10:24:05.493Z,10074.869,RX,bus,-1,0011DA93,1,5,01 00 00 93 DA,OK
2026-09-29T10:24:05.498Z,10079.781,RX,bus,-1,0001B682,1,7,01 00 00 0F 03 82 B6,OK
2026-09-29T10:24:05.498Z,10079.910,RX,bus,-1,0011B682,1,5,01 00 00 82 B6,OK
2026-09-29T10:24:05.503Z,10084.836,RX,bus,-1,000141F0,1,7,01 00 00 0F 03 F0 41,OK
2026-09-29T10:24:05.503Z,10084.911,RX,bus,-1,001141F0,1,5,01 00 00 F0 41,OK
2026-09-29T10:24:05.508Z,10089.732,RX,bus,-1,000196D3,1,7,01 00 00 0F 03 D3 96,OK
2026-09-29T10:24:05.508Z,10089.886,RX,bus,-1,001196D3,1,5,01 00 00 D3 96,OK
2026-09-29T10:24:05.513Z,10094.773,RX,bus,-1,00011556,1,7,01 00 00 0F 03 56 15,OK
2026-09-29T10:24:05.513Z,10094.909,RX,bus,-1,00111556,1,5,01 00 00 56 15,OK
2026-09-29T10:24:05.519Z,10099.870,RX,bus,-1,000172BE,1,7,01 00 00 0F 03 BE 72,OK
2026-09-29T10:24:05.519Z,10099.928,RX,bus,-1,001172BE,1,5,01 00 00 BE 72,OK
2026-09-29T10:24:05.523Z,10104.610,RX,bus,-1,0001AD70,1,7,01 00 00 0F 03 70 AD,OK
2026-09-29T10:24:05.524Z,10104.847,RX,bus,-1,0011AD70,1,5,01 00 00 70 AD,OK
2026-09-29T10:24:05.528Z,10109.719,RX,bus,-1,000156E7,1,7,01 00 00 0F 03 E7 56,OK
2026-09-29T10:24:05.529Z,10109.930,RX,bus,-1,001156E7,1,5,01 00 00 E7 56,OK
2026-09-29T10:24:05.533Z,10114.693,RX,bus,-1,0001F1FB,1,7,01 00 00 0F 03 FB F1,OK
2026-09-29T10:24:05.534Z,10114.976,RX,bus,-1,0011F1FB,1,5,01 00 00 FB F1,OK
2026-09-29T10:24:05.538Z,10119.676,RX,bus,-1,0001FF30,1,7,01 00 00 0F 03 30 FF,OK
2026-09-29T10:24:05.539Z,10119.941,RX,bus,-1,0011FF30,1,5,01 00 00 30 FF,OK
2026-09-29T10:24:05.543Z,10124.675,RX,bus,-1,0001A9DB,1,7,01 00 00 0F 03 DB A9,OK
2026-09-29T10:24:05.544Z,10124.920,RX,bus,-1,0011A9DB,1,5,01 00 00 DB A9,OK
2026-09-29T10:24:05.548Z,10129.681,RX,bus,-1,000111E2,1,7,01 00 00 0F 03 E2 11,OK
2026-09-29T10:24:05.549Z,10129.935,RX,bus,-1,001111E2,1,5,01 00 00 E2 11,OK
2026-09-29T10:24:05.553Z,10134.690,RX,bus,-1,0001AD80,1,7,01 00 00 0F 03 80 AD,OK
2026-09-29T10:24:05.554Z,10134.933,RX,bus,-1,0011AD80,1,5,01 00 00 80 AD,OK
2026-09-29T10:24:05.558Z,10139.717,RX,bus,-1,000114A5,1,7,01 00 00 0F 03 A5 14,OK
2026-09-29T10:24:05.559Z,10139.911,RX,bus,-1,001114A5,1,5,01 00 00 A5 14,OK
2026-09-29T10:24:05.563Z,10144.651,RX,bus,-1,00012923,1,7,01 00 00 0F 03 23 29,OK
2026-09-29T10:24:05.564Z,10144.890,RX,bus,-1,00112923,1,5,01 00 00 23 29,OK
2026-09-29T10:24:05.568Z,10149.649,RX,bus,-1,0001148C,1,7,01 00 00 0F 03 8C 14,OK
2026-09-29T10:24:05.568Z,10149.889,RX,bus,-1,0011148C,1,5,01 00 00 8C 14,OK
2026-09-29T10:24:05.573Z,10154.648,RX,bus,-1,00011421,1,7,01 00 00 0F 03 21 14,OK
2026-09-29T10:24:05.573Z,10154.894,RX,bus,-1,00111421,1,5,01 00 00 21 14,OK
2026-09-29T10:24:05.578Z,10159.647,RX,bus,-1,000110FC,1,7,01 00 00 0F 03 FC 10,OK
2026-09-29T10:24:05.578Z,10159.890,RX,bus,-1,001110FC,1,5,01 00 00 FC 10,OK
2026-09-29T10:24:05.583Z,10164.650,RX,bus,-1,0001E47D,1,7,01 00 00 0F 03 7D E4,OK
2026-09-29T10:24:05.583Z,10164.889,RX,bus,-1,0011E47D,1,5,01 00 00 7D E4,OK
2026-09-29T10:24:05.588Z,10169.685,RX,bus,-1,0001922D,1,7,01 00 00 0F 03 2D 92,OK
2026-09-29T10:24:05.588Z,10169.931,RX,bus,-1,0011922D,1,5,01 00 00 2D 92,OK
2026-09-29T10:24:05.593Z,10174.687,RX,bus,-1,0001AD50,1,7,01 00 00 0F 03 50 AD,OK
2026-09-29T10:24:05.593Z,10174.925,RX,bus,-1,0011AD50,1,5,01 00 00 50 AD,OK
2026-09-29T10:24:05.598Z,10179.685,RX,bus,-1,00012AAA,1,7,01 00 00 0F 03 AA 2A,OK
2026-09-29T10:24:05.598Z,10179.929,RX,bus,-1,00112AAA,1,5,01 00 00 AA 2A,OK
2026-09-29T10:24:05.603Z,10184.687,RX,bus,-1,0001E4B3,1,7,01 00 00 0F 03 B3 E4,OK
2026-09-29T10:24:05.603Z,10184.913,RX,bus,-1,0011E4B3,1,5,01 00 00 B3 E4,OK
2026-09-29T10:24:05.608Z,10189.713,RX,bus,-1,000163EA,1,7,01 00 00 0F 03 EA 63,OK
2026-09-29T10:24:05.608Z,10189.960,RX,bus,-1,001163EA,1,5,01 00 00 EA 63,OK
2026-09-29T10:24:05.613Z,10194.692,RX,bus,-1,0001AD65,1,7,01 00 00 0F 03 65 AD,OK
2026-09-29T10:24:05.613Z,10194.891,RX,bus,-1,0011AD65,1,5,01 00 00 65 AD,OK
2026-09-29T10:24:05.618Z,10199.658,RX,bus,-1,0001D500,1,7,01 00 00 0F 03 00 D5,OK
2026-09-29T10:24:05.618Z,10199.888,RX,bus,-1,0011D500,1,5,01 00 00 00 D5,OK
2026-09-29T10:24:05.623Z,10204.647,RX,bus,-1,00011639,1,7,01 00 00 0F 03 39 16,OK
2026-09-29T10:24:05.623Z,10204.892,RX,bus,-1,00111639,1,5,01 00 00 39 16,OK
2026-09-29T10:24:05.628Z,10209.660,RX,bus,-1,0001E6F0,1,7,01 00 00 0F 03 F0 E6,OK
2026-09-29T10:24:05.628Z,10209.890,RX,bus,-1,0011E6F0,1,5,01 00 00 F0 E6,OK
2026-09-29T10:24:05.633Z,10214.650,RX,bus,-1,00011914,1,7,01 00 00 0F 03 14 19,OK
2026-09-29T10:24:05.633Z,10214.889,RX,bus,-1,00111914,1,5,01 00 00 14 19,OK
2026-09-29T10:24:05.638Z,10219.651,RX,bus,-1,0001092E,1,7,01 00 00 0F 03 2E 09,OK
2026-09-29T10:24:05.638Z,10219.892,RX,bus,-1,0011092E,1,5,01 00 00 2E 09,OK
2026-09-29T10:24:05.643Z,10224.674,RX,bus,-1,0001D901,1,7,01 00 00 0F 03 01 D9,OK
2026-09-29T10:24:05.643Z,10224.891,RX,bus,-1,0011D901,1,5,01 00 00 01 D9,OK
2026-09-29T10:24:05.648Z,10229.660,RX,bus,-1,0001C552,1,7,01 00 00 0F 03 52 C5,OK
2026-09-29T10:24:05.648Z,10229.889,RX,bus,-1,0011C552,1,5,01 00 00 52 C5,OK
2026-09-29T10:24:05.653Z,10234.614,RX,bus,-1,0001D2A2,1,7,01 00 00 0F 03 A2 D2,OK
2026-09-29T10:24:05.653Z,10234.897,RX,bus,-1,0011D2A2,1,5,01 00 00 A2 D2,OK
2026-09-29T10:24:05.658Z,10239.653,RX,bus,-1,00019805,1,7,01 00 00 0F 03 05 98,OK
2026-09-29T10:24:05.658Z,10239.889,RX,bus,-1,00119805,1,5,01 00 00 05 98,OK
2026-09-29T10:24:05.663Z,10244.623,RX,bus,-1,0001900D,1,7,01 00 00 0F 03 0D 90,OK
2026-09-29T10:24:05.663Z,10244.888,RX,bus,-1,0011900D,1,5,01 00 00 0D 90,OK
2026-09-29T10:24:05.668Z,10249.651,RX,bus,-1,0001D1B2,1,7,01 00 00 0F 03 B2 D1,OK
2026-09-29T10:24:05.668Z,10249.893,RX,bus,-1,0011D1B2,1,5,01 00 00 B2 D1,OK
2026-09-29T10:24:05.673Z,10254.688,RX,bus,-1,00019CD5,1,7,01 00 00 0F 03 D5 9C,OK
2026-09-29T10:24:05.673Z,10254.929,RX,bus,-1,00119CD5,1,5,01 00 00 D5 9C,OK
2026-09-29T10:24:05.678Z,10259.686,RX,bus,-1,00017C7F,1,7,01 00 00 0F 03 7F 7C,OK
2026-09-29T10:24:05.678Z,10259.932,RX,bus,-1,00117C7F,1,5,01 00 00 7F 7C,OK
2026-09-29T10:24:05.683Z,10264.688,RX,bus,-1,000130C8,1,7,01 00 00 0F 03 C8 30,OK
2026-09-29T10:24:05.683Z,10264.933,RX,bus,-1,001130C8,1,5,01 00 00 C8 30,OK
2026-09-29T10:24:05.688Z,10269.685,RX,bus,-1,0001B9A2,1,7,01 00 00 0F 03 A2 B9,OK
2026-09-29T10:24:05.688Z,10269.928,RX,bus,-1,0011B9A2,1,5,01 00 00 A2 B9,OK
2026-09-29T10:24:05.693Z,10274.689,RX,bus,-1,00014BAF,1,7,01 00 00 0F 03 AF 4B,OK
2026-09-29T10:24:05.693Z,10274.929,RX,bus,-1,00114BAF,1,5,01 00 00 AF 4B,OK
2026-09-29T10:24:05.699Z,10280.220,RX,bus,-1,00012700,1,7,01 00 00 0F 03 00 27,OK
2026-09-29T10:24:05.699Z,10280.312,RX,bus,-1,00112700,1,5,01 00 00 00 27,OK
2026-09-29T10:24:05.704Z,10285.148,RX,bus,-1,0001DA15,1,7,01 00 00 0F 03 15 DA,OK
2026-09-29T10:24:05.704Z,10285.238,RX,bus,-1,0011DA15,1,5,01 00 00 15 DA,OK
2026-09-29T10:24:05.709Z,10290.062,RX,bus,-1,0001FEC7,1,7,01 00 00 0F 03 C7 FE,OK
2026-09-29T10:24:05.709Z,10290.155,RX,bus,-1,0011FEC7,1,5,01 00 00 C7 FE,OK
2026-09-29T10:24:05.714Z,10295.207,RX,bus,-1,0001A2DA,1,7,01 00 00 0F 03 DA A2,OK
2026-09-29T10:24:05.714Z,10295.297,RX,bus,-1,0011A2DA,1,5,01 00 00 DA A2,OK
2026-09-29T10:24:05.719Z,10300.026,RX,bus,-1,0001C159,1,7,01 00 00 0F 03 59 C1,OK
2026-09-29T10:24:05.719Z,10300.117,RX,bus,-1,0011C159,1,5,01 00 00 59 C1,OK
2026-09-29T10:24:05.724Z,10304.973,RX,bus,-1,00014F23,1,7,01 00 00 0F 03 23 4F,OK
2026-09-29T10:24:05.724Z,10305.065,RX,bus,-1,00114F23,1,5,01 00 00 23 4F,OK
2026-09-29T10:24:05.728Z,10309.764,RX,bus,-1,00019EC2,1,7,01 00 00 0F 03 C2 9E,OK
2026-09-29T10:24:05.728Z,10309.858,RX,bus,-1,00119EC2,1,5,01 00 00 C2 9E,OK
2026-09-29T10:24:05.734Z,10314.965,RX,bus,-1,00018DE1,1,7,01 00 00 0F 03 E1 8D,OK
2026-09-29T10:24:05.734Z,10315.058,RX,bus,-1,00118DE1,1,5,01 00 00 E1 8D,OK
2026-09-29T10:24:05.739Z,10319.969,RX,bus,-1,0001A790,1,7,01 00 00 0F 03 90 A7,OK
2026-09-29T10:24:05.739Z,10320.062,RX,bus,-1,0011A790,1,5,01 00 00 90 A7,OK
2026-09-29T10:24:05.744Z,10324.959,RX,bus,-1,0001A206,1,7,01 00 00 0F 03 06 A2,OK
2026-09-29T10:24:05.744Z,10325.050,RX,bus,-1,0011A206,1,5,01 00 00 06 A2,OK
2026-09-29T10:24:05.748Z,10329.791,RX,bus,-1,000109CD,1,7,01 00 00 0F 03 CD 09,OK
2026-09-29T10:24:05.748Z,10329.869,RX,bus,-1,001109CD,1,5,01 00 00 CD 09,OK
2026-09-29T10:24:05.753Z,10334.705,RX,bus,-1,00012E23,1,7,01 00 00 0F 03 23 2E,OK
2026-09-29T10:24:05.753Z,10334.871,RX,bus,-1,00112E23,1,5,01 00 00 23 2E,OK
2026-09-29T10:24:05.758Z,10339.649,RX,bus,-1,00017D61,1,7,01 00 00 0F 03 61 7D,OK
2026-09-29T10:24:05.758Z,10339.890,RX,bus,-1,00117D61,1,5,01 00 00 61 7D,OK
2026-09-29T10:24:05.763Z,10344.779,RX,bus,-1,0001BA05,1,7,01 00 00 0F 03 05 BA,OK
2026-09-29T10:24:05.763Z,10344.863,RX,bus,-1,0011BA05,1,5,01 00 00 05 BA,OK
2026-09-29T10:24:05.768Z,10349.863,RX,bus,-1,0001CC27,1,7,01 00 00 0F 03 27 CC,OK
2026-09-29T10:24:05.768Z,10349.908,RX,bus,-1,0011CC27,1,5,01 00 00 27 CC,OK
2026-09-29T10:24:05.773Z,10354.890,RX,bus,-1,0001CA87,1,7,01 00 00 0F 03 87 CA,OK
2026-09-29T10:24:05.773Z,10354.932,RX,bus,-1,0011CA87,1,5,01 00 00 87 CA,OK
2026-09-29T10:24:05.778Z,10359.888,RX,bus,-1,0001BC82,1,7,01 00 00 0F 03 82 BC,OK
2026-09-29T10:24:05.778Z,10359.934,RX,bus,-1,0011BC82,1,5,01 00 00 82 BC,OK
2026-09-29T10:24:05.783Z,10364.844,RX,bus,-1,0001D5B3,1,7,01 00 00 0F 03 B3 D5,OK
2026-09-29T10:24:05.783Z,10364.885,RX,bus,-1,0011D5B3,1,5,01 00 00 B3 D5,OK
2026-09-29T10:24:05.788Z,10369.879,RX,bus,-1,00018630,1,7,01 00 00 0F 03 30 86,OK
2026-09-29T10:24:05.788Z,10369.919,RX,bus,-1,00118630,1,5,01 00 00 30 86,OK
2026-09-29T10:24:05.793Z,10374.782,RX,bus,-1,000104EE,1,7,01 00 00 0F 03 EE 04,OK
2026-09-29T10:24:05.793Z,10374.868,RX,bus,-1,001104EE,1,5,01 00 00 EE 04,OK
2026-09-29T10:24:05.798Z,10379.897,RX,bus,-1,0001D3A9,1,7,01 00 00 0F 03 A9 D3,OK
2026-09-29T10:24:05.798Z,10379.938,RX,bus,-1,0011D3A9,1,5,01 00 00 A9 D3,OK
2026-09-29T10:24:05.803Z,10384.864,RX,bus,-1,000130BF,1,7,01 00 00 0F 03 BF 30,OK
2026-09-29T10:24:05.803Z,10384.908,RX,bus,-1,001130BF,1,5,01 00 00 BF 30,OK
2026-09-29T10:24:05.808Z,10389.679,RX,bus,-1,00018F53,1,7,01 00 00 0F 03 53 8F,OK
2026-09-29T10:24:05.808Z,10389.892,RX,bus,-1,00118F53,1,5,01 00 00 53 8F,OK
2026-09-29T10:24:05.813Z,10394.769,RX,bus,-1,0001D56C,1,7,01 00 00 0F 03 6C D5,OK
2026-09-29T10:24:05.813Z,10394.868,RX,bus,-1,0011D56C,1,5,01 00 00 6C D5,OK
2026-09-29T10:24:05.818Z,10399.766,RX,bus,-1,0001824E,1,7,01 00 00 0F 03 4E 82,OK
2026-09-29T10:24:05.818Z,10399.862,RX,bus,-1,0011824E,1,5,01 00 00 4E 82,OK
2026-09-29T10:24:05.824Z,10404.799,RX,bus,-1,0001858B,1,7,01 00 00 0F 03 8B 85,OK
2026-09-29T10:24:05.824Z,10404.921,RX,bus,-1,0011858B,1,5,01 00 00 8B 85,OK
2026-09-29T10:24:05.829Z,10409.787,RX,bus,-1,0001EFA6,1,7,01 00 00 0F 03 A6 EF,OK
2026-09-29T10:24:05.829Z,10409.881,RX,bus,-1,0011EFA6,1,5,01 00 00 A6 EF,OK
2026-09-29T10:24:05.834Z,10414.796,RX,bus,-1,00019B36,1,7,01 00 00 0F 03 36 9B,OK
2026-09-29T10:24:05.834Z,10414.890,RX,bus,-1,00119B36,1,5,01 00 00 36 9B,OK
2026-09-29T10:24:05.839Z,10419.790,RX,bus,-1,00014130,1,7,01 00 00 0F 03 30 41,OK
2026-09-29T10:24:05.839Z,10419.882,RX,bus,-1,00114130,1,5,01 00 00 30 41,OK
2026-09-29T10:24:05.844Z,10424.794,RX,bus,-1,0001A27E,1,7,01 00 00 0F 03 7E A2,OK
2026-09-29T10:24:05.844Z,10424.956,RX,bus,-1,0011A27E,1,5,01 00 00 7E A2,OK
2026-09-29T10:24:05.849Z,10429.791,RX,bus,-1,00011452,1,7,01 00 00 0F 03 52 14,OK
2026-09-29T10:24:05.849Z,10429.884,RX,bus,-1,00111452,1,5,01 00 00 52 14,OK
2026-09-29T10:24:05.853Z,10434.667,RX,bus,-1,00013759,1,7,01 00 00 0F 03 59 37,OK
2026-09-29T10:24:05.854Z,10434.929,RX,bus,-1,00113759,1,5,01 00 00 59 37,OK
2026-09-29T10:24:05.859Z,10439.903,RX,bus,-1,00017798,1,7,01 00 00 0F 03 98 77,OK
2026-09-29T10:24:05.859Z,10439.999,RX,bus,-1,00117798,1,5,01 00 00 98 77,OK
2026-09-29T10:24:05.864Z,10444.783,RX,bus,-1,0001F318,1,7,01 00 00 0F 03 18 F3,OK
2026-09-29T10:24:05.864Z,10444.830,RX,bus,-1,0011F318,1,5,01 00 00 18 F3,OK
2026-09-29T10:24:05.868Z,10449.782,RX,bus,-1,0001B6B3,1,7,01 00 00 0F 03 B3 B6,OK
2026-09-29T10:24:05.868Z,10449.827,RX,bus,-1,0011B6B3,1,5,01 00 00 B3 B6,OK
2026-09-29T10:24:05.873Z,10454.627,RX,bus,-1,00010D2F,1,7,01 00 00 0F 03 2F 0D,OK
2026-09-29T10:24:05.873Z,10454.865,RX,bus,-1,00110D2F,1,5,01 00 00 2F 0D,OK
2026-09-29T10:24:05.878Z,10459.669,RX,bus,-1,0001CD5F,1,7,01 00 00 0F 03 5F CD,OK
2026-09-29T10:24:05.878Z,10459.844,RX,bus,-1,0011CD5F,1,5,01 00 00 5F CD,OK
2026-09-29T10:24:05.883Z,10464.648,RX,bus,-1,000124CA,1,7,01 00 00 0F 03 CA 24,OK
2026-09-29T10:24:05.883Z,10464.864,RX,bus,-1,001124CA,1,5,01 00 00 CA 24,OK
2026-09-29T10:24:05.888Z,10469.634,RX,bus,-1,00018A3F,1,7,01 00 00 0F 03 3F 8A,OK
2026-09-29T10:24:05.888Z,10469.843,RX,bus,-1,00118A3F,1,5,01 00 00 3F 8A,OK
2026-09-29T10:24:05.893Z,10474.646,RX,bus,-1,00012490,1,7,01 00 00 0F 03 90 24,OK
2026-09-29T10:24:05.893Z,10474.861,RX,bus,-1,00112490,1,5,01 00 00 90 24,OK
2026-09-29T10:24:05.898Z,10479.636,RX,bus,-1,000189B0,1,7,01 00 00 0F 03 B0 89,OK
2026-09-29T10:24:05.898Z,10479.862,RX,bus,-1,001189B0,1,5,01 00 00 B0 89,OK
2026-09-29T10:24:05.903Z,10484.597,RX,bus,-1,00019782,1,7,01 00 00 0F 03 82 97,OK
2026-09-29T10:24:05.903Z,10484.861,RX,bus,-1,00119782,1,5,01 00 00 82 97,OK
2026-09-29T10:24:05.908Z,10489.629,RX,bus,-1,00013526,1,7,01 00 00 0F 03 26 35,OK
2026-09-29T10:24:05.908Z,10489.839,RX,bus,-1,00113526,1,5,01 00 00 26 35,OK
2026-09-29T10:24:05.913Z,10494.753,RX,bus,-1,00012DCB,1,7,01 00 00 0F 03 CB 2D,OK
2026-09-29T10:24:05.913Z,10494.836,RX,bus,-1,00112DCB,1,5,01 00 00 CB 2D,OK
2026-09-29T10:24:05.917Z,10499.646,RX,bus,-1,0001DE8C,1,7,01 00 00 0F 03 8C DE,OK
2026-09-29T10:24:05.919Z,10499.846,RX,bus,-1,0011DE8C,1,5,01 00 00 8C DE,OK
2026-09-29T10:24:05.923Z,10504.781,RX,bus,-1,00010A08,1,7,01 00 00 0F 03 08 0A,OK
2026-09-29T10:24:05.924Z,10504.862,RX,bus,-1,00110A08,1,5,01 00 00 08 0A,OK
2026-09-29T10:24:05.928Z,10509.781,RX,bus,-1,000107BD,1,7,01 00 00 0F 03 BD 07,OK
2026-09-29T10:24:05.929Z,10509.861,RX,bus,-1,001107BD,1,5,01 00 00 BD 07,OK
2026-09-29T10:24:05.933Z,10514.775,RX,bus,-1,00018F52,1,7,01 00 00 0F 03 52 8F,OK
2026-09-29T10:24:05.934Z,10514.872,RX,bus,-1,00118F52,1,5,01 00 00 52 8F,OK
2026-09-29T10:24:05.938Z,10519.765,RX,bus,-1,00012111,1,7,01 00 00 0F 03 11 21,OK
2026-09-29T10:24:05.939Z,10519.850,RX,bus,-1,00112111,1,5,01 00 00 11 21,OK
2026-09-29T10:24:05.943Z,10524.785,RX,bus,-1,0001160B,1,7,01 00 00 0F 03 0B 16,OK
2026-09-29T10:24:05.944Z,10524.862,RX,bus,-1,0011160B,1,5,01 00 00 0B 16,OK
2026-09-29T10:24:05.948Z,10529.783,RX,bus,-1,0001C29A,1,7,01 00 00 0F 03 9A C2,OK
2026-09-29T10:24:05.949Z,10529.857,RX,bus,-1,0011C29A,1,5,01 00 00 9A C2,OK
2026-09-29T10:24:05.953Z,10534.777,RX,bus,-1,00017937,1,7,01 00 00 0F 03 37 79,OK
2026-09-29T10:24:05.954Z,10534.866,RX,bus,-1,00117937,1,5,01 00 00 37 79,OK
2026-09-29T10:24:05.958Z,10539.768,RX,bus,-1,00014A7A,1,7,01 00 00 0F 03 7A 4A,OK
2026-09-29T10:24:05.959Z,10539.850,RX,bus,-1,00114A7A,1,5,01 00 00 7A 4A,OK
2026-09-29T10:24:05.963Z,10544.782,RX,bus,-1,0001CBF8,1,7,01 00 00 0F 03 F8 CB,OK
2026-09-29T10:24:05.964Z,10544.863,RX,bus,-1,0011CBF8,1,5,01 00 00 F8 CB,OK
2026-09-29T10:24:05.968Z,10549.655,RX,bus,-1,00018B7F,1,7,01 00 00 0F 03 7F 8B,OK
2026-09-29T10:24:05.968Z,10549.870,RX,bus,-1,00118B7F,1,5,01 00 00 7F 8B,OK
2026-09-29T10:24:05.973Z,10554.606,RX,bus,-1,0001065A,1,7,01 00 00 0F 03 5A 06,OK
2026-09-29T10:24:05.973Z,10554.857,RX,bus,-1,0011065A,1,5,01 00 00 5A 06,OK
2026-09-29T10:24:05.978Z,10559.630,RX,bus,-1,00010DE5,1,7,01 00 00 0F 03 E5 0D,OK
2026-09-29T10:24:05.978Z,10559.835,RX,bus,-1,00110DE5,1,5,01 00 00 E5 0D,OK
2026-09-29T10:24:05.983Z,10564.644,RX,bus,-1,00014290,1,7,01 00 00 0F 03 90 42,OK
2026-09-29T10:24:05.983Z,10564.858,RX,bus,-1,00114290,1,5,01 00 00 90 42,OK
2026-09-29T10:24:05.988Z,10569.601,RX,bus,-1,000190F7,1,7,01 00 00 0F 03 F7 90,OK
2026-09-29T10:24:05.988Z,10569.837,RX,bus,-1,001190F7,1,5,01 00 00 F7 90,OK
2026-09-29T10:24:05.993Z,10574.611,RX,bus,-1,0001275E,1,7,01 00 00 0F 03 5E 27,OK
2026-09-29T10:24:05.993Z,10574.832,RX,bus,-1,0011275E,1,5,01 00 00 5E 27,OK
2026-09-29T10:24:05.998Z,10579.649,RX,bus,-1,00015ED7,1,7,01 00 00 0F 03 D7 5E,OK
2026-09-29T10:24:05.998Z,10579.835,RX,bus,-1,00115ED7,1,5,01 00 00 D7 5E,OK
2026-09-29T10:24:06.003Z,10584.625,RX,bus,-1,00011A38,1,7,01 00 00 0F 03 38 1A,OK
2026-09-29T10:24:06.003Z,10584.861,RX,bus,-1,00111A38,1,5,01 00 00 38 1A,OK
2026-09-29T10:24:06.008Z,10589.650,RX,bus,-1,00010CC0,1,7,01 00 00 0F 03 C0 0C,OK
2026-09-29T10:24:06.008Z,10589.863,RX,bus,-1,00110CC0,1,5,01 00 00 C0 0C,OK
2026-09-29T10:24:06.013Z,10594.754,RX,bus,-1,0001D760,1,7,01 00 00 0F 03 60 D7,OK
2026-09-29T10:24:06.013Z,10594.835,RX,bus,-1,0011D760,1,5,01 00 00 60 D7,OK
2026-09-29T10:24:06.017Z,10599.793,RX,bus,-1,00019480,1,7,01 00 00 0F 03 80 94,OK
2026-09-29T10:24:06.019Z,10599.880,RX,bus,-1,00119480,1,5,01 00 00 80 94,OK
2026-09-29T10:24:06.023Z,10604.727,RX,bus,-1,00011C0E,1,7,01 00 00 0F 03 0E 1C,OK
2026-09-29T10:24:06.023Z,10604.835,RX,bus,-1,00111C0E,1,5,01 00 00 0E 1C,OK
2026-09-29T10:24:06.028Z,10609.718,RX,bus,-1,0001DCEE,1,7,01 00 00 0F 03 EE DC,OK
2026-09-29T10:24:06.028Z,10609.834,RX,bus,-1,0011DCEE,1,5,01 00 00 EE DC,OK
2026-09-29T10:24:06.033Z,10614.749,RX,bus,-1,00011266,1,7,01 00 00 0F 03 66 12,OK
2026-09-29T10:24:06.033Z,10614.836,RX,bus,-1,00111266,1,5,01 00 00 66 12,OK
2026-09-29T10:24:06.038Z,10619.787,RX,bus,-1,0001D9BD,1,7,01 00 00 0F 03 BD D9,OK
2026-09-29T10:24:06.038Z,10619.829,RX,bus,-1,0011D9BD,1,5,01 00 00 BD D9,OK
2026-09-29T10:24:06.043Z,10624.708,RX,bus,-1,0001CCBF,1,7,01 00 00 0F 03 BF CC,OK
2026-09-29T10:24:06.043Z,10624.836,RX,bus,-1,0011CCBF,1,5,01 00 00 BF CC,OK
2026-09-29T10:24:06.048Z,10629.752,RX,bus,-1,00017BCC,1,7,01 00 00 0F 03 CC 7B,OK
2026-09-29T10:24:06.048Z,10629.835,RX,bus,-1,00117BCC,1,5,01 00 00 CC 7B,OK
2026-09-29T10:24:06.053Z,10634.749,RX,bus,-1,0001F597,1,7,01 00 00 0F 03 97 F5,OK
2026-09-29T10:24:06.054Z,10634.840,RX,bus,-1,0011F597,1,5,01 00 00 97 F5,OK
2026-09-29T10:24:06.058Z,10639.761,RX,bus,-1,000165E1,1,7,01 00 00 0F 03 E1 65,OK
2026-09-29T10:24:06.059Z,10639.840,RX,bus,-1,001165E1,1,5,01 00 00 E1 65,OK
2026-09-29T10:24:06.063Z,10644.748,RX,bus,-1,0001E31B,1,7,01 00 00 0F 03 1B E3,OK
2026-09-29T10:24:06.063Z,10644.836,RX,bus,-1,0011E31B,1,5,01 00 00 1B E3,OK
2026-09-29T10:24:06.068Z,10649.652,RX,bus,-1,0001BA80,1,7,01 00 00 0F 03 80 BA,OK
2026-09-29T10:24:06.068Z,10649.837,RX,bus,-1,0011BA80,1,5,01 00 00 80 BA,OK
2026-09-29T10:24:06.073Z,10654.642,RX,bus,-1,0001CD2E,1,7,01 00 00 0F 03 2E CD,OK
2026-09-29T10:24:06.073Z,10654.842,RX,bus,-1,0011CD2E,1,5,01 00 00 2E CD,OK
2026-09-29T10:24:06.078Z,10659.675,RX,bus,-1,0001E232,1,7,01 00 00 0F 03 32 E2,OK
2026-09-29T10:24:06.078Z,10659.837,RX,bus,-1,0011E232,1,5,01 00 00 32 E2,OK
2026-09-29T10:24:06.083Z,10664.618,RX,bus,-1,0001F263,1,7,01 00 00 0F 03 63 F2,OK
2026-09-29T10:24:06.083Z,10664.834,RX,bus,-1,0011F263,1,5,01 00 00 63 F2,OK
2026-09-29T10:24:06.088Z,10669.652,RX,bus,-1,0001A275,1,7,01 00 00 0F 03 75 A2,OK
2026-09-29T10:24:06.088Z,10669.835,RX,bus,-1,0011A275,1,5,01 00 00 75 A2,OK
2026-09-29T10:24:06.093Z,10674.619,RX,bus,-1,0001102F,1,7,01 00 00 0F 03 2F 10,OK
2026-09-29T10:24:06.093Z,10674.833,RX,bus,-1,0011102F,1,5,01 00 00 2F 10,OK
2026-09-29T10:24:06.098Z,10679.684,RX,bus,-1,0001A034,1,7,01 00 00 0F 03 34 A0,OK
2026-09-29T10:24:06.098Z,10679.833,RX,bus,-1,0011A034,1,5,01 00 00 34 A0,OK
2026-09-29T10:24:06.103Z,10684.657,RX,bus,-1,0001F068,1,7,01 00 00 0F 03 68 F0,OK
2026-09-29T10:24:06.103Z,10684.830,RX,bus,-1,0011F068,1,5,01 00 00 68 F0,OK
2026-09-29T10:24:06.108Z,10689.690,RX,bus,-1,00013978,1,7,01 00 00 0F 03 78 39,OK
2026-09-29T10:24:06.108Z,10689.832,RX,bus,-1,00113978,1,5,01 00 00 78 39,OK
2026-09-29T10:24:06.113Z,10694.794,RX,bus,-1,000195D6,1,7,01 00 00 0F 03 D6 95,OK
2026-09-29T10:24:06.113Z,10694.873,RX,bus,-1,001195D6,1,5,01 00 00 D6 95,OK
2026-09-29T10:24:06.117Z,10699.633,RX,bus,-1,000110A9,1,7,01 00 00 0F 03 A9 10,OK
2026-09-29T10:24:06.117Z,10699.848,RX,bus,-1,001110A9,1,5,01 00 00 A9 10,OK
2026-09-29T10:24:06.123Z,10704.623,RX,bus,-1,0001CB54,1,7,01 00 00 0F 03 54 CB,OK
2026-09-29T10:24:06.123Z,10704.847,RX,bus,-1,0011CB54,1,5,01 00 00 54 CB,OK
2026-09-29T10:24:06.128Z,10709.633,RX,bus,-1,0001509E,1,7,01 00 00 0F 03 9E 50,OK
2026-09-29T10:24:06.128Z,10709.845,RX,bus,-1,0011509E,1,5,01 00 00 9E 50,OK
2026-09-29T10:24:06.133Z,10714.703,RX,bus,-1,000180D3,1,7,01 00 00 0F 03 D3 80,OK
2026-09-29T10:24:06.133Z,10714.843,RX,bus,-1,001180D3,1,5,01 00 00 D3 80,OK
2026-09-29T10:24:06.138Z,10719.642,RX,bus,-1,0001E353,1,7,01 00 00 0F 03 53 E3,OK
2026-09-29T10:24:06.138Z,10719.845,RX,bus,-1,0011E353,1,5,01 00 00 53 E3,OK
2026-09-29T10:24:06.143Z,10724.637,RX,bus,-1,0001E346,1,7,01 00 00 0F 03 46 E3,OK
2026-09-29T10:24:06.143Z,10724.844,RX,bus,-1,0011E346,1,5,01 00 00 46 E3,OK
2026-09-29T10:24:06.148Z,10729.635,RX,bus,-1,00015DEC,1,7,01 00 00 0F 03 EC 5D,OK
2026-09-29T10:24:06.148Z,10729.878,RX,bus,-1,00115DEC,1,5,01 00 00 EC 5D,OK
2026-09-29T10:24:06.153Z,10734.639,RX,bus,-1,00016038,1,7,01 00 00 0F 03 38 60,OK
2026-09-29T10:24:06.153Z,10734.845,RX,bus,-1,00116038,1,5,01 00 00 38 60,OK
2026-09-29T10:24:06.158Z,10739.631,RX,bus,-1,0001737E,1,7,01 00 00 0F 03 7E 73,OK
2026-09-29T10:24:06.158Z,10739.845,RX,bus,-1,0011737E,1,5,01 00 00 7E 73,OK
2026-09-29T10:24:06.163Z,10744.606,RX,bus,-1,0001BF9F,1,7,01 00 00 0F 03 9F BF,OK
2026-09-29T10:24:06.163Z,10744.840,RX,bus,-1,0011BF9F,1,5,01 00 00 9F BF,OK
2026-09-29T10:24:06.167Z,10749.602,RX,bus,-1,00013CB4,1,7,01 00 00 0F 03 B4 3C,OK
2026-09-29T10:24:06.168Z,10749.907,RX,bus,-1,00113CB4,1,5,01 00 00 B4 3C,OK
2026-09-29T10:24:06.173Z,10754.604,RX,bus,-1,00014A2C,1,7,01 00 00 0F 03 2C 4A,OK
2026-09-29T10:24:06.173Z,10755.014,RX,bus,-1,00114A2C,1,5,01 00 00 2C 4A,OK
2026-09-29T10:24:06.179Z,10759.835,RX,bus,-1,00011D40,1,7,01 00 00 0F 03 40 1D,OK
2026-09-29T10:24:06.179Z,10759.903,RX,bus,-1,00111D40,1,5,01 00 00 40 1D,OK
2026-09-29T10:24:06.183Z,10764.644,RX,bus,-1,0001741E,1,7,01 00 00 0F 03 1E 74,OK
2026-09-29T10:24:06.183Z,10764.893,RX,bus,-1,0011741E,1,5,01 00 00 1E 74,OK
2026-09-29T10:24:06.189Z,10769.846,RX,bus,-1,000110C0,1,7,01 00 00 0F 03 C0 10,OK
2026-09-29T10:24:06.189Z,10769.912,RX,bus,-1,001110C0,1,5,01 00 00 C0 10,OK
2026-09-29T10:24:06.194Z,10774.860,RX,bus,-1,0001CC67,1,7,01 00 00 0F 03 67 CC,OK
2026-09-29T10:24:06.194Z,10774.951,RX,bus,-1,0011CC67,1,5,01 00 00 67 CC,OK
2026-09-29T10:24:06.198Z,10779.897,RX,bus,-1,0001837D,1,7,01 00 00 0F 03 7D 83,OK
2026-09-29T10:24:06.199Z,10780.031,RX,bus,-1,0011837D,1,5,01 00 00 7D 83,OK
2026-09-29T10:24:06.203Z,10784.893,RX,bus,-1,000165AC,1,7,01 00 00 0F 03 AC 65,OK
2026-09-29T10:24:06.204Z,10784.986,RX,bus,-1,001165AC,1,5,01 00 00 AC 65,OK
2026-09-29T10:24:06.209Z,10789.923,RX,bus,-1,00010830,1,7,01 00 00 0F 03 30 08,OK
2026-09-29T10:24:06.209Z,10790.020,RX,bus,-1,00110830,1,5,01 00 00 30 08,OK
2026-09-29T10:24:06.214Z,10794.913,RX,bus,-1,0001265D,1,7,01 00 00 0F 03 5D 26,OK
2026-09-29T10:24:06.214Z,10795.004,RX,bus,-1,0011265D,1,5,01 00 00 5D 26,OK
2026-09-29T10:24:06.219Z,10799.960,RX,bus,-1,0001D2AC,1,7,01 00 00 0F 03 AC D2,OK
2026-09-29T10:24:06.219Z,10800.075,RX,bus,-1,0011D2AC,1,5,01 00 00 AC D2,OK
2026-09-29T10:24:06.224Z,10805.047,RX,bus,-1,0001A6F7,1,7,01 00 00 0F 03 F7 A6,OK
2026-09-29T10:24:06.224Z,10805.138,RX,bus,-1,0011A6F7,1,5,01 00 00 F7 A6,OK
2026-09-29T10:24:06.229Z,10810.115,RX,bus,-1,00013023,1,7,01 00 00 0F 03 23 30,OK
2026-09-29T10:24:06.229Z,10810.206,RX,bus,-1,00113023,1,5,01 00 00 23 30,OK
2026-09-29T10:24:06.234Z,10815.102,RX,bus,-1,00012D37,1,7,01 00 00 0F 03 37 2D,OK
2026-09-29T10:24:06.234Z,10815.192,RX,bus,-1,00112D37,1,5,01 00 00 37 2D,OK
2026-09-29T10:24:06.239Z,10820.052,RX,bus,-1,00012C5C,1,7,01 00 00 0F 03 5C 2C,OK
2026-09-29T10:24:06.239Z,10820.150,RX,bus,-1,00112C5C,1,5,01 00 00 5C 2C,OK
2026-09-29T10:24:06.244Z,10825.171,RX,bus,-1,000194C0,1,7,01 00 00 0F 03 C0 94,OK
2026-09-29T10:24:06.244Z,10825.261,RX,bus,-1,001194C0,1,5,01 00 00 C0 94,OK
2026-09-29T10:24:06.248Z,10829.667,RX,bus,-1,00014C17,1,7,01 00 00 0F 03 17 4C,OK
2026-09-29T10:24:06.249Z,10829.847,RX,bus,-1,00114C17,1,5,01 00 00 17 4C,OK
2026-09-29T10:24:06.253Z,10834.788,RX,bus,-1,00017D85,1,7,01 00 00 0F 03 85 7D,OK
2026-09-29T10:24:06.254Z,10834.903,RX,bus,-1,00117D85,1,5,01 00 00 85 7D,OK
2026-09-29T10:24:06.259Z,10840.196,RX,bus,-1,0001DF74,1,7,01 00 00 0F 03 74 DF,OK
2026-09-29T10:24:06.259Z,10840.305,RX,bus,-1,0011DF74,1,5,01 00 00 74 DF,OK
2026-09-29T10:24:06.263Z,10844.670,RX,bus,-1,00018DF4,1,7,01 00 00 0F 03 F4 8D,OK
2026-09-29T10:24:06.263Z,10844.832,RX,bus,-1,00118DF4,1,5,01 00 00 F4 8D,OK
2026-09-29T10:24:06.268Z,10850.131,RX,bus,-1,00019010,1,7,01 00 00 0F 03 10 90,OK
2026-09-29T10:24:06.269Z,10850.226,RX,bus,-1,00119010,1,5,01 00 00 10 90,OK
2026-09-29T10:24:06.273Z,10854.689,RX,bus,-1,00017EB4,1,7,01 00 00 0F 03 B4 7E,OK
2026-09-29T10:24:06.273Z,10854.891,RX,bus,-1,00117EB4,1,5,01 00 00 B4 7E,OK
2026-09-29T10:24:06.278Z,10859.677,RX,bus,-1,0001C53C,1,7,01 00 00 0F 03 3C C5,OK
2026-09-29T10:24:06.278Z,10859.883,RX,bus,-1,0011C53C,1,5,01 00 00 3C C5,OK
2026-09-29T10:24:06.283Z,10864.614,RX,bus,-1,00014B7C,1,7,01 00 00 0F 03 7C 4B,OK
2026-09-29T10:24:06.283Z,10864.878,RX,bus,-1,00114B7C,1,5,01 00 00 7C 4B,OK
2026-09-29T10:24:06.288Z,10869.697,RX,bus,-1,00018D7A,1,7,01 00 00 0F 03 7A 8D,OK
2026-09-29T10:24:06.288Z,10869.868,RX,bus,-1,00118D7A,1,5,01 00 00 7A 8D,OK
2026-09-29T10:24:06.293Z,10874.668,RX,bus,-1,00016840,1,7,01 00 00 0F 03 40 68,OK
2026-09-29T10:24:06.293Z,10874.859,RX,bus,-1,00116840,1,5,01 00 00 40 68,OK
2026-09-29T10:24:06.298Z,10879.810,RX,bus,-1,0001971E,1,7,01 00 00 0F 03 1E 97,OK
2026-09-29T10:24:06.298Z,10879.908,RX,bus,-1,0011971E,1,5,01 00 00 1E 97,OK
2026-09-29T10:24:06.303Z,10884.716,RX,bus,-1,00018BD3,1,7,01 00 00 0F 03 D3 8B,OK
2026-09-29T10:24:06.303Z,10884.895,RX,bus,-1,00118BD3,1,5,01 00 00 D3 8B,OK
2026-09-29T10:24:06.308Z,10889.742,RX,bus,-1,0001EECE,1,7,01 00 00 0F 03 CE EE,OK
2026-09-29T10:24:06.308Z,10889.850,RX,bus,-1,0011EECE,1,5,01 00 00 CE EE,OK
2026-09-29T10:24:06.313Z,10894.644,RX,bus,-1,000170A9,1,7,01 00 00 0F 03 A9 70,OK
2026-09-29T10:24:06.313Z,10894.835,RX,bus,-1,001170A9,1,5,01 00 00 A9 70,OK
2026-09-29T10:24:06.317Z,10899.736,RX,bus,-1,00011D2C,1,7,01 00 00 0F 03 2C 1D,OK
2026-09-29T10:24:06.319Z,10899.850,RX,bus,-1,00111D2C,1,5,01 00 00 2C 1D,OK
2026-09-29T10:24:06.323Z,10904.735,RX,bus,-1,0001AA5B,1,7,01 00 00 0F 03 5B AA,OK
2026-09-29T10:24:06.324Z,10904.889,RX,bus,-1,0011AA5B,1,5,01 00 00 5B AA,OK
2026-09-29T10:24:06.328Z,10909.730,RX,bus,-1,000145F6,1,7,01 00 00 0F 03 F6 45,OK
2026-09-29T10:24:06.329Z,10909.847,RX,bus,-1,001145F6,1,5,01 00 00 F6 45,OK
2026-09-29T10:24:06.333Z,10914.731,RX,bus,-1,0001B226,1,7,01 00 00 0F 03 26 B2,OK
2026-09-29T10:24:06.334Z,10914.835,RX,bus,-1,0011B226,1,5,01 00 00 26 B2,OK
2026-09-29T10:24:06.338Z,10919.733,RX,bus,-1,0001B560,1,7,01 00 00 0F 03 60 B5,OK
2026-09-29T10:24:06.339Z,10919.841,RX,bus,-1,0011B560,1,5,01 00 00 60 B5,OK
2026-09-29T10:24:06.343Z,10924.572,RX,bus,-1,00011E6F,1,7,01 00 00 0F 03 6F 1E,OK
2026-09-29T10:24:06.344Z,10924.850,RX,bus,-1,00111E6F,1,5,01 00 00 6F 1E,OK
2026-09-29T10:24:06.348Z,10929.736,RX,bus,-1,0001F170,1,7,01 00 00 0F 03 70 F1,OK
2026-09-29T10:24:06.349Z,10929.845,RX,bus,-1,0011F170,1,5,01 00 00 70 F1,OK
2026-09-29T10:24:06.353Z,10934.745,RX,bus,-1,0001651B,1,7,01 00 00 0F 03 1B 65,OK
2026-09-29T10:24:06.354Z,10934.851,RX,bus,-1,0011651B,1,5,01 00 00 1B 65,OK
2026-09-29T10:24:06.358Z,10939.751,RX,bus,-1,00016FA6,1,7,01 00 00 0F 03 A6 6F,OK
2026-09-29T10:24:06.359Z,10939.853,RX,bus,-1,00116FA6,1,5,01 00 00 A6 6F,OK
2026-09-29T10:24:06.363Z,10944.767,RX,bus,-1,00011638,1,7,01 00 00 0F 03 38 16,OK
2026-09-29T10:24:06.363Z,10944.846,RX,bus,-1,00111638,1,5,01 00 00 38 16,OK
2026-09-29T10:24:06.368Z,10949.661,RX,bus,-1,0001D834,1,7,01 00 00 0F 03 34 D8,OK
2026-09-29T10:24:06.368Z,10949.805,RX,bus,-1,0011D834,1,5,01 00 00 34 D8,OK
2026-09-29T10:24:06.372Z,10954.535,RX,bus,-1,0001D04A,1,7,01 00 00 0F 03 4A D0,OK
2026-09-29T10:24:06.373Z,10954.801,RX,bus,-1,0011D04A,1,5,01 00 00 4A D0,OK
2026-09-29T10:24:06.378Z,10959.680,RX,bus,-1,0001769A,1,7,01 00 00 0F 03 9A 76,OK
2026-09-29T10:24:06.378Z,10959.802,RX,bus,-1,0011769A,1,5,01 00 00 9A 76,OK
2026-09-29T10:24:06.383Z,10964.767,RX,bus,-1,0001FD3F,1,7,01 00 00 0F 03 3F FD,OK
2026-09-29T10:24:06.383Z,10964.833,RX,bus,-1,0011FD3F,1,5,01 00 00 3F FD,OK
2026-09-29T10:24:06.388Z,10969.734,RX,bus,-1,00014056,1,7,01 00 00 0F 03 56 40,OK
2026-09-29T10:24:06.388Z,10969.786,RX,bus,-1,00114056,1,5,01 00 00 56 40,OK
2026-09-29T10:24:06.393Z,10974.761,RX,bus,-1,00016ECB,1,7,01 00 00 0F 03 CB 6E,OK
2026-09-29T10:24:06.393Z,10974.813,RX,bus,-1,00116ECB,1,5,01 00 00 CB 6E,OK
2026-09-29T10:24:06.397Z,10979.574,RX,bus,-1,00015D10,1,7,01 00 00 0F 03 10 5D,OK
2026-09-29T10:24:06.398Z,10979.832,RX,bus,-1,00115D10,1,5,01 00 00 10 5D,OK
2026-09-29T10:24:06.402Z,10984.575,RX,bus,-1,000116C6,1,7,01 00 00 0F 03 C6 16,OK
2026-09-29T10:24:06.403Z,10984.837,RX,bus,-1,001116C6,1,5,01 00 00 C6 16,OK
2026-09-29T10:24:06.407Z,10989.548,RX,bus,-1,00019C6A,1,7,01 00 00 0F 03 6A 9C,OK
2026-09-29T10:24:06.408Z,10989.838,RX,bus,-1,00119C6A,1,5,01 00 00 6A 9C,OK
2026-09-29T10:24:06.413Z,10994.612,RX,bus,-1,0001EFBD,1,7,01 00 00 0F 03 BD EF,OK
2026-09-29T10:24:06.413Z,10994.878,RX,bus,-1,0011EFBD,1,5,01 00 00 BD EF,OK
2026-09-29T10:24:06.418Z,10999.587,RX,bus,-1,00017457,1,7,01 00 00 0F 03 57 74,OK
2026-09-29T10:24:06.418Z,10999.881,RX,bus,-1,00117457,1,5,01 00 00 57 74,OK
2026-09-29T10:24:06.424Z,11004.756,RX,bus,-1,00010BD5,1,7,01 00 00 0F 03 D5 0B,OK
2026-09-29T10:24:06.424Z,11004.884,RX,bus,-1,00110BD5,1,5,01 00 00 D5 0B,OK
2026-09-29T10:24:06.429Z,11009.974,RX,bus,-1,000167AA,1,7,01 00 00 0F 03 AA 67,OK
2026-09-29T10:24:06.429Z,11010.067,RX,bus,-1,001167AA,1,5,01 00 00 AA 67,OK
2026-09-29T10:24:06.434Z,11015.035,RX,bus,-1,00014FB8,1,7,01 00 00 0F 03 B8 4F,OK
2026-09-29T10:24:06.434Z,11015.128,RX,bus,-1,00114FB8,1,5,01 00 00 B8 4F,OK
2026-09-29T10:24:06.439Z,11020.043,RX,bus,-1,00010F3D,1,7,01 00 00 0F 03 3D 0F,OK
2026-09-29T10:24:06.439Z,11020.134,RX,bus,-1,00110F3D,1,5,01 00 00 3D 0F,OK
2026-09-29T10:24:06.444Z,11025.022,RX,bus,-1,00016D16,1,7,01 00 00 0F 03 16 6D,OK
2026-09-29T10:24:06.444Z,11025.114,RX,bus,-1,00116D16,1,5,01 00 00 16 6D,OK
2026-09-29T10:24:06.449Z,11030.088,RX,bus,-1,0001DCD9,1,7,01 00 00 0F 03 D9 DC,OK
2026-09-29T10:24:06.449Z,11030.192,RX,bus,-1,0011DCD9,1,5,01 00 00 D9 DC,OK
2026-09-29T10:24:06.453Z,11034.598,RX,bus,-1,0001E008,1,7,01 00 00 0F 03 08 E0,OK
2026-09-29T10:24:06.454Z,11034.896,RX,bus,-1,0011E008,1,5,01 00 00 08 E0,OK
2026-09-29T10:24:06.458Z,11039.724,RX,bus,-1,0001C9D0,1,7,01 00 00 0F 03 D0 C9,OK
2026-09-29T10:24:06.458Z,11039.917,RX,bus,-1,0011C9D0,1,5,01 00 00 D0 C9,OK
2026-09-29T10:24:06.463Z,11044.606,RX,bus,-1,00015860,1,7,01 00 00 0F 03 60 58,OK
2026-09-29T10:24:06.464Z,11044.879,RX,bus,-1,00115860,1,5,01 00 00 60 58,OK
2026-09-29T10:24:06.468Z,11049.630,RX,bus,-1,0001E3E4,1,7,01 00 00 0F 03 E4 E3,OK
2026-09-29T10:24:06.468Z,11049.845,RX,bus,-1,0011E3E4,1,5,01 00 00 E4 E3,OK
2026-09-29T10:24:06.474Z,11055.018,RX,bus,-1,00016F9B,1,7,01 00 00 0F 03 9B 6F,OK
2026-09-29T10:24:06.474Z,11055.110,RX,bus,-1,00116F9B,1,5,01 00 00 9B 6F,OK
2026-09-29T10:24:06.479Z,11060.022,RX,bus,-1,000101E9,1,7,01 00 00 0F 03 E9 01,OK
2026-09-29T10:24:06.479Z,11060.117,RX,bus,-1,001101E9,1,5,01 00 00 E9 01,OK
2026-09-29T10:24:06.484Z,11065.105,RX,bus,-1,00010214,1,7,01 00 00 0F 03 14 02,OK
2026-09-29T10:24:06.484Z,11065.195,RX,bus,-1,00110214,1,5,01 00 00 14 02,OK
2026-09-29T10:24:06.489Z,11070.074,RX,bus,-1,0001CA4D,1,7,01 00 00 0F 03 4D CA,OK
2026-09-29T10:24:06.489Z,11070.169,RX,bus,-1,0011CA4D,1,5,01 00 00 4D CA,OK
2026-09-29T10:24:06.494Z,11075.138,RX,bus,-1,000131B6,1,7,01 00 00 0F 03 B6 31,OK
2026-09-29T10:24:06.494Z,11075.238,RX,bus,-1,001131B6,1,5,01 00 00 B6 31,OK
2026-09-29T10:24:06.498Z,11079.674,RX,bus,-1,0001F469,1,7,01 00 00 0F 03 69 F4,OK
2026-09-29T10:24:06.498Z,11079.874,RX,bus,-1,0011F469,1,5,01 00 00 69 F4,OK
2026-09-29T10:24:06.503Z,11084.597,RX,bus,-1,0001362B,1,7,01 00 00 0F 03 2B 36,OK
2026-09-29T10:24:06.503Z,11084.834,RX,bus,-1,0011362B,1,5,01 00 00 2B 36,OK
2026-09-29T10:24:06.508Z,11089.552,RX,bus,-1,00012247,1,7,01 00 00 0F 03 47 22,OK
2026-09-29T10:24:06.508Z,11089.841,RX,bus,-1,00112247,1,5,01 00 00 47 22,OK
2026-09-29T10:24:06.513Z,11094.554,RX,bus,-1,0001F669,1,7,01 00 00 0F 03 69 F6,OK
2026-09-29T10:24:06.513Z,11094.840,RX,bus,-1,0011F669,1,5,01 00 00 69 F6,OK
2026-09-29T10:24:06.518Z,11099.553,RX,bus,-1,00013B40,1,7,01 00 00 0F 03 40 3B,OK
2026-09-29T10:24:06.518Z,11099.842,RX,bus,-1,00113B40,1,5,01 00 00 40 3B,OK
2026-09-29T10:24:06.523Z,11104.691,RX,bus,-1,0001F50A,1,7,01 00 00 0F 03 0A F5,OK
2026-09-29T10:24:06.523Z,11104.779,RX,bus,-1,0011F50A,1,5,01 00 00 0A F5,OK
2026-09-29T10:24:06.528Z,11109.671,RX,bus,-1,00018CA0,1,7,01 00 00 0F 03 A0 8C,OK
2026-09-29T10:24:06.528Z,11109.905,RX,bus,-1,00118CA0,1,5,01 00 00 A0 8C,OK
2026-09-29T10:24:06.533Z,11114.611,RX,bus,-1,000118C7,1,7,01 00 00 0F 03 C7 18,OK
2026-09-29T10:24:06.533Z,11114.816,RX,bus,-1,001118C7,1,5,01 00 00 C7 18,OK
2026-09-29T10:24:06.538Z,11119.715,RX,bus,-1,0001E832,1,7,01 00 00 0F 03 32 E8,OK
2026-09-29T10:24:06.538Z,11119.796,RX,bus,-1,0011E832,1,5,01 00 00 32 E8,OK
2026-09-29T10:24:06.543Z,11124.580,RX,bus,-1,0001081B,1,7,01 00 00 0F 03 1B 08,OK
2026-09-29T10:24:06.543Z,11124.879,RX,bus,-1,0011081B,1,5,01 00 00 1B 08,OK
2026-09-29T10:24:06.548Z,11129.576,RX,bus,-1,00018562,1,7,01 00 00 0F 03 62 85,OK
2026-09-29T10:24:06.548Z,11129.884,RX,bus,-1,00118562,1,5,01 00 00 62 85,OK
2026-09-29T10:24:06.553Z,11134.650,RX,bus,-1,0001B2D5,1,7,01 00 00 0F 03 D5 B2,OK
2026-09-29T10:24:06.553Z,11134.884,RX,bus,-1,0011B2D5,1,5,01 00 00 D5 B2,OK
2026-09-29T10:24:06.558Z,11139.642,RX,bus,-1,00011858,1,7,01 00 00 0F 03 58 18,OK
2026-09-29T10:24:06.558Z,11139.813,RX,bus,-1,00111858,1,5,01 00 00 58 18,OK
2026-09-29T10:24:06.563Z,11144.591,RX,bus,-1,0001921C,1,7,01 00 00 0F 03 1C 92,OK
2026-09-29T10:24:06.563Z,11144.889,RX,bus,-1,0011921C,1,5,01 00 00 1C 92,OK
2026-09-29T10:24:06.567Z,11149.747,RX,bus,-1,00013F37,1,7,01 00 00 0F 03 37 3F,OK
2026-09-29T10:24:06.569Z,11149.885,RX,bus,-1,00113F37,1,5,01 00 00 37 3F,OK
2026-09-29T10:24:06.573Z,11154.810,RX,bus,-1,0001833E,1,7,01 00 00 0F 03 3E 83,OK
2026-09-29T10:24:06.573Z,11154.862,RX,bus,-1,0011833E,1,5,01 00 00 3E 83,OK
2026-09-29T10:24:06.578Z,11159.746,RX,bus,-1,00010867,1,7,01 00 00 0F 03 67 08,OK
2026-09-29T10:24:06.579Z,11159.887,RX,bus,-1,00110867,1,5,01 00 00 67 08,OK
2026-09-29T10:24:06.583Z,11164.742,RX,bus,-1,00018335,1,7,01 00 00 0F 03 35 83,OK
2026-09-29T10:24:06.583Z,11164.852,RX,bus,-1,00118335,1,5,01 00 00 35 83,OK
2026-09-29T10:24:06.588Z,11169.584,RX,bus,-1,00015990,1,7,01 00 00 0F 03 90 59,OK
2026-09-29T10:24:06.589Z,11169.882,RX,bus,-1,00115990,1,5,01 00 00 90 59,OK
2026-09-29T10:24:06.593Z,11174.576,RX,bus,-1,000124CB,1,7,01 00 00 0F 03 CB 24,OK
2026-09-29T10:24:06.594Z,11174.887,RX,bus,-1,001124CB,1,5,01 00 00 CB 24,OK
2026-09-29T10:24:06.598Z,11179.770,RX,bus,-1,000181B2,1,7,01 00 00 0F 03 B2 81,OK
2026-09-29T10:24:06.598Z,11179.821,RX,bus,-1,001181B2,1,5,01 00 00 B2 81,OK
2026-09-29T10:24:06.603Z,11184.807,RX,bus,-1,000150CB,1,7,01 00 00 0F 03 CB 50,OK
2026-09-29T10:24:06.603Z,11184.859,RX,bus,-1,001150CB,1,5,01 00 00 CB 50,OK
2026-09-29T10:24:06.608Z,11189.781,RX,bus,-1,0001DD83,1,7,01 00 00 0F 03 83 DD,OK
2026-09-29T10:24:06.608Z,11189.833,RX,bus,-1,0011DD83,1,5,01 00 00 83 DD,OK
2026-09-29T10:24:06.613Z,11194.547,RX,bus,-1,00010794,1,7,01 00 00 0F 03 94 07,OK
2026-09-29T10:24:06.613Z,11194.808,RX,bus,-1,00110794,1,5,01 00 00 94 07,OK
2026-09-29T10:24:06.618Z,11199.585,RX,bus,-1,000127F0,1,7,01 00 00 0F 03 F0 27,OK
2026-09-29T10:24:06.618Z,11199.885,RX,bus,-1,001127F0,1,5,01 00 00 F0 27,OK
2026-09-29T10:24:06.623Z,11204.541,RX,bus,-1,00017116,1,7,01 00 00 0F 03 16 71,OK
2026-09-29T10:24:06.623Z,11204.881,RX,bus,-1,00117116,1,5,01 00 00 16 71,OK
2026-09-29T10:24:06.628Z,11209.563,RX,bus,-1,0001DD78,1,7,01 00 00 0F 03 78 DD,OK
2026-09-29T10:24:06.628Z,11209.858,RX,bus,-1,0011DD78,1,5,01 00 00 78 DD,OK
2026-09-29T10:24:06.633Z,11214.583,RX,bus,-1,00017FF5,1,7,01 00 00 0F 03 F5 7F,OK
2026-09-29T10:24:06.633Z,11214.887,RX,bus,-1,00117FF5,1,5,01 00 00 F5 7F,OK
2026-09-29T10:24:06.638Z,11219.559,RX,bus,-1,0001BFBD,1,7,01 00 00 0F 03 BD BF,OK
2026-09-29T10:24:06.638Z,11219.826,RX,bus,-1,0011BFBD,1,5,01 00 00 BD BF,OK
2026-09-29T10:24:06.643Z,11224.555,RX,bus,-1,0001E672,1,7,01 00 00 0F 03 72 E6,OK
2026-09-29T10:24:06.643Z,11224.888,RX,bus,-1,0011E672,1,5,01 00 00 72 E6,OK
2026-09-29T10:24:06.648Z,11229.558,RX,bus,-1,00016B82,1,7,01 00 00 0F 03 82 6B,OK
2026-09-29T10:24:06.648Z,11229.886,RX,bus,-1,00116B82,1,5,01 00 00 82 6B,OK
2026-09-29T10:24:06.653Z,11234.593,RX,bus,-1,0001E742,1,7,01 00 00 0F 03 42 E7,OK
2026-09-29T10:24:06.653Z,11234.886,RX,bus,-1,0011E742,1,5,01 00 00 42 E7,OK
2026-09-29T10:24:06.658Z,11239.588,RX,bus,-1,000185E2,1,7,01 00 00 0F 03 E2 85,OK
2026-09-29T10:24:06.658Z,11239.887,RX,bus,-1,001185E2,1,5,01 00 00 E2 85,OK
2026-09-29T10:24:06.663Z,11244.534,RX,bus,-1,0001DA78,1,7,01 00 00 0F 03 78 DA,OK
2026-09-29T10:24:06.663Z,11244.836,RX,bus,-1,0011DA78,1,5,01 00 00 78 DA,OK
2026-09-29T10:24:06.668Z,11249.558,RX,bus,-1,0001428D,1,7,01 00 00 0F 03 8D 42,OK
2026-09-29T10:24:06.669Z,11249.806,RX,bus,-1,0011428D,1,5,01 00 00 8D 42,OK
2026-09-29T10:24:06.673Z,11254.505,RX,bus,-1,00019E3A,1,7,01 00 00 0F 03 3A 9E,OK
2026-09-29T10:24:06.674Z,11254.888,RX,bus,-1,00119E3A,1,5,01 00 00 3A 9E,OK
2026-09-29T10:24:06.678Z,11259.559,RX,bus,-1,00018354,1,7,01 00 00 0F 03 54 83,OK
2026-09-29T10:24:06.679Z,11259.876,RX,bus,-1,00118354,1,5,01 00 00 54 83,OK
2026-09-29T10:24:06.684Z,11264.786,RX,bus,-1,000128CC,1,7,01 00 00 0F 03 CC 28,OK
2026-09-29T10:24:06.684Z,11264.881,RX,bus,-1,001128CC,1,5,01 00 00 CC 28,OK
2026-09-29T10:24:06.689Z,11269.714,RX,bus,-1,0001C23C,1,7,01 00 00 0F 03 3C C2,OK
2026-09-29T10:24:06.689Z,11269.775,RX,bus,-1,0011C23C,1,5,01 00 00 3C C2,OK
2026-09-29T10:24:06.694Z,11274.717,RX,bus,-1,0001213C,1,7,01 00 00 0F 03 3C 21,OK
2026-09-29T10:24:06.694Z,11274.768,RX,bus,-1,0011213C,1,5,01 00 00 3C 21,OK
2026-09-29T10:24:06.699Z,11279.720,RX,bus,-1,0001D5FC,1,7,01 00 00 0F 03 FC D5,OK
2026-09-29T10:24:06.699Z,11279.772,RX,bus,-1,0011D5FC,1,5,01 00 00 FC D5,OK
2026-09-29T10:24:06.703Z,11284.622,RX,bus,-1,0001F1B4,1,7,01 00 00 0F 03 B4 F1,OK
2026-09-29T10:24:06.704Z,11284.879,RX,bus,-1,0011F1B4,1,5,01 00 00 B4 F1,OK
2026-09-29T10:24:06.709Z,11289.724,RX,bus,-1,0001A18E,1,7,01 00 00 0F 03 8E A1,OK
2026-09-29T10:24:06.709Z,11289.775,RX,bus,-1,0011A18E,1,5,01 00 00 8E A1,OK
2026-09-29T10:24:06.713Z,11294.626,RX,bus,-1,0001163A,1,7,01 00 00 0F 03 3A 16,OK
2026-09-29T10:24:06.713Z,11294.802,RX,bus,-1,0011163A,1,5,01 00 00 3A 16,OK
2026-09-29T10:24:06.718Z,11299.681,RX,bus,-1,0001FE3B,1,7,01 00 00 0F 03 3B FE,OK
2026-09-29T10:24:06.718Z,11299.848,RX,bus,-1,0011FE3B,1,5,01 00 00 3B FE,OK
2026-09-29T10:24:06.722Z,11304.566,RX,bus,-1,0001246C,1,7,01 00 00 0F 03 6C 24,OK
2026-09-29T10:24:06.723Z,11304.836,RX,bus,-1,0011246C,1,5,01 00 00 6C 24,OK
2026-09-29T10:24:06.728Z,11309.762,RX,bus,-1,0001C046,1,7,01 00 00 0F 03 46 C0,OK
2026-09-29T10:24:06.728Z,11309.842,RX,bus,-1,0011C046,1,5,01 00 00 46 C0,OK
2026-09-29T10:24:06.732Z,11314.579,RX,bus,-1,00015C70,1,7,01 00 00 0F 03 70 5C,OK
2026-09-29T10:24:06.733Z,11314.825,RX,bus,-1,00115C70,1,5,01 00 00 70 5C,OK
2026-09-29T10:24:06.738Z,11319.719,RX,bus,-1,0001392B,1,7,01 00 00 0F 03 2B 39,OK
2026-09-29T10:24:06.738Z,11319.770,RX,bus,-1,0011392B,1,5,01 00 00 2B 39,OK
2026-09-29T10:24:06.743Z,11324.730,RX,bus,-1,00011D3A,1,7,01 00 00 0F 03 3A 1D,OK
2026-09-29T10:24:06.743Z,11324.785,RX,bus,-1,00111D3A,1,5,01 00 00 3A 1D,OK
2026-09-29T10:24:06.747Z,11329.547,RX,bus,-1,00010B08,1,7,01 00 00 0F 03 08 0B,OK
2026-09-29T10:24:06.748Z,11329.825,RX,bus,-1,00110B08,1,5,01 00 00 08 0B,OK
2026-09-29T10:24:06.752Z,11334.498,RX,bus,-1,000125D4,1,7,01 00 00 0F 03 D4 25,OK
2026-09-29T10:24:06.753Z,11334.890,RX,bus,-1,001125D4,1,5,01 00 00 D4 25,OK
2026-09-29T10:24:06.757Z,11339.487,RX,bus,-1,0001CBA5,1,7,01 00 00 0F 03 A5 CB,OK
2026-09-29T10:24:06.758Z,11339.874,RX,bus,-1,0011CBA5,1,5,01 00 00 A5 CB,OK
2026-09-29T10:24:06.762Z,11344.525,RX,bus,-1,00011B43,1,7,01 00 00 0F 03 43 1B,OK
2026-09-29T10:24:06.763Z,11344.839,RX,bus,-1,00111B43,1,5,01 00 00 43 1B,OK
2026-09-29T10:24:06.767Z,11349.521,RX,bus,-1,00012E42,1,7,01 00 00 0F 03 42 2E,OK
2026-09-29T10:24:06.767Z,11349.836,RX,bus,-1,00112E42,1,5,01 00 00 42 2E,OK
2026-09-29T10:24:06.773Z,11354.557,RX,bus,-1,0001F64B,1,7,01 00 00 0F 03 4B F6,OK
2026-09-29T10:24:06.773Z,11354.893,RX,bus,-1,0011F64B,1,5,01 00 00 4B F6,OK
2026-09-29T10:24:06.778Z,11359.838,RX,bus,-1,00014606,1,7,01 00 00 0F 03 06 46,OK
2026-09-29T10:24:06.778Z,11359.889,RX,bus,-1,00114606,1,5,01 00 00 06 46,OK
2026-09-29T10:24:06.783Z,11364.559,RX,bus,-1,0001EE1B,1,7,01 00 00 0F 03 1B EE,OK
2026-09-29T10:24:06.783Z,11364.879,RX,bus,-1,0011EE1B,1,5,01 00 00 1B EE,OK
2026-09-29T10:24:06.788Z,11369.565,RX,bus,-1,000183CF,1,7,01 00 00 0F 03 CF 83,OK
2026-09-29T10:24:06.788Z,11369.836,RX,bus,-1,001183CF,1,5,01 00 00 CF 83,OK
2026-09-29T10:24:06.793Z,11374.569,RX,bus,-1,0001BCA0,1,7,01 00 00 0F 03 A0 BC,OK
2026-09-29T10:24:06.793Z,11374.881,RX,bus,-1,0011BCA0,1,5,01 00 00 A0 BC,OK
2026-09-29T10:24:06.798Z,11379.571,RX,bus,-1,0001F0B1,1,7,01 00 00 0F 03 B1 F0,OK
2026-09-29T10:24:06.798Z,11379.846,RX,bus,-1,0011F0B1,1,5,01 00 00 B1 F0,OK
2026-09-29T10:24:06.803Z,11384.559,RX,bus,-1,0001771D,1,7,01 00 00 0F 03 1D 77,OK
2026-09-29T10:24:06.803Z,11384.887,RX,bus,-1,0011771D,1,5,01 00 00 1D 77,OK
2026-09-29T10:24:06.808Z,11389.605,RX,bus,-1,0001BF5C,1,7,01 00 00 0F 03 5C BF,OK
2026-09-29T10:24:06.808Z,11389.885,RX,bus,-1,0011BF5C,1,5,01 00 00 5C BF,OK
2026-09-29T10:24:06.813Z,11394.719,RX,bus,-1,0001ED35,1,7,01 00 00 0F 03 35 ED,OK
2026-09-29T10:24:06.813Z,11394.770,RX,bus,-1,0011ED35,1,5,01 00 00 35 ED,OK
2026-09-29T10:24:06.817Z,11399.702,RX,bus,-1,0001FD53,1,7,01 00 00 0F 03 53 FD,OK
2026-09-29T10:24:06.817Z,11399.784,RX,bus,-1,0011FD53,1,5,01 00 00 53 FD,OK
2026-09-29T10:24:06.823Z,11404.602,RX,bus,-1,00012E80,1,7,01 00 00 0F 03 80 2E,OK
2026-09-29T10:24:06.823Z,11404.888,RX,bus,-1,00112E80,1,5,01 00 00 80 2E,OK
2026-09-29T10:24:06.828Z,11409.843,RX,bus,-1,0001ED89,1,7,01 00 00 0F 03 89 ED,OK
2026-09-29T10:24:06.828Z,11409.894,RX,bus,-1,0011ED89,1,5,01 00 00 89 ED,OK
2026-09-29T10:24:06.833Z,11414.849,RX,bus,-1,00017E75,1,7,01 00 00 0F 03 75 7E,OK
2026-09-29T10:24:06.833Z,11414.902,RX,bus,-1,00117E75,1,5,01 00 00 75 7E,OK
2026-09-29T10:24:06.838Z,11419.567,RX,bus,-1,0001ECE8,1,7,01 00 00 0F 03 E8 EC,OK
2026-09-29T10:24:06.838Z,11419.886,RX,bus,-1,0011ECE8,1,5,01 00 00 E8 EC,OK
2026-09-29T10:24:06.843Z,11424.716,RX,bus,-1,0001CC24,1,7,01 00 00 0F 03 24 CC,OK
2026-09-29T10:24:06.843Z,11424.768,RX,bus,-1,0011CC24,1,5,01 00 00 24 CC,OK
2026-09-29T10:24:06.848Z,11429.826,RX,bus,-1,000119CF,1,7,01 00 00 0F 03 CF 19,OK
2026-09-29T10:24:06.848Z,11429.878,RX,bus,-1,001119CF,1,5,01 00 00 CF 19,OK
2026-09-29T10:24:06.853Z,11434.859,RX,bus,-1,00010310,1,7,01 00 00 0F 03 10 03,OK
2026-09-29T10:24:06.853Z,11434.911,RX,bus,-1,00110310,1,5,01 00 00 10 03,OK
2026-09-29T10:24:06.858Z,11439.609,RX,bus,-1,0001D280,1,7,01 00 00 0F 03 80 D2,OK
2026-09-29T10:24:06.858Z,11439.836,RX,bus,-1,0011D280,1,5,01 00 00 80 D2,OK
2026-09-29T10:24:06.863Z,11444.558,RX,bus,-1,0001CC30,1,7,01 00 00 0F 03 30 CC,OK
2026-09-29T10:24:06.863Z,11444.876,RX,bus,-1,0011CC30,1,5,01 00 00 30 CC,OK
2026-09-29T10:24:06.868Z,11449.772,RX,bus,-1,00013324,1,7,01 00 00 0F 03 24 33,OK
2026-09-29T10:24:06.868Z,11449.827,RX,bus,-1,00113324,1,5,01 00 00 24 33,OK
2026-09-29T10:24:06.873Z,11454.700,RX,bus,-1,0001B9E4,1,7,01 00 00 0F 03 E4 B9,OK
2026-09-29T10:24:06.873Z,11454.876,RX,bus,-1,0011B9E4,1,5,01 00 00 E4 B9,OK
2026-09-29T10:24:06.878Z,11459.691,RX,bus,-1,0001AAC1,1,7,01 00 00 0F 03 C1 AA,OK
2026-09-29T10:24:06.878Z,11459.764,RX,bus,-1,0011AAC1,1,5,01 00 00 C1 AA,OK
2026-09-29T10:24:06.883Z,11464.697,RX,bus,-1,0001F75C,1,7,01 00 00 0F 03 5C F7,OK
2026-09-29T10:24:06.883Z,11464.878,RX,bus,-1,0011F75C,1,5,01 00 00 5C F7,OK
2026-09-29T10:24:06.888Z,11469.722,RX,bus,-1,0001D35E,1,7,01 00 00 0F 03 5E D3,OK
2026-09-29T10:24:06.888Z,11469.808,RX,bus,-1,0011D35E,1,5,01 00 00 5E D3,OK
2026-09-29T10:24:06.893Z,11474.577,RX,bus,-1,00019BBC,1,7,01 00 00 0F 03 BC 9B,OK
2026-09-29T10:24:06.893Z,11474.836,RX,bus,-1,00119BBC,1,5,01 00 00 BC 9B,OK
2026-09-29T10:24:06.898Z,11479.702,RX,bus,-1,0001A42B,1,7,01 00 00 0F 03 2B A4,OK
2026-09-29T10:24:06.898Z,11479.804,RX,bus,-1,0011A42B,1,5,01 00 00 2B A4,OK
2026-09-29T10:24:06.903Z,11484.687,RX,bus,-1,0001F30E,1,7,01 00 00 0F 03 0E F3,OK
2026-09-29T10:24:06.903Z,11484.829,RX,bus,-1,0011F30E,1,5,01 00 00 0E F3,OK
2026-09-29T10:24:06.908Z,11489.688,RX,bus,-1,0001195A,1,7,01 00 00 0F 03 5A 19,OK
2026-09-29T10:24:06.908Z,11489.880,RX,bus,-1,0011195A,1,5,01 00 00 5A 19,OK
2026-09-29T10:24:06.912Z,11494.680,RX,bus,-1,00016EBB,1,7,01 00 00 0F 03 BB 6E,OK
2026-09-29T10:24:06.914Z,11494.831,RX,bus,-1,00116EBB,1,5,01 00 00 BB 6E,OK
2026-09-29T10:24:06.918Z,11499.684,RX,bus,-1,00017C1D,1,7,01 00 00 0F 03 1D 7C,OK
2026-09-29T10:24:06.918Z,11499.831,RX,bus,-1,00117C1D,1,5,01 00 00 1D 7C,OK
2026-09-29T10:24:06.923Z,11504.533,RX,bus,-1,0001E526,1,7,01 00 00 0F 03 26 E5,OK
2026-09-29T10:24:06.923Z,11504.825,RX,bus,-1,0011E526,1,5,01 00 00 26 E5,OK
2026-09-29T10:24:06.928Z,11509.578,RX,bus,-1,000171DC,1,7,01 00 00 0F 03 DC 71,OK
2026-09-29T10:24:06.928Z,11509.836,RX,bus,-1,001171DC,1,5,01 00 00 DC 71,OK
2026-09-29T10:24:06.933Z,11514.546,RX,bus,-1,0001D396,1,7,01 00 00 0F 03 96 D3,OK
2026-09-29T10:24:06.933Z,11514.838,RX,bus,-1,0011D396,1,5,01 00 00 96 D3,OK
2026-09-29T10:24:06.938Z,11519.580,RX,bus,-1,0001C89B,1,7,01 00 00 0F 03 9B C8,OK
2026-09-29T10:24:06.938Z,11519.836,RX,bus,-1,0011C89B,1,5,01 00 00 9B C8,OK
2026-09-29T10:24:06.943Z,11524.539,RX,bus,-1,0001F398,1,7,01 00 00 0F 03 98 F3,OK
2026-09-29T10:24:06.943Z,11524.835,RX,bus,-1,0011F398,1,5,01 00 00 98 F3,OK
2026-09-29T10:24:06.948Z,11529.543,RX,bus,-1,00016734,1,7,01 00 00 0F 03 34 67,OK
2026-09-29T10:24:06.948Z,11529.835,RX,bus,-1,00116734,1,5,01 00 00 34 67,OK
2026-09-29T10:24:06.953Z,11534.544,RX,bus,-1,00014C84,1,7,01 00 00 0F 03 84 4C,OK
2026-09-29T10:24:06.953Z,11534.837,RX,bus,-1,00114C84,1,5,01 00 00 84 4C,OK
2026-09-29T10:24:06.958Z,11539.543,RX,bus,-1,00013ACC,1,7,01 00 00 0F 03 CC 3A,OK
2026-09-29T10:24:06.958Z,11539.835,RX,bus,-1,00113ACC,1,5,01 00 00 CC 3A,OK
2026-09-29T10:24:06.963Z,11544.546,RX,bus,-1,0001CFBD,1,7,01 00 00 0F 03 BD CF,OK
2026-09-29T10:24:06.963Z,11544.839,RX,bus,-1,0011CFBD,1,5,01 00 00 BD CF,OK
2026-09-29T10:24:06.968Z,11549.683,RX,bus,-1,000173A5,1,7,01 00 00 0F 03 A5 73,OK
2026-09-29T10:24:06.968Z,11549.828,RX,bus,-1,001173A5,1,5,01 00 00 A5 73,OK
2026-09-29T10:24:06.973Z,11554.697,RX,bus,-1,000169F4,1,7,01 00 00 0F 03 F4 69,OK
2026-09-29T10:24:06.973Z,11554.784,RX,bus,-1,001169F4,1,5,01 00 00 F4 69,OK
2026-09-29T10:24:06.978Z,11559.683,RX,bus,-1,00010244,1,7,01 00 00 0F 03 44 02,OK
2026-09-29T10:24:06.978Z,11559.827,RX,bus,-1,00110244,1,5,01 00 00 44 02,OK
2026-09-29T10:24:06.983Z,11564.712,RX,bus,-1,00015169,1,7,01 00 00 0F 03 69 51,OK
2026-09-29T10:24:06.983Z,11564.809,RX,bus,-1,00115169,1,5,01 00 00 69 51,OK
2026-09-29T10:24:06.988Z,11569.694,RX,bus,-1,0001C684,1,7,01 00 00 0F 03 84 C6,OK
2026-09-29T10:24:06.988Z,11569.810,RX,bus,-1,0011C684,1,5,01 00 00 84 C6,OK
2026-09-29T10:24:06.993Z,11574.719,RX,bus,-1,0001B903,1,7,01 00 00 0F 03 03 B9,OK
2026-09-29T10:24:06.993Z,11574.770,RX,bus,-1,0011B903,1,5,01 00 00 03 B9,OK
2026-09-29T10:24:06.998Z,11579.679,RX,bus,-1,00011506,1,7,01 00 00 0F 03 06 15,OK
2026-09-29T10:24:06.998Z,11579.827,RX,bus,-1,00111506,1,5,01 00 00 06 15,OK
2026-09-29T10:24:07.003Z,11584.642,RX,bus,-1,000105BC,1,7,01 00 00 0F 03 BC 05,OK
2026-09-29T10:24:07.003Z,11584.745,RX,bus,-1,001105BC,1,5,01 00 00 BC 05,OK
2026-09-29T10:24:07.008Z,11589.677,RX,bus,-1,00013022,1,7,01 00 00 0F 03 22 30,OK
2026-09-29T10:24:07.008Z,11589.824,RX,bus,-1,00113022,1,5,01 00 00 22 30,OK
2026-09-29T10:24:07.012Z,11594.683,RX,bus,-1,0001E3AB,1,7,01 00 00 0F 03 AB E3,OK
2026-09-29T10:24:07.014Z,11594.834,RX,bus,-1,0011E3AB,1,5,01 00 00 AB E3,OK
2026-09-29T10:24:07.018Z,11599.680,RX,bus,-1,00018047,1,7,01 00 00 0F 03 47 80,OK
2026-09-29T10:24:07.018Z,11599.826,RX,bus,-1,00118047,1,5,01 00 00 47 80,OK
2026-09-29T10:24:07.023Z,11604.470,RX,bus,-1,0001C1B8,1,7,01 00 00 0F 03 B8 C1,OK
2026-09-29T10:24:07.023Z,11604.839,RX,bus,-1,0011C1B8,1,5,01 00 00 B8 C1,OK
2026-09-29T10:24:07.028Z,11609.647,RX,bus,-1,0001D46A,1,7,01 00 00 0F 03 6A D4,OK
2026-09-29T10:24:07.028Z,11609.827,RX,bus,-1,0011D46A,1,5,01 00 00 6A D4,OK
2026-09-29T10:24:07.033Z,11614.545,RX,bus,-1,0001BEBB,1,7,01 00 00 0F 03 BB BE,OK
2026-09-29T10:24:07.033Z,11614.836,RX,bus,-1,0011BEBB,1,5,01 00 00 BB BE,OK
2026-09-29T10:24:07.038Z,11619.579,RX,bus,-1,0001B9F2,1,7,01 00 00 0F 03 F2 B9,OK
2026-09-29T10:24:07.038Z,11619.835,RX,bus,-1,0011B9F2,1,5,01 00 00 F2 B9,OK
2026-09-29T10:24:07.043Z,11624.546,RX,bus,-1,00012096,1,7,01 00 00 0F 03 96 20,OK
2026-09-29T10:24:07.043Z,11624.837,RX,bus,-1,00112096,1,5,01 00 00 96 20,OK
2026-09-29T10:24:07.048Z,11629.541,RX,bus,-1,00010C48,1,7,01 00 00 0F 03 48 0C,OK
2026-09-29T10:24:07.048Z,11629.836,RX,bus,-1,00110C48,1,5,01 00 00 48 0C,OK
2026-09-29T10:24:07.053Z,11634.538,RX,bus,-1,00015D8A,1,7,01 00 00 0F 03 8A 5D,OK
2026-09-29T10:24:07.053Z,11634.837,RX,bus,-1,00115D8A,1,5,01 00 00 8A 5D,OK
2026-09-29T10:24:07.058Z,11639.541,RX,bus,-1,0001EAEF,1,7,01 00 00 0F 03 EF EA,OK
2026-09-29T10:24:07.058Z,11639.834,RX,bus,-1,0011EAEF,1,5,01 00 00 EF EA,OK
2026-09-29T10:24:07.063Z,11644.519,RX,bus,-1,000129D7,1,7,01 00 00 0F 03 D7 29,OK
2026-09-29T10:24:07.063Z,11644.837,RX,bus,-1,001129D7,1,5,01 00 00 D7 29,OK
2026-09-29T10:24:07.068Z,11649.686,RX,bus,-1,000125D0,1,7,01 00 00 0F 03 D0 25,OK
2026-09-29T10:24:07.068Z,11649.881,RX,bus,-1,001125D0,1,5,01 00 00 D0 25,OK
2026-09-29T10:24:07.073Z,11654.535,RX,bus,-1,00012369,1,7,01 00 00 0F 03 69 23,OK
2026-09-29T10:24:07.073Z,11654.838,RX,bus,-1,00112369,1,5,01 00 00 69 23,OK
2026-09-29T10:24:07.078Z,11659.684,RX,bus,-1,00014623,1,7,01 00 00 0F 03 23 46,OK
2026-09-29T10:24:07.078Z,11659.828,RX,bus,-1,00114623,1,5,01 00 00 23 46,OK
2026-09-29T10:24:07.083Z,11664.733,RX,bus,-1,0001D71C,1,7,01 00 00 0F 03 1C D7,OK
2026-09-29T10:24:07.083Z,11664.788,RX,bus,-1,0011D71C,1,5,01 00 00 1C D7,OK
2026-09-29T10:24:07.088Z,11669.659,RX,bus,-1,00014B1A,1,7,01 00 00 0F 03 1A 4B,OK
2026-09-29T10:24:07.088Z,11669.711,RX,bus,-1,00114B1A,1,5,01 00 00 1A 4B,OK
2026-09-29T10:24:07.093Z,11674.686,RX,bus,-1,0001BADC,1,7,01 00 00 0F 03 DC BA,OK
2026-09-29T10:24:07.093Z,11674.771,RX,bus,-1,0011BADC,1,5,01 00 00 DC BA,OK
2026-09-29T10:24:07.098Z,11679.686,RX,bus,-1,00015035,1,7,01 00 00 0F 03 35 50,OK
2026-09-29T10:24:07.098Z,11679.832,RX,bus,-1,00115035,1,5,01 00 00 35 50,OK
2026-09-29T10:24:07.103Z,11684.671,RX,bus,-1,00019DB5,1,7,01 00 00 0F 03 B5 9D,OK
2026-09-29T10:24:07.103Z,11684.755,RX,bus,-1,00119DB5,1,5,01 00 00 B5 9D,OK
2026-09-29T10:24:07.108Z,11689.683,RX,bus,-1,000137ED,1,7,01 00 00 0F 03 ED 37,OK
2026-09-29T10:24:07.108Z,11689.737,RX,bus,-1,001137ED,1,5,01 00 00 ED 37,OK
2026-09-29T10:24:07.112Z,11694.651,RX,bus,-1,00014E87,1,7,01 00 00 0F 03 87 4E,OK
2026-09-29T10:24:07.112Z,11694.705,RX,bus,-1,00114E87,1,5,01 00 00 87 4E,OK
2026-09-29T10:24:07.118Z,11699.660,RX,bus,-1,00013C16,1,7,01 00 00 0F 03 16 3C,OK
2026-09-29T10:24:07.119Z,11699.828,RX,bus,-1,00113C16,1,5,01 00 00 16 3C,OK
2026-09-29T10:24:07.123Z,11704.682,RX,bus,-1,000113FA,1,7,01 00 00 0F 03 FA 13,OK
2026-09-29T10:24:07.124Z,11704.825,RX,bus,-1,001113FA,1,5,01 00 00 FA 13,OK
2026-09-29T10:24:07.128Z,11709.601,RX,bus,-1,00011A23,1,7,01 00 00 0F 03 23 1A,OK
2026-09-29T10:24:07.129Z,11709.835,RX,bus,-1,00111A23,1,5,01 00 00 23 1A,OK
2026-09-29T10:24:07.133Z,11714.660,RX,bus,-1,00017FE9,1,7,01 00 00 0F 03 E9 7F,OK
2026-09-29T10:24:07.134Z,11714.856,RX,bus,-1,00117FE9,1,5,01 00 00 E9 7F,OK
2026-09-29T10:24:07.138Z,11719.628,RX,bus,-1,0001303D,1,7,01 00 00 0F 03 3D 30,OK
2026-09-29T10:24:07.138Z,11719.709,RX,bus,-1,0011303D,1,5,01 00 00 3D 30,OK
2026-09-29T10:24:07.143Z,11724.665,RX,bus,-1,0001625C,1,7,01 00 00 0F 03 5C 62,OK
2026-09-29T10:24:07.143Z,11724.717,RX,bus,-1,0011625C,1,5,01 00 00 5C 62,OK
2026-09-29T10:24:07.148Z,11729.653,RX,bus,-1,00016CC6,1,7,01 00 00 0F 03 C6 6C,OK
2026-09-29T10:24:07.149Z,11729.881,RX,bus,-1,00116CC6,1,5,01 00 00 C6 6C,OK
2026-09-29T10:24:07.153Z,11734.655,RX,bus,-1,00016BCB,1,7,01 00 00 0F 03 CB 6B,OK
2026-09-29T10:24:07.154Z,11734.827,RX,bus,-1,00116BCB,1,5,01 00 00 CB 6B,OK
2026-09-29T10:24:07.158Z,11739.650,RX,bus,-1,00019CB5,1,7,01 00 00 0F 03 B5 9C,OK
2026-09-29T10:24:07.159Z,11739.825,RX,bus,-1,00119CB5,1,5,01 00 00 B5 9C,OK
2026-09-29T10:24:07.163Z,11744.635,RX,bus,-1,0001F03A,1,7,01 00 00 0F 03 3A F0,OK
2026-09-29T10:24:07.164Z,11744.831,RX,bus,-1,0011F03A,1,5,01 00 00 3A F0,OK
2026-09-29T10:24:07.168Z,11749.642,RX,bus,-1,0001A9FC,1,7,01 00 00 0F 03 FC A9,OK
2026-09-29T10:24:07.168Z,11749.826,RX,bus,-1,0011A9FC,1,5,01 00 00 FC A9,OK
2026-09-29T10:24:07.173Z,11754.614,RX,bus,-1,0001DC76,1,7,01 00 00 0F 03 76 DC,OK
2026-09-29T10:24:07.173Z,11754.754,RX,bus,-1,0011DC76,1,5,01 00 00 76 DC,OK
2026-09-29T10:24:07.178Z,11759.469,RX,bus,-1,000185D7,1,7,01 00 00 0F 03 D7 85,OK
2026-09-29T10:24:07.178Z,11759.708,RX,bus,-1,001185D7,1,5,01 00 00 D7 85,OK
2026-09-29T10:24:07.183Z,11764.517,RX,bus,-1,0001E874,1,7,01 00 00 0F 03 74 E8,OK
2026-09-29T10:24:07.183Z,11764.748,RX,bus,-1,0011E874,1,5,01 00 00 74 E8,OK
2026-09-29T10:24:07.188Z,11769.578,RX,bus,-1,000133A8,1,7,01 00 00 0F 03 A8 33,OK
2026-09-29T10:24:07.188Z,11769.747,RX,bus,-1,001133A8,1,5,01 00 00 A8 33,OK
2026-09-29T10:24:07.193Z,11774.500,RX,bus,-1,000141A6,1,7,01 00 00 0F 03 A6 41,OK
2026-09-29T10:24:07.193Z,11774.746,RX,bus,-1,001141A6,1,5,01 00 00 A6 41,OK
2026-09-29T10:24:07.198Z,11779.551,RX,bus,-1,0001D7D7,1,7,01 00 00 0F 03 D7 D7,OK
2026-09-29T10:24:07.198Z,11779.808,RX,bus,-1,0011D7D7,1,5,01 00 00 D7 D7,OK
2026-09-29T10:24:07.203Z,11784.525,RX,bus,-1,0001C5C0,1,7,01 00 00 0F 03 C0 C5,OK
2026-09-29T10:24:07.203Z,11784.824,RX,bus,-1,0011C5C0,1,5,01 00 00 C0 C5,OK
2026-09-29T10:24:07.208Z,11789.509,RX,bus,-1,000112CC,1,7,01 00 00 0F 03 CC 12,OK
2026-09-29T10:24:07.208Z,11789.753,RX,bus,-1,001112CC,1,5,01 00 00 CC 12,OK
2026-09-29T10:24:07.213Z,11794.494,RX,bus,-1,0001C640,1,7,01 00 00 0F 03 40 C6,OK
2026-09-29T10:24:07.213Z,11794.741,RX,bus,-1,0011C640,1,5,01 00 00 40 C6,OK
2026-09-29T10:24:07.218Z,11799.626,RX,bus,-1,0001AEFF,1,7,01 00 00 0F 03 FF AE,OK
2026-09-29T10:24:07.218Z,11799.739,RX,bus,-1,0011AEFF,1,5,01 00 00 FF AE,OK
2026-09-29T10:24:07.223Z,11804.533,RX,bus,-1,0001DEBE,1,7,01 00 00 0F 03 BE DE,OK
2026-09-29T10:24:07.223Z,11804.759,RX,bus,-1,0011DEBE,1,5,01 00 00 BE DE,OK
2026-09-29T10:24:07.228Z,11809.477,RX,bus,-1,0001D1B0,1,7,01 00 00 0F 03 B0 D1,OK
2026-09-29T10:24:07.228Z,11809.684,RX,bus,-1,0011D1B0,1,5,01 00 00 B0 D1,OK
2026-09-29T10:24:07.233Z,11814.533,RX,bus,-1,00015BC6,1,7,01 00 00 0F 03 C6 5B,OK
2026-09-29T10:24:07.233Z,11814.825,RX,bus,-1,00115BC6,1,5,01 00 00 C6 5B,OK
2026-09-29T10:24:07.238Z,11819.497,RX,bus,-1,0001B8BD,1,7,01 00 00 0F 03 BD B8,OK
2026-09-29T10:24:07.238Z,11819.747,RX,bus,-1,0011B8BD,1,5,01 00 00 BD B8,OK
2026-09-29T10:24:07.243Z,11824.502,RX,bus,-1,000105CC,1,7,01 00 00 0F 03 CC 05,OK
2026-09-29T10:24:07.243Z,11824.834,RX,bus,-1,001105CC,1,5,01 00 00 CC 05,OK
2026-09-29T10:24:07.248Z,11829.516,RX,bus,-1,00014CC3,1,7,01 00 00 0F 03 C3 4C,OK
2026-09-29T10:24:07.248Z,11829.834,RX,bus,-1,00114CC3,1,5,01 00 00 C3 4C,OK
2026-09-29T10:24:07.253Z,11834.499,RX,bus,-1,0001D385,1,7,01 00 00 0F 03 85 D3,OK
2026-09-29T10:24:07.253Z,11834.836,RX,bus,-1,0011D385,1,5,01 00 00 85 D3,OK
2026-09-29T10:24:07.258Z,11839.548,RX,bus,-1,0001795E,1,7,01 00 00 0F 03 5E 79,OK
2026-09-29T10:24:07.258Z,11839.756,RX,bus,-1,0011795E,1,5,01 00 00 5E 79,OK
2026-09-29T10:24:07.263Z,11844.511,RX,bus,-1,00010C9A,1,7,01 00 00 0F 03 9A 0C,OK
2026-09-29T10:24:07.263Z,11844.742,RX,bus,-1,00110C9A,1,5,01 00 00 9A 0C,OK
2026-09-29T10:24:07.268Z,11849.653,RX,bus,-1,00018643,1,7,01 00 00 0F 03 43 86,OK
2026-09-29T10:24:07.268Z,11849.745,RX,bus,-1,00118643,1,5,01 00 00 43 86,OK
2026-09-29T10:24:07.272Z,11854.435,RX,bus,-1,0001E194,1,7,01 00 00 0F 03 94 E1,OK
2026-09-29T10:24:07.273Z,11854.741,RX,bus,-1,0011E194,1,5,01 00 00 94 E1,OK
2026-09-29T10:24:07.277Z,11859.627,RX,bus,-1,00019697,1,7,01 00 00 0F 03 97 96,OK
2026-09-29T10:24:07.278Z,11859.678,RX,bus,-1,00119697,1,5,01 00 00 97 96,OK
2026-09-29T10:24:07.282Z,11864.587,RX,bus,-1,00015F7C,1,7,01 00 00 0F 03 7C 5F,OK
2026-09-29T10:24:07.283Z,11864.671,RX,bus,-1,00115F7C,1,5,01 00 00 7C 5F,OK
2026-09-29T10:24:07.287Z,11869.475,RX,bus,-1,00015C9E,1,7,01 00 00 0F 03 9E 5C,OK
2026-09-29T10:24:07.288Z,11869.733,RX,bus,-1,00115C9E,1,5,01 00 00 9E 5C,OK
2026-09-29T10:24:07.293Z,11874.672,RX,bus,-1,0001417C,1,7,01 00 00 0F 03 7C 41,OK
2026-09-29T10:24:07.293Z,11874.764,RX,bus,-1,0011417C,1,5,01 00 00 7C 41,OK
2026-09-29T10:24:07.298Z,11879.661,RX,bus,-1,00012EC7,1,7,01 00 00 0F 03 C7 2E,OK
2026-09-29T10:24:07.298Z,11879.712,RX,bus,-1,00112EC7,1,5,01 00 00 C7 2E,OK
2026-09-29T10:24:07.303Z,11884.656,RX,bus,-1,00018082,1,7,01 00 00 0F 03 82 80,OK
2026-09-29T10:24:07.303Z,11884.747,RX,bus,-1,00118082,1,5,01 00 00 82 80,OK
2026-09-29T10:24:07.308Z,11889.665,RX,bus,-1,00018396,1,7,01 00 00 0F 03 96 83,OK
2026-09-29T10:24:07.308Z,11889.823,RX,bus,-1,00118396,1,5,01 00 00 96 83,OK
2026-09-29T10:24:07.313Z,11894.514,RX,bus,-1,0001B4B6,1,7,01 00 00 0F 03 B6 B4,OK
2026-09-29T10:24:07.313Z,11894.743,RX,bus,-1,0011B4B6,1,5,01 00 00 B6 B4,OK
2026-09-29T10:24:07.318Z,11899.494,RX,bus,-1,000128FD,1,7,01 00 00 0F 03 FD 28,OK
2026-09-29T10:24:07.318Z,11899.738,RX,bus,-1,001128FD,1,5,01 00 00 FD 28,OK
2026-09-29T10:24:07.323Z,11904.535,RX,bus,-1,0001B247,1,7,01 00 00 0F 03 47 B2,OK
2026-09-29T10:24:07.323Z,11904.726,RX,bus,-1,0011B247,1,5,01 00 00 47 B2,OK
2026-09-29T10:24:07.328Z,11909.496,RX,bus,-1,00012427,1,7,01 00 00 0F 03 27 24,OK
2026-09-29T10:24:07.328Z,11909.682,RX,bus,-1,00112427,1,5,01 00 00 27 24,OK
2026-09-29T10:24:07.333Z,11914.493,RX,bus,-1,000116D8,1,7,01 00 00 0F 03 D8 16,OK
2026-09-29T10:24:07.333Z,11914.673,RX,bus,-1,001116D8,1,5,01 00 00 D8 16,OK
2026-09-29T10:24:07.338Z,11919.495,RX,bus,-1,00017DBA,1,7,01 00 00 0F 03 BA 7D,OK
2026-09-29T10:24:07.338Z,11919.746,RX,bus,-1,00117DBA,1,5,01 00 00 BA 7D,OK
2026-09-29T10:24:07.343Z,11924.582,RX,bus,-1,00016E8C,1,7,01 00 00 0F 03 8C 6E,OK
2026-09-29T10:24:07.343Z,11924.750,RX,bus,-1,00116E8C,1,5,01 00 00 8C 6E,OK
2026-09-29T10:24:07.348Z,11929.573,RX,bus,-1,0001E728,1,7,01 00 00 0F 03 28 E7,OK
2026-09-29T10:24:07.348Z,11929.728,RX,bus,-1,0011E728,1,5,01 00 00 28 E7,OK
2026-09-29T10:24:07.353Z,11934.458,RX,bus,-1,00016B8D,1,7,01 00 00 0F 03 8D 6B,OK
2026-09-29T10:24:07.353Z,11934.726,RX,bus,-1,00116B8D,1,5,01 00 00 8D 6B,OK
2026-09-29T10:24:07.358Z,11939.458,RX,bus,-1,00019476,1,7,01 00 00 0F 03 76 94,OK
2026-09-29T10:24:07.358Z,11939.714,RX,bus,-1,00119476,1,5,01 00 00 76 94,OK
2026-09-29T10:24:07.363Z,11944.462,RX,bus,-1,00010483,1,7,01 00 00 0F 03 83 04,OK
2026-09-29T10:24:07.363Z,11944.724,RX,bus,-1,00110483,1,5,01 00 00 83 04,OK
2026-09-29T10:24:07.367Z,11949.642,RX,bus,-1,00017EB2,1,7,01 00 00 0F 03 B2 7E,OK
2026-09-29T10:24:07.367Z,11949.694,RX,bus,-1,00117EB2,1,5,01 00 00 B2 7E,OK
2026-09-29T10:24:07.373Z,11954.447,RX,bus,-1,0001F249,1,7,01 00 00 0F 03 49 F2,OK
2026-09-29T10:24:07.373Z,11954.659,RX,bus,-1,0011F249,1,5,01 00 00 49 F2,OK
2026-09-29T10:24:07.378Z,11959.440,RX,bus,-1,00018DE4,1,7,01 00 00 0F 03 E4 8D,OK
2026-09-29T10:24:07.378Z,11959.671,RX,bus,-1,00118DE4,1,5,01 00 00 E4 8D,OK
2026-09-29T10:24:07.383Z,11964.681,RX,bus,-1,000132EB,1,7,01 00 00 0F 03 EB 32,OK
2026-09-29T10:24:07.383Z,11964.737,RX,bus,-1,001132EB,1,5,01 00 00 EB 32,OK
2026-09-29T10:24:07.388Z,11969.646,RX,bus,-1,0001BA43,1,7,01 00 00 0F 03 43 BA,OK
2026-09-29T10:24:07.388Z,11969.698,RX,bus,-1,0011BA43,1,5,01 00 00 43 BA,OK
2026-09-29T10:24:07.393Z,11974.739,RX,bus,-1,00013FB8,1,7,01 00 00 0F 03 B8 3F,OK
2026-09-29T10:24:07.393Z,11974.792,RX,bus,-1,00113FB8,1,5,01 00 00 B8 3F,OK
2026-09-29T10:24:07.398Z,11979.752,RX,bus,-1,00017EF5,1,7,01 00 00 0F 03 F5 7E,OK
2026-09-29T10:24:07.398Z,11979.807,RX,bus,-1,00117EF5,1,5,01 00 00 F5 7E,OK
2026-09-29T10:24:07.403Z,11984.744,RX,bus,-1,000199E0,1,7,01 00 00 0F 03 E0 99,OK
2026-09-29T10:24:07.403Z,11984.795,RX,bus,-1,001199E0,1,5,01 00 00 E0 99,OK
2026-09-29T10:24:07.408Z,11989.494,RX,bus,-1,000129A0,1,7,01 00 00 0F 03 A0 29,OK
2026-09-29T10:24:07.408Z,11989.741,RX,bus,-1,001129A0,1,5,01 00 00 A0 29,OK
2026-09-29T10:24:07.413Z,11994.641,RX,bus,-1,000130FA,1,7,01 00 00 0F 03 FA 30,OK
2026-09-29T10:24:07.413Z,11994.693,RX,bus,-1,001130FA,1,5,01 00 00 FA 30,OK
2026-09-29T10:24:07.418Z,11999.473,RX,bus,-1,0001E89D,1,7,01 00 00 0F 03 9D E8,OK
2026-09-29T10:24:07.418Z,11999.655,RX,bus,-1,0011E89D,1,5,01 00 00 9D E8,OK
2026-09-29T10:24:07.423Z,12004.441,RX,bus,-1,0001646F,1,7,01 00 00 0F 03 6F 64,OK
2026-09-29T10:24:07.423Z,12004.692,RX,bus,-1,0011646F,1,5,01 00 00 6F 64,OK
2026-09-29T10:24:07.428Z,12009.705,RX,bus,-1,0001FE7E,1,7,01 00 00 0F 03 7E FE,OK
2026-09-29T10:24:07.428Z,12009.756,RX,bus,-1,0011FE7E,1,5,01 00 00 7E FE,OK
2026-09-29T10:24:07.433Z,12014.559,RX,bus,-1,00012090,1,7,01 00 00 0F 03 90 20,OK
2026-09-29T10:24:07.433Z,12014.730,RX,bus,-1,00112090,1,5,01 00 00 90 20,OK
2026-09-29T10:24:07.438Z,12019.642,RX,bus,-1,0001E857,1,7,01 00 00 0F 03 57 E8,OK
2026-09-29T10:24:07.438Z,12019.693,RX,bus,-1,0011E857,1,5,01 00 00 57 E8,OK
2026-09-29T10:24:07.443Z,12024.522,RX,bus,-1,0001D9EB,1,7,01 00 00 0F 03 EB D9,OK
2026-09-29T10:24:07.443Z,12024.733,RX,bus,-1,0011D9EB,1,5,01 00 00 EB D9,OK
2026-09-29T10:24:07.448Z,12029.758,RX,bus,-1,0001DCE0,1,7,01 00 00 0F 03 E0 DC,OK
2026-09-29T10:24:07.448Z,12029.811,RX,bus,-1,0011DCE0,1,5,01 00 00 E0 DC,OK
2026-09-29T10:24:07.453Z,12034.493,RX,bus,-1,0001DD14,1,7,01 00 00 0F 03 14 DD,OK
2026-09-29T10:24:07.453Z,12034.734,RX,bus,-1,0011DD14,1,5,01 00 00 14 DD,OK
2026-09-29T10:24:07.458Z,12039.638,RX,bus,-1,00019968,1,7,01 00 00 0F 03 68 99,OK
2026-09-29T10:24:07.458Z,12039.689,RX,bus,-1,00119968,1,5,01 00 00 68 99,OK
2026-09-29T10:24:07.463Z,12044.434,RX,bus,-1,0001D301,1,7,01 00 00 0F 03 01 D3,OK
2026-09-29T10:24:07.463Z,12044.701,RX,bus,-1,0011D301,1,5,01 00 00 01 D3,OK
2026-09-29T10:24:07.468Z,12049.444,RX,bus,-1,0001A63D,1,7,01 00 00 0F 03 3D A6,OK
2026-09-29T10:24:07.468Z,12049.722,RX,bus,-1,0011A63D,1,5,01 00 00 3D A6,OK
2026-09-29T10:24:07.473Z,12054.612,RX,bus,-1,0001B9AB,1,7,01 00 00 0F 03 AB B9,OK
2026-09-29T10:24:07.473Z,12054.758,RX,bus,-1,0011B9AB,1,5,01 00 00 AB B9,OK
2026-09-29T10:24:07.478Z,12059.633,RX,bus,-1,000152E6,1,7,01 00 00 0F 03 E6 52,OK
2026-09-29T10:24:07.478Z,12059.687,RX,bus,-1,001152E6,1,5,01 00 00 E6 52,OK
2026-09-29T10:24:07.483Z,12064.623,RX,bus,-1,0001628C,1,7,01 00 00 0F 03 8C 62,OK
2026-09-29T10:24:07.483Z,12064.677,RX,bus,-1,0011628C,1,5,01 00 00 8C 62,OK
2026-09-29T10:24:07.488Z,12069.645,RX,bus,-1,00014769,1,7,01 00 00 0F 03 69 47,OK
2026-09-29T10:24:07.488Z,12069.696,RX,bus,-1,00114769,1,5,01 00 00 69 47,OK
2026-09-29T10:24:07.493Z,12074.635,RX,bus,-1,0001A839,1,7,01 00 00 0F 03 39 A8,OK
2026-09-29T10:24:07.493Z,12074.724,RX,bus,-1,0011A839,1,5,01 00 00 39 A8,OK
2026-09-29T10:24:07.498Z,12079.406,RX,bus,-1,00010A77,1,7,01 00 00 0F 03 77 0A,OK
2026-09-29T10:24:07.498Z,12079.735,RX,bus,-1,00110A77,1,5,01 00 00 77 0A,OK
2026-09-29T10:24:07.503Z,12084.640,RX,bus,-1,00016228,1,7,01 00 00 0F 03 28 62,OK
2026-09-29T10:24:07.503Z,12084.723,RX,bus,-1,00116228,1,5,01 00 00 28 62,OK
2026-09-29T10:24:07.508Z,12089.470,RX,bus,-1,00018930,1,7,01 00 00 0F 03 30 89,OK
2026-09-29T10:24:07.508Z,12089.630,RX,bus,-1,00118930,1,5,01 00 00 30 89,OK
2026-09-29T10:24:07.513Z,12094.447,RX,bus,-1,00015159,1,7,01 00 00 0F 03 59 51,OK
2026-09-29T10:24:07.513Z,12094.737,RX,bus,-1,00115159,1,5,01 00 00 59 51,OK
2026-09-29T10:24:07.517Z,12099.598,RX,bus,-1,0001A3D9,1,7,01 00 00 0F 03 D9 A3,OK
2026-09-29T10:24:07.517Z,12099.682,RX,bus,-1,0011A3D9,1,5,01 00 00 D9 A3,OK
2026-09-29T10:24:07.523Z,12104.517,RX,bus,-1,0001FE87,1,7,01 00 00 0F 03 87 FE,OK
2026-09-29T10:24:07.523Z,12104.737,RX,bus,-1,0011FE87,1,5,01 00 00 87 FE,OK
2026-09-29T10:24:07.528Z,12109.632,RX,bus,-1,0001F7C1,1,7,01 00 00 0F 03 C1 F7,OK
2026-09-29T10:24:07.528Z,12109.685,RX,bus,-1,0011F7C1,1,5,01 00 00 C1 F7,OK
2026-09-29T10:24:07.533Z,12114.489,RX,bus,-1,0001060A,1,7,01 00 00 0F 03 0A 06,OK
2026-09-29T10:24:07.533Z,12114.735,RX,bus,-1,0011060A,1,5,01 00 00 0A 06,OK
2026-09-29T10:24:07.538Z,12119.421,RX,bus,-1,00012525,1,7,01 00 00 0F 03 25 25,OK
2026-09-29T10:24:07.538Z,12119.661,RX,bus,-1,00112525,1,5,01 00 00 25 25,OK
2026-09-29T10:24:07.543Z,12124.485,RX,bus,-1,00014386,1,7,01 00 00 0F 03 86 43,OK
2026-09-29T10:24:07.543Z,12124.725,RX,bus,-1,00114386,1,5,01 00 00 86 43,OK
2026-09-29T10:24:07.548Z,12129.610,RX,bus,-1,00017CD0,1,7,01 00 00 0F 03 D0 7C,OK
2026-09-29T10:24:07.548Z,12129.662,RX,bus,-1,00117CD0,1,5,01 00 00 D0 7C,OK
2026-09-29T10:24:07.553Z,12134.478,RX,bus,-1,0001EB29,1,7,01 00 00 0F 03 29 EB,OK
2026-09-29T10:24:07.553Z,12134.696,RX,bus,-1,0011EB29,1,5,01 00 00 29 EB,OK
2026-09-29T10:24:07.558Z,12139.427,RX,bus,-1,000137D2,1,7,01 00 00 0F 03 D2 37,OK
2026-09-29T10:24:07.558Z,12139.688,RX,bus,-1,001137D2,1,5,01 00 00 D2 37,OK
2026-09-29T10:24:07.563Z,12144.740,RX,bus,-1,0001AFFF,1,7,01 00 00 0F 03 FF AF,OK
2026-09-29T10:24:07.563Z,12144.792,RX,bus,-1,0011AFFF,1,5,01 00 00 FF AF,OK
2026-09-29T10:24:07.568Z,12149.617,RX,bus,-1,00017079,1,7,01 00 00 0F 03 79 70,OK
2026-09-29T10:24:07.568Z,12149.668,RX,bus,-1,00117079,1,5,01 00 00 79 70,OK
2026-09-29T10:24:07.573Z,12154.647,RX,bus,-1,000102A2,1,7,01 00 00 0F 03 A2 02,OK
2026-09-29T10:24:07.573Z,12154.722,RX,bus,-1,001102A2,1,5,01 00 00 A2 02,OK
2026-09-29T10:24:07.578Z,12159.603,RX,bus,-1,00013A7A,1,7,01 00 00 0F 03 7A 3A,OK
2026-09-29T10:24:07.578Z,12159.658,RX,bus,-1,00113A7A,1,5,01 00 00 7A 3A,OK
2026-09-29T10:24:07.583Z,12164.659,RX,bus,-1,0001C55C,1,7,01 00 00 0F 03 5C C5,OK
2026-09-29T10:24:07.583Z,12164.742,RX,bus,-1,0011C55C,1,5,01 00 00 5C C5,OK
2026-09-29T10:24:07.588Z,12169.727,RX,bus,-1,00013CE5,1,7,01 00 00 0F 03 E5 3C,OK
2026-09-29T10:24:07.588Z,12169.798,RX,bus,-1,00113CE5,1,5,01 00 00 E5 3C,OK
2026-09-29T10:24:07.593Z,12174.638,RX,bus,-1,00013665,1,7,01 00 00 0F 03 65 36,OK
2026-09-29T10:24:07.593Z,12174.704,RX,bus,-1,00113665,1,5,01 00 00 65 36,OK
2026-09-29T10:24:07.598Z,12179.446,RX,bus,-1,0001D35E,1,7,01 00 00 0F 03 5E D3,OK
2026-09-29T10:24:07.598Z,12179.668,RX,bus,-1,0011D35E,1,5,01 00 00 5E D3,OK
2026-09-29T10:24:07.603Z,12184.481,RX,bus,-1,00019EEE,1,7,01 00 00 0F 03 EE 9E,OK
2026-09-29T10:24:07.603Z,12184.728,RX,bus,-1,00119EEE,1,5,01 00 00 EE 9E,OK
2026-09-29T10:24:07.608Z,12189.679,RX,bus,-1,000134AF,1,7,01 00 00 0F 03 AF 34,OK
2026-09-29T10:24:07.608Z,12189.744,RX,bus,-1,001134AF,1,5,01 00 00 AF 34,OK
2026-09-29T10:24:07.613Z,12194.690,RX,bus,-1,00016D19,1,7,01 00 00 0F 03 19 6D,OK
2026-09-29T10:24:07.613Z,12194.744,RX,bus,-1,00116D19,1,5,01 00 00 19 6D,OK
2026-09-29T10:24:07.618Z,12199.695,RX,bus,-1,00010FAA,1,7,01 00 00 0F 03 AA 0F,OK
2026-09-29T10:24:07.618Z,12199.749,RX,bus,-1,00110FAA,1,5,01 00 00 AA 0F,OK
2026-09-29T10:24:07.623Z,12204.665,RX,bus,-1,00016D02,1,7,01 00 00 0F 03 02 6D,OK
2026-09-29T10:24:07.623Z,12204.717,RX,bus,-1,00116D02,1,5,01 00 00 02 6D,OK
2026-09-29T10:24:07.628Z,12209.464,RX,bus,-1,00017403,1,7,01 00 00 0F 03 03 74,OK
2026-09-29T10:24:07.628Z,12209.708,RX,bus,-1,00117403,1,5,01 00 00 03 74,OK
2026-09-29T10:24:07.633Z,12214.513,RX,bus,-1,00019492,1,7,01 00 00 0F 03 92 94,OK
2026-09-29T10:24:07.633Z,12214.694,RX,bus,-1,00119492,1,5,01 00 00 92 94,OK
2026-09-29T10:24:07.638Z,12219.464,RX,bus,-1,0001BB79,1,7,01 00 00 0F 03 79 BB,OK
2026-09-29T10:24:07.638Z,12219.756,RX,bus,-1,0011BB79,1,5,01 00 00 79 BB,OK
2026-09-29T10:24:07.643Z,12224.391,RX,bus,-1,000127AF,1,7,01 00 00 0F 03 AF 27,OK
2026-09-29T10:24:07.643Z,12224.698,RX,bus,-1,001127AF,1,5,01 00 00 AF 27,OK
2026-09-29T10:24:07.648Z,12229.400,RX,bus,-1,0001A48A,1,7,01 00 00 0F 03 8A A4,OK
2026-09-29T10:24:07.648Z,12229.648,RX,bus,-1,0011A48A,1,5,01 00 00 8A A4,OK
2026-09-29T10:24:07.653Z,12234.470,RX,bus,-1,0001BE02,1,7,01 00 00 0F 03 02 BE,OK
2026-09-29T10:24:07.653Z,12234.707,RX,bus,-1,0011BE02,1,5,01 00 00 02 BE,OK
2026-09-29T10:24:07.658Z,12239.460,RX,bus,-1,0001CA96,1,7,01 00 00 0F 03 96 CA,OK
2026-09-29T10:24:07.658Z,12239.711,RX,bus,-1,0011CA96,1,5,01 00 00 96 CA,OK
2026-09-29T10:24:07.663Z,12244.461,RX,bus,-1,0001F170,1,7,01 00 00 0F 03 70 F1,OK
2026-09-29T10:24:07.663Z,12244.705,RX,bus,-1,0011F170,1,5,01 00 00 70 F1,OK
2026-09-29T10:24:07.668Z,12249.638,RX,bus,-1,0001C808,1,7,01 00 00 0F 03 08 C8,OK
2026-09-29T10:24:07.668Z,12249.692,RX,bus,-1,0011C808,1,5,01 00 00 08 C8,OK
2026-09-29T10:24:07.673Z,12254.633,RX,bus,-1,00011BF1,1,7,01 00 00 0F 03 F1 1B,OK
2026-09-29T10:24:07.673Z,12254.699,RX,bus,-1,00111BF1,1,5,01 00 00 F1 1B,OK
2026-09-29T10:24:07.678Z,12259.500,RX,bus,-1,00019207,1,7,01 00 00 0F 03 07 92,OK
2026-09-29T10:24:07.678Z,12259.699,RX,bus,-1,00119207,1,5,01 00 00 07 92,OK
2026-09-29T10:24:07.682Z,12264.431,RX,bus,-1,0001D574,1,7,01 00 00 0F 03 74 D5,OK
2026-09-29T10:24:07.683Z,12264.663,RX,bus,-1,0011D574,1,5,01 00 00 74 D5,OK
2026-09-29T10:24:07.687Z,12269.431,RX,bus,-1,000115C2,1,7,01 00 00 0F 03 C2 15,OK
2026-09-29T10:24:07.688Z,12269.630,RX,bus,-1,001115C2,1,5,01 00 00 C2 15,OK
2026-09-29T10:24:07.692Z,12274.414,RX,bus,-1,000119EE,1,7,01 00 00 0F 03 EE 19,OK
2026-09-29T10:24:07.693Z,12274.624,RX,bus,-1,001119EE,1,5,01 00 00 EE 19,OK
2026-09-29T10:24:07.698Z,12279.617,RX,bus,-1,00011E4A,1,7,01 00 00 0F 03 4A 1E,OK
2026-09-29T10:24:07.698Z,12279.670,RX,bus,-1,00111E4A,1,5,01 00 00 4A 1E,OK
2026-09-29T10:24:07.703Z,12284.606,RX,bus,-1,000135B8,1,7,01 00 00 0F 03 B8 35,OK
2026-09-29T10:24:07.703Z,12284.704,RX,bus,-1,001135B8,1,5,01 00 00 B8 35,OK
2026-09-29T10:24:07.707Z,12289.434,RX,bus,-1,0001C2A0,1,7,01 00 00 0F 03 A0 C2,OK
2026-09-29T10:24:07.708Z,12289.645,RX,bus,-1,0011C2A0,1,5,01 00 00 A0 C2,OK
2026-09-29T10:24:07.712Z,12294.400,RX,bus,-1,00017E01,1,7,01 00 00 0F 03 01 7E,OK
2026-09-29T10:24:07.713Z,12294.655,RX,bus,-1,00117E01,1,5,01 00 00 01 7E,OK
2026-09-29T10:24:07.718Z,12299.379,RX,bus,-1,00017A5C,1,7,01 00 00 0F 03 5C 7A,OK
2026-09-29T10:24:07.718Z,12299.653,RX,bus,-1,00117A5C,1,5,01 00 00 5C 7A,OK
2026-09-29T10:24:07.723Z,12304.441,RX,bus,-1,000168D0,1,7,01 00 00 0F 03 D0 68,OK
2026-09-29T10:24:07.723Z,12304.622,RX,bus,-1,001168D0,1,5,01 00 00 D0 68,OK
2026-09-29T10:24:07.727Z,12309.424,RX,bus,-1,0001CC16,1,7,01 00 00 0F 03 16 CC,OK
2026-09-29T10:24:07.728Z,12309.628,RX,bus,-1,0011CC16,1,5,01 00 00 16 CC,OK
2026-09-29T10:24:07.733Z,12314.482,RX,bus,-1,00015FE6,1,7,01 00 00 0F 03 E6 5F,OK
2026-09-29T10:24:07.733Z,12314.589,RX,bus,-1,00115FE6,1,5,01 00 00 E6 5F,OK
2026-09-29T10:24:07.737Z,12319.413,RX,bus,-1,0001137D,1,7,01 00 00 0F 03 7D 13,OK
2026-09-29T10:24:07.738Z,12319.623,RX,bus,-1,0011137D,1,5,01 00 00 7D 13,OK
2026-09-29T10:24:07.742Z,12324.389,RX,bus,-1,00014B88,1,7,01 00 00 0F 03 88 4B,OK
2026-09-29T10:24:07.743Z,12324.653,RX,bus,-1,00114B88,1,5,01 00 00 88 4B,OK
2026-09-29T10:24:07.748Z,12329.631,RX,bus,-1,0001E1C1,1,7,01 00 00 0F 03 C1 E1,OK
2026-09-29T10:24:07.748Z,12329.703,RX,bus,-1,0011E1C1,1,5,01 00 00 C1 E1,OK
2026-09-29T10:24:07.753Z,12334.594,RX,bus,-1,000139FB,1,7,01 00 00 0F 03 FB 39,OK
2026-09-29T10:24:07.753Z,12334.674,RX,bus,-1,001139FB,1,5,01 00 00 FB 39,OK
2026-09-29T10:24:07.757Z,12339.436,RX,bus,-1,0001F5B5,1,7,01 00 00 0F 03 B5 F5,OK
2026-09-29T10:24:07.758Z,12339.652,RX,bus,-1,0011F5B5,1,5,01 00 00 B5 F5,OK
2026-09-29T10:24:07.763Z,12344.605,RX,bus,-1,0001CE2F,1,7,01 00 00 0F 03 2F CE,OK
2026-09-29T10:24:07.763Z,12344.675,RX,bus,-1,0011CE2F,1,5,01 00 00 2F CE,OK
2026-09-29T10:24:07.768Z,12349.414,RX,bus,-1,000109D3,1,7,01 00 00 0F 03 D3 09,OK
2026-09-29T10:24:07.768Z,12349.646,RX,bus,-1,001109D3,1,5,01 00 00 D3 09,OK
2026-09-29T10:24:07.773Z,12354.669,RX,bus,-1,000113F4,1,7,01 00 00 0F 03 F4 13,OK
2026-09-29T10:24:07.773Z,12354.719,RX,bus,-1,001113F4,1,5,01 00 00 F4 13,OK
2026-09-29T10:24:07.778Z,12359.430,RX,bus,-1,00012914,1,7,01 00 00 0F 03 14 29,OK
2026-09-29T10:24:07.778Z,12359.657,RX,bus,-1,00112914,1,5,01 00 00 14 29,OK
2026-09-29T10:24:07.783Z,12364.696,RX,bus,-1,000179AD,1,7,01 00 00 0F 03 AD 79,OK
2026-09-29T10:24:07.783Z,12364.747,RX,bus,-1,001179AD,1,5,01 00 00 AD 79,OK
2026-09-29T10:24:07.788Z,12369.413,RX,bus,-1,00019430,1,7,01 00 00 0F 03 30 94,OK
2026-09-29T10:24:07.788Z,12369.645,RX,bus,-1,00119430,1,5,01 00 00 30 94,OK
2026-09-29T10:24:07.793Z,12374.413,RX,bus,-1,00016B54,1,7,01 00 00 0F 03 54 6B,OK
2026-09-29T10:24:07.793Z,12374.650,RX,bus,-1,00116B54,1,5,01 00 00 54 6B,OK
2026-09-29T10:24:07.798Z,12379.426,RX,bus,-1,000103BC,1,7,01 00 00 0F 03 BC 03,OK
2026-09-29T10:24:07.798Z,12379.657,RX,bus,-1,001103BC,1,5,01 00 00 BC 03,OK
2026-09-29T10:24:07.803Z,12384.387,RX,bus,-1,00011C59,1,7,01 00 00 0F 03 59 1C,OK
2026-09-29T10:24:07.803Z,12384.628,RX,bus,-1,00111C59,1,5,01 00 00 59 1C,OK
2026-09-29T10:24:07.808Z,12389.398,RX,bus,-1,0001E454,1,7,01 00 00 0F 03 54 E4,OK
2026-09-29T10:24:07.808Z,12389.610,RX,bus,-1,0011E454,1,5,01 00 00 54 E4,OK
2026-09-29T10:24:07.813Z,12394.537,RX,bus,-1,0001699B,1,7,01 00 00 0F 03 9B 69,OK
2026-09-29T10:24:07.813Z,12394.641,RX,bus,-1,0011699B,1,5,01 00 00 9B 69,OK
2026-09-29T10:24:07.818Z,12399.537,RX,bus,-1,00015CA0,1,7,01 00 00 0F 03 A0 5C,OK
2026-09-29T10:24:07.818Z,12399.626,RX,bus,-1,00115CA0,1,5,01 00 00 A0 5C,OK
2026-09-29T10:24:07.822Z,12404.392,RX,bus,-1,0001368B,1,7,01 00 00 0F 03 8B 36,OK
2026-09-29T10:24:07.822Z,12404.623,RX,bus,-1,0011368B,1,5,01 00 00 8B 36,OK
2026-09-29T10:24:07.827Z,12409.661,RX,bus,-1,000139FA,1,7,01 00 00 0F 03 FA 39,OK
2026-09-29T10:24:07.828Z,12409.749,RX,bus,-1,001139FA,1,5,01 00 00 FA 39,OK
2026-09-29T10:24:07.832Z,12414.539,RX,bus,-1,0001E03E,1,7,01 00 00 0F 03 3E E0,OK
2026-09-29T10:24:07.832Z,12414.625,RX,bus,-1,0011E03E,1,5,01 00 00 3E E0,OK
2026-09-29T10:24:07.838Z,12419.670,RX,bus,-1,00010F08,1,7,01 00 00 0F 03 08 0F,OK
2026-09-29T10:24:07.838Z,12419.717,RX,bus,-1,00110F08,1,5,01 00 00 08 0F,OK
2026-09-29T10:24:07.842Z,12424.541,RX,bus,-1,0001A6F3,1,7,01 00 00 0F 03 F3 A6,OK
2026-09-29T10:24:07.842Z,12424.626,RX,bus,-1,0011A6F3,1,5,01 00 00 F3 A6,OK
2026-09-29T10:24:07.847Z,12429.541,RX,bus,-1,0001807C,1,7,01 00 00 0F 03 7C 80,OK
2026-09-29T10:24:07.847Z,12429.624,RX,bus,-1,0011807C,1,5,01 00 00 7C 80,OK
2026-09-29T10:24:07.852Z,12434.362,RX,bus,-1,0001565A,1,7,01 00 00 0F 03 5A 56,OK
2026-09-29T10:24:07.852Z,12434.631,RX,bus,-1,0011565A,1,5,01 00 00 5A 56,OK
2026-09-29T10:24:07.858Z,12439.596,RX,bus,-1,00010EDB,1,7,01 00 00 0F 03 DB 0E,OK
2026-09-29T10:24:07.858Z,12439.649,RX,bus,-1,00110EDB,1,5,01 00 00 DB 0E,OK
2026-09-29T10:24:07.862Z,12444.591,RX,bus,-1,000126A7,1,7,01 00 00 0F 03 A7 26,OK
2026-09-29T10:24:07.862Z,12444.644,RX,bus,-1,001126A7,1,5,01 00 00 A7 26,OK
2026-09-29T10:24:07.868Z,12449.532,RX,bus,-1,000120FB,1,7,01 00 00 0F 03 FB 20,OK
2026-09-29T10:24:07.868Z,12449.604,RX,bus,-1,001120FB,1,5,01 00 00 FB 20,OK
2026-09-29T10:24:07.873Z,12454.503,RX,bus,-1,00011C27,1,7,01 00 00 0F 03 27 1C,OK
2026-09-29T10:24:07.873Z,12454.668,RX,bus,-1,00111C27,1,5,01 00 00 27 1C,OK
2026-09-29T10:24:07.878Z,12459.523,RX,bus,-1,0001ED9B,1,7,01 00 00 0F 03 9B ED,OK
2026-09-29T10:24:07.878Z,12459.627,RX,bus,-1,0011ED9B,1,5,01 00 00 9B ED,OK
2026-09-29T10:24:07.883Z,12464.516,RX,bus,-1,0001E4FD,1,7,01 00 00 0F 03 FD E4,OK
2026-09-29T10:24:07.883Z,12464.666,RX,bus,-1,0011E4FD,1,5,01 00 00 FD E4,OK
2026-09-29T10:24:07.888Z,12469.451,RX,bus,-1,0001DF3E,1,7,01 00 00 0F 03 3E DF,OK
2026-09-29T10:24:07.888Z,12469.660,RX,bus,-1,0011DF3E,1,5,01 00 00 3E DF,OK
2026-09-29T10:24:07.893Z,12474.437,RX,bus,-1,0001642D,1,7,01 00 00 0F 03 2D 64,OK
2026-09-29T10:24:07.893Z,12474.675,RX,bus,-1,0011642D,1,5,01 00 00 2D 64,OK
2026-09-29T10:24:07.898Z,12479.520,RX,bus,-1,0001082F,1,7,01 00 00 0F 03 2F 08,OK
2026-09-29T10:24:07.898Z,12479.662,RX,bus,-1,0011082F,1,5,01 00 00 2F 08,OK
2026-09-29T10:24:07.903Z,12484.521,RX,bus,-1,00011B1D,1,7,01 00 00 0F 03 1D 1B,OK
2026-09-29T10:24:07.903Z,12484.667,RX,bus,-1,00111B1D,1,5,01 00 00 1D 1B,OK
2026-09-29T10:24:07.908Z,12489.520,RX,bus,-1,0001895A,1,7,01 00 00 0F 03 5A 89,OK
2026-09-29T10:24:07.908Z,12489.663,RX,bus,-1,0011895A,1,5,01 00 00 5A 89,OK
2026-09-29T10:24:07.912Z,12494.579,RX,bus,-1,00014E39,1,7,01 00 00 0F 03 39 4E,OK
2026-09-29T10:24:07.912Z,12494.631,RX,bus,-1,00114E39,1,5,01 00 00 39 4E,OK
2026-09-29T10:24:07.918Z,12499.689,RX,bus,-1,0001ED63,1,7,01 00 00 0F 03 63 ED,OK
2026-09-29T10:24:07.918Z,12499.741,RX,bus,-1,0011ED63,1,5,01 00 00 63 ED,OK
2026-09-29T10:24:07.923Z,12504.434,RX,bus,-1,00018754,1,7,01 00 00 0F 03 54 87,OK
2026-09-29T10:24:07.923Z,12504.676,RX,bus,-1,00118754,1,5,01 00 00 54 87,OK
2026-09-29T10:24:07.928Z,12509.430,RX,bus,-1,0001F216,1,7,01 00 00 0F 03 16 F2,OK
2026-09-29T10:24:07.928Z,12509.670,RX,bus,-1,0011F216,1,5,01 00 00 16 F2,OK
2026-09-29T10:24:07.933Z,12514.428,RX,bus,-1,0001E80C,1,7,01 00 00 0F 03 0C E8,OK
2026-09-29T10:24:07.933Z,12514.666,RX,bus,-1,0011E80C,1,5,01 00 00 0C E8,OK
2026-09-29T10:24:07.938Z,12519.422,RX,bus,-1,0001952F,1,7,01 00 00 0F 03 2F 95,OK
2026-09-29T10:24:07.938Z,12519.677,RX,bus,-1,0011952F,1,5,01 00 00 2F 95,OK
2026-09-29T10:24:07.943Z,12524.390,RX,bus,-1,0001142A,1,7,01 00 00 0F 03 2A 14,OK
2026-09-29T10:24:07.943Z,12524.664,RX,bus,-1,0011142A,1,5,01 00 00 2A 14,OK
2026-09-29T10:24:07.948Z,12529.455,RX,bus,-1,0001A20B,1,7,01 00 00 0F 03 0B A2,OK
2026-09-29T10:24:07.948Z,12529.672,RX,bus,-1,0011A20B,1,5,01 00 00 0B A2,OK
2026-09-29T10:24:07.953Z,12534.463,RX,bus,-1,00015BD8,1,7,01 00 00 0F 03 D8 5B,OK
2026-09-29T10:24:07.953Z,12534.639,RX,bus,-1,00115BD8,1,5,01 00 00 D8 5B,OK
2026-09-29T10:24:07.958Z,12539.431,RX,bus,-1,0001C8B9,1,7,01 00 00 0F 03 B9 C8,OK
2026-09-29T10:24:07.958Z,12539.688,RX,bus,-1,0011C8B9,1,5,01 00 00 B9 C8,OK
2026-09-29T10:24:07.963Z,12544.386,RX,bus,-1,00016732,1,7,01 00 00 0F 03 32 67,OK
2026-09-29T10:24:07.963Z,12544.655,RX,bus,-1,00116732,1,5,01 00 00 32 67,OK
2026-09-29T10:24:07.968Z,12549.579,RX,bus,-1,0001AB8D,1,7,01 00 00 0F 03 8D AB,OK
2026-09-29T10:24:07.968Z,12549.631,RX,bus,-1,0011AB8D,1,5,01 00 00 8D AB,OK
2026-09-29T10:24:07.973Z,12554.612,RX,bus,-1,0001D46B,1,7,01 00 00 0F 03 6B D4,OK
2026-09-29T10:24:07.973Z,12554.680,RX,bus,-1,0011D46B,1,5,01 00 00 6B D4,OK
2026-09-29T10:24:07.978Z,12559.550,RX,bus,-1,0001671B,1,7,01 00 00 0F 03 1B 67,OK
2026-09-29T10:24:07.978Z,12559.603,RX,bus,-1,0011671B,1,5,01 00 00 1B 67,OK
2026-09-29T10:24:07.983Z,12564.618,RX,bus,-1,000153A3,1,7,01 00 00 0F 03 A3 53,OK
2026-09-29T10:24:07.983Z,12564.709,RX,bus,-1,001153A3,1,5,01 00 00 A3 53,OK
2026-09-29T10:24:07.988Z,12569.619,RX,bus,-1,0001814C,1,7,01 00 00 0F 03 4C 81,OK
2026-09-29T10:24:07.988Z,12569.676,RX,bus,-1,0011814C,1,5,01 00 00 4C 81,OK
2026-09-29T10:24:07.993Z,12574.601,RX,bus,-1,0001CB27,1,7,01 00 00 0F 03 27 CB,OK
2026-09-29T10:24:07.993Z,12574.671,RX,bus,-1,0011CB27,1,5,01 00 00 27 CB,OK
2026-09-29T10:24:07.998Z,12579.554,RX,bus,-1,0001AEE5,1,7,01 00 00 0F 03 E5 AE,OK
2026-09-29T10:24:07.998Z,12579.605,RX,bus,-1,0011AEE5,1,5,01 00 00 E5 AE,OK
2026-09-29T10:24:08.003Z,12584.625,RX,bus,-1,000190AA,1,7,01 00 00 0F 03 AA 90,OK
2026-09-29T10:24:08.003Z,12584.696,RX,bus,-1,001190AA,1,5,01 00 00 AA 90,OK
2026-09-29T10:24:08.008Z,12589.560,RX,bus,-1,0001D7B9,1,7,01 00 00 0F 03 B9 D7,OK
2026-09-29T10:24:08.008Z,12589.612,RX,bus,-1,0011D7B9,1,5,01 00 00 B9 D7,OK
2026-09-29T10:24:08.012Z,12594.573,RX,bus,-1,0001D7B8,1,7,01 00 00 0F 03 B8 D7,OK
2026-09-29T10:24:08.012Z,12594.624,RX,bus,-1,0011D7B8,1,5,01 00 00 B8 D7,OK
2026-09-29T10:24:08.018Z,12599.369,RX,bus,-1,00019860,1,7,01 00 00 0F 03 60 98,OK
2026-09-29T10:24:08.018Z,12599.668,RX,bus,-1,00119860,1,5,01 00 00 60 98,OK
2026-09-29T10:24:08.023Z,12604.561,RX,bus,-1,0001337B,1,7,01 00 00 0F 03 7B 33,OK
2026-09-29T10:24:08.023Z,12604.614,RX,bus,-1,0011337B,1,5,01 00 00 7B 33,OK
2026-09-29T10:24:08.028Z,12609.591,RX,bus,-1,00014128,1,7,01 00 00 0F 03 28 41,OK
2026-09-29T10:24:08.028Z,12609.643,RX,bus,-1,00114128,1,5,01 00 00 28 41,OK
2026-09-29T10:24:08.033Z,12614.578,RX,bus,-1,0001E184,1,7,01 00 00 0F 03 84 E1,OK
2026-09-29T10:24:08.033Z,12614.634,RX,bus,-1,0011E184,1,5,01 00 00 84 E1,OK
2026-09-29T10:24:08.038Z,12619.587,RX,bus,-1,00013098,1,7,01 00 00 0F 03 98 30,OK
2026-09-29T10:24:08.038Z,12619.639,RX,bus,-1,00113098,1,5,01 00 00 98 30,OK
2026-09-29T10:24:08.043Z,12624.631,RX,bus,-1,0001412C,1,7,01 00 00 0F 03 2C 41,OK
2026-09-29T10:24:08.043Z,12624.696,RX,bus,-1,0011412C,1,5,01 00 00 2C 41,OK
2026-09-29T10:24:08.048Z,12629.569,RX,bus,-1,00013CBA,1,7,01 00 00 0F 03 BA 3C,OK
2026-09-29T10:24:08.048Z,12629.621,RX,bus,-1,00113CBA,1,5,01 00 00 BA 3C,OK
2026-09-29T10:24:08.053Z,12634.621,RX,bus,-1,00013EE0,1,7,01 00 00 0F 03 E0 3E,OK
2026-09-29T10:24:08.053Z,12634.686,RX,bus,-1,00113EE0,1,5,01 00 00 E0 3E,OK
2026-09-29T10:24:08.058Z,12639.621,RX,bus,-1,0001C516,1,7,01 00 00 0F 03 16 C5,OK
2026-09-29T10:24:08.058Z,12639.703,RX,bus,-1,0011C516,1,5,01 00 00 16 C5,OK
2026-09-29T10:24:08.063Z,12644.588,RX,bus,-1,00014842,1,7,01 00 00 0F 03 42 48,OK
2026-09-29T10:24:08.063Z,12644.654,RX,bus,-1,00114842,1,5,01 00 00 42 48,OK
2026-09-29T10:24:08.067Z,12649.559,RX,bus,-1,0001DBF8,1,7,01 00 00 0F 03 F8 DB,OK
2026-09-29T10:24:08.067Z,12649.611,RX,bus,-1,0011DBF8,1,5,01 00 00 F8 DB,OK
2026-09-29T10:24:08.073Z,12654.331,RX,bus,-1,00019607,1,7,01 00 00 0F 03 07 96,OK
2026-09-29T10:24:08.073Z,12654.643,RX,bus,-1,00119607,1,5,01 00 00 07 96,OK
2026-09-29T10:24:08.078Z,12659.440,RX,bus,-1,00015C70,1,7,01 00 00 0F 03 70 5C,OK
2026-09-29T10:24:08.078Z,12659.665,RX,bus,-1,00115C70,1,5,01 00 00 70 5C,OK
2026-09-29T10:24:08.083Z,12664.327,RX,bus,-1,0001EA07,1,7,01 00 00 0F 03 07 EA,OK
2026-09-29T10:24:08.083Z,12664.659,RX,bus,-1,0011EA07,1,5,01 00 00 07 EA,OK
2026-09-29T10:24:08.088Z,12669.387,RX,bus,-1,00019B3E,1,7,01 00 00 0F 03 3E 9B,OK
2026-09-29T10:24:08.088Z,12669.609,RX,bus,-1,00119B3E,1,5,01 00 00 3E 9B,OK
2026-09-29T10:24:08.093Z,12674.397,RX,bus,-1,00011BCA,1,7,01 00 00 0F 03 CA 1B,OK
2026-09-29T10:24:08.093Z,12674.640,RX,bus,-1,00111BCA,1,5,01 00 00 CA 1B,OK
2026-09-29T10:24:08.098Z,12679.409,RX,bus,-1,0001EF81,1,7,01 00 00 0F 03 81 EF,OK
2026-09-29T10:24:08.098Z,12679.654,RX,bus,-1,0011EF81,1,5,01 00 00 81 EF,OK
2026-09-29T10:24:08.103Z,12684.369,RX,bus,-1,00015FA1,1,7,01 00 00 0F 03 A1 5F,OK
2026-09-29T10:24:08.103Z,12684.642,RX,bus,-1,00115FA1,1,5,01 00 00 A1 5F,OK
2026-09-29T10:24:08.108Z,12689.409,RX,bus,-1,000138DD,1,7,01 00 00 0F 03 DD 38,OK
2026-09-29T10:24:08.108Z,12689.655,RX,bus,-1,001138DD,1,5,01 00 00 DD 38,OK
2026-09-29T10:24:08.113Z,12694.403,RX,bus,-1,00018007,1,7,01 00 00 0F 03 07 80,OK
2026-09-29T10:24:08.113Z,12694.657,RX,bus,-1,00118007,1,5,01 00 00 07 80,OK
2026-09-29T10:24:08.117Z,12699.430,RX,bus,-1,0001B377,1,7,01 00 00 0F 03 77 B3,OK
2026-09-29T10:24:08.117Z,12699.648,RX,bus,-1,0011B377,1,5,01 00 00 77 B3,OK
2026-09-29T10:24:08.123Z,12704.609,RX,bus,-1,000122E2,1,7,01 00 00 0F 03 E2 22,OK
2026-09-29T10:24:08.123Z,12704.661,RX,bus,-1,001122E2,1,5,01 00 00 E2 22,OK
2026-09-29T10:24:08.128Z,12709.405,RX,bus,-1,00018EFE,1,7,01 00 00 0F 03 FE 8E,OK
2026-09-29T10:24:08.128Z,12709.648,RX,bus,-1,00118EFE,1,5,01 00 00 FE 8E,OK
2026-09-29T10:24:08.133Z,12714.409,RX,bus,-1,00011FDA,1,7,01 00 00 0F 03 DA 1F,OK
2026-09-29T10:24:08.133Z,12714.654,RX,bus,-1,00111FDA,1,5,01 00 00 DA 1F,OK
2026-09-29T10:24:08.138Z,12719.499,RX,bus,-1,00018091,1,7,01 00 00 0F 03 91 80,OK
2026-09-29T10:24:08.138Z,12719.640,RX,bus,-1,00118091,1,5,01 00 00 91 80,OK
2026-09-29T10:24:08.143Z,12724.647,RX,bus,-1,000166DF,1,7,01 00 00 0F 03 DF 66,OK
2026-09-29T10:24:08.143Z,12724.701,RX,bus,-1,001166DF,1,5,01 00 00 DF 66,OK
2026-09-29T10:24:08.148Z,12729.542,RX,bus,-1,00014047,1,7,01 00 00 0F 03 47 40,OK
2026-09-29T10:24:08.148Z,12729.594,RX,bus,-1,00114047,1,5,01 00 00 47 40,OK
2026-09-29T10:24:08.153Z,12734.644,RX,bus,-1,0001F595,1,7,01 00 00 0F 03 95 F5,OK
2026-09-29T10:24:08.153Z,12734.698,RX,bus,-1,0011F595,1,5,01 00 00 95 F5,OK
2026-09-29T10:24:08.158Z,12739.483,RX,bus,-1,000115A4,1,7,01 00 00 0F 03 A4 15,OK
2026-09-29T10:24:08.158Z,12739.631,RX,bus,-1,001115A4,1,5,01 00 00 A4 15,OK
2026-09-29T10:24:08.163Z,12744.467,RX,bus,-1,0001B441,1,7,01 00 00 0F 03 41 B4,OK
2026-09-29T10:24:08.163Z,12744.644,RX,bus,-1,0011B441,1,5,01 00 00 41 B4,OK
2026-09-29T10:24:08.168Z,12749.404,RX,bus,-1,0001B33E,1,7,01 00 00 0F 03 3E B3,OK
2026-09-29T10:24:08.168Z,12749.644,RX,bus,-1,0011B33E,1,5,01 00 00 3E B3,OK
2026-09-29T10:24:08.173Z,12754.401,RX,bus,-1,0001BA70,1,7,01 00 00 0F 03 70 BA,OK
2026-09-29T10:24:08.173Z,12754.621,RX,bus,-1,0011BA70,1,5,01 00 00 70 BA,OK
2026-09-29T10:24:08.178Z,12759.418,RX,bus,-1,00016462,1,7,01 00 00 0F 03 62 64,OK
2026-09-29T10:24:08.178Z,12759.646,RX,bus,-1,00116462,1,5,01 00 00 62 64,OK
2026-09-29T10:24:08.183Z,12764.371,RX,bus,-1,0001815E,1,7,01 00 00 0F 03 5E 81,OK
2026-09-29T10:24:08.183Z,12764.568,RX,bus,-1,0011815E,1,5,01 00 00 5E 81,OK
2026-09-29T10:24:08.188Z,12769.426,RX,bus,-1,0001BC71,1,7,01 00 00 0F 03 71 BC,OK
2026-09-29T10:24:08.188Z,12769.597,RX,bus,-1,0011BC71,1,5,01 00 00 71 BC,OK
2026-09-29T10:24:08.193Z,12774.496,RX,bus,-1,0001F1FF,1,7,01 00 00 0F 03 FF F1,OK
2026-09-29T10:24:08.193Z,12774.567,RX,bus,-1,0011F1FF,1,5,01 00 00 FF F1,OK
2026-09-29T10:24:08.198Z,12779.575,RX,bus,-1,0001E659,1,7,01 00 00 0F 03 59 E6,OK
2026-09-29T10:24:08.198Z,12779.628,RX,bus,-1,0011E659,1,5,01 00 00 59 E6,OK
2026-09-29T10:24:08.203Z,12784.498,RX,bus,-1,0001A607,1,7,01 00 00 0F 03 07 A6,OK
2026-09-29T10:24:08.203Z,12784.552,RX,bus,-1,0011A607,1,5,01 00 00 07 A6,OK
2026-09-29T10:24:08.208Z,12789.408,RX,bus,-1,00018F51,1,7,01 00 00 0F 03 51 8F,OK
2026-09-29T10:24:08.208Z,12789.618,RX,bus,-1,00118F51,1,5,01 00 00 51 8F,OK
2026-09-29T10:24:08.213Z,12794.574,RX,bus,-1,00010366,1,7,01 00 00 0F 03 66 03,OK
2026-09-29T10:24:08.213Z,12794.626,RX,bus,-1,00110366,1,5,01 00 00 66 03,OK
2026-09-29T10:24:08.218Z,12799.307,RX,bus,-1,0001EABC,1,7,01 00 00 0F 03 BC EA,OK
2026-09-29T10:24:08.218Z,12799.610,RX,bus,-1,0011EABC,1,5,01 00 00 BC EA,OK
2026-09-29T10:24:08.223Z,12804.402,RX,bus,-1,0001071E,1,7,01 00 00 0F 03 1E 07,OK
2026-09-29T10:24:08.223Z,12804.646,RX,bus,-1,0011071E,1,5,01 00 00 1E 07,OK
2026-09-29T10:24:08.228Z,12809.503,RX,bus,-1,00016DE2,1,7,01 00 00 0F 03 E2 6D,OK
2026-09-29T10:24:08.228Z,12809.619,RX,bus,-1,00116DE2,1,5,01 00 00 E2 6D,OK
2026-09-29T10:24:08.233Z,12814.580,RX,bus,-1,0001284E,1,7,01 00 00 0F 03 4E 28,OK
2026-09-29T10:24:08.233Z,12814.667,RX,bus,-1,0011284E,1,5,01 00 00 4E 28,OK
2026-09-29T10:24:08.238Z,12819.367,RX,bus,-1,0001E4E4,1,7,01 00 00 0F 03 E4 E4,OK
2026-09-29T10:24:08.238Z,12819.603,RX,bus,-1,0011E4E4,1,5,01 00 00 E4 E4,OK
2026-09-29T10:24:08.243Z,12824.620,RX,bus,-1,000119EE,1,7,01 00 00 0F 03 EE 19,OK
2026-09-29T10:24:08.243Z,12824.669,RX,bus,-1,001119EE,1,5,01 00 00 EE 19,OK
2026-09-29T10:24:08.248Z,12829.404,RX,bus,-1,00019714,1,7,01 00 00 0F 03 14 97,OK
2026-09-29T10:24:08.248Z,12829.586,RX,bus,-1,00119714,1,5,01 00 00 14 97,OK
2026-09-29T10:24:08.253Z,12834.352,RX,bus,-1,0001B995,1,7,01 00 00 0F 03 95 B9,OK
2026-09-29T10:24:08.253Z,12834.578,RX,bus,-1,0011B995,1,5,01 00 00 95 B9,OK
2026-09-29T10:24:08.258Z,12839.366,RX,bus,-1,0001D394,1,7,01 00 00 0F 03 94 D3,OK
2026-09-29T10:24:08.258Z,12839.605,RX,bus,-1,0011D394,1,5,01 00 00 94 D3,OK
2026-09-29T10:24:08.263Z,12844.337,RX,bus,-1,00017B39,1,7,01 00 00 0F 03 39 7B,OK
2026-09-29T10:24:08.263Z,12844.529,RX,bus,-1,00117B39,1,5,01 00 00 39 7B,OK
2026-09-29T10:24:08.268Z,12849.365,RX,bus,-1,000103ED,1,7,01 00 00 0F 03 ED 03,OK
2026-09-29T10:24:08.268Z,12849.547,RX,bus,-1,001103ED,1,5,01 00 00 ED 03,OK
2026-09-29T10:24:08.273Z,12854.560,RX,bus,-1,0001FDC8,1,7,01 00 00 0F 04 C8 FD,OK
2026-09-29T10:24:08.273Z,12854.616,RX,bus,-1,0011FDC8,1,5,01 00 00 C8 FD,OK
2026-09-29T10:24:08.277Z,12859.342,RX,bus,-1,000158FE,1,7,01 00 00 0F 03 FE 58,OK
2026-09-29T10:24:08.278Z,12859.564,RX,bus,-1,001158FE,1,5,01 00 00 FE 58,OK
2026-09-29T10:24:08.282Z,12864.347,RX,bus,-1,00017211,1,7,01 00 00 0F 03 11 72,OK
2026-09-29T10:24:08.283Z,12864.615,RX,bus,-1,00117211,1,5,01 00 00 11 72,OK
2026-09-29T10:24:08.288Z,12869.368,RX,bus,-1,0001376E,1,7,01 00 00 0F 03 6E 37,OK
2026-09-29T10:24:08.288Z,12869.559,RX,bus,-1,0011376E,1,5,01 00 00 6E 37,OK
2026-09-29T10:24:08.292Z,12874.362,RX,bus,-1,00016551,1,7,01 00 00 0F 03 51 65,OK
2026-09-29T10:24:08.293Z,12874.597,RX,bus,-1,00116551,1,5,01 00 00 51 65,OK
2026-09-29T10:24:08.298Z,12879.489,RX,bus,-1,00015389,1,7,01 00 00 0F 03 89 53,OK
2026-09-29T10:24:08.298Z,12879.562,RX,bus,-1,00115389,1,5,01 00 00 89 53,OK
2026-09-29T10:24:08.303Z,12884.487,RX,bus,-1,00018E66,1,7,01 00 00 0F 03 66 8E,OK
2026-09-29T10:24:08.303Z,12884.618,RX,bus,-1,00118E66,1,5,01 00 00 66 8E,OK
2026-09-29T10:24:08.307Z,12889.333,RX,bus,-1,00011532,1,7,01 00 00 0F 03 32 15,OK
2026-09-29T10:24:08.308Z,12889.582,RX,bus,-1,00111532,1,5,01 00 00 32 15,OK
2026-09-29T10:24:08.312Z,12894.304,RX,bus,-1,00017C6F,1,7,01 00 00 0F 03 6F 7C,OK
2026-09-29T10:24:08.313Z,12894.523,RX,bus,-1,00117C6F,1,5,01 00 00 6F 7C,OK
2026-09-29T10:24:08.318Z,12899.491,RX,bus,-1,0001E74F,1,7,01 00 00 0F 03 4F E7,OK
2026-09-29T10:24:08.318Z,12899.570,RX,bus,-1,0011E74F,1,5,01 00 00 4F E7,OK
2026-09-29T10:24:08.323Z,12904.487,RX,bus,-1,00013762,1,7,01 00 00 0F 03 62 37,OK
2026-09-29T10:24:08.323Z,12904.561,RX,bus,-1,00113762,1,5,01 00 00 62 37,OK
2026-09-29T10:24:08.328Z,12909.503,RX,bus,-1,0001BAD6,1,7,01 00 00 0F 03 D6 BA,OK
2026-09-29T10:24:08.328Z,12909.590,RX,bus,-1,0011BAD6,1,5,01 00 00 D6 BA,OK
2026-09-29T10:24:08.333Z,12914.515,RX,bus,-1,000122E8,1,7,01 00 00 0F 03 E8 22,OK
2026-09-29T10:24:08.333Z,12914.591,RX,bus,-1,001122E8,1,5,01 00 00 E8 22,OK
2026-09-29T10:24:08.337Z,12919.382,RX,bus,-1,00010868,1,7,01 00 00 0F 03 68 08,OK
2026-09-29T10:24:08.338Z,12919.594,RX,bus,-1,00110868,1,5,01 00 00 68 08,OK
2026-09-29T10:24:08.342Z,12924.302,RX,bus,-1,00012D77,1,7,01 00 00 0F 03 77 2D,OK
2026-09-29T10:24:08.343Z,12924.579,RX,bus,-1,00112D77,1,5,01 00 00 77 2D,OK
2026-09-29T10:24:08.348Z,12929.526,RX,bus,-1,0001381C,1,7,01 00 00 0F 03 1C 38,OK
2026-09-29T10:24:08.348Z,12929.646,RX,bus,-1,0011381C,1,5,01 00 00 1C 38,OK
2026-09-29T10:24:08.353Z,12934.513,RX,bus,-1,00016980,1,7,01 00 00 0F 03 80 69,OK
2026-09-29T10:24:08.353Z,12934.595,RX,bus,-1,00116980,1,5,01 00 00 80 69,OK
2026-09-29T10:24:08.358Z,12939.498,RX,bus,-1,0001A9E8,1,7,01 00 00 0F 03 E8 A9,OK
2026-09-29T10:24:08.358Z,12939.597,RX,bus,-1,0011A9E8,1,5,01 00 00 E8 A9,OK
2026-09-29T10:24:08.363Z,12944.523,RX,bus,-1,00012834,1,7,01 00 00 0F 03 34 28,OK
2026-09-29T10:24:08.363Z,12944.568,RX,bus,-1,00112834,1,5,01 00 00 34 28,OK
2026-09-29T10:24:08.367Z,12949.485,RX,bus,-1,000171CD,1,7,01 00 00 0F 03 CD 71,OK
2026-09-29T10:24:08.367Z,12949.572,RX,bus,-1,001171CD,1,5,01 00 00 CD 71,OK
2026-09-29T10:24:08.373Z,12954.343,RX,bus,-1,0001CD28,1,7,01 00 00 0F 03 28 CD,OK
2026-09-29T10:24:08.373Z,12954.549,RX,bus,-1,0011CD28,1,5,01 00 00 28 CD,OK
2026-09-29T10:24:08.378Z,12959.340,RX,bus,-1,00010DA8,1,7,01 00 00 0F 03 A8 0D,OK
2026-09-29T10:24:08.378Z,12959.552,RX,bus,-1,00110DA8,1,5,01 00 00 A8 0D,OK
2026-09-29T10:24:08.383Z,12964.342,RX,bus,-1,000167DB,1,7,01 00 00 0F 03 DB 67,OK
2026-09-29T10:24:08.383Z,12964.551,RX,bus,-1,001167DB,1,5,01 00 00 DB 67,OK
2026-09-29T10:24:08.388Z,12969.432,RX,bus,-1,0001EB61,1,7,01 00 00 0F 03 61 EB,OK
2026-09-29T10:24:08.388Z,12969.576,RX,bus,-1,0011EB61,1,5,01 00 00 61 EB,OK
2026-09-29T10:24:08.393Z,12974.393,RX,bus,-1,000133F5,1,7,01 00 00 0F 03 F5 33,OK
2026-09-29T10:24:08.393Z,12974.531,RX,bus,-1,001133F5,1,5,01 00 00 F5 33,OK
2026-09-29T10:24:08.398Z,12979.332,RX,bus,-1,000128C7,1,7,01 00 00 0F 03 C7 28,OK
2026-09-29T10:24:08.398Z,12979.567,RX,bus,-1,001128C7,1,5,01 00 00 C7 28,OK
2026-09-29T10:24:08.403Z,12984.331,RX,bus,-1,000132B3,1,7,01 00 00 0F 03 B3 32,OK
2026-09-29T10:24:08.403Z,12984.565,RX,bus,-1,001132B3,1,5,01 00 00 B3 32,OK
2026-09-29T10:24:08.408Z,12989.345,RX,bus,-1,0001935F,1,7,01 00 00 0F 03 5F 93,OK
2026-09-29T10:24:08.408Z,12989.567,RX,bus,-1,0011935F,1,5,01 00 00 5F 93,OK
2026-09-29T10:24:08.413Z,12994.331,RX,bus,-1,0001F3D6,1,7,01 00 00 0F 03 D6 F3,OK
2026-09-29T10:24:08.413Z,12994.569,RX,bus,-1,0011F3D6,1,5,01 00 00 D6 F3,OK
2026-09-29T10:24:08.418Z,12999.482,RX,bus,-1,0001DCEF,1,7,01 00 00 0F 03 EF DC,OK
2026-09-29T10:24:08.418Z,12999.571,RX,bus,-1,0011DCEF,1,5,01 00 00 EF DC,OK
2026-09-29T10:24:08.423Z,13004.495,RX,bus,-1,00017E1C,1,7,01 00 00 0F 03 1C 7E,OK
2026-09-29T10:24:08.423Z,13004.548,RX,bus,-1,00117E1C,1,5,01 00 00 1C 7E,OK
2026-09-29T10:24:08.428Z,13009.447,RX,bus,-1,00019684,1,7,01 00 00 0F 03 84 96,OK
2026-09-29T10:24:08.428Z,13009.565,RX,bus,-1,00119684,1,5,01 00 00 84 96,OK
2026-09-29T10:24:08.433Z,13014.488,RX,bus,-1,0001FB04,1,7,01 00 00 0F 03 04 FB,OK
2026-09-29T10:24:08.433Z,13014.532,RX,bus,-1,0011FB04,1,5,01 00 00 04 FB,OK
2026-09-29T10:24:08.437Z,13019.302,RX,bus,-1,00016257,1,7,01 00 00 0F 03 57 62,OK
2026-09-29T10:24:08.438Z,13019.575,RX,bus,-1,00116257,1,5,01 00 00 57 62,OK
2026-09-29T10:24:08.443Z,13024.488,RX,bus,-1,00017366,1,7,01 00 00 0F 03 66 73,OK
2026-09-29T10:24:08.443Z,13024.569,RX,bus,-1,00117366,1,5,01 00 00 66 73,OK
2026-09-29T10:24:08.448Z,13029.447,RX,bus,-1,00013DA6,1,7,01 00 00 0F 03 A6 3D,OK
2026-09-29T10:24:08.448Z,13029.564,RX,bus,-1,00113DA6,1,5,01 00 00 A6 3D,OK
2026-09-29T10:24:08.453Z,13034.474,RX,bus,-1,0001C637,1,7,01 00 00 0F 03 37 C6,OK
2026-09-29T10:24:08.453Z,13034.548,RX,bus,-1,0011C637,1,5,01 00 00 37 C6,OK
2026-09-29T10:24:08.458Z,13039.490,RX,bus,-1,0001728B,1,7,01 00 00 0F 03 8B 72,OK
2026-09-29T10:24:08.458Z,13039.612,RX,bus,-1,0011728B,1,5,01 00 00 8B 72,OK
2026-09-29T10:24:08.463Z,13044.506,RX,bus,-1,0001EC62,1,7,01 00 00 0F 03 62 EC,OK
2026-09-29T10:24:08.463Z,13044.553,RX,bus,-1,0011EC62,1,5,01 00 00 62 EC,OK
2026-09-29T10:24:08.468Z,13049.357,RX,bus,-1,00019E56,1,7,01 00 00 0F 03 56 9E,OK
2026-09-29T10:24:08.468Z,13049.576,RX,bus,-1,00119E56,1,5,01 00 00 56 9E,OK
2026-09-29T10:24:08.473Z,13054.302,RX,bus,-1,0001889D,1,7,01 00 00 0F 03 9D 88,OK
2026-09-29T10:24:08.473Z,13054.550,RX,bus,-1,0011889D,1,5,01 00 00 9D 88,OK
2026-09-29T10:24:08.478Z,13059.301,RX,bus,-1,0001BFED,1,7,01 00 00 0F 03 ED BF,OK
2026-09-29T10:24:08.478Z,13059.573,RX,bus,-1,0011BFED,1,5,01 00 00 ED BF,OK
2026-09-29T10:24:08.483Z,13064.268,RX,bus,-1,000133B4,1,7,01 00 00 0F 03 B4 33,OK
2026-09-29T10:24:08.483Z,13064.534,RX,bus,-1,001133B4,1,5,01 00 00 B4 33,OK
2026-09-29T10:24:08.488Z,13069.356,RX,bus,-1,00018E47,1,7,01 00 00 0F 03 47 8E,OK
2026-09-29T10:24:08.488Z,13069.533,RX,bus,-1,00118E47,1,5,01 00 00 47 8E,OK
2026-09-29T10:24:08.493Z,13074.334,RX,bus,-1,0001318B,1,7,01 00 00 0F 03 8B 31,OK
2026-09-29T10:24:08.493Z,13074.528,RX,bus,-1,0011318B,1,5,01 00 00 8B 31,OK
2026-09-29T10:24:08.498Z,13079.360,RX,bus,-1,000129FA,1,7,01 00 00 0F 03 FA 29,OK
2026-09-29T10:24:08.498Z,13079.523,RX,bus,-1,001129FA,1,5,01 00 00 FA 29,OK
2026-09-29T10:24:08.503Z,13084.340,RX,bus,-1,000154EE,1,7,01 00 00 0F 03 EE 54,OK
2026-09-29T10:24:08.503Z,13084.515,RX,bus,-1,001154EE,1,5,01 00 00 EE 54,OK
2026-09-29T10:24:08.508Z,13089.408,RX,bus,-1,00015171,1,7,01 00 00 0F 03 71 51,OK
2026-09-29T10:24:08.508Z,13089.522,RX,bus,-1,00115171,1,5,01 00 00 71 51,OK
2026-09-29T10:24:08.513Z,13094.335,RX,bus,-1,00016BF0,1,7,01 00 00 0F 03 F0 6B,OK
2026-09-29T10:24:08.513Z,13094.515,RX,bus,-1,00116BF0,1,5,01 00 00 F0 6B,OK
2026-09-29T10:24:08.517Z,13099.449,RX,bus,-1,00011A4C,1,7,01 00 00 0F 03 4C 1A,OK
2026-09-29T10:24:08.518Z,13099.585,RX,bus,-1,00111A4C,1,5,01 00 00 4C 1A,OK
2026-09-29T10:24:08.523Z,13104.315,RX,bus,-1,0001EC5C,1,7,01 00 00 0F 03 5C EC,OK
2026-09-29T10:24:08.523Z,13104.505,RX,bus,-1,0011EC5C,1,5,01 00 00 5C EC,OK
2026-09-29T10:24:08.528Z,13109.362,RX,bus,-1,000186F4,1,7,01 00 00 0F 03 F4 86,OK
2026-09-29T10:24:08.528Z,13109.543,RX,bus,-1,001186F4,1,5,01 00 00 F4 86,OK
2026-09-29T10:24:08.533Z,13114.355,RX,bus,-1,0001CB8C,1,7,01 00 00 0F 03 8C CB,OK
2026-09-29T10:24:08.533Z,13114.496,RX,bus,-1,0011CB8C,1,5,01 00 00 8C CB,OK
2026-09-29T10:24:08.538Z,13119.360,RX,bus,-1,0001D662,1,7,01 00 00 0F 03 62 D6,OK
2026-09-29T10:24:08.538Z,13119.509,RX,bus,-1,0011D662,1,5,01 00 00 62 D6,OK
2026-09-29T10:24:08.543Z,13124.426,RX,bus,-1,00018E9F,1,7,01 00 00 0F 03 9F 8E,OK
2026-09-29T10:24:08.543Z,13124.552,RX,bus,-1,00118E9F,1,5,01 00 00 9F 8E,OK
2026-09-29T10:24:08.548Z,13129.574,RX,bus,-1,0001E8BC,1,7,01 00 00 0F 03 BC E8,OK
2026-09-29T10:24:08.548Z,13129.704,RX,bus,-1,0011E8BC,1,5,01 00 00 BC E8,OK
2026-09-29T10:24:08.553Z,13134.575,RX,bus,-1,0001CBE5,1,7,01 00 00 0F 03 E5 CB,OK
2026-09-29T10:24:08.553Z,13134.670,RX,bus,-1,0011CBE5,1,5,01 00 00 E5 CB,OK
2026-09-29T10:24:08.558Z,13139.465,RX,bus,-1,0001C222,1,7,01 00 00 0F 03 22 C2,OK
2026-09-29T10:24:08.558Z,13139.572,RX,bus,-1,0011C222,1,5,01 00 00 22 C2,OK
2026-09-29T10:24:08.563Z,13144.518,RX,bus,-1,000157FC,1,7,01 00 00 0F 03 FC 57,OK
2026-09-29T10:24:08.563Z,13144.614,RX,bus,-1,001157FC,1,5,01 00 00 FC 57,OK
2026-09-29T10:24:08.568Z,13149.354,RX,bus,-1,000121E8,1,7,01 00 00 0F 03 E8 21,OK
2026-09-29T10:24:08.568Z,13149.558,RX,bus,-1,001121E8,1,5,01 00 00 E8 21,OK
2026-09-29T10:24:08.573Z,13154.459,RX,bus,-1,0001DCF4,1,7,01 00 00 0F 03 F4 DC,OK
2026-09-29T10:24:08.573Z,13154.535,RX,bus,-1,0011DCF4,1,5,01 00 00 F4 DC,OK
2026-09-29T10:24:08.578Z,13159.541,RX,bus,-1,0001BB1A,1,7,01 00 00 0F 03 1A BB,OK
2026-09-29T10:24:08.578Z,13159.634,RX,bus,-1,0011BB1A,1,5,01 00 00 1A BB,OK
2026-09-29T10:24:08.583Z,13164.440,RX,bus,-1,00019771,1,7,01 00 00 0F 03 71 97,OK
2026-09-29T10:24:08.583Z,13164.528,RX,bus,-1,00119771,1,5,01 00 00 71 97,OK
2026-09-29T10:24:08.588Z,13169.431,RX,bus,-1,00019BEA,1,7,01 00 00 0F 03 EA 9B,OK
2026-09-29T10:24:08.588Z,13169.558,RX,bus,-1,00119BEA,1,5,01 00 00 EA 9B,OK
2026-09-29T10:24:08.593Z,13174.304,RX,bus,-1,000189A2,1,7,01 00 00 0F 03 A2 89,OK
2026-09-29T10:24:08.593Z,13174.535,RX,bus,-1,001189A2,1,5,01 00 00 A2 89,OK
2026-09-29T10:24:08.598Z,13179.457,RX,bus,-1,00016888,1,7,01 00 00 0F 03 88 68,OK
2026-09-29T10:24:08.598Z,13179.554,RX,bus,-1,00116888,1,5,01 00 00 88 68,OK
2026-09-29T10:24:08.603Z,13184.504,RX,bus,-1,0001458B,1,7,01 00 00 0F 03 8B 45,OK
2026-09-29T10:24:08.603Z,13184.571,RX,bus,-1,0011458B,1,5,01 00 00 8B 45,OK
2026-09-29T10:24:08.608Z,13189.350,RX,bus,-1,0001466E,1,7,01 00 00 0F 03 6E 46,OK
2026-09-29T10:24:08.608Z,13189.524,RX,bus,-1,0011466E,1,5,01 00 00 6E 46,OK
2026-09-29T10:24:08.613Z,13194.426,RX,bus,-1,000167F5,1,7,01 00 00 0F 03 F5 67,OK
2026-09-29T10:24:08.613Z,13194.549,RX,bus,-1,001167F5,1,5,01 00 00 F5 67,OK
2026-09-29T10:24:08.618Z,13199.304,RX,bus,-1,0001881F,1,7,01 00 00 0F 03 1F 88,OK
2026-09-29T10:24:08.618Z,13199.545,RX,bus,-1,0011881F,1,5,01 00 00 1F 88,OK
2026-09-29T10:24:08.623Z,13204.298,RX,bus,-1,0001A6F9,1,7,01 00 00 0F 03 F9 A6,OK
2026-09-29T10:24:08.623Z,13204.504,RX,bus,-1,0011A6F9,1,5,01 00 00 F9 A6,OK
2026-09-29T10:24:08.628Z,13209.383,RX,bus,-1,00017DFB,1,7,01 00 00 0F 03 FB 7D,OK
2026-09-29T10:24:08.628Z,13209.523,RX,bus,-1,00117DFB,1,5,01 00 00 FB 7D,OK
2026-09-29T10:24:08.633Z,13214.368,RX,bus,-1,00013708,1,7,01 00 00 0F 03 08 37,OK
2026-09-29T10:24:08.633Z,13214.551,RX,bus,-1,00113708,1,5,01 00 00 08 37,OK
2026-09-29T10:24:08.638Z,13219.380,RX,bus,-1,00013F86,1,7,01 00 00 0F 03 86 3F,OK
2026-09-29T10:24:08.638Z,13219.547,RX,bus,-1,00113F86,1,5,01 00 00 86 3F,OK
2026-09-29T10:24:08.643Z,13224.320,RX,bus,-1,0001C6DF,1,7,01 00 00 0F 03 DF C6,OK
2026-09-29T10:24:08.643Z,13224.524,RX,bus,-1,0011C6DF,1,5,01 00 00 DF C6,OK
2026-09-29T10:24:08.648Z,13229.342,RX,bus,-1,0001C55A,1,7,01 00 00 0F 03 5A C5,OK
2026-09-29T10:24:08.648Z,13229.591,RX,bus,-1,0011C55A,1,5,01 00 00 5A C5,OK
2026-09-29T10:24:08.653Z,13234.372,RX,bus,-1,000102BF,1,7,01 00 00 0F 03 BF 02,OK
2026-09-29T10:24:08.653Z,13234.601,RX,bus,-1,001102BF,1,5,01 00 00 BF 02,OK
2026-09-29T10:24:08.658Z,13239.311,RX,bus,-1,000166A0,1,7,01 00 00 0F 03 A0 66,OK
2026-09-29T10:24:08.658Z,13239.546,RX,bus,-1,001166A0,1,5,01 00 00 A0 66,OK
2026-09-29T10:24:08.663Z,13244.347,RX,bus,-1,000120EB,1,7,01 00 00 0F 03 EB 20,OK
2026-09-29T10:24:08.663Z,13244.545,RX,bus,-1,001120EB,1,5,01 00 00 EB 20,OK
2026-09-29T10:24:08.667Z,13249.560,RX,bus,-1,0001A5B9,1,7,01 00 00 0F 03 B9 A5,OK
2026-09-29T10:24:08.667Z,13249.614,RX,bus,-1,0011A5B9,1,5,01 00 00 B9 A5,OK
2026-09-29T10:24:08.672Z,13254.540,RX,bus,-1,00011536,1,7,01 00 00 0F 03 36 15,OK
2026-09-29T10:24:08.672Z,13254.594,RX,bus,-1,00111536,1,5,01 00 00 36 15,OK
2026-09-29T10:24:08.677Z,13259.388,RX,bus,-1,0001DE8D,1,7,01 00 00 0F 03 8D DE,OK
2026-09-29T10:24:08.677Z,13259.520,RX,bus,-1,0011DE8D,1,5,01 00 00 8D DE,OK
2026-09-29T10:24:08.682Z,13264.320,RX,bus,-1,00011B28,1,7,01 00 00 0F 03 28 1B,OK
2026-09-29T10:24:08.682Z,13264.543,RX,bus,-1,00111B28,1,5,01 00 00 28 1B,OK
2026-09-29T10:24:08.687Z,13269.511,RX,bus,-1,00016D8E,1,7,01 00 00 0F 03 8E 6D,OK
2026-09-29T10:24:08.687Z,13269.570,RX,bus,-1,00116D8E,1,5,01 00 00 8E 6D,OK
2026-09-29T10:24:08.692Z,13274.487,RX,bus,-1,000115FD,1,7,01 00 00 0F 03 FD 15,OK
2026-09-29T10:24:08.692Z,13274.548,RX,bus,-1,001115FD,1,5,01 00 00 FD 15,OK
2026-09-29T10:24:08.697Z,13279.563,RX,bus,-1,0001E173,1,7,01 00 00 0F 03 73 E1,OK
2026-09-29T10:24:08.697Z,13279.619,RX,bus,-1,0011E173,1,5,01 00 00 73 E1,OK
2026-09-29T10:24:08.702Z,13284.322,RX,bus,-1,00019B94,1,7,01 00 00 0F 03 94 9B,OK
2026-09-29T10:24:08.702Z,13284.549,RX,bus,-1,00119B94,1,5,01 00 00 94 9B,OK
2026-09-29T10:24:08.707Z,13289.285,RX,bus,-1,0001123C,1,7,01 00 00 0F 03 3C 12,OK
2026-09-29T10:24:08.707Z,13289.524,RX,bus,-1,0011123C,1,5,01 00 00 3C 12,OK
2026-09-29T10:24:08.712Z,13294.558,RX,bus,-1,00011305,1,7,01 00 00 0F 03 05 13,OK
2026-09-29T10:24:08.712Z,13294.607,RX,bus,-1,00111305,1,5,01 00 00 05 13,OK
2026-09-29T10:24:08.718Z,13299.338,RX,bus,-1,000152FB,1,7,01 00 00 0F 03 FB 52,OK
2026-09-29T10:24:08.718Z,13299.539,RX,bus,-1,001152FB,1,5,01 00 00 FB 52,OK
2026-09-29T10:24:08.723Z,13304.491,RX,bus,-1,0001A572,1,7,01 00 00 0F 03 72 A5,OK
2026-09-29T10:24:08.723Z,13304.572,RX,bus,-1,0011A572,1,5,01 00 00 72 A5,OK
2026-09-29T10:24:08.728Z,13309.498,RX,bus,-1,0001EC77,1,7,01 00 00 0F 03 77 EC,OK
2026-09-29T10:24:08.728Z,13309.584,RX,bus,-1,0011EC77,1,5,01 00 00 77 EC,OK
2026-09-29T10:24:08.732Z,13314.256,RX,bus,-1,0001A357,1,7,01 00 00 0F 03 57 A3,OK
2026-09-29T10:24:08.733Z,13314.530,RX,bus,-1,0011A357,1,5,01 00 00 57 A3,OK
2026-09-29T10:24:08.738Z,13319.517,RX,bus,-1,0001019D,1,7,01 00 00 0F 03 9D 01,OK
2026-09-29T10:24:08.738Z,13319.633,RX,bus,-1,0011019D,1,5,01 00 00 9D 01,OK
2026-09-29T10:24:08.743Z,13324.326,RX,bus,-1,0001DA60,1,7,01 00 00 0F 03 60 DA,OK
2026-09-29T10:24:08.743Z,13324.556,RX,bus,-1,0011DA60,1,5,01 00 00 60 DA,OK
2026-09-29T10:24:08.748Z,13329.616,RX,bus,-1,0001AB67,1,7,01 00 00 0F 03 67 AB,OK
2026-09-29T10:24:08.748Z,13329.687,RX,bus,-1,0011AB67,1,5,01 00 00 67 AB,OK
2026-09-29T10:24:08.753Z,13334.454,RX,bus,-1,0001D38A,1,7,01 00 00 0F 03 8A D3,OK
2026-09-29T10:24:08.753Z,13334.547,RX,bus,-1,0011D38A,1,5,01 00 00 8A D3,OK
2026-09-29T10:24:08.758Z,13339.492,RX,bus,-1,00010C9B,1,7,01 00 00 0F 03 9B 0C,OK
2026-09-29T10:24:08.758Z,13339.562,RX,bus,-1,00110C9B,1,5,01 00 00 9B 0C,OK
2026-09-29T10:24:08.763Z,13344.328,RX,bus,-1,00010F27,1,7,01 00 00 0F 03 27 0F,OK
2026-09-29T10:24:08.763Z,13344.519,RX,bus,-1,00110F27,1,5,01 00 00 27 0F,OK
2026-09-29T10:24:08.767Z,13349.297,RX,bus,-1,0001F28E,1,7,01 00 00 0F 03 8E F2,OK
2026-09-29T10:24:08.767Z,13349.526,RX,bus,-1,0011F28E,1,5,01 00 00 8E F2,OK
2026-09-29T10:24:08.773Z,13354.295,RX,bus,-1,00015FF2,1,7,01 00 00 0F 03 F2 5F,OK
2026-09-29T10:24:08.773Z,13354.524,RX,bus,-1,00115FF2,1,5,01 00 00 F2 5F,OK
2026-09-29T10:24:08.778Z,13359.290,RX,bus,-1,000132CE,1,7,01 00 00 0F 03 CE 32,OK
2026-09-29T10:24:08.778Z,13359.513,RX,bus,-1,001132CE,1,5,01 00 00 CE 32,OK
2026-09-29T10:24:08.783Z,13364.292,RX,bus,-1,0001D055,1,7,01 00 00 0F 03 55 D0,OK
2026-09-29T10:24:08.783Z,13364.520,RX,bus,-1,0011D055,1,5,01 00 00 55 D0,OK
2026-09-29T10:24:08.788Z,13369.290,RX,bus,-1,00015269,1,7,01 00 00 0F 03 69 52,OK
2026-09-29T10:24:08.788Z,13369.515,RX,bus,-1,00115269,1,5,01 00 00 69 52,OK
2026-09-29T10:24:08.793Z,13374.289,RX,bus,-1,0001A498,1,7,01 00 00 0F 03 98 A4,OK
2026-09-29T10:24:08.793Z,13374.499,RX,bus,-1,0011A498,1,5,01 00 00 98 A4,OK
2026-09-29T10:24:08.798Z,13379.516,RX,bus,-1,00010623,1,7,01 00 00 0F 03 23 06,OK
2026-09-29T10:24:08.798Z,13379.566,RX,bus,-1,00110623,1,5,01 00 00 23 06,OK
2026-09-29T10:24:08.803Z,13384.289,RX,bus,-1,00011A8B,1,7,01 00 00 0F 03 8B 1A,OK
2026-09-29T10:24:08.803Z,13384.523,RX,bus,-1,00111A8B,1,5,01 00 00 8B 1A,OK
2026-09-29T10:24:08.808Z,13389.286,RX,bus,-1,00010FD7,1,7,01 00 00 0F 03 D7 0F,OK
2026-09-29T10:24:08.808Z,13389.525,RX,bus,-1,00110FD7,1,5,01 00 00 D7 0F,OK
2026-09-29T10:24:08.813Z,13394.296,RX,bus,-1,0001BAEC,1,7,01 00 00 0F 03 EC BA,OK
2026-09-29T10:24:08.813Z,13394.525,RX,bus,-1,0011BAEC,1,5,01 00 00 EC BA,OK
2026-09-29T10:24:08.818Z,13399.441,RX,bus,-1,00015FE2,1,7,01 00 00 0F 03 E2 5F,OK
2026-09-29T10:24:08.818Z,13399.511,RX,bus,-1,00115FE2,1,5,01 00 00 E2 5F,OK
2026-09-29T10:24:08.823Z,13404.452,RX,bus,-1,0001AA95,1,7,01 00 00 0F 03 95 AA,OK
2026-09-29T10:24:08.823Z,13404.534,RX,bus,-1,0011AA95,1,5,01 00 00 95 AA,OK
2026-09-29T10:24:08.827Z,13409.282,RX,bus,-1,0001DA3C,1,7,01 00 00 0F 03 3C DA,OK
2026-09-29T10:24:08.828Z,13409.506,RX,bus,-1,0011DA3C,1,5,01 00 00 3C DA,OK
2026-09-29T10:24:08.833Z,13414.489,RX,bus,-1,0001853B,1,7,01 00 00 0F 03 3B 85,OK
2026-09-29T10:24:08.833Z,13414.558,RX,bus,-1,0011853B,1,5,01 00 00 3B 85,OK
2026-09-29T10:24:08.838Z,13419.459,RX,bus,-1,000191B4,1,7,01 00 00 0F 03 B4 91,OK
2026-09-29T10:24:08.838Z,13419.569,RX,bus,-1,001191B4,1,5,01 00 00 B4 91,OK
2026-09-29T10:24:08.843Z,13424.405,RX,bus,-1,0001C53E,1,7,01 00 00 0F 03 3E C5,OK
2026-09-29T10:24:08.843Z,13424.484,RX,bus,-1,0011C53E,1,5,01 00 00 3E C5,OK
2026-09-29T10:24:08.848Z,13429.448,RX,bus,-1,0001C465,1,7,01 00 00 0F 03 65 C4,OK
2026-09-29T10:24:08.848Z,13429.561,RX,bus,-1,0011C465,1,5,01 00 00 65 C4,OK
2026-09-29T10:24:08.853Z,13434.436,RX,bus,-1,0001CBE1,1,7,01 00 00 0F 03 E1 CB,OK
2026-09-29T10:24:08.853Z,13434.517,RX,bus,-1,0011CBE1,1,5,01 00 00 E1 CB,OK
2026-09-29T10:24:08.858Z,13439.459,RX,bus,-1,0001D361,1,7,01 00 00 0F 03 61 D3,OK
2026-09-29T10:24:08.858Z,13439.556,RX,bus,-1,0011D361,1,5,01 00 00 61 D3,OK
2026-09-29T10:24:08.863Z,13444.444,RX,bus,-1,0001B2E0,1,7,01 00 00 0F 03 E0 B2,OK
2026-09-29T10:24:08.863Z,13444.533,RX,bus,-1,0011B2E0,1,5,01 00 00 E0 B2,OK
2026-09-29T10:24:08.868Z,13449.279,RX,bus,-1,0001FC29,1,7,01 00 00 0F 03 29 FC,OK
2026-09-29T10:24:08.868Z,13449.529,RX,bus,-1,0011FC29,1,5,01 00 00 29 FC,OK
2026-09-29T10:24:08.873Z,13454.265,RX,bus,-1,00012C3D,1,7,01 00 00 0F 03 3D 2C,OK
2026-09-29T10:24:08.873Z,13454.486,RX,bus,-1,00112C3D,1,5,01 00 00 3D 2C,OK
2026-09-29T10:24:08.878Z,13459.283,RX,bus,-1,0001795C,1,7,01 00 00 0F 03 5C 79,OK
2026-09-29T10:24:08.878Z,13459.515,RX,bus,-1,0011795C,1,5,01 00 00 5C 79,OK
2026-09-29T10:24:08.883Z,13464.259,RX,bus,-1,000142BD,1,7,01 00 00 0F 03 BD 42,OK
2026-09-29T10:24:08.883Z,13464.506,RX,bus,-1,001142BD,1,5,01 00 00 BD 42,OK
2026-09-29T10:24:08.888Z,13469.306,RX,bus,-1,000194D3,1,7,01 00 00 0F 03 D3 94,OK
2026-09-29T10:24:08.888Z,13469.514,RX,bus,-1,001194D3,1,5,01 00 00 D3 94,OK
2026-09-29T10:24:08.893Z,13474.264,RX,bus,-1,00015568,1,7,01 00 00 0F 03 68 55,OK
2026-09-29T10:24:08.893Z,13474.489,RX,bus,-1,00115568,1,5,01 00 00 68 55,OK
2026-09-29T10:24:08.898Z,13479.287,RX,bus,-1,00015000,1,7,01 00 00 0F 03 00 50,OK
2026-09-29T10:24:08.898Z,13479.523,RX,bus,-1,00115000,1,5,01 00 00 00 50,OK
2026-09-29T10:24:08.903Z,13484.289,RX,bus,-1,00016E10,1,7,01 00 00 0F 03 10 6E,OK
2026-09-29T10:24:08.903Z,13484.522,RX,bus,-1,00116E10,1,5,01 00 00 10 6E,OK
2026-09-29T10:24:08.908Z,13489.259,RX,bus,-1,00016842,1,7,01 00 00 0F 03 42 68,OK
2026-09-29T10:24:08.908Z,13489.488,RX,bus,-1,00116842,1,5,01 00 00 42 68,OK
2026-09-29T10:24:08.913Z,13494.298,RX,bus,-1,0001F6A5,1,7,01 00 00 0F 03 A5 F6,OK
2026-09-29T10:24:08.913Z,13494.514,RX,bus,-1,0011F6A5,1,5,01 00 00 A5 F6,OK
2026-09-29T10:24:08.917Z,13499.417,RX,bus,-1,0001F797,1,7,01 00 00 0F 03 97 F7,OK
2026-09-29T10:24:08.917Z,13499.495,RX,bus,-1,0011F797,1,5,01 00 00 97 F7,OK
2026-09-29T10:24:08.923Z,13504.319,RX,bus,-1,0001E6E2,1,7,01 00 00 0F 03 E2 E6,OK
2026-09-29T10:24:08.923Z,13504.517,RX,bus,-1,0011E6E2,1,5,01 00 00 E2 E6,OK
2026-09-29T10:24:08.928Z,13509.263,RX,bus,-1,0001DECD,1,7,01 00 00 0F 03 CD DE,OK
2026-09-29T10:24:08.928Z,13509.489,RX,bus,-1,0011DECD,1,5,01 00 00 CD DE,OK
2026-09-29T10:24:08.933Z,13514.263,RX,bus,-1,0001D796,1,7,01 00 00 0F 03 96 D7,OK
2026-09-29T10:24:08.933Z,13514.489,RX,bus,-1,0011D796,1,5,01 00 00 96 D7,OK
2026-09-29T10:24:08.938Z,13519.413,RX,bus,-1,0001111F,1,7,01 00 00 0F 03 1F 11,OK
2026-09-29T10:24:08.938Z,13519.493,RX,bus,-1,0011111F,1,5,01 00 00 1F 11,OK
2026-09-29T10:24:08.943Z,13524.265,RX,bus,-1,0001969C,1,7,01 00 00 0F 03 9C 96,OK
2026-09-29T10:24:08.943Z,13524.494,RX,bus,-1,0011969C,1,5,01 00 00 9C 96,OK
2026-09-29T10:24:08.948Z,13529.252,RX,bus,-1,0001BDE7,1,7,01 00 00 0F 03 E7 BD,OK
2026-09-29T10:24:08.948Z,13529.483,RX,bus,-1,0011BDE7,1,5,01 00 00 E7 BD,OK
2026-09-29T10:24:08.953Z,13534.264,RX,bus,-1,0001F233,1,7,01 00 00 0F 03 33 F2,OK
2026-09-29T10:24:08.953Z,13534.489,RX,bus,-1,0011F233,1,5,01 00 00 33 F2,OK
2026-09-29T10:24:08.958Z,13539.217,RX,bus,-1,0001B7CA,1,7,01 00 00 0F 03 CA B7,OK
2026-09-29T10:24:08.958Z,13539.484,RX,bus,-1,0011B7CA,1,5,01 00 00 CA B7,OK
2026-09-29T10:24:08.963Z,13544.286,RX,bus,-1,0001405F,1,7,01 00 00 0F 03 5F 40,OK
2026-09-29T10:24:08.963Z,13544.522,RX,bus,-1,0011405F,1,5,01 00 00 5F 40,OK
2026-09-29T10:24:08.968Z,13549.418,RX,bus,-1,0001F985,1,7,01 00 00 0F 03 85 F9,OK
2026-09-29T10:24:08.968Z,13549.528,RX,bus,-1,0011F985,1,5,01 00 00 85 F9,OK
2026-09-29T10:24:08.973Z,13554.415,RX,bus,-1,0001767A,1,7,01 00 00 0F 03 7A 76,OK
2026-09-29T10:24:08.973Z,13554.487,RX,bus,-1,0011767A,1,5,01 00 00 7A 76,OK
2026-09-29T10:24:08.978Z,13559.447,RX,bus,-1,0001B348,1,7,01 00 00 0F 03 48 B3,OK
2026-09-29T10:24:08.978Z,13559.508,RX,bus,-1,0011B348,1,5,01 00 00 48 B3,OK
2026-09-29T10:24:08.983Z,13564.429,RX,bus,-1,00010F16,1,7,01 00 00 0F 03 16 0F,OK
2026-09-29T10:24:08.983Z,13564.509,RX,bus,-1,00110F16,1,5,01 00 00 16 0F,OK
2026-09-29T10:24:08.988Z,13569.469,RX,bus,-1,00018842,1,7,01 00 00 0F 03 42 88,OK
2026-09-29T10:24:08.988Z,13569.546,RX,bus,-1,00118842,1,5,01 00 00 42 88,OK
2026-09-29T10:24:08.993Z,13574.421,RX,bus,-1,0001E3E6,1,7,01 00 00 0F 03 E6 E3,OK
2026-09-29T10:24:08.993Z,13574.465,RX,bus,-1,0011E3E6,1,5,01 00 00 E6 E3,OK
2026-09-29T10:24:08.998Z,13579.414,RX,bus,-1,0001D2C7,1,7,01 00 00 0F 03 C7 D2,OK
2026-09-29T10:24:08.998Z,13579.523,RX,bus,-1,0011D2C7,1,5,01 00 00 C7 D2,OK
2026-09-29T10:24:09.003Z,13584.415,RX,bus,-1,00011747,1,7,01 00 00 0F 03 47 17,OK
2026-09-29T10:24:09.003Z,13584.490,RX,bus,-1,00111747,1,5,01 00 00 47 17,OK
2026-09-29T10:24:09.008Z,13589.419,RX,bus,-1,0001323F,1,7,01 00 00 0F 03 3F 32,OK
2026-09-29T10:24:09.008Z,13589.464,RX,bus,-1,0011323F,1,5,01 00 00 3F 32,OK
2026-09-29T10:24:09.013Z,13594.453,RX,bus,-1,00010CA0,1,7,01 00 00 0F 03 A0 0C,OK
2026-09-29T10:24:09.013Z,13594.510,RX,bus,-1,00110CA0,1,5,01 00 00 A0 0C,OK
2026-09-29T10:24:09.018Z,13599.261,RX,bus,-1,000144B6,1,7,01 00 00 0F 03 B6 44,OK
2026-09-29T10:24:09.018Z,13599.469,RX,bus,-1,001144B6,1,5,01 00 00 B6 44,OK
2026-09-29T10:24:09.023Z,13604.213,RX,bus,-1,0001ECAC,1,7,01 00 00 0F 03 AC EC,OK
2026-09-29T10:24:09.023Z,13604.488,RX,bus,-1,0011ECAC,1,5,01 00 00 AC EC,OK
2026-09-29T10:24:09.028Z,13609.248,RX,bus,-1,00014ECB,1,7,01 00 00 0F 03 CB 4E,OK
2026-09-29T10:24:09.028Z,13609.487,RX,bus,-1,00114ECB,1,5,01 00 00 CB 4E,OK
2026-09-29T10:24:09.033Z,13614.295,RX,bus,-1,00013676,1,7,01 00 00 0F 03 76 36,OK
2026-09-29T10:24:09.033Z,13614.486,RX,bus,-1,00113676,1,5,01 00 00 76 36,OK
2026-09-29T10:24:09.038Z,13619.269,RX,bus,-1,0001D74D,1,7,01 00 00 0F 03 4D D7,OK
2026-09-29T10:24:09.038Z,13619.486,RX,bus,-1,0011D74D,1,5,01 00 00 4D D7,OK
2026-09-29T10:24:09.043Z,13624.211,RX,bus,-1,00014785,1,7,01 00 00 0F 03 85 47,OK
2026-09-29T10:24:09.043Z,13624.448,RX,bus,-1,00114785,1,5,01 00 00 85 47,OK
2026-09-29T10:24:09.048Z,13629.258,RX,bus,-1,0001B4C6,1,7,01 00 00 0F 03 C6 B4,OK
2026-09-29T10:24:09.048Z,13629.487,RX,bus,-1,0011B4C6,1,5,01 00 00 C6 B4,OK
2026-09-29T10:24:09.053Z,13634.260,RX,bus,-1,0001218F,1,7,01 00 00 0F 03 8F 21,OK
2026-09-29T10:24:09.053Z,13634.488,RX,bus,-1,0011218F,1,5,01 00 00 8F 21,OK
2026-09-29T10:24:09.058Z,13639.244,RX,bus,-1,000151CC,1,7,01 00 00 0F 03 CC 51,OK
2026-09-29T10:24:09.058Z,13639.487,RX,bus,-1,001151CC,1,5,01 00 00 CC 51,OK
2026-09-29T10:24:09.063Z,13644.261,RX,bus,-1,000171AB,1,7,01 00 00 0F 03 AB 71,OK
2026-09-29T10:24:09.063Z,13644.486,RX,bus,-1,001171AB,1,5,01 00 00 AB 71,OK
2026-09-29T10:24:09.068Z,13649.252,RX,bus,-1,000175C4,1,7,01 00 00 0F 03 C4 75,OK
2026-09-29T10:24:09.068Z,13649.491,RX,bus,-1,001175C4,1,5,01 00 00 C4 75,OK
2026-09-29T10:24:09.072Z,13654.306,RX,bus,-1,000110DA,1,7,01 00 00 0F 03 DA 10,OK
2026-09-29T10:24:09.073Z,13654.548,RX,bus,-1,001110DA,1,5,01 00 00 DA 10,OK
2026-09-29T10:24:09.077Z,13659.416,RX,bus,-1,0001BE84,1,7,01 00 00 0F 03 84 BE,OK
2026-09-29T10:24:09.078Z,13659.539,RX,bus,-1,0011BE84,1,5,01 00 00 84 BE,OK
2026-09-29T10:24:09.082Z,13664.414,RX,bus,-1,0001F363,1,7,01 00 00 0F 03 63 F3,OK
2026-09-29T10:24:09.083Z,13664.489,RX,bus,-1,0011F363,1,5,01 00 00 63 F3,OK
2026-09-29T10:24:09.087Z,13669.404,RX,bus,-1,0001AFF4,1,7,01 00 00 0F 03 F4 AF,OK
2026-09-29T10:24:09.088Z,13669.491,RX,bus,-1,0011AFF4,1,5,01 00 00 F4 AF,OK
2026-09-29T10:24:09.092Z,13674.408,RX,bus,-1,0001EC4A,1,7,01 00 00 0F 03 4A EC,OK
2026-09-29T10:24:09.093Z,13674.477,RX,bus,-1,0011EC4A,1,5,01 00 00 4A EC,OK
2026-09-29T10:24:09.097Z,13679.408,RX,bus,-1,0001C199,1,7,01 00 00 0F 03 99 C1,OK
2026-09-29T10:24:09.098Z,13679.529,RX,bus,-1,0011C199,1,5,01 00 00 99 C1,OK
2026-09-29T10:24:09.102Z,13684.406,RX,bus,-1,000113F7,1,7,01 00 00 0F 03 F7 13,OK
2026-09-29T10:24:09.103Z,13684.494,RX,bus,-1,001113F7,1,5,01 00 00 F7 13,OK
2026-09-29T10:24:09.107Z,13689.419,RX,bus,-1,00015EBE,1,7,01 00 00 0F 03 BE 5E,OK
2026-09-29T10:24:09.108Z,13689.525,RX,bus,-1,00115EBE,1,5,01 00 00 BE 5E,OK
2026-09-29T10:24:09.112Z,13694.383,RX,bus,-1,000140C3,1,7,01 00 00 0F 03 C3 40,OK
2026-09-29T10:24:09.113Z,13694.493,RX,bus,-1,001140C3,1,5,01 00 00 C3 40,OK
2026-09-29T10:24:09.118Z,13699.256,RX,bus,-1,0001EC85,1,7,01 00 00 0F 03 85 EC,OK
2026-09-29T10:24:09.118Z,13699.487,RX,bus,-1,0011EC85,1,5,01 00 00 85 EC,OK
2026-09-29T10:24:09.123Z,13704.405,RX,bus,-1,00016A05,1,7,01 00 00 0F 03 05 6A,OK
2026-09-29T10:24:09.123Z,13704.491,RX,bus,-1,00116A05,1,5,01 00 00 05 6A,OK
2026-09-29T10:24:09.128Z,13709.429,RX,bus,-1,0001362D,1,7,01 00 00 0F 03 2D 36,OK
2026-09-29T10:24:09.128Z,13709.486,RX,bus,-1,0011362D,1,5,01 00 00 2D 36,OK
2026-09-29T10:24:09.133Z,13714.445,RX,bus,-1,000155D2,1,7,01 00 00 0F 03 D2 55,OK
2026-09-29T10:24:09.133Z,13714.529,RX,bus,-1,001155D2,1,5,01 00 00 D2 55,OK
2026-09-29T10:24:09.138Z,13719.461,RX,bus,-1,0001025B,1,7,01 00 00 0F 03 5B 02,OK
2026-09-29T10:24:09.138Z,13719.524,RX,bus,-1,0011025B,1,5,01 00 00 5B 02,OK
2026-09-29T10:24:09.143Z,13724.373,RX,bus,-1,00017794,1,7,01 00 00 0F 03 94 77,OK
2026-09-29T10:24:09.143Z,13724.465,RX,bus,-1,00117794,1,5,01 00 00 94 77,OK
2026-09-29T10:24:09.148Z,13729.390,RX,bus,-1,00015912,1,7,01 00 00 0F 03 12 59,OK
2026-09-29T10:24:09.148Z,13729.496,RX,bus,-1,00115912,1,5,01 00 00 12 59,OK
2026-09-29T10:24:09.153Z,13734.374,RX,bus,-1,0001451F,1,7,01 00 00 0F 03 1F 45,OK
2026-09-29T10:24:09.153Z,13734.415,RX,bus,-1,0011451F,1,5,01 00 00 1F 45,OK
2026-09-29T10:24:09.158Z,13739.396,RX,bus,-1,000144D0,1,7,01 00 00 0F 03 D0 44,OK
2026-09-29T10:24:09.158Z,13739.442,RX,bus,-1,001144D0,1,5,01 00 00 D0 44,OK
2026-09-29T10:24:09.163Z,13744.375,RX,bus,-1,000125EB,1,7,01 00 00 0F 03 EB 25,OK
2026-09-29T10:24:09.163Z,13744.462,RX,bus,-1,001125EB,1,5,01 00 00 EB 25,OK
2026-09-29T10:24:09.168Z,13749.198,RX,bus,-1,00014DE4,1,7,01 00 00 0F 03 E4 4D,OK
2026-09-29T10:24:09.168Z,13749.474,RX,bus,-1,00114DE4,1,5,01 00 00 E4 4D,OK
2026-09-29T10:24:09.173Z,13754.401,RX,bus,-1,0001FBA3,1,7,01 00 00 0F 03 A3 FB,OK
2026-09-29T10:24:09.173Z,13754.515,RX,bus,-1,0011FBA3,1,5,01 00 00 A3 FB,OK
2026-09-29T10:24:09.178Z,13759.219,RX,bus,-1,0001DDF9,1,7,01 00 00 0F 03 F9 DD,OK
2026-09-29T10:24:09.178Z,13759.454,RX,bus,-1,0011DDF9,1,5,01 00 00 F9 DD,OK
2026-09-29T10:24:09.183Z,13764.225,RX,bus,-1,00016D21,1,7,01 00 00 0F 03 21 6D,OK
2026-09-29T10:24:09.183Z,13764.438,RX,bus,-1,00116D21,1,5,01 00 00 21 6D,OK
2026-09-29T10:24:09.188Z,13769.230,RX,bus,-1,0001A669,1,7,01 00 00 0F 03 69 A6,OK
2026-09-29T10:24:09.188Z,13769.409,RX,bus,-1,0011A669,1,5,01 00 00 69 A6,OK
2026-09-29T10:24:09.193Z,13774.224,RX,bus,-1,00015098,1,7,01 00 00 0F 03 98 50,OK
2026-09-29T10:24:09.193Z,13774.427,RX,bus,-1,00115098,1,5,01 00 00 98 50,OK
2026-09-29T10:24:09.198Z,13779.226,RX,bus,-1,00010ED4,1,7,01 00 00 0F 03 D4 0E,OK
2026-09-29T10:24:09.198Z,13779.435,RX,bus,-1,00110ED4,1,5,01 00 00 D4 0E,OK
2026-09-29T10:24:09.203Z,13784.225,RX,bus,-1,0001D772,1,7,01 00 00 0F 03 72 D7,OK
2026-09-29T10:24:09.203Z,13784.436,RX,bus,-1,0011D772,1,5,01 00 00 72 D7,OK
2026-09-29T10:24:09.208Z,13789.203,RX,bus,-1,0001EE16,1,7,01 00 00 0F 03 16 EE,OK
2026-09-29T10:24:09.208Z,13789.406,RX,bus,-1,0011EE16,1,5,01 00 00 16 EE,OK
2026-09-29T10:24:09.213Z,13794.196,RX,bus,-1,00011E32,1,7,01 00 00 0F 03 32 1E,OK
2026-09-29T10:24:09.213Z,13794.433,RX,bus,-1,00111E32,1,5,01 00 00 32 1E,OK
2026-09-29T10:24:09.218Z,13799.435,RX,bus,-1,00019A88,1,7,01 00 00 0F 03 88 9A,OK
2026-09-29T10:24:09.218Z,13799.484,RX,bus,-1,00119A88,1,5,01 00 00 88 9A,OK
2026-09-29T10:24:09.222Z,13804.398,RX,bus,-1,00010057,1,7,01 00 00 0F 03 57 00,OK
2026-09-29T10:24:09.223Z,13804.479,RX,bus,-1,00110057,1,5,01 00 00 57 00,OK
2026-09-29T10:24:09.227Z,13809.347,RX,bus,-1,00016F35,1,7,01 00 00 0F 03 35 6F,OK
2026-09-29T10:24:09.228Z,13809.444,RX,bus,-1,00116F35,1,5,01 00 00 35 6F,OK
2026-09-29T10:24:09.232Z,13814.392,RX,bus,-1,00014412,1,7,01 00 00 0F 03 12 44,OK
2026-09-29T10:24:09.233Z,13814.459,RX,bus,-1,00114412,1,5,01 00 00 12 44,OK
2026-09-29T10:24:09.237Z,13819.392,RX,bus,-1,0001026B,1,7,01 00 00 0F 03 6B 02,OK
2026-09-29T10:24:09.238Z,13819.499,RX,bus,-1,0011026B,1,5,01 00 00 6B 02,OK
2026-09-29T10:24:09.242Z,13824.391,RX,bus,-1,00015354,1,7,01 00 00 0F 03 54 53,OK
2026-09-29T10:24:09.243Z,13824.487,RX,bus,-1,00115354,1,5,01 00 00 54 53,OK
2026-09-29T10:24:09.247Z,13829.393,RX,bus,-1,0001FECA,1,7,01 00 00 0F 03 CA FE,OK
2026-09-29T10:24:09.248Z,13829.464,RX,bus,-1,0011FECA,1,5,01 00 00 CA FE,OK
2026-09-29T10:24:09.252Z,13834.262,RX,bus,-1,0001BF76,1,7,01 00 00 0F 03 76 BF,OK
2026-09-29T10:24:09.253Z,13834.488,RX,bus,-1,0011BF76,1,5,01 00 00 76 BF,OK
2026-09-29T10:24:09.257Z,13839.191,RX,bus,-1,0001EAC6,1,7,01 00 00 0F 03 C6 EA,OK
2026-09-29T10:24:09.258Z,13839.512,RX,bus,-1,0011EAC6,1,5,01 00 00 C6 EA,OK
2026-09-29T10:24:09.262Z,13844.257,RX,bus,-1,0001668E,1,7,01 00 00 0F 03 8E 66,OK
2026-09-29T10:24:09.263Z,13844.522,RX,bus,-1,0011668E,1,5,01 00 00 8E 66,OK
2026-09-29T10:24:09.267Z,13849.193,RX,bus,-1,0001D735,1,7,01 00 00 0F 03 35 D7,OK
2026-09-29T10:24:09.267Z,13849.490,RX,bus,-1,0011D735,1,5,01 00 00 35 D7,OK
2026-09-29T10:24:09.273Z,13854.230,RX,bus,-1,0001AD30,1,7,01 00 00 0F 03 30 AD,OK
2026-09-29T10:24:09.273Z,13854.424,RX,bus,-1,0011AD30,1,5,01 00 00 30 AD,OK
2026-09-29T10:24:09.278Z,13859.230,RX,bus,-1,00014C5B,1,7,01 00 00 0F 03 5B 4C,OK
2026-09-29T10:24:09.278Z,13859.466,RX,bus,-1,00114C5B,1,5,01 00 00 5B 4C,OK
2026-09-29T10:24:09.283Z,13864.224,RX,bus,-1,0001A923,1,7,01 00 00 0F 03 23 A9,OK
2026-09-29T10:24:09.283Z,13864.476,RX,bus,-1,0011A923,1,5,01 00 00 23 A9,OK
2026-09-29T10:24:09.288Z,13869.242,RX,bus,-1,00015597,1,7,01 00 00 0F 03 97 55,OK
2026-09-29T10:24:09.288Z,13869.468,RX,bus,-1,00115597,1,5,01 00 00 97 55,OK
2026-09-29T10:24:09.293Z,13874.229,RX,bus,-1,00017D5C,1,7,01 00 00 0F 03 5C 7D,OK
2026-09-29T10:24:09.293Z,13874.476,RX,bus,-1,00117D5C,1,5,01 00 00 5C 7D,OK
2026-09-29T10:24:09.298Z,13879.214,RX,bus,-1,0001EEA2,1,7,01 00 00 0F 03 A2 EE,OK
2026-09-29T10:24:09.298Z,13879.453,RX,bus,-1,0011EEA2,1,5,01 00 00 A2 EE,OK
2026-09-29T10:24:09.303Z,13884.231,RX,bus,-1,0001F939,1,7,01 00 00 0F 03 39 F9,OK
2026-09-29T10:24:09.303Z,13884.488,RX,bus,-1,0011F939,1,5,01 00 00 39 F9,OK
2026-09-29T10:24:09.308Z,13889.232,RX,bus,-1,0001E5F5,1,7,01 00 00 0F 03 F5 E5,OK
2026-09-29T10:24:09.308Z,13889.465,RX,bus,-1,0011E5F5,1,5,01 00 00 F5 E5,OK
2026-09-29T10:24:09.313Z,13894.241,RX,bus,-1,0001D0CF,1,7,01 00 00 0F 03 CF D0,OK
2026-09-29T10:24:09.313Z,13894.474,RX,bus,-1,0011D0CF,1,5,01 00 00 CF D0,OK
2026-09-29T10:24:09.317Z,13899.218,RX,bus,-1,00018AD6,1,7,01 00 00 0F 03 D6 8A,OK
2026-09-29T10:24:09.317Z,13899.423,RX,bus,-1,00118AD6,1,5,01 00 00 D6 8A,OK
2026-09-29T10:24:09.322Z,13904.217,RX,bus,-1,000119D2,1,7,01 00 00 0F 03 D2 19,OK
2026-09-29T10:24:09.322Z,13904.429,RX,bus,-1,001119D2,1,5,01 00 00 D2 19,OK
2026-09-29T10:24:09.327Z,13909.255,RX,bus,-1,0001BA1E,1,7,01 00 00 0F 03 1E BA,OK
2026-09-29T10:24:09.327Z,13909.486,RX,bus,-1,0011BA1E,1,5,01 00 00 1E BA,OK
2026-09-29T10:24:09.332Z,13914.251,RX,bus,-1,0001B451,1,7,01 00 00 0F 03 51 B4,OK
2026-09-29T10:24:09.332Z,13914.468,RX,bus,-1,0011B451,1,5,01 00 00 51 B4,OK
2026-09-29T10:24:09.337Z,13919.223,RX,bus,-1,00013BB2,1,7,01 00 00 0F 03 B2 3B,OK
2026-09-29T10:24:09.337Z,13919.450,RX,bus,-1,00113BB2,1,5,01 00 00 B2 3B,OK
2026-09-29T10:24:09.342Z,13924.280,RX,bus,-1,00015465,1,7,01 00 00 0F 03 65 54,OK
2026-09-29T10:24:09.342Z,13924.473,RX,bus,-1,00115465,1,5,01 00 00 65 54,OK
2026-09-29T10:24:09.347Z,13929.232,RX,bus,-1,0001A34C,1,7,01 00 00 0F 03 4C A3,OK
2026-09-29T10:24:09.347Z,13929.443,RX,bus,-1,0011A34C,1,5,01 00 00 4C A3,OK
2026-09-29T10:24:09.352Z,13934.201,RX,bus,-1,00019D8A,1,7,01 00 00 0F 03 8A 9D,OK
2026-09-29T10:24:09.353Z,13934.529,RX,bus,-1,00119D8A,1,5,01 00 00 8A 9D,OK
2026-09-29T10:24:09.357Z,13939.205,RX,bus,-1,0001BDFA,1,7,01 00 00 0F 03 FA BD,OK
2026-09-29T10:24:09.358Z,13939.432,RX,bus,-1,0011BDFA,1,5,01 00 00 FA BD,OK
2026-09-29T10:24:09.363Z,13944.288,RX,bus,-1,00010E2C,1,7,01 00 00 0F 03 2C 0E,OK
2026-09-29T10:24:09.363Z,13944.419,RX,bus,-1,00110E2C,1,5,01 00 00 2C 0E,OK
2026-09-29T10:24:09.368Z,13949.246,RX,bus,-1,0001E28B,1,7,01 00 00 0F 03 8B E2,OK
2026-09-29T10:24:09.368Z,13949.433,RX,bus,-1,0011E28B,1,5,01 00 00 8B E2,OK
2026-09-29T10:24:09.373Z,13954.246,RX,bus,-1,000175BC,1,7,01 00 00 0F 03 BC 75,OK
2026-09-29T10:24:09.373Z,13954.450,RX,bus,-1,001175BC,1,5,01 00 00 BC 75,OK
2026-09-29T10:24:09.378Z,13959.221,RX,bus,-1,0001CDBB,1,7,01 00 00 0F 03 BB CD,OK
2026-09-29T10:24:09.378Z,13959.449,RX,bus,-1,0011CDBB,1,5,01 00 00 BB CD,OK
2026-09-29T10:24:09.383Z,13964.237,RX,bus,-1,0001413E,1,7,01 00 00 0F 03 3E 41,OK
2026-09-29T10:24:09.383Z,13964.470,RX,bus,-1,0011413E,1,5,01 00 00 3E 41,OK
2026-09-29T10:24:09.388Z,13969.266,RX,bus,-1,0001F7DC,1,7,01 00 00 0F 03 DC F7,OK
2026-09-29T10:24:09.388Z,13969.464,RX,bus,-1,0011F7DC,1,5,01 00 00 DC F7,OK
2026-09-29T10:24:09.393Z,13974.329,RX,bus,-1,0001B234,1,7,01 00 00 0F 03 34 B2,OK
2026-09-29T10:24:09.393Z,13974.445,RX,bus,-1,0011B234,1,5,01 00 00 34 B2,OK
2026-09-29T10:24:09.398Z,13979.244,RX,bus,-1,00016852,1,7,01 00 00 0F 03 52 68,OK
2026-09-29T10:24:09.398Z,13979.493,RX,bus,-1,00116852,1,5,01 00 00 52 68,OK
2026-09-29T10:24:09.403Z,13984.224,RX,bus,-1,0001255B,1,7,01 00 00 0F 03 5B 25,OK
2026-09-29T10:24:09.403Z,13984.412,RX,bus,-1,0011255B,1,5,01 00 00 5B 25,OK
2026-09-29T10:24:09.408Z,13989.203,RX,bus,-1,00017018,1,7,01 00 00 0F 03 18 70,OK
2026-09-29T10:24:09.408Z,13989.479,RX,bus,-1,00117018,1,5,01 00 00 18 70,OK
2026-09-29T10:24:09.413Z,13994.236,RX,bus,-1,00016A81,1,7,01 00 00 0F 03 81 6A,OK
2026-09-29T10:24:09.413Z,13994.499,RX,bus,-1,00116A81,1,5,01 00 00 81 6A,OK
2026-09-29T10:24:09.418Z,13999.256,RX,bus,-1,0001232E,1,7,01 00 00 0F 03 2E 23,OK
2026-09-29T10:24:09.418Z,13999.523,RX,bus,-1,0011232E,1,5,01 00 00 2E 23,OK
2026-09-29T10:24:09.422Z,14004.244,RX,bus,-1,0001AC89,1,7,01 00 00 0F 03 89 AC,OK
2026-09-29T10:24:09.423Z,14004.462,RX,bus,-1,0011AC89,1,5,01 00 00 89 AC,OK
2026-09-29T10:24:09.427Z,14009.204,RX,bus,-1,0001C196,1,7,01 00 00 0F 03 96 C1,OK
2026-09-29T10:24:09.428Z,14009.435,RX,bus,-1,0011C196,1,5,01 00 00 96 C1,OK
2026-09-29T10:24:09.432Z,14014.177,RX,bus,-1,00016061,1,7,01 00 00 0F 03 61 60,OK
2026-09-29T10:24:09.433Z,14014.402,RX,bus,-1,00116061,1,5,01 00 00 61 60,OK
2026-09-29T10:24:09.437Z,14019.210,RX,bus,-1,00017754,1,7,01 00 00 0F 03 54 77,OK
2026-09-29T10:24:09.438Z,14019.433,RX,bus,-1,00117754,1,5,01 00 00 54 77,OK
2026-09-29T10:24:09.442Z,14024.197,RX,bus,-1,00012763,1,7,01 00 00 0F 03 63 27,OK
2026-09-29T10:24:09.443Z,14024.460,RX,bus,-1,00112763,1,5,01 00 00 63 27,OK
2026-09-29T10:24:09.447Z,14029.182,RX,bus,-1,0001038B,1,7,01 00 00 0F 03 8B 03,OK
2026-09-29T10:24:09.448Z,14029.436,RX,bus,-1,0011038B,1,5,01 00 00 8B 03,OK
2026-09-29T10:24:09.452Z,14034.178,RX,bus,-1,0001057F,1,7,01 00 00 0F 03 7F 05,OK
2026-09-29T10:24:09.453Z,14034.420,RX,bus,-1,0011057F,1,5,01 00 00 7F 05,OK
2026-09-29T10:24:09.458Z,14039.220,RX,bus,-1,000111A5,1,7,01 00 00 0F 03 A5 11,OK
2026-09-29T10:24:09.458Z,14039.413,RX,bus,-1,001111A5,1,5,01 00 00 A5 11,OK
2026-09-29T10:24:09.463Z,14044.227,RX,bus,-1,0001BD2B,1,7,01 00 00 0F 03 2B BD,OK
2026-09-29T10:24:09.463Z,14044.473,RX,bus,-1,0011BD2B,1,5,01 00 00 2B BD,OK
2026-09-29T10:24:09.468Z,14049.178,RX,bus,-1,0001D033,1,7,01 00 00 0F 03 33 D0,OK
2026-09-29T10:24:09.468Z,14049.410,RX,bus,-1,0011D033,1,5,01 00 00 33 D0,OK
2026-09-29T10:24:09.473Z,14054.189,RX,bus,-1,0001A6DE,1,7,01 00 00 0F 03 DE A6,OK
2026-09-29T10:24:09.473Z,14054.411,RX,bus,-1,0011A6DE,1,5,01 00 00 DE A6,OK
2026-09-29T10:24:09.478Z,14059.187,RX,bus,-1,00013BE1,1,7,01 00 00 0F 03 E1 3B,OK
2026-09-29T10:24:09.478Z,14059.444,RX,bus,-1,00113BE1,1,5,01 00 00 E1 3B,OK
2026-09-29T10:24:09.483Z,14064.179,RX,bus,-1,000113A4,1,7,01 00 00 0F 03 A4 13,OK
2026-09-29T10:24:09.483Z,14064.436,RX,bus,-1,001113A4,1,5,01 00 00 A4 13,OK
2026-09-29T10:24:09.488Z,14069.197,RX,bus,-1,000119B3,1,7,01 00 00 0F 03 B3 19,OK
2026-09-29T10:24:09.488Z,14069.408,RX,bus,-1,001119B3,1,5,01 00 00 B3 19,OK
2026-09-29T10:24:09.493Z,14074.200,RX,bus,-1,00015E12,1,7,01 00 00 0F 03 12 5E,OK
2026-09-29T10:24:09.493Z,14074.403,RX,bus,-1,00115E12,1,5,01 00 00 12 5E,OK
2026-09-29T10:24:09.498Z,14079.179,RX,bus,-1,0001F66A,1,7,01 00 00 0F 03 6A F6,OK
2026-09-29T10:24:09.498Z,14079.383,RX,bus,-1,0011F66A,1,5,01 00 00 6A F6,OK
2026-09-29T10:24:09.503Z,14084.181,RX,bus,-1,0001C6A1,1,7,01 00 00 0F 03 A1 C6,OK
2026-09-29T10:24:09.503Z,14084.407,RX,bus,-1,0011C6A1,1,5,01 00 00 A1 C6,OK
2026-09-29T10:24:09.508Z,14089.234,RX,bus,-1,0001E5BB,1,7,01 00 00 0F 03 BB E5,OK
2026-09-29T10:24:09.508Z,14089.457,RX,bus,-1,0011E5BB,1,5,01 00 00 BB E5,OK
2026-09-29T10:24:09.512Z,14094.210,RX,bus,-1,00013834,1,7,01 00 00 0F 03 34 38,OK
2026-09-29T10:24:09.513Z,14094.487,RX,bus,-1,00113834,1,5,01 00 00 34 38,OK
2026-09-29T10:24:09.518Z,14099.178,RX,bus,-1,000186C8,1,7,01 00 00 0F 03 C8 86,OK
2026-09-29T10:24:09.518Z,14099.412,RX,bus,-1,001186C8,1,5,01 00 00 C8 86,OK
2026-09-29T10:24:09.523Z,14104.181,RX,bus,-1,0001175B,1,7,01 00 00 0F 03 5B 17,OK
2026-09-29T10:24:09.523Z,14104.414,RX,bus,-1,0011175B,1,5,01 00 00 5B 17,OK
2026-09-29T10:24:09.528Z,14109.220,RX,bus,-1,00012FEE,1,7,01 00 00 0F 03 EE 2F,OK
2026-09-29T10:24:09.528Z,14109.452,RX,bus,-1,00112FEE,1,5,01 00 00 EE 2F,OK
2026-09-29T10:24:09.533Z,14114.226,RX,bus,-1,00013E92,1,7,01 00 00 0F 03 92 3E,OK
2026-09-29T10:24:09.533Z,14114.450,RX,bus,-1,00113E92,1,5,01 00 00 92 3E,OK
2026-09-29T10:24:09.538Z,14119.162,RX,bus,-1,00018EF0,1,7,01 00 00 0F 03 F0 8E,OK
2026-09-29T10:24:09.538Z,14119.379,RX,bus,-1,00118EF0,1,5,01 00 00 F0 8E,OK
2026-09-29T10:24:09.543Z,14124.166,RX,bus,-1,00015386,1,7,01 00 00 0F 03 86 53,OK
2026-09-29T10:24:09.543Z,14124.400,RX,bus,-1,00115386,1,5,01 00 00 86 53,OK
2026-09-29T10:24:09.548Z,14129.204,RX,bus,-1,0001AF02,1,7,01 00 00 0F 03 02 AF,OK
2026-09-29T10:24:09.548Z,14129.426,RX,bus,-1,0011AF02,1,5,01 00 00 02 AF,OK
2026-09-29T10:24:09.553Z,14134.225,RX,bus,-1,00017529,1,7,01 00 00 0F 03 29 75,OK
2026-09-29T10:24:09.553Z,14134.397,RX,bus,-1,00117529,1,5,01 00 00 29 75,OK
2026-09-29T10:24:09.557Z,14139.243,RX,bus,-1,00018D43,1,7,01 00 00 0F 03 43 8D,OK
2026-09-29T10:24:09.557Z,14139.469,RX,bus,-1,00118D43,1,5,01 00 00 43 8D,OK
2026-09-29T10:24:09.562Z,14144.212,RX,bus,-1,00018821,1,7,01 00 00 0F 03 21 88,OK
2026-09-29T10:24:09.562Z,14144.452,RX,bus,-1,00118821,1,5,01 00 00 21 88,OK
2026-09-29T10:24:09.567Z,14149.186,RX,bus,-1,0001A4A6,1,7,01 00 00 0F 03 A6 A4,OK
2026-09-29T10:24:09.567Z,14149.426,RX,bus,-1,0011A4A6,1,5,01 00 00 A6 A4,OK
2026-09-29T10:24:09.572Z,14154.208,RX,bus,-1,000116D3,1,7,01 00 00 0F 03 D3 16,OK
2026-09-29T10:24:09.572Z,14154.407,RX,bus,-1,001116D3,1,5,01 00 00 D3 16,OK
2026-09-29T10:24:09.577Z,14159.146,RX,bus,-1,00010D57,1,7,01 00 00 0F 03 57 0D,OK
2026-09-29T10:24:09.577Z,14159.400,RX,bus,-1,00110D57,1,5,01 00 00 57 0D,OK
2026-09-29T10:24:09.582Z,14164.191,RX,bus,-1,00010C10,1,7,01 00 00 0F 03 10 0C,OK
2026-09-29T10:24:09.582Z,14164.434,RX,bus,-1,00110C10,1,5,01 00 00 10 0C,OK
2026-09-29T10:24:09.587Z,14169.210,RX,bus,-1,0001C027,1,7,01 00 00 0F 03 27 C0,OK
2026-09-29T10:24:09.587Z,14169.405,RX,bus,-1,0011C027,1,5,01 00 00 27 C0,OK
2026-09-29T10:24:09.592Z,14174.188,RX,bus,-1,0001733F,1,7,01 00 00 0F 03 3F 73,OK
2026-09-29T10:24:09.592Z,14174.425,RX,bus,-1,0011733F,1,5,01 00 00 3F 73,OK
2026-09-29T10:24:09.597Z,14179.216,RX,bus,-1,00010178,1,7,01 00 00 0F 03 78 01,OK
2026-09-29T10:24:09.597Z,14179.461,RX,bus,-1,00110178,1,5,01 00 00 78 01,OK
2026-09-29T10:24:09.602Z,14184.192,RX,bus,-1,0001FE6B,1,7,01 00 00 0F 03 6B FE,OK
2026-09-29T10:24:09.602Z,14184.425,RX,bus,-1,0011FE6B,1,5,01 00 00 6B FE,OK
2026-09-29T10:24:09.608Z,14189.281,RX,bus,-1,0001DBD0,1,7,01 00 00 0F 03 D0 DB,OK
2026-09-29T10:24:09.608Z,14189.460,RX,bus,-1,0011DBD0,1,5,01 00 00 D0 DB,OK
2026-09-29T10:24:09.613Z,14194.232,RX,bus,-1,000116A3,1,7,01 00 00 0F 03 A3 16,OK
2026-09-29T10:24:09.613Z,14194.466,RX,bus,-1,001116A3,1,5,01 00 00 A3 16,OK
2026-09-29T10:24:09.618Z,14199.190,RX,bus,-1,000114EC,1,7,01 00 00 0F 03 EC 14,OK
2026-09-29T10:24:09.618Z,14199.475,RX,bus,-1,001114EC,1,5,01 00 00 EC 14,OK
2026-09-29T10:24:09.622Z,14204.177,RX,bus,-1,0001DC93,1,7,01 00 00 0F 03 93 DC,OK
2026-09-29T10:24:09.622Z,14204.419,RX,bus,-1,0011DC93,1,5,01 00 00 93 DC,OK
2026-09-29T10:24:09.627Z,14209.218,RX,bus,-1,0001B913,1,7,01 00 00 0F 03 13 B9,OK
2026-09-29T10:24:09.627Z,14209.422,RX,bus,-1,0011B913,1,5,01 00 00 13 B9,OK
2026-09-29T10:24:09.632Z,14214.200,RX,bus,-1,0001E733,1,7,01 00 00 0F 03 33 E7,OK
2026-09-29T10:24:09.633Z,14214.436,RX,bus,-1,0011E733,1,5,01 00 00 33 E7,OK
2026-09-29T10:24:09.637Z,14219.221,RX,bus,-1,0001FAF9,1,7,01 00 00 0F 03 F9 FA,OK
2026-09-29T10:24:09.637Z,14219.422,RX,bus,-1,0011FAF9,1,5,01 00 00 F9 FA,OK
2026-09-29T10:24:09.642Z,14224.221,RX,bus,-1,00012C09,1,7,01 00 00 0F 03 09 2C,OK
2026-09-29T10:24:09.642Z,14224.421,RX,bus,-1,00112C09,1,5,01 00 00 09 2C,OK
2026-09-29T10:24:09.647Z,14229.175,RX,bus,-1,00010B6C,1,7,01 00 00 0F 03 6C 0B,OK
2026-09-29T10:24:09.648Z,14229.471,RX,bus,-1,00110B6C,1,5,01 00 00 6C 0B,OK
2026-09-29T10:24:09.652Z,14234.177,RX,bus,-1,0001144F,1,7,01 00 00 0F 03 4F 14,OK
2026-09-29T10:24:09.653Z,14234.484,RX,bus,-1,0011144F,1,5,01 00 00 4F 14,OK
2026-09-29T10:24:09.658Z,14239.232,RX,bus,-1,0001BAA7,1,7,01 00 00 0F 03 A7 BA,OK
2026-09-29T10:24:09.658Z,14239.442,RX,bus,-1,0011BAA7,1,5,01 00 00 A7 BA,OK
2026-09-29T10:24:09.663Z,14244.176,RX,bus,-1,0001DFFD,1,7,01 00 00 0F 03 FD DF,OK
2026-09-29T10:24:09.663Z,14244.463,RX,bus,-1,0011DFFD,1,5,01 00 00 FD DF,OK
2026-09-29T10:24:09.668Z,14249.284,RX,bus,-1,00010E00,1,7,01 00 00 0F 03 00 0E,OK
2026-09-29T10:24:09.668Z,14249.469,RX,bus,-1,00110E00,1,5,01 00 00 00 0E,OK
2026-09-29T10:24:09.673Z,14254.743,RX,bus,-1,0001477F,1,7,01 00 00 0F 03 7F 47,OK
2026-09-29T10:24:09.673Z,14254.835,RX,bus,-1,0011477F,1,5,01 00 00 7F 47,OK
2026-09-29T10:24:09.678Z,14259.740,RX,bus,-1,00010345,1,7,01 00 00 0F 03 45 03,OK
2026-09-29T10:24:09.678Z,14259.830,RX,bus,-1,00110345,1,5,01 00 00 45 03,OK
2026-09-29T10:24:09.683Z,14264.380,RX,bus,-1,000102A7,1,7,01 00 00 0F 03 A7 02,OK
2026-09-29T10:24:09.683Z,14264.468,RX,bus,-1,001102A7,1,5,01 00 00 A7 02,OK
2026-09-29T10:24:09.688Z,14269.329,RX,bus,-1,00017407,1,7,01 00 00 0F 03 07 74,OK
2026-09-29T10:24:09.688Z,14269.437,RX,bus,-1,00117407,1,5,01 00 00 07 74,OK
2026-09-29T10:24:09.693Z,14274.372,RX,bus,-1,00019B1E,1,7,01 00 00 0F 03 1E 9B,OK
2026-09-29T10:24:09.693Z,14274.436,RX,bus,-1,00119B1E,1,5,01 00 00 1E 9B,OK
2026-09-29T10:24:09.698Z,14279.197,RX,bus,-1,00017DAC,1,7,01 00 00 0F 03 AC 7D,OK
2026-09-29T10:24:09.698Z,14279.409,RX,bus,-1,00117DAC,1,5,01 00 00 AC 7D,OK
2026-09-29T10:24:09.703Z,14284.329,RX,bus,-1,00014E58,1,7,01 00 00 0F 03 58 4E,OK
2026-09-29T10:24:09.703Z,14284.416,RX,bus,-1,00114E58,1,5,01 00 00 58 4E,OK
2026-09-29T10:24:09.707Z,14289.136,RX,bus,-1,00012FEF,1,7,01 00 00 0F 03 EF 2F,OK
2026-09-29T10:24:09.708Z,14289.431,RX,bus,-1,00112FEF,1,5,01 00 00 EF 2F,OK
2026-09-29T10:24:09.713Z,14294.229,RX,bus,-1,0001B6D8,1,7,01 00 00 0F 03 D8 B6,OK
2026-09-29T10:24:09.713Z,14294.423,RX,bus,-1,0011B6D8,1,5,01 00 00 D8 B6,OK
2026-09-29T10:24:09.718Z,14299.402,RX,bus,-1,00011645,1,7,01 00 00 0F 03 45 16,OK
2026-09-29T10:24:09.718Z,14299.483,RX,bus,-1,00111645,1,5,01 00 00 45 16,OK
2026-09-29T10:24:09.723Z,14304.335,RX,bus,-1,0001A24F,1,7,01 00 00 0F 03 4F A2,OK
2026-09-29T10:24:09.723Z,14304.417,RX,bus,-1,0011A24F,1,5,01 00 00 4F A2,OK
2026-09-29T10:24:09.728Z,14309.389,RX,bus,-1,00013D3C,1,7,01 00 00 0F 03 3C 3D,OK
2026-09-29T10:24:09.728Z,14309.459,RX,bus,-1,00113D3C,1,5,01 00 00 3C 3D,OK
2026-09-29T10:24:09.733Z,14314.337,RX,bus,-1,0001DDD5,1,7,01 00 00 0F 03 D5 DD,OK
2026-09-29T10:24:09.733Z,14314.419,RX,bus,-1,0011DDD5,1,5,01 00 00 D5 DD,OK
2026-09-29T10:24:09.738Z,14319.344,RX,bus,-1,00014FCB,1,7,01 00 00 0F 03 CB 4F,OK
2026-09-29T10:24:09.738Z,14319.451,RX,bus,-1,00114FCB,1,5,01 00 00 CB 4F,OK
2026-09-29T10:24:09.742Z,14324.187,RX,bus,-1,0001A34B,1,7,01 00 00 0F 03 4B A3,OK
2026-09-29T10:24:09.743Z,14324.400,RX,bus,-1,0011A34B,1,5,01 00 00 4B A3,OK
2026-09-29T10:24:09.747Z,14329.192,RX,bus,-1,00017930,1,7,01 00 00 0F 03 30 79,OK
2026-09-29T10:24:09.748Z,14329.496,RX,bus,-1,00117930,1,5,01 00 00 30 79,OK
2026-09-29T10:24:09.752Z,14334.180,RX,bus,-1,000102B1,1,7,01 00 00 0F 03 B1 02,OK
2026-09-29T10:24:09.753Z,14334.392,RX,bus,-1,001102B1,1,5,01 00 00 B1 02,OK
2026-09-29T10:24:09.758Z,14339.213,RX,bus,-1,00019ACF,1,7,01 00 00 0F 03 CF 9A,OK
2026-09-29T10:24:09.758Z,14339.423,RX,bus,-1,00119ACF,1,5,01 00 00 CF 9A,OK
2026-09-29T10:24:09.763Z,14344.371,RX,bus,-1,00014FE4,1,7,01 00 00 0F 03 E4 4F,OK
2026-09-29T10:24:09.763Z,14344.426,RX,bus,-1,00114FE4,1,5,01 00 00 E4 4F,OK
2026-09-29T10:24:09.768Z,14349.320,RX,bus,-1,00017A2F,1,7,01 00 00 0F 03 2F 7A,OK
2026-09-29T10:24:09.768Z,14349.395,RX,bus,-1,00117A2F,1,5,01 00 00 2F 7A,OK
2026-09-29T10:24:09.773Z,14354.319,RX,bus,-1,0001C931,1,7,01 00 00 0F 03 31 C9,OK
2026-09-29T10:24:09.773Z,14354.420,RX,bus,-1,0011C931,1,5,01 00 00 31 C9,OK
2026-09-29T10:24:09.778Z,14359.346,RX,bus,-1,00019600,1,7,01 00 00 0F 03 00 96,OK
2026-09-29T10:24:09.778Z,14359.432,RX,bus,-1,00119600,1,5,01 00 00 00 96,OK
2026-09-29T10:24:09.783Z,14364.305,RX,bus,-1,0001809A,1,7,01 00 00 0F 03 9A 80,OK
2026-09-29T10:24:09.783Z,14364.418,RX,bus,-1,0011809A,1,5,01 00 00 9A 80,OK
2026-09-29T10:24:09.788Z,14369.220,RX,bus,-1,000141DE,1,7,01 00 00 0F 03 DE 41,OK
2026-09-29T10:24:09.788Z,14369.395,RX,bus,-1,001141DE,1,5,01 00 00 DE 41,OK
2026-09-29T10:24:09.793Z,14374.298,RX,bus,-1,0001ADB6,1,7,01 00 00 0F 03 B6 AD,OK
2026-09-29T10:24:09.793Z,14374.414,RX,bus,-1,0011ADB6,1,5,01 00 00 B6 AD,OK
2026-09-29T10:24:09.798Z,14379.210,RX,bus,-1,00016F27,1,7,01 00 00 0F 03 27 6F,OK
2026-09-29T10:24:09.798Z,14379.385,RX,bus,-1,00116F27,1,5,01 00 00 27 6F,OK
2026-09-29T10:24:09.803Z,14384.186,RX,bus,-1,00018BA9,1,7,01 00 00 0F 03 A9 8B,OK
2026-09-29T10:24:09.803Z,14384.394,RX,bus,-1,00118BA9,1,5,01 00 00 A9 8B,OK
2026-09-29T10:24:09.808Z,14389.344,RX,bus,-1,00012E10,1,7,01 00 00 0F 03 10 2E,OK
2026-09-29T10:24:09.808Z,14389.385,RX,bus,-1,00112E10,1,5,01 00 00 10 2E,OK
2026-09-29T10:24:09.813Z,14394.129,RX,bus,-1,0001F670,1,7,01 00 00 0F 03 70 F6,OK
2026-09-29T10:24:09.813Z,14394.410,RX,bus,-1,0011F670,1,5,01 00 00 70 F6,OK
2026-09-29T10:24:09.817Z,14399.306,RX,bus,-1,000120F3,1,7,01 00 00 0F 03 F3 20,OK
2026-09-29T10:24:09.818Z,14399.419,RX,bus,-1,001120F3,1,5,01 00 00 F3 20,OK
2026-09-29T10:24:09.822Z,14404.305,RX,bus,-1,0001B8A1,1,7,01 00 00 0F 03 A1 B8,OK
2026-09-29T10:24:09.823Z,14404.442,RX,bus,-1,0011B8A1,1,5,01 00 00 A1 B8,OK
2026-09-29T10:24:09.827Z,14409.311,RX,bus,-1,0001BC61,1,7,01 00 00 0F 03 61 BC,OK
2026-09-29T10:24:09.828Z,14409.443,RX,bus,-1,0011BC61,1,5,01 00 00 61 BC,OK
2026-09-29T10:24:09.832Z,14414.311,RX,bus,-1,0001E652,1,7,01 00 00 0F 03 52 E6,OK
2026-09-29T10:24:09.833Z,14414.397,RX,bus,-1,0011E652,1,5,01 00 00 52 E6,OK
2026-09-29T10:24:09.837Z,14419.303,RX,bus,-1,0001D979,1,7,01 00 00 0F 03 79 D9,OK
2026-09-29T10:24:09.838Z,14419.397,RX,bus,-1,0011D979,1,5,01 00 00 79 D9,OK
2026-09-29T10:24:09.842Z,14424.236,RX,bus,-1,0001FFB8,1,7,01 00 00 0F 03 B8 FF,OK
2026-09-29T10:24:09.843Z,14424.391,RX,bus,-1,0011FFB8,1,5,01 00 00 B8 FF,OK
2026-09-29T10:24:09.847Z,14429.194,RX,bus,-1,0001549E,1,7,01 00 00 0F 03 9E 54,OK
2026-09-29T10:24:09.848Z,14429.456,RX,bus,-1,0011549E,1,5,01 00 00 9E 54,OK
2026-09-29T10:24:09.852Z,14434.302,RX,bus,-1,0001ADC8,1,7,01 00 00 0F 03 C8 AD,OK
2026-09-29T10:24:09.853Z,14434.395,RX,bus,-1,0011ADC8,1,5,01 00 00 C8 AD,OK
2026-09-29T10:24:09.858Z,14439.340,RX,bus,-1,00013578,1,7,01 00 00 0F 03 78 35,OK
2026-09-29T10:24:09.858Z,14439.421,RX,bus,-1,00113578,1,5,01 00 00 78 35,OK
2026-09-29T10:24:09.863Z,14444.306,RX,bus,-1,000158DC,1,7,01 00 00 0F 03 DC 58,OK
2026-09-29T10:24:09.863Z,14444.403,RX,bus,-1,001158DC,1,5,01 00 00 DC 58,OK
2026-09-29T10:24:09.868Z,14449.181,RX,bus,-1,000121EA,1,7,01 00 00 0F 03 EA 21,OK
2026-09-29T10:24:09.868Z,14449.392,RX,bus,-1,001121EA,1,5,01 00 00 EA 21,OK
2026-09-29T10:24:09.873Z,14454.155,RX,bus,-1,00018D2A,1,7,01 00 00 0F 03 2A 8D,OK
2026-09-29T10:24:09.873Z,14454.391,RX,bus,-1,00118D2A,1,5,01 00 00 2A 8D,OK
2026-09-29T10:24:09.878Z,14459.342,RX,bus,-1,00019860,1,7,01 00 00 0F 03 60 98,OK
2026-09-29T10:24:09.878Z,14459.443,RX,bus,-1,00119860,1,5,01 00 00 60 98,OK
2026-09-29T10:24:09.883Z,14464.303,RX,bus,-1,00018A8B,1,7,01 00 00 0F 03 8B 8A,OK
2026-09-29T10:24:09.883Z,14464.351,RX,bus,-1,00118A8B,1,5,01 00 00 8B 8A,OK
2026-09-29T10:24:09.888Z,14469.339,RX,bus,-1,0001D6A1,1,7,01 00 00 0F 03 A1 D6,OK
2026-09-29T10:24:09.888Z,14469.400,RX,bus,-1,0011D6A1,1,5,01 00 00 A1 D6,OK
2026-09-29T10:24:09.893Z,14474.318,RX,bus,-1,0001E0EE,1,7,01 00 00 0F 03 EE E0,OK
2026-09-29T10:24:09.893Z,14474.395,RX,bus,-1,0011E0EE,1,5,01 00 00 EE E0,OK
2026-09-29T10:24:09.898Z,14479.342,RX,bus,-1,00018111,1,7,01 00 00 0F 03 11 81,OK
2026-09-29T10:24:09.898Z,14479.388,RX,bus,-1,00118111,1,5,01 00 00 11 81,OK
2026-09-29T10:24:09.903Z,14484.302,RX,bus,-1,00018C62,1,7,01 00 00 0F 03 62 8C,OK
2026-09-29T10:24:09.903Z,14484.396,RX,bus,-1,00118C62,1,5,01 00 00 62 8C,OK
2026-09-29T10:24:09.908Z,14489.148,RX,bus,-1,00018AFB,1,7,01 00 00 0F 03 FB 8A,OK
2026-09-29T10:24:09.908Z,14489.389,RX,bus,-1,00118AFB,1,5,01 00 00 FB 8A,OK
2026-09-29T10:24:09.913Z,14494.199,RX,bus,-1,0001379F,1,7,01 00 00 0F 03 9F 37,OK
2026-09-29T10:24:09.913Z,14494.396,RX,bus,-1,0011379F,1,5,01 00 00 9F 37,OK
2026-09-29T10:24:09.917Z,14499.165,RX,bus,-1,0001D762,1,7,01 00 00 0F 03 62 D7,OK
2026-09-29T10:24:09.918Z,14499.405,RX,bus,-1,0011D762,1,5,01 00 00 62 D7,OK
2026-09-29T10:24:09.922Z,14504.308,RX,bus,-1,00013977,1,7,01 00 00 0F 03 77 39,OK
2026-09-29T10:24:09.922Z,14504.353,RX,bus,-1,00113977,1,5,01 00 00 77 39,OK
2026-09-29T10:24:09.927Z,14509.159,RX,bus,-1,0001826F,1,7,01 00 00 0F 03 6F 82,OK
2026-09-29T10:24:09.928Z,14509.380,RX,bus,-1,0011826F,1,5,01 00 00 6F 82,OK
2026-09-29T10:24:09.932Z,14514.305,RX,bus,-1,00014190,1,7,01 00 00 0F 03 90 41,OK
2026-09-29T10:24:09.933Z,14514.405,RX,bus,-1,00114190,1,5,01 00 00 90 41,OK
2026-09-29T10:24:09.937Z,14519.310,RX,bus,-1,00012E67,1,7,01 00 00 0F 03 67 2E,OK
2026-09-29T10:24:09.938Z,14519.411,RX,bus,-1,00112E67,1,5,01 00 00 67 2E,OK
2026-09-29T10:24:09.942Z,14524.306,RX,bus,-1,0001BE66,1,7,01 00 00 0F 03 66 BE,OK
2026-09-29T10:24:09.942Z,14524.379,RX,bus,-1,0011BE66,1,5,01 00 00 66 BE,OK
2026-09-29T10:24:09.947Z,14529.324,RX,bus,-1,000107DC,1,7,01 00 00 0F 03 DC 07,OK
2026-09-29T10:24:09.948Z,14529.385,RX,bus,-1,001107DC,1,5,01 00 00 DC 07,OK
2026-09-29T10:24:09.952Z,14534.308,RX,bus,-1,00011E50,1,7,01 00 00 0F 03 50 1E,OK
2026-09-29T10:24:09.952Z,14534.377,RX,bus,-1,00111E50,1,5,01 00 00 50 1E,OK
2026-09-29T10:24:09.958Z,14539.263,RX,bus,-1,00012F71,1,7,01 00 00 0F 03 71 2F,OK
2026-09-29T10:24:09.958Z,14539.400,RX,bus,-1,00112F71,1,5,01 00 00 71 2F,OK
2026-09-29T10:24:09.963Z,14544.163,RX,bus,-1,00014B2B,1,7,01 00 00 0F 03 2B 4B,OK
2026-09-29T10:24:09.963Z,14544.396,RX,bus,-1,00114B2B,1,5,01 00 00 2B 4B,OK
2026-09-29T10:24:09.968Z,14549.135,RX,bus,-1,00012068,1,7,01 00 00 0F 03 68 20,OK
2026-09-29T10:24:09.968Z,14549.370,RX,bus,-1,00112068,1,5,01 00 00 68 20,OK
2026-09-29T10:24:09.973Z,14554.112,RX,bus,-1,000127DC,1,7,01 00 00 0F 03 DC 27,OK
2026-09-29T10:24:09.973Z,14554.387,RX,bus,-1,001127DC,1,5,01 00 00 DC 27,OK
2026-09-29T10:24:09.978Z,14559.193,RX,bus,-1,0001C9D5,1,7,01 00 00 0F 03 D5 C9,OK
2026-09-29T10:24:09.978Z,14559.390,RX,bus,-1,0011C9D5,1,5,01 00 00 D5 C9,OK
2026-09-29T10:24:09.983Z,14564.234,RX,bus,-1,000180B5,1,7,01 00 00 0F 03 B5 80,OK
2026-09-29T10:24:09.983Z,14564.370,RX,bus,-1,001180B5,1,5,01 00 00 B5 80,OK
2026-09-29T10:24:09.988Z,14569.162,RX,bus,-1,00019126,1,7,01 00 00 0F 03 26 91,OK
2026-09-29T10:24:09.988Z,14569.398,RX,bus,-1,00119126,1,5,01 00 00 26 91,OK
2026-09-29T10:24:09.993Z,14574.195,RX,bus,-1,00013795,1,7,01 00 00 0F 03 95 37,OK
2026-09-29T10:24:09.993Z,14574.389,RX,bus,-1,00113795,1,5,01 00 00 95 37,OK
2026-09-29T10:24:09.998Z,14579.180,RX,bus,-1,0001A76C,1,7,01 00 00 0F 03 6C A7,OK
2026-09-29T10:24:09.998Z,14579.391,RX,bus,-1,0011A76C,1,5,01 00 00 6C A7,OK
2026-09-29T10:24:10.003Z,14584.161,RX,bus,-1,00012236,1,7,01 00 00 0F 03 36 22,OK
2026-09-29T10:24:10.003Z,14584.373,RX,bus,-1,00112236,1,5,01 00 00 36 22,OK
2026-09-29T10:24:10.008Z,14589.187,RX,bus,-1,0001737A,1,7,01 00 00 0F 03 7A 73,OK
2026-09-29T10:24:10.008Z,14589.403,RX,bus,-1,0011737A,1,5,01 00 00 7A 73,OK
2026-09-29T10:24:10.012Z,14594.144,RX,bus,-1,000190F7,1,7,01 00 00 0F 03 F7 90,OK
2026-09-29T10:24:10.013Z,14594.397,RX,bus,-1,001190F7,1,5,01 00 00 F7 90,OK
2026-09-29T10:24:10.017Z,14599.114,RX,bus,-1,000159DD,1,7,01 00 00 0F 03 DD 59,OK
2026-09-29T10:24:10.018Z,14599.417,RX,bus,-1,001159DD,1,5,01 00 00 DD 59,OK
2026-09-29T10:24:10.023Z,14604.135,RX,bus,-1,0001963B,1,7,01 00 00 0F 03 3B 96,OK
2026-09-29T10:24:10.023Z,14604.362,RX,bus,-1,0011963B,1,5,01 00 00 3B 96,OK
2026-09-29T10:24:10.028Z,14609.142,RX,bus,-1,00011C3D,1,7,01 00 00 0F 03 3D 1C,OK
2026-09-29T10:24:10.028Z,14609.370,RX,bus,-1,00111C3D,1,5,01 00 00 3D 1C,OK
2026-09-29T10:24:10.033Z,14614.154,RX,bus,-1,00011E06,1,7,01 00 00 0F 03 06 1E,OK
2026-09-29T10:24:10.033Z,14614.370,RX,bus,-1,00111E06,1,5,01 00 00 06 1E,OK
2026-09-29T10:24:10.038Z,14619.119,RX,bus,-1,0001BC9C,1,7,01 00 00 0F 03 9C BC,OK
2026-09-29T10:24:10.038Z,14619.330,RX,bus,-1,0011BC9C,1,5,01 00 00 9C BC,OK
2026-09-29T10:24:10.043Z,14624.151,RX,bus,-1,0001677E,1,7,01 00 00 0F 03 7E 67,OK
2026-09-29T10:24:10.043Z,14624.363,RX,bus,-1,0011677E,1,5,01 00 00 7E 67,OK
2026-09-29T10:24:10.048Z,14629.132,RX,bus,-1,00010D9E,1,7,01 00 00 0F 03 9E 0D,OK
2026-09-29T10:24:10.048Z,14629.361,RX,bus,-1,00110D9E,1,5,01 00 00 9E 0D,OK
2026-09-29T10:24:10.053Z,14634.131,RX,bus,-1,00014586,1,7,01 00 00 0F 03 86 45,OK
2026-09-29T10:24:10.053Z,14634.363,RX,bus,-1,00114586,1,5,01 00 00 86 45,OK
2026-09-29T10:24:10.058Z,14639.184,RX,bus,-1,00014BB1,1,7,01 00 00 0F 03 B1 4B,OK
2026-09-29T10:24:10.058Z,14639.362,RX,bus,-1,00114BB1,1,5,01 00 00 B1 4B,OK
2026-09-29T10:24:10.062Z,14644.084,RX,bus,-1,0001F17D,1,7,01 00 00 0F 03 7D F1,OK
2026-09-29T10:24:10.062Z,14644.359,RX,bus,-1,0011F17D,1,5,01 00 00 7D F1,OK
2026-09-29T10:24:10.067Z,14649.144,RX,bus,-1,00018FCE,1,7,01 00 00 0F 03 CE 8F,OK
2026-09-29T10:24:10.067Z,14649.361,RX,bus,-1,00118FCE,1,5,01 00 00 CE 8F,OK
2026-09-29T10:24:10.072Z,14654.132,RX,bus,-1,000126F2,1,7,01 00 00 0F 03 F2 26,OK
2026-09-29T10:24:10.072Z,14654.366,RX,bus,-1,001126F2,1,5,01 00 00 F2 26,OK
2026-09-29T10:24:10.077Z,14659.125,RX,bus,-1,00015F38,1,7,01 00 00 0F 03 38 5F,OK
2026-09-29T10:24:10.077Z,14659.359,RX,bus,-1,00115F38,1,5,01 00 00 38 5F,OK
2026-09-29T10:24:10.082Z,14664.123,RX,bus,-1,0001E0CA,1,7,01 00 00 0F 03 CA E0,OK
2026-09-29T10:24:10.082Z,14664.362,RX,bus,-1,0011E0CA,1,5,01 00 00 CA E0,OK
2026-09-29T10:24:10.087Z,14669.125,RX,bus,-1,00019459,1,7,01 00 00 0F 03 59 94,OK
2026-09-29T10:24:10.087Z,14669.365,RX,bus,-1,00119459,1,5,01 00 00 59 94,OK
2026-09-29T10:24:10.092Z,14674.124,RX,bus,-1,0001A029,1,7,01 00 00 0F 03 29 A0,OK
2026-09-29T10:24:10.092Z,14674.355,RX,bus,-1,0011A029,1,5,01 00 00 29 A0,OK
2026-09-29T10:24:10.097Z,14679.344,RX,bus,-1,000187AB,1,7,01 00 00 0F 03 AB 87,OK
2026-09-29T10:24:10.097Z,14679.390,RX,bus,-1,001187AB,1,5,01 00 00 AB 87,OK
2026-09-29T10:24:10.102Z,14684.125,RX,bus,-1,0001BF20,1,7,01 00 00 0F 03 20 BF,OK
2026-09-29T10:24:10.102Z,14684.357,RX,bus,-1,0011BF20,1,5,01 00 00 20 BF,OK
2026-09-29T10:24:10.107Z,14689.089,RX,bus,-1,0001A455,1,7,01 00 00 0F 03 55 A4,OK
2026-09-29T10:24:10.107Z,14689.361,RX,bus,-1,0011A455,1,5,01 00 00 55 A4,OK
2026-09-29T10:24:10.112Z,14694.278,RX,bus,-1,000154E8,1,7,01 00 00 0F 03 E8 54,OK
2026-09-29T10:24:10.112Z,14694.356,RX,bus,-1,001154E8,1,5,01 00 00 E8 54,OK
2026-09-29T10:24:10.117Z,14699.286,RX,bus,-1,0001DEE1,1,7,01 00 00 0F 03 E1 DE,OK
2026-09-29T10:24:10.117Z,14699.366,RX,bus,-1,0011DEE1,1,5,01 00 00 E1 DE,OK
2026-09-29T10:24:10.122Z,14704.275,RX,bus,-1,00018B39,1,7,01 00 00 0F 03 39 8B,OK
2026-09-29T10:24:10.122Z,14704.363,RX,bus,-1,00118B39,1,5,01 00 00 39 8B,OK
2026-09-29T10:24:10.127Z,14709.134,RX,bus,-1,0001893C,1,7,01 00 00 0F 03 3C 89,OK
2026-09-29T10:24:10.127Z,14709.361,RX,bus,-1,0011893C,1,5,01 00 00 3C 89,OK
2026-09-29T10:24:10.132Z,14714.266,RX,bus,-1,0001C3FB,1,7,01 00 00 0F 03 FB C3,OK
2026-09-29T10:24:10.132Z,14714.368,RX,bus,-1,0011C3FB,1,5,01 00 00 FB C3,OK
2026-09-29T10:24:10.137Z,14719.130,RX,bus,-1,000159D5,1,7,01 00 00 0F 03 D5 59,OK
2026-09-29T10:24:10.137Z,14719.359,RX,bus,-1,001159D5,1,5,01 00 00 D5 59,OK
2026-09-29T10:24:10.142Z,14724.280,RX,bus,-1,00014861,1,7,01 00 00 0F 03 61 48,OK
2026-09-29T10:24:10.142Z,14724.360,RX,bus,-1,00114861,1,5,01 00 00 61 48,OK
2026-09-29T10:24:10.147Z,14729.134,RX,bus,-1,00012899,1,7,01 00 00 0F 03 99 28,OK
2026-09-29T10:24:10.147Z,14729.372,RX,bus,-1,00112899,1,5,01 00 00 99 28,OK
2026-09-29T10:24:10.152Z,14734.133,RX,bus,-1,00015231,1,7,01 00 00 0F 03 31 52,OK
2026-09-29T10:24:10.152Z,14734.360,RX,bus,-1,00115231,1,5,01 00 00 31 52,OK
2026-09-29T10:24:10.158Z,14739.378,RX,bus,-1,00010F27,1,7,01 00 00 0F 03 27 0F,OK
2026-09-29T10:24:10.158Z,14739.421,RX,bus,-1,00110F27,1,5,01 00 00 27 0F,OK
2026-09-29T10:24:10.163Z,14744.342,RX,bus,-1,000191C8,1,7,01 00 00 0F 03 C8 91,OK
2026-09-29T10:24:10.163Z,14744.401,RX,bus,-1,001191C8,1,5,01 00 00 C8 91,OK
2026-09-29T10:24:10.167Z,14749.126,RX,bus,-1,00016664,1,7,01 00 00 0F 03 64 66,OK
2026-09-29T10:24:10.168Z,14749.374,RX,bus,-1,00116664,1,5,01 00 00 64 66,OK
2026-09-29T10:24:10.172Z,14754.120,RX,bus,-1,00016F13,1,7,01 00 00 0F 03 13 6F,OK
2026-09-29T10:24:10.173Z,14754.364,RX,bus,-1,00116F13,1,5,01 00 00 13 6F,OK
2026-09-29T10:24:10.178Z,14759.314,RX,bus,-1,00018A62,1,7,01 00 00 0F 03 62 8A,OK
2026-09-29T10:24:10.178Z,14759.357,RX,bus,-1,00118A62,1,5,01 00 00 62 8A,OK
2026-09-29T10:24:10.182Z,14764.125,RX,bus,-1,00011D9B,1,7,01 00 00 0F 03 9B 1D,OK
2026-09-29T10:24:10.183Z,14764.360,RX,bus,-1,00111D9B,1,5,01 00 00 9B 1D,OK
2026-09-29T10:24:10.188Z,14769.304,RX,bus,-1,0001CE2D,1,7,01 00 00 0F 03 2D CE,OK
2026-09-29T10:24:10.188Z,14769.362,RX,bus,-1,0011CE2D,1,5,01 00 00 2D CE,OK
2026-09-29T10:24:10.192Z,14774.089,RX,bus,-1,00018754,1,7,01 00 00 0F 03 54 87,OK
2026-09-29T10:24:10.193Z,14774.371,RX,bus,-1,00118754,1,5,01 00 00 54 87,OK
2026-09-29T10:24:10.198Z,14779.267,RX,bus,-1,00012002,1,7,01 00 00 0F 03 02 20,OK
2026-09-29T10:24:10.198Z,14779.361,RX,bus,-1,00112002,1,5,01 00 00 02 20,OK
2026-09-29T10:24:10.203Z,14784.293,RX,bus,-1,000157D0,1,7,01 00 00 0F 04 D0 57,OK
2026-09-29T10:24:10.203Z,14784.387,RX,bus,-1,001157D0,1,5,01 00 00 D0 57,OK
2026-09-29T10:24:10.208Z,14789.271,RX,bus,-1,00018AFB,1,7,01 00 00 0F 03 FB 8A,OK
2026-09-29T10:24:10.208Z,14789.366,RX,bus,-1,00118AFB,1,5,01 00 00 FB 8A,OK
2026-09-29T10:24:10.213Z,14794.328,RX,bus,-1,00012106,1,7,01 00 00 0F 03 06 21,OK
2026-09-29T10:24:10.213Z,14794.372,RX,bus,-1,00112106,1,5,01 00 00 06 21,OK
2026-09-29T10:24:10.217Z,14799.249,RX,bus,-1,00014633,1,7,01 00 00 0F 03 33 46,OK
2026-09-29T10:24:10.217Z,14799.337,RX,bus,-1,00114633,1,5,01 00 00 33 46,OK
2026-09-29T10:24:10.222Z,14804.168,RX,bus,-1,0001ECC4,1,7,01 00 00 0F 03 C4 EC,OK
2026-09-29T10:24:10.222Z,14804.359,RX,bus,-1,0011ECC4,1,5,01 00 00 C4 EC,OK
2026-09-29T10:24:10.227Z,14809.171,RX,bus,-1,000125F1,1,7,01 00 00 0F 03 F1 25,OK
2026-09-29T10:24:10.227Z,14809.360,RX,bus,-1,001125F1,1,5,01 00 00 F1 25,OK
2026-09-29T10:24:10.232Z,14814.293,RX,bus,-1,0001F991,1,7,01 00 00 0F 03 91 F9,OK
2026-09-29T10:24:10.232Z,14814.366,RX,bus,-1,0011F991,1,5,01 00 00 91 F9,OK
2026-09-29T10:24:10.237Z,14819.109,RX,bus,-1,0001CA59,1,7,01 00 00 0F 03 59 CA,OK
2026-09-29T10:24:10.237Z,14819.343,RX,bus,-1,0011CA59,1,5,01 00 00 59 CA,OK
2026-09-29T10:24:10.242Z,14824.144,RX,bus,-1,00016386,1,7,01 00 00 0F 03 86 63,OK
2026-09-29T10:24:10.242Z,14824.331,RX,bus,-1,00116386,1,5,01 00 00 86 63,OK
2026-09-29T10:24:10.247Z,14829.105,RX,bus,-1,000153B5,1,7,01 00 00 0F 03 B5 53,OK
2026-09-29T10:24:10.247Z,14829.345,RX,bus,-1,001153B5,1,5,01 00 00 B5 53,OK
2026-09-29T10:24:10.252Z,14834.145,RX,bus,-1,00010163,1,7,01 00 00 0F 03 63 01,OK
2026-09-29T10:24:10.252Z,14834.344,RX,bus,-1,00110163,1,5,01 00 00 63 01,OK
2026-09-29T10:24:10.257Z,14839.112,RX,bus,-1,00013753,1,7,01 00 00 0F 03 53 37,OK
2026-09-29T10:24:10.258Z,14839.374,RX,bus,-1,00113753,1,5,01 00 00 53 37,OK
2026-09-29T10:24:10.262Z,14844.267,RX,bus,-1,00019BF0,1,7,01 00 00 0F 03 F0 9B,OK
2026-09-29T10:24:10.263Z,14844.335,RX,bus,-1,00119BF0,1,5,01 00 00 F0 9B,OK
2026-09-29T10:24:10.267Z,14849.254,RX,bus,-1,0001C490,1,7,01 00 00 0F 03 90 C4,OK
2026-09-29T10:24:10.268Z,14849.323,RX,bus,-1,0011C490,1,5,01 00 00 90 C4,OK
2026-09-29T10:24:10.273Z,14854.460,RX,bus,-1,00017567,1,7,01 00 00 0F 03 67 75,OK
2026-09-29T10:24:10.273Z,14854.539,RX,bus,-1,00117567,1,5,01 00 00 67 75,OK
2026-09-29T10:24:10.277Z,14859.255,RX,bus,-1,00011C7E,1,7,01 00 00 0F 03 7E 1C,OK
2026-09-29T10:24:10.278Z,14859.352,RX,bus,-1,00111C7E,1,5,01 00 00 7E 1C,OK
2026-09-29T10:24:10.282Z,14864.168,RX,bus,-1,0001707A,1,7,01 00 00 0F 03 7A 70,OK
2026-09-29T10:24:10.283Z,14864.367,RX,bus,-1,0011707A,1,5,01 00 00 7A 70,OK
2026-09-29T10:24:10.287Z,14869.142,RX,bus,-1,00010354,1,7,01 00 00 0F 03 54 03,OK
2026-09-29T10:24:10.288Z,14869.413,RX,bus,-1,00110354,1,5,01 00 00 54 03,OK
2026-09-29T10:24:10.293Z,14874.594,RX,bus,-1,0001EA36,1,7,01 00 00 0F 03 36 EA,OK
2026-09-29T10:24:10.293Z,14874.685,RX,bus,-1,0011EA36,1,5,01 00 00 36 EA,OK
2026-09-29T10:24:10.298Z,14879.650,RX,bus,-1,0001697B,1,7,01 00 00 0F 03 7B 69,OK
2026-09-29T10:24:10.298Z,14879.742,RX,bus,-1,0011697B,1,5,01 00 00 7B 69,OK
2026-09-29T10:24:10.303Z,14884.641,RX,bus,-1,00013FCD,1,7,01 00 00 0F 03 CD 3F,OK
2026-09-29T10:24:10.303Z,14884.733,RX,bus,-1,00113FCD,1,5,01 00 00 CD 3F,OK
2026-09-29T10:24:10.307Z,14889.159,RX,bus,-1,00012B00,1,7,01 00 00 0F 03 00 2B,OK
2026-09-29T10:24:10.308Z,14889.389,RX,bus,-1,00112B00,1,5,01 00 00 00 2B,OK
2026-09-29T10:24:10.313Z,14894.727,RX,bus,-1,0001610E,1,7,01 00 00 0F 03 0E 61,OK
2026-09-29T10:24:10.313Z,14894.819,RX,bus,-1,0011610E,1,5,01 00 00 0E 61,OK
2026-09-29T10:24:10.317Z,14899.120,RX,bus,-1,0001AAB0,1,7,01 00 00 0F 03 B0 AA,OK
2026-09-29T10:24:10.317Z,14899.318,RX,bus,-1,0011AAB0,1,5,01 00 00 B0 AA,OK
2026-09-29T10:24:10.323Z,14904.113,RX,bus,-1,00016E18,1,7,01 00 00 0F 03 18 6E,OK
2026-09-29T10:24:10.323Z,14904.345,RX,bus,-1,00116E18,1,5,01 00 00 18 6E,OK
2026-09-29T10:24:10.328Z,14909.064,RX,bus,-1,0001D324,1,7,01 00 00 0F 03 24 D3,OK
2026-09-29T10:24:10.328Z,14909.333,RX,bus,-1,0011D324,1,5,01 00 00 24 D3,OK
2026-09-29T10:24:10.333Z,14914.109,RX,bus,-1,00015E85,1,7,01 00 00 0F 03 85 5E,OK
2026-09-29T10:24:10.333Z,14914.341,RX,bus,-1,00115E85,1,5,01 00 00 85 5E,OK
2026-09-29T10:24:10.338Z,14919.110,RX,bus,-1,0001668F,1,7,01 00 00 0F 03 8F 66,OK
2026-09-29T10:24:10.338Z,14919.330,RX,bus,-1,0011668F,1,5,01 00 00 8F 66,OK
2026-09-29T10:24:10.343Z,14924.072,RX,bus,-1,00011625,1,7,01 00 00 0F 03 25 16,OK
2026-09-29T10:24:10.343Z,14924.339,RX,bus,-1,00111625,1,5,01 00 00 25 16,OK
2026-09-29T10:24:10.348Z,14929.112,RX,bus,-1,0001C705,1,7,01 00 00 0F 03 05 C7,OK
2026-09-29T10:24:10.348Z,14929.317,RX,bus,-1,0011C705,1,5,01 00 00 05 C7,OK
2026-09-29T10:24:10.353Z,14934.139,RX,bus,-1,0001E6FD,1,7,01 00 00 0F 03 FD E6,OK
2026-09-29T10:24:10.353Z,14934.334,RX,bus,-1,0011E6FD,1,5,01 00 00 FD E6,OK
2026-09-29T10:24:10.358Z,14939.159,RX,bus,-1,00016798,1,7,01 00 00 0F 03 98 67,OK
2026-09-29T10:24:10.358Z,14939.387,RX,bus,-1,00116798,1,5,01 00 00 98 67,OK
2026-09-29T10:24:10.362Z,14944.261,RX,bus,-1,00017A29,1,7,01 00 00 0F 03 29 7A,OK
2026-09-29T10:24:10.363Z,14944.351,RX,bus,-1,00117A29,1,5,01 00 00 29 7A,OK
2026-09-29T10:24:10.367Z,14949.262,RX,bus,-1,0001E77F,1,7,01 00 00 0F 03 7F E7,OK
2026-09-29T10:24:10.368Z,14949.352,RX,bus,-1,0011E77F,1,5,01 00 00 7F E7,OK
2026-09-29T10:24:10.372Z,14954.140,RX,bus,-1,00019CD6,1,7,01 00 00 0F 03 D6 9C,OK
2026-09-29T10:24:10.372Z,14954.315,RX,bus,-1,00119CD6,1,5,01 00 00 D6 9C,OK
2026-09-29T10:24:10.377Z,14959.188,RX,bus,-1,0001171F,1,7,01 00 00 0F 03 1F 17,OK
2026-09-29T10:24:10.378Z,14959.358,RX,bus,-1,0011171F,1,5,01 00 00 1F 17,OK
2026-09-29T10:24:10.382Z,14964.266,RX,bus,-1,00019C5F,1,7,01 00 00 0F 03 5F 9C,OK
2026-09-29T10:24:10.382Z,14964.312,RX,bus,-1,00119C5F,1,5,01 00 00 5F 9C,OK
2026-09-29T10:24:10.387Z,14969.255,RX,bus,-1,0001F3AE,1,7,01 00 00 0F 03 AE F3,OK
2026-09-29T10:24:10.388Z,14969.368,RX,bus,-1,0011F3AE,1,5,01 00 00 AE F3,OK
2026-09-29T10:24:10.392Z,14974.269,RX,bus,-1,0001D065,1,7,01 00 00 0F 03 65 D0,OK
2026-09-29T10:24:10.393Z,14974.361,RX,bus,-1,0011D065,1,5,01 00 00 65 D0,OK
2026-09-29T10:24:10.397Z,14979.266,RX,bus,-1,0001C0CD,1,7,01 00 00 0F 03 CD C0,OK
2026-09-29T10:24:10.397Z,14979.311,RX,bus,-1,0011C0CD,1,5,01 00 00 CD C0,OK
2026-09-29T10:24:10.402Z,14984.233,RX,bus,-1,0001DF53,1,7,01 00 00 0F 03 53 DF,OK
2026-09-29T10:24:10.403Z,14984.336,RX,bus,-1,0011DF53,1,5,01 00 00 53 DF,OK
2026-09-29T10:24:10.407Z,14989.211,RX,bus,-1,0001584B,1,7,01 00 00 0F 03 4B 58,OK
2026-09-29T10:24:10.407Z,14989.334,RX,bus,-1,0011584B,1,5,01 00 00 4B 58,OK
2026-09-29T10:24:10.413Z,14994.232,RX,bus,-1,000189A7,1,7,01 00 00 0F 03 A7 89,OK
2026-09-29T10:24:10.413Z,14994.312,RX,bus,-1,001189A7,1,5,01 00 00 A7 89,OK
2026-09-29T10:24:10.418Z,14999.111,RX,bus,-1,0001E6E7,1,7,01 00 00 0F 03 E7 E6,OK
2026-09-29T10:24:10.418Z,14999.335,RX,bus,-1,0011E6E7,1,5,01 00 00 E7 E6,OK
2026-09-29T10:24:10.422Z,15004.270,RX,bus,-1,000175FE,1,7,01 00 00 0F 03 FE 75,OK
2026-09-29T10:24:10.423Z,15004.335,RX,bus,-1,001175FE,1,5,01 00 00 FE 75,OK
2026-09-29T10:24:10.427Z,15009.265,RX,bus,-1,000101D6,1,7,01 00 00 0F 03 D6 01,OK
2026-09-29T10:24:10.428Z,15009.334,RX,bus,-1,001101D6,1,5,01 00 00 D6 01,OK
2026-09-29T10:24:10.432Z,15014.269,RX,bus,-1,00019FB4,1,7,01 00 00 0F 03 B4 9F,OK
2026-09-29T10:24:10.433Z,15014.329,RX,bus,-1,00119FB4,1,5,01 00 00 B4 9F,OK
2026-09-29T10:24:10.437Z,15019.254,RX,bus,-1,00018F51,1,7,01 00 00 0F 03 51 8F,OK
2026-09-29T10:24:10.438Z,15019.337,RX,bus,-1,00118F51,1,5,01 00 00 51 8F,OK
2026-09-29T10:24:10.442Z,15024.238,RX,bus,-1,00011B95,1,7,01 00 00 0F 03 95 1B,OK
2026-09-29T10:24:10.443Z,15024.340,RX,bus,-1,00111B95,1,5,01 00 00 95 1B,OK
2026-09-29T10:24:10.447Z,15029.079,RX,bus,-1,00012D77,1,7,01 00 00 0F 03 77 2D,OK
2026-09-29T10:24:10.448Z,15029.340,RX,bus,-1,00112D77,1,5,01 00 00 77 2D,OK
2026-09-29T10:24:10.452Z,15034.231,RX,bus,-1,0001BDF4,1,7,01 00 00 0F 03 F4 BD,OK
2026-09-29T10:24:10.452Z,15034.272,RX,bus,-1,0011BDF4,1,5,01 00 00 F4 BD,OK
2026-09-29T10:24:10.458Z,15039.226,RX,bus,-1,0001A150,1,7,01 00 00 0F 03 50 A1,OK
2026-09-29T10:24:10.458Z,15039.307,RX,bus,-1,0011A150,1,5,01 00 00 50 A1,OK
2026-09-29T10:24:10.463Z,15044.107,RX,bus,-1,00017720,1,7,01 00 00 0F 03 20 77,OK
2026-09-29T10:24:10.463Z,15044.337,RX,bus,-1,00117720,1,5,01 00 00 20 77,OK
2026-09-29T10:24:10.468Z,15049.275,RX,bus,-1,000130A4,1,7,01 00 00 0F 03 A4 30,OK
2026-09-29T10:24:10.468Z,15049.336,RX,bus,-1,001130A4,1,5,01 00 00 A4 30,OK
2026-09-29T10:24:10.473Z,15054.244,RX,bus,-1,00018713,1,7,01 00 00 0F 03 13 87,OK
2026-09-29T10:24:10.473Z,15054.285,RX,bus,-1,00118713,1,5,01 00 00 13 87,OK
2026-09-29T10:24:10.478Z,15059.321,RX,bus,-1,00011C11,1,7,01 00 00 0F 03 11 1C,OK
2026-09-29T10:24:10.478Z,15059.408,RX,bus,-1,00111C11,1,5,01 00 00 11 1C,OK
2026-09-29T10:24:10.483Z,15064.251,RX,bus,-1,0001D6CC,1,7,01 00 00 0F 03 CC D6,OK
2026-09-29T10:24:10.483Z,15064.298,RX,bus,-1,0011D6CC,1,5,01 00 00 CC D6,OK
2026-09-29T10:24:10.488Z,15069.273,RX,bus,-1,00015B81,1,7,01 00 00 0F 03 81 5B,OK
2026-09-29T10:24:10.488Z,15069.328,RX,bus,-1,00115B81,1,5,01 00 00 81 5B,OK
2026-09-29T10:24:10.493Z,15074.248,RX,bus,-1,000185B5,1,7,01 00 00 0F 03 B5 85,OK
2026-09-29T10:24:10.493Z,15074.297,RX,bus,-1,001185B5,1,5,01 00 00 B5 85,OK
2026-09-29T10:24:10.498Z,15079.289,RX,bus,-1,00018DEC,1,7,01 00 00 0F 03 EC 8D,OK
2026-09-29T10:24:10.498Z,15079.345,RX,bus,-1,00118DEC,1,5,01 00 00 EC 8D,OK
2026-09-29T10:24:10.503Z,15084.068,RX,bus,-1,00019F01,1,7,01 00 00 0F 03 01 9F,OK
2026-09-29T10:24:10.503Z,15084.314,RX,bus,-1,00119F01,1,5,01 00 00 01 9F,OK
2026-09-29T10:24:10.508Z,15089.074,RX,bus,-1,0001AE0B,1,7,01 00 00 0F 03 0B AE,OK
2026-09-29T10:24:10.508Z,15089.303,RX,bus,-1,0011AE0B,1,5,01 00 00 0B AE,OK
2026-09-29T10:24:10.513Z,15094.066,RX,bus,-1,000162E8,1,7,01 00 00 0F 03 E8 62,OK
2026-09-29T10:24:10.513Z,15094.313,RX,bus,-1,001162E8,1,5,01 00 00 E8 62,OK
2026-09-29T10:24:10.518Z,15099.034,RX,bus,-1,00012868,1,7,01 00 00 0F 03 68 28,OK
2026-09-29T10:24:10.518Z,15099.307,RX,bus,-1,00112868,1,5,01 00 00 68 28,OK
2026-09-29T10:24:10.522Z,15104.236,RX,bus,-1,0001ED31,1,7,01 00 00 0F 03 31 ED,OK
2026-09-29T10:24:10.523Z,15104.333,RX,bus,-1,0011ED31,1,5,01 00 00 31 ED,OK
2026-09-29T10:24:10.527Z,15109.076,RX,bus,-1,0001C7F3,1,7,01 00 00 0F 03 F3 C7,OK
2026-09-29T10:24:10.527Z,15109.273,RX,bus,-1,0011C7F3,1,5,01 00 00 F3 C7,OK
2026-09-29T10:24:10.532Z,15114.048,RX,bus,-1,0001D65D,1,7,01 00 00 0F 03 5D D6,OK
2026-09-29T10:24:10.532Z,15114.274,RX,bus,-1,0011D65D,1,5,01 00 00 5D D6,OK
2026-09-29T10:24:10.537Z,15119.047,RX,bus,-1,000158FE,1,7,01 00 00 0F 03 FE 58,OK
2026-09-29T10:24:10.538Z,15119.396,RX,bus,-1,001158FE,1,5,01 00 00 FE 58,OK
2026-09-29T10:24:10.542Z,15124.072,RX,bus,-1,00012676,1,7,01 00 00 0F 03 76 26,OK
2026-09-29T10:24:10.543Z,15124.353,RX,bus,-1,00112676,1,5,01 00 00 76 26,OK
2026-09-29T10:24:10.547Z,15129.079,RX,bus,-1,00019B4B,1,7,01 00 00 0F 03 4B 9B,OK
2026-09-29T10:24:10.548Z,15129.329,RX,bus,-1,00119B4B,1,5,01 00 00 4B 9B,OK
2026-09-29T10:24:10.552Z,15134.081,RX,bus,-1,0001C455,1,7,01 00 00 0F 03 55 C4,OK
2026-09-29T10:24:10.552Z,15134.259,RX,bus,-1,0011C455,1,5,01 00 00 55 C4,OK
2026-09-29T10:24:10.558Z,15139.074,RX,bus,-1,0001DE9D,1,7,01 00 00 0F 03 9D DE,OK
2026-09-29T10:24:10.558Z,15139.313,RX,bus,-1,0011DE9D,1,5,01 00 00 9D DE,OK
2026-09-29T10:24:10.563Z,15144.111,RX,bus,-1,000175D9,1,7,01 00 00 0F 03 D9 75,OK
2026-09-29T10:24:10.563Z,15144.310,RX,bus,-1,001175D9,1,5,01 00 00 D9 75,OK
2026-09-29T10:24:10.568Z,15149.138,RX,bus,-1,000149E2,1,7,01 00 00 0F 03 E2 49,OK
2026-09-29T10:24:10.568Z,15149.356,RX,bus,-1,001149E2,1,5,01 00 00 E2 49,OK
2026-09-29T10:24:10.573Z,15154.075,RX,bus,-1,0001555C,1,7,01 00 00 0F 03 5C 55,OK
2026-09-29T10:24:10.573Z,15154.373,RX,bus,-1,0011555C,1,5,01 00 00 5C 55,OK
2026-09-29T10:24:10.578Z,15159.121,RX,bus,-1,00012FF0,1,7,01 00 00 0F 03 F0 2F,OK
2026-09-29T10:24:10.578Z,15159.363,RX,bus,-1,00112FF0,1,5,01 00 00 F0 2F,OK
2026-09-29T10:24:10.583Z,15164.127,RX,bus,-1,00017272,1,7,01 00 00 0F 03 72 72,OK
2026-09-29T10:24:10.583Z,15164.366,RX,bus,-1,00117272,1,5,01 00 00 72 72,OK
2026-09-29T10:24:10.588Z,15169.084,RX,bus,-1,0001FD6E,1,7,01 00 00 0F 03 6E FD,OK
2026-09-29T10:24:10.588Z,15169.307,RX,bus,-1,0011FD6E,1,5,01 00 00 6E FD,OK
2026-09-29T10:24:10.593Z,15174.091,RX,bus,-1,0001F3B7,1,7,01 00 00 0F 03 B7 F3,OK
2026-09-29T10:24:10.593Z,15174.322,RX,bus,-1,0011F3B7,1,5,01 00 00 B7 F3,OK
2026-09-29T10:24:10.598Z,15179.070,RX,bus,-1,0001CE60,1,7,01 00 00 0F 03 60 CE,OK
2026-09-29T10:24:10.598Z,15179.257,RX,bus,-1,0011CE60,1,5,01 00 00 60 CE,OK
2026-09-29T10:24:10.603Z,15184.094,RX,bus,-1,0001A134,1,7,01 00 00 0F 03 34 A1,OK
2026-09-29T10:24:10.603Z,15184.322,RX,bus,-1,0011A134,1,5,01 00 00 34 A1,OK
2026-09-29T10:24:10.608Z,15189.155,RX,bus,-1,0001AA6E,1,7,01 00 00 0F 03 6E AA,OK
2026-09-29T10:24:10.608Z,15189.328,RX,bus,-1,0011AA6E,1,5,01 00 00 6E AA,OK
2026-09-29T10:24:10.612Z,15194.073,RX,bus,-1,0001629D,1,7,01 00 00 0F 03 9D 62,OK
2026-09-29T10:24:10.612Z,15194.302,RX,bus,-1,0011629D,1,5,01 00 00 9D 62,OK
2026-09-29T10:24:10.617Z,15199.067,RX,bus,-1,000199DA,1,7,01 00 00 0F 03 DA 99,OK
2026-09-29T10:24:10.617Z,15199.309,RX,bus,-1,001199DA,1,5,01 00 00 DA 99,OK
2026-09-29T10:24:10.623Z,15204.098,RX,bus,-1,00011684,1,7,01 00 00 0F 03 84 16,OK
2026-09-29T10:24:10.623Z,15204.302,RX,bus,-1,00111684,1,5,01 00 00 84 16,OK
2026-09-29T10:24:10.628Z,15209.046,RX,bus,-1,0001DDCC,1,7,01 00 00 0F 03 CC DD,OK
2026-09-29T10:24:10.628Z,15209.312,RX,bus,-1,0011DDCC,1,5,01 00 00 CC DD,OK
2026-09-29T10:24:10.633Z,15214.106,RX,bus,-1,0001D728,1,7,01 00 00 0F 03 28 D7,OK
2026-09-29T10:24:10.633Z,15214.322,RX,bus,-1,0011D728,1,5,01 00 00 28 D7,OK
2026-09-29T10:24:10.638Z,15219.081,RX,bus,-1,00010D51,1,7,01 00 00 0F 03 51 0D,OK
2026-09-29T10:24:10.638Z,15219.310,RX,bus,-1,00110D51,1,5,01 00 00 51 0D,OK
2026-09-29T10:24:10.643Z,15224.132,RX,bus,-1,0001E78E,1,7,01 00 00 0F 03 8E E7,OK
2026-09-29T10:24:10.643Z,15224.303,RX,bus,-1,0011E78E,1,5,01 00 00 8E E7,OK
2026-09-29T10:24:10.648Z,15229.057,RX,bus,-1,00019945,1,7,01 00 00 0F 03 45 99,OK
2026-09-29T10:24:10.648Z,15229.280,RX,bus,-1,00119945,1,5,01 00 00 45 99,OK
2026-09-29T10:24:10.653Z,15234.117,RX,bus,-1,0001FF09,1,7,01 00 00 0F 03 09 FF,OK
2026-09-29T10:24:10.653Z,15234.326,RX,bus,-1,0011FF09,1,5,01 00 00 09 FF,OK
2026-09-29T10:24:10.657Z,15239.113,RX,bus,-1,00019C02,1,7,01 00 00 0F 03 02 9C,OK
2026-09-29T10:24:10.657Z,15239.352,RX,bus,-1,00119C02,1,5,01 00 00 02 9C,OK
2026-09-29T10:24:10.662Z,15244.112,RX,bus,-1,0001D356,1,7,01 00 00 0F 03 56 D3,OK
2026-09-29T10:24:10.662Z,15244.341,RX,bus,-1,0011D356,1,5,01 00 00 56 D3,OK
2026-09-29T10:24:10.667Z,15249.086,RX,bus,-1,00012688,1,7,01 00 00 0F 03 88 26,OK
2026-09-29T10:24:10.667Z,15249.327,RX,bus,-1,00112688,1,5,01 00 00 88 26,OK
2026-09-29T10:24:10.672Z,15254.058,RX,bus,-1,000114FE,1,7,01 00 00 0F 03 FE 14,OK
2026-09-29T10:24:10.672Z,15254.297,RX,bus,-1,001114FE,1,5,01 00 00 FE 14,OK
2026-09-29T10:24:10.677Z,15259.077,RX,bus,-1,00010F79,1,7,01 00 00 0F 03 79 0F,OK
2026-09-29T10:24:10.677Z,15259.315,RX,bus,-1,00110F79,1,5,01 00 00 79 0F,OK
2026-09-29T10:24:10.682Z,15264.079,RX,bus,-1,0001D790,1,7,01 00 00 0F 03 90 D7,OK
2026-09-29T10:24:10.682Z,15264.322,RX,bus,-1,0011D790,1,5,01 00 00 90 D7,OK
2026-09-29T10:24:10.687Z,15269.088,RX,bus,-1,0001C51F,1,7,01 00 00 0F 03 1F C5,OK
2026-09-29T10:24:10.687Z,15269.333,RX,bus,-1,0011C51F,1,5,01 00 00 1F C5,OK
2026-09-29T10:24:10.692Z,15274.084,RX,bus,-1,0001EB03,1,7,01 00 00 0F 03 03 EB,OK
2026-09-29T10:24:10.692Z,15274.327,RX,bus,-1,0011EB03,1,5,01 00 00 03 EB,OK
2026-09-29T10:24:10.697Z,15279.090,RX,bus,-1,0001B256,1,7,01 00 00 0F 03 56 B2,OK
2026-09-29T10:24:10.697Z,15279.335,RX,bus,-1,0011B256,1,5,01 00 00 56 B2,OK
2026-09-29T10:24:10.702Z,15284.089,RX,bus,-1,0001A530,1,7,01 00 00 0F 03 30 A5,OK
2026-09-29T10:24:10.702Z,15284.338,RX,bus,-1,0011A530,1,5,01 00 00 30 A5,OK
2026-09-29T10:24:10.708Z,15289.090,RX,bus,-1,0001B311,1,7,01 00 00 0F 03 11 B3,OK
2026-09-29T10:24:10.708Z,15289.296,RX,bus,-1,0011B311,1,5,01 00 00 11 B3,OK
2026-09-29T10:24:10.712Z,15294.104,RX,bus,-1,0001FA4A,1,7,01 00 00 0F 03 4A FA,OK
2026-09-29T10:24:10.712Z,15294.292,RX,bus,-1,0011FA4A,1,5,01 00 00 4A FA,OK
2026-09-29T10:24:10.717Z,15299.089,RX,bus,-1,0001C3CF,1,7,01 00 00 0F 03 CF C3,OK
2026-09-29T10:24:10.717Z,15299.289,RX,bus,-1,0011C3CF,1,5,01 00 00 CF C3,OK
2026-09-29T10:24:10.723Z,15304.104,RX,bus,-1,000144C0,1,7,01 00 00 0F 03 C0 44,OK
2026-09-29T10:24:10.723Z,15304.362,RX,bus,-1,001144C0,1,5,01 00 00 C0 44,OK
2026-09-29T10:24:10.728Z,15309.107,RX,bus,-1,0001C043,1,7,01 00 00 0F 03 43 C0,OK
2026-09-29T10:24:10.728Z,15309.334,RX,bus,-1,0011C043,1,5,01 00 00 43 C0,OK
2026-09-29T10:24:10.733Z,15314.059,RX,bus,-1,000184EA,1,7,01 00 00 0F 03 EA 84,OK
2026-09-29T10:24:10.733Z,15314.465,RX,bus,-1,001184EA,1,5,01 00 00 EA 84,OK
2026-09-29T10:24:10.738Z,15319.131,RX,bus,-1,0001B3F4,1,7,01 00 00 0F 03 F4 B3,OK
2026-09-29T10:24:10.738Z,15319.371,RX,bus,-1,0011B3F4,1,5,01 00 00 F4 B3,OK
2026-09-29T10:24:10.743Z,15324.149,RX,bus,-1,0001AA74,1,7,01 00 00 0F 03 74 AA,OK
2026-09-29T10:24:10.743Z,15324.285,RX,bus,-1,0011AA74,1,5,01 00 00 74 AA,OK
2026-09-29T10:24:10.748Z,15329.022,RX,bus,-1,000154A1,1,7,01 00 00 0F 03 A1 54,OK
2026-09-29T10:24:10.748Z,15329.291,RX,bus,-1,001154A1,1,5,01 00 00 A1 54,OK
2026-09-29T10:24:10.753Z,15334.202,RX,bus,-1,00018D59,1,7,01 00 00 0F 03 59 8D,OK
2026-09-29T10:24:10.753Z,15334.300,RX,bus,-1,00118D59,1,5,01 00 00 59 8D,OK
2026-09-29T10:24:10.758Z,15339.105,RX,bus,-1,00017CB5,1,7,01 00 00 0F 03 B5 7C,OK
2026-09-29T10:24:10.758Z,15339.314,RX,bus,-1,00117CB5,1,5,01 00 00 B5 7C,OK
2026-09-29T10:24:10.762Z,15344.242,RX,bus,-1,00012DFD,1,7,01 00 00 0F 03 FD 2D,OK
2026-09-29T10:24:10.762Z,15344.341,RX,bus,-1,00112DFD,1,5,01 00 00 FD 2D,OK
2026-09-29T10:24:10.767Z,15349.067,RX,bus,-1,00011500,1,7,01 00 00 0F 03 00 15,OK
2026-09-29T10:24:10.767Z,15349.299,RX,bus,-1,00111500,1,5,01 00 00 00 15,OK
2026-09-29T10:24:10.772Z,15354.069,RX,bus,-1,0001EF9A,1,7,01 00 00 0F 03 9A EF,OK
2026-09-29T10:24:10.772Z,15354.292,RX,bus,-1,0011EF9A,1,5,01 00 00 9A EF,OK
2026-09-29T10:24:10.777Z,15359.201,RX,bus,-1,0001F7A3,1,7,01 00 00 0F 03 A3 F7,OK
2026-09-29T10:24:10.777Z,15359.290,RX,bus,-1,0011F7A3,1,5,01 00 00 A3 F7,OK
2026-09-29T10:24:10.782Z,15364.089,RX,bus,-1,00013A1F,1,7,01 00 00 0F 03 1F 3A,OK
2026-09-29T10:24:10.782Z,15364.292,RX,bus,-1,00113A1F,1,5,01 00 00 1F 3A,OK
2026-09-29T10:24:10.787Z,15369.116,RX,bus,-1,0001CEC1,1,7,01 00 00 0F 03 C1 CE,OK
2026-09-29T10:24:10.787Z,15369.286,RX,bus,-1,0011CEC1,1,5,01 00 00 C1 CE,OK
2026-09-29T10:24:10.792Z,15374.149,RX,bus,-1,00017836,1,7,01 00 00 0F 03 36 78,OK
2026-09-29T10:24:10.792Z,15374.266,RX,bus,-1,00117836,1,5,01 00 00 36 78,OK
2026-09-29T10:24:10.797Z,15379.085,RX,bus,-1,00011078,1,7,01 00 00 0F 03 78 10,OK
2026-09-29T10:24:10.797Z,15379.290,RX,bus,-1,00111078,1,5,01 00 00 78 10,OK
2026-09-29T10:24:10.802Z,15384.117,RX,bus,-1,0001BC04,1,7,01 00 00 0F 03 04 BC,OK
2026-09-29T10:24:10.802Z,15384.283,RX,bus,-1,0011BC04,1,5,01 00 00 04 BC,OK
2026-09-29T10:24:10.807Z,15389.057,RX,bus,-1,00013635,1,7,01 00 00 0F 03 35 36,OK
2026-09-29T10:24:10.807Z,15389.299,RX,bus,-1,00113635,1,5,01 00 00 35 36,OK
2026-09-29T10:24:10.813Z,15394.203,RX,bus,-1,0001ECEB,1,7,01 00 00 0F 03 EB EC,OK
2026-09-29T10:24:10.813Z,15394.245,RX,bus,-1,0011ECEB,1,5,01 00 00 EB EC,OK
2026-09-29T10:24:10.818Z,15399.292,RX,bus,-1,00013C57,1,7,01 00 00 0F 03 57 3C,OK
2026-09-29T10:24:10.818Z,15399.372,RX,bus,-1,00113C57,1,5,01 00 00 57 3C,OK
2026-09-29T10:24:10.822Z,15404.047,RX,bus,-1,0001DA4E,1,7,01 00 00 0F 03 4E DA,OK
2026-09-29T10:24:10.822Z,15404.286,RX,bus,-1,0011DA4E,1,5,01 00 00 4E DA,OK
2026-09-29T10:24:10.827Z,15409.053,RX,bus,-1,0001C7C3,1,7,01 00 00 0F 03 C3 C7,OK
2026-09-29T10:24:10.827Z,15409.287,RX,bus,-1,0011C7C3,1,5,01 00 00 C3 C7,OK
2026-09-29T10:24:10.832Z,15414.054,RX,bus,-1,00011F26,1,7,01 00 00 0F 03 26 1F,OK
2026-09-29T10:24:10.832Z,15414.281,RX,bus,-1,00111F26,1,5,01 00 00 26 1F,OK
2026-09-29T10:24:10.837Z,15419.057,RX,bus,-1,0001B1D3,1,7,01 00 00 0F 03 D3 B1,OK
2026-09-29T10:24:10.837Z,15419.266,RX,bus,-1,0011B1D3,1,5,01 00 00 D3 B1,OK
2026-09-29T10:24:10.842Z,15424.052,RX,bus,-1,000153EE,1,7,01 00 00 0F 03 EE 53,OK
2026-09-29T10:24:10.842Z,15424.284,RX,bus,-1,001153EE,1,5,01 00 00 EE 53,OK
2026-09-29T10:24:10.847Z,15429.129,RX,bus,-1,00018BCB,1,7,01 00 00 0F 03 CB 8B,OK
2026-09-29T10:24:10.847Z,15429.288,RX,bus,-1,00118BCB,1,5,01 00 00 CB 8B,OK
2026-09-29T10:24:10.852Z,15434.077,RX,bus,-1,0001F831,1,7,01 00 00 0F 03 31 F8,OK
2026-09-29T10:24:10.852Z,15434.275,RX,bus,-1,0011F831,1,5,01 00 00 31 F8,OK
2026-09-29T10:24:10.857Z,15439.054,RX,bus,-1,0001BDB1,1,7,01 00 00 0F 03 B1 BD,OK
2026-09-29T10:24:10.858Z,15439.298,RX,bus,-1,0011BDB1,1,5,01 00 00 B1 BD,OK
2026-09-29T10:24:10.862Z,15444.050,RX,bus,-1,00013AB7,1,7,01 00 00 0F 03 B7 3A,OK
2026-09-29T10:24:10.863Z,15444.352,RX,bus,-1,00113AB7,1,5,01 00 00 B7 3A,OK
2026-09-29T10:24:10.868Z,15449.228,RX,bus,-1,0001E147,1,7,01 00 00 0F 03 47 E1,OK
2026-09-29T10:24:10.868Z,15449.277,RX,bus,-1,0011E147,1,5,01 00 00 47 E1,OK
2026-09-29T10:24:10.873Z,15454.220,RX,bus,-1,0001932B,1,7,01 00 00 0F 03 2B 93,OK
2026-09-29T10:24:10.873Z,15454.272,RX,bus,-1,0011932B,1,5,01 00 00 2B 93,OK
2026-09-29T10:24:10.878Z,15459.214,RX,bus,-1,00010C6D,1,7,01 00 00 0F 03 6D 0C,OK
2026-09-29T10:24:10.878Z,15459.307,RX,bus,-1,00110C6D,1,5,01 00 00 6D 0C,OK
2026-09-29T10:24:10.882Z,15464.177,RX,bus,-1,000171B0,1,7,01 00 00 0F 03 B0 71,OK
2026-09-29T10:24:10.883Z,15464.328,RX,bus,-1,001171B0,1,5,01 00 00 B0 71,OK
2026-09-29T10:24:10.887Z,15469.056,RX,bus,-1,00016735,1,7,01 00 00 0F 03 35 67,OK
2026-09-29T10:24:10.888Z,15469.307,RX,bus,-1,00116735,1,5,01 00 00 35 67,OK
2026-09-29T10:24:10.893Z,15474.220,RX,bus,-1,000138BA,1,7,01 00 00 0F 03 BA 38,OK
2026-09-29T10:24:10.893Z,15474.299,RX,bus,-1,001138BA,1,5,01 00 00 BA 38,OK
2026-09-29T10:24:10.897Z,15479.138,RX,bus,-1,0001147D,1,7,01 00 00 0F 03 7D 14,OK
2026-09-29T10:24:10.898Z,15479.253,RX,bus,-1,0011147D,1,5,01 00 00 7D 14,OK
2026-09-29T10:24:10.902Z,15484.062,RX,bus,-1,0001432B,1,7,01 00 00 0F 03 2B 43,OK
2026-09-29T10:24:10.903Z,15484.289,RX,bus,-1,0011432B,1,5,01 00 00 2B 43,OK
2026-09-29T10:24:10.907Z,15489.072,RX,bus,-1,0001ACB7,1,7,01 00 00 0F 03 B7 AC,OK
2026-09-29T10:24:10.908Z,15489.330,RX,bus,-1,0011ACB7,1,5,01 00 00 B7 AC,OK
2026-09-29T10:24:10.913Z,15494.050,RX,bus,-1,00019082,1,7,01 00 00 0F 03 82 90,OK
2026-09-29T10:24:10.913Z,15494.301,RX,bus,-1,00119082,1,5,01 00 00 82 90,OK
2026-09-29T10:24:10.918Z,15499.333,RX,bus,-1,00013D57,1,7,01 00 00 0F 03 57 3D,OK
2026-09-29T10:24:10.918Z,15499.425,RX,bus,-1,00113D57,1,5,01 00 00 57 3D,OK
2026-09-29T10:24:10.922Z,15504.113,RX,bus,-1,0001E299,1,7,01 00 00 0F 03 99 E2,OK
2026-09-29T10:24:10.922Z,15504.305,RX,bus,-1,0011E299,1,5,01 00 00 99 E2,OK
2026-09-29T10:24:10.928Z,15509.118,RX,bus,-1,000117F7,1,7,01 00 00 0F 03 F7 17,OK
2026-09-29T10:24:10.928Z,15509.282,RX,bus,-1,001117F7,1,5,01 00 00 F7 17,OK
2026-09-29T10:24:10.932Z,15514.062,RX,bus,-1,00018853,1,7,01 00 00 0F 03 53 88,OK
2026-09-29T10:24:10.932Z,15514.266,RX,bus,-1,00118853,1,5,01 00 00 53 88,OK
2026-09-29T10:24:10.937Z,15519.045,RX,bus,-1,00015732,1,7,01 00 00 0F 03 32 57,OK
2026-09-29T10:24:10.937Z,15519.284,RX,bus,-1,00115732,1,5,01 00 00 32 57,OK
2026-09-29T10:24:10.942Z,15524.081,RX,bus,-1,0001061B,1,7,01 00 00 0F 03 1B 06,OK
2026-09-29T10:24:10.942Z,15524.288,RX,bus,-1,0011061B,1,5,01 00 00 1B 06,OK
2026-09-29T10:24:10.947Z,15529.080,RX,bus,-1,0001A7CB,1,7,01 00 00 0F 03 CB A7,OK
2026-09-29T10:24:10.947Z,15529.270,RX,bus,-1,0011A7CB,1,5,01 00 00 CB A7,OK
2026-09-29T10:24:10.952Z,15534.121,RX,bus,-1,00018924,1,7,01 00 00 0F 03 24 89,OK
2026-09-29T10:24:10.952Z,15534.269,RX,bus,-1,00118924,1,5,01 00 00 24 89,OK
2026-09-29T10:24:10.957Z,15539.088,RX,bus,-1,0001CF8E,1,7,01 00 00 0F 03 8E CF,OK
2026-09-29T10:24:10.958Z,15539.329,RX,bus,-1,0011CF8E,1,5,01 00 00 8E CF,OK
2026-09-29T10:24:10.962Z,15544.224,RX,bus,-1,000187D8,1,7,01 00 00 0F 03 D8 87,OK
2026-09-29T10:24:10.962Z,15544.311,RX,bus,-1,001187D8,1,5,01 00 00 D8 87,OK
2026-09-29T10:24:10.968Z,15549.089,RX,bus,-1,0001C81C,1,7,01 00 00 0F 03 1C C8,OK
2026-09-29T10:24:10.968Z,15549.275,RX,bus,-1,0011C81C,1,5,01 00 00 1C C8,OK
2026-09-29T10:24:10.972Z,15554.080,RX,bus,-1,000171C3,1,7,01 00 00 0F 03 C3 71,OK
2026-09-29T10:24:10.972Z,15554.265,RX,bus,-1,001171C3,1,5,01 00 00 C3 71,OK
2026-09-29T10:24:10.978Z,15559.196,RX,bus,-1,00010A75,1,7,01 00 00 0F 03 75 0A,OK
2026-09-29T10:24:10.978Z,15559.283,RX,bus,-1,00110A75,1,5,01 00 00 75 0A,OK
2026-09-29T10:24:10.982Z,15564.027,RX,bus,-1,0001CB10,1,7,01 00 00 0F 03 10 CB,OK
2026-09-29T10:24:10.982Z,15564.304,RX,bus,-1,0011CB10,1,5,01 00 00 10 CB,OK
2026-09-29T10:24:10.987Z,15569.026,RX,bus,-1,00013906,1,7,01 00 00 0F 03 06 39,OK
2026-09-29T10:24:10.987Z,15569.257,RX,bus,-1,00113906,1,5,01 00 00 06 39,OK
2026-09-29T10:24:10.993Z,15574.060,RX,bus,-1,0001A749,1,7,01 00 00 0F 03 49 A7,OK
2026-09-29T10:24:10.993Z,15574.301,RX,bus,-1,0011A749,1,5,01 00 00 49 A7,OK
2026-09-29T10:24:10.997Z,15578.995,RX,bus,-1,0001B47F,1,7,01 00 00 0F 03 7F B4,OK
2026-09-29T10:24:10.998Z,15579.279,RX,bus,-1,0011B47F,1,5,01 00 00 7F B4,OK
2026-09-29T10:24:11.002Z,15584.029,RX,bus,-1,00017CF3,1,7,01 00 00 0F 03 F3 7C,OK
2026-09-29T10:24:11.003Z,15584.258,RX,bus,-1,00117CF3,1,5,01 00 00 F3 7C,OK
2026-09-29T10:24:11.008Z,15589.240,RX,bus,-1,0001ACBE,1,7,01 00 00 0F 03 BE AC,OK
2026-09-29T10:24:11.008Z,15589.328,RX,bus,-1,0011ACBE,1,5,01 00 00 BE AC,OK
2026-09-29T10:24:11.012Z,15594.210,RX,bus,-1,0001274E,1,7,01 00 00 0F 03 4E 27,OK
2026-09-29T10:24:11.012Z,15594.262,RX,bus,-1,0011274E,1,5,01 00 00 4E 27,OK
2026-09-29T10:24:11.017Z,15599.034,RX,bus,-1,00011996,1,7,01 00 00 0F 03 96 19,OK
2026-09-29T10:24:11.018Z,15599.296,RX,bus,-1,00111996,1,5,01 00 00 96 19,OK
2026-09-29T10:24:11.023Z,15604.202,RX,bus,-1,00010531,1,7,01 00 00 0F 03 31 05,OK
2026-09-29T10:24:11.023Z,15604.258,RX,bus,-1,00110531,1,5,01 00 00 31 05,OK
2026-09-29T10:24:11.027Z,15609.038,RX,bus,-1,0001C436,1,7,01 00 00 0F 03 36 C4,OK
2026-09-29T10:24:11.027Z,15609.297,RX,bus,-1,0011C436,1,5,01 00 00 36 C4,OK
2026-09-29T10:24:11.033Z,15614.158,RX,bus,-1,0001ABE0,1,7,01 00 00 0F 03 E0 AB,OK
2026-09-29T10:24:11.033Z,15614.264,RX,bus,-1,0011ABE0,1,5,01 00 00 E0 AB,OK
2026-09-29T10:24:11.038Z,15619.203,RX,bus,-1,0001607E,1,7,01 00 00 0F 03 7E 60,OK
2026-09-29T10:24:11.038Z,15619.252,RX,bus,-1,0011607E,1,5,01 00 00 7E 60,OK
2026-09-29T10:24:11.043Z,15624.025,RX,bus,-1,00011A51,1,7,01 00 00 0F 03 51 1A,OK
2026-09-29T10:24:11.043Z,15624.264,RX,bus,-1,00111A51,1,5,01 00 00 51 1A,OK
2026-09-29T10:24:11.047Z,15629.081,RX,bus,-1,0001D682,1,7,01 00 00 0F 03 82 D6,OK
2026-09-29T10:24:11.047Z,15629.241,RX,bus,-1,0011D682,1,5,01 00 00 82 D6,OK
2026-09-29T10:24:11.052Z,15634.202,RX,bus,-1,00019533,1,7,01 00 00 0F 03 33 95,OK
2026-09-29T10:24:11.052Z,15634.252,RX,bus,-1,00119533,1,5,01 00 00 33 95,OK
2026-09-29T10:24:11.058Z,15639.278,RX,bus,-1,0001F312,1,7,01 00 00 0F 03 12 F3,OK
2026-09-29T10:24:11.058Z,15639.365,RX,bus,-1,0011F312,1,5,01 00 00 12 F3,OK
2026-09-29T10:24:11.062Z,15644.039,RX,bus,-1,000159C1,1,7,01 00 00 0F 03 C1 59,OK
2026-09-29T10:24:11.062Z,15644.269,RX,bus,-1,001159C1,1,5,01 00 00 C1 59,OK
2026-09-29T10:24:11.068Z,15649.246,RX,bus,-1,0001A2F8,1,7,01 00 00 0F 03 F8 A2,OK
2026-09-29T10:24:11.068Z,15649.294,RX,bus,-1,0011A2F8,1,5,01 00 00 F8 A2,OK
2026-09-29T10:24:11.073Z,15654.044,RX,bus,-1,00011D18,1,7,01 00 00 0F 03 18 1D,OK
2026-09-29T10:24:11.073Z,15654.279,RX,bus,-1,00111D18,1,5,01 00 00 18 1D,OK
2026-09-29T10:24:11.078Z,15659.440,RX,bus,-1,0001AF4E,1,7,01 00 00 0F 03 4E AF,OK
2026-09-29T10:24:11.078Z,15659.537,RX,bus,-1,0011AF4E,1,5,01 00 00 4E AF,OK
2026-09-29T10:24:11.082Z,15664.528,RX,bus,-1,0001D3B1,1,7,01 00 00 0F 03 B1 D3,OK
2026-09-29T10:24:11.082Z,15664.620,RX,bus,-1,0011D3B1,1,5,01 00 00 B1 D3,OK
2026-09-29T10:24:11.088Z,15669.394,RX,bus,-1,00014619,1,7,01 00 00 0F 03 19 46,OK
2026-09-29T10:24:11.088Z,15669.486,RX,bus,-1,00114619,1,5,01 00 00 19 46,OK
2026-09-29T10:24:11.093Z,15674.448,RX,bus,-1,0001502F,1,7,01 00 00 0F 03 2F 50,OK
2026-09-29T10:24:11.093Z,15674.539,RX,bus,-1,0011502F,1,5,01 00 00 2F 50,OK
2026-09-29T10:24:11.098Z,15679.434,RX,bus,-1,0001590F,1,7,01 00 00 0F 03 0F 59,OK
2026-09-29T10:24:11.098Z,15679.525,RX,bus,-1,0011590F,1,5,01 00 00 0F 59,OK
2026-09-29T10:24:11.102Z,15684.560,RX,bus,-1,00019A9F,1,7,01 00 00 0F 03 9F 9A,OK
2026-09-29T10:24:11.103Z,15684.663,RX,bus,-1,00119A9F,1,5,01 00 00 9F 9A,OK
2026-09-29T10:24:11.108Z,15689.120,RX,bus,-1,00010131,1,7,01 00 00 0F 03 31 01,OK
2026-09-29T10:24:11.108Z,15689.331,RX,bus,-1,00110131,1,5,01 00 00 31 01,OK
2026-09-29T10:24:11.113Z,15694.464,RX,bus,-1,00012CDB,1,7,01 00 00 0F 03 DB 2C,OK
2026-09-29T10:24:11.113Z,15694.559,RX,bus,-1,00112CDB,1,5,01 00 00 DB 2C,OK
2026-09-29T10:24:11.118Z,15699.091,RX,bus,-1,0001E09C,1,7,01 00 00 0F 03 9C E0,OK
2026-09-29T10:24:11.118Z,15699.292,RX,bus,-1,0011E09C,1,5,01 00 00 9C E0,OK
2026-09-29T10:24:11.123Z,15704.058,RX,bus,-1,000156B0,1,7,01 00 00 0F 03 B0 56,OK
2026-09-29T10:24:11.123Z,15704.294,RX,bus,-1,001156B0,1,5,01 00 00 B0 56,OK
2026-09-29T10:24:11.128Z,15709.609,RX,bus,-1,0001F8C0,1,7,01 00 00 0F 03 C0 F8,OK
2026-09-29T10:24:11.128Z,15709.701,RX,bus,-1,0011F8C0,1,5,01 00 00 C0 F8,OK
2026-09-29T10:24:11.133Z,15714.635,RX,bus,-1,0001ABF8,1,7,01 00 00 0F 03 F8 AB,OK
2026-09-29T10:24:11.133Z,15714.732,RX,bus,-1,0011ABF8,1,5,01 00 00 F8 AB,OK
2026-09-29T10:24:11.138Z,15719.617,RX,bus,-1,00019DE3,1,7,01 00 00 0F 03 E3 9D,OK
2026-09-29T10:24:11.138Z,15719.709,RX,bus,-1,00119DE3,1,5,01 00 00 E3 9D,OK
2026-09-29T10:24:11.143Z,15724.147,RX,bus,-1,0001CCC4,1,7,01 00 00 0F 03 C4 CC,OK
2026-09-29T10:24:11.143Z,15724.301,RX,bus,-1,0011CCC4,1,5,01 00 00 C4 CC,OK
2026-09-29T10:24:11.148Z,15729.088,RX,bus,-1,00011597,1,7,01 00 00 0F 03 97 15,OK
2026-09-29T10:24:11.148Z,15729.215,RX,bus,-1,00111597,1,5,01 00 00 97 15,OK
2026-09-29T10:24:11.152Z,15734.185,RX,bus,-1,0001C34E,1,7,01 00 00 0F 03 4E C3,OK
2026-09-29T10:24:11.152Z,15734.273,RX,bus,-1,0011C34E,1,5,01 00 00 4E C3,OK
2026-09-29T10:24:11.158Z,15739.087,RX,bus,-1,0001B883,1,7,01 00 00 0F 03 83 B8,OK
2026-09-29T10:24:11.158Z,15739.274,RX,bus,-1,0011B883,1,5,01 00 00 83 B8,OK
2026-09-29T10:24:11.163Z,15744.020,RX,bus,-1,00017D47,1,7,01 00 00 0F 03 47 7D,OK
2026-09-29T10:24:11.163Z,15744.283,RX,bus,-1,00117D47,1,5,01 00 00 47 7D,OK
2026-09-29T10:24:11.168Z,15749.069,RX,bus,-1,0001D0C1,1,7,01 00 00 0F 03 C1 D0,OK
2026-09-29T10:24:11.168Z,15749.277,RX,bus,-1,0011D0C1,1,5,01 00 00 C1 D0,OK
2026-09-29T10:24:11.173Z,15754.155,RX,bus,-1,000191C3,1,7,01 00 00 0F 03 C3 91,OK
2026-09-29T10:24:11.173Z,15754.281,RX,bus,-1,001191C3,1,5,01 00 00 C3 91,OK
2026-09-29T10:24:11.178Z,15759.008,RX,bus,-1,00016C8E,1,7,01 00 00 0F 03 8E 6C,OK
2026-09-29T10:24:11.178Z,15759.221,RX,bus,-1,00116C8E,1,5,01 00 00 8E 6C,OK
2026-09-29T10:24:11.183Z,15764.163,RX,bus,-1,00012AC8,1,7,01 00 00 0F 03 C8 2A,OK
2026-09-29T10:24:11.183Z,15764.231,RX,bus,-1,00112AC8,1,5,01 00 00 C8 2A,OK
2026-09-29T10:24:11.188Z,15769.108,RX,bus,-1,00010226,1,7,01 00 00 0F 03 26 02,OK
2026-09-29T10:24:11.188Z,15769.279,RX,bus,-1,00110226,1,5,01 00 00 26 02,OK
2026-09-29T10:24:11.193Z,15774.029,RX,bus,-1,00016152,1,7,01 00 00 0F 03 52 61,OK
2026-09-29T10:24:11.193Z,15774.290,RX,bus,-1,00116152,1,5,01 00 00 52 61,OK
2026-09-29T10:24:11.198Z,15779.178,RX,bus,-1,00015C0A,1,7,01 00 00 0F 03 0A 5C,OK
2026-09-29T10:24:11.198Z,15779.239,RX,bus,-1,00115C0A,1,5,01 00 00 0A 5C,OK
2026-09-29T10:24:11.203Z,15784.170,RX,bus,-1,00015C4A,1,7,01 00 00 0F 03 4A 5C,OK
2026-09-29T10:24:11.203Z,15784.249,RX,bus,-1,00115C4A,1,5,01 00 00 4A 5C,OK
2026-09-29T10:24:11.208Z,15789.146,RX,bus,-1,0001ADF0,1,7,01 00 00 0F 03 F0 AD,OK
2026-09-29T10:24:11.208Z,15789.274,RX,bus,-1,0011ADF0,1,5,01 00 00 F0 AD,OK
2026-09-29T10:24:11.212Z,15794.047,RX,bus,-1,0001B2BE,1,7,01 00 00 0F 03 BE B2,OK
2026-09-29T10:24:11.212Z,15794.275,RX,bus,-1,0011B2BE,1,5,01 00 00 BE B2,OK
2026-09-29T10:24:11.217Z,15799.018,RX,bus,-1,0001E93B,1,7,01 00 00 0F 03 3B E9,OK
2026-09-29T10:24:11.217Z,15799.281,RX,bus,-1,0011E93B,1,5,01 00 00 3B E9,OK
2026-09-29T10:24:11.223Z,15804.178,RX,bus,-1,00010F5D,1,7,01 00 00 0F 03 5D 0F,OK
2026-09-29T10:24:11.223Z,15804.325,RX,bus,-1,00110F5D,1,5,01 00 00 5D 0F,OK
2026-09-29T10:24:11.228Z,15809.203,RX,bus,-1,0001D0AB,1,7,01 00 00 0F 03 AB D0,OK
2026-09-29T10:24:11.228Z,15809.255,RX,bus,-1,0011D0AB,1,5,01 00 00 AB D0,OK
2026-09-29T10:24:11.233Z,15814.171,RX,bus,-1,00015306,1,7,01 00 00 0F 03 06 53,OK
2026-09-29T10:24:11.233Z,15814.224,RX,bus,-1,00115306,1,5,01 00 00 06 53,OK
2026-09-29T10:24:11.238Z,15819.112,RX,bus,-1,00016DA2,1,7,01 00 00 0F 03 A2 6D,OK
2026-09-29T10:24:11.238Z,15819.270,RX,bus,-1,00116DA2,1,5,01 00 00 A2 6D,OK
2026-09-29T10:24:11.243Z,15824.203,RX,bus,-1,000129EB,1,7,01 00 00 0F 03 EB 29,OK
2026-09-29T10:24:11.243Z,15824.256,RX,bus,-1,001129EB,1,5,01 00 00 EB 29,OK
2026-09-29T10:24:11.248Z,15829.238,RX,bus,-1,00014A2E,1,7,01 00 00 0F 03 2E 4A,OK
2026-09-29T10:24:11.248Z,15829.293,RX,bus,-1,00114A2E,1,5,01 00 00 2E 4A,OK
2026-09-29T10:24:11.253Z,15834.169,RX,bus,-1,00016696,1,7,01 00 00 0F 03 96 66,OK
2026-09-29T10:24:11.253Z,15834.224,RX,bus,-1,00116696,1,5,01 00 00 96 66,OK
2026-09-29T10:24:11.258Z,15839.213,RX,bus,-1,0001A5C3,1,7,01 00 00 0F 03 C3 A5,OK
2026-09-29T10:24:11.258Z,15839.265,RX,bus,-1,0011A5C3,1,5,01 00 00 C3 A5,OK
2026-09-29T10:24:11.263Z,15844.051,RX,bus,-1,000117D2,1,7,01 00 00 0F 03 D2 17,OK
2026-09-29T10:24:11.263Z,15844.281,RX,bus,-1,001117D2,1,5,01 00 00 D2 17,OK
2026-09-29T10:24:11.268Z,15849.024,RX,bus,-1,0001833D,1,7,01 00 00 0F 03 3D 83,OK
2026-09-29T10:24:11.268Z,15849.285,RX,bus,-1,0011833D,1,5,01 00 00 3D 83,OK
2026-09-29T10:24:11.273Z,15853.992,RX,bus,-1,00018642,1,7,01 00 00 0F 03 42 86,OK
2026-09-29T10:24:11.273Z,15854.256,RX,bus,-1,00118642,1,5,01 00 00 42 86,OK
2026-09-29T10:24:11.278Z,15859.052,RX,bus,-1,0001EDA9,1,7,01 00 00 0F 03 A9 ED,OK
2026-09-29T10:24:11.278Z,15859.276,RX,bus,-1,0011EDA9,1,5,01 00 00 A9 ED,OK
2026-09-29T10:24:11.283Z,15864.043,RX,bus,-1,00015035,1,7,01 00 00 0F 03 35 50,OK
2026-09-29T10:24:11.283Z,15864.282,RX,bus,-1,00115035,1,5,01 00 00 35 50,OK
2026-09-29T10:24:11.288Z,15869.038,RX,bus,-1,000161EA,1,7,01 00 00 0F 03 EA 61,OK
2026-09-29T10:24:11.288Z,15869.275,RX,bus,-1,001161EA,1,5,01 00 00 EA 61,OK
2026-09-29T10:24:11.293Z,15873.995,RX,bus,-1,0001B5F3,1,7,01 00 00 0F 03 F3 B5,OK
2026-09-29T10:24:11.293Z,15874.280,RX,bus,-1,0011B5F3,1,5,01 00 00 F3 B5,OK
2026-09-29T10:24:11.298Z,15879.002,RX,bus,-1,0001A22A,1,7,01 00 00 0F 03 2A A2,OK
2026-09-29T10:24:11.298Z,15879.269,RX,bus,-1,0011A22A,1,5,01 00 00 2A A2,OK
2026-09-29T10:24:11.303Z,15884.044,RX,bus,-1,0001FE91,1,7,01 00 00 0F 03 91 FE,OK
2026-09-29T10:24:11.303Z,15884.285,RX,bus,-1,0011FE91,1,5,01 00 00 91 FE,OK
2026-09-29T10:24:11.308Z,15889.040,RX,bus,-1,000104BE,1,7,01 00 00 0F 03 BE 04,OK
2026-09-29T10:24:11.308Z,15889.281,RX,bus,-1,001104BE,1,5,01 00 00 BE 04,OK
2026-09-29T10:24:11.312Z,15894.161,RX,bus,-1,0001951D,1,7,01 00 00 0F 03 1D 95,OK
2026-09-29T10:24:11.312Z,15894.212,RX,bus,-1,0011951D,1,5,01 00 00 1D 95,OK
2026-09-29T10:24:11.317Z,15899.259,RX,bus,-1,00015EE9,1,7,01 00 00 0F 03 E9 5E,OK
2026-09-29T10:24:11.317Z,15899.321,RX,bus,-1,00115EE9,1,5,01 00 00 E9 5E,OK
2026-09-29T10:24:11.323Z,15904.096,RX,bus,-1,00017392,1,7,01 00 00 0F 03 92 73,OK
2026-09-29T10:24:11.323Z,15904.273,RX,bus,-1,00117392,1,5,01 00 00 92 73,OK
2026-09-29T10:24:11.328Z,15909.056,RX,bus,-1,0001989B,1,7,01 00 00 0F 03 9B 98,OK
2026-09-29T10:24:11.328Z,15909.287,RX,bus,-1,0011989B,1,5,01 00 00 9B 98,OK
2026-09-29T10:24:11.333Z,15914.122,RX,bus,-1,000158F7,1,7,01 00 00 0F 03 F7 58,OK
2026-09-29T10:24:11.333Z,15914.173,RX,bus,-1,001158F7,1,5,01 00 00 F7 58,OK
2026-09-29T10:24:11.338Z,15918.981,RX,bus,-1,0001511F,1,7,01 00 00 0F 03 1F 51,OK
2026-09-29T10:24:11.338Z,15919.218,RX,bus,-1,0011511F,1,5,01 00 00 1F 51,OK
2026-09-29T10:24:11.343Z,15924.197,RX,bus,-1,0001C1A2,1,7,01 00 00 0F 03 A2 C1,OK
2026-09-29T10:24:11.343Z,15924.250,RX,bus,-1,0011C1A2,1,5,01 00 00 A2 C1,OK
2026-09-29T10:24:11.348Z,15929.162,RX,bus,-1,0001355E,1,7,01 00 00 0F 03 5E 35,OK
2026-09-29T10:24:11.348Z,15929.246,RX,bus,-1,0011355E,1,5,01 00 00 5E 35,OK
2026-09-29T10:24:11.353Z,15934.122,RX,bus,-1,0001D868,1,7,01 00 00 0F 03 68 D8,OK
2026-09-29T10:24:11.353Z,15934.261,RX,bus,-1,0011D868,1,5,01 00 00 68 D8,OK
2026-09-29T10:24:11.358Z,15939.153,RX,bus,-1,0001A319,1,7,01 00 00 0F 03 19 A3,OK
2026-09-29T10:24:11.358Z,15939.265,RX,bus,-1,0011A319,1,5,01 00 00 19 A3,OK
2026-09-29T10:24:11.363Z,15943.999,RX,bus,-1,00015945,1,7,01 00 00 0F 03 45 59,OK
2026-09-29T10:24:11.363Z,15944.267,RX,bus,-1,00115945,1,5,01 00 00 45 59,OK
2026-09-29T10:24:11.367Z,15948.958,RX,bus,-1,00018D47,1,7,01 00 00 0F 03 47 8D,OK
2026-09-29T10:24:11.367Z,15949.265,RX,bus,-1,00118D47,1,5,01 00 00 47 8D,OK
2026-09-29T10:24:11.372Z,15953.998,RX,bus,-1,0001B5C2,1,7,01 00 00 0F 03 C2 B5,OK
2026-09-29T10:24:11.372Z,15954.265,RX,bus,-1,0011B5C2,1,5,01 00 00 C2 B5,OK
2026-09-29T10:24:11.377Z,15958.990,RX,bus,-1,00019C80,1,7,01 00 00 0F 03 80 9C,OK
2026-09-29T10:24:11.377Z,15959.270,RX,bus,-1,00119C80,1,5,01 00 00 80 9C,OK
2026-09-29T10:24:11.382Z,15964.009,RX,bus,-1,00018126,1,7,01 00 00 0F 03 26 81,OK
2026-09-29T10:24:11.382Z,15964.252,RX,bus,-1,00118126,1,5,01 00 00 26 81,OK
2026-09-29T10:24:11.388Z,15969.013,RX,bus,-1,0001E319,1,7,01 00 00 0F 03 19 E3,OK
2026-09-29T10:24:11.388Z,15969.258,RX,bus,-1,0011E319,1,5,01 00 00 19 E3,OK
2026-09-29T10:24:11.393Z,15974.021,RX,bus,-1,00015231,1,7,01 00 00 0F 03 31 52,OK
2026-09-29T10:24:11.393Z,15974.256,RX,bus,-1,00115231,1,5,01 00 00 31 52,OK
2026-09-29T10:24:11.397Z,15979.016,RX,bus,-1,00011B5B,1,7,01 00 00 0F 03 5B 1B,OK
2026-09-29T10:24:11.397Z,15979.265,RX,bus,-1,00111B5B,1,5,01 00 00 5B 1B,OK
2026-09-29T10:24:11.403Z,15984.041,RX,bus,-1,000101F0,1,7,01 00 00 0F 03 F0 01,OK
2026-09-29T10:24:11.403Z,15984.261,RX,bus,-1,001101F0,1,5,01 00 00 F0 01,OK
2026-09-29T10:24:11.408Z,15989.015,RX,bus,-1,0001BF00,1,7,01 00 00 0F 03 00 BF,OK
2026-09-29T10:24:11.408Z,15989.280,RX,bus,-1,0011BF00,1,5,01 00 00 00 BF,OK
2026-09-29T10:24:11.412Z,15994.094,RX,bus,-1,0001EAF1,1,7,01 00 00 0F 03 F1 EA,OK
2026-09-29T10:24:11.412Z,15994.256,RX,bus,-1,0011EAF1,1,5,01 00 00 F1 EA,OK
2026-09-29T10:24:11.417Z,15999.173,RX,bus,-1,0001D1D4,1,7,01 00 00 0F 03 D4 D1,OK
2026-09-29T10:24:11.417Z,15999.224,RX,bus,-1,0011D1D4,1,5,01 00 00 D4 D1,OK
2026-09-29T10:24:11.422Z,16003.941,RX,bus,-1,000195DD,1,7,01 00 00 0F 03 DD 95,OK
2026-09-29T10:24:11.422Z,16004.194,RX,bus,-1,001195DD,1,5,01 00 00 DD 95,OK
2026-09-29T10:24:11.427Z,16008.986,RX,bus,-1,0001CA35,1,7,01 00 00 0F 03 35 CA,OK
2026-09-29T10:24:11.427Z,16009.258,RX,bus,-1,0011CA35,1,5,01 00 00 35 CA,OK
2026-09-29T10:24:11.432Z,16014.011,RX,bus,-1,0001A842,1,7,01 00 00 0F 03 42 A8,OK
2026-09-29T10:24:11.432Z,16014.261,RX,bus,-1,0011A842,1,5,01 00 00 42 A8,OK
2026-09-29T10:24:11.437Z,16018.972,RX,bus,-1,000190BD,1,7,01 00 00 0F 03 BD 90,OK
2026-09-29T10:24:11.437Z,16019.251,RX,bus,-1,001190BD,1,5,01 00 00 BD 90,OK
2026-09-29T10:24:11.442Z,16024.020,RX,bus,-1,0001940F,1,7,01 00 00 0F 03 0F 94,OK
2026-09-29T10:24:11.442Z,16024.267,RX,bus,-1,0011940F,1,5,01 00 00 0F 94,OK
2026-09-29T10:24:11.447Z,16029.089,RX,bus,-1,0001A161,1,7,01 00 00 0F 03 61 A1,OK
2026-09-29T10:24:11.447Z,16029.257,RX,bus,-1,0011A161,1,5,01 00 00 61 A1,OK
2026-09-29T10:24:11.452Z,16034.020,RX,bus,-1,0001BA1B,1,7,01 00 00 0F 03 1B BA,OK
2026-09-29T10:24:11.452Z,16034.239,RX,bus,-1,0011BA1B,1,5,01 00 00 1B BA,OK
2026-09-29T10:24:11.457Z,16039.038,RX,bus,-1,0001AED0,1,7,01 00 00 0F 03 D0 AE,OK
2026-09-29T10:24:11.457Z,16039.271,RX,bus,-1,0011AED0,1,5,01 00 00 D0 AE,OK
2026-09-29T10:24:11.462Z,16044.170,RX,bus,-1,00017FA1,1,7,01 00 00 0F 03 A1 7F,OK
2026-09-29T10:24:11.462Z,16044.222,RX,bus,-1,00117FA1,1,5,01 00 00 A1 7F,OK
2026-09-29T10:24:11.467Z,16049.008,RX,bus,-1,00019DC4,1,7,01 00 00 0F 03 C4 9D,OK
2026-09-29T10:24:11.468Z,16049.246,RX,bus,-1,00119DC4,1,5,01 00 00 C4 9D,OK
2026-09-29T10:24:11.472Z,16054.017,RX,bus,-1,0001469F,1,7,01 00 00 0F 03 9F 46,OK
2026-09-29T10:24:11.473Z,16054.259,RX,bus,-1,0011469F,1,5,01 00 00 9F 46,OK
2026-09-29T10:24:11.477Z,16059.159,RX,bus,-1,00013CB8,1,7,01 00 00 0F 03 B8 3C,OK
2026-09-29T10:24:11.477Z,16059.211,RX,bus,-1,00113CB8,1,5,01 00 00 B8 3C,OK
2026-09-29T10:24:11.482Z,16063.972,RX,bus,-1,00017A7B,1,7,01 00 00 0F 03 7B 7A,OK
2026-09-29T10:24:11.482Z,16064.211,RX,bus,-1,00117A7B,1,5,01 00 00 7B 7A,OK
2026-09-29T10:24:11.487Z,16069.191,RX,bus,-1,0001A515,1,7,01 00 00 0F 03 15 A5,OK
2026-09-29T10:24:11.488Z,16069.312,RX,bus,-1,0011A515,1,5,01 00 00 15 A5,OK
2026-09-29T10:24:11.492Z,16074.017,RX,bus,-1,00019E52,1,7,01 00 00 0F 03 52 9E,OK
2026-09-29T10:24:11.493Z,16074.255,RX,bus,-1,00119E52,1,5,01 00 00 52 9E,OK
2026-09-29T10:24:11.497Z,16079.146,RX,bus,-1,00016DD3,1,7,01 00 00 0F 03 D3 6D,OK
2026-09-29T10:24:11.497Z,16079.224,RX,bus,-1,00116DD3,1,5,01 00 00 D3 6D,OK
2026-09-29T10:24:11.502Z,16084.194,RX,bus,-1,0001F3E8,1,7,01 00 00 0F 03 E8 F3,OK
2026-09-29T10:24:11.503Z,16084.254,RX,bus,-1,0011F3E8,1,5,01 00 00 E8 F3,OK
2026-09-29T10:24:11.508Z,16089.166,RX,bus,-1,0001F828,1,7,01 00 00 0F 03 28 F8,OK
2026-09-29T10:24:11.508Z,16089.258,RX,bus,-1,0011F828,1,5,01 00 00 28 F8,OK
2026-09-29T10:24:11.513Z,16094.073,RX,bus,-1,0001360B,1,7,01 00 00 0F 03 0B 36,OK
2026-09-29T10:24:11.513Z,16094.194,RX,bus,-1,0011360B,1,5,01 00 00 0B 36,OK
2026-09-29T10:24:11.518Z,16099.027,RX,bus,-1,0001CDB4,1,7,01 00 00 0F 03 B4 CD,OK
2026-09-29T10:24:11.518Z,16099.223,RX,bus,-1,0011CDB4,1,5,01 00 00 B4 CD,OK
2026-09-29T10:24:11.522Z,16104.040,RX,bus,-1,000132E9,1,7,01 00 00 0F 03 E9 32,OK
2026-09-29T10:24:11.522Z,16104.196,RX,bus,-1,001132E9,1,5,01 00 00 E9 32,OK
2026-09-29T10:24:11.527Z,16109.030,RX,bus,-1,00011851,1,7,01 00 00 0F 03 51 18,OK
2026-09-29T10:24:11.527Z,16109.213,RX,bus,-1,00111851,1,5,01 00 00 51 18,OK
2026-09-29T10:24:11.532Z,16114.030,RX,bus,-1,0001BEA8,1,7,01 00 00 0F 03 A8 BE,OK
2026-09-29T10:24:11.532Z,16114.227,RX,bus,-1,0011BEA8,1,5,01 00 00 A8 BE,OK
2026-09-29T10:24:11.537Z,16119.300,RX,bus,-1,0001AE6A,1,7,01 00 00 0F 03 6A AE,OK
2026-09-29T10:24:11.538Z,16119.357,RX,bus,-1,0011AE6A,1,5,01 00 00 6A AE,OK
2026-09-29T10:24:11.542Z,16124.019,RX,bus,-1,0001D446,1,7,01 00 00 0F 03 46 D4,OK
2026-09-29T10:24:11.542Z,16124.190,RX,bus,-1,0011D446,1,5,01 00 00 46 D4,OK
2026-09-29T10:24:11.547Z,16129.155,RX,bus,-1,00016F8A,1,7,01 00 00 0F 03 8A 6F,OK
2026-09-29T10:24:11.547Z,16129.203,RX,bus,-1,00116F8A,1,5,01 00 00 8A 6F,OK
2026-09-29T10:24:11.552Z,16134.000,RX,bus,-1,00013A83,1,7,01 00 00 0F 03 83 3A,OK
2026-09-29T10:24:11.552Z,16134.203,RX,bus,-1,00113A83,1,5,01 00 00 83 3A,OK
2026-09-29T10:24:11.558Z,16139.033,RX,bus,-1,00015B82,1,7,01 00 00 0F 03 82 5B,OK
2026-09-29T10:24:11.558Z,16139.207,RX,bus,-1,00115B82,1,5,01 00 00 82 5B,OK
2026-09-29T10:24:11.562Z,16143.912,RX,bus,-1,00017868,1,7,01 00 00 0F 03 68 78,OK
2026-09-29T10:24:11.562Z,16144.187,RX,bus,-1,00117868,1,5,01 00 00 68 78,OK
2026-09-29T10:24:11.567Z,16148.992,RX,bus,-1,00014755,1,7,01 00 00 0F 03 55 47,OK
2026-09-29T10:24:11.567Z,16149.219,RX,bus,-1,00114755,1,5,01 00 00 55 47,OK
2026-09-29T10:24:11.572Z,16153.951,RX,bus,-1,0001F4A7,1,7,01 00 00 0F 03 A7 F4,OK
2026-09-29T10:24:11.572Z,16154.191,RX,bus,-1,0011F4A7,1,5,01 00 00 A7 F4,OK
2026-09-29T10:24:11.577Z,16158.942,RX,bus,-1,00017DCC,1,7,01 00 00 0F 03 CC 7D,OK
2026-09-29T10:24:11.577Z,16159.186,RX,bus,-1,00117DCC,1,5,01 00 00 CC 7D,OK
2026-09-29T10:24:11.582Z,16163.944,RX,bus,-1,00013CE9,1,7,01 00 00 0F 03 E9 3C,OK
2026-09-29T10:24:11.582Z,16164.189,RX,bus,-1,00113CE9,1,5,01 00 00 E9 3C,OK
2026-09-29T10:24:11.587Z,16168.953,RX,bus,-1,00017A61,1,7,01 00 00 0F 03 61 7A,OK
2026-09-29T10:24:11.587Z,16169.179,RX,bus,-1,00117A61,1,5,01 00 00 61 7A,OK
2026-09-29T10:24:11.592Z,16173.971,RX,bus,-1,0001C1C2,1,7,01 00 00 0F 03 C2 C1,OK
2026-09-29T10:24:11.592Z,16174.212,RX,bus,-1,0011C1C2,1,5,01 00 00 C2 C1,OK
2026-09-29T10:24:11.597Z,16178.956,RX,bus,-1,00016FE0,1,7,01 00 00 0F 03 E0 6F,OK
2026-09-29T10:24:11.597Z,16179.159,RX,bus,-1,00116FE0,1,5,01 00 00 E0 6F,OK
2026-09-29T10:24:11.602Z,16183.943,RX,bus,-1,000145E6,1,7,01 00 00 0F 03 E6 45,OK
2026-09-29T10:24:11.602Z,16184.189,RX,bus,-1,001145E6,1,5,01 00 00 E6 45,OK
2026-09-29T10:24:11.607Z,16188.986,RX,bus,-1,00015CEE,1,7,01 00 00 0F 03 EE 5C,OK
2026-09-29T10:24:11.607Z,16189.182,RX,bus,-1,00115CEE,1,5,01 00 00 EE 5C,OK
2026-09-29T10:24:11.612Z,16194.178,RX,bus,-1,0001CED8,1,7,01 00 00 0F 03 D8 CE,OK
2026-09-29T10:24:11.612Z,16194.230,RX,bus,-1,0011CED8,1,5,01 00 00 D8 CE,OK
2026-09-29T10:24:11.617Z,16199.139,RX,bus,-1,00016B5E,1,7,01 00 00 0F 03 5E 6B,OK
2026-09-29T10:24:11.617Z,16199.191,RX,bus,-1,00116B5E,1,5,01 00 00 5E 6B,OK
2026-09-29T10:24:11.623Z,16204.111,RX,bus,-1,00016F1B,1,7,01 00 00 0F 03 1B 6F,OK
2026-09-29T10:24:11.623Z,16204.162,RX,bus,-1,00116F1B,1,5,01 00 00 1B 6F,OK
2026-09-29T10:24:11.628Z,16209.113,RX,bus,-1,000187F1,1,7,01 00 00 0F 03 F1 87,OK
2026-09-29T10:24:11.628Z,16209.175,RX,bus,-1,001187F1,1,5,01 00 00 F1 87,OK
2026-09-29T10:24:11.633Z,16214.005,RX,bus,-1,0001EDBB,1,7,01 00 00 0F 03 BB ED,OK
2026-09-29T10:24:11.633Z,16214.237,RX,bus,-1,0011EDBB,1,5,01 00 00 BB ED,OK
2026-09-29T10:24:11.638Z,16219.122,RX,bus,-1,000102F8,1,7,01 00 00 0F 03 F8 02,OK
2026-09-29T10:24:11.638Z,16219.175,RX,bus,-1,001102F8,1,5,01 00 00 F8 02,OK
2026-09-29T10:24:11.643Z,16224.103,RX,bus,-1,0001B0AC,1,7,01 00 00 0F 03 AC B0,OK
2026-09-29T10:24:11.643Z,16224.219,RX,bus,-1,0011B0AC,1,5,01 00 00 AC B0,OK
2026-09-29T10:24:11.648Z,16229.105,RX,bus,-1,00018EF7,1,7,01 00 00 0F 03 F7 8E,OK
2026-09-29T10:24:11.648Z,16229.243,RX,bus,-1,00118EF7,1,5,01 00 00 F7 8E,OK
2026-09-29T10:24:11.653Z,16234.058,RX,bus,-1,00017F3D,1,7,01 00 00 0F 03 3D 7F,OK
2026-09-29T10:24:11.653Z,16234.129,RX,bus,-1,00117F3D,1,5,01 00 00 3D 7F,OK
2026-09-29T10:24:11.658Z,16239.137,RX,bus,-1,00015931,1,7,01 00 00 0F 03 31 59,OK
2026-09-29T10:24:11.658Z,16239.191,RX,bus,-1,00115931,1,5,01 00 00 31 59,OK
2026-09-29T10:24:11.662Z,16244.029,RX,bus,-1,0001DBC3,1,7,01 00 00 0F 03 C3 DB,OK
2026-09-29T10:24:11.662Z,16244.235,RX,bus,-1,0011DBC3,1,5,01 00 00 C3 DB,OK
2026-09-29T10:24:11.667Z,16248.991,RX,bus,-1,0001F8CA,1,7,01 00 00 0F 03 CA F8,OK
2026-09-29T10:24:11.667Z,16249.232,RX,bus,-1,0011F8CA,1,5,01 00 00 CA F8,OK
2026-09-29T10:24:11.672Z,16253.990,RX,bus,-1,00018F22,1,7,01 00 00 0F 03 22 8F,OK
2026-09-29T10:24:11.672Z,16254.175,RX,bus,-1,00118F22,1,5,01 00 00 22 8F,OK
2026-09-29T10:24:11.677Z,16258.988,RX,bus,-1,000183E2,1,7,01 00 00 0F 03 E2 83,OK
2026-09-29T10:24:11.677Z,16259.220,RX,bus,-1,001183E2,1,5,01 00 00 E2 83,OK
2026-09-29T10:24:11.682Z,16263.996,RX,bus,-1,000102DD,1,7,01 00 00 0F 03 DD 02,OK
2026-09-29T10:24:11.682Z,16264.234,RX,bus,-1,001102DD,1,5,01 00 00 DD 02,OK
2026-09-29T10:24:11.687Z,16269.022,RX,bus,-1,0001EED4,1,7,01 00 00 0F 03 D4 EE,OK
2026-09-29T10:24:11.687Z,16269.230,RX,bus,-1,0011EED4,1,5,01 00 00 D4 EE,OK
2026-09-29T10:24:11.692Z,16273.994,RX,bus,-1,0001EDD7,1,7,01 00 00 0F 03 D7 ED,OK
2026-09-29T10:24:11.692Z,16274.238,RX,bus,-1,0011EDD7,1,5,01 00 00 D7 ED,OK
2026-09-29T10:24:11.697Z,16278.985,RX,bus,-1,0001B87F,1,7,01 00 00 0F 03 7F B8,OK
2026-09-29T10:24:11.697Z,16279.210,RX,bus,-1,0011B87F,1,5,01 00 00 7F B8,OK
2026-09-29T10:24:11.702Z,16283.984,RX,bus,-1,000125E4,1,7,01 00 00 0F 03 E4 25,OK
2026-09-29T10:24:11.702Z,16284.230,RX,bus,-1,001125E4,1,5,01 00 00 E4 25,OK
2026-09-29T10:24:11.707Z,16289.011,RX,bus,-1,00011B45,1,7,01 00 00 0F 03 45 1B,OK
2026-09-29T10:24:11.707Z,16289.234,RX,bus,-1,00111B45,1,5,01 00 00 45 1B,OK
2026-09-29T10:24:11.712Z,16294.216,RX,bus,-1,000127E4,1,7,01 00 00 0F 03 E4 27,OK
2026-09-29T10:24:11.712Z,16294.268,RX,bus,-1,001127E4,1,5,01 00 00 E4 27,OK
2026-09-29T10:24:11.717Z,16299.046,RX,bus,-1,0001C91D,1,7,01 00 00 0F 03 1D C9,OK
2026-09-29T10:24:11.717Z,16299.234,RX,bus,-1,0011C91D,1,5,01 00 00 1D C9,OK
2026-09-29T10:24:11.723Z,16303.991,RX,bus,-1,0001B9FB,1,7,01 00 00 0F 03 FB B9,OK
2026-09-29T10:24:11.723Z,16304.241,RX,bus,-1,0011B9FB,1,5,01 00 00 FB B9,OK
2026-09-29T10:24:11.728Z,16309.210,RX,bus,-1,00017DF5,1,7,01 00 00 0F 03 F5 7D,OK
2026-09-29T10:24:11.728Z,16309.264,RX,bus,-1,00117DF5,1,5,01 00 00 F5 7D,OK
2026-09-29T10:24:11.733Z,16313.987,RX,bus,-1,0001B321,1,7,01 00 00 0F 03 21 B3,OK
2026-09-29T10:24:11.733Z,16314.200,RX,bus,-1,0011B321,1,5,01 00 00 21 B3,OK
2026-09-29T10:24:11.738Z,16319.192,RX,bus,-1,00015232,1,7,01 00 00 0F 03 32 52,OK
2026-09-29T10:24:11.738Z,16319.244,RX,bus,-1,00115232,1,5,01 00 00 32 52,OK
2026-09-29T10:24:11.743Z,16324.162,RX,bus,-1,0001291C,1,7,01 00 00 0F 03 1C 29,OK
2026-09-29T10:24:11.743Z,16324.217,RX,bus,-1,0011291C,1,5,01 00 00 1C 29,OK
2026-09-29T10:24:11.748Z,16329.135,RX,bus,-1,00012C0A,1,7,01 00 00 0F 03 0A 2C,OK
2026-09-29T10:24:11.748Z,16329.189,RX,bus,-1,00112C0A,1,5,01 00 00 0A 2C,OK
2026-09-29T10:24:11.753Z,16334.111,RX,bus,-1,0001E5AA,1,7,01 00 00 0F 03 AA E5,OK
2026-09-29T10:24:11.753Z,16334.175,RX,bus,-1,0011E5AA,1,5,01 00 00 AA E5,OK
2026-09-29T10:24:11.758Z,16339.113,RX,bus,-1,0001211A,1,7,01 00 00 0F 03 1A 21,OK
2026-09-29T10:24:11.758Z,16339.233,RX,bus,-1,0011211A,1,5,01 00 00 1A 21,OK
2026-09-29T10:24:11.762Z,16343.994,RX,bus,-1,00018162,1,7,01 00 00 0F 03 62 81,OK
2026-09-29T10:24:11.762Z,16344.238,RX,bus,-1,00118162,1,5,01 00 00 62 81,OK
2026-09-29T10:24:11.767Z,16348.967,RX,bus,-1,00013659,1,7,01 00 00 0F 03 59 36,OK
2026-09-29T10:24:11.767Z,16349.216,RX,bus,-1,00113659,1,5,01 00 00 59 36,OK
2026-09-29T10:24:11.772Z,16353.937,RX,bus,-1,00011A93,1,7,01 00 00 0F 03 93 1A,OK
2026-09-29T10:24:11.772Z,16354.230,RX,bus,-1,00111A93,1,5,01 00 00 93 1A,OK
2026-09-29T10:24:11.777Z,16358.986,RX,bus,-1,00016F5D,1,7,01 00 00 0F 03 5D 6F,OK
2026-09-29T10:24:11.777Z,16359.229,RX,bus,-1,00116F5D,1,5,01 00 00 5D 6F,OK
2026-09-29T10:24:11.782Z,16363.993,RX,bus,-1,0001E826,1,7,01 00 00 0F 03 26 E8,OK
2026-09-29T10:24:11.782Z,16364.239,RX,bus,-1,0011E826,1,5,01 00 00 26 E8,OK
2026-09-29T10:24:11.787Z,16368.955,RX,bus,-1,00015E8D,1,7,01 00 00 0F 03 8D 5E,OK
2026-09-29T10:24:11.787Z,16369.213,RX,bus,-1,00115E8D,1,5,01 00 00 8D 5E,OK
2026-09-29T10:24:11.792Z,16373.992,RX,bus,-1,0001AC5A,1,7,01 00 00 0F 03 5A AC,OK
2026-09-29T10:24:11.792Z,16374.241,RX,bus,-1,0011AC5A,1,5,01 00 00 5A AC,OK
2026-09-29T10:24:11.797Z,16378.982,RX,bus,-1,000142B2,1,7,01 00 00 0F 03 B2 42,OK
2026-09-29T10:24:11.797Z,16379.230,RX,bus,-1,001142B2,1,5,01 00 00 B2 42,OK
2026-09-29T10:24:11.802Z,16383.953,RX,bus,-1,000138CB,1,7,01 00 00 0F 03 CB 38,OK
2026-09-29T10:24:11.802Z,16384.163,RX,bus,-1,001138CB,1,5,01 00 00 CB 38,OK
2026-09-29T10:24:11.807Z,16388.953,RX,bus,-1,0001FF09,1,7,01 00 00 0F 03 09 FF,OK
2026-09-29T10:24:11.807Z,16389.237,RX,bus,-1,0011FF09,1,5,01 00 00 09 FF,OK
2026-09-29T10:24:11.812Z,16394.144,RX,bus,-1,00011920,1,7,01 00 00 0F 03 20 19,OK
2026-09-29T10:24:11.812Z,16394.196,RX,bus,-1,00111920,1,5,01 00 00 20 19,OK
2026-09-29T10:24:11.817Z,16398.955,RX,bus,-1,0001BDC1,1,7,01 00 00 0F 03 C1 BD,OK
2026-09-29T10:24:11.817Z,16399.198,RX,bus,-1,0011BDC1,1,5,01 00 00 C1 BD,OK
2026-09-29T10:24:11.822Z,16403.963,RX,bus,-1,00019759,1,7,01 00 00 0F 03 59 97,OK
2026-09-29T10:24:11.822Z,16404.207,RX,bus,-1,00119759,1,5,01 00 00 59 97,OK
2026-09-29T10:24:11.827Z,16409.015,RX,bus,-1,0001C98C,1,7,01 00 00 0F 03 8C C9,OK
2026-09-29T10:24:11.827Z,16409.210,RX,bus,-1,0011C98C,1,5,01 00 00 8C C9,OK
2026-09-29T10:24:11.832Z,16413.991,RX,bus,-1,00010896,1,7,01 00 00 0F 03 96 08,OK
2026-09-29T10:24:11.832Z,16414.236,RX,bus,-1,00110896,1,5,01 00 00 96 08,OK
2026-09-29T10:24:11.837Z,16418.956,RX,bus,-1,00015DAA,1,7,01 00 00 0F 03 AA 5D,OK
2026-09-29T10:24:11.837Z,16419.211,RX,bus,-1,00115DAA,1,5,01 00 00 AA 5D,OK
2026-09-29T10:24:11.842Z,16423.973,RX,bus,-1,0001EECB,1,7,01 00 00 0F 03 CB EE,OK
2026-09-29T10:24:11.842Z,16424.213,RX,bus,-1,0011EECB,1,5,01 00 00 CB EE,OK
2026-09-29T10:24:11.847Z,16428.934,RX,bus,-1,0001A898,1,7,01 00 00 0F 03 98 A8,OK
2026-09-29T10:24:11.847Z,16429.212,RX,bus,-1,0011A898,1,5,01 00 00 98 A8,OK
2026-09-29T10:24:11.852Z,16433.970,RX,bus,-1,00015FB8,1,7,01 00 00 0F 03 B8 5F,OK
2026-09-29T10:24:11.852Z,16434.206,RX,bus,-1,00115FB8,1,5,01 00 00 B8 5F,OK
2026-09-29T10:24:11.857Z,16438.982,RX,bus,-1,00015C49,1,7,01 00 00 0F 03 49 5C,OK
2026-09-29T10:24:11.857Z,16439.225,RX,bus,-1,00115C49,1,5,01 00 00 49 5C,OK
2026-09-29T10:24:11.862Z,16443.953,RX,bus,-1,00019B27,1,7,01 00 00 0F 03 27 9B,OK
2026-09-29T10:24:11.863Z,16444.231,RX,bus,-1,00119B27,1,5,01 00 00 27 9B,OK
2026-09-29T10:24:11.867Z,16448.962,RX,bus,-1,00018393,1,7,01 00 00 0F 03 93 83,OK
2026-09-29T10:24:11.868Z,16449.192,RX,bus,-1,00118393,1,5,01 00 00 93 83,OK
2026-09-29T10:24:11.873Z,16454.182,RX,bus,-1,0001423B,1,7,01 00 00 0F 03 3B 42,OK
2026-09-29T10:24:11.873Z,16454.249,RX,bus,-1,0011423B,1,5,01 00 00 3B 42,OK
2026-09-29T10:24:11.877Z,16458.960,RX,bus,-1,00010736,1,7,01 00 00 0F 03 36 07,OK
2026-09-29T10:24:11.878Z,16459.160,RX,bus,-1,00110736,1,5,01 00 00 36 07,OK
2026-09-29T10:24:11.883Z,16464.162,RX,bus,-1,0001DB51,1,7,01 00 00 0F 03 51 DB,OK
2026-09-29T10:24:11.883Z,16464.230,RX,bus,-1,0011DB51,1,5,01 00 00 51 DB,OK
2026-09-29T10:24:11.888Z,16469.108,RX,bus,-1,000105AA,1,7,01 00 00 0F 03 AA 05,OK
2026-09-29T10:24:11.888Z,16469.179,RX,bus,-1,001105AA,1,5,01 00 00 AA 05,OK
2026-09-29T10:24:11.892Z,16474.061,RX,bus,-1,000139C6,1,7,01 00 00 0F 03 C6 39,OK
2026-09-29T10:24:11.893Z,16474.167,RX,bus,-1,001139C6,1,5,01 00 00 C6 39,OK
2026-09-29T10:24:11.898Z,16479.123,RX,bus,-1,0001EB8E,1,7,01 00 00 0F 03 8E EB,OK
2026-09-29T10:24:11.898Z,16479.206,RX,bus,-1,0011EB8E,1,5,01 00 00 8E EB,OK
2026-09-29T10:24:11.903Z,16484.114,RX,bus,-1,0001829F,1,7,01 00 00 0F 03 9F 82,OK
2026-09-29T10:24:11.903Z,16484.257,RX,bus,-1,0011829F,1,5,01 00 00 9F 82,OK
2026-09-29T10:24:11.907Z,16488.955,RX,bus,-1,00018778,1,7,01 00 00 0F 03 78 87,OK
2026-09-29T10:24:11.908Z,16489.217,RX,bus,-1,00118778,1,5,01 00 00 78 87,OK
2026-09-29T10:24:11.912Z,16493.959,RX,bus,-1,00013EE3,1,7,01 00 00 0F 03 E3 3E,OK
2026-09-29T10:24:11.912Z,16494.202,RX,bus,-1,00113EE3,1,5,01 00 00 E3 3E,OK
2026-09-29T10:24:11.917Z,16499.198,RX,bus,-1,00014A74,1,7,01 00 00 0F 03 74 4A,OK
2026-09-29T10:24:11.917Z,16499.250,RX,bus,-1,00114A74,1,5,01 00 00 74 4A,OK
2026-09-29T10:24:11.923Z,16504.125,RX,bus,-1,00016A2B,1,7,01 00 00 0F 03 2B 6A,OK
2026-09-29T10:24:11.923Z,16504.177,RX,bus,-1,00116A2B,1,5,01 00 00 2B 6A,OK
2026-09-29T10:24:11.928Z,16509.121,RX,bus,-1,0001C76A,1,7,01 00 00 0F 03 6A C7,OK
2026-09-29T10:24:11.928Z,16509.173,RX,bus,-1,0011C76A,1,5,01 00 00 6A C7,OK
2026-09-29T10:24:11.933Z,16514.140,RX,bus,-1,0001BBB3,1,7,01 00 00 0F 03 B3 BB,OK
2026-09-29T10:24:11.933Z,16514.194,RX,bus,-1,0011BBB3,1,5,01 00 00 B3 BB,OK
2026-09-29T10:24:11.938Z,16518.959,RX,bus,-1,00015E54,1,7,01 00 00 0F 03 54 5E,OK
2026-09-29T10:24:11.938Z,16519.212,RX,bus,-1,00115E54,1,5,01 00 00 54 5E,OK
2026-09-29T10:24:11.943Z,16524.199,RX,bus,-1,000115EB,1,7,01 00 00 0F 03 EB 15,OK
2026-09-29T10:24:11.943Z,16524.253,RX,bus,-1,001115EB,1,5,01 00 00 EB 15,OK
2026-09-29T10:24:11.948Z,16528.985,RX,bus,-1,0001C0DF,1,7,01 00 00 0F 03 DF C0,OK
2026-09-29T10:24:11.948Z,16529.195,RX,bus,-1,0011C0DF,1,5,01 00 00 DF C0,OK
2026-09-29T10:24:11.953Z,16533.984,RX,bus,-1,0001A463,1,7,01 00 00 0F 03 63 A4,OK
2026-09-29T10:24:11.953Z,16534.229,RX,bus,-1,0011A463,1,5,01 00 00 63 A4,OK
2026-09-29T10:24:11.958Z,16538.926,RX,bus,-1,0001A4EC,1,7,01 00 00 0F 03 EC A4,OK
2026-09-29T10:24:11.958Z,16539.125,RX,bus,-1,0011A4EC,1,5,01 00 00 EC A4,OK
2026-09-29T10:24:11.962Z,16543.924,RX,bus,-1,00013982,1,7,01 00 00 0F 03 82 39,OK
2026-09-29T10:24:11.962Z,16544.154,RX,bus,-1,00113982,1,5,01 00 00 82 39,OK
2026-09-29T10:24:11.967Z,16548.924,RX,bus,-1,00018A12,1,7,01 00 00 0F 03 12 8A,OK
2026-09-29T10:24:11.967Z,16549.154,RX,bus,-1,00118A12,1,5,01 00 00 12 8A,OK
2026-09-29T10:24:11.972Z,16553.895,RX,bus,-1,00019561,1,7,01 00 00 0F 03 61 95,OK
2026-09-29T10:24:11.972Z,16554.138,RX,bus,-1,00119561,1,5,01 00 00 61 95,OK
2026-09-29T10:24:11.977Z,16558.937,RX,bus,-1,0001320B,1,7,01 00 00 0F 03 0B 32,OK
2026-09-29T10:24:11.977Z,16559.162,RX,bus,-1,0011320B,1,5,01 00 00 0B 32,OK
2026-09-29T10:24:11.982Z,16563.909,RX,bus,-1,000148D3,1,7,01 00 00 0F 03 D3 48,OK
2026-09-29T10:24:11.982Z,16564.130,RX,bus,-1,001148D3,1,5,01 00 00 D3 48,OK
2026-09-29T10:24:11.987Z,16568.918,RX,bus,-1,000110B7,1,7,01 00 00 0F 03 B7 10,OK
2026-09-29T10:24:11.987Z,16569.101,RX,bus,-1,001110B7,1,5,01 00 00 B7 10,OK
2026-09-29T10:24:11.992Z,16573.935,RX,bus,-1,0001C74E,1,7,01 00 00 0F 03 4E C7,OK
2026-09-29T10:24:11.992Z,16574.147,RX,bus,-1,0011C74E,1,5,01 00 00 4E C7,OK
2026-09-29T10:24:11.997Z,16578.951,RX,bus,-1,0001FF17,1,7,01 00 00 0F 03 17 FF,OK
2026-09-29T10:24:11.997Z,16579.135,RX,bus,-1,0011FF17,1,5,01 00 00 17 FF,OK
2026-09-29T10:24:12.002Z,16583.949,RX,bus,-1,00011459,1,7,01 00 00 0F 03 59 14,OK
2026-09-29T10:24:12.002Z,16584.131,RX,bus,-1,00111459,1,5,01 00 00 59 14,OK
2026-09-29T10:24:12.007Z,16588.938,RX,bus,-1,0001F167,1,7,01 00 00 0F 03 67 F1,OK
2026-09-29T10:24:12.007Z,16589.143,RX,bus,-1,0011F167,1,5,01 00 00 67 F1,OK
2026-09-29T10:24:12.013Z,16594.046,RX,bus,-1,000134B2,1,7,01 00 00 0F 03 B2 34,OK
2026-09-29T10:24:12.013Z,16594.138,RX,bus,-1,001134B2,1,5,01 00 00 B2 34,OK
2026-09-29T10:24:12.018Z,16598.942,RX,bus,-1,0001434F,1,7,01 00 00 0F 03 4F 43,OK
2026-09-29T10:24:12.018Z,16599.131,RX,bus,-1,0011434F,1,5,01 00 00 4F 43,OK
2026-09-29T10:24:12.023Z,16604.066,RX,bus,-1,00014538,1,7,01 00 00 0F 03 38 45,OK
2026-09-29T10:24:12.023Z,16604.158,RX,bus,-1,00114538,1,5,01 00 00 38 45,OK
2026-09-29T10:24:12.027Z,16609.069,RX,bus,-1,000149BC,1,7,01 00 00 0F 03 BC 49,OK
2026-09-29T10:24:12.027Z,16609.160,RX,bus,-1,001149BC,1,5,01 00 00 BC 49,OK
2026-09-29T10:24:12.032Z,16614.149,RX,bus,-1,0001A170,1,7,01 00 00 0F 03 70 A1,OK
2026-09-29T10:24:12.033Z,16614.245,RX,bus,-1,0011A170,1,5,01 00 00 70 A1,OK
2026-09-29T10:24:12.037Z,16618.932,RX,bus,-1,0001B4D5,1,7,01 00 00 0F 03 D5 B4,OK
2026-09-29T10:24:12.037Z,16619.146,RX,bus,-1,0011B4D5,1,5,01 00 00 D5 B4,OK
2026-09-29T10:24:12.042Z,16624.067,RX,bus,-1,0001FD12,1,7,01 00 00 0F 03 12 FD,OK
2026-09-29T10:24:12.042Z,16624.126,RX,bus,-1,0011FD12,1,5,01 00 00 12 FD,OK
2026-09-29T10:24:12.047Z,16628.911,RX,bus,-1,0001813A,1,7,01 00 00 0F 03 3A 81,OK
2026-09-29T10:24:12.047Z,16629.130,RX,bus,-1,0011813A,1,5,01 00 00 3A 81,OK
2026-09-29T10:24:12.052Z,16634.069,RX,bus,-1,0001AFFF,1,7,01 00 00 0F 03 FF AF,OK
2026-09-29T10:24:12.052Z,16634.127,RX,bus,-1,0011AFFF,1,5,01 00 00 FF AF,OK
2026-09-29T10:24:12.057Z,16639.165,RX,bus,-1,0001E669,1,7,01 00 00 0F 03 69 E6,OK
2026-09-29T10:24:12.058Z,16639.252,RX,bus,-1,0011E669,1,5,01 00 00 69 E6,OK
2026-09-29T10:24:12.063Z,16644.103,RX,bus,-1,00015D9A,1,7,01 00 00 0F 03 9A 5D,OK
2026-09-29T10:24:12.063Z,16644.192,RX,bus,-1,00115D9A,1,5,01 00 00 9A 5D,OK
2026-09-29T10:24:12.068Z,16648.908,RX,bus,-1,000124F3,1,7,01 00 00 0F 03 F3 24,OK
2026-09-29T10:24:12.068Z,16649.103,RX,bus,-1,001124F3,1,5,01 00 00 F3 24,OK
2026-09-29T10:24:12.073Z,16654.001,RX,bus,-1,0001E454,1,7,01 00 00 0F 03 54 E4,OK
2026-09-29T10:24:12.073Z,16654.130,RX,bus,-1,0011E454,1,5,01 00 00 54 E4,OK
2026-09-29T10:24:12.078Z,16659.006,RX,bus,-1,00018DF4,1,7,01 00 00 0F 03 F4 8D,OK
2026-09-29T10:24:12.078Z,16659.125,RX,bus,-1,00118DF4,1,5,01 00 00 F4 8D,OK
2026-09-29T10:24:12.083Z,16663.977,RX,bus,-1,00011BE9,1,7,01 00 00 0F 03 E9 1B,OK
2026-09-29T10:24:12.083Z,16664.159,RX,bus,-1,00111BE9,1,5,01 00 00 E9 1B,OK
2026-09-29T10:24:12.088Z,16669.009,RX,bus,-1,0001ADE8,1,7,01 00 00 0F 03 E8 AD,OK
2026-09-29T10:24:12.088Z,16669.139,RX,bus,-1,0011ADE8,1,5,01 00 00 E8 AD,OK
2026-09-29T10:24:12.093Z,16673.966,RX,bus,-1,0001CCA1,1,7,01 00 00 0F 03 A1 CC,OK
2026-09-29T10:24:12.093Z,16674.130,RX,bus,-1,0011CCA1,1,5,01 00 00 A1 CC,OK
2026-09-29T10:24:12.098Z,16679.017,RX,bus,-1,0001DFCB,1,7,01 00 00 0F 03 CB DF,OK
2026-09-29T10:24:12.098Z,16679.108,RX,bus,-1,0011DFCB,1,5,01 00 00 CB DF,OK
2026-09-29T10:24:12.103Z,16684.038,RX,bus,-1,00011393,1,7,01 00 00 0F 03 93 13,OK
2026-09-29T10:24:12.103Z,16684.120,RX,bus,-1,00111393,1,5,01 00 00 93 13,OK
2026-09-29T10:24:12.108Z,16689.019,RX,bus,-1,00015230,1,7,01 00 00 0F 03 30 52,OK
2026-09-29T10:24:12.108Z,16689.112,RX,bus,-1,00115230,1,5,01 00 00 30 52,OK
2026-09-29T10:24:12.113Z,16693.935,RX,bus,-1,0001F7BF,1,7,01 00 00 0F 03 BF F7,OK
2026-09-29T10:24:12.113Z,16694.138,RX,bus,-1,0011F7BF,1,5,01 00 00 BF F7,OK
2026-09-29T10:24:12.118Z,16699.059,RX,bus,-1,0001C6B0,1,7,01 00 00 0F 03 B0 C6,OK
2026-09-29T10:24:12.118Z,16699.131,RX,bus,-1,0011C6B0,1,5,01 00 00 B0 C6,OK
2026-09-29T10:24:12.123Z,16704.029,RX,bus,-1,0001C977,1,7,01 00 00 0F 03 77 C9,OK
2026-09-29T10:24:12.123Z,16704.127,RX,bus,-1,0011C977,1,5,01 00 00 77 C9,OK
2026-09-29T10:24:12.128Z,16709.007,RX,bus,-1,0001DCDB,1,7,01 00 00 0F 03 DB DC,OK
2026-09-29T10:24:12.128Z,16709.197,RX,bus,-1,0011DCDB,1,5,01 00 00 DB DC,OK
2026-09-29T10:24:12.133Z,16714.123,RX,bus,-1,00010D6B,1,7,01 00 00 0F 03 6B 0D,OK
2026-09-29T10:24:12.133Z,16714.241,RX,bus,-1,00110D6B,1,5,01 00 00 6B 0D,OK
2026-09-29T10:24:12.138Z,16719.054,RX,bus,-1,00015898,1,7,01 00 00 0F 03 98 58,OK
2026-09-29T10:24:12.138Z,16719.108,RX,bus,-1,00115898,1,5,01 00 00 98 58,OK
2026-09-29T10:24:12.143Z,16724.083,RX,bus,-1,00011659,1,7,01 00 00 0F 03 59 16,OK
2026-09-29T10:24:12.143Z,16724.149,RX,bus,-1,00111659,1,5,01 00 00 59 16,OK
2026-09-29T10:24:12.148Z,16729.099,RX,bus,-1,00017093,1,7,01 00 00 0F 03 93 70,OK
2026-09-29T10:24:12.148Z,16729.160,RX,bus,-1,00117093,1,5,01 00 00 93 70,OK
2026-09-29T10:24:12.153Z,16734.146,RX,bus,-1,0001E033,1,7,01 00 00 0F 03 33 E0,OK
2026-09-29T10:24:12.153Z,16734.232,RX,bus,-1,0011E033,1,5,01 00 00 33 E0,OK
2026-09-29T10:24:12.158Z,16738.948,RX,bus,-1,0001082E,1,7,01 00 00 0F 03 2E 08,OK
2026-09-29T10:24:12.158Z,16739.184,RX,bus,-1,0011082E,1,5,01 00 00 2E 08,OK
2026-09-29T10:24:12.163Z,16744.112,RX,bus,-1,00019931,1,7,01 00 00 0F 03 31 99,OK
2026-09-29T10:24:12.163Z,16744.184,RX,bus,-1,00119931,1,5,01 00 00 31 99,OK
2026-09-29T10:24:12.168Z,16748.952,RX,bus,-1,00016507,1,7,01 00 00 0F 03 07 65,OK
2026-09-29T10:24:12.168Z,16749.234,RX,bus,-1,00116507,1,5,01 00 00 07 65,OK
2026-09-29T10:24:12.172Z,16753.913,RX,bus,-1,00018D2D,1,7,01 00 00 0F 03 2D 8D,OK
2026-09-29T10:24:12.172Z,16754.189,RX,bus,-1,00118D2D,1,5,01 00 00 2D 8D,OK
2026-09-29T10:24:12.177Z,16758.942,RX,bus,-1,00010319,1,7,01 00 00 0F 03 19 03,OK
2026-09-29T10:24:12.177Z,16759.139,RX,bus,-1,00110319,1,5,01 00 00 19 03,OK
2026-09-29T10:24:12.182Z,16763.937,RX,bus,-1,00015540,1,7,01 00 00 0F 03 40 55,OK
2026-09-29T10:24:12.182Z,16764.169,RX,bus,-1,00115540,1,5,01 00 00 40 55,OK
2026-09-29T10:24:12.187Z,16768.936,RX,bus,-1,00010F07,1,7,01 00 00 0F 03 07 0F,OK
2026-09-29T10:24:12.187Z,16769.188,RX,bus,-1,00110F07,1,5,01 00 00 07 0F,OK
2026-09-29T10:24:12.192Z,16773.932,RX,bus,-1,0001696C,1,7,01 00 00 0F 03 6C 69,OK
2026-09-29T10:24:12.192Z,16774.175,RX,bus,-1,0011696C,1,5,01 00 00 6C 69,OK
2026-09-29T10:24:12.197Z,16778.940,RX,bus,-1,00017100,1,7,01 00 00 0F 03 00 71,OK
2026-09-29T10:24:12.197Z,16779.164,RX,bus,-1,00117100,1,5,01 00 00 00 71,OK
2026-09-29T10:24:12.202Z,16783.943,RX,bus,-1,000143E6,1,7,01 00 00 0F 03 E6 43,OK
2026-09-29T10:24:12.202Z,16784.187,RX,bus,-1,001143E6,1,5,01 00 00 E6 43,OK
2026-09-29T10:24:12.207Z,16788.928,RX,bus,-1,00018F6E,1,7,01 00 00 0F 03 6E 8F,OK
2026-09-29T10:24:12.207Z,16789.113,RX,bus,-1,00118F6E,1,5,01 00 00 6E 8F,OK
2026-09-29T10:24:12.212Z,16793.917,RX,bus,-1,00013133,1,7,01 00 00 0F 03 33 31,OK
2026-09-29T10:24:12.212Z,16794.149,RX,bus,-1,00113133,1,5,01 00 00 33 31,OK
2026-09-29T10:24:12.218Z,16799.016,RX,bus,-1,0001E749,1,7,01 00 00 0F 03 49 E7,OK
2026-09-29T10:24:12.218Z,16799.129,RX,bus,-1,0011E749,1,5,01 00 00 49 E7,OK
2026-09-29T10:24:12.222Z,16803.864,RX,bus,-1,0001DE35,1,7,01 00 00 0F 03 35 DE,OK
2026-09-29T10:24:12.223Z,16804.071,RX,bus,-1,0011DE35,1,5,01 00 00 35 DE,OK
2026-09-29T10:24:12.227Z,16808.869,RX,bus,-1,0001A8C2,1,7,01 00 00 0F 03 C2 A8,OK
2026-09-29T10:24:12.227Z,16809.066,RX,bus,-1,0011A8C2,1,5,01 00 00 C2 A8,OK
2026-09-29T10:24:12.232Z,16813.893,RX,bus,-1,000100E6,1,7,01 00 00 0F 03 E6 00,OK
2026-09-29T10:24:12.232Z,16814.152,RX,bus,-1,001100E6,1,5,01 00 00 E6 00,OK
2026-09-29T10:24:12.237Z,16818.874,RX,bus,-1,000189A4,1,7,01 00 00 0F 03 A4 89,OK
2026-09-29T10:24:12.237Z,16819.096,RX,bus,-1,001189A4,1,5,01 00 00 A4 89,OK
2026-09-29T10:24:12.242Z,16823.919,RX,bus,-1,0001B644,1,7,01 00 00 0F 03 44 B6,OK
2026-09-29T10:24:12.242Z,16824.114,RX,bus,-1,0011B644,1,5,01 00 00 44 B6,OK
2026-09-29T10:24:12.247Z,16828.906,RX,bus,-1,00018F9C,1,7,01 00 00 0F 03 9C 8F,OK
2026-09-29T10:24:12.247Z,16829.133,RX,bus,-1,00118F9C,1,5,01 00 00 9C 8F,OK
2026-09-29T10:24:12.252Z,16833.926,RX,bus,-1,00017BC4,1,7,01 00 00 0F 03 C4 7B,OK
2026-09-29T10:24:12.252Z,16834.131,RX,bus,-1,00117BC4,1,5,01 00 00 C4 7B,OK
2026-09-29T10:24:12.257Z,16838.901,RX,bus,-1,0001874B,1,7,01 00 00 0F 03 4B 87,OK
2026-09-29T10:24:12.257Z,16839.109,RX,bus,-1,0011874B,1,5,01 00 00 4B 87,OK
2026-09-29T10:24:12.262Z,16843.891,RX,bus,-1,0001F844,1,7,01 00 00 0F 03 44 F8,OK
2026-09-29T10:24:12.262Z,16844.105,RX,bus,-1,0011F844,1,5,01 00 00 44 F8,OK
2026-09-29T10:24:12.268Z,16849.026,RX,bus,-1,0001B1C8,1,7,01 00 00 0F 03 C8 B1,OK
2026-09-29T10:24:12.268Z,16849.164,RX,bus,-1,0011B1C8,1,5,01 00 00 C8 B1,OK
2026-09-29T10:24:12.272Z,16854.037,RX,bus,-1,0001C055,1,7,01 00 00 0F 03 55 C0,OK
2026-09-29T10:24:12.273Z,16854.200,RX,bus,-1,0011C055,1,5,01 00 00 55 C0,OK
2026-09-29T10:24:12.277Z,16858.885,RX,bus,-1,00014905,1,7,01 00 00 0F 03 05 49,OK
2026-09-29T10:24:12.278Z,16859.108,RX,bus,-1,00114905,1,5,01 00 00 05 49,OK
2026-09-29T10:24:12.282Z,16863.870,RX,bus,-1,00010F54,1,7,01 00 00 0F 03 54 0F,OK
2026-09-29T10:24:12.283Z,16864.151,RX,bus,-1,00110F54,1,5,01 00 00 54 0F,OK
2026-09-29T10:24:12.287Z,16868.839,RX,bus,-1,00018C2B,1,7,01 00 00 0F 03 2B 8C,OK
2026-09-29T10:24:12.288Z,16869.130,RX,bus,-1,00118C2B,1,5,01 00 00 2B 8C,OK
2026-09-29T10:24:12.292Z,16874.033,RX,bus,-1,00019EA3,1,7,01 00 00 0F 03 A3 9E,OK
2026-09-29T10:24:12.293Z,16874.115,RX,bus,-1,00119EA3,1,5,01 00 00 A3 9E,OK
2026-09-29T10:24:12.297Z,16878.957,RX,bus,-1,0001D7EE,1,7,01 00 00 0F 03 EE D7,OK
2026-09-29T10:24:12.298Z,16879.161,RX,bus,-1,0011D7EE,1,5,01 00 00 EE D7,OK
2026-09-29T10:24:12.302Z,16883.832,RX,bus,-1,00011A13,1,7,01 00 00 0F 03 13 1A,OK
2026-09-29T10:24:12.303Z,16884.061,RX,bus,-1,00111A13,1,5,01 00 00 13 1A,OK
2026-09-29T10:24:12.308Z,16889.025,RX,bus,-1,00018768,1,7,01 00 00 0F 03 68 87,OK
2026-09-29T10:24:12.308Z,16889.102,RX,bus,-1,00118768,1,5,01 00 00 68 87,OK
2026-09-29T10:24:12.313Z,16894.034,RX,bus,-1,0001802B,1,7,01 00 00 0F 03 2B 80,OK
2026-09-29T10:24:12.313Z,16894.172,RX,bus,-1,0011802B,1,5,01 00 00 2B 80,OK
2026-09-29T10:24:12.317Z,16899.041,RX,bus,-1,00011CF8,1,7,01 00 00 0F 03 F8 1C,OK
2026-09-29T10:24:12.317Z,16899.095,RX,bus,-1,00111CF8,1,5,01 00 00 F8 1C,OK
2026-09-29T10:24:12.321Z,16904.053,RX,bus,-1,000196F9,1,7,01 00 00 0F 03 F9 96,OK
2026-09-29T10:24:12.323Z,16904.173,RX,bus,-1,001196F9,1,5,01 00 00 F9 96,OK
2026-09-29T10:24:12.327Z,16909.046,RX,bus,-1,0001A341,1,7,01 00 00 0F 03 41 A3,OK
2026-09-29T10:24:12.328Z,16909.099,RX,bus,-1,0011A341,1,5,01 00 00 41 A3,OK
2026-09-29T10:24:12.332Z,16913.889,RX,bus,-1,00018D92,1,7,01 00 00 0F 03 92 8D,OK
2026-09-29T10:24:12.333Z,16914.182,RX,bus,-1,00118D92,1,5,01 00 00 92 8D,OK
2026-09-29T10:24:12.337Z,16919.046,RX,bus,-1,00013D30,1,7,01 00 00 0F 03 30 3D,OK
2026-09-29T10:24:12.338Z,16919.121,RX,bus,-1,00113D30,1,5,01 00 00 30 3D,OK
2026-09-29T10:24:12.342Z,16924.049,RX,bus,-1,0001E065,1,7,01 00 00 0F 03 65 E0,OK
2026-09-29T10:24:12.343Z,16924.103,RX,bus,-1,0011E065,1,5,01 00 00 65 E0,OK
2026-09-29T10:24:12.347Z,16928.907,RX,bus,-1,000170BD,1,7,01 00 00 0F 03 BD 70,OK
2026-09-29T10:24:12.348Z,16929.176,RX,bus,-1,001170BD,1,5,01 00 00 BD 70,OK
2026-09-29T10:24:12.352Z,16933.919,RX,bus,-1,0001BE17,1,7,01 00 00 0F 03 17 BE,OK
2026-09-29T10:24:12.353Z,16934.146,RX,bus,-1,0011BE17,1,5,01 00 00 17 BE,OK
2026-09-29T10:24:12.357Z,16938.910,RX,bus,-1,0001DEC0,1,7,01 00 00 0F 03 C0 DE,OK
2026-09-29T10:24:12.358Z,16939.197,RX,bus,-1,0011DEC0,1,5,01 00 00 C0 DE,OK
2026-09-29T10:24:12.362Z,16944.065,RX,bus,-1,0001CC75,1,7,01 00 00 0F 03 75 CC,OK
2026-09-29T10:24:12.363Z,16944.118,RX,bus,-1,0011CC75,1,5,01 00 00 75 CC,OK
2026-09-29T10:24:12.367Z,16948.958,RX,bus,-1,0001CF0D,1,7,01 00 00 0F 03 0D CF,OK
2026-09-29T10:24:12.367Z,16949.149,RX,bus,-1,0011CF0D,1,5,01 00 00 0D CF,OK
2026-09-29T10:24:12.372Z,16953.892,RX,bus,-1,0001DCCA,1,7,01 00 00 0F 03 CA DC,OK
2026-09-29T10:24:12.372Z,16954.106,RX,bus,-1,0011DCCA,1,5,01 00 00 CA DC,OK
2026-09-29T10:24:12.377Z,16958.922,RX,bus,-1,000186B8,1,7,01 00 00 0F 03 B8 86,OK
2026-09-29T10:24:12.377Z,16959.146,RX,bus,-1,001186B8,1,5,01 00 00 B8 86,OK
2026-09-29T10:24:12.382Z,16963.927,RX,bus,-1,00012898,1,7,01 00 00 0F 03 98 28,OK
2026-09-29T10:24:12.382Z,16964.105,RX,bus,-1,00112898,1,5,01 00 00 98 28,OK
2026-09-29T10:24:12.387Z,16968.954,RX,bus,-1,0001B72E,1,7,01 00 00 0F 03 2E B7,OK
2026-09-29T10:24:12.387Z,16969.123,RX,bus,-1,0011B72E,1,5,01 00 00 2E B7,OK
2026-09-29T10:24:12.392Z,16973.951,RX,bus,-1,0001AB80,1,7,01 00 00 0F 03 80 AB,OK
2026-09-29T10:24:12.392Z,16974.148,RX,bus,-1,0011AB80,1,5,01 00 00 80 AB,OK
2026-09-29T10:24:12.397Z,16978.881,RX,bus,-1,0001DB8B,1,7,01 00 00 0F 03 8B DB,OK
2026-09-29T10:24:12.397Z,16979.150,RX,bus,-1,0011DB8B,1,5,01 00 00 8B DB,OK
2026-09-29T10:24:12.402Z,16983.872,RX,bus,-1,00015CE4,1,7,01 00 00 0F 03 E4 5C,OK
2026-09-29T10:24:12.402Z,16984.142,RX,bus,-1,00115CE4,1,5,01 00 00 E4 5C,OK
2026-09-29T10:24:12.407Z,16988.901,RX,bus,-1,00010E4E,1,7,01 00 00 0F 03 4E 0E,OK
2026-09-29T10:24:12.407Z,16989.165,RX,bus,-1,00110E4E,1,5,01 00 00 4E 0E,OK
2026-09-29T10:24:12.412Z,16993.940,RX,bus,-1,0001D784,1,7,01 00 00 0F 03 84 D7,OK
2026-09-29T10:24:12.412Z,16994.109,RX,bus,-1,0011D784,1,5,01 00 00 84 D7,OK
2026-09-29T10:24:12.417Z,16998.935,RX,bus,-1,0001F85A,1,7,01 00 00 0F 03 5A F8,OK
2026-09-29T10:24:12.417Z,16999.140,RX,bus,-1,0011F85A,1,5,01 00 00 5A F8,OK
2026-09-29T10:24:12.422Z,17004.124,RX,bus,-1,0001F327,1,7,01 00 00 0F 03 27 F3,OK
2026-09-29T10:24:12.423Z,17004.176,RX,bus,-1,0011F327,1,5,01 00 00 27 F3,OK
2026-09-29T10:24:12.427Z,17009.068,RX,bus,-1,00017EEF,1,7,01 00 00 0F 03 EF 7E,OK
2026-09-29T10:24:12.427Z,17009.123,RX,bus,-1,00117EEF,1,5,01 00 00 EF 7E,OK
2026-09-29T10:24:12.432Z,17013.888,RX,bus,-1,0001240E,1,7,01 00 00 0F 03 0E 24,OK
2026-09-29T10:24:12.432Z,17014.080,RX,bus,-1,0011240E,1,5,01 00 00 0E 24,OK
2026-09-29T10:24:12.437Z,17019.065,RX,bus,-1,0001C8F3,1,7,01 00 00 0F 03 F3 C8,OK
2026-09-29T10:24:12.437Z,17019.118,RX,bus,-1,0011C8F3,1,5,01 00 00 F3 C8,OK
2026-09-29T10:24:12.442Z,17024.069,RX,bus,-1,000125BF,1,7,01 00 00 0F 03 BF 25,OK
2026-09-29T10:24:12.442Z,17024.121,RX,bus,-1,001125BF,1,5,01 00 00 BF 25,OK
2026-09-29T10:24:12.447Z,17028.897,RX,bus,-1,000140CC,1,7,01 00 00 0F 03 CC 40,OK
2026-09-29T10:24:12.447Z,17029.114,RX,bus,-1,001140CC,1,5,01 00 00 CC 40,OK
2026-09-29T10:24:12.452Z,17033.881,RX,bus,-1,00017274,1,7,01 00 00 0F 03 74 72,OK
2026-09-29T10:24:12.452Z,17034.131,RX,bus,-1,00117274,1,5,01 00 00 74 72,OK
2026-09-29T10:24:12.457Z,17038.906,RX,bus,-1,00014697,1,7,01 00 00 0F 03 97 46,OK
2026-09-29T10:24:12.457Z,17039.147,RX,bus,-1,00114697,1,5,01 00 00 97 46,OK
2026-09-29T10:24:12.462Z,17043.962,RX,bus,-1,00017229,1,7,01 00 00 0F 03 29 72,OK
2026-09-29T10:24:12.462Z,17044.144,RX,bus,-1,00117229,1,5,01 00 00 29 72,OK
2026-09-29T10:24:12.467Z,17048.910,RX,bus,-1,0001EF7D,1,7,01 00 00 0F 03 7D EF,OK
2026-09-29T10:24:12.467Z,17049.155,RX,bus,-1,0011EF7D,1,5,01 00 00 7D EF,OK
2026-09-29T10:24:12.472Z,17053.944,RX,bus,-1,0001BC21,1,7,01 00 00 0F 03 21 BC,OK
2026-09-29T10:24:12.472Z,17054.088,RX,bus,-1,0011BC21,1,5,01 00 00 21 BC,OK
2026-09-29T10:24:12.477Z,17058.888,RX,bus,-1,0001D57E,1,7,01 00 00 0F 03 7E D5,OK
2026-09-29T10:24:12.477Z,17059.077,RX,bus,-1,0011D57E,1,5,01 00 00 7E D5,OK
2026-09-29T10:24:12.482Z,17063.890,RX,bus,-1,00012F5A,1,7,01 00 00 0F 03 5A 2F,OK
2026-09-29T10:24:12.482Z,17064.142,RX,bus,-1,00112F5A,1,5,01 00 00 5A 2F,OK
2026-09-29T10:24:12.487Z,17068.915,RX,bus,-1,000147DC,1,7,01 00 00 0F 03 DC 47,OK
2026-09-29T10:24:12.487Z,17069.121,RX,bus,-1,001147DC,1,5,01 00 00 DC 47,OK
2026-09-29T10:24:12.492Z,17073.891,RX,bus,-1,00015248,1,7,01 00 00 0F 03 48 52,OK
2026-09-29T10:24:12.492Z,17074.084,RX,bus,-1,00115248,1,5,01 00 00 48 52,OK
2026-09-29T10:24:12.497Z,17078.891,RX,bus,-1,0001931A,1,7,01 00 00 0F 03 1A 93,OK
2026-09-29T10:24:12.497Z,17079.137,RX,bus,-1,0011931A,1,5,01 00 00 1A 93,OK
2026-09-29T10:24:12.502Z,17083.976,RX,bus,-1,00010FD0,1,7,01 00 00 0F 03 D0 0F,OK
2026-09-29T10:24:12.502Z,17084.117,RX,bus,-1,00110FD0,1,5,01 00 00 D0 0F,OK
2026-09-29T10:24:12.507Z,17088.845,RX,bus,-1,00011026,1,7,01 00 00 0F 03 26 10,OK
2026-09-29T10:24:12.507Z,17089.064,RX,bus,-1,00111026,1,5,01 00 00 26 10,OK
2026-09-29T10:24:12.512Z,17093.890,RX,bus,-1,0001BB57,1,7,01 00 00 0F 03 57 BB,OK
2026-09-29T10:24:12.512Z,17094.136,RX,bus,-1,0011BB57,1,5,01 00 00 57 BB,OK
2026-09-29T10:24:12.517Z,17098.932,RX,bus,-1,00019D1E,1,7,01 00 00 0F 03 1E 9D,OK
2026-09-29T10:24:12.517Z,17099.135,RX,bus,-1,00119D1E,1,5,01 00 00 1E 9D,OK
2026-09-29T10:24:12.522Z,17103.883,RX,bus,-1,0001BB67,1,7,01 00 00 0F 03 67 BB,OK
2026-09-29T10:24:12.523Z,17104.129,RX,bus,-1,0011BB67,1,5,01 00 00 67 BB,OK
2026-09-29T10:24:12.527Z,17108.973,RX,bus,-1,0001DEE0,1,7,01 00 00 0F 03 E0 DE,OK
2026-09-29T10:24:12.527Z,17109.128,RX,bus,-1,0011DEE0,1,5,01 00 00 E0 DE,OK
2026-09-29T10:24:12.532Z,17113.975,RX,bus,-1,0001DA2D,1,7,01 00 00 0F 03 2D DA,OK
2026-09-29T10:24:12.532Z,17114.125,RX,bus,-1,0011DA2D,1,5,01 00 00 2D DA,OK
2026-09-29T10:24:12.537Z,17118.983,RX,bus,-1,00016D3D,1,7,01 00 00 0F 03 3D 6D,OK
2026-09-29T10:24:12.537Z,17119.125,RX,bus,-1,00116D3D,1,5,01 00 00 3D 6D,OK
2026-09-29T10:24:12.542Z,17124.132,RX,bus,-1,000158EB,1,7,01 00 00 0F 03 EB 58,OK
2026-09-29T10:24:12.542Z,17124.186,RX,bus,-1,001158EB,1,5,01 00 00 EB 58,OK
2026-09-29T10:24:12.547Z,17128.968,RX,bus,-1,0001E47F,1,7,01 00 00 0F 03 7F E4,OK
2026-09-29T10:24:12.547Z,17129.120,RX,bus,-1,0011E47F,1,5,01 00 00 7F E4,OK
2026-09-29T10:24:12.552Z,17133.880,RX,bus,-1,0001070B,1,7,01 00 00 0F 03 0B 07,OK
2026-09-29T10:24:12.552Z,17134.126,RX,bus,-1,0011070B,1,5,01 00 00 0B 07,OK
2026-09-29T10:24:12.557Z,17138.854,RX,bus,-1,000125B1,1,7,01 00 00 0F 03 B1 25,OK
2026-09-29T10:24:12.557Z,17139.101,RX,bus,-1,001125B1,1,5,01 00 00 B1 25,OK
2026-09-29T10:24:12.562Z,17143.892,RX,bus,-1,00012F71,1,7,01 00 00 0F 03 71 2F,OK
2026-09-29T10:24:12.562Z,17144.128,RX,bus,-1,00112F71,1,5,01 00 00 71 2F,OK
2026-09-29T10:24:12.568Z,17148.855,RX,bus,-1,0001C3C5,1,7,01 00 00 0F 03 C5 C3,OK
2026-09-29T10:24:12.568Z,17149.058,RX,bus,-1,0011C3C5,1,5,01 00 00 C5 C3,OK
2026-09-29T10:24:12.573Z,17154.066,RX,bus,-1,00010A4A,1,7,01 00 00 0F 03 4A 0A,OK
2026-09-29T10:24:12.573Z,17154.119,RX,bus,-1,00110A4A,1,5,01 00 00 4A 0A,OK
2026-09-29T10:24:12.578Z,17159.072,RX,bus,-1,0001DA82,1,7,01 00 00 0F 03 82 DA,OK
2026-09-29T10:24:12.578Z,17159.123,RX,bus,-1,0011DA82,1,5,01 00 00 82 DA,OK
2026-09-29T10:24:12.583Z,17164.020,RX,bus,-1,00011B64,1,7,01 00 00 0F 03 64 1B,OK
2026-09-29T10:24:12.583Z,17164.071,RX,bus,-1,00111B64,1,5,01 00 00 64 1B,OK
2026-09-29T10:24:12.588Z,17168.913,RX,bus,-1,000158EC,1,7,01 00 00 0F 03 EC 58,OK
2026-09-29T10:24:12.588Z,17169.136,RX,bus,-1,001158EC,1,5,01 00 00 EC 58,OK
2026-09-29T10:24:12.593Z,17174.030,RX,bus,-1,000140D1,1,7,01 00 00 0F 03 D1 40,OK
2026-09-29T10:24:12.593Z,17174.092,RX,bus,-1,001140D1,1,5,01 00 00 D1 40,OK
2026-09-29T10:24:12.598Z,17179.079,RX,bus,-1,0001EB82,1,7,01 00 00 0F 03 82 EB,OK
2026-09-29T10:24:12.598Z,17179.146,RX,bus,-1,0011EB82,1,5,01 00 00 82 EB,OK
2026-09-29T10:24:12.603Z,17184.006,RX,bus,-1,00012F61,1,7,01 00 00 0F 03 61 2F,OK
2026-09-29T10:24:12.603Z,17184.133,RX,bus,-1,00112F61,1,5,01 00 00 61 2F,OK
2026-09-29T10:24:12.608Z,17188.986,RX,bus,-1,00019784,1,7,01 00 00 0F 03 84 97,OK
2026-09-29T10:24:12.608Z,17189.058,RX,bus,-1,00119784,1,5,01 00 00 84 97,OK
2026-09-29T10:24:12.613Z,17193.854,RX,bus,-1,00019E43,1,7,01 00 00 0F 03 43 9E,OK
2026-09-29T10:24:12.613Z,17194.118,RX,bus,-1,00119E43,1,5,01 00 00 43 9E,OK
2026-09-29T10:24:12.618Z,17198.840,RX,bus,-1,00014B1A,1,7,01 00 00 0F 03 1A 4B,OK
2026-09-29T10:24:12.618Z,17199.096,RX,bus,-1,00114B1A,1,5,01 00 00 1A 4B,OK
2026-09-29T10:24:12.622Z,17203.959,RX,bus,-1,000140C3,1,7,01 00 00 0F 03 C3 40,OK
2026-09-29T10:24:12.622Z,17204.124,RX,bus,-1,001140C3,1,5,01 00 00 C3 40,OK
2026-09-29T10:24:12.627Z,17208.982,RX,bus,-1,00014F1B,1,7,01 00 00 0F 03 1B 4F,OK
2026-09-29T10:24:12.627Z,17209.126,RX,bus,-1,00114F1B,1,5,01 00 00 1B 4F,OK
2026-09-29T10:24:12.632Z,17213.901,RX,bus,-1,0001BCFB,1,7,01 00 00 0F 03 FB BC,OK
2026-09-29T10:24:12.632Z,17214.104,RX,bus,-1,0011BCFB,1,5,01 00 00 FB BC,OK
2026-09-29T10:24:12.637Z,17218.881,RX,bus,-1,0001D9C7,1,7,01 00 00 0F 03 C7 D9,OK
2026-09-29T10:24:12.637Z,17219.120,RX,bus,-1,0011D9C7,1,5,01 00 00 C7 D9,OK
2026-09-29T10:24:12.642Z,17223.885,RX,bus,-1,000183FC,1,7,01 00 00 0F 03 FC 83,OK
2026-09-29T10:24:12.642Z,17224.128,RX,bus,-1,001183FC,1,5,01 00 00 FC 83,OK
2026-09-29T10:24:12.647Z,17228.957,RX,bus,-1,0001F6A1,1,7,01 00 00 0F 03 A1 F6,OK
2026-09-29T10:24:12.647Z,17229.105,RX,bus,-1,0011F6A1,1,5,01 00 00 A1 F6,OK
2026-09-29T10:24:12.652Z,17233.895,RX,bus,-1,0001FFB8,1,7,01 00 00 0F 03 B8 FF,OK
2026-09-29T10:24:12.652Z,17234.124,RX,bus,-1,0011FFB8,1,5,01 00 00 B8 FF,OK
2026-09-29T10:24:12.657Z,17238.861,RX,bus,-1,0001A661,1,7,01 00 00 0F 03 61 A6,OK
2026-09-29T10:24:12.657Z,17239.043,RX,bus,-1,0011A661,1,5,01 00 00 61 A6,OK
2026-09-29T10:24:12.662Z,17243.864,RX,bus,-1,0001F4A9,1,7,01 00 00 0F 03 A9 F4,OK
2026-09-29T10:24:12.662Z,17244.115,RX,bus,-1,0011F4A9,1,5,01 00 00 A9 F4,OK
2026-09-29T10:24:12.668Z,17249.075,RX,bus,-1,00018E89,1,7,01 00 00 0F 03 89 8E,OK
2026-09-29T10:24:12.668Z,17249.161,RX,bus,-1,00118E89,1,5,01 00 00 89 8E,OK
2026-09-29T10:24:12.673Z,17254.001,RX,bus,-1,00017D17,1,7,01 00 00 0F 03 17 7D,OK
2026-09-29T10:24:12.673Z,17254.052,RX,bus,-1,00117D17,1,5,01 00 00 17 7D,OK
2026-09-29T10:24:12.678Z,17259.068,RX,bus,-1,00014B21,1,7,01 00 00 0F 03 21 4B,OK
2026-09-29T10:24:12.678Z,17259.152,RX,bus,-1,00114B21,1,5,01 00 00 21 4B,OK
2026-09-29T10:24:12.683Z,17264.031,RX,bus,-1,00012563,1,7,01 00 00 0F 03 63 25,OK
2026-09-29T10:24:12.683Z,17264.097,RX,bus,-1,00112563,1,5,01 00 00 63 25,OK
2026-09-29T10:24:12.687Z,17268.882,RX,bus,-1,000161AF,1,7,01 00 00 0F 03 AF 61,OK
2026-09-29T10:24:12.688Z,17269.119,RX,bus,-1,001161AF,1,5,01 00 00 AF 61,OK
2026-09-29T10:24:12.692Z,17273.857,RX,bus,-1,000140C3,1,7,01 00 00 0F 03 C3 40,OK
2026-09-29T10:24:12.693Z,17274.103,RX,bus,-1,001140C3,1,5,01 00 00 C3 40,OK
2026-09-29T10:24:12.697Z,17278.850,RX,bus,-1,00013760,1,7,01 00 00 0F 03 60 37,OK
2026-09-29T10:24:12.698Z,17279.168,RX,bus,-1,00113760,1,5,01 00 00 60 37,OK
2026-09-29T10:24:12.702Z,17283.809,RX,bus,-1,00019356,1,7,01 00 00 0F 03 56 93,OK
2026-09-29T10:24:12.703Z,17284.043,RX,bus,-1,00119356,1,5,01 00 00 56 93,OK
2026-09-29T10:24:12.708Z,17289.032,RX,bus,-1,0001D8FC,1,7,01 00 00 0F 03 FC D8,OK
2026-09-29T10:24:12.708Z,17289.099,RX,bus,-1,0011D8FC,1,5,01 00 00 FC D8,OK
2026-09-29T10:24:12.712Z,17293.797,RX,bus,-1,0001326E,1,7,01 00 00 0F 03 6E 32,OK
2026-09-29T10:24:12.713Z,17294.069,RX,bus,-1,0011326E,1,5,01 00 00 6E 32,OK
2026-09-29T10:24:12.717Z,17298.868,RX,bus,-1,0001061F,1,7,01 00 00 0F 03 1F 06,OK
2026-09-29T10:24:12.718Z,17299.099,RX,bus,-1,0011061F,1,5,01 00 00 1F 06,OK
2026-09-29T10:24:12.722Z,17303.862,RX,bus,-1,00014992,1,7,01 00 00 0F 03 92 49,OK
2026-09-29T10:24:12.722Z,17304.031,RX,bus,-1,00114992,1,5,01 00 00 92 49,OK
2026-09-29T10:24:12.728Z,17308.898,RX,bus,-1,000151CA,1,7,01 00 00 0F 03 CA 51,OK
2026-09-29T10:24:12.728Z,17309.052,RX,bus,-1,001151CA,1,5,01 00 00 CA 51,OK
2026-09-29T10:24:12.733Z,17313.830,RX,bus,-1,0001327E,1,7,01 00 00 0F 03 7E 32,OK
2026-09-29T10:24:12.733Z,17314.084,RX,bus,-1,0011327E,1,5,01 00 00 7E 32,OK
2026-09-29T10:24:12.738Z,17318.883,RX,bus,-1,0001C54A,1,7,01 00 00 0F 03 4A C5,OK
2026-09-29T10:24:12.738Z,17319.101,RX,bus,-1,0011C54A,1,5,01 00 00 4A C5,OK
2026-09-29T10:24:12.743Z,17323.879,RX,bus,-1,00018C23,1,7,01 00 00 0F 03 23 8C,OK
2026-09-29T10:24:12.743Z,17324.148,RX,bus,-1,00118C23,1,5,01 00 00 23 8C,OK
2026-09-29T10:24:12.748Z,17328.799,RX,bus,-1,0001E307,1,7,01 00 00 0F 03 07 E3,OK
2026-09-29T10:24:12.748Z,17329.071,RX,bus,-1,0011E307,1,5,01 00 00 07 E3,OK
2026-09-29T10:24:12.753Z,17333.860,RX,bus,-1,00013486,1,7,01 00 00 0F 03 86 34,OK
2026-09-29T10:24:12.753Z,17334.034,RX,bus,-1,00113486,1,5,01 00 00 86 34,OK
2026-09-29T10:24:12.758Z,17338.820,RX,bus,-1,000149BB,1,7,01 00 00 0F 03 BB 49,OK
2026-09-29T10:24:12.758Z,17339.023,RX,bus,-1,001149BB,1,5,01 00 00 BB 49,OK
2026-09-29T10:24:12.762Z,17343.815,RX,bus,-1,00014AE2,1,7,01 00 00 0F 03 E2 4A,OK
2026-09-29T10:24:12.762Z,17343.999,RX,bus,-1,00114AE2,1,5,01 00 00 E2 4A,OK
2026-09-29T10:24:12.767Z,17348.786,RX,bus,-1,00012D1B,1,7,01 00 00 0F 03 1B 2D,OK
2026-09-29T10:24:12.768Z,17349.019,RX,bus,-1,00112D1B,1,5,01 00 00 1B 2D,OK
2026-09-29T10:24:12.772Z,17353.813,RX,bus,-1,0001477A,1,7,01 00 00 0F 03 7A 47,OK
2026-09-29T10:24:12.772Z,17354.013,RX,bus,-1,0011477A,1,5,01 00 00 7A 47,OK
2026-09-29T10:24:12.777Z,17358.829,RX,bus,-1,000183FF,1,7,01 00 00 0F 03 FF 83,OK
2026-09-29T10:24:12.777Z,17359.078,RX,bus,-1,001183FF,1,5,01 00 00 FF 83,OK
2026-09-29T10:24:12.782Z,17363.790,RX,bus,-1,0001A809,1,7,01 00 00 0F 04 09 A8,OK
2026-09-29T10:24:12.782Z,17364.080,RX,bus,-1,0011A809,1,5,01 00 00 09 A8,OK
2026-09-29T10:24:12.787Z,17368.792,RX,bus,-1,0001408A,1,7,01 00 00 0F 03 8A 40,OK
2026-09-29T10:24:12.787Z,17369.021,RX,bus,-1,0011408A,1,5,01 00 00 8A 40,OK
2026-09-29T10:24:12.792Z,17373.832,RX,bus,-1,00019FA1,1,7,01 00 00 0F 03 A1 9F,OK
2026-09-29T10:24:12.792Z,17374.060,RX,bus,-1,00119FA1,1,5,01 00 00 A1 9F,OK
2026-09-29T10:24:12.797Z,17378.791,RX,bus,-1,0001C1DB,1,7,01 00 00 0F 03 DB C1,OK
2026-09-29T10:24:12.797Z,17379.026,RX,bus,-1,0011C1DB,1,5,01 00 00 DB C1,OK
2026-09-29T10:24:12.802Z,17383.784,RX,bus,-1,0001AE87,1,7,01 00 00 0F 03 87 AE,OK
2026-09-29T10:24:12.802Z,17384.018,RX,bus,-1,0011AE87,1,5,01 00 00 87 AE,OK
2026-09-29T10:24:12.807Z,17388.824,RX,bus,-1,00014F58,1,7,01 00 00 0F 03 58 4F,OK
2026-09-29T10:24:12.808Z,17389.101,RX,bus,-1,00114F58,1,5,01 00 00 58 4F,OK
2026-09-29T10:24:12.812Z,17393.787,RX,bus,-1,0001AA49,1,7,01 00 00 0F 03 49 AA,OK
2026-09-29T10:24:12.812Z,17394.015,RX,bus,-1,0011AA49,1,5,01 00 00 49 AA,OK
2026-09-29T10:24:12.817Z,17398.790,RX,bus,-1,0001108C,1,7,01 00 00 0F 03 8C 10,OK
2026-09-29T10:24:12.817Z,17399.015,RX,bus,-1,0011108C,1,5,01 00 00 8C 10,OK
2026-09-29T10:24:12.822Z,17403.860,RX,bus,-1,0001C018,1,7,01 00 00 0F 03 18 C0,OK
2026-09-29T10:24:12.822Z,17404.036,RX,bus,-1,0011C018,1,5,01 00 00 18 C0,OK
2026-09-29T10:24:12.827Z,17408.865,RX,bus,-1,0001892F,1,7,01 00 00 0F 03 2F 89,OK
2026-09-29T10:24:12.827Z,17409.052,RX,bus,-1,0011892F,1,5,01 00 00 2F 89,OK
2026-09-29T10:24:12.832Z,17413.821,RX,bus,-1,00012B3C,1,7,01 00 00 0F 03 3C 2B,OK
2026-09-29T10:24:12.832Z,17414.065,RX,bus,-1,00112B3C,1,5,01 00 00 3C 2B,OK
2026-09-29T10:24:12.837Z,17418.879,RX,bus,-1,000187D1,1,7,01 00 00 0F 03 D1 87,OK
2026-09-29T10:24:12.837Z,17419.072,RX,bus,-1,001187D1,1,5,01 00 00 D1 87,OK
2026-09-29T10:24:12.842Z,17423.839,RX,bus,-1,00013713,1,7,01 00 00 0F 03 13 37,OK
2026-09-29T10:24:12.842Z,17424.033,RX,bus,-1,00113713,1,5,01 00 00 13 37,OK
2026-09-29T10:24:12.847Z,17428.853,RX,bus,-1,0001F642,1,7,01 00 00 0F 03 42 F6,OK
2026-09-29T10:24:12.847Z,17429.035,RX,bus,-1,0011F642,1,5,01 00 00 42 F6,OK
2026-09-29T10:24:12.852Z,17433.850,RX,bus,-1,000137F5,1,7,01 00 00 0F 03 F5 37,OK
2026-09-29T10:24:12.852Z,17434.073,RX,bus,-1,001137F5,1,5,01 00 00 F5 37,OK
2026-09-29T10:24:12.857Z,17438.793,RX,bus,-1,000185A9,1,7,01 00 00 0F 03 A9 85,OK
2026-09-29T10:24:12.857Z,17439.061,RX,bus,-1,001185A9,1,5,01 00 00 A9 85,OK
2026-09-29T10:24:12.862Z,17443.848,RX,bus,-1,0001EC01,1,7,01 00 00 0F 03 01 EC,OK
2026-09-29T10:24:12.862Z,17444.049,RX,bus,-1,0011EC01,1,5,01 00 00 01 EC,OK
2026-09-29T10:24:12.867Z,17448.795,RX,bus,-1,000134EE,1,7,01 00 00 0F 03 EE 34,OK
2026-09-29T10:24:12.867Z,17449.031,RX,bus,-1,001134EE,1,5,01 00 00 EE 34,OK
2026-09-29T10:24:12.872Z,17453.798,RX,bus,-1,00014C91,1,7,01 00 00 0F 03 91 4C,OK
2026-09-29T10:24:12.872Z,17454.075,RX,bus,-1,00114C91,1,5,01 00 00 91 4C,OK
2026-09-29T10:24:12.877Z,17458.793,RX,bus,-1,00011EDB,1,7,01 00 00 0F 03 DB 1E,OK
2026-09-29T10:24:12.877Z,17459.027,RX,bus,-1,00111EDB,1,5,01 00 00 DB 1E,OK
2026-09-29T10:24:12.882Z,17463.794,RX,bus,-1,0001D2F1,1,7,01 00 00 0F 03 F1 D2,OK
2026-09-29T10:24:12.882Z,17464.017,RX,bus,-1,0011D2F1,1,5,01 00 00 F1 D2,OK
2026-09-29T10:24:12.887Z,17468.789,RX,bus,-1,00015E25,1,7,01 00 00 0F 03 25 5E,OK
2026-09-29T10:24:12.887Z,17469.019,RX,bus,-1,00115E25,1,5,01 00 00 25 5E,OK
2026-09-29T10:24:12.892Z,17473.796,RX,bus,-1,00016E86,1,7,01 00 00 0F 03 86 6E,OK
2026-09-29T10:24:12.892Z,17474.023,RX,bus,-1,00116E86,1,5,01 00 00 86 6E,OK
2026-09-29T10:24:12.897Z,17478.829,RX,bus,-1,00015C3A,1,7,01 00 00 0F 03 3A 5C,OK
2026-09-29T10:24:12.897Z,17479.031,RX,bus,-1,00115C3A,1,5,01 00 00 3A 5C,OK
2026-09-29T10:24:12.902Z,17483.824,RX,bus,-1,0001708C,1,7,01 00 00 0F 03 8C 70,OK
2026-09-29T10:24:12.902Z,17484.019,RX,bus,-1,0011708C,1,5,01 00 00 8C 70,OK
2026-09-29T10:24:12.908Z,17488.808,RX,bus,-1,0001B48A,1,7,01 00 00 0F 03 8A B4,OK
2026-09-29T10:24:12.908Z,17489.022,RX,bus,-1,0011B48A,1,5,01 00 00 8A B4,OK
2026-09-29T10:24:12.913Z,17493.857,RX,bus,-1,00012116,1,7,01 00 00 0F 03 16 21,OK
2026-09-29T10:24:12.913Z,17494.035,RX,bus,-1,00112116,1,5,01 00 00 16 21,OK
2026-09-29T10:24:12.918Z,17498.830,RX,bus,-1,000188A4,1,7,01 00 00 0F 03 A4 88,OK
2026-09-29T10:24:12.918Z,17499.017,RX,bus,-1,001188A4,1,5,01 00 00 A4 88,OK
2026-09-29T10:24:12.923Z,17503.827,RX,bus,-1,000196EA,1,7,01 00 00 0F 03 EA 96,OK
2026-09-29T10:24:12.923Z,17504.002,RX,bus,-1,001196EA,1,5,01 00 00 EA 96,OK
2026-09-29T10:24:12.928Z,17508.831,RX,bus,-1,0001AA5B,1,7,01 00 00 0F 03 5B AA,OK
2026-09-29T10:24:12.928Z,17509.018,RX,bus,-1,0011AA5B,1,5,01 00 00 5B AA,OK
2026-09-29T10:24:12.933Z,17513.811,RX,bus,-1,00018F81,1,7,01 00 00 0F 03 81 8F,OK
2026-09-29T10:24:12.933Z,17514.025,RX,bus,-1,00118F81,1,5,01 00 00 81 8F,OK
2026-09-29T10:24:12.938Z,17518.816,RX,bus,-1,00018FCF,1,7,01 00 00 0F 03 CF 8F,OK
2026-09-29T10:24:12.938Z,17519.024,RX,bus,-1,00118FCF,1,5,01 00 00 CF 8F,OK
2026-09-29T10:24:12.943Z,17523.875,RX,bus,-1,0001C622,1,7,01 00 00 0F 03 22 C6,OK
2026-09-29T10:24:12.943Z,17524.061,RX,bus,-1,0011C622,1,5,01 00 00 22 C6,OK
2026-09-29T10:24:12.948Z,17528.827,RX,bus,-1,00016E12,1,7,01 00 00 0F 03 12 6E,OK
2026-09-29T10:24:12.948Z,17529.022,RX,bus,-1,00116E12,1,5,01 00 00 12 6E,OK
2026-09-29T10:24:12.953Z,17533.846,RX,bus,-1,00017CFC,1,7,01 00 00 0F 03 FC 7C,OK
2026-09-29T10:24:12.953Z,17534.021,RX,bus,-1,00117CFC,1,5,01 00 00 FC 7C,OK
2026-09-29T10:24:12.958Z,17538.817,RX,bus,-1,000131C2,1,7,01 00 00 0F 03 C2 31,OK
2026-09-29T10:24:12.958Z,17539.029,RX,bus,-1,001131C2,1,5,01 00 00 C2 31,OK
2026-09-29T10:24:12.962Z,17543.786,RX,bus,-1,0001D4A3,1,7,01 00 00 0F 03 A3 D4,OK
2026-09-29T10:24:12.962Z,17544.012,RX,bus,-1,0011D4A3,1,5,01 00 00 A3 D4,OK
2026-09-29T10:24:12.967Z,17548.797,RX,bus,-1,0001F1C9,1,7,01 00 00 0F 03 C9 F1,OK
2026-09-29T10:24:12.967Z,17549.021,RX,bus,-1,0011F1C9,1,5,01 00 00 C9 F1,OK
2026-09-29T10:24:12.972Z,17553.822,RX,bus,-1,00017E63,1,7,01 00 00 0F 03 63 7E,OK
2026-09-29T10:24:12.972Z,17554.022,RX,bus,-1,00117E63,1,5,01 00 00 63 7E,OK
2026-09-29T10:24:12.977Z,17558.788,RX,bus,-1,00017B23,1,7,01 00 00 0F 03 23 7B,OK
2026-09-29T10:24:12.977Z,17559.013,RX,bus,-1,00117B23,1,5,01 00 00 23 7B,OK
2026-09-29T10:24:12.982Z,17563.791,RX,bus,-1,00018B45,1,7,01 00 00 0F 03 45 8B,OK
2026-09-29T10:24:12.982Z,17564.015,RX,bus,-1,00118B45,1,5,01 00 00 45 8B,OK
2026-09-29T10:24:12.987Z,17568.785,RX,bus,-1,0001A160,1,7,01 00 00 0F 03 60 A1,OK
2026-09-29T10:24:12.987Z,17569.045,RX,bus,-1,0011A160,1,5,01 00 00 60 A1,OK
2026-09-29T10:24:12.992Z,17573.785,RX,bus,-1,0001E1B0,1,7,01 00 00 0F 03 B0 E1,OK
2026-09-29T10:24:12.992Z,17574.043,RX,bus,-1,0011E1B0,1,5,01 00 00 B0 E1,OK
2026-09-29T10:24:12.997Z,17578.783,RX,bus,-1,0001F236,1,7,01 00 00 0F 03 36 F2,OK
2026-09-29T10:24:12.997Z,17579.019,RX,bus,-1,0011F236,1,5,01 00 00 36 F2,OK
2026-09-29T10:24:13.002Z,17583.786,RX,bus,-1,0001091D,1,7,01 00 00 0F 03 1D 09,OK
2026-09-29T10:24:13.002Z,17584.040,RX,bus,-1,0011091D,1,5,01 00 00 1D 09,OK
2026-09-29T10:24:13.007Z,17588.783,RX,bus,-1,00013B60,1,7,01 00 00 0F 03 60 3B,OK
2026-09-29T10:24:13.007Z,17589.026,RX,bus,-1,00113B60,1,5,01 00 00 60 3B,OK
2026-09-29T10:24:13.012Z,17593.822,RX,bus,-1,0001D72A,1,7,01 00 00 0F 03 2A D7,OK
2026-09-29T10:24:13.013Z,17594.060,RX,bus,-1,0011D72A,1,5,01 00 00 2A D7,OK
2026-09-29T10:24:13.017Z,17598.819,RX,bus,-1,0001F4A1,1,7,01 00 00 0F 03 A1 F4,OK
2026-09-29T10:24:13.018Z,17599.069,RX,bus,-1,0011F4A1,1,5,01 00 00 A1 F4,OK
2026-09-29T10:24:13.022Z,17603.823,RX,bus,-1,00019313,1,7,01 00 00 0F 03 13 93,OK
2026-09-29T10:24:13.023Z,17604.041,RX,bus,-1,00119313,1,5,01 00 00 13 93,OK
2026-09-29T10:24:13.027Z,17608.825,RX,bus,-1,0001949D,1,7,01 00 00 0F 03 9D 94,OK
2026-09-29T10:24:13.028Z,17609.041,RX,bus,-1,0011949D,1,5,01 00 00 9D 94,OK
2026-09-29T10:24:13.032Z,17613.825,RX,bus,-1,0001785D,1,7,01 00 00 0F 03 5D 78,OK
2026-09-29T10:24:13.033Z,17614.080,RX,bus,-1,0011785D,1,5,01 00 00 5D 78,OK
2026-09-29T10:24:13.037Z,17618.858,RX,bus,-1,000111EF,1,7,01 00 00 0F 03 EF 11,OK
2026-09-29T10:24:13.038Z,17619.084,RX,bus,-1,001111EF,1,5,01 00 00 EF 11,OK
2026-09-29T10:24:13.042Z,17623.824,RX,bus,-1,0001E334,1,7,01 00 00 0F 03 34 E3,OK
2026-09-29T10:24:13.043Z,17624.172,RX,bus,-1,0011E334,1,5,01 00 00 34 E3,OK
2026-09-29T10:24:13.047Z,17628.861,RX,bus,-1,00017E9D,1,7,01 00 00 0F 03 9D 7E,OK
2026-09-29T10:24:13.048Z,17629.128,RX,bus,-1,00117E9D,1,5,01 00 00 9D 7E,OK
2026-09-29T10:24:13.052Z,17633.865,RX,bus,-1,0001DCCD,1,7,01 00 00 0F 03 CD DC,OK
2026-09-29T10:24:13.053Z,17634.154,RX,bus,-1,0011DCCD,1,5,01 00 00 CD DC,OK
2026-09-29T10:24:13.057Z,17638.867,RX,bus,-1,000142DA,1,7,01 00 00 0F 03 DA 42,OK
2026-09-29T10:24:13.057Z,17639.076,RX,bus,-1,001142DA,1,5,01 00 00 DA 42,OK
2026-09-29T10:24:13.062Z,17643.824,RX,bus,-1,0001E7C7,1,7,01 00 00 0F 03 C7 E7,OK
2026-09-29T10:24:13.062Z,17644.065,RX,bus,-1,0011E7C7,1,5,01 00 00 C7 E7,OK
2026-09-29T10:24:13.067Z,17648.818,RX,bus,-1,000178BB,1,7,01 00 00 0F 03 BB 78,OK
2026-09-29T10:24:13.067Z,17649.095,RX,bus,-1,001178BB,1,5,01 00 00 BB 78,OK
2026-09-29T10:24:13.072Z,17653.871,RX,bus,-1,00012868,1,7,01 00 00 0F 03 68 28,OK
2026-09-29T10:24:13.072Z,17654.092,RX,bus,-1,00112868,1,5,01 00 00 68 28,OK
2026-09-29T10:24:13.077Z,17658.856,RX,bus,-1,00014947,1,7,01 00 00 0F 03 47 49,OK
2026-09-29T10:24:13.077Z,17659.102,RX,bus,-1,00114947,1,5,01 00 00 47 49,OK
2026-09-29T10:24:13.082Z,17663.880,RX,bus,-1,00013A21,1,7,01 00 00 0F 03 21 3A,OK
2026-09-29T10:24:13.082Z,17664.103,RX,bus,-1,00113A21,1,5,01 00 00 21 3A,OK
2026-09-29T10:24:13.087Z,17668.859,RX,bus,-1,0001A00A,1,7,01 00 00 0F 03 0A A0,OK
2026-09-29T10:24:13.087Z,17669.106,RX,bus,-1,0011A00A,1,5,01 00 00 0A A0,OK
2026-09-29T10:24:13.092Z,17673.840,RX,bus,-1,000193BF,1,7,01 00 00 0F 03 BF 93,OK
2026-09-29T10:24:13.092Z,17674.111,RX,bus,-1,001193BF,1,5,01 00 00 BF 93,OK
2026-09-29T10:24:13.097Z,17678.858,RX,bus,-1,00010D10,1,7,01 00 00 0F 03 10 0D,OK
2026-09-29T10:24:13.097Z,17679.104,RX,bus,-1,00110D10,1,5,01 00 00 10 0D,OK
2026-09-29T10:24:13.102Z,17683.909,RX,bus,-1,0001B938,1,7,01 00 00 0F 03 38 B9,OK
2026-09-29T10:24:13.102Z,17684.134,RX,bus,-1,0011B938,1,5,01 00 00 38 B9,OK
2026-09-29T10:24:13.107Z,17688.867,RX,bus,-1,00016DFA,1,7,01 00 00 0F 03 FA 6D,OK
2026-09-29T10:24:13.107Z,17689.112,RX,bus,-1,00116DFA,1,5,01 00 00 FA 6D,OK
2026-09-29T10:24:13.112Z,17693.861,RX,bus,-1,000181F3,1,7,01 00 00 0F 03 F3 81,OK
2026-09-29T10:24:13.112Z,17694.100,RX,bus,-1,001181F3,1,5,01 00 00 F3 81,OK
2026-09-29T10:24:13.117Z,17698.900,RX,bus,-1,0001CD84,1,7,01 00 00 0F 03 84 CD,OK
2026-09-29T10:24:13.117Z,17699.100,RX,bus,-1,0011CD84,1,5,01 00 00 84 CD,OK
2026-09-29T10:24:13.122Z,17703.863,RX,bus,-1,00011BF8,1,7,01 00 00 0F 03 F8 1B,OK
2026-09-29T10:24:13.122Z,17704.106,RX,bus,-1,00111BF8,1,5,01 00 00 F8 1B,OK
2026-09-29T10:24:13.127Z,17709.073,RX,bus,-1,00017DBB,1,7,01 00 00 0F 03 BB 7D,OK
2026-09-29T10:24:13.127Z,17709.127,RX,bus,-1,00117DBB,1,5,01 00 00 BB 7D,OK
2026-09-29T10:24:13.132Z,17713.876,RX,bus,-1,0001946F,1,7,01 00 00 0F 03 6F 94,OK
2026-09-29T10:24:13.132Z,17714.096,RX,bus,-1,0011946F,1,5,01 00 00 6F 94,OK
2026-09-29T10:24:13.137Z,17718.861,RX,bus,-1,000183AF,1,7,01 00 00 0F 03 AF 83,OK
2026-09-29T10:24:13.137Z,17719.107,RX,bus,-1,001183AF,1,5,01 00 00 AF 83,OK
2026-09-29T10:24:13.142Z,17723.894,RX,bus,-1,00016F58,1,7,01 00 00 0F 03 58 6F,OK
2026-09-29T10:24:13.142Z,17724.075,RX,bus,-1,00116F58,1,5,01 00 00 58 6F,OK
2026-09-29T10:24:13.147Z,17728.863,RX,bus,-1,00017864,1,7,01 00 00 0F 03 64 78,OK
2026-09-29T10:24:13.147Z,17729.110,RX,bus,-1,00117864,1,5,01 00 00 64 78,OK
2026-09-29T10:24:13.152Z,17733.866,RX,bus,-1,0001BC5B,1,7,01 00 00 0F 03 5B BC,OK
2026-09-29T10:24:13.152Z,17734.110,RX,bus,-1,0011BC5B,1,5,01 00 00 5B BC,OK
2026-09-29T10:24:13.157Z,17738.861,RX,bus,-1,00012D59,1,7,01 00 00 0F 03 59 2D,OK
2026-09-29T10:24:13.158Z,17739.103,RX,bus,-1,00112D59,1,5,01 00 00 59 2D,OK
2026-09-29T10:24:13.162Z,17743.991,RX,bus,-1,0001C02B,1,7,01 00 00 0F 03 2B C0,OK
2026-09-29T10:24:13.163Z,17744.047,RX,bus,-1,0011C02B,1,5,01 00 00 2B C0,OK
2026-09-29T10:24:13.167Z,17748.863,RX,bus,-1,0001D3D2,1,7,01 00 00 0F 03 D2 D3,OK
2026-09-29T10:24:13.168Z,17749.089,RX,bus,-1,0011D3D2,1,5,01 00 00 D2 D3,OK
2026-09-29T10:24:13.172Z,17753.988,RX,bus,-1,000145CB,1,7,01 00 00 0F 03 CB 45,OK
2026-09-29T10:24:13.173Z,17754.045,RX,bus,-1,001145CB,1,5,01 00 00 CB 45,OK
2026-09-29T10:24:13.177Z,17758.818,RX,bus,-1,000128CE,1,7,01 00 00 0F 03 CE 28,OK
2026-09-29T10:24:13.177Z,17759.035,RX,bus,-1,001128CE,1,5,01 00 00 CE 28,OK
2026-09-29T10:24:13.182Z,17763.816,RX,bus,-1,00019CB6,1,7,01 00 00 0F 03 B6 9C,OK
2026-09-29T10:24:13.183Z,17764.064,RX,bus,-1,00119CB6,1,5,01 00 00 B6 9C,OK
2026-09-29T10:24:13.187Z,17769.013,RX,bus,-1,00019C50,1,7,01 00 00 0F 03 50 9C,OK
2026-09-29T10:24:13.188Z,17769.067,RX,bus,-1,00119C50,1,5,01 00 00 50 9C,OK
2026-09-29T10:24:13.192Z,17774.014,RX,bus,-1,0001D4BA,1,7,01 00 00 0F 03 BA D4,OK
2026-09-29T10:24:13.193Z,17774.077,RX,bus,-1,0011D4BA,1,5,01 00 00 BA D4,OK
2026-09-29T10:24:13.197Z,17778.991,RX,bus,-1,00017962,1,7,01 00 00 0F 03 62 79,OK
2026-09-29T10:24:13.198Z,17779.043,RX,bus,-1,00117962,1,5,01 00 00 62 79,OK
2026-09-29T10:24:13.202Z,17783.990,RX,bus,-1,00019E05,1,7,01 00 00 0F 03 05 9E,OK
2026-09-29T10:24:13.203Z,17784.043,RX,bus,-1,00119E05,1,5,01 00 00 05 9E,OK
2026-09-29T10:24:13.207Z,17788.993,RX,bus,-1,00015CFB,1,7,01 00 00 0F 03 FB 5C,OK
2026-09-29T10:24:13.208Z,17789.079,RX,bus,-1,00115CFB,1,5,01 00 00 FB 5C,OK
2026-09-29T10:24:13.212Z,17793.858,RX,bus,-1,0001A7B8,1,7,01 00 00 0F 03 B8 A7,OK
2026-09-29T10:24:13.212Z,17794.087,RX,bus,-1,0011A7B8,1,5,01 00 00 B8 A7,OK
2026-09-29T10:24:13.218Z,17799.006,RX,bus,-1,000110B3,1,7,01 00 00 0F 03 B3 10,OK
2026-09-29T10:24:13.218Z,17799.062,RX,bus,-1,001110B3,1,5,01 00 00 B3 10,OK
2026-09-29T10:24:13.222Z,17803.992,RX,bus,-1,000104FC,1,7,01 00 00 0F 03 FC 04,OK
2026-09-29T10:24:13.222Z,17804.049,RX,bus,-1,001104FC,1,5,01 00 00 FC 04,OK
2026-09-29T10:24:13.227Z,17808.992,RX,bus,-1,0001CEE3,1,7,01 00 00 0F 03 E3 CE,OK
2026-09-29T10:24:13.227Z,17809.045,RX,bus,-1,0011CEE3,1,5,01 00 00 E3 CE,OK
2026-09-29T10:24:13.232Z,17813.849,RX,bus,-1,00016465,1,7,01 00 00 0F 03 65 64,OK
2026-09-29T10:24:13.232Z,17814.095,RX,bus,-1,00116465,1,5,01 00 00 65 64,OK
2026-09-29T10:24:13.237Z,17818.860,RX,bus,-1,000128AB,1,7,01 00 00 0F 03 AB 28,OK
2026-09-29T10:24:13.237Z,17819.101,RX,bus,-1,001128AB,1,5,01 00 00 AB 28,OK
2026-09-29T10:24:13.242Z,17823.863,RX,bus,-1,00014F2F,1,7,01 00 00 0F 03 2F 4F,OK
2026-09-29T10:24:13.242Z,17824.108,RX,bus,-1,00114F2F,1,5,01 00 00 2F 4F,OK
2026-09-29T10:24:13.247Z,17828.929,RX,bus,-1,0001C2F1,1,7,01 00 00 0F 03 F1 C2,OK
2026-09-29T10:24:13.247Z,17829.061,RX,bus,-1,0011C2F1,1,5,01 00 00 F1 C2,OK
2026-09-29T10:24:13.252Z,17833.906,RX,bus,-1,0001719C,1,7,01 00 00 0F 03 9C 71,OK
2026-09-29T10:24:13.252Z,17834.116,RX,bus,-1,0011719C,1,5,01 00 00 9C 71,OK
2026-09-29T10:24:13.258Z,17838.937,RX,bus,-1,0001A24C,1,7,01 00 00 0F 03 4C A2,OK
2026-09-29T10:24:13.258Z,17839.084,RX,bus,-1,0011A24C,1,5,01 00 00 4C A2,OK
2026-09-29T10:24:13.262Z,17843.857,RX,bus,-1,0001A372,1,7,01 00 00 0F 03 72 A3,OK
2026-09-29T10:24:13.262Z,17844.082,RX,bus,-1,0011A372,1,5,01 00 00 72 A3,OK
2026-09-29T10:24:13.267Z,17849.279,RX,bus,-1,0001E28A,1,7,01 00 00 0F 03 8A E2,OK
2026-09-29T10:24:13.267Z,17849.371,RX,bus,-1,0011E28A,1,5,01 00 00 8A E2,OK
2026-09-29T10:24:13.273Z,17853.951,RX,bus,-1,0001C36E,1,7,01 00 00 0F 03 6E C3,OK
2026-09-29T10:24:13.273Z,17854.067,RX,bus,-1,0011C36E,1,5,01 00 00 6E C3,OK
2026-09-29T10:24:13.278Z,17859.075,RX,bus,-1,00012D2A,1,7,01 00 00 0F 03 2A 2D,OK
2026-09-29T10:24:13.278Z,17859.191,RX,bus,-1,00112D2A,1,5,01 00 00 2A 2D,OK
2026-09-29T10:24:13.283Z,17863.966,RX,bus,-1,0001962E,1,7,01 00 00 0F 03 2E 96,OK
2026-09-29T10:24:13.283Z,17864.080,RX,bus,-1,0011962E,1,5,01 00 00 2E 96,OK
2026-09-29T10:24:13.288Z,17868.955,RX,bus,-1,000192F7,1,7,01 00 00 0F 03 F7 92,OK
2026-09-29T10:24:13.288Z,17869.072,RX,bus,-1,001192F7,1,5,01 00 00 F7 92,OK
2026-09-29T10:24:13.293Z,17873.949,RX,bus,-1,000110D5,1,7,01 00 00 0F 03 D5 10,OK
2026-09-29T10:24:13.293Z,17874.068,RX,bus,-1,001110D5,1,5,01 00 00 D5 10,OK
2026-09-29T10:24:13.298Z,17878.995,RX,bus,-1,0001C3B6,1,7,01 00 00 0F 03 B6 C3,OK
2026-09-29T10:24:13.298Z,17879.090,RX,bus,-1,0011C3B6,1,5,01 00 00 B6 C3,OK
2026-09-29T10:24:13.303Z,17883.978,RX,bus,-1,00019579,1,7,01 00 00 0F 03 79 95,OK
2026-09-29T10:24:13.303Z,17884.071,RX,bus,-1,00119579,1,5,01 00 00 79 95,OK
2026-09-29T10:24:13.308Z,17889.069,RX,bus,-1,0001AF82,1,7,01 00 00 0F 03 82 AF,OK
2026-09-29T10:24:13.308Z,17889.161,RX,bus,-1,0011AF82,1,5,01 00 00 82 AF,OK
2026-09-29T10:24:13.313Z,17894.145,RX,bus,-1,0001E724,1,7,01 00 00 0F 03 24 E7,OK
2026-09-29T10:24:13.314Z,17895.020,RX,bus,-1,0011E724,1,5,01 00 00 24 E7,OK
2026-09-29T10:24:13.317Z,17898.858,RX,bus,-1,0001D840,1,7,01 00 00 0F 03 40 D8,OK
2026-09-29T10:24:13.318Z,17899.089,RX,bus,-1,0011D840,1,5,01 00 00 40 D8,OK
2026-09-29T10:24:13.322Z,17903.838,RX,bus,-1,000178E3,1,7,01 00 00 0F 03 E3 78,OK
2026-09-29T10:24:13.323Z,17904.097,RX,bus,-1,001178E3,1,5,01 00 00 E3 78,OK
2026-09-29T10:24:13.327Z,17908.855,RX,bus,-1,00015E5F,1,7,01 00 00 0F 03 5F 5E,OK
2026-09-29T10:24:13.327Z,17909.095,RX,bus,-1,00115E5F,1,5,01 00 00 5F 5E,OK
2026-09-29T10:24:13.332Z,17913.860,RX,bus,-1,00019F3F,1,7,01 00 00 0F 03 3F 9F,OK
2026-09-29T10:24:13.332Z,17914.102,RX,bus,-1,00119F3F,1,5,01 00 00 3F 9F,OK
2026-09-29T10:24:13.337Z,17918.857,RX,bus,-1,0001C6BA,1,7,01 00 00 0F 03 BA C6,OK
2026-09-29T10:24:13.337Z,17919.097,RX,bus,-1,0011C6BA,1,5,01 00 00 BA C6,OK
2026-09-29T10:24:13.342Z,17923.860,RX,bus,-1,00012D11,1,7,01 00 00 0F 03 11 2D,OK
2026-09-29T10:24:13.342Z,17924.099,RX,bus,-1,00112D11,1,5,01 00 00 11 2D,OK
2026-09-29T10:24:13.347Z,17928.856,RX,bus,-1,0001EC51,1,7,01 00 00 0F 03 51 EC,OK
2026-09-29T10:24:13.347Z,17929.087,RX,bus,-1,0011EC51,1,5,01 00 00 51 EC,OK
2026-09-29T10:24:13.352Z,17933.849,RX,bus,-1,0001848E,1,7,01 00 00 0F 03 8E 84,OK
2026-09-29T10:24:13.352Z,17934.101,RX,bus,-1,0011848E,1,5,01 00 00 8E 84,OK
2026-09-29T10:24:13.357Z,17938.851,RX,bus,-1,0001FB3C,1,7,01 00 00 0F 03 3C FB,OK
2026-09-29T10:24:13.357Z,17939.098,RX,bus,-1,0011FB3C,1,5,01 00 00 3C FB,OK
2026-09-29T10:24:13.362Z,17943.930,RX,bus,-1,0001270A,1,7,01 00 00 0F 03 0A 27,OK
2026-09-29T10:24:13.362Z,17944.084,RX,bus,-1,0011270A,1,5,01 00 00 0A 27,OK
2026-09-29T10:24:13.367Z,17948.861,RX,bus,-1,00019707,1,7,01 00 00 0F 03 07 97,OK
2026-09-29T10:24:13.367Z,17949.097,RX,bus,-1,00119707,1,5,01 00 00 07 97,OK
2026-09-29T10:24:13.372Z,17953.847,RX,bus,-1,0001E1B2,1,7,01 00 00 0F 03 B2 E1,OK
2026-09-29T10:24:13.372Z,17954.100,RX,bus,-1,0011E1B2,1,5,01 00 00 B2 E1,OK
2026-09-29T10:24:13.377Z,17958.998,RX,bus,-1,0001694B,1,7,01 00 00 0F 03 4B 69,OK
2026-09-29T10:24:13.377Z,17959.049,RX,bus,-1,0011694B,1,5,01 00 00 4B 69,OK
2026-09-29T10:24:13.382Z,17963.919,RX,bus,-1,0001FB53,1,7,01 00 00 0F 03 53 FB,OK
2026-09-29T10:24:13.382Z,17964.088,RX,bus,-1,0011FB53,1,5,01 00 00 53 FB,OK
2026-09-29T10:24:13.387Z,17968.861,RX,bus,-1,00014E49,1,7,01 00 00 0F 03 49 4E,OK
2026-09-29T10:24:13.387Z,17969.098,RX,bus,-1,00114E49,1,5,01 00 00 49 4E,OK
2026-09-29T10:24:13.392Z,17973.925,RX,bus,-1,0001FEF4,1,7,01 00 00 0F 03 F4 FE,OK
2026-09-29T10:24:13.392Z,17974.092,RX,bus,-1,0011FEF4,1,5,01 00 00 F4 FE,OK
2026-09-29T10:24:13.397Z,17978.956,RX,bus,-1,0001CBD9,1,7,01 00 00 0F 03 D9 CB,OK
2026-09-29T10:24:13.397Z,17979.097,RX,bus,-1,0011CBD9,1,5,01 00 00 D9 CB,OK
2026-09-29T10:24:13.402Z,17983.898,RX,bus,-1,0001F0BC,1,7,01 00 00 0F 03 BC F0,OK
2026-09-29T10:24:13.402Z,17984.110,RX,bus,-1,0011F0BC,1,5,01 00 00 BC F0,OK
2026-09-29T10:24:13.407Z,17988.853,RX,bus,-1,00019FD7,1,7,01 00 00 0F 03 D7 9F,OK
2026-09-29T10:24:13.408Z,17989.142,RX,bus,-1,00119FD7,1,5,01 00 00 D7 9F,OK
2026-09-29T10:24:13.413Z,17994.007,RX,bus,-1,00014E81,1,7,01 00 00 0F 03 81 4E,OK
2026-09-29T10:24:13.413Z,17994.058,RX,bus,-1,00114E81,1,5,01 00 00 81 4E,OK
2026-09-29T10:24:13.418Z,17999.002,RX,bus,-1,0001EA0A,1,7,01 00 00 0F 03 0A EA,OK
2026-09-29T10:24:13.418Z,17999.054,RX,bus,-1,0011EA0A,1,5,01 00 00 0A EA,OK
2026-09-29T10:24:13.423Z,18004.003,RX,bus,-1,0001A6F7,1,7,01 00 00 0F 03 F7 A6,OK
2026-09-29T10:24:13.423Z,18004.054,RX,bus,-1,0011A6F7,1,5,01 00 00 F7 A6,OK
2026-09-29T10:24:13.427Z,18008.862,RX,bus,-1,00016E0C,1,7,01 00 00 0F 03 0C 6E,OK
2026-09-29T10:24:13.427Z,18009.109,RX,bus,-1,00116E0C,1,5,01 00 00 0C 6E,OK
2026-09-29T10:24:13.432Z,18013.856,RX,bus,-1,00016656,1,7,01 00 00 0F 03 56 66,OK
2026-09-29T10:24:13.432Z,18014.078,RX,bus,-1,00116656,1,5,01 00 00 56 66,OK
2026-09-29T10:24:13.437Z,18018.807,RX,bus,-1,0001F4BB,1,7,01 00 00 0F 03 BB F4,OK
2026-09-29T10:24:13.437Z,18019.103,RX,bus,-1,0011F4BB,1,5,01 00 00 BB F4,OK
2026-09-29T10:24:13.442Z,18023.886,RX,bus,-1,00016CED,1,7,01 00 00 0F 03 ED 6C,OK
2026-09-29T10:24:13.442Z,18024.094,RX,bus,-1,00116CED,1,5,01 00 00 ED 6C,OK
2026-09-29T10:24:13.447Z,18028.861,RX,bus,-1,0001D145,1,7,01 00 00 0F 03 45 D1,OK
2026-09-29T10:24:13.447Z,18029.109,RX,bus,-1,0011D145,1,5,01 00 00 45 D1,OK
2026-09-29T10:24:13.452Z,18033.849,RX,bus,-1,000113FC,1,7,01 00 00 0F 03 FC 13,OK
2026-09-29T10:24:13.452Z,18034.097,RX,bus,-1,001113FC,1,5,01 00 00 FC 13,OK
2026-09-29T10:24:13.457Z,18038.808,RX,bus,-1,0001DCC2,1,7,01 00 00 0F 03 C2 DC,OK
2026-09-29T10:24:13.457Z,18039.070,RX,bus,-1,0011DCC2,1,5,01 00 00 C2 DC,OK
2026-09-29T10:24:13.462Z,18043.952,RX,bus,-1,00011AD0,1,7,01 00 00 0F 03 D0 1A,OK
2026-09-29T10:24:13.462Z,18044.095,RX,bus,-1,00111AD0,1,5,01 00 00 D0 1A,OK
2026-09-29T10:24:13.467Z,18048.896,RX,bus,-1,0001E003,1,7,01 00 00 0F 03 03 E0,OK
2026-09-29T10:24:13.467Z,18049.092,RX,bus,-1,0011E003,1,5,01 00 00 03 E0,OK
2026-09-29T10:24:13.472Z,18053.949,RX,bus,-1,000175F3,1,7,01 00 00 0F 03 F3 75,OK
2026-09-29T10:24:13.472Z,18054.091,RX,bus,-1,001175F3,1,5,01 00 00 F3 75,OK
2026-09-29T10:24:13.477Z,18059.085,RX,bus,-1,000195F5,1,7,01 00 00 0F 03 F5 95,OK
2026-09-29T10:24:13.477Z,18059.137,RX,bus,-1,001195F5,1,5,01 00 00 F5 95,OK
2026-09-29T10:24:13.482Z,18063.973,RX,bus,-1,000157EF,1,7,01 00 00 0F 03 EF 57,OK
2026-09-29T10:24:13.482Z,18064.024,RX,bus,-1,001157EF,1,5,01 00 00 EF 57,OK
2026-09-29T10:24:13.487Z,18068.885,RX,bus,-1,000179D1,1,7,01 00 00 0F 03 D1 79,OK
2026-09-29T10:24:13.487Z,18069.037,RX,bus,-1,001179D1,1,5,01 00 00 D1 79,OK
2026-09-29T10:24:13.492Z,18074.099,RX,bus,-1,000106EE,1,7,01 00 00 0F 03 EE 06,OK
2026-09-29T10:24:13.492Z,18074.150,RX,bus,-1,001106EE,1,5,01 00 00 EE 06,OK
2026-09-29T10:24:13.497Z,18078.853,RX,bus,-1,000162EC,1,7,01 00 00 0F 03 EC 62,OK
2026-09-29T10:24:13.497Z,18079.096,RX,bus,-1,001162EC,1,5,01 00 00 EC 62,OK
2026-09-29T10:24:13.502Z,18083.870,RX,bus,-1,0001684B,1,7,01 00 00 0F 03 4B 68,OK
2026-09-29T10:24:13.502Z,18084.048,RX,bus,-1,0011684B,1,5,01 00 00 4B 68,OK
2026-09-29T10:24:13.507Z,18088.846,RX,bus,-1,00011CE5,1,7,01 00 00 0F 03 E5 1C,OK
2026-09-29T10:24:13.508Z,18089.085,RX,bus,-1,00111CE5,1,5,01 00 00 E5 1C,OK
2026-09-29T10:24:13.513Z,18093.952,RX,bus,-1,0001A6C4,1,7,01 00 00 0F 03 C4 A6,OK
2026-09-29T10:24:13.513Z,18094.004,RX,bus,-1,0011A6C4,1,5,01 00 00 C4 A6,OK
2026-09-29T10:24:13.518Z,18098.963,RX,bus,-1,00013186,1,7,01 00 00 0F 03 86 31,OK
2026-09-29T10:24:13.518Z,18099.066,RX,bus,-1,00113186,1,5,01 00 00 86 31,OK
2026-09-29T10:24:13.523Z,18104.011,RX,bus,-1,000195ED,1,7,01 00 00 0F 03 ED 95,OK
2026-09-29T10:24:13.523Z,18104.079,RX,bus,-1,001195ED,1,5,01 00 00 ED 95,OK
2026-09-29T10:24:13.527Z,18108.885,RX,bus,-1,0001C689,1,7,01 00 00 0F 03 89 C6,OK
2026-09-29T10:24:13.527Z,18109.047,RX,bus,-1,0011C689,1,5,01 00 00 89 C6,OK
2026-09-29T10:24:13.532Z,18113.847,RX,bus,-1,0001AD20,1,7,01 00 00 0F 03 20 AD,OK
2026-09-29T10:24:13.532Z,18114.058,RX,bus,-1,0011AD20,1,5,01 00 00 20 AD,OK
2026-09-29T10:24:13.537Z,18118.952,RX,bus,-1,0001F02C,1,7,01 00 00 0F 03 2C F0,OK
2026-09-29T10:24:13.537Z,18119.005,RX,bus,-1,0011F02C,1,5,01 00 00 2C F0,OK
2026-09-29T10:24:13.542Z,18123.849,RX,bus,-1,0001D5F4,1,7,01 00 00 0F 03 F4 D5,OK
2026-09-29T10:24:13.542Z,18124.062,RX,bus,-1,0011D5F4,1,5,01 00 00 F4 D5,OK
2026-09-29T10:24:13.547Z,18128.803,RX,bus,-1,00019A37,1,7,01 00 00 0F 03 37 9A,OK
2026-09-29T10:24:13.547Z,18129.047,RX,bus,-1,00119A37,1,5,01 00 00 37 9A,OK
2026-09-29T10:24:13.552Z,18133.881,RX,bus,-1,00010DFE,1,7,01 00 00 0F 03 FE 0D,OK
2026-09-29T10:24:13.552Z,18134.039,RX,bus,-1,00110DFE,1,5,01 00 00 FE 0D,OK
2026-09-29T10:24:13.557Z,18138.874,RX,bus,-1,0001CBD7,1,7,01 00 00 0F 03 D7 CB,OK
2026-09-29T10:24:13.558Z,18139.077,RX,bus,-1,0011CBD7,1,5,01 00 00 D7 CB,OK
2026-09-29T10:24:13.562Z,18143.825,RX,bus,-1,00014D70,1,7,01 00 00 0F 03 70 4D,OK
2026-09-29T10:24:13.562Z,18144.059,RX,bus,-1,00114D70,1,5,01 00 00 70 4D,OK
2026-09-29T10:24:13.567Z,18148.866,RX,bus,-1,0001DF85,1,7,01 00 00 0F 03 85 DF,OK
2026-09-29T10:24:13.567Z,18149.048,RX,bus,-1,0011DF85,1,5,01 00 00 85 DF,OK
2026-09-29T10:24:13.572Z,18153.783,RX,bus,-1,00014BD5,1,7,01 00 00 0F 03 D5 4B,OK
2026-09-29T10:24:13.572Z,18154.057,RX,bus,-1,00114BD5,1,5,01 00 00 D5 4B,OK
2026-09-29T10:24:13.577Z,18158.810,RX,bus,-1,000182D2,1,7,01 00 00 0F 03 D2 82,OK
2026-09-29T10:24:13.577Z,18159.050,RX,bus,-1,001182D2,1,5,01 00 00 D2 82,OK
2026-09-29T10:24:13.582Z,18163.798,RX,bus,-1,0001DDF1,1,7,01 00 00 0F 03 F1 DD,OK
2026-09-29T10:24:13.582Z,18164.057,RX,bus,-1,0011DDF1,1,5,01 00 00 F1 DD,OK
2026-09-29T10:24:13.587Z,18168.821,RX,bus,-1,0001B2C6,1,7,01 00 00 0F 03 C6 B2,OK
2026-09-29T10:24:13.587Z,18169.044,RX,bus,-1,0011B2C6,1,5,01 00 00 C6 B2,OK
2026-09-29T10:24:13.592Z,18173.775,RX,bus,-1,00018B93,1,7,01 00 00 0F 03 93 8B,OK
2026-09-29T10:24:13.592Z,18174.057,RX,bus,-1,00118B93,1,5,01 00 00 93 8B,OK
2026-09-29T10:24:13.597Z,18178.843,RX,bus,-1,0001C43F,1,7,01 00 00 0F 03 3F C4,OK
2026-09-29T10:24:13.597Z,18179.037,RX,bus,-1,0011C43F,1,5,01 00 00 3F C4,OK
2026-09-29T10:24:13.602Z,18183.803,RX,bus,-1,0001C1DD,1,7,01 00 00 0F 03 DD C1,OK
2026-09-29T10:24:13.602Z,18184.003,RX,bus,-1,0011C1DD,1,5,01 00 00 DD C1,OK
2026-09-29T10:24:13.607Z,18188.865,RX,bus,-1,0001DC6C,1,7,01 00 00 0F 03 6C DC,OK
2026-09-29T10:24:13.607Z,18189.076,RX,bus,-1,0011DC6C,1,5,01 00 00 6C DC,OK
2026-09-29T10:24:13.612Z,18193.805,RX,bus,-1,0001BA4C,1,7,01 00 00 0F 03 4C BA,OK
2026-09-29T10:24:13.612Z,18194.046,RX,bus,-1,0011BA4C,1,5,01 00 00 4C BA,OK
2026-09-29T10:24:13.617Z,18198.808,RX,bus,-1,0001745A,1,7,01 00 00 0F 03 5A 74,OK
2026-09-29T10:24:13.617Z,18199.046,RX,bus,-1,0011745A,1,5,01 00 00 5A 74,OK
2026-09-29T10:24:13.622Z,18203.947,RX,bus,-1,00011885,1,7,01 00 00 0F 03 85 18,OK
2026-09-29T10:24:13.622Z,18203.999,RX,bus,-1,00111885,1,5,01 00 00 85 18,OK
2026-09-29T10:24:13.627Z,18208.829,RX,bus,-1,0001B32E,1,7,01 00 00 0F 03 2E B3,OK
2026-09-29T10:24:13.627Z,18209.049,RX,bus,-1,0011B32E,1,5,01 00 00 2E B3,OK
2026-09-29T10:24:13.632Z,18213.849,RX,bus,-1,00018CB1,1,7,01 00 00 0F 03 B1 8C,OK
2026-09-29T10:24:13.632Z,18214.046,RX,bus,-1,00118CB1,1,5,01 00 00 B1 8C,OK
2026-09-29T10:24:13.637Z,18218.808,RX,bus,-1,0001017F,1,7,01 00 00 0F 03 7F 01,OK
2026-09-29T10:24:13.637Z,18219.057,RX,bus,-1,0011017F,1,5,01 00 00 7F 01,OK
2026-09-29T10:24:13.642Z,18223.849,RX,bus,-1,000175F5,1,7,01 00 00 0F 03 F5 75,OK
2026-09-29T10:24:13.642Z,18224.051,RX,bus,-1,001175F5,1,5,01 00 00 F5 75,OK
2026-09-29T10:24:13.647Z,18228.819,RX,bus,-1,0001C4EE,1,7,01 00 00 0F 03 EE C4,OK
2026-09-29T10:24:13.647Z,18229.065,RX,bus,-1,0011C4EE,1,5,01 00 00 EE C4,OK
2026-09-29T10:24:13.652Z,18233.804,RX,bus,-1,00019841,1,7,01 00 00 0F 03 41 98,OK
2026-09-29T10:24:13.652Z,18234.038,RX,bus,-1,00119841,1,5,01 00 00 41 98,OK
2026-09-29T10:24:13.657Z,18238.786,RX,bus,-1,0001A1EC,1,7,01 00 00 0F 03 EC A1,OK
2026-09-29T10:24:13.657Z,18239.067,RX,bus,-1,0011A1EC,1,5,01 00 00 EC A1,OK
2026-09-29T10:24:13.662Z,18243.809,RX,bus,-1,0001668E,1,7,01 00 00 0F 03 8E 66,OK
2026-09-29T10:24:13.662Z,18244.058,RX,bus,-1,0011668E,1,5,01 00 00 8E 66,OK
2026-09-29T10:24:13.667Z,18248.963,RX,bus,-1,0001D657,1,7,01 00 00 0F 03 57 D6,OK
2026-09-29T10:24:13.667Z,18249.014,RX,bus,-1,0011D657,1,5,01 00 00 57 D6,OK
2026-09-29T10:24:13.672Z,18253.812,RX,bus,-1,00015641,1,7,01 00 00 0F 03 41 56,OK
2026-09-29T10:24:13.672Z,18254.072,RX,bus,-1,00115641,1,5,01 00 00 41 56,OK
2026-09-29T10:24:13.677Z,18258.808,RX,bus,-1,0001C246,1,7,01 00 00 0F 03 46 C2,OK
2026-09-29T10:24:13.677Z,18259.060,RX,bus,-1,0011C246,1,5,01 00 00 46 C2,OK
2026-09-29T10:24:13.682Z,18263.804,RX,bus,-1,00011654,1,7,01 00 00 0F 03 54 16,OK
2026-09-29T10:24:13.682Z,18264.051,RX,bus,-1,00111654,1,5,01 00 00 54 16,OK
2026-09-29T10:24:13.687Z,18268.970,RX,bus,-1,00018D48,1,7,01 00 00 0F 03 48 8D,OK
2026-09-29T10:24:13.687Z,18269.022,RX,bus,-1,00118D48,1,5,01 00 00 48 8D,OK
2026-09-29T10:24:13.692Z,18273.811,RX,bus,-1,0001306C,1,7,01 00 00 0F 03 6C 30,OK
2026-09-29T10:24:13.692Z,18274.056,RX,bus,-1,0011306C,1,5,01 00 00 6C 30,OK
2026-09-29T10:24:13.697Z,18278.839,RX,bus,-1,000144DD,1,7,01 00 00 0F 03 DD 44,OK
2026-09-29T10:24:13.697Z,18279.047,RX,bus,-1,001144DD,1,5,01 00 00 DD 44,OK
2026-09-29T10:24:13.702Z,18283.832,RX,bus,-1,0001C407,1,7,01 00 00 0F 03 07 C4,OK
2026-09-29T10:24:13.702Z,18284.000,RX,bus,-1,0011C407,1,5,01 00 00 07 C4,OK
2026-09-29T10:24:13.707Z,18288.809,RX,bus,-1,000155F3,1,7,01 00 00 0F 03 F3 55,OK
2026-09-29T10:24:13.707Z,18289.059,RX,bus,-1,001155F3,1,5,01 00 00 F3 55,OK
2026-09-29T10:24:13.713Z,18293.978,RX,bus,-1,0001BB6A,1,7,01 00 00 0F 03 6A BB,OK
2026-09-29T10:24:13.713Z,18294.030,RX,bus,-1,0011BB6A,1,5,01 00 00 6A BB,OK
2026-09-29T10:24:13.718Z,18299.027,RX,bus,-1,0001C9AF,1,7,01 00 00 0F 03 AF C9,OK
2026-09-29T10:24:13.718Z,18299.081,RX,bus,-1,0011C9AF,1,5,01 00 00 AF C9,OK
2026-09-29T10:24:13.723Z,18303.963,RX,bus,-1,00017BF3,1,7,01 00 00 0F 03 F3 7B,OK
2026-09-29T10:24:13.723Z,18304.018,RX,bus,-1,00117BF3,1,5,01 00 00 F3 7B,OK
2026-09-29T10:24:13.727Z,18308.808,RX,bus,-1,000122C3,1,7,01 00 00 0F 03 C3 22,OK
2026-09-29T10:24:13.727Z,18309.059,RX,bus,-1,001122C3,1,5,01 00 00 C3 22,OK
2026-09-29T10:24:13.732Z,18313.809,RX,bus,-1,00017F01,1,7,01 00 00 0F 03 01 7F,OK
2026-09-29T10:24:13.732Z,18314.057,RX,bus,-1,00117F01,1,5,01 00 00 01 7F,OK
2026-09-29T10:24:13.737Z,18318.812,RX,bus,-1,0001132C,1,7,01 00 00 0F 03 2C 13,OK
2026-09-29T10:24:13.737Z,18319.060,RX,bus,-1,0011132C,1,5,01 00 00 2C 13,OK
2026-09-29T10:24:13.742Z,18323.810,RX,bus,-1,00016A86,1,7,01 00 00 0F 03 86 6A,OK
2026-09-29T10:24:13.742Z,18324.057,RX,bus,-1,00116A86,1,5,01 00 00 86 6A,OK
2026-09-29T10:24:13.747Z,18328.810,RX,bus,-1,00014701,1,7,01 00 00 0F 03 01 47,OK
2026-09-29T10:24:13.747Z,18329.055,RX,bus,-1,00114701,1,5,01 00 00 01 47,OK
2026-09-29T10:24:13.752Z,18333.802,RX,bus,-1,00014C0C,1,7,01 00 00 0F 03 0C 4C,OK
2026-09-29T10:24:13.752Z,18334.044,RX,bus,-1,00114C0C,1,5,01 00 00 0C 4C,OK
2026-09-29T10:24:13.757Z,18338.804,RX,bus,-1,00013FBE,1,7,01 00 00 0F 03 BE 3F,OK
2026-09-29T10:24:13.757Z,18339.059,RX,bus,-1,00113FBE,1,5,01 00 00 BE 3F,OK
2026-09-29T10:24:13.762Z,18343.960,RX,bus,-1,0001B2A6,1,7,01 00 00 0F 03 A6 B2,OK
2026-09-29T10:24:13.762Z,18344.012,RX,bus,-1,0011B2A6,1,5,01 00 00 A6 B2,OK
2026-09-29T10:24:13.767Z,18349.057,RX,bus,-1,00015035,1,7,01 00 00 0F 03 35 50,OK
2026-09-29T10:24:13.768Z,18349.110,RX,bus,-1,00115035,1,5,01 00 00 35 50,OK
2026-09-29T10:24:13.772Z,18354.044,RX,bus,-1,0001202E,1,7,01 00 00 0F 03 2E 20,OK
2026-09-29T10:24:13.772Z,18354.099,RX,bus,-1,0011202E,1,5,01 00 00 2E 20,OK
2026-09-29T10:24:13.777Z,18359.039,RX,bus,-1,00012806,1,7,01 00 00 0F 03 06 28,OK
2026-09-29T10:24:13.777Z,18359.091,RX,bus,-1,00112806,1,5,01 00 00 06 28,OK
2026-09-29T10:24:13.782Z,18363.957,RX,bus,-1,0001BFBF,1,7,01 00 00 0F 03 BF BF,OK
2026-09-29T10:24:13.782Z,18364.012,RX,bus,-1,0011BFBF,1,5,01 00 00 BF BF,OK
2026-09-29T10:24:13.787Z,18368.903,RX,bus,-1,0001BE4D,1,7,01 00 00 0F 03 4D BE,OK
2026-09-29T10:24:13.787Z,18369.047,RX,bus,-1,0011BE4D,1,5,01 00 00 4D BE,OK
2026-09-29T10:24:13.792Z,18374.081,RX,bus,-1,00015345,1,7,01 00 00 0F 03 45 53,OK
2026-09-29T10:24:13.793Z,18374.192,RX,bus,-1,00115345,1,5,01 00 00 45 53,OK
2026-09-29T10:24:13.797Z,18379.041,RX,bus,-1,0001B9E6,1,7,01 00 00 0F 03 E6 B9,OK
2026-09-29T10:24:13.797Z,18379.092,RX,bus,-1,0011B9E6,1,5,01 00 00 E6 B9,OK
2026-09-29T10:24:13.802Z,18384.004,RX,bus,-1,0001FB9E,1,7,01 00 00 0F 03 9E FB,OK
2026-09-29T10:24:13.802Z,18384.056,RX,bus,-1,0011FB9E,1,5,01 00 00 9E FB,OK
2026-09-29T10:24:13.808Z,18388.840,RX,bus,-1,0001E67E,1,7,01 00 00 0F 03 7E E6,OK
2026-09-29T10:24:13.808Z,18389.045,RX,bus,-1,0011E67E,1,5,01 00 00 7E E6,OK
2026-09-29T10:24:13.813Z,18393.949,RX,bus,-1,00017AA0,1,7,01 00 00 0F 03 A0 7A,OK
2026-09-29T10:24:13.813Z,18394.003,RX,bus,-1,00117AA0,1,5,01 00 00 A0 7A,OK
2026-09-29T10:24:13.818Z,18398.979,RX,bus,-1,00012443,1,7,01 00 00 0F 03 43 24,OK
2026-09-29T10:24:13.818Z,18399.031,RX,bus,-1,00112443,1,5,01 00 00 43 24,OK
2026-09-29T10:24:13.823Z,18403.997,RX,bus,-1,00014C00,1,7,01 00 00 0F 03 00 4C,OK
2026-09-29T10:24:13.823Z,18404.079,RX,bus,-1,00114C00,1,5,01 00 00 00 4C,OK
2026-09-29T10:24:13.827Z,18408.946,RX,bus,-1,0001B4ED,1,7,01 00 00 0F 03 ED B4,OK
2026-09-29T10:24:13.827Z,18408.998,RX,bus,-1,0011B4ED,1,5,01 00 00 ED B4,OK
2026-09-29T10:24:13.832Z,18413.965,RX,bus,-1,0001B5EF,1,7,01 00 00 0F 03 EF B5,OK
2026-09-29T10:24:13.832Z,18414.017,RX,bus,-1,0011B5EF,1,5,01 00 00 EF B5,OK
2026-09-29T10:24:13.837Z,18418.977,RX,bus,-1,00014B86,1,7,01 00 00 0F 03 86 4B,OK
2026-09-29T10:24:13.837Z,18419.029,RX,bus,-1,00114B86,1,5,01 00 00 86 4B,OK
2026-09-29T10:24:13.842Z,18423.969,RX,bus,-1,0001BBE8,1,7,01 00 00 0F 03 E8 BB,OK
2026-09-29T10:24:13.842Z,18424.020,RX,bus,-1,0011BBE8,1,5,01 00 00 E8 BB,OK
2026-09-29T10:24:13.847Z,18428.924,RX,bus,-1,0001910C,1,7,01 00 00 0F 03 0C 91,OK
2026-09-29T10:24:13.847Z,18429.005,RX,bus,-1,0011910C,1,5,01 00 00 0C 91,OK
2026-09-29T10:24:13.852Z,18433.972,RX,bus,-1,00018DFE,1,7,01 00 00 0F 03 FE 8D,OK
2026-09-29T10:24:13.852Z,18434.023,RX,bus,-1,00118DFE,1,5,01 00 00 FE 8D,OK
2026-09-29T10:24:13.857Z,18438.769,RX,bus,-1,000102E6,1,7,01 00 00 0F 03 E6 02,OK
2026-09-29T10:24:13.857Z,18439.058,RX,bus,-1,001102E6,1,5,01 00 00 E6 02,OK
2026-09-29T10:24:13.863Z,18443.983,RX,bus,-1,0001E0B3,1,7,01 00 00 0F 03 B3 E0,OK
2026-09-29T10:24:13.863Z,18444.037,RX,bus,-1,0011E0B3,1,5,01 00 00 B3 E0,OK
2026-09-29T10:24:13.868Z,18448.938,RX,bus,-1,00011CC5,1,7,01 00 00 0F 03 C5 1C,OK
2026-09-29T10:24:13.868Z,18448.990,RX,bus,-1,00111CC5,1,5,01 00 00 C5 1C,OK
2026-09-29T10:24:13.873Z,18453.957,RX,bus,-1,00011920,1,7,01 00 00 0F 03 20 19,OK
2026-09-29T10:24:13.873Z,18454.009,RX,bus,-1,00111920,1,5,01 00 00 20 19,OK
2026-09-29T10:24:13.878Z,18458.957,RX,bus,-1,00016A67,1,7,01 00 00 0F 03 67 6A,OK
2026-09-29T10:24:13.878Z,18459.008,RX,bus,-1,00116A67,1,5,01 00 00 67 6A,OK
2026-09-29T10:24:13.883Z,18463.949,RX,bus,-1,000196EC,1,7,01 00 00 0F 03 EC 96,OK
2026-09-29T10:24:13.883Z,18464.010,RX,bus,-1,001196EC,1,5,01 00 00 EC 96,OK
2026-09-29T10:24:13.888Z,18468.942,RX,bus,-1,00010659,1,7,01 00 00 0F 03 59 06,OK
2026-09-29T10:24:13.888Z,18469.024,RX,bus,-1,00110659,1,5,01 00 00 59 06,OK
2026-09-29T10:24:13.893Z,18473.962,RX,bus,-1,0001116C,1,7,01 00 00 0F 03 6C 11,OK
2026-09-29T10:24:13.893Z,18474.013,RX,bus,-1,0011116C,1,5,01 00 00 6C 11,OK
2026-09-29T10:24:13.898Z,18478.921,RX,bus,-1,000131A1,1,7,01 00 00 0F 03 A1 31,OK
2026-09-29T10:24:13.898Z,18478.983,RX,bus,-1,001131A1,1,5,01 00 00 A1 31,OK
2026-09-29T10:24:13.903Z,18483.956,RX,bus,-1,000172E0,1,7,01 00 00 0F 03 E0 72,OK
2026-09-29T10:24:13.903Z,18484.007,RX,bus,-1,001172E0,1,5,01 00 00 E0 72,OK
2026-09-29T10:24:13.908Z,18488.912,RX,bus,-1,0001D504,1,7,01 00 00 0F 03 04 D5,OK
2026-09-29T10:24:13.908Z,18488.983,RX,bus,-1,0011D504,1,5,01 00 00 04 D5,OK
2026-09-29T10:24:13.912Z,18493.714,RX,bus,-1,0001D0A9,1,7,01 00 00 0F 03 A9 D0,OK
2026-09-29T10:24:13.912Z,18493.958,RX,bus,-1,0011D0A9,1,5,01 00 00 A9 D0,OK
2026-09-29T10:24:13.917Z,18498.807,RX,bus,-1,0001FF40,1,7,01 00 00 0F 03 40 FF,OK
2026-09-29T10:24:13.917Z,18499.058,RX,bus,-1,0011FF40,1,5,01 00 00 40 FF,OK
2026-09-29T10:24:13.922Z,18503.800,RX,bus,-1,000158F0,1,7,01 00 00 0F 03 F0 58,OK
2026-09-29T10:24:13.922Z,18504.040,RX,bus,-1,001158F0,1,5,01 00 00 F0 58,OK
2026-09-29T10:24:13.928Z,18508.961,RX,bus,-1,0001CC68,1,7,01 00 00 0F 03 68 CC,OK
2026-09-29T10:24:13.928Z,18509.064,RX,bus,-1,0011CC68,1,5,01 00 00 68 CC,OK
2026-09-29T10:24:13.932Z,18513.898,RX,bus,-1,00017209,1,7,01 00 00 0F 03 09 72,OK
2026-09-29T10:24:13.933Z,18513.950,RX,bus,-1,00117209,1,5,01 00 00 09 72,OK
2026-09-29T10:24:13.937Z,18518.853,RX,bus,-1,0001994E,1,7,01 00 00 0F 03 4E 99,OK
2026-09-29T10:24:13.937Z,18518.905,RX,bus,-1,0011994E,1,5,01 00 00 4E 99,OK
2026-09-29T10:24:13.943Z,18523.962,RX,bus,-1,00011DA8,1,7,01 00 00 0F 03 A8 1D,OK
2026-09-29T10:24:13.943Z,18524.044,RX,bus,-1,00111DA8,1,5,01 00 00 A8 1D,OK
2026-09-29T10:24:13.947Z,18528.707,RX,bus,-1,0001AAA6,1,7,01 00 00 0F 03 A6 AA,OK
2026-09-29T10:24:13.947Z,18528.917,RX,bus,-1,0011AAA6,1,5,01 00 00 A6 AA,OK
2026-09-29T10:24:13.952Z,18533.643,RX,bus,-1,0001D998,1,7,01 00 00 0F 03 98 D9,OK
2026-09-29T10:24:13.952Z,18533.884,RX,bus,-1,0011D998,1,5,01 00 00 98 D9,OK
2026-09-29T10:24:13.957Z,18538.640,RX,bus,-1,00016633,1,7,01 00 00 0F 03 33 66,OK
2026-09-29T10:24:13.957Z,18538.888,RX,bus,-1,00116633,1,5,01 00 00 33 66,OK
2026-09-29T10:24:13.962Z,18543.633,RX,bus,-1,0001FD92,1,7,01 00 00 0F 03 92 FD,OK
2026-09-29T10:24:13.962Z,18543.889,RX,bus,-1,0011FD92,1,5,01 00 00 92 FD,OK
2026-09-29T10:24:13.967Z,18548.640,RX,bus,-1,0001754B,1,7,01 00 00 0F 03 4B 75,OK
2026-09-29T10:24:13.967Z,18548.873,RX,bus,-1,0011754B,1,5,01 00 00 4B 75,OK
2026-09-29T10:24:13.972Z,18553.639,RX,bus,-1,0001C971,1,7,01 00 00 0F 03 71 C9,OK
2026-09-29T10:24:13.972Z,18553.867,RX,bus,-1,0011C971,1,5,01 00 00 71 C9,OK
2026-09-29T10:24:13.977Z,18558.695,RX,bus,-1,00018E77,1,7,01 00 00 0F 03 77 8E,OK
2026-09-29T10:24:13.977Z,18558.871,RX,bus,-1,00118E77,1,5,01 00 00 77 8E,OK
2026-09-29T10:24:13.982Z,18563.724,RX,bus,-1,000138CA,1,7,01 00 00 0F 03 CA 38,OK
2026-09-29T10:24:13.982Z,18563.882,RX,bus,-1,001138CA,1,5,01 00 00 CA 38,OK
2026-09-29T10:24:13.987Z,18568.730,RX,bus,-1,000158F0,1,7,01 00 00 0F 03 F0 58,OK
2026-09-29T10:24:13.987Z,18568.915,RX,bus,-1,001158F0,1,5,01 00 00 F0 58,OK
2026-09-29T10:24:13.992Z,18573.727,RX,bus,-1,0001E4B6,1,7,01 00 00 0F 03 B6 E4,OK
2026-09-29T10:24:13.992Z,18573.999,RX,bus,-1,0011E4B6,1,5,01 00 00 B6 E4,OK
2026-09-29T10:24:13.997Z,18578.793,RX,bus,-1,00016B4D,1,7,01 00 00 0F 03 4D 6B,OK
2026-09-29T10:24:13.997Z,18578.933,RX,bus,-1,00116B4D,1,5,01 00 00 4D 6B,OK
2026-09-29T10:24:14.002Z,18583.788,RX,bus,-1,0001AE51,1,7,01 00 00 0F 03 51 AE,OK
2026-09-29T10:24:14.002Z,18583.968,RX,bus,-1,0011AE51,1,5,01 00 00 51 AE,OK
2026-09-29T10:24:14.007Z,18588.783,RX,bus,-1,0001739F,1,7,01 00 00 0F 03 9F 73,OK
2026-09-29T10:24:14.007Z,18588.926,RX,bus,-1,0011739F,1,5,01 00 00 9F 73,OK
2026-09-29T10:24:14.012Z,18593.748,RX,bus,-1,0001D83D,1,7,01 00 00 0F 03 3D D8,OK
2026-09-29T10:24:14.012Z,18593.962,RX,bus,-1,0011D83D,1,5,01 00 00 3D D8,OK
2026-09-29T10:24:14.017Z,18598.718,RX,bus,-1,0001CDD0,1,7,01 00 00 0F 03 D0 CD,OK
2026-09-29T10:24:14.017Z,18598.962,RX,bus,-1,0011CDD0,1,5,01 00 00 D0 CD,OK
2026-09-29T10:24:14.022Z,18603.757,RX,bus,-1,00014F22,1,7,01 00 00 0F 03 22 4F,OK
2026-09-29T10:24:14.022Z,18603.956,RX,bus,-1,00114F22,1,5,01 00 00 22 4F,OK
2026-09-29T10:24:14.027Z,18608.707,RX,bus,-1,000195F7,1,7,01 00 00 0F 03 F7 95,OK
2026-09-29T10:24:14.027Z,18608.968,RX,bus,-1,001195F7,1,5,01 00 00 F7 95,OK
2026-09-29T10:24:14.032Z,18613.710,RX,bus,-1,00015509,1,7,01 00 00 0F 03 09 55,OK
2026-09-29T10:24:14.032Z,18613.939,RX,bus,-1,00115509,1,5,01 00 00 09 55,OK
2026-09-29T10:24:14.037Z,18618.696,RX,bus,-1,00014709,1,7,01 00 00 0F 03 09 47,OK
2026-09-29T10:24:14.037Z,18618.964,RX,bus,-1,00114709,1,5,01 00 00 09 47,OK
2026-09-29T10:24:14.042Z,18623.755,RX,bus,-1,0001C905,1,7,01 00 00 0F 03 05 C9,OK
2026-09-29T10:24:14.042Z,18623.933,RX,bus,-1,0011C905,1,5,01 00 00 05 C9,OK
2026-09-29T10:24:14.047Z,18628.701,RX,bus,-1,00012B0E,1,7,01 00 00 0F 03 0E 2B,OK
2026-09-29T10:24:14.047Z,18628.963,RX,bus,-1,00112B0E,1,5,01 00 00 0E 2B,OK
2026-09-29T10:24:14.052Z,18633.715,RX,bus,-1,0001207E,1,7,01 00 00 0F 03 7E 20,OK
2026-09-29T10:24:14.052Z,18633.938,RX,bus,-1,0011207E,1,5,01 00 00 7E 20,OK
2026-09-29T10:24:14.057Z,18638.674,RX,bus,-1,000188B7,1,7,01 00 00 0F 03 B7 88,OK
2026-09-29T10:24:14.057Z,18638.963,RX,bus,-1,001188B7,1,5,01 00 00 B7 88,OK
2026-09-29T10:24:14.062Z,18643.677,RX,bus,-1,00010D25,1,7,01 00 00 0F 03 25 0D,OK
2026-09-29T10:24:14.062Z,18643.935,RX,bus,-1,00110D25,1,5,01 00 00 25 0D,OK
2026-09-29T10:24:14.067Z,18648.808,RX,bus,-1,0001FB19,1,7,01 00 00 0F 03 19 FB,OK
2026-09-29T10:24:14.067Z,18648.952,RX,bus,-1,0011FB19,1,5,01 00 00 19 FB,OK
2026-09-29T10:24:14.072Z,18653.716,RX,bus,-1,00013653,1,7,01 00 00 0F 03 53 36,OK
2026-09-29T10:24:14.072Z,18653.939,RX,bus,-1,00113653,1,5,01 00 00 53 36,OK
2026-09-29T10:24:14.077Z,18658.704,RX,bus,-1,0001A6CE,1,7,01 00 00 0F 03 CE A6,OK
2026-09-29T10:24:14.077Z,18658.954,RX,bus,-1,0011A6CE,1,5,01 00 00 CE A6,OK
2026-09-29T10:24:14.082Z,18663.855,RX,bus,-1,0001DE62,1,7,01 00 00 0F 03 62 DE,OK
2026-09-29T10:24:14.082Z,18663.907,RX,bus,-1,0011DE62,1,5,01 00 00 62 DE,OK
2026-09-29T10:24:14.087Z,18668.815,RX,bus,-1,0001F4CC,1,7,01 00 00 0F 03 CC F4,OK
2026-09-29T10:24:14.087Z,18668.876,RX,bus,-1,0011F4CC,1,5,01 00 00 CC F4,OK
2026-09-29T10:24:14.092Z,18673.911,RX,bus,-1,0001C446,1,7,01 00 00 0F 03 46 C4,OK
2026-09-29T10:24:14.092Z,18673.963,RX,bus,-1,0011C446,1,5,01 00 00 46 C4,OK
2026-09-29T10:24:14.097Z,18678.821,RX,bus,-1,000165BB,1,7,01 00 00 0F 03 BB 65,OK
2026-09-29T10:24:14.097Z,18678.961,RX,bus,-1,001165BB,1,5,01 00 00 BB 65,OK
2026-09-29T10:24:14.102Z,18683.725,RX,bus,-1,00015B66,1,7,01 00 00 0F 03 66 5B,OK
2026-09-29T10:24:14.102Z,18683.967,RX,bus,-1,00115B66,1,5,01 00 00 66 5B,OK
2026-09-29T10:24:14.107Z,18688.749,RX,bus,-1,00011181,1,7,01 00 00 0F 03 81 11,OK
2026-09-29T10:24:14.107Z,18688.959,RX,bus,-1,00111181,1,5,01 00 00 81 11,OK
2026-09-29T10:24:14.112Z,18693.861,RX,bus,-1,00014F91,1,7,01 00 00 0F 03 91 4F,OK
2026-09-29T10:24:14.112Z,18693.913,RX,bus,-1,00114F91,1,5,01 00 00 91 4F,OK
2026-09-29T10:24:14.117Z,18698.849,RX,bus,-1,0001A16C,1,7,01 00 00 0F 03 6C A1,OK
2026-09-29T10:24:14.117Z,18698.900,RX,bus,-1,0011A16C,1,5,01 00 00 6C A1,OK
2026-09-29T10:24:14.122Z,18703.878,RX,bus,-1,0001A079,1,7,01 00 00 0F 03 79 A0,OK
2026-09-29T10:24:14.122Z,18703.930,RX,bus,-1,0011A079,1,5,01 00 00 79 A0,OK
2026-09-29T10:24:14.128Z,18708.843,RX,bus,-1,0001141B,1,7,01 00 00 0F 03 1B 14,OK
2026-09-29T10:24:14.128Z,18708.969,RX,bus,-1,0011141B,1,5,01 00 00 1B 14,OK
2026-09-29T10:24:14.133Z,18713.856,RX,bus,-1,0001A01F,1,7,01 00 00 0F 03 1F A0,OK
2026-09-29T10:24:14.133Z,18713.910,RX,bus,-1,0011A01F,1,5,01 00 00 1F A0,OK
2026-09-29T10:24:14.138Z,18718.922,RX,bus,-1,00017912,1,7,01 00 00 0F 03 12 79,OK
2026-09-29T10:24:14.138Z,18719.007,RX,bus,-1,00117912,1,5,01 00 00 12 79,OK
2026-09-29T10:24:14.142Z,18723.762,RX,bus,-1,00014D15,1,7,01 00 00 0F 03 15 4D,OK
2026-09-29T10:24:14.143Z,18723.927,RX,bus,-1,00114D15,1,5,01 00 00 15 4D,OK
2026-09-29T10:24:14.147Z,18728.681,RX,bus,-1,000162A7,1,7,01 00 00 0F 03 A7 62,OK
2026-09-29T10:24:14.148Z,18728.945,RX,bus,-1,001162A7,1,5,01 00 00 A7 62,OK
2026-09-29T10:24:14.152Z,18733.679,RX,bus,-1,0001097D,1,7,01 00 00 0F 03 7D 09,OK
2026-09-29T10:24:14.153Z,18733.922,RX,bus,-1,0011097D,1,5,01 00 00 7D 09,OK
2026-09-29T10:24:14.157Z,18738.660,RX,bus,-1,0001C3A3,1,7,01 00 00 0F 03 A3 C3,OK
2026-09-29T10:24:14.158Z,18738.972,RX,bus,-1,0011C3A3,1,5,01 00 00 A3 C3,OK
2026-09-29T10:24:14.162Z,18743.710,RX,bus,-1,00010937,1,7,01 00 00 0F 03 37 09,OK
2026-09-29T10:24:14.162Z,18743.964,RX,bus,-1,00110937,1,5,01 00 00 37 09,OK
2026-09-29T10:24:14.167Z,18748.718,RX,bus,-1,0001CAC7,1,7,01 00 00 0F 03 C7 CA,OK
2026-09-29T10:24:14.167Z,18748.884,RX,bus,-1,0011CAC7,1,5,01 00 00 C7 CA,OK
2026-09-29T10:24:14.172Z,18753.645,RX,bus,-1,00013D91,1,7,01 00 00 0F 03 91 3D,OK
2026-09-29T10:24:14.172Z,18753.899,RX,bus,-1,00113D91,1,5,01 00 00 91 3D,OK
2026-09-29T10:24:14.177Z,18758.720,RX,bus,-1,00014121,1,7,01 00 00 0F 03 21 41,OK
2026-09-29T10:24:14.177Z,18758.892,RX,bus,-1,00114121,1,5,01 00 00 21 41,OK
2026-09-29T10:24:14.182Z,18763.702,RX,bus,-1,00012A7A,1,7,01 00 00 0F 03 7A 2A,OK
2026-09-29T10:24:14.182Z,18763.939,RX,bus,-1,00112A7A,1,5,01 00 00 7A 2A,OK
2026-09-29T10:24:14.187Z,18768.704,RX,bus,-1,000158CF,1,7,01 00 00 0F 03 CF 58,OK
2026-09-29T10:24:14.187Z,18768.935,RX,bus,-1,001158CF,1,5,01 00 00 CF 58,OK
2026-09-29T10:24:14.192Z,18773.711,RX,bus,-1,0001890C,1,7,01 00 00 0F 03 0C 89,OK
2026-09-29T10:24:14.192Z,18773.938,RX,bus,-1,0011890C,1,5,01 00 00 0C 89,OK
2026-09-29T10:24:14.197Z,18778.712,RX,bus,-1,0001049C,1,7,01 00 00 0F 03 9C 04,OK
2026-09-29T10:24:14.197Z,18778.923,RX,bus,-1,0011049C,1,5,01 00 00 9C 04,OK
2026-09-29T10:24:14.202Z,18783.681,RX,bus,-1,00012CE5,1,7,01 00 00 0F 03 E5 2C,OK
2026-09-29T10:24:14.202Z,18783.930,RX,bus,-1,00112CE5,1,5,01 00 00 E5 2C,OK
2026-09-29T10:24:14.207Z,18788.697,RX,bus,-1,000131AB,1,7,01 00 00 0F 03 AB 31,OK
2026-09-29T10:24:14.207Z,18788.928,RX,bus,-1,001131AB,1,5,01 00 00 AB 31,OK
2026-09-29T10:24:14.212Z,18793.846,RX,bus,-1,0001CDA0,1,7,01 00 00 0F 03 A0 CD,OK
2026-09-29T10:24:14.212Z,18793.897,RX,bus,-1,0011CDA0,1,5,01 00 00 A0 CD,OK
2026-09-29T10:24:14.217Z,18798.725,RX,bus,-1,0001B2F8,1,7,01 00 00 0F 03 F8 B2,OK
2026-09-29T10:24:14.217Z,18798.924,RX,bus,-1,0011B2F8,1,5,01 00 00 F8 B2,OK
2026-09-29T10:24:14.222Z,18803.829,RX,bus,-1,0001637E,1,7,01 00 00 0F 03 7E 63,OK
2026-09-29T10:24:14.222Z,18803.881,RX,bus,-1,0011637E,1,5,01 00 00 7E 63,OK
2026-09-29T10:24:14.227Z,18808.691,RX,bus,-1,00015385,1,7,01 00 00 0F 03 85 53,OK
2026-09-29T10:24:14.227Z,18808.940,RX,bus,-1,00115385,1,5,01 00 00 85 53,OK
2026-09-29T10:24:14.232Z,18813.643,RX,bus,-1,00019DF1,1,7,01 00 00 0F 03 F1 9D,OK
2026-09-29T10:24:14.232Z,18813.932,RX,bus,-1,00119DF1,1,5,01 00 00 F1 9D,OK
2026-09-29T10:24:14.237Z,18818.620,RX,bus,-1,0001D66E,1,7,01 00 00 0F 03 6E D6,OK
2026-09-29T10:24:14.237Z,18818.932,RX,bus,-1,0011D66E,1,5,01 00 00 6E D6,OK
2026-09-29T10:24:14.242Z,18823.716,RX,bus,-1,000158A6,1,7,01 00 00 0F 03 A6 58,OK
2026-09-29T10:24:14.242Z,18823.936,RX,bus,-1,001158A6,1,5,01 00 00 A6 58,OK
2026-09-29T10:24:14.247Z,18828.680,RX,bus,-1,0001652A,1,7,01 00 00 0F 03 2A 65,OK
2026-09-29T10:24:14.247Z,18828.937,RX,bus,-1,0011652A,1,5,01 00 00 2A 65,OK
2026-09-29T10:24:14.252Z,18833.672,RX,bus,-1,0001434C,1,7,01 00 00 0F 03 4C 43,OK
2026-09-29T10:24:14.252Z,18833.913,RX,bus,-1,0011434C,1,5,01 00 00 4C 43,OK
2026-09-29T10:24:14.257Z,18838.682,RX,bus,-1,00012ED4,1,7,01 00 00 0F 03 D4 2E,OK
2026-09-29T10:24:14.257Z,18838.941,RX,bus,-1,00112ED4,1,5,01 00 00 D4 2E,OK
2026-09-29T10:24:14.262Z,18843.682,RX,bus,-1,00019A23,1,7,01 00 00 0F 03 23 9A,OK
2026-09-29T10:24:14.262Z,18843.926,RX,bus,-1,00119A23,1,5,01 00 00 23 9A,OK
2026-09-29T10:24:14.267Z,18848.686,RX,bus,-1,00019828,1,7,01 00 00 0F 03 28 98,OK
2026-09-29T10:24:14.267Z,18848.936,RX,bus,-1,00119828,1,5,01 00 00 28 98,OK
2026-09-29T10:24:14.272Z,18853.722,RX,bus,-1,0001C918,1,7,01 00 00 0F 03 18 C9,OK
2026-09-29T10:24:14.272Z,18853.907,RX,bus,-1,0011C918,1,5,01 00 00 18 C9,OK
2026-09-29T10:24:14.277Z,18858.760,RX,bus,-1,00010A9B,1,7,01 00 00 0F 03 9B 0A,OK
2026-09-29T10:24:14.277Z,18858.924,RX,bus,-1,00110A9B,1,5,01 00 00 9B 0A,OK
2026-09-29T10:24:14.282Z,18863.696,RX,bus,-1,00010CFB,1,7,01 00 00 0F 03 FB 0C,OK
2026-09-29T10:24:14.282Z,18863.915,RX,bus,-1,00110CFB,1,5,01 00 00 FB 0C,OK
2026-09-29T10:24:14.287Z,18868.680,RX,bus,-1,000169B6,1,7,01 00 00 0F 03 B6 69,OK
2026-09-29T10:24:14.287Z,18868.929,RX,bus,-1,001169B6,1,5,01 00 00 B6 69,OK
2026-09-29T10:24:14.292Z,18873.740,RX,bus,-1,00012A0F,1,7,01 00 00 0F 03 0F 2A,OK
2026-09-29T10:24:14.292Z,18873.865,RX,bus,-1,00112A0F,1,5,01 00 00 0F 2A,OK
2026-09-29T10:24:14.297Z,18878.697,RX,bus,-1,0001889B,1,7,01 00 00 0F 03 9B 88,OK
2026-09-29T10:24:14.297Z,18878.930,RX,bus,-1,0011889B,1,5,01 00 00 9B 88,OK
2026-09-29T10:24:14.302Z,18883.686,RX,bus,-1,0001A907,1,7,01 00 00 0F 03 07 A9,OK
2026-09-29T10:24:14.302Z,18883.946,RX,bus,-1,0011A907,1,5,01 00 00 07 A9,OK
2026-09-29T10:24:14.307Z,18888.685,RX,bus,-1,0001725C,1,7,01 00 00 0F 03 5C 72,OK
2026-09-29T10:24:14.307Z,18888.891,RX,bus,-1,0011725C,1,5,01 00 00 5C 72,OK
2026-09-29T10:24:14.312Z,18893.684,RX,bus,-1,00013B2C,1,7,01 00 00 0F 03 2C 3B,OK
2026-09-29T10:24:14.313Z,18893.921,RX,bus,-1,00113B2C,1,5,01 00 00 2C 3B,OK
2026-09-29T10:24:14.318Z,18899.267,RX,bus,-1,0001F290,1,7,01 00 00 0F 03 90 F2,OK
2026-09-29T10:24:14.318Z,18899.359,RX,bus,-1,0011F290,1,5,01 00 00 90 F2,OK
2026-09-29T10:24:14.322Z,18903.691,RX,bus,-1,0001F042,1,7,01 00 00 0F 03 42 F0,OK
2026-09-29T10:24:14.323Z,18903.947,RX,bus,-1,0011F042,1,5,01 00 00 42 F0,OK
2026-09-29T10:24:14.328Z,18909.152,RX,bus,-1,0001384D,1,7,01 00 00 0F 03 4D 38,OK
2026-09-29T10:24:14.328Z,18909.248,RX,bus,-1,0011384D,1,5,01 00 00 4D 38,OK
2026-09-29T10:24:14.333Z,18914.269,RX,bus,-1,0001D463,1,7,01 00 00 0F 03 63 D4,OK
2026-09-29T10:24:14.333Z,18914.369,RX,bus,-1,0011D463,1,5,01 00 00 63 D4,OK
2026-09-29T10:24:14.338Z,18919.293,RX,bus,-1,00010063,1,7,01 00 00 0F 03 63 00,OK
2026-09-29T10:24:14.338Z,18919.386,RX,bus,-1,00110063,1,5,01 00 00 63 00,OK
2026-09-29T10:24:14.342Z,18923.727,RX,bus,-1,000191E5,1,7,01 00 00 0F 03 E5 91,OK
2026-09-29T10:24:14.342Z,18923.832,RX,bus,-1,001191E5,1,5,01 00 00 E5 91,OK
2026-09-29T10:24:14.347Z,18928.797,RX,bus,-1,00010895,1,7,01 00 00 0F 03 95 08,OK
2026-09-29T10:24:14.347Z,18928.891,RX,bus,-1,00110895,1,5,01 00 00 95 08,OK
2026-09-29T10:24:14.352Z,18933.771,RX,bus,-1,0001D712,1,7,01 00 00 0F 03 12 D7,OK
2026-09-29T10:24:14.352Z,18933.861,RX,bus,-1,0011D712,1,5,01 00 00 12 D7,OK
2026-09-29T10:24:14.357Z,18938.657,RX,bus,-1,00014429,1,7,01 00 00 0F 03 29 44,OK
2026-09-29T10:24:14.357Z,18938.842,RX,bus,-1,00114429,1,5,01 00 00 29 44,OK
2026-09-29T10:24:14.362Z,18943.767,RX,bus,-1,0001E533,1,7,01 00 00 0F 03 33 E5,OK
2026-09-29T10:24:14.362Z,18943.920,RX,bus,-1,0011E533,1,5,01 00 00 33 E5,OK
2026-09-29T10:24:14.367Z,18948.904,RX,bus,-1,0001BAF7,1,7,01 00 00 0F 03 F7 BA,OK
2026-09-29T10:24:14.367Z,18948.972,RX,bus,-1,0011BAF7,1,5,01 00 00 F7 BA,OK
2026-09-29T10:24:14.372Z,18953.860,RX,bus,-1,00013A3A,1,7,01 00 00 0F 03 3A 3A,OK
2026-09-29T10:24:14.372Z,18953.951,RX,bus,-1,00113A3A,1,5,01 00 00 3A 3A,OK
2026-09-29T10:24:14.377Z,18958.835,RX,bus,-1,000152EB,1,7,01 00 00 0F 03 EB 52,OK
2026-09-29T10:24:14.377Z,18958.924,RX,bus,-1,001152EB,1,5,01 00 00 EB 52,OK
2026-09-29T10:24:14.382Z,18963.780,RX,bus,-1,00018813,1,7,01 00 00 0F 03 13 88,OK
2026-09-29T10:24:14.382Z,18963.879,RX,bus,-1,00118813,1,5,01 00 00 13 88,OK
2026-09-29T10:24:14.387Z,18968.660,RX,bus,-1,00017C93,1,7,01 00 00 0F 03 93 7C,OK
2026-09-29T10:24:14.387Z,18968.907,RX,bus,-1,00117C93,1,5,01 00 00 93 7C,OK
2026-09-29T10:24:14.392Z,18973.859,RX,bus,-1,0001246C,1,7,01 00 00 0F 03 6C 24,OK
2026-09-29T10:24:14.392Z,18973.933,RX,bus,-1,0011246C,1,5,01 00 00 6C 24,OK
2026-09-29T10:24:14.397Z,18978.889,RX,bus,-1,00012E2A,1,7,01 00 00 0F 03 2A 2E,OK
2026-09-29T10:24:14.397Z,18978.945,RX,bus,-1,00112E2A,1,5,01 00 00 2A 2E,OK
2026-09-29T10:24:14.402Z,18983.675,RX,bus,-1,0001F162,1,7,01 00 00 0F 03 62 F1,OK
2026-09-29T10:24:14.402Z,18983.923,RX,bus,-1,0011F162,1,5,01 00 00 62 F1,OK
2026-09-29T10:24:14.407Z,18988.869,RX,bus,-1,0001BD4A,1,7,01 00 00 0F 03 4A BD,OK
2026-09-29T10:24:14.407Z,18988.959,RX,bus,-1,0011BD4A,1,5,01 00 00 4A BD,OK
2026-09-29T10:24:14.412Z,18993.668,RX,bus,-1,0001FF83,1,7,01 00 00 0F 03 83 FF,OK
2026-09-29T10:24:14.412Z,18993.906,RX,bus,-1,0011FF83,1,5,01 00 00 83 FF,OK
2026-09-29T10:24:14.417Z,18998.645,RX,bus,-1,00019220,1,7,01 00 00 0F 03 20 92,OK
2026-09-29T10:24:14.417Z,18998.908,RX,bus,-1,00119220,1,5,01 00 00 20 92,OK
2026-09-29T10:24:14.422Z,19003.728,RX,bus,-1,0001F705,1,7,01 00 00 0F 03 05 F7,OK
2026-09-29T10:24:14.422Z,19003.906,RX,bus,-1,0011F705,1,5,01 00 00 05 F7,OK
2026-09-29T10:24:14.426Z,19008.806,RX,bus,-1,0001DFE1,1,7,01 00 00 0F 03 E1 DF,OK
2026-09-29T10:24:14.428Z,19008.923,RX,bus,-1,0011DFE1,1,5,01 00 00 E1 DF,OK
2026-09-29T10:24:14.432Z,19013.766,RX,bus,-1,00016E17,1,7,01 00 00 0F 03 17 6E,OK
2026-09-29T10:24:14.433Z,19013.853,RX,bus,-1,00116E17,1,5,01 00 00 17 6E,OK
2026-09-29T10:24:14.437Z,19018.830,RX,bus,-1,000144C7,1,7,01 00 00 0F 03 C7 44,OK
2026-09-29T10:24:14.438Z,19018.951,RX,bus,-1,001144C7,1,5,01 00 00 C7 44,OK
2026-09-29T10:24:14.442Z,19023.591,RX,bus,-1,00015BC0,1,7,01 00 00 0F 03 C0 5B,OK
2026-09-29T10:24:14.443Z,19023.873,RX,bus,-1,00115BC0,1,5,01 00 00 C0 5B,OK
2026-09-29T10:24:14.447Z,19028.653,RX,bus,-1,000110E6,1,7,01 00 00 0F 03 E6 10,OK
2026-09-29T10:24:14.448Z,19028.935,RX,bus,-1,001110E6,1,5,01 00 00 E6 10,OK
2026-09-29T10:24:14.452Z,19033.802,RX,bus,-1,00017EAC,1,7,01 00 00 0F 03 AC 7E,OK
2026-09-29T10:24:14.453Z,19033.854,RX,bus,-1,00117EAC,1,5,01 00 00 AC 7E,OK
2026-09-29T10:24:14.457Z,19038.620,RX,bus,-1,00015D9A,1,7,01 00 00 0F 03 9A 5D,OK
2026-09-29T10:24:14.458Z,19038.847,RX,bus,-1,00115D9A,1,5,01 00 00 9A 5D,OK
2026-09-29T10:24:14.462Z,19043.741,RX,bus,-1,000168C9,1,7,01 00 00 0F 03 C9 68,OK
2026-09-29T10:24:14.462Z,19043.901,RX,bus,-1,001168C9,1,5,01 00 00 C9 68,OK
2026-09-29T10:24:14.467Z,19048.746,RX,bus,-1,00012855,1,7,01 00 00 0F 03 55 28,OK
2026-09-29T10:24:14.467Z,19048.908,RX,bus,-1,00112855,1,5,01 00 00 55 28,OK
2026-09-29T10:24:14.472Z,19053.822,RX,bus,-1,00019CAC,1,7,01 00 00 0F 03 AC 9C,OK
2026-09-29T10:24:14.472Z,19053.873,RX,bus,-1,00119CAC,1,5,01 00 00 AC 9C,OK
2026-09-29T10:24:14.477Z,19058.663,RX,bus,-1,00019A1D,1,7,01 00 00 0F 03 1D 9A,OK
2026-09-29T10:24:14.477Z,19058.903,RX,bus,-1,00119A1D,1,5,01 00 00 1D 9A,OK
2026-09-29T10:24:14.482Z,19063.753,RX,bus,-1,0001871A,1,7,01 00 00 0F 03 1A 87,OK
2026-09-29T10:24:14.482Z,19063.897,RX,bus,-1,0011871A,1,5,01 00 00 1A 87,OK
2026-09-29T10:24:14.487Z,19068.752,RX,bus,-1,000165F9,1,7,01 00 00 0F 03 F9 65,OK
2026-09-29T10:24:14.487Z,19068.900,RX,bus,-1,001165F9,1,5,01 00 00 F9 65,OK
2026-09-29T10:24:14.492Z,19073.733,RX,bus,-1,0001C31A,1,7,01 00 00 0F 03 1A C3,OK
2026-09-29T10:24:14.492Z,19073.874,RX,bus,-1,0011C31A,1,5,01 00 00 1A C3,OK
2026-09-29T10:24:14.497Z,19078.737,RX,bus,-1,0001B31D,1,7,01 00 00 0F 03 1D B3,OK
2026-09-29T10:24:14.497Z,19078.808,RX,bus,-1,0011B31D,1,5,01 00 00 1D B3,OK
2026-09-29T10:24:14.502Z,19083.756,RX,bus,-1,0001A889,1,7,01 00 00 0F 03 89 A8,OK
2026-09-29T10:24:14.502Z,19083.900,RX,bus,-1,0011A889,1,5,01 00 00 89 A8,OK
2026-09-29T10:24:14.507Z,19088.735,RX,bus,-1,00014893,1,7,01 00 00 0F 03 93 48,OK
2026-09-29T10:24:14.507Z,19088.896,RX,bus,-1,00114893,1,5,01 00 00 93 48,OK
2026-09-29T10:24:14.512Z,19093.662,RX,bus,-1,00015902,1,7,01 00 00 0F 03 02 59,OK
2026-09-29T10:24:14.512Z,19093.889,RX,bus,-1,00115902,1,5,01 00 00 02 59,OK
2026-09-29T10:24:14.517Z,19098.665,RX,bus,-1,0001A2B6,1,7,01 00 00 0F 03 B6 A2,OK
2026-09-29T10:24:14.517Z,19098.911,RX,bus,-1,0011A2B6,1,5,01 00 00 B6 A2,OK
2026-09-29T10:24:14.522Z,19103.678,RX,bus,-1,00010C99,1,7,01 00 00 0F 03 99 0C,OK
2026-09-29T10:24:14.522Z,19103.907,RX,bus,-1,00110C99,1,5,01 00 00 99 0C,OK
2026-09-29T10:24:14.528Z,19108.853,RX,bus,-1,000167BB,1,7,01 00 00 0F 03 BB 67,OK
2026-09-29T10:24:14.528Z,19108.936,RX,bus,-1,001167BB,1,5,01 00 00 BB 67,OK
2026-09-29T10:24:14.533Z,19113.814,RX,bus,-1,00017FB2,1,7,01 00 00 0F 03 B2 7F,OK
2026-09-29T10:24:14.533Z,19113.865,RX,bus,-1,00117FB2,1,5,01 00 00 B2 7F,OK
2026-09-29T10:24:14.538Z,19118.856,RX,bus,-1,00010319,1,7,01 00 00 0F 03 19 03,OK
2026-09-29T10:24:14.538Z,19118.940,RX,bus,-1,00110319,1,5,01 00 00 19 03,OK
2026-09-29T10:24:14.543Z,19123.815,RX,bus,-1,0001A90D,1,7,01 00 00 0F 03 0D A9,OK
2026-09-29T10:24:14.543Z,19123.866,RX,bus,-1,0011A90D,1,5,01 00 00 0D A9,OK
2026-09-29T10:24:14.548Z,19128.863,RX,bus,-1,00012089,1,7,01 00 00 0F 03 89 20,OK
2026-09-29T10:24:14.548Z,19128.947,RX,bus,-1,00112089,1,5,01 00 00 89 20,OK
2026-09-29T10:24:14.553Z,19133.804,RX,bus,-1,0001EEAB,1,7,01 00 00 0F 03 AB EE,OK
2026-09-29T10:24:14.553Z,19133.856,RX,bus,-1,0011EEAB,1,5,01 00 00 AB EE,OK
2026-09-29T10:24:14.558Z,19138.866,RX,bus,-1,00014A09,1,7,01 00 00 0F 03 09 4A,OK
2026-09-29T10:24:14.558Z,19138.953,RX,bus,-1,00114A09,1,5,01 00 00 09 4A,OK
2026-09-29T10:24:14.562Z,19143.800,RX,bus,-1,0001C640,1,7,01 00 00 0F 03 40 C6,OK
2026-09-29T10:24:14.562Z,19143.852,RX,bus,-1,0011C640,1,5,01 00 00 40 C6,OK
2026-09-29T10:24:14.567Z,19148.848,RX,bus,-1,0001A0F3,1,7,01 00 00 0F 03 F3 A0,OK
2026-09-29T10:24:14.567Z,19148.903,RX,bus,-1,0011A0F3,1,5,01 00 00 F3 A0,OK
2026-09-29T10:24:14.572Z,19153.778,RX,bus,-1,00012154,1,7,01 00 00 0F 03 54 21,OK
2026-09-29T10:24:14.572Z,19153.835,RX,bus,-1,00112154,1,5,01 00 00 54 21,OK
2026-09-29T10:24:14.577Z,19158.854,RX,bus,-1,00013129,1,7,01 00 00 0F 03 29 31,OK
2026-09-29T10:24:14.577Z,19158.906,RX,bus,-1,00113129,1,5,01 00 00 29 31,OK
2026-09-29T10:24:14.582Z,19163.816,RX,bus,-1,00019336,1,7,01 00 00 0F 03 36 93,OK
2026-09-29T10:24:14.582Z,19163.868,RX,bus,-1,00119336,1,5,01 00 00 36 93,OK
2026-09-29T10:24:14.587Z,19168.847,RX,bus,-1,000181F4,1,7,01 00 00 0F 03 F4 81,OK
2026-09-29T10:24:14.587Z,19168.900,RX,bus,-1,001181F4,1,5,01 00 00 F4 81,OK
2026-09-29T10:24:14.592Z,19173.838,RX,bus,-1,00015A73,1,7,01 00 00 0F 03 73 5A,OK
2026-09-29T10:24:14.592Z,19173.889,RX,bus,-1,00115A73,1,5,01 00 00 73 5A,OK
2026-09-29T10:24:14.597Z,19178.856,RX,bus,-1,0001EEF8,1,7,01 00 00 0F 03 F8 EE,OK
2026-09-29T10:24:14.597Z,19178.909,RX,bus,-1,0011EEF8,1,5,01 00 00 F8 EE,OK
2026-09-29T10:24:14.602Z,19183.754,RX,bus,-1,0001A970,1,7,01 00 00 0F 03 70 A9,OK
2026-09-29T10:24:14.602Z,19183.824,RX,bus,-1,0011A970,1,5,01 00 00 70 A9,OK
2026-09-29T10:24:14.608Z,19188.840,RX,bus,-1,0001A871,1,7,01 00 00 0F 03 71 A8,OK
2026-09-29T10:24:14.608Z,19188.939,RX,bus,-1,0011A871,1,5,01 00 00 71 A8,OK
2026-09-29T10:24:14.612Z,19193.648,RX,bus,-1,0001BD5B,1,7,01 00 00 0F 03 5B BD,OK
2026-09-29T10:24:14.612Z,19193.886,RX,bus,-1,0011BD5B,1,5,01 00 00 5B BD,OK
2026-09-29T10:24:14.617Z,19198.711,RX,bus,-1,00019098,1,7,01 00 00 0F 03 98 90,OK
2026-09-29T10:24:14.617Z,19198.793,RX,bus,-1,00119098,1,5,01 00 00 98 90,OK
2026-09-29T10:24:14.622Z,19203.658,RX,bus,-1,0001B083,1,7,01 00 00 0F 03 83 B0,OK
2026-09-29T10:24:14.622Z,19203.888,RX,bus,-1,0011B083,1,5,01 00 00 83 B0,OK
2026-09-29T10:24:14.626Z,19208.789,RX,bus,-1,000120DA,1,7,01 00 00 0F 03 DA 20,OK
2026-09-29T10:24:14.626Z,19208.840,RX,bus,-1,001120DA,1,5,01 00 00 DA 20,OK
2026-09-29T10:24:14.632Z,19213.842,RX,bus,-1,000150E4,1,7,01 00 00 0F 03 E4 50,OK
2026-09-29T10:24:14.632Z,19213.893,RX,bus,-1,001150E4,1,5,01 00 00 E4 50,OK
2026-09-29T10:24:14.637Z,19218.738,RX,bus,-1,00015451,1,7,01 00 00 0F 03 51 54,OK
2026-09-29T10:24:14.637Z,19218.888,RX,bus,-1,00115451,1,5,01 00 00 51 54,OK
2026-09-29T10:24:14.642Z,19223.843,RX,bus,-1,0001E167,1,7,01 00 00 0F 03 67 E1,OK
2026-09-29T10:24:14.643Z,19223.895,RX,bus,-1,0011E167,1,5,01 00 00 67 E1,OK
2026-09-29T10:24:14.647Z,19228.636,RX,bus,-1,0001E992,1,7,01 00 00 0F 03 92 E9,OK
2026-09-29T10:24:14.647Z,19228.877,RX,bus,-1,0011E992,1,5,01 00 00 92 E9,OK
2026-09-29T10:24:14.652Z,19233.872,RX,bus,-1,0001201F,1,7,01 00 00 0F 03 1F 20,OK
2026-09-29T10:24:14.653Z,19233.926,RX,bus,-1,0011201F,1,5,01 00 00 1F 20,OK
2026-09-29T10:24:14.657Z,19238.590,RX,bus,-1,0001E8D7,1,7,01 00 00 0F 03 D7 E8,OK
2026-09-29T10:24:14.657Z,19238.870,RX,bus,-1,0011E8D7,1,5,01 00 00 D7 E8,OK
2026-09-29T10:24:14.663Z,19243.827,RX,bus,-1,00019190,1,7,01 00 00 0F 03 90 91,OK
2026-09-29T10:24:14.663Z,19243.895,RX,bus,-1,00119190,1,5,01 00 00 90 91,OK
2026-09-29T10:24:14.668Z,19248.828,RX,bus,-1,0001B40F,1,7,01 00 00 0F 03 0F B4,OK
2026-09-29T10:24:14.668Z,19248.911,RX,bus,-1,0011B40F,1,5,01 00 00 0F B4,OK
2026-09-29T10:24:14.673Z,19253.791,RX,bus,-1,000134C5,1,7,01 00 00 0F 03 C5 34,OK
2026-09-29T10:24:14.673Z,19253.842,RX,bus,-1,001134C5,1,5,01 00 00 C5 34,OK
2026-09-29T10:24:14.678Z,19258.711,RX,bus,-1,0001BD4D,1,7,01 00 00 0F 03 4D BD,OK
2026-09-29T10:24:14.678Z,19258.833,RX,bus,-1,0011BD4D,1,5,01 00 00 4D BD,OK
2026-09-29T10:24:14.683Z,19263.790,RX,bus,-1,0001C9BD,1,7,01 00 00 0F 03 BD C9,OK
2026-09-29T10:24:14.683Z,19263.841,RX,bus,-1,0011C9BD,1,5,01 00 00 BD C9,OK
2026-09-29T10:24:14.688Z,19268.834,RX,bus,-1,0001D0BF,1,7,01 00 00 0F 03 BF D0,OK
2026-09-29T10:24:14.688Z,19268.905,RX,bus,-1,0011D0BF,1,5,01 00 00 BF D0,OK
2026-09-29T10:24:14.692Z,19273.632,RX,bus,-1,0001C373,1,7,01 00 00 0F 03 73 C3,OK
2026-09-29T10:24:14.693Z,19273.866,RX,bus,-1,0011C373,1,5,01 00 00 73 C3,OK
2026-09-29T10:24:14.698Z,19278.842,RX,bus,-1,00016608,1,7,01 00 00 0F 03 08 66,OK
2026-09-29T10:24:14.698Z,19278.910,RX,bus,-1,00116608,1,5,01 00 00 08 66,OK
2026-09-29T10:24:14.702Z,19283.559,RX,bus,-1,0001E092,1,7,01 00 00 0F 03 92 E0,OK
2026-09-29T10:24:14.703Z,19283.870,RX,bus,-1,0011E092,1,5,01 00 00 92 E0,OK
2026-09-29T10:24:14.708Z,19288.880,RX,bus,-1,0001DDB0,1,7,01 00 00 0F 03 B0 DD,OK
2026-09-29T10:24:14.708Z,19288.934,RX,bus,-1,0011DDB0,1,5,01 00 00 B0 DD,OK
2026-09-29T10:24:14.712Z,19293.585,RX,bus,-1,00011596,1,7,01 00 00 0F 03 96 15,OK
2026-09-29T10:24:14.712Z,19293.877,RX,bus,-1,00111596,1,5,01 00 00 96 15,OK
2026-09-29T10:24:14.717Z,19298.610,RX,bus,-1,0001D214,1,7,01 00 00 0F 03 14 D2,OK
2026-09-29T10:24:14.717Z,19298.879,RX,bus,-1,0011D214,1,5,01 00 00 14 D2,OK
2026-09-29T10:24:14.722Z,19303.608,RX,bus,-1,0001F4E6,1,7,01 00 00 0F 03 E6 F4,OK
2026-09-29T10:24:14.722Z,19303.877,RX,bus,-1,0011F4E6,1,5,01 00 00 E6 F4,OK
2026-09-29T10:24:14.726Z,19308.776,RX,bus,-1,0001B3EE,1,7,01 00 00 0F 03 EE B3,OK
2026-09-29T10:24:14.728Z,19308.829,RX,bus,-1,0011B3EE,1,5,01 00 00 EE B3,OK
2026-09-29T10:24:14.732Z,19313.614,RX,bus,-1,0001C527,1,7,01 00 00 0F 03 27 C5,OK
2026-09-29T10:24:14.733Z,19313.873,RX,bus,-1,0011C527,1,5,01 00 00 27 C5,OK
2026-09-29T10:24:14.737Z,19318.753,RX,bus,-1,0001AD77,1,7,01 00 00 0F 03 77 AD,OK
2026-09-29T10:24:14.738Z,19318.842,RX,bus,-1,0011AD77,1,5,01 00 00 77 AD,OK
2026-09-29T10:24:14.742Z,19323.814,RX,bus,-1,00018BDC,1,7,01 00 00 0F 03 DC 8B,OK
2026-09-29T10:24:14.743Z,19323.925,RX,bus,-1,00118BDC,1,5,01 00 00 DC 8B,OK
2026-09-29T10:24:14.747Z,19328.617,RX,bus,-1,000123AB,1,7,01 00 00 0F 03 AB 23,OK
2026-09-29T10:24:14.748Z,19328.911,RX,bus,-1,001123AB,1,5,01 00 00 AB 23,OK
2026-09-29T10:24:14.753Z,19333.928,RX,bus,-1,0001B216,1,7,01 00 00 0F 03 16 B2,OK
2026-09-29T10:24:14.753Z,19333.982,RX,bus,-1,0011B216,1,5,01 00 00 16 B2,OK
2026-09-29T10:24:14.757Z,19338.647,RX,bus,-1,0001A836,1,7,01 00 00 0F 03 36 A8,OK
2026-09-29T10:24:14.758Z,19338.936,RX,bus,-1,0011A836,1,5,01 00 00 36 A8,OK
2026-09-29T10:24:14.762Z,19343.815,RX,bus,-1,00011AB3,1,7,01 00 00 0F 03 B3 1A,OK
2026-09-29T10:24:14.762Z,19343.867,RX,bus,-1,00111AB3,1,5,01 00 00 B3 1A,OK
2026-09-29T10:24:14.767Z,19348.814,RX,bus,-1,0001D320,1,7,01 00 00 0F 03 20 D3,OK
2026-09-29T10:24:14.767Z,19348.899,RX,bus,-1,0011D320,1,5,01 00 00 20 D3,OK
2026-09-29T10:24:14.772Z,19353.669,RX,bus,-1,00010986,1,7,01 00 00 0F 03 86 09,OK
2026-09-29T10:24:14.772Z,19353.878,RX,bus,-1,00110986,1,5,01 00 00 86 09,OK
2026-09-29T10:24:14.777Z,19358.666,RX,bus,-1,0001CE1B,1,7,01 00 00 0F 03 1B CE,OK
2026-09-29T10:24:14.777Z,19358.835,RX,bus,-1,0011CE1B,1,5,01 00 00 1B CE,OK
2026-09-29T10:24:14.782Z,19363.803,RX,bus,-1,0001A05D,1,7,01 00 00 0F 03 5D A0,OK
2026-09-29T10:24:14.782Z,19363.892,RX,bus,-1,0011A05D,1,5,01 00 00 5D A0,OK
2026-09-29T10:24:14.787Z,19368.705,RX,bus,-1,00010435,1,7,01 00 00 0F 03 35 04,OK
2026-09-29T10:24:14.787Z,19368.894,RX,bus,-1,00110435,1,5,01 00 00 35 04,OK
2026-09-29T10:24:14.792Z,19373.658,RX,bus,-1,00017ABD,1,7,01 00 00 0F 03 BD 7A,OK
2026-09-29T10:24:14.792Z,19373.860,RX,bus,-1,00117ABD,1,5,01 00 00 BD 7A,OK
2026-09-29T10:24:14.797Z,19378.662,RX,bus,-1,0001CF33,1,7,01 00 00 0F 03 33 CF,OK
2026-09-29T10:24:14.797Z,19378.845,RX,bus,-1,0011CF33,1,5,01 00 00 33 CF,OK
2026-09-29T10:24:14.802Z,19383.773,RX,bus,-1,00012AD1,1,7,01 00 00 0F 03 D1 2A,OK
2026-09-29T10:24:14.802Z,19383.864,RX,bus,-1,00112AD1,1,5,01 00 00 D1 2A,OK
2026-09-29T10:24:14.807Z,19388.791,RX,bus,-1,000168E1,1,7,01 00 00 0F 03 E1 68,OK
2026-09-29T10:24:14.807Z,19388.848,RX,bus,-1,001168E1,1,5,01 00 00 E1 68,OK
2026-09-29T10:24:14.812Z,19393.553,RX,bus,-1,000115D9,1,7,01 00 00 0F 03 D9 15,OK
2026-09-29T10:24:14.812Z,19393.805,RX,bus,-1,001115D9,1,5,01 00 00 D9 15,OK
2026-09-29T10:24:14.817Z,19398.614,RX,bus,-1,00014D19,1,7,01 00 00 0F 03 19 4D,OK
2026-09-29T10:24:14.817Z,19398.827,RX,bus,-1,00114D19,1,5,01 00 00 19 4D,OK
2026-09-29T10:24:14.822Z,19403.599,RX,bus,-1,00016420,1,7,01 00 00 0F 03 20 64,OK
2026-09-29T10:24:14.822Z,19403.836,RX,bus,-1,00116420,1,5,01 00 00 20 64,OK
2026-09-29T10:24:14.828Z,19408.774,RX,bus,-1,0001F251,1,7,01 00 00 0F 03 51 F2,OK
2026-09-29T10:24:14.828Z,19408.868,RX,bus,-1,0011F251,1,5,01 00 00 51 F2,OK
2026-09-29T10:24:14.832Z,19413.568,RX,bus,-1,00018C42,1,7,01 00 00 0F 03 42 8C,OK
2026-09-29T10:24:14.833Z,19413.804,RX,bus,-1,00118C42,1,5,01 00 00 42 8C,OK
2026-09-29T10:24:14.837Z,19418.571,RX,bus,-1,00013CF5,1,7,01 00 00 0F 03 F5 3C,OK
2026-09-29T10:24:14.838Z,19418.852,RX,bus,-1,00113CF5,1,5,01 00 00 F5 3C,OK
2026-09-29T10:24:14.843Z,19423.761,RX,bus,-1,00013B48,1,7,01 00 00 0F 03 48 3B,OK
2026-09-29T10:24:14.843Z,19423.868,RX,bus,-1,00113B48,1,5,01 00 00 48 3B,OK
2026-09-29T10:24:14.847Z,19428.747,RX,bus,-1,00019ECB,1,7,01 00 00 0F 03 CB 9E,OK
2026-09-29T10:24:14.848Z,19428.793,RX,bus,-1,00119ECB,1,5,01 00 00 CB 9E,OK
2026-09-29T10:24:14.853Z,19433.794,RX,bus,-1,000122E2,1,7,01 00 00 0F 03 E2 22,OK
2026-09-29T10:24:14.853Z,19433.884,RX,bus,-1,001122E2,1,5,01 00 00 E2 22,OK
2026-09-29T10:24:14.858Z,19438.773,RX,bus,-1,00011E42,1,7,01 00 00 0F 03 42 1E,OK
2026-09-29T10:24:14.858Z,19438.871,RX,bus,-1,00111E42,1,5,01 00 00 42 1E,OK
2026-09-29T10:24:14.862Z,19443.714,RX,bus,-1,000150CB,1,7,01 00 00 0F 03 CB 50,OK
2026-09-29T10:24:14.862Z,19443.788,RX,bus,-1,001150CB,1,5,01 00 00 CB 50,OK
2026-09-29T10:24:14.867Z,19448.638,RX,bus,-1,00014E50,1,7,01 00 00 0F 03 50 4E,OK
2026-09-29T10:24:14.867Z,19448.853,RX,bus,-1,00114E50,1,5,01 00 00 50 4E,OK
2026-09-29T10:24:14.872Z,19453.769,RX,bus,-1,0001BE16,1,7,01 00 00 0F 03 16 BE,OK
2026-09-29T10:24:14.872Z,19453.824,RX,bus,-1,0011BE16,1,5,01 00 00 16 BE,OK
2026-09-29T10:24:14.877Z,19458.632,RX,bus,-1,00016251,1,7,01 00 00 0F 03 51 62,OK
2026-09-29T10:24:14.877Z,19458.846,RX,bus,-1,00116251,1,5,01 00 00 51 62,OK
2026-09-29T10:24:14.882Z,19463.603,RX,bus,-1,00019EFD,1,7,01 00 00 0F 03 FD 9E,OK
2026-09-29T10:24:14.882Z,19463.852,RX,bus,-1,00119EFD,1,5,01 00 00 FD 9E,OK
2026-09-29T10:24:14.887Z,19468.775,RX,bus,-1,00018A03,1,7,01 00 00 0F 03 03 8A,OK
2026-09-29T10:24:14.887Z,19468.843,RX,bus,-1,00118A03,1,5,01 00 00 03 8A,OK
2026-09-29T10:24:14.892Z,19473.772,RX,bus,-1,00011362,1,7,01 00 00 0F 03 62 13,OK
2026-09-29T10:24:14.892Z,19473.826,RX,bus,-1,00111362,1,5,01 00 00 62 13,OK
2026-09-29T10:24:14.897Z,19478.607,RX,bus,-1,0001A090,1,7,01 00 00 0F 03 90 A0,OK
2026-09-29T10:24:14.897Z,19478.849,RX,bus,-1,0011A090,1,5,01 00 00 90 A0,OK
2026-09-29T10:24:14.902Z,19483.764,RX,bus,-1,00010620,1,7,01 00 00 0F 03 20 06,OK
2026-09-29T10:24:14.902Z,19483.819,RX,bus,-1,00110620,1,5,01 00 00 20 06,OK
2026-09-29T10:24:14.907Z,19488.536,RX,bus,-1,00015E4C,1,7,01 00 00 0F 03 4C 5E,OK
2026-09-29T10:24:14.907Z,19488.857,RX,bus,-1,00115E4C,1,5,01 00 00 4C 5E,OK
2026-09-29T10:24:14.912Z,19493.558,RX,bus,-1,000190E7,1,7,01 00 00 0F 03 E7 90,OK
2026-09-29T10:24:14.912Z,19493.777,RX,bus,-1,001190E7,1,5,01 00 00 E7 90,OK
2026-09-29T10:24:14.917Z,19498.607,RX,bus,-1,0001138A,1,7,01 00 00 0F 03 8A 13,OK
2026-09-29T10:24:14.917Z,19498.815,RX,bus,-1,0011138A,1,5,01 00 00 8A 13,OK
2026-09-29T10:24:14.922Z,19503.582,RX,bus,-1,0001D031,1,7,01 00 00 0F 03 31 D0,OK
2026-09-29T10:24:14.922Z,19503.845,RX,bus,-1,0011D031,1,5,01 00 00 31 D0,OK
2026-09-29T10:24:14.926Z,19508.753,RX,bus,-1,00012FBA,1,7,01 00 00 0F 03 BA 2F,OK
2026-09-29T10:24:14.928Z,19508.806,RX,bus,-1,00112FBA,1,5,01 00 00 BA 2F,OK
2026-09-29T10:24:14.932Z,19513.737,RX,bus,-1,00018695,1,7,01 00 00 0F 03 95 86,OK
2026-09-29T10:24:14.932Z,19513.793,RX,bus,-1,00118695,1,5,01 00 00 95 86,OK
2026-09-29T10:24:14.937Z,19518.742,RX,bus,-1,0001AEAD,1,7,01 00 00 0F 03 AD AE,OK
2026-09-29T10:24:14.937Z,19518.795,RX,bus,-1,0011AEAD,1,5,01 00 00 AD AE,OK
2026-09-29T10:24:14.942Z,19523.770,RX,bus,-1,0001547F,1,7,01 00 00 0F 03 7F 54,OK
2026-09-29T10:24:14.943Z,19523.829,RX,bus,-1,0011547F,1,5,01 00 00 7F 54,OK
2026-09-29T10:24:14.947Z,19528.616,RX,bus,-1,00016AAC,1,7,01 00 00 0F 03 AC 6A,OK
2026-09-29T10:24:14.948Z,19528.803,RX,bus,-1,00116AAC,1,5,01 00 00 AC 6A,OK
2026-09-29T10:24:14.952Z,19533.651,RX,bus,-1,00012D1E,1,7,01 00 00 0F 03 1E 2D,OK
2026-09-29T10:24:14.953Z,19533.850,RX,bus,-1,00112D1E,1,5,01 00 00 1E 2D,OK
2026-09-29T10:24:14.957Z,19538.752,RX,bus,-1,00019CCE,1,7,01 00 00 0F 03 CE 9C,OK
2026-09-29T10:24:14.958Z,19538.806,RX,bus,-1,00119CCE,1,5,01 00 00 CE 9C,OK
2026-09-29T10:24:14.962Z,19543.622,RX,bus,-1,00017B00,1,7,01 00 00 0F 03 00 7B,OK
2026-09-29T10:24:14.962Z,19543.792,RX,bus,-1,00117B00,1,5,01 00 00 00 7B,OK
2026-09-29T10:24:14.967Z,19548.768,RX,bus,-1,000181AE,1,7,01 00 00 0F 03 AE 81,OK
2026-09-29T10:24:14.967Z,19548.855,RX,bus,-1,001181AE,1,5,01 00 00 AE 81,OK
2026-09-29T10:24:14.972Z,19553.724,RX,bus,-1,0001C2B0,1,7,01 00 00 0F 03 B0 C2,OK
2026-09-29T10:24:14.972Z,19553.774,RX,bus,-1,0011C2B0,1,5,01 00 00 B0 C2,OK
2026-09-29T10:24:14.977Z,19558.692,RX,bus,-1,00017F6C,1,7,01 00 00 0F 03 6C 7F,OK
2026-09-29T10:24:14.977Z,19558.849,RX,bus,-1,00117F6C,1,5,01 00 00 6C 7F,OK
2026-09-29T10:24:14.982Z,19563.772,RX,bus,-1,00014B62,1,7,01 00 00 0F 03 62 4B,OK
2026-09-29T10:24:14.982Z,19563.826,RX,bus,-1,00114B62,1,5,01 00 00 62 4B,OK
2026-09-29T10:24:14.987Z,19568.770,RX,bus,-1,00019EA3,1,7,01 00 00 0F 03 A3 9E,OK
2026-09-29T10:24:14.987Z,19568.826,RX,bus,-1,00119EA3,1,5,01 00 00 A3 9E,OK
2026-09-29T10:24:14.992Z,19573.636,RX,bus,-1,00017D62,1,7,01 00 00 0F 03 62 7D,OK
2026-09-29T10:24:14.992Z,19573.859,RX,bus,-1,00117D62,1,5,01 00 00 62 7D,OK
2026-09-29T10:24:14.997Z,19578.615,RX,bus,-1,0001BAB6,1,7,01 00 00 0F 03 B6 BA,OK
2026-09-29T10:24:14.997Z,19578.858,RX,bus,-1,0011BAB6,1,5,01 00 00 B6 BA,OK
2026-09-29T10:24:15.002Z,19583.749,RX,bus,-1,00017FE3,1,7,01 00 00 0F 03 E3 7F,OK
2026-09-29T10:24:15.002Z,19583.803,RX,bus,-1,00117FE3,1,5,01 00 00 E3 7F,OK
2026-09-29T10:24:15.007Z,19588.646,RX,bus,-1,00016EA6,1,7,01 00 00 0F 03 A6 6E,OK
2026-09-29T10:24:15.007Z,19588.856,RX,bus,-1,00116EA6,1,5,01 00 00 A6 6E,OK
2026-09-29T10:24:15.012Z,19593.605,RX,bus,-1,0001BF6A,1,7,01 00 00 0F 03 6A BF,OK
2026-09-29T10:24:15.012Z,19593.853,RX,bus,-1,0011BF6A,1,5,01 00 00 6A BF,OK
2026-09-29T10:24:15.017Z,19598.606,RX,bus,-1,0001CA4D,1,7,01 00 00 0F 03 4D CA,OK
2026-09-29T10:24:15.017Z,19598.855,RX,bus,-1,0011CA4D,1,5,01 00 00 4D CA,OK
2026-09-29T10:24:15.022Z,19603.655,RX,bus,-1,000117E0,1,7,01 00 00 0F 03 E0 17,OK
2026-09-29T10:24:15.022Z,19603.849,RX,bus,-1,001117E0,1,5,01 00 00 E0 17,OK
2026-09-29T10:24:15.026Z,19608.642,RX,bus,-1,000110B0,1,7,01 00 00 0F 03 B0 10,OK
2026-09-29T10:24:15.028Z,19608.865,RX,bus,-1,001110B0,1,5,01 00 00 B0 10,OK
2026-09-29T10:24:15.032Z,19613.558,RX,bus,-1,00010913,1,7,01 00 00 0F 03 13 09,OK
2026-09-29T10:24:15.033Z,19613.799,RX,bus,-1,00110913,1,5,01 00 00 13 09,OK
2026-09-29T10:24:15.037Z,19618.607,RX,bus,-1,000196CA,1,7,01 00 00 0F 03 CA 96,OK
2026-09-29T10:24:15.038Z,19618.796,RX,bus,-1,001196CA,1,5,01 00 00 CA 96,OK
2026-09-29T10:24:15.042Z,19623.564,RX,bus,-1,0001E22E,1,7,01 00 00 0F 03 2E E2,OK
2026-09-29T10:24:15.043Z,19623.785,RX,bus,-1,0011E22E,1,5,01 00 00 2E E2,OK
2026-09-29T10:24:15.047Z,19628.579,RX,bus,-1,0001CAFA,1,7,01 00 00 0F 03 FA CA,OK
2026-09-29T10:24:15.048Z,19628.818,RX,bus,-1,0011CAFA,1,5,01 00 00 FA CA,OK
2026-09-29T10:24:15.052Z,19633.534,RX,bus,-1,00012470,1,7,01 00 00 0F 03 70 24,OK
2026-09-29T10:24:15.053Z,19633.839,RX,bus,-1,00112470,1,5,01 00 00 70 24,OK
2026-09-29T10:24:15.057Z,19638.678,RX,bus,-1,0001B7FE,1,7,01 00 00 0F 03 FE B7,OK
2026-09-29T10:24:15.058Z,19638.773,RX,bus,-1,0011B7FE,1,5,01 00 00 FE B7,OK
2026-09-29T10:24:15.062Z,19643.564,RX,bus,-1,00011B2A,1,7,01 00 00 0F 03 2A 1B,OK
2026-09-29T10:24:15.062Z,19643.766,RX,bus,-1,00111B2A,1,5,01 00 00 2A 1B,OK
2026-09-29T10:24:15.067Z,19648.577,RX,bus,-1,0001DB1F,1,7,01 00 00 0F 03 1F DB,OK
2026-09-29T10:24:15.067Z,19648.768,RX,bus,-1,0011DB1F,1,5,01 00 00 1F DB,OK
2026-09-29T10:24:15.072Z,19653.533,RX,bus,-1,000116CF,1,7,01 00 00 0F 03 CF 16,OK
2026-09-29T10:24:15.072Z,19653.763,RX,bus,-1,001116CF,1,5,01 00 00 CF 16,OK
2026-09-29T10:24:15.077Z,19658.641,RX,bus,-1,0001CBFB,1,7,01 00 00 0F 03 FB CB,OK
2026-09-29T10:24:15.077Z,19658.805,RX,bus,-1,0011CBFB,1,5,01 00 00 FB CB,OK
2026-09-29T10:24:15.082Z,19663.563,RX,bus,-1,0001E692,1,7,01 00 00 0F 03 92 E6,OK
2026-09-29T10:24:15.082Z,19663.857,RX,bus,-1,0011E692,1,5,01 00 00 92 E6,OK
2026-09-29T10:24:15.087Z,19668.546,RX,bus,-1,00015908,1,7,01 00 00 0F 03 08 59,OK
2026-09-29T10:24:15.087Z,19668.808,RX,bus,-1,00115908,1,5,01 00 00 08 59,OK
2026-09-29T10:24:15.092Z,19673.560,RX,bus,-1,00014FEE,1,7,01 00 00 0F 03 EE 4F,OK
2026-09-29T10:24:15.092Z,19673.830,RX,bus,-1,00114FEE,1,5,01 00 00 EE 4F,OK
2026-09-29T10:24:15.097Z,19678.556,RX,bus,-1,0001CED5,1,7,01 00 00 0F 03 D5 CE,OK
2026-09-29T10:24:15.097Z,19678.819,RX,bus,-1,0011CED5,1,5,01 00 00 D5 CE,OK
2026-09-29T10:24:15.102Z,19683.551,RX,bus,-1,0001F111,1,7,01 00 00 0F 03 11 F1,OK
2026-09-29T10:24:15.102Z,19683.812,RX,bus,-1,0011F111,1,5,01 00 00 11 F1,OK
2026-09-29T10:24:15.107Z,19688.623,RX,bus,-1,0001F487,1,7,01 00 00 0F 03 87 F4,OK
2026-09-29T10:24:15.107Z,19688.814,RX,bus,-1,0011F487,1,5,01 00 00 87 F4,OK
2026-09-29T10:24:15.112Z,19693.547,RX,bus,-1,000196F0,1,7,01 00 00 0F 03 F0 96,OK
2026-09-29T10:24:15.112Z,19693.807,RX,bus,-1,001196F0,1,5,01 00 00 F0 96,OK
2026-09-29T10:24:15.117Z,19698.552,RX,bus,-1,00016327,1,7,01 00 00 0F 03 27 63,OK
2026-09-29T10:24:15.117Z,19698.814,RX,bus,-1,00116327,1,5,01 00 00 27 63,OK
2026-09-29T10:24:15.122Z,19703.542,RX,bus,-1,0001F99C,1,7,01 00 00 0F 03 9C F9,OK
2026-09-29T10:24:15.122Z,19703.806,RX,bus,-1,0011F99C,1,5,01 00 00 9C F9,OK
2026-09-29T10:24:15.126Z,19708.547,RX,bus,-1,0001D5C0,1,7,01 00 00 0F 03 C0 D5,OK
2026-09-29T10:24:15.127Z,19708.808,RX,bus,-1,0011D5C0,1,5,01 00 00 C0 D5,OK
2026-09-29T10:24:15.133Z,19713.689,RX,bus,-1,0001410D,1,7,01 00 00 0F 03 0D 41,OK
2026-09-29T10:24:15.133Z,19713.754,RX,bus,-1,0011410D,1,5,01 00 00 0D 41,OK
2026-09-29T10:24:15.138Z,19718.644,RX,bus,-1,00011B57,1,7,01 00 00 0F 03 57 1B,OK
2026-09-29T10:24:15.138Z,19718.845,RX,bus,-1,00111B57,1,5,01 00 00 57 1B,OK
2026-09-29T10:24:15.142Z,19723.546,RX,bus,-1,00015E7E,1,7,01 00 00 0F 03 7E 5E,OK
2026-09-29T10:24:15.143Z,19723.810,RX,bus,-1,00115E7E,1,5,01 00 00 7E 5E,OK
2026-09-29T10:24:15.148Z,19728.681,RX,bus,-1,0001504B,1,7,01 00 00 0F 03 4B 50,OK
2026-09-29T10:24:15.148Z,19728.839,RX,bus,-1,0011504B,1,5,01 00 00 4B 50,OK
2026-09-29T10:24:15.153Z,19733.693,RX,bus,-1,0001260C,1,7,01 00 00 0F 03 0C 26,OK
2026-09-29T10:24:15.153Z,19733.754,RX,bus,-1,0011260C,1,5,01 00 00 0C 26,OK
2026-09-29T10:24:15.158Z,19738.734,RX,bus,-1,0001D798,1,7,01 00 00 0F 03 98 D7,OK
2026-09-29T10:24:15.158Z,19738.803,RX,bus,-1,0011D798,1,5,01 00 00 98 D7,OK
2026-09-29T10:24:15.162Z,19743.581,RX,bus,-1,0001B234,1,7,01 00 00 0F 03 34 B2,OK
2026-09-29T10:24:15.162Z,19743.811,RX,bus,-1,0011B234,1,5,01 00 00 34 B2,OK
2026-09-29T10:24:15.167Z,19748.538,RX,bus,-1,0001E119,1,7,01 00 00 0F 03 19 E1,OK
2026-09-29T10:24:15.167Z,19748.815,RX,bus,-1,0011E119,1,5,01 00 00 19 E1,OK
2026-09-29T10:24:15.172Z,19753.540,RX,bus,-1,0001B670,1,7,01 00 00 0F 03 70 B6,OK
2026-09-29T10:24:15.172Z,19753.809,RX,bus,-1,0011B670,1,5,01 00 00 70 B6,OK
2026-09-29T10:24:15.177Z,19758.504,RX,bus,-1,000108B3,1,7,01 00 00 0F 03 B3 08,OK
2026-09-29T10:24:15.177Z,19758.765,RX,bus,-1,001108B3,1,5,01 00 00 B3 08,OK
2026-09-29T10:24:15.182Z,19763.500,RX,bus,-1,000153F9,1,7,01 00 00 0F 03 F9 53,OK
2026-09-29T10:24:15.182Z,19763.767,RX,bus,-1,001153F9,1,5,01 00 00 F9 53,OK
2026-09-29T10:24:15.187Z,19768.531,RX,bus,-1,0001CF19,1,7,01 00 00 0F 03 19 CF,OK
2026-09-29T10:24:15.187Z,19768.802,RX,bus,-1,0011CF19,1,5,01 00 00 19 CF,OK
2026-09-29T10:24:15.192Z,19773.534,RX,bus,-1,00011773,1,7,01 00 00 0F 03 73 17,OK
2026-09-29T10:24:15.192Z,19773.797,RX,bus,-1,00111773,1,5,01 00 00 73 17,OK
2026-09-29T10:24:15.197Z,19778.542,RX,bus,-1,00011386,1,7,01 00 00 0F 03 86 13,OK
2026-09-29T10:24:15.197Z,19778.844,RX,bus,-1,00111386,1,5,01 00 00 86 13,OK
2026-09-29T10:24:15.202Z,19783.544,RX,bus,-1,0001E01F,1,7,01 00 00 0F 03 1F E0,OK
2026-09-29T10:24:15.202Z,19783.851,RX,bus,-1,0011E01F,1,5,01 00 00 1F E0,OK
2026-09-29T10:24:15.207Z,19788.575,RX,bus,-1,0001169A,1,7,01 00 00 0F 03 9A 16,OK
2026-09-29T10:24:15.207Z,19788.799,RX,bus,-1,0011169A,1,5,01 00 00 9A 16,OK
2026-09-29T10:24:15.212Z,19793.618,RX,bus,-1,000118B6,1,7,01 00 00 0F 03 B6 18,OK
2026-09-29T10:24:15.212Z,19793.859,RX,bus,-1,001118B6,1,5,01 00 00 B6 18,OK
2026-09-29T10:24:15.217Z,19798.766,RX,bus,-1,00018147,1,7,01 00 00 0F 03 47 81,OK
2026-09-29T10:24:15.217Z,19798.821,RX,bus,-1,00118147,1,5,01 00 00 47 81,OK
2026-09-29T10:24:15.222Z,19803.809,RX,bus,-1,0001F023,1,7,01 00 00 0F 03 23 F0,OK
2026-09-29T10:24:15.222Z,19803.864,RX,bus,-1,0011F023,1,5,01 00 00 23 F0,OK
2026-09-29T10:24:15.226Z,19808.605,RX,bus,-1,0001376E,1,7,01 00 00 0F 03 6E 37,OK
2026-09-29T10:24:15.226Z,19808.781,RX,bus,-1,0011376E,1,5,01 00 00 6E 37,OK
2026-09-29T10:24:15.232Z,19813.555,RX,bus,-1,000167B5,1,7,01 00 00 0F 03 B5 67,OK
2026-09-29T10:24:15.232Z,19813.792,RX,bus,-1,001167B5,1,5,01 00 00 B5 67,OK
2026-09-29T10:24:15.237Z,19818.563,RX,bus,-1,00017090,1,7,01 00 00 0F 03 90 70,OK
2026-09-29T10:24:15.237Z,19818.772,RX,bus,-1,00117090,1,5,01 00 00 90 70,OK
2026-09-29T10:24:15.242Z,19823.557,RX,bus,-1,0001827D,1,7,01 00 00 0F 03 7D 82,OK
2026-09-29T10:24:15.242Z,19823.768,RX,bus,-1,0011827D,1,5,01 00 00 7D 82,OK
2026-09-29T10:24:15.247Z,19828.555,RX,bus,-1,0001F9D2,1,7,01 00 00 0F 03 D2 F9,OK
2026-09-29T10:24:15.247Z,19828.769,RX,bus,-1,0011F9D2,1,5,01 00 00 D2 F9,OK
2026-09-29T10:24:15.252Z,19833.689,RX,bus,-1,000180FC,1,7,01 00 00 0F 03 FC 80,OK
2026-09-29T10:24:15.252Z,19833.818,RX,bus,-1,001180FC,1,5,01 00 00 FC 80,OK
2026-09-29T10:24:15.257Z,19838.591,RX,bus,-1,0001D71B,1,7,01 00 00 0F 03 1B D7,OK
2026-09-29T10:24:15.257Z,19838.809,RX,bus,-1,0011D71B,1,5,01 00 00 1B D7,OK
2026-09-29T10:24:15.262Z,19843.621,RX,bus,-1,0001963B,1,7,01 00 00 0F 03 3B 96,OK
2026-09-29T10:24:15.263Z,19843.851,RX,bus,-1,0011963B,1,5,01 00 00 3B 96,OK
2026-09-29T10:24:15.267Z,19848.633,RX,bus,-1,00014A10,1,7,01 00 00 0F 03 10 4A,OK
2026-09-29T10:24:15.267Z,19848.802,RX,bus,-1,00114A10,1,5,01 00 00 10 4A,OK
2026-09-29T10:24:15.272Z,19853.580,RX,bus,-1,0001CF1A,1,7,01 00 00 0F 03 1A CF,OK
2026-09-29T10:24:15.272Z,19853.809,RX,bus,-1,0011CF1A,1,5,01 00 00 1A CF,OK
2026-09-29T10:24:15.277Z,19858.548,RX,bus,-1,0001BC47,1,7,01 00 00 0F 03 47 BC,OK
2026-09-29T10:24:15.277Z,19858.770,RX,bus,-1,0011BC47,1,5,01 00 00 47 BC,OK
2026-09-29T10:24:15.282Z,19863.535,RX,bus,-1,0001C24C,1,7,01 00 00 0F 03 4C C2,OK
2026-09-29T10:24:15.283Z,19863.792,RX,bus,-1,0011C24C,1,5,01 00 00 4C C2,OK
2026-09-29T10:24:15.287Z,19868.515,RX,bus,-1,000102E0,1,7,01 00 00 0F 03 E0 02,OK
2026-09-29T10:24:15.287Z,19868.768,RX,bus,-1,001102E0,1,5,01 00 00 E0 02,OK
2026-09-29T10:24:15.292Z,19873.529,RX,bus,-1,0001B358,1,7,01 00 00 0F 03 58 B3,OK
2026-09-29T10:24:15.292Z,19873.786,RX,bus,-1,0011B358,1,5,01 00 00 58 B3,OK
2026-09-29T10:24:15.296Z,19878.543,RX,bus,-1,0001C061,1,7,01 00 00 0F 03 61 C0,OK
2026-09-29T10:24:15.297Z,19878.775,RX,bus,-1,0011C061,1,5,01 00 00 61 C0,OK
2026-09-29T10:24:15.302Z,19883.521,RX,bus,-1,0001BC9C,1,7,01 00 00 0F 03 9C BC,OK
2026-09-29T10:24:15.303Z,19883.769,RX,bus,-1,0011BC9C,1,5,01 00 00 9C BC,OK
2026-09-29T10:24:15.307Z,19888.597,RX,bus,-1,0001B692,1,7,01 00 00 0F 03 92 B6,OK
2026-09-29T10:24:15.307Z,19888.835,RX,bus,-1,0011B692,1,5,01 00 00 92 B6,OK
2026-09-29T10:24:15.312Z,19893.563,RX,bus,-1,0001A428,1,7,01 00 00 0F 03 28 A4,OK
2026-09-29T10:24:15.312Z,19893.809,RX,bus,-1,0011A428,1,5,01 00 00 28 A4,OK
2026-09-29T10:24:15.318Z,19898.655,RX,bus,-1,000130A4,1,7,01 00 00 0F 03 A4 30,OK
2026-09-29T10:24:15.318Z,19898.759,RX,bus,-1,001130A4,1,5,01 00 00 A4 30,OK
2026-09-29T10:24:15.322Z,19903.519,RX,bus,-1,0001F8E4,1,7,01 00 00 0F 03 E4 F8,OK
2026-09-29T10:24:15.322Z,19903.813,RX,bus,-1,0011F8E4,1,5,01 00 00 E4 F8,OK
2026-09-29T10:24:15.326Z,19908.650,RX,bus,-1,000196EC,1,7,01 00 00 0F 03 EC 96,OK
2026-09-29T10:24:15.326Z,19908.749,RX,bus,-1,001196EC,1,5,01 00 00 EC 96,OK
2026-09-29T10:24:15.332Z,19913.494,RX,bus,-1,00012D5E,1,7,01 00 00 0F 03 5E 2D,OK
2026-09-29T10:24:15.332Z,19913.782,RX,bus,-1,00112D5E,1,5,01 00 00 5E 2D,OK
2026-09-29T10:24:15.337Z,19918.539,RX,bus,-1,00017FFC,1,7,01 00 00 0F 03 FC 7F,OK
2026-09-29T10:24:15.337Z,19918.781,RX,bus,-1,00117FFC,1,5,01 00 00 FC 7F,OK
2026-09-29T10:24:15.341Z,19923.548,RX,bus,-1,0001233D,1,7,01 00 00 0F 03 3D 23,OK
2026-09-29T10:24:15.341Z,19923.784,RX,bus,-1,0011233D,1,5,01 00 00 3D 23,OK
2026-09-29T10:24:15.347Z,19928.535,RX,bus,-1,00011FD3,1,7,01 00 00 0F 03 D3 1F,OK
2026-09-29T10:24:15.347Z,19928.817,RX,bus,-1,00111FD3,1,5,01 00 00 D3 1F,OK
2026-09-29T10:24:15.352Z,19933.534,RX,bus,-1,00010221,1,7,01 00 00 0F 03 21 02,OK
2026-09-29T10:24:15.352Z,19933.772,RX,bus,-1,00110221,1,5,01 00 00 21 02,OK
2026-09-29T10:24:15.357Z,19938.624,RX,bus,-1,0001788D,1,7,01 00 00 0F 03 8D 78,OK
2026-09-29T10:24:15.357Z,19938.773,RX,bus,-1,0011788D,1,5,01 00 00 8D 78,OK
2026-09-29T10:24:15.362Z,19943.573,RX,bus,-1,0001BA79,1,7,01 00 00 0F 03 79 BA,OK
2026-09-29T10:24:15.362Z,19943.802,RX,bus,-1,0011BA79,1,5,01 00 00 79 BA,OK
2026-09-29T10:24:15.367Z,19948.518,RX,bus,-1,000108AC,1,7,01 00 00 0F 03 AC 08,OK
2026-09-29T10:24:15.367Z,19948.804,RX,bus,-1,001108AC,1,5,01 00 00 AC 08,OK
2026-09-29T10:24:15.372Z,19953.555,RX,bus,-1,0001109E,1,7,01 00 00 0F 03 9E 10,OK
2026-09-29T10:24:15.372Z,19953.811,RX,bus,-1,0011109E,1,5,01 00 00 9E 10,OK
2026-09-29T10:24:15.377Z,19958.686,RX,bus,-1,0001ADF5,1,7,01 00 00 0F 03 F5 AD,OK
2026-09-29T10:24:15.377Z,19958.756,RX,bus,-1,0011ADF5,1,5,01 00 00 F5 AD,OK
2026-09-29T10:24:15.381Z,19963.684,RX,bus,-1,0001A631,1,7,01 00 00 0F 03 31 A6,OK
2026-09-29T10:24:15.381Z,19963.849,RX,bus,-1,0011A631,1,5,01 00 00 31 A6,OK
2026-09-29T10:24:15.387Z,19968.567,RX,bus,-1,00010C7F,1,7,01 00 00 0F 03 7F 0C,OK
2026-09-29T10:24:15.387Z,19968.863,RX,bus,-1,00110C7F,1,5,01 00 00 7F 0C,OK
2026-09-29T10:24:15.392Z,19973.593,RX,bus,-1,0001A382,1,7,01 00 00 0F 03 82 A3,OK
2026-09-29T10:24:15.392Z,19973.848,RX,bus,-1,0011A382,1,5,01 00 00 82 A3,OK
2026-09-29T10:24:15.397Z,19978.558,RX,bus,-1,0001A854,1,7,01 00 00 0F 03 54 A8,OK
2026-09-29T10:24:15.397Z,19978.844,RX,bus,-1,0011A854,1,5,01 00 00 54 A8,OK
2026-09-29T10:24:15.402Z,19983.533,RX,bus,-1,0001BC9C,1,7,01 00 00 0F 03 9C BC,OK
2026-09-29T10:24:15.402Z,19983.858,RX,bus,-1,0011BC9C,1,5,01 00 00 9C BC,OK
2026-09-29T10:24:15.407Z,19988.586,RX,bus,-1,0001A8E0,1,7,01 00 00 0F 03 E0 A8,OK
2026-09-29T10:24:15.407Z,19988.850,RX,bus,-1,0011A8E0,1,5,01 00 00 E0 A8,OK
2026-09-29T10:24:15.411Z,19993.678,RX,bus,-1,00014124,1,7,01 00 00 0F 03 24 41,OK
2026-09-29T10:24:15.413Z,19993.835,RX,bus,-1,00114124,1,5,01 00 00 24 41,OK
2026-09-29T10:24:15.417Z,19998.645,RX,bus,-1,00015C07,1,7,01 00 00 0F 03 07 5C,OK
2026-09-29T10:24:15.418Z,19998.849,RX,bus,-1,00115C07,1,5,01 00 00 07 5C,OK
2026-09-29T10:24:15.422Z,20003.674,RX,bus,-1,00015C25,1,7,01 00 00 0F 03 25 5C,OK
2026-09-29T10:24:15.423Z,20003.841,RX,bus,-1,00115C25,1,5,01 00 00 25 5C,OK
2026-09-29T10:24:15.427Z,20008.564,RX,bus,-1,0001038D,1,7,01 00 00 0F 03 8D 03,OK
2026-09-29T10:24:15.428Z,20008.823,RX,bus,-1,0011038D,1,5,01 00 00 8D 03,OK
2026-09-29T10:24:15.432Z,20013.553,RX,bus,-1,0001F485,1,7,01 00 00 0F 03 85 F4,OK
2026-09-29T10:24:15.432Z,20013.800,RX,bus,-1,0011F485,1,5,01 00 00 85 F4,OK
2026-09-29T10:24:15.437Z,20018.532,RX,bus,-1,00015637,1,7,01 00 00 0F 03 37 56,OK
2026-09-29T10:24:15.437Z,20018.800,RX,bus,-1,00115637,1,5,01 00 00 37 56,OK
2026-09-29T10:24:15.442Z,20023.801,RX,bus,-1,0001F0BA,1,7,01 00 00 0F 03 BA F0,OK
2026-09-29T10:24:15.442Z,20023.857,RX,bus,-1,0011F0BA,1,5,01 00 00 BA F0,OK
2026-09-29T10:24:15.447Z,20028.701,RX,bus,-1,0001A6D6,1,7,01 00 00 0F 03 D6 A6,OK
2026-09-29T10:24:15.447Z,20028.779,RX,bus,-1,0011A6D6,1,5,01 00 00 D6 A6,OK
2026-09-29T10:24:15.452Z,20033.601,RX,bus,-1,00013FF8,1,7,01 00 00 0F 03 F8 3F,OK
2026-09-29T10:24:15.452Z,20033.860,RX,bus,-1,00113FF8,1,5,01 00 00 F8 3F,OK
2026-09-29T10:24:15.457Z,20038.592,RX,bus,-1,00011615,1,7,01 00 00 0F 04 15 16,OK
2026-09-29T10:24:15.457Z,20038.850,RX,bus,-1,00111615,1,5,01 00 00 15 16,OK
2026-09-29T10:24:15.462Z,20043.653,RX,bus,-1,00018CE4,1,7,01 00 00 0F 03 E4 8C,OK
2026-09-29T10:24:15.462Z,20043.843,RX,bus,-1,00118CE4,1,5,01 00 00 E4 8C,OK
2026-09-29T10:24:15.467Z,20048.544,RX,bus,-1,000168BF,1,7,01 00 00 0F 03 BF 68,OK
2026-09-29T10:24:15.467Z,20048.843,RX,bus,-1,001168BF,1,5,01 00 00 BF 68,OK
2026-09-29T10:24:15.472Z,20053.519,RX,bus,-1,00011D9F,1,7,01 00 00 0F 03 9F 1D,OK
2026-09-29T10:24:15.472Z,20053.847,RX,bus,-1,00111D9F,1,5,01 00 00 9F 1D,OK
2026-09-29T10:24:15.477Z,20058.558,RX,bus,-1,000172E1,1,7,01 00 00 0F 03 E1 72,OK
2026-09-29T10:24:15.477Z,20058.812,RX,bus,-1,001172E1,1,5,01 00 00 E1 72,OK
2026-09-29T10:24:15.482Z,20063.604,RX,bus,-1,0001769B,1,7,01 00 00 0F 03 9B 76,OK
2026-09-29T10:24:15.482Z,20063.818,RX,bus,-1,0011769B,1,5,01 00 00 9B 76,OK
2026-09-29T10:24:15.487Z,20068.543,RX,bus,-1,000128E6,1,7,01 00 00 0F 03 E6 28,OK
2026-09-29T10:24:15.487Z,20068.856,RX,bus,-1,001128E6,1,5,01 00 00 E6 28,OK
2026-09-29T10:24:15.492Z,20073.555,RX,bus,-1,00013D9C,1,7,01 00 00 0F 03 9C 3D,OK
2026-09-29T10:24:15.492Z,20073.796,RX,bus,-1,00113D9C,1,5,01 00 00 9C 3D,OK
2026-09-29T10:24:15.497Z,20078.697,RX,bus,-1,0001C6AE,1,7,01 00 00 0F 03 AE C6,OK
2026-09-29T10:24:15.497Z,20078.851,RX,bus,-1,0011C6AE,1,5,01 00 00 AE C6,OK
2026-09-29T10:24:15.502Z,20083.698,RX,bus,-1,0001AFD6,1,7,01 00 00 0F 03 D6 AF,OK
2026-09-29T10:24:15.502Z,20083.833,RX,bus,-1,0011AFD6,1,5,01 00 00 D6 AF,OK
2026-09-29T10:24:15.507Z,20088.676,RX,bus,-1,0001A525,1,7,01 00 00 0F 03 25 A5,OK
2026-09-29T10:24:15.507Z,20088.777,RX,bus,-1,0011A525,1,5,01 00 00 25 A5,OK
2026-09-29T10:24:15.512Z,20093.569,RX,bus,-1,0001EE02,1,7,01 00 00 0F 03 02 EE,OK
2026-09-29T10:24:15.512Z,20093.785,RX,bus,-1,0011EE02,1,5,01 00 00 02 EE,OK
2026-09-29T10:24:15.516Z,20098.543,RX,bus,-1,000165E7,1,7,01 00 00 0F 03 E7 65,OK
2026-09-29T10:24:15.516Z,20098.805,RX,bus,-1,001165E7,1,5,01 00 00 E7 65,OK
2026-09-29T10:24:15.522Z,20103.645,RX,bus,-1,00018EE4,1,7,01 00 00 0F 03 E4 8E,OK
2026-09-29T10:24:15.522Z,20103.807,RX,bus,-1,00118EE4,1,5,01 00 00 E4 8E,OK
2026-09-29T10:24:15.527Z,20108.522,RX,bus,-1,000148F7,1,7,01 00 00 0F 03 F7 48,OK
2026-09-29T10:24:15.527Z,20108.821,RX,bus,-1,001148F7,1,5,01 00 00 F7 48,OK
2026-09-29T10:24:15.532Z,20113.529,RX,bus,-1,00013090,1,7,01 00 00 0F 03 90 30,OK
2026-09-29T10:24:15.532Z,20113.768,RX,bus,-1,00113090,1,5,01 00 00 90 30,OK
2026-09-29T10:24:15.537Z,20118.560,RX,bus,-1,0001D390,1,7,01 00 00 0F 03 90 D3,OK
2026-09-29T10:24:15.537Z,20118.757,RX,bus,-1,0011D390,1,5,01 00 00 90 D3,OK
2026-09-29T10:24:15.542Z,20123.572,RX,bus,-1,00015A7D,1,7,01 00 00 0F 03 7D 5A,OK
2026-09-29T10:24:15.542Z,20123.804,RX,bus,-1,00115A7D,1,5,01 00 00 7D 5A,OK
2026-09-29T10:24:15.547Z,20128.541,RX,bus,-1,0001039B,1,7,01 00 00 0F 03 9B 03,OK
2026-09-29T10:24:15.547Z,20128.794,RX,bus,-1,0011039B,1,5,01 00 00 9B 03,OK
2026-09-29T10:24:15.552Z,20133.529,RX,bus,-1,0001E21D,1,7,01 00 00 0F 03 1D E2,OK
2026-09-29T10:24:15.552Z,20133.794,RX,bus,-1,0011E21D,1,5,01 00 00 1D E2,OK
2026-09-29T10:24:15.557Z,20138.579,RX,bus,-1,0001164C,1,7,01 00 00 0F 03 4C 16,OK
2026-09-29T10:24:15.557Z,20138.779,RX,bus,-1,0011164C,1,5,01 00 00 4C 16,OK
2026-09-29T10:24:15.562Z,20143.538,RX,bus,-1,0001BD96,1,7,01 00 00 0F 03 96 BD,OK
2026-09-29T10:24:15.562Z,20143.761,RX,bus,-1,0011BD96,1,5,01 00 00 96 BD,OK
2026-09-29T10:24:15.566Z,20148.491,RX,bus,-1,000108F9,1,7,01 00 00 0F 03 F9 08,OK
2026-09-29T10:24:15.566Z,20148.756,RX,bus,-1,001108F9,1,5,01 00 00 F9 08,OK
2026-09-29T10:24:15.572Z,20153.493,RX,bus,-1,0001AFD1,1,7,01 00 00 0F 03 D1 AF,OK
2026-09-29T10:24:15.572Z,20153.724,RX,bus,-1,0011AFD1,1,5,01 00 00 D1 AF,OK
2026-09-29T10:24:15.577Z,20158.534,RX,bus,-1,00010E21,1,7,01 00 00 0F 03 21 0E,OK
2026-09-29T10:24:15.577Z,20158.791,RX,bus,-1,00110E21,1,5,01 00 00 21 0E,OK
2026-09-29T10:24:15.582Z,20163.525,RX,bus,-1,00016EF6,1,7,01 00 00 0F 03 F6 6E,OK
2026-09-29T10:24:15.582Z,20163.789,RX,bus,-1,00116EF6,1,5,01 00 00 F6 6E,OK
2026-09-29T10:24:15.587Z,20168.523,RX,bus,-1,0001BD46,1,7,01 00 00 0F 03 46 BD,OK
2026-09-29T10:24:15.587Z,20168.789,RX,bus,-1,0011BD46,1,5,01 00 00 46 BD,OK
2026-09-29T10:24:15.592Z,20173.540,RX,bus,-1,00012E17,1,7,01 00 00 0F 03 17 2E,OK
2026-09-29T10:24:15.592Z,20173.793,RX,bus,-1,00112E17,1,5,01 00 00 17 2E,OK
2026-09-29T10:24:15.597Z,20178.523,RX,bus,-1,0001C2FE,1,7,01 00 00 0F 03 FE C2,OK
2026-09-29T10:24:15.597Z,20178.792,RX,bus,-1,0011C2FE,1,5,01 00 00 FE C2,OK
2026-09-29T10:24:15.602Z,20183.525,RX,bus,-1,0001B08C,1,7,01 00 00 0F 03 8C B0,OK
2026-09-29T10:24:15.602Z,20183.783,RX,bus,-1,0011B08C,1,5,01 00 00 8C B0,OK
2026-09-29T10:24:15.607Z,20188.538,RX,bus,-1,00016769,1,7,01 00 00 0F 03 69 67,OK
2026-09-29T10:24:15.607Z,20188.792,RX,bus,-1,00116769,1,5,01 00 00 69 67,OK
2026-09-29T10:24:15.612Z,20193.492,RX,bus,-1,0001F955,1,7,01 00 00 0F 03 55 F9,OK
2026-09-29T10:24:15.612Z,20193.723,RX,bus,-1,0011F955,1,5,01 00 00 55 F9,OK
2026-09-29T10:24:15.616Z,20198.647,RX,bus,-1,0001B7F8,1,7,01 00 00 0F 03 F8 B7,OK
2026-09-29T10:24:15.618Z,20198.706,RX,bus,-1,0011B7F8,1,5,01 00 00 F8 B7,OK
2026-09-29T10:24:15.622Z,20203.493,RX,bus,-1,0001EE7E,1,7,01 00 00 0F 03 7E EE,OK
2026-09-29T10:24:15.623Z,20203.764,RX,bus,-1,0011EE7E,1,5,01 00 00 7E EE,OK
2026-09-29T10:24:15.627Z,20208.523,RX,bus,-1,00010A1B,1,7,01 00 00 0F 03 1B 0A,OK
2026-09-29T10:24:15.627Z,20208.751,RX,bus,-1,00110A1B,1,5,01 00 00 1B 0A,OK
2026-09-29T10:24:15.632Z,20213.509,RX,bus,-1,0001B058,1,7,01 00 00 0F 03 58 B0,OK
2026-09-29T10:24:15.632Z,20213.751,RX,bus,-1,0011B058,1,5,01 00 00 58 B0,OK
2026-09-29T10:24:15.637Z,20218.465,RX,bus,-1,00012F56,1,7,01 00 00 0F 03 56 2F,OK
2026-09-29T10:24:15.637Z,20218.755,RX,bus,-1,00112F56,1,5,01 00 00 56 2F,OK
2026-09-29T10:24:15.642Z,20223.501,RX,bus,-1,00014201,1,7,01 00 00 0F 03 01 42,OK
2026-09-29T10:24:15.642Z,20223.799,RX,bus,-1,00114201,1,5,01 00 00 01 42,OK
2026-09-29T10:24:15.647Z,20228.530,RX,bus,-1,000143D0,1,7,01 00 00 0F 03 D0 43,OK
2026-09-29T10:24:15.647Z,20228.748,RX,bus,-1,001143D0,1,5,01 00 00 D0 43,OK
2026-09-29T10:24:15.652Z,20233.487,RX,bus,-1,00010C91,1,7,01 00 00 0F 03 91 0C,OK
2026-09-29T10:24:15.652Z,20233.753,RX,bus,-1,00110C91,1,5,01 00 00 91 0C,OK
2026-09-29T10:24:15.657Z,20238.532,RX,bus,-1,00018353,1,7,01 00 00 0F 03 53 83,OK
2026-09-29T10:24:15.657Z,20238.717,RX,bus,-1,00118353,1,5,01 00 00 53 83,OK
2026-09-29T10:24:15.662Z,20243.552,RX,bus,-1,00010BEB,1,7,01 00 00 0F 03 EB 0B,OK
2026-09-29T10:24:15.662Z,20243.753,RX,bus,-1,00110BEB,1,5,01 00 00 EB 0B,OK
2026-09-29T10:24:15.666Z,20248.661,RX,bus,-1,00010159,1,7,01 00 00 0F 03 59 01,OK
2026-09-29T10:24:15.668Z,20248.843,RX,bus,-1,00110159,1,5,01 00 00 59 01,OK
2026-09-29T10:24:15.672Z,20253.661,RX,bus,-1,0001F801,1,7,01 00 00 0F 03 01 F8,OK
2026-09-29T10:24:15.673Z,20253.827,RX,bus,-1,0011F801,1,5,01 00 00 01 F8,OK
2026-09-29T10:24:15.678Z,20258.732,RX,bus,-1,00017B9C,1,7,01 00 00 0F 03 9C 7B,OK
2026-09-29T10:24:15.678Z,20258.782,RX,bus,-1,00117B9C,1,5,01 00 00 9C 7B,OK
2026-09-29T10:24:15.682Z,20263.726,RX,bus,-1,00017F08,1,7,01 00 00 0F 03 08 7F,OK
2026-09-29T10:24:15.683Z,20263.794,RX,bus,-1,00117F08,1,5,01 00 00 08 7F,OK
2026-09-29T10:24:15.687Z,20268.617,RX,bus,-1,00017344,1,7,01 00 00 0F 03 44 73,OK
2026-09-29T10:24:15.688Z,20268.751,RX,bus,-1,00117344,1,5,01 00 00 44 73,OK
2026-09-29T10:24:15.692Z,20273.727,RX,bus,-1,000194F3,1,7,01 00 00 0F 03 F3 94,OK
2026-09-29T10:24:15.693Z,20273.788,RX,bus,-1,001194F3,1,5,01 00 00 F3 94,OK
2026-09-29T10:24:15.697Z,20278.673,RX,bus,-1,0001939E,1,7,01 00 00 0F 03 9E 93,OK
2026-09-29T10:24:15.698Z,20278.836,RX,bus,-1,0011939E,1,5,01 00 00 9E 93,OK
2026-09-29T10:24:15.702Z,20283.653,RX,bus,-1,00012E2E,1,7,01 00 00 0F 03 2E 2E,OK
2026-09-29T10:24:15.702Z,20283.713,RX,bus,-1,00112E2E,1,5,01 00 00 2E 2E,OK
2026-09-29T10:24:15.707Z,20288.449,RX,bus,-1,0001B609,1,7,01 00 00 0F 03 09 B6,OK
2026-09-29T10:24:15.708Z,20288.771,RX,bus,-1,0011B609,1,5,01 00 00 09 B6,OK
2026-09-29T10:24:15.712Z,20293.498,RX,bus,-1,00014F6E,1,7,01 00 00 0F 03 6E 4F,OK
2026-09-29T10:24:15.713Z,20293.864,RX,bus,-1,00114F6E,1,5,01 00 00 6E 4F,OK
2026-09-29T10:24:15.717Z,20298.534,RX,bus,-1,00014D81,1,7,01 00 00 0F 03 81 4D,OK
2026-09-29T10:24:15.718Z,20298.820,RX,bus,-1,00114D81,1,5,01 00 00 81 4D,OK
2026-09-29T10:24:15.722Z,20303.466,RX,bus,-1,0001A212,1,7,01 00 00 0F 03 12 A2,OK
2026-09-29T10:24:15.722Z,20303.783,RX,bus,-1,0011A212,1,5,01 00 00 12 A2,OK
2026-09-29T10:24:15.727Z,20308.546,RX,bus,-1,0001BCE6,1,7,01 00 00 0F 03 E6 BC,OK
2026-09-29T10:24:15.727Z,20308.719,RX,bus,-1,0011BCE6,1,5,01 00 00 E6 BC,OK
2026-09-29T10:24:15.731Z,20313.516,RX,bus,-1,0001E468,1,7,01 00 00 0F 03 68 E4,OK
2026-09-29T10:24:15.732Z,20313.796,RX,bus,-1,0011E468,1,5,01 00 00 68 E4,OK
2026-09-29T10:24:15.737Z,20318.596,RX,bus,-1,00017DF2,1,7,01 00 00 0F 03 F2 7D,OK
2026-09-29T10:24:15.737Z,20318.732,RX,bus,-1,00117DF2,1,5,01 00 00 F2 7D,OK
2026-09-29T10:24:15.742Z,20323.662,RX,bus,-1,0001E6D8,1,7,01 00 00 0F 03 D8 E6,OK
2026-09-29T10:24:15.742Z,20323.793,RX,bus,-1,0011E6D8,1,5,01 00 00 D8 E6,OK
2026-09-29T10:24:15.746Z,20328.469,RX,bus,-1,00012385,1,7,01 00 00 0F 03 85 23,OK
2026-09-29T10:24:15.747Z,20328.742,RX,bus,-1,00112385,1,5,01 00 00 85 23,OK
2026-09-29T10:24:15.752Z,20333.654,RX,bus,-1,000196BB,1,7,01 00 00 0F 03 BB 96,OK
2026-09-29T10:24:15.752Z,20333.809,RX,bus,-1,001196BB,1,5,01 00 00 BB 96,OK
2026-09-29T10:24:15.757Z,20338.710,RX,bus,-1,0001A4A4,1,7,01 00 00 0F 03 A4 A4,OK
2026-09-29T10:24:15.757Z,20338.767,RX,bus,-1,0011A4A4,1,5,01 00 00 A4 A4,OK
2026-09-29T10:24:15.761Z,20343.501,RX,bus,-1,0001196C,1,7,01 00 00 0F 03 6C 19,OK
2026-09-29T10:24:15.762Z,20343.794,RX,bus,-1,0011196C,1,5,01 00 00 6C 19,OK
2026-09-29T10:24:15.767Z,20348.662,RX,bus,-1,0001DE62,1,7,01 00 00 0F 03 62 DE,OK
2026-09-29T10:24:15.767Z,20348.733,RX,bus,-1,0011DE62,1,5,01 00 00 62 DE,OK
2026-09-29T10:24:15.772Z,20353.505,RX,bus,-1,000109D8,1,7,01 00 00 0F 03 D8 09,OK
2026-09-29T10:24:15.772Z,20353.804,RX,bus,-1,001109D8,1,5,01 00 00 D8 09,OK
2026-09-29T10:24:15.777Z,20358.509,RX,bus,-1,00014193,1,7,01 00 00 0F 03 93 41,OK
2026-09-29T10:24:15.777Z,20358.794,RX,bus,-1,00114193,1,5,01 00 00 93 41,OK
2026-09-29T10:24:15.782Z,20363.507,RX,bus,-1,0001FC92,1,7,01 00 00 0F 03 92 FC,OK
2026-09-29T10:24:15.782Z,20363.802,RX,bus,-1,0011FC92,1,5,01 00 00 92 FC,OK
2026-09-29T10:24:15.787Z,20368.506,RX,bus,-1,000135EE,1,7,01 00 00 0F 03 EE 35,OK
2026-09-29T10:24:15.787Z,20368.794,RX,bus,-1,001135EE,1,5,01 00 00 EE 35,OK
2026-09-29T10:24:15.792Z,20373.495,RX,bus,-1,00017A3C,1,7,01 00 00 0F 03 3C 7A,OK
2026-09-29T10:24:15.792Z,20373.802,RX,bus,-1,00117A3C,1,5,01 00 00 3C 7A,OK
2026-09-29T10:24:15.797Z,20378.515,RX,bus,-1,00010B0D,1,7,01 00 00 0F 03 0D 0B,OK
2026-09-29T10:24:15.797Z,20378.793,RX,bus,-1,00110B0D,1,5,01 00 00 0D 0B,OK
2026-09-29T10:24:15.802Z,20383.519,RX,bus,-1,000181BE,1,7,01 00 00 0F 03 BE 81,OK
2026-09-29T10:24:15.802Z,20383.810,RX,bus,-1,001181BE,1,5,01 00 00 BE 81,OK
2026-09-29T10:24:15.807Z,20388.503,RX,bus,-1,00017872,1,7,01 00 00 0F 03 72 78,OK
2026-09-29T10:24:15.807Z,20388.803,RX,bus,-1,00117872,1,5,01 00 00 72 78,OK
2026-09-29T10:24:15.812Z,20393.506,RX,bus,-1,0001BBA5,1,7,01 00 00 0F 03 A5 BB,OK
2026-09-29T10:24:15.812Z,20393.803,RX,bus,-1,0011BBA5,1,5,01 00 00 A5 BB,OK
2026-09-29T10:24:15.817Z,20398.502,RX,bus,-1,00015071,1,7,01 00 00 0F 03 71 50,OK
2026-09-29T10:24:15.817Z,20398.807,RX,bus,-1,00115071,1,5,01 00 00 71 50,OK
2026-09-29T10:24:15.822Z,20403.641,RX,bus,-1,000161A3,1,7,01 00 00 0F 03 A3 61,OK
2026-09-29T10:24:15.822Z,20403.760,RX,bus,-1,001161A3,1,5,01 00 00 A3 61,OK
2026-09-29T10:24:15.826Z,20408.539,RX,bus,-1,0001D2B4,1,7,01 00 00 0F 03 B4 D2,OK
2026-09-29T10:24:15.827Z,20408.789,RX,bus,-1,0011D2B4,1,5,01 00 00 B4 D2,OK
2026-09-29T10:24:15.832Z,20413.506,RX,bus,-1,00014903,1,7,01 00 00 0F 03 03 49,OK
2026-09-29T10:24:15.832Z,20413.796,RX,bus,-1,00114903,1,5,01 00 00 03 49,OK
2026-09-29T10:24:15.837Z,20418.498,RX,bus,-1,000159B5,1,7,01 00 00 0F 03 B5 59,OK
2026-09-29T10:24:15.837Z,20418.716,RX,bus,-1,001159B5,1,5,01 00 00 B5 59,OK
2026-09-29T10:24:15.842Z,20423.502,RX,bus,-1,0001A48D,1,7,01 00 00 0F 03 8D A4,OK
2026-09-29T10:24:15.842Z,20423.798,RX,bus,-1,0011A48D,1,5,01 00 00 8D A4,OK
2026-09-29T10:24:15.847Z,20428.635,RX,bus,-1,0001235B,1,7,01 00 00 0F 03 5B 23,OK
2026-09-29T10:24:15.847Z,20428.806,RX,bus,-1,0011235B,1,5,01 00 00 5B 23,OK
2026-09-29T10:24:15.852Z,20433.687,RX,bus,-1,00015E30,1,7,01 00 00 0F 03 30 5E,OK
2026-09-29T10:24:15.852Z,20433.787,RX,bus,-1,00115E30,1,5,01 00 00 30 5E,OK
2026-09-29T10:24:15.857Z,20438.567,RX,bus,-1,000193A9,1,7,01 00 00 0F 03 A9 93,OK
2026-09-29T10:24:15.857Z,20438.781,RX,bus,-1,001193A9,1,5,01 00 00 A9 93,OK
2026-09-29T10:24:15.862Z,20443.653,RX,bus,-1,00013E6E,1,7,01 00 00 0F 03 6E 3E,OK
2026-09-29T10:24:15.862Z,20443.750,RX,bus,-1,00113E6E,1,5,01 00 00 6E 3E,OK
2026-09-29T10:24:15.867Z,20448.573,RX,bus,-1,0001C513,1,7,01 00 00 0F 03 13 C5,OK
2026-09-29T10:24:15.868Z,20448.789,RX,bus,-1,0011C513,1,5,01 00 00 13 C5,OK
2026-09-29T10:24:15.873Z,20453.724,RX,bus,-1,0001035E,1,7,01 00 00 0F 03 5E 03,OK
2026-09-29T10:24:15.873Z,20453.900,RX,bus,-1,0011035E,1,5,01 00 00 5E 03,OK
2026-09-29T10:24:15.878Z,20459.065,RX,bus,-1,0001F0FC,1,7,01 00 00 0F 03 FC F0,OK
2026-09-29T10:24:15.878Z,20459.168,RX,bus,-1,0011F0FC,1,5,01 00 00 FC F0,OK
2026-09-29T10:24:15.882Z,20463.564,RX,bus,-1,000186B9,1,7,01 00 00 0F 03 B9 86,OK
2026-09-29T10:24:15.883Z,20463.808,RX,bus,-1,001186B9,1,5,01 00 00 B9 86,OK
2026-09-29T10:24:15.888Z,20469.151,RX,bus,-1,0001676E,1,7,01 00 00 0F 03 6E 67,OK
2026-09-29T10:24:15.888Z,20469.254,RX,bus,-1,0011676E,1,5,01 00 00 6E 67,OK
2026-09-29T10:24:15.892Z,20473.639,RX,bus,-1,00010E53,1,7,01 00 00 0F 03 53 0E,OK
2026-09-29T10:24:15.893Z,20473.761,RX,bus,-1,00110E53,1,5,01 00 00 53 0E,OK
2026-09-29T10:24:15.897Z,20478.584,RX,bus,-1,00015001,1,7,01 00 00 0F 03 01 50,OK
2026-09-29T10:24:15.898Z,20478.804,RX,bus,-1,00115001,1,5,01 00 00 01 50,OK
2026-09-29T10:24:15.902Z,20483.589,RX,bus,-1,0001E7F2,1,7,01 00 00 0F 03 F2 E7,OK
2026-09-29T10:24:15.903Z,20483.813,RX,bus,-1,0011E7F2,1,5,01 00 00 F2 E7,OK
2026-09-29T10:24:15.908Z,20488.743,RX,bus,-1,0001CA90,1,7,01 00 00 0F 03 90 CA,OK
2026-09-29T10:24:15.908Z,20488.795,RX,bus,-1,0011CA90,1,5,01 00 00 90 CA,OK
2026-09-29T10:24:15.912Z,20493.627,RX,bus,-1,00015157,1,7,01 00 00 0F 03 57 51,OK
2026-09-29T10:24:15.913Z,20493.799,RX,bus,-1,00115157,1,5,01 00 00 57 51,OK
2026-09-29T10:24:15.917Z,20498.628,RX,bus,-1,0001A531,1,7,01 00 00 0F 03 31 A5,OK
2026-09-29T10:24:15.918Z,20498.762,RX,bus,-1,0011A531,1,5,01 00 00 31 A5,OK
2026-09-29T10:24:15.922Z,20503.505,RX,bus,-1,00014F00,1,7,01 00 00 0F 03 00 4F,OK
2026-09-29T10:24:15.922Z,20503.804,RX,bus,-1,00114F00,1,5,01 00 00 00 4F,OK
2026-09-29T10:24:15.927Z,20508.515,RX,bus,-1,0001B189,1,7,01 00 00 0F 03 89 B1,OK
2026-09-29T10:24:15.927Z,20508.792,RX,bus,-1,0011B189,1,5,01 00 00 89 B1,OK
2026-09-29T10:24:15.932Z,20513.600,RX,bus,-1,000193E8,1,7,01 00 00 0F 03 E8 93,OK
2026-09-29T10:24:15.933Z,20513.832,RX,bus,-1,001193E8,1,5,01 00 00 E8 93,OK
2026-09-29T10:24:15.937Z,20518.544,RX,bus,-1,0001566F,1,7,01 00 00 0F 03 6F 56,OK
2026-09-29T10:24:15.938Z,20518.805,RX,bus,-1,0011566F,1,5,01 00 00 6F 56,OK
2026-09-29T10:24:15.942Z,20523.577,RX,bus,-1,0001DA48,1,7,01 00 00 0F 03 48 DA,OK
2026-09-29T10:24:15.943Z,20523.822,RX,bus,-1,0011DA48,1,5,01 00 00 48 DA,OK
2026-09-29T10:24:15.948Z,20528.778,RX,bus,-1,00019380,1,7,01 00 00 0F 03 80 93,OK
2026-09-29T10:24:15.948Z,20528.829,RX,bus,-1,00119380,1,5,01 00 00 80 93,OK
2026-09-29T10:24:15.952Z,20533.568,RX,bus,-1,00019D32,1,7,01 00 00 0F 03 32 9D,OK
2026-09-29T10:24:15.953Z,20533.853,RX,bus,-1,00119D32,1,5,01 00 00 32 9D,OK
2026-09-29T10:24:15.957Z,20538.671,RX,bus,-1,0001A30E,1,7,01 00 00 0F 03 0E A3,OK
2026-09-29T10:24:15.957Z,20538.722,RX,bus,-1,0011A30E,1,5,01 00 00 0E A3,OK
2026-09-29T10:24:15.962Z,20543.646,RX,bus,-1,0001547A,1,7,01 00 00 0F 03 7A 54,OK
2026-09-29T10:24:15.963Z,20543.831,RX,bus,-1,0011547A,1,5,01 00 00 7A 54,OK
2026-09-29T10:24:15.967Z,20548.626,RX,bus,-1,00017394,1,7,01 00 00 0F 03 94 73,OK
2026-09-29T10:24:15.968Z,20548.792,RX,bus,-1,00117394,1,5,01 00 00 94 73,OK
2026-09-29T10:24:15.972Z,20553.527,RX,bus,-1,00016441,1,7,01 00 00 0F 03 41 64,OK
2026-09-29T10:24:15.972Z,20553.722,RX,bus,-1,00116441,1,5,01 00 00 41 64,OK
2026-09-29T10:24:15.977Z,20558.576,RX,bus,-1,0001D492,1,7,01 00 00 0F 03 92 D4,OK
2026-09-29T10:24:15.977Z,20558.646,RX,bus,-1,0011D492,1,5,01 00 00 92 D4,OK
2026-09-29T10:24:15.982Z,20563.455,RX,bus,-1,0001CF28,1,7,01 00 00 0F 03 28 CF,OK
2026-09-29T10:24:15.982Z,20563.725,RX,bus,-1,0011CF28,1,5,01 00 00 28 CF,OK
2026-09-29T10:24:15.987Z,20568.555,RX,bus,-1,0001BB81,1,7,01 00 00 0F 03 81 BB,OK
2026-09-29T10:24:15.987Z,20568.708,RX,bus,-1,0011BB81,1,5,01 00 00 81 BB,OK
2026-09-29T10:24:15.992Z,20573.576,RX,bus,-1,0001F5F2,1,7,01 00 00 0F 03 F2 F5,OK
2026-09-29T10:24:15.992Z,20573.792,RX,bus,-1,0011F5F2,1,5,01 00 00 F2 F5,OK
2026-09-29T10:24:15.997Z,20578.536,RX,bus,-1,00019C39,1,7,01 00 00 0F 03 39 9C,OK
2026-09-29T10:24:15.997Z,20578.799,RX,bus,-1,00119C39,1,5,01 00 00 39 9C,OK
2026-09-29T10:24:16.002Z,20583.569,RX,bus,-1,00012D1B,1,7,01 00 00 0F 03 1B 2D,OK
2026-09-29T10:24:16.002Z,20583.804,RX,bus,-1,00112D1B,1,5,01 00 00 1B 2D,OK
2026-09-29T10:24:16.007Z,20588.553,RX,bus,-1,0001FD04,1,7,01 00 00 0F 03 04 FD,OK
2026-09-29T10:24:16.007Z,20588.790,RX,bus,-1,0011FD04,1,5,01 00 00 04 FD,OK
2026-09-29T10:24:16.012Z,20593.485,RX,bus,-1,0001A8AD,1,7,01 00 00 0F 03 AD A8,OK
2026-09-29T10:24:16.012Z,20593.792,RX,bus,-1,0011A8AD,1,5,01 00 00 AD A8,OK
2026-09-29T10:24:16.016Z,20598.474,RX,bus,-1,00016937,1,7,01 00 00 0F 03 37 69,OK
2026-09-29T10:24:16.018Z,20598.841,RX,bus,-1,00116937,1,5,01 00 00 37 69,OK
2026-09-29T10:24:16.022Z,20603.472,RX,bus,-1,0001AC64,1,7,01 00 00 0F 03 64 AC,OK
2026-09-29T10:24:16.023Z,20603.792,RX,bus,-1,0011AC64,1,5,01 00 00 64 AC,OK
2026-09-29T10:24:16.027Z,20608.477,RX,bus,-1,0001D1FE,1,7,01 00 00 0F 03 FE D1,OK
2026-09-29T10:24:16.028Z,20608.791,RX,bus,-1,0011D1FE,1,5,01 00 00 FE D1,OK
2026-09-29T10:24:16.032Z,20613.491,RX,bus,-1,00011DD5,1,7,01 00 00 0F 03 D5 1D,OK
2026-09-29T10:24:16.032Z,20613.825,RX,bus,-1,00111DD5,1,5,01 00 00 D5 1D,OK
2026-09-29T10:24:16.037Z,20618.499,RX,bus,-1,0001ABC4,1,7,01 00 00 0F 03 C4 AB,OK
2026-09-29T10:24:16.037Z,20618.725,RX,bus,-1,0011ABC4,1,5,01 00 00 C4 AB,OK
2026-09-29T10:24:16.042Z,20623.502,RX,bus,-1,00018C34,1,7,01 00 00 0F 03 34 8C,OK
2026-09-29T10:24:16.042Z,20623.704,RX,bus,-1,00118C34,1,5,01 00 00 34 8C,OK
2026-09-29T10:24:16.048Z,20628.845,RX,bus,-1,00019B5B,1,7,01 00 00 0F 03 5B 9B,OK
2026-09-29T10:24:16.048Z,20628.937,RX,bus,-1,00119B5B,1,5,01 00 00 5B 9B,OK
2026-09-29T10:24:16.053Z,20633.940,RX,bus,-1,000140FA,1,7,01 00 00 0F 03 FA 40,OK
2026-09-29T10:24:16.053Z,20634.043,RX,bus,-1,001140FA,1,5,01 00 00 FA 40,OK
2026-09-29T10:24:16.058Z,20638.979,RX,bus,-1,000128D6,1,7,01 00 00 0F 03 D6 28,OK
2026-09-29T10:24:16.058Z,20639.085,RX,bus,-1,001128D6,1,5,01 00 00 D6 28,OK
2026-09-29T10:24:16.063Z,20643.850,RX,bus,-1,00018A6B,1,7,01 00 00 0F 03 6B 8A,OK
2026-09-29T10:24:16.063Z,20643.948,RX,bus,-1,00118A6B,1,5,01 00 00 6B 8A,OK
2026-09-29T10:24:16.067Z,20648.891,RX,bus,-1,00015AB0,1,7,01 00 00 0F 03 B0 5A,OK
2026-09-29T10:24:16.067Z,20648.983,RX,bus,-1,00115AB0,1,5,01 00 00 B0 5A,OK
2026-09-29T10:24:16.072Z,20653.503,RX,bus,-1,00017CD3,1,7,01 00 00 0F 03 D3 7C,OK
2026-09-29T10:24:16.072Z,20653.642,RX,bus,-1,00117CD3,1,5,01 00 00 D3 7C,OK
2026-09-29T10:24:16.077Z,20658.498,RX,bus,-1,00015AAD,1,7,01 00 00 0F 03 AD 5A,OK
2026-09-29T10:24:16.077Z,20658.713,RX,bus,-1,00115AAD,1,5,01 00 00 AD 5A,OK
2026-09-29T10:24:16.082Z,20663.553,RX,bus,-1,000168F2,1,7,01 00 00 0F 03 F2 68,OK
2026-09-29T10:24:16.082Z,20663.680,RX,bus,-1,001168F2,1,5,01 00 00 F2 68,OK
2026-09-29T10:24:16.087Z,20668.507,RX,bus,-1,00017EA5,1,7,01 00 00 0F 03 A5 7E,OK
2026-09-29T10:24:16.087Z,20668.681,RX,bus,-1,00117EA5,1,5,01 00 00 A5 7E,OK
2026-09-29T10:24:16.092Z,20673.498,RX,bus,-1,0001ADED,1,7,01 00 00 0F 03 ED AD,OK
2026-09-29T10:24:16.092Z,20673.730,RX,bus,-1,0011ADED,1,5,01 00 00 ED AD,OK
2026-09-29T10:24:16.097Z,20678.476,RX,bus,-1,00019A13,1,7,01 00 00 0F 03 13 9A,OK
2026-09-29T10:24:16.097Z,20678.665,RX,bus,-1,00119A13,1,5,01 00 00 13 9A,OK
2026-09-29T10:24:16.102Z,20683.502,RX,bus,-1,0001A6C8,1,7,01 00 00 0F 03 C8 A6,OK
2026-09-29T10:24:16.102Z,20683.713,RX,bus,-1,0011A6C8,1,5,01 00 00 C8 A6,OK
2026-09-29T10:24:16.107Z,20688.467,RX,bus,-1,0001BE18,1,7,01 00 00 0F 03 18 BE,OK
2026-09-29T10:24:16.107Z,20688.707,RX,bus,-1,0011BE18,1,5,01 00 00 18 BE,OK
2026-09-29T10:24:16.112Z,20693.471,RX,bus,-1,00013B23,1,7,01 00 00 0F 03 23 3B,OK
2026-09-29T10:24:16.112Z,20693.711,RX,bus,-1,00113B23,1,5,01 00 00 23 3B,OK
2026-09-29T10:24:16.116Z,20698.465,RX,bus,-1,00019C5F,1,7,01 00 00 0F 03 5F 9C,OK
2026-09-29T10:24:16.116Z,20698.710,RX,bus,-1,00119C5F,1,5,01 00 00 5F 9C,OK
2026-09-29T10:24:16.122Z,20703.472,RX,bus,-1,0001D8DD,1,7,01 00 00 0F 03 DD D8,OK
2026-09-29T10:24:16.122Z,20703.713,RX,bus,-1,0011D8DD,1,5,01 00 00 DD D8,OK
2026-09-29T10:24:16.127Z,20708.468,RX,bus,-1,0001CDFD,1,7,01 00 00 0F 03 FD CD,OK
2026-09-29T10:24:16.127Z,20708.707,RX,bus,-1,0011CDFD,1,5,01 00 00 FD CD,OK
2026-09-29T10:24:16.132Z,20713.451,RX,bus,-1,00012BCC,1,7,01 00 00 0F 03 CC 2B,OK
2026-09-29T10:24:16.132Z,20713.685,RX,bus,-1,00112BCC,1,5,01 00 00 CC 2B,OK
2026-09-29T10:24:16.137Z,20718.470,RX,bus,-1,0001AA3D,1,7,01 00 00 0F 03 3D AA,OK
2026-09-29T10:24:16.137Z,20718.714,RX,bus,-1,0011AA3D,1,5,01 00 00 3D AA,OK
2026-09-29T10:24:16.142Z,20723.415,RX,bus,-1,000172A0,1,7,01 00 00 0F 03 A0 72,OK
2026-09-29T10:24:16.142Z,20723.661,RX,bus,-1,001172A0,1,5,01 00 00 A0 72,OK
2026-09-29T10:24:16.147Z,20728.407,RX,bus,-1,00015A06,1,7,01 00 00 0F 03 06 5A,OK
2026-09-29T10:24:16.147Z,20728.671,RX,bus,-1,00115A06,1,5,01 00 00 06 5A,OK
2026-09-29T10:24:16.152Z,20733.493,RX,bus,-1,000127B6,1,7,01 00 00 0F 03 B6 27,OK
2026-09-29T10:24:16.152Z,20733.692,RX,bus,-1,001127B6,1,5,01 00 00 B6 27,OK
2026-09-29T10:24:16.157Z,20738.426,RX,bus,-1,0001EB30,1,7,01 00 00 0F 03 30 EB,OK
2026-09-29T10:24:16.157Z,20738.795,RX,bus,-1,0011EB30,1,5,01 00 00 30 EB,OK
2026-09-29T10:24:16.162Z,20743.469,RX,bus,-1,00012A5A,1,7,01 00 00 0F 03 5A 2A,OK
2026-09-29T10:24:16.162Z,20743.791,RX,bus,-1,00112A5A,1,5,01 00 00 5A 2A,OK
2026-09-29T10:24:16.166Z,20748.454,RX,bus,-1,0001A406,1,7,01 00 00 0F 03 06 A4,OK
2026-09-29T10:24:16.166Z,20748.695,RX,bus,-1,0011A406,1,5,01 00 00 06 A4,OK
2026-09-29T10:24:16.172Z,20753.414,RX,bus,-1,00019CD5,1,7,01 00 00 0F 03 D5 9C,OK
2026-09-29T10:24:16.172Z,20753.653,RX,bus,-1,00119CD5,1,5,01 00 00 D5 9C,OK
2026-09-29T10:24:16.177Z,20758.451,RX,bus,-1,0001BDD2,1,7,01 00 00 0F 03 D2 BD,OK
2026-09-29T10:24:16.177Z,20758.645,RX,bus,-1,0011BDD2,1,5,01 00 00 D2 BD,OK
2026-09-29T10:24:16.182Z,20763.411,RX,bus,-1,00019D38,1,7,01 00 00 0F 03 38 9D,OK
2026-09-29T10:24:16.182Z,20763.628,RX,bus,-1,00119D38,1,5,01 00 00 38 9D,OK
2026-09-29T10:24:16.187Z,20768.414,RX,bus,-1,00017E15,1,7,01 00 00 0F 03 15 7E,OK
2026-09-29T10:24:16.187Z,20768.706,RX,bus,-1,00117E15,1,5,01 00 00 15 7E,OK
2026-09-29T10:24:16.192Z,20773.451,RX,bus,-1,0001C2B9,1,7,01 00 00 0F 03 B9 C2,OK
2026-09-29T10:24:16.192Z,20773.661,RX,bus,-1,0011C2B9,1,5,01 00 00 B9 C2,OK
2026-09-29T10:24:16.197Z,20778.411,RX,bus,-1,000110E1,1,7,01 00 00 0F 03 E1 10,OK
2026-09-29T10:24:16.197Z,20778.649,RX,bus,-1,001110E1,1,5,01 00 00 E1 10,OK
2026-09-29T10:24:16.202Z,20783.421,RX,bus,-1,0001DB29,1,7,01 00 00 0F 03 29 DB,OK
2026-09-29T10:24:16.202Z,20783.649,RX,bus,-1,0011DB29,1,5,01 00 00 29 DB,OK
2026-09-29T10:24:16.207Z,20788.430,RX,bus,-1,00010773,1,7,01 00 00 0F 03 73 07,OK
2026-09-29T10:24:16.207Z,20788.673,RX,bus,-1,00110773,1,5,01 00 00 73 07,OK
2026-09-29T10:24:16.212Z,20793.408,RX,bus,-1,0001A3C4,1,7,01 00 00 0F 03 C4 A3,OK
2026-09-29T10:24:16.212Z,20793.647,RX,bus,-1,0011A3C4,1,5,01 00 00 C4 A3,OK
2026-09-29T10:24:16.217Z,20798.415,RX,bus,-1,0001A4F9,1,7,01 00 00 0F 03 F9 A4,OK
2026-09-29T10:24:16.217Z,20798.658,RX,bus,-1,0011A4F9,1,5,01 00 00 F9 A4,OK
2026-09-29T10:24:16.222Z,20803.408,RX,bus,-1,0001F66D,1,7,01 00 00 0F 03 6D F6,OK
2026-09-29T10:24:16.222Z,20803.649,RX,bus,-1,0011F66D,1,5,01 00 00 6D F6,OK
2026-09-29T10:24:16.227Z,20808.419,RX,bus,-1,00016C2C,1,7,01 00 00 0F 03 2C 6C,OK
2026-09-29T10:24:16.227Z,20808.649,RX,bus,-1,00116C2C,1,5,01 00 00 2C 6C,OK
2026-09-29T10:24:16.232Z,20813.419,RX,bus,-1,00013818,1,7,01 00 00 0F 03 18 38,OK
2026-09-29T10:24:16.232Z,20813.650,RX,bus,-1,00113818,1,5,01 00 00 18 38,OK
2026-09-29T10:24:16.237Z,20818.409,RX,bus,-1,00016721,1,7,01 00 00 0F 03 21 67,OK
2026-09-29T10:24:16.237Z,20818.651,RX,bus,-1,00116721,1,5,01 00 00 21 67,OK
2026-09-29T10:24:16.242Z,20823.406,RX,bus,-1,000192E8,1,7,01 00 00 0F 03 E8 92,OK
2026-09-29T10:24:16.242Z,20823.642,RX,bus,-1,001192E8,1,5,01 00 00 E8 92,OK
2026-09-29T10:24:16.247Z,20828.410,RX,bus,-1,0001E77F,1,7,01 00 00 0F 03 7F E7,OK
2026-09-29T10:24:16.247Z,20828.654,RX,bus,-1,0011E77F,1,5,01 00 00 7F E7,OK
2026-09-29T10:24:16.252Z,20833.406,RX,bus,-1,00017E50,1,7,01 00 00 0F 03 50 7E,OK
2026-09-29T10:24:16.252Z,20833.645,RX,bus,-1,00117E50,1,5,01 00 00 50 7E,OK
2026-09-29T10:24:16.257Z,20838.406,RX,bus,-1,0001A807,1,7,01 00 00 0F 03 07 A8,OK
2026-09-29T10:24:16.257Z,20838.637,RX,bus,-1,0011A807,1,5,01 00 00 07 A8,OK
2026-09-29T10:24:16.262Z,20843.413,RX,bus,-1,00017D3A,1,7,01 00 00 0F 03 3A 7D,OK
2026-09-29T10:24:16.262Z,20843.648,RX,bus,-1,00117D3A,1,5,01 00 00 3A 7D,OK
2026-09-29T10:24:16.267Z,20848.413,RX,bus,-1,000150FF,1,7,01 00 00 0F 03 FF 50,OK
2026-09-29T10:24:16.267Z,20848.649,RX,bus,-1,001150FF,1,5,01 00 00 FF 50,OK
2026-09-29T10:24:16.272Z,20853.456,RX,bus,-1,000171F6,1,7,01 00 00 0F 03 F6 71,OK
2026-09-29T10:24:16.272Z,20853.650,RX,bus,-1,001171F6,1,5,01 00 00 F6 71,OK
2026-09-29T10:24:16.277Z,20858.453,RX,bus,-1,0001980A,1,7,01 00 00 0F 03 0A 98,OK
2026-09-29T10:24:16.277Z,20858.680,RX,bus,-1,0011980A,1,5,01 00 00 0A 98,OK
2026-09-29T10:24:16.282Z,20863.454,RX,bus,-1,0001318E,1,7,01 00 00 0F 03 8E 31,OK
2026-09-29T10:24:16.282Z,20863.693,RX,bus,-1,0011318E,1,5,01 00 00 8E 31,OK
2026-09-29T10:24:16.287Z,20868.453,RX,bus,-1,00012C76,1,7,01 00 00 0F 03 76 2C,OK
2026-09-29T10:24:16.287Z,20868.699,RX,bus,-1,00112C76,1,5,01 00 00 76 2C,OK
2026-09-29T10:24:16.292Z,20873.503,RX,bus,-1,00012FAE,1,7,01 00 00 0F 03 AE 2F,OK
2026-09-29T10:24:16.292Z,20873.684,RX,bus,-1,00112FAE,1,5,01 00 00 AE 2F,OK
2026-09-29T10:24:16.297Z,20878.496,RX,bus,-1,000177FB,1,7,01 00 00 0F 03 FB 77,OK
2026-09-29T10:24:16.297Z,20878.691,RX,bus,-1,001177FB,1,5,01 00 00 FB 77,OK
2026-09-29T10:24:16.302Z,20883.503,RX,bus,-1,00016E35,1,7,01 00 00 0F 03 35 6E,OK
2026-09-29T10:24:16.302Z,20883.686,RX,bus,-1,00116E35,1,5,01 00 00 35 6E,OK
2026-09-29T10:24:16.307Z,20888.468,RX,bus,-1,00014C8C,1,7,01 00 00 0F 03 8C 4C,OK
2026-09-29T10:24:16.307Z,20888.689,RX,bus,-1,00114C8C,1,5,01 00 00 8C 4C,OK
2026-09-29T10:24:16.312Z,20893.497,RX,bus,-1,0001F736,1,7,01 00 00 0F 03 36 F7,OK
2026-09-29T10:24:16.312Z,20893.660,RX,bus,-1,0011F736,1,5,01 00 00 36 F7,OK
2026-09-29T10:24:16.316Z,20898.416,RX,bus,-1,0001DEA2,1,7,01 00 00 0F 03 A2 DE,OK
2026-09-29T10:24:16.316Z,20898.659,RX,bus,-1,0011DEA2,1,5,01 00 00 A2 DE,OK
2026-09-29T10:24:16.322Z,20903.416,RX,bus,-1,0001C5F1,1,7,01 00 00 0F 03 F1 C5,OK
2026-09-29T10:24:16.322Z,20903.658,RX,bus,-1,0011C5F1,1,5,01 00 00 F1 C5,OK
2026-09-29T10:24:16.327Z,20908.388,RX,bus,-1,0001B42A,1,7,01 00 00 0F 03 2A B4,OK
2026-09-29T10:24:16.327Z,20908.694,RX,bus,-1,0011B42A,1,5,01 00 00 2A B4,OK
2026-09-29T10:24:16.331Z,20913.451,RX,bus,-1,0001570D,1,7,01 00 00 0F 03 0D 57,OK
2026-09-29T10:24:16.332Z,20913.652,RX,bus,-1,0011570D,1,5,01 00 00 0D 57,OK
2026-09-29T10:24:16.337Z,20918.749,RX,bus,-1,00012F01,1,7,01 00 00 0F 03 01 2F,OK
2026-09-29T10:24:16.337Z,20918.847,RX,bus,-1,00112F01,1,5,01 00 00 01 2F,OK
2026-09-29T10:24:16.342Z,20923.776,RX,bus,-1,00012A12,1,7,01 00 00 0F 03 12 2A,OK
2026-09-29T10:24:16.342Z,20923.881,RX,bus,-1,00112A12,1,5,01 00 00 12 2A,OK
2026-09-29T10:24:16.347Z,20928.734,RX,bus,-1,00016A9E,1,7,01 00 00 0F 03 9E 6A,OK
2026-09-29T10:24:16.347Z,20928.828,RX,bus,-1,00116A9E,1,5,01 00 00 9E 6A,OK
2026-09-29T10:24:16.352Z,20933.764,RX,bus,-1,00010DF5,1,7,01 00 00 0F 03 F5 0D,OK
2026-09-29T10:24:16.352Z,20933.879,RX,bus,-1,00110DF5,1,5,01 00 00 F5 0D,OK
2026-09-29T10:24:16.357Z,20938.506,RX,bus,-1,0001CB5B,1,7,01 00 00 0F 03 5B CB,OK
2026-09-29T10:24:16.357Z,20938.700,RX,bus,-1,0011CB5B,1,5,01 00 00 5B CB,OK
2026-09-29T10:24:16.362Z,20943.718,RX,bus,-1,00018441,1,7,01 00 00 0F 03 41 84,OK
2026-09-29T10:24:16.362Z,20943.804,RX,bus,-1,00118441,1,5,01 00 00 41 84,OK
2026-09-29T10:24:16.366Z,20948.448,RX,bus,-1,00013E7E,1,7,01 00 00 0F 03 7E 3E,OK
2026-09-29T10:24:16.366Z,20948.689,RX,bus,-1,00113E7E,1,5,01 00 00 7E 3E,OK
2026-09-29T10:24:16.372Z,20953.424,RX,bus,-1,00014E19,1,7,01 00 00 0F 03 19 4E,OK
2026-09-29T10:24:16.372Z,20953.665,RX,bus,-1,00114E19,1,5,01 00 00 19 4E,OK
2026-09-29T10:24:16.377Z,20958.461,RX,bus,-1,000164F3,1,7,01 00 00 0F 03 F3 64,OK
2026-09-29T10:24:16.377Z,20958.690,RX,bus,-1,001164F3,1,5,01 00 00 F3 64,OK
2026-09-29T10:24:16.382Z,20963.456,RX,bus,-1,0001441E,1,7,01 00 00 0F 03 1E 44,OK
2026-09-29T10:24:16.382Z,20963.697,RX,bus,-1,0011441E,1,5,01 00 00 1E 44,OK
2026-09-29T10:24:16.387Z,20968.386,RX,bus,-1,0001AB4D,1,7,01 00 00 0F 03 4D AB,OK
2026-09-29T10:24:16.387Z,20968.622,RX,bus,-1,0011AB4D,1,5,01 00 00 4D AB,OK
2026-09-29T10:24:16.392Z,20973.398,RX,bus,-1,0001A60D,1,7,01 00 00 0F 03 0D A6,OK
2026-09-29T10:24:16.392Z,20973.639,RX,bus,-1,0011A60D,1,5,01 00 00 0D A6,OK
2026-09-29T10:24:16.397Z,20978.398,RX,bus,-1,00016893,1,7,01 00 00 0F 03 93 68,OK
2026-09-29T10:24:16.397Z,20978.636,RX,bus,-1,00116893,1,5,01 00 00 93 68,OK
2026-09-29T10:24:16.402Z,20983.373,RX,bus,-1,0001E48B,1,7,01 00 00 0F 03 8B E4,OK
2026-09-29T10:24:16.402Z,20983.621,RX,bus,-1,0011E48B,1,5,01 00 00 8B E4,OK
2026-09-29T10:24:16.407Z,20988.445,RX,bus,-1,000185DF,1,7,01 00 00 0F 03 DF 85,OK
2026-09-29T10:24:16.407Z,20988.714,RX,bus,-1,001185DF,1,5,01 00 00 DF 85,OK
2026-09-29T10:24:16.412Z,20993.386,RX,bus,-1,00012379,1,7,01 00 00 0F 03 79 23,OK
2026-09-29T10:24:16.412Z,20993.663,RX,bus,-1,00112379,1,5,01 00 00 79 23,OK
2026-09-29T10:24:16.417Z,20998.421,RX,bus,-1,000123D3,1,7,01 00 00 0F 03 D3 23,OK
2026-09-29T10:24:16.417Z,20998.665,RX,bus,-1,001123D3,1,5,01 00 00 D3 23,OK
2026-09-29T10:24:16.421Z,21003.416,RX,bus,-1,000184C5,1,7,01 00 00 0F 03 C5 84,OK
2026-09-29T10:24:16.422Z,21003.670,RX,bus,-1,001184C5,1,5,01 00 00 C5 84,OK
2026-09-29T10:24:16.426Z,21008.423,RX,bus,-1,0001F77C,1,7,01 00 00 0F 03 7C F7,OK
2026-09-29T10:24:16.427Z,21008.631,RX,bus,-1,0011F77C,1,5,01 00 00 7C F7,OK
2026-09-29T10:24:16.432Z,21013.416,RX,bus,-1,00015F93,1,7,01 00 00 0F 03 93 5F,OK
2026-09-29T10:24:16.432Z,21013.661,RX,bus,-1,00115F93,1,5,01 00 00 93 5F,OK
2026-09-29T10:24:16.437Z,21018.442,RX,bus,-1,00013715,1,7,01 00 00 0F 03 15 37,OK
2026-09-29T10:24:16.437Z,21018.690,RX,bus,-1,00113715,1,5,01 00 00 15 37,OK
2026-09-29T10:24:16.442Z,21023.424,RX,bus,-1,00017D37,1,7,01 00 00 0F 03 37 7D,OK
2026-09-29T10:24:16.442Z,21023.662,RX,bus,-1,00117D37,1,5,01 00 00 37 7D,OK
2026-09-29T10:24:16.447Z,21028.419,RX,bus,-1,00012FC6,1,7,01 00 00 0F 03 C6 2F,OK
2026-09-29T10:24:16.447Z,21028.655,RX,bus,-1,00112FC6,1,5,01 00 00 C6 2F,OK
2026-09-29T10:24:16.452Z,21033.416,RX,bus,-1,00018951,1,7,01 00 00 0F 03 51 89,OK
2026-09-29T10:24:16.452Z,21033.677,RX,bus,-1,00118951,1,5,01 00 00 51 89,OK
2026-09-29T10:24:16.457Z,21038.389,RX,bus,-1,0001D052,1,7,01 00 00 0F 03 52 D0,OK
2026-09-29T10:24:16.457Z,21038.659,RX,bus,-1,0011D052,1,5,01 00 00 52 D0,OK
2026-09-29T10:24:16.462Z,21043.412,RX,bus,-1,0001E00D,1,7,01 00 00 0F 03 0D E0,OK
2026-09-29T10:24:16.462Z,21043.658,RX,bus,-1,0011E00D,1,5,01 00 00 0D E0,OK
2026-09-29T10:24:16.466Z,21048.420,RX,bus,-1,0001355A,1,7,01 00 00 0F 03 5A 35,OK
2026-09-29T10:24:16.467Z,21048.662,RX,bus,-1,0011355A,1,5,01 00 00 5A 35,OK
2026-09-29T10:24:16.471Z,21053.423,RX,bus,-1,0001895A,1,7,01 00 00 0F 03 5A 89,OK
2026-09-29T10:24:16.472Z,21053.668,RX,bus,-1,0011895A,1,5,01 00 00 5A 89,OK
2026-09-29T10:24:16.476Z,21058.422,RX,bus,-1,00011A97,1,7,01 00 00 0F 03 97 1A,OK
2026-09-29T10:24:16.477Z,21058.681,RX,bus,-1,00111A97,1,5,01 00 00 97 1A,OK
2026-09-29T10:24:16.481Z,21063.422,RX,bus,-1,0001198A,1,7,01 00 00 0F 03 8A 19,OK
2026-09-29T10:24:16.482Z,21063.661,RX,bus,-1,0011198A,1,5,01 00 00 8A 19,OK
2026-09-29T10:24:16.486Z,21068.415,RX,bus,-1,0001CD38,1,7,01 00 00 0F 03 38 CD,OK
2026-09-29T10:24:16.487Z,21068.732,RX,bus,-1,0011CD38,1,5,01 00 00 38 CD,OK
2026-09-29T10:24:16.491Z,21073.428,RX,bus,-1,0001EFC0,1,7,01 00 00 0F 03 C0 EF,OK
2026-09-29T10:24:16.492Z,21073.647,RX,bus,-1,0011EFC0,1,5,01 00 00 C0 EF,OK
2026-09-29T10:24:16.496Z,21078.423,RX,bus,-1,00015A4D,1,7,01 00 00 0F 03 4D 5A,OK
2026-09-29T10:24:16.497Z,21078.656,RX,bus,-1,00115A4D,1,5,01 00 00 4D 5A,OK
2026-09-29T10:24:16.501Z,21083.420,RX,bus,-1,00017419,1,7,01 00 00 0F 03 19 74,OK
2026-09-29T10:24:16.502Z,21083.647,RX,bus,-1,00117419,1,5,01 00 00 19 74,OK
2026-09-29T10:24:16.506Z,21088.417,RX,bus,-1,000130E2,1,7,01 00 00 0F 03 E2 30,OK
2026-09-29T10:24:16.507Z,21088.673,RX,bus,-1,001130E2,1,5,01 00 00 E2 30,OK
2026-09-29T10:24:16.511Z,21093.419,RX,bus,-1,0001276E,1,7,01 00 00 0F 03 6E 27,OK
2026-09-29T10:24:16.512Z,21093.659,RX,bus,-1,0011276E,1,5,01 00 00 6E 27,OK
2026-09-29T10:24:16.516Z,21098.410,RX,bus,-1,0001723A,1,7,01 00 00 0F 03 3A 72,OK
2026-09-29T10:24:16.517Z,21098.712,RX,bus,-1,0011723A,1,5,01 00 00 3A 72,OK
2026-09-29T10:24:16.522Z,21103.423,RX,bus,-1,0001B425,1,7,01 00 00 0F 03 25 B4,OK
2026-09-29T10:24:16.522Z,21103.667,RX,bus,-1,0011B425,1,5,01 00 00 25 B4,OK
2026-09-29T10:24:16.527Z,21108.417,RX,bus,-1,0001EF46,1,7,01 00 00 0F 03 46 EF,OK
2026-09-29T10:24:16.527Z,21108.670,RX,bus,-1,0011EF46,1,5,01 00 00 46 EF,OK
2026-09-29T10:24:16.531Z,21113.421,RX,bus,-1,00016762,1,7,01 00 00 0F 03 62 67,OK
2026-09-29T10:24:16.532Z,21113.688,RX,bus,-1,00116762,1,5,01 00 00 62 67,OK
2026-09-29T10:24:16.536Z,21118.420,RX,bus,-1,0001094A,1,7,01 00 00 0F 03 4A 09,OK
2026-09-29T10:24:16.537Z,21118.695,RX,bus,-1,0011094A,1,5,01 00 00 4A 09,OK
2026-09-29T10:24:16.541Z,21123.414,RX,bus,-1,00019FA7,1,7,01 00 00 0F 03 A7 9F,OK
2026-09-29T10:24:16.542Z,21123.638,RX,bus,-1,00119FA7,1,5,01 00 00 A7 9F,OK
2026-09-29T10:24:16.546Z,21128.413,RX,bus,-1,0001A85B,1,7,01 00 00 0F 03 5B A8,OK
2026-09-29T10:24:16.547Z,21128.686,RX,bus,-1,0011A85B,1,5,01 00 00 5B A8,OK
2026-09-29T10:24:16.551Z,21133.423,RX,bus,-1,0001E19A,1,7,01 00 00 0F 03 9A E1,OK
2026-09-29T10:24:16.552Z,21133.729,RX,bus,-1,0011E19A,1,5,01 00 00 9A E1,OK
2026-09-29T10:24:16.558Z,21138.664,RX,bus,-1,0001050D,1,7,01 00 00 0F 03 0D 05,OK
2026-09-29T10:24:16.558Z,21138.838,RX,bus,-1,0011050D,1,5,01 00 00 0D 05,OK
2026-09-29T10:24:16.563Z,21143.754,RX,bus,-1,00018583,1,7,01 00 00 0F 03 83 85,OK
2026-09-29T10:24:16.563Z,21143.889,RX,bus,-1,00118583,1,5,01 00 00 83 85,OK
2026-09-29T10:24:16.568Z,21148.694,RX,bus,-1,0001FF8D,1,7,01 00 00 0F 03 8D FF,OK
2026-09-29T10:24:16.568Z,21148.900,RX,bus,-1,0011FF8D,1,5,01 00 00 8D FF,OK
2026-09-29T10:24:16.573Z,21153.911,RX,bus,-1,0001BFCF,1,7,01 00 00 0F 03 CF BF,OK
2026-09-29T10:24:16.573Z,21154.008,RX,bus,-1,0011BFCF,1,5,01 00 00 CF BF,OK
2026-09-29T10:24:16.578Z,21158.819,RX,bus,-1,0001A8FF,1,7,01 00 00 0F 03 FF A8,OK
2026-09-29T10:24:16.578Z,21158.910,RX,bus,-1,0011A8FF,1,5,01 00 00 FF A8,OK
2026-09-29T10:24:16.583Z,21163.999,RX,bus,-1,0001DC93,1,7,01 00 00 0F 03 93 DC,OK
2026-09-29T10:24:16.583Z,21164.093,RX,bus,-1,0011DC93,1,5,01 00 00 93 DC,OK
2026-09-29T10:24:16.588Z,21168.833,RX,bus,-1,000148D9,1,7,01 00 00 0F 03 D9 48,OK
2026-09-29T10:24:16.588Z,21168.924,RX,bus,-1,001148D9,1,5,01 00 00 D9 48,OK
2026-09-29T10:24:16.593Z,21173.904,RX,bus,-1,000125E3,1,7,01 00 00 0F 03 E3 25,OK
2026-09-29T10:24:16.593Z,21173.998,RX,bus,-1,001125E3,1,5,01 00 00 E3 25,OK
2026-09-29T10:24:16.598Z,21178.936,RX,bus,-1,00010E8A,1,7,01 00 00 0F 03 8A 0E,OK
2026-09-29T10:24:16.598Z,21179.033,RX,bus,-1,00110E8A,1,5,01 00 00 8A 0E,OK
2026-09-29T10:24:16.602Z,21183.680,RX,bus,-1,0001DA7F,1,7,01 00 00 0F 03 7F DA,OK
2026-09-29T10:24:16.602Z,21183.769,RX,bus,-1,0011DA7F,1,5,01 00 00 7F DA,OK
2026-09-29T10:24:16.607Z,21188.614,RX,bus,-1,00016CB6,1,7,01 00 00 0F 03 B6 6C,OK
2026-09-29T10:24:16.607Z,21188.674,RX,bus,-1,00116CB6,1,5,01 00 00 B6 6C,OK
2026-09-29T10:24:16.612Z,21193.442,RX,bus,-1,0001661A,1,7,01 00 00 0F 03 1A 66,OK
2026-09-29T10:24:16.612Z,21193.667,RX,bus,-1,0011661A,1,5,01 00 00 1A 66,OK
2026-09-29T10:24:16.616Z,21198.397,RX,bus,-1,000165CC,1,7,01 00 00 0F 03 CC 65,OK
2026-09-29T10:24:16.616Z,21198.653,RX,bus,-1,001165CC,1,5,01 00 00 CC 65,OK
2026-09-29T10:24:16.622Z,21203.397,RX,bus,-1,0001EA52,1,7,01 00 00 0F 03 52 EA,OK
2026-09-29T10:24:16.622Z,21203.637,RX,bus,-1,0011EA52,1,5,01 00 00 52 EA,OK
2026-09-29T10:24:16.627Z,21208.448,RX,bus,-1,0001B6B9,1,7,01 00 00 0F 03 B9 B6,OK
2026-09-29T10:24:16.627Z,21208.564,RX,bus,-1,0011B6B9,1,5,01 00 00 B9 B6,OK
2026-09-29T10:24:16.633Z,21213.923,RX,bus,-1,0001FB0B,1,7,01 00 00 0F 03 0B FB,OK
2026-09-29T10:24:16.633Z,21214.020,RX,bus,-1,0011FB0B,1,5,01 00 00 0B FB,OK
2026-09-29T10:24:16.638Z,21218.941,RX,bus,-1,00013F18,1,7,01 00 00 0F 03 18 3F,OK
2026-09-29T10:24:16.638Z,21219.036,RX,bus,-1,00113F18,1,5,01 00 00 18 3F,OK
2026-09-29T10:24:16.643Z,21223.988,RX,bus,-1,00014ACC,1,7,01 00 00 0F 03 CC 4A,OK
2026-09-29T10:24:16.643Z,21224.079,RX,bus,-1,00114ACC,1,5,01 00 00 CC 4A,OK
2026-09-29T10:24:16.648Z,21228.930,RX,bus,-1,000192F7,1,7,01 00 00 0F 03 F7 92,OK
2026-09-29T10:24:16.648Z,21229.027,RX,bus,-1,001192F7,1,5,01 00 00 F7 92,OK
2026-09-29T10:24:16.653Z,21233.982,RX,bus,-1,00018F53,1,7,01 00 00 0F 03 53 8F,OK
2026-09-29T10:24:16.653Z,21234.074,RX,bus,-1,00118F53,1,5,01 00 00 53 8F,OK
2026-09-29T10:24:16.658Z,21238.954,RX,bus,-1,0001E13C,1,7,01 00 00 0F 03 3C E1,OK
2026-09-29T10:24:16.658Z,21239.051,RX,bus,-1,0011E13C,1,5,01 00 00 3C E1,OK
2026-09-29T10:24:16.662Z,21243.498,RX,bus,-1,0001A077,1,7,01 00 00 0F 03 77 A0,OK
2026-09-29T10:24:16.662Z,21243.593,RX,bus,-1,0011A077,1,5,01 00 00 77 A0,OK
2026-09-29T10:24:16.668Z,21248.863,RX,bus,-1,00017629,1,7,01 00 00 0F 03 29 76,OK
2026-09-29T10:24:16.668Z,21248.961,RX,bus,-1,00117629,1,5,01 00 00 29 76,OK
2026-09-29T10:24:16.672Z,21253.477,RX,bus,-1,0001230E,1,7,01 00 00 0F 03 0E 23,OK
2026-09-29T10:24:16.672Z,21253.677,RX,bus,-1,0011230E,1,5,01 00 00 0E 23,OK
2026-09-29T10:24:16.677Z,21258.777,RX,bus,-1,0001A487,1,7,01 00 00 0F 03 87 A4,OK
2026-09-29T10:24:16.677Z,21258.874,RX,bus,-1,0011A487,1,5,01 00 00 87 A4,OK
2026-09-29T10:24:16.682Z,21263.720,RX,bus,-1,00018B7B,1,7,01 00 00 0F 03 7B 8B,OK
2026-09-29T10:24:16.682Z,21263.813,RX,bus,-1,00118B7B,1,5,01 00 00 7B 8B,OK
2026-09-29T10:24:16.687Z,21268.768,RX,bus,-1,0001A891,1,7,01 00 00 0F 03 91 A8,OK
2026-09-29T10:24:16.687Z,21268.863,RX,bus,-1,0011A891,1,5,01 00 00 91 A8,OK
2026-09-29T10:24:16.692Z,21273.784,RX,bus,-1,00010F06,1,7,01 00 00 0F 03 06 0F,OK
2026-09-29T10:24:16.692Z,21273.889,RX,bus,-1,00110F06,1,5,01 00 00 06 0F,OK
2026-09-29T10:24:16.697Z,21278.507,RX,bus,-1,00013288,1,7,01 00 00 0F 03 88 32,OK
2026-09-29T10:24:16.697Z,21278.603,RX,bus,-1,00113288,1,5,01 00 00 88 32,OK
2026-09-29T10:24:16.702Z,21283.486,RX,bus,-1,00011D31,1,7,01 00 00 0F 03 31 1D,OK
2026-09-29T10:24:16.702Z,21283.628,RX,bus,-1,00111D31,1,5,01 00 00 31 1D,OK
2026-09-29T10:24:16.707Z,21288.497,RX,bus,-1,00010F9E,1,7,01 00 00 0F 03 9E 0F,OK
2026-09-29T10:24:16.707Z,21288.636,RX,bus,-1,00110F9E,1,5,01 00 00 9E 0F,OK
2026-09-29T10:24:16.712Z,21293.493,RX,bus,-1,000111A8,1,7,01 00 00 0F 03 A8 11,OK
2026-09-29T10:24:16.712Z,21293.644,RX,bus,-1,001111A8,1,5,01 00 00 A8 11,OK
2026-09-29T10:24:16.716Z,21298.540,RX,bus,-1,0001D696,1,7,01 00 00 0F 03 96 D6,OK
2026-09-29T10:24:16.716Z,21298.591,RX,bus,-1,0011D696,1,5,01 00 00 96 D6,OK
2026-09-29T10:24:16.722Z,21303.390,RX,bus,-1,00018D78,1,7,01 00 00 0F 03 78 8D,OK
2026-09-29T10:24:16.722Z,21303.628,RX,bus,-1,00118D78,1,5,01 00 00 78 8D,OK
2026-09-29T10:24:16.727Z,21308.469,RX,bus,-1,0001F250,1,7,01 00 00 0F 03 50 F2,OK
2026-09-29T10:24:16.727Z,21308.629,RX,bus,-1,0011F250,1,5,01 00 00 50 F2,OK
2026-09-29T10:24:16.732Z,21313.401,RX,bus,-1,000169BA,1,7,01 00 00 0F 03 BA 69,OK
2026-09-29T10:24:16.732Z,21313.632,RX,bus,-1,001169BA,1,5,01 00 00 BA 69,OK
2026-09-29T10:24:16.737Z,21318.385,RX,bus,-1,0001DB14,1,7,01 00 00 0F 03 14 DB,OK
2026-09-29T10:24:16.737Z,21318.632,RX,bus,-1,0011DB14,1,5,01 00 00 14 DB,OK
2026-09-29T10:24:16.743Z,21323.947,RX,bus,-1,0001A7CA,1,7,01 00 00 0F 03 CA A7,OK
2026-09-29T10:24:16.743Z,21324.059,RX,bus,-1,0011A7CA,1,5,01 00 00 CA A7,OK
2026-09-29T10:24:16.747Z,21328.461,RX,bus,-1,0001E85C,1,7,01 00 00 0F 03 5C E8,OK
2026-09-29T10:24:16.747Z,21328.651,RX,bus,-1,0011E85C,1,5,01 00 00 5C E8,OK
2026-09-29T10:24:16.752Z,21333.426,RX,bus,-1,0001E6CD,1,7,01 00 00 0F 03 CD E6,OK
2026-09-29T10:24:16.752Z,21333.660,RX,bus,-1,0011E6CD,1,5,01 00 00 CD E6,OK
2026-09-29T10:24:16.757Z,21338.406,RX,bus,-1,0001CB71,1,7,01 00 00 0F 03 71 CB,OK
2026-09-29T10:24:16.757Z,21338.668,RX,bus,-1,0011CB71,1,5,01 00 00 71 CB,OK
2026-09-29T10:24:16.762Z,21343.425,RX,bus,-1,0001680D,1,7,01 00 00 0F 03 0D 68,OK
2026-09-29T10:24:16.762Z,21343.643,RX,bus,-1,0011680D,1,5,01 00 00 0D 68,OK
2026-09-29T10:24:16.768Z,21348.940,RX,bus,-1,0001900E,1,7,01 00 00 0F 03 0E 90,OK
2026-09-29T10:24:16.768Z,21349.036,RX,bus,-1,0011900E,1,5,01 00 00 0E 90,OK
2026-09-29T10:24:16.772Z,21353.411,RX,bus,-1,0001E373,1,7,01 00 00 0F 03 73 E3,OK
2026-09-29T10:24:16.772Z,21353.609,RX,bus,-1,0011E373,1,5,01 00 00 73 E3,OK
2026-09-29T10:24:16.778Z,21358.962,RX,bus,-1,0001CAF0,1,7,01 00 00 0F 03 F0 CA,OK
2026-09-29T10:24:16.778Z,21359.077,RX,bus,-1,0011CAF0,1,5,01 00 00 F0 CA,OK
2026-09-29T10:24:16.783Z,21363.930,RX,bus,-1,0001A72A,1,7,01 00 00 0F 03 2A A7,OK
2026-09-29T10:24:16.783Z,21364.040,RX,bus,-1,0011A72A,1,5,01 00 00 2A A7,OK
2026-09-29T10:24:16.787Z,21368.462,RX,bus,-1,00016AF1,1,7,01 00 00 0F 03 F1 6A,OK
2026-09-29T10:24:16.787Z,21368.647,RX,bus,-1,00116AF1,1,5,01 00 00 F1 6A,OK
2026-09-29T10:24:16.792Z,21373.461,RX,bus,-1,00016D30,1,7,01 00 00 0F 03 30 6D,OK
2026-09-29T10:24:16.792Z,21373.648,RX,bus,-1,00116D30,1,5,01 00 00 30 6D,OK
2026-09-29T10:24:16.798Z,21378.980,RX,bus,-1,0001E82B,1,7,01 00 00 0F 03 2B E8,OK
2026-09-29T10:24:16.798Z,21379.074,RX,bus,-1,0011E82B,1,5,01 00 00 2B E8,OK
2026-09-29T10:24:16.803Z,21383.964,RX,bus,-1,0001735E,1,7,01 00 00 0F 03 5E 73,OK
2026-09-29T10:24:16.803Z,21384.058,RX,bus,-1,0011735E,1,5,01 00 00 5E 73,OK
2026-09-29T10:24:16.807Z,21388.403,RX,bus,-1,00019D30,1,7,01 00 00 0F 03 30 9D,OK
2026-09-29T10:24:16.807Z,21388.665,RX,bus,-1,00119D30,1,5,01 00 00 30 9D,OK
2026-09-29T10:24:16.812Z,21393.481,RX,bus,-1,00015630,1,7,01 00 00 0F 03 30 56,OK
2026-09-29T10:24:16.812Z,21393.609,RX,bus,-1,00115630,1,5,01 00 00 30 56,OK
2026-09-29T10:24:16.818Z,21398.995,RX,bus,-1,00016558,1,7,01 00 00 0F 03 58 65,OK
2026-09-29T10:24:16.818Z,21399.105,RX,bus,-1,00116558,1,5,01 00 00 58 65,OK
2026-09-29T10:24:16.822Z,21403.458,RX,bus,-1,0001C852,1,7,01 00 00 0F 03 52 C8,OK
2026-09-29T10:24:16.822Z,21403.646,RX,bus,-1,0011C852,1,5,01 00 00 52 C8,OK
2026-09-29T10:24:16.827Z,21408.457,RX,bus,-1,0001DBBA,1,7,01 00 00 0F 03 BA DB,OK
2026-09-29T10:24:16.827Z,21408.665,RX,bus,-1,0011DBBA,1,5,01 00 00 BA DB,OK
2026-09-29T10:24:16.833Z,21413.754,RX,bus,-1,000128BD,1,7,01 00 00 0F 03 BD 28,OK
2026-09-29T10:24:16.833Z,21413.845,RX,bus,-1,001128BD,1,5,01 00 00 BD 28,OK
2026-09-29T10:24:16.838Z,21418.868,RX,bus,-1,00010D49,1,7,01 00 00 0F 03 49 0D,OK
2026-09-29T10:24:16.838Z,21418.963,RX,bus,-1,00110D49,1,5,01 00 00 49 0D,OK
2026-09-29T10:24:16.843Z,21423.941,RX,bus,-1,000122EC,1,7,01 00 00 0F 03 EC 22,OK
2026-09-29T10:24:16.843Z,21424.034,RX,bus,-1,001122EC,1,5,01 00 00 EC 22,OK
2026-09-29T10:24:16.848Z,21428.984,RX,bus,-1,00011927,1,7,01 00 00 0F 03 27 19,OK
2026-09-29T10:24:16.848Z,21429.080,RX,bus,-1,00111927,1,5,01 00 00 27 19,OK
2026-09-29T10:24:16.853Z,21433.895,RX,bus,-1,0001606E,1,7,01 00 00 0F 03 6E 60,OK
2026-09-29T10:24:16.853Z,21433.988,RX,bus,-1,0011606E,1,5,01 00 00 6E 60,OK
2026-09-29T10:24:16.858Z,21438.937,RX,bus,-1,00017D34,1,7,01 00 00 0F 03 34 7D,OK
2026-09-29T10:24:16.858Z,21439.030,RX,bus,-1,00117D34,1,5,01 00 00 34 7D,OK
2026-09-29T10:24:16.862Z,21443.587,RX,bus,-1,0001E4E2,1,7,01 00 00 0F 03 E2 E4,OK
2026-09-29T10:24:16.862Z,21443.647,RX,bus,-1,0011E4E2,1,5,01 00 00 E2 E4,OK
2026-09-29T10:24:16.867Z,21448.540,RX,bus,-1,0001795D,1,7,01 00 00 0F 03 5D 79,OK
2026-09-29T10:24:16.867Z,21448.649,RX,bus,-1,0011795D,1,5,01 00 00 5D 79,OK
2026-09-29T10:24:16.872Z,21453.340,RX,bus,-1,0001511F,1,7,01 00 00 0F 03 1F 51,OK
2026-09-29T10:24:16.872Z,21453.633,RX,bus,-1,0011511F,1,5,01 00 00 1F 51,OK
2026-09-29T10:24:16.877Z,21458.386,RX,bus,-1,00018337,1,7,01 00 00 0F 03 37 83,OK
2026-09-29T10:24:16.877Z,21458.623,RX,bus,-1,00118337,1,5,01 00 00 37 83,OK
2026-09-29T10:24:16.882Z,21463.354,RX,bus,-1,00012012,1,7,01 00 00 0F 03 12 20,OK
2026-09-29T10:24:16.882Z,21463.612,RX,bus,-1,00112012,1,5,01 00 00 12 20,OK
2026-09-29T10:24:16.887Z,21468.382,RX,bus,-1,000103F1,1,7,01 00 00 0F 03 F1 03,OK
2026-09-29T10:24:16.887Z,21468.615,RX,bus,-1,001103F1,1,5,01 00 00 F1 03,OK
2026-09-29T10:24:16.892Z,21473.394,RX,bus,-1,00014FA3,1,7,01 00 00 0F 03 A3 4F,OK
2026-09-29T10:24:16.892Z,21473.630,RX,bus,-1,00114FA3,1,5,01 00 00 A3 4F,OK
2026-09-29T10:24:16.897Z,21478.372,RX,bus,-1,00015999,1,7,01 00 00 0F 03 99 59,OK
2026-09-29T10:24:16.897Z,21478.613,RX,bus,-1,00115999,1,5,01 00 00 99 59,OK
2026-09-29T10:24:16.902Z,21483.346,RX,bus,-1,0001F994,1,7,01 00 00 0F 03 94 F9,OK
2026-09-29T10:24:16.902Z,21483.611,RX,bus,-1,0011F994,1,5,01 00 00 94 F9,OK
2026-09-29T10:24:16.907Z,21488.388,RX,bus,-1,0001794D,1,7,01 00 00 0F 03 4D 79,OK
2026-09-29T10:24:16.907Z,21488.614,RX,bus,-1,0011794D,1,5,01 00 00 4D 79,OK
2026-09-29T10:24:16.912Z,21493.412,RX,bus,-1,0001BC3A,1,7,01 00 00 0F 03 3A BC,OK
2026-09-29T10:24:16.912Z,21493.612,RX,bus,-1,0011BC3A,1,5,01 00 00 3A BC,OK
2026-09-29T10:24:16.916Z,21498.511,RX,bus,-1,000106D0,1,7,01 00 00 0F 03 D0 06,OK
2026-09-29T10:24:16.916Z,21498.561,RX,bus,-1,001106D0,1,5,01 00 00 D0 06,OK
2026-09-29T10:24:16.921Z,21503.366,RX,bus,-1,00014C8B,1,7,01 00 00 0F 03 8B 4C,OK
2026-09-29T10:24:16.922Z,21503.603,RX,bus,-1,00114C8B,1,5,01 00 00 8B 4C,OK
2026-09-29T10:24:16.926Z,21508.568,RX,bus,-1,00013696,1,7,01 00 00 0F 03 96 36,OK
2026-09-29T10:24:16.927Z,21508.694,RX,bus,-1,00113696,1,5,01 00 00 96 36,OK
2026-09-29T10:24:16.932Z,21513.369,RX,bus,-1,000116C3,1,7,01 00 00 0F 03 C3 16,OK
2026-09-29T10:24:16.932Z,21513.611,RX,bus,-1,001116C3,1,5,01 00 00 C3 16,OK
2026-09-29T10:24:16.937Z,21518.491,RX,bus,-1,0001A646,1,7,01 00 00 0F 03 46 A6,OK
2026-09-29T10:24:16.937Z,21518.571,RX,bus,-1,0011A646,1,5,01 00 00 46 A6,OK
2026-09-29T10:24:16.942Z,21523.365,RX,bus,-1,00013CBE,1,7,01 00 00 0F 03 BE 3C,OK
2026-09-29T10:24:16.942Z,21523.616,RX,bus,-1,00113CBE,1,5,01 00 00 BE 3C,OK
2026-09-29T10:24:16.947Z,21528.375,RX,bus,-1,0001F04A,1,7,01 00 00 0F 03 4A F0,OK
2026-09-29T10:24:16.947Z,21528.619,RX,bus,-1,0011F04A,1,5,01 00 00 4A F0,OK
2026-09-29T10:24:16.952Z,21533.367,RX,bus,-1,000100B1,1,7,01 00 00 0F 03 B1 00,OK
2026-09-29T10:24:16.952Z,21533.612,RX,bus,-1,001100B1,1,5,01 00 00 B1 00,OK
2026-09-29T10:24:16.957Z,21538.364,RX,bus,-1,0001B9DA,1,7,01 00 00 0F 03 DA B9,OK
2026-09-29T10:24:16.957Z,21538.607,RX,bus,-1,0011B9DA,1,5,01 00 00 DA B9,OK
2026-09-29T10:24:16.962Z,21543.367,RX,bus,-1,0001B8EA,1,7,01 00 00 0F 03 EA B8,OK
2026-09-29T10:24:16.962Z,21543.613,RX,bus,-1,0011B8EA,1,5,01 00 00 EA B8,OK
2026-09-29T10:24:16.967Z,21548.361,RX,bus,-1,000193AB,1,7,01 00 00 0F 03 AB 93,OK
2026-09-29T10:24:16.967Z,21548.607,RX,bus,-1,001193AB,1,5,01 00 00 AB 93,OK
2026-09-29T10:24:16.972Z,21553.518,RX,bus,-1,00015CBF,1,7,01 00 00 0F 03 BF 5C,OK
2026-09-29T10:24:16.972Z,21553.574,RX,bus,-1,00115CBF,1,5,01 00 00 BF 5C,OK
2026-09-29T10:24:16.977Z,21558.553,RX,bus,-1,00018428,1,7,01 00 00 0F 03 28 84,OK
2026-09-29T10:24:16.977Z,21558.621,RX,bus,-1,00118428,1,5,01 00 00 28 84,OK
2026-09-29T10:24:16.982Z,21563.551,RX,bus,-1,000114D4,1,7,01 00 00 0F 03 D4 14,OK
2026-09-29T10:24:16.982Z,21563.619,RX,bus,-1,001114D4,1,5,01 00 00 D4 14,OK
2026-09-29T10:24:16.987Z,21568.564,RX,bus,-1,0001FADE,1,7,01 00 00 0F 03 DE FA,OK
2026-09-29T10:24:16.987Z,21568.631,RX,bus,-1,0011FADE,1,5,01 00 00 DE FA,OK
2026-09-29T10:24:16.992Z,21573.536,RX,bus,-1,00015C62,1,7,01 00 00 0F 03 62 5C,OK
2026-09-29T10:24:16.992Z,21573.592,RX,bus,-1,00115C62,1,5,01 00 00 62 5C,OK
2026-09-29T10:24:16.997Z,21578.525,RX,bus,-1,00014388,1,7,01 00 00 0F 03 88 43,OK
2026-09-29T10:24:16.997Z,21578.580,RX,bus,-1,00114388,1,5,01 00 00 88 43,OK
2026-09-29T10:24:17.002Z,21583.506,RX,bus,-1,00019B20,1,7,01 00 00 0F 03 20 9B,OK
2026-09-29T10:24:17.002Z,21583.558,RX,bus,-1,00119B20,1,5,01 00 00 20 9B,OK
2026-09-29T10:24:17.007Z,21588.554,RX,bus,-1,0001DFD2,1,7,01 00 00 0F 03 D2 DF,OK
2026-09-29T10:24:17.007Z,21588.623,RX,bus,-1,0011DFD2,1,5,01 00 00 D2 DF,OK
2026-09-29T10:24:17.012Z,21593.550,RX,bus,-1,00018301,1,7,01 00 00 0F 03 01 83,OK
2026-09-29T10:24:17.012Z,21593.603,RX,bus,-1,00118301,1,5,01 00 00 01 83,OK
2026-09-29T10:24:17.016Z,21598.501,RX,bus,-1,00018DD6,1,7,01 00 00 0F 03 D6 8D,OK
2026-09-29T10:24:17.016Z,21598.554,RX,bus,-1,00118DD6,1,5,01 00 00 D6 8D,OK
2026-09-29T10:24:17.022Z,21603.323,RX,bus,-1,000112E3,1,7,01 00 00 0F 03 E3 12,OK
2026-09-29T10:24:17.022Z,21603.611,RX,bus,-1,001112E3,1,5,01 00 00 E3 12,OK
2026-09-29T10:24:17.027Z,21608.333,RX,bus,-1,000189E1,1,7,01 00 00 0F 03 E1 89,OK
2026-09-29T10:24:17.027Z,21608.614,RX,bus,-1,001189E1,1,5,01 00 00 E1 89,OK
2026-09-29T10:24:17.032Z,21613.490,RX,bus,-1,0001C2E5,1,7,01 00 00 0F 03 E5 C2,OK
2026-09-29T10:24:17.032Z,21613.632,RX,bus,-1,0011C2E5,1,5,01 00 00 E5 C2,OK
2026-09-29T10:24:17.037Z,21618.372,RX,bus,-1,0001A4F6,1,7,01 00 00 0F 03 F6 A4,OK
2026-09-29T10:24:17.037Z,21618.597,RX,bus,-1,0011A4F6,1,5,01 00 00 F6 A4,OK
2026-09-29T10:24:17.042Z,21623.502,RX,bus,-1,00015CF9,1,7,01 00 00 0F 03 F9 5C,OK
2026-09-29T10:24:17.042Z,21623.639,RX,bus,-1,00115CF9,1,5,01 00 00 F9 5C,OK
2026-09-29T10:24:17.047Z,21628.500,RX,bus,-1,0001CA37,1,7,01 00 00 0F 03 37 CA,OK
2026-09-29T10:24:17.047Z,21628.553,RX,bus,-1,0011CA37,1,5,01 00 00 37 CA,OK
2026-09-29T10:24:17.052Z,21633.524,RX,bus,-1,000187F1,1,7,01 00 00 0F 03 F1 87,OK
2026-09-29T10:24:17.052Z,21633.577,RX,bus,-1,001187F1,1,5,01 00 00 F1 87,OK
2026-09-29T10:24:17.057Z,21638.466,RX,bus,-1,0001C016,1,7,01 00 00 0F 03 16 C0,OK
2026-09-29T10:24:17.057Z,21638.608,RX,bus,-1,0011C016,1,5,01 00 00 16 C0,OK
2026-09-29T10:24:17.062Z,21643.499,RX,bus,-1,0001FD17,1,7,01 00 00 0F 03 17 FD,OK
2026-09-29T10:24:17.062Z,21643.561,RX,bus,-1,0011FD17,1,5,01 00 00 17 FD,OK
2026-09-29T10:24:17.066Z,21648.467,RX,bus,-1,000196F6,1,7,01 00 00 0F 03 F6 96,OK
2026-09-29T10:24:17.066Z,21648.537,RX,bus,-1,001196F6,1,5,01 00 00 F6 96,OK
2026-09-29T10:24:17.072Z,21653.351,RX,bus,-1,0001CC11,1,7,01 00 00 0F 03 11 CC,OK
2026-09-29T10:24:17.072Z,21653.589,RX,bus,-1,0011CC11,1,5,01 00 00 11 CC,OK
2026-09-29T10:24:17.077Z,21658.470,RX,bus,-1,00015DB0,1,7,01 00 00 0F 03 B0 5D,OK
2026-09-29T10:24:17.077Z,21658.611,RX,bus,-1,00115DB0,1,5,01 00 00 B0 5D,OK
2026-09-29T10:24:17.082Z,21663.452,RX,bus,-1,0001A69F,1,7,01 00 00 0F 03 9F A6,OK
2026-09-29T10:24:17.082Z,21663.628,RX,bus,-1,0011A69F,1,5,01 00 00 9F A6,OK
2026-09-29T10:24:17.087Z,21668.377,RX,bus,-1,0001FD15,1,7,01 00 00 0F 03 15 FD,OK
2026-09-29T10:24:17.087Z,21668.588,RX,bus,-1,0011FD15,1,5,01 00 00 15 FD,OK
2026-09-29T10:24:17.092Z,21673.352,RX,bus,-1,00012573,1,7,01 00 00 0F 03 73 25,OK
2026-09-29T10:24:17.092Z,21673.597,RX,bus,-1,00112573,1,5,01 00 00 73 25,OK
2026-09-29T10:24:17.097Z,21678.353,RX,bus,-1,00019256,1,7,01 00 00 0F 03 56 92,OK
2026-09-29T10:24:17.097Z,21678.591,RX,bus,-1,00119256,1,5,01 00 00 56 92,OK
2026-09-29T10:24:17.102Z,21683.351,RX,bus,-1,0001C936,1,7,01 00 00 0F 03 36 C9,OK
2026-09-29T10:24:17.102Z,21683.593,RX,bus,-1,0011C936,1,5,01 00 00 36 C9,OK
2026-09-29T10:24:17.107Z,21688.350,RX,bus,-1,0001F10B,1,7,01 00 00 0F 03 0B F1,OK
2026-09-29T10:24:17.107Z,21688.597,RX,bus,-1,0011F10B,1,5,01 00 00 0B F1,OK
2026-09-29T10:24:17.112Z,21693.342,RX,bus,-1,0001D678,1,7,01 00 00 0F 03 78 D6,OK
2026-09-29T10:24:17.112Z,21693.586,RX,bus,-1,0011D678,1,5,01 00 00 78 D6,OK
2026-09-29T10:24:17.117Z,21698.353,RX,bus,-1,0001542C,1,7,01 00 00 0F 03 2C 54,OK
2026-09-29T10:24:17.117Z,21698.599,RX,bus,-1,0011542C,1,5,01 00 00 2C 54,OK
2026-09-29T10:24:17.122Z,21703.474,RX,bus,-1,00013516,1,7,01 00 00 0F 03 16 35,OK
2026-09-29T10:24:17.122Z,21703.535,RX,bus,-1,00113516,1,5,01 00 00 16 35,OK
2026-09-29T10:24:17.127Z,21708.485,RX,bus,-1,0001122F,1,7,01 00 00 0F 03 2F 12,OK
2026-09-29T10:24:17.127Z,21708.569,RX,bus,-1,0011122F,1,5,01 00 00 2F 12,OK
2026-09-29T10:24:17.132Z,21713.487,RX,bus,-1,0001CF67,1,7,01 00 00 0F 03 67 CF,OK
2026-09-29T10:24:17.132Z,21713.540,RX,bus,-1,0011CF67,1,5,01 00 00 67 CF,OK
2026-09-29T10:24:17.137Z,21718.559,RX,bus,-1,0001E334,1,7,01 00 00 0F 03 34 E3,OK
2026-09-29T10:24:17.137Z,21718.644,RX,bus,-1,0011E334,1,5,01 00 00 34 E3,OK
2026-09-29T10:24:17.143Z,21723.938,RX,bus,-1,00019B23,1,7,01 00 00 0F 03 23 9B,OK
2026-09-29T10:24:17.143Z,21724.035,RX,bus,-1,00119B23,1,5,01 00 00 23 9B,OK
2026-09-29T10:24:17.148Z,21728.758,RX,bus,-1,000178DD,1,7,01 00 00 0F 03 DD 78,OK
2026-09-29T10:24:17.148Z,21728.849,RX,bus,-1,001178DD,1,5,01 00 00 DD 78,OK
2026-09-29T10:24:17.153Z,21733.862,RX,bus,-1,0001D5E5,1,7,01 00 00 0F 03 E5 D5,OK
2026-09-29T10:24:17.153Z,21733.957,RX,bus,-1,0011D5E5,1,5,01 00 00 E5 D5,OK
2026-09-29T10:24:17.157Z,21738.772,RX,bus,-1,0001EA4C,1,7,01 00 00 0F 03 4C EA,OK
2026-09-29T10:24:17.157Z,21738.864,RX,bus,-1,0011EA4C,1,5,01 00 00 4C EA,OK
2026-09-29T10:24:17.162Z,21743.482,RX,bus,-1,000114BF,1,7,01 00 00 0F 03 BF 14,OK
2026-09-29T10:24:17.162Z,21743.548,RX,bus,-1,001114BF,1,5,01 00 00 BF 14,OK
2026-09-29T10:24:17.167Z,21748.476,RX,bus,-1,00018F58,1,7,01 00 00 0F 03 58 8F,OK
2026-09-29T10:24:17.167Z,21748.561,RX,bus,-1,00118F58,1,5,01 00 00 58 8F,OK
2026-09-29T10:24:17.172Z,21753.309,RX,bus,-1,00018E28,1,7,01 00 00 0F 03 28 8E,OK
2026-09-29T10:24:17.172Z,21753.515,RX,bus,-1,00118E28,1,5,01 00 00 28 8E,OK
2026-09-29T10:24:17.177Z,21758.301,RX,bus,-1,000100F6,1,7,01 00 00 0F 03 F6 00,OK
2026-09-29T10:24:17.177Z,21758.541,RX,bus,-1,001100F6,1,5,01 00 00 F6 00,OK
2026-09-29T10:24:17.182Z,21763.321,RX,bus,-1,0001C75C,1,7,01 00 00 0F 03 5C C7,OK
2026-09-29T10:24:17.182Z,21763.511,RX,bus,-1,0011C75C,1,5,01 00 00 5C C7,OK
2026-09-29T10:24:17.187Z,21768.306,RX,bus,-1,0001E172,1,7,01 00 00 0F 03 72 E1,OK
2026-09-29T10:24:17.187Z,21768.533,RX,bus,-1,0011E172,1,5,01 00 00 72 E1,OK
2026-09-29T10:24:17.192Z,21773.297,RX,bus,-1,000181E5,1,7,01 00 00 0F 03 E5 81,OK
2026-09-29T10:24:17.192Z,21773.513,RX,bus,-1,001181E5,1,5,01 00 00 E5 81,OK
2026-09-29T10:24:17.197Z,21778.337,RX,bus,-1,0001E1DD,1,7,01 00 00 0F 03 DD E1,OK
2026-09-29T10:24:17.197Z,21778.541,RX,bus,-1,0011E1DD,1,5,01 00 00 DD E1,OK
2026-09-29T10:24:17.202Z,21783.295,RX,bus,-1,000167D5,1,7,01 00 00 0F 03 D5 67,OK
2026-09-29T10:24:17.202Z,21783.513,RX,bus,-1,001167D5,1,5,01 00 00 D5 67,OK
2026-09-29T10:24:17.207Z,21788.294,RX,bus,-1,0001EAEC,1,7,01 00 00 0F 03 EC EA,OK
2026-09-29T10:24:17.207Z,21788.541,RX,bus,-1,0011EAEC,1,5,01 00 00 EC EA,OK
2026-09-29T10:24:17.212Z,21793.294,RX,bus,-1,0001310D,1,7,01 00 00 0F 03 0D 31,OK
2026-09-29T10:24:17.212Z,21793.535,RX,bus,-1,0011310D,1,5,01 00 00 0D 31,OK
2026-09-29T10:24:17.217Z,21798.308,RX,bus,-1,0001B613,1,7,01 00 00 0F 03 13 B6,OK
2026-09-29T10:24:17.217Z,21798.540,RX,bus,-1,0011B613,1,5,01 00 00 13 B6,OK
2026-09-29T10:24:17.222Z,21803.523,RX,bus,-1,0001D17C,1,7,01 00 00 0F 03 7C D1,OK
2026-09-29T10:24:17.222Z,21803.586,RX,bus,-1,0011D17C,1,5,01 00 00 7C D1,OK
2026-09-29T10:24:17.227Z,21808.479,RX,bus,-1,0001DC9D,1,7,01 00 00 0F 03 9D DC,OK
2026-09-29T10:24:17.227Z,21808.527,RX,bus,-1,0011DC9D,1,5,01 00 00 9D DC,OK
2026-09-29T10:24:17.231Z,21813.462,RX,bus,-1,0001343B,1,7,01 00 00 0F 03 3B 34,OK
2026-09-29T10:24:17.231Z,21813.551,RX,bus,-1,0011343B,1,5,01 00 00 3B 34,OK
2026-09-29T10:24:17.237Z,21818.304,RX,bus,-1,0001751A,1,7,01 00 00 0F 03 1A 75,OK
2026-09-29T10:24:17.237Z,21818.541,RX,bus,-1,0011751A,1,5,01 00 00 1A 75,OK
2026-09-29T10:24:17.242Z,21823.333,RX,bus,-1,00018CF3,1,7,01 00 00 0F 03 F3 8C,OK
2026-09-29T10:24:17.242Z,21823.536,RX,bus,-1,00118CF3,1,5,01 00 00 F3 8C,OK
2026-09-29T10:24:17.247Z,21828.299,RX,bus,-1,00018454,1,7,01 00 00 0F 03 54 84,OK
2026-09-29T10:24:17.247Z,21828.544,RX,bus,-1,00118454,1,5,01 00 00 54 84,OK
2026-09-29T10:24:17.252Z,21833.615,RX,bus,-1,000134EB,1,7,01 00 00 0F 03 EB 34,OK
2026-09-29T10:24:17.252Z,21833.660,RX,bus,-1,001134EB,1,5,01 00 00 EB 34,OK
2026-09-29T10:24:17.257Z,21838.381,RX,bus,-1,000131A8,1,7,01 00 00 0F 03 A8 31,OK
2026-09-29T10:24:17.257Z,21838.528,RX,bus,-1,001131A8,1,5,01 00 00 A8 31,OK
2026-09-29T10:24:17.262Z,21843.338,RX,bus,-1,00016EBA,1,7,01 00 00 0F 03 BA 6E,OK
2026-09-29T10:24:17.262Z,21843.542,RX,bus,-1,00116EBA,1,5,01 00 00 BA 6E,OK
2026-09-29T10:24:17.267Z,21848.298,RX,bus,-1,00010B7D,1,7,01 00 00 0F 03 7D 0B,OK
2026-09-29T10:24:17.267Z,21848.542,RX,bus,-1,00110B7D,1,5,01 00 00 7D 0B,OK
2026-09-29T10:24:17.272Z,21853.529,RX,bus,-1,00010B6A,1,7,01 00 00 0F 03 6A 0B,OK
2026-09-29T10:24:17.272Z,21853.585,RX,bus,-1,00110B6A,1,5,01 00 00 6A 0B,OK
2026-09-29T10:24:17.277Z,21858.501,RX,bus,-1,00015B29,1,7,01 00 00 0F 03 29 5B,OK
2026-09-29T10:24:17.277Z,21858.585,RX,bus,-1,00115B29,1,5,01 00 00 29 5B,OK
2026-09-29T10:24:17.282Z,21863.440,RX,bus,-1,0001118C,1,7,01 00 00 0F 03 8C 11,OK
2026-09-29T10:24:17.282Z,21863.511,RX,bus,-1,0011118C,1,5,01 00 00 8C 11,OK
2026-09-29T10:24:17.287Z,21868.525,RX,bus,-1,0001BC85,1,7,01 00 00 0F 03 85 BC,OK
2026-09-29T10:24:17.287Z,21868.595,RX,bus,-1,0011BC85,1,5,01 00 00 85 BC,OK
2026-09-29T10:24:17.292Z,21873.523,RX,bus,-1,0001BE90,1,7,01 00 00 0F 03 90 BE,OK
2026-09-29T10:24:17.292Z,21873.576,RX,bus,-1,0011BE90,1,5,01 00 00 90 BE,OK
2026-09-29T10:24:17.297Z,21878.518,RX,bus,-1,00011404,1,7,01 00 00 0F 03 04 14,OK
2026-09-29T10:24:17.297Z,21878.567,RX,bus,-1,00111404,1,5,01 00 00 04 14,OK
2026-09-29T10:24:17.302Z,21883.435,RX,bus,-1,00018068,1,7,01 00 00 0F 03 68 80,OK
2026-09-29T10:24:17.302Z,21883.546,RX,bus,-1,00118068,1,5,01 00 00 68 80,OK
2026-09-29T10:24:17.307Z,21888.503,RX,bus,-1,0001F6FE,1,7,01 00 00 0F 03 FE F6,OK
2026-09-29T10:24:17.307Z,21888.582,RX,bus,-1,0011F6FE,1,5,01 00 00 FE F6,OK
2026-09-29T10:24:17.312Z,21893.445,RX,bus,-1,0001B52F,1,7,01 00 00 0F 03 2F B5,OK
2026-09-29T10:24:17.312Z,21893.537,RX,bus,-1,0011B52F,1,5,01 00 00 2F B5,OK
2026-09-29T10:24:17.317Z,21898.432,RX,bus,-1,00019C9D,1,7,01 00 00 0F 03 9D 9C,OK
2026-09-29T10:24:17.317Z,21898.530,RX,bus,-1,00119C9D,1,5,01 00 00 9D 9C,OK
2026-09-29T10:24:17.322Z,21903.298,RX,bus,-1,0001B070,1,7,01 00 00 0F 03 70 B0,OK
2026-09-29T10:24:17.322Z,21903.542,RX,bus,-1,0011B070,1,5,01 00 00 70 B0,OK
2026-09-29T10:24:17.327Z,21908.299,RX,bus,-1,0001D682,1,7,01 00 00 0F 03 82 D6,OK
2026-09-29T10:24:17.327Z,21908.539,RX,bus,-1,0011D682,1,5,01 00 00 82 D6,OK
2026-09-29T10:24:17.332Z,21913.274,RX,bus,-1,0001A54A,1,7,01 00 00 0F 03 4A A5,OK
2026-09-29T10:24:17.332Z,21913.517,RX,bus,-1,0011A54A,1,5,01 00 00 4A A5,OK
2026-09-29T10:24:17.337Z,21918.334,RX,bus,-1,00017B1D,1,7,01 00 00 0F 03 1D 7B,OK
2026-09-29T10:24:17.337Z,21918.548,RX,bus,-1,00117B1D,1,5,01 00 00 1D 7B,OK
2026-09-29T10:24:17.342Z,21923.305,RX,bus,-1,00012275,1,7,01 00 00 0F 03 75 22,OK
2026-09-29T10:24:17.342Z,21923.511,RX,bus,-1,00112275,1,5,01 00 00 75 22,OK
2026-09-29T10:24:17.347Z,21928.327,RX,bus,-1,00011C57,1,7,01 00 00 0F 03 57 1C,OK
2026-09-29T10:24:17.347Z,21928.549,RX,bus,-1,00111C57,1,5,01 00 00 57 1C,OK
2026-09-29T10:24:17.352Z,21933.344,RX,bus,-1,0001B105,1,7,01 00 00 0F 03 05 B1,OK
2026-09-29T10:24:17.352Z,21933.589,RX,bus,-1,0011B105,1,5,01 00 00 05 B1,OK
2026-09-29T10:24:17.357Z,21938.335,RX,bus,-1,0001D3F3,1,7,01 00 00 0F 03 F3 D3,OK
2026-09-29T10:24:17.357Z,21938.565,RX,bus,-1,0011D3F3,1,5,01 00 00 F3 D3,OK
2026-09-29T10:24:17.362Z,21943.556,RX,bus,-1,0001584E,1,7,01 00 00 0F 03 4E 58,OK
2026-09-29T10:24:17.362Z,21943.648,RX,bus,-1,0011584E,1,5,01 00 00 4E 58,OK
2026-09-29T10:24:17.368Z,21948.762,RX,bus,-1,000107D6,1,7,01 00 00 0F 03 D6 07,OK
2026-09-29T10:24:17.368Z,21948.894,RX,bus,-1,001107D6,1,5,01 00 00 D6 07,OK
2026-09-29T10:24:17.373Z,21953.932,RX,bus,-1,0001755E,1,7,01 00 00 0F 03 5E 75,OK
2026-09-29T10:24:17.373Z,21954.024,RX,bus,-1,0011755E,1,5,01 00 00 5E 75,OK
2026-09-29T10:24:17.377Z,21958.351,RX,bus,-1,0001D718,1,7,01 00 00 0F 03 18 D7,OK
2026-09-29T10:24:17.377Z,21958.547,RX,bus,-1,0011D718,1,5,01 00 00 18 D7,OK
2026-09-29T10:24:17.382Z,21963.357,RX,bus,-1,000191EC,1,7,01 00 00 0F 03 EC 91,OK
2026-09-29T10:24:17.382Z,21963.580,RX,bus,-1,001191EC,1,5,01 00 00 EC 91,OK
2026-09-29T10:24:17.387Z,21968.372,RX,bus,-1,0001F58A,1,7,01 00 00 0F 03 8A F5,OK
2026-09-29T10:24:17.387Z,21968.573,RX,bus,-1,0011F58A,1,5,01 00 00 8A F5,OK
2026-09-29T10:24:17.392Z,21973.451,RX,bus,-1,00011A9F,1,7,01 00 00 0F 03 9F 1A,OK
2026-09-29T10:24:17.392Z,21973.546,RX,bus,-1,00111A9F,1,5,01 00 00 9F 1A,OK
2026-09-29T10:24:17.397Z,21978.464,RX,bus,-1,0001F215,1,7,01 00 00 0F 03 15 F2,OK
2026-09-29T10:24:17.397Z,21978.562,RX,bus,-1,0011F215,1,5,01 00 00 15 F2,OK
2026-09-29T10:24:17.403Z,21983.853,RX,bus,-1,00012A2D,1,7,01 00 00 0F 03 2D 2A,OK
2026-09-29T10:24:17.404Z,21985.163,RX,bus,-1,00112A2D,1,5,01 00 00 2D 2A,OK
2026-09-29T10:24:17.407Z,21988.297,RX,bus,-1,0001711A,1,7,01 00 00 0F 03 1A 71,OK
2026-09-29T10:24:17.407Z,21988.510,RX,bus,-1,0011711A,1,5,01 00 00 1A 71,OK
2026-09-29T10:24:17.412Z,21993.535,RX,bus,-1,00016291,1,7,01 00 00 0F 03 91 62,OK
2026-09-29T10:24:17.412Z,21993.583,RX,bus,-1,00116291,1,5,01 00 00 91 62,OK
2026-09-29T10:24:17.417Z,21998.592,RX,bus,-1,000126C5,1,7,01 00 00 0F 03 C5 26,OK
2026-09-29T10:24:17.418Z,21998.638,RX,bus,-1,001126C5,1,5,01 00 00 C5 26,OK
2026-09-29T10:24:17.422Z,22003.420,RX,bus,-1,00014772,1,7,01 00 00 0F 03 72 47,OK
2026-09-29T10:24:17.422Z,22003.510,RX,bus,-1,00114772,1,5,01 00 00 72 47,OK
2026-09-29T10:24:17.427Z,22008.441,RX,bus,-1,0001D5E8,1,7,01 00 00 0F 03 E8 D5,OK
2026-09-29T10:24:17.427Z,22008.486,RX,bus,-1,0011D5E8,1,5,01 00 00 E8 D5,OK
2026-09-29T10:24:17.432Z,22013.448,RX,bus,-1,0001BC71,1,7,01 00 00 0F 03 71 BC,OK
2026-09-29T10:24:17.432Z,22013.503,RX,bus,-1,0011BC71,1,5,01 00 00 71 BC,OK
2026-09-29T10:24:17.437Z,22018.445,RX,bus,-1,000162DA,1,7,01 00 00 0F 03 DA 62,OK
2026-09-29T10:24:17.437Z,22018.523,RX,bus,-1,001162DA,1,5,01 00 00 DA 62,OK
2026-09-29T10:24:17.442Z,22023.442,RX,bus,-1,000167F2,1,7,01 00 00 0F 03 F2 67,OK
2026-09-29T10:24:17.442Z,22023.511,RX,bus,-1,001167F2,1,5,01 00 00 F2 67,OK
2026-09-29T10:24:17.447Z,22028.497,RX,bus,-1,00013275,1,7,01 00 00 0F 03 75 32,OK
2026-09-29T10:24:17.447Z,22028.558,RX,bus,-1,00113275,1,5,01 00 00 75 32,OK
2026-09-29T10:24:17.452Z,22033.442,RX,bus,-1,000156A3,1,7,01 00 00 0F 03 A3 56,OK
2026-09-29T10:24:17.452Z,22033.517,RX,bus,-1,001156A3,1,5,01 00 00 A3 56,OK
2026-09-29T10:24:17.457Z,22038.440,RX,bus,-1,0001C820,1,7,01 00 00 0F 03 20 C8,OK
2026-09-29T10:24:17.457Z,22038.539,RX,bus,-1,0011C820,1,5,01 00 00 20 C8,OK
2026-09-29T10:24:17.462Z,22043.500,RX,bus,-1,0001E5CC,1,7,01 00 00 0F 03 CC E5,OK
2026-09-29T10:24:17.462Z,22043.562,RX,bus,-1,0011E5CC,1,5,01 00 00 CC E5,OK
2026-09-29T10:24:17.467Z,22048.492,RX,bus,-1,00010E8A,1,7,01 00 00 0F 03 8A 0E,OK
2026-09-29T10:24:17.467Z,22048.556,RX,bus,-1,00110E8A,1,5,01 00 00 8A 0E,OK
2026-09-29T10:24:17.472Z,22053.271,RX,bus,-1,00012228,1,7,01 00 00 0F 03 28 22,OK
2026-09-29T10:24:17.472Z,22053.515,RX,bus,-1,00112228,1,5,01 00 00 28 22,OK
2026-09-29T10:24:17.477Z,22058.279,RX,bus,-1,00010183,1,7,01 00 00 0F 03 83 01,OK
2026-09-29T10:24:17.477Z,22058.521,RX,bus,-1,00110183,1,5,01 00 00 83 01,OK
2026-09-29T10:24:17.482Z,22063.253,RX,bus,-1,000192DD,1,7,01 00 00 0F 03 DD 92,OK
2026-09-29T10:24:17.482Z,22063.485,RX,bus,-1,001192DD,1,5,01 00 00 DD 92,OK
2026-09-29T10:24:17.487Z,22068.268,RX,bus,-1,00014C17,1,7,01 00 00 0F 03 17 4C,OK
2026-09-29T10:24:17.487Z,22068.509,RX,bus,-1,00114C17,1,5,01 00 00 17 4C,OK
2026-09-29T10:24:17.492Z,22073.269,RX,bus,-1,0001EFCF,1,7,01 00 00 0F 03 CF EF,OK
2026-09-29T10:24:17.492Z,22073.511,RX,bus,-1,0011EFCF,1,5,01 00 00 CF EF,OK
2026-09-29T10:24:17.497Z,22078.273,RX,bus,-1,000190D2,1,7,01 00 00 0F 03 D2 90,OK
2026-09-29T10:24:17.497Z,22078.513,RX,bus,-1,001190D2,1,5,01 00 00 D2 90,OK
2026-09-29T10:24:17.502Z,22083.256,RX,bus,-1,00014056,1,7,01 00 00 0F 03 56 40,OK
2026-09-29T10:24:17.502Z,22083.515,RX,bus,-1,00114056,1,5,01 00 00 56 40,OK
2026-09-29T10:24:17.507Z,22088.272,RX,bus,-1,0001E2D9,1,7,01 00 00 0F 03 D9 E2,OK
2026-09-29T10:24:17.507Z,22088.515,RX,bus,-1,0011E2D9,1,5,01 00 00 D9 E2,OK
2026-09-29T10:24:17.512Z,22093.247,RX,bus,-1,0001732D,1,7,01 00 00 0F 03 2D 73,OK
2026-09-29T10:24:17.512Z,22093.494,RX,bus,-1,0011732D,1,5,01 00 00 2D 73,OK
2026-09-29T10:24:17.517Z,22098.255,RX,bus,-1,00011D40,1,7,01 00 00 0F 03 40 1D,OK
2026-09-29T10:24:17.517Z,22098.515,RX,bus,-1,00111D40,1,5,01 00 00 40 1D,OK
2026-09-29T10:24:17.521Z,22103.441,RX,bus,-1,00015A0C,1,7,01 00 00 0F 03 0C 5A,OK
2026-09-29T10:24:17.522Z,22103.530,RX,bus,-1,00115A0C,1,5,01 00 00 0C 5A,OK
2026-09-29T10:24:17.526Z,22108.486,RX,bus,-1,0001BABD,1,7,01 00 00 0F 03 BD BA,OK
2026-09-29T10:24:17.527Z,22108.536,RX,bus,-1,0011BABD,1,5,01 00 00 BD BA,OK
2026-09-29T10:24:17.531Z,22113.250,RX,bus,-1,00016B4D,1,7,01 00 00 0F 03 4D 6B,OK
2026-09-29T10:24:17.532Z,22113.492,RX,bus,-1,00116B4D,1,5,01 00 00 4D 6B,OK
2026-09-29T10:24:17.537Z,22118.254,RX,bus,-1,0001C2AE,1,7,01 00 00 0F 03 AE C2,OK
2026-09-29T10:24:17.537Z,22118.485,RX,bus,-1,0011C2AE,1,5,01 00 00 AE C2,OK
2026-09-29T10:24:17.542Z,22123.246,RX,bus,-1,0001618D,1,7,01 00 00 0F 03 8D 61,OK
2026-09-29T10:24:17.542Z,22123.491,RX,bus,-1,0011618D,1,5,01 00 00 8D 61,OK
2026-09-29T10:24:17.547Z,22128.253,RX,bus,-1,00017907,1,7,01 00 00 0F 03 07 79,OK
2026-09-29T10:24:17.547Z,22128.493,RX,bus,-1,00117907,1,5,01 00 00 07 79,OK
2026-09-29T10:24:17.552Z,22133.251,RX,bus,-1,00019526,1,7,01 00 00 0F 03 26 95,OK
2026-09-29T10:24:17.552Z,22133.485,RX,bus,-1,00119526,1,5,01 00 00 26 95,OK
2026-09-29T10:24:17.557Z,22138.290,RX,bus,-1,000169A9,1,7,01 00 00 0F 03 A9 69,OK
2026-09-29T10:24:17.557Z,22138.485,RX,bus,-1,001169A9,1,5,01 00 00 A9 69,OK
2026-09-29T10:24:17.562Z,22143.253,RX,bus,-1,000194F6,1,7,01 00 00 0F 03 F6 94,OK
2026-09-29T10:24:17.562Z,22143.490,RX,bus,-1,001194F6,1,5,01 00 00 F6 94,OK
2026-09-29T10:24:17.567Z,22148.242,RX,bus,-1,00015C31,1,7,01 00 00 0F 03 31 5C,OK
2026-09-29T10:24:17.567Z,22148.490,RX,bus,-1,00115C31,1,5,01 00 00 31 5C,OK
2026-09-29T10:24:17.572Z,22153.412,RX,bus,-1,0001CBCF,1,7,01 00 00 0F 03 CF CB,OK
2026-09-29T10:24:17.572Z,22153.459,RX,bus,-1,0011CBCF,1,5,01 00 00 CF CB,OK
2026-09-29T10:24:17.577Z,22158.443,RX,bus,-1,00010C34,1,7,01 00 00 0F 03 34 0C,OK
2026-09-29T10:24:17.577Z,22158.502,RX,bus,-1,00110C34,1,5,01 00 00 34 0C,OK
2026-09-29T10:24:17.582Z,22163.409,RX,bus,-1,00017986,1,7,01 00 00 0F 03 86 79,OK
2026-09-29T10:24:17.582Z,22163.527,RX,bus,-1,00117986,1,5,01 00 00 86 79,OK
2026-09-29T10:24:17.587Z,22168.398,RX,bus,-1,0001F693,1,7,01 00 00 0F 03 93 F6,OK
2026-09-29T10:24:17.587Z,22168.517,RX,bus,-1,0011F693,1,5,01 00 00 93 F6,OK
2026-09-29T10:24:17.592Z,22173.434,RX,bus,-1,00011674,1,7,01 00 00 0F 03 74 16,OK
2026-09-29T10:24:17.592Z,22173.516,RX,bus,-1,00111674,1,5,01 00 00 74 16,OK
2026-09-29T10:24:17.597Z,22178.399,RX,bus,-1,00011746,1,7,01 00 00 0F 03 46 17,OK
2026-09-29T10:24:17.597Z,22178.446,RX,bus,-1,00111746,1,5,01 00 00 46 17,OK
2026-09-29T10:24:17.601Z,22183.207,RX,bus,-1,000155F1,1,7,01 00 00 0F 03 F1 55,OK
2026-09-29T10:24:17.602Z,22183.490,RX,bus,-1,001155F1,1,5,01 00 00 F1 55,OK
2026-09-29T10:24:17.607Z,22188.486,RX,bus,-1,00010FC7,1,7,01 00 00 0F 03 C7 0F,OK
2026-09-29T10:24:17.607Z,22188.575,RX,bus,-1,00110FC7,1,5,01 00 00 C7 0F,OK
2026-09-29T10:24:17.612Z,22193.419,RX,bus,-1,0001B407,1,7,01 00 00 0F 03 07 B4,OK
2026-09-29T10:24:17.612Z,22193.500,RX,bus,-1,0011B407,1,5,01 00 00 07 B4,OK
2026-09-29T10:24:17.616Z,22198.410,RX,bus,-1,00019911,1,7,01 00 00 0F 03 11 99,OK
2026-09-29T10:24:17.616Z,22198.500,RX,bus,-1,00119911,1,5,01 00 00 11 99,OK
2026-09-29T10:24:17.622Z,22203.249,RX,bus,-1,0001E875,1,7,01 00 00 0F 03 75 E8,OK
2026-09-29T10:24:17.622Z,22203.465,RX,bus,-1,0011E875,1,5,01 00 00 75 E8,OK
2026-09-29T10:24:17.627Z,22208.243,RX,bus,-1,000164C9,1,7,01 00 00 0F 03 C9 64,OK
2026-09-29T10:24:17.627Z,22208.487,RX,bus,-1,001164C9,1,5,01 00 00 C9 64,OK
2026-09-29T10:24:17.632Z,22213.242,RX,bus,-1,000134B6,1,7,01 00 00 0F 03 B6 34,OK
2026-09-29T10:24:17.632Z,22213.481,RX,bus,-1,001134B6,1,5,01 00 00 B6 34,OK
2026-09-29T10:24:17.637Z,22218.244,RX,bus,-1,0001B807,1,7,01 00 00 0F 03 07 B8,OK
2026-09-29T10:24:17.637Z,22218.485,RX,bus,-1,0011B807,1,5,01 00 00 07 B8,OK
2026-09-29T10:24:17.642Z,22223.247,RX,bus,-1,0001D4AD,1,7,01 00 00 0F 03 AD D4,OK
2026-09-29T10:24:17.642Z,22223.463,RX,bus,-1,0011D4AD,1,5,01 00 00 AD D4,OK
2026-09-29T10:24:17.647Z,22228.473,RX,bus,-1,000196E0,1,7,01 00 00 0F 03 E0 96,OK
2026-09-29T10:24:17.647Z,22228.518,RX,bus,-1,001196E0,1,5,01 00 00 E0 96,OK
2026-09-29T10:24:17.652Z,22233.251,RX,bus,-1,00017D20,1,7,01 00 00 0F 03 20 7D,OK
2026-09-29T10:24:17.652Z,22233.492,RX,bus,-1,00117D20,1,5,01 00 00 20 7D,OK
2026-09-29T10:24:17.657Z,22238.247,RX,bus,-1,0001F29D,1,7,01 00 00 0F 03 9D F2,OK
2026-09-29T10:24:17.657Z,22238.491,RX,bus,-1,0011F29D,1,5,01 00 00 9D F2,OK
2026-09-29T10:24:17.662Z,22243.243,RX,bus,-1,00014927,1,7,01 00 00 0F 03 27 49,OK
2026-09-29T10:24:17.662Z,22243.485,RX,bus,-1,00114927,1,5,01 00 00 27 49,OK
2026-09-29T10:24:17.667Z,22248.243,RX,bus,-1,0001C940,1,7,01 00 00 0F 03 40 C9,OK
2026-09-29T10:24:17.667Z,22248.481,RX,bus,-1,0011C940,1,5,01 00 00 40 C9,OK
2026-09-29T10:24:17.672Z,22253.425,RX,bus,-1,0001E745,1,7,01 00 00 0F 03 45 E7,OK
2026-09-29T10:24:17.672Z,22253.510,RX,bus,-1,0011E745,1,5,01 00 00 45 E7,OK
2026-09-29T10:24:17.677Z,22258.420,RX,bus,-1,00015FCC,1,7,01 00 00 0F 03 CC 5F,OK
2026-09-29T10:24:17.677Z,22258.462,RX,bus,-1,00115FCC,1,5,01 00 00 CC 5F,OK
2026-09-29T10:24:17.682Z,22263.456,RX,bus,-1,000180B7,1,7,01 00 00 0F 03 B7 80,OK
2026-09-29T10:24:17.682Z,22263.523,RX,bus,-1,001180B7,1,5,01 00 00 B7 80,OK
2026-09-29T10:24:17.687Z,22268.419,RX,bus,-1,0001A56B,1,7,01 00 00 0F 03 6B A5,OK
2026-09-29T10:24:17.687Z,22268.462,RX,bus,-1,0011A56B,1,5,01 00 00 6B A5,OK
2026-09-29T10:24:17.692Z,22273.419,RX,bus,-1,00013541,1,7,01 00 00 0F 03 41 35,OK
2026-09-29T10:24:17.692Z,22273.464,RX,bus,-1,00113541,1,5,01 00 00 41 35,OK
2026-09-29T10:24:17.697Z,22278.418,RX,bus,-1,0001185B,1,7,01 00 00 0F 03 5B 18,OK
2026-09-29T10:24:17.697Z,22278.491,RX,bus,-1,0011185B,1,5,01 00 00 5B 18,OK
2026-09-29T10:24:17.702Z,22283.411,RX,bus,-1,00016388,1,7,01 00 00 0F 03 88 63,OK
2026-09-29T10:24:17.702Z,22283.498,RX,bus,-1,00116388,1,5,01 00 00 88 63,OK
2026-09-29T10:24:17.707Z,22288.422,RX,bus,-1,00010E5A,1,7,01 00 00 0F 03 5A 0E,OK
2026-09-29T10:24:17.707Z,22288.466,RX,bus,-1,00110E5A,1,5,01 00 00 5A 0E,OK
2026-09-29T10:24:17.711Z,22293.298,RX,bus,-1,0001C9B7,1,7,01 00 00 0F 03 B7 C9,OK
2026-09-29T10:24:17.712Z,22293.495,RX,bus,-1,0011C9B7,1,5,01 00 00 B7 C9,OK
2026-09-29T10:24:17.717Z,22298.413,RX,bus,-1,000180DE,1,7,01 00 00 0F 03 DE 80,OK
2026-09-29T10:24:17.717Z,22298.544,RX,bus,-1,001180DE,1,5,01 00 00 DE 80,OK
2026-09-29T10:24:17.722Z,22303.247,RX,bus,-1,0001FBF6,1,7,01 00 00 0F 03 F6 FB,OK
2026-09-29T10:24:17.722Z,22303.462,RX,bus,-1,0011FBF6,1,5,01 00 00 F6 FB,OK
2026-09-29T10:24:17.727Z,22308.275,RX,bus,-1,0001EA5F,1,7,01 00 00 0F 03 5F EA,OK
2026-09-29T10:24:17.727Z,22308.483,RX,bus,-1,0011EA5F,1,5,01 00 00 5F EA,OK
2026-09-29T10:24:17.732Z,22313.256,RX,bus,-1,0001920D,1,7,01 00 00 0F 03 0D 92,OK
2026-09-29T10:24:17.732Z,22313.492,RX,bus,-1,0011920D,1,5,01 00 00 0D 92,OK
2026-09-29T10:24:17.736Z,22318.392,RX,bus,-1,0001887D,1,7,01 00 00 0F 03 7D 88,OK
2026-09-29T10:24:17.737Z,22318.476,RX,bus,-1,0011887D,1,5,01 00 00 7D 88,OK
2026-09-29T10:24:17.741Z,22323.402,RX,bus,-1,00011F1E,1,7,01 00 00 0F 03 1E 1F,OK
2026-09-29T10:24:17.742Z,22323.490,RX,bus,-1,00111F1E,1,5,01 00 00 1E 1F,OK
2026-09-29T10:24:17.746Z,22328.377,RX,bus,-1,00010FC7,1,7,01 00 00 0F 03 C7 0F,OK
2026-09-29T10:24:17.747Z,22328.472,RX,bus,-1,00110FC7,1,5,01 00 00 C7 0F,OK
2026-09-29T10:24:17.751Z,22333.375,RX,bus,-1,00012E5C,1,7,01 00 00 0F 03 5C 2E,OK
2026-09-29T10:24:17.752Z,22333.476,RX,bus,-1,00112E5C,1,5,01 00 00 5C 2E,OK
2026-09-29T10:24:17.756Z,22338.423,RX,bus,-1,00010C74,1,7,01 00 00 0F 03 74 0C,OK
2026-09-29T10:24:17.757Z,22338.482,RX,bus,-1,00110C74,1,5,01 00 00 74 0C,OK
2026-09-29T10:24:17.761Z,22343.403,RX,bus,-1,00010131,1,7,01 00 00 0F 03 31 01,OK
2026-09-29T10:24:17.762Z,22343.492,RX,bus,-1,00110131,1,5,01 00 00 31 01,OK
2026-09-29T10:24:17.766Z,22348.444,RX,bus,-1,0001F442,1,7,01 00 00 0F 03 42 F4,OK
2026-09-29T10:24:17.766Z,22348.486,RX,bus,-1,0011F442,1,5,01 00 00 42 F4,OK
2026-09-29T10:24:17.772Z,22353.270,RX,bus,-1,0001F725,1,7,01 00 00 0F 03 25 F7,OK
2026-09-29T10:24:17.772Z,22353.462,RX,bus,-1,0011F725,1,5,01 00 00 25 F7,OK
2026-09-29T10:24:17.777Z,22358.256,RX,bus,-1,0001205E,1,7,01 00 00 0F 03 5E 20,OK
2026-09-29T10:24:17.777Z,22358.451,RX,bus,-1,0011205E,1,5,01 00 00 5E 20,OK
2026-09-29T10:24:17.782Z,22363.261,RX,bus,-1,0001AD8C,1,7,01 00 00 0F 03 8C AD,OK
2026-09-29T10:24:17.782Z,22363.458,RX,bus,-1,0011AD8C,1,5,01 00 00 8C AD,OK
2026-09-29T10:24:17.787Z,22368.256,RX,bus,-1,00019F03,1,7,01 00 00 0F 03 03 9F,OK
2026-09-29T10:24:17.787Z,22368.492,RX,bus,-1,00119F03,1,5,01 00 00 03 9F,OK
2026-09-29T10:24:17.792Z,22373.255,RX,bus,-1,000110C4,1,7,01 00 00 0F 03 C4 10,OK
2026-09-29T10:24:17.792Z,22373.436,RX,bus,-1,001110C4,1,5,01 00 00 C4 10,OK
2026-09-29T10:24:17.797Z,22378.244,RX,bus,-1,00015F30,1,7,01 00 00 0F 03 30 5F,OK
2026-09-29T10:24:17.797Z,22378.458,RX,bus,-1,00115F30,1,5,01 00 00 30 5F,OK
2026-09-29T10:24:17.802Z,22383.283,RX,bus,-1,00019E88,1,7,01 00 00 0F 03 88 9E,OK
2026-09-29T10:24:17.802Z,22383.459,RX,bus,-1,00119E88,1,5,01 00 00 88 9E,OK
2026-09-29T10:24:17.807Z,22388.308,RX,bus,-1,00014DA5,1,7,01 00 00 0F 03 A5 4D,OK
2026-09-29T10:24:17.807Z,22388.456,RX,bus,-1,00114DA5,1,5,01 00 00 A5 4D,OK
2026-09-29T10:24:17.812Z,22393.271,RX,bus,-1,00017CA4,1,7,01 00 00 0F 03 A4 7C,OK
2026-09-29T10:24:17.812Z,22393.458,RX,bus,-1,00117CA4,1,5,01 00 00 A4 7C,OK
2026-09-29T10:24:17.816Z,22398.388,RX,bus,-1,00013106,1,7,01 00 00 0F 03 06 31,OK
2026-09-29T10:24:17.816Z,22398.464,RX,bus,-1,00113106,1,5,01 00 00 06 31,OK
2026-09-29T10:24:17.821Z,22403.221,RX,bus,-1,00015910,1,7,01 00 00 0F 03 10 59,OK
2026-09-29T10:24:17.821Z,22403.464,RX,bus,-1,00115910,1,5,01 00 00 10 59,OK
2026-09-29T10:24:17.826Z,22408.490,RX,bus,-1,000177D3,1,7,01 00 00 0F 03 D3 77,OK
2026-09-29T10:24:17.827Z,22408.573,RX,bus,-1,001177D3,1,5,01 00 00 D3 77,OK
2026-09-29T10:24:17.831Z,22413.524,RX,bus,-1,00012836,1,7,01 00 00 0F 03 36 28,OK
2026-09-29T10:24:17.831Z,22413.572,RX,bus,-1,00112836,1,5,01 00 00 36 28,OK
2026-09-29T10:24:17.837Z,22418.362,RX,bus,-1,000139A0,1,7,01 00 00 0F 03 A0 39,OK
2026-09-29T10:24:17.837Z,22418.468,RX,bus,-1,001139A0,1,5,01 00 00 A0 39,OK
2026-09-29T10:24:17.842Z,22423.338,RX,bus,-1,0001F7F6,1,7,01 00 00 0F 03 F6 F7,OK
2026-09-29T10:24:17.842Z,22423.423,RX,bus,-1,0011F7F6,1,5,01 00 00 F6 F7,OK
2026-09-29T10:24:17.847Z,22428.342,RX,bus,-1,00016DA6,1,7,01 00 00 0F 03 A6 6D,OK
2026-09-29T10:24:17.847Z,22428.460,RX,bus,-1,00116DA6,1,5,01 00 00 A6 6D,OK
2026-09-29T10:24:17.852Z,22433.339,RX,bus,-1,0001F5A2,1,7,01 00 00 0F 03 A2 F5,OK
2026-09-29T10:24:17.852Z,22433.411,RX,bus,-1,0011F5A2,1,5,01 00 00 A2 F5,OK
2026-09-29T10:24:17.857Z,22438.356,RX,bus,-1,00017FA9,1,7,01 00 00 0F 03 A9 7F,OK
2026-09-29T10:24:17.857Z,22438.463,RX,bus,-1,00117FA9,1,5,01 00 00 A9 7F,OK
2026-09-29T10:24:17.862Z,22443.371,RX,bus,-1,0001AF05,1,7,01 00 00 0F 03 05 AF,OK
2026-09-29T10:24:17.862Z,22443.476,RX,bus,-1,0011AF05,1,5,01 00 00 05 AF,OK
2026-09-29T10:24:17.866Z,22448.386,RX,bus,-1,00014CCC,1,7,01 00 00 0F 03 CC 4C,OK
2026-09-29T10:24:17.866Z,22448.461,RX,bus,-1,00114CCC,1,5,01 00 00 CC 4C,OK
2026-09-29T10:24:17.871Z,22453.222,RX,bus,-1,0001D63A,1,7,01 00 00 0F 03 3A D6,OK
2026-09-29T10:24:17.871Z,22453.454,RX,bus,-1,0011D63A,1,5,01 00 00 3A D6,OK
2026-09-29T10:24:17.876Z,22458.187,RX,bus,-1,0001DCBD,1,7,01 00 00 0F 03 BD DC,OK
2026-09-29T10:24:17.876Z,22458.414,RX,bus,-1,0011DCBD,1,5,01 00 00 BD DC,OK
2026-09-29T10:24:17.881Z,22463.475,RX,bus,-1,000169D6,1,7,01 00 00 0F 03 D6 69,OK
2026-09-29T10:24:17.881Z,22463.523,RX,bus,-1,001169D6,1,5,01 00 00 D6 69,OK
2026-09-29T10:24:17.886Z,22468.219,RX,bus,-1,0001B86C,1,7,01 00 00 0F 03 6C B8,OK
2026-09-29T10:24:17.886Z,22468.460,RX,bus,-1,0011B86C,1,5,01 00 00 6C B8,OK
2026-09-29T10:24:17.891Z,22473.215,RX,bus,-1,0001D2B2,1,7,01 00 00 0F 03 B2 D2,OK
2026-09-29T10:24:17.891Z,22473.457,RX,bus,-1,0011D2B2,1,5,01 00 00 B2 D2,OK
2026-09-29T10:24:17.896Z,22478.438,RX,bus,-1,00013A28,1,7,01 00 00 0F 03 28 3A,OK
2026-09-29T10:24:17.896Z,22478.484,RX,bus,-1,00113A28,1,5,01 00 00 28 3A,OK
2026-09-29T10:24:17.901Z,22483.219,RX,bus,-1,00015E62,1,7,01 00 00 0F 03 62 5E,OK
2026-09-29T10:24:17.901Z,22483.455,RX,bus,-1,00115E62,1,5,01 00 00 62 5E,OK
2026-09-29T10:24:17.906Z,22488.256,RX,bus,-1,0001BBCC,1,7,01 00 00 0F 03 CC BB,OK
2026-09-29T10:24:17.906Z,22488.460,RX,bus,-1,0011BBCC,1,5,01 00 00 CC BB,OK
2026-09-29T10:24:17.911Z,22493.215,RX,bus,-1,00012111,1,7,01 00 00 0F 03 11 21,OK
2026-09-29T10:24:17.911Z,22493.459,RX,bus,-1,00112111,1,5,01 00 00 11 21,OK
2026-09-29T10:24:17.916Z,22498.387,RX,bus,-1,0001F26E,1,7,01 00 00 0F 03 6E F2,OK
2026-09-29T10:24:17.916Z,22498.462,RX,bus,-1,0011F26E,1,5,01 00 00 6E F2,OK
2026-09-29T10:24:17.922Z,22503.369,RX,bus,-1,0001875A,1,7,01 00 00 0F 03 5A 87,OK
2026-09-29T10:24:17.922Z,22503.461,RX,bus,-1,0011875A,1,5,01 00 00 5A 87,OK
2026-09-29T10:24:17.927Z,22508.399,RX,bus,-1,000187AF,1,7,01 00 00 0F 03 AF 87,OK
2026-09-29T10:24:17.927Z,22508.499,RX,bus,-1,001187AF,1,5,01 00 00 AF 87,OK
2026-09-29T10:24:17.932Z,22513.325,RX,bus,-1,00013864,1,7,01 00 00 0F 03 64 38,OK
2026-09-29T10:24:17.932Z,22513.428,RX,bus,-1,00113864,1,5,01 00 00 64 38,OK
2026-09-29T10:24:17.937Z,22518.404,RX,bus,-1,00010B8F,1,7,01 00 00 0F 03 8F 0B,OK
2026-09-29T10:24:17.937Z,22518.448,RX,bus,-1,00110B8F,1,5,01 00 00 8F 0B,OK
2026-09-29T10:24:17.942Z,22523.403,RX,bus,-1,00014E39,1,7,01 00 00 0F 03 39 4E,OK
2026-09-29T10:24:17.942Z,22523.488,RX,bus,-1,00114E39,1,5,01 00 00 39 4E,OK
2026-09-29T10:24:17.947Z,22528.392,RX,bus,-1,0001527F,1,7,01 00 00 0F 03 7F 52,OK
2026-09-29T10:24:17.947Z,22528.469,RX,bus,-1,0011527F,1,5,01 00 00 7F 52,OK
2026-09-29T10:24:17.952Z,22533.400,RX,bus,-1,0001D637,1,7,01 00 00 0F 03 37 D6,OK
2026-09-29T10:24:17.952Z,22533.492,RX,bus,-1,0011D637,1,5,01 00 00 37 D6,OK
2026-09-29T10:24:17.957Z,22538.415,RX,bus,-1,00019206,1,7,01 00 00 0F 03 06 92,OK
2026-09-29T10:24:17.957Z,22538.462,RX,bus,-1,00119206,1,5,01 00 00 06 92,OK
2026-09-29T10:24:17.962Z,22543.380,RX,bus,-1,00010515,1,7,01 00 00 0F 03 15 05,OK
2026-09-29T10:24:17.962Z,22543.486,RX,bus,-1,00110515,1,5,01 00 00 15 05,OK
2026-09-29T10:24:17.967Z,22548.396,RX,bus,-1,00011F2E,1,7,01 00 00 0F 03 2E 1F,OK
2026-09-29T10:24:17.967Z,22548.445,RX,bus,-1,00111F2E,1,5,01 00 00 2E 1F,OK
2026-09-29T10:24:17.972Z,22553.221,RX,bus,-1,000109C4,1,7,01 00 00 0F 03 C4 09,OK
2026-09-29T10:24:17.972Z,22553.453,RX,bus,-1,001109C4,1,5,01 00 00 C4 09,OK
2026-09-29T10:24:17.977Z,22558.212,RX,bus,-1,0001F895,1,7,01 00 00 0F 03 95 F8,OK
2026-09-29T10:24:17.977Z,22558.451,RX,bus,-1,0011F895,1,5,01 00 00 95 F8,OK
2026-09-29T10:24:17.982Z,22563.194,RX,bus,-1,00018C39,1,7,01 00 00 0F 03 39 8C,OK
2026-09-29T10:24:17.982Z,22563.444,RX,bus,-1,00118C39,1,5,01 00 00 39 8C,OK
2026-09-29T10:24:17.987Z,22568.211,RX,bus,-1,00018ADB,1,7,01 00 00 0F 03 DB 8A,OK
2026-09-29T10:24:17.987Z,22568.456,RX,bus,-1,00118ADB,1,5,01 00 00 DB 8A,OK
2026-09-29T10:24:17.992Z,22573.186,RX,bus,-1,00015CE8,1,7,01 00 00 0F 03 E8 5C,OK
2026-09-29T10:24:17.992Z,22573.455,RX,bus,-1,00115CE8,1,5,01 00 00 E8 5C,OK
2026-09-29T10:24:17.997Z,22578.194,RX,bus,-1,000148C2,1,7,01 00 00 0F 03 C2 48,OK
2026-09-29T10:24:17.997Z,22578.433,RX,bus,-1,001148C2,1,5,01 00 00 C2 48,OK
2026-09-29T10:24:18.002Z,22583.185,RX,bus,-1,0001D773,1,7,01 00 00 0F 03 73 D7,OK
2026-09-29T10:24:18.002Z,22583.458,RX,bus,-1,0011D773,1,5,01 00 00 73 D7,OK
2026-09-29T10:24:18.007Z,22588.219,RX,bus,-1,0001B136,1,7,01 00 00 0F 03 36 B1,OK
2026-09-29T10:24:18.007Z,22588.432,RX,bus,-1,0011B136,1,5,01 00 00 36 B1,OK
2026-09-29T10:24:18.012Z,22593.194,RX,bus,-1,0001CAD9,1,7,01 00 00 0F 03 D9 CA,OK
2026-09-29T10:24:18.012Z,22593.438,RX,bus,-1,0011CAD9,1,5,01 00 00 D9 CA,OK
2026-09-29T10:24:18.016Z,22598.372,RX,bus,-1,00018C1F,1,7,01 00 00 0F 03 1F 8C,OK
2026-09-29T10:24:18.017Z,22598.474,RX,bus,-1,00118C1F,1,5,01 00 00 1F 8C,OK
2026-09-29T10:24:18.021Z,22603.426,RX,bus,-1,00016B2C,1,7,01 00 00 0F 03 2C 6B,OK
2026-09-29T10:24:18.022Z,22603.481,RX,bus,-1,00116B2C,1,5,01 00 00 2C 6B,OK
2026-09-29T10:24:18.026Z,22608.338,RX,bus,-1,0001DBA4,1,7,01 00 00 0F 03 A4 DB,OK
2026-09-29T10:24:18.026Z,22608.437,RX,bus,-1,0011DBA4,1,5,01 00 00 A4 DB,OK
2026-09-29T10:24:18.031Z,22613.449,RX,bus,-1,0001D898,1,7,01 00 00 0F 03 98 D8,OK
2026-09-29T10:24:18.032Z,22613.500,RX,bus,-1,0011D898,1,5,01 00 00 98 D8,OK
2026-09-29T10:24:18.037Z,22618.206,RX,bus,-1,0001164D,1,7,01 00 00 0F 03 4D 16,OK
2026-09-29T10:24:18.037Z,22618.433,RX,bus,-1,0011164D,1,5,01 00 00 4D 16,OK
2026-09-29T10:24:18.042Z,22623.206,RX,bus,-1,0001113C,1,7,01 00 00 0F 03 3C 11,OK
2026-09-29T10:24:18.042Z,22623.439,RX,bus,-1,0011113C,1,5,01 00 00 3C 11,OK
2026-09-29T10:24:18.047Z,22628.197,RX,bus,-1,00016B22,1,7,01 00 00 0F 03 22 6B,OK
2026-09-29T10:24:18.047Z,22628.439,RX,bus,-1,00116B22,1,5,01 00 00 22 6B,OK
2026-09-29T10:24:18.052Z,22633.199,RX,bus,-1,0001B327,1,7,01 00 00 0F 03 27 B3,OK
2026-09-29T10:24:18.052Z,22633.437,RX,bus,-1,0011B327,1,5,01 00 00 27 B3,OK
2026-09-29T10:24:18.057Z,22638.163,RX,bus,-1,0001BFBD,1,7,01 00 00 0F 03 BD BF,OK
2026-09-29T10:24:18.057Z,22638.427,RX,bus,-1,0011BFBD,1,5,01 00 00 BD BF,OK
2026-09-29T10:24:18.062Z,22643.196,RX,bus,-1,0001517A,1,7,01 00 00 0F 03 7A 51,OK
2026-09-29T10:24:18.062Z,22643.439,RX,bus,-1,0011517A,1,5,01 00 00 7A 51,OK
2026-09-29T10:24:18.067Z,22648.191,RX,bus,-1,00019CE9,1,7,01 00 00 0F 03 E9 9C,OK
2026-09-29T10:24:18.067Z,22648.433,RX,bus,-1,00119CE9,1,5,01 00 00 E9 9C,OK
2026-09-29T10:24:18.071Z,22653.206,RX,bus,-1,00011F79,1,7,01 00 00 0F 03 79 1F,OK
2026-09-29T10:24:18.072Z,22653.454,RX,bus,-1,00111F79,1,5,01 00 00 79 1F,OK
2026-09-29T10:24:18.077Z,22658.402,RX,bus,-1,0001593C,1,7,01 00 00 0F 03 3C 59,OK
2026-09-29T10:24:18.077Z,22658.482,RX,bus,-1,0011593C,1,5,01 00 00 3C 59,OK
2026-09-29T10:24:18.082Z,22663.347,RX,bus,-1,00010614,1,7,01 00 00 0F 03 14 06,OK
2026-09-29T10:24:18.082Z,22663.435,RX,bus,-1,00110614,1,5,01 00 00 14 06,OK
2026-09-29T10:24:18.087Z,22668.384,RX,bus,-1,000161D5,1,7,01 00 00 0F 03 D5 61,OK
2026-09-29T10:24:18.087Z,22668.443,RX,bus,-1,001161D5,1,5,01 00 00 D5 61,OK
2026-09-29T10:24:18.092Z,22673.397,RX,bus,-1,0001A42D,1,7,01 00 00 0F 03 2D A4,OK
2026-09-29T10:24:18.092Z,22673.452,RX,bus,-1,0011A42D,1,5,01 00 00 2D A4,OK
2026-09-29T10:24:18.097Z,22678.435,RX,bus,-1,0001E82C,1,7,01 00 00 0F 03 2C E8,OK
2026-09-29T10:24:18.097Z,22678.520,RX,bus,-1,0011E82C,1,5,01 00 00 2C E8,OK
2026-09-29T10:24:18.102Z,22683.414,RX,bus,-1,0001EFA4,1,7,01 00 00 0F 03 A4 EF,OK
2026-09-29T10:24:18.102Z,22683.500,RX,bus,-1,0011EFA4,1,5,01 00 00 A4 EF,OK
2026-09-29T10:24:18.107Z,22688.449,RX,bus,-1,00012085,1,7,01 00 00 0F 03 85 20,OK
2026-09-29T10:24:18.107Z,22688.532,RX,bus,-1,00112085,1,5,01 00 00 85 20,OK
2026-09-29T10:24:18.112Z,22693.365,RX,bus,-1,0001A4F9,1,7,01 00 00 0F 03 F9 A4,OK
2026-09-29T10:24:18.112Z,22693.441,RX,bus,-1,0011A4F9,1,5,01 00 00 F9 A4,OK
2026-09-29T10:24:18.116Z,22698.354,RX,bus,-1,0001F791,1,7,01 00 00 0F 03 91 F7,OK
2026-09-29T10:24:18.116Z,22698.440,RX,bus,-1,0011F791,1,5,01 00 00 91 F7,OK
2026-09-29T10:24:18.122Z,22703.198,RX,bus,-1,000130FE,1,7,01 00 00 0F 03 FE 30,OK
2026-09-29T10:24:18.122Z,22703.440,RX,bus,-1,001130FE,1,5,01 00 00 FE 30,OK
2026-09-29T10:24:18.127Z,22708.207,RX,bus,-1,00019A42,1,7,01 00 00 0F 03 42 9A,OK
2026-09-29T10:24:18.127Z,22708.439,RX,bus,-1,00119A42,1,5,01 00 00 42 9A,OK
2026-09-29T10:24:18.132Z,22713.195,RX,bus,-1,000147E7,1,7,01 00 00 0F 03 E7 47,OK
2026-09-29T10:24:18.132Z,22713.440,RX,bus,-1,001147E7,1,5,01 00 00 E7 47,OK
2026-09-29T10:24:18.137Z,22718.178,RX,bus,-1,0001E1D2,1,7,01 00 00 0F 03 D2 E1,OK
2026-09-29T10:24:18.137Z,22718.422,RX,bus,-1,0011E1D2,1,5,01 00 00 D2 E1,OK
2026-09-29T10:24:18.142Z,22723.313,RX,bus,-1,00010ECA,1,7,01 00 00 0F 03 CA 0E,OK
2026-09-29T10:24:18.142Z,22723.437,RX,bus,-1,00110ECA,1,5,01 00 00 CA 0E,OK
2026-09-29T10:24:18.147Z,22728.344,RX,bus,-1,0001A6A0,1,7,01 00 00 0F 03 A0 A6,OK
2026-09-29T10:24:18.147Z,22728.435,RX,bus,-1,0011A6A0,1,5,01 00 00 A0 A6,OK
2026-09-29T10:24:18.152Z,22733.339,RX,bus,-1,0001A042,1,7,01 00 00 0F 03 42 A0,OK
2026-09-29T10:24:18.152Z,22733.451,RX,bus,-1,0011A042,1,5,01 00 00 42 A0,OK
2026-09-29T10:24:18.157Z,22738.333,RX,bus,-1,0001333C,1,7,01 00 00 0F 03 3C 33,OK
2026-09-29T10:24:18.157Z,22738.456,RX,bus,-1,0011333C,1,5,01 00 00 3C 33,OK
2026-09-29T10:24:18.162Z,22743.364,RX,bus,-1,00013ED4,1,7,01 00 00 0F 03 D4 3E,OK
2026-09-29T10:24:18.162Z,22743.431,RX,bus,-1,00113ED4,1,5,01 00 00 D4 3E,OK
2026-09-29T10:24:18.166Z,22748.351,RX,bus,-1,00010DE5,1,7,01 00 00 0F 03 E5 0D,OK
2026-09-29T10:24:18.166Z,22748.443,RX,bus,-1,00110DE5,1,5,01 00 00 E5 0D,OK
2026-09-29T10:24:18.171Z,22753.180,RX,bus,-1,0001D34D,1,7,01 00 00 0F 03 4D D3,OK
2026-09-29T10:24:18.171Z,22753.410,RX,bus,-1,0011D34D,1,5,01 00 00 4D D3,OK
2026-09-29T10:24:18.176Z,22758.407,RX,bus,-1,0001E945,1,7,01 00 00 0F 03 45 E9,OK
2026-09-29T10:24:18.176Z,22758.453,RX,bus,-1,0011E945,1,5,01 00 00 45 E9,OK
2026-09-29T10:24:18.181Z,22763.238,RX,bus,-1,0001B725,1,7,01 00 00 0F 03 25 B7,OK
2026-09-29T10:24:18.181Z,22763.412,RX,bus,-1,0011B725,1,5,01 00 00 25 B7,OK
2026-09-29T10:24:18.186Z,22768.168,RX,bus,-1,0001562B,1,7,01 00 00 0F 03 2B 56,OK
2026-09-29T10:24:18.186Z,22768.412,RX,bus,-1,0011562B,1,5,01 00 00 2B 56,OK
2026-09-29T10:24:18.191Z,22773.249,RX,bus,-1,0001FAB8,1,7,01 00 00 0F 03 B8 FA,OK
2026-09-29T10:24:18.191Z,22773.409,RX,bus,-1,0011FAB8,1,5,01 00 00 B8 FA,OK
2026-09-29T10:24:18.196Z,22778.179,RX,bus,-1,0001CE95,1,7,01 00 00 0F 03 95 CE,OK
2026-09-29T10:24:18.196Z,22778.407,RX,bus,-1,0011CE95,1,5,01 00 00 95 CE,OK
2026-09-29T10:24:18.201Z,22783.172,RX,bus,-1,000108D1,1,7,01 00 00 0F 03 D1 08,OK
2026-09-29T10:24:18.201Z,22783.414,RX,bus,-1,001108D1,1,5,01 00 00 D1 08,OK
2026-09-29T10:24:18.206Z,22788.270,RX,bus,-1,00019F47,1,7,01 00 00 0F 03 47 9F,OK
2026-09-29T10:24:18.206Z,22788.440,RX,bus,-1,00119F47,1,5,01 00 00 47 9F,OK
2026-09-29T10:24:18.211Z,22793.204,RX,bus,-1,00014CD2,1,7,01 00 00 0F 03 D2 4C,OK
2026-09-29T10:24:18.211Z,22793.409,RX,bus,-1,00114CD2,1,5,01 00 00 D2 4C,OK
2026-09-29T10:24:18.216Z,22798.167,RX,bus,-1,0001B7C5,1,7,01 00 00 0F 03 C5 B7,OK
2026-09-29T10:24:18.216Z,22798.413,RX,bus,-1,0011B7C5,1,5,01 00 00 C5 B7,OK
2026-09-29T10:24:18.222Z,22803.306,RX,bus,-1,00011E8D,1,7,01 00 00 0F 03 8D 1E,OK
2026-09-29T10:24:18.222Z,22803.404,RX,bus,-1,00111E8D,1,5,01 00 00 8D 1E,OK
2026-09-29T10:24:18.227Z,22808.310,RX,bus,-1,00015567,1,7,01 00 00 0F 03 67 55,OK
2026-09-29T10:24:18.227Z,22808.419,RX,bus,-1,00115567,1,5,01 00 00 67 55,OK
2026-09-29T10:24:18.232Z,22813.363,RX,bus,-1,0001367E,1,7,01 00 00 0F 03 7E 36,OK
2026-09-29T10:24:18.232Z,22813.434,RX,bus,-1,0011367E,1,5,01 00 00 7E 36,OK
2026-09-29T10:24:18.237Z,22818.349,RX,bus,-1,0001E8E4,1,7,01 00 00 0F 03 E4 E8,OK
2026-09-29T10:24:18.237Z,22818.454,RX,bus,-1,0011E8E4,1,5,01 00 00 E4 E8,OK
2026-09-29T10:24:18.242Z,22823.357,RX,bus,-1,0001A307,1,7,01 00 00 0F 03 07 A3,OK
2026-09-29T10:24:18.242Z,22823.402,RX,bus,-1,0011A307,1,5,01 00 00 07 A3,OK
2026-09-29T10:24:18.247Z,22828.529,RX,bus,-1,0001267E,1,7,01 00 00 0F 03 7E 26,OK
2026-09-29T10:24:18.247Z,22828.618,RX,bus,-1,0011267E,1,5,01 00 00 7E 26,OK
2026-09-29T10:24:18.251Z,22833.321,RX,bus,-1,000156E7,1,7,01 00 00 0F 03 E7 56,OK
2026-09-29T10:24:18.252Z,22833.440,RX,bus,-1,001156E7,1,5,01 00 00 E7 56,OK
2026-09-29T10:24:18.256Z,22838.321,RX,bus,-1,000167BD,1,7,01 00 00 0F 03 BD 67,OK
2026-09-29T10:24:18.257Z,22838.453,RX,bus,-1,001167BD,1,5,01 00 00 BD 67,OK
2026-09-29T10:24:18.262Z,22843.363,RX,bus,-1,0001AAF5,1,7,01 00 00 0F 03 F5 AA,OK
2026-09-29T10:24:18.262Z,22843.410,RX,bus,-1,0011AAF5,1,5,01 00 00 F5 AA,OK
2026-09-29T10:24:18.266Z,22848.322,RX,bus,-1,0001B25F,1,7,01 00 00 0F 03 5F B2,OK
2026-09-29T10:24:18.267Z,22848.415,RX,bus,-1,0011B25F,1,5,01 00 00 5F B2,OK
2026-09-29T10:24:18.272Z,22853.165,RX,bus,-1,000198F2,1,7,01 00 00 0F 03 F2 98,OK
2026-09-29T10:24:18.272Z,22853.406,RX,bus,-1,001198F2,1,5,01 00 00 F2 98,OK
2026-09-29T10:24:18.277Z,22858.169,RX,bus,-1,00012ADA,1,7,01 00 00 0F 03 DA 2A,OK
2026-09-29T10:24:18.277Z,22858.423,RX,bus,-1,00112ADA,1,5,01 00 00 DA 2A,OK
2026-09-29T10:24:18.282Z,22863.171,RX,bus,-1,000142E9,1,7,01 00 00 0F 03 E9 42,OK
2026-09-29T10:24:18.282Z,22863.405,RX,bus,-1,001142E9,1,5,01 00 00 E9 42,OK
2026-09-29T10:24:18.287Z,22868.158,RX,bus,-1,000169AA,1,7,01 00 00 0F 03 AA 69,OK
2026-09-29T10:24:18.287Z,22868.414,RX,bus,-1,001169AA,1,5,01 00 00 AA 69,OK
2026-09-29T10:24:18.292Z,22873.222,RX,bus,-1,00014A76,1,7,01 00 00 0F 03 76 4A,OK
2026-09-29T10:24:18.292Z,22873.403,RX,bus,-1,00114A76,1,5,01 00 00 76 4A,OK
2026-09-29T10:24:18.297Z,22878.175,RX,bus,-1,00018D46,1,7,01 00 00 0F 03 46 8D,OK
2026-09-29T10:24:18.297Z,22878.412,RX,bus,-1,00118D46,1,5,01 00 00 46 8D,OK
2026-09-29T10:24:18.302Z,22883.173,RX,bus,-1,0001ECEA,1,7,01 00 00 0F 03 EA EC,OK
2026-09-29T10:24:18.302Z,22883.394,RX,bus,-1,0011ECEA,1,5,01 00 00 EA EC,OK
2026-09-29T10:24:18.307Z,22888.162,RX,bus,-1,00016769,1,7,01 00 00 0F 03 69 67,OK
2026-09-29T10:24:18.307Z,22888.409,RX,bus,-1,00116769,1,5,01 00 00 69 67,OK
2026-09-29T10:24:18.312Z,22893.180,RX,bus,-1,0001192C,1,7,01 00 00 0F 03 2C 19,OK
2026-09-29T10:24:18.312Z,22893.413,RX,bus,-1,0011192C,1,5,01 00 00 2C 19,OK
2026-09-29T10:24:18.317Z,22898.268,RX,bus,-1,00019715,1,7,01 00 00 0F 03 15 97,OK
2026-09-29T10:24:18.317Z,22898.331,RX,bus,-1,00119715,1,5,01 00 00 15 97,OK
2026-09-29T10:24:18.321Z,22903.163,RX,bus,-1,000155C3,1,7,01 00 00 0F 03 C3 55,OK
2026-09-29T10:24:18.322Z,22903.376,RX,bus,-1,001155C3,1,5,01 00 00 C3 55,OK
2026-09-29T10:24:18.326Z,22908.173,RX,bus,-1,00012179,1,7,01 00 00 0F 03 79 21,OK
2026-09-29T10:24:18.327Z,22908.378,RX,bus,-1,00112179,1,5,01 00 00 79 21,OK
2026-09-29T10:24:18.331Z,22913.170,RX,bus,-1,00013167,1,7,01 00 00 0F 03 67 31,OK
2026-09-29T10:24:18.331Z,22913.350,RX,bus,-1,00113167,1,5,01 00 00 67 31,OK
2026-09-29T10:24:18.337Z,22918.172,RX,bus,-1,000132A4,1,7,01 00 00 0F 03 A4 32,OK
2026-09-29T10:24:18.337Z,22918.365,RX,bus,-1,001132A4,1,5,01 00 00 A4 32,OK
2026-09-29T10:24:18.342Z,22923.156,RX,bus,-1,0001B218,1,7,01 00 00 0F 03 18 B2,OK
2026-09-29T10:24:18.342Z,22923.356,RX,bus,-1,0011B218,1,5,01 00 00 18 B2,OK
2026-09-29T10:24:18.347Z,22928.166,RX,bus,-1,000163A9,1,7,01 00 00 0F 03 A9 63,OK
2026-09-29T10:24:18.347Z,22928.348,RX,bus,-1,001163A9,1,5,01 00 00 A9 63,OK
2026-09-29T10:24:18.352Z,22933.202,RX,bus,-1,00014E83,1,7,01 00 00 0F 03 83 4E,OK
2026-09-29T10:24:18.352Z,22933.416,RX,bus,-1,00114E83,1,5,01 00 00 83 4E,OK
2026-09-29T10:24:18.357Z,22938.195,RX,bus,-1,0001A69F,1,7,01 00 00 0F 03 9F A6,OK
2026-09-29T10:24:18.357Z,22938.413,RX,bus,-1,0011A69F,1,5,01 00 00 9F A6,OK
2026-09-29T10:24:18.362Z,22943.148,RX,bus,-1,0001773D,1,7,01 00 00 0F 03 3D 77,OK
2026-09-29T10:24:18.362Z,22943.388,RX,bus,-1,0011773D,1,5,01 00 00 3D 77,OK
2026-09-29T10:24:18.367Z,22948.174,RX,bus,-1,0001F1A4,1,7,01 00 00 0F 03 A4 F1,OK
2026-09-29T10:24:18.367Z,22948.420,RX,bus,-1,0011F1A4,1,5,01 00 00 A4 F1,OK
2026-09-29T10:24:18.372Z,22953.634,RX,bus,-1,0001C51E,1,7,01 00 00 0F 03 1E C5,OK
2026-09-29T10:24:18.372Z,22953.738,RX,bus,-1,0011C51E,1,5,01 00 00 1E C5,OK
2026-09-29T10:24:18.377Z,22958.483,RX,bus,-1,0001C0C7,1,7,01 00 00 0F 03 C7 C0,OK
2026-09-29T10:24:18.377Z,22958.574,RX,bus,-1,0011C0C7,1,5,01 00 00 C7 C0,OK
2026-09-29T10:24:18.382Z,22963.501,RX,bus,-1,0001E3C5,1,7,01 00 00 0F 03 C5 E3,OK
2026-09-29T10:24:18.382Z,22963.635,RX,bus,-1,0011E3C5,1,5,01 00 00 C5 E3,OK
2026-09-29T10:24:18.387Z,22968.452,RX,bus,-1,0001878E,1,7,01 00 00 0F 03 8E 87,OK
2026-09-29T10:24:18.387Z,22968.557,RX,bus,-1,0011878E,1,5,01 00 00 8E 87,OK
2026-09-29T10:24:18.391Z,22973.242,RX,bus,-1,00018F08,1,7,01 00 00 0F 03 08 8F,OK
2026-09-29T10:24:18.392Z,22973.450,RX,bus,-1,00118F08,1,5,01 00 00 08 8F,OK
2026-09-29T10:24:18.397Z,22978.584,RX,bus,-1,00014570,1,7,01 00 00 0F 03 70 45,OK
2026-09-29T10:24:18.397Z,22978.686,RX,bus,-1,00114570,1,5,01 00 00 70 45,OK
2026-09-29T10:24:18.402Z,22983.488,RX,bus,-1,00017BDB,1,7,01 00 00 0F 03 DB 7B,OK
2026-09-29T10:24:18.402Z,22983.620,RX,bus,-1,00117BDB,1,5,01 00 00 DB 7B,OK
2026-09-29T10:24:18.407Z,22988.426,RX,bus,-1,0001716F,1,7,01 00 00 0F 03 6F 71,OK
2026-09-29T10:24:18.407Z,22988.528,RX,bus,-1,0011716F,1,5,01 00 00 6F 71,OK
2026-09-29T10:24:18.412Z,22993.665,RX,bus,-1,000168FA,1,7,01 00 00 0F 03 FA 68,OK
2026-09-29T10:24:18.412Z,22993.757,RX,bus,-1,001168FA,1,5,01 00 00 FA 68,OK
2026-09-29T10:24:18.417Z,22998.746,RX,bus,-1,00011FCB,1,7,01 00 00 0F 03 CB 1F,OK
2026-09-29T10:24:18.417Z,22998.844,RX,bus,-1,00111FCB,1,5,01 00 00 CB 1F,OK
2026-09-29T10:24:18.422Z,23003.688,RX,bus,-1,0001A954,1,7,01 00 00 0F 03 54 A9,OK
2026-09-29T10:24:18.422Z,23003.781,RX,bus,-1,0011A954,1,5,01 00 00 54 A9,OK
2026-09-29T10:24:18.427Z,23008.698,RX,bus,-1,00019D53,1,7,01 00 00 0F 03 53 9D,OK
2026-09-29T10:24:18.427Z,23008.793,RX,bus,-1,00119D53,1,5,01 00 00 53 9D,OK
2026-09-29T10:24:18.432Z,23013.297,RX,bus,-1,0001DA09,1,7,01 00 00 0F 03 09 DA,OK
2026-09-29T10:24:18.432Z,23013.393,RX,bus,-1,0011DA09,1,5,01 00 00 09 DA,OK
2026-09-29T10:24:18.437Z,23018.215,RX,bus,-1,0001CEE7,1,7,01 00 00 0F 03 E7 CE,OK
2026-09-29T10:24:18.437Z,23018.409,RX,bus,-1,0011CEE7,1,5,01 00 00 E7 CE,OK
2026-09-29T10:24:18.442Z,23023.240,RX,bus,-1,00015380,1,7,01 00 00 0F 03 80 53,OK
2026-09-29T10:24:18.442Z,23023.439,RX,bus,-1,00115380,1,5,01 00 00 80 53,OK
2026-09-29T10:24:18.447Z,23028.321,RX,bus,-1,0001282D,1,7,01 00 00 0F 03 2D 28,OK
2026-09-29T10:24:18.447Z,23028.413,RX,bus,-1,0011282D,1,5,01 00 00 2D 28,OK
2026-09-29T10:24:18.452Z,23033.238,RX,bus,-1,00013CD8,1,7,01 00 00 0F 03 D8 3C,OK
2026-09-29T10:24:18.452Z,23033.470,RX,bus,-1,00113CD8,1,5,01 00 00 D8 3C,OK
2026-09-29T10:24:18.457Z,23038.229,RX,bus,-1,0001A378,1,7,01 00 00 0F 03 78 A3,OK
2026-09-29T10:24:18.457Z,23038.443,RX,bus,-1,0011A378,1,5,01 00 00 78 A3,OK
2026-09-29T10:24:18.462Z,23043.291,RX,bus,-1,00015AC3,1,7,01 00 00 0F 03 C3 5A,OK
2026-09-29T10:24:18.462Z,23043.386,RX,bus,-1,00115AC3,1,5,01 00 00 C3 5A,OK
2026-09-29T10:24:18.466Z,23048.247,RX,bus,-1,0001697F,1,7,01 00 00 0F 03 7F 69,OK
2026-09-29T10:24:18.466Z,23048.360,RX,bus,-1,0011697F,1,5,01 00 00 7F 69,OK
2026-09-29T10:24:18.472Z,23053.274,RX,bus,-1,0001DE8F,1,7,01 00 00 0F 03 8F DE,OK
2026-09-29T10:24:18.472Z,23053.461,RX,bus,-1,0011DE8F,1,5,01 00 00 8F DE,OK
2026-09-29T10:24:18.477Z,23058.780,RX,bus,-1,00010E55,1,7,01 00 00 0F 03 55 0E,OK
2026-09-29T10:24:18.477Z,23058.874,RX,bus,-1,00110E55,1,5,01 00 00 55 0E,OK
2026-09-29T10:24:18.482Z,23063.207,RX,bus,-1,000133E6,1,7,01 00 00 0F 03 E6 33,OK
2026-09-29T10:24:18.482Z,23063.456,RX,bus,-1,001133E6,1,5,01 00 00 E6 33,OK
2026-09-29T10:24:18.486Z,23068.244,RX,bus,-1,000191BB,1,7,01 00 00 0F 03 BB 91,OK
2026-09-29T10:24:18.486Z,23068.401,RX,bus,-1,001191BB,1,5,01 00 00 BB 91,OK
2026-09-29T10:24:18.491Z,23073.173,RX,bus,-1,0001078E,1,7,01 00 00 0F 03 8E 07,OK
2026-09-29T10:24:18.491Z,23073.410,RX,bus,-1,0011078E,1,5,01 00 00 8E 07,OK
2026-09-29T10:24:18.496Z,23078.185,RX,bus,-1,000107C3,1,7,01 00 00 0F 03 C3 07,OK
2026-09-29T10:24:18.496Z,23078.428,RX,bus,-1,001107C3,1,5,01 00 00 C3 07,OK
2026-09-29T10:24:18.501Z,23083.183,RX,bus,-1,00017B2D,1,7,01 00 00 0F 03 2D 7B,OK
2026-09-29T10:24:18.501Z,23083.424,RX,bus,-1,00117B2D,1,5,01 00 00 2D 7B,OK
2026-09-29T10:24:18.506Z,23088.184,RX,bus,-1,00019B66,1,7,01 00 00 0F 03 66 9B,OK
2026-09-29T10:24:18.506Z,23088.421,RX,bus,-1,00119B66,1,5,01 00 00 66 9B,OK
2026-09-29T10:24:18.512Z,23093.186,RX,bus,-1,0001FDE0,1,7,01 00 00 0F 03 E0 FD,OK
2026-09-29T10:24:18.512Z,23093.432,RX,bus,-1,0011FDE0,1,5,01 00 00 E0 FD,OK
2026-09-29T10:24:18.517Z,23098.184,RX,bus,-1,00013F73,1,7,01 00 00 0F 03 73 3F,OK
2026-09-29T10:24:18.517Z,23098.410,RX,bus,-1,00113F73,1,5,01 00 00 73 3F,OK
2026-09-29T10:24:18.522Z,23103.698,RX,bus,-1,00017728,1,7,01 00 00 0F 03 28 77,OK
2026-09-29T10:24:18.522Z,23103.793,RX,bus,-1,00117728,1,5,01 00 00 28 77,OK
2026-09-29T10:24:18.527Z,23108.307,RX,bus,-1,00010B00,1,7,01 00 00 0F 03 00 0B,OK
2026-09-29T10:24:18.527Z,23108.378,RX,bus,-1,00110B00,1,5,01 00 00 00 0B,OK
2026-09-29T10:24:18.532Z,23113.383,RX,bus,-1,00013971,1,7,01 00 00 0F 03 71 39,OK
2026-09-29T10:24:18.532Z,23113.455,RX,bus,-1,00113971,1,5,01 00 00 71 39,OK
2026-09-29T10:24:18.537Z,23118.152,RX,bus,-1,0001814B,1,7,01 00 00 0F 03 4B 81,OK
2026-09-29T10:24:18.537Z,23118.388,RX,bus,-1,0011814B,1,5,01 00 00 4B 81,OK
2026-09-29T10:24:18.542Z,23123.143,RX,bus,-1,0001BB49,1,7,01 00 00 0F 03 49 BB,OK
2026-09-29T10:24:18.542Z,23123.385,RX,bus,-1,0011BB49,1,5,01 00 00 49 BB,OK
2026-09-29T10:24:18.547Z,23128.144,RX,bus,-1,0001C9A6,1,7,01 00 00 0F 03 A6 C9,OK
2026-09-29T10:24:18.547Z,23128.363,RX,bus,-1,0011C9A6,1,5,01 00 00 A6 C9,OK
2026-09-29T10:24:18.552Z,23133.143,RX,bus,-1,000149FE,1,7,01 00 00 0F 03 FE 49,OK
2026-09-29T10:24:18.552Z,23133.379,RX,bus,-1,001149FE,1,5,01 00 00 FE 49,OK
2026-09-29T10:24:18.557Z,23138.145,RX,bus,-1,000106E6,1,7,01 00 00 0F 03 E6 06,OK
2026-09-29T10:24:18.557Z,23138.388,RX,bus,-1,001106E6,1,5,01 00 00 E6 06,OK
2026-09-29T10:24:18.562Z,23143.144,RX,bus,-1,0001AA38,1,7,01 00 00 0F 03 38 AA,OK
2026-09-29T10:24:18.562Z,23143.383,RX,bus,-1,0011AA38,1,5,01 00 00 38 AA,OK
2026-09-29T10:24:18.567Z,23148.147,RX,bus,-1,0001EA73,1,7,01 00 00 0F 03 73 EA,OK
2026-09-29T10:24:18.567Z,23148.362,RX,bus,-1,0011EA73,1,5,01 00 00 73 EA,OK
2026-09-29T10:24:18.572Z,23153.336,RX,bus,-1,000102CF,1,7,01 00 00 0F 03 CF 02,OK
2026-09-29T10:24:18.572Z,23153.380,RX,bus,-1,001102CF,1,5,01 00 00 CF 02,OK
2026-09-29T10:24:18.577Z,23158.186,RX,bus,-1,0001B5DC,1,7,01 00 00 0F 03 DC B5,OK
2026-09-29T10:24:18.577Z,23158.378,RX,bus,-1,0011B5DC,1,5,01 00 00 DC B5,OK
2026-09-29T10:24:18.582Z,23163.383,RX,bus,-1,000107E9,1,7,01 00 00 0F 03 E9 07,OK
2026-09-29T10:24:18.582Z,23163.452,RX,bus,-1,001107E9,1,5,01 00 00 E9 07,OK
2026-09-29T10:24:18.587Z,23168.378,RX,bus,-1,000186AA,1,7,01 00 00 0F 03 AA 86,OK
2026-09-29T10:24:18.587Z,23168.462,RX,bus,-1,001186AA,1,5,01 00 00 AA 86,OK
2026-09-29T10:24:18.592Z,23173.304,RX,bus,-1,00018026,1,7,01 00 00 0F 03 26 80,OK
2026-09-29T10:24:18.592Z,23173.375,RX,bus,-1,00118026,1,5,01 00 00 26 80,OK
2026-09-29T10:24:18.597Z,23178.362,RX,bus,-1,000182C2,1,7,01 00 00 0F 03 C2 82,OK
2026-09-29T10:24:18.597Z,23178.448,RX,bus,-1,001182C2,1,5,01 00 00 C2 82,OK
2026-09-29T10:24:18.602Z,23183.358,RX,bus,-1,00018769,1,7,01 00 00 0F 03 69 87,OK
2026-09-29T10:24:18.602Z,23183.427,RX,bus,-1,00118769,1,5,01 00 00 69 87,OK
2026-09-29T10:24:18.607Z,23188.395,RX,bus,-1,00017C95,1,7,01 00 00 0F 03 95 7C,OK
2026-09-29T10:24:18.607Z,23188.478,RX,bus,-1,00117C95,1,5,01 00 00 95 7C,OK
2026-09-29T10:24:18.612Z,23193.411,RX,bus,-1,00013E75,1,7,01 00 00 0F 03 75 3E,OK
2026-09-29T10:24:18.612Z,23193.460,RX,bus,-1,00113E75,1,5,01 00 00 75 3E,OK
2026-09-29T10:24:18.616Z,23198.295,RX,bus,-1,0001B4F0,1,7,01 00 00 0F 03 F0 B4,OK
2026-09-29T10:24:18.616Z,23198.381,RX,bus,-1,0011B4F0,1,5,01 00 00 F0 B4,OK
2026-09-29T10:24:18.622Z,23203.153,RX,bus,-1,0001687B,1,7,01 00 00 0F 03 7B 68,OK
2026-09-29T10:24:18.622Z,23203.391,RX,bus,-1,0011687B,1,5,01 00 00 7B 68,OK
2026-09-29T10:24:18.627Z,23208.143,RX,bus,-1,0001552A,1,7,01 00 00 0F 03 2A 55,OK
2026-09-29T10:24:18.627Z,23208.387,RX,bus,-1,0011552A,1,5,01 00 00 2A 55,OK
2026-09-29T10:24:18.632Z,23213.114,RX,bus,-1,00011752,1,7,01 00 00 0F 03 52 17,OK
2026-09-29T10:24:18.632Z,23213.362,RX,bus,-1,00111752,1,5,01 00 00 52 17,OK
2026-09-29T10:24:18.637Z,23218.328,RX,bus,-1,00013F04,1,7,01 00 00 0F 03 04 3F,OK
2026-09-29T10:24:18.637Z,23218.386,RX,bus,-1,00113F04,1,5,01 00 00 04 3F,OK
2026-09-29T10:24:18.642Z,23223.338,RX,bus,-1,0001FCE7,1,7,01 00 00 0F 03 E7 FC,OK
2026-09-29T10:24:18.642Z,23223.414,RX,bus,-1,0011FCE7,1,5,01 00 00 E7 FC,OK
2026-09-29T10:24:18.647Z,23228.301,RX,bus,-1,0001F872,1,7,01 00 00 0F 03 72 F8,OK
2026-09-29T10:24:18.647Z,23228.344,RX,bus,-1,0011F872,1,5,01 00 00 72 F8,OK
2026-09-29T10:24:18.652Z,23233.372,RX,bus,-1,00016C2B,1,7,01 00 00 0F 03 2B 6C,OK
2026-09-29T10:24:18.652Z,23233.445,RX,bus,-1,00116C2B,1,5,01 00 00 2B 6C,OK
2026-09-29T10:24:18.657Z,23238.274,RX,bus,-1,00010029,1,7,01 00 00 0F 03 29 00,OK
2026-09-29T10:24:18.657Z,23238.323,RX,bus,-1,00110029,1,5,01 00 00 29 00,OK
2026-09-29T10:24:18.662Z,23243.342,RX,bus,-1,0001318C,1,7,01 00 00 0F 03 8C 31,OK
2026-09-29T10:24:18.662Z,23243.427,RX,bus,-1,0011318C,1,5,01 00 00 8C 31,OK
2026-09-29T10:24:18.666Z,23248.272,RX,bus,-1,00019CA9,1,7,01 00 00 0F 03 A9 9C,OK
2026-09-29T10:24:18.666Z,23248.358,RX,bus,-1,00119CA9,1,5,01 00 00 A9 9C,OK
2026-09-29T10:24:18.672Z,23253.212,RX,bus,-1,000126B8,1,7,01 00 00 0F 03 B8 26,OK
2026-09-29T10:24:18.672Z,23253.357,RX,bus,-1,001126B8,1,5,01 00 00 B8 26,OK
2026-09-29T10:24:18.677Z,23258.115,RX,bus,-1,00013217,1,7,01 00 00 0F 03 17 32,OK
2026-09-29T10:24:18.677Z,23258.356,RX,bus,-1,00113217,1,5,01 00 00 17 32,OK
2026-09-29T10:24:18.682Z,23263.113,RX,bus,-1,00012739,1,7,01 00 00 0F 03 39 27,OK
2026-09-29T10:24:18.682Z,23263.355,RX,bus,-1,00112739,1,5,01 00 00 39 27,OK
2026-09-29T10:24:18.687Z,23268.121,RX,bus,-1,00018024,1,7,01 00 00 0F 03 24 80,OK
2026-09-29T10:24:18.687Z,23268.365,RX,bus,-1,00118024,1,5,01 00 00 24 80,OK
2026-09-29T10:24:18.692Z,23273.119,RX,bus,-1,0001CB33,1,7,01 00 00 0F 03 33 CB,OK
2026-09-29T10:24:18.692Z,23273.366,RX,bus,-1,0011CB33,1,5,01 00 00 33 CB,OK
2026-09-29T10:24:18.697Z,23278.304,RX,bus,-1,000193D9,1,7,01 00 00 0F 03 D9 93,OK
2026-09-29T10:24:18.697Z,23278.349,RX,bus,-1,001193D9,1,5,01 00 00 D9 93,OK
2026-09-29T10:24:18.702Z,23283.117,RX,bus,-1,0001CB40,1,7,01 00 00 0F 03 40 CB,OK
2026-09-29T10:24:18.702Z,23283.359,RX,bus,-1,0011CB40,1,5,01 00 00 40 CB,OK
2026-09-29T10:24:18.707Z,23288.119,RX,bus,-1,0001C1F6,1,7,01 00 00 0F 03 F6 C1,OK
2026-09-29T10:24:18.707Z,23288.362,RX,bus,-1,0011C1F6,1,5,01 00 00 F6 C1,OK
2026-09-29T10:24:18.712Z,23293.127,RX,bus,-1,00018448,1,7,01 00 00 0F 03 48 84,OK
2026-09-29T10:24:18.712Z,23293.360,RX,bus,-1,00118448,1,5,01 00 00 48 84,OK
2026-09-29T10:24:18.717Z,23298.115,RX,bus,-1,0001CD50,1,7,01 00 00 0F 03 50 CD,OK
2026-09-29T10:24:18.717Z,23298.359,RX,bus,-1,0011CD50,1,5,01 00 00 50 CD,OK
2026-09-29T10:24:18.722Z,23303.333,RX,bus,-1,000153C6,1,7,01 00 00 0F 03 C6 53,OK
2026-09-29T10:24:18.722Z,23303.390,RX,bus,-1,001153C6,1,5,01 00 00 C6 53,OK
2026-09-29T10:24:18.727Z,23308.326,RX,bus,-1,00012D50,1,7,01 00 00 0F 03 50 2D,OK
2026-09-29T10:24:18.727Z,23308.390,RX,bus,-1,00112D50,1,5,01 00 00 50 2D,OK
2026-09-29T10:24:18.732Z,23313.287,RX,bus,-1,000140CD,1,7,01 00 00 0F 03 CD 40,OK
2026-09-29T10:24:18.732Z,23313.367,RX,bus,-1,001140CD,1,5,01 00 00 CD 40,OK
2026-09-29T10:24:18.736Z,23318.168,RX,bus,-1,0001C77A,1,7,01 00 00 0F 03 7A C7,OK
2026-09-29T10:24:18.736Z,23318.357,RX,bus,-1,0011C77A,1,5,01 00 00 7A C7,OK
2026-09-29T10:24:18.741Z,23323.391,RX,bus,-1,0001DFDB,1,7,01 00 00 0F 03 DB DF,OK
2026-09-29T10:24:18.741Z,23323.435,RX,bus,-1,0011DFDB,1,5,01 00 00 DB DF,OK
2026-09-29T10:24:18.746Z,23328.405,RX,bus,-1,00010FAC,1,7,01 00 00 0F 03 AC 0F,OK
2026-09-29T10:24:18.746Z,23328.451,RX,bus,-1,00110FAC,1,5,01 00 00 AC 0F,OK
2026-09-29T10:24:18.751Z,23333.166,RX,bus,-1,0001B332,1,7,01 00 00 0F 03 32 B3,OK
2026-09-29T10:24:18.751Z,23333.362,RX,bus,-1,0011B332,1,5,01 00 00 32 B3,OK
2026-09-29T10:24:18.756Z,23338.207,RX,bus,-1,0001E572,1,7,01 00 00 0F 03 72 E5,OK
2026-09-29T10:24:18.756Z,23338.361,RX,bus,-1,0011E572,1,5,01 00 00 72 E5,OK
2026-09-29T10:24:18.761Z,23343.123,RX,bus,-1,0001FF4D,1,7,01 00 00 0F 03 4D FF,OK
2026-09-29T10:24:18.761Z,23343.355,RX,bus,-1,0011FF4D,1,5,01 00 00 4D FF,OK
2026-09-29T10:24:18.766Z,23348.123,RX,bus,-1,000101A8,1,7,01 00 00 0F 03 A8 01,OK
2026-09-29T10:24:18.766Z,23348.348,RX,bus,-1,001101A8,1,5,01 00 00 A8 01,OK
2026-09-29T10:24:18.772Z,23353.267,RX,bus,-1,00016AB6,1,7,01 00 00 0F 03 B6 6A,OK
2026-09-29T10:24:18.772Z,23353.364,RX,bus,-1,00116AB6,1,5,01 00 00 B6 6A,OK
2026-09-29T10:24:18.777Z,23358.291,RX,bus,-1,00016E36,1,7,01 00 00 0F 03 36 6E,OK
2026-09-29T10:24:18.777Z,23358.379,RX,bus,-1,00116E36,1,5,01 00 00 36 6E,OK
2026-09-29T10:24:18.782Z,23363.249,RX,bus,-1,0001423C,1,7,01 00 00 0F 03 3C 42,OK
2026-09-29T10:24:18.782Z,23363.356,RX,bus,-1,0011423C,1,5,01 00 00 3C 42,OK
2026-09-29T10:24:18.787Z,23368.284,RX,bus,-1,0001C6B2,1,7,01 00 00 0F 03 B2 C6,OK
2026-09-29T10:24:18.787Z,23368.327,RX,bus,-1,0011C6B2,1,5,01 00 00 B2 C6,OK
2026-09-29T10:24:18.792Z,23373.309,RX,bus,-1,0001DE5E,1,7,01 00 00 0F 03 5E DE,OK
2026-09-29T10:24:18.792Z,23373.354,RX,bus,-1,0011DE5E,1,5,01 00 00 5E DE,OK
2026-09-29T10:24:18.797Z,23378.170,RX,bus,-1,0001C72B,1,7,01 00 00 0F 03 2B C7,OK
2026-09-29T10:24:18.797Z,23378.351,RX,bus,-1,0011C72B,1,5,01 00 00 2B C7,OK
2026-09-29T10:24:18.802Z,23383.267,RX,bus,-1,0001D06C,1,7,01 00 00 0F 03 6C D0,OK
2026-09-29T10:24:18.802Z,23383.365,RX,bus,-1,0011D06C,1,5,01 00 00 6C D0,OK
2026-09-29T10:24:18.807Z,23388.307,RX,bus,-1,0001FB67,1,7,01 00 00 0F 03 67 FB,OK
2026-09-29T10:24:18.807Z,23388.377,RX,bus,-1,0011FB67,1,5,01 00 00 67 FB,OK
2026-09-29T10:24:18.812Z,23393.277,RX,bus,-1,000189A5,1,7,01 00 00 0F 03 A5 89,OK
2026-09-29T10:24:18.812Z,23393.325,RX,bus,-1,001189A5,1,5,01 00 00 A5 89,OK
2026-09-29T10:24:18.817Z,23398.291,RX,bus,-1,0001CF60,1,7,01 00 00 0F 03 60 CF,OK
2026-09-29T10:24:18.817Z,23398.347,RX,bus,-1,0011CF60,1,5,01 00 00 60 CF,OK
2026-09-29T10:24:18.821Z,23403.126,RX,bus,-1,0001F45C,1,7,01 00 00 0F 03 5C F4,OK
2026-09-29T10:24:18.821Z,23403.355,RX,bus,-1,0011F45C,1,5,01 00 00 5C F4,OK
2026-09-29T10:24:18.826Z,23408.100,RX,bus,-1,000112BB,1,7,01 00 00 0F 03 BB 12,OK
2026-09-29T10:24:18.826Z,23408.342,RX,bus,-1,001112BB,1,5,01 00 00 BB 12,OK
2026-09-29T10:24:18.831Z,23413.094,RX,bus,-1,0001EAF2,1,7,01 00 00 0F 03 F2 EA,OK
2026-09-29T10:24:18.831Z,23413.328,RX,bus,-1,0011EAF2,1,5,01 00 00 F2 EA,OK
2026-09-29T10:24:18.837Z,23418.103,RX,bus,-1,00012B95,1,7,01 00 00 0F 03 95 2B,OK
2026-09-29T10:24:18.837Z,23418.364,RX,bus,-1,00112B95,1,5,01 00 00 95 2B,OK
2026-09-29T10:24:18.842Z,23423.091,RX,bus,-1,0001AA1A,1,7,01 00 00 0F 03 1A AA,OK
2026-09-29T10:24:18.842Z,23423.328,RX,bus,-1,0011AA1A,1,5,01 00 00 1A AA,OK
2026-09-29T10:24:18.847Z,23428.107,RX,bus,-1,0001F9D8,1,7,01 00 00 0F 03 D8 F9,OK
2026-09-29T10:24:18.847Z,23428.371,RX,bus,-1,0011F9D8,1,5,01 00 00 D8 F9,OK
2026-09-29T10:24:18.852Z,23433.169,RX,bus,-1,00019BCC,1,7,01 00 00 0F 03 CC 9B,OK
2026-09-29T10:24:18.852Z,23433.350,RX,bus,-1,00119BCC,1,5,01 00 00 CC 9B,OK
2026-09-29T10:24:18.857Z,23438.139,RX,bus,-1,00019AF9,1,7,01 00 00 0F 03 F9 9A,OK
2026-09-29T10:24:18.857Z,23438.342,RX,bus,-1,00119AF9,1,5,01 00 00 F9 9A,OK
2026-09-29T10:24:18.862Z,23443.111,RX,bus,-1,000131D4,1,7,01 00 00 0F 03 D4 31,OK
2026-09-29T10:24:18.862Z,23443.325,RX,bus,-1,001131D4,1,5,01 00 00 D4 31,OK
2026-09-29T10:24:18.867Z,23448.106,RX,bus,-1,000112C7,1,7,01 00 00 0F 03 C7 12,OK
2026-09-29T10:24:18.867Z,23448.339,RX,bus,-1,001112C7,1,5,01 00 00 C7 12,OK
2026-09-29T10:24:18.871Z,23453.249,RX,bus,-1,000162CF,1,7,01 00 00 0F 03 CF 62,OK
2026-09-29T10:24:18.871Z,23453.329,RX,bus,-1,001162CF,1,5,01 00 00 CF 62,OK
2026-09-29T10:24:18.877Z,23458.385,RX,bus,-1,00013CB5,1,7,01 00 00 0F 03 B5 3C,OK
2026-09-29T10:24:18.877Z,23458.431,RX,bus,-1,00113CB5,1,5,01 00 00 B5 3C,OK
2026-09-29T10:24:18.881Z,23463.341,RX,bus,-1,00019A2D,1,7,01 00 00 0F 03 2D 9A,OK
2026-09-29T10:24:18.882Z,23463.396,RX,bus,-1,00119A2D,1,5,01 00 00 2D 9A,OK
2026-09-29T10:24:18.887Z,23468.405,RX,bus,-1,0001D9CF,1,7,01 00 00 0F 03 CF D9,OK
2026-09-29T10:24:18.887Z,23468.450,RX,bus,-1,0011D9CF,1,5,01 00 00 CF D9,OK
2026-09-29T10:24:18.891Z,23473.247,RX,bus,-1,0001475D,1,7,01 00 00 0F 03 5D 47,OK
2026-09-29T10:24:18.891Z,23473.330,RX,bus,-1,0011475D,1,5,01 00 00 5D 47,OK
2026-09-29T10:24:18.896Z,23478.237,RX,bus,-1,0001F22C,1,7,01 00 00 0F 03 2C F2,OK
2026-09-29T10:24:18.896Z,23478.324,RX,bus,-1,0011F22C,1,5,01 00 00 2C F2,OK
2026-09-29T10:24:18.901Z,23483.239,RX,bus,-1,00015A54,1,7,01 00 00 0F 03 54 5A,OK
2026-09-29T10:24:18.901Z,23483.327,RX,bus,-1,00115A54,1,5,01 00 00 54 5A,OK
2026-09-29T10:24:18.906Z,23488.163,RX,bus,-1,0001D5A0,1,7,01 00 00 0F 03 A0 D5,OK
2026-09-29T10:24:18.906Z,23488.327,RX,bus,-1,0011D5A0,1,5,01 00 00 A0 D5,OK
2026-09-29T10:24:18.911Z,23493.172,RX,bus,-1,00018F14,1,7,01 00 00 0F 03 14 8F,OK
2026-09-29T10:24:18.911Z,23493.328,RX,bus,-1,00118F14,1,5,01 00 00 14 8F,OK
2026-09-29T10:24:18.916Z,23498.258,RX,bus,-1,000199FF,1,7,01 00 00 0F 03 FF 99,OK
2026-09-29T10:24:18.916Z,23498.335,RX,bus,-1,001199FF,1,5,01 00 00 FF 99,OK
2026-09-29T10:24:18.922Z,23503.256,RX,bus,-1,0001D7D5,1,7,01 00 00 0F 03 D5 D7,OK
2026-09-29T10:24:18.922Z,23503.328,RX,bus,-1,0011D7D5,1,5,01 00 00 D5 D7,OK
2026-09-29T10:24:18.927Z,23508.200,RX,bus,-1,00015A2E,1,7,01 00 00 0F 03 2E 5A,OK
2026-09-29T10:24:18.927Z,23508.330,RX,bus,-1,00115A2E,1,5,01 00 00 2E 5A,OK
2026-09-29T10:24:18.932Z,23513.172,RX,bus,-1,0001E103,1,7,01 00 00 0F 03 03 E1,OK
2026-09-29T10:24:18.932Z,23513.331,RX,bus,-1,0011E103,1,5,01 00 00 03 E1,OK
2026-09-29T10:24:18.937Z,23518.257,RX,bus,-1,00016BD3,1,7,01 00 00 0F 03 D3 6B,OK
2026-09-29T10:24:18.937Z,23518.394,RX,bus,-1,00116BD3,1,5,01 00 00 D3 6B,OK
2026-09-29T10:24:18.942Z,23523.272,RX,bus,-1,0001FC2C,1,7,01 00 00 0F 03 2C FC,OK
2026-09-29T10:24:18.942Z,23523.347,RX,bus,-1,0011FC2C,1,5,01 00 00 2C FC,OK
2026-09-29T10:24:18.947Z,23528.308,RX,bus,-1,00015A5E,1,7,01 00 00 0F 03 5E 5A,OK
2026-09-29T10:24:18.947Z,23528.369,RX,bus,-1,00115A5E,1,5,01 00 00 5E 5A,OK
2026-09-29T10:24:18.952Z,23533.255,RX,bus,-1,0001569A,1,7,01 00 00 0F 03 9A 56,OK
2026-09-29T10:24:18.952Z,23533.362,RX,bus,-1,0011569A,1,5,01 00 00 9A 56,OK
2026-09-29T10:24:18.957Z,23538.269,RX,bus,-1,000144D1,1,7,01 00 00 0F 03 D1 44,OK
2026-09-29T10:24:18.957Z,23538.380,RX,bus,-1,001144D1,1,5,01 00 00 D1 44,OK
2026-09-29T10:24:18.962Z,23543.251,RX,bus,-1,0001D21E,1,7,01 00 00 0F 03 1E D2,OK
2026-09-29T10:24:18.962Z,23543.335,RX,bus,-1,0011D21E,1,5,01 00 00 1E D2,OK
2026-09-29T10:24:18.966Z,23548.241,RX,bus,-1,00013462,1,7,01 00 00 0F 03 62 34,OK
2026-09-29T10:24:18.966Z,23548.328,RX,bus,-1,00113462,1,5,01 00 00 62 34,OK
2026-09-29T10:24:18.972Z,23553.082,RX,bus,-1,00017A64,1,7,01 00 00 0F 03 64 7A,OK
2026-09-29T10:24:18.972Z,23553.328,RX,bus,-1,00117A64,1,5,01 00 00 64 7A,OK
2026-09-29T10:24:18.977Z,23558.107,RX,bus,-1,000104F0,1,7,01 00 00 0F 03 F0 04,OK
2026-09-29T10:24:18.977Z,23558.326,RX,bus,-1,001104F0,1,5,01 00 00 F0 04,OK
2026-09-29T10:24:18.982Z,23563.079,RX,bus,-1,0001EAC7,1,7,01 00 00 0F 03 C7 EA,OK
2026-09-29T10:24:18.982Z,23563.327,RX,bus,-1,0011EAC7,1,5,01 00 00 C7 EA,OK
2026-09-29T10:24:18.987Z,23568.082,RX,bus,-1,000190E4,1,7,01 00 00 0F 03 E4 90,OK
2026-09-29T10:24:18.987Z,23568.327,RX,bus,-1,001190E4,1,5,01 00 00 E4 90,OK
2026-09-29T10:24:18.992Z,23573.079,RX,bus,-1,00016076,1,7,01 00 00 0F 03 76 60,OK
2026-09-29T10:24:18.992Z,23573.322,RX,bus,-1,00116076,1,5,01 00 00 76 60,OK
2026-09-29T10:24:18.997Z,23578.079,RX,bus,-1,0001C0F3,1,7,01 00 00 0F 03 F3 C0,OK
2026-09-29T10:24:18.997Z,23578.344,RX,bus,-1,0011C0F3,1,5,01 00 00 F3 C0,OK
2026-09-29T10:24:19.002Z,23583.100,RX,bus,-1,00012272,1,7,01 00 00 0F 03 72 22,OK
2026-09-29T10:24:19.002Z,23583.330,RX,bus,-1,00112272,1,5,01 00 00 72 22,OK
2026-09-29T10:24:19.007Z,23588.057,RX,bus,-1,000114E4,1,7,01 00 00 0F 03 E4 14,OK
2026-09-29T10:24:19.007Z,23588.311,RX,bus,-1,001114E4,1,5,01 00 00 E4 14,OK
2026-09-29T10:24:19.012Z,23593.081,RX,bus,-1,0001C4A5,1,7,01 00 00 0F 03 A5 C4,OK
2026-09-29T10:24:19.012Z,23593.325,RX,bus,-1,0011C4A5,1,5,01 00 00 A5 C4,OK
2026-09-29T10:24:19.017Z,23598.097,RX,bus,-1,00013134,1,7,01 00 00 0F 03 34 31,OK
2026-09-29T10:24:19.017Z,23598.324,RX,bus,-1,00113134,1,5,01 00 00 34 31,OK
2026-09-29T10:24:19.021Z,23603.286,RX,bus,-1,00010D2B,1,7,01 00 00 0F 03 2B 0D,OK
2026-09-29T10:24:19.021Z,23603.334,RX,bus,-1,00110D2B,1,5,01 00 00 2B 0D,OK
2026-09-29T10:24:19.026Z,23608.332,RX,bus,-1,00015660,1,7,01 00 00 0F 03 60 56,OK
2026-09-29T10:24:19.027Z,23608.382,RX,bus,-1,00115660,1,5,01 00 00 60 56,OK
2026-09-29T10:24:19.031Z,23613.294,RX,bus,-1,0001FE7B,1,7,01 00 00 0F 03 7B FE,OK
2026-09-29T10:24:19.031Z,23613.340,RX,bus,-1,0011FE7B,1,5,01 00 00 7B FE,OK
2026-09-29T10:24:19.037Z,23618.088,RX,bus,-1,0001F51E,1,7,01 00 00 0F 03 1E F5,OK
2026-09-29T10:24:19.037Z,23618.327,RX,bus,-1,0011F51E,1,5,01 00 00 1E F5,OK
2026-09-29T10:24:19.042Z,23623.152,RX,bus,-1,00019B15,1,7,01 00 00 0F 03 15 9B,OK
2026-09-29T10:24:19.042Z,23623.306,RX,bus,-1,00119B15,1,5,01 00 00 15 9B,OK
2026-09-29T10:24:19.047Z,23628.159,RX,bus,-1,00018FB8,1,7,01 00 00 0F 03 B8 8F,OK
2026-09-29T10:24:19.047Z,23628.330,RX,bus,-1,00118FB8,1,5,01 00 00 B8 8F,OK
2026-09-29T10:24:19.052Z,23633.139,RX,bus,-1,00012AE6,1,7,01 00 00 0F 03 E6 2A,OK
2026-09-29T10:24:19.052Z,23633.334,RX,bus,-1,00112AE6,1,5,01 00 00 E6 2A,OK
2026-09-29T10:24:19.057Z,23638.179,RX,bus,-1,0001DB7B,1,7,01 00 00 0F 03 7B DB,OK
2026-09-29T10:24:19.057Z,23638.358,RX,bus,-1,0011DB7B,1,5,01 00 00 7B DB,OK
2026-09-29T10:24:19.062Z,23643.193,RX,bus,-1,0001907B,1,7,01 00 00 0F 03 7B 90,OK
2026-09-29T10:24:19.062Z,23643.329,RX,bus,-1,0011907B,1,5,01 00 00 7B 90,OK
2026-09-29T10:24:19.067Z,23648.153,RX,bus,-1,000179CF,1,7,01 00 00 0F 03 CF 79,OK
2026-09-29T10:24:19.067Z,23648.331,RX,bus,-1,001179CF,1,5,01 00 00 CF 79,OK
2026-09-29T10:24:19.071Z,23653.123,RX,bus,-1,00012FB5,1,7,01 00 00 0F 03 B5 2F,OK
2026-09-29T10:24:19.071Z,23653.362,RX,bus,-1,00112FB5,1,5,01 00 00 B5 2F,OK
2026-09-29T10:24:19.076Z,23658.354,RX,bus,-1,00013B72,1,7,01 00 00 0F 03 72 3B,OK
2026-09-29T10:24:19.076Z,23658.404,RX,bus,-1,00113B72,1,5,01 00 00 72 3B,OK
2026-09-29T10:24:19.081Z,23663.116,RX,bus,-1,000131A7,1,7,01 00 00 0F 03 A7 31,OK
2026-09-29T10:24:19.081Z,23663.311,RX,bus,-1,001131A7,1,5,01 00 00 A7 31,OK
2026-09-29T10:24:19.086Z,23668.138,RX,bus,-1,000120F1,1,7,01 00 00 0F 03 F1 20,OK
2026-09-29T10:24:19.086Z,23668.308,RX,bus,-1,001120F1,1,5,01 00 00 F1 20,OK
2026-09-29T10:24:19.091Z,23673.333,RX,bus,-1,0001C4C2,1,7,01 00 00 0F 03 C2 C4,OK
2026-09-29T10:24:19.091Z,23673.379,RX,bus,-1,0011C4C2,1,5,01 00 00 C2 C4,OK
2026-09-29T10:24:19.096Z,23678.234,RX,bus,-1,00014A4D,1,7,01 00 00 0F 03 4D 4A,OK
2026-09-29T10:24:19.096Z,23678.314,RX,bus,-1,00114A4D,1,5,01 00 00 4D 4A,OK
2026-09-29T10:24:19.101Z,23683.064,RX,bus,-1,0001C675,1,7,01 00 00 0F 03 75 C6,OK
2026-09-29T10:24:19.101Z,23683.300,RX,bus,-1,0011C675,1,5,01 00 00 75 C6,OK
2026-09-29T10:24:19.106Z,23688.063,RX,bus,-1,0001B477,1,7,01 00 00 0F 03 77 B4,OK
2026-09-29T10:24:19.106Z,23688.304,RX,bus,-1,0011B477,1,5,01 00 00 77 B4,OK
2026-09-29T10:24:19.111Z,23693.067,RX,bus,-1,0001A2EF,1,7,01 00 00 0F 03 EF A2,OK
2026-09-29T10:24:19.111Z,23693.310,RX,bus,-1,0011A2EF,1,5,01 00 00 EF A2,OK
2026-09-29T10:24:19.116Z,23698.221,RX,bus,-1,00015DFE,1,7,01 00 00 0F 03 FE 5D,OK
2026-09-29T10:24:19.116Z,23698.310,RX,bus,-1,00115DFE,1,5,01 00 00 FE 5D,OK
2026-09-29T10:24:19.122Z,23703.308,RX,bus,-1,000119A5,1,7,01 00 00 0F 03 A5 19,OK
2026-09-29T10:24:19.122Z,23703.365,RX,bus,-1,001119A5,1,5,01 00 00 A5 19,OK
2026-09-29T10:24:19.127Z,23708.271,RX,bus,-1,00014D2B,1,7,01 00 00 0F 03 2B 4D,OK
2026-09-29T10:24:19.127Z,23708.318,RX,bus,-1,00114D2B,1,5,01 00 00 2B 4D,OK
2026-09-29T10:24:19.132Z,23713.245,RX,bus,-1,00015CD1,1,7,01 00 00 0F 03 D1 5C,OK
2026-09-29T10:24:19.132Z,23713.301,RX,bus,-1,00115CD1,1,5,01 00 00 D1 5C,OK
2026-09-29T10:24:19.136Z,23718.069,RX,bus,-1,0001445F,1,7,01 00 00 0F 03 5F 44,OK
2026-09-29T10:24:19.136Z,23718.311,RX,bus,-1,0011445F,1,5,01 00 00 5F 44,OK
2026-09-29T10:24:19.141Z,23723.068,RX,bus,-1,00012FF4,1,7,01 00 00 0F 03 F4 2F,OK
2026-09-29T10:24:19.141Z,23723.315,RX,bus,-1,00112FF4,1,5,01 00 00 F4 2F,OK
2026-09-29T10:24:19.146Z,23728.067,RX,bus,-1,0001BE6B,1,7,01 00 00 0F 03 6B BE,OK
2026-09-29T10:24:19.146Z,23728.310,RX,bus,-1,0011BE6B,1,5,01 00 00 6B BE,OK
2026-09-29T10:24:19.151Z,23733.226,RX,bus,-1,0001B52D,1,7,01 00 00 0F 03 2D B5,OK
2026-09-29T10:24:19.151Z,23733.303,RX,bus,-1,0011B52D,1,5,01 00 00 2D B5,OK
2026-09-29T10:24:19.156Z,23738.063,RX,bus,-1,00019B3B,1,7,01 00 00 0F 03 3B 9B,OK
2026-09-29T10:24:19.156Z,23738.310,RX,bus,-1,00119B3B,1,5,01 00 00 3B 9B,OK
2026-09-29T10:24:19.161Z,23743.227,RX,bus,-1,0001AEE8,1,7,01 00 00 0F 03 E8 AE,OK
2026-09-29T10:24:19.161Z,23743.302,RX,bus,-1,0011AEE8,1,5,01 00 00 E8 AE,OK
2026-09-29T10:24:19.166Z,23748.067,RX,bus,-1,0001760F,1,7,01 00 00 0F 03 0F 76,OK
2026-09-29T10:24:19.166Z,23748.310,RX,bus,-1,0011760F,1,5,01 00 00 0F 76,OK
2026-09-29T10:24:19.172Z,23753.322,RX,bus,-1,00016F26,1,7,01 00 00 0F 03 26 6F,OK
2026-09-29T10:24:19.172Z,23753.392,RX,bus,-1,00116F26,1,5,01 00 00 26 6F,OK
2026-09-29T10:24:19.177Z,23758.112,RX,bus,-1,00010110,1,7,01 00 00 0F 03 10 01,OK
2026-09-29T10:24:19.177Z,23758.302,RX,bus,-1,00110110,1,5,01 00 00 10 01,OK
2026-09-29T10:24:19.182Z,23763.100,RX,bus,-1,0001836E,1,7,01 00 00 0F 03 6E 83,OK
2026-09-29T10:24:19.182Z,23763.312,RX,bus,-1,0011836E,1,5,01 00 00 6E 83,OK
2026-09-29T10:24:19.187Z,23768.282,RX,bus,-1,0001330A,1,7,01 00 00 0F 03 0A 33,OK
2026-09-29T10:24:19.187Z,23768.371,RX,bus,-1,0011330A,1,5,01 00 00 0A 33,OK
2026-09-29T10:24:19.192Z,23773.237,RX,bus,-1,00017C32,1,7,01 00 00 0F 03 32 7C,OK
2026-09-29T10:24:19.192Z,23773.324,RX,bus,-1,00117C32,1,5,01 00 00 32 7C,OK
2026-09-29T10:24:19.197Z,23778.268,RX,bus,-1,00019691,1,7,01 00 00 0F 03 91 96,OK
2026-09-29T10:24:19.197Z,23778.344,RX,bus,-1,00119691,1,5,01 00 00 91 96,OK
2026-09-29T10:24:19.202Z,23783.304,RX,bus,-1,00017425,1,7,01 00 00 0F 03 25 74,OK
2026-09-29T10:24:19.202Z,23783.356,RX,bus,-1,00117425,1,5,01 00 00 25 74,OK
2026-09-29T10:24:19.207Z,23788.309,RX,bus,-1,0001EED2,1,7,01 00 00 0F 03 D2 EE,OK
2026-09-29T10:24:19.207Z,23788.392,RX,bus,-1,0011EED2,1,5,01 00 00 D2 EE,OK
2026-09-29T10:24:19.212Z,23793.306,RX,bus,-1,000117D1,1,7,01 00 00 0F 03 D1 17,OK
2026-09-29T10:24:19.212Z,23793.374,RX,bus,-1,001117D1,1,5,01 00 00 D1 17,OK
2026-09-29T10:24:19.216Z,23798.237,RX,bus,-1,00011CED,1,7,01 00 00 0F 03 ED 1C,OK
2026-09-29T10:24:19.216Z,23798.313,RX,bus,-1,00111CED,1,5,01 00 00 ED 1C,OK
2026-09-29T10:24:19.221Z,23803.110,RX,bus,-1,0001AB77,1,7,01 00 00 0F 03 77 AB,OK
2026-09-29T10:24:19.221Z,23803.308,RX,bus,-1,0011AB77,1,5,01 00 00 77 AB,OK
2026-09-29T10:24:19.226Z,23808.068,RX,bus,-1,00019980,1,7,01 00 00 0F 03 80 99,OK
2026-09-29T10:24:19.226Z,23808.306,RX,bus,-1,00119980,1,5,01 00 00 80 99,OK
2026-09-29T10:24:19.231Z,23813.078,RX,bus,-1,0001B8FC,1,7,01 00 00 0F 03 FC B8,OK
2026-09-29T10:24:19.231Z,23813.310,RX,bus,-1,0011B8FC,1,5,01 00 00 FC B8,OK
2026-09-29T10:24:19.236Z,23818.067,RX,bus,-1,00016CD1,1,7,01 00 00 0F 03 D1 6C,OK
2026-09-29T10:24:19.236Z,23818.294,RX,bus,-1,00116CD1,1,5,01 00 00 D1 6C,OK
2026-09-29T10:24:19.242Z,23823.177,RX,bus,-1,0001316C,1,7,01 00 00 0F 03 6C 31,OK
2026-09-29T10:24:19.242Z,23823.295,RX,bus,-1,0011316C,1,5,01 00 00 6C 31,OK
2026-09-29T10:24:19.247Z,23828.162,RX,bus,-1,0001FCB7,1,7,01 00 00 0F 03 B7 FC,OK
2026-09-29T10:24:19.247Z,23828.271,RX,bus,-1,0011FCB7,1,5,01 00 00 B7 FC,OK
2026-09-29T10:24:19.252Z,23833.168,RX,bus,-1,0001395E,1,7,01 00 00 0F 03 5E 39,OK
2026-09-29T10:24:19.252Z,23833.307,RX,bus,-1,0011395E,1,5,01 00 00 5E 39,OK
2026-09-29T10:24:19.257Z,23838.189,RX,bus,-1,0001AE2E,1,7,01 00 00 0F 03 2E AE,OK
2026-09-29T10:24:19.257Z,23838.296,RX,bus,-1,0011AE2E,1,5,01 00 00 2E AE,OK
2026-09-29T10:24:19.262Z,23843.169,RX,bus,-1,0001B13D,1,7,01 00 00 0F 03 3D B1,OK
2026-09-29T10:24:19.262Z,23843.260,RX,bus,-1,0011B13D,1,5,01 00 00 3D B1,OK
2026-09-29T10:24:19.267Z,23848.146,RX,bus,-1,00017944,1,7,01 00 00 0F 03 44 79,OK
2026-09-29T10:24:19.267Z,23848.236,RX,bus,-1,00117944,1,5,01 00 00 44 79,OK
2026-09-29T10:24:19.271Z,23853.087,RX,bus,-1,0001DA43,1,7,01 00 00 0F 03 43 DA,OK
2026-09-29T10:24:19.271Z,23853.286,RX,bus,-1,0011DA43,1,5,01 00 00 43 DA,OK
2026-09-29T10:24:19.276Z,23858.311,RX,bus,-1,0001ACBA,1,7,01 00 00 0F 03 BA AC,OK
2026-09-29T10:24:19.276Z,23858.358,RX,bus,-1,0011ACBA,1,5,01 00 00 BA AC,OK
2026-09-29T10:24:19.281Z,23863.342,RX,bus,-1,0001CEA9,1,7,01 00 00 0F 03 A9 CE,OK
2026-09-29T10:24:19.281Z,23863.386,RX,bus,-1,0011CEA9,1,5,01 00 00 A9 CE,OK
2026-09-29T10:24:19.286Z,23868.305,RX,bus,-1,0001DF89,1,7,01 00 00 0F 03 89 DF,OK
2026-09-29T10:24:19.286Z,23868.350,RX,bus,-1,0011DF89,1,5,01 00 00 89 DF,OK
2026-09-29T10:24:19.291Z,23873.272,RX,bus,-1,00015B53,1,7,01 00 00 0F 03 53 5B,OK
2026-09-29T10:24:19.291Z,23873.319,RX,bus,-1,00115B53,1,5,01 00 00 53 5B,OK
2026-09-29T10:24:19.296Z,23878.069,RX,bus,-1,00013137,1,7,01 00 00 0F 03 37 31,OK
2026-09-29T10:24:19.296Z,23878.305,RX,bus,-1,00113137,1,5,01 00 00 37 31,OK
2026-09-29T10:24:19.301Z,23883.345,RX,bus,-1,0001E30A,1,7,01 00 00 0F 03 0A E3,OK
2026-09-29T10:24:19.301Z,23883.390,RX,bus,-1,0011E30A,1,5,01 00 00 0A E3,OK
2026-09-29T10:24:19.306Z,23888.038,RX,bus,-1,00013E99,1,7,01 00 00 0F 03 99 3E,OK
2026-09-29T10:24:19.306Z,23888.285,RX,bus,-1,00113E99,1,5,01 00 00 99 3E,OK
2026-09-29T10:24:19.311Z,23893.044,RX,bus,-1,000102FE,1,7,01 00 00 0F 03 FE 02,OK
2026-09-29T10:24:19.311Z,23893.285,RX,bus,-1,001102FE,1,5,01 00 00 FE 02,OK
2026-09-29T10:24:19.316Z,23898.113,RX,bus,-1,00014F75,1,7,01 00 00 0F 03 75 4F,OK
2026-09-29T10:24:19.316Z,23898.284,RX,bus,-1,00114F75,1,5,01 00 00 75 4F,OK
2026-09-29T10:24:19.322Z,23903.270,RX,bus,-1,00016A26,1,7,01 00 00 0F 03 26 6A,OK
2026-09-29T10:24:19.322Z,23903.326,RX,bus,-1,00116A26,1,5,01 00 00 26 6A,OK
2026-09-29T10:24:19.327Z,23908.248,RX,bus,-1,0001B222,1,7,01 00 00 0F 03 22 B2,OK
2026-09-29T10:24:19.327Z,23908.319,RX,bus,-1,0011B222,1,5,01 00 00 22 B2,OK
2026-09-29T10:24:19.332Z,23913.259,RX,bus,-1,0001B0B6,1,7,01 00 00 0F 03 B6 B0,OK
2026-09-29T10:24:19.332Z,23913.311,RX,bus,-1,0011B0B6,1,5,01 00 00 B6 B0,OK
2026-09-29T10:24:19.337Z,23918.186,RX,bus,-1,0001A117,1,7,01 00 00 0F 03 17 A1,OK
2026-09-29T10:24:19.337Z,23918.232,RX,bus,-1,0011A117,1,5,01 00 00 17 A1,OK
2026-09-29T10:24:19.342Z,23923.209,RX,bus,-1,0001AEC5,1,7,01 00 00 0F 03 C5 AE,OK
2026-09-29T10:24:19.342Z,23923.297,RX,bus,-1,0011AEC5,1,5,01 00 00 C5 AE,OK
2026-09-29T10:24:19.347Z,23928.207,RX,bus,-1,0001430D,1,7,01 00 00 0F 03 0D 43,OK
2026-09-29T10:24:19.347Z,23928.303,RX,bus,-1,0011430D,1,5,01 00 00 0D 43,OK
2026-09-29T10:24:19.352Z,23933.203,RX,bus,-1,0001F8DF,1,7,01 00 00 0F 03 DF F8,OK
2026-09-29T10:24:19.352Z,23933.298,RX,bus,-1,0011F8DF,1,5,01 00 00 DF F8,OK
2026-09-29T10:24:19.357Z,23938.195,RX,bus,-1,0001B918,1,7,01 00 00 0F 03 18 B9,OK
2026-09-29T10:24:19.357Z,23938.236,RX,bus,-1,0011B918,1,5,01 00 00 18 B9,OK
2026-09-29T10:24:19.362Z,23943.199,RX,bus,-1,00014B07,1,7,01 00 00 0F 03 07 4B,OK
2026-09-29T10:24:19.362Z,23943.284,RX,bus,-1,00114B07,1,5,01 00 00 07 4B,OK
2026-09-29T10:24:19.367Z,23948.199,RX,bus,-1,000196E6,1,7,01 00 00 0F 03 E6 96,OK
2026-09-29T10:24:19.367Z,23948.276,RX,bus,-1,001196E6,1,5,01 00 00 E6 96,OK
2026-09-29T10:24:19.372Z,23953.088,RX,bus,-1,00012A85,1,7,01 00 00 0F 03 85 2A,OK
2026-09-29T10:24:19.372Z,23953.289,RX,bus,-1,00112A85,1,5,01 00 00 85 2A,OK
2026-09-29T10:24:19.377Z,23958.041,RX,bus,-1,00015C0C,1,7,01 00 00 0F 03 0C 5C,OK
2026-09-29T10:24:19.377Z,23958.284,RX,bus,-1,00115C0C,1,5,01 00 00 0C 5C,OK
2026-09-29T10:24:19.382Z,23963.050,RX,bus,-1,0001BC72,1,7,01 00 00 0F 03 72 BC,OK
2026-09-29T10:24:19.382Z,23963.284,RX,bus,-1,0011BC72,1,5,01 00 00 72 BC,OK
2026-09-29T10:24:19.387Z,23968.050,RX,bus,-1,0001D9FD,1,7,01 00 00 0F 03 FD D9,OK
2026-09-29T10:24:19.387Z,23968.283,RX,bus,-1,0011D9FD,1,5,01 00 00 FD D9,OK
2026-09-29T10:24:19.392Z,23973.067,RX,bus,-1,00014ED2,1,7,01 00 00 0F 03 D2 4E,OK
2026-09-29T10:24:19.392Z,23973.287,RX,bus,-1,00114ED2,1,5,01 00 00 D2 4E,OK
2026-09-29T10:24:19.397Z,23978.050,RX,bus,-1,0001CD26,1,7,01 00 00 0F 03 26 CD,OK
2026-09-29T10:24:19.397Z,23978.286,RX,bus,-1,0011CD26,1,5,01 00 00 26 CD,OK
2026-09-29T10:24:19.402Z,23983.090,RX,bus,-1,0001F7CC,1,7,01 00 00 0F 03 CC F7,OK
2026-09-29T10:24:19.402Z,23983.259,RX,bus,-1,0011F7CC,1,5,01 00 00 CC F7,OK
2026-09-29T10:24:19.407Z,23988.071,RX,bus,-1,00018848,1,7,01 00 00 0F 03 48 88,OK
2026-09-29T10:24:19.407Z,23988.284,RX,bus,-1,00118848,1,5,01 00 00 48 88,OK
2026-09-29T10:24:19.412Z,23993.094,RX,bus,-1,00015A3C,1,7,01 00 00 0F 03 3C 5A,OK
2026-09-29T10:24:19.412Z,23993.258,RX,bus,-1,00115A3C,1,5,01 00 00 3C 5A,OK
2026-09-29T10:24:19.417Z,23998.036,RX,bus,-1,000137FD,1,7,01 00 00 0F 03 FD 37,OK
2026-09-29T10:24:19.417Z,23998.283,RX,bus,-1,001137FD,1,5,01 00 00 FD 37,OK
2026-09-29T10:24:19.421Z,24003.200,RX,bus,-1,0001E0AD,1,7,01 00 00 0F 03 AD E0,OK
2026-09-29T10:24:19.422Z,24003.326,RX,bus,-1,0011E0AD,1,5,01 00 00 AD E0,OK
2026-09-29T10:24:19.426Z,24008.196,RX,bus,-1,0001410E,1,7,01 00 00 0F 03 0E 41,OK
2026-09-29T10:24:19.427Z,24008.323,RX,bus,-1,0011410E,1,5,01 00 00 0E 41,OK
2026-09-29T10:24:19.431Z,24013.203,RX,bus,-1,00012781,1,7,01 00 00 0F 03 81 27,OK
2026-09-29T10:24:19.432Z,24013.270,RX,bus,-1,00112781,1,5,01 00 00 81 27,OK
2026-09-29T10:24:19.436Z,24018.197,RX,bus,-1,0001D70D,1,7,01 00 00 0F 03 0D D7,OK
2026-09-29T10:24:19.437Z,24018.253,RX,bus,-1,0011D70D,1,5,01 00 00 0D D7,OK
2026-09-29T10:24:19.441Z,24023.084,RX,bus,-1,00010CD2,1,7,01 00 00 0F 03 D2 0C,OK
2026-09-29T10:24:19.441Z,24023.277,RX,bus,-1,00110CD2,1,5,01 00 00 D2 0C,OK
2026-09-29T10:24:19.446Z,24028.192,RX,bus,-1,00018545,1,7,01 00 00 0F 03 45 85,OK
2026-09-29T10:24:19.446Z,24028.283,RX,bus,-1,00118545,1,5,01 00 00 45 85,OK
2026-09-29T10:24:19.451Z,24033.125,RX,bus,-1,00018853,1,7,01 00 00 0F 03 53 88,OK
2026-09-29T10:24:19.451Z,24033.258,RX,bus,-1,00118853,1,5,01 00 00 53 88,OK
2026-09-29T10:24:19.456Z,24038.190,RX,bus,-1,00016EFE,1,7,01 00 00 0F 03 FE 6E,OK
2026-09-29T10:24:19.456Z,24038.284,RX,bus,-1,00116EFE,1,5,01 00 00 FE 6E,OK
2026-09-29T10:24:19.461Z,24043.193,RX,bus,-1,00012333,1,7,01 00 00 0F 03 33 23,OK
2026-09-29T10:24:19.461Z,24043.283,RX,bus,-1,00112333,1,5,01 00 00 33 23,OK
2026-09-29T10:24:19.466Z,24048.262,RX,bus,-1,0001A4B5,1,7,01 00 00 0F 03 B5 A4,OK
2026-09-29T10:24:19.466Z,24048.306,RX,bus,-1,0011A4B5,1,5,01 00 00 B5 A4,OK
2026-09-29T10:24:19.472Z,24053.104,RX,bus,-1,000167D2,1,7,01 00 00 0F 03 D2 67,OK
2026-09-29T10:24:19.472Z,24053.268,RX,bus,-1,001167D2,1,5,01 00 00 D2 67,OK
2026-09-29T10:24:19.477Z,24058.171,RX,bus,-1,000186A7,1,7,01 00 00 0F 03 A7 86,OK
2026-09-29T10:24:19.477Z,24058.282,RX,bus,-1,001186A7,1,5,01 00 00 A7 86,OK
2026-09-29T10:24:19.482Z,24063.114,RX,bus,-1,00017AD3,1,7,01 00 00 0F 03 D3 7A,OK
2026-09-29T10:24:19.482Z,24063.280,RX,bus,-1,00117AD3,1,5,01 00 00 D3 7A,OK
2026-09-29T10:24:19.487Z,24068.137,RX,bus,-1,000175E4,1,7,01 00 00 0F 03 E4 75,OK
2026-09-29T10:24:19.487Z,24068.257,RX,bus,-1,001175E4,1,5,01 00 00 E4 75,OK
2026-09-29T10:24:19.492Z,24073.095,RX,bus,-1,0001B2BD,1,7,01 00 00 0F 03 BD B2,OK
2026-09-29T10:24:19.492Z,24073.282,RX,bus,-1,0011B2BD,1,5,01 00 00 BD B2,OK
2026-09-29T10:24:19.497Z,24078.127,RX,bus,-1,0001BBD0,1,7,01 00 00 0F 03 D0 BB,OK
2026-09-29T10:24:19.497Z,24078.263,RX,bus,-1,0011BBD0,1,5,01 00 00 D0 BB,OK
2026-09-29T10:24:19.502Z,24083.143,RX,bus,-1,0001B159,1,7,01 00 00 0F 03 59 B1,OK
2026-09-29T10:24:19.502Z,24083.251,RX,bus,-1,0011B159,1,5,01 00 00 59 B1,OK
2026-09-29T10:24:19.507Z,24088.137,RX,bus,-1,000128B1,1,7,01 00 00 0F 03 B1 28,OK
2026-09-29T10:24:19.507Z,24088.243,RX,bus,-1,001128B1,1,5,01 00 00 B1 28,OK
2026-09-29T10:24:19.512Z,24093.093,RX,bus,-1,00019967,1,7,01 00 00 0F 03 67 99,OK
2026-09-29T10:24:19.512Z,24093.256,RX,bus,-1,00119967,1,5,01 00 00 67 99,OK
2026-09-29T10:24:19.517Z,24098.144,RX,bus,-1,000108BA,1,7,01 00 00 0F 03 BA 08,OK
2026-09-29T10:24:19.517Z,24098.259,RX,bus,-1,001108BA,1,5,01 00 00 BA 08,OK
2026-09-29T10:24:19.521Z,24103.189,RX,bus,-1,00013D61,1,7,01 00 00 0F 03 61 3D,OK
2026-09-29T10:24:19.521Z,24103.284,RX,bus,-1,00113D61,1,5,01 00 00 61 3D,OK
2026-09-29T10:24:19.526Z,24108.298,RX,bus,-1,000127BC,1,7,01 00 00 0F 03 BC 27,OK
2026-09-29T10:24:19.526Z,24108.341,RX,bus,-1,001127BC,1,5,01 00 00 BC 27,OK
2026-09-29T10:24:19.531Z,24113.128,RX,bus,-1,00017F6B,1,7,01 00 00 0F 03 6B 7F,OK
2026-09-29T10:24:19.531Z,24113.257,RX,bus,-1,00117F6B,1,5,01 00 00 6B 7F,OK
2026-09-29T10:24:19.536Z,24118.159,RX,bus,-1,00013A5F,1,7,01 00 00 0F 03 5F 3A,OK
2026-09-29T10:24:19.536Z,24118.251,RX,bus,-1,00113A5F,1,5,01 00 00 5F 3A,OK
2026-09-29T10:24:19.541Z,24123.058,RX,bus,-1,0001F092,1,7,01 00 00 0F 03 92 F0,OK
2026-09-29T10:24:19.541Z,24123.251,RX,bus,-1,0011F092,1,5,01 00 00 92 F0,OK
2026-09-29T10:24:19.546Z,24128.015,RX,bus,-1,0001D48C,1,7,01 00 00 0F 03 8C D4,OK
2026-09-29T10:24:19.546Z,24128.246,RX,bus,-1,0011D48C,1,5,01 00 00 8C D4,OK
2026-09-29T10:24:19.551Z,24133.024,RX,bus,-1,0001091E,1,7,01 00 00 0F 03 1E 09,OK
2026-09-29T10:24:19.551Z,24133.255,RX,bus,-1,0011091E,1,5,01 00 00 1E 09,OK
2026-09-29T10:24:19.556Z,24138.020,RX,bus,-1,00010378,1,7,01 00 00 0F 03 78 03,OK
2026-09-29T10:24:19.556Z,24138.256,RX,bus,-1,00110378,1,5,01 00 00 78 03,OK
2026-09-29T10:24:19.561Z,24143.025,RX,bus,-1,0001996F,1,7,01 00 00 0F 03 6F 99,OK
2026-09-29T10:24:19.561Z,24143.257,RX,bus,-1,0011996F,1,5,01 00 00 6F 99,OK
2026-09-29T10:24:19.566Z,24148.019,RX,bus,-1,0001666E,1,7,01 00 00 0F 03 6E 66,OK
2026-09-29T10:24:19.566Z,24148.256,RX,bus,-1,0011666E,1,5,01 00 00 6E 66,OK
2026-09-29T10:24:19.572Z,24153.208,RX,bus,-1,000146C6,1,7,01 00 00 0F 03 C6 46,OK
2026-09-29T10:24:19.572Z,24153.288,RX,bus,-1,001146C6,1,5,01 00 00 C6 46,OK
2026-09-29T10:24:19.577Z,24158.236,RX,bus,-1,00018042,1,7,01 00 00 0F 03 42 80,OK
2026-09-29T10:24:19.577Z,24158.319,RX,bus,-1,00118042,1,5,01 00 00 42 80,OK
2026-09-29T10:24:19.582Z,24163.173,RX,bus,-1,000178ED,1,7,01 00 00 0F 03 ED 78,OK
2026-09-29T10:24:19.582Z,24163.251,RX,bus,-1,001178ED,1,5,01 00 00 ED 78,OK
2026-09-29T10:24:19.587Z,24168.178,RX,bus,-1,0001AC1D,1,7,01 00 00 0F 03 1D AC,OK
2026-09-29T10:24:19.587Z,24168.285,RX,bus,-1,0011AC1D,1,5,01 00 00 1D AC,OK
2026-09-29T10:24:19.592Z,24173.179,RX,bus,-1,0001A18F,1,7,01 00 00 0F 03 8F A1,OK
2026-09-29T10:24:19.592Z,24173.260,RX,bus,-1,0011A18F,1,5,01 00 00 8F A1,OK
2026-09-29T10:24:19.597Z,24178.176,RX,bus,-1,00017300,1,7,01 00 00 0F 03 00 73,OK
2026-09-29T10:24:19.597Z,24178.282,RX,bus,-1,00117300,1,5,01 00 00 00 73,OK
2026-09-29T10:24:19.602Z,24183.187,RX,bus,-1,0001FBC8,1,7,01 00 00 0F 03 C8 FB,OK
2026-09-29T10:24:19.602Z,24183.231,RX,bus,-1,0011FBC8,1,5,01 00 00 C8 FB,OK
2026-09-29T10:24:19.607Z,24188.202,RX,bus,-1,0001E826,1,7,01 00 00 0F 03 26 E8,OK
2026-09-29T10:24:19.607Z,24188.261,RX,bus,-1,0011E826,1,5,01 00 00 26 E8,OK
2026-09-29T10:24:19.612Z,24193.174,RX,bus,-1,00010E38,1,7,01 00 00 0F 03 38 0E,OK
2026-09-29T10:24:19.612Z,24193.265,RX,bus,-1,00110E38,1,5,01 00 00 38 0E,OK
2026-09-29T10:24:19.616Z,24198.164,RX,bus,-1,0001913E,1,7,01 00 00 0F 03 3E 91,OK
2026-09-29T10:24:19.616Z,24198.257,RX,bus,-1,0011913E,1,5,01 00 00 3E 91,OK
2026-09-29T10:24:19.621Z,24203.017,RX,bus,-1,00011395,1,7,01 00 00 0F 03 95 13,OK
2026-09-29T10:24:19.621Z,24203.247,RX,bus,-1,00111395,1,5,01 00 00 95 13,OK
2026-09-29T10:24:19.626Z,24208.016,RX,bus,-1,00019C09,1,7,01 00 00 0F 03 09 9C,OK
2026-09-29T10:24:19.626Z,24208.251,RX,bus,-1,00119C09,1,5,01 00 00 09 9C,OK
2026-09-29T10:24:19.631Z,24213.019,RX,bus,-1,00010190,1,7,01 00 00 0F 03 90 01,OK
2026-09-29T10:24:19.631Z,24213.251,RX,bus,-1,00110190,1,5,01 00 00 90 01,OK
2026-09-29T10:24:19.636Z,24218.210,RX,bus,-1,0001D9DB,1,7,01 00 00 0F 03 DB D9,OK
2026-09-29T10:24:19.636Z,24218.253,RX,bus,-1,0011D9DB,1,5,01 00 00 DB D9,OK
2026-09-29T10:24:19.642Z,24223.022,RX,bus,-1,0001FB96,1,7,01 00 00 0F 03 96 FB,OK
2026-09-29T10:24:19.642Z,24223.256,RX,bus,-1,0011FB96,1,5,01 00 00 96 FB,OK
2026-09-29T10:24:19.647Z,24227.980,RX,bus,-1,0001561E,1,7,01 00 00 0F 03 1E 56,OK
2026-09-29T10:24:19.647Z,24228.246,RX,bus,-1,0011561E,1,5,01 00 00 1E 56,OK
2026-09-29T10:24:19.652Z,24233.021,RX,bus,-1,000192A4,1,7,01 00 00 0F 03 A4 92,OK
2026-09-29T10:24:19.652Z,24233.256,RX,bus,-1,001192A4,1,5,01 00 00 A4 92,OK
2026-09-29T10:24:19.657Z,24238.014,RX,bus,-1,0001E3C3,1,7,01 00 00 0F 03 C3 E3,OK
2026-09-29T10:24:19.657Z,24238.249,RX,bus,-1,0011E3C3,1,5,01 00 00 C3 E3,OK
2026-09-29T10:24:19.662Z,24242.980,RX,bus,-1,0001A950,1,7,01 00 00 0F 03 50 A9,OK
2026-09-29T10:24:19.662Z,24243.249,RX,bus,-1,0011A950,1,5,01 00 00 50 A9,OK
2026-09-29T10:24:19.667Z,24247.974,RX,bus,-1,0001863D,1,7,01 00 00 0F 03 3D 86,OK
2026-09-29T10:24:19.667Z,24248.219,RX,bus,-1,0011863D,1,5,01 00 00 3D 86,OK
2026-09-29T10:24:19.671Z,24253.178,RX,bus,-1,00017AB4,1,7,01 00 00 0F 03 B4 7A,OK
2026-09-29T10:24:19.672Z,24253.266,RX,bus,-1,00117AB4,1,5,01 00 00 B4 7A,OK
2026-09-29T10:24:19.676Z,24258.162,RX,bus,-1,0001217F,1,7,01 00 00 0F 03 7F 21,OK
2026-09-29T10:24:19.677Z,24258.252,RX,bus,-1,0011217F,1,5,01 00 00 7F 21,OK
2026-09-29T10:24:19.681Z,24263.186,RX,bus,-1,000168DD,1,7,01 00 00 0F 03 DD 68,OK
2026-09-29T10:24:19.682Z,24263.266,RX,bus,-1,001168DD,1,5,01 00 00 DD 68,OK
2026-09-29T10:24:19.686Z,24268.175,RX,bus,-1,0001411C,1,7,01 00 00 0F 03 1C 41,OK
2026-09-29T10:24:19.687Z,24268.258,RX,bus,-1,0011411C,1,5,01 00 00 1C 41,OK
2026-09-29T10:24:19.691Z,24273.170,RX,bus,-1,00013AEA,1,7,01 00 00 0F 03 EA 3A,OK
2026-09-29T10:24:19.692Z,24273.267,RX,bus,-1,00113AEA,1,5,01 00 00 EA 3A,OK
2026-09-29T10:24:19.696Z,24278.178,RX,bus,-1,00014D6E,1,7,01 00 00 0F 03 6E 4D,OK
2026-09-29T10:24:19.696Z,24278.221,RX,bus,-1,00114D6E,1,5,01 00 00 6E 4D,OK
2026-09-29T10:24:19.701Z,24283.176,RX,bus,-1,00016500,1,7,01 00 00 0F 03 00 65,OK
2026-09-29T10:24:19.702Z,24283.262,RX,bus,-1,00116500,1,5,01 00 00 00 65,OK
2026-09-29T10:24:19.706Z,24288.166,RX,bus,-1,00013275,1,7,01 00 00 0F 03 75 32,OK
2026-09-29T10:24:19.707Z,24288.265,RX,bus,-1,00113275,1,5,01 00 00 75 32,OK
2026-09-29T10:24:19.711Z,24293.167,RX,bus,-1,00010FC8,1,7,01 00 00 0F 03 C8 0F,OK
2026-09-29T10:24:19.712Z,24293.266,RX,bus,-1,00110FC8,1,5,01 00 00 C8 0F,OK
2026-09-29T10:24:19.716Z,24298.094,RX,bus,-1,0001A2CF,1,7,01 00 00 0F 03 CF A2,OK
2026-09-29T10:24:19.717Z,24298.231,RX,bus,-1,0011A2CF,1,5,01 00 00 CF A2,OK
2026-09-29T10:24:19.722Z,24303.024,RX,bus,-1,000142FD,1,7,01 00 00 0F 03 FD 42,OK
2026-09-29T10:24:19.722Z,24303.257,RX,bus,-1,001142FD,1,5,01 00 00 FD 42,OK
2026-09-29T10:24:19.727Z,24308.078,RX,bus,-1,000135EF,1,7,01 00 00 0F 03 EF 35,OK
2026-09-29T10:24:19.727Z,24308.228,RX,bus,-1,001135EF,1,5,01 00 00 EF 35,OK
2026-09-29T10:24:19.732Z,24313.049,RX,bus,-1,00011E64,1,7,01 00 00 0F 03 64 1E,OK
2026-09-29T10:24:19.732Z,24313.232,RX,bus,-1,00111E64,1,5,01 00 00 64 1E,OK
2026-09-29T10:24:19.737Z,24318.065,RX,bus,-1,00012F85,1,7,01 00 00 0F 03 85 2F,OK
2026-09-29T10:24:19.737Z,24318.230,RX,bus,-1,00112F85,1,5,01 00 00 85 2F,OK
2026-09-29T10:24:19.742Z,24323.215,RX,bus,-1,00019A25,1,7,01 00 00 0F 03 25 9A,OK
2026-09-29T10:24:19.742Z,24323.296,RX,bus,-1,00119A25,1,5,01 00 00 25 9A,OK
2026-09-29T10:24:19.747Z,24328.202,RX,bus,-1,000162B9,1,7,01 00 00 0F 03 B9 62,OK
2026-09-29T10:24:19.747Z,24328.305,RX,bus,-1,001162B9,1,5,01 00 00 B9 62,OK
2026-09-29T10:24:19.752Z,24333.191,RX,bus,-1,00016F55,1,7,01 00 00 0F 03 55 6F,OK
2026-09-29T10:24:19.752Z,24333.273,RX,bus,-1,00116F55,1,5,01 00 00 55 6F,OK
2026-09-29T10:24:19.757Z,24338.192,RX,bus,-1,00012A99,1,7,01 00 00 0F 03 99 2A,OK
2026-09-29T10:24:19.757Z,24338.271,RX,bus,-1,00112A99,1,5,01 00 00 99 2A,OK
2026-09-29T10:24:19.762Z,24343.140,RX,bus,-1,0001AF33,1,7,01 00 00 0F 03 33 AF,OK
2026-09-29T10:24:19.762Z,24343.235,RX,bus,-1,0011AF33,1,5,01 00 00 33 AF,OK
2026-09-29T10:24:19.766Z,24348.163,RX,bus,-1,0001A5F5,1,7,01 00 00 0F 03 F5 A5,OK
2026-09-29T10:24:19.766Z,24348.252,RX,bus,-1,0011A5F5,1,5,01 00 00 F5 A5,OK
2026-09-29T10:24:19.772Z,24352.979,RX,bus,-1,0001076B,1,7,01 00 00 0F 03 6B 07,OK
2026-09-29T10:24:19.772Z,24353.252,RX,bus,-1,0011076B,1,5,01 00 00 6B 07,OK
2026-09-29T10:24:19.777Z,24358.003,RX,bus,-1,0001437E,1,7,01 00 00 0F 03 7E 43,OK
2026-09-29T10:24:19.777Z,24358.233,RX,bus,-1,0011437E,1,5,01 00 00 7E 43,OK
2026-09-29T10:24:19.782Z,24362.995,RX,bus,-1,0001D359,1,7,01 00 00 0F 03 59 D3,OK
2026-09-29T10:24:19.782Z,24363.230,RX,bus,-1,0011D359,1,5,01 00 00 59 D3,OK
2026-09-29T10:24:19.787Z,24368.261,RX,bus,-1,0001C3DB,1,7,01 00 00 0F 03 DB C3,OK
2026-09-29T10:24:19.787Z,24368.301,RX,bus,-1,0011C3DB,1,5,01 00 00 DB C3,OK
2026-09-29T10:24:19.792Z,24373.008,RX,bus,-1,0001F621,1,7,01 00 00 0F 03 21 F6,OK
2026-09-29T10:24:19.792Z,24373.233,RX,bus,-1,0011F621,1,5,01 00 00 21 F6,OK
2026-09-29T10:24:19.796Z,24378.037,RX,bus,-1,0001F217,1,7,01 00 00 0F 03 17 F2,OK
2026-09-29T10:24:19.796Z,24378.229,RX,bus,-1,0011F217,1,5,01 00 00 17 F2,OK
2026-09-29T10:24:19.802Z,24383.001,RX,bus,-1,00010F18,1,7,01 00 00 0F 03 18 0F,OK
2026-09-29T10:24:19.802Z,24383.229,RX,bus,-1,00110F18,1,5,01 00 00 18 0F,OK
2026-09-29T10:24:19.807Z,24388.000,RX,bus,-1,0001FB98,1,7,01 00 00 0F 03 98 FB,OK
2026-09-29T10:24:19.807Z,24388.230,RX,bus,-1,0011FB98,1,5,01 00 00 98 FB,OK
2026-09-29T10:24:19.812Z,24392.993,RX,bus,-1,00016DD2,1,7,01 00 00 0F 03 D2 6D,OK
2026-09-29T10:24:19.812Z,24393.235,RX,bus,-1,00116DD2,1,5,01 00 00 D2 6D,OK
2026-09-29T10:24:19.817Z,24398.279,RX,bus,-1,0001BF79,1,7,01 00 00 0F 03 79 BF,OK
2026-09-29T10:24:19.817Z,24398.323,RX,bus,-1,0011BF79,1,5,01 00 00 79 BF,OK
2026-09-29T10:24:19.822Z,24403.149,RX,bus,-1,0001B8D3,1,7,01 00 00 0F 03 D3 B8,OK
2026-09-29T10:24:19.822Z,24403.270,RX,bus,-1,0011B8D3,1,5,01 00 00 D3 B8,OK
2026-09-29T10:24:19.826Z,24408.149,RX,bus,-1,0001F5FA,1,7,01 00 00 0F 03 FA F5,OK
2026-09-29T10:24:19.827Z,24408.251,RX,bus,-1,0011F5FA,1,5,01 00 00 FA F5,OK
2026-09-29T10:24:19.832Z,24413.177,RX,bus,-1,0001B9AE,1,7,01 00 00 0F 03 AE B9,OK
2026-09-29T10:24:19.832Z,24413.241,RX,bus,-1,0011B9AE,1,5,01 00 00 AE B9,OK
2026-09-29T10:24:19.837Z,24418.158,RX,bus,-1,0001A36F,1,7,01 00 00 0F 03 6F A3,OK
2026-09-29T10:24:19.837Z,24418.221,RX,bus,-1,0011A36F,1,5,01 00 00 6F A3,OK
2026-09-29T10:24:19.841Z,24423.031,RX,bus,-1,0001EF21,1,7,01 00 00 0F 03 21 EF,OK
2026-09-29T10:24:19.841Z,24423.226,RX,bus,-1,0011EF21,1,5,01 00 00 21 EF,OK
2026-09-29T10:24:19.846Z,24427.982,RX,bus,-1,00018ACD,1,7,01 00 00 0F 03 CD 8A,OK
2026-09-29T10:24:19.846Z,24428.226,RX,bus,-1,00118ACD,1,5,01 00 00 CD 8A,OK
2026-09-29T10:24:19.851Z,24433.065,RX,bus,-1,0001796A,1,7,01 00 00 0F 03 6A 79,OK
2026-09-29T10:24:19.851Z,24433.221,RX,bus,-1,0011796A,1,5,01 00 00 6A 79,OK
2026-09-29T10:24:19.856Z,24438.005,RX,bus,-1,000142C1,1,7,01 00 00 0F 03 C1 42,OK
2026-09-29T10:24:19.856Z,24438.253,RX,bus,-1,001142C1,1,5,01 00 00 C1 42,OK
2026-09-29T10:24:19.861Z,24443.292,RX,bus,-1,000136E5,1,7,01 00 00 0F 03 E5 36,OK
2026-09-29T10:24:19.861Z,24443.336,RX,bus,-1,001136E5,1,5,01 00 00 E5 36,OK
2026-09-29T10:24:19.866Z,24448.148,RX,bus,-1,00018902,1,7,01 00 00 0F 03 02 89,OK
2026-09-29T10:24:19.866Z,24448.230,RX,bus,-1,00118902,1,5,01 00 00 02 89,OK
2026-09-29T10:24:19.872Z,24453.039,RX,bus,-1,00017EB9,1,7,01 00 00 0F 03 B9 7E,OK
2026-09-29T10:24:19.872Z,24453.207,RX,bus,-1,00117EB9,1,5,01 00 00 B9 7E,OK
2026-09-29T10:24:19.877Z,24458.147,RX,bus,-1,00015634,1,7,01 00 00 0F 03 34 56,OK
2026-09-29T10:24:19.877Z,24458.230,RX,bus,-1,00115634,1,5,01 00 00 34 56,OK
2026-09-29T10:24:19.882Z,24463.236,RX,bus,-1,0001091E,1,7,01 00 00 0F 03 1E 09,OK
2026-09-29T10:24:19.882Z,24463.325,RX,bus,-1,0011091E,1,5,01 00 00 1E 09,OK
2026-09-29T10:24:19.887Z,24468.152,RX,bus,-1,00019994,1,7,01 00 00 0F 03 94 99,OK
2026-09-29T10:24:19.887Z,24468.227,RX,bus,-1,00119994,1,5,01 00 00 94 99,OK
2026-09-29T10:24:19.892Z,24473.147,RX,bus,-1,0001007D,1,7,01 00 00 0F 03 7D 00,OK
2026-09-29T10:24:19.892Z,24473.252,RX,bus,-1,0011007D,1,5,01 00 00 7D 00,OK
2026-09-29T10:24:19.897Z,24478.142,RX,bus,-1,0001E24F,1,7,01 00 00 0F 03 4F E2,OK
2026-09-29T10:24:19.897Z,24478.230,RX,bus,-1,0011E24F,1,5,01 00 00 4F E2,OK
2026-09-29T10:24:19.902Z,24483.180,RX,bus,-1,0001607D,1,7,01 00 00 0F 03 7D 60,OK
2026-09-29T10:24:19.902Z,24483.272,RX,bus,-1,0011607D,1,5,01 00 00 7D 60,OK
2026-09-29T10:24:19.907Z,24487.964,RX,bus,-1,0001F929,1,7,01 00 00 0F 03 29 F9,OK
2026-09-29T10:24:19.907Z,24488.185,RX,bus,-1,0011F929,1,5,01 00 00 29 F9,OK
2026-09-29T10:24:19.912Z,24493.168,RX,bus,-1,0001ABBC,1,7,01 00 00 0F 03 BC AB,OK
2026-09-29T10:24:19.912Z,24493.225,RX,bus,-1,0011ABBC,1,5,01 00 00 BC AB,OK
2026-09-29T10:24:19.917Z,24498.170,RX,bus,-1,00019BE2,1,7,01 00 00 0F 03 E2 9B,OK
2026-09-29T10:24:19.917Z,24498.230,RX,bus,-1,00119BE2,1,5,01 00 00 E2 9B,OK
2026-09-29T10:24:19.921Z,24503.156,RX,bus,-1,00014EBB,1,7,01 00 00 0F 03 BB 4E,OK
2026-09-29T10:24:19.921Z,24503.226,RX,bus,-1,00114EBB,1,5,01 00 00 BB 4E,OK
2026-09-29T10:24:19.926Z,24507.955,RX,bus,-1,00015C7A,1,7,01 00 00 0F 03 7A 5C,OK
2026-09-29T10:24:19.926Z,24508.197,RX,bus,-1,00115C7A,1,5,01 00 00 7A 5C,OK
2026-09-29T10:24:19.931Z,24512.986,RX,bus,-1,00019253,1,7,01 00 00 0F 03 53 92,OK
2026-09-29T10:24:19.931Z,24513.225,RX,bus,-1,00119253,1,5,01 00 00 53 92,OK
2026-09-29T10:24:19.936Z,24517.958,RX,bus,-1,00012147,1,7,01 00 00 0F 03 47 21,OK
2026-09-29T10:24:19.936Z,24518.199,RX,bus,-1,00112147,1,5,01 00 00 47 21,OK
2026-09-29T10:24:19.942Z,24523.055,RX,bus,-1,00017DA8,1,7,01 00 00 0F 03 A8 7D,OK
2026-09-29T10:24:19.942Z,24523.218,RX,bus,-1,00117DA8,1,5,01 00 00 A8 7D,OK
2026-09-29T10:24:19.947Z,24527.965,RX,bus,-1,0001B774,1,7,01 00 00 0F 03 74 B7,OK
2026-09-29T10:24:19.947Z,24528.198,RX,bus,-1,0011B774,1,5,01 00 00 74 B7,OK
2026-09-29T10:24:19.952Z,24533.011,RX,bus,-1,0001676C,1,7,01 00 00 0F 03 6C 67,OK
2026-09-29T10:24:19.952Z,24533.214,RX,bus,-1,0011676C,1,5,01 00 00 6C 67,OK
2026-09-29T10:24:19.957Z,24538.036,RX,bus,-1,00016465,1,7,01 00 00 0F 03 65 64,OK
2026-09-29T10:24:19.957Z,24538.198,RX,bus,-1,00116465,1,5,01 00 00 65 64,OK
2026-09-29T10:24:19.962Z,24543.060,RX,bus,-1,0001D402,1,7,01 00 00 0F 03 02 D4,OK
2026-09-29T10:24:19.962Z,24543.196,RX,bus,-1,0011D402,1,5,01 00 00 02 D4,OK
2026-09-29T10:24:19.967Z,24548.014,RX,bus,-1,0001031A,1,7,01 00 00 0F 03 1A 03,OK
2026-09-29T10:24:19.967Z,24548.195,RX,bus,-1,0011031A,1,5,01 00 00 1A 03,OK
2026-09-29T10:24:19.971Z,24553.143,RX,bus,-1,000161B0,1,7,01 00 00 0F 03 B0 61,OK
2026-09-29T10:24:19.971Z,24553.232,RX,bus,-1,001161B0,1,5,01 00 00 B0 61,OK
2026-09-29T10:24:19.976Z,24558.193,RX,bus,-1,0001ED79,1,7,01 00 00 0F 03 79 ED,OK
2026-09-29T10:24:19.976Z,24558.237,RX,bus,-1,0011ED79,1,5,01 00 00 79 ED,OK
2026-09-29T10:24:19.981Z,24563.168,RX,bus,-1,0001FE0A,1,7,01 00 00 0F 03 0A FE,OK
2026-09-29T10:24:19.981Z,24563.208,RX,bus,-1,0011FE0A,1,5,01 00 00 0A FE,OK
2026-09-29T10:24:19.986Z,24568.062,RX,bus,-1,00011E30,1,7,01 00 00 0F 03 30 1E,OK
2026-09-29T10:24:19.986Z,24568.194,RX,bus,-1,00111E30,1,5,01 00 00 30 1E,OK
2026-09-29T10:24:19.991Z,24573.125,RX,bus,-1,00017F3C,1,7,01 00 00 0F 03 3C 7F,OK
2026-09-29T10:24:19.991Z,24573.223,RX,bus,-1,00117F3C,1,5,01 00 00 3C 7F,OK
2026-09-29T10:24:19.996Z,24578.049,RX,bus,-1,00012693,1,7,01 00 00 0F 03 93 26,OK
2026-09-29T10:24:19.996Z,24578.197,RX,bus,-1,00112693,1,5,01 00 00 93 26,OK
2026-09-29T10:24:20.001Z,24583.090,RX,bus,-1,0001F1D6,1,7,01 00 00 0F 03 D6 F1,OK
2026-09-29T10:24:20.001Z,24583.197,RX,bus,-1,0011F1D6,1,5,01 00 00 D6 F1,OK
2026-09-29T10:24:20.006Z,24587.999,RX,bus,-1,00019898,1,7,01 00 00 0F 03 98 98,OK
2026-09-29T10:24:20.006Z,24588.195,RX,bus,-1,00119898,1,5,01 00 00 98 98,OK
2026-09-29T10:24:20.011Z,24593.050,RX,bus,-1,00015B54,1,7,01 00 00 0F 03 54 5B,OK
2026-09-29T10:24:20.011Z,24593.195,RX,bus,-1,00115B54,1,5,01 00 00 54 5B,OK
2026-09-29T10:24:20.016Z,24598.056,RX,bus,-1,0001B3E0,1,7,01 00 00 0F 03 E0 B3,OK
2026-09-29T10:24:20.016Z,24598.201,RX,bus,-1,0011B3E0,1,5,01 00 00 E0 B3,OK
2026-09-29T10:24:20.022Z,24603.085,RX,bus,-1,00018B67,1,7,01 00 00 0F 04 67 8B,OK
2026-09-29T10:24:20.022Z,24603.198,RX,bus,-1,00118B67,1,5,01 00 00 67 8B,OK
2026-09-29T10:24:20.027Z,24607.979,RX,bus,-1,00017D79,1,7,01 00 00 0F 03 79 7D,OK
2026-09-29T10:24:20.027Z,24608.201,RX,bus,-1,00117D79,1,5,01 00 00 79 7D,OK
2026-09-29T10:24:20.032Z,24612.961,RX,bus,-1,000171D8,1,7,01 00 00 0F 03 D8 71,OK
2026-09-29T10:24:20.032Z,24613.199,RX,bus,-1,001171D8,1,5,01 00 00 D8 71,OK
2026-09-29T10:24:20.037Z,24617.983,RX,bus,-1,0001B4AD,1,7,01 00 00 0F 03 AD B4,OK
2026-09-29T10:24:20.037Z,24618.199,RX,bus,-1,0011B4AD,1,5,01 00 00 AD B4,OK
2026-09-29T10:24:20.041Z,24623.125,RX,bus,-1,00011479,1,7,01 00 00 0F 03 79 14,OK
2026-09-29T10:24:20.041Z,24623.198,RX,bus,-1,00111479,1,5,01 00 00 79 14,OK
2026-09-29T10:24:20.046Z,24627.955,RX,bus,-1,00012824,1,7,01 00 00 0F 03 24 28,OK
2026-09-29T10:24:20.046Z,24628.161,RX,bus,-1,00112824,1,5,01 00 00 24 28,OK
2026-09-29T10:24:20.051Z,24632.968,RX,bus,-1,00011479,1,7,01 00 00 0F 03 79 14,OK
2026-09-29T10:24:20.051Z,24633.198,RX,bus,-1,00111479,1,5,01 00 00 79 14,OK
2026-09-29T10:24:20.056Z,24637.958,RX,bus,-1,00013927,1,7,01 00 00 0F 03 27 39,OK
2026-09-29T10:24:20.056Z,24638.190,RX,bus,-1,00113927,1,5,01 00 00 27 39,OK
2026-09-29T10:24:20.061Z,24642.980,RX,bus,-1,0001F01D,1,7,01 00 00 0F 03 1D F0,OK
2026-09-29T10:24:20.061Z,24643.196,RX,bus,-1,0011F01D,1,5,01 00 00 1D F0,OK
2026-09-29T10:24:20.066Z,24648.001,RX,bus,-1,00011BB6,1,7,01 00 00 0F 03 B6 1B,OK
2026-09-29T10:24:20.066Z,24648.241,RX,bus,-1,00111BB6,1,5,01 00 00 B6 1B,OK
2026-09-29T10:24:20.072Z,24652.981,RX,bus,-1,000179AB,1,7,01 00 00 0F 03 AB 79,OK
2026-09-29T10:24:20.072Z,24653.215,RX,bus,-1,001179AB,1,5,01 00 00 AB 79,OK
2026-09-29T10:24:20.077Z,24657.959,RX,bus,-1,00015CE2,1,7,01 00 00 0F 03 E2 5C,OK
2026-09-29T10:24:20.077Z,24658.174,RX,bus,-1,00115CE2,1,5,01 00 00 E2 5C,OK
2026-09-29T10:24:20.082Z,24663.145,RX,bus,-1,0001FA08,1,7,01 00 00 0F 03 08 FA,OK
2026-09-29T10:24:20.082Z,24663.240,RX,bus,-1,0011FA08,1,5,01 00 00 08 FA,OK
2026-09-29T10:24:20.087Z,24668.076,RX,bus,-1,0001AD7D,1,7,01 00 00 0F 03 7D AD,OK
2026-09-29T10:24:20.087Z,24668.196,RX,bus,-1,0011AD7D,1,5,01 00 00 7D AD,OK
2026-09-29T10:24:20.092Z,24673.140,RX,bus,-1,0001D559,1,7,01 00 00 0F 03 59 D5,OK
2026-09-29T10:24:20.092Z,24673.255,RX,bus,-1,0011D559,1,5,01 00 00 59 D5,OK
2026-09-29T10:24:20.097Z,24677.967,RX,bus,-1,0001CA1F,1,7,01 00 00 0F 03 1F CA,OK
2026-09-29T10:24:20.097Z,24678.194,RX,bus,-1,0011CA1F,1,5,01 00 00 1F CA,OK
2026-09-29T10:24:20.102Z,24682.996,RX,bus,-1,000139A8,1,7,01 00 00 0F 03 A8 39,OK
2026-09-29T10:24:20.102Z,24683.177,RX,bus,-1,001139A8,1,5,01 00 00 A8 39,OK
2026-09-29T10:24:20.107Z,24688.143,RX,bus,-1,0001161B,1,7,01 00 00 0F 03 1B 16,OK
2026-09-29T10:24:20.107Z,24688.230,RX,bus,-1,0011161B,1,5,01 00 00 1B 16,OK
2026-09-29T10:24:20.112Z,24693.118,RX,bus,-1,00016F5A,1,7,01 00 00 0F 03 5A 6F,OK
2026-09-29T10:24:20.112Z,24693.195,RX,bus,-1,00116F5A,1,5,01 00 00 5A 6F,OK
2026-09-29T10:24:20.117Z,24698.096,RX,bus,-1,0001D9CC,1,7,01 00 00 0F 03 CC D9,OK
2026-09-29T10:24:20.117Z,24698.193,RX,bus,-1,0011D9CC,1,5,01 00 00 CC D9,OK
2026-09-29T10:24:20.121Z,24703.005,RX,bus,-1,000170FA,1,7,01 00 00 0F 03 FA 70,OK
2026-09-29T10:24:20.121Z,24703.197,RX,bus,-1,001170FA,1,5,01 00 00 FA 70,OK
2026-09-29T10:24:20.126Z,24707.965,RX,bus,-1,0001096B,1,7,01 00 00 0F 03 6B 09,OK
2026-09-29T10:24:20.126Z,24708.176,RX,bus,-1,0011096B,1,5,01 00 00 6B 09,OK
2026-09-29T10:24:20.131Z,24712.960,RX,bus,-1,00019BA5,1,7,01 00 00 0F 03 A5 9B,OK
2026-09-29T10:24:20.131Z,24713.202,RX,bus,-1,00119BA5,1,5,01 00 00 A5 9B,OK
2026-09-29T10:24:20.136Z,24718.005,RX,bus,-1,0001104A,1,7,01 00 00 0F 03 4A 10,OK
2026-09-29T10:24:20.136Z,24718.196,RX,bus,-1,0011104A,1,5,01 00 00 4A 10,OK
2026-09-29T10:24:20.142Z,24723.171,RX,bus,-1,00019B1D,1,7,01 00 00 0F 03 1D 9B,OK
2026-09-29T10:24:20.142Z,24723.220,RX,bus,-1,00119B1D,1,5,01 00 00 1D 9B,OK
2026-09-29T10:24:20.147Z,24728.145,RX,bus,-1,00019926,1,7,01 00 00 0F 03 26 99,OK
2026-09-29T10:24:20.147Z,24728.226,RX,bus,-1,00119926,1,5,01 00 00 26 99,OK
2026-09-29T10:24:20.152Z,24733.111,RX,bus,-1,0001DC46,1,7,01 00 00 0F 03 46 DC,OK
2026-09-29T10:24:20.152Z,24733.199,RX,bus,-1,0011DC46,1,5,01 00 00 46 DC,OK
2026-09-29T10:24:20.157Z,24738.163,RX,bus,-1,000156F1,1,7,01 00 00 0F 03 F1 56,OK
2026-09-29T10:24:20.157Z,24738.225,RX,bus,-1,001156F1,1,5,01 00 00 F1 56,OK
2026-09-29T10:24:20.162Z,24743.084,RX,bus,-1,00018AA5,1,7,01 00 00 0F 03 A5 8A,OK
2026-09-29T10:24:20.162Z,24743.175,RX,bus,-1,00118AA5,1,5,01 00 00 A5 8A,OK
2026-09-29T10:24:20.166Z,24748.127,RX,bus,-1,00011244,1,7,01 00 00 0F 03 44 12,OK
2026-09-29T10:24:20.166Z,24748.210,RX,bus,-1,00111244,1,5,01 00 00 44 12,OK
2026-09-29T10:24:20.171Z,24752.978,RX,bus,-1,0001050F,1,7,01 00 00 0F 03 0F 05,OK
2026-09-29T10:24:20.171Z,24753.198,RX,bus,-1,0011050F,1,5,01 00 00 0F 05,OK
2026-09-29T10:24:20.176Z,24757.960,RX,bus,-1,00013A54,1,7,01 00 00 0F 03 54 3A,OK
2026-09-29T10:24:20.176Z,24758.181,RX,bus,-1,00113A54,1,5,01 00 00 54 3A,OK
2026-09-29T10:24:20.181Z,24762.969,RX,bus,-1,000177AF,1,7,01 00 00 0F 03 AF 77,OK
2026-09-29T10:24:20.181Z,24763.195,RX,bus,-1,001177AF,1,5,01 00 00 AF 77,OK
2026-09-29T10:24:20.186Z,24767.939,RX,bus,-1,0001B123,1,7,01 00 00 0F 03 23 B1,OK
2026-09-29T10:24:20.186Z,24768.170,RX,bus,-1,0011B123,1,5,01 00 00 23 B1,OK
2026-09-29T10:24:20.191Z,24772.939,RX,bus,-1,0001110E,1,7,01 00 00 0F 03 0E 11,OK
2026-09-29T10:24:20.191Z,24773.172,RX,bus,-1,0011110E,1,5,01 00 00 0E 11,OK
2026-09-29T10:24:20.196Z,24777.946,RX,bus,-1,00016544,1,7,01 00 00 0F 03 44 65,OK
2026-09-29T10:24:20.196Z,24778.185,RX,bus,-1,00116544,1,5,01 00 00 44 65,OK
2026-09-29T10:24:20.201Z,24782.939,RX,bus,-1,000185B8,1,7,01 00 00 0F 03 B8 85,OK
2026-09-29T10:24:20.201Z,24783.177,RX,bus,-1,001185B8,1,5,01 00 00 B8 85,OK
2026-09-29T10:24:20.206Z,24787.947,RX,bus,-1,00019068,1,7,01 00 00 0F 03 68 90,OK
2026-09-29T10:24:20.206Z,24788.181,RX,bus,-1,00119068,1,5,01 00 00 68 90,OK
2026-09-29T10:24:20.211Z,24792.940,RX,bus,-1,000171C1,1,7,01 00 00 0F 03 C1 71,OK
2026-09-29T10:24:20.211Z,24793.174,RX,bus,-1,001171C1,1,5,01 00 00 C1 71,OK
2026-09-29T10:24:20.216Z,24797.947,RX,bus,-1,0001D095,1,7,01 00 00 0F 03 95 D0,OK
2026-09-29T10:24:20.216Z,24798.180,RX,bus,-1,0011D095,1,5,01 00 00 95 D0,OK
2026-09-29T10:24:20.222Z,24803.090,RX,bus,-1,0001652D,1,7,01 00 00 0F 03 2D 65,OK
2026-09-29T10:24:20.222Z,24803.177,RX,bus,-1,0011652D,1,5,01 00 00 2D 65,OK
2026-09-29T10:24:20.227Z,24808.173,RX,bus,-1,00015EA8,1,7,01 00 00 0F 03 A8 5E,OK
2026-09-29T10:24:20.227Z,24808.260,RX,bus,-1,00115EA8,1,5,01 00 00 A8 5E,OK
2026-09-29T10:24:20.232Z,24813.093,RX,bus,-1,0001F40B,1,7,01 00 00 0F 03 0B F4,OK
2026-09-29T10:24:20.232Z,24813.188,RX,bus,-1,0011F40B,1,5,01 00 00 0B F4,OK
2026-09-29T10:24:20.237Z,24818.102,RX,bus,-1,00011FA1,1,7,01 00 00 0F 03 A1 1F,OK
2026-09-29T10:24:20.237Z,24818.144,RX,bus,-1,00111FA1,1,5,01 00 00 A1 1F,OK
2026-09-29T10:24:20.241Z,24823.092,RX,bus,-1,0001CCC2,1,7,01 00 00 0F 03 C2 CC,OK
2026-09-29T10:24:20.241Z,24823.183,RX,bus,-1,0011CCC2,1,5,01 00 00 C2 CC,OK
2026-09-29T10:24:20.246Z,24828.134,RX,bus,-1,00013AC5,1,7,01 00 00 0F 03 C5 3A,OK
2026-09-29T10:24:20.246Z,24828.179,RX,bus,-1,00113AC5,1,5,01 00 00 C5 3A,OK
2026-09-29T10:24:20.251Z,24833.137,RX,bus,-1,0001EEE4,1,7,01 00 00 0F 03 E4 EE,OK
2026-09-29T10:24:20.251Z,24833.179,RX,bus,-1,0011EEE4,1,5,01 00 00 E4 EE,OK
2026-09-29T10:24:20.256Z,24838.090,RX,bus,-1,0001DD90,1,7,01 00 00 0F 03 90 DD,OK
2026-09-29T10:24:20.256Z,24838.160,RX,bus,-1,0011DD90,1,5,01 00 00 90 DD,OK
2026-09-29T10:24:20.261Z,24843.097,RX,bus,-1,00012682,1,7,01 00 00 0F 03 82 26,OK
2026-09-29T10:24:20.261Z,24843.179,RX,bus,-1,00112682,1,5,01 00 00 82 26,OK
2026-09-29T10:24:20.266Z,24848.082,RX,bus,-1,00018719,1,7,01 00 00 0F 03 19 87,OK
2026-09-29T10:24:20.266Z,24848.187,RX,bus,-1,00118719,1,5,01 00 00 19 87,OK
2026-09-29T10:24:20.272Z,24853.003,RX,bus,-1,00012FD2,1,7,01 00 00 0F 03 D2 2F,OK
2026-09-29T10:24:20.272Z,24853.169,RX,bus,-1,00112FD2,1,5,01 00 00 D2 2F,OK
2026-09-29T10:24:20.277Z,24858.075,RX,bus,-1,0001EF55,1,7,01 00 00 0F 03 55 EF,OK
2026-09-29T10:24:20.277Z,24858.185,RX,bus,-1,0011EF55,1,5,01 00 00 55 EF,OK
2026-09-29T10:24:20.282Z,24863.019,RX,bus,-1,0001FCA9,1,7,01 00 00 0F 03 A9 FC,OK
2026-09-29T10:24:20.282Z,24863.155,RX,bus,-1,0011FCA9,1,5,01 00 00 A9 FC,OK
2026-09-29T10:24:20.287Z,24868.074,RX,bus,-1,0001B354,1,7,01 00 00 0F 03 54 B3,OK
2026-09-29T10:24:20.287Z,24868.180,RX,bus,-1,0011B354,1,5,01 00 00 54 B3,OK
2026-09-29T10:24:20.292Z,24873.010,RX,bus,-1,0001291A,1,7,01 00 00 0F 03 1A 29,OK
2026-09-29T10:24:20.292Z,24873.152,RX,bus,-1,0011291A,1,5,01 00 00 1A 29,OK
2026-09-29T10:24:20.297Z,24877.934,RX,bus,-1,0001CA76,1,7,01 00 00 0F 03 76 CA,OK
2026-09-29T10:24:20.297Z,24878.183,RX,bus,-1,0011CA76,1,5,01 00 00 76 CA,OK
2026-09-29T10:24:20.302Z,24883.053,RX,bus,-1,0001AE34,1,7,01 00 00 0F 03 34 AE,OK
2026-09-29T10:24:20.302Z,24883.158,RX,bus,-1,0011AE34,1,5,01 00 00 34 AE,OK
2026-09-29T10:24:20.307Z,24887.922,RX,bus,-1,00010D25,1,7,01 00 00 0F 03 25 0D,OK
2026-09-29T10:24:20.307Z,24888.181,RX,bus,-1,00110D25,1,5,01 00 00 25 0D,OK
2026-09-29T10:24:20.312Z,24893.005,RX,bus,-1,000101B5,1,7,01 00 00 0F 03 B5 01,OK
2026-09-29T10:24:20.312Z,24893.180,RX,bus,-1,001101B5,1,5,01 00 00 B5 01,OK
2026-09-29T10:24:20.317Z,24898.037,RX,bus,-1,0001C893,1,7,01 00 00 0F 03 93 C8,OK
2026-09-29T10:24:20.317Z,24898.166,RX,bus,-1,0011C893,1,5,01 00 00 93 C8,OK
2026-09-29T10:24:20.321Z,24903.018,RX,bus,-1,0001E334,1,7,01 00 00 0F 03 34 E3,OK
2026-09-29T10:24:20.321Z,24903.175,RX,bus,-1,0011E334,1,5,01 00 00 34 E3,OK
2026-09-29T10:24:20.326Z,24908.236,RX,bus,-1,0001979A,1,7,01 00 00 0F 03 9A 97,OK
2026-09-29T10:24:20.326Z,24908.280,RX,bus,-1,0011979A,1,5,01 00 00 9A 97,OK
2026-09-29T10:24:20.331Z,24913.209,RX,bus,-1,00019304,1,7,01 00 00 0F 03 04 93,OK
2026-09-29T10:24:20.331Z,24913.250,RX,bus,-1,00119304,1,5,01 00 00 04 93,OK
2026-09-29T10:24:20.336Z,24918.013,RX,bus,-1,000183A4,1,7,01 00 00 0F 03 A4 83,OK
2026-09-29T10:24:20.336Z,24918.152,RX,bus,-1,001183A4,1,5,01 00 00 A4 83,OK
2026-09-29T10:24:20.341Z,24922.950,RX,bus,-1,000124E5,1,7,01 00 00 0F 03 E5 24,OK
2026-09-29T10:24:20.341Z,24923.178,RX,bus,-1,001124E5,1,5,01 00 00 E5 24,OK
2026-09-29T10:24:20.346Z,24927.942,RX,bus,-1,0001C547,1,7,01 00 00 0F 03 47 C5,OK
2026-09-29T10:24:20.346Z,24928.179,RX,bus,-1,0011C547,1,5,01 00 00 47 C5,OK
2026-09-29T10:24:20.351Z,24932.943,RX,bus,-1,00017842,1,7,01 00 00 0F 03 42 78,OK
2026-09-29T10:24:20.351Z,24933.151,RX,bus,-1,00117842,1,5,01 00 00 42 78,OK
2026-09-29T10:24:20.356Z,24937.935,RX,bus,-1,00010B00,1,7,01 00 00 0F 03 00 0B,OK
2026-09-29T10:24:20.356Z,24938.180,RX,bus,-1,00110B00,1,5,01 00 00 00 0B,OK
2026-09-29T10:24:20.361Z,24942.942,RX,bus,-1,00017982,1,7,01 00 00 0F 03 82 79,OK
2026-09-29T10:24:20.361Z,24943.179,RX,bus,-1,00117982,1,5,01 00 00 82 79,OK
2026-09-29T10:24:20.366Z,24947.947,RX,bus,-1,00016528,1,7,01 00 00 0F 03 28 65,OK
2026-09-29T10:24:20.366Z,24948.181,RX,bus,-1,00116528,1,5,01 00 00 28 65,OK
2026-09-29T10:24:20.372Z,24953.082,RX,bus,-1,00013FBD,1,7,01 00 00 0F 03 BD 3F,OK
2026-09-29T10:24:20.372Z,24953.160,RX,bus,-1,00113FBD,1,5,01 00 00 BD 3F,OK
2026-09-29T10:24:20.376Z,24957.907,RX,bus,-1,00015121,1,7,01 00 00 0F 03 21 51,OK
2026-09-29T10:24:20.377Z,24958.150,RX,bus,-1,00115121,1,5,01 00 00 21 51,OK
2026-09-29T10:24:20.382Z,24962.985,RX,bus,-1,0001DFD5,1,7,01 00 00 0F 03 D5 DF,OK
2026-09-29T10:24:20.382Z,24963.171,RX,bus,-1,0011DFD5,1,5,01 00 00 D5 DF,OK
2026-09-29T10:24:20.386Z,24967.939,RX,bus,-1,00016646,1,7,01 00 00 0F 03 46 66,OK
2026-09-29T10:24:20.387Z,24968.136,RX,bus,-1,00116646,1,5,01 00 00 46 66,OK
2026-09-29T10:24:20.391Z,24972.898,RX,bus,-1,000145C3,1,7,01 00 00 0F 03 C3 45,OK
2026-09-29T10:24:20.392Z,24973.126,RX,bus,-1,001145C3,1,5,01 00 00 C3 45,OK
2026-09-29T10:24:20.397Z,24978.143,RX,bus,-1,00017228,1,7,01 00 00 0F 03 28 72,OK
2026-09-29T10:24:20.397Z,24978.220,RX,bus,-1,00117228,1,5,01 00 00 28 72,OK
2026-09-29T10:24:20.402Z,24983.089,RX,bus,-1,0001EE90,1,7,01 00 00 0F 03 90 EE,OK
2026-09-29T10:24:20.402Z,24983.223,RX,bus,-1,0011EE90,1,5,01 00 00 90 EE,OK
2026-09-29T10:24:20.407Z,24987.974,RX,bus,-1,00019E1B,1,7,01 00 00 0F 03 1B 9E,OK
2026-09-29T10:24:20.407Z,24988.229,RX,bus,-1,00119E1B,1,5,01 00 00 1B 9E,OK
2026-09-29T10:24:20.412Z,24993.437,RX,bus,-1,0001F95C,1,7,01 00 00 0F 03 5C F9,OK
2026-09-29T10:24:20.412Z,24993.532,RX,bus,-1,0011F95C,1,5,01 00 00 5C F9,OK
2026-09-29T10:24:20.417Z,24998.469,RX,bus,-1,0001FF21,1,7,01 00 00 0F 03 21 FF,OK
2026-09-29T10:24:20.417Z,24998.560,RX,bus,-1,0011FF21,1,5,01 00 00 21 FF,OK
2026-09-29T10:24:20.422Z,25003.115,RX,bus,-1,00015F5E,1,7,01 00 00 0F 03 5E 5F,OK
2026-09-29T10:24:20.422Z,25003.209,RX,bus,-1,00115F5E,1,5,01 00 00 5E 5F,OK
2026-09-29T10:24:20.427Z,25008.063,RX,bus,-1,0001A1B6,1,7,01 00 00 0F 03 B6 A1,OK
2026-09-29T10:24:20.427Z,25008.108,RX,bus,-1,0011A1B6,1,5,01 00 00 B6 A1,OK
2026-09-29T10:24:20.432Z,25013.091,RX,bus,-1,0001C6BC,1,7,01 00 00 0F 03 BC C6,OK
2026-09-29T10:24:20.432Z,25013.133,RX,bus,-1,0011C6BC,1,5,01 00 00 BC C6,OK
2026-09-29T10:24:20.437Z,25018.091,RX,bus,-1,00014606,1,7,01 00 00 0F 03 06 46,OK
2026-09-29T10:24:20.437Z,25018.176,RX,bus,-1,00114606,1,5,01 00 00 06 46,OK
2026-09-29T10:24:20.441Z,25022.916,RX,bus,-1,00019DB7,1,7,01 00 00 0F 03 B7 9D,OK
2026-09-29T10:24:20.441Z,25023.145,RX,bus,-1,00119DB7,1,5,01 00 00 B7 9D,OK
2026-09-29T10:24:20.446Z,25027.917,RX,bus,-1,00019D9D,1,7,01 00 00 0F 03 9D 9D,OK
2026-09-29T10:24:20.446Z,25028.145,RX,bus,-1,00119D9D,1,5,01 00 00 9D 9D,OK
2026-09-29T10:24:20.451Z,25032.915,RX,bus,-1,00013776,1,7,01 00 00 0F 03 76 37,OK
2026-09-29T10:24:20.451Z,25033.143,RX,bus,-1,00113776,1,5,01 00 00 76 37,OK
2026-09-29T10:24:20.456Z,25037.912,RX,bus,-1,0001B685,1,7,01 00 00 0F 03 85 B6,OK
2026-09-29T10:24:20.456Z,25038.154,RX,bus,-1,0011B685,1,5,01 00 00 85 B6,OK
2026-09-29T10:24:20.461Z,25042.922,RX,bus,-1,00015977,1,7,01 00 00 0F 03 77 59,OK
2026-09-29T10:24:20.461Z,25043.157,RX,bus,-1,00115977,1,5,01 00 00 77 59,OK
2026-09-29T10:24:20.466Z,25047.916,RX,bus,-1,00011475,1,7,01 00 00 0F 03 75 14,OK
2026-09-29T10:24:20.466Z,25048.155,RX,bus,-1,00111475,1,5,01 00 00 75 14,OK
2026-09-29T10:24:20.472Z,25053.077,RX,bus,-1,00010470,1,7,01 00 00 0F 03 70 04,OK
2026-09-29T10:24:20.472Z,25053.120,RX,bus,-1,00110470,1,5,01 00 00 70 04,OK
2026-09-29T10:24:20.477Z,25058.074,RX,bus,-1,00012B80,1,7,01 00 00 0F 03 80 2B,OK
2026-09-29T10:24:20.477Z,25058.161,RX,bus,-1,00112B80,1,5,01 00 00 80 2B,OK
2026-09-29T10:24:20.482Z,25063.084,RX,bus,-1,0001152C,1,7,01 00 00 0F 03 2C 15,OK
2026-09-29T10:24:20.482Z,25063.133,RX,bus,-1,0011152C,1,5,01 00 00 2C 15,OK
2026-09-29T10:24:20.487Z,25068.074,RX,bus,-1,0001C062,1,7,01 00 00 0F 03 62 C0,OK
2026-09-29T10:24:20.487Z,25068.150,RX,bus,-1,0011C062,1,5,01 00 00 62 C0,OK
2026-09-29T10:24:20.492Z,25073.072,RX,bus,-1,0001259A,1,7,01 00 00 0F 03 9A 25,OK
2026-09-29T10:24:20.492Z,25073.115,RX,bus,-1,0011259A,1,5,01 00 00 9A 25,OK
2026-09-29T10:24:20.497Z,25078.075,RX,bus,-1,00012158,1,7,01 00 00 0F 03 58 21,OK
2026-09-29T10:24:20.497Z,25078.150,RX,bus,-1,00112158,1,5,01 00 00 58 21,OK
2026-09-29T10:24:20.502Z,25083.072,RX,bus,-1,0001B031,1,7,01 00 00 0F 03 31 B0,OK
2026-09-29T10:24:20.502Z,25083.114,RX,bus,-1,0011B031,1,5,01 00 00 31 B0,OK
2026-09-29T10:24:20.507Z,25088.125,RX,bus,-1,0001572E,1,7,01 00 00 0F 03 2E 57,OK
2026-09-29T10:24:20.507Z,25088.202,RX,bus,-1,0011572E,1,5,01 00 00 2E 57,OK
2026-09-29T10:24:20.512Z,25093.064,RX,bus,-1,0001CF5D,1,7,01 00 00 0F 03 5D CF,OK
2026-09-29T10:24:20.512Z,25093.165,RX,bus,-1,0011CF5D,1,5,01 00 00 5D CF,OK
2026-09-29T10:24:20.516Z,25098.065,RX,bus,-1,000138E9,1,7,01 00 00 0F 03 E9 38,OK
2026-09-29T10:24:20.516Z,25098.143,RX,bus,-1,001138E9,1,5,01 00 00 E9 38,OK
2026-09-29T10:24:20.521Z,25102.919,RX,bus,-1,00010C7E,1,7,01 00 00 0F 03 7E 0C,OK
2026-09-29T10:24:20.521Z,25103.146,RX,bus,-1,00110C7E,1,5,01 00 00 7E 0C,OK
2026-09-29T10:24:20.526Z,25107.954,RX,bus,-1,00014D2C,1,7,01 00 00 0F 03 2C 4D,OK
2026-09-29T10:24:20.526Z,25108.189,RX,bus,-1,00114D2C,1,5,01 00 00 2C 4D,OK
2026-09-29T10:24:20.531Z,25112.898,RX,bus,-1,000195D3,1,7,01 00 00 0F 03 D3 95,OK
2026-09-29T10:24:20.531Z,25113.112,RX,bus,-1,001195D3,1,5,01 00 00 D3 95,OK
2026-09-29T10:24:20.536Z,25117.916,RX,bus,-1,00015353,1,7,01 00 00 0F 03 53 53,OK
2026-09-29T10:24:20.536Z,25118.150,RX,bus,-1,00115353,1,5,01 00 00 53 53,OK
2026-09-29T10:24:20.541Z,25122.912,RX,bus,-1,0001803D,1,7,01 00 00 0F 03 3D 80,OK
2026-09-29T10:24:20.542Z,25123.120,RX,bus,-1,0011803D,1,5,01 00 00 3D 80,OK
2026-09-29T10:24:20.546Z,25127.919,RX,bus,-1,0001D6D9,1,7,01 00 00 0F 03 D9 D6,OK
2026-09-29T10:24:20.547Z,25128.109,RX,bus,-1,0011D6D9,1,5,01 00 00 D9 D6,OK
2026-09-29T10:24:20.551Z,25132.913,RX,bus,-1,000185BB,1,7,01 00 00 0F 03 BB 85,OK
2026-09-29T10:24:20.552Z,25133.107,RX,bus,-1,001185BB,1,5,01 00 00 BB 85,OK
2026-09-29T10:24:20.556Z,25137.957,RX,bus,-1,0001027D,1,7,01 00 00 0F 03 7D 02,OK
2026-09-29T10:24:20.557Z,25138.241,RX,bus,-1,0011027D,1,5,01 00 00 7D 02,OK
2026-09-29T10:24:20.561Z,25142.959,RX,bus,-1,00017B1C,1,7,01 00 00 0F 03 1C 7B,OK
2026-09-29T10:24:20.562Z,25143.145,RX,bus,-1,00117B1C,1,5,01 00 00 1C 7B,OK
2026-09-29T10:24:20.566Z,25147.951,RX,bus,-1,00017947,1,7,01 00 00 0F 03 47 79,OK
2026-09-29T10:24:20.566Z,25148.196,RX,bus,-1,00117947,1,5,01 00 00 47 79,OK
2026-09-29T10:24:20.572Z,25152.947,RX,bus,-1,00011B2A,1,7,01 00 00 0F 03 2A 1B,OK
2026-09-29T10:24:20.572Z,25153.198,RX,bus,-1,00111B2A,1,5,01 00 00 2A 1B,OK
2026-09-29T10:24:20.577Z,25157.949,RX,bus,-1,0001CA5A,1,7,01 00 00 0F 03 5A CA,OK
2026-09-29T10:24:20.577Z,25158.199,RX,bus,-1,0011CA5A,1,5,01 00 00 5A CA,OK
2026-09-29T10:24:20.582Z,25162.957,RX,bus,-1,00010764,1,7,01 00 00 0F 03 64 07,OK
2026-09-29T10:24:20.582Z,25163.196,RX,bus,-1,00110764,1,5,01 00 00 64 07,OK
2026-09-29T10:24:20.587Z,25167.922,RX,bus,-1,00010D39,1,7,01 00 00 0F 03 39 0D,OK
2026-09-29T10:24:20.587Z,25168.198,RX,bus,-1,00110D39,1,5,01 00 00 39 0D,OK
2026-09-29T10:24:20.592Z,25172.939,RX,bus,-1,00015601,1,7,01 00 00 0F 03 01 56,OK
2026-09-29T10:24:20.592Z,25173.199,RX,bus,-1,00115601,1,5,01 00 00 01 56,OK
2026-09-29T10:24:20.597Z,25177.904,RX,bus,-1,00017AE9,1,7,01 00 00 0F 03 E9 7A,OK
2026-09-29T10:24:20.597Z,25178.167,RX,bus,-1,00117AE9,1,5,01 00 00 E9 7A,OK
2026-09-29T10:24:20.602Z,25182.981,RX,bus,-1,00016ECC,1,7,01 00 00 0F 03 CC 6E,OK
2026-09-29T10:24:20.602Z,25183.197,RX,bus,-1,00116ECC,1,5,01 00 00 CC 6E,OK
2026-09-29T10:24:20.607Z,25187.951,RX,bus,-1,00016D0D,1,7,01 00 00 0F 03 0D 6D,OK
2026-09-29T10:24:20.607Z,25188.195,RX,bus,-1,00116D0D,1,5,01 00 00 0D 6D,OK
2026-09-29T10:24:20.612Z,25192.889,RX,bus,-1,0001E021,1,7,01 00 00 0F 03 21 E0,OK
2026-09-29T10:24:20.612Z,25193.177,RX,bus,-1,0011E021,1,5,01 00 00 21 E0,OK
2026-09-29T10:24:20.617Z,25197.932,RX,bus,-1,000176FD,1,7,01 00 00 0F 03 FD 76,OK
2026-09-29T10:24:20.617Z,25198.172,RX,bus,-1,001176FD,1,5,01 00 00 FD 76,OK
2026-09-29T10:24:20.621Z,25202.926,RX,bus,-1,0001BB0D,1,7,01 00 00 0F 03 0D BB,OK
2026-09-29T10:24:20.621Z,25203.169,RX,bus,-1,0011BB0D,1,5,01 00 00 0D BB,OK
2026-09-29T10:24:20.626Z,25207.951,RX,bus,-1,0001555D,1,7,01 00 00 0F 03 5D 55,OK
2026-09-29T10:24:20.626Z,25208.197,RX,bus,-1,0011555D,1,5,01 00 00 5D 55,OK
2026-09-29T10:24:20.631Z,25212.925,RX,bus,-1,00010960,1,7,01 00 00 0F 03 60 09,OK
2026-09-29T10:24:20.631Z,25213.166,RX,bus,-1,00110960,1,5,01 00 00 60 09,OK
2026-09-29T10:24:20.636Z,25217.932,RX,bus,-1,00010FC0,1,7,01 00 00 0F 03 C0 0F,OK
2026-09-29T10:24:20.636Z,25218.175,RX,bus,-1,00110FC0,1,5,01 00 00 C0 0F,OK
2026-09-29T10:24:20.642Z,25222.912,RX,bus,-1,00014235,1,7,01 00 00 0F 04 35 42,OK
2026-09-29T10:24:20.642Z,25223.171,RX,bus,-1,00114235,1,5,01 00 00 35 42,OK
2026-09-29T10:24:20.647Z,25227.927,RX,bus,-1,00013864,1,7,01 00 00 0F 03 64 38,OK
2026-09-29T10:24:20.647Z,25228.174,RX,bus,-1,00113864,1,5,01 00 00 64 38,OK
2026-09-29T10:24:20.652Z,25232.957,RX,bus,-1,0001D939,1,7,01 00 00 0F 03 39 D9,OK
2026-09-29T10:24:20.652Z,25233.160,RX,bus,-1,0011D939,1,5,01 00 00 39 D9,OK
2026-09-29T10:24:20.657Z,25237.901,RX,bus,-1,0001C0F8,1,7,01 00 00 0F 03 F8 C0,OK
2026-09-29T10:24:20.657Z,25238.178,RX,bus,-1,0011C0F8,1,5,01 00 00 F8 C0,OK
2026-09-29T10:24:20.662Z,25242.929,RX,bus,-1,00013EBB,1,7,01 00 00 0F 03 BB 3E,OK
2026-09-29T10:24:20.662Z,25243.163,RX,bus,-1,00113EBB,1,5,01 00 00 BB 3E,OK
2026-09-29T10:24:20.667Z,25247.926,RX,bus,-1,00010020,1,7,01 00 00 0F 03 20 00,OK
2026-09-29T10:24:20.667Z,25248.165,RX,bus,-1,00110020,1,5,01 00 00 20 00,OK
2026-09-29T10:24:20.671Z,25252.930,RX,bus,-1,00012646,1,7,01 00 00 0F 03 46 26,OK
2026-09-29T10:24:20.671Z,25253.176,RX,bus,-1,00112646,1,5,01 00 00 46 26,OK
2026-09-29T10:24:20.676Z,25257.925,RX,bus,-1,00019A07,1,7,01 00 00 0F 03 07 9A,OK
2026-09-29T10:24:20.676Z,25258.173,RX,bus,-1,00119A07,1,5,01 00 00 07 9A,OK
2026-09-29T10:24:20.681Z,25262.929,RX,bus,-1,00016756,1,7,01 00 00 0F 03 56 67,OK
2026-09-29T10:24:20.681Z,25263.171,RX,bus,-1,00116756,1,5,01 00 00 56 67,OK
2026-09-29T10:24:20.686Z,25267.929,RX,bus,-1,0001EB3B,1,7,01 00 00 0F 03 3B EB,OK
2026-09-29T10:24:20.686Z,25268.166,RX,bus,-1,0011EB3B,1,5,01 00 00 3B EB,OK
2026-09-29T10:24:20.691Z,25272.925,RX,bus,-1,00019F6D,1,7,01 00 00 0F 03 6D 9F,OK
2026-09-29T10:24:20.691Z,25273.161,RX,bus,-1,00119F6D,1,5,01 00 00 6D 9F,OK
2026-09-29T10:24:20.697Z,25277.988,RX,bus,-1,000177B3,1,7,01 00 00 0F 03 B3 77,OK
2026-09-29T10:24:20.697Z,25278.188,RX,bus,-1,001177B3,1,5,01 00 00 B3 77,OK
2026-09-29T10:24:20.702Z,25283.480,RX,bus,-1,00016A8D,1,7,01 00 00 0F 03 8D 6A,OK
2026-09-29T10:24:20.702Z,25283.577,RX,bus,-1,00116A8D,1,5,01 00 00 8D 6A,OK
2026-09-29T10:24:20.707Z,25288.005,RX,bus,-1,000148A9,1,7,01 00 00 0F 03 A9 48,OK
2026-09-29T10:24:20.707Z,25288.193,RX,bus,-1,001148A9,1,5,01 00 00 A9 48,OK
2026-09-29T10:24:20.712Z,25293.019,RX,bus,-1,0001D6DC,1,7,01 00 00 0F 03 DC D6,OK
2026-09-29T10:24:20.712Z,25293.124,RX,bus,-1,0011D6DC,1,5,01 00 00 DC D6,OK
2026-09-29T10:24:20.717Z,25298.435,RX,bus,-1,000166AA,1,7,01 00 00 0F 03 AA 66,OK
2026-09-29T10:24:20.717Z,25298.528,RX,bus,-1,001166AA,1,5,01 00 00 AA 66,OK
2026-09-29T10:24:20.722Z,25303.077,RX,bus,-1,00018E0C,1,7,01 00 00 0F 03 0C 8E,OK
2026-09-29T10:24:20.722Z,25303.171,RX,bus,-1,00118E0C,1,5,01 00 00 0C 8E,OK
2026-09-29T10:24:20.727Z,25308.132,RX,bus,-1,00017211,1,7,01 00 00 0F 03 11 72,OK
2026-09-29T10:24:20.727Z,25308.224,RX,bus,-1,00117211,1,5,01 00 00 11 72,OK
2026-09-29T10:24:20.732Z,25313.199,RX,bus,-1,00016EB5,1,7,01 00 00 0F 03 B5 6E,OK
2026-09-29T10:24:20.732Z,25313.291,RX,bus,-1,00116EB5,1,5,01 00 00 B5 6E,OK
2026-09-29T10:24:20.737Z,25318.256,RX,bus,-1,0001DEC3,1,7,01 00 00 0F 03 C3 DE,OK
2026-09-29T10:24:20.737Z,25318.349,RX,bus,-1,0011DEC3,1,5,01 00 00 C3 DE,OK
2026-09-29T10:24:20.742Z,25323.391,RX,bus,-1,00013DBC,1,7,01 00 00 0F 03 BC 3D,OK
2026-09-29T10:24:20.742Z,25323.482,RX,bus,-1,00113DBC,1,5,01 00 00 BC 3D,OK
2026-09-29T10:24:20.747Z,25328.390,RX,bus,-1,000164EC,1,7,01 00 00 0F 03 EC 64,OK
2026-09-29T10:24:20.747Z,25328.482,RX,bus,-1,001164EC,1,5,01 00 00 EC 64,OK
2026-09-29T10:24:20.752Z,25333.353,RX,bus,-1,00010388,1,7,01 00 00 0F 03 88 03,OK
2026-09-29T10:24:20.752Z,25333.446,RX,bus,-1,00110388,1,5,01 00 00 88 03,OK
2026-09-29T10:24:20.757Z,25338.510,RX,bus,-1,00012F05,1,7,01 00 00 0F 03 05 2F,OK
2026-09-29T10:24:20.757Z,25338.602,RX,bus,-1,00112F05,1,5,01 00 00 05 2F,OK
2026-09-29T10:24:20.762Z,25343.322,RX,bus,-1,00019690,1,7,01 00 00 0F 03 90 96,OK
2026-09-29T10:24:20.762Z,25343.416,RX,bus,-1,00119690,1,5,01 00 00 90 96,OK
2026-09-29T10:24:20.767Z,25348.418,RX,bus,-1,0001BA6D,1,7,01 00 00 0F 03 6D BA,OK
2026-09-29T10:24:20.767Z,25348.510,RX,bus,-1,0011BA6D,1,5,01 00 00 6D BA,OK
2026-09-29T10:24:20.772Z,25353.320,RX,bus,-1,00014884,1,7,01 00 00 0F 03 84 48,OK
2026-09-29T10:24:20.772Z,25353.414,RX,bus,-1,00114884,1,5,01 00 00 84 48,OK
2026-09-29T10:24:20.777Z,25358.538,RX,bus,-1,0001AA67,1,7,01 00 00 0F 03 67 AA,OK
2026-09-29T10:24:20.777Z,25358.632,RX,bus,-1,0011AA67,1,5,01 00 00 67 AA,OK
2026-09-29T10:24:20.782Z,25363.370,RX,bus,-1,0001F120,1,7,01 00 00 0F 03 20 F1,OK
2026-09-29T10:24:20.782Z,25363.462,RX,bus,-1,0011F120,1,5,01 00 00 20 F1,OK
2026-09-29T10:24:20.786Z,25367.986,RX,bus,-1,00016A26,1,7,01 00 00 0F 03 26 6A,OK
2026-09-29T10:24:20.786Z,25368.138,RX,bus,-1,00116A26,1,5,01 00 00 26 6A,OK
2026-09-29T10:24:20.792Z,25373.428,RX,bus,-1,0001316C,1,7,01 00 00 0F 03 6C 31,OK
2026-09-29T10:24:20.792Z,25373.520,RX,bus,-1,0011316C,1,5,01 00 00 6C 31,OK
2026-09-29T10:24:20.796Z,25377.898,RX,bus,-1,0001195C,1,7,01 00 00 0F 03 5C 19,OK
2026-09-29T10:24:20.796Z,25378.127,RX,bus,-1,0011195C,1,5,01 00 00 5C 19,OK
2026-09-29T10:24:20.801Z,25383.045,RX,bus,-1,000187F7,1,7,01 00 00 0F 03 F7 87,OK
2026-09-29T10:24:20.801Z,25383.092,RX,bus,-1,001187F7,1,5,01 00 00 F7 87,OK
2026-09-29T10:24:20.806Z,25388.040,RX,bus,-1,00019B67,1,7,01 00 00 0F 03 67 9B,OK
2026-09-29T10:24:20.806Z,25388.129,RX,bus,-1,00119B67,1,5,01 00 00 67 9B,OK
2026-09-29T10:24:20.811Z,25393.031,RX,bus,-1,0001D64A,1,7,01 00 00 0F 03 4A D6,OK
2026-09-29T10:24:20.811Z,25393.129,RX,bus,-1,0011D64A,1,5,01 00 00 4A D6,OK
2026-09-29T10:24:20.816Z,25398.029,RX,bus,-1,0001F80C,1,7,01 00 00 0F 03 0C F8,OK
2026-09-29T10:24:20.816Z,25398.108,RX,bus,-1,0011F80C,1,5,01 00 00 0C F8,OK
2026-09-29T10:24:20.822Z,25403.004,RX,bus,-1,0001E9AB,1,7,01 00 00 0F 03 AB E9,OK
2026-09-29T10:24:20.822Z,25403.126,RX,bus,-1,0011E9AB,1,5,01 00 00 AB E9,OK
2026-09-29T10:24:20.827Z,25408.036,RX,bus,-1,00016D65,1,7,01 00 00 0F 03 65 6D,OK
2026-09-29T10:24:20.827Z,25408.135,RX,bus,-1,00116D65,1,5,01 00 00 65 6D,OK
2026-09-29T10:24:20.832Z,25412.971,RX,bus,-1,0001A8E5,1,7,01 00 00 0F 03 E5 A8,OK
2026-09-29T10:24:20.832Z,25413.102,RX,bus,-1,0011A8E5,1,5,01 00 00 E5 A8,OK
2026-09-29T10:24:20.837Z,25418.009,RX,bus,-1,0001C962,1,7,01 00 00 0F 03 62 C9,OK
2026-09-29T10:24:20.837Z,25418.123,RX,bus,-1,0011C962,1,5,01 00 00 62 C9,OK
2026-09-29T10:24:20.841Z,25423.034,RX,bus,-1,0001A2B1,1,7,01 00 00 0F 03 B1 A2,OK
2026-09-29T10:24:20.841Z,25423.122,RX,bus,-1,0011A2B1,1,5,01 00 00 B1 A2,OK
2026-09-29T10:24:20.846Z,25428.164,RX,bus,-1,0001D61E,1,7,01 00 00 0F 03 1E D6,OK
2026-09-29T10:24:20.846Z,25428.208,RX,bus,-1,0011D61E,1,5,01 00 00 1E D6,OK
2026-09-29T10:24:20.851Z,25432.953,RX,bus,-1,00016FF3,1,7,01 00 00 0F 03 F3 6F,OK
2026-09-29T10:24:20.851Z,25433.099,RX,bus,-1,00116FF3,1,5,01 00 00 F3 6F,OK
2026-09-29T10:24:20.856Z,25437.936,RX,bus,-1,000162CA,1,7,01 00 00 0F 03 CA 62,OK
2026-09-29T10:24:20.856Z,25438.128,RX,bus,-1,001162CA,1,5,01 00 00 CA 62,OK
2026-09-29T10:24:20.861Z,25443.010,RX,bus,-1,0001BAEC,1,7,01 00 00 0F 03 EC BA,OK
2026-09-29T10:24:20.861Z,25443.097,RX,bus,-1,0011BAEC,1,5,01 00 00 EC BA,OK
2026-09-29T10:24:20.866Z,25447.929,RX,bus,-1,000167FE,1,7,01 00 00 0F 03 FE 67,OK
2026-09-29T10:24:20.866Z,25448.097,RX,bus,-1,001167FE,1,5,01 00 00 FE 67,OK
2026-09-29T10:24:20.872Z,25453.060,RX,bus,-1,0001580D,1,7,01 00 00 0F 03 0D 58,OK
2026-09-29T10:24:20.872Z,25453.147,RX,bus,-1,0011580D,1,5,01 00 00 0D 58,OK
2026-09-29T10:24:20.877Z,25457.999,RX,bus,-1,000140B6,1,7,01 00 00 0F 03 B6 40,OK
2026-09-29T10:24:20.877Z,25458.103,RX,bus,-1,001140B6,1,5,01 00 00 B6 40,OK
2026-09-29T10:24:20.882Z,25463.043,RX,bus,-1,00014F0A,1,7,01 00 00 0F 03 0A 4F,OK
2026-09-29T10:24:20.882Z,25463.121,RX,bus,-1,00114F0A,1,5,01 00 00 0A 4F,OK
2026-09-29T10:24:20.887Z,25467.855,RX,bus,-1,00012240,1,7,01 00 00 0F 03 40 22,OK
2026-09-29T10:24:20.887Z,25468.099,RX,bus,-1,00112240,1,5,01 00 00 40 22,OK
2026-09-29T10:24:20.892Z,25473.044,RX,bus,-1,00011A66,1,7,01 00 00 0F 03 66 1A,OK
2026-09-29T10:24:20.892Z,25473.129,RX,bus,-1,00111A66,1,5,01 00 00 66 1A,OK
2026-09-29T10:24:20.897Z,25478.005,RX,bus,-1,0001E3E5,1,7,01 00 00 0F 03 E5 E3,OK
2026-09-29T10:24:20.897Z,25478.102,RX,bus,-1,0011E3E5,1,5,01 00 00 E5 E3,OK
2026-09-29T10:24:20.902Z,25483.001,RX,bus,-1,0001258E,1,7,01 00 00 0F 03 8E 25,OK
2026-09-29T10:24:20.902Z,25483.105,RX,bus,-1,0011258E,1,5,01 00 00 8E 25,OK
2026-09-29T10:24:20.907Z,25488.004,RX,bus,-1,00014814,1,7,01 00 00 0F 03 14 48,OK
2026-09-29T10:24:20.907Z,25488.099,RX,bus,-1,00114814,1,5,01 00 00 14 48,OK
2026-09-29T10:24:20.912Z,25493.054,RX,bus,-1,0001E13A,1,7,01 00 00 0F 03 3A E1,OK
2026-09-29T10:24:20.912Z,25493.138,RX,bus,-1,0011E13A,1,5,01 00 00 3A E1,OK
2026-09-29T10:24:20.917Z,25498.042,RX,bus,-1,00010362,1,7,01 00 00 0F 03 62 03,OK
2026-09-29T10:24:20.917Z,25498.102,RX,bus,-1,00110362,1,5,01 00 00 62 03,OK
2026-09-29T10:24:20.921Z,25502.911,RX,bus,-1,00012FAB,1,7,01 00 00 0F 03 AB 2F,OK
2026-09-29T10:24:20.921Z,25503.096,RX,bus,-1,00112FAB,1,5,01 00 00 AB 2F,OK
2026-09-29T10:24:20.926Z,25507.815,RX,bus,-1,00012A85,1,7,01 00 00 0F 03 85 2A,OK
2026-09-29T10:24:20.926Z,25508.086,RX,bus,-1,00112A85,1,5,01 00 00 85 2A,OK
2026-09-29T10:24:20.931Z,25512.870,RX,bus,-1,00018E07,1,7,01 00 00 0F 03 07 8E,OK
2026-09-29T10:24:20.931Z,25513.100,RX,bus,-1,00118E07,1,5,01 00 00 07 8E,OK
2026-09-29T10:24:20.936Z,25517.864,RX,bus,-1,0001F34C,1,7,01 00 00 0F 03 4C F3,OK
2026-09-29T10:24:20.936Z,25518.101,RX,bus,-1,0011F34C,1,5,01 00 00 4C F3,OK
2026-09-29T10:24:20.942Z,25523.065,RX,bus,-1,000121D7,1,7,01 00 00 0F 03 D7 21,OK
2026-09-29T10:24:20.942Z,25523.146,RX,bus,-1,001121D7,1,5,01 00 00 D7 21,OK
2026-09-29T10:24:20.947Z,25528.010,RX,bus,-1,0001F518,1,7,01 00 00 0F 03 18 F5,OK
2026-09-29T10:24:20.947Z,25528.104,RX,bus,-1,0011F518,1,5,01 00 00 18 F5,OK
2026-09-29T10:24:20.952Z,25533.046,RX,bus,-1,0001957D,1,7,01 00 00 0F 03 7D 95,OK
2026-09-29T10:24:20.952Z,25533.103,RX,bus,-1,0011957D,1,5,01 00 00 7D 95,OK
2026-09-29T10:24:20.957Z,25538.009,RX,bus,-1,0001EC5A,1,7,01 00 00 0F 03 5A EC,OK
2026-09-29T10:24:20.957Z,25538.102,RX,bus,-1,0011EC5A,1,5,01 00 00 5A EC,OK
2026-09-29T10:24:20.962Z,25543.017,RX,bus,-1,0001081A,1,7,01 00 00 0F 03 1A 08,OK
2026-09-29T10:24:20.962Z,25543.061,RX,bus,-1,0011081A,1,5,01 00 00 1A 08,OK
2026-09-29T10:24:20.967Z,25548.092,RX,bus,-1,00018134,1,7,01 00 00 0F 03 34 81,OK
2026-09-29T10:24:20.967Z,25548.180,RX,bus,-1,00118134,1,5,01 00 00 34 81,OK
2026-09-29T10:24:20.971Z,25552.869,RX,bus,-1,00013535,1,7,01 00 00 0F 03 35 35,OK
2026-09-29T10:24:20.971Z,25553.083,RX,bus,-1,00113535,1,5,01 00 00 35 35,OK
2026-09-29T10:24:20.976Z,25557.866,RX,bus,-1,00016C1D,1,7,01 00 00 0F 03 1D 6C,OK
2026-09-29T10:24:20.976Z,25558.100,RX,bus,-1,00116C1D,1,5,01 00 00 1D 6C,OK
2026-09-29T10:24:20.981Z,25562.866,RX,bus,-1,0001D229,1,7,01 00 00 0F 03 29 D2,OK
2026-09-29T10:24:20.981Z,25563.097,RX,bus,-1,0011D229,1,5,01 00 00 29 D2,OK
2026-09-29T10:24:20.986Z,25567.877,RX,bus,-1,00013444,1,7,01 00 00 0F 03 44 34,OK
2026-09-29T10:24:20.986Z,25568.102,RX,bus,-1,00113444,1,5,01 00 00 44 34,OK
2026-09-29T10:24:20.991Z,25572.864,RX,bus,-1,00017323,1,7,01 00 00 0F 03 23 73,OK
2026-09-29T10:24:20.991Z,25573.096,RX,bus,-1,00117323,1,5,01 00 00 23 73,OK
2026-09-29T10:24:20.996Z,25577.865,RX,bus,-1,00016A03,1,7,01 00 00 0F 03 03 6A,OK
2026-09-29T10:24:20.996Z,25578.101,RX,bus,-1,00116A03,1,5,01 00 00 03 6A,OK
2026-09-29T10:24:21.001Z,25582.872,RX,bus,-1,0001DF36,1,7,01 00 00 0F 03 36 DF,OK
2026-09-29T10:24:21.001Z,25583.094,RX,bus,-1,0011DF36,1,5,01 00 00 36 DF,OK
2026-09-29T10:24:21.006Z,25587.866,RX,bus,-1,0001B09C,1,7,01 00 00 0F 03 9C B0,OK
2026-09-29T10:24:21.006Z,25588.078,RX,bus,-1,0011B09C,1,5,01 00 00 9C B0,OK
2026-09-29T10:24:21.011Z,25592.867,RX,bus,-1,00012ECC,1,7,01 00 00 0F 03 CC 2E,OK
2026-09-29T10:24:21.011Z,25593.099,RX,bus,-1,00112ECC,1,5,01 00 00 CC 2E,OK
2026-09-29T10:24:21.016Z,25597.864,RX,bus,-1,0001AD1F,1,7,01 00 00 0F 03 1F AD,OK
2026-09-29T10:24:21.016Z,25598.095,RX,bus,-1,0011AD1F,1,5,01 00 00 1F AD,OK
2026-09-29T10:24:21.022Z,25603.060,RX,bus,-1,00018D84,1,7,01 00 00 0F 03 84 8D,OK
2026-09-29T10:24:21.022Z,25603.117,RX,bus,-1,00118D84,1,5,01 00 00 84 8D,OK
2026-09-29T10:24:21.027Z,25608.033,RX,bus,-1,0001C91F,1,7,01 00 00 0F 03 1F C9,OK
2026-09-29T10:24:21.027Z,25608.112,RX,bus,-1,0011C91F,1,5,01 00 00 1F C9,OK
2026-09-29T10:24:21.032Z,25613.083,RX,bus,-1,00012837,1,7,01 00 00 0F 03 37 28,OK
2026-09-29T10:24:21.032Z,25613.163,RX,bus,-1,00112837,1,5,01 00 00 37 28,OK
2026-09-29T10:24:21.037Z,25618.018,RX,bus,-1,000136A9,1,7,01 00 00 0F 03 A9 36,OK
2026-09-29T10:24:21.037Z,25618.096,RX,bus,-1,001136A9,1,5,01 00 00 A9 36,OK
2026-09-29T10:24:21.041Z,25622.948,RX,bus,-1,0001D9BC,1,7,01 00 00 0F 03 BC D9,OK
2026-09-29T10:24:21.041Z,25623.074,RX,bus,-1,0011D9BC,1,5,01 00 00 BC D9,OK
2026-09-29T10:24:21.046Z,25627.865,RX,bus,-1,00012F9C,1,7,01 00 00 0F 03 9C 2F,OK
2026-09-29T10:24:21.046Z,25628.102,RX,bus,-1,00112F9C,1,5,01 00 00 9C 2F,OK
2026-09-29T10:24:21.051Z,25632.867,RX,bus,-1,000134A4,1,7,01 00 00 0F 03 A4 34,OK
2026-09-29T10:24:21.051Z,25633.097,RX,bus,-1,001134A4,1,5,01 00 00 A4 34,OK
2026-09-29T10:24:21.056Z,25637.862,RX,bus,-1,00017146,1,7,01 00 00 0F 03 46 71,OK
2026-09-29T10:24:21.056Z,25638.106,RX,bus,-1,00117146,1,5,01 00 00 46 71,OK
2026-09-29T10:24:21.061Z,25642.837,RX,bus,-1,0001DA02,1,7,01 00 00 0F 03 02 DA,OK
2026-09-29T10:24:21.061Z,25643.066,RX,bus,-1,0011DA02,1,5,01 00 00 02 DA,OK
2026-09-29T10:24:21.066Z,25647.869,RX,bus,-1,00015DFC,1,7,01 00 00 0F 03 FC 5D,OK
2026-09-29T10:24:21.066Z,25648.102,RX,bus,-1,00115DFC,1,5,01 00 00 FC 5D,OK
2026-09-29T10:24:21.071Z,25652.872,RX,bus,-1,00011CFE,1,7,01 00 00 0F 03 FE 1C,OK
2026-09-29T10:24:21.072Z,25653.159,RX,bus,-1,00111CFE,1,5,01 00 00 FE 1C,OK
2026-09-29T10:24:21.076Z,25657.991,RX,bus,-1,00019508,1,7,01 00 00 0F 03 08 95,OK
2026-09-29T10:24:21.077Z,25658.153,RX,bus,-1,00119508,1,5,01 00 00 08 95,OK
2026-09-29T10:24:21.082Z,25663.043,RX,bus,-1,000154C5,1,7,01 00 00 0F 03 C5 54,OK
2026-09-29T10:24:21.082Z,25663.138,RX,bus,-1,001154C5,1,5,01 00 00 C5 54,OK
2026-09-29T10:24:21.086Z,25667.996,RX,bus,-1,00015E1D,1,7,01 00 00 0F 03 1D 5E,OK
