utc,host_rel_ms,adapter,direction,phase,trial,condition,probe_family_hex,probe_token_hex,can_id_hex,family_hex,token_hex,extended,dlc,data_hex,is_error,status
2026-09-30T13:08:37.935Z,143.324,observer,RX,initializing,0,stopped,,,0001540B,0001,540B,1,7,01 00 00 0F 03 0B 54,0,OK
2026-09-30T13:08:37.935Z,143.544,observer,RX,initializing,0,stopped,,,0011540B,0011,540B,1,5,01 00 00 0B 54,0,OK
2026-09-30T13:08:37.935Z,143.695,observer,RX,baseline,0,stopped,,,0001B38C,0001,B38C,1,7,01 00 00 0F 03 8C B3,0,OK
2026-09-30T13:08:37.935Z,143.79,observer,RX,baseline,0,stopped,,,0011B38C,0011,B38C,1,5,01 00 00 8C B3,0,OK
2026-09-30T13:08:37.935Z,143.92,observer,RX,baseline,0,stopped,,,000105C0,0001,05C0,1,7,01 00 00 0F 03 C0 05,0,OK
2026-09-30T13:08:37.935Z,143.989,observer,RX,baseline,0,stopped,,,001105C0,0011,05C0,1,5,01 00 00 C0 05,0,OK
2026-09-30T13:08:37.936Z,144.666,observer,RX,baseline,0,stopped,,,0001BE88,0001,BE88,1,7,01 00 00 0F 03 88 BE,0,OK
2026-09-30T13:08:37.936Z,144.74,observer,RX,baseline,0,stopped,,,0011BE88,0011,BE88,1,5,01 00 00 88 BE,0,OK
2026-09-30T13:08:37.938Z,146.846,observer,RX,baseline,0,stopped,,,0001D112,0001,D112,1,7,01 00 00 0F 03 12 D1,0,OK
2026-09-30T13:08:37.938Z,147.098,observer,RX,baseline,0,stopped,,,0011D112,0011,D112,1,5,01 00 00 12 D1,0,OK
2026-09-30T13:08:37.943Z,151.853,observer,RX,baseline,0,stopped,,,0001B255,0001,B255,1,7,01 00 00 0F 03 55 B2,0,OK
2026-09-30T13:08:37.943Z,152.099,observer,RX,baseline,0,stopped,,,0011B255,0011,B255,1,5,01 00 00 55 B2,0,OK
2026-09-30T13:08:37.948Z,156.9,observer,RX,baseline,0,stopped,,,0001DD6C,0001,DD6C,1,7,01 00 00 0F 03 6C DD,0,OK
2026-09-30T13:08:37.948Z,157.103,observer,RX,baseline,0,stopped,,,0011DD6C,0011,DD6C,1,5,01 00 00 6C DD,0,OK
2026-09-30T13:08:37.953Z,161.997,observer,RX,baseline,0,stopped,,,00015358,0001,5358,1,7,01 00 00 0F 03 58 53,0,OK
2026-09-30T13:08:37.953Z,162.09,observer,RX,baseline,0,stopped,,,00115358,0011,5358,1,5,01 00 00 58 53,0,OK
2026-09-30T13:08:37.958Z,166.984,observer,RX,baseline,0,stopped,,,0001EC5A,0001,EC5A,1,7,01 00 00 0F 03 5A EC,0,OK
2026-09-30T13:08:37.958Z,167.06,observer,RX,baseline,0,stopped,,,0011EC5A,0011,EC5A,1,5,01 00 00 5A EC,0,OK
2026-09-30T13:08:37.963Z,171.906,observer,RX,baseline,0,stopped,,,0001CF72,0001,CF72,1,7,01 00 00 0F 03 72 CF,0,OK
2026-09-30T13:08:37.963Z,172.098,observer,RX,baseline,0,stopped,,,0011CF72,0011,CF72,1,5,01 00 00 72 CF,0,OK
2026-09-30T13:08:37.968Z,177.014,observer,RX,baseline,0,stopped,,,0001D0A6,0001,D0A6,1,7,01 00 00 0F 03 A6 D0,0,OK
2026-09-30T13:08:37.968Z,177.088,observer,RX,baseline,0,stopped,,,0011D0A6,0011,D0A6,1,5,01 00 00 A6 D0,0,OK
2026-09-30T13:08:37.973Z,181.989,observer,RX,baseline,0,stopped,,,0001ACD5,0001,ACD5,1,7,01 00 00 0F 03 D5 AC,0,OK
2026-09-30T13:08:37.973Z,182.064,observer,RX,baseline,0,stopped,,,0011ACD5,0011,ACD5,1,5,01 00 00 D5 AC,0,OK
2026-09-30T13:08:37.978Z,186.913,observer,RX,baseline,0,stopped,,,0001877F,0001,877F,1,7,01 00 00 0F 03 7F 87,0,OK
2026-09-30T13:08:37.978Z,187.053,observer,RX,baseline,0,stopped,,,0011877F,0011,877F,1,5,01 00 00 7F 87,0,OK
2026-09-30T13:08:37.983Z,191.977,observer,RX,baseline,0,stopped,,,0001A505,0001,A505,1,7,01 00 00 0F 03 05 A5,0,OK
2026-09-30T13:08:37.983Z,192.053,observer,RX,baseline,0,stopped,,,0011A505,0011,A505,1,5,01 00 00 05 A5,0,OK
2026-09-30T13:08:37.988Z,197.074,observer,RX,baseline,0,stopped,,,00013F82,0001,3F82,1,7,01 00 00 0F 03 82 3F,0,OK
2026-09-30T13:08:37.988Z,197.202,observer,RX,baseline,0,stopped,,,00113F82,0011,3F82,1,5,01 00 00 82 3F,0,OK
2026-09-30T13:08:37.993Z,202.149,observer,RX,baseline,0,stopped,,,0001DEF6,0001,DEF6,1,7,01 00 00 0F 03 F6 DE,0,OK
2026-09-30T13:08:37.994Z,202.276,observer,RX,baseline,0,stopped,,,0011DEF6,0011,DEF6,1,5,01 00 00 F6 DE,0,OK
2026-09-30T13:08:37.998Z,207.128,observer,RX,baseline,0,stopped,,,00015A5C,0001,5A5C,1,7,01 00 00 0F 03 5C 5A,0,OK
2026-09-30T13:08:37.999Z,207.265,observer,RX,baseline,0,stopped,,,00115A5C,0011,5A5C,1,5,01 00 00 5C 5A,0,OK
2026-09-30T13:08:38.003Z,212.11,observer,RX,baseline,0,stopped,,,00018F22,0001,8F22,1,7,01 00 00 0F 03 22 8F,0,OK
2026-09-30T13:08:38.004Z,212.365,observer,RX,baseline,0,stopped,,,00118F22,0011,8F22,1,5,01 00 00 22 8F,0,OK
2026-09-30T13:08:38.008Z,217.097,observer,RX,baseline,0,stopped,,,00017468,0001,7468,1,7,01 00 00 0F 03 68 74,0,OK
2026-09-30T13:08:38.009Z,217.234,observer,RX,baseline,0,stopped,,,00117468,0011,7468,1,5,01 00 00 68 74,0,OK
2026-09-30T13:08:38.013Z,222.106,observer,RX,baseline,0,stopped,,,00013A0A,0001,3A0A,1,7,01 00 00 0F 03 0A 3A,0,OK
2026-09-30T13:08:38.014Z,222.234,observer,RX,baseline,0,stopped,,,00113A0A,0011,3A0A,1,5,01 00 00 0A 3A,0,OK
2026-09-30T13:08:38.018Z,227.126,observer,RX,baseline,0,stopped,,,0001D66C,0001,D66C,1,7,01 00 00 0F 03 6C D6,0,OK
2026-09-30T13:08:38.019Z,227.255,observer,RX,baseline,0,stopped,,,0011D66C,0011,D66C,1,5,01 00 00 6C D6,0,OK
2026-09-30T13:08:38.023Z,231.814,observer,RX,baseline,0,stopped,,,00018985,0001,8985,1,7,01 00 00 0F 03 85 89,0,OK
2026-09-30T13:08:38.023Z,232.111,observer,RX,baseline,0,stopped,,,00118985,0011,8985,1,5,01 00 00 85 89,0,OK
2026-09-30T13:08:38.028Z,236.826,observer,RX,baseline,0,stopped,,,0001F85F,0001,F85F,1,7,01 00 00 0F 03 5F F8,0,OK
2026-09-30T13:08:38.028Z,237.107,observer,RX,baseline,0,stopped,,,0011F85F,0011,F85F,1,5,01 00 00 5F F8,0,OK
2026-09-30T13:08:38.033Z,241.835,observer,RX,baseline,0,stopped,,,0001FEC9,0001,FEC9,1,7,01 00 00 0F 03 C9 FE,0,OK
2026-09-30T13:08:38.033Z,242.107,observer,RX,baseline,0,stopped,,,0011FEC9,0011,FEC9,1,5,01 00 00 C9 FE,0,OK
2026-09-30T13:08:38.038Z,247.073,observer,RX,baseline,0,stopped,,,0001E4ED,0001,E4ED,1,7,01 00 00 0F 03 ED E4,0,OK
2026-09-30T13:08:38.038Z,247.183,observer,RX,baseline,0,stopped,,,0011E4ED,0011,E4ED,1,5,01 00 00 ED E4,0,OK
2026-09-30T13:08:38.043Z,251.96,observer,RX,baseline,0,stopped,,,00017308,0001,7308,1,7,01 00 00 0F 03 08 73,0,OK
2026-09-30T13:08:38.043Z,252.043,observer,RX,baseline,0,stopped,,,00117308,0011,7308,1,5,01 00 00 08 73,0,OK
2026-09-30T13:08:38.048Z,256.775,observer,RX,baseline,0,stopped,,,0001D409,0001,D409,1,7,01 00 00 0F 03 09 D4,0,OK
2026-09-30T13:08:38.048Z,257.153,observer,RX,baseline,0,stopped,,,0011D409,0011,D409,1,5,01 00 00 09 D4,0,OK
2026-09-30T13:08:38.053Z,261.926,observer,RX,baseline,0,stopped,,,0001DA28,0001,DA28,1,7,01 00 00 0F 03 28 DA,0,OK
2026-09-30T13:08:38.053Z,262.157,observer,RX,baseline,0,stopped,,,0011DA28,0011,DA28,1,5,01 00 00 28 DA,0,OK
2026-09-30T13:08:38.058Z,266.962,observer,RX,baseline,0,stopped,,,0001C7CA,0001,C7CA,1,7,01 00 00 0F 03 CA C7,0,OK
2026-09-30T13:08:38.058Z,267.06,observer,RX,baseline,0,stopped,,,0011C7CA,0011,C7CA,1,5,01 00 00 CA C7,0,OK
2026-09-30T13:08:38.063Z,271.964,observer,RX,baseline,0,stopped,,,0001F6D2,0001,F6D2,1,7,01 00 00 0F 03 D2 F6,0,OK
2026-09-30T13:08:38.063Z,272.059,observer,RX,baseline,0,stopped,,,0011F6D2,0011,F6D2,1,5,01 00 00 D2 F6,0,OK
2026-09-30T13:08:38.068Z,276.946,observer,RX,baseline,0,stopped,,,0001E56D,0001,E56D,1,7,01 00 00 0F 03 6D E5,0,OK
2026-09-30T13:08:38.068Z,277.108,observer,RX,baseline,0,stopped,,,0011E56D,0011,E56D,1,5,01 00 00 6D E5,0,OK
2026-09-30T13:08:38.073Z,281.984,observer,RX,baseline,0,stopped,,,000180EF,0001,80EF,1,7,01 00 00 0F 03 EF 80,0,OK
2026-09-30T13:08:38.073Z,282.058,observer,RX,baseline,0,stopped,,,001180EF,0011,80EF,1,5,01 00 00 EF 80,0,OK
2026-09-30T13:08:38.078Z,286.956,observer,RX,baseline,0,stopped,,,0001D135,0001,D135,1,7,01 00 00 0F 03 35 D1,0,OK
2026-09-30T13:08:38.078Z,287.104,observer,RX,baseline,0,stopped,,,0011D135,0011,D135,1,5,01 00 00 35 D1,0,OK
2026-09-30T13:08:38.083Z,291.96,observer,RX,baseline,0,stopped,,,0001AF4F,0001,AF4F,1,7,01 00 00 0F 03 4F AF,0,OK
2026-09-30T13:08:38.083Z,292.044,observer,RX,baseline,0,stopped,,,0011AF4F,0011,AF4F,1,5,01 00 00 4F AF,0,OK
2026-09-30T13:08:38.088Z,296.986,observer,RX,baseline,0,stopped,,,00013277,0001,3277,1,7,01 00 00 0F 03 77 32,0,OK
2026-09-30T13:08:38.088Z,297.061,observer,RX,baseline,0,stopped,,,00113277,0011,3277,1,5,01 00 00 77 32,0,OK
2026-09-30T13:08:38.093Z,301.982,observer,RX,baseline,0,stopped,,,00013B0A,0001,3B0A,1,7,01 00 00 0F 03 0A 3B,0,OK
2026-09-30T13:08:38.093Z,302.056,observer,RX,baseline,0,stopped,,,00113B0A,0011,3B0A,1,5,01 00 00 0A 3B,0,OK
2026-09-30T13:08:38.098Z,306.864,observer,RX,baseline,0,stopped,,,00015216,0001,5216,1,7,01 00 00 0F 03 16 52,0,OK
2026-09-30T13:08:38.098Z,307.096,observer,RX,baseline,0,stopped,,,00115216,0011,5216,1,5,01 00 00 16 52,0,OK
2026-09-30T13:08:38.103Z,311.991,observer,RX,baseline,0,stopped,,,000132E2,0001,32E2,1,7,01 00 00 0F 03 E2 32,0,OK
2026-09-30T13:08:38.103Z,312.066,observer,RX,baseline,0,stopped,,,001132E2,0011,32E2,1,5,01 00 00 E2 32,0,OK
2026-09-30T13:08:38.108Z,316.85,observer,RX,baseline,0,stopped,,,00013C3F,0001,3C3F,1,7,01 00 00 0F 03 3F 3C,0,OK
2026-09-30T13:08:38.108Z,317.106,observer,RX,baseline,0,stopped,,,00113C3F,0011,3C3F,1,5,01 00 00 3F 3C,0,OK
2026-09-30T13:08:38.113Z,321.921,observer,RX,baseline,0,stopped,,,000172A2,0001,72A2,1,7,01 00 00 0F 03 A2 72,0,OK
2026-09-30T13:08:38.113Z,322.099,observer,RX,baseline,0,stopped,,,001172A2,0011,72A2,1,5,01 00 00 A2 72,0,OK
2026-09-30T13:08:38.118Z,326.871,observer,RX,baseline,0,stopped,,,00014F26,0001,4F26,1,7,01 00 00 0F 03 26 4F,0,OK
2026-09-30T13:08:38.118Z,327.106,observer,RX,baseline,0,stopped,,,00114F26,0011,4F26,1,5,01 00 00 26 4F,0,OK
2026-09-30T13:08:38.123Z,331.807,observer,RX,baseline,0,stopped,,,00011E5B,0001,1E5B,1,7,01 00 00 0F 03 5B 1E,0,OK
2026-09-30T13:08:38.123Z,332.106,observer,RX,baseline,0,stopped,,,00111E5B,0011,1E5B,1,5,01 00 00 5B 1E,0,OK
2026-09-30T13:08:38.128Z,336.874,observer,RX,baseline,0,stopped,,,00014F0C,0001,4F0C,1,7,01 00 00 0F 03 0C 4F,0,OK
2026-09-30T13:08:38.128Z,337.159,observer,RX,baseline,0,stopped,,,00114F0C,0011,4F0C,1,5,01 00 00 0C 4F,0,OK
2026-09-30T13:08:38.133Z,341.978,observer,RX,baseline,0,stopped,,,00013EEB,0001,3EEB,1,7,01 00 00 0F 03 EB 3E,0,OK
2026-09-30T13:08:38.133Z,342.09,observer,RX,baseline,0,stopped,,,00113EEB,0011,3EEB,1,5,01 00 00 EB 3E,0,OK
2026-09-30T13:08:38.138Z,346.962,observer,RX,baseline,0,stopped,,,00015CD9,0001,5CD9,1,7,01 00 00 0F 03 D9 5C,0,OK
2026-09-30T13:08:38.138Z,347.07,observer,RX,baseline,0,stopped,,,00115CD9,0011,5CD9,1,5,01 00 00 D9 5C,0,OK
2026-09-30T13:08:38.143Z,351.97,observer,RX,baseline,0,stopped,,,0001352A,0001,352A,1,7,01 00 00 0F 03 2A 35,0,OK
2026-09-30T13:08:38.143Z,352.079,observer,RX,baseline,0,stopped,,,0011352A,0011,352A,1,5,01 00 00 2A 35,0,OK
2026-09-30T13:08:38.148Z,356.792,observer,RX,baseline,0,stopped,,,0001BB16,0001,BB16,1,7,01 00 00 0F 03 16 BB,0,OK
2026-09-30T13:08:38.148Z,357.108,observer,RX,baseline,0,stopped,,,0011BB16,0011,BB16,1,5,01 00 00 16 BB,0,OK
2026-09-30T13:08:38.153Z,361.77,observer,RX,baseline,0,stopped,,,0001FEBB,0001,FEBB,1,7,01 00 00 0F 03 BB FE,0,OK
2026-09-30T13:08:38.153Z,362.106,observer,RX,baseline,0,stopped,,,0011FEBB,0011,FEBB,1,5,01 00 00 BB FE,0,OK
2026-09-30T13:08:38.158Z,366.781,observer,RX,baseline,0,stopped,,,000175FF,0001,75FF,1,7,01 00 00 0F 03 FF 75,0,OK
2026-09-30T13:08:38.158Z,367.108,observer,RX,baseline,0,stopped,,,001175FF,0011,75FF,1,5,01 00 00 FF 75,0,OK
2026-09-30T13:08:38.163Z,371.803,observer,RX,baseline,0,stopped,,,00015B50,0001,5B50,1,7,01 00 00 0F 03 50 5B,0,OK
2026-09-30T13:08:38.163Z,372.112,observer,RX,baseline,0,stopped,,,00115B50,0011,5B50,1,5,01 00 00 50 5B,0,OK
2026-09-30T13:08:38.168Z,376.81,observer,RX,baseline,0,stopped,,,00014E0E,0001,4E0E,1,7,01 00 00 0F 03 0E 4E,0,OK
2026-09-30T13:08:38.168Z,377.106,observer,RX,baseline,0,stopped,,,00114E0E,0011,4E0E,1,5,01 00 00 0E 4E,0,OK
2026-09-30T13:08:38.173Z,381.819,observer,RX,baseline,0,stopped,,,0001EADE,0001,EADE,1,7,01 00 00 0F 03 DE EA,0,OK
2026-09-30T13:08:38.173Z,382.106,observer,RX,baseline,0,stopped,,,0011EADE,0011,EADE,1,5,01 00 00 DE EA,0,OK
2026-09-30T13:08:38.178Z,386.81,observer,RX,baseline,0,stopped,,,0001BD29,0001,BD29,1,7,01 00 00 0F 03 29 BD,0,OK
2026-09-30T13:08:38.178Z,387.106,observer,RX,baseline,0,stopped,,,0011BD29,0011,BD29,1,5,01 00 00 29 BD,0,OK
2026-09-30T13:08:38.183Z,391.811,observer,RX,baseline,0,stopped,,,0001AD18,0001,AD18,1,7,01 00 00 0F 03 18 AD,0,OK
2026-09-30T13:08:38.183Z,392.108,observer,RX,baseline,0,stopped,,,0011AD18,0011,AD18,1,5,01 00 00 18 AD,0,OK
2026-09-30T13:08:38.188Z,396.813,observer,RX,baseline,0,stopped,,,00017D5E,0001,7D5E,1,7,01 00 00 0F 03 5E 7D,0,OK
2026-09-30T13:08:38.188Z,397.106,observer,RX,baseline,0,stopped,,,00117D5E,0011,7D5E,1,5,01 00 00 5E 7D,0,OK
2026-09-30T13:08:38.193Z,401.961,observer,RX,baseline,0,stopped,,,00018C2B,0001,8C2B,1,7,01 00 00 0F 03 2B 8C,0,OK
2026-09-30T13:08:38.193Z,402.082,observer,RX,baseline,0,stopped,,,00118C2B,0011,8C2B,1,5,01 00 00 2B 8C,0,OK
2026-09-30T13:08:38.198Z,406.96,observer,RX,baseline,0,stopped,,,000158CC,0001,58CC,1,7,01 00 00 0F 03 CC 58,0,OK
2026-09-30T13:08:38.198Z,407.043,observer,RX,baseline,0,stopped,,,001158CC,0011,58CC,1,5,01 00 00 CC 58,0,OK
2026-09-30T13:08:38.203Z,411.963,observer,RX,baseline,0,stopped,,,00019889,0001,9889,1,7,01 00 00 0F 03 89 98,0,OK
2026-09-30T13:08:38.203Z,412.046,observer,RX,baseline,0,stopped,,,00119889,0011,9889,1,5,01 00 00 89 98,0,OK
2026-09-30T13:08:38.208Z,416.96,observer,RX,baseline,0,stopped,,,0001CD2F,0001,CD2F,1,7,01 00 00 0F 03 2F CD,0,OK
2026-09-30T13:08:38.208Z,417.045,observer,RX,baseline,0,stopped,,,0011CD2F,0011,CD2F,1,5,01 00 00 2F CD,0,OK
2026-09-30T13:08:38.213Z,421.96,observer,RX,baseline,0,stopped,,,00017D54,0001,7D54,1,7,01 00 00 0F 03 54 7D,0,OK
2026-09-30T13:08:38.213Z,422.043,observer,RX,baseline,0,stopped,,,00117D54,0011,7D54,1,5,01 00 00 54 7D,0,OK
2026-09-30T13:08:38.218Z,426.799,observer,RX,baseline,0,stopped,,,00013A26,0001,3A26,1,7,01 00 00 0F 03 26 3A,0,OK
2026-09-30T13:08:38.218Z,427.112,observer,RX,baseline,0,stopped,,,00113A26,0011,3A26,1,5,01 00 00 26 3A,0,OK
2026-09-30T13:08:38.223Z,431.81,observer,RX,baseline,0,stopped,,,0001EC99,0001,EC99,1,7,01 00 00 0F 03 99 EC,0,OK
2026-09-30T13:08:38.223Z,432.098,observer,RX,baseline,0,stopped,,,0011EC99,0011,EC99,1,5,01 00 00 99 EC,0,OK
2026-09-30T13:08:38.228Z,436.891,observer,RX,baseline,0,stopped,,,0001142E,0001,142E,1,7,01 00 00 0F 03 2E 14,0,OK
2026-09-30T13:08:38.228Z,437.147,observer,RX,baseline,0,stopped,,,0011142E,0011,142E,1,5,01 00 00 2E 14,0,OK
2026-09-30T13:08:38.233Z,441.951,observer,RX,baseline,0,stopped,,,0001B880,0001,B880,1,7,01 00 00 0F 03 80 B8,0,OK
2026-09-30T13:08:38.233Z,442.065,observer,RX,baseline,0,stopped,,,0011B880,0011,B880,1,5,01 00 00 80 B8,0,OK
2026-09-30T13:08:38.238Z,446.813,observer,RX,baseline,0,stopped,,,0001F6E3,0001,F6E3,1,7,01 00 00 0F 03 E3 F6,0,OK
2026-09-30T13:08:38.238Z,447.108,observer,RX,baseline,0,stopped,,,0011F6E3,0011,F6E3,1,5,01 00 00 E3 F6,0,OK
2026-09-30T13:08:38.243Z,451.816,observer,RX,baseline,0,stopped,,,0001D622,0001,D622,1,7,01 00 00 0F 03 22 D6,0,OK
2026-09-30T13:08:38.243Z,452.092,observer,RX,baseline,0,stopped,,,0011D622,0011,D622,1,5,01 00 00 22 D6,0,OK
2026-09-30T13:08:38.248Z,456.812,observer,RX,baseline,0,stopped,,,0001D40D,0001,D40D,1,7,01 00 00 0F 03 0D D4,0,OK
2026-09-30T13:08:38.248Z,457.11,observer,RX,baseline,0,stopped,,,0011D40D,0011,D40D,1,5,01 00 00 0D D4,0,OK
2026-09-30T13:08:38.254Z,462.218,observer,RX,baseline,0,stopped,,,0001609A,0001,609A,1,7,01 00 00 0F 03 9A 60,0,OK
2026-09-30T13:08:38.254Z,462.347,observer,RX,baseline,0,stopped,,,0011609A,0011,609A,1,5,01 00 00 9A 60,0,OK
2026-09-30T13:08:38.259Z,467.212,observer,RX,baseline,0,stopped,,,0001897F,0001,897F,1,7,01 00 00 0F 03 7F 89,0,OK
2026-09-30T13:08:38.259Z,467.342,observer,RX,baseline,0,stopped,,,0011897F,0011,897F,1,5,01 00 00 7F 89,0,OK
2026-09-30T13:08:38.264Z,472.233,observer,RX,baseline,0,stopped,,,00010295,0001,0295,1,7,01 00 00 0F 03 95 02,0,OK
2026-09-30T13:08:38.264Z,472.36,observer,RX,baseline,0,stopped,,,00110295,0011,0295,1,5,01 00 00 95 02,0,OK
2026-09-30T13:08:38.269Z,477.297,observer,RX,baseline,0,stopped,,,00018ACB,0001,8ACB,1,7,01 00 00 0F 03 CB 8A,0,OK
2026-09-30T13:08:38.269Z,477.424,observer,RX,baseline,0,stopped,,,00118ACB,0011,8ACB,1,5,01 00 00 CB 8A,0,OK
2026-09-30T13:08:38.274Z,482.425,observer,RX,baseline,0,stopped,,,00013E66,0001,3E66,1,7,01 00 00 0F 03 66 3E,0,OK
2026-09-30T13:08:38.274Z,482.552,observer,RX,baseline,0,stopped,,,00113E66,0011,3E66,1,5,01 00 00 66 3E,0,OK
2026-09-30T13:08:38.279Z,487.238,observer,RX,baseline,0,stopped,,,00013869,0001,3869,1,7,01 00 00 0F 03 69 38,0,OK
2026-09-30T13:08:38.279Z,487.373,observer,RX,baseline,0,stopped,,,00113869,0011,3869,1,5,01 00 00 69 38,0,OK
2026-09-30T13:08:38.284Z,492.242,observer,RX,baseline,0,stopped,,,0001A86F,0001,A86F,1,7,01 00 00 0F 03 6F A8,0,OK
2026-09-30T13:08:38.284Z,492.377,observer,RX,baseline,0,stopped,,,0011A86F,0011,A86F,1,5,01 00 00 6F A8,0,OK
2026-09-30T13:08:38.288Z,496.853,observer,RX,baseline,0,stopped,,,0001E8B3,0001,E8B3,1,7,01 00 00 0F 03 B3 E8,0,OK
2026-09-30T13:08:38.288Z,497.079,observer,RX,baseline,0,stopped,,,0011E8B3,0011,E8B3,1,5,01 00 00 B3 E8,0,OK
2026-09-30T13:08:38.293Z,501.805,observer,RX,baseline,0,stopped,,,00013D58,0001,3D58,1,7,01 00 00 0F 03 58 3D,0,OK
2026-09-30T13:08:38.293Z,502.098,observer,RX,baseline,0,stopped,,,00113D58,0011,3D58,1,5,01 00 00 58 3D,0,OK
2026-09-30T13:08:38.298Z,506.809,observer,RX,baseline,0,stopped,,,000157EB,0001,57EB,1,7,01 00 00 0F 03 EB 57,0,OK
2026-09-30T13:08:38.298Z,507.1,observer,RX,baseline,0,stopped,,,001157EB,0011,57EB,1,5,01 00 00 EB 57,0,OK
2026-09-30T13:08:38.303Z,511.808,observer,RX,baseline,0,stopped,,,0001A16E,0001,A16E,1,7,01 00 00 0F 03 6E A1,0,OK
2026-09-30T13:08:38.303Z,512.1,observer,RX,baseline,0,stopped,,,0011A16E,0011,A16E,1,5,01 00 00 6E A1,0,OK
2026-09-30T13:08:38.308Z,516.988,observer,RX,baseline,0,stopped,,,00014B25,0001,4B25,1,7,01 00 00 0F 03 25 4B,0,OK
2026-09-30T13:08:38.308Z,517.116,observer,RX,baseline,0,stopped,,,00114B25,0011,4B25,1,5,01 00 00 25 4B,0,OK
2026-09-30T13:08:38.313Z,522.026,observer,RX,baseline,0,stopped,,,00011424,0001,1424,1,7,01 00 00 0F 03 24 14,0,OK
2026-09-30T13:08:38.313Z,522.156,observer,RX,baseline,0,stopped,,,00111424,0011,1424,1,5,01 00 00 24 14,0,OK
2026-09-30T13:08:38.318Z,527.004,observer,RX,baseline,0,stopped,,,00010ACB,0001,0ACB,1,7,01 00 00 0F 03 CB 0A,0,OK
2026-09-30T13:08:38.318Z,527.142,observer,RX,baseline,0,stopped,,,00110ACB,0011,0ACB,1,5,01 00 00 CB 0A,0,OK
2026-09-30T13:08:38.324Z,532.366,observer,RX,baseline,0,stopped,,,00016682,0001,6682,1,7,01 00 00 0F 03 82 66,0,OK
2026-09-30T13:08:38.324Z,532.496,observer,RX,baseline,0,stopped,,,00116682,0011,6682,1,5,01 00 00 82 66,0,OK
2026-09-30T13:08:38.329Z,537.271,observer,RX,baseline,0,stopped,,,0001E816,0001,E816,1,7,01 00 00 0F 03 16 E8,0,OK
2026-09-30T13:08:38.329Z,537.402,observer,RX,baseline,0,stopped,,,0011E816,0011,E816,1,5,01 00 00 16 E8,0,OK
2026-09-30T13:08:38.334Z,542.225,observer,RX,baseline,0,stopped,,,0001D113,0001,D113,1,7,01 00 00 0F 03 13 D1,0,OK
2026-09-30T13:08:38.334Z,542.353,observer,RX,baseline,0,stopped,,,0011D113,0011,D113,1,5,01 00 00 13 D1,0,OK
2026-09-30T13:08:38.338Z,546.849,observer,RX,baseline,0,stopped,,,000131B0,0001,31B0,1,7,01 00 00 0F 03 B0 31,0,OK
2026-09-30T13:08:38.338Z,547.048,observer,RX,baseline,0,stopped,,,001131B0,0011,31B0,1,5,01 00 00 B0 31,0,OK
2026-09-30T13:08:38.344Z,552.29,observer,RX,baseline,0,stopped,,,00013585,0001,3585,1,7,01 00 00 0F 03 85 35,0,OK
2026-09-30T13:08:38.344Z,552.417,observer,RX,baseline,0,stopped,,,00113585,0011,3585,1,5,01 00 00 85 35,0,OK
2026-09-30T13:08:38.349Z,557.277,observer,RX,baseline,0,stopped,,,00013A58,0001,3A58,1,7,01 00 00 0F 03 58 3A,0,OK
2026-09-30T13:08:38.349Z,557.405,observer,RX,baseline,0,stopped,,,00113A58,0011,3A58,1,5,01 00 00 58 3A,0,OK
2026-09-30T13:08:38.354Z,562.282,observer,RX,baseline,0,stopped,,,0001621A,0001,621A,1,7,01 00 00 0F 03 1A 62,0,OK
2026-09-30T13:08:38.354Z,562.41,observer,RX,baseline,0,stopped,,,0011621A,0011,621A,1,5,01 00 00 1A 62,0,OK
2026-09-30T13:08:38.359Z,567.257,observer,RX,baseline,0,stopped,,,00012945,0001,2945,1,7,01 00 00 0F 03 45 29,0,OK
2026-09-30T13:08:38.359Z,567.383,observer,RX,baseline,0,stopped,,,00112945,0011,2945,1,5,01 00 00 45 29,0,OK
2026-09-30T13:08:38.364Z,572.301,observer,RX,baseline,0,stopped,,,00010CA9,0001,0CA9,1,7,01 00 00 0F 03 A9 0C,0,OK
2026-09-30T13:08:38.364Z,572.428,observer,RX,baseline,0,stopped,,,00110CA9,0011,0CA9,1,5,01 00 00 A9 0C,0,OK
2026-09-30T13:08:38.368Z,577.168,observer,RX,baseline,0,stopped,,,00013699,0001,3699,1,7,01 00 00 0F 03 99 36,0,OK
2026-09-30T13:08:38.369Z,577.3,observer,RX,baseline,0,stopped,,,00113699,0011,3699,1,5,01 00 00 99 36,0,OK
2026-09-30T13:08:38.373Z,581.811,observer,RX,baseline,0,stopped,,,000120AC,0001,20AC,1,7,01 00 00 0F 03 AC 20,0,OK
2026-09-30T13:08:38.373Z,582.058,observer,RX,baseline,0,stopped,,,001120AC,0011,20AC,1,5,01 00 00 AC 20,0,OK
2026-09-30T13:08:38.378Z,586.739,observer,RX,baseline,0,stopped,,,0001A31F,0001,A31F,1,7,01 00 00 0F 03 1F A3,0,OK
2026-09-30T13:08:38.378Z,587.106,observer,RX,baseline,0,stopped,,,0011A31F,0011,A31F,1,5,01 00 00 1F A3,0,OK
2026-09-30T13:08:38.383Z,591.781,observer,RX,baseline,0,stopped,,,0001D7B4,0001,D7B4,1,7,01 00 00 0F 03 B4 D7,0,OK
2026-09-30T13:08:38.383Z,592.099,observer,RX,baseline,0,stopped,,,0011D7B4,0011,D7B4,1,5,01 00 00 B4 D7,0,OK
2026-09-30T13:08:38.388Z,596.971,observer,RX,baseline,0,stopped,,,0001A92D,0001,A92D,1,7,01 00 00 0F 03 2D A9,0,OK
2026-09-30T13:08:38.388Z,597.062,observer,RX,baseline,0,stopped,,,0011A92D,0011,A92D,1,5,01 00 00 2D A9,0,OK
2026-09-30T13:08:38.393Z,601.834,observer,RX,baseline,0,stopped,,,0001754A,0001,754A,1,7,01 00 00 0F 03 4A 75,0,OK
2026-09-30T13:08:38.393Z,602.099,observer,RX,baseline,0,stopped,,,0011754A,0011,754A,1,5,01 00 00 4A 75,0,OK
2026-09-30T13:08:38.398Z,606.831,observer,RX,baseline,0,stopped,,,00015D5F,0001,5D5F,1,7,01 00 00 0F 03 5F 5D,0,OK
2026-09-30T13:08:38.398Z,607.092,observer,RX,baseline,0,stopped,,,00115D5F,0011,5D5F,1,5,01 00 00 5F 5D,0,OK
2026-09-30T13:08:38.403Z,611.73,observer,RX,baseline,0,stopped,,,000152EE,0001,52EE,1,7,01 00 00 0F 03 EE 52,0,OK
2026-09-30T13:08:38.403Z,612.103,observer,RX,baseline,0,stopped,,,001152EE,0011,52EE,1,5,01 00 00 EE 52,0,OK
2026-09-30T13:08:38.408Z,616.805,observer,RX,baseline,0,stopped,,,0001948A,0001,948A,1,7,01 00 00 0F 03 8A 94,0,OK
2026-09-30T13:08:38.408Z,617.102,observer,RX,baseline,0,stopped,,,0011948A,0011,948A,1,5,01 00 00 8A 94,0,OK
2026-09-30T13:08:38.413Z,621.771,observer,RX,baseline,0,stopped,,,000156DE,0001,56DE,1,7,01 00 00 0F 03 DE 56,0,OK
2026-09-30T13:08:38.413Z,622.101,observer,RX,baseline,0,stopped,,,001156DE,0011,56DE,1,5,01 00 00 DE 56,0,OK
2026-09-30T13:08:38.418Z,626.785,observer,RX,baseline,0,stopped,,,00011D15,0001,1D15,1,7,01 00 00 0F 03 15 1D,0,OK
2026-09-30T13:08:38.418Z,627.102,observer,RX,baseline,0,stopped,,,00111D15,0011,1D15,1,5,01 00 00 15 1D,0,OK
2026-09-30T13:08:38.423Z,631.753,observer,RX,baseline,0,stopped,,,00014BD5,0001,4BD5,1,7,01 00 00 0F 03 D5 4B,0,OK
2026-09-30T13:08:38.423Z,632.108,observer,RX,baseline,0,stopped,,,00114BD5,0011,4BD5,1,5,01 00 00 D5 4B,0,OK
2026-09-30T13:08:38.428Z,636.741,observer,RX,baseline,0,stopped,,,00016096,0001,6096,1,7,01 00 00 0F 03 96 60,0,OK
2026-09-30T13:08:38.428Z,637.104,observer,RX,baseline,0,stopped,,,00116096,0011,6096,1,5,01 00 00 96 60,0,OK
2026-09-30T13:08:38.433Z,641.75,observer,RX,baseline,0,stopped,,,0001D9CC,0001,D9CC,1,7,01 00 00 0F 03 CC D9,0,OK
2026-09-30T13:08:38.433Z,642.103,observer,RX,baseline,0,stopped,,,0011D9CC,0011,D9CC,1,5,01 00 00 CC D9,0,OK
2026-09-30T13:08:38.438Z,646.977,observer,RX,baseline,0,stopped,,,0001576A,0001,576A,1,7,01 00 00 0F 03 6A 57,0,OK
2026-09-30T13:08:38.438Z,647.051,observer,RX,baseline,0,stopped,,,0011576A,0011,576A,1,5,01 00 00 6A 57,0,OK
2026-09-30T13:08:38.443Z,651.776,observer,RX,baseline,0,stopped,,,00018F95,0001,8F95,1,7,01 00 00 0F 03 95 8F,0,OK
2026-09-30T13:08:38.443Z,652.097,observer,RX,baseline,0,stopped,,,00118F95,0011,8F95,1,5,01 00 00 95 8F,0,OK
2026-09-30T13:08:38.448Z,656.783,observer,RX,baseline,0,stopped,,,000146A3,0001,46A3,1,7,01 00 00 0F 03 A3 46,0,OK
2026-09-30T13:08:38.448Z,657.098,observer,RX,baseline,0,stopped,,,001146A3,0011,46A3,1,5,01 00 00 A3 46,0,OK
2026-09-30T13:08:38.453Z,661.802,observer,RX,baseline,0,stopped,,,0001CEC4,0001,CEC4,1,7,01 00 00 0F 03 C4 CE,0,OK
2026-09-30T13:08:38.453Z,662.102,observer,RX,baseline,0,stopped,,,0011CEC4,0011,CEC4,1,5,01 00 00 C4 CE,0,OK
2026-09-30T13:08:38.458Z,666.738,observer,RX,baseline,0,stopped,,,0001117C,0001,117C,1,7,01 00 00 0F 03 7C 11,0,OK
2026-09-30T13:08:38.458Z,667.102,observer,RX,baseline,0,stopped,,,0011117C,0011,117C,1,5,01 00 00 7C 11,0,OK
2026-09-30T13:08:38.463Z,671.844,observer,RX,baseline,0,stopped,,,00010B3A,0001,0B3A,1,7,01 00 00 0F 03 3A 0B,0,OK
2026-09-30T13:08:38.463Z,672.099,observer,RX,baseline,0,stopped,,,00110B3A,0011,0B3A,1,5,01 00 00 3A 0B,0,OK
2026-09-30T13:08:38.468Z,676.802,observer,RX,baseline,0,stopped,,,00018E36,0001,8E36,1,7,01 00 00 0F 03 36 8E,0,OK
2026-09-30T13:08:38.468Z,676.92,observer,RX,baseline,0,stopped,,,00118E36,0011,8E36,1,5,01 00 00 36 8E,0,OK
2026-09-30T13:08:38.473Z,681.793,observer,RX,baseline,0,stopped,,,00014158,0001,4158,1,7,01 00 00 0F 03 58 41,0,OK
2026-09-30T13:08:38.473Z,682.101,observer,RX,baseline,0,stopped,,,00114158,0011,4158,1,5,01 00 00 58 41,0,OK
2026-09-30T13:08:38.478Z,687.146,observer,RX,baseline,0,stopped,,,0001B307,0001,B307,1,7,01 00 00 0F 03 07 B3,0,OK
2026-09-30T13:08:38.479Z,687.276,observer,RX,baseline,0,stopped,,,0011B307,0011,B307,1,5,01 00 00 07 B3,0,OK
2026-09-30T13:08:38.483Z,691.899,observer,RX,baseline,0,stopped,,,0001D5A1,0001,D5A1,1,7,01 00 00 0F 03 A1 D5,0,OK
2026-09-30T13:08:38.483Z,692.117,observer,RX,baseline,0,stopped,,,0011D5A1,0011,D5A1,1,5,01 00 00 A1 D5,0,OK
2026-09-30T13:08:38.488Z,697.133,observer,RX,baseline,0,stopped,,,0001EE8A,0001,EE8A,1,7,01 00 00 0F 03 8A EE,0,OK
2026-09-30T13:08:38.489Z,697.26,observer,RX,baseline,0,stopped,,,0011EE8A,0011,EE8A,1,5,01 00 00 8A EE,0,OK
2026-09-30T13:08:38.493Z,702.092,observer,RX,baseline,0,stopped,,,00011651,0001,1651,1,7,01 00 00 0F 03 51 16,0,OK
2026-09-30T13:08:38.494Z,702.219,observer,RX,baseline,0,stopped,,,00111651,0011,1651,1,5,01 00 00 51 16,0,OK
2026-09-30T13:08:38.498Z,706.842,observer,RX,baseline,0,stopped,,,0001CBC8,0001,CBC8,1,7,01 00 00 0F 03 C8 CB,0,OK
2026-09-30T13:08:38.498Z,706.963,observer,RX,baseline,0,stopped,,,0011CBC8,0011,CBC8,1,5,01 00 00 C8 CB,0,OK
2026-09-30T13:08:38.503Z,712.057,observer,RX,baseline,0,stopped,,,00014333,0001,4333,1,7,01 00 00 0F 03 33 43,0,OK
2026-09-30T13:08:38.504Z,712.184,observer,RX,baseline,0,stopped,,,00114333,0011,4333,1,5,01 00 00 33 43,0,OK
2026-09-30T13:08:38.508Z,717.137,observer,RX,baseline,0,stopped,,,0001D0D7,0001,D0D7,1,7,01 00 00 0F 03 D7 D0,0,OK
2026-09-30T13:08:38.509Z,717.265,observer,RX,baseline,0,stopped,,,0011D0D7,0011,D0D7,1,5,01 00 00 D7 D0,0,OK
2026-09-30T13:08:38.513Z,722.042,observer,RX,baseline,0,stopped,,,000191C0,0001,91C0,1,7,01 00 00 0F 03 C0 91,0,OK
2026-09-30T13:08:38.513Z,722.172,observer,RX,baseline,0,stopped,,,001191C0,0011,91C0,1,5,01 00 00 C0 91,0,OK
2026-09-30T13:08:38.518Z,727.084,observer,RX,baseline,0,stopped,,,0001FBA1,0001,FBA1,1,7,01 00 00 0F 03 A1 FB,0,OK
2026-09-30T13:08:38.519Z,727.212,observer,RX,baseline,0,stopped,,,0011FBA1,0011,FBA1,1,5,01 00 00 A1 FB,0,OK
2026-09-30T13:08:38.523Z,732.133,observer,RX,baseline,0,stopped,,,0001EB50,0001,EB50,1,7,01 00 00 0F 03 50 EB,0,OK
2026-09-30T13:08:38.524Z,732.262,observer,RX,baseline,0,stopped,,,0011EB50,0011,EB50,1,5,01 00 00 50 EB,0,OK
2026-09-30T13:08:38.528Z,737.133,observer,RX,baseline,0,stopped,,,0001AB51,0001,AB51,1,7,01 00 00 0F 03 51 AB,0,OK
2026-09-30T13:08:38.529Z,737.261,observer,RX,baseline,0,stopped,,,0011AB51,0011,AB51,1,5,01 00 00 51 AB,0,OK
2026-09-30T13:08:38.533Z,741.805,observer,RX,baseline,0,stopped,,,0001E8D6,0001,E8D6,1,7,01 00 00 0F 03 D6 E8,0,OK
2026-09-30T13:08:38.533Z,741.971,observer,RX,baseline,0,stopped,,,0011E8D6,0011,E8D6,1,5,01 00 00 D6 E8,0,OK
2026-09-30T13:08:38.538Z,747.014,observer,RX,baseline,0,stopped,,,0001997B,0001,997B,1,7,01 00 00 0F 03 7B 99,0,OK
2026-09-30T13:08:38.538Z,747.143,observer,RX,baseline,0,stopped,,,0011997B,0011,997B,1,5,01 00 00 7B 99,0,OK
2026-09-30T13:08:38.543Z,752.172,observer,RX,baseline,0,stopped,,,0001C78B,0001,C78B,1,7,01 00 00 0F 03 8B C7,0,OK
2026-09-30T13:08:38.544Z,752.299,observer,RX,baseline,0,stopped,,,0011C78B,0011,C78B,1,5,01 00 00 8B C7,0,OK
2026-09-30T13:08:38.548Z,757.064,observer,RX,baseline,0,stopped,,,000140F2,0001,40F2,1,7,01 00 00 0F 03 F2 40,0,OK
2026-09-30T13:08:38.549Z,757.2,observer,RX,baseline,0,stopped,,,001140F2,0011,40F2,1,5,01 00 00 F2 40,0,OK
2026-09-30T13:08:38.553Z,762.096,observer,RX,baseline,0,stopped,,,0001DB73,0001,DB73,1,7,01 00 00 0F 03 73 DB,0,OK
2026-09-30T13:08:38.554Z,762.224,observer,RX,baseline,0,stopped,,,0011DB73,0011,DB73,1,5,01 00 00 73 DB,0,OK
2026-09-30T13:08:38.558Z,767.123,observer,RX,baseline,0,stopped,,,0001ACEE,0001,ACEE,1,7,01 00 00 0F 03 EE AC,0,OK
2026-09-30T13:08:38.559Z,767.249,observer,RX,baseline,0,stopped,,,0011ACEE,0011,ACEE,1,5,01 00 00 EE AC,0,OK
2026-09-30T13:08:38.563Z,772.097,observer,RX,baseline,0,stopped,,,0001389A,0001,389A,1,7,01 00 00 0F 03 9A 38,0,OK
2026-09-30T13:08:38.564Z,772.226,observer,RX,baseline,0,stopped,,,0011389A,0011,389A,1,5,01 00 00 9A 38,0,OK
2026-09-30T13:08:38.568Z,777.079,observer,RX,baseline,0,stopped,,,000109F7,0001,09F7,1,7,01 00 00 0F 03 F7 09,0,OK
2026-09-30T13:08:38.569Z,777.207,observer,RX,baseline,0,stopped,,,001109F7,0011,09F7,1,5,01 00 00 F7 09,0,OK
2026-09-30T13:08:38.573Z,782.097,observer,RX,baseline,0,stopped,,,00013580,0001,3580,1,7,01 00 00 0F 03 80 35,0,OK
2026-09-30T13:08:38.574Z,782.225,observer,RX,baseline,0,stopped,,,00113580,0011,3580,1,5,01 00 00 80 35,0,OK
2026-09-30T13:08:38.578Z,787.063,observer,RX,baseline,0,stopped,,,0001AAA2,0001,AAA2,1,7,01 00 00 0F 03 A2 AA,0,OK
2026-09-30T13:08:38.579Z,787.193,observer,RX,baseline,0,stopped,,,0011AAA2,0011,AAA2,1,5,01 00 00 A2 AA,0,OK
2026-09-30T13:08:38.583Z,791.844,observer,RX,baseline,0,stopped,,,0001250B,0001,250B,1,7,01 00 00 0F 03 0B 25,0,OK
2026-09-30T13:08:38.583Z,792.081,observer,RX,baseline,0,stopped,,,0011250B,0011,250B,1,5,01 00 00 0B 25,0,OK
2026-09-30T13:08:38.588Z,797.076,observer,RX,baseline,0,stopped,,,0001612A,0001,612A,1,7,01 00 00 0F 03 2A 61,0,OK
2026-09-30T13:08:38.589Z,797.208,observer,RX,baseline,0,stopped,,,0011612A,0011,612A,1,5,01 00 00 2A 61,0,OK
2026-09-30T13:08:38.594Z,802.224,observer,RX,baseline,0,stopped,,,000167FC,0001,67FC,1,7,01 00 00 0F 03 FC 67,0,OK
2026-09-30T13:08:38.594Z,802.352,observer,RX,baseline,0,stopped,,,001167FC,0011,67FC,1,5,01 00 00 FC 67,0,OK
2026-09-30T13:08:38.599Z,807.268,observer,RX,baseline,0,stopped,,,00014372,0001,4372,1,7,01 00 00 0F 03 72 43,0,OK
2026-09-30T13:08:38.599Z,807.396,observer,RX,baseline,0,stopped,,,00114372,0011,4372,1,5,01 00 00 72 43,0,OK
2026-09-30T13:08:38.604Z,812.213,observer,RX,baseline,0,stopped,,,0001E9B6,0001,E9B6,1,7,01 00 00 0F 03 B6 E9,0,OK
2026-09-30T13:08:38.604Z,812.338,observer,RX,baseline,0,stopped,,,0011E9B6,0011,E9B6,1,5,01 00 00 B6 E9,0,OK
2026-09-30T13:08:38.608Z,816.83,observer,RX,baseline,0,stopped,,,0001FDE5,0001,FDE5,1,7,01 00 00 0F 03 E5 FD,0,OK
2026-09-30T13:08:38.608Z,816.97,observer,RX,baseline,0,stopped,,,0011FDE5,0011,FDE5,1,5,01 00 00 E5 FD,0,OK
2026-09-30T13:08:38.614Z,822.218,observer,RX,baseline,0,stopped,,,000115D7,0001,15D7,1,7,01 00 00 0F 03 D7 15,0,OK
2026-09-30T13:08:38.614Z,822.347,observer,RX,baseline,0,stopped,,,001115D7,0011,15D7,1,5,01 00 00 D7 15,0,OK
2026-09-30T13:08:38.619Z,827.229,observer,RX,baseline,0,stopped,,,00012E55,0001,2E55,1,7,01 00 00 0F 03 55 2E,0,OK
2026-09-30T13:08:38.619Z,827.356,observer,RX,baseline,0,stopped,,,00112E55,0011,2E55,1,5,01 00 00 55 2E,0,OK
2026-09-30T13:08:38.623Z,831.831,observer,RX,baseline,0,stopped,,,000193F5,0001,93F5,1,7,01 00 00 0F 03 F5 93,0,OK
2026-09-30T13:08:38.623Z,831.959,observer,RX,baseline,0,stopped,,,001193F5,0011,93F5,1,5,01 00 00 F5 93,0,OK
2026-09-30T13:08:38.628Z,836.855,observer,RX,baseline,0,stopped,,,000122D1,0001,22D1,1,7,01 00 00 0F 03 D1 22,0,OK
2026-09-30T13:08:38.628Z,836.984,observer,RX,baseline,0,stopped,,,001122D1,0011,22D1,1,5,01 00 00 D1 22,0,OK
2026-09-30T13:08:38.633Z,841.821,observer,RX,baseline,0,stopped,,,0001A481,0001,A481,1,7,01 00 00 0F 03 81 A4,0,OK
2026-09-30T13:08:38.633Z,841.95,observer,RX,baseline,0,stopped,,,0011A481,0011,A481,1,5,01 00 00 81 A4,0,OK
2026-09-30T13:08:38.639Z,847.232,observer,RX,baseline,0,stopped,,,00010CFD,0001,0CFD,1,7,01 00 00 0F 03 FD 0C,0,OK
2026-09-30T13:08:38.639Z,847.407,observer,RX,baseline,0,stopped,,,00110CFD,0011,0CFD,1,5,01 00 00 FD 0C,0,OK
2026-09-30T13:08:38.643Z,852.152,observer,RX,baseline,0,stopped,,,0001C595,0001,C595,1,7,01 00 00 0F 03 95 C5,0,OK
2026-09-30T13:08:38.644Z,852.279,observer,RX,baseline,0,stopped,,,0011C595,0011,C595,1,5,01 00 00 95 C5,0,OK
2026-09-30T13:08:38.648Z,856.823,observer,RX,baseline,0,stopped,,,0001F971,0001,F971,1,7,01 00 00 0F 03 71 F9,0,OK
2026-09-30T13:08:38.648Z,856.954,observer,RX,baseline,0,stopped,,,0011F971,0011,F971,1,5,01 00 00 71 F9,0,OK
2026-09-30T13:08:38.653Z,861.833,observer,RX,baseline,0,stopped,,,0001D440,0001,D440,1,7,01 00 00 0F 03 40 D4,0,OK
2026-09-30T13:08:38.653Z,861.965,observer,RX,baseline,0,stopped,,,0011D440,0011,D440,1,5,01 00 00 40 D4,0,OK
2026-09-30T13:08:38.659Z,867.282,observer,RX,baseline,0,stopped,,,0001333B,0001,333B,1,7,01 00 00 0F 03 3B 33,0,OK
2026-09-30T13:08:38.659Z,867.41,observer,RX,baseline,0,stopped,,,0011333B,0011,333B,1,5,01 00 00 3B 33,0,OK
2026-09-30T13:08:38.664Z,872.212,observer,RX,baseline,0,stopped,,,0001F68A,0001,F68A,1,7,01 00 00 0F 03 8A F6,0,OK
2026-09-30T13:08:38.664Z,872.342,observer,RX,baseline,0,stopped,,,0011F68A,0011,F68A,1,5,01 00 00 8A F6,0,OK
2026-09-30T13:08:38.669Z,877.304,observer,RX,baseline,0,stopped,,,0001E662,0001,E662,1,7,01 00 00 0F 03 62 E6,0,OK
2026-09-30T13:08:38.669Z,877.433,observer,RX,baseline,0,stopped,,,0011E662,0011,E662,1,5,01 00 00 62 E6,0,OK
2026-09-30T13:08:38.674Z,882.198,observer,RX,baseline,0,stopped,,,00013C44,0001,3C44,1,7,01 00 00 0F 03 44 3C,0,OK
2026-09-30T13:08:38.674Z,882.327,observer,RX,baseline,0,stopped,,,00113C44,0011,3C44,1,5,01 00 00 44 3C,0,OK
2026-09-30T13:08:38.679Z,887.296,observer,RX,baseline,0,stopped,,,00016528,0001,6528,1,7,01 00 00 0F 03 28 65,0,OK
2026-09-30T13:08:38.679Z,887.424,observer,RX,baseline,0,stopped,,,00116528,0011,6528,1,5,01 00 00 28 65,0,OK
2026-09-30T13:08:38.684Z,892.253,observer,RX,baseline,0,stopped,,,00014C65,0001,4C65,1,7,01 00 00 0F 03 65 4C,0,OK
2026-09-30T13:08:38.684Z,892.38,observer,RX,baseline,0,stopped,,,00114C65,0011,4C65,1,5,01 00 00 65 4C,0,OK
2026-09-30T13:08:38.689Z,897.307,observer,RX,baseline,0,stopped,,,0001D25E,0001,D25E,1,7,01 00 00 0F 03 5E D2,0,OK
2026-09-30T13:08:38.689Z,897.437,observer,RX,baseline,0,stopped,,,0011D25E,0011,D25E,1,5,01 00 00 5E D2,0,OK
2026-09-30T13:08:38.693Z,901.812,observer,RX,baseline,0,stopped,,,0001F67B,0001,F67B,1,7,01 00 00 0F 03 7B F6,0,OK
2026-09-30T13:08:38.693Z,901.951,observer,RX,baseline,0,stopped,,,0011F67B,0011,F67B,1,5,01 00 00 7B F6,0,OK
2026-09-30T13:08:38.698Z,906.911,observer,RX,baseline,0,stopped,,,0001C003,0001,C003,1,7,01 00 00 0F 03 03 C0,0,OK
2026-09-30T13:08:38.698Z,907.04,observer,RX,baseline,0,stopped,,,0011C003,0011,C003,1,5,01 00 00 03 C0,0,OK
2026-09-30T13:08:38.703Z,911.798,observer,RX,baseline,0,stopped,,,0001E785,0001,E785,1,7,01 00 00 0F 03 85 E7,0,OK
2026-09-30T13:08:38.703Z,912.031,observer,RX,baseline,0,stopped,,,0011E785,0011,E785,1,5,01 00 00 85 E7,0,OK
2026-09-30T13:08:38.708Z,916.981,observer,RX,baseline,0,stopped,,,00018005,0001,8005,1,7,01 00 00 0F 03 05 80,0,OK
2026-09-30T13:08:38.708Z,917.11,observer,RX,baseline,0,stopped,,,00118005,0011,8005,1,5,01 00 00 05 80,0,OK
2026-09-30T13:08:38.713Z,922.075,observer,RX,baseline,0,stopped,,,00010725,0001,0725,1,7,01 00 00 0F 03 25 07,0,OK
2026-09-30T13:08:38.714Z,922.206,observer,RX,baseline,0,stopped,,,00110725,0011,0725,1,5,01 00 00 25 07,0,OK
2026-09-30T13:08:38.718Z,926.962,observer,RX,baseline,0,stopped,,,000181DB,0001,81DB,1,7,01 00 00 0F 03 DB 81,0,OK
2026-09-30T13:08:38.718Z,927.091,observer,RX,baseline,0,stopped,,,001181DB,0011,81DB,1,5,01 00 00 DB 81,0,OK
2026-09-30T13:08:38.723Z,932.157,observer,RX,baseline,0,stopped,,,0001B60F,0001,B60F,1,7,01 00 00 0F 03 0F B6,0,OK
2026-09-30T13:08:38.724Z,932.285,observer,RX,baseline,0,stopped,,,0011B60F,0011,B60F,1,5,01 00 00 0F B6,0,OK
2026-09-30T13:08:38.728Z,936.887,observer,RX,baseline,0,stopped,,,0001D65A,0001,D65A,1,7,01 00 00 0F 03 5A D6,0,OK
2026-09-30T13:08:38.728Z,937.045,observer,RX,baseline,0,stopped,,,0011D65A,0011,D65A,1,5,01 00 00 5A D6,0,OK
2026-09-30T13:08:38.734Z,942.309,observer,RX,baseline,0,stopped,,,00011C26,0001,1C26,1,7,01 00 00 0F 03 26 1C,0,OK
2026-09-30T13:08:38.734Z,942.442,observer,RX,baseline,0,stopped,,,00111C26,0011,1C26,1,5,01 00 00 26 1C,0,OK
2026-09-30T13:08:38.738Z,946.841,observer,RX,baseline,0,stopped,,,0001D3EC,0001,D3EC,1,7,01 00 00 0F 03 EC D3,0,OK
2026-09-30T13:08:38.738Z,946.977,observer,RX,baseline,0,stopped,,,0011D3EC,0011,D3EC,1,5,01 00 00 EC D3,0,OK
2026-09-30T13:08:38.744Z,952.252,observer,RX,baseline,0,stopped,,,0001B49E,0001,B49E,1,7,01 00 00 0F 03 9E B4,0,OK
2026-09-30T13:08:38.744Z,952.381,observer,RX,baseline,0,stopped,,,0011B49E,0011,B49E,1,5,01 00 00 9E B4,0,OK
2026-09-30T13:08:38.749Z,957.259,observer,RX,baseline,0,stopped,,,0001300E,0001,300E,1,7,01 00 00 0F 03 0E 30,0,OK
2026-09-30T13:08:38.749Z,957.386,observer,RX,baseline,0,stopped,,,0011300E,0011,300E,1,5,01 00 00 0E 30,0,OK
2026-09-30T13:08:38.754Z,962.273,observer,RX,baseline,0,stopped,,,0001001E,0001,001E,1,7,01 00 00 0F 03 1E 00,0,OK
2026-09-30T13:08:38.754Z,962.399,observer,RX,baseline,0,stopped,,,0011001E,0011,001E,1,5,01 00 00 1E 00,0,OK
2026-09-30T13:08:38.759Z,967.23,observer,RX,baseline,0,stopped,,,000197C9,0001,97C9,1,7,01 00 00 0F 03 C9 97,0,OK
2026-09-30T13:08:38.759Z,967.358,observer,RX,baseline,0,stopped,,,001197C9,0011,97C9,1,5,01 00 00 C9 97,0,OK
2026-09-30T13:08:38.764Z,972.167,observer,RX,baseline,0,stopped,,,0001DCB9,0001,DCB9,1,7,01 00 00 0F 03 B9 DC,0,OK
2026-09-30T13:08:38.764Z,972.296,observer,RX,baseline,0,stopped,,,0011DCB9,0011,DCB9,1,5,01 00 00 B9 DC,0,OK
2026-09-30T13:08:38.769Z,977.352,observer,RX,baseline,0,stopped,,,0001BB7F,0001,BB7F,1,7,01 00 00 0F 03 7F BB,0,OK
2026-09-30T13:08:38.769Z,977.482,observer,RX,baseline,0,stopped,,,0011BB7F,0011,BB7F,1,5,01 00 00 7F BB,0,OK
2026-09-30T13:08:38.774Z,982.198,observer,RX,baseline,0,stopped,,,00012D39,0001,2D39,1,7,01 00 00 0F 03 39 2D,0,OK
2026-09-30T13:08:38.774Z,982.33,observer,RX,baseline,0,stopped,,,00112D39,0011,2D39,1,5,01 00 00 39 2D,0,OK
2026-09-30T13:08:38.778Z,986.944,observer,RX,baseline,0,stopped,,,00014B3E,0001,4B3E,1,7,01 00 00 0F 03 3E 4B,0,OK
2026-09-30T13:08:38.778Z,987.043,observer,RX,baseline,0,stopped,,,00114B3E,0011,4B3E,1,5,01 00 00 3E 4B,0,OK
2026-09-30T13:08:38.783Z,991.891,observer,RX,baseline,0,stopped,,,00015108,0001,5108,1,7,01 00 00 0F 03 08 51,0,OK
2026-09-30T13:08:38.783Z,991.976,observer,RX,baseline,0,stopped,,,00115108,0011,5108,1,5,01 00 00 08 51,0,OK
2026-09-30T13:08:38.788Z,996.965,observer,RX,baseline,0,stopped,,,0001AF7E,0001,AF7E,1,7,01 00 00 0F 03 7E AF,0,OK
2026-09-30T13:08:38.788Z,997.072,observer,RX,baseline,0,stopped,,,0011AF7E,0011,AF7E,1,5,01 00 00 7E AF,0,OK
2026-09-30T13:08:38.793Z,1001.728,observer,RX,baseline,0,stopped,,,000163C5,0001,63C5,1,7,01 00 00 0F 03 C5 63,0,OK
2026-09-30T13:08:38.793Z,1001.979,observer,RX,baseline,0,stopped,,,001163C5,0011,63C5,1,5,01 00 00 C5 63,0,OK
2026-09-30T13:08:38.798Z,1006.73,observer,RX,baseline,0,stopped,,,0001C2F2,0001,C2F2,1,7,01 00 00 0F 03 F2 C2,0,OK
2026-09-30T13:08:38.798Z,1006.998,observer,RX,baseline,0,stopped,,,0011C2F2,0011,C2F2,1,5,01 00 00 F2 C2,0,OK
2026-09-30T13:08:38.803Z,1011.725,observer,RX,baseline,0,stopped,,,00015745,0001,5745,1,7,01 00 00 0F 03 45 57,0,OK
2026-09-30T13:08:38.803Z,1011.968,observer,RX,baseline,0,stopped,,,00115745,0011,5745,1,5,01 00 00 45 57,0,OK
2026-09-30T13:08:38.808Z,1016.866,observer,RX,baseline,0,stopped,,,0001ACD3,0001,ACD3,1,7,01 00 00 0F 03 D3 AC,0,OK
2026-09-30T13:08:38.808Z,1016.996,observer,RX,baseline,0,stopped,,,0011ACD3,0011,ACD3,1,5,01 00 00 D3 AC,0,OK
2026-09-30T13:08:38.813Z,1021.832,observer,RX,baseline,0,stopped,,,00012C87,0001,2C87,1,7,01 00 00 0F 03 87 2C,0,OK
2026-09-30T13:08:38.813Z,1021.962,observer,RX,baseline,0,stopped,,,00112C87,0011,2C87,1,5,01 00 00 87 2C,0,OK
2026-09-30T13:08:38.818Z,1026.85,observer,RX,baseline,0,stopped,,,000103CF,0001,03CF,1,7,01 00 00 0F 03 CF 03,0,OK
2026-09-30T13:08:38.818Z,1026.98,observer,RX,baseline,0,stopped,,,001103CF,0011,03CF,1,5,01 00 00 CF 03,0,OK
2026-09-30T13:08:38.824Z,1032.199,observer,RX,baseline,0,stopped,,,00016BF3,0001,6BF3,1,7,01 00 00 0F 03 F3 6B,0,OK
2026-09-30T13:08:38.824Z,1032.33,observer,RX,baseline,0,stopped,,,00116BF3,0011,6BF3,1,5,01 00 00 F3 6B,0,OK
2026-09-30T13:08:38.829Z,1037.166,observer,RX,baseline,0,stopped,,,00011481,0001,1481,1,7,01 00 00 0F 03 81 14,0,OK
2026-09-30T13:08:38.829Z,1037.3,observer,RX,baseline,0,stopped,,,00111481,0011,1481,1,5,01 00 00 81 14,0,OK
2026-09-30T13:08:38.834Z,1042.281,observer,RX,baseline,0,stopped,,,00018ECE,0001,8ECE,1,7,01 00 00 0F 03 CE 8E,0,OK
2026-09-30T13:08:38.834Z,1042.41,observer,RX,baseline,0,stopped,,,00118ECE,0011,8ECE,1,5,01 00 00 CE 8E,0,OK
2026-09-30T13:08:38.838Z,1047.114,observer,RX,baseline,0,stopped,,,00010F21,0001,0F21,1,7,01 00 00 0F 03 21 0F,0,OK
2026-09-30T13:08:38.839Z,1047.244,observer,RX,baseline,0,stopped,,,00110F21,0011,0F21,1,5,01 00 00 21 0F,0,OK
2026-09-30T13:08:38.844Z,1052.241,observer,RX,baseline,0,stopped,,,00015FD0,0001,5FD0,1,7,01 00 00 0F 03 D0 5F,0,OK
2026-09-30T13:08:38.844Z,1052.375,observer,RX,baseline,0,stopped,,,00115FD0,0011,5FD0,1,5,01 00 00 D0 5F,0,OK
2026-09-30T13:08:38.849Z,1057.171,observer,RX,baseline,0,stopped,,,00014AC9,0001,4AC9,1,7,01 00 00 0F 03 C9 4A,0,OK
2026-09-30T13:08:38.849Z,1057.298,observer,RX,baseline,0,stopped,,,00114AC9,0011,4AC9,1,5,01 00 00 C9 4A,0,OK
2026-09-30T13:08:38.854Z,1062.24,observer,RX,baseline,0,stopped,,,00016243,0001,6243,1,7,01 00 00 0F 03 43 62,0,OK
2026-09-30T13:08:38.854Z,1062.368,observer,RX,baseline,0,stopped,,,00116243,0011,6243,1,5,01 00 00 43 62,0,OK
2026-09-30T13:08:38.859Z,1067.196,observer,RX,baseline,0,stopped,,,0001BD7F,0001,BD7F,1,7,01 00 00 0F 03 7F BD,0,OK
2026-09-30T13:08:38.859Z,1067.324,observer,RX,baseline,0,stopped,,,0011BD7F,0011,BD7F,1,5,01 00 00 7F BD,0,OK
2026-09-30T13:08:38.863Z,1071.795,observer,RX,baseline,0,stopped,,,0001570A,0001,570A,1,7,01 00 00 0F 03 0A 57,0,OK
2026-09-30T13:08:38.863Z,1071.923,observer,RX,baseline,0,stopped,,,0011570A,0011,570A,1,5,01 00 00 0A 57,0,OK
2026-09-30T13:08:38.869Z,1077.187,observer,RX,baseline,0,stopped,,,000102EE,0001,02EE,1,7,01 00 00 0F 03 EE 02,0,OK
2026-09-30T13:08:38.869Z,1077.314,observer,RX,baseline,0,stopped,,,001102EE,0011,02EE,1,5,01 00 00 EE 02,0,OK
2026-09-30T13:08:38.873Z,1081.781,observer,RX,baseline,0,stopped,,,00011886,0001,1886,1,7,01 00 00 0F 03 86 18,0,OK
2026-09-30T13:08:38.873Z,1081.918,observer,RX,baseline,0,stopped,,,00111886,0011,1886,1,5,01 00 00 86 18,0,OK
2026-09-30T13:08:38.878Z,1087.161,observer,RX,baseline,0,stopped,,,00017C6C,0001,7C6C,1,7,01 00 00 0F 03 6C 7C,0,OK
2026-09-30T13:08:38.879Z,1087.289,observer,RX,baseline,0,stopped,,,00117C6C,0011,7C6C,1,5,01 00 00 6C 7C,0,OK
2026-09-30T13:08:38.884Z,1092.212,observer,RX,baseline,0,stopped,,,0001E634,0001,E634,1,7,01 00 00 0F 03 34 E6,0,OK
2026-09-30T13:08:38.884Z,1092.339,observer,RX,baseline,0,stopped,,,0011E634,0011,E634,1,5,01 00 00 34 E6,0,OK
2026-09-30T13:08:38.889Z,1097.602,observer,RX,baseline,0,stopped,,,00019BBD,0001,9BBD,1,7,01 00 00 0F 03 BD 9B,0,OK
2026-09-30T13:08:38.889Z,1097.732,observer,RX,baseline,0,stopped,,,00119BBD,0011,9BBD,1,5,01 00 00 BD 9B,0,OK
2026-09-30T13:08:38.894Z,1103.086,observer,RX,baseline,0,stopped,,,00013279,0001,3279,1,7,01 00 00 0F 03 79 32,0,OK
2026-09-30T13:08:38.895Z,1103.212,observer,RX,baseline,0,stopped,,,00113279,0011,3279,1,5,01 00 00 79 32,0,OK
2026-09-30T13:08:38.899Z,1107.315,observer,RX,baseline,0,stopped,,,000132BC,0001,32BC,1,7,01 00 00 0F 03 BC 32,0,OK
2026-09-30T13:08:38.899Z,1107.452,observer,RX,baseline,0,stopped,,,001132BC,0011,32BC,1,5,01 00 00 BC 32,0,OK
2026-09-30T13:08:38.904Z,1113.07,observer,RX,baseline,0,stopped,,,000118F6,0001,18F6,1,7,01 00 00 0F 03 F6 18,0,OK
2026-09-30T13:08:38.905Z,1113.198,observer,RX,baseline,0,stopped,,,001118F6,0011,18F6,1,5,01 00 00 F6 18,0,OK
2026-09-30T13:08:38.909Z,1117.33,observer,RX,baseline,0,stopped,,,000168CB,0001,68CB,1,7,01 00 00 0F 03 CB 68,0,OK
2026-09-30T13:08:38.909Z,1117.457,observer,RX,baseline,0,stopped,,,001168CB,0011,68CB,1,5,01 00 00 CB 68,0,OK
2026-09-30T13:08:38.914Z,1123.129,observer,RX,baseline,0,stopped,,,0001C959,0001,C959,1,7,01 00 00 0F 03 59 C9,0,OK
2026-09-30T13:08:38.915Z,1123.262,observer,RX,baseline,0,stopped,,,0011C959,0011,C959,1,5,01 00 00 59 C9,0,OK
2026-09-30T13:08:38.919Z,1127.187,observer,RX,baseline,0,stopped,,,0001FFB7,0001,FFB7,1,7,01 00 00 0F 03 B7 FF,0,OK
2026-09-30T13:08:38.919Z,1127.323,observer,RX,baseline,0,stopped,,,0011FFB7,0011,FFB7,1,5,01 00 00 B7 FF,0,OK
2026-09-30T13:08:38.924Z,1132.224,observer,RX,baseline,0,stopped,,,00018E86,0001,8E86,1,7,01 00 00 0F 03 86 8E,0,OK
2026-09-30T13:08:38.924Z,1132.351,observer,RX,baseline,0,stopped,,,00118E86,0011,8E86,1,5,01 00 00 86 8E,0,OK
2026-09-30T13:08:38.929Z,1137.263,observer,RX,baseline,0,stopped,,,0001147B,0001,147B,1,7,01 00 00 0F 03 7B 14,0,OK
2026-09-30T13:08:38.929Z,1137.392,observer,RX,baseline,0,stopped,,,0011147B,0011,147B,1,5,01 00 00 7B 14,0,OK
2026-09-30T13:08:38.933Z,1142.155,observer,RX,baseline,0,stopped,,,00013791,0001,3791,1,7,01 00 00 0F 03 91 37,0,OK
2026-09-30T13:08:38.934Z,1142.283,observer,RX,baseline,0,stopped,,,00113791,0011,3791,1,5,01 00 00 91 37,0,OK
2026-09-30T13:08:38.939Z,1147.589,observer,RX,baseline,0,stopped,,,000108FF,0001,08FF,1,7,01 00 00 0F 03 FF 08,0,OK
2026-09-30T13:08:38.939Z,1147.719,observer,RX,baseline,0,stopped,,,001108FF,0011,08FF,1,5,01 00 00 FF 08,0,OK
2026-09-30T13:08:38.944Z,1152.244,observer,RX,baseline,0,stopped,,,000173DA,0001,73DA,1,7,01 00 00 0F 03 DA 73,0,OK
2026-09-30T13:08:38.944Z,1152.373,observer,RX,baseline,0,stopped,,,001173DA,0011,73DA,1,5,01 00 00 DA 73,0,OK
2026-09-30T13:08:38.948Z,1156.78,observer,RX,baseline,0,stopped,,,0001CAC6,0001,CAC6,1,7,01 00 00 0F 03 C6 CA,0,OK
2026-09-30T13:08:38.948Z,1156.984,observer,RX,baseline,0,stopped,,,0011CAC6,0011,CAC6,1,5,01 00 00 C6 CA,0,OK
2026-09-30T13:08:38.953Z,1161.779,observer,RX,baseline,0,stopped,,,0001914D,0001,914D,1,7,01 00 00 0F 03 4D 91,0,OK
2026-09-30T13:08:38.953Z,1161.91,observer,RX,baseline,0,stopped,,,0011914D,0011,914D,1,5,01 00 00 4D 91,0,OK
2026-09-30T13:08:38.959Z,1167.202,observer,RX,baseline,0,stopped,,,00016B31,0001,6B31,1,7,01 00 00 0F 03 31 6B,0,OK
2026-09-30T13:08:38.959Z,1167.334,observer,RX,baseline,0,stopped,,,00116B31,0011,6B31,1,5,01 00 00 31 6B,0,OK
2026-09-30T13:08:38.963Z,1171.753,observer,RX,baseline,0,stopped,,,0001A799,0001,A799,1,7,01 00 00 0F 03 99 A7,0,OK
2026-09-30T13:08:38.963Z,1171.899,observer,RX,baseline,0,stopped,,,0011A799,0011,A799,1,5,01 00 00 99 A7,0,OK
2026-09-30T13:08:38.968Z,1176.853,observer,RX,baseline,0,stopped,,,0001A8B9,0001,A8B9,1,7,01 00 00 0F 03 B9 A8,0,OK
2026-09-30T13:08:38.968Z,1176.983,observer,RX,baseline,0,stopped,,,0011A8B9,0011,A8B9,1,5,01 00 00 B9 A8,0,OK
2026-09-30T13:08:38.973Z,1181.974,observer,RX,baseline,0,stopped,,,000144D0,0001,44D0,1,7,01 00 00 0F 03 D0 44,0,OK
2026-09-30T13:08:38.973Z,1182.102,observer,RX,baseline,0,stopped,,,001144D0,0011,44D0,1,5,01 00 00 D0 44,0,OK
2026-09-30T13:08:38.978Z,1186.838,observer,RX,baseline,0,stopped,,,0001D94C,0001,D94C,1,7,01 00 00 0F 03 4C D9,0,OK
2026-09-30T13:08:38.978Z,1186.971,observer,RX,baseline,0,stopped,,,0011D94C,0011,D94C,1,5,01 00 00 4C D9,0,OK
2026-09-30T13:08:38.983Z,1192.148,observer,RX,baseline,0,stopped,,,0001C7D5,0001,C7D5,1,7,01 00 00 0F 03 D5 C7,0,OK
2026-09-30T13:08:38.984Z,1192.277,observer,RX,baseline,0,stopped,,,0011C7D5,0011,C7D5,1,5,01 00 00 D5 C7,0,OK
2026-09-30T13:08:38.988Z,1196.741,observer,RX,baseline,0,stopped,,,000100BC,0001,00BC,1,7,01 00 00 0F 03 BC 00,0,OK
2026-09-30T13:08:38.988Z,1196.99,observer,RX,baseline,0,stopped,,,001100BC,0011,00BC,1,5,01 00 00 BC 00,0,OK
2026-09-30T13:08:38.994Z,1203.107,observer,RX,baseline,0,stopped,,,00019A85,0001,9A85,1,7,01 00 00 0F 03 85 9A,0,OK
2026-09-30T13:08:38.995Z,1203.236,observer,RX,baseline,0,stopped,,,00119A85,0011,9A85,1,5,01 00 00 85 9A,0,OK
2026-09-30T13:08:38.998Z,1207.015,observer,RX,baseline,0,stopped,,,000196D5,0001,96D5,1,7,01 00 00 0F 03 D5 96,0,OK
2026-09-30T13:08:38.998Z,1207.145,observer,RX,baseline,0,stopped,,,001196D5,0011,96D5,1,5,01 00 00 D5 96,0,OK
2026-09-30T13:08:39.004Z,1212.978,observer,RX,baseline,0,stopped,,,00013179,0001,3179,1,7,01 00 00 0F 03 79 31,0,OK
2026-09-30T13:08:39.004Z,1213.111,observer,RX,baseline,0,stopped,,,00113179,0011,3179,1,5,01 00 00 79 31,0,OK
2026-09-30T13:08:39.009Z,1217.25,observer,RX,baseline,0,stopped,,,0001B398,0001,B398,1,7,01 00 00 0F 03 98 B3,0,OK
2026-09-30T13:08:39.009Z,1217.384,observer,RX,baseline,0,stopped,,,0011B398,0011,B398,1,5,01 00 00 98 B3,0,OK
2026-09-30T13:08:39.013Z,1221.917,observer,RX,baseline,0,stopped,,,000150D7,0001,50D7,1,7,01 00 00 0F 03 D7 50,0,OK
2026-09-30T13:08:39.013Z,1222.041,observer,RX,baseline,0,stopped,,,001150D7,0011,50D7,1,5,01 00 00 D7 50,0,OK
2026-09-30T13:08:39.019Z,1227.176,observer,RX,baseline,0,stopped,,,000128B6,0001,28B6,1,7,01 00 00 0F 03 B6 28,0,OK
2026-09-30T13:08:39.019Z,1227.305,observer,RX,baseline,0,stopped,,,001128B6,0011,28B6,1,5,01 00 00 B6 28,0,OK
2026-09-30T13:08:39.023Z,1231.841,observer,RX,baseline,0,stopped,,,00012D83,0001,2D83,1,7,01 00 00 0F 03 83 2D,0,OK
2026-09-30T13:08:39.023Z,1231.971,observer,RX,baseline,0,stopped,,,00112D83,0011,2D83,1,5,01 00 00 83 2D,0,OK
2026-09-30T13:08:39.028Z,1236.788,observer,RX,baseline,0,stopped,,,00016636,0001,6636,1,7,01 00 00 0F 03 36 66,0,OK
2026-09-30T13:08:39.028Z,1236.94,observer,RX,baseline,0,stopped,,,00116636,0011,6636,1,5,01 00 00 36 66,0,OK
2026-09-30T13:08:39.033Z,1241.756,observer,RX,baseline,0,stopped,,,000133C0,0001,33C0,1,7,01 00 00 0F 03 C0 33,0,OK
2026-09-30T13:08:39.033Z,1241.999,observer,RX,baseline,0,stopped,,,001133C0,0011,33C0,1,5,01 00 00 C0 33,0,OK
2026-09-30T13:08:39.038Z,1246.939,observer,RX,baseline,0,stopped,,,00013CEA,0001,3CEA,1,7,01 00 00 0F 03 EA 3C,0,OK
2026-09-30T13:08:39.038Z,1247.067,observer,RX,baseline,0,stopped,,,00113CEA,0011,3CEA,1,5,01 00 00 EA 3C,0,OK
2026-09-30T13:08:39.043Z,1251.863,observer,RX,baseline,0,stopped,,,0001E3F1,0001,E3F1,1,7,01 00 00 0F 03 F1 E3,0,OK
2026-09-30T13:08:39.043Z,1251.991,observer,RX,baseline,0,stopped,,,0011E3F1,0011,E3F1,1,5,01 00 00 F1 E3,0,OK
2026-09-30T13:08:39.048Z,1256.891,observer,RX,baseline,0,stopped,,,0001F427,0001,F427,1,7,01 00 00 0F 03 27 F4,0,OK
2026-09-30T13:08:39.048Z,1257.02,observer,RX,baseline,0,stopped,,,0011F427,0011,F427,1,5,01 00 00 27 F4,0,OK
2026-09-30T13:08:39.053Z,1261.753,observer,RX,baseline,0,stopped,,,00018C21,0001,8C21,1,7,01 00 00 0F 03 21 8C,0,OK
2026-09-30T13:08:39.053Z,1261.907,observer,RX,baseline,0,stopped,,,00118C21,0011,8C21,1,5,01 00 00 21 8C,0,OK
2026-09-30T13:08:39.059Z,1267.258,observer,RX,baseline,0,stopped,,,00016CD9,0001,6CD9,1,7,01 00 00 0F 03 D9 6C,0,OK
2026-09-30T13:08:39.059Z,1267.392,observer,RX,baseline,0,stopped,,,00116CD9,0011,6CD9,1,5,01 00 00 D9 6C,0,OK
2026-09-30T13:08:39.063Z,1271.887,observer,RX,baseline,0,stopped,,,0001707C,0001,707C,1,7,01 00 00 0F 03 7C 70,0,OK
2026-09-30T13:08:39.063Z,1272.015,observer,RX,baseline,0,stopped,,,0011707C,0011,707C,1,5,01 00 00 7C 70,0,OK
2026-09-30T13:08:39.068Z,1276.946,observer,RX,baseline,0,stopped,,,0001B2E7,0001,B2E7,1,7,01 00 00 0F 03 E7 B2,0,OK
2026-09-30T13:08:39.068Z,1277.075,observer,RX,baseline,0,stopped,,,0011B2E7,0011,B2E7,1,5,01 00 00 E7 B2,0,OK
2026-09-30T13:08:39.073Z,1281.893,observer,RX,baseline,0,stopped,,,0001E2D7,0001,E2D7,1,7,01 00 00 0F 03 D7 E2,0,OK
2026-09-30T13:08:39.073Z,1282.022,observer,RX,baseline,0,stopped,,,0011E2D7,0011,E2D7,1,5,01 00 00 D7 E2,0,OK
2026-09-30T13:08:39.078Z,1286.717,observer,RX,baseline,0,stopped,,,00010E83,0001,0E83,1,7,01 00 00 0F 03 83 0E,0,OK
2026-09-30T13:08:39.078Z,1286.944,observer,RX,baseline,0,stopped,,,00110E83,0011,0E83,1,5,01 00 00 83 0E,0,OK
2026-09-30T13:08:39.083Z,1291.702,observer,RX,baseline,0,stopped,,,00011106,0001,1106,1,7,01 00 00 0F 03 06 11,0,OK
2026-09-30T13:08:39.083Z,1291.933,observer,RX,baseline,0,stopped,,,00111106,0011,1106,1,5,01 00 00 06 11,0,OK
2026-09-30T13:08:39.088Z,1296.698,observer,RX,baseline,0,stopped,,,0001B1E0,0001,B1E0,1,7,01 00 00 0F 03 E0 B1,0,OK
2026-09-30T13:08:39.088Z,1296.942,observer,RX,baseline,0,stopped,,,0011B1E0,0011,B1E0,1,5,01 00 00 E0 B1,0,OK
2026-09-30T13:08:39.093Z,1301.84,observer,RX,baseline,0,stopped,,,00015789,0001,5789,1,7,01 00 00 0F 03 89 57,0,OK
2026-09-30T13:08:39.093Z,1301.977,observer,RX,baseline,0,stopped,,,00115789,0011,5789,1,5,01 00 00 89 57,0,OK
2026-09-30T13:08:39.098Z,1306.867,observer,RX,baseline,0,stopped,,,0001085F,0001,085F,1,7,01 00 00 0F 03 5F 08,0,OK
2026-09-30T13:08:39.098Z,1306.95,observer,RX,baseline,0,stopped,,,0011085F,0011,085F,1,5,01 00 00 5F 08,0,OK
2026-09-30T13:08:39.103Z,1311.84,observer,RX,baseline,0,stopped,,,00010DD3,0001,0DD3,1,7,01 00 00 0F 03 D3 0D,0,OK
2026-09-30T13:08:39.103Z,1311.914,observer,RX,baseline,0,stopped,,,00110DD3,0011,0DD3,1,5,01 00 00 D3 0D,0,OK
2026-09-30T13:08:39.108Z,1316.84,observer,RX,baseline,0,stopped,,,00011F2F,0001,1F2F,1,7,01 00 00 0F 03 2F 1F,0,OK
2026-09-30T13:08:39.108Z,1316.914,observer,RX,baseline,0,stopped,,,00111F2F,0011,1F2F,1,5,01 00 00 2F 1F,0,OK
2026-09-30T13:08:39.113Z,1321.837,observer,RX,baseline,0,stopped,,,00015B42,0001,5B42,1,7,01 00 00 0F 03 42 5B,0,OK
2026-09-30T13:08:39.113Z,1321.915,observer,RX,baseline,0,stopped,,,00115B42,0011,5B42,1,5,01 00 00 42 5B,0,OK
2026-09-30T13:08:39.118Z,1326.842,observer,RX,baseline,0,stopped,,,0001A800,0001,A800,1,7,01 00 00 0F 03 00 A8,0,OK
2026-09-30T13:08:39.118Z,1326.916,observer,RX,baseline,0,stopped,,,0011A800,0011,A800,1,5,01 00 00 00 A8,0,OK
2026-09-30T13:08:39.123Z,1331.841,observer,RX,baseline,0,stopped,,,0001DB7A,0001,DB7A,1,7,01 00 00 0F 03 7A DB,0,OK
2026-09-30T13:08:39.123Z,1331.916,observer,RX,baseline,0,stopped,,,0011DB7A,0011,DB7A,1,5,01 00 00 7A DB,0,OK
2026-09-30T13:08:39.128Z,1336.763,observer,RX,baseline,0,stopped,,,00018D29,0001,8D29,1,7,01 00 00 0F 03 29 8D,0,OK
2026-09-30T13:08:39.128Z,1336.943,observer,RX,baseline,0,stopped,,,00118D29,0011,8D29,1,5,01 00 00 29 8D,0,OK
2026-09-30T13:08:39.133Z,1341.848,observer,RX,baseline,0,stopped,,,000132C2,0001,32C2,1,7,01 00 00 0F 03 C2 32,0,OK
2026-09-30T13:08:39.133Z,1341.923,observer,RX,baseline,0,stopped,,,001132C2,0011,32C2,1,5,01 00 00 C2 32,0,OK
2026-09-30T13:08:39.138Z,1346.743,observer,RX,baseline,0,stopped,,,00015F7C,0001,5F7C,1,7,01 00 00 0F 03 7C 5F,0,OK
2026-09-30T13:08:39.138Z,1346.943,observer,RX,baseline,0,stopped,,,00115F7C,0011,5F7C,1,5,01 00 00 7C 5F,0,OK
2026-09-30T13:08:39.143Z,1351.829,observer,RX,baseline,0,stopped,,,00012698,0001,2698,1,7,01 00 00 0F 03 98 26,0,OK
2026-09-30T13:08:39.143Z,1351.937,observer,RX,baseline,0,stopped,,,00112698,0011,2698,1,5,01 00 00 98 26,0,OK
2026-09-30T13:08:39.148Z,1356.84,observer,RX,baseline,0,stopped,,,0001489C,0001,489C,1,7,01 00 00 0F 03 9C 48,0,OK
2026-09-30T13:08:39.148Z,1356.915,observer,RX,baseline,0,stopped,,,0011489C,0011,489C,1,5,01 00 00 9C 48,0,OK
2026-09-30T13:08:39.153Z,1361.866,observer,RX,baseline,0,stopped,,,00018493,0001,8493,1,7,01 00 00 0F 03 93 84,0,OK
2026-09-30T13:08:39.153Z,1361.943,observer,RX,baseline,0,stopped,,,00118493,0011,8493,1,5,01 00 00 93 84,0,OK
2026-09-30T13:08:39.158Z,1366.817,observer,RX,baseline,0,stopped,,,0001998B,0001,998B,1,7,01 00 00 0F 03 8B 99,0,OK
2026-09-30T13:08:39.158Z,1366.913,observer,RX,baseline,0,stopped,,,0011998B,0011,998B,1,5,01 00 00 8B 99,0,OK
2026-09-30T13:08:39.163Z,1371.719,observer,RX,baseline,0,stopped,,,0001F14A,0001,F14A,1,7,01 00 00 0F 03 4A F1,0,OK
2026-09-30T13:08:39.163Z,1371.912,observer,RX,baseline,0,stopped,,,0011F14A,0011,F14A,1,5,01 00 00 4A F1,0,OK
2026-09-30T13:08:39.168Z,1376.843,observer,RX,baseline,0,stopped,,,0001A7D4,0001,A7D4,1,7,01 00 00 0F 03 D4 A7,0,OK
2026-09-30T13:08:39.168Z,1376.919,observer,RX,baseline,0,stopped,,,0011A7D4,0011,A7D4,1,5,01 00 00 D4 A7,0,OK
2026-09-30T13:08:39.173Z,1381.871,observer,RX,baseline,0,stopped,,,0001E6DD,0001,E6DD,1,7,01 00 00 0F 03 DD E6,0,OK
2026-09-30T13:08:39.173Z,1381.946,observer,RX,baseline,0,stopped,,,0011E6DD,0011,E6DD,1,5,01 00 00 DD E6,0,OK
2026-09-30T13:08:39.178Z,1386.835,observer,RX,baseline,0,stopped,,,0001A471,0001,A471,1,7,01 00 00 0F 03 71 A4,0,OK
2026-09-30T13:08:39.178Z,1386.909,observer,RX,baseline,0,stopped,,,0011A471,0011,A471,1,5,01 00 00 71 A4,0,OK
2026-09-30T13:08:39.183Z,1391.855,observer,RX,baseline,0,stopped,,,00019657,0001,9657,1,7,01 00 00 0F 03 57 96,0,OK
2026-09-30T13:08:39.183Z,1391.932,observer,RX,baseline,0,stopped,,,00119657,0011,9657,1,5,01 00 00 57 96,0,OK
2026-09-30T13:08:39.188Z,1396.832,observer,RX,baseline,0,stopped,,,00014E64,0001,4E64,1,7,01 00 00 0F 03 64 4E,0,OK
2026-09-30T13:08:39.188Z,1396.91,observer,RX,baseline,0,stopped,,,00114E64,0011,4E64,1,5,01 00 00 64 4E,0,OK
2026-09-30T13:08:39.193Z,1401.843,observer,RX,baseline,0,stopped,,,000170F9,0001,70F9,1,7,01 00 00 0F 03 F9 70,0,OK
2026-09-30T13:08:39.193Z,1401.918,observer,RX,baseline,0,stopped,,,001170F9,0011,70F9,1,5,01 00 00 F9 70,0,OK
2026-09-30T13:08:39.198Z,1406.772,observer,RX,baseline,0,stopped,,,0001639C,0001,639C,1,7,01 00 00 0F 03 9C 63,0,OK
2026-09-30T13:08:39.198Z,1406.941,observer,RX,baseline,0,stopped,,,0011639C,0011,639C,1,5,01 00 00 9C 63,0,OK
2026-09-30T13:08:39.203Z,1411.767,observer,RX,baseline,0,stopped,,,0001D22F,0001,D22F,1,7,01 00 00 0F 03 2F D2,0,OK
2026-09-30T13:08:39.203Z,1411.946,observer,RX,baseline,0,stopped,,,0011D22F,0011,D22F,1,5,01 00 00 2F D2,0,OK
2026-09-30T13:08:39.208Z,1416.735,observer,RX,baseline,0,stopped,,,000189A0,0001,89A0,1,7,01 00 00 0F 03 A0 89,0,OK
2026-09-30T13:08:39.208Z,1416.915,observer,RX,baseline,0,stopped,,,001189A0,0011,89A0,1,5,01 00 00 A0 89,0,OK
2026-09-30T13:08:39.213Z,1421.762,observer,RX,baseline,0,stopped,,,000154C6,0001,54C6,1,7,01 00 00 0F 03 C6 54,0,OK
2026-09-30T13:08:39.213Z,1421.94,observer,RX,baseline,0,stopped,,,001154C6,0011,54C6,1,5,01 00 00 C6 54,0,OK
2026-09-30T13:08:39.218Z,1426.735,observer,RX,baseline,0,stopped,,,0001200D,0001,200D,1,7,01 00 00 0F 03 0D 20,0,OK
2026-09-30T13:08:39.218Z,1426.946,observer,RX,baseline,0,stopped,,,0011200D,0011,200D,1,5,01 00 00 0D 20,0,OK
2026-09-30T13:08:39.223Z,1431.763,observer,RX,baseline,0,stopped,,,0001E197,0001,E197,1,7,01 00 00 0F 03 97 E1,0,OK
2026-09-30T13:08:39.223Z,1431.925,observer,RX,baseline,0,stopped,,,0011E197,0011,E197,1,5,01 00 00 97 E1,0,OK
2026-09-30T13:08:39.228Z,1436.69,observer,RX,baseline,0,stopped,,,0001A1EB,0001,A1EB,1,7,01 00 00 0F 03 EB A1,0,OK
2026-09-30T13:08:39.228Z,1436.946,observer,RX,baseline,0,stopped,,,0011A1EB,0011,A1EB,1,5,01 00 00 EB A1,0,OK
2026-09-30T13:08:39.233Z,1441.736,observer,RX,baseline,0,stopped,,,000167BE,0001,67BE,1,7,01 00 00 0F 03 BE 67,0,OK
2026-09-30T13:08:39.233Z,1441.943,observer,RX,baseline,0,stopped,,,001167BE,0011,67BE,1,5,01 00 00 BE 67,0,OK
2026-09-30T13:08:39.238Z,1446.856,observer,RX,baseline,0,stopped,,,00016F76,0001,6F76,1,7,01 00 00 0F 03 76 6F,0,OK
2026-09-30T13:08:39.238Z,1446.933,observer,RX,baseline,0,stopped,,,00116F76,0011,6F76,1,5,01 00 00 76 6F,0,OK
2026-09-30T13:08:39.243Z,1451.837,observer,RX,baseline,0,stopped,,,00019221,0001,9221,1,7,01 00 00 0F 03 21 92,0,OK
2026-09-30T13:08:39.243Z,1451.95,observer,RX,baseline,0,stopped,,,00119221,0011,9221,1,5,01 00 00 21 92,0,OK
2026-09-30T13:08:39.248Z,1456.839,observer,RX,baseline,0,stopped,,,000128B6,0001,28B6,1,7,01 00 00 0F 03 B6 28,0,OK
2026-09-30T13:08:39.248Z,1456.914,observer,RX,baseline,0,stopped,,,001128B6,0011,28B6,1,5,01 00 00 B6 28,0,OK
2026-09-30T13:08:39.253Z,1461.695,observer,RX,baseline,0,stopped,,,0001A7C7,0001,A7C7,1,7,01 00 00 0F 03 C7 A7,0,OK
2026-09-30T13:08:39.253Z,1461.949,observer,RX,baseline,0,stopped,,,0011A7C7,0011,A7C7,1,5,01 00 00 C7 A7,0,OK
2026-09-30T13:08:39.258Z,1466.67,observer,RX,baseline,0,stopped,,,0001EE27,0001,EE27,1,7,01 00 00 0F 03 27 EE,0,OK
2026-09-30T13:08:39.258Z,1466.924,observer,RX,baseline,0,stopped,,,0011EE27,0011,EE27,1,5,01 00 00 27 EE,0,OK
2026-09-30T13:08:39.263Z,1471.788,observer,RX,baseline,0,stopped,,,0001445C,0001,445C,1,7,01 00 00 0F 03 5C 44,0,OK
2026-09-30T13:08:39.263Z,1471.955,observer,RX,baseline,0,stopped,,,0011445C,0011,445C,1,5,01 00 00 5C 44,0,OK
2026-09-30T13:08:39.268Z,1477.144,observer,RX,baseline,0,stopped,,,00014343,0001,4343,1,7,01 00 00 0F 03 43 43,0,OK
2026-09-30T13:08:39.269Z,1477.273,observer,RX,baseline,0,stopped,,,00114343,0011,4343,1,5,01 00 00 43 43,0,OK
2026-09-30T13:08:39.274Z,1482.17,observer,RX,baseline,0,stopped,,,0001DBCA,0001,DBCA,1,7,01 00 00 0F 03 CA DB,0,OK
2026-09-30T13:08:39.274Z,1482.303,observer,RX,baseline,0,stopped,,,0011DBCA,0011,DBCA,1,5,01 00 00 CA DB,0,OK
2026-09-30T13:08:39.279Z,1487.243,observer,RX,baseline,0,stopped,,,00011FA8,0001,1FA8,1,7,01 00 00 0F 03 A8 1F,0,OK
2026-09-30T13:08:39.279Z,1487.375,observer,RX,baseline,0,stopped,,,00111FA8,0011,1FA8,1,5,01 00 00 A8 1F,0,OK
2026-09-30T13:08:39.283Z,1492.052,observer,RX,baseline,0,stopped,,,00010BCF,0001,0BCF,1,7,01 00 00 0F 03 CF 0B,0,OK
2026-09-30T13:08:39.284Z,1492.18,observer,RX,baseline,0,stopped,,,00110BCF,0011,0BCF,1,5,01 00 00 CF 0B,0,OK
2026-09-30T13:08:39.288Z,1496.677,observer,RX,baseline,0,stopped,,,0001FA2D,0001,FA2D,1,7,01 00 00 0F 03 2D FA,0,OK
2026-09-30T13:08:39.288Z,1496.964,observer,RX,baseline,0,stopped,,,0011FA2D,0011,FA2D,1,5,01 00 00 2D FA,0,OK
2026-09-30T13:08:39.293Z,1501.707,observer,RX,baseline,0,stopped,,,00011C04,0001,1C04,1,7,01 00 00 0F 03 04 1C,0,OK
2026-09-30T13:08:39.293Z,1501.952,observer,RX,baseline,0,stopped,,,00111C04,0011,1C04,1,5,01 00 00 04 1C,0,OK
2026-09-30T13:08:39.298Z,1506.687,observer,RX,baseline,0,stopped,,,00012A25,0001,2A25,1,7,01 00 00 0F 03 25 2A,0,OK
2026-09-30T13:08:39.298Z,1506.927,observer,RX,baseline,0,stopped,,,00112A25,0011,2A25,1,5,01 00 00 25 2A,0,OK
2026-09-30T13:08:39.303Z,1511.712,observer,RX,baseline,0,stopped,,,0001A8A6,0001,A8A6,1,7,01 00 00 0F 03 A6 A8,0,OK
2026-09-30T13:08:39.303Z,1511.948,observer,RX,baseline,0,stopped,,,0011A8A6,0011,A8A6,1,5,01 00 00 A6 A8,0,OK
2026-09-30T13:08:39.308Z,1516.729,observer,RX,baseline,0,stopped,,,00018DA7,0001,8DA7,1,7,01 00 00 0F 03 A7 8D,0,OK
2026-09-30T13:08:39.308Z,1516.918,observer,RX,baseline,0,stopped,,,00118DA7,0011,8DA7,1,5,01 00 00 A7 8D,0,OK
2026-09-30T13:08:39.313Z,1521.712,observer,RX,baseline,0,stopped,,,00016E1E,0001,6E1E,1,7,01 00 00 0F 03 1E 6E,0,OK
2026-09-30T13:08:39.313Z,1521.91,observer,RX,baseline,0,stopped,,,00116E1E,0011,6E1E,1,5,01 00 00 1E 6E,0,OK
2026-09-30T13:08:39.318Z,1526.688,observer,RX,baseline,0,stopped,,,0001BC8D,0001,BC8D,1,7,01 00 00 0F 03 8D BC,0,OK
2026-09-30T13:08:39.318Z,1526.926,observer,RX,baseline,0,stopped,,,0011BC8D,0011,BC8D,1,5,01 00 00 8D BC,0,OK
2026-09-30T13:08:39.323Z,1531.713,observer,RX,baseline,0,stopped,,,0001BB28,0001,BB28,1,7,01 00 00 0F 03 28 BB,0,OK
2026-09-30T13:08:39.323Z,1531.918,observer,RX,baseline,0,stopped,,,0011BB28,0011,BB28,1,5,01 00 00 28 BB,0,OK
2026-09-30T13:08:39.328Z,1536.753,observer,RX,baseline,0,stopped,,,0001CE86,0001,CE86,1,7,01 00 00 0F 03 86 CE,0,OK
2026-09-30T13:08:39.328Z,1536.917,observer,RX,baseline,0,stopped,,,0011CE86,0011,CE86,1,5,01 00 00 86 CE,0,OK
2026-09-30T13:08:39.333Z,1541.693,observer,RX,baseline,0,stopped,,,000138FE,0001,38FE,1,7,01 00 00 0F 03 FE 38,0,OK
2026-09-30T13:08:39.333Z,1541.941,observer,RX,baseline,0,stopped,,,001138FE,0011,38FE,1,5,01 00 00 FE 38,0,OK
2026-09-30T13:08:39.338Z,1546.794,observer,RX,baseline,0,stopped,,,0001D778,0001,D778,1,7,01 00 00 0F 03 78 D7,0,OK
2026-09-30T13:08:39.338Z,1546.872,observer,RX,baseline,0,stopped,,,0011D778,0011,D778,1,5,01 00 00 78 D7,0,OK
2026-09-30T13:08:39.343Z,1551.863,observer,RX,baseline,0,stopped,,,0001A4EF,0001,A4EF,1,7,01 00 00 0F 03 EF A4,0,OK
2026-09-30T13:08:39.343Z,1551.938,observer,RX,baseline,0,stopped,,,0011A4EF,0011,A4EF,1,5,01 00 00 EF A4,0,OK
2026-09-30T13:08:39.348Z,1556.669,observer,RX,baseline,0,stopped,,,00015400,0001,5400,1,7,01 00 00 0F 03 00 54,0,OK
2026-09-30T13:08:39.348Z,1556.919,observer,RX,baseline,0,stopped,,,00115400,0011,5400,1,5,01 00 00 00 54,0,OK
2026-09-30T13:08:39.353Z,1561.767,observer,RX,baseline,0,stopped,,,0001F85A,0001,F85A,1,7,01 00 00 0F 03 5A F8,0,OK
2026-09-30T13:08:39.353Z,1561.93,observer,RX,baseline,0,stopped,,,0011F85A,0011,F85A,1,5,01 00 00 5A F8,0,OK
2026-09-30T13:08:39.358Z,1566.68,observer,RX,baseline,0,stopped,,,00018CCC,0001,8CCC,1,7,01 00 00 0F 03 CC 8C,0,OK
2026-09-30T13:08:39.358Z,1566.932,observer,RX,baseline,0,stopped,,,00118CCC,0011,8CCC,1,5,01 00 00 CC 8C,0,OK
2026-09-30T13:08:39.363Z,1571.672,observer,RX,baseline,0,stopped,,,0001CFD6,0001,CFD6,1,7,01 00 00 0F 03 D6 CF,0,OK
2026-09-30T13:08:39.363Z,1571.899,observer,RX,baseline,0,stopped,,,0011CFD6,0011,CFD6,1,5,01 00 00 D6 CF,0,OK
2026-09-30T13:08:39.368Z,1576.722,observer,RX,baseline,0,stopped,,,0001F230,0001,F230,1,7,01 00 00 0F 03 30 F2,0,OK
2026-09-30T13:08:39.368Z,1576.851,observer,RX,baseline,0,stopped,,,0011F230,0011,F230,1,5,01 00 00 30 F2,0,OK
2026-09-30T13:08:39.373Z,1581.711,observer,RX,baseline,0,stopped,,,0001A810,0001,A810,1,7,01 00 00 0F 03 10 A8,0,OK
2026-09-30T13:08:39.373Z,1581.933,observer,RX,baseline,0,stopped,,,0011A810,0011,A810,1,5,01 00 00 10 A8,0,OK
2026-09-30T13:08:39.378Z,1586.711,observer,RX,baseline,0,stopped,,,0001EE1D,0001,EE1D,1,7,01 00 00 0F 03 1D EE,0,OK
2026-09-30T13:08:39.378Z,1586.842,observer,RX,baseline,0,stopped,,,0011EE1D,0011,EE1D,1,5,01 00 00 1D EE,0,OK
2026-09-30T13:08:39.383Z,1591.69,observer,RX,baseline,0,stopped,,,000186B0,0001,86B0,1,7,01 00 00 0F 03 B0 86,0,OK
2026-09-30T13:08:39.383Z,1591.886,observer,RX,baseline,0,stopped,,,001186B0,0011,86B0,1,5,01 00 00 B0 86,0,OK
2026-09-30T13:08:39.388Z,1596.678,observer,RX,baseline,0,stopped,,,0001E160,0001,E160,1,7,01 00 00 0F 03 60 E1,0,OK
2026-09-30T13:08:39.388Z,1596.889,observer,RX,baseline,0,stopped,,,0011E160,0011,E160,1,5,01 00 00 60 E1,0,OK
2026-09-30T13:08:39.393Z,1601.855,observer,RX,baseline,0,stopped,,,00017F38,0001,7F38,1,7,01 00 00 0F 03 38 7F,0,OK
2026-09-30T13:08:39.393Z,1601.966,observer,RX,baseline,0,stopped,,,00117F38,0011,7F38,1,5,01 00 00 38 7F,0,OK
2026-09-30T13:08:39.398Z,1606.843,observer,RX,baseline,0,stopped,,,0001BDD8,0001,BDD8,1,7,01 00 00 0F 03 D8 BD,0,OK
2026-09-30T13:08:39.398Z,1606.962,observer,RX,baseline,0,stopped,,,0011BDD8,0011,BDD8,1,5,01 00 00 D8 BD,0,OK
2026-09-30T13:08:39.403Z,1611.832,observer,RX,baseline,0,stopped,,,00012BBD,0001,2BBD,1,7,01 00 00 0F 03 BD 2B,0,OK
2026-09-30T13:08:39.403Z,1611.911,observer,RX,baseline,0,stopped,,,00112BBD,0011,2BBD,1,5,01 00 00 BD 2B,0,OK
2026-09-30T13:08:39.408Z,1616.823,observer,RX,baseline,0,stopped,,,00012606,0001,2606,1,7,01 00 00 0F 03 06 26,0,OK
2026-09-30T13:08:39.408Z,1616.899,observer,RX,baseline,0,stopped,,,00112606,0011,2606,1,5,01 00 00 06 26,0,OK
2026-09-30T13:08:39.413Z,1621.882,observer,RX,baseline,0,stopped,,,00014AF5,0001,4AF5,1,7,01 00 00 0F 03 F5 4A,0,OK
2026-09-30T13:08:39.413Z,1621.976,observer,RX,baseline,0,stopped,,,00114AF5,0011,4AF5,1,5,01 00 00 F5 4A,0,OK
2026-09-30T13:08:39.418Z,1626.86,observer,RX,baseline,0,stopped,,,0001531E,0001,531E,1,7,01 00 00 0F 03 1E 53,0,OK
2026-09-30T13:08:39.418Z,1626.949,observer,RX,baseline,0,stopped,,,0011531E,0011,531E,1,5,01 00 00 1E 53,0,OK
2026-09-30T13:08:39.423Z,1631.869,observer,RX,baseline,0,stopped,,,00013CDD,0001,3CDD,1,7,01 00 00 0F 03 DD 3C,0,OK
2026-09-30T13:08:39.423Z,1631.959,observer,RX,baseline,0,stopped,,,00113CDD,0011,3CDD,1,5,01 00 00 DD 3C,0,OK
2026-09-30T13:08:39.428Z,1636.812,observer,RX,baseline,0,stopped,,,0001DD89,0001,DD89,1,7,01 00 00 0F 03 89 DD,0,OK
2026-09-30T13:08:39.428Z,1636.888,observer,RX,baseline,0,stopped,,,0011DD89,0011,DD89,1,5,01 00 00 89 DD,0,OK
2026-09-30T13:08:39.433Z,1641.706,observer,RX,baseline,0,stopped,,,00012D0E,0001,2D0E,1,7,01 00 00 0F 03 0E 2D,0,OK
2026-09-30T13:08:39.433Z,1641.915,observer,RX,baseline,0,stopped,,,00112D0E,0011,2D0E,1,5,01 00 00 0E 2D,0,OK
2026-09-30T13:08:39.438Z,1646.681,observer,RX,baseline,0,stopped,,,00016871,0001,6871,1,7,01 00 00 0F 03 71 68,0,OK
2026-09-30T13:08:39.438Z,1646.917,observer,RX,baseline,0,stopped,,,00116871,0011,6871,1,5,01 00 00 71 68,0,OK
2026-09-30T13:08:39.443Z,1651.679,observer,RX,baseline,0,stopped,,,00015D81,0001,5D81,1,7,01 00 00 0F 03 81 5D,0,OK
2026-09-30T13:08:39.443Z,1651.913,observer,RX,baseline,0,stopped,,,00115D81,0011,5D81,1,5,01 00 00 81 5D,0,OK
2026-09-30T13:08:39.448Z,1656.68,observer,RX,baseline,0,stopped,,,00018FCC,0001,8FCC,1,7,01 00 00 0F 03 CC 8F,0,OK
2026-09-30T13:08:39.448Z,1656.879,observer,RX,baseline,0,stopped,,,00118FCC,0011,8FCC,1,5,01 00 00 CC 8F,0,OK
2026-09-30T13:08:39.453Z,1661.672,observer,RX,baseline,0,stopped,,,00012240,0001,2240,1,7,01 00 00 0F 03 40 22,0,OK
2026-09-30T13:08:39.453Z,1661.886,observer,RX,baseline,0,stopped,,,00112240,0011,2240,1,5,01 00 00 40 22,0,OK
2026-09-30T13:08:39.458Z,1666.667,observer,RX,baseline,0,stopped,,,0001DD10,0001,DD10,1,7,01 00 00 0F 03 10 DD,0,OK
2026-09-30T13:08:39.458Z,1666.914,observer,RX,baseline,0,stopped,,,0011DD10,0011,DD10,1,5,01 00 00 10 DD,0,OK
2026-09-30T13:08:39.463Z,1671.713,observer,RX,baseline,0,stopped,,,00017664,0001,7664,1,7,01 00 00 0F 03 64 76,0,OK
2026-09-30T13:08:39.463Z,1671.918,observer,RX,baseline,0,stopped,,,00117664,0011,7664,1,5,01 00 00 64 76,0,OK
2026-09-30T13:08:39.468Z,1676.674,observer,RX,baseline,0,stopped,,,00016D67,0001,6D67,1,7,01 00 00 0F 03 67 6D,0,OK
2026-09-30T13:08:39.468Z,1676.898,observer,RX,baseline,0,stopped,,,00116D67,0011,6D67,1,5,01 00 00 67 6D,0,OK
2026-09-30T13:08:39.473Z,1681.759,observer,RX,baseline,0,stopped,,,00017450,0001,7450,1,7,01 00 00 0F 03 50 74,0,OK
2026-09-30T13:08:39.473Z,1681.925,observer,RX,baseline,0,stopped,,,00117450,0011,7450,1,5,01 00 00 50 74,0,OK
2026-09-30T13:08:39.478Z,1686.675,observer,RX,baseline,0,stopped,,,00019D21,0001,9D21,1,7,01 00 00 0F 03 21 9D,0,OK
2026-09-30T13:08:39.478Z,1686.925,observer,RX,baseline,0,stopped,,,00119D21,0011,9D21,1,5,01 00 00 21 9D,0,OK
2026-09-30T13:08:39.483Z,1691.764,observer,RX,baseline,0,stopped,,,0001AAFD,0001,AAFD,1,7,01 00 00 0F 03 FD AA,0,OK
2026-09-30T13:08:39.483Z,1691.927,observer,RX,baseline,0,stopped,,,0011AAFD,0011,AAFD,1,5,01 00 00 FD AA,0,OK
2026-09-30T13:08:39.488Z,1696.65,observer,RX,baseline,0,stopped,,,0001C2B5,0001,C2B5,1,7,01 00 00 0F 03 B5 C2,0,OK
2026-09-30T13:08:39.488Z,1696.9,observer,RX,baseline,0,stopped,,,0011C2B5,0011,C2B5,1,5,01 00 00 B5 C2,0,OK
2026-09-30T13:08:39.493Z,1701.816,observer,RX,baseline,0,stopped,,,000173E2,0001,73E2,1,7,01 00 00 0F 03 E2 73,0,OK
2026-09-30T13:08:39.493Z,1701.894,observer,RX,baseline,0,stopped,,,001173E2,0011,73E2,1,5,01 00 00 E2 73,0,OK
2026-09-30T13:08:39.498Z,1706.871,observer,RX,baseline,0,stopped,,,00015892,0001,5892,1,7,01 00 00 0F 03 92 58,0,OK
2026-09-30T13:08:39.498Z,1706.977,observer,RX,baseline,0,stopped,,,00115892,0011,5892,1,5,01 00 00 92 58,0,OK
2026-09-30T13:08:39.503Z,1711.792,observer,RX,baseline,0,stopped,,,000184B2,0001,84B2,1,7,01 00 00 0F 03 B2 84,0,OK
2026-09-30T13:08:39.503Z,1711.869,observer,RX,baseline,0,stopped,,,001184B2,0011,84B2,1,5,01 00 00 B2 84,0,OK
2026-09-30T13:08:39.508Z,1716.852,observer,RX,baseline,0,stopped,,,00012792,0001,2792,1,7,01 00 00 0F 03 92 27,0,OK
2026-09-30T13:08:39.508Z,1716.942,observer,RX,baseline,0,stopped,,,00112792,0011,2792,1,5,01 00 00 92 27,0,OK
2026-09-30T13:08:39.513Z,1721.815,observer,RX,baseline,0,stopped,,,0001E60B,0001,E60B,1,7,01 00 00 0F 03 0B E6,0,OK
2026-09-30T13:08:39.513Z,1721.89,observer,RX,baseline,0,stopped,,,0011E60B,0011,E60B,1,5,01 00 00 0B E6,0,OK
2026-09-30T13:08:39.518Z,1726.849,observer,RX,baseline,0,stopped,,,00015CC0,0001,5CC0,1,7,01 00 00 0F 03 C0 5C,0,OK
2026-09-30T13:08:39.518Z,1726.961,observer,RX,baseline,0,stopped,,,00115CC0,0011,5CC0,1,5,01 00 00 C0 5C,0,OK
2026-09-30T13:08:39.523Z,1731.788,observer,RX,baseline,0,stopped,,,0001FFCD,0001,FFCD,1,7,01 00 00 0F 03 CD FF,0,OK
2026-09-30T13:08:39.523Z,1731.867,observer,RX,baseline,0,stopped,,,0011FFCD,0011,FFCD,1,5,01 00 00 CD FF,0,OK
2026-09-30T13:08:39.528Z,1736.847,observer,RX,baseline,0,stopped,,,0001D7E0,0001,D7E0,1,7,01 00 00 0F 03 E0 D7,0,OK
2026-09-30T13:08:39.528Z,1736.956,observer,RX,baseline,0,stopped,,,0011D7E0,0011,D7E0,1,5,01 00 00 E0 D7,0,OK
2026-09-30T13:08:39.533Z,1741.812,observer,RX,baseline,0,stopped,,,0001A9A7,0001,A9A7,1,7,01 00 00 0F 03 A7 A9,0,OK
2026-09-30T13:08:39.533Z,1741.886,observer,RX,baseline,0,stopped,,,0011A9A7,0011,A9A7,1,5,01 00 00 A7 A9,0,OK
2026-09-30T13:08:39.538Z,1746.722,observer,RX,baseline,0,stopped,,,000174D4,0001,74D4,1,7,01 00 00 0F 03 D4 74,0,OK
2026-09-30T13:08:39.538Z,1746.913,observer,RX,baseline,0,stopped,,,001174D4,0011,74D4,1,5,01 00 00 D4 74,0,OK
2026-09-30T13:08:39.543Z,1751.641,observer,RX,baseline,0,stopped,,,00017E2E,0001,7E2E,1,7,01 00 00 0F 03 2E 7E,0,OK
2026-09-30T13:08:39.543Z,1751.936,observer,RX,baseline,0,stopped,,,00117E2E,0011,7E2E,1,5,01 00 00 2E 7E,0,OK
2026-09-30T13:08:39.548Z,1756.813,observer,RX,baseline,0,stopped,,,000108CD,0001,08CD,1,7,01 00 00 0F 03 CD 08,0,OK
2026-09-30T13:08:39.548Z,1756.943,observer,RX,baseline,0,stopped,,,001108CD,0011,08CD,1,5,01 00 00 CD 08,0,OK
2026-09-30T13:08:39.553Z,1761.619,observer,RX,baseline,0,stopped,,,0001406B,0001,406B,1,7,01 00 00 0F 03 6B 40,0,OK
2026-09-30T13:08:39.553Z,1761.916,observer,RX,baseline,0,stopped,,,0011406B,0011,406B,1,5,01 00 00 6B 40,0,OK
2026-09-30T13:08:39.558Z,1766.633,observer,RX,baseline,0,stopped,,,000198F0,0001,98F0,1,7,01 00 00 0F 03 F0 98,0,OK
2026-09-30T13:08:39.558Z,1766.934,observer,RX,baseline,0,stopped,,,001198F0,0011,98F0,1,5,01 00 00 F0 98,0,OK
2026-09-30T13:08:39.563Z,1771.632,observer,RX,baseline,0,stopped,,,0001FFC5,0001,FFC5,1,7,01 00 00 0F 03 C5 FF,0,OK
2026-09-30T13:08:39.563Z,1771.855,observer,RX,baseline,0,stopped,,,0011FFC5,0011,FFC5,1,5,01 00 00 C5 FF,0,OK
2026-09-30T13:08:39.568Z,1776.685,observer,RX,baseline,0,stopped,,,00013ED6,0001,3ED6,1,7,01 00 00 0F 03 D6 3E,0,OK
2026-09-30T13:08:39.568Z,1776.87,observer,RX,baseline,0,stopped,,,00113ED6,0011,3ED6,1,5,01 00 00 D6 3E,0,OK
2026-09-30T13:08:39.573Z,1781.647,observer,RX,baseline,0,stopped,,,00015FB9,0001,5FB9,1,7,01 00 00 0F 03 B9 5F,0,OK
2026-09-30T13:08:39.573Z,1781.861,observer,RX,baseline,0,stopped,,,00115FB9,0011,5FB9,1,5,01 00 00 B9 5F,0,OK
2026-09-30T13:08:39.578Z,1786.647,observer,RX,baseline,0,stopped,,,0001D80E,0001,D80E,1,7,01 00 00 0F 03 0E D8,0,OK
2026-09-30T13:08:39.578Z,1786.867,observer,RX,baseline,0,stopped,,,0011D80E,0011,D80E,1,5,01 00 00 0E D8,0,OK
2026-09-30T13:08:39.583Z,1791.641,observer,RX,baseline,0,stopped,,,00010CBC,0001,0CBC,1,7,01 00 00 0F 03 BC 0C,0,OK
2026-09-30T13:08:39.583Z,1791.86,observer,RX,baseline,0,stopped,,,00110CBC,0011,0CBC,1,5,01 00 00 BC 0C,0,OK
2026-09-30T13:08:39.588Z,1796.676,observer,RX,baseline,0,stopped,,,0001888A,0001,888A,1,7,01 00 00 0F 03 8A 88,0,OK
2026-09-30T13:08:39.588Z,1796.795,observer,RX,baseline,0,stopped,,,0011888A,0011,888A,1,5,01 00 00 8A 88,0,OK
2026-09-30T13:08:39.593Z,1801.634,observer,RX,baseline,0,stopped,,,00017D36,0001,7D36,1,7,01 00 00 0F 03 36 7D,0,OK
2026-09-30T13:08:39.593Z,1801.854,observer,RX,baseline,0,stopped,,,00117D36,0011,7D36,1,5,01 00 00 36 7D,0,OK
2026-09-30T13:08:39.598Z,1806.624,observer,RX,baseline,0,stopped,,,000128A2,0001,28A2,1,7,01 00 00 0F 03 A2 28,0,OK
2026-09-30T13:08:39.598Z,1806.844,observer,RX,baseline,0,stopped,,,001128A2,0011,28A2,1,5,01 00 00 A2 28,0,OK
2026-09-30T13:08:39.603Z,1811.658,observer,RX,baseline,0,stopped,,,0001F177,0001,F177,1,7,01 00 00 0F 03 77 F1,0,OK
2026-09-30T13:08:39.603Z,1811.892,observer,RX,baseline,0,stopped,,,0011F177,0011,F177,1,5,01 00 00 77 F1,0,OK
2026-09-30T13:08:39.608Z,1816.843,observer,RX,baseline,0,stopped,,,0001E60E,0001,E60E,1,7,01 00 00 0F 03 0E E6,0,OK
2026-09-30T13:08:39.608Z,1816.975,observer,RX,baseline,0,stopped,,,0011E60E,0011,E60E,1,5,01 00 00 0E E6,0,OK
2026-09-30T13:08:39.613Z,1821.802,observer,RX,baseline,0,stopped,,,0001631C,0001,631C,1,7,01 00 00 0F 03 1C 63,0,OK
2026-09-30T13:08:39.613Z,1821.932,observer,RX,baseline,0,stopped,,,0011631C,0011,631C,1,5,01 00 00 1C 63,0,OK
2026-09-30T13:08:39.618Z,1826.833,observer,RX,baseline,0,stopped,,,00012004,0001,2004,1,7,01 00 00 0F 03 04 20,0,OK
2026-09-30T13:08:39.618Z,1826.966,observer,RX,baseline,0,stopped,,,00112004,0011,2004,1,5,01 00 00 04 20,0,OK
2026-09-30T13:08:39.623Z,1831.793,observer,RX,baseline,0,stopped,,,0001A03C,0001,A03C,1,7,01 00 00 0F 03 3C A0,0,OK
2026-09-30T13:08:39.623Z,1831.926,observer,RX,baseline,0,stopped,,,0011A03C,0011,A03C,1,5,01 00 00 3C A0,0,OK
2026-09-30T13:08:39.628Z,1836.951,observer,RX,baseline,0,stopped,,,00018963,0001,8963,1,7,01 00 00 0F 03 63 89,0,OK
2026-09-30T13:08:39.628Z,1837.081,observer,RX,baseline,0,stopped,,,00118963,0011,8963,1,5,01 00 00 63 89,0,OK
2026-09-30T13:08:39.633Z,1841.939,observer,RX,baseline,0,stopped,,,0001BC4F,0001,BC4F,1,7,01 00 00 0F 03 4F BC,0,OK
2026-09-30T13:08:39.633Z,1842.075,observer,RX,baseline,0,stopped,,,0011BC4F,0011,BC4F,1,5,01 00 00 4F BC,0,OK
2026-09-30T13:08:39.638Z,1846.83,observer,RX,baseline,0,stopped,,,0001DC8F,0001,DC8F,1,7,01 00 00 0F 03 8F DC,0,OK
2026-09-30T13:08:39.638Z,1846.971,observer,RX,baseline,0,stopped,,,0011DC8F,0011,DC8F,1,5,01 00 00 8F DC,0,OK
2026-09-30T13:08:39.643Z,1851.95,observer,RX,baseline,0,stopped,,,0001E0B1,0001,E0B1,1,7,01 00 00 0F 03 B1 E0,0,OK
2026-09-30T13:08:39.643Z,1852.09,observer,RX,baseline,0,stopped,,,0011E0B1,0011,E0B1,1,5,01 00 00 B1 E0,0,OK
2026-09-30T13:08:39.648Z,1856.679,observer,RX,baseline,0,stopped,,,00012B69,0001,2B69,1,7,01 00 00 0F 03 69 2B,0,OK
2026-09-30T13:08:39.648Z,1856.81,observer,RX,baseline,0,stopped,,,00112B69,0011,2B69,1,5,01 00 00 69 2B,0,OK
2026-09-30T13:08:39.653Z,1861.777,observer,RX,baseline,0,stopped,,,0001AC31,0001,AC31,1,7,01 00 00 0F 03 31 AC,0,OK
2026-09-30T13:08:39.653Z,1861.91,observer,RX,baseline,0,stopped,,,0011AC31,0011,AC31,1,5,01 00 00 31 AC,0,OK
2026-09-30T13:08:39.658Z,1866.688,observer,RX,baseline,0,stopped,,,0001CE89,0001,CE89,1,7,01 00 00 0F 03 89 CE,0,OK
2026-09-30T13:08:39.658Z,1866.884,observer,RX,baseline,0,stopped,,,0011CE89,0011,CE89,1,5,01 00 00 89 CE,0,OK
2026-09-30T13:08:39.663Z,1871.676,observer,RX,baseline,0,stopped,,,00015509,0001,5509,1,7,01 00 00 0F 03 09 55,0,OK
2026-09-30T13:08:39.663Z,1871.806,observer,RX,baseline,0,stopped,,,00115509,0011,5509,1,5,01 00 00 09 55,0,OK
2026-09-30T13:08:39.668Z,1876.65,observer,RX,baseline,0,stopped,,,000159A2,0001,59A2,1,7,01 00 00 0F 03 A2 59,0,OK
2026-09-30T13:08:39.668Z,1876.854,observer,RX,baseline,0,stopped,,,001159A2,0011,59A2,1,5,01 00 00 A2 59,0,OK
2026-09-30T13:08:39.673Z,1881.642,observer,RX,baseline,0,stopped,,,00015A34,0001,5A34,1,7,01 00 00 0F 03 34 5A,0,OK
2026-09-30T13:08:39.673Z,1881.881,observer,RX,baseline,0,stopped,,,00115A34,0011,5A34,1,5,01 00 00 34 5A,0,OK
2026-09-30T13:08:39.678Z,1886.644,observer,RX,baseline,0,stopped,,,000177C0,0001,77C0,1,7,01 00 00 0F 03 C0 77,0,OK
2026-09-30T13:08:39.678Z,1886.864,observer,RX,baseline,0,stopped,,,001177C0,0011,77C0,1,5,01 00 00 C0 77,0,OK
2026-09-30T13:08:39.683Z,1891.775,observer,RX,baseline,0,stopped,,,00017CFC,0001,7CFC,1,7,01 00 00 0F 03 FC 7C,0,OK
2026-09-30T13:08:39.683Z,1891.914,observer,RX,baseline,0,stopped,,,00117CFC,0011,7CFC,1,5,01 00 00 FC 7C,0,OK
2026-09-30T13:08:39.688Z,1896.716,observer,RX,baseline,0,stopped,,,0001D0B7,0001,D0B7,1,7,01 00 00 0F 03 B7 D0,0,OK
2026-09-30T13:08:39.688Z,1896.848,observer,RX,baseline,0,stopped,,,0011D0B7,0011,D0B7,1,5,01 00 00 B7 D0,0,OK
2026-09-30T13:08:39.693Z,1902.016,observer,RX,baseline,0,stopped,,,00017133,0001,7133,1,7,01 00 00 0F 03 33 71,0,OK
2026-09-30T13:08:39.694Z,1902.147,observer,RX,baseline,0,stopped,,,00117133,0011,7133,1,5,01 00 00 33 71,0,OK
2026-09-30T13:08:39.698Z,1907.013,observer,RX,baseline,0,stopped,,,000155F8,0001,55F8,1,7,01 00 00 0F 03 F8 55,0,OK
2026-09-30T13:08:39.699Z,1907.144,observer,RX,baseline,0,stopped,,,001155F8,0011,55F8,1,5,01 00 00 F8 55,0,OK
2026-09-30T13:08:39.703Z,1911.689,observer,RX,baseline,0,stopped,,,0001EA7A,0001,EA7A,1,7,01 00 00 0F 03 7A EA,0,OK
2026-09-30T13:08:39.703Z,1911.833,observer,RX,baseline,0,stopped,,,0011EA7A,0011,EA7A,1,5,01 00 00 7A EA,0,OK
2026-09-30T13:08:39.708Z,1916.645,observer,RX,baseline,0,stopped,,,0001BFBA,0001,BFBA,1,7,01 00 00 0F 03 BA BF,0,OK
2026-09-30T13:08:39.708Z,1916.895,observer,RX,baseline,0,stopped,,,0011BFBA,0011,BFBA,1,5,01 00 00 BA BF,0,OK
2026-09-30T13:08:39.713Z,1921.64,observer,RX,baseline,0,stopped,,,0001D281,0001,D281,1,7,01 00 00 0F 03 81 D2,0,OK
2026-09-30T13:08:39.713Z,1921.89,observer,RX,baseline,0,stopped,,,0011D281,0011,D281,1,5,01 00 00 81 D2,0,OK
2026-09-30T13:08:39.718Z,1926.655,observer,RX,baseline,0,stopped,,,0001A007,0001,A007,1,7,01 00 00 0F 03 07 A0,0,OK
2026-09-30T13:08:39.718Z,1926.857,observer,RX,baseline,0,stopped,,,0011A007,0011,A007,1,5,01 00 00 07 A0,0,OK
2026-09-30T13:08:39.723Z,1931.814,observer,RX,baseline,0,stopped,,,0001241E,0001,241E,1,7,01 00 00 0F 03 1E 24,0,OK
2026-09-30T13:08:39.723Z,1931.897,observer,RX,baseline,0,stopped,,,0011241E,0011,241E,1,5,01 00 00 1E 24,0,OK
2026-09-30T13:08:39.728Z,1937.117,observer,RX,baseline,0,stopped,,,00011830,0001,1830,1,7,01 00 00 0F 03 30 18,0,OK
2026-09-30T13:08:39.729Z,1937.255,observer,RX,baseline,0,stopped,,,00111830,0011,1830,1,5,01 00 00 30 18,0,OK
2026-09-30T13:08:39.733Z,1942.031,observer,RX,baseline,0,stopped,,,000104BD,0001,04BD,1,7,01 00 00 0F 03 BD 04,0,OK
2026-09-30T13:08:39.734Z,1942.161,observer,RX,baseline,0,stopped,,,001104BD,0011,04BD,1,5,01 00 00 BD 04,0,OK
2026-09-30T13:08:39.738Z,1946.915,observer,RX,baseline,0,stopped,,,000121BC,0001,21BC,1,7,01 00 00 0F 03 BC 21,0,OK
2026-09-30T13:08:39.738Z,1947.052,observer,RX,baseline,0,stopped,,,001121BC,0011,21BC,1,5,01 00 00 BC 21,0,OK
2026-09-30T13:08:39.743Z,1951.759,observer,RX,baseline,0,stopped,,,0001DD64,0001,DD64,1,7,01 00 00 0F 03 64 DD,0,OK
2026-09-30T13:08:39.743Z,1951.889,observer,RX,baseline,0,stopped,,,0011DD64,0011,DD64,1,5,01 00 00 64 DD,0,OK
2026-09-30T13:08:39.748Z,1956.793,observer,RX,baseline,0,stopped,,,0001EACC,0001,EACC,1,7,01 00 00 0F 03 CC EA,0,OK
2026-09-30T13:08:39.748Z,1956.876,observer,RX,baseline,0,stopped,,,0011EACC,0011,EACC,1,5,01 00 00 CC EA,0,OK
2026-09-30T13:08:39.753Z,1961.755,observer,RX,baseline,0,stopped,,,0001DE6A,0001,DE6A,1,7,01 00 00 0F 03 6A DE,0,OK
2026-09-30T13:08:39.753Z,1961.904,observer,RX,baseline,0,stopped,,,0011DE6A,0011,DE6A,1,5,01 00 00 6A DE,0,OK
2026-09-30T13:08:39.758Z,1966.785,observer,RX,baseline,0,stopped,,,0001FE84,0001,FE84,1,7,01 00 00 0F 03 84 FE,0,OK
2026-09-30T13:08:39.758Z,1966.86,observer,RX,baseline,0,stopped,,,0011FE84,0011,FE84,1,5,01 00 00 84 FE,0,OK
2026-09-30T13:08:39.763Z,1971.793,observer,RX,baseline,0,stopped,,,0001E499,0001,E499,1,7,01 00 00 0F 03 99 E4,0,OK
2026-09-30T13:08:39.763Z,1971.868,observer,RX,baseline,0,stopped,,,0011E499,0011,E499,1,5,01 00 00 99 E4,0,OK
2026-09-30T13:08:39.768Z,1976.614,observer,RX,baseline,0,stopped,,,0001A8FB,0001,A8FB,1,7,01 00 00 0F 03 FB A8,0,OK
2026-09-30T13:08:39.768Z,1976.853,observer,RX,baseline,0,stopped,,,0011A8FB,0011,A8FB,1,5,01 00 00 FB A8,0,OK
2026-09-30T13:08:39.773Z,1981.655,observer,RX,baseline,0,stopped,,,0001FC42,0001,FC42,1,7,01 00 00 0F 03 42 FC,0,OK
2026-09-30T13:08:39.773Z,1981.893,observer,RX,baseline,0,stopped,,,0011FC42,0011,FC42,1,5,01 00 00 42 FC,0,OK
2026-09-30T13:08:39.778Z,1986.648,observer,RX,baseline,0,stopped,,,00018ACA,0001,8ACA,1,7,01 00 00 0F 03 CA 8A,0,OK
2026-09-30T13:08:39.778Z,1986.866,observer,RX,baseline,0,stopped,,,00118ACA,0011,8ACA,1,5,01 00 00 CA 8A,0,OK
2026-09-30T13:08:39.783Z,1991.766,observer,RX,baseline,0,stopped,,,00015695,0001,5695,1,7,01 00 00 0F 03 95 56,0,OK
2026-09-30T13:08:39.783Z,1991.888,observer,RX,baseline,0,stopped,,,00115695,0011,5695,1,5,01 00 00 95 56,0,OK
2026-09-30T13:08:39.788Z,1996.626,observer,RX,baseline,0,stopped,,,00017F23,0001,7F23,1,7,01 00 00 0F 03 23 7F,0,OK
2026-09-30T13:08:39.788Z,1996.901,observer,RX,baseline,0,stopped,,,00117F23,0011,7F23,1,5,01 00 00 23 7F,0,OK
2026-09-30T13:08:39.793Z,2001.606,observer,RX,baseline,0,stopped,,,00016344,0001,6344,1,7,01 00 00 0F 03 44 63,0,OK
2026-09-30T13:08:39.793Z,2001.867,observer,RX,baseline,0,stopped,,,00116344,0011,6344,1,5,01 00 00 44 63,0,OK
2026-09-30T13:08:39.798Z,2006.606,observer,RX,baseline,0,stopped,,,00011821,0001,1821,1,7,01 00 00 0F 03 21 18,0,OK
2026-09-30T13:08:39.798Z,2006.877,observer,RX,baseline,0,stopped,,,00111821,0011,1821,1,5,01 00 00 21 18,0,OK
2026-09-30T13:08:39.803Z,2011.614,observer,RX,baseline,0,stopped,,,0001842A,0001,842A,1,7,01 00 00 0F 03 2A 84,0,OK
2026-09-30T13:08:39.803Z,2011.87,observer,RX,baseline,0,stopped,,,0011842A,0011,842A,1,5,01 00 00 2A 84,0,OK
2026-09-30T13:08:39.808Z,2016.585,observer,RX,baseline,0,stopped,,,00019FAB,0001,9FAB,1,7,01 00 00 0F 03 AB 9F,0,OK
2026-09-30T13:08:39.808Z,2016.864,observer,RX,baseline,0,stopped,,,00119FAB,0011,9FAB,1,5,01 00 00 AB 9F,0,OK
2026-09-30T13:08:39.813Z,2021.579,observer,RX,baseline,0,stopped,,,00010E93,0001,0E93,1,7,01 00 00 0F 03 93 0E,0,OK
2026-09-30T13:08:39.813Z,2021.847,observer,RX,baseline,0,stopped,,,00110E93,0011,0E93,1,5,01 00 00 93 0E,0,OK
2026-09-30T13:08:39.818Z,2026.608,observer,RX,baseline,0,stopped,,,0001D022,0001,D022,1,7,01 00 00 0F 03 22 D0,0,OK
2026-09-30T13:08:39.818Z,2026.867,observer,RX,baseline,0,stopped,,,0011D022,0011,D022,1,5,01 00 00 22 D0,0,OK
2026-09-30T13:08:39.823Z,2031.609,observer,RX,baseline,0,stopped,,,00012D5B,0001,2D5B,1,7,01 00 00 0F 03 5B 2D,0,OK
2026-09-30T13:08:39.823Z,2031.855,observer,RX,baseline,0,stopped,,,00112D5B,0011,2D5B,1,5,01 00 00 5B 2D,0,OK
2026-09-30T13:08:39.828Z,2036.609,observer,RX,baseline,0,stopped,,,000192B9,0001,92B9,1,7,01 00 00 0F 03 B9 92,0,OK
2026-09-30T13:08:39.828Z,2036.848,observer,RX,baseline,0,stopped,,,001192B9,0011,92B9,1,5,01 00 00 B9 92,0,OK
2026-09-30T13:08:39.833Z,2041.805,observer,RX,baseline,0,stopped,,,000174FD,0001,74FD,1,7,01 00 00 0F 03 FD 74,0,OK
2026-09-30T13:08:39.833Z,2041.934,observer,RX,baseline,0,stopped,,,001174FD,0011,74FD,1,5,01 00 00 FD 74,0,OK
2026-09-30T13:08:39.838Z,2046.853,observer,RX,baseline,0,stopped,,,00017216,0001,7216,1,7,01 00 00 0F 03 16 72,0,OK
2026-09-30T13:08:39.838Z,2046.987,observer,RX,baseline,0,stopped,,,00117216,0011,7216,1,5,01 00 00 16 72,0,OK
2026-09-30T13:08:39.843Z,2052.054,observer,RX,baseline,0,stopped,,,0001724C,0001,724C,1,7,01 00 00 0F 03 4C 72,0,OK
2026-09-30T13:08:39.844Z,2052.185,observer,RX,baseline,0,stopped,,,0011724C,0011,724C,1,5,01 00 00 4C 72,0,OK
2026-09-30T13:08:39.848Z,2056.649,observer,RX,baseline,0,stopped,,,000182BC,0001,82BC,1,7,01 00 00 0F 03 BC 82,0,OK
2026-09-30T13:08:39.848Z,2056.8,observer,RX,baseline,0,stopped,,,001182BC,0011,82BC,1,5,01 00 00 BC 82,0,OK
2026-09-30T13:08:39.853Z,2061.688,observer,RX,baseline,0,stopped,,,0001265C,0001,265C,1,7,01 00 00 0F 03 5C 26,0,OK
2026-09-30T13:08:39.853Z,2061.816,observer,RX,baseline,0,stopped,,,0011265C,0011,265C,1,5,01 00 00 5C 26,0,OK
2026-09-30T13:08:39.858Z,2066.739,observer,RX,baseline,0,stopped,,,00013352,0001,3352,1,7,01 00 00 0F 03 52 33,0,OK
2026-09-30T13:08:39.858Z,2066.875,observer,RX,baseline,0,stopped,,,00113352,0011,3352,1,5,01 00 00 52 33,0,OK
2026-09-30T13:08:39.863Z,2071.784,observer,RX,baseline,0,stopped,,,0001E9FB,0001,E9FB,1,7,01 00 00 0F 03 FB E9,0,OK
2026-09-30T13:08:39.863Z,2071.921,observer,RX,baseline,0,stopped,,,0011E9FB,0011,E9FB,1,5,01 00 00 FB E9,0,OK
2026-09-30T13:08:39.868Z,2076.617,observer,RX,baseline,0,stopped,,,00019DB0,0001,9DB0,1,7,01 00 00 0F 03 B0 9D,0,OK
2026-09-30T13:08:39.868Z,2076.874,observer,RX,baseline,0,stopped,,,00119DB0,0011,9DB0,1,5,01 00 00 B0 9D,0,OK
2026-09-30T13:08:39.873Z,2081.674,observer,RX,baseline,0,stopped,,,000154A0,0001,54A0,1,7,01 00 00 0F 03 A0 54,0,OK
2026-09-30T13:08:39.873Z,2081.81,observer,RX,baseline,0,stopped,,,001154A0,0011,54A0,1,5,01 00 00 A0 54,0,OK
2026-09-30T13:08:39.878Z,2086.643,observer,RX,baseline,0,stopped,,,00017A65,0001,7A65,1,7,01 00 00 0F 03 65 7A,0,OK
2026-09-30T13:08:39.878Z,2086.886,observer,RX,baseline,0,stopped,,,00117A65,0011,7A65,1,5,01 00 00 65 7A,0,OK
2026-09-30T13:08:39.883Z,2091.63,observer,RX,baseline,0,stopped,,,0001C6B2,0001,C6B2,1,7,01 00 00 0F 03 B2 C6,0,OK
2026-09-30T13:08:39.883Z,2091.87,observer,RX,baseline,0,stopped,,,0011C6B2,0011,C6B2,1,5,01 00 00 B2 C6,0,OK
2026-09-30T13:08:39.888Z,2096.615,observer,RX,baseline,0,stopped,,,0001531B,0001,531B,1,7,01 00 00 0F 03 1B 53,0,OK
2026-09-30T13:08:39.888Z,2096.864,observer,RX,baseline,0,stopped,,,0011531B,0011,531B,1,5,01 00 00 1B 53,0,OK
2026-09-30T13:08:39.893Z,2101.613,observer,RX,baseline,0,stopped,,,000160A7,0001,60A7,1,7,01 00 00 0F 03 A7 60,0,OK
2026-09-30T13:08:39.893Z,2101.834,observer,RX,baseline,0,stopped,,,001160A7,0011,60A7,1,5,01 00 00 A7 60,0,OK
2026-09-30T13:08:39.898Z,2106.611,observer,RX,baseline,0,stopped,,,0001CCF3,0001,CCF3,1,7,01 00 00 0F 03 F3 CC,0,OK
2026-09-30T13:08:39.898Z,2106.878,observer,RX,baseline,0,stopped,,,0011CCF3,0011,CCF3,1,5,01 00 00 F3 CC,0,OK
2026-09-30T13:08:39.903Z,2111.608,observer,RX,baseline,0,stopped,,,0001C83A,0001,C83A,1,7,01 00 00 0F 03 3A C8,0,OK
2026-09-30T13:08:39.903Z,2111.837,observer,RX,baseline,0,stopped,,,0011C83A,0011,C83A,1,5,01 00 00 3A C8,0,OK
2026-09-30T13:08:39.908Z,2116.687,observer,RX,baseline,0,stopped,,,00019ED9,0001,9ED9,1,7,01 00 00 0F 03 D9 9E,0,OK
2026-09-30T13:08:39.908Z,2116.822,observer,RX,baseline,0,stopped,,,00119ED9,0011,9ED9,1,5,01 00 00 D9 9E,0,OK
2026-09-30T13:08:39.913Z,2121.668,observer,RX,baseline,0,stopped,,,00017AD2,0001,7AD2,1,7,01 00 00 0F 03 D2 7A,0,OK
2026-09-30T13:08:39.913Z,2121.869,observer,RX,baseline,0,stopped,,,00117AD2,0011,7AD2,1,5,01 00 00 D2 7A,0,OK
2026-09-30T13:08:39.919Z,2127.36,observer,RX,baseline,0,stopped,,,0001885E,0001,885E,1,7,01 00 00 0F 03 5E 88,0,OK
2026-09-30T13:08:39.919Z,2127.489,observer,RX,baseline,0,stopped,,,0011885E,0011,885E,1,5,01 00 00 5E 88,0,OK
2026-09-30T13:08:39.923Z,2131.646,observer,RX,baseline,0,stopped,,,00015FD0,0001,5FD0,1,7,01 00 00 0F 03 D0 5F,0,OK
2026-09-30T13:08:39.923Z,2131.894,observer,RX,baseline,0,stopped,,,00115FD0,0011,5FD0,1,5,01 00 00 D0 5F,0,OK
2026-09-30T13:08:39.928Z,2136.659,observer,RX,baseline,0,stopped,,,0001709C,0001,709C,1,7,01 00 00 0F 03 9C 70,0,OK
2026-09-30T13:08:39.928Z,2136.784,observer,RX,baseline,0,stopped,,,0011709C,0011,709C,1,5,01 00 00 9C 70,0,OK
2026-09-30T13:08:39.933Z,2141.927,observer,RX,baseline,0,stopped,,,00011358,0001,1358,1,7,01 00 00 0F 03 58 13,0,OK
2026-09-30T13:08:39.933Z,2142.078,observer,RX,baseline,0,stopped,,,00111358,0011,1358,1,5,01 00 00 58 13,0,OK
2026-09-30T13:08:39.938Z,2146.66,observer,RX,baseline,0,stopped,,,0001BD2A,0001,BD2A,1,7,01 00 00 0F 03 2A BD,0,OK
2026-09-30T13:08:39.938Z,2146.778,observer,RX,baseline,0,stopped,,,0011BD2A,0011,BD2A,1,5,01 00 00 2A BD,0,OK
2026-09-30T13:08:39.943Z,2151.717,observer,RX,baseline,0,stopped,,,0001ADD8,0001,ADD8,1,7,01 00 00 0F 03 D8 AD,0,OK
2026-09-30T13:08:39.943Z,2151.874,observer,RX,baseline,0,stopped,,,0011ADD8,0011,ADD8,1,5,01 00 00 D8 AD,0,OK
2026-09-30T13:08:39.949Z,2157.647,observer,RX,baseline,0,stopped,,,0001F030,0001,F030,1,7,01 00 00 0F 03 30 F0,0,OK
2026-09-30T13:08:39.949Z,2157.8,observer,RX,baseline,0,stopped,,,0011F030,0011,F030,1,5,01 00 00 30 F0,0,OK
2026-09-30T13:08:39.953Z,2161.806,observer,RX,baseline,0,stopped,,,00018A58,0001,8A58,1,7,01 00 00 0F 03 58 8A,0,OK
2026-09-30T13:08:39.953Z,2161.938,observer,RX,baseline,0,stopped,,,00118A58,0011,8A58,1,5,01 00 00 58 8A,0,OK
2026-09-30T13:08:39.958Z,2166.761,observer,RX,baseline,0,stopped,,,0001F51D,0001,F51D,1,7,01 00 00 0F 03 1D F5,0,OK
2026-09-30T13:08:39.958Z,2166.893,observer,RX,baseline,0,stopped,,,0011F51D,0011,F51D,1,5,01 00 00 1D F5,0,OK
2026-09-30T13:08:39.964Z,2172.553,observer,RX,baseline,0,stopped,,,0001B153,0001,B153,1,7,01 00 00 0F 03 53 B1,0,OK
2026-09-30T13:08:39.964Z,2172.687,observer,RX,baseline,0,stopped,,,0011B153,0011,B153,1,5,01 00 00 53 B1,0,OK
2026-09-30T13:08:39.969Z,2177.659,observer,RX,baseline,0,stopped,,,0001C681,0001,C681,1,7,01 00 00 0F 03 81 C6,0,OK
2026-09-30T13:08:39.969Z,2177.788,observer,RX,baseline,0,stopped,,,0011C681,0011,C681,1,5,01 00 00 81 C6,0,OK
2026-09-30T13:08:39.974Z,2182.637,observer,RX,baseline,0,stopped,,,0001AFAF,0001,AFAF,1,7,01 00 00 0F 03 AF AF,0,OK
2026-09-30T13:08:39.974Z,2182.762,observer,RX,baseline,0,stopped,,,0011AFAF,0011,AFAF,1,5,01 00 00 AF AF,0,OK
2026-09-30T13:08:39.979Z,2187.58,observer,RX,baseline,0,stopped,,,00010828,0001,0828,1,7,01 00 00 0F 03 28 08,0,OK
2026-09-30T13:08:39.979Z,2187.705,observer,RX,baseline,0,stopped,,,00110828,0011,0828,1,5,01 00 00 28 08,0,OK
2026-09-30T13:08:39.984Z,2192.652,observer,RX,baseline,0,stopped,,,00013110,0001,3110,1,7,01 00 00 0F 03 10 31,0,OK
2026-09-30T13:08:39.984Z,2192.78,observer,RX,baseline,0,stopped,,,00113110,0011,3110,1,5,01 00 00 10 31,0,OK
2026-09-30T13:08:39.989Z,2197.551,observer,RX,baseline,0,stopped,,,00016B5D,0001,6B5D,1,7,01 00 00 0F 03 5D 6B,0,OK
2026-09-30T13:08:39.989Z,2197.683,observer,RX,baseline,0,stopped,,,00116B5D,0011,6B5D,1,5,01 00 00 5D 6B,0,OK
2026-09-30T13:08:39.993Z,2201.667,observer,RX,baseline,0,stopped,,,0001568E,0001,568E,1,7,01 00 00 0F 03 8E 56,0,OK
2026-09-30T13:08:39.993Z,2201.795,observer,RX,baseline,0,stopped,,,0011568E,0011,568E,1,5,01 00 00 8E 56,0,OK
2026-09-30T13:08:39.998Z,2206.661,observer,RX,baseline,0,stopped,,,0001F408,0001,F408,1,7,01 00 00 0F 03 08 F4,0,OK
2026-09-30T13:08:39.998Z,2206.878,observer,RX,baseline,0,stopped,,,0011F408,0011,F408,1,5,01 00 00 08 F4,0,OK
2026-09-30T13:08:40.004Z,2212.645,observer,RX,baseline,0,stopped,,,0001F2A4,0001,F2A4,1,7,01 00 00 0F 03 A4 F2,0,OK
2026-09-30T13:08:40.004Z,2212.778,observer,RX,baseline,0,stopped,,,0011F2A4,0011,F2A4,1,5,01 00 00 A4 F2,0,OK
2026-09-30T13:08:40.009Z,2217.592,observer,RX,baseline,0,stopped,,,00018FF9,0001,8FF9,1,7,01 00 00 0F 03 F9 8F,0,OK
2026-09-30T13:08:40.009Z,2217.72,observer,RX,baseline,0,stopped,,,00118FF9,0011,8FF9,1,5,01 00 00 F9 8F,0,OK
2026-09-30T13:08:40.014Z,2222.684,observer,RX,baseline,0,stopped,,,0001E4CA,0001,E4CA,1,7,01 00 00 0F 03 CA E4,0,OK
2026-09-30T13:08:40.014Z,2222.813,observer,RX,baseline,0,stopped,,,0011E4CA,0011,E4CA,1,5,01 00 00 CA E4,0,OK
2026-09-30T13:08:40.019Z,2227.507,observer,RX,baseline,0,stopped,,,0001A6AA,0001,A6AA,1,7,01 00 00 0F 03 AA A6,0,OK
2026-09-30T13:08:40.019Z,2227.633,observer,RX,baseline,0,stopped,,,0011A6AA,0011,A6AA,1,5,01 00 00 AA A6,0,OK
2026-09-30T13:08:40.023Z,2231.635,observer,RX,baseline,0,stopped,,,0001A31A,0001,A31A,1,7,01 00 00 0F 03 1A A3,0,OK
2026-09-30T13:08:40.023Z,2231.842,observer,RX,baseline,0,stopped,,,0011A31A,0011,A31A,1,5,01 00 00 1A A3,0,OK
2026-09-30T13:08:40.028Z,2237.04,observer,RX,baseline,0,stopped,,,00014E35,0001,4E35,1,7,01 00 00 0F 03 35 4E,0,OK
2026-09-30T13:08:40.029Z,2237.167,observer,RX,baseline,0,stopped,,,00114E35,0011,4E35,1,5,01 00 00 35 4E,0,OK
2026-09-30T13:08:40.033Z,2241.644,observer,RX,baseline,0,stopped,,,0001E5F1,0001,E5F1,1,7,01 00 00 0F 03 F1 E5,0,OK
2026-09-30T13:08:40.033Z,2241.806,observer,RX,baseline,0,stopped,,,0011E5F1,0011,E5F1,1,5,01 00 00 F1 E5,0,OK
2026-09-30T13:08:40.039Z,2247.262,observer,RX,baseline,0,stopped,,,0001BF51,0001,BF51,1,7,01 00 00 0F 03 51 BF,0,OK
2026-09-30T13:08:40.039Z,2247.391,observer,RX,baseline,0,stopped,,,0011BF51,0011,BF51,1,5,01 00 00 51 BF,0,OK
2026-09-30T13:08:40.044Z,2252.702,observer,RX,baseline,0,stopped,,,00010169,0001,0169,1,7,01 00 00 0F 03 69 01,0,OK
2026-09-30T13:08:40.044Z,2252.829,observer,RX,baseline,0,stopped,,,00110169,0011,0169,1,5,01 00 00 69 01,0,OK
2026-09-30T13:08:40.049Z,2257.605,observer,RX,baseline,0,stopped,,,0001889F,0001,889F,1,7,01 00 00 0F 03 9F 88,0,OK
2026-09-30T13:08:40.049Z,2257.738,observer,RX,baseline,0,stopped,,,0011889F,0011,889F,1,5,01 00 00 9F 88,0,OK
2026-09-30T13:08:40.053Z,2261.915,observer,RX,baseline,0,stopped,,,00019220,0001,9220,1,7,01 00 00 0F 03 20 92,0,OK
2026-09-30T13:08:40.054Z,2262.14,observer,RX,baseline,0,stopped,,,00119220,0011,9220,1,5,01 00 00 20 92,0,OK
2026-09-30T13:08:40.058Z,2266.849,observer,RX,baseline,0,stopped,,,00017A79,0001,7A79,1,7,01 00 00 0F 03 79 7A,0,OK
2026-09-30T13:08:40.058Z,2266.978,observer,RX,baseline,0,stopped,,,00117A79,0011,7A79,1,5,01 00 00 79 7A,0,OK
2026-09-30T13:08:40.063Z,2271.853,observer,RX,baseline,0,stopped,,,0001F2A9,0001,F2A9,1,7,01 00 00 0F 03 A9 F2,0,OK
2026-09-30T13:08:40.063Z,2271.982,observer,RX,baseline,0,stopped,,,0011F2A9,0011,F2A9,1,5,01 00 00 A9 F2,0,OK
2026-09-30T13:08:40.068Z,2276.853,observer,RX,baseline,0,stopped,,,00014738,0001,4738,1,7,01 00 00 0F 03 38 47,0,OK
2026-09-30T13:08:40.068Z,2276.997,observer,RX,baseline,0,stopped,,,00114738,0011,4738,1,5,01 00 00 38 47,0,OK
2026-09-30T13:08:40.073Z,2281.858,observer,RX,baseline,0,stopped,,,00016896,0001,6896,1,7,01 00 00 0F 03 96 68,0,OK
2026-09-30T13:08:40.073Z,2281.985,observer,RX,baseline,0,stopped,,,00116896,0011,6896,1,5,01 00 00 96 68,0,OK
2026-09-30T13:08:40.078Z,2286.926,observer,RX,baseline,0,stopped,,,0001687A,0001,687A,1,7,01 00 00 0F 03 7A 68,0,OK
2026-09-30T13:08:40.078Z,2287.063,observer,RX,baseline,0,stopped,,,0011687A,0011,687A,1,5,01 00 00 7A 68,0,OK
2026-09-30T13:08:40.083Z,2291.854,observer,RX,baseline,0,stopped,,,00017004,0001,7004,1,7,01 00 00 0F 03 04 70,0,OK
2026-09-30T13:08:40.083Z,2291.981,observer,RX,baseline,0,stopped,,,00117004,0011,7004,1,5,01 00 00 04 70,0,OK
2026-09-30T13:08:40.088Z,2296.855,observer,RX,baseline,0,stopped,,,0001E4F7,0001,E4F7,1,7,01 00 00 0F 03 F7 E4,0,OK
2026-09-30T13:08:40.088Z,2296.99,observer,RX,baseline,0,stopped,,,0011E4F7,0011,E4F7,1,5,01 00 00 F7 E4,0,OK
2026-09-30T13:08:40.093Z,2302.086,observer,RX,baseline,0,stopped,,,0001C207,0001,C207,1,7,01 00 00 0F 03 07 C2,0,OK
2026-09-30T13:08:40.094Z,2302.214,observer,RX,baseline,0,stopped,,,0011C207,0011,C207,1,5,01 00 00 07 C2,0,OK
2026-09-30T13:08:40.098Z,2306.997,observer,RX,baseline,0,stopped,,,00015AEB,0001,5AEB,1,7,01 00 00 0F 03 EB 5A,0,OK
2026-09-30T13:08:40.099Z,2307.126,observer,RX,baseline,0,stopped,,,00115AEB,0011,5AEB,1,5,01 00 00 EB 5A,0,OK
2026-09-30T13:08:40.103Z,2311.796,observer,RX,baseline,0,stopped,,,0001CA6C,0001,CA6C,1,7,01 00 00 0F 03 6C CA,0,OK
2026-09-30T13:08:40.103Z,2311.917,observer,RX,baseline,0,stopped,,,0011CA6C,0011,CA6C,1,5,01 00 00 6C CA,0,OK
2026-09-30T13:08:40.108Z,2316.566,observer,RX,baseline,0,stopped,,,00018210,0001,8210,1,7,01 00 00 0F 03 10 82,0,OK
2026-09-30T13:08:40.108Z,2316.9,observer,RX,baseline,0,stopped,,,00118210,0011,8210,1,5,01 00 00 10 82,0,OK
2026-09-30T13:08:40.113Z,2321.833,observer,RX,baseline,0,stopped,,,00014EB1,0001,4EB1,1,7,01 00 00 0F 03 B1 4E,0,OK
2026-09-30T13:08:40.113Z,2321.908,observer,RX,baseline,0,stopped,,,00114EB1,0011,4EB1,1,5,01 00 00 B1 4E,0,OK
2026-09-30T13:08:40.118Z,2326.814,observer,RX,baseline,0,stopped,,,000108CC,0001,08CC,1,7,01 00 00 0F 03 CC 08,0,OK
2026-09-30T13:08:40.118Z,2326.888,observer,RX,baseline,0,stopped,,,001108CC,0011,08CC,1,5,01 00 00 CC 08,0,OK
2026-09-30T13:08:40.123Z,2331.767,observer,RX,baseline,0,stopped,,,00018012,0001,8012,1,7,01 00 00 0F 03 12 80,0,OK
2026-09-30T13:08:40.123Z,2331.842,observer,RX,baseline,0,stopped,,,00118012,0011,8012,1,5,01 00 00 12 80,0,OK
2026-09-30T13:08:40.128Z,2336.838,observer,RX,baseline,0,stopped,,,00013AF5,0001,3AF5,1,7,01 00 00 0F 03 F5 3A,0,OK
2026-09-30T13:08:40.128Z,2336.913,observer,RX,baseline,0,stopped,,,00113AF5,0011,3AF5,1,5,01 00 00 F5 3A,0,OK
2026-09-30T13:08:40.133Z,2341.713,observer,RX,baseline,0,stopped,,,0001B02F,0001,B02F,1,7,01 00 00 0F 03 2F B0,0,OK
2026-09-30T13:08:40.133Z,2341.794,observer,RX,baseline,0,stopped,,,0011B02F,0011,B02F,1,5,01 00 00 2F B0,0,OK
2026-09-30T13:08:40.138Z,2346.697,observer,RX,baseline,0,stopped,,,00011161,0001,1161,1,7,01 00 00 0F 03 61 11,0,OK
2026-09-30T13:08:40.138Z,2346.773,observer,RX,baseline,0,stopped,,,00111161,0011,1161,1,5,01 00 00 61 11,0,OK
2026-09-30T13:08:40.143Z,2351.81,observer,RX,baseline,0,stopped,,,00018791,0001,8791,1,7,01 00 00 0F 03 91 87,0,OK
2026-09-30T13:08:40.143Z,2351.918,observer,RX,baseline,0,stopped,,,00118791,0011,8791,1,5,01 00 00 91 87,0,OK
2026-09-30T13:08:40.148Z,2356.589,observer,RX,baseline,0,stopped,,,00018818,0001,8818,1,7,01 00 00 0F 03 18 88,0,OK
2026-09-30T13:08:40.148Z,2356.842,observer,RX,baseline,0,stopped,,,00118818,0011,8818,1,5,01 00 00 18 88,0,OK
2026-09-30T13:08:40.153Z,2361.596,observer,RX,baseline,0,stopped,,,00011F0F,0001,1F0F,1,7,01 00 00 0F 03 0F 1F,0,OK
2026-09-30T13:08:40.153Z,2361.844,observer,RX,baseline,0,stopped,,,00111F0F,0011,1F0F,1,5,01 00 00 0F 1F,0,OK
2026-09-30T13:08:40.158Z,2366.581,observer,RX,baseline,0,stopped,,,00019DDE,0001,9DDE,1,7,01 00 00 0F 03 DE 9D,0,OK
2026-09-30T13:08:40.158Z,2366.831,observer,RX,baseline,0,stopped,,,00119DDE,0011,9DDE,1,5,01 00 00 DE 9D,0,OK
2026-09-30T13:08:40.163Z,2371.656,observer,RX,baseline,0,stopped,,,000124EC,0001,24EC,1,7,01 00 00 0F 03 EC 24,0,OK
2026-09-30T13:08:40.163Z,2371.819,observer,RX,baseline,0,stopped,,,001124EC,0011,24EC,1,5,01 00 00 EC 24,0,OK
2026-09-30T13:08:40.168Z,2376.593,observer,RX,baseline,0,stopped,,,00018E76,0001,8E76,1,7,01 00 00 0F 03 76 8E,0,OK
2026-09-30T13:08:40.168Z,2376.844,observer,RX,baseline,0,stopped,,,00118E76,0011,8E76,1,5,01 00 00 76 8E,0,OK
2026-09-30T13:08:40.173Z,2381.633,observer,RX,baseline,0,stopped,,,0001CC25,0001,CC25,1,7,01 00 00 0F 03 25 CC,0,OK
2026-09-30T13:08:40.173Z,2381.807,observer,RX,baseline,0,stopped,,,0011CC25,0011,CC25,1,5,01 00 00 25 CC,0,OK
2026-09-30T13:08:40.178Z,2386.603,observer,RX,baseline,0,stopped,,,000151C7,0001,51C7,1,7,01 00 00 0F 03 C7 51,0,OK
2026-09-30T13:08:40.178Z,2386.848,observer,RX,baseline,0,stopped,,,001151C7,0011,51C7,1,5,01 00 00 C7 51,0,OK
2026-09-30T13:08:40.183Z,2391.595,observer,RX,baseline,0,stopped,,,00012C3E,0001,2C3E,1,7,01 00 00 0F 03 3E 2C,0,OK
2026-09-30T13:08:40.183Z,2391.848,observer,RX,baseline,0,stopped,,,00112C3E,0011,2C3E,1,5,01 00 00 3E 2C,0,OK
2026-09-30T13:08:40.188Z,2396.588,observer,RX,baseline,0,stopped,,,000164D3,0001,64D3,1,7,01 00 00 0F 03 D3 64,0,OK
2026-09-30T13:08:40.188Z,2396.811,observer,RX,baseline,0,stopped,,,001164D3,0011,64D3,1,5,01 00 00 D3 64,0,OK
2026-09-30T13:08:40.193Z,2401.727,observer,RX,baseline,0,stopped,,,0001A19C,0001,A19C,1,7,01 00 00 0F 03 9C A1,0,OK
2026-09-30T13:08:40.193Z,2401.877,observer,RX,baseline,0,stopped,,,0011A19C,0011,A19C,1,5,01 00 00 9C A1,0,OK
2026-09-30T13:08:40.198Z,2406.741,observer,RX,baseline,0,stopped,,,00011215,0001,1215,1,7,01 00 00 0F 03 15 12,0,OK
2026-09-30T13:08:40.198Z,2406.869,observer,RX,baseline,0,stopped,,,00111215,0011,1215,1,5,01 00 00 15 12,0,OK
2026-09-30T13:08:40.203Z,2411.731,observer,RX,baseline,0,stopped,,,0001F62A,0001,F62A,1,7,01 00 00 0F 03 2A F6,0,OK
2026-09-30T13:08:40.203Z,2411.805,observer,RX,baseline,0,stopped,,,0011F62A,0011,F62A,1,5,01 00 00 2A F6,0,OK
2026-09-30T13:08:40.208Z,2416.745,observer,RX,baseline,0,stopped,,,000161C4,0001,61C4,1,7,01 00 00 0F 03 C4 61,0,OK
2026-09-30T13:08:40.208Z,2416.82,observer,RX,baseline,0,stopped,,,001161C4,0011,61C4,1,5,01 00 00 C4 61,0,OK
2026-09-30T13:08:40.213Z,2421.695,observer,RX,baseline,0,stopped,,,0001B3D1,0001,B3D1,1,7,01 00 00 0F 03 D1 B3,0,OK
2026-09-30T13:08:40.213Z,2421.779,observer,RX,baseline,0,stopped,,,0011B3D1,0011,B3D1,1,5,01 00 00 D1 B3,0,OK
2026-09-30T13:08:40.218Z,2426.784,observer,RX,baseline,0,stopped,,,0001C717,0001,C717,1,7,01 00 00 0F 03 17 C7,0,OK
2026-09-30T13:08:40.218Z,2426.875,observer,RX,baseline,0,stopped,,,0011C717,0011,C717,1,5,01 00 00 17 C7,0,OK
2026-09-30T13:08:40.223Z,2431.646,observer,RX,baseline,0,stopped,,,00017616,0001,7616,1,7,01 00 00 0F 03 16 76,0,OK
2026-09-30T13:08:40.223Z,2431.747,observer,RX,baseline,0,stopped,,,00117616,0011,7616,1,5,01 00 00 16 76,0,OK
2026-09-30T13:08:40.228Z,2436.732,observer,RX,baseline,0,stopped,,,00018271,0001,8271,1,7,01 00 00 0F 03 71 82,0,OK
2026-09-30T13:08:40.228Z,2436.887,observer,RX,baseline,0,stopped,,,00118271,0011,8271,1,5,01 00 00 71 82,0,OK
2026-09-30T13:08:40.233Z,2441.73,observer,RX,baseline,0,stopped,,,0001D1DE,0001,D1DE,1,7,01 00 00 0F 03 DE D1,0,OK
2026-09-30T13:08:40.233Z,2441.805,observer,RX,baseline,0,stopped,,,0011D1DE,0011,D1DE,1,5,01 00 00 DE D1,0,OK
2026-09-30T13:08:40.238Z,2446.727,observer,RX,baseline,0,stopped,,,0001411E,0001,411E,1,7,01 00 00 0F 03 1E 41,0,OK
2026-09-30T13:08:40.238Z,2446.864,observer,RX,baseline,0,stopped,,,0011411E,0011,411E,1,5,01 00 00 1E 41,0,OK
2026-09-30T13:08:40.243Z,2451.515,observer,RX,baseline,0,stopped,,,00014A1B,0001,4A1B,1,7,01 00 00 0F 03 1B 4A,0,OK
2026-09-30T13:08:40.243Z,2451.811,observer,RX,baseline,0,stopped,,,00114A1B,0011,4A1B,1,5,01 00 00 1B 4A,0,OK
2026-09-30T13:08:40.248Z,2456.735,observer,RX,baseline,0,stopped,,,00019E16,0001,9E16,1,7,01 00 00 0F 03 16 9E,0,OK
2026-09-30T13:08:40.248Z,2456.859,observer,RX,baseline,0,stopped,,,00119E16,0011,9E16,1,5,01 00 00 16 9E,0,OK
2026-09-30T13:08:40.253Z,2461.735,observer,RX,baseline,0,stopped,,,00012DF7,0001,2DF7,1,7,01 00 00 0F 03 F7 2D,0,OK
2026-09-30T13:08:40.253Z,2461.81,observer,RX,baseline,0,stopped,,,00112DF7,0011,2DF7,1,5,01 00 00 F7 2D,0,OK
2026-09-30T13:08:40.258Z,2466.708,observer,RX,baseline,0,stopped,,,000103D7,0001,03D7,1,7,01 00 00 0F 03 D7 03,0,OK
2026-09-30T13:08:40.258Z,2466.788,observer,RX,baseline,0,stopped,,,001103D7,0011,03D7,1,5,01 00 00 D7 03,0,OK
2026-09-30T13:08:40.263Z,2471.731,observer,RX,baseline,0,stopped,,,0001CCBA,0001,CCBA,1,7,01 00 00 0F 03 BA CC,0,OK
2026-09-30T13:08:40.263Z,2471.805,observer,RX,baseline,0,stopped,,,0011CCBA,0011,CCBA,1,5,01 00 00 BA CC,0,OK
2026-09-30T13:08:40.268Z,2476.704,observer,RX,baseline,0,stopped,,,0001CA4D,0001,CA4D,1,7,01 00 00 0F 03 4D CA,0,OK
2026-09-30T13:08:40.268Z,2476.783,observer,RX,baseline,0,stopped,,,0011CA4D,0011,CA4D,1,5,01 00 00 4D CA,0,OK
2026-09-30T13:08:40.273Z,2481.701,observer,RX,baseline,0,stopped,,,0001CD78,0001,CD78,1,7,01 00 00 0F 03 78 CD,0,OK
2026-09-30T13:08:40.273Z,2481.776,observer,RX,baseline,0,stopped,,,0011CD78,0011,CD78,1,5,01 00 00 78 CD,0,OK
2026-09-30T13:08:40.278Z,2486.706,observer,RX,baseline,0,stopped,,,00010075,0001,0075,1,7,01 00 00 0F 03 75 00,0,OK
2026-09-30T13:08:40.278Z,2486.821,observer,RX,baseline,0,stopped,,,00110075,0011,0075,1,5,01 00 00 75 00,0,OK
2026-09-30T13:08:40.283Z,2491.708,observer,RX,baseline,0,stopped,,,0001204F,0001,204F,1,7,01 00 00 0F 03 4F 20,0,OK
2026-09-30T13:08:40.283Z,2491.794,observer,RX,baseline,0,stopped,,,0011204F,0011,204F,1,5,01 00 00 4F 20,0,OK
2026-09-30T13:08:40.288Z,2496.702,observer,RX,baseline,0,stopped,,,00019C0E,0001,9C0E,1,7,01 00 00 0F 03 0E 9C,0,OK
2026-09-30T13:08:40.288Z,2496.808,observer,RX,baseline,0,stopped,,,00119C0E,0011,9C0E,1,5,01 00 00 0E 9C,0,OK
2026-09-30T13:08:40.293Z,2501.567,observer,RX,baseline,0,stopped,,,000138BA,0001,38BA,1,7,01 00 00 0F 03 BA 38,0,OK
2026-09-30T13:08:40.293Z,2501.814,observer,RX,baseline,0,stopped,,,001138BA,0011,38BA,1,5,01 00 00 BA 38,0,OK
2026-09-30T13:08:40.298Z,2506.563,observer,RX,baseline,0,stopped,,,00018E96,0001,8E96,1,7,01 00 00 0F 03 96 8E,0,OK
2026-09-30T13:08:40.298Z,2506.812,observer,RX,baseline,0,stopped,,,00118E96,0011,8E96,1,5,01 00 00 96 8E,0,OK
2026-09-30T13:08:40.303Z,2511.56,observer,RX,baseline,0,stopped,,,00014445,0001,4445,1,7,01 00 00 0F 03 45 44,0,OK
2026-09-30T13:08:40.303Z,2511.817,observer,RX,baseline,0,stopped,,,00114445,0011,4445,1,5,01 00 00 45 44,0,OK
2026-09-30T13:08:40.308Z,2516.57,observer,RX,baseline,0,stopped,,,00018971,0001,8971,1,7,01 00 00 0F 03 71 89,0,OK
2026-09-30T13:08:40.308Z,2516.797,observer,RX,baseline,0,stopped,,,00118971,0011,8971,1,5,01 00 00 71 89,0,OK
2026-09-30T13:08:40.313Z,2521.588,observer,RX,baseline,0,stopped,,,0001EEA8,0001,EEA8,1,7,01 00 00 0F 03 A8 EE,0,OK
2026-09-30T13:08:40.313Z,2521.756,observer,RX,baseline,0,stopped,,,0011EEA8,0011,EEA8,1,5,01 00 00 A8 EE,0,OK
2026-09-30T13:08:40.318Z,2526.581,observer,RX,baseline,0,stopped,,,00010FE2,0001,0FE2,1,7,01 00 00 0F 03 E2 0F,0,OK
2026-09-30T13:08:40.318Z,2526.797,observer,RX,baseline,0,stopped,,,00110FE2,0011,0FE2,1,5,01 00 00 E2 0F,0,OK
2026-09-30T13:08:40.323Z,2531.565,observer,RX,baseline,0,stopped,,,0001280D,0001,280D,1,7,01 00 00 0F 03 0D 28,0,OK
2026-09-30T13:08:40.323Z,2531.814,observer,RX,baseline,0,stopped,,,0011280D,0011,280D,1,5,01 00 00 0D 28,0,OK
2026-09-30T13:08:40.328Z,2536.791,observer,RX,baseline,0,stopped,,,00012839,0001,2839,1,7,01 00 00 0F 03 39 28,0,OK
2026-09-30T13:08:40.328Z,2536.921,observer,RX,baseline,0,stopped,,,00112839,0011,2839,1,5,01 00 00 39 28,0,OK
2026-09-30T13:08:40.333Z,2541.87,observer,RX,baseline,0,stopped,,,00010014,0001,0014,1,7,01 00 00 0F 03 14 00,0,OK
2026-09-30T13:08:40.333Z,2541.999,observer,RX,baseline,0,stopped,,,00110014,0011,0014,1,5,01 00 00 14 00,0,OK
2026-09-30T13:08:40.338Z,2546.793,observer,RX,baseline,0,stopped,,,0001DA72,0001,DA72,1,7,01 00 00 0F 03 72 DA,0,OK
2026-09-30T13:08:40.338Z,2546.921,observer,RX,baseline,0,stopped,,,0011DA72,0011,DA72,1,5,01 00 00 72 DA,0,OK
2026-09-30T13:08:40.343Z,2551.667,observer,RX,baseline,0,stopped,,,0001AFCF,0001,AFCF,1,7,01 00 00 0F 03 CF AF,0,OK
2026-09-30T13:08:40.343Z,2551.796,observer,RX,baseline,0,stopped,,,0011AFCF,0011,AFCF,1,5,01 00 00 CF AF,0,OK
2026-09-30T13:08:40.348Z,2557.03,observer,RX,baseline,0,stopped,,,00018911,0001,8911,1,7,01 00 00 0F 03 11 89,0,OK
2026-09-30T13:08:40.349Z,2557.168,observer,RX,baseline,0,stopped,,,00118911,0011,8911,1,5,01 00 00 11 89,0,OK
2026-09-30T13:08:40.353Z,2562.013,observer,RX,baseline,0,stopped,,,0001B2C9,0001,B2C9,1,7,01 00 00 0F 03 C9 B2,0,OK
2026-09-30T13:08:40.354Z,2562.14,observer,RX,baseline,0,stopped,,,0011B2C9,0011,B2C9,1,5,01 00 00 C9 B2,0,OK
2026-09-30T13:08:40.359Z,2567.132,observer,RX,baseline,0,stopped,,,000111F6,0001,11F6,1,7,01 00 00 0F 03 F6 11,0,OK
2026-09-30T13:08:40.359Z,2567.266,observer,RX,baseline,0,stopped,,,001111F6,0011,11F6,1,5,01 00 00 F6 11,0,OK
2026-09-30T13:08:40.363Z,2571.993,observer,RX,baseline,0,stopped,,,0001C2DD,0001,C2DD,1,7,01 00 00 0F 03 DD C2,0,OK
2026-09-30T13:08:40.364Z,2572.124,observer,RX,baseline,0,stopped,,,0011C2DD,0011,C2DD,1,5,01 00 00 DD C2,0,OK
2026-09-30T13:08:40.369Z,2577.133,observer,RX,baseline,0,stopped,,,00017F93,0001,7F93,1,7,01 00 00 0F 03 93 7F,0,OK
2026-09-30T13:08:40.369Z,2577.264,observer,RX,baseline,0,stopped,,,00117F93,0011,7F93,1,5,01 00 00 93 7F,0,OK
2026-09-30T13:08:40.373Z,2581.598,observer,RX,baseline,0,stopped,,,0001E460,0001,E460,1,7,01 00 00 0F 03 60 E4,0,OK
2026-09-30T13:08:40.373Z,2581.854,observer,RX,baseline,0,stopped,,,0011E460,0011,E460,1,5,01 00 00 60 E4,0,OK
2026-09-30T13:08:40.378Z,2586.552,observer,RX,baseline,0,stopped,,,00015795,0001,5795,1,7,01 00 00 0F 03 95 57,0,OK
2026-09-30T13:08:40.378Z,2586.785,observer,RX,baseline,0,stopped,,,00115795,0011,5795,1,5,01 00 00 95 57,0,OK
2026-09-30T13:08:40.383Z,2591.715,observer,RX,baseline,0,stopped,,,00017BEB,0001,7BEB,1,7,01 00 00 0F 03 EB 7B,0,OK
2026-09-30T13:08:40.383Z,2591.79,observer,RX,baseline,0,stopped,,,00117BEB,0011,7BEB,1,5,01 00 00 EB 7B,0,OK
2026-09-30T13:08:40.388Z,2596.715,observer,RX,baseline,0,stopped,,,0001F30C,0001,F30C,1,7,01 00 00 0F 03 0C F3,0,OK
2026-09-30T13:08:40.388Z,2596.833,observer,RX,baseline,0,stopped,,,0011F30C,0011,F30C,1,5,01 00 00 0C F3,0,OK
2026-09-30T13:08:40.393Z,2601.543,observer,RX,baseline,0,stopped,,,0001D0D2,0001,D0D2,1,7,01 00 00 0F 03 D2 D0,0,OK
2026-09-30T13:08:40.393Z,2601.81,observer,RX,baseline,0,stopped,,,0011D0D2,0011,D0D2,1,5,01 00 00 D2 D0,0,OK
2026-09-30T13:08:40.398Z,2606.573,observer,RX,baseline,0,stopped,,,0001AC93,0001,AC93,1,7,01 00 00 0F 03 93 AC,0,OK
2026-09-30T13:08:40.398Z,2606.82,observer,RX,baseline,0,stopped,,,0011AC93,0011,AC93,1,5,01 00 00 93 AC,0,OK
2026-09-30T13:08:40.403Z,2611.568,observer,RX,baseline,0,stopped,,,00010300,0001,0300,1,7,01 00 00 0F 03 00 03,0,OK
2026-09-30T13:08:40.403Z,2611.822,observer,RX,baseline,0,stopped,,,00110300,0011,0300,1,5,01 00 00 00 03,0,OK
2026-09-30T13:08:40.408Z,2616.551,observer,RX,baseline,0,stopped,,,00014000,0001,4000,1,7,01 00 00 0F 03 00 40,0,OK
2026-09-30T13:08:40.408Z,2616.804,observer,RX,baseline,0,stopped,,,00114000,0011,4000,1,5,01 00 00 00 40,0,OK
2026-09-30T13:08:40.413Z,2621.544,observer,RX,baseline,0,stopped,,,000170D1,0001,70D1,1,7,01 00 00 0F 03 D1 70,0,OK
2026-09-30T13:08:40.413Z,2621.824,observer,RX,baseline,0,stopped,,,001170D1,0011,70D1,1,5,01 00 00 D1 70,0,OK
2026-09-30T13:08:40.418Z,2626.525,observer,RX,baseline,0,stopped,,,000153B3,0001,53B3,1,7,01 00 00 0F 03 B3 53,0,OK
2026-09-30T13:08:40.418Z,2626.81,observer,RX,baseline,0,stopped,,,001153B3,0011,53B3,1,5,01 00 00 B3 53,0,OK
2026-09-30T13:08:40.423Z,2631.568,observer,RX,baseline,0,stopped,,,0001D129,0001,D129,1,7,01 00 00 0F 03 29 D1,0,OK
2026-09-30T13:08:40.423Z,2631.814,observer,RX,baseline,0,stopped,,,0011D129,0011,D129,1,5,01 00 00 29 D1,0,OK
2026-09-30T13:08:40.428Z,2636.603,observer,RX,baseline,0,stopped,,,0001726E,0001,726E,1,7,01 00 00 0F 03 6E 72,0,OK
2026-09-30T13:08:40.428Z,2636.78,observer,RX,baseline,0,stopped,,,0011726E,0011,726E,1,5,01 00 00 6E 72,0,OK
2026-09-30T13:08:40.433Z,2641.561,observer,RX,baseline,0,stopped,,,00012FD5,0001,2FD5,1,7,01 00 00 0F 03 D5 2F,0,OK
2026-09-30T13:08:40.433Z,2641.817,observer,RX,baseline,0,stopped,,,00112FD5,0011,2FD5,1,5,01 00 00 D5 2F,0,OK
2026-09-30T13:08:40.438Z,2646.535,observer,RX,baseline,0,stopped,,,00017561,0001,7561,1,7,01 00 00 0F 03 61 75,0,OK
2026-09-30T13:08:40.438Z,2646.821,observer,RX,baseline,0,stopped,,,00117561,0011,7561,1,5,01 00 00 61 75,0,OK
2026-09-30T13:08:40.443Z,2651.577,observer,RX,baseline,0,stopped,,,0001A5F2,0001,A5F2,1,7,01 00 00 0F 03 F2 A5,0,OK
2026-09-30T13:08:40.443Z,2651.784,observer,RX,baseline,0,stopped,,,0011A5F2,0011,A5F2,1,5,01 00 00 F2 A5,0,OK
2026-09-30T13:08:40.448Z,2656.553,observer,RX,baseline,0,stopped,,,000190D4,0001,90D4,1,7,01 00 00 0F 03 D4 90,0,OK
2026-09-30T13:08:40.448Z,2656.821,observer,RX,baseline,0,stopped,,,001190D4,0011,90D4,1,5,01 00 00 D4 90,0,OK
2026-09-30T13:08:40.454Z,2662.115,observer,RX,baseline,0,stopped,,,000161F7,0001,61F7,1,7,01 00 00 0F 03 F7 61,0,OK
2026-09-30T13:08:40.454Z,2662.242,observer,RX,baseline,0,stopped,,,001161F7,0011,61F7,1,5,01 00 00 F7 61,0,OK
2026-09-30T13:08:40.458Z,2667.053,observer,RX,baseline,0,stopped,,,00011A8E,0001,1A8E,1,7,01 00 00 0F 03 8E 1A,0,OK
2026-09-30T13:08:40.459Z,2667.183,observer,RX,baseline,0,stopped,,,00111A8E,0011,1A8E,1,5,01 00 00 8E 1A,0,OK
2026-09-30T13:08:40.463Z,2672.064,observer,RX,baseline,0,stopped,,,00019295,0001,9295,1,7,01 00 00 0F 03 95 92,0,OK
2026-09-30T13:08:40.464Z,2672.193,observer,RX,baseline,0,stopped,,,00119295,0011,9295,1,5,01 00 00 95 92,0,OK
2026-09-30T13:08:40.469Z,2677.178,observer,RX,baseline,0,stopped,,,000113F1,0001,13F1,1,7,01 00 00 0F 03 F1 13,0,OK
2026-09-30T13:08:40.469Z,2677.305,observer,RX,baseline,0,stopped,,,001113F1,0011,13F1,1,5,01 00 00 F1 13,0,OK
2026-09-30T13:08:40.473Z,2681.988,observer,RX,baseline,0,stopped,,,0001E181,0001,E181,1,7,01 00 00 0F 03 81 E1,0,OK
2026-09-30T13:08:40.474Z,2682.123,observer,RX,baseline,0,stopped,,,0011E181,0011,E181,1,5,01 00 00 81 E1,0,OK
2026-09-30T13:08:40.478Z,2686.618,observer,RX,baseline,0,stopped,,,0001E25A,0001,E25A,1,7,01 00 00 0F 03 5A E2,0,OK
2026-09-30T13:08:40.478Z,2686.757,observer,RX,baseline,0,stopped,,,0011E25A,0011,E25A,1,5,01 00 00 5A E2,0,OK
2026-09-30T13:08:40.483Z,2691.994,observer,RX,baseline,0,stopped,,,00011EEF,0001,1EEF,1,7,01 00 00 0F 03 EF 1E,0,OK
2026-09-30T13:08:40.484Z,2692.124,observer,RX,baseline,0,stopped,,,00111EEF,0011,1EEF,1,5,01 00 00 EF 1E,0,OK
2026-09-30T13:08:40.488Z,2697.052,observer,RX,baseline,0,stopped,,,0001FB4C,0001,FB4C,1,7,01 00 00 0F 03 4C FB,0,OK
2026-09-30T13:08:40.489Z,2697.179,observer,RX,baseline,0,stopped,,,0011FB4C,0011,FB4C,1,5,01 00 00 4C FB,0,OK
2026-09-30T13:08:40.493Z,2701.645,observer,RX,baseline,0,stopped,,,0001A041,0001,A041,1,7,01 00 00 0F 03 41 A0,0,OK
2026-09-30T13:08:40.493Z,2701.782,observer,RX,baseline,0,stopped,,,0011A041,0011,A041,1,5,01 00 00 41 A0,0,OK
2026-09-30T13:08:40.498Z,2706.601,observer,RX,baseline,0,stopped,,,0001DE73,0001,DE73,1,7,01 00 00 0F 03 73 DE,0,OK
2026-09-30T13:08:40.498Z,2706.729,observer,RX,baseline,0,stopped,,,0011DE73,0011,DE73,1,5,01 00 00 73 DE,0,OK
2026-09-30T13:08:40.503Z,2711.659,observer,RX,baseline,0,stopped,,,00014036,0001,4036,1,7,01 00 00 0F 03 36 40,0,OK
2026-09-30T13:08:40.503Z,2711.789,observer,RX,baseline,0,stopped,,,00114036,0011,4036,1,5,01 00 00 36 40,0,OK
2026-09-30T13:08:40.508Z,2716.596,observer,RX,baseline,0,stopped,,,00015677,0001,5677,1,7,01 00 00 0F 03 77 56,0,OK
2026-09-30T13:08:40.508Z,2716.726,observer,RX,baseline,0,stopped,,,00115677,0011,5677,1,5,01 00 00 77 56,0,OK
2026-09-30T13:08:40.513Z,2721.607,observer,RX,baseline,0,stopped,,,00012CA0,0001,2CA0,1,7,01 00 00 0F 03 A0 2C,0,OK
2026-09-30T13:08:40.513Z,2721.741,observer,RX,baseline,0,stopped,,,00112CA0,0011,2CA0,1,5,01 00 00 A0 2C,0,OK
2026-09-30T13:08:40.519Z,2727.487,observer,RX,baseline,0,stopped,,,00015E3F,0001,5E3F,1,7,01 00 00 0F 03 3F 5E,0,OK
2026-09-30T13:08:40.519Z,2727.623,observer,RX,baseline,0,stopped,,,00115E3F,0011,5E3F,1,5,01 00 00 3F 5E,0,OK
2026-09-30T13:08:40.523Z,2731.603,observer,RX,baseline,0,stopped,,,0001896B,0001,896B,1,7,01 00 00 0F 03 6B 89,0,OK
2026-09-30T13:08:40.523Z,2731.732,observer,RX,baseline,0,stopped,,,0011896B,0011,896B,1,5,01 00 00 6B 89,0,OK
2026-09-30T13:08:40.529Z,2737.632,observer,RX,baseline,0,stopped,,,00017712,0001,7712,1,7,01 00 00 0F 03 12 77,0,OK
2026-09-30T13:08:40.529Z,2737.766,observer,RX,baseline,0,stopped,,,00117712,0011,7712,1,5,01 00 00 12 77,0,OK
2026-09-30T13:08:40.534Z,2742.808,observer,RX,baseline,0,stopped,,,00014E76,0001,4E76,1,7,01 00 00 0F 03 76 4E,0,OK
2026-09-30T13:08:40.534Z,2742.936,observer,RX,baseline,0,stopped,,,00114E76,0011,4E76,1,5,01 00 00 76 4E,0,OK
2026-09-30T13:08:40.539Z,2747.25,observer,RX,baseline,0,stopped,,,0001C4BA,0001,C4BA,1,7,01 00 00 0F 03 BA C4,0,OK
2026-09-30T13:08:40.539Z,2747.385,observer,RX,baseline,0,stopped,,,0011C4BA,0011,C4BA,1,5,01 00 00 BA C4,0,OK
2026-09-30T13:08:40.544Z,2752.735,observer,RX,baseline,0,stopped,,,00011590,0001,1590,1,7,01 00 00 0F 03 90 15,0,OK
2026-09-30T13:08:40.544Z,2752.861,observer,RX,baseline,0,stopped,,,00111590,0011,1590,1,5,01 00 00 90 15,0,OK
2026-09-30T13:08:40.549Z,2757.64,observer,RX,baseline,0,stopped,,,00013791,0001,3791,1,7,01 00 00 0F 03 91 37,0,OK
2026-09-30T13:08:40.549Z,2757.767,observer,RX,baseline,0,stopped,,,00113791,0011,3791,1,5,01 00 00 91 37,0,OK
2026-09-30T13:08:40.553Z,2761.966,observer,RX,baseline,0,stopped,,,0001879A,0001,879A,1,7,01 00 00 0F 03 9A 87,0,OK
2026-09-30T13:08:40.553Z,2762.091,observer,RX,baseline,0,stopped,,,0011879A,0011,879A,1,5,01 00 00 9A 87,0,OK
2026-09-30T13:08:40.559Z,2767.633,observer,RX,baseline,0,stopped,,,00015120,0001,5120,1,7,01 00 00 0F 03 20 51,0,OK
2026-09-30T13:08:40.559Z,2767.763,observer,RX,baseline,0,stopped,,,00115120,0011,5120,1,5,01 00 00 20 51,0,OK
2026-09-30T13:08:40.563Z,2771.962,observer,RX,baseline,0,stopped,,,0001BB98,0001,BB98,1,7,01 00 00 0F 03 98 BB,0,OK
2026-09-30T13:08:40.563Z,2772.091,observer,RX,baseline,0,stopped,,,0011BB98,0011,BB98,1,5,01 00 00 98 BB,0,OK
2026-09-30T13:08:40.569Z,2777.636,observer,RX,baseline,0,stopped,,,00016ABD,0001,6ABD,1,7,01 00 00 0F 03 BD 6A,0,OK
2026-09-30T13:08:40.569Z,2777.765,observer,RX,baseline,0,stopped,,,00116ABD,0011,6ABD,1,5,01 00 00 BD 6A,0,OK
2026-09-30T13:08:40.573Z,2781.589,observer,RX,baseline,0,stopped,,,0001B03B,0001,B03B,1,7,01 00 00 0F 03 3B B0,0,OK
2026-09-30T13:08:40.573Z,2781.753,observer,RX,baseline,0,stopped,,,0011B03B,0011,B03B,1,5,01 00 00 3B B0,0,OK
2026-09-30T13:08:40.579Z,2787.208,observer,RX,baseline,0,stopped,,,0001EE4A,0001,EE4A,1,7,01 00 00 0F 03 4A EE,0,OK
2026-09-30T13:08:40.579Z,2787.338,observer,RX,baseline,0,stopped,,,0011EE4A,0011,EE4A,1,5,01 00 00 4A EE,0,OK
2026-09-30T13:08:40.583Z,2791.674,observer,RX,baseline,0,stopped,,,0001FC22,0001,FC22,1,7,01 00 00 0F 03 22 FC,0,OK
2026-09-30T13:08:40.583Z,2791.81,observer,RX,baseline,0,stopped,,,0011FC22,0011,FC22,1,5,01 00 00 22 FC,0,OK
2026-09-30T13:08:40.589Z,2797.252,observer,RX,baseline,0,stopped,,,000113FB,0001,13FB,1,7,01 00 00 0F 03 FB 13,0,OK
2026-09-30T13:08:40.589Z,2797.381,observer,RX,baseline,0,stopped,,,001113FB,0011,13FB,1,5,01 00 00 FB 13,0,OK
2026-09-30T13:08:40.593Z,2801.679,observer,RX,baseline,0,stopped,,,00018EF0,0001,8EF0,1,7,01 00 00 0F 03 F0 8E,0,OK
2026-09-30T13:08:40.593Z,2801.806,observer,RX,baseline,0,stopped,,,00118EF0,0011,8EF0,1,5,01 00 00 F0 8E,0,OK
2026-09-30T13:08:40.598Z,2806.567,observer,RX,baseline,0,stopped,,,000104D8,0001,04D8,1,7,01 00 00 0F 03 D8 04,0,OK
2026-09-30T13:08:40.598Z,2806.733,observer,RX,baseline,0,stopped,,,001104D8,0011,04D8,1,5,01 00 00 D8 04,0,OK
2026-09-30T13:08:40.603Z,2811.523,observer,RX,baseline,0,stopped,,,000130E4,0001,30E4,1,7,01 00 00 0F 03 E4 30,0,OK
2026-09-30T13:08:40.603Z,2811.722,observer,RX,baseline,0,stopped,,,001130E4,0011,30E4,1,5,01 00 00 E4 30,0,OK
2026-09-30T13:08:40.608Z,2816.541,observer,RX,baseline,0,stopped,,,0001B44F,0001,B44F,1,7,01 00 00 0F 03 4F B4,0,OK
2026-09-30T13:08:40.608Z,2816.791,observer,RX,baseline,0,stopped,,,0011B44F,0011,B44F,1,5,01 00 00 4F B4,0,OK
2026-09-30T13:08:40.613Z,2821.529,observer,RX,baseline,0,stopped,,,00014C90,0001,4C90,1,7,01 00 00 0F 03 90 4C,0,OK
2026-09-30T13:08:40.613Z,2821.754,observer,RX,baseline,0,stopped,,,00114C90,0011,4C90,1,5,01 00 00 90 4C,0,OK
2026-09-30T13:08:40.618Z,2826.539,observer,RX,baseline,0,stopped,,,00015413,0001,5413,1,7,01 00 00 0F 03 13 54,0,OK
2026-09-30T13:08:40.618Z,2826.789,observer,RX,baseline,0,stopped,,,00115413,0011,5413,1,5,01 00 00 13 54,0,OK
2026-09-30T13:08:40.623Z,2831.539,observer,RX,baseline,0,stopped,,,000189E8,0001,89E8,1,7,01 00 00 0F 03 E8 89,0,OK
2026-09-30T13:08:40.623Z,2831.754,observer,RX,baseline,0,stopped,,,001189E8,0011,89E8,1,5,01 00 00 E8 89,0,OK
2026-09-30T13:08:40.628Z,2836.613,observer,RX,baseline,0,stopped,,,0001B81E,0001,B81E,1,7,01 00 00 0F 03 1E B8,0,OK
2026-09-30T13:08:40.628Z,2836.745,observer,RX,baseline,0,stopped,,,0011B81E,0011,B81E,1,5,01 00 00 1E B8,0,OK
2026-09-30T13:08:40.633Z,2841.596,observer,RX,baseline,0,stopped,,,00011FC2,0001,1FC2,1,7,01 00 00 0F 03 C2 1F,0,OK
2026-09-30T13:08:40.633Z,2841.724,observer,RX,baseline,0,stopped,,,00111FC2,0011,1FC2,1,5,01 00 00 C2 1F,0,OK
2026-09-30T13:08:40.638Z,2846.571,observer,RX,baseline,0,stopped,,,0001B98E,0001,B98E,1,7,01 00 00 0F 03 8E B9,0,OK
2026-09-30T13:08:40.638Z,2846.818,observer,RX,baseline,0,stopped,,,0011B98E,0011,B98E,1,5,01 00 00 8E B9,0,OK
2026-09-30T13:08:40.643Z,2851.597,observer,RX,baseline,0,stopped,,,00012079,0001,2079,1,7,01 00 00 0F 03 79 20,0,OK
2026-09-30T13:08:40.643Z,2851.732,observer,RX,baseline,0,stopped,,,00112079,0011,2079,1,5,01 00 00 79 20,0,OK
2026-09-30T13:08:40.648Z,2856.6,observer,RX,baseline,0,stopped,,,0001A5B6,0001,A5B6,1,7,01 00 00 0F 03 B6 A5,0,OK
2026-09-30T13:08:40.648Z,2856.723,observer,RX,baseline,0,stopped,,,0011A5B6,0011,A5B6,1,5,01 00 00 B6 A5,0,OK
2026-09-30T13:08:40.653Z,2861.616,observer,RX,baseline,0,stopped,,,0001C852,0001,C852,1,7,01 00 00 0F 03 52 C8,0,OK
2026-09-30T13:08:40.653Z,2861.746,observer,RX,baseline,0,stopped,,,0011C852,0011,C852,1,5,01 00 00 52 C8,0,OK
2026-09-30T13:08:40.658Z,2866.615,observer,RX,baseline,0,stopped,,,0001FB91,0001,FB91,1,7,01 00 00 0F 03 91 FB,0,OK
2026-09-30T13:08:40.658Z,2866.744,observer,RX,baseline,0,stopped,,,0011FB91,0011,FB91,1,5,01 00 00 91 FB,0,OK
2026-09-30T13:08:40.663Z,2871.693,observer,RX,baseline,0,stopped,,,00010BDA,0001,0BDA,1,7,01 00 00 0F 03 DA 0B,0,OK
2026-09-30T13:08:40.663Z,2871.813,observer,RX,baseline,0,stopped,,,00110BDA,0011,0BDA,1,5,01 00 00 DA 0B,0,OK
2026-09-30T13:08:40.668Z,2876.576,observer,RX,baseline,0,stopped,,,0001708D,0001,708D,1,7,01 00 00 0F 03 8D 70,0,OK
2026-09-30T13:08:40.668Z,2876.702,observer,RX,baseline,0,stopped,,,0011708D,0011,708D,1,5,01 00 00 8D 70,0,OK
2026-09-30T13:08:40.673Z,2881.607,observer,RX,baseline,0,stopped,,,00013A49,0001,3A49,1,7,01 00 00 0F 03 49 3A,0,OK
2026-09-30T13:08:40.673Z,2881.768,observer,RX,baseline,0,stopped,,,00113A49,0011,3A49,1,5,01 00 00 49 3A,0,OK
2026-09-30T13:08:40.678Z,2886.957,observer,RX,baseline,0,stopped,,,00019A36,0001,9A36,1,7,01 00 00 0F 03 36 9A,0,OK
2026-09-30T13:08:40.678Z,2887.087,observer,RX,baseline,0,stopped,,,00119A36,0011,9A36,1,5,01 00 00 36 9A,0,OK
2026-09-30T13:08:40.683Z,2891.593,observer,RX,baseline,0,stopped,,,000167BB,0001,67BB,1,7,01 00 00 0F 03 BB 67,0,OK
2026-09-30T13:08:40.683Z,2891.723,observer,RX,baseline,0,stopped,,,001167BB,0011,67BB,1,5,01 00 00 BB 67,0,OK
2026-09-30T13:08:40.688Z,2896.562,observer,RX,baseline,0,stopped,,,0001ED4B,0001,ED4B,1,7,01 00 00 0F 03 4B ED,0,OK
2026-09-30T13:08:40.688Z,2896.775,observer,RX,baseline,0,stopped,,,0011ED4B,0011,ED4B,1,5,01 00 00 4B ED,0,OK
2026-09-30T13:08:40.693Z,2901.752,observer,RX,baseline,0,stopped,,,000104BB,0001,04BB,1,7,01 00 00 0F 03 BB 04,0,OK
2026-09-30T13:08:40.693Z,2901.829,observer,RX,baseline,0,stopped,,,001104BB,0011,04BB,1,5,01 00 00 BB 04,0,OK
2026-09-30T13:08:40.698Z,2906.709,observer,RX,baseline,0,stopped,,,0001BB50,0001,BB50,1,7,01 00 00 0F 03 50 BB,0,OK
2026-09-30T13:08:40.698Z,2906.803,observer,RX,baseline,0,stopped,,,0011BB50,0011,BB50,1,5,01 00 00 50 BB,0,OK
2026-09-30T13:08:40.703Z,2911.704,observer,RX,baseline,0,stopped,,,0001706C,0001,706C,1,7,01 00 00 0F 03 6C 70,0,OK
2026-09-30T13:08:40.703Z,2911.782,observer,RX,baseline,0,stopped,,,0011706C,0011,706C,1,5,01 00 00 6C 70,0,OK
2026-09-30T13:08:40.708Z,2916.703,observer,RX,baseline,0,stopped,,,0001EE89,0001,EE89,1,7,01 00 00 0F 03 89 EE,0,OK
2026-09-30T13:08:40.708Z,2916.822,observer,RX,baseline,0,stopped,,,0011EE89,0011,EE89,1,5,01 00 00 89 EE,0,OK
2026-09-30T13:08:40.713Z,2921.665,observer,RX,baseline,0,stopped,,,0001105D,0001,105D,1,7,01 00 00 0F 03 5D 10,0,OK
2026-09-30T13:08:40.713Z,2921.741,observer,RX,baseline,0,stopped,,,0011105D,0011,105D,1,5,01 00 00 5D 10,0,OK
2026-09-30T13:08:40.718Z,2926.718,observer,RX,baseline,0,stopped,,,0001C90E,0001,C90E,1,7,01 00 00 0F 03 0E C9,0,OK
2026-09-30T13:08:40.718Z,2926.832,observer,RX,baseline,0,stopped,,,0011C90E,0011,C90E,1,5,01 00 00 0E C9,0,OK
2026-09-30T13:08:40.723Z,2931.747,observer,RX,baseline,0,stopped,,,000194CE,0001,94CE,1,7,01 00 00 0F 03 CE 94,0,OK
2026-09-30T13:08:40.723Z,2931.821,observer,RX,baseline,0,stopped,,,001194CE,0011,94CE,1,5,01 00 00 CE 94,0,OK
2026-09-30T13:08:40.728Z,2936.714,observer,RX,baseline,0,stopped,,,0001BA56,0001,BA56,1,7,01 00 00 0F 03 56 BA,0,OK
2026-09-30T13:08:40.728Z,2936.832,observer,RX,baseline,0,stopped,,,0011BA56,0011,BA56,1,5,01 00 00 56 BA,0,OK
2026-09-30T13:08:40.733Z,2941.694,observer,RX,baseline,0,stopped,,,00010DDE,0001,0DDE,1,7,01 00 00 0F 03 DE 0D,0,OK
2026-09-30T13:08:40.733Z,2941.784,observer,RX,baseline,0,stopped,,,00110DDE,0011,0DDE,1,5,01 00 00 DE 0D,0,OK
2026-09-30T13:08:40.738Z,2946.715,observer,RX,baseline,0,stopped,,,00017362,0001,7362,1,7,01 00 00 0F 03 62 73,0,OK
2026-09-30T13:08:40.738Z,2946.824,observer,RX,baseline,0,stopped,,,00117362,0011,7362,1,5,01 00 00 62 73,0,OK
2026-09-30T13:08:40.743Z,2951.503,observer,RX,baseline,0,stopped,,,00016E0C,0001,6E0C,1,7,01 00 00 0F 03 0C 6E,0,OK
2026-09-30T13:08:40.743Z,2951.742,observer,RX,baseline,0,stopped,,,00116E0C,0011,6E0C,1,5,01 00 00 0C 6E,0,OK
2026-09-30T13:08:40.748Z,2956.506,observer,RX,baseline,0,stopped,,,00014C7D,0001,4C7D,1,7,01 00 00 0F 03 7D 4C,0,OK
2026-09-30T13:08:40.748Z,2956.758,observer,RX,baseline,0,stopped,,,00114C7D,0011,4C7D,1,5,01 00 00 7D 4C,0,OK
2026-09-30T13:08:40.753Z,2961.68,observer,RX,baseline,0,stopped,,,00010FF1,0001,0FF1,1,7,01 00 00 0F 03 F1 0F,0,OK
2026-09-30T13:08:40.753Z,2961.758,observer,RX,baseline,0,stopped,,,00110FF1,0011,0FF1,1,5,01 00 00 F1 0F,0,OK
2026-09-30T13:08:40.758Z,2966.631,observer,RX,baseline,0,stopped,,,00015422,0001,5422,1,7,01 00 00 0F 03 22 54,0,OK
2026-09-30T13:08:40.758Z,2966.708,observer,RX,baseline,0,stopped,,,00115422,0011,5422,1,5,01 00 00 22 54,0,OK
2026-09-30T13:08:40.763Z,2971.676,observer,RX,baseline,0,stopped,,,0001E90D,0001,E90D,1,7,01 00 00 0F 03 0D E9,0,OK
2026-09-30T13:08:40.763Z,2971.755,observer,RX,baseline,0,stopped,,,0011E90D,0011,E90D,1,5,01 00 00 0D E9,0,OK
2026-09-30T13:08:40.768Z,2976.639,observer,RX,baseline,0,stopped,,,0001A987,0001,A987,1,7,01 00 00 0F 03 87 A9,0,OK
2026-09-30T13:08:40.768Z,2976.716,observer,RX,baseline,0,stopped,,,0011A987,0011,A987,1,5,01 00 00 87 A9,0,OK
2026-09-30T13:08:40.773Z,2981.662,observer,RX,baseline,0,stopped,,,0001192B,0001,192B,1,7,01 00 00 0F 03 2B 19,0,OK
2026-09-30T13:08:40.773Z,2981.742,observer,RX,baseline,0,stopped,,,0011192B,0011,192B,1,5,01 00 00 2B 19,0,OK
2026-09-30T13:08:40.778Z,2986.635,observer,RX,baseline,0,stopped,,,0001E5EA,0001,E5EA,1,7,01 00 00 0F 03 EA E5,0,OK
2026-09-30T13:08:40.778Z,2986.711,observer,RX,baseline,0,stopped,,,0011E5EA,0011,E5EA,1,5,01 00 00 EA E5,0,OK
2026-09-30T13:08:40.783Z,2991.662,observer,RX,baseline,0,stopped,,,000151A7,0001,51A7,1,7,01 00 00 0F 03 A7 51,0,OK
2026-09-30T13:08:40.783Z,2991.755,observer,RX,baseline,0,stopped,,,001151A7,0011,51A7,1,5,01 00 00 A7 51,0,OK
2026-09-30T13:08:40.788Z,2996.651,observer,RX,baseline,0,stopped,,,00012682,0001,2682,1,7,01 00 00 0F 03 82 26,0,OK
2026-09-30T13:08:40.788Z,2996.726,observer,RX,baseline,0,stopped,,,00112682,0011,2682,1,5,01 00 00 82 26,0,OK
2026-09-30T13:08:40.793Z,3001.504,observer,RX,baseline,0,stopped,,,0001C192,0001,C192,1,7,01 00 00 0F 03 92 C1,0,OK
2026-09-30T13:08:40.793Z,3001.752,observer,RX,baseline,0,stopped,,,0011C192,0011,C192,1,5,01 00 00 92 C1,0,OK
2026-09-30T13:08:40.798Z,3006.512,observer,RX,baseline,0,stopped,,,000139C8,0001,39C8,1,7,01 00 00 0F 03 C8 39,0,OK
2026-09-30T13:08:40.798Z,3006.757,observer,RX,baseline,0,stopped,,,001139C8,0011,39C8,1,5,01 00 00 C8 39,0,OK
2026-09-30T13:08:40.803Z,3011.511,observer,RX,baseline,0,stopped,,,00015793,0001,5793,1,7,01 00 00 0F 03 93 57,0,OK
2026-09-30T13:08:40.803Z,3011.75,observer,RX,baseline,0,stopped,,,00115793,0011,5793,1,5,01 00 00 93 57,0,OK
2026-09-30T13:08:40.808Z,3016.543,observer,RX,baseline,0,stopped,,,0001C57F,0001,C57F,1,7,01 00 00 0F 03 7F C5,0,OK
2026-09-30T13:08:40.808Z,3016.754,observer,RX,baseline,0,stopped,,,0011C57F,0011,C57F,1,5,01 00 00 7F C5,0,OK
2026-09-30T13:08:40.813Z,3021.553,observer,RX,baseline,0,stopped,,,00019FF1,0001,9FF1,1,7,01 00 00 0F 03 F1 9F,0,OK
2026-09-30T13:08:40.813Z,3021.755,observer,RX,baseline,0,stopped,,,00119FF1,0011,9FF1,1,5,01 00 00 F1 9F,0,OK
2026-09-30T13:08:40.818Z,3026.513,observer,RX,baseline,0,stopped,,,0001CF95,0001,CF95,1,7,01 00 00 0F 03 95 CF,0,OK
2026-09-30T13:08:40.818Z,3026.755,observer,RX,baseline,0,stopped,,,0011CF95,0011,CF95,1,5,01 00 00 95 CF,0,OK
2026-09-30T13:08:40.823Z,3031.497,observer,RX,baseline,0,stopped,,,00012924,0001,2924,1,7,01 00 00 0F 03 24 29,0,OK
2026-09-30T13:08:40.823Z,3031.746,observer,RX,baseline,0,stopped,,,00112924,0011,2924,1,5,01 00 00 24 29,0,OK
2026-09-30T13:08:40.828Z,3036.464,observer,RX,baseline,0,stopped,,,00017ADC,0001,7ADC,1,7,01 00 00 0F 03 DC 7A,0,OK
2026-09-30T13:08:40.828Z,3036.706,observer,RX,baseline,0,stopped,,,00117ADC,0011,7ADC,1,5,01 00 00 DC 7A,0,OK
2026-09-30T13:08:40.833Z,3041.469,observer,RX,baseline,0,stopped,,,0001F2EC,0001,F2EC,1,7,01 00 00 0F 03 EC F2,0,OK
2026-09-30T13:08:40.833Z,3041.71,observer,RX,baseline,0,stopped,,,0011F2EC,0011,F2EC,1,5,01 00 00 EC F2,0,OK
2026-09-30T13:08:40.838Z,3046.505,observer,RX,baseline,0,stopped,,,00016524,0001,6524,1,7,01 00 00 0F 03 24 65,0,OK
2026-09-30T13:08:40.838Z,3046.755,observer,RX,baseline,0,stopped,,,00116524,0011,6524,1,5,01 00 00 24 65,0,OK
2026-09-30T13:08:40.843Z,3051.508,observer,RX,baseline,0,stopped,,,00017FB6,0001,7FB6,1,7,01 00 00 0F 03 B6 7F,0,OK
2026-09-30T13:08:40.843Z,3051.741,observer,RX,baseline,0,stopped,,,00117FB6,0011,7FB6,1,5,01 00 00 B6 7F,0,OK
2026-09-30T13:08:40.848Z,3056.575,observer,RX,baseline,0,stopped,,,00018745,0001,8745,1,7,01 00 00 0F 03 45 87,0,OK
2026-09-30T13:08:40.848Z,3056.714,observer,RX,baseline,0,stopped,,,00118745,0011,8745,1,5,01 00 00 45 87,0,OK
2026-09-30T13:08:40.853Z,3062.011,observer,RX,baseline,0,stopped,,,000131D7,0001,31D7,1,7,01 00 00 0F 03 D7 31,0,OK
2026-09-30T13:08:40.854Z,3062.149,observer,RX,baseline,0,stopped,,,001131D7,0011,31D7,1,5,01 00 00 D7 31,0,OK
2026-09-30T13:08:40.858Z,3066.947,observer,RX,baseline,0,stopped,,,0001CC1C,0001,CC1C,1,7,01 00 00 0F 03 1C CC,0,OK
2026-09-30T13:08:40.858Z,3067.078,observer,RX,baseline,0,stopped,,,0011CC1C,0011,CC1C,1,5,01 00 00 1C CC,0,OK
2026-09-30T13:08:40.863Z,3071.99,observer,RX,baseline,0,stopped,,,0001A9E7,0001,A9E7,1,7,01 00 00 0F 03 E7 A9,0,OK
2026-09-30T13:08:40.864Z,3072.12,observer,RX,baseline,0,stopped,,,0011A9E7,0011,A9E7,1,5,01 00 00 E7 A9,0,OK
2026-09-30T13:08:40.868Z,3076.96,observer,RX,baseline,0,stopped,,,0001BA7A,0001,BA7A,1,7,01 00 00 0F 03 7A BA,0,OK
2026-09-30T13:08:40.869Z,3077.091,observer,RX,baseline,0,stopped,,,0011BA7A,0011,BA7A,1,5,01 00 00 7A BA,0,OK
2026-09-30T13:08:40.873Z,3082.001,observer,RX,baseline,0,stopped,,,00019545,0001,9545,1,7,01 00 00 0F 03 45 95,0,OK
2026-09-30T13:08:40.874Z,3082.134,observer,RX,baseline,0,stopped,,,00119545,0011,9545,1,5,01 00 00 45 95,0,OK
2026-09-30T13:08:40.878Z,3086.965,observer,RX,baseline,0,stopped,,,0001BAA5,0001,BAA5,1,7,01 00 00 0F 03 A5 BA,0,OK
2026-09-30T13:08:40.879Z,3087.093,observer,RX,baseline,0,stopped,,,0011BAA5,0011,BAA5,1,5,01 00 00 A5 BA,0,OK
2026-09-30T13:08:40.883Z,3091.988,observer,RX,baseline,0,stopped,,,0001AF87,0001,AF87,1,7,01 00 00 0F 03 87 AF,0,OK
2026-09-30T13:08:40.884Z,3092.118,observer,RX,baseline,0,stopped,,,0011AF87,0011,AF87,1,5,01 00 00 87 AF,0,OK
2026-09-30T13:08:40.888Z,3097.016,observer,RX,baseline,0,stopped,,,0001D6D1,0001,D6D1,1,7,01 00 00 0F 03 D1 D6,0,OK
2026-09-30T13:08:40.889Z,3097.154,observer,RX,baseline,0,stopped,,,0011D6D1,0011,D6D1,1,5,01 00 00 D1 D6,0,OK
2026-09-30T13:08:40.894Z,3102.915,observer,RX,baseline,0,stopped,,,0001A362,0001,A362,1,7,01 00 00 0F 03 62 A3,0,OK
2026-09-30T13:08:40.894Z,3103.044,observer,RX,baseline,0,stopped,,,0011A362,0011,A362,1,5,01 00 00 62 A3,0,OK
2026-09-30T13:08:40.898Z,3106.872,observer,RX,baseline,0,stopped,,,000182C4,0001,82C4,1,7,01 00 00 0F 03 C4 82,0,OK
2026-09-30T13:08:40.898Z,3107.006,observer,RX,baseline,0,stopped,,,001182C4,0011,82C4,1,5,01 00 00 C4 82,0,OK
2026-09-30T13:08:40.904Z,3112.796,observer,RX,baseline,0,stopped,,,0001434F,0001,434F,1,7,01 00 00 0F 03 4F 43,0,OK
2026-09-30T13:08:40.904Z,3112.943,observer,RX,baseline,0,stopped,,,0011434F,0011,434F,1,5,01 00 00 4F 43,0,OK
2026-09-30T13:08:40.908Z,3116.584,observer,RX,baseline,0,stopped,,,0001C97A,0001,C97A,1,7,01 00 00 0F 03 7A C9,0,OK
2026-09-30T13:08:40.908Z,3116.722,observer,RX,baseline,0,stopped,,,0011C97A,0011,C97A,1,5,01 00 00 7A C9,0,OK
2026-09-30T13:08:40.913Z,3121.469,observer,RX,baseline,0,stopped,,,0001C800,0001,C800,1,7,01 00 00 0F 03 00 C8,0,OK
2026-09-30T13:08:40.913Z,3121.694,observer,RX,baseline,0,stopped,,,0011C800,0011,C800,1,5,01 00 00 00 C8,0,OK
2026-09-30T13:08:40.919Z,3127.324,observer,RX,baseline,0,stopped,,,00010086,0001,0086,1,7,01 00 00 0F 03 86 00,0,OK
2026-09-30T13:08:40.919Z,3127.459,observer,RX,baseline,0,stopped,,,00110086,0011,0086,1,5,01 00 00 86 00,0,OK
2026-09-30T13:08:40.923Z,3131.66,observer,RX,baseline,0,stopped,,,0001EA54,0001,EA54,1,7,01 00 00 0F 03 54 EA,0,OK
2026-09-30T13:08:40.923Z,3131.794,observer,RX,baseline,0,stopped,,,0011EA54,0011,EA54,1,5,01 00 00 54 EA,0,OK
2026-09-30T13:08:40.929Z,3137.617,observer,RX,baseline,0,stopped,,,00010F85,0001,0F85,1,7,01 00 00 0F 03 85 0F,0,OK
2026-09-30T13:08:40.929Z,3137.751,observer,RX,baseline,0,stopped,,,00110F85,0011,0F85,1,5,01 00 00 85 0F,0,OK
2026-09-30T13:08:40.933Z,3141.649,observer,RX,baseline,0,stopped,,,0001EC72,0001,EC72,1,7,01 00 00 0F 03 72 EC,0,OK
2026-09-30T13:08:40.933Z,3141.782,observer,RX,baseline,0,stopped,,,0011EC72,0011,EC72,1,5,01 00 00 72 EC,0,OK
2026-09-30T13:08:40.939Z,3147.581,observer,RX,baseline,0,stopped,,,00016ADE,0001,6ADE,1,7,01 00 00 0F 03 DE 6A,0,OK
2026-09-30T13:08:40.939Z,3147.71,observer,RX,baseline,0,stopped,,,00116ADE,0011,6ADE,1,5,01 00 00 DE 6A,0,OK
2026-09-30T13:08:40.943Z,3151.642,observer,RX,baseline,0,stopped,,,00010139,0001,0139,1,7,01 00 00 0F 03 39 01,0,OK
2026-09-30T13:08:40.943Z,3151.782,observer,RX,baseline,0,stopped,,,00110139,0011,0139,1,5,01 00 00 39 01,0,OK
2026-09-30T13:08:40.948Z,3156.543,observer,RX,baseline,0,stopped,,,0001FBA4,0001,FBA4,1,7,01 00 00 0F 03 A4 FB,0,OK
2026-09-30T13:08:40.948Z,3156.674,observer,RX,baseline,0,stopped,,,0011FBA4,0011,FBA4,1,5,01 00 00 A4 FB,0,OK
2026-09-30T13:08:40.953Z,3161.95,observer,RX,baseline,0,stopped,,,0001EB1B,0001,EB1B,1,7,01 00 00 0F 03 1B EB,0,OK
2026-09-30T13:08:40.954Z,3162.082,observer,RX,baseline,0,stopped,,,0011EB1B,0011,EB1B,1,5,01 00 00 1B EB,0,OK
2026-09-30T13:08:40.958Z,3166.994,observer,RX,baseline,0,stopped,,,0001FF4E,0001,FF4E,1,7,01 00 00 0F 03 4E FF,0,OK
2026-09-30T13:08:40.959Z,3167.124,observer,RX,baseline,0,stopped,,,0011FF4E,0011,FF4E,1,5,01 00 00 4E FF,0,OK
2026-09-30T13:08:40.963Z,3171.907,observer,RX,baseline,0,stopped,,,0001DF26,0001,DF26,1,7,01 00 00 0F 03 26 DF,0,OK
2026-09-30T13:08:40.963Z,3172.037,observer,RX,baseline,0,stopped,,,0011DF26,0011,DF26,1,5,01 00 00 26 DF,0,OK
2026-09-30T13:08:40.968Z,3176.932,observer,RX,baseline,0,stopped,,,0001FCAF,0001,FCAF,1,7,01 00 00 0F 03 AF FC,0,OK
2026-09-30T13:08:40.968Z,3177.061,observer,RX,baseline,0,stopped,,,0011FCAF,0011,FCAF,1,5,01 00 00 AF FC,0,OK
2026-09-30T13:08:40.973Z,3181.909,observer,RX,baseline,0,stopped,,,00013EC4,0001,3EC4,1,7,01 00 00 0F 03 C4 3E,0,OK
2026-09-30T13:08:40.973Z,3182.039,observer,RX,baseline,0,stopped,,,00113EC4,0011,3EC4,1,5,01 00 00 C4 3E,0,OK
2026-09-30T13:08:40.978Z,3186.904,observer,RX,baseline,0,stopped,,,0001FC47,0001,FC47,1,7,01 00 00 0F 03 47 FC,0,OK
2026-09-30T13:08:40.978Z,3187.041,observer,RX,baseline,0,stopped,,,0011FC47,0011,FC47,1,5,01 00 00 47 FC,0,OK
2026-09-30T13:08:40.983Z,3191.669,observer,RX,baseline,0,stopped,,,0001BA7B,0001,BA7B,1,7,01 00 00 0F 03 7B BA,0,OK
2026-09-30T13:08:40.983Z,3191.804,observer,RX,baseline,0,stopped,,,0011BA7B,0011,BA7B,1,5,01 00 00 7B BA,0,OK
2026-09-30T13:08:40.988Z,3196.679,observer,RX,baseline,0,stopped,,,00010CEA,0001,0CEA,1,7,01 00 00 0F 03 EA 0C,0,OK
2026-09-30T13:08:40.988Z,3196.768,observer,RX,baseline,0,stopped,,,00110CEA,0011,0CEA,1,5,01 00 00 EA 0C,0,OK
2026-09-30T13:08:40.993Z,3201.493,observer,RX,baseline,0,stopped,,,000179B1,0001,79B1,1,7,01 00 00 0F 03 B1 79,0,OK
2026-09-30T13:08:40.993Z,3201.736,observer,RX,baseline,0,stopped,,,001179B1,0011,79B1,1,5,01 00 00 B1 79,0,OK
2026-09-30T13:08:40.998Z,3206.479,observer,RX,baseline,0,stopped,,,00015E50,0001,5E50,1,7,01 00 00 0F 03 50 5E,0,OK
2026-09-30T13:08:40.998Z,3206.722,observer,RX,baseline,0,stopped,,,00115E50,0011,5E50,1,5,01 00 00 50 5E,0,OK
2026-09-30T13:08:41.003Z,3211.485,observer,RX,baseline,0,stopped,,,0001EF43,0001,EF43,1,7,01 00 00 0F 03 43 EF,0,OK
2026-09-30T13:08:41.003Z,3211.734,observer,RX,baseline,0,stopped,,,0011EF43,0011,EF43,1,5,01 00 00 43 EF,0,OK
2026-09-30T13:08:41.008Z,3216.483,observer,RX,baseline,0,stopped,,,0001DE08,0001,DE08,1,7,01 00 00 0F 03 08 DE,0,OK
2026-09-30T13:08:41.008Z,3216.733,observer,RX,baseline,0,stopped,,,0011DE08,0011,DE08,1,5,01 00 00 08 DE,0,OK
2026-09-30T13:08:41.013Z,3221.488,observer,RX,baseline,0,stopped,,,0001F072,0001,F072,1,7,01 00 00 0F 03 72 F0,0,OK
2026-09-30T13:08:41.013Z,3221.737,observer,RX,baseline,0,stopped,,,0011F072,0011,F072,1,5,01 00 00 72 F0,0,OK
2026-09-30T13:08:41.018Z,3226.492,observer,RX,baseline,0,stopped,,,0001A7E9,0001,A7E9,1,7,01 00 00 0F 03 E9 A7,0,OK
2026-09-30T13:08:41.018Z,3226.734,observer,RX,baseline,0,stopped,,,0011A7E9,0011,A7E9,1,5,01 00 00 E9 A7,0,OK
2026-09-30T13:08:41.023Z,3231.725,observer,RX,baseline,0,stopped,,,0001DF6A,0001,DF6A,1,7,01 00 00 0F 03 6A DF,0,OK
2026-09-30T13:08:41.023Z,3231.807,observer,RX,baseline,0,stopped,,,0011DF6A,0011,DF6A,1,5,01 00 00 6A DF,0,OK
2026-09-30T13:08:41.028Z,3236.476,observer,RX,baseline,0,stopped,,,000139EE,0001,39EE,1,7,01 00 00 0F 03 EE 39,0,OK
2026-09-30T13:08:41.028Z,3236.734,observer,RX,baseline,0,stopped,,,001139EE,0011,39EE,1,5,01 00 00 EE 39,0,OK
2026-09-30T13:08:41.033Z,3241.477,observer,RX,baseline,0,stopped,,,00012C79,0001,2C79,1,7,01 00 00 0F 03 79 2C,0,OK
2026-09-30T13:08:41.033Z,3241.715,observer,RX,baseline,0,stopped,,,00112C79,0011,2C79,1,5,01 00 00 79 2C,0,OK
2026-09-30T13:08:41.038Z,3246.481,observer,RX,baseline,0,stopped,,,0001BC2C,0001,BC2C,1,7,01 00 00 0F 03 2C BC,0,OK
2026-09-30T13:08:41.038Z,3246.72,observer,RX,baseline,0,stopped,,,0011BC2C,0011,BC2C,1,5,01 00 00 2C BC,0,OK
2026-09-30T13:08:41.043Z,3251.65,observer,RX,baseline,0,stopped,,,000128AD,0001,28AD,1,7,01 00 00 0F 03 AD 28,0,OK
2026-09-30T13:08:41.043Z,3251.74,observer,RX,baseline,0,stopped,,,001128AD,0011,28AD,1,5,01 00 00 AD 28,0,OK
2026-09-30T13:08:41.048Z,3256.607,observer,RX,baseline,0,stopped,,,00015438,0001,5438,1,7,01 00 00 0F 03 38 54,0,OK
2026-09-30T13:08:41.048Z,3256.681,observer,RX,baseline,0,stopped,,,00115438,0011,5438,1,5,01 00 00 38 54,0,OK
2026-09-30T13:08:41.053Z,3261.41,observer,RX,baseline,0,stopped,,,0001926E,0001,926E,1,7,01 00 00 0F 03 6E 92,0,OK
2026-09-30T13:08:41.053Z,3261.733,observer,RX,baseline,0,stopped,,,0011926E,0011,926E,1,5,01 00 00 6E 92,0,OK
2026-09-30T13:08:41.058Z,3266.48,observer,RX,baseline,0,stopped,,,0001B838,0001,B838,1,7,01 00 00 0F 03 38 B8,0,OK
2026-09-30T13:08:41.058Z,3266.702,observer,RX,baseline,0,stopped,,,0011B838,0011,B838,1,5,01 00 00 38 B8,0,OK
2026-09-30T13:08:41.063Z,3271.486,observer,RX,baseline,0,stopped,,,00019854,0001,9854,1,7,01 00 00 0F 03 54 98,0,OK
2026-09-30T13:08:41.063Z,3271.731,observer,RX,baseline,0,stopped,,,00119854,0011,9854,1,5,01 00 00 54 98,0,OK
2026-09-30T13:08:41.068Z,3276.476,observer,RX,baseline,0,stopped,,,00011C7C,0001,1C7C,1,7,01 00 00 0F 03 7C 1C,0,OK
2026-09-30T13:08:41.068Z,3276.719,observer,RX,baseline,0,stopped,,,00111C7C,0011,1C7C,1,5,01 00 00 7C 1C,0,OK
2026-09-30T13:08:41.073Z,3281.434,observer,RX,baseline,0,stopped,,,0001E445,0001,E445,1,7,01 00 00 0F 03 45 E4,0,OK
2026-09-30T13:08:41.073Z,3281.735,observer,RX,baseline,0,stopped,,,0011E445,0011,E445,1,5,01 00 00 45 E4,0,OK
2026-09-30T13:08:41.078Z,3286.484,observer,RX,baseline,0,stopped,,,0001AB4D,0001,AB4D,1,7,01 00 00 0F 03 4D AB,0,OK
2026-09-30T13:08:41.078Z,3286.736,observer,RX,baseline,0,stopped,,,0011AB4D,0011,AB4D,1,5,01 00 00 4D AB,0,OK
2026-09-30T13:08:41.083Z,3291.484,observer,RX,baseline,0,stopped,,,000150A1,0001,50A1,1,7,01 00 00 0F 03 A1 50,0,OK
2026-09-30T13:08:41.083Z,3291.738,observer,RX,baseline,0,stopped,,,001150A1,0011,50A1,1,5,01 00 00 A1 50,0,OK
2026-09-30T13:08:41.088Z,3296.477,observer,RX,baseline,0,stopped,,,00018150,0001,8150,1,7,01 00 00 0F 03 50 81,0,OK
2026-09-30T13:08:41.088Z,3296.723,observer,RX,baseline,0,stopped,,,00118150,0011,8150,1,5,01 00 00 50 81,0,OK
2026-09-30T13:08:41.093Z,3301.681,observer,RX,baseline,0,stopped,,,0001E30B,0001,E30B,1,7,01 00 00 0F 03 0B E3,0,OK
2026-09-30T13:08:41.093Z,3301.756,observer,RX,baseline,0,stopped,,,0011E30B,0011,E30B,1,5,01 00 00 0B E3,0,OK
2026-09-30T13:08:41.098Z,3306.67,observer,RX,baseline,0,stopped,,,000179B5,0001,79B5,1,7,01 00 00 0F 03 B5 79,0,OK
2026-09-30T13:08:41.098Z,3306.778,observer,RX,baseline,0,stopped,,,001179B5,0011,79B5,1,5,01 00 00 B5 79,0,OK
2026-09-30T13:08:41.103Z,3311.687,observer,RX,baseline,0,stopped,,,0001C006,0001,C006,1,7,01 00 00 0F 03 06 C0,0,OK
2026-09-30T13:08:41.103Z,3312.033,observer,RX,baseline,0,stopped,,,0011C006,0011,C006,1,5,01 00 00 06 C0,0,OK
2026-09-30T13:08:41.108Z,3316.695,observer,RX,baseline,0,stopped,,,0001CC0C,0001,CC0C,1,7,01 00 00 0F 03 0C CC,0,OK
2026-09-30T13:08:41.108Z,3316.804,observer,RX,baseline,0,stopped,,,0011CC0C,0011,CC0C,1,5,01 00 00 0C CC,0,OK
2026-09-30T13:08:41.113Z,3321.668,observer,RX,baseline,0,stopped,,,0001BC83,0001,BC83,1,7,01 00 00 0F 03 83 BC,0,OK
2026-09-30T13:08:41.113Z,3321.759,observer,RX,baseline,0,stopped,,,0011BC83,0011,BC83,1,5,01 00 00 83 BC,0,OK
2026-09-30T13:08:41.118Z,3326.715,observer,RX,baseline,0,stopped,,,0001AA69,0001,AA69,1,7,01 00 00 0F 03 69 AA,0,OK
2026-09-30T13:08:41.118Z,3326.822,observer,RX,baseline,0,stopped,,,0011AA69,0011,AA69,1,5,01 00 00 69 AA,0,OK
2026-09-30T13:08:41.123Z,3331.642,observer,RX,baseline,0,stopped,,,0001D619,0001,D619,1,7,01 00 00 0F 03 19 D6,0,OK
2026-09-30T13:08:41.123Z,3331.72,observer,RX,baseline,0,stopped,,,0011D619,0011,D619,1,5,01 00 00 19 D6,0,OK
2026-09-30T13:08:41.128Z,3336.669,observer,RX,baseline,0,stopped,,,0001ED4E,0001,ED4E,1,7,01 00 00 0F 03 4E ED,0,OK
2026-09-30T13:08:41.128Z,3336.759,observer,RX,baseline,0,stopped,,,0011ED4E,0011,ED4E,1,5,01 00 00 4E ED,0,OK
2026-09-30T13:08:41.133Z,3341.639,observer,RX,baseline,0,stopped,,,0001C475,0001,C475,1,7,01 00 00 0F 03 75 C4,0,OK
2026-09-30T13:08:41.133Z,3341.717,observer,RX,baseline,0,stopped,,,0011C475,0011,C475,1,5,01 00 00 75 C4,0,OK
2026-09-30T13:08:41.138Z,3346.693,observer,RX,baseline,0,stopped,,,0001276F,0001,276F,1,7,01 00 00 0F 03 6F 27,0,OK
2026-09-30T13:08:41.138Z,3346.8,observer,RX,baseline,0,stopped,,,0011276F,0011,276F,1,5,01 00 00 6F 27,0,OK
2026-09-30T13:08:41.143Z,3351.519,observer,RX,baseline,0,stopped,,,0001E248,0001,E248,1,7,01 00 00 0F 03 48 E2,0,OK
2026-09-30T13:08:41.143Z,3351.722,observer,RX,baseline,0,stopped,,,0011E248,0011,E248,1,5,01 00 00 48 E2,0,OK
2026-09-30T13:08:41.148Z,3356.663,observer,RX,baseline,0,stopped,,,0001CE41,0001,CE41,1,7,01 00 00 0F 03 41 CE,0,OK
2026-09-30T13:08:41.148Z,3356.769,observer,RX,baseline,0,stopped,,,0011CE41,0011,CE41,1,5,01 00 00 41 CE,0,OK
2026-09-30T13:08:41.153Z,3361.473,observer,RX,baseline,0,stopped,,,0001F1C0,0001,F1C0,1,7,01 00 00 0F 03 C0 F1,0,OK
2026-09-30T13:08:41.153Z,3361.721,observer,RX,baseline,0,stopped,,,0011F1C0,0011,F1C0,1,5,01 00 00 C0 F1,0,OK
2026-09-30T13:08:41.158Z,3366.507,observer,RX,baseline,0,stopped,,,00012104,0001,2104,1,7,01 00 00 0F 03 04 21,0,OK
2026-09-30T13:08:41.158Z,3366.717,observer,RX,baseline,0,stopped,,,00112104,0011,2104,1,5,01 00 00 04 21,0,OK
2026-09-30T13:08:41.163Z,3371.544,observer,RX,baseline,0,stopped,,,0001D44B,0001,D44B,1,7,01 00 00 0F 03 4B D4,0,OK
2026-09-30T13:08:41.163Z,3371.707,observer,RX,baseline,0,stopped,,,0011D44B,0011,D44B,1,5,01 00 00 4B D4,0,OK
2026-09-30T13:08:41.168Z,3376.508,observer,RX,baseline,0,stopped,,,0001969D,0001,969D,1,7,01 00 00 0F 03 9D 96,0,OK
2026-09-30T13:08:41.168Z,3376.723,observer,RX,baseline,0,stopped,,,0011969D,0011,969D,1,5,01 00 00 9D 96,0,OK
2026-09-30T13:08:41.173Z,3381.535,observer,RX,baseline,0,stopped,,,00016333,0001,6333,1,7,01 00 00 0F 03 33 63,0,OK
2026-09-30T13:08:41.173Z,3381.702,observer,RX,baseline,0,stopped,,,00116333,0011,6333,1,5,01 00 00 33 63,0,OK
2026-09-30T13:08:41.178Z,3386.518,observer,RX,baseline,0,stopped,,,0001DF7D,0001,DF7D,1,7,01 00 00 0F 03 7D DF,0,OK
2026-09-30T13:08:41.178Z,3386.694,observer,RX,baseline,0,stopped,,,0011DF7D,0011,DF7D,1,5,01 00 00 7D DF,0,OK
2026-09-30T13:08:41.183Z,3391.5,observer,RX,baseline,0,stopped,,,0001325C,0001,325C,1,7,01 00 00 0F 03 5C 32,0,OK
2026-09-30T13:08:41.183Z,3391.705,observer,RX,baseline,0,stopped,,,0011325C,0011,325C,1,5,01 00 00 5C 32,0,OK
2026-09-30T13:08:41.188Z,3396.512,observer,RX,baseline,0,stopped,,,00010B6C,0001,0B6C,1,7,01 00 00 0F 03 6C 0B,0,OK
2026-09-30T13:08:41.188Z,3396.721,observer,RX,baseline,0,stopped,,,00110B6C,0011,0B6C,1,5,01 00 00 6C 0B,0,OK
2026-09-30T13:08:41.193Z,3401.753,observer,RX,baseline,0,stopped,,,0001FC20,0001,FC20,1,7,01 00 00 0F 03 20 FC,0,OK
2026-09-30T13:08:41.193Z,3401.853,observer,RX,baseline,0,stopped,,,0011FC20,0011,FC20,1,5,01 00 00 20 FC,0,OK
2026-09-30T13:08:41.198Z,3406.515,observer,RX,baseline,0,stopped,,,000177EC,0001,77EC,1,7,01 00 00 0F 03 EC 77,0,OK
2026-09-30T13:08:41.198Z,3406.729,observer,RX,baseline,0,stopped,,,001177EC,0011,77EC,1,5,01 00 00 EC 77,0,OK
2026-09-30T13:08:41.203Z,3411.491,observer,RX,baseline,0,stopped,,,00012528,0001,2528,1,7,01 00 00 0F 03 28 25,0,OK
2026-09-30T13:08:41.203Z,3411.697,observer,RX,baseline,0,stopped,,,00112528,0011,2528,1,5,01 00 00 28 25,0,OK
2026-09-30T13:08:41.208Z,3416.731,observer,RX,baseline,0,stopped,,,0001DE92,0001,DE92,1,7,01 00 00 0F 03 92 DE,0,OK
2026-09-30T13:08:41.208Z,3416.841,observer,RX,baseline,0,stopped,,,0011DE92,0011,DE92,1,5,01 00 00 92 DE,0,OK
2026-09-30T13:08:41.213Z,3421.49,observer,RX,baseline,0,stopped,,,0001FCAC,0001,FCAC,1,7,01 00 00 0F 03 AC FC,0,OK
2026-09-30T13:08:41.213Z,3421.702,observer,RX,baseline,0,stopped,,,0011FCAC,0011,FCAC,1,5,01 00 00 AC FC,0,OK
2026-09-30T13:08:41.218Z,3426.674,observer,RX,baseline,0,stopped,,,0001BB85,0001,BB85,1,7,01 00 00 0F 03 85 BB,0,OK
2026-09-30T13:08:41.218Z,3426.767,observer,RX,baseline,0,stopped,,,0011BB85,0011,BB85,1,5,01 00 00 85 BB,0,OK
2026-09-30T13:08:41.223Z,3431.491,observer,RX,baseline,0,stopped,,,00019983,0001,9983,1,7,01 00 00 0F 03 83 99,0,OK
2026-09-30T13:08:41.223Z,3431.696,observer,RX,baseline,0,stopped,,,00119983,0011,9983,1,5,01 00 00 83 99,0,OK
2026-09-30T13:08:41.228Z,3436.7,observer,RX,baseline,0,stopped,,,0001EF0A,0001,EF0A,1,7,01 00 00 0F 03 0A EF,0,OK
2026-09-30T13:08:41.228Z,3436.781,observer,RX,baseline,0,stopped,,,0011EF0A,0011,EF0A,1,5,01 00 00 0A EF,0,OK
2026-09-30T13:08:41.233Z,3441.682,observer,RX,baseline,0,stopped,,,000181E7,0001,81E7,1,7,01 00 00 0F 03 E7 81,0,OK
2026-09-30T13:08:41.233Z,3441.759,observer,RX,baseline,0,stopped,,,001181E7,0011,81E7,1,5,01 00 00 E7 81,0,OK
2026-09-30T13:08:41.238Z,3446.689,observer,RX,baseline,0,stopped,,,0001F1BE,0001,F1BE,1,7,01 00 00 0F 03 BE F1,0,OK
2026-09-30T13:08:41.238Z,3446.773,observer,RX,baseline,0,stopped,,,0011F1BE,0011,F1BE,1,5,01 00 00 BE F1,0,OK
2026-09-30T13:08:41.243Z,3451.574,observer,RX,baseline,0,stopped,,,000143DD,0001,43DD,1,7,01 00 00 0F 03 DD 43,0,OK
2026-09-30T13:08:41.243Z,3451.661,observer,RX,baseline,0,stopped,,,001143DD,0011,43DD,1,5,01 00 00 DD 43,0,OK
2026-09-30T13:08:41.248Z,3456.585,observer,RX,baseline,0,stopped,,,0001A5F0,0001,A5F0,1,7,01 00 00 0F 03 F0 A5,0,OK
2026-09-30T13:08:41.248Z,3456.668,observer,RX,baseline,0,stopped,,,0011A5F0,0011,A5F0,1,5,01 00 00 F0 A5,0,OK
2026-09-30T13:08:41.253Z,3461.669,observer,RX,baseline,0,stopped,,,0001159F,0001,159F,1,7,01 00 00 0F 03 9F 15,0,OK
2026-09-30T13:08:41.253Z,3461.747,observer,RX,baseline,0,stopped,,,0011159F,0011,159F,1,5,01 00 00 9F 15,0,OK
2026-09-30T13:08:41.258Z,3466.461,observer,RX,baseline,0,stopped,,,0001C138,0001,C138,1,7,01 00 00 0F 03 38 C1,0,OK
2026-09-30T13:08:41.258Z,3466.709,observer,RX,baseline,0,stopped,,,0011C138,0011,C138,1,5,01 00 00 38 C1,0,OK
2026-09-30T13:08:41.263Z,3471.454,observer,RX,baseline,0,stopped,,,0001AD77,0001,AD77,1,7,01 00 00 0F 03 77 AD,0,OK
2026-09-30T13:08:41.263Z,3471.674,observer,RX,baseline,0,stopped,,,0011AD77,0011,AD77,1,5,01 00 00 77 AD,0,OK
2026-09-30T13:08:41.268Z,3476.687,observer,RX,baseline,0,stopped,,,00014442,0001,4442,1,7,01 00 00 0F 03 42 44,0,OK
2026-09-30T13:08:41.268Z,3476.764,observer,RX,baseline,0,stopped,,,00114442,0011,4442,1,5,01 00 00 42 44,0,OK
2026-09-30T13:08:41.273Z,3481.452,observer,RX,baseline,0,stopped,,,000155F4,0001,55F4,1,7,01 00 00 0F 03 F4 55,0,OK
2026-09-30T13:08:41.273Z,3481.674,observer,RX,baseline,0,stopped,,,001155F4,0011,55F4,1,5,01 00 00 F4 55,0,OK
2026-09-30T13:08:41.278Z,3486.49,observer,RX,baseline,0,stopped,,,0001DB60,0001,DB60,1,7,01 00 00 0F 03 60 DB,0,OK
2026-09-30T13:08:41.278Z,3486.696,observer,RX,baseline,0,stopped,,,0011DB60,0011,DB60,1,5,01 00 00 60 DB,0,OK
2026-09-30T13:08:41.283Z,3491.455,observer,RX,baseline,0,stopped,,,00015F55,0001,5F55,1,7,01 00 00 0F 03 55 5F,0,OK
2026-09-30T13:08:41.283Z,3491.682,observer,RX,baseline,0,stopped,,,00115F55,0011,5F55,1,5,01 00 00 55 5F,0,OK
2026-09-30T13:08:41.288Z,3496.714,observer,RX,baseline,0,stopped,,,00013565,0001,3565,1,7,01 00 00 0F 03 65 35,0,OK
2026-09-30T13:08:41.288Z,3496.793,observer,RX,baseline,0,stopped,,,00113565,0011,3565,1,5,01 00 00 65 35,0,OK
2026-09-30T13:08:41.293Z,3501.611,observer,RX,baseline,0,stopped,,,000158AA,0001,58AA,1,7,01 00 00 0F 03 AA 58,0,OK
2026-09-30T13:08:41.293Z,3501.692,observer,RX,baseline,0,stopped,,,001158AA,0011,58AA,1,5,01 00 00 AA 58,0,OK
2026-09-30T13:08:41.298Z,3506.626,observer,RX,baseline,0,stopped,,,0001EAD4,0001,EAD4,1,7,01 00 00 0F 03 D4 EA,0,OK
2026-09-30T13:08:41.298Z,3506.72,observer,RX,baseline,0,stopped,,,0011EAD4,0011,EAD4,1,5,01 00 00 D4 EA,0,OK
2026-09-30T13:08:41.303Z,3511.605,observer,RX,baseline,0,stopped,,,0001BEF2,0001,BEF2,1,7,01 00 00 0F 03 F2 BE,0,OK
2026-09-30T13:08:41.303Z,3511.687,observer,RX,baseline,0,stopped,,,0011BEF2,0011,BEF2,1,5,01 00 00 F2 BE,0,OK
2026-09-30T13:08:41.308Z,3516.632,observer,RX,baseline,0,stopped,,,00015668,0001,5668,1,7,01 00 00 0F 03 68 56,0,OK
2026-09-30T13:08:41.308Z,3516.728,observer,RX,baseline,0,stopped,,,00115668,0011,5668,1,5,01 00 00 68 56,0,OK
2026-09-30T13:08:41.313Z,3521.566,observer,RX,baseline,0,stopped,,,00017A40,0001,7A40,1,7,01 00 00 0F 03 40 7A,0,OK
2026-09-30T13:08:41.313Z,3521.672,observer,RX,baseline,0,stopped,,,00117A40,0011,7A40,1,5,01 00 00 40 7A,0,OK
2026-09-30T13:08:41.318Z,3526.498,observer,RX,baseline,0,stopped,,,00015486,0001,5486,1,7,01 00 00 0F 03 86 54,0,OK
2026-09-30T13:08:41.318Z,3526.622,observer,RX,baseline,0,stopped,,,00115486,0011,5486,1,5,01 00 00 86 54,0,OK
2026-09-30T13:08:41.323Z,3531.48,observer,RX,baseline,0,stopped,,,000154B5,0001,54B5,1,7,01 00 00 0F 03 B5 54,0,OK
2026-09-30T13:08:41.323Z,3531.676,observer,RX,baseline,0,stopped,,,001154B5,0011,54B5,1,5,01 00 00 B5 54,0,OK
2026-09-30T13:08:41.328Z,3536.483,observer,RX,baseline,0,stopped,,,00014A0A,0001,4A0A,1,7,01 00 00 0F 03 0A 4A,0,OK
2026-09-30T13:08:41.328Z,3536.676,observer,RX,baseline,0,stopped,,,00114A0A,0011,4A0A,1,5,01 00 00 0A 4A,0,OK
2026-09-30T13:08:41.333Z,3541.464,observer,RX,baseline,0,stopped,,,0001A4C4,0001,A4C4,1,7,01 00 00 0F 03 C4 A4,0,OK
2026-09-30T13:08:41.333Z,3541.705,observer,RX,baseline,0,stopped,,,0011A4C4,0011,A4C4,1,5,01 00 00 C4 A4,0,OK
2026-09-30T13:08:41.338Z,3546.488,observer,RX,baseline,0,stopped,,,000117A1,0001,17A1,1,7,01 00 00 0F 03 A1 17,0,OK
2026-09-30T13:08:41.338Z,3546.613,observer,RX,baseline,0,stopped,,,001117A1,0011,17A1,1,5,01 00 00 A1 17,0,OK
2026-09-30T13:08:41.343Z,3551.605,observer,RX,baseline,0,stopped,,,0001C026,0001,C026,1,7,01 00 00 0F 03 26 C0,0,OK
2026-09-30T13:08:41.343Z,3551.692,observer,RX,baseline,0,stopped,,,0011C026,0011,C026,1,5,01 00 00 26 C0,0,OK
2026-09-30T13:08:41.348Z,3556.461,observer,RX,baseline,0,stopped,,,0001D17D,0001,D17D,1,7,01 00 00 0F 03 7D D1,0,OK
2026-09-30T13:08:41.348Z,3556.651,observer,RX,baseline,0,stopped,,,0011D17D,0011,D17D,1,5,01 00 00 7D D1,0,OK
2026-09-30T13:08:41.353Z,3561.469,observer,RX,baseline,0,stopped,,,00012664,0001,2664,1,7,01 00 00 0F 03 64 26,0,OK
2026-09-30T13:08:41.353Z,3561.682,observer,RX,baseline,0,stopped,,,00112664,0011,2664,1,5,01 00 00 64 26,0,OK
2026-09-30T13:08:41.358Z,3566.473,observer,RX,baseline,0,stopped,,,0001842D,0001,842D,1,7,01 00 00 0F 03 2D 84,0,OK
2026-09-30T13:08:41.358Z,3566.694,observer,RX,baseline,0,stopped,,,0011842D,0011,842D,1,5,01 00 00 2D 84,0,OK
2026-09-30T13:08:41.363Z,3571.468,observer,RX,baseline,0,stopped,,,0001C1DE,0001,C1DE,1,7,01 00 00 0F 03 DE C1,0,OK
2026-09-30T13:08:41.363Z,3571.708,observer,RX,baseline,0,stopped,,,0011C1DE,0011,C1DE,1,5,01 00 00 DE C1,0,OK
2026-09-30T13:08:41.368Z,3576.554,observer,RX,baseline,0,stopped,,,00010DE7,0001,0DE7,1,7,01 00 00 0F 03 E7 0D,0,OK
2026-09-30T13:08:41.368Z,3576.694,observer,RX,baseline,0,stopped,,,00110DE7,0011,0DE7,1,5,01 00 00 E7 0D,0,OK
2026-09-30T13:08:41.373Z,3581.537,observer,RX,baseline,0,stopped,,,000107C3,0001,07C3,1,7,01 00 00 0F 03 C3 07,0,OK
2026-09-30T13:08:41.373Z,3581.669,observer,RX,baseline,0,stopped,,,001107C3,0011,07C3,1,5,01 00 00 C3 07,0,OK
2026-09-30T13:08:41.378Z,3586.582,observer,RX,baseline,0,stopped,,,00012474,0001,2474,1,7,01 00 00 0F 03 74 24,0,OK
2026-09-30T13:08:41.378Z,3586.722,observer,RX,baseline,0,stopped,,,00112474,0011,2474,1,5,01 00 00 74 24,0,OK
2026-09-30T13:08:41.383Z,3591.475,observer,RX,baseline,0,stopped,,,00015B42,0001,5B42,1,7,01 00 00 0F 03 42 5B,0,OK
2026-09-30T13:08:41.383Z,3591.675,observer,RX,baseline,0,stopped,,,00115B42,0011,5B42,1,5,01 00 00 42 5B,0,OK
2026-09-30T13:08:41.388Z,3596.446,observer,RX,baseline,0,stopped,,,0001DAAC,0001,DAAC,1,7,01 00 00 0F 03 AC DA,0,OK
2026-09-30T13:08:41.388Z,3596.681,observer,RX,baseline,0,stopped,,,0011DAAC,0011,DAAC,1,5,01 00 00 AC DA,0,OK
2026-09-30T13:08:41.393Z,3601.601,observer,RX,baseline,0,stopped,,,0001BA10,0001,BA10,1,7,01 00 00 0F 03 10 BA,0,OK
2026-09-30T13:08:41.393Z,3601.735,observer,RX,baseline,0,stopped,,,0011BA10,0011,BA10,1,5,01 00 00 10 BA,0,OK
2026-09-30T13:08:41.398Z,3606.6,observer,RX,baseline,0,stopped,,,00017922,0001,7922,1,7,01 00 00 0F 03 22 79,0,OK
2026-09-30T13:08:41.398Z,3606.725,observer,RX,baseline,0,stopped,,,00117922,0011,7922,1,5,01 00 00 22 79,0,OK
2026-09-30T13:08:41.403Z,3611.614,observer,RX,baseline,0,stopped,,,0001DBEF,0001,DBEF,1,7,01 00 00 0F 03 EF DB,0,OK
2026-09-30T13:08:41.403Z,3611.692,observer,RX,baseline,0,stopped,,,0011DBEF,0011,DBEF,1,5,01 00 00 EF DB,0,OK
2026-09-30T13:08:41.408Z,3616.563,observer,RX,baseline,0,stopped,,,0001186D,0001,186D,1,7,01 00 00 0F 03 6D 18,0,OK
2026-09-30T13:08:41.408Z,3616.677,observer,RX,baseline,0,stopped,,,0011186D,0011,186D,1,5,01 00 00 6D 18,0,OK
2026-09-30T13:08:41.413Z,3621.588,observer,RX,baseline,0,stopped,,,0001B0D7,0001,B0D7,1,7,01 00 00 0F 03 D7 B0,0,OK
2026-09-30T13:08:41.413Z,3621.666,observer,RX,baseline,0,stopped,,,0011B0D7,0011,B0D7,1,5,01 00 00 D7 B0,0,OK
2026-09-30T13:08:41.418Z,3626.575,observer,RX,baseline,0,stopped,,,0001D42F,0001,D42F,1,7,01 00 00 0F 03 2F D4,0,OK
2026-09-30T13:08:41.418Z,3626.654,observer,RX,baseline,0,stopped,,,0011D42F,0011,D42F,1,5,01 00 00 2F D4,0,OK
2026-09-30T13:08:41.423Z,3631.596,observer,RX,baseline,0,stopped,,,0001E8F4,0001,E8F4,1,7,01 00 00 0F 03 F4 E8,0,OK
2026-09-30T13:08:41.423Z,3631.673,observer,RX,baseline,0,stopped,,,0011E8F4,0011,E8F4,1,5,01 00 00 F4 E8,0,OK
2026-09-30T13:08:41.428Z,3636.59,observer,RX,baseline,0,stopped,,,000100CE,0001,00CE,1,7,01 00 00 0F 03 CE 00,0,OK
2026-09-30T13:08:41.428Z,3636.741,observer,RX,baseline,0,stopped,,,001100CE,0011,00CE,1,5,01 00 00 CE 00,0,OK
2026-09-30T13:08:41.433Z,3641.59,observer,RX,baseline,0,stopped,,,0001D394,0001,D394,1,7,01 00 00 0F 03 94 D3,0,OK
2026-09-30T13:08:41.433Z,3641.667,observer,RX,baseline,0,stopped,,,0011D394,0011,D394,1,5,01 00 00 94 D3,0,OK
2026-09-30T13:08:41.438Z,3646.602,observer,RX,baseline,0,stopped,,,00012E7C,0001,2E7C,1,7,01 00 00 0F 03 7C 2E,0,OK
2026-09-30T13:08:41.438Z,3646.733,observer,RX,baseline,0,stopped,,,00112E7C,0011,2E7C,1,5,01 00 00 7C 2E,0,OK
2026-09-30T13:08:41.443Z,3651.4,observer,RX,baseline,0,stopped,,,000195C1,0001,95C1,1,7,01 00 00 0F 03 C1 95,0,OK
2026-09-30T13:08:41.443Z,3651.684,observer,RX,baseline,0,stopped,,,001195C1,0011,95C1,1,5,01 00 00 C1 95,0,OK
2026-09-30T13:08:41.448Z,3656.595,observer,RX,baseline,0,stopped,,,000176FA,0001,76FA,1,7,01 00 00 0F 03 FA 76,0,OK
2026-09-30T13:08:41.448Z,3656.676,observer,RX,baseline,0,stopped,,,001176FA,0011,76FA,1,5,01 00 00 FA 76,0,OK
2026-09-30T13:08:41.453Z,3661.5,observer,RX,baseline,0,stopped,,,00011B0C,0001,1B0C,1,7,01 00 00 0F 03 0C 1B,0,OK
2026-09-30T13:08:41.453Z,3661.675,observer,RX,baseline,0,stopped,,,00111B0C,0011,1B0C,1,5,01 00 00 0C 1B,0,OK
2026-09-30T13:08:41.458Z,3666.482,observer,RX,baseline,0,stopped,,,0001E43F,0001,E43F,1,7,01 00 00 0F 03 3F E4,0,OK
2026-09-30T13:08:41.458Z,3666.58,observer,RX,baseline,0,stopped,,,0011E43F,0011,E43F,1,5,01 00 00 3F E4,0,OK
2026-09-30T13:08:41.463Z,3671.497,observer,RX,baseline,0,stopped,,,000172E1,0001,72E1,1,7,01 00 00 0F 03 E1 72,0,OK
2026-09-30T13:08:41.463Z,3671.676,observer,RX,baseline,0,stopped,,,001172E1,0011,72E1,1,5,01 00 00 E1 72,0,OK
2026-09-30T13:08:41.468Z,3676.496,observer,RX,baseline,0,stopped,,,00014CE7,0001,4CE7,1,7,01 00 00 0F 03 E7 4C,0,OK
2026-09-30T13:08:41.468Z,3676.593,observer,RX,baseline,0,stopped,,,00114CE7,0011,4CE7,1,5,01 00 00 E7 4C,0,OK
2026-09-30T13:08:41.473Z,3681.507,observer,RX,baseline,0,stopped,,,00012E5B,0001,2E5B,1,7,01 00 00 0F 03 5B 2E,0,OK
2026-09-30T13:08:41.473Z,3681.677,observer,RX,baseline,0,stopped,,,00112E5B,0011,2E5B,1,5,01 00 00 5B 2E,0,OK
2026-09-30T13:08:41.478Z,3686.495,observer,RX,baseline,0,stopped,,,0001941E,0001,941E,1,7,01 00 00 0F 03 1E 94,0,OK
2026-09-30T13:08:41.478Z,3686.602,observer,RX,baseline,0,stopped,,,0011941E,0011,941E,1,5,01 00 00 1E 94,0,OK
2026-09-30T13:08:41.483Z,3691.501,observer,RX,baseline,0,stopped,,,00019269,0001,9269,1,7,01 00 00 0F 03 69 92,0,OK
2026-09-30T13:08:41.483Z,3691.668,observer,RX,baseline,0,stopped,,,00119269,0011,9269,1,5,01 00 00 69 92,0,OK
2026-09-30T13:08:41.488Z,3696.518,observer,RX,baseline,0,stopped,,,0001A159,0001,A159,1,7,01 00 00 0F 03 59 A1,0,OK
2026-09-30T13:08:41.488Z,3696.682,observer,RX,baseline,0,stopped,,,0011A159,0011,A159,1,5,01 00 00 59 A1,0,OK
2026-09-30T13:08:41.493Z,3701.498,observer,RX,baseline,0,stopped,,,0001DFCC,0001,DFCC,1,7,01 00 00 0F 03 CC DF,0,OK
2026-09-30T13:08:41.493Z,3701.673,observer,RX,baseline,0,stopped,,,0011DFCC,0011,DFCC,1,5,01 00 00 CC DF,0,OK
2026-09-30T13:08:41.498Z,3706.473,observer,RX,baseline,0,stopped,,,0001F11C,0001,F11C,1,7,01 00 00 0F 03 1C F1,0,OK
2026-09-30T13:08:41.498Z,3706.674,observer,RX,baseline,0,stopped,,,0011F11C,0011,F11C,1,5,01 00 00 1C F1,0,OK
2026-09-30T13:08:41.503Z,3711.645,observer,RX,baseline,0,stopped,,,0001AA2F,0001,AA2F,1,7,01 00 00 0F 03 2F AA,0,OK
2026-09-30T13:08:41.503Z,3711.723,observer,RX,baseline,0,stopped,,,0011AA2F,0011,AA2F,1,5,01 00 00 2F AA,0,OK
2026-09-30T13:08:41.508Z,3716.504,observer,RX,baseline,0,stopped,,,00012AA7,0001,2AA7,1,7,01 00 00 0F 03 A7 2A,0,OK
2026-09-30T13:08:41.508Z,3716.672,observer,RX,baseline,0,stopped,,,00112AA7,0011,2AA7,1,5,01 00 00 A7 2A,0,OK
2026-09-30T13:08:41.513Z,3721.476,observer,RX,baseline,0,stopped,,,0001C16B,0001,C16B,1,7,01 00 00 0F 03 6B C1,0,OK
2026-09-30T13:08:41.513Z,3721.669,observer,RX,baseline,0,stopped,,,0011C16B,0011,C16B,1,5,01 00 00 6B C1,0,OK
2026-09-30T13:08:41.518Z,3726.658,observer,RX,baseline,0,stopped,,,00018B37,0001,8B37,1,7,01 00 00 0F 03 37 8B,0,OK
2026-09-30T13:08:41.518Z,3726.742,observer,RX,baseline,0,stopped,,,00118B37,0011,8B37,1,5,01 00 00 37 8B,0,OK
2026-09-30T13:08:41.523Z,3731.676,observer,RX,baseline,0,stopped,,,00011FBA,0001,1FBA,1,7,01 00 00 0F 03 BA 1F,0,OK
2026-09-30T13:08:41.523Z,3731.756,observer,RX,baseline,0,stopped,,,00111FBA,0011,1FBA,1,5,01 00 00 BA 1F,0,OK
2026-09-30T13:08:41.528Z,3736.472,observer,RX,baseline,0,stopped,,,0001863F,0001,863F,1,7,01 00 00 0F 03 3F 86,0,OK
2026-09-30T13:08:41.528Z,3736.656,observer,RX,baseline,0,stopped,,,0011863F,0011,863F,1,5,01 00 00 3F 86,0,OK
2026-09-30T13:08:41.533Z,3741.689,observer,RX,baseline,0,stopped,,,0001C55B,0001,C55B,1,7,01 00 00 0F 03 5B C5,0,OK
2026-09-30T13:08:41.533Z,3741.769,observer,RX,baseline,0,stopped,,,0011C55B,0011,C55B,1,5,01 00 00 5B C5,0,OK
2026-09-30T13:08:41.538Z,3746.478,observer,RX,baseline,0,stopped,,,00019ACD,0001,9ACD,1,7,01 00 00 0F 03 CD 9A,0,OK
2026-09-30T13:08:41.538Z,3746.679,observer,RX,baseline,0,stopped,,,00119ACD,0011,9ACD,1,5,01 00 00 CD 9A,0,OK
2026-09-30T13:08:41.543Z,3751.583,observer,RX,baseline,0,stopped,,,000101FB,0001,01FB,1,7,01 00 00 0F 03 FB 01,0,OK
2026-09-30T13:08:41.543Z,3751.66,observer,RX,baseline,0,stopped,,,001101FB,0011,01FB,1,5,01 00 00 FB 01,0,OK
2026-09-30T13:08:41.548Z,3756.437,observer,RX,baseline,0,stopped,,,000180EA,0001,80EA,1,7,01 00 00 0F 03 EA 80,0,OK
2026-09-30T13:08:41.548Z,3756.675,observer,RX,baseline,0,stopped,,,001180EA,0011,80EA,1,5,01 00 00 EA 80,0,OK
2026-09-30T13:08:41.553Z,3761.433,observer,RX,baseline,0,stopped,,,0001B1E7,0001,B1E7,1,7,01 00 00 0F 03 E7 B1,0,OK
2026-09-30T13:08:41.553Z,3761.654,observer,RX,baseline,0,stopped,,,0011B1E7,0011,B1E7,1,5,01 00 00 E7 B1,0,OK
2026-09-30T13:08:41.558Z,3766.673,observer,RX,baseline,0,stopped,,,0001DEC1,0001,DEC1,1,7,01 00 00 0F 03 C1 DE,0,OK
2026-09-30T13:08:41.558Z,3766.753,observer,RX,baseline,0,stopped,,,0011DEC1,0011,DEC1,1,5,01 00 00 C1 DE,0,OK
2026-09-30T13:08:41.563Z,3771.437,observer,RX,baseline,0,stopped,,,00013CC0,0001,3CC0,1,7,01 00 00 0F 03 C0 3C,0,OK
2026-09-30T13:08:41.563Z,3771.683,observer,RX,baseline,0,stopped,,,00113CC0,0011,3CC0,1,5,01 00 00 C0 3C,0,OK
2026-09-30T13:08:41.568Z,3776.43,observer,RX,baseline,0,stopped,,,00017BCF,0001,7BCF,1,7,01 00 00 0F 03 CF 7B,0,OK
2026-09-30T13:08:41.568Z,3776.68,observer,RX,baseline,0,stopped,,,00117BCF,0011,7BCF,1,5,01 00 00 CF 7B,0,OK
2026-09-30T13:08:41.573Z,3781.421,observer,RX,baseline,0,stopped,,,0001CD59,0001,CD59,1,7,01 00 00 0F 03 59 CD,0,OK
2026-09-30T13:08:41.573Z,3781.679,observer,RX,baseline,0,stopped,,,0011CD59,0011,CD59,1,5,01 00 00 59 CD,0,OK
2026-09-30T13:08:41.578Z,3786.422,observer,RX,baseline,0,stopped,,,00015D61,0001,5D61,1,7,01 00 00 0F 03 61 5D,0,OK
2026-09-30T13:08:41.578Z,3786.672,observer,RX,baseline,0,stopped,,,00115D61,0011,5D61,1,5,01 00 00 61 5D,0,OK
2026-09-30T13:08:41.583Z,3791.425,observer,RX,baseline,0,stopped,,,00018DE3,0001,8DE3,1,7,01 00 00 0F 03 E3 8D,0,OK
2026-09-30T13:08:41.583Z,3791.684,observer,RX,baseline,0,stopped,,,00118DE3,0011,8DE3,1,5,01 00 00 E3 8D,0,OK
2026-09-30T13:08:41.588Z,3796.44,observer,RX,baseline,0,stopped,,,0001A239,0001,A239,1,7,01 00 00 0F 03 39 A2,0,OK
2026-09-30T13:08:41.588Z,3796.654,observer,RX,baseline,0,stopped,,,0011A239,0011,A239,1,5,01 00 00 39 A2,0,OK
2026-09-30T13:08:41.593Z,3801.574,observer,RX,baseline,0,stopped,,,0001558D,0001,558D,1,7,01 00 00 0F 03 8D 55,0,OK
2026-09-30T13:08:41.593Z,3801.649,observer,RX,baseline,0,stopped,,,0011558D,0011,558D,1,5,01 00 00 8D 55,0,OK
2026-09-30T13:08:41.598Z,3806.609,observer,RX,baseline,0,stopped,,,00014805,0001,4805,1,7,01 00 00 0F 03 05 48,0,OK
2026-09-30T13:08:41.598Z,3806.716,observer,RX,baseline,0,stopped,,,00114805,0011,4805,1,5,01 00 00 05 48,0,OK
2026-09-30T13:08:41.603Z,3811.552,observer,RX,baseline,0,stopped,,,00019C46,0001,9C46,1,7,01 00 00 0F 03 46 9C,0,OK
2026-09-30T13:08:41.603Z,3811.626,observer,RX,baseline,0,stopped,,,00119C46,0011,9C46,1,5,01 00 00 46 9C,0,OK
2026-09-30T13:08:41.608Z,3816.62,observer,RX,baseline,0,stopped,,,00014C17,0001,4C17,1,7,01 00 00 0F 03 17 4C,0,OK
2026-09-30T13:08:41.608Z,3816.731,observer,RX,baseline,0,stopped,,,00114C17,0011,4C17,1,5,01 00 00 17 4C,0,OK
2026-09-30T13:08:41.613Z,3821.582,observer,RX,baseline,0,stopped,,,00012743,0001,2743,1,7,01 00 00 0F 03 43 27,0,OK
2026-09-30T13:08:41.613Z,3821.7,observer,RX,baseline,0,stopped,,,00112743,0011,2743,1,5,01 00 00 43 27,0,OK
2026-09-30T13:08:41.618Z,3826.624,observer,RX,baseline,0,stopped,,,0001B977,0001,B977,1,7,01 00 00 0F 03 77 B9,0,OK
2026-09-30T13:08:41.618Z,3826.736,observer,RX,baseline,0,stopped,,,0011B977,0011,B977,1,5,01 00 00 77 B9,0,OK
2026-09-30T13:08:41.623Z,3831.591,observer,RX,baseline,0,stopped,,,0001147E,0001,147E,1,7,01 00 00 0F 03 7E 14,0,OK
2026-09-30T13:08:41.623Z,3831.666,observer,RX,baseline,0,stopped,,,0011147E,0011,147E,1,5,01 00 00 7E 14,0,OK
2026-09-30T13:08:41.628Z,3836.613,observer,RX,baseline,0,stopped,,,00014D47,0001,4D47,1,7,01 00 00 0F 03 47 4D,0,OK
2026-09-30T13:08:41.628Z,3836.72,observer,RX,baseline,0,stopped,,,00114D47,0011,4D47,1,5,01 00 00 47 4D,0,OK
2026-09-30T13:08:41.633Z,3841.568,observer,RX,baseline,0,stopped,,,00013138,0001,3138,1,7,01 00 00 0F 03 38 31,0,OK
2026-09-30T13:08:41.633Z,3841.643,observer,RX,baseline,0,stopped,,,00113138,0011,3138,1,5,01 00 00 38 31,0,OK
2026-09-30T13:08:41.638Z,3846.584,observer,RX,baseline,0,stopped,,,00018715,0001,8715,1,7,01 00 00 0F 03 15 87,0,OK
2026-09-30T13:08:41.638Z,3846.659,observer,RX,baseline,0,stopped,,,00118715,0011,8715,1,5,01 00 00 15 87,0,OK
2026-09-30T13:08:41.643Z,3851.579,observer,RX,baseline,0,stopped,,,0001A350,0001,A350,1,7,01 00 00 0F 03 50 A3,0,OK
2026-09-30T13:08:41.643Z,3851.654,observer,RX,baseline,0,stopped,,,0011A350,0011,A350,1,5,01 00 00 50 A3,0,OK
2026-09-30T13:08:41.648Z,3856.416,observer,RX,baseline,0,stopped,,,00013991,0001,3991,1,7,01 00 00 0F 03 91 39,0,OK
2026-09-30T13:08:41.648Z,3856.611,observer,RX,baseline,0,stopped,,,00113991,0011,3991,1,5,01 00 00 91 39,0,OK
2026-09-30T13:08:41.653Z,3861.617,observer,RX,baseline,0,stopped,,,000126F3,0001,26F3,1,7,01 00 00 0F 03 F3 26,0,OK
2026-09-30T13:08:41.653Z,3861.694,observer,RX,baseline,0,stopped,,,001126F3,0011,26F3,1,5,01 00 00 F3 26,0,OK
2026-09-30T13:08:41.658Z,3866.553,observer,RX,baseline,0,stopped,,,000110B7,0001,10B7,1,7,01 00 00 0F 03 B7 10,0,OK
2026-09-30T13:08:41.658Z,3866.628,observer,RX,baseline,0,stopped,,,001110B7,0011,10B7,1,5,01 00 00 B7 10,0,OK
2026-09-30T13:08:41.663Z,3871.581,observer,RX,baseline,0,stopped,,,000111DF,0001,11DF,1,7,01 00 00 0F 03 DF 11,0,OK
2026-09-30T13:08:41.663Z,3871.695,observer,RX,baseline,0,stopped,,,001111DF,0011,11DF,1,5,01 00 00 DF 11,0,OK
2026-09-30T13:08:41.668Z,3876.544,observer,RX,baseline,0,stopped,,,0001B974,0001,B974,1,7,01 00 00 0F 03 74 B9,0,OK
2026-09-30T13:08:41.668Z,3876.618,observer,RX,baseline,0,stopped,,,0011B974,0011,B974,1,5,01 00 00 74 B9,0,OK
2026-09-30T13:08:41.673Z,3881.553,observer,RX,baseline,0,stopped,,,0001F75E,0001,F75E,1,7,01 00 00 0F 03 5E F7,0,OK
2026-09-30T13:08:41.673Z,3881.665,observer,RX,baseline,0,stopped,,,0011F75E,0011,F75E,1,5,01 00 00 5E F7,0,OK
2026-09-30T13:08:41.678Z,3886.616,observer,RX,baseline,0,stopped,,,00012751,0001,2751,1,7,01 00 00 0F 03 51 27,0,OK
2026-09-30T13:08:41.678Z,3886.691,observer,RX,baseline,0,stopped,,,00112751,0011,2751,1,5,01 00 00 51 27,0,OK
2026-09-30T13:08:41.683Z,3891.555,observer,RX,baseline,0,stopped,,,00015BA2,0001,5BA2,1,7,01 00 00 0F 03 A2 5B,0,OK
2026-09-30T13:08:41.683Z,3891.63,observer,RX,baseline,0,stopped,,,00115BA2,0011,5BA2,1,5,01 00 00 A2 5B,0,OK
2026-09-30T13:08:41.688Z,3896.553,observer,RX,baseline,0,stopped,,,0001E7A3,0001,E7A3,1,7,01 00 00 0F 03 A3 E7,0,OK
2026-09-30T13:08:41.688Z,3896.669,observer,RX,baseline,0,stopped,,,0011E7A3,0011,E7A3,1,5,01 00 00 A3 E7,0,OK
2026-09-30T13:08:41.693Z,3901.401,observer,RX,baseline,0,stopped,,,0001631B,0001,631B,1,7,01 00 00 0F 03 1B 63,0,OK
2026-09-30T13:08:41.693Z,3901.643,observer,RX,baseline,0,stopped,,,0011631B,0011,631B,1,5,01 00 00 1B 63,0,OK
2026-09-30T13:08:41.698Z,3906.394,observer,RX,baseline,0,stopped,,,0001BA57,0001,BA57,1,7,01 00 00 0F 03 57 BA,0,OK
2026-09-30T13:08:41.698Z,3906.651,observer,RX,baseline,0,stopped,,,0011BA57,0011,BA57,1,5,01 00 00 57 BA,0,OK
2026-09-30T13:08:41.703Z,3911.433,observer,RX,baseline,0,stopped,,,0001AE16,0001,AE16,1,7,01 00 00 0F 03 16 AE,0,OK
2026-09-30T13:08:41.703Z,3911.64,observer,RX,baseline,0,stopped,,,0011AE16,0011,AE16,1,5,01 00 00 16 AE,0,OK
2026-09-30T13:08:41.708Z,3916.428,observer,RX,baseline,0,stopped,,,0001874D,0001,874D,1,7,01 00 00 0F 03 4D 87,0,OK
2026-09-30T13:08:41.708Z,3916.647,observer,RX,baseline,0,stopped,,,0011874D,0011,874D,1,5,01 00 00 4D 87,0,OK
2026-09-30T13:08:41.713Z,3921.401,observer,RX,baseline,0,stopped,,,00018A93,0001,8A93,1,7,01 00 00 0F 03 93 8A,0,OK
2026-09-30T13:08:41.713Z,3921.641,observer,RX,baseline,0,stopped,,,00118A93,0011,8A93,1,5,01 00 00 93 8A,0,OK
2026-09-30T13:08:41.718Z,3926.445,observer,RX,baseline,0,stopped,,,0001BFE3,0001,BFE3,1,7,01 00 00 0F 03 E3 BF,0,OK
2026-09-30T13:08:41.718Z,3926.641,observer,RX,baseline,0,stopped,,,0011BFE3,0011,BFE3,1,5,01 00 00 E3 BF,0,OK
2026-09-30T13:08:41.723Z,3931.467,observer,RX,baseline,0,stopped,,,00018A37,0001,8A37,1,7,01 00 00 0F 03 37 8A,0,OK
2026-09-30T13:08:41.723Z,3931.645,observer,RX,baseline,0,stopped,,,00118A37,0011,8A37,1,5,01 00 00 37 8A,0,OK
2026-09-30T13:08:41.728Z,3936.379,observer,RX,baseline,0,stopped,,,00016F1F,0001,6F1F,1,7,01 00 00 0F 03 1F 6F,0,OK
2026-09-30T13:08:41.728Z,3936.647,observer,RX,baseline,0,stopped,,,00116F1F,0011,6F1F,1,5,01 00 00 1F 6F,0,OK
2026-09-30T13:08:41.733Z,3941.408,observer,RX,baseline,0,stopped,,,00018FCE,0001,8FCE,1,7,01 00 00 0F 03 CE 8F,0,OK
2026-09-30T13:08:41.733Z,3941.659,observer,RX,baseline,0,stopped,,,00118FCE,0011,8FCE,1,5,01 00 00 CE 8F,0,OK
2026-09-30T13:08:41.738Z,3946.401,observer,RX,baseline,0,stopped,,,0001FB97,0001,FB97,1,7,01 00 00 0F 03 97 FB,0,OK
2026-09-30T13:08:41.738Z,3946.646,observer,RX,baseline,0,stopped,,,0011FB97,0011,FB97,1,5,01 00 00 97 FB,0,OK
2026-09-30T13:08:41.743Z,3951.612,observer,RX,baseline,0,stopped,,,0001C3AF,0001,C3AF,1,7,01 00 00 0F 03 AF C3,0,OK
2026-09-30T13:08:41.743Z,3951.69,observer,RX,baseline,0,stopped,,,0011C3AF,0011,C3AF,1,5,01 00 00 AF C3,0,OK
2026-09-30T13:08:41.748Z,3956.494,observer,RX,baseline,0,stopped,,,0001C50A,0001,C50A,1,7,01 00 00 0F 03 0A C5,0,OK
2026-09-30T13:08:41.748Z,3956.656,observer,RX,baseline,0,stopped,,,0011C50A,0011,C50A,1,5,01 00 00 0A C5,0,OK
2026-09-30T13:08:41.753Z,3961.514,observer,RX,baseline,0,stopped,,,00010005,0001,0005,1,7,01 00 00 0F 03 05 00,0,OK
2026-09-30T13:08:41.753Z,3961.604,observer,RX,baseline,0,stopped,,,00110005,0011,0005,1,5,01 00 00 05 00,0,OK
2026-09-30T13:08:41.758Z,3966.403,observer,RX,baseline,0,stopped,,,0001CC43,0001,CC43,1,7,01 00 00 0F 03 43 CC,0,OK
2026-09-30T13:08:41.758Z,3966.619,observer,RX,baseline,0,stopped,,,0011CC43,0011,CC43,1,5,01 00 00 43 CC,0,OK
2026-09-30T13:08:41.763Z,3971.398,observer,RX,baseline,0,stopped,,,000199CB,0001,99CB,1,7,01 00 00 0F 03 CB 99,0,OK
2026-09-30T13:08:41.763Z,3971.643,observer,RX,baseline,0,stopped,,,001199CB,0011,99CB,1,5,01 00 00 CB 99,0,OK
2026-09-30T13:08:41.768Z,3976.398,observer,RX,baseline,0,stopped,,,00015EC3,0001,5EC3,1,7,01 00 00 0F 03 C3 5E,0,OK
2026-09-30T13:08:41.768Z,3976.622,observer,RX,baseline,0,stopped,,,00115EC3,0011,5EC3,1,5,01 00 00 C3 5E,0,OK
2026-09-30T13:08:41.773Z,3981.415,observer,RX,baseline,0,stopped,,,000198F7,0001,98F7,1,7,01 00 00 0F 03 F7 98,0,OK
2026-09-30T13:08:41.773Z,3981.648,observer,RX,baseline,0,stopped,,,001198F7,0011,98F7,1,5,01 00 00 F7 98,0,OK
2026-09-30T13:08:41.778Z,3986.628,observer,RX,baseline,0,stopped,,,00010845,0001,0845,1,7,01 00 00 0F 03 45 08,0,OK
2026-09-30T13:08:41.778Z,3986.708,observer,RX,baseline,0,stopped,,,00110845,0011,0845,1,5,01 00 00 45 08,0,OK
2026-09-30T13:08:41.783Z,3991.487,observer,RX,baseline,0,stopped,,,0001D230,0001,D230,1,7,01 00 00 0F 03 30 D2,0,OK
2026-09-30T13:08:41.783Z,3991.652,observer,RX,baseline,0,stopped,,,0011D230,0011,D230,1,5,01 00 00 30 D2,0,OK
2026-09-30T13:08:41.788Z,3996.398,observer,RX,baseline,0,stopped,,,0001FF0E,0001,FF0E,1,7,01 00 00 0F 03 0E FF,0,OK
2026-09-30T13:08:41.788Z,3996.625,observer,RX,baseline,0,stopped,,,0011FF0E,0011,FF0E,1,5,01 00 00 0E FF,0,OK
2026-09-30T13:08:41.793Z,4001.513,observer,RX,baseline,0,stopped,,,0001A1FE,0001,A1FE,1,7,01 00 00 0F 03 FE A1,0,OK
2026-09-30T13:08:41.793Z,4001.617,observer,RX,baseline,0,stopped,,,0011A1FE,0011,A1FE,1,5,01 00 00 FE A1,0,OK
2026-09-30T13:08:41.798Z,4006.533,observer,RX,baseline,0,stopped,,,0001C0B3,0001,C0B3,1,7,01 00 00 0F 03 B3 C0,0,OK
2026-09-30T13:08:41.798Z,4006.616,observer,RX,baseline,0,stopped,,,0011C0B3,0011,C0B3,1,5,01 00 00 B3 C0,0,OK
2026-09-30T13:08:41.803Z,4011.578,observer,RX,baseline,0,stopped,,,0001AD52,0001,AD52,1,7,01 00 00 0F 03 52 AD,0,OK
2026-09-30T13:08:41.803Z,4011.656,observer,RX,baseline,0,stopped,,,0011AD52,0011,AD52,1,5,01 00 00 52 AD,0,OK
2026-09-30T13:08:41.808Z,4016.585,observer,RX,baseline,0,stopped,,,0001AFBA,0001,AFBA,1,7,01 00 00 0F 03 BA AF,0,OK
2026-09-30T13:08:41.808Z,4016.666,observer,RX,baseline,0,stopped,,,0011AFBA,0011,AFBA,1,5,01 00 00 BA AF,0,OK
2026-09-30T13:08:41.813Z,4021.528,observer,RX,baseline,0,stopped,,,0001A0E0,0001,A0E0,1,7,01 00 00 0F 03 E0 A0,0,OK
2026-09-30T13:08:41.813Z,4021.605,observer,RX,baseline,0,stopped,,,0011A0E0,0011,A0E0,1,5,01 00 00 E0 A0,0,OK
2026-09-30T13:08:41.818Z,4026.595,observer,RX,baseline,0,stopped,,,00010F3A,0001,0F3A,1,7,01 00 00 0F 03 3A 0F,0,OK
2026-09-30T13:08:41.818Z,4026.675,observer,RX,baseline,0,stopped,,,00110F3A,0011,0F3A,1,5,01 00 00 3A 0F,0,OK
2026-09-30T13:08:41.823Z,4031.352,observer,RX,baseline,0,stopped,,,0001149F,0001,149F,1,7,01 00 00 0F 03 9F 14,0,OK
2026-09-30T13:08:41.823Z,4031.646,observer,RX,baseline,0,stopped,,,0011149F,0011,149F,1,5,01 00 00 9F 14,0,OK
2026-09-30T13:08:41.828Z,4036.453,observer,RX,baseline,0,stopped,,,0001186B,0001,186B,1,7,01 00 00 0F 03 6B 18,0,OK
2026-09-30T13:08:41.828Z,4036.62,observer,RX,baseline,0,stopped,,,0011186B,0011,186B,1,5,01 00 00 6B 18,0,OK
2026-09-30T13:08:41.833Z,4041.548,observer,RX,baseline,0,stopped,,,0001E266,0001,E266,1,7,01 00 00 0F 03 66 E2,0,OK
2026-09-30T13:08:41.833Z,4041.626,observer,RX,baseline,0,stopped,,,0011E266,0011,E266,1,5,01 00 00 66 E2,0,OK
2026-09-30T13:08:41.838Z,4046.586,observer,RX,baseline,0,stopped,,,0001F6C4,0001,F6C4,1,7,01 00 00 0F 03 C4 F6,0,OK
2026-09-30T13:08:41.838Z,4046.662,observer,RX,baseline,0,stopped,,,0011F6C4,0011,F6C4,1,5,01 00 00 C4 F6,0,OK
2026-09-30T13:08:41.843Z,4051.393,observer,RX,baseline,0,stopped,,,00019A7E,0001,9A7E,1,7,01 00 00 0F 03 7E 9A,0,OK
2026-09-30T13:08:41.843Z,4051.64,observer,RX,baseline,0,stopped,,,00119A7E,0011,9A7E,1,5,01 00 00 7E 9A,0,OK
2026-09-30T13:08:41.848Z,4056.529,observer,RX,baseline,0,stopped,,,0001CE1A,0001,CE1A,1,7,01 00 00 0F 03 1A CE,0,OK
2026-09-30T13:08:41.848Z,4056.606,observer,RX,baseline,0,stopped,,,0011CE1A,0011,CE1A,1,5,01 00 00 1A CE,0,OK
2026-09-30T13:08:41.853Z,4061.593,observer,RX,baseline,0,stopped,,,0001F6AD,0001,F6AD,1,7,01 00 00 0F 03 AD F6,0,OK
2026-09-30T13:08:41.853Z,4061.703,observer,RX,baseline,0,stopped,,,0011F6AD,0011,F6AD,1,5,01 00 00 AD F6,0,OK
2026-09-30T13:08:41.858Z,4066.542,observer,RX,baseline,0,stopped,,,000122DB,0001,22DB,1,7,01 00 00 0F 03 DB 22,0,OK
2026-09-30T13:08:41.858Z,4066.618,observer,RX,baseline,0,stopped,,,001122DB,0011,22DB,1,5,01 00 00 DB 22,0,OK
2026-09-30T13:08:41.863Z,4071.643,observer,RX,baseline,0,stopped,,,00017FFA,0001,7FFA,1,7,01 00 00 0F 03 FA 7F,0,OK
2026-09-30T13:08:41.863Z,4071.719,observer,RX,baseline,0,stopped,,,00117FFA,0011,7FFA,1,5,01 00 00 FA 7F,0,OK
2026-09-30T13:08:41.868Z,4076.407,observer,RX,baseline,0,stopped,,,0001875C,0001,875C,1,7,01 00 00 0F 03 5C 87,0,OK
2026-09-30T13:08:41.868Z,4076.614,observer,RX,baseline,0,stopped,,,0011875C,0011,875C,1,5,01 00 00 5C 87,0,OK
2026-09-30T13:08:41.873Z,4081.616,observer,RX,baseline,0,stopped,,,0001613E,0001,613E,1,7,01 00 00 0F 03 3E 61,0,OK
2026-09-30T13:08:41.873Z,4081.695,observer,RX,baseline,0,stopped,,,0011613E,0011,613E,1,5,01 00 00 3E 61,0,OK
2026-09-30T13:08:41.878Z,4086.368,observer,RX,baseline,0,stopped,,,0001BDCF,0001,BDCF,1,7,01 00 00 0F 03 CF BD,0,OK
2026-09-30T13:08:41.878Z,4086.616,observer,RX,baseline,0,stopped,,,0011BDCF,0011,BDCF,1,5,01 00 00 CF BD,0,OK
2026-09-30T13:08:41.883Z,4091.655,observer,RX,baseline,0,stopped,,,0001D83D,0001,D83D,1,7,01 00 00 0F 03 3D D8,0,OK
2026-09-30T13:08:41.883Z,4091.73,observer,RX,baseline,0,stopped,,,0011D83D,0011,D83D,1,5,01 00 00 3D D8,0,OK
2026-09-30T13:08:41.888Z,4096.497,observer,RX,baseline,0,stopped,,,00019164,0001,9164,1,7,01 00 00 0F 03 64 91,0,OK
2026-09-30T13:08:41.888Z,4096.577,observer,RX,baseline,0,stopped,,,00119164,0011,9164,1,5,01 00 00 64 91,0,OK
2026-09-30T13:08:41.893Z,4101.533,observer,RX,baseline,0,stopped,,,00010CDE,0001,0CDE,1,7,01 00 00 0F 03 DE 0C,0,OK
2026-09-30T13:08:41.893Z,4101.611,observer,RX,baseline,0,stopped,,,00110CDE,0011,0CDE,1,5,01 00 00 DE 0C,0,OK
2026-09-30T13:08:41.898Z,4106.55,observer,RX,baseline,0,stopped,,,00014599,0001,4599,1,7,01 00 00 0F 03 99 45,0,OK
2026-09-30T13:08:41.898Z,4106.626,observer,RX,baseline,0,stopped,,,00114599,0011,4599,1,5,01 00 00 99 45,0,OK
2026-09-30T13:08:41.903Z,4111.546,observer,RX,baseline,0,stopped,,,00019DBD,0001,9DBD,1,7,01 00 00 0F 03 BD 9D,0,OK
2026-09-30T13:08:41.903Z,4111.624,observer,RX,baseline,0,stopped,,,00119DBD,0011,9DBD,1,5,01 00 00 BD 9D,0,OK
2026-09-30T13:08:41.908Z,4116.405,observer,RX,baseline,0,stopped,,,00010DC9,0001,0DC9,1,7,01 00 00 0F 03 C9 0D,0,OK
2026-09-30T13:08:41.908Z,4116.615,observer,RX,baseline,0,stopped,,,00110DC9,0011,0DC9,1,5,01 00 00 C9 0D,0,OK
2026-09-30T13:08:41.913Z,4121.328,observer,RX,baseline,0,stopped,,,0001F725,0001,F725,1,7,01 00 00 0F 03 25 F7,0,OK
2026-09-30T13:08:41.913Z,4121.646,observer,RX,baseline,0,stopped,,,0011F725,0011,F725,1,5,01 00 00 25 F7,0,OK
2026-09-30T13:08:41.918Z,4126.815,observer,RX,baseline,0,stopped,,,0001577D,0001,577D,1,7,01 00 00 0F 03 7D 57,0,OK
2026-09-30T13:08:41.918Z,4126.944,observer,RX,baseline,0,stopped,,,0011577D,0011,577D,1,5,01 00 00 7D 57,0,OK
2026-09-30T13:08:41.923Z,4131.705,observer,RX,baseline,0,stopped,,,0001A138,0001,A138,1,7,01 00 00 0F 03 38 A1,0,OK
2026-09-30T13:08:41.923Z,4131.836,observer,RX,baseline,0,stopped,,,0011A138,0011,A138,1,5,01 00 00 38 A1,0,OK
2026-09-30T13:08:41.928Z,4136.707,observer,RX,baseline,0,stopped,,,00014507,0001,4507,1,7,01 00 00 0F 03 07 45,0,OK
2026-09-30T13:08:41.928Z,4136.839,observer,RX,baseline,0,stopped,,,00114507,0011,4507,1,5,01 00 00 07 45,0,OK
2026-09-30T13:08:41.933Z,4141.792,observer,RX,baseline,0,stopped,,,00019BD0,0001,9BD0,1,7,01 00 00 0F 03 D0 9B,0,OK
2026-09-30T13:08:41.933Z,4141.933,observer,RX,baseline,0,stopped,,,00119BD0,0011,9BD0,1,5,01 00 00 D0 9B,0,OK
2026-09-30T13:08:41.938Z,4146.561,observer,RX,baseline,0,stopped,,,00017271,0001,7271,1,7,01 00 00 0F 03 71 72,0,OK
2026-09-30T13:08:41.938Z,4146.685,observer,RX,baseline,0,stopped,,,00117271,0011,7271,1,5,01 00 00 71 72,0,OK
2026-09-30T13:08:41.943Z,4151.377,observer,RX,baseline,0,stopped,,,0001BE60,0001,BE60,1,7,01 00 00 0F 03 60 BE,0,OK
2026-09-30T13:08:41.943Z,4151.62,observer,RX,baseline,0,stopped,,,0011BE60,0011,BE60,1,5,01 00 00 60 BE,0,OK
2026-09-30T13:08:41.948Z,4156.51,observer,RX,baseline,0,stopped,,,0001F5C6,0001,F5C6,1,7,01 00 00 0F 03 C6 F5,0,OK
2026-09-30T13:08:41.948Z,4156.587,observer,RX,baseline,0,stopped,,,0011F5C6,0011,F5C6,1,5,01 00 00 C6 F5,0,OK
2026-09-30T13:08:41.953Z,4161.573,observer,RX,baseline,0,stopped,,,0001A7D7,0001,A7D7,1,7,01 00 00 0F 03 D7 A7,0,OK
2026-09-30T13:08:41.953Z,4161.65,observer,RX,baseline,0,stopped,,,0011A7D7,0011,A7D7,1,5,01 00 00 D7 A7,0,OK
2026-09-30T13:08:41.958Z,4166.613,observer,RX,baseline,0,stopped,,,0001E840,0001,E840,1,7,01 00 00 0F 03 40 E8,0,OK
2026-09-30T13:08:41.958Z,4166.691,observer,RX,baseline,0,stopped,,,0011E840,0011,E840,1,5,01 00 00 40 E8,0,OK
2026-09-30T13:08:41.963Z,4171.384,observer,RX,baseline,0,stopped,,,0001D255,0001,D255,1,7,01 00 00 0F 03 55 D2,0,OK
2026-09-30T13:08:41.963Z,4171.629,observer,RX,baseline,0,stopped,,,0011D255,0011,D255,1,5,01 00 00 55 D2,0,OK
2026-09-30T13:08:41.968Z,4176.378,observer,RX,baseline,0,stopped,,,0001A4DD,0001,A4DD,1,7,01 00 00 0F 03 DD A4,0,OK
2026-09-30T13:08:41.968Z,4176.584,observer,RX,baseline,0,stopped,,,0011A4DD,0011,A4DD,1,5,01 00 00 DD A4,0,OK
2026-09-30T13:08:41.973Z,4181.351,observer,RX,baseline,0,stopped,,,0001703D,0001,703D,1,7,01 00 00 0F 03 3D 70,0,OK
2026-09-30T13:08:41.973Z,4181.635,observer,RX,baseline,0,stopped,,,0011703D,0011,703D,1,5,01 00 00 3D 70,0,OK
2026-09-30T13:08:41.978Z,4186.447,observer,RX,baseline,0,stopped,,,0001916D,0001,916D,1,7,01 00 00 0F 03 6D 91,0,OK
2026-09-30T13:08:41.978Z,4186.565,observer,RX,baseline,0,stopped,,,0011916D,0011,916D,1,5,01 00 00 6D 91,0,OK
2026-09-30T13:08:41.983Z,4191.346,observer,RX,baseline,0,stopped,,,0001DBD7,0001,DBD7,1,7,01 00 00 0F 03 D7 DB,0,OK
2026-09-30T13:08:41.983Z,4191.628,observer,RX,baseline,0,stopped,,,0011DBD7,0011,DBD7,1,5,01 00 00 D7 DB,0,OK
2026-09-30T13:08:41.988Z,4196.372,observer,RX,baseline,0,stopped,,,0001F214,0001,F214,1,7,01 00 00 0F 03 14 F2,0,OK
2026-09-30T13:08:41.988Z,4196.63,observer,RX,baseline,0,stopped,,,0011F214,0011,F214,1,5,01 00 00 14 F2,0,OK
2026-09-30T13:08:41.993Z,4201.518,observer,RX,baseline,0,stopped,,,0001A0A9,0001,A0A9,1,7,01 00 00 0F 03 A9 A0,0,OK
2026-09-30T13:08:41.993Z,4201.596,observer,RX,baseline,0,stopped,,,0011A0A9,0011,A0A9,1,5,01 00 00 A9 A0,0,OK
2026-09-30T13:08:41.998Z,4206.507,observer,RX,baseline,0,stopped,,,00019FD7,0001,9FD7,1,7,01 00 00 0F 03 D7 9F,0,OK
2026-09-30T13:08:41.998Z,4206.633,observer,RX,baseline,0,stopped,,,00119FD7,0011,9FD7,1,5,01 00 00 D7 9F,0,OK
2026-09-30T13:08:42.003Z,4211.52,observer,RX,baseline,0,stopped,,,0001F936,0001,F936,1,7,01 00 00 0F 03 36 F9,0,OK
2026-09-30T13:08:42.003Z,4211.597,observer,RX,baseline,0,stopped,,,0011F936,0011,F936,1,5,01 00 00 36 F9,0,OK
2026-09-30T13:08:42.008Z,4216.509,observer,RX,baseline,0,stopped,,,0001D9AC,0001,D9AC,1,7,01 00 00 0F 03 AC D9,0,OK
2026-09-30T13:08:42.008Z,4216.587,observer,RX,baseline,0,stopped,,,0011D9AC,0011,D9AC,1,5,01 00 00 AC D9,0,OK
2026-09-30T13:08:42.013Z,4221.503,observer,RX,baseline,0,stopped,,,0001A5B7,0001,A5B7,1,7,01 00 00 0F 03 B7 A5,0,OK
2026-09-30T13:08:42.013Z,4221.581,observer,RX,baseline,0,stopped,,,0011A5B7,0011,A5B7,1,5,01 00 00 B7 A5,0,OK
2026-09-30T13:08:42.018Z,4226.502,observer,RX,baseline,0,stopped,,,00017421,0001,7421,1,7,01 00 00 0F 03 21 74,0,OK
2026-09-30T13:08:42.018Z,4226.58,observer,RX,baseline,0,stopped,,,00117421,0011,7421,1,5,01 00 00 21 74,0,OK
2026-09-30T13:08:42.023Z,4231.503,observer,RX,baseline,0,stopped,,,00019410,0001,9410,1,7,01 00 00 0F 03 10 94,0,OK
2026-09-30T13:08:42.023Z,4231.584,observer,RX,baseline,0,stopped,,,00119410,0011,9410,1,5,01 00 00 10 94,0,OK
2026-09-30T13:08:42.028Z,4236.518,observer,RX,baseline,0,stopped,,,0001229E,0001,229E,1,7,01 00 00 0F 03 9E 22,0,OK
2026-09-30T13:08:42.028Z,4236.593,observer,RX,baseline,0,stopped,,,0011229E,0011,229E,1,5,01 00 00 9E 22,0,OK
2026-09-30T13:08:42.033Z,4241.519,observer,RX,baseline,0,stopped,,,0001570E,0001,570E,1,7,01 00 00 0F 03 0E 57,0,OK
2026-09-30T13:08:42.033Z,4241.594,observer,RX,baseline,0,stopped,,,0011570E,0011,570E,1,5,01 00 00 0E 57,0,OK
2026-09-30T13:08:42.038Z,4246.517,observer,RX,baseline,0,stopped,,,000179CE,0001,79CE,1,7,01 00 00 0F 03 CE 79,0,OK
2026-09-30T13:08:42.038Z,4246.665,observer,RX,baseline,0,stopped,,,001179CE,0011,79CE,1,5,01 00 00 CE 79,0,OK
2026-09-30T13:08:42.043Z,4251.337,observer,RX,baseline,0,stopped,,,00015AB9,0001,5AB9,1,7,01 00 00 0F 03 B9 5A,0,OK
2026-09-30T13:08:42.043Z,4251.601,observer,RX,baseline,0,stopped,,,00115AB9,0011,5AB9,1,5,01 00 00 B9 5A,0,OK
2026-09-30T13:08:42.048Z,4256.569,observer,RX,baseline,0,stopped,,,000181A6,0001,81A6,1,7,01 00 00 0F 03 A6 81,0,OK
2026-09-30T13:08:42.048Z,4256.685,observer,RX,baseline,0,stopped,,,001181A6,0011,81A6,1,5,01 00 00 A6 81,0,OK
2026-09-30T13:08:42.053Z,4261.516,observer,RX,baseline,0,stopped,,,00017131,0001,7131,1,7,01 00 00 0F 03 31 71,0,OK
2026-09-30T13:08:42.053Z,4261.619,observer,RX,baseline,0,stopped,,,00117131,0011,7131,1,5,01 00 00 31 71,0,OK
2026-09-30T13:08:42.058Z,4266.613,observer,RX,baseline,0,stopped,,,0001E62E,0001,E62E,1,7,01 00 00 0F 03 2E E6,0,OK
2026-09-30T13:08:42.058Z,4266.694,observer,RX,baseline,0,stopped,,,0011E62E,0011,E62E,1,5,01 00 00 2E E6,0,OK
2026-09-30T13:08:42.063Z,4271.541,observer,RX,baseline,0,stopped,,,00014B77,0001,4B77,1,7,01 00 00 0F 03 77 4B,0,OK
2026-09-30T13:08:42.063Z,4271.616,observer,RX,baseline,0,stopped,,,00114B77,0011,4B77,1,5,01 00 00 77 4B,0,OK
2026-09-30T13:08:42.068Z,4276.61,observer,RX,baseline,0,stopped,,,000118FE,0001,18FE,1,7,01 00 00 0F 03 FE 18,0,OK
2026-09-30T13:08:42.068Z,4276.69,observer,RX,baseline,0,stopped,,,001118FE,0011,18FE,1,5,01 00 00 FE 18,0,OK
2026-09-30T13:08:42.073Z,4281.549,observer,RX,baseline,0,stopped,,,00014F15,0001,4F15,1,7,01 00 00 0F 03 15 4F,0,OK
2026-09-30T13:08:42.073Z,4281.626,observer,RX,baseline,0,stopped,,,00114F15,0011,4F15,1,5,01 00 00 15 4F,0,OK
2026-09-30T13:08:42.078Z,4286.635,observer,RX,baseline,0,stopped,,,000181FC,0001,81FC,1,7,01 00 00 0F 03 FC 81,0,OK
2026-09-30T13:08:42.078Z,4286.713,observer,RX,baseline,0,stopped,,,001181FC,0011,81FC,1,5,01 00 00 FC 81,0,OK
2026-09-30T13:08:42.083Z,4291.622,observer,RX,baseline,0,stopped,,,0001DD76,0001,DD76,1,7,01 00 00 0F 03 76 DD,0,OK
2026-09-30T13:08:42.083Z,4291.746,observer,RX,baseline,0,stopped,,,0011DD76,0011,DD76,1,5,01 00 00 76 DD,0,OK
2026-09-30T13:08:42.088Z,4296.678,observer,RX,baseline,0,stopped,,,0001A4E9,0001,A4E9,1,7,01 00 00 0F 03 E9 A4,0,OK
2026-09-30T13:08:42.088Z,4296.774,observer,RX,baseline,0,stopped,,,0011A4E9,0011,A4E9,1,5,01 00 00 E9 A4,0,OK
2026-09-30T13:08:42.093Z,4301.396,observer,RX,baseline,0,stopped,,,00014376,0001,4376,1,7,01 00 00 0F 03 76 43,0,OK
2026-09-30T13:08:42.093Z,4301.624,observer,RX,baseline,0,stopped,,,00114376,0011,4376,1,5,01 00 00 76 43,0,OK
2026-09-30T13:08:42.098Z,4306.407,observer,RX,baseline,0,stopped,,,000195C3,0001,95C3,1,7,01 00 00 0F 03 C3 95,0,OK
2026-09-30T13:08:42.098Z,4306.625,observer,RX,baseline,0,stopped,,,001195C3,0011,95C3,1,5,01 00 00 C3 95,0,OK
2026-09-30T13:08:42.103Z,4311.449,observer,RX,baseline,0,stopped,,,00010375,0001,0375,1,7,01 00 00 0F 03 75 03,0,OK
2026-09-30T13:08:42.103Z,4311.525,observer,RX,baseline,0,stopped,,,00110375,0011,0375,1,5,01 00 00 75 03,0,OK
2026-09-30T13:08:42.108Z,4316.405,observer,RX,baseline,0,stopped,,,0001D8F6,0001,D8F6,1,7,01 00 00 0F 03 F6 D8,0,OK
2026-09-30T13:08:42.108Z,4316.558,observer,RX,baseline,0,stopped,,,0011D8F6,0011,D8F6,1,5,01 00 00 F6 D8,0,OK
2026-09-30T13:08:42.113Z,4321.429,observer,RX,baseline,0,stopped,,,000155E9,0001,55E9,1,7,01 00 00 0F 03 E9 55,0,OK
2026-09-30T13:08:42.113Z,4321.525,observer,RX,baseline,0,stopped,,,001155E9,0011,55E9,1,5,01 00 00 E9 55,0,OK
2026-09-30T13:08:42.118Z,4326.406,observer,RX,baseline,0,stopped,,,0001A103,0001,A103,1,7,01 00 00 0F 03 03 A1,0,OK
2026-09-30T13:08:42.118Z,4326.587,observer,RX,baseline,0,stopped,,,0011A103,0011,A103,1,5,01 00 00 03 A1,0,OK
2026-09-30T13:08:42.123Z,4331.376,observer,RX,baseline,0,stopped,,,00012C44,0001,2C44,1,7,01 00 00 0F 03 44 2C,0,OK
2026-09-30T13:08:42.123Z,4331.621,observer,RX,baseline,0,stopped,,,00112C44,0011,2C44,1,5,01 00 00 44 2C,0,OK
2026-09-30T13:08:42.128Z,4336.407,observer,RX,baseline,0,stopped,,,0001BA00,0001,BA00,1,7,01 00 00 0F 03 00 BA,0,OK
2026-09-30T13:08:42.128Z,4336.593,observer,RX,baseline,0,stopped,,,0011BA00,0011,BA00,1,5,01 00 00 00 BA,0,OK
2026-09-30T13:08:42.133Z,4341.45,observer,RX,baseline,0,stopped,,,0001B7B0,0001,B7B0,1,7,01 00 00 0F 03 B0 B7,0,OK
2026-09-30T13:08:42.133Z,4341.534,observer,RX,baseline,0,stopped,,,0011B7B0,0011,B7B0,1,5,01 00 00 B0 B7,0,OK
2026-09-30T13:08:42.138Z,4346.474,observer,RX,baseline,0,stopped,,,00013017,0001,3017,1,7,01 00 00 0F 03 17 30,0,OK
2026-09-30T13:08:42.138Z,4346.552,observer,RX,baseline,0,stopped,,,00113017,0011,3017,1,5,01 00 00 17 30,0,OK
2026-09-30T13:08:42.143Z,4351.621,observer,RX,baseline,0,stopped,,,000174ED,0001,74ED,1,7,01 00 00 0F 03 ED 74,0,OK
2026-09-30T13:08:42.143Z,4351.696,observer,RX,baseline,0,stopped,,,001174ED,0011,74ED,1,5,01 00 00 ED 74,0,OK
2026-09-30T13:08:42.148Z,4356.494,observer,RX,baseline,0,stopped,,,0001D8F7,0001,D8F7,1,7,01 00 00 0F 03 F7 D8,0,OK
2026-09-30T13:08:42.148Z,4356.57,observer,RX,baseline,0,stopped,,,0011D8F7,0011,D8F7,1,5,01 00 00 F7 D8,0,OK
2026-09-30T13:08:42.153Z,4361.516,observer,RX,baseline,0,stopped,,,00015850,0001,5850,1,7,01 00 00 0F 03 50 58,0,OK
2026-09-30T13:08:42.153Z,4361.592,observer,RX,baseline,0,stopped,,,00115850,0011,5850,1,5,01 00 00 50 58,0,OK
2026-09-30T13:08:42.158Z,4366.341,observer,RX,baseline,0,stopped,,,0001B8D4,0001,B8D4,1,7,01 00 00 0F 03 D4 B8,0,OK
2026-09-30T13:08:42.158Z,4366.593,observer,RX,baseline,0,stopped,,,0011B8D4,0011,B8D4,1,5,01 00 00 D4 B8,0,OK
2026-09-30T13:08:42.163Z,4371.541,observer,RX,baseline,0,stopped,,,000198B3,0001,98B3,1,7,01 00 00 0F 03 B3 98,0,OK
2026-09-30T13:08:42.163Z,4371.616,observer,RX,baseline,0,stopped,,,001198B3,0011,98B3,1,5,01 00 00 B3 98,0,OK
2026-09-30T13:08:42.168Z,4376.34,observer,RX,baseline,0,stopped,,,0001B261,0001,B261,1,7,01 00 00 0F 03 61 B2,0,OK
2026-09-30T13:08:42.168Z,4376.587,observer,RX,baseline,0,stopped,,,0011B261,0011,B261,1,5,01 00 00 61 B2,0,OK
2026-09-30T13:08:42.173Z,4381.357,observer,RX,baseline,0,stopped,,,000191E3,0001,91E3,1,7,01 00 00 0F 03 E3 91,0,OK
2026-09-30T13:08:42.173Z,4381.605,observer,RX,baseline,0,stopped,,,001191E3,0011,91E3,1,5,01 00 00 E3 91,0,OK
2026-09-30T13:08:42.178Z,4386.348,observer,RX,baseline,0,stopped,,,000151F0,0001,51F0,1,7,01 00 00 0F 03 F0 51,0,OK
2026-09-30T13:08:42.178Z,4386.596,observer,RX,baseline,0,stopped,,,001151F0,0011,51F0,1,5,01 00 00 F0 51,0,OK
2026-09-30T13:08:42.183Z,4391.348,observer,RX,baseline,0,stopped,,,00010EBF,0001,0EBF,1,7,01 00 00 0F 03 BF 0E,0,OK
2026-09-30T13:08:42.183Z,4391.587,observer,RX,baseline,0,stopped,,,00110EBF,0011,0EBF,1,5,01 00 00 BF 0E,0,OK
2026-09-30T13:08:42.188Z,4396.34,observer,RX,baseline,0,stopped,,,0001F69D,0001,F69D,1,7,01 00 00 0F 03 9D F6,0,OK
2026-09-30T13:08:42.188Z,4396.589,observer,RX,baseline,0,stopped,,,0011F69D,0011,F69D,1,5,01 00 00 9D F6,0,OK
2026-09-30T13:08:42.193Z,4401.504,observer,RX,baseline,0,stopped,,,0001892D,0001,892D,1,7,01 00 00 0F 03 2D 89,0,OK
2026-09-30T13:08:42.193Z,4401.585,observer,RX,baseline,0,stopped,,,0011892D,0011,892D,1,5,01 00 00 2D 89,0,OK
2026-09-30T13:08:42.198Z,4406.509,observer,RX,baseline,0,stopped,,,00019528,0001,9528,1,7,01 00 00 0F 03 28 95,0,OK
2026-09-30T13:08:42.198Z,4406.587,observer,RX,baseline,0,stopped,,,00119528,0011,9528,1,5,01 00 00 28 95,0,OK
2026-09-30T13:08:42.203Z,4411.522,observer,RX,baseline,0,stopped,,,00011D93,0001,1D93,1,7,01 00 00 0F 03 93 1D,0,OK
2026-09-30T13:08:42.203Z,4411.62,observer,RX,baseline,0,stopped,,,00111D93,0011,1D93,1,5,01 00 00 93 1D,0,OK
2026-09-30T13:08:42.208Z,4416.558,observer,RX,baseline,0,stopped,,,0001E6ED,0001,E6ED,1,7,01 00 00 0F 03 ED E6,0,OK
2026-09-30T13:08:42.208Z,4416.648,observer,RX,baseline,0,stopped,,,0011E6ED,0011,E6ED,1,5,01 00 00 ED E6,0,OK
2026-09-30T13:08:42.213Z,4421.558,observer,RX,baseline,0,stopped,,,0001D96F,0001,D96F,1,7,01 00 00 0F 03 6F D9,0,OK
2026-09-30T13:08:42.213Z,4421.633,observer,RX,baseline,0,stopped,,,0011D96F,0011,D96F,1,5,01 00 00 6F D9,0,OK
2026-09-30T13:08:42.218Z,4426.523,observer,RX,baseline,0,stopped,,,00017020,0001,7020,1,7,01 00 00 0F 03 20 70,0,OK
2026-09-30T13:08:42.218Z,4426.633,observer,RX,baseline,0,stopped,,,00117020,0011,7020,1,5,01 00 00 20 70,0,OK
2026-09-30T13:08:42.223Z,4431.515,observer,RX,baseline,0,stopped,,,0001E045,0001,E045,1,7,01 00 00 0F 03 45 E0,0,OK
2026-09-30T13:08:42.223Z,4431.592,observer,RX,baseline,0,stopped,,,0011E045,0011,E045,1,5,01 00 00 45 E0,0,OK
2026-09-30T13:08:42.228Z,4436.553,observer,RX,baseline,0,stopped,,,00018731,0001,8731,1,7,01 00 00 0F 03 31 87,0,OK
2026-09-30T13:08:42.228Z,4436.645,observer,RX,baseline,0,stopped,,,00118731,0011,8731,1,5,01 00 00 31 87,0,OK
2026-09-30T13:08:42.233Z,4441.514,observer,RX,baseline,0,stopped,,,00012FFD,0001,2FFD,1,7,01 00 00 0F 03 FD 2F,0,OK
2026-09-30T13:08:42.233Z,4441.591,observer,RX,baseline,0,stopped,,,00112FFD,0011,2FFD,1,5,01 00 00 FD 2F,0,OK
2026-09-30T13:08:42.238Z,4446.541,observer,RX,baseline,0,stopped,,,0001F408,0001,F408,1,7,01 00 00 0F 03 08 F4,0,OK
2026-09-30T13:08:42.238Z,4446.652,observer,RX,baseline,0,stopped,,,0011F408,0011,F408,1,5,01 00 00 08 F4,0,OK
2026-09-30T13:08:42.243Z,4451.343,observer,RX,baseline,0,stopped,,,0001696C,0001,696C,1,7,01 00 00 0F 03 6C 69,0,OK
2026-09-30T13:08:42.243Z,4451.594,observer,RX,baseline,0,stopped,,,0011696C,0011,696C,1,5,01 00 00 6C 69,0,OK
2026-09-30T13:08:42.248Z,4456.496,observer,RX,baseline,0,stopped,,,00011873,0001,1873,1,7,01 00 00 0F 03 73 18,0,OK
2026-09-30T13:08:42.248Z,4456.578,observer,RX,baseline,0,stopped,,,00111873,0011,1873,1,5,01 00 00 73 18,0,OK
2026-09-30T13:08:42.253Z,4461.503,observer,RX,baseline,0,stopped,,,0001BB91,0001,BB91,1,7,01 00 00 0F 03 91 BB,0,OK
2026-09-30T13:08:42.253Z,4461.578,observer,RX,baseline,0,stopped,,,0011BB91,0011,BB91,1,5,01 00 00 91 BB,0,OK
2026-09-30T13:08:42.258Z,4466.507,observer,RX,baseline,0,stopped,,,00011002,0001,1002,1,7,01 00 00 0F 03 02 10,0,OK
2026-09-30T13:08:42.258Z,4466.587,observer,RX,baseline,0,stopped,,,00111002,0011,1002,1,5,01 00 00 02 10,0,OK
2026-09-30T13:08:42.263Z,4471.566,observer,RX,baseline,0,stopped,,,0001BFD8,0001,BFD8,1,7,01 00 00 0F 03 D8 BF,0,OK
2026-09-30T13:08:42.263Z,4471.643,observer,RX,baseline,0,stopped,,,0011BFD8,0011,BFD8,1,5,01 00 00 D8 BF,0,OK
2026-09-30T13:08:42.268Z,4476.34,observer,RX,baseline,0,stopped,,,00014826,0001,4826,1,7,01 00 00 0F 03 26 48,0,OK
2026-09-30T13:08:42.268Z,4476.588,observer,RX,baseline,0,stopped,,,00114826,0011,4826,1,5,01 00 00 26 48,0,OK
2026-09-30T13:08:42.273Z,4481.34,observer,RX,baseline,0,stopped,,,0001D35D,0001,D35D,1,7,01 00 00 0F 03 5D D3,0,OK
2026-09-30T13:08:42.273Z,4481.587,observer,RX,baseline,0,stopped,,,0011D35D,0011,D35D,1,5,01 00 00 5D D3,0,OK
2026-09-30T13:08:42.278Z,4486.621,observer,RX,baseline,0,stopped,,,00018645,0001,8645,1,7,01 00 00 0F 03 45 86,0,OK
2026-09-30T13:08:42.278Z,4486.698,observer,RX,baseline,0,stopped,,,00118645,0011,8645,1,5,01 00 00 45 86,0,OK
2026-09-30T13:08:42.283Z,4491.379,observer,RX,baseline,0,stopped,,,0001E504,0001,E504,1,7,01 00 00 0F 03 04 E5,0,OK
2026-09-30T13:08:42.283Z,4491.598,observer,RX,baseline,0,stopped,,,0011E504,0011,E504,1,5,01 00 00 04 E5,0,OK
2026-09-30T13:08:42.288Z,4496.391,observer,RX,baseline,0,stopped,,,0001902D,0001,902D,1,7,01 00 00 0F 03 2D 90,0,OK
2026-09-30T13:08:42.288Z,4496.598,observer,RX,baseline,0,stopped,,,0011902D,0011,902D,1,5,01 00 00 2D 90,0,OK
2026-09-30T13:08:42.293Z,4501.498,observer,RX,baseline,0,stopped,,,000189E3,0001,89E3,1,7,01 00 00 0F 03 E3 89,0,OK
2026-09-30T13:08:42.293Z,4501.577,observer,RX,baseline,0,stopped,,,001189E3,0011,89E3,1,5,01 00 00 E3 89,0,OK
2026-09-30T13:08:42.298Z,4506.468,observer,RX,baseline,0,stopped,,,00019801,0001,9801,1,7,01 00 00 0F 03 01 98,0,OK
2026-09-30T13:08:42.298Z,4506.545,observer,RX,baseline,0,stopped,,,00119801,0011,9801,1,5,01 00 00 01 98,0,OK
2026-09-30T13:08:42.303Z,4511.561,observer,RX,baseline,0,stopped,,,0001114C,0001,114C,1,7,01 00 00 0F 03 4C 11,0,OK
2026-09-30T13:08:42.303Z,4511.672,observer,RX,baseline,0,stopped,,,0011114C,0011,114C,1,5,01 00 00 4C 11,0,OK
2026-09-30T13:08:42.308Z,4516.539,observer,RX,baseline,0,stopped,,,0001779D,0001,779D,1,7,01 00 00 0F 03 9D 77,0,OK
2026-09-30T13:08:42.308Z,4516.649,observer,RX,baseline,0,stopped,,,0011779D,0011,779D,1,5,01 00 00 9D 77,0,OK
2026-09-30T13:08:42.313Z,4521.415,observer,RX,baseline,0,stopped,,,00012B83,0001,2B83,1,7,01 00 00 0F 03 83 2B,0,OK
2026-09-30T13:08:42.313Z,4521.515,observer,RX,baseline,0,stopped,,,00112B83,0011,2B83,1,5,01 00 00 83 2B,0,OK
2026-09-30T13:08:42.318Z,4526.39,observer,RX,baseline,0,stopped,,,0001E801,0001,E801,1,7,01 00 00 0F 03 01 E8,0,OK
2026-09-30T13:08:42.318Z,4526.611,observer,RX,baseline,0,stopped,,,0011E801,0011,E801,1,5,01 00 00 01 E8,0,OK
2026-09-30T13:08:42.323Z,4531.569,observer,RX,baseline,0,stopped,,,000199DD,0001,99DD,1,7,01 00 00 0F 03 DD 99,0,OK
2026-09-30T13:08:42.323Z,4531.645,observer,RX,baseline,0,stopped,,,001199DD,0011,99DD,1,5,01 00 00 DD 99,0,OK
2026-09-30T13:08:42.328Z,4536.537,observer,RX,baseline,0,stopped,,,0001F041,0001,F041,1,7,01 00 00 0F 03 41 F0,0,OK
2026-09-30T13:08:42.328Z,4536.645,observer,RX,baseline,0,stopped,,,0011F041,0011,F041,1,5,01 00 00 41 F0,0,OK
2026-09-30T13:08:42.333Z,4541.527,observer,RX,baseline,0,stopped,,,0001D8D7,0001,D8D7,1,7,01 00 00 0F 03 D7 D8,0,OK
2026-09-30T13:08:42.333Z,4541.605,observer,RX,baseline,0,stopped,,,0011D8D7,0011,D8D7,1,5,01 00 00 D7 D8,0,OK
2026-09-30T13:08:42.338Z,4546.534,observer,RX,baseline,0,stopped,,,00015411,0001,5411,1,7,01 00 00 0F 03 11 54,0,OK
2026-09-30T13:08:42.338Z,4546.644,observer,RX,baseline,0,stopped,,,00115411,0011,5411,1,5,01 00 00 11 54,0,OK
2026-09-30T13:08:42.343Z,4551.319,observer,RX,baseline,0,stopped,,,00010C6F,0001,0C6F,1,7,01 00 00 0F 03 6F 0C,0,OK
2026-09-30T13:08:42.343Z,4551.573,observer,RX,baseline,0,stopped,,,00110C6F,0011,0C6F,1,5,01 00 00 6F 0C,0,OK
2026-09-30T13:08:42.348Z,4556.512,observer,RX,baseline,0,stopped,,,0001A8E1,0001,A8E1,1,7,01 00 00 0F 03 E1 A8,0,OK
2026-09-30T13:08:42.348Z,4556.618,observer,RX,baseline,0,stopped,,,0011A8E1,0011,A8E1,1,5,01 00 00 E1 A8,0,OK
2026-09-30T13:08:42.353Z,4561.504,observer,RX,baseline,0,stopped,,,000118C1,0001,18C1,1,7,01 00 00 0F 03 C1 18,0,OK
2026-09-30T13:08:42.353Z,4561.615,observer,RX,baseline,0,stopped,,,001118C1,0011,18C1,1,5,01 00 00 C1 18,0,OK
2026-09-30T13:08:42.358Z,4566.341,observer,RX,baseline,0,stopped,,,0001AD24,0001,AD24,1,7,01 00 00 0F 03 24 AD,0,OK
2026-09-30T13:08:42.358Z,4566.586,observer,RX,baseline,0,stopped,,,0011AD24,0011,AD24,1,5,01 00 00 24 AD,0,OK
2026-09-30T13:08:42.363Z,4571.353,observer,RX,baseline,0,stopped,,,000148B4,0001,48B4,1,7,01 00 00 0F 03 B4 48,0,OK
2026-09-30T13:08:42.363Z,4571.6,observer,RX,baseline,0,stopped,,,001148B4,0011,48B4,1,5,01 00 00 B4 48,0,OK
2026-09-30T13:08:42.368Z,4576.326,observer,RX,baseline,0,stopped,,,00015441,0001,5441,1,7,01 00 00 0F 03 41 54,0,OK
2026-09-30T13:08:42.368Z,4576.564,observer,RX,baseline,0,stopped,,,00115441,0011,5441,1,5,01 00 00 41 54,0,OK
2026-09-30T13:08:42.373Z,4581.313,observer,RX,baseline,0,stopped,,,00016640,0001,6640,1,7,01 00 00 0F 03 40 66,0,OK
2026-09-30T13:08:42.373Z,4581.56,observer,RX,baseline,0,stopped,,,00116640,0011,6640,1,5,01 00 00 40 66,0,OK
2026-09-30T13:08:42.378Z,4586.298,observer,RX,baseline,0,stopped,,,00019634,0001,9634,1,7,01 00 00 0F 03 34 96,0,OK
2026-09-30T13:08:42.378Z,4586.538,observer,RX,baseline,0,stopped,,,00119634,0011,9634,1,5,01 00 00 34 96,0,OK
2026-09-30T13:08:42.383Z,4591.318,observer,RX,baseline,0,stopped,,,00018B8E,0001,8B8E,1,7,01 00 00 0F 03 8E 8B,0,OK
2026-09-30T13:08:42.383Z,4591.558,observer,RX,baseline,0,stopped,,,00118B8E,0011,8B8E,1,5,01 00 00 8E 8B,0,OK
2026-09-30T13:08:42.388Z,4596.324,observer,RX,baseline,0,stopped,,,0001F8EB,0001,F8EB,1,7,01 00 00 0F 03 EB F8,0,OK
2026-09-30T13:08:42.388Z,4596.571,observer,RX,baseline,0,stopped,,,0011F8EB,0011,F8EB,1,5,01 00 00 EB F8,0,OK
2026-09-30T13:08:42.393Z,4601.48,observer,RX,baseline,0,stopped,,,0001B606,0001,B606,1,7,01 00 00 0F 03 06 B6,0,OK
2026-09-30T13:08:42.393Z,4601.562,observer,RX,baseline,0,stopped,,,0011B606,0011,B606,1,5,01 00 00 06 B6,0,OK
2026-09-30T13:08:42.398Z,4606.476,observer,RX,baseline,0,stopped,,,00014DE8,0001,4DE8,1,7,01 00 00 0F 03 E8 4D,0,OK
2026-09-30T13:08:42.398Z,4606.552,observer,RX,baseline,0,stopped,,,00114DE8,0011,4DE8,1,5,01 00 00 E8 4D,0,OK
2026-09-30T13:08:42.403Z,4611.477,observer,RX,baseline,0,stopped,,,00016803,0001,6803,1,7,01 00 00 0F 03 03 68,0,OK
2026-09-30T13:08:42.403Z,4611.552,observer,RX,baseline,0,stopped,,,00116803,0011,6803,1,5,01 00 00 03 68,0,OK
2026-09-30T13:08:42.408Z,4616.483,observer,RX,baseline,0,stopped,,,000149AC,0001,49AC,1,7,01 00 00 0F 03 AC 49,0,OK
2026-09-30T13:08:42.408Z,4616.562,observer,RX,baseline,0,stopped,,,001149AC,0011,49AC,1,5,01 00 00 AC 49,0,OK
2026-09-30T13:08:42.413Z,4621.477,observer,RX,baseline,0,stopped,,,00011BC9,0001,1BC9,1,7,01 00 00 0F 03 C9 1B,0,OK
2026-09-30T13:08:42.413Z,4621.555,observer,RX,baseline,0,stopped,,,00111BC9,0011,1BC9,1,5,01 00 00 C9 1B,0,OK
2026-09-30T13:08:42.418Z,4626.463,observer,RX,baseline,0,stopped,,,00018AF7,0001,8AF7,1,7,01 00 00 0F 03 F7 8A,0,OK
2026-09-30T13:08:42.418Z,4626.614,observer,RX,baseline,0,stopped,,,00118AF7,0011,8AF7,1,5,01 00 00 F7 8A,0,OK
2026-09-30T13:08:42.423Z,4631.479,observer,RX,baseline,0,stopped,,,000109F0,0001,09F0,1,7,01 00 00 0F 03 F0 09,0,OK
2026-09-30T13:08:42.423Z,4631.554,observer,RX,baseline,0,stopped,,,001109F0,0011,09F0,1,5,01 00 00 F0 09,0,OK
2026-09-30T13:08:42.428Z,4636.321,observer,RX,baseline,0,stopped,,,0001EADE,0001,EADE,1,7,01 00 00 0F 03 DE EA,0,OK
2026-09-30T13:08:42.428Z,4636.572,observer,RX,baseline,0,stopped,,,0011EADE,0011,EADE,1,5,01 00 00 DE EA,0,OK
2026-09-30T13:08:42.433Z,4641.475,observer,RX,baseline,0,stopped,,,0001435C,0001,435C,1,7,01 00 00 0F 03 5C 43,0,OK
2026-09-30T13:08:42.433Z,4641.55,observer,RX,baseline,0,stopped,,,0011435C,0011,435C,1,5,01 00 00 5C 43,0,OK
2026-09-30T13:08:42.438Z,4646.481,observer,RX,baseline,0,stopped,,,00013B4E,0001,3B4E,1,7,01 00 00 0F 03 4E 3B,0,OK
2026-09-30T13:08:42.438Z,4646.614,observer,RX,baseline,0,stopped,,,00113B4E,0011,3B4E,1,5,01 00 00 4E 3B,0,OK
2026-09-30T13:08:42.443Z,4651.321,observer,RX,baseline,0,stopped,,,0001127F,0001,127F,1,7,01 00 00 0F 03 7F 12,0,OK
2026-09-30T13:08:42.443Z,4651.545,observer,RX,baseline,0,stopped,,,0011127F,0011,127F,1,5,01 00 00 7F 12,0,OK
2026-09-30T13:08:42.448Z,4656.51,observer,RX,baseline,0,stopped,,,0001C46B,0001,C46B,1,7,01 00 00 0F 03 6B C4,0,OK
2026-09-30T13:08:42.448Z,4656.625,observer,RX,baseline,0,stopped,,,0011C46B,0011,C46B,1,5,01 00 00 6B C4,0,OK
2026-09-30T13:08:42.453Z,4661.48,observer,RX,baseline,0,stopped,,,0001117C,0001,117C,1,7,01 00 00 0F 03 7C 11,0,OK
2026-09-30T13:08:42.453Z,4661.556,observer,RX,baseline,0,stopped,,,0011117C,0011,117C,1,5,01 00 00 7C 11,0,OK
2026-09-30T13:08:42.458Z,4666.604,observer,RX,baseline,0,stopped,,,00015DF3,0001,5DF3,1,7,01 00 00 0F 03 F3 5D,0,OK
2026-09-30T13:08:42.458Z,4666.695,observer,RX,baseline,0,stopped,,,00115DF3,0011,5DF3,1,5,01 00 00 F3 5D,0,OK
2026-09-30T13:08:42.463Z,4671.601,observer,RX,baseline,0,stopped,,,0001CA59,0001,CA59,1,7,01 00 00 0F 03 59 CA,0,OK
2026-09-30T13:08:42.463Z,4671.679,observer,RX,baseline,0,stopped,,,0011CA59,0011,CA59,1,5,01 00 00 59 CA,0,OK
2026-09-30T13:08:42.468Z,4676.314,observer,RX,baseline,0,stopped,,,0001648C,0001,648C,1,7,01 00 00 0F 03 8C 64,0,OK
2026-09-30T13:08:42.468Z,4676.571,observer,RX,baseline,0,stopped,,,0011648C,0011,648C,1,5,01 00 00 8C 64,0,OK
2026-09-30T13:08:42.473Z,4681.252,observer,RX,baseline,0,stopped,,,0001306A,0001,306A,1,7,01 00 00 0F 03 6A 30,0,OK
2026-09-30T13:08:42.473Z,4681.478,observer,RX,baseline,0,stopped,,,0011306A,0011,306A,1,5,01 00 00 6A 30,0,OK
2026-09-30T13:08:42.478Z,4686.282,observer,RX,baseline,0,stopped,,,0001D3A6,0001,D3A6,1,7,01 00 00 0F 03 A6 D3,0,OK
2026-09-30T13:08:42.478Z,4686.52,observer,RX,baseline,0,stopped,,,0011D3A6,0011,D3A6,1,5,01 00 00 A6 D3,0,OK
2026-09-30T13:08:42.483Z,4691.32,observer,RX,baseline,0,stopped,,,0001199B,0001,199B,1,7,01 00 00 0F 03 9B 19,0,OK
2026-09-30T13:08:42.483Z,4691.558,observer,RX,baseline,0,stopped,,,0011199B,0011,199B,1,5,01 00 00 9B 19,0,OK
2026-09-30T13:08:42.488Z,4696.316,observer,RX,baseline,0,stopped,,,00013754,0001,3754,1,7,01 00 00 0F 03 54 37,0,OK
2026-09-30T13:08:42.488Z,4696.564,observer,RX,baseline,0,stopped,,,00113754,0011,3754,1,5,01 00 00 54 37,0,OK
2026-09-30T13:08:42.493Z,4701.773,observer,RX,baseline,0,stopped,,,0001983C,0001,983C,1,7,01 00 00 0F 03 3C 98,0,OK
2026-09-30T13:08:42.493Z,4701.902,observer,RX,baseline,0,stopped,,,0011983C,0011,983C,1,5,01 00 00 3C 98,0,OK
2026-09-30T13:08:42.498Z,4706.943,observer,RX,baseline,0,stopped,,,0001264C,0001,264C,1,7,01 00 00 0F 03 4C 26,0,OK
2026-09-30T13:08:42.499Z,4707.071,observer,RX,baseline,0,stopped,,,0011264C,0011,264C,1,5,01 00 00 4C 26,0,OK
2026-09-30T13:08:42.503Z,4711.933,observer,RX,baseline,0,stopped,,,0001B189,0001,B189,1,7,01 00 00 0F 03 89 B1,0,OK
2026-09-30T13:08:42.504Z,4712.061,observer,RX,baseline,0,stopped,,,0011B189,0011,B189,1,5,01 00 00 89 B1,0,OK
2026-09-30T13:08:42.508Z,4716.767,observer,RX,baseline,0,stopped,,,0001DAF0,0001,DAF0,1,7,01 00 00 0F 03 F0 DA,0,OK
2026-09-30T13:08:42.508Z,4716.903,observer,RX,baseline,0,stopped,,,0011DAF0,0011,DAF0,1,5,01 00 00 F0 DA,0,OK
2026-09-30T13:08:42.513Z,4721.92,observer,RX,baseline,0,stopped,,,00012AF3,0001,2AF3,1,7,01 00 00 0F 03 F3 2A,0,OK
2026-09-30T13:08:42.514Z,4722.054,observer,RX,baseline,0,stopped,,,00112AF3,0011,2AF3,1,5,01 00 00 F3 2A,0,OK
2026-09-30T13:08:42.518Z,4726.796,observer,RX,baseline,0,stopped,,,0001630C,0001,630C,1,7,01 00 00 0F 03 0C 63,0,OK
2026-09-30T13:08:42.518Z,4726.936,observer,RX,baseline,0,stopped,,,0011630C,0011,630C,1,5,01 00 00 0C 63,0,OK
2026-09-30T13:08:42.523Z,4731.939,observer,RX,baseline,0,stopped,,,00010003,0001,0003,1,7,01 00 00 0F 03 03 00,0,OK
2026-09-30T13:08:42.524Z,4732.066,observer,RX,baseline,0,stopped,,,00110003,0011,0003,1,5,01 00 00 03 00,0,OK
2026-09-30T13:08:42.528Z,4736.798,observer,RX,baseline,0,stopped,,,000174AB,0001,74AB,1,7,01 00 00 0F 03 AB 74,0,OK
2026-09-30T13:08:42.528Z,4736.931,observer,RX,baseline,0,stopped,,,001174AB,0011,74AB,1,5,01 00 00 AB 74,0,OK
2026-09-30T13:08:42.533Z,4741.395,observer,RX,baseline,0,stopped,,,0001304C,0001,304C,1,7,01 00 00 0F 03 4C 30,0,OK
2026-09-30T13:08:42.533Z,4741.528,observer,RX,baseline,0,stopped,,,0011304C,0011,304C,1,5,01 00 00 4C 30,0,OK
2026-09-30T13:08:42.539Z,4747.28,observer,RX,baseline,0,stopped,,,0001E735,0001,E735,1,7,01 00 00 0F 03 35 E7,0,OK
2026-09-30T13:08:42.539Z,4747.435,observer,RX,baseline,0,stopped,,,0011E735,0011,E735,1,5,01 00 00 35 E7,0,OK
2026-09-30T13:08:42.543Z,4751.382,observer,RX,baseline,0,stopped,,,000158BA,0001,58BA,1,7,01 00 00 0F 03 BA 58,0,OK
2026-09-30T13:08:42.543Z,4751.516,observer,RX,baseline,0,stopped,,,001158BA,0011,58BA,1,5,01 00 00 BA 58,0,OK
2026-09-30T13:08:42.549Z,4757.603,observer,RX,baseline,0,stopped,,,000112B2,0001,12B2,1,7,01 00 00 0F 03 B2 12,0,OK
2026-09-30T13:08:42.549Z,4757.735,observer,RX,baseline,0,stopped,,,001112B2,0011,12B2,1,5,01 00 00 B2 12,0,OK
2026-09-30T13:08:42.553Z,4761.626,observer,RX,baseline,0,stopped,,,00010155,0001,0155,1,7,01 00 00 0F 03 55 01,0,OK
2026-09-30T13:08:42.553Z,4761.766,observer,RX,baseline,0,stopped,,,00110155,0011,0155,1,5,01 00 00 55 01,0,OK
2026-09-30T13:08:42.559Z,4767.646,observer,RX,baseline,0,stopped,,,00012FE5,0001,2FE5,1,7,01 00 00 0F 03 E5 2F,0,OK
2026-09-30T13:08:42.559Z,4767.775,observer,RX,baseline,0,stopped,,,00112FE5,0011,2FE5,1,5,01 00 00 E5 2F,0,OK
2026-09-30T13:08:42.563Z,4771.615,observer,RX,baseline,0,stopped,,,0001F422,0001,F422,1,7,01 00 00 0F 03 22 F4,0,OK
2026-09-30T13:08:42.563Z,4771.777,observer,RX,baseline,0,stopped,,,0011F422,0011,F422,1,5,01 00 00 22 F4,0,OK
2026-09-30T13:08:42.568Z,4776.784,observer,RX,baseline,0,stopped,,,0001CE9C,0001,CE9C,1,7,01 00 00 0F 03 9C CE,0,OK
2026-09-30T13:08:42.568Z,4776.913,observer,RX,baseline,0,stopped,,,0011CE9C,0011,CE9C,1,5,01 00 00 9C CE,0,OK
2026-09-30T13:08:42.574Z,4782.644,observer,RX,baseline,0,stopped,,,000183C6,0001,83C6,1,7,01 00 00 0F 03 C6 83,0,OK
2026-09-30T13:08:42.574Z,4782.775,observer,RX,baseline,0,stopped,,,001183C6,0011,83C6,1,5,01 00 00 C6 83,0,OK
2026-09-30T13:08:42.578Z,4786.794,observer,RX,baseline,0,stopped,,,0001986A,0001,986A,1,7,01 00 00 0F 03 6A 98,0,OK
2026-09-30T13:08:42.578Z,4786.927,observer,RX,baseline,0,stopped,,,0011986A,0011,986A,1,5,01 00 00 6A 98,0,OK
2026-09-30T13:08:42.583Z,4791.764,observer,RX,baseline,0,stopped,,,00010C26,0001,0C26,1,7,01 00 00 0F 03 26 0C,0,OK
2026-09-30T13:08:42.583Z,4791.894,observer,RX,baseline,0,stopped,,,00110C26,0011,0C26,1,5,01 00 00 26 0C,0,OK
2026-09-30T13:08:42.589Z,4797.612,observer,RX,baseline,0,stopped,,,000150A7,0001,50A7,1,7,01 00 00 0F 03 A7 50,0,OK
2026-09-30T13:08:42.589Z,4797.743,observer,RX,baseline,0,stopped,,,001150A7,0011,50A7,1,5,01 00 00 A7 50,0,OK
2026-09-30T13:08:42.593Z,4801.371,observer,RX,baseline,0,stopped,,,0001BD0C,0001,BD0C,1,7,01 00 00 0F 03 0C BD,0,OK
2026-09-30T13:08:42.593Z,4801.5,observer,RX,baseline,0,stopped,,,0011BD0C,0011,BD0C,1,5,01 00 00 0C BD,0,OK
2026-09-30T13:08:42.599Z,4807.344,observer,RX,baseline,0,stopped,,,00015B66,0001,5B66,1,7,01 00 00 0F 03 66 5B,0,OK
2026-09-30T13:08:42.599Z,4807.486,observer,RX,baseline,0,stopped,,,00115B66,0011,5B66,1,5,01 00 00 66 5B,0,OK
2026-09-30T13:08:42.603Z,4811.346,observer,RX,baseline,0,stopped,,,0001DA9D,0001,DA9D,1,7,01 00 00 0F 03 9D DA,0,OK
2026-09-30T13:08:42.603Z,4811.505,observer,RX,baseline,0,stopped,,,0011DA9D,0011,DA9D,1,5,01 00 00 9D DA,0,OK
2026-09-30T13:08:42.608Z,4816.323,observer,RX,baseline,0,stopped,,,0001FBC2,0001,FBC2,1,7,01 00 00 0F 03 C2 FB,0,OK
2026-09-30T13:08:42.608Z,4816.545,observer,RX,baseline,0,stopped,,,0011FBC2,0011,FBC2,1,5,01 00 00 C2 FB,0,OK
2026-09-30T13:08:42.613Z,4821.311,observer,RX,baseline,0,stopped,,,00016924,0001,6924,1,7,01 00 00 0F 03 24 69,0,OK
2026-09-30T13:08:42.613Z,4821.5,observer,RX,baseline,0,stopped,,,00116924,0011,6924,1,5,01 00 00 24 69,0,OK
2026-09-30T13:08:42.618Z,4826.254,observer,RX,baseline,0,stopped,,,000126B4,0001,26B4,1,7,01 00 00 0F 03 B4 26,0,OK
2026-09-30T13:08:42.618Z,4826.461,observer,RX,baseline,0,stopped,,,001126B4,0011,26B4,1,5,01 00 00 B4 26,0,OK
2026-09-30T13:08:42.623Z,4831.266,observer,RX,baseline,0,stopped,,,0001BD7E,0001,BD7E,1,7,01 00 00 0F 03 7E BD,0,OK
2026-09-30T13:08:42.623Z,4831.46,observer,RX,baseline,0,stopped,,,0011BD7E,0011,BD7E,1,5,01 00 00 7E BD,0,OK
2026-09-30T13:08:42.628Z,4836.252,observer,RX,baseline,0,stopped,,,00014A4E,0001,4A4E,1,7,01 00 00 0F 03 4E 4A,0,OK
2026-09-30T13:08:42.628Z,4836.465,observer,RX,baseline,0,stopped,,,00114A4E,0011,4A4E,1,5,01 00 00 4E 4A,0,OK
2026-09-30T13:08:42.633Z,4841.27,observer,RX,baseline,0,stopped,,,00018D2D,0001,8D2D,1,7,01 00 00 0F 03 2D 8D,0,OK
2026-09-30T13:08:42.633Z,4841.466,observer,RX,baseline,0,stopped,,,00118D2D,0011,8D2D,1,5,01 00 00 2D 8D,0,OK
2026-09-30T13:08:42.638Z,4846.24,observer,RX,baseline,0,stopped,,,0001120D,0001,120D,1,7,01 00 00 0F 03 0D 12,0,OK
2026-09-30T13:08:42.638Z,4846.45,observer,RX,baseline,0,stopped,,,0011120D,0011,120D,1,5,01 00 00 0D 12,0,OK
2026-09-30T13:08:42.643Z,4851.294,observer,RX,baseline,0,stopped,,,00013CD5,0001,3CD5,1,7,01 00 00 0F 03 D5 3C,0,OK
2026-09-30T13:08:42.643Z,4851.538,observer,RX,baseline,0,stopped,,,00113CD5,0011,3CD5,1,5,01 00 00 D5 3C,0,OK
2026-09-30T13:08:42.648Z,4856.362,observer,RX,baseline,0,stopped,,,000127A3,0001,27A3,1,7,01 00 00 0F 03 A3 27,0,OK
2026-09-30T13:08:42.648Z,4856.486,observer,RX,baseline,0,stopped,,,001127A3,0011,27A3,1,5,01 00 00 A3 27,0,OK
2026-09-30T13:08:42.653Z,4861.348,observer,RX,baseline,0,stopped,,,0001F5BB,0001,F5BB,1,7,01 00 00 0F 03 BB F5,0,OK
2026-09-30T13:08:42.653Z,4861.519,observer,RX,baseline,0,stopped,,,0011F5BB,0011,F5BB,1,5,01 00 00 BB F5,0,OK
2026-09-30T13:08:42.658Z,4866.565,observer,RX,baseline,0,stopped,,,00015C69,0001,5C69,1,7,01 00 00 0F 03 69 5C,0,OK
2026-09-30T13:08:42.658Z,4866.693,observer,RX,baseline,0,stopped,,,00115C69,0011,5C69,1,5,01 00 00 69 5C,0,OK
2026-09-30T13:08:42.663Z,4871.591,observer,RX,baseline,0,stopped,,,00011A74,0001,1A74,1,7,01 00 00 0F 03 74 1A,0,OK
2026-09-30T13:08:42.663Z,4871.72,observer,RX,baseline,0,stopped,,,00111A74,0011,1A74,1,5,01 00 00 74 1A,0,OK
2026-09-30T13:08:42.668Z,4876.532,observer,RX,baseline,0,stopped,,,00012254,0001,2254,1,7,01 00 00 0F 03 54 22,0,OK
2026-09-30T13:08:42.668Z,4876.663,observer,RX,baseline,0,stopped,,,00112254,0011,2254,1,5,01 00 00 54 22,0,OK
2026-09-30T13:08:42.673Z,4881.598,observer,RX,baseline,0,stopped,,,0001D8EB,0001,D8EB,1,7,01 00 00 0F 03 EB D8,0,OK
2026-09-30T13:08:42.673Z,4881.732,observer,RX,baseline,0,stopped,,,0011D8EB,0011,D8EB,1,5,01 00 00 EB D8,0,OK
2026-09-30T13:08:42.678Z,4886.549,observer,RX,baseline,0,stopped,,,00015425,0001,5425,1,7,01 00 00 0F 03 25 54,0,OK
2026-09-30T13:08:42.678Z,4886.68,observer,RX,baseline,0,stopped,,,00115425,0011,5425,1,5,01 00 00 25 54,0,OK
2026-09-30T13:08:42.683Z,4891.547,observer,RX,baseline,0,stopped,,,00016369,0001,6369,1,7,01 00 00 0F 03 69 63,0,OK
2026-09-30T13:08:42.683Z,4891.684,observer,RX,baseline,0,stopped,,,00116369,0011,6369,1,5,01 00 00 69 63,0,OK
2026-09-30T13:08:42.688Z,4896.604,observer,RX,baseline,0,stopped,,,0001E731,0001,E731,1,7,01 00 00 0F 03 31 E7,0,OK
2026-09-30T13:08:42.688Z,4896.741,observer,RX,baseline,0,stopped,,,0011E731,0011,E731,1,5,01 00 00 31 E7,0,OK
2026-09-30T13:08:42.693Z,4901.346,observer,RX,baseline,0,stopped,,,0001603A,0001,603A,1,7,01 00 00 0F 03 3A 60,0,OK
2026-09-30T13:08:42.693Z,4901.51,observer,RX,baseline,0,stopped,,,0011603A,0011,603A,1,5,01 00 00 3A 60,0,OK
2026-09-30T13:08:42.698Z,4906.294,observer,RX,baseline,0,stopped,,,00010DE9,0001,0DE9,1,7,01 00 00 0F 03 E9 0D,0,OK
2026-09-30T13:08:42.698Z,4906.541,observer,RX,baseline,0,stopped,,,00110DE9,0011,0DE9,1,5,01 00 00 E9 0D,0,OK
2026-09-30T13:08:42.703Z,4911.287,observer,RX,baseline,0,stopped,,,00017B32,0001,7B32,1,7,01 00 00 0F 03 32 7B,0,OK
2026-09-30T13:08:42.703Z,4911.54,observer,RX,baseline,0,stopped,,,00117B32,0011,7B32,1,5,01 00 00 32 7B,0,OK
2026-09-30T13:08:42.708Z,4916.288,observer,RX,baseline,0,stopped,,,00016910,0001,6910,1,7,01 00 00 0F 03 10 69,0,OK
2026-09-30T13:08:42.708Z,4916.536,observer,RX,baseline,0,stopped,,,00116910,0011,6910,1,5,01 00 00 10 69,0,OK
2026-09-30T13:08:42.713Z,4921.304,observer,RX,baseline,0,stopped,,,00013615,0001,3615,1,7,01 00 00 0F 03 15 36,0,OK
2026-09-30T13:08:42.713Z,4921.519,observer,RX,baseline,0,stopped,,,00113615,0011,3615,1,5,01 00 00 15 36,0,OK
2026-09-30T13:08:42.718Z,4926.294,observer,RX,baseline,0,stopped,,,00013247,0001,3247,1,7,01 00 00 0F 03 47 32,0,OK
2026-09-30T13:08:42.718Z,4926.549,observer,RX,baseline,0,stopped,,,00113247,0011,3247,1,5,01 00 00 47 32,0,OK
2026-09-30T13:08:42.723Z,4931.306,observer,RX,baseline,0,stopped,,,000134B2,0001,34B2,1,7,01 00 00 0F 03 B2 34,0,OK
2026-09-30T13:08:42.723Z,4931.517,observer,RX,baseline,0,stopped,,,001134B2,0011,34B2,1,5,01 00 00 B2 34,0,OK
2026-09-30T13:08:42.728Z,4936.288,observer,RX,baseline,0,stopped,,,00014D4B,0001,4D4B,1,7,01 00 00 0F 03 4B 4D,0,OK
2026-09-30T13:08:42.728Z,4936.545,observer,RX,baseline,0,stopped,,,00114D4B,0011,4D4B,1,5,01 00 00 4B 4D,0,OK
2026-09-30T13:08:42.733Z,4941.29,observer,RX,baseline,0,stopped,,,00011B30,0001,1B30,1,7,01 00 00 0F 03 30 1B,0,OK
2026-09-30T13:08:42.733Z,4941.513,observer,RX,baseline,0,stopped,,,00111B30,0011,1B30,1,5,01 00 00 30 1B,0,OK
2026-09-30T13:08:42.738Z,4946.253,observer,RX,baseline,0,stopped,,,0001E622,0001,E622,1,7,01 00 00 0F 03 22 E6,0,OK
2026-09-30T13:08:42.738Z,4946.501,observer,RX,baseline,0,stopped,,,0011E622,0011,E622,1,5,01 00 00 22 E6,0,OK
2026-09-30T13:08:42.743Z,4951.452,observer,RX,baseline,0,stopped,,,0001E0E1,0001,E0E1,1,7,01 00 00 0F 03 E1 E0,0,OK
2026-09-30T13:08:42.743Z,4951.531,observer,RX,baseline,0,stopped,,,0011E0E1,0011,E0E1,1,5,01 00 00 E1 E0,0,OK
2026-09-30T13:08:42.748Z,4956.295,observer,RX,baseline,0,stopped,,,00012508,0001,2508,1,7,01 00 00 0F 03 08 25,0,OK
2026-09-30T13:08:42.748Z,4956.547,observer,RX,baseline,0,stopped,,,00112508,0011,2508,1,5,01 00 00 08 25,0,OK
2026-09-30T13:08:42.753Z,4961.423,observer,RX,baseline,0,stopped,,,00016796,0001,6796,1,7,01 00 00 0F 03 96 67,0,OK
2026-09-30T13:08:42.753Z,4961.561,observer,RX,baseline,0,stopped,,,00116796,0011,6796,1,5,01 00 00 96 67,0,OK
2026-09-30T13:08:42.759Z,4967.403,observer,RX,baseline,0,stopped,,,000189D4,0001,89D4,1,7,01 00 00 0F 03 D4 89,0,OK
2026-09-30T13:08:42.759Z,4967.535,observer,RX,baseline,0,stopped,,,001189D4,0011,89D4,1,5,01 00 00 D4 89,0,OK
2026-09-30T13:08:42.763Z,4971.309,observer,RX,baseline,0,stopped,,,00015B45,0001,5B45,1,7,01 00 00 0F 03 45 5B,0,OK
2026-09-30T13:08:42.763Z,4971.52,observer,RX,baseline,0,stopped,,,00115B45,0011,5B45,1,5,01 00 00 45 5B,0,OK
2026-09-30T13:08:42.769Z,4977.831,observer,RX,baseline,0,stopped,,,0001D33A,0001,D33A,1,7,01 00 00 0F 03 3A D3,0,OK
2026-09-30T13:08:42.769Z,4977.961,observer,RX,baseline,0,stopped,,,0011D33A,0011,D33A,1,5,01 00 00 3A D3,0,OK
2026-09-30T13:08:42.773Z,4981.316,observer,RX,baseline,0,stopped,,,0001BB83,0001,BB83,1,7,01 00 00 0F 03 83 BB,0,OK
2026-09-30T13:08:42.773Z,4981.471,observer,RX,baseline,0,stopped,,,0011BB83,0011,BB83,1,5,01 00 00 83 BB,0,OK
2026-09-30T13:08:42.778Z,4986.288,observer,RX,baseline,0,stopped,,,00018F0D,0001,8F0D,1,7,01 00 00 0F 03 0D 8F,0,OK
2026-09-30T13:08:42.778Z,4986.518,observer,RX,baseline,0,stopped,,,00118F0D,0011,8F0D,1,5,01 00 00 0D 8F,0,OK
2026-09-30T13:08:42.783Z,4991.871,observer,RX,baseline,0,stopped,,,00010C23,0001,0C23,1,7,01 00 00 0F 03 23 0C,0,OK
2026-09-30T13:08:42.784Z,4992.003,observer,RX,baseline,0,stopped,,,00110C23,0011,0C23,1,5,01 00 00 23 0C,0,OK
2026-09-30T13:08:42.788Z,4996.364,observer,RX,baseline,0,stopped,,,0001C36A,0001,C36A,1,7,01 00 00 0F 03 6A C3,0,OK
2026-09-30T13:08:42.788Z,4996.498,observer,RX,baseline,0,stopped,,,0011C36A,0011,C36A,1,5,01 00 00 6A C3,0,OK
2026-09-30T13:08:42.793Z,5001.36,observer,RX,baseline,0,stopped,,,000163F4,0001,63F4,1,7,01 00 00 0F 03 F4 63,0,OK
2026-09-30T13:08:42.793Z,5001.49,observer,RX,baseline,0,stopped,,,001163F4,0011,63F4,1,5,01 00 00 F4 63,0,OK
2026-09-30T13:08:42.798Z,5006.496,observer,RX,baseline,0,stopped,,,0001417C,0001,417C,1,7,01 00 00 0F 03 7C 41,0,OK
2026-09-30T13:08:42.798Z,5006.627,observer,RX,baseline,0,stopped,,,0011417C,0011,417C,1,5,01 00 00 7C 41,0,OK
2026-09-30T13:08:42.803Z,5011.429,observer,RX,baseline,0,stopped,,,00012074,0001,2074,1,7,01 00 00 0F 03 74 20,0,OK
2026-09-30T13:08:42.803Z,5011.559,observer,RX,baseline,0,stopped,,,00112074,0011,2074,1,5,01 00 00 74 20,0,OK
2026-09-30T13:08:42.808Z,5016.527,observer,RX,baseline,0,stopped,,,00015935,0001,5935,1,7,01 00 00 0F 03 35 59,0,OK
2026-09-30T13:08:42.808Z,5016.658,observer,RX,baseline,0,stopped,,,00115935,0011,5935,1,5,01 00 00 35 59,0,OK
2026-09-30T13:08:42.813Z,5021.448,observer,RX,baseline,0,stopped,,,00010EFA,0001,0EFA,1,7,01 00 00 0F 03 FA 0E,0,OK
2026-09-30T13:08:42.813Z,5021.577,observer,RX,baseline,0,stopped,,,00110EFA,0011,0EFA,1,5,01 00 00 FA 0E,0,OK
2026-09-30T13:08:42.818Z,5026.481,observer,RX,baseline,0,stopped,,,0001A22F,0001,A22F,1,7,01 00 00 0F 03 2F A2,0,OK
2026-09-30T13:08:42.818Z,5026.609,observer,RX,baseline,0,stopped,,,0011A22F,0011,A22F,1,5,01 00 00 2F A2,0,OK
2026-09-30T13:08:42.823Z,5031.461,observer,RX,baseline,0,stopped,,,00016B99,0001,6B99,1,7,01 00 00 0F 03 99 6B,0,OK
2026-09-30T13:08:42.823Z,5031.615,observer,RX,baseline,0,stopped,,,00116B99,0011,6B99,1,5,01 00 00 99 6B,0,OK
2026-09-30T13:08:42.828Z,5036.517,observer,RX,baseline,0,stopped,,,00012893,0001,2893,1,7,01 00 00 0F 03 93 28,0,OK
2026-09-30T13:08:42.828Z,5036.649,observer,RX,baseline,0,stopped,,,00112893,0011,2893,1,5,01 00 00 93 28,0,OK
2026-09-30T13:08:42.833Z,5041.435,observer,RX,baseline,0,stopped,,,00014BD1,0001,4BD1,1,7,01 00 00 0F 03 D1 4B,0,OK
2026-09-30T13:08:42.833Z,5041.569,observer,RX,baseline,0,stopped,,,00114BD1,0011,4BD1,1,5,01 00 00 D1 4B,0,OK
2026-09-30T13:08:42.838Z,5046.48,observer,RX,baseline,0,stopped,,,000129BA,0001,29BA,1,7,01 00 00 0F 03 BA 29,0,OK
2026-09-30T13:08:42.838Z,5046.62,observer,RX,baseline,0,stopped,,,001129BA,0011,29BA,1,5,01 00 00 BA 29,0,OK
2026-09-30T13:08:42.843Z,5051.36,observer,RX,baseline,0,stopped,,,00018ACD,0001,8ACD,1,7,01 00 00 0F 03 CD 8A,0,OK
2026-09-30T13:08:42.843Z,5051.501,observer,RX,baseline,0,stopped,,,00118ACD,0011,8ACD,1,5,01 00 00 CD 8A,0,OK
2026-09-30T13:08:42.848Z,5056.603,observer,RX,baseline,0,stopped,,,00014ADD,0001,4ADD,1,7,01 00 00 0F 03 DD 4A,0,OK
2026-09-30T13:08:42.848Z,5056.73,observer,RX,baseline,0,stopped,,,00114ADD,0011,4ADD,1,5,01 00 00 DD 4A,0,OK
2026-09-30T13:08:42.853Z,5061.794,observer,RX,baseline,0,stopped,,,000112B4,0001,12B4,1,7,01 00 00 0F 03 B4 12,0,OK
2026-09-30T13:08:42.853Z,5061.933,observer,RX,baseline,0,stopped,,,001112B4,0011,12B4,1,5,01 00 00 B4 12,0,OK
2026-09-30T13:08:42.858Z,5066.823,observer,RX,baseline,0,stopped,,,0001A119,0001,A119,1,7,01 00 00 0F 03 19 A1,0,OK
2026-09-30T13:08:42.858Z,5066.958,observer,RX,baseline,0,stopped,,,0011A119,0011,A119,1,5,01 00 00 19 A1,0,OK
2026-09-30T13:08:42.863Z,5071.474,observer,RX,baseline,0,stopped,,,0001065E,0001,065E,1,7,01 00 00 0F 03 5E 06,0,OK
2026-09-30T13:08:42.863Z,5071.605,observer,RX,baseline,0,stopped,,,0011065E,0011,065E,1,5,01 00 00 5E 06,0,OK
2026-09-30T13:08:42.868Z,5076.52,observer,RX,baseline,0,stopped,,,0001A88C,0001,A88C,1,7,01 00 00 0F 03 8C A8,0,OK
2026-09-30T13:08:42.868Z,5076.656,observer,RX,baseline,0,stopped,,,0011A88C,0011,A88C,1,5,01 00 00 8C A8,0,OK
2026-09-30T13:08:42.873Z,5081.467,observer,RX,baseline,0,stopped,,,0001706D,0001,706D,1,7,01 00 00 0F 03 6D 70,0,OK
2026-09-30T13:08:42.873Z,5081.596,observer,RX,baseline,0,stopped,,,0011706D,0011,706D,1,5,01 00 00 6D 70,0,OK
2026-09-30T13:08:42.878Z,5086.489,observer,RX,baseline,0,stopped,,,0001F955,0001,F955,1,7,01 00 00 0F 03 55 F9,0,OK
2026-09-30T13:08:42.878Z,5086.622,observer,RX,baseline,0,stopped,,,0011F955,0011,F955,1,5,01 00 00 55 F9,0,OK
2026-09-30T13:08:42.883Z,5091.47,observer,RX,baseline,0,stopped,,,0001449A,0001,449A,1,7,01 00 00 0F 03 9A 44,0,OK
2026-09-30T13:08:42.883Z,5091.599,observer,RX,baseline,0,stopped,,,0011449A,0011,449A,1,5,01 00 00 9A 44,0,OK
2026-09-30T13:08:42.888Z,5096.276,observer,RX,baseline,0,stopped,,,000163C1,0001,63C1,1,7,01 00 00 0F 03 C1 63,0,OK
2026-09-30T13:08:42.888Z,5096.49,observer,RX,baseline,0,stopped,,,001163C1,0011,63C1,1,5,01 00 00 C1 63,0,OK
2026-09-30T13:08:42.893Z,5101.317,observer,RX,baseline,0,stopped,,,0001F9AE,0001,F9AE,1,7,01 00 00 0F 03 AE F9,0,OK
2026-09-30T13:08:42.893Z,5101.488,observer,RX,baseline,0,stopped,,,0011F9AE,0011,F9AE,1,5,01 00 00 AE F9,0,OK
2026-09-30T13:08:42.898Z,5106.536,observer,RX,baseline,0,stopped,,,000109E8,0001,09E8,1,7,01 00 00 0F 03 E8 09,0,OK
2026-09-30T13:08:42.898Z,5106.666,observer,RX,baseline,0,stopped,,,001109E8,0011,09E8,1,5,01 00 00 E8 09,0,OK
2026-09-30T13:08:42.903Z,5111.472,observer,RX,baseline,0,stopped,,,0001AE89,0001,AE89,1,7,01 00 00 0F 03 89 AE,0,OK
2026-09-30T13:08:42.903Z,5111.602,observer,RX,baseline,0,stopped,,,0011AE89,0011,AE89,1,5,01 00 00 89 AE,0,OK
2026-09-30T13:08:42.908Z,5116.385,observer,RX,baseline,0,stopped,,,00010788,0001,0788,1,7,01 00 00 0F 03 88 07,0,OK
2026-09-30T13:08:42.908Z,5116.56,observer,RX,baseline,0,stopped,,,00110788,0011,0788,1,5,01 00 00 88 07,0,OK
2026-09-30T13:08:42.913Z,5121.312,observer,RX,baseline,0,stopped,,,00016222,0001,6222,1,7,01 00 00 0F 03 22 62,0,OK
2026-09-30T13:08:42.913Z,5121.479,observer,RX,baseline,0,stopped,,,00116222,0011,6222,1,5,01 00 00 22 62,0,OK
2026-09-30T13:08:42.918Z,5126.274,observer,RX,baseline,0,stopped,,,000165E0,0001,65E0,1,7,01 00 00 0F 03 E0 65,0,OK
2026-09-30T13:08:42.918Z,5126.519,observer,RX,baseline,0,stopped,,,001165E0,0011,65E0,1,5,01 00 00 E0 65,0,OK
2026-09-30T13:08:42.923Z,5131.244,observer,RX,baseline,0,stopped,,,0001B25F,0001,B25F,1,7,01 00 00 0F 03 5F B2,0,OK
2026-09-30T13:08:42.923Z,5131.485,observer,RX,baseline,0,stopped,,,0011B25F,0011,B25F,1,5,01 00 00 5F B2,0,OK
2026-09-30T13:08:42.928Z,5136.263,observer,RX,baseline,0,stopped,,,0001E7DC,0001,E7DC,1,7,01 00 00 0F 03 DC E7,0,OK
2026-09-30T13:08:42.928Z,5136.519,observer,RX,baseline,0,stopped,,,0011E7DC,0011,E7DC,1,5,01 00 00 DC E7,0,OK
2026-09-30T13:08:42.933Z,5141.277,observer,RX,baseline,0,stopped,,,00011741,0001,1741,1,7,01 00 00 0F 03 41 17,0,OK
2026-09-30T13:08:42.933Z,5141.492,observer,RX,baseline,0,stopped,,,00111741,0011,1741,1,5,01 00 00 41 17,0,OK
2026-09-30T13:08:42.938Z,5146.272,observer,RX,baseline,0,stopped,,,00013BC6,0001,3BC6,1,7,01 00 00 0F 03 C6 3B,0,OK
2026-09-30T13:08:42.938Z,5146.521,observer,RX,baseline,0,stopped,,,00113BC6,0011,3BC6,1,5,01 00 00 C6 3B,0,OK
2026-09-30T13:08:42.943Z,5151.498,observer,RX,baseline,0,stopped,,,0001DFAF,0001,DFAF,1,7,01 00 00 0F 03 AF DF,0,OK
2026-09-30T13:08:42.943Z,5151.578,observer,RX,baseline,0,stopped,,,0011DFAF,0011,DFAF,1,5,01 00 00 AF DF,0,OK
2026-09-30T13:08:42.948Z,5156.467,observer,RX,baseline,0,stopped,,,00016E68,0001,6E68,1,7,01 00 00 0F 03 68 6E,0,OK
2026-09-30T13:08:42.948Z,5156.542,observer,RX,baseline,0,stopped,,,00116E68,0011,6E68,1,5,01 00 00 68 6E,0,OK
2026-09-30T13:08:42.953Z,5161.261,observer,RX,baseline,0,stopped,,,0001CAE7,0001,CAE7,1,7,01 00 00 0F 03 E7 CA,0,OK
2026-09-30T13:08:42.953Z,5161.481,observer,RX,baseline,0,stopped,,,0011CAE7,0011,CAE7,1,5,01 00 00 E7 CA,0,OK
2026-09-30T13:08:42.958Z,5166.56,observer,RX,baseline,0,stopped,,,00010C3B,0001,0C3B,1,7,01 00 00 0F 03 3B 0C,0,OK
2026-09-30T13:08:42.958Z,5166.653,observer,RX,baseline,0,stopped,,,00110C3B,0011,0C3B,1,5,01 00 00 3B 0C,0,OK
2026-09-30T13:08:42.963Z,5171.487,observer,RX,baseline,0,stopped,,,0001E55F,0001,E55F,1,7,01 00 00 0F 03 5F E5,0,OK
2026-09-30T13:08:42.963Z,5171.577,observer,RX,baseline,0,stopped,,,0011E55F,0011,E55F,1,5,01 00 00 5F E5,0,OK
2026-09-30T13:08:42.968Z,5176.424,observer,RX,baseline,0,stopped,,,00017812,0001,7812,1,7,01 00 00 0F 03 12 78,0,OK
2026-09-30T13:08:42.968Z,5176.506,observer,RX,baseline,0,stopped,,,00117812,0011,7812,1,5,01 00 00 12 78,0,OK
2026-09-30T13:08:42.973Z,5181.432,observer,RX,baseline,0,stopped,,,0001FDA2,0001,FDA2,1,7,01 00 00 0F 03 A2 FD,0,OK
2026-09-30T13:08:42.973Z,5181.507,observer,RX,baseline,0,stopped,,,0011FDA2,0011,FDA2,1,5,01 00 00 A2 FD,0,OK
2026-09-30T13:08:42.978Z,5186.434,observer,RX,baseline,0,stopped,,,00018F67,0001,8F67,1,7,01 00 00 0F 03 67 8F,0,OK
2026-09-30T13:08:42.978Z,5186.51,observer,RX,baseline,0,stopped,,,00118F67,0011,8F67,1,5,01 00 00 67 8F,0,OK
2026-09-30T13:08:42.983Z,5191.447,observer,RX,baseline,0,stopped,,,0001B95F,0001,B95F,1,7,01 00 00 0F 03 5F B9,0,OK
2026-09-30T13:08:42.983Z,5191.522,observer,RX,baseline,0,stopped,,,0011B95F,0011,B95F,1,5,01 00 00 5F B9,0,OK
2026-09-30T13:08:42.988Z,5196.427,observer,RX,baseline,0,stopped,,,00018B37,0001,8B37,1,7,01 00 00 0F 03 37 8B,0,OK
2026-09-30T13:08:42.988Z,5196.505,observer,RX,baseline,0,stopped,,,00118B37,0011,8B37,1,5,01 00 00 37 8B,0,OK
2026-09-30T13:08:42.993Z,5201.267,observer,RX,baseline,0,stopped,,,000194CD,0001,94CD,1,7,01 00 00 0F 03 CD 94,0,OK
2026-09-30T13:08:42.993Z,5201.505,observer,RX,baseline,0,stopped,,,001194CD,0011,94CD,1,5,01 00 00 CD 94,0,OK
2026-09-30T13:08:42.998Z,5206.271,observer,RX,baseline,0,stopped,,,00017911,0001,7911,1,7,01 00 00 0F 03 11 79,0,OK
2026-09-30T13:08:42.998Z,5206.526,observer,RX,baseline,0,stopped,,,00117911,0011,7911,1,5,01 00 00 11 79,0,OK
2026-09-30T13:08:43.003Z,5211.268,observer,RX,baseline,0,stopped,,,00019A18,0001,9A18,1,7,01 00 00 0F 03 18 9A,0,OK
2026-09-30T13:08:43.003Z,5211.49,observer,RX,baseline,0,stopped,,,00119A18,0011,9A18,1,5,01 00 00 18 9A,0,OK
2026-09-30T13:08:43.008Z,5216.278,observer,RX,baseline,0,stopped,,,00013AB6,0001,3AB6,1,7,01 00 00 0F 03 B6 3A,0,OK
2026-09-30T13:08:43.008Z,5216.525,observer,RX,baseline,0,stopped,,,00113AB6,0011,3AB6,1,5,01 00 00 B6 3A,0,OK
2026-09-30T13:08:43.013Z,5221.273,observer,RX,baseline,0,stopped,,,00016861,0001,6861,1,7,01 00 00 0F 03 61 68,0,OK
2026-09-30T13:08:43.013Z,5221.522,observer,RX,baseline,0,stopped,,,00116861,0011,6861,1,5,01 00 00 61 68,0,OK
2026-09-30T13:08:43.018Z,5226.239,observer,RX,baseline,0,stopped,,,00014B8C,0001,4B8C,1,7,01 00 00 0F 03 8C 4B,0,OK
2026-09-30T13:08:43.018Z,5226.494,observer,RX,baseline,0,stopped,,,00114B8C,0011,4B8C,1,5,01 00 00 8C 4B,0,OK
2026-09-30T13:08:43.023Z,5231.262,observer,RX,baseline,0,stopped,,,00011DA4,0001,1DA4,1,7,01 00 00 0F 03 A4 1D,0,OK
2026-09-30T13:08:43.023Z,5231.508,observer,RX,baseline,0,stopped,,,00111DA4,0011,1DA4,1,5,01 00 00 A4 1D,0,OK
2026-09-30T13:08:43.028Z,5236.265,observer,RX,baseline,0,stopped,,,000169AF,0001,69AF,1,7,01 00 00 0F 03 AF 69,0,OK
2026-09-30T13:08:43.028Z,5236.509,observer,RX,baseline,0,stopped,,,001169AF,0011,69AF,1,5,01 00 00 AF 69,0,OK
2026-09-30T13:08:43.033Z,5241.24,observer,RX,baseline,0,stopped,,,0001D085,0001,D085,1,7,01 00 00 0F 03 85 D0,0,OK
2026-09-30T13:08:43.033Z,5241.488,observer,RX,baseline,0,stopped,,,0011D085,0011,D085,1,5,01 00 00 85 D0,0,OK
2026-09-30T13:08:43.038Z,5246.263,observer,RX,baseline,0,stopped,,,00012958,0001,2958,1,7,01 00 00 0F 03 58 29,0,OK
2026-09-30T13:08:43.038Z,5246.514,observer,RX,baseline,0,stopped,,,00112958,0011,2958,1,5,01 00 00 58 29,0,OK
2026-09-30T13:08:43.043Z,5251.472,observer,RX,baseline,0,stopped,,,000146C2,0001,46C2,1,7,01 00 00 0F 03 C2 46,0,OK
2026-09-30T13:08:43.043Z,5251.564,observer,RX,baseline,0,stopped,,,001146C2,0011,46C2,1,5,01 00 00 C2 46,0,OK
2026-09-30T13:08:43.048Z,5256.423,observer,RX,baseline,0,stopped,,,0001B007,0001,B007,1,7,01 00 00 0F 03 07 B0,0,OK
2026-09-30T13:08:43.048Z,5256.503,observer,RX,baseline,0,stopped,,,0011B007,0011,B007,1,5,01 00 00 07 B0,0,OK
2026-09-30T13:08:43.053Z,5261.237,observer,RX,baseline,0,stopped,,,000142EA,0001,42EA,1,7,01 00 00 0F 03 EA 42,0,OK
2026-09-30T13:08:43.053Z,5261.459,observer,RX,baseline,0,stopped,,,001142EA,0011,42EA,1,5,01 00 00 EA 42,0,OK
2026-09-30T13:08:43.058Z,5266.257,observer,RX,baseline,0,stopped,,,0001A584,0001,A584,1,7,01 00 00 0F 03 84 A5,0,OK
2026-09-30T13:08:43.058Z,5266.524,observer,RX,baseline,0,stopped,,,0011A584,0011,A584,1,5,01 00 00 84 A5,0,OK
2026-09-30T13:08:43.063Z,5271.269,observer,RX,baseline,0,stopped,,,00018F87,0001,8F87,1,7,01 00 00 0F 03 87 8F,0,OK
2026-09-30T13:08:43.063Z,5271.485,observer,RX,baseline,0,stopped,,,00118F87,0011,8F87,1,5,01 00 00 87 8F,0,OK
2026-09-30T13:08:43.068Z,5276.245,observer,RX,baseline,0,stopped,,,000193B2,0001,93B2,1,7,01 00 00 0F 03 B2 93,0,OK
2026-09-30T13:08:43.068Z,5276.482,observer,RX,baseline,0,stopped,,,001193B2,0011,93B2,1,5,01 00 00 B2 93,0,OK
2026-09-30T13:08:43.073Z,5281.226,observer,RX,baseline,0,stopped,,,0001CBD8,0001,CBD8,1,7,01 00 00 0F 03 D8 CB,0,OK
2026-09-30T13:08:43.073Z,5281.484,observer,RX,baseline,0,stopped,,,0011CBD8,0011,CBD8,1,5,01 00 00 D8 CB,0,OK
2026-09-30T13:08:43.078Z,5286.237,observer,RX,baseline,0,stopped,,,000192D4,0001,92D4,1,7,01 00 00 0F 03 D4 92,0,OK
2026-09-30T13:08:43.078Z,5286.468,observer,RX,baseline,0,stopped,,,001192D4,0011,92D4,1,5,01 00 00 D4 92,0,OK
2026-09-30T13:08:43.083Z,5291.23,observer,RX,baseline,0,stopped,,,000105D4,0001,05D4,1,7,01 00 00 0F 03 D4 05,0,OK
2026-09-30T13:08:43.083Z,5291.488,observer,RX,baseline,0,stopped,,,001105D4,0011,05D4,1,5,01 00 00 D4 05,0,OK
2026-09-30T13:08:43.088Z,5296.245,observer,RX,baseline,0,stopped,,,0001DAAE,0001,DAAE,1,7,01 00 00 0F 03 AE DA,0,OK
2026-09-30T13:08:43.088Z,5296.489,observer,RX,baseline,0,stopped,,,0011DAAE,0011,DAAE,1,5,01 00 00 AE DA,0,OK
2026-09-30T13:08:43.093Z,5301.24,observer,RX,baseline,0,stopped,,,0001AB07,0001,AB07,1,7,01 00 00 0F 03 07 AB,0,OK
2026-09-30T13:08:43.093Z,5301.498,observer,RX,baseline,0,stopped,,,0011AB07,0011,AB07,1,5,01 00 00 07 AB,0,OK
2026-09-30T13:08:43.098Z,5306.239,observer,RX,baseline,0,stopped,,,0001C9A6,0001,C9A6,1,7,01 00 00 0F 03 A6 C9,0,OK
2026-09-30T13:08:43.098Z,5306.502,observer,RX,baseline,0,stopped,,,0011C9A6,0011,C9A6,1,5,01 00 00 A6 C9,0,OK
2026-09-30T13:08:43.103Z,5311.239,observer,RX,baseline,0,stopped,,,0001498B,0001,498B,1,7,01 00 00 0F 03 8B 49,0,OK
2026-09-30T13:08:43.103Z,5311.497,observer,RX,baseline,0,stopped,,,0011498B,0011,498B,1,5,01 00 00 8B 49,0,OK
2026-09-30T13:08:43.108Z,5316.234,observer,RX,baseline,0,stopped,,,0001EDD1,0001,EDD1,1,7,01 00 00 0F 03 D1 ED,0,OK
2026-09-30T13:08:43.108Z,5316.492,observer,RX,baseline,0,stopped,,,0011EDD1,0011,EDD1,1,5,01 00 00 D1 ED,0,OK
2026-09-30T13:08:43.113Z,5321.238,observer,RX,baseline,0,stopped,,,0001EC2D,0001,EC2D,1,7,01 00 00 0F 03 2D EC,0,OK
2026-09-30T13:08:43.113Z,5321.46,observer,RX,baseline,0,stopped,,,0011EC2D,0011,EC2D,1,5,01 00 00 2D EC,0,OK
2026-09-30T13:08:43.118Z,5326.244,observer,RX,baseline,0,stopped,,,00010894,0001,0894,1,7,01 00 00 0F 03 94 08,0,OK
2026-09-30T13:08:43.118Z,5326.515,observer,RX,baseline,0,stopped,,,00110894,0011,0894,1,5,01 00 00 94 08,0,OK
2026-09-30T13:08:43.123Z,5331.245,observer,RX,baseline,0,stopped,,,0001A87F,0001,A87F,1,7,01 00 00 0F 03 7F A8,0,OK
2026-09-30T13:08:43.123Z,5331.518,observer,RX,baseline,0,stopped,,,0011A87F,0011,A87F,1,5,01 00 00 7F A8,0,OK
2026-09-30T13:08:43.128Z,5336.297,observer,RX,baseline,0,stopped,,,00011C42,0001,1C42,1,7,01 00 00 0F 03 42 1C,0,OK
2026-09-30T13:08:43.128Z,5336.492,observer,RX,baseline,0,stopped,,,00111C42,0011,1C42,1,5,01 00 00 42 1C,0,OK
2026-09-30T13:08:43.133Z,5341.609,observer,RX,baseline,0,stopped,,,0001EB5B,0001,EB5B,1,7,01 00 00 0F 03 5B EB,0,OK
2026-09-30T13:08:43.133Z,5341.74,observer,RX,baseline,0,stopped,,,0011EB5B,0011,EB5B,1,5,01 00 00 5B EB,0,OK
2026-09-30T13:08:43.138Z,5346.562,observer,RX,baseline,0,stopped,,,0001C7D8,0001,C7D8,1,7,01 00 00 0F 03 D8 C7,0,OK
2026-09-30T13:08:43.138Z,5346.713,observer,RX,baseline,0,stopped,,,0011C7D8,0011,C7D8,1,5,01 00 00 D8 C7,0,OK
2026-09-30T13:08:43.143Z,5351.571,observer,RX,baseline,0,stopped,,,0001302F,0001,302F,1,7,01 00 00 0F 03 2F 30,0,OK
2026-09-30T13:08:43.143Z,5351.702,observer,RX,baseline,0,stopped,,,0011302F,0011,302F,1,5,01 00 00 2F 30,0,OK
2026-09-30T13:08:43.148Z,5356.506,observer,RX,baseline,0,stopped,,,0001EBC8,0001,EBC8,1,7,01 00 00 0F 03 C8 EB,0,OK
2026-09-30T13:08:43.148Z,5356.641,observer,RX,baseline,0,stopped,,,0011EBC8,0011,EBC8,1,5,01 00 00 C8 EB,0,OK
2026-09-30T13:08:43.153Z,5361.526,observer,RX,baseline,0,stopped,,,0001E107,0001,E107,1,7,01 00 00 0F 03 07 E1,0,OK
2026-09-30T13:08:43.153Z,5361.664,observer,RX,baseline,0,stopped,,,0011E107,0011,E107,1,5,01 00 00 07 E1,0,OK
2026-09-30T13:08:43.158Z,5366.571,observer,RX,baseline,0,stopped,,,0001E773,0001,E773,1,7,01 00 00 0F 03 73 E7,0,OK
2026-09-30T13:08:43.158Z,5366.709,observer,RX,baseline,0,stopped,,,0011E773,0011,E773,1,5,01 00 00 73 E7,0,OK
2026-09-30T13:08:43.163Z,5371.489,observer,RX,baseline,0,stopped,,,0001B531,0001,B531,1,7,01 00 00 0F 03 31 B5,0,OK
2026-09-30T13:08:43.163Z,5371.621,observer,RX,baseline,0,stopped,,,0011B531,0011,B531,1,5,01 00 00 31 B5,0,OK
2026-09-30T13:08:43.168Z,5376.582,observer,RX,baseline,0,stopped,,,000159C5,0001,59C5,1,7,01 00 00 0F 03 C5 59,0,OK
2026-09-30T13:08:43.168Z,5376.711,observer,RX,baseline,0,stopped,,,001159C5,0011,59C5,1,5,01 00 00 C5 59,0,OK
2026-09-30T13:08:43.173Z,5381.548,observer,RX,baseline,0,stopped,,,000181E8,0001,81E8,1,7,01 00 00 0F 03 E8 81,0,OK
2026-09-30T13:08:43.173Z,5381.676,observer,RX,baseline,0,stopped,,,001181E8,0011,81E8,1,5,01 00 00 E8 81,0,OK
2026-09-30T13:08:43.178Z,5386.535,observer,RX,baseline,0,stopped,,,0001A40C,0001,A40C,1,7,01 00 00 0F 03 0C A4,0,OK
2026-09-30T13:08:43.178Z,5386.665,observer,RX,baseline,0,stopped,,,0011A40C,0011,A40C,1,5,01 00 00 0C A4,0,OK
2026-09-30T13:08:43.183Z,5391.789,observer,RX,baseline,0,stopped,,,0001E06F,0001,E06F,1,7,01 00 00 0F 03 6F E0,0,OK
2026-09-30T13:08:43.183Z,5391.92,observer,RX,baseline,0,stopped,,,0011E06F,0011,E06F,1,5,01 00 00 6F E0,0,OK
2026-09-30T13:08:43.188Z,5396.653,observer,RX,baseline,0,stopped,,,000150FF,0001,50FF,1,7,01 00 00 0F 03 FF 50,0,OK
2026-09-30T13:08:43.188Z,5396.782,observer,RX,baseline,0,stopped,,,001150FF,0011,50FF,1,5,01 00 00 FF 50,0,OK
2026-09-30T13:08:43.193Z,5401.619,observer,RX,baseline,0,stopped,,,00017A85,0001,7A85,1,7,01 00 00 0F 03 85 7A,0,OK
2026-09-30T13:08:43.193Z,5401.761,observer,RX,baseline,0,stopped,,,00117A85,0011,7A85,1,5,01 00 00 85 7A,0,OK
2026-09-30T13:08:43.199Z,5407.637,observer,RX,baseline,0,stopped,,,00016298,0001,6298,1,7,01 00 00 0F 03 98 62,0,OK
2026-09-30T13:08:43.199Z,5407.768,observer,RX,baseline,0,stopped,,,00116298,0011,6298,1,5,01 00 00 98 62,0,OK
2026-09-30T13:08:43.203Z,5411.622,observer,RX,baseline,0,stopped,,,00015613,0001,5613,1,7,01 00 00 0F 03 13 56,0,OK
2026-09-30T13:08:43.203Z,5411.753,observer,RX,baseline,0,stopped,,,00115613,0011,5613,1,5,01 00 00 13 56,0,OK
2026-09-30T13:08:43.209Z,5417.637,observer,RX,baseline,0,stopped,,,0001D424,0001,D424,1,7,01 00 00 0F 03 24 D4,0,OK
2026-09-30T13:08:43.209Z,5417.767,observer,RX,baseline,0,stopped,,,0011D424,0011,D424,1,5,01 00 00 24 D4,0,OK
2026-09-30T13:08:43.213Z,5421.646,observer,RX,baseline,0,stopped,,,00011A8A,0001,1A8A,1,7,01 00 00 0F 03 8A 1A,0,OK
2026-09-30T13:08:43.213Z,5421.775,observer,RX,baseline,0,stopped,,,00111A8A,0011,1A8A,1,5,01 00 00 8A 1A,0,OK
2026-09-30T13:08:43.218Z,5426.262,observer,RX,baseline,0,stopped,,,00015EBD,0001,5EBD,1,7,01 00 00 0F 03 BD 5E,0,OK
2026-09-30T13:08:43.218Z,5426.392,observer,RX,baseline,0,stopped,,,00115EBD,0011,5EBD,1,5,01 00 00 BD 5E,0,OK
2026-09-30T13:08:43.223Z,5431.206,observer,RX,baseline,0,stopped,,,0001A642,0001,A642,1,7,01 00 00 0F 03 42 A6,0,OK
2026-09-30T13:08:43.223Z,5431.456,observer,RX,baseline,0,stopped,,,0011A642,0011,A642,1,5,01 00 00 42 A6,0,OK
2026-09-30T13:08:43.228Z,5436.872,observer,RX,baseline,0,stopped,,,0001690B,0001,690B,1,7,01 00 00 0F 03 0B 69,0,OK
2026-09-30T13:08:43.229Z,5437.006,observer,RX,baseline,0,stopped,,,0011690B,0011,690B,1,5,01 00 00 0B 69,0,OK
2026-09-30T13:08:43.233Z,5441.294,observer,RX,baseline,0,stopped,,,0001C3E0,0001,C3E0,1,7,01 00 00 0F 03 E0 C3,0,OK
2026-09-30T13:08:43.233Z,5441.465,observer,RX,baseline,0,stopped,,,0011C3E0,0011,C3E0,1,5,01 00 00 E0 C3,0,OK
2026-09-30T13:08:43.239Z,5447.637,observer,RX,baseline,0,stopped,,,0001ABF6,0001,ABF6,1,7,01 00 00 0F 04 F6 AB,0,OK
2026-09-30T13:08:43.239Z,5447.783,observer,RX,baseline,0,stopped,,,0011ABF6,0011,ABF6,1,5,01 00 00 F6 AB,0,OK
2026-09-30T13:08:43.243Z,5451.492,observer,RX,baseline,0,stopped,,,00016F8B,0001,6F8B,1,7,01 00 00 0F 03 8B 6F,0,OK
2026-09-30T13:08:43.243Z,5451.625,observer,RX,baseline,0,stopped,,,00116F8B,0011,6F8B,1,5,01 00 00 8B 6F,0,OK
2026-09-30T13:08:43.249Z,5457.577,observer,RX,baseline,0,stopped,,,00014CBA,0001,4CBA,1,7,01 00 00 0F 03 BA 4C,0,OK
2026-09-30T13:08:43.249Z,5457.711,observer,RX,baseline,0,stopped,,,00114CBA,0011,4CBA,1,5,01 00 00 BA 4C,0,OK
2026-09-30T13:08:43.253Z,5461.614,observer,RX,baseline,0,stopped,,,00018D7B,0001,8D7B,1,7,01 00 00 0F 03 7B 8D,0,OK
2026-09-30T13:08:43.253Z,5461.824,observer,RX,baseline,0,stopped,,,00118D7B,0011,8D7B,1,5,01 00 00 7B 8D,0,OK
2026-09-30T13:08:43.258Z,5466.202,observer,RX,baseline,0,stopped,,,0001D576,0001,D576,1,7,01 00 00 0F 03 76 D5,0,OK
2026-09-30T13:08:43.258Z,5466.422,observer,RX,baseline,0,stopped,,,0011D576,0011,D576,1,5,01 00 00 76 D5,0,OK
2026-09-30T13:08:43.263Z,5471.253,observer,RX,baseline,0,stopped,,,0001731D,0001,731D,1,7,01 00 00 0F 03 1D 73,0,OK
2026-09-30T13:08:43.263Z,5471.518,observer,RX,baseline,0,stopped,,,0011731D,0011,731D,1,5,01 00 00 1D 73,0,OK
2026-09-30T13:08:43.268Z,5476.809,observer,RX,baseline,0,stopped,,,0001E02B,0001,E02B,1,7,01 00 00 0F 03 2B E0,0,OK
2026-09-30T13:08:43.268Z,5476.937,observer,RX,baseline,0,stopped,,,0011E02B,0011,E02B,1,5,01 00 00 2B E0,0,OK
2026-09-30T13:08:43.273Z,5481.638,observer,RX,baseline,0,stopped,,,0001E5F0,0001,E5F0,1,7,01 00 00 0F 03 F0 E5,0,OK
2026-09-30T13:08:43.273Z,5481.763,observer,RX,baseline,0,stopped,,,0011E5F0,0011,E5F0,1,5,01 00 00 F0 E5,0,OK
2026-09-30T13:08:43.279Z,5487.607,observer,RX,baseline,0,stopped,,,0001DCCD,0001,DCCD,1,7,01 00 00 0F 03 CD DC,0,OK
2026-09-30T13:08:43.279Z,5487.737,observer,RX,baseline,0,stopped,,,0011DCCD,0011,DCCD,1,5,01 00 00 CD DC,0,OK
2026-09-30T13:08:43.283Z,5491.848,observer,RX,baseline,0,stopped,,,00018EBB,0001,8EBB,1,7,01 00 00 0F 03 BB 8E,0,OK
2026-09-30T13:08:43.284Z,5491.983,observer,RX,baseline,0,stopped,,,00118EBB,0011,8EBB,1,5,01 00 00 BB 8E,0,OK
2026-09-30T13:08:43.288Z,5496.674,observer,RX,baseline,0,stopped,,,0001E9CD,0001,E9CD,1,7,01 00 00 0F 03 CD E9,0,OK
2026-09-30T13:08:43.288Z,5496.813,observer,RX,baseline,0,stopped,,,0011E9CD,0011,E9CD,1,5,01 00 00 CD E9,0,OK
2026-09-30T13:08:43.293Z,5501.39,observer,RX,baseline,0,stopped,,,0001F1CD,0001,F1CD,1,7,01 00 00 0F 03 CD F1,0,OK
2026-09-30T13:08:43.293Z,5501.519,observer,RX,baseline,0,stopped,,,0011F1CD,0011,F1CD,1,5,01 00 00 CD F1,0,OK
2026-09-30T13:08:43.298Z,5506.706,observer,RX,baseline,0,stopped,,,0001E74B,0001,E74B,1,7,01 00 00 0F 03 4B E7,0,OK
2026-09-30T13:08:43.298Z,5506.835,observer,RX,baseline,0,stopped,,,0011E74B,0011,E74B,1,5,01 00 00 4B E7,0,OK
2026-09-30T13:08:43.303Z,5511.688,observer,RX,baseline,0,stopped,,,0001EC70,0001,EC70,1,7,01 00 00 0F 03 70 EC,0,OK
2026-09-30T13:08:43.303Z,5511.82,observer,RX,baseline,0,stopped,,,0011EC70,0011,EC70,1,5,01 00 00 70 EC,0,OK
2026-09-30T13:08:43.308Z,5516.765,observer,RX,baseline,0,stopped,,,0001E3CC,0001,E3CC,1,7,01 00 00 0F 03 CC E3,0,OK
2026-09-30T13:08:43.308Z,5516.896,observer,RX,baseline,0,stopped,,,0011E3CC,0011,E3CC,1,5,01 00 00 CC E3,0,OK
2026-09-30T13:08:43.313Z,5521.717,observer,RX,baseline,0,stopped,,,000149A7,0001,49A7,1,7,01 00 00 0F 03 A7 49,0,OK
2026-09-30T13:08:43.313Z,5521.844,observer,RX,baseline,0,stopped,,,001149A7,0011,49A7,1,5,01 00 00 A7 49,0,OK
2026-09-30T13:08:43.318Z,5526.719,observer,RX,baseline,0,stopped,,,00011227,0001,1227,1,7,01 00 00 0F 03 27 12,0,OK
2026-09-30T13:08:43.318Z,5526.853,observer,RX,baseline,0,stopped,,,00111227,0011,1227,1,5,01 00 00 27 12,0,OK
2026-09-30T13:08:43.323Z,5531.718,observer,RX,baseline,0,stopped,,,0001F400,0001,F400,1,7,01 00 00 0F 03 00 F4,0,OK
2026-09-30T13:08:43.323Z,5531.846,observer,RX,baseline,0,stopped,,,0011F400,0011,F400,1,5,01 00 00 00 F4,0,OK
2026-09-30T13:08:43.328Z,5536.324,observer,RX,baseline,0,stopped,,,00014B10,0001,4B10,1,7,01 00 00 0F 03 10 4B,0,OK
2026-09-30T13:08:43.328Z,5536.469,observer,RX,baseline,0,stopped,,,00114B10,0011,4B10,1,5,01 00 00 10 4B,0,OK
2026-09-30T13:08:43.333Z,5541.408,observer,RX,baseline,0,stopped,,,00017BF3,0001,7BF3,1,7,01 00 00 0F 03 F3 7B,0,OK
2026-09-30T13:08:43.333Z,5541.531,observer,RX,baseline,0,stopped,,,00117BF3,0011,7BF3,1,5,01 00 00 F3 7B,0,OK
2026-09-30T13:08:43.338Z,5546.413,observer,RX,baseline,0,stopped,,,0001515E,0001,515E,1,7,01 00 00 0F 03 5E 51,0,OK
2026-09-30T13:08:43.338Z,5546.522,observer,RX,baseline,0,stopped,,,0011515E,0011,515E,1,5,01 00 00 5E 51,0,OK
2026-09-30T13:08:43.343Z,5551.164,observer,RX,baseline,0,stopped,,,00017624,0001,7624,1,7,01 00 00 0F 03 24 76,0,OK
2026-09-30T13:08:43.343Z,5551.445,observer,RX,baseline,0,stopped,,,00117624,0011,7624,1,5,01 00 00 24 76,0,OK
2026-09-30T13:08:43.348Z,5556.203,observer,RX,baseline,0,stopped,,,0001FB06,0001,FB06,1,7,01 00 00 0F 03 06 FB,0,OK
2026-09-30T13:08:43.348Z,5556.477,observer,RX,baseline,0,stopped,,,0011FB06,0011,FB06,1,5,01 00 00 06 FB,0,OK
2026-09-30T13:08:43.353Z,5561.355,observer,RX,baseline,0,stopped,,,00018A94,0001,8A94,1,7,01 00 00 0F 03 94 8A,0,OK
2026-09-30T13:08:43.353Z,5561.47,observer,RX,baseline,0,stopped,,,00118A94,0011,8A94,1,5,01 00 00 94 8A,0,OK
2026-09-30T13:08:43.358Z,5566.214,observer,RX,baseline,0,stopped,,,0001395C,0001,395C,1,7,01 00 00 0F 03 5C 39,0,OK
2026-09-30T13:08:43.358Z,5566.498,observer,RX,baseline,0,stopped,,,0011395C,0011,395C,1,5,01 00 00 5C 39,0,OK
2026-09-30T13:08:43.363Z,5571.213,observer,RX,baseline,0,stopped,,,00019575,0001,9575,1,7,01 00 00 0F 03 75 95,0,OK
2026-09-30T13:08:43.363Z,5571.492,observer,RX,baseline,0,stopped,,,00119575,0011,9575,1,5,01 00 00 75 95,0,OK
2026-09-30T13:08:43.368Z,5576.233,observer,RX,baseline,0,stopped,,,00017220,0001,7220,1,7,01 00 00 0F 03 20 72,0,OK
2026-09-30T13:08:43.368Z,5576.439,observer,RX,baseline,0,stopped,,,00117220,0011,7220,1,5,01 00 00 20 72,0,OK
2026-09-30T13:08:43.373Z,5581.171,observer,RX,baseline,0,stopped,,,00019838,0001,9838,1,7,01 00 00 0F 03 38 98,0,OK
2026-09-30T13:08:43.373Z,5581.458,observer,RX,baseline,0,stopped,,,00119838,0011,9838,1,5,01 00 00 38 98,0,OK
2026-09-30T13:08:43.378Z,5586.209,observer,RX,baseline,0,stopped,,,0001D35C,0001,D35C,1,7,01 00 00 0F 03 5C D3,0,OK
2026-09-30T13:08:43.378Z,5586.46,observer,RX,baseline,0,stopped,,,0011D35C,0011,D35C,1,5,01 00 00 5C D3,0,OK
2026-09-30T13:08:43.383Z,5591.208,observer,RX,baseline,0,stopped,,,00010D23,0001,0D23,1,7,01 00 00 0F 03 23 0D,0,OK
2026-09-30T13:08:43.383Z,5591.457,observer,RX,baseline,0,stopped,,,00110D23,0011,0D23,1,5,01 00 00 23 0D,0,OK
2026-09-30T13:08:43.388Z,5596.247,observer,RX,baseline,0,stopped,,,00012B1C,0001,2B1C,1,7,01 00 00 0F 03 1C 2B,0,OK
2026-09-30T13:08:43.388Z,5596.461,observer,RX,baseline,0,stopped,,,00112B1C,0011,2B1C,1,5,01 00 00 1C 2B,0,OK
2026-09-30T13:08:43.393Z,5601.222,observer,RX,baseline,0,stopped,,,00016562,0001,6562,1,7,01 00 00 0F 03 62 65,0,OK
2026-09-30T13:08:43.393Z,5601.443,observer,RX,baseline,0,stopped,,,00116562,0011,6562,1,5,01 00 00 62 65,0,OK
2026-09-30T13:08:43.398Z,5606.397,observer,RX,baseline,0,stopped,,,00014C8F,0001,4C8F,1,7,01 00 00 0F 03 8F 4C,0,OK
2026-09-30T13:08:43.398Z,5606.513,observer,RX,baseline,0,stopped,,,00114C8F,0011,4C8F,1,5,01 00 00 8F 4C,0,OK
2026-09-30T13:08:43.403Z,5611.376,observer,RX,baseline,0,stopped,,,0001116D,0001,116D,1,7,01 00 00 0F 03 6D 11,0,OK
2026-09-30T13:08:43.403Z,5611.451,observer,RX,baseline,0,stopped,,,0011116D,0011,116D,1,5,01 00 00 6D 11,0,OK
2026-09-30T13:08:43.408Z,5616.403,observer,RX,baseline,0,stopped,,,0001E307,0001,E307,1,7,01 00 00 0F 03 07 E3,0,OK
2026-09-30T13:08:43.408Z,5616.511,observer,RX,baseline,0,stopped,,,0011E307,0011,E307,1,5,01 00 00 07 E3,0,OK
2026-09-30T13:08:43.413Z,5621.214,observer,RX,baseline,0,stopped,,,0001E545,0001,E545,1,7,01 00 00 0F 03 45 E5,0,OK
2026-09-30T13:08:43.413Z,5621.463,observer,RX,baseline,0,stopped,,,0011E545,0011,E545,1,5,01 00 00 45 E5,0,OK
2026-09-30T13:08:43.418Z,5626.24,observer,RX,baseline,0,stopped,,,00010BFE,0001,0BFE,1,7,01 00 00 0F 03 FE 0B,0,OK
2026-09-30T13:08:43.418Z,5626.461,observer,RX,baseline,0,stopped,,,00110BFE,0011,0BFE,1,5,01 00 00 FE 0B,0,OK
2026-09-30T13:08:43.423Z,5631.232,observer,RX,baseline,0,stopped,,,000175D0,0001,75D0,1,7,01 00 00 0F 03 D0 75,0,OK
2026-09-30T13:08:43.423Z,5631.478,observer,RX,baseline,0,stopped,,,001175D0,0011,75D0,1,5,01 00 00 D0 75,0,OK
2026-09-30T13:08:43.428Z,5636.212,observer,RX,baseline,0,stopped,,,0001E800,0001,E800,1,7,01 00 00 0F 03 00 E8,0,OK
2026-09-30T13:08:43.428Z,5636.491,observer,RX,baseline,0,stopped,,,0011E800,0011,E800,1,5,01 00 00 00 E8,0,OK
2026-09-30T13:08:43.433Z,5641.209,observer,RX,baseline,0,stopped,,,0001D257,0001,D257,1,7,01 00 00 0F 03 57 D2,0,OK
2026-09-30T13:08:43.433Z,5641.481,observer,RX,baseline,0,stopped,,,0011D257,0011,D257,1,5,01 00 00 57 D2,0,OK
2026-09-30T13:08:43.438Z,5646.217,observer,RX,baseline,0,stopped,,,00012B2F,0001,2B2F,1,7,01 00 00 0F 03 2F 2B,0,OK
2026-09-30T13:08:43.438Z,5646.461,observer,RX,baseline,0,stopped,,,00112B2F,0011,2B2F,1,5,01 00 00 2F 2B,0,OK
2026-09-30T13:08:43.443Z,5651.757,observer,RX,baseline,0,stopped,,,0001B4FC,0001,B4FC,1,7,01 00 00 0F 03 FC B4,0,OK
2026-09-30T13:08:43.443Z,5651.889,observer,RX,baseline,0,stopped,,,0011B4FC,0011,B4FC,1,5,01 00 00 FC B4,0,OK
2026-09-30T13:08:43.448Z,5656.532,observer,RX,baseline,0,stopped,,,000180BC,0001,80BC,1,7,01 00 00 0F 03 BC 80,0,OK
2026-09-30T13:08:43.448Z,5656.663,observer,RX,baseline,0,stopped,,,001180BC,0011,80BC,1,5,01 00 00 BC 80,0,OK
2026-09-30T13:08:43.453Z,5661.299,observer,RX,baseline,0,stopped,,,000132A0,0001,32A0,1,7,01 00 00 0F 03 A0 32,0,OK
2026-09-30T13:08:43.453Z,5661.435,observer,RX,baseline,0,stopped,,,001132A0,0011,32A0,1,5,01 00 00 A0 32,0,OK
2026-09-30T13:08:43.458Z,5666.259,observer,RX,baseline,0,stopped,,,00019188,0001,9188,1,7,01 00 00 0F 03 88 91,0,OK
2026-09-30T13:08:43.458Z,5666.471,observer,RX,baseline,0,stopped,,,00119188,0011,9188,1,5,01 00 00 88 91,0,OK
2026-09-30T13:08:43.463Z,5671.756,observer,RX,baseline,0,stopped,,,00010E8A,0001,0E8A,1,7,01 00 00 0F 03 8A 0E,0,OK
2026-09-30T13:08:43.463Z,5671.897,observer,RX,baseline,0,stopped,,,00110E8A,0011,0E8A,1,5,01 00 00 8A 0E,0,OK
2026-09-30T13:08:43.468Z,5676.262,observer,RX,baseline,0,stopped,,,000114CD,0001,14CD,1,7,01 00 00 0F 03 CD 14,0,OK
2026-09-30T13:08:43.468Z,5676.402,observer,RX,baseline,0,stopped,,,001114CD,0011,14CD,1,5,01 00 00 CD 14,0,OK
2026-09-30T13:08:43.473Z,5681.699,observer,RX,baseline,0,stopped,,,0001F7D5,0001,F7D5,1,7,01 00 00 0F 03 D5 F7,0,OK
2026-09-30T13:08:43.473Z,5681.866,observer,RX,baseline,0,stopped,,,0011F7D5,0011,F7D5,1,5,01 00 00 D5 F7,0,OK
2026-09-30T13:08:43.478Z,5686.243,observer,RX,baseline,0,stopped,,,00019A76,0001,9A76,1,7,01 00 00 0F 03 76 9A,0,OK
2026-09-30T13:08:43.478Z,5686.448,observer,RX,baseline,0,stopped,,,00119A76,0011,9A76,1,5,01 00 00 76 9A,0,OK
2026-09-30T13:08:43.483Z,5691.808,observer,RX,baseline,0,stopped,,,0001826E,0001,826E,1,7,01 00 00 0F 03 6E 82,0,OK
2026-09-30T13:08:43.483Z,5691.944,observer,RX,baseline,0,stopped,,,0011826E,0011,826E,1,5,01 00 00 6E 82,0,OK
2026-09-30T13:08:43.488Z,5696.757,observer,RX,baseline,0,stopped,,,0001A9A1,0001,A9A1,1,7,01 00 00 0F 03 A1 A9,0,OK
2026-09-30T13:08:43.488Z,5696.92,observer,RX,baseline,0,stopped,,,0011A9A1,0011,A9A1,1,5,01 00 00 A1 A9,0,OK
2026-09-30T13:08:43.493Z,5701.299,observer,RX,baseline,0,stopped,,,00017B28,0001,7B28,1,7,01 00 00 0F 03 28 7B,0,OK
2026-09-30T13:08:43.493Z,5701.428,observer,RX,baseline,0,stopped,,,00117B28,0011,7B28,1,5,01 00 00 28 7B,0,OK
2026-09-30T13:08:43.498Z,5706.418,observer,RX,baseline,0,stopped,,,0001EE4D,0001,EE4D,1,7,01 00 00 0F 03 4D EE,0,OK
2026-09-30T13:08:43.498Z,5706.551,observer,RX,baseline,0,stopped,,,0011EE4D,0011,EE4D,1,5,01 00 00 4D EE,0,OK
2026-09-30T13:08:43.503Z,5711.349,observer,RX,baseline,0,stopped,,,0001F22D,0001,F22D,1,7,01 00 00 0F 03 2D F2,0,OK
2026-09-30T13:08:43.503Z,5711.477,observer,RX,baseline,0,stopped,,,0011F22D,0011,F22D,1,5,01 00 00 2D F2,0,OK
2026-09-30T13:08:43.508Z,5716.342,observer,RX,baseline,0,stopped,,,0001044B,0001,044B,1,7,01 00 00 0F 03 4B 04,0,OK
2026-09-30T13:08:43.508Z,5716.479,observer,RX,baseline,0,stopped,,,0011044B,0011,044B,1,5,01 00 00 4B 04,0,OK
2026-09-30T13:08:43.513Z,5721.421,observer,RX,baseline,0,stopped,,,000120DC,0001,20DC,1,7,01 00 00 0F 03 DC 20,0,OK
2026-09-30T13:08:43.513Z,5721.55,observer,RX,baseline,0,stopped,,,001120DC,0011,20DC,1,5,01 00 00 DC 20,0,OK
2026-09-30T13:08:43.518Z,5726.336,observer,RX,baseline,0,stopped,,,00015DED,0001,5DED,1,7,01 00 00 0F 03 ED 5D,0,OK
2026-09-30T13:08:43.518Z,5726.466,observer,RX,baseline,0,stopped,,,00115DED,0011,5DED,1,5,01 00 00 ED 5D,0,OK
2026-09-30T13:08:43.523Z,5731.468,observer,RX,baseline,0,stopped,,,00012BCE,0001,2BCE,1,7,01 00 00 0F 03 CE 2B,0,OK
2026-09-30T13:08:43.523Z,5731.6,observer,RX,baseline,0,stopped,,,00112BCE,0011,2BCE,1,5,01 00 00 CE 2B,0,OK
2026-09-30T13:08:43.528Z,5736.208,observer,RX,baseline,0,stopped,,,00012403,0001,2403,1,7,01 00 00 0F 03 03 24,0,OK
2026-09-30T13:08:43.528Z,5736.39,observer,RX,baseline,0,stopped,,,00112403,0011,2403,1,5,01 00 00 03 24,0,OK
2026-09-30T13:08:43.533Z,5741.131,observer,RX,baseline,0,stopped,,,0001E79A,0001,E79A,1,7,01 00 00 0F 03 9A E7,0,OK
2026-09-30T13:08:43.533Z,5741.391,observer,RX,baseline,0,stopped,,,0011E79A,0011,E79A,1,5,01 00 00 9A E7,0,OK
2026-09-30T13:08:43.538Z,5746.106,observer,RX,baseline,0,stopped,,,00019929,0001,9929,1,7,01 00 00 0F 03 29 99,0,OK
2026-09-30T13:08:43.538Z,5746.383,observer,RX,baseline,0,stopped,,,00119929,0011,9929,1,5,01 00 00 29 99,0,OK
2026-09-30T13:08:43.543Z,5751.311,observer,RX,baseline,0,stopped,,,0001EE91,0001,EE91,1,7,01 00 00 0F 03 91 EE,0,OK
2026-09-30T13:08:43.543Z,5751.392,observer,RX,baseline,0,stopped,,,0011EE91,0011,EE91,1,5,01 00 00 91 EE,0,OK
2026-09-30T13:08:43.548Z,5756.294,observer,RX,baseline,0,stopped,,,0001796E,0001,796E,1,7,01 00 00 0F 03 6E 79,0,OK
2026-09-30T13:08:43.548Z,5756.399,observer,RX,baseline,0,stopped,,,0011796E,0011,796E,1,5,01 00 00 6E 79,0,OK
2026-09-30T13:08:43.553Z,5761.152,observer,RX,baseline,0,stopped,,,0001DB86,0001,DB86,1,7,01 00 00 0F 03 86 DB,0,OK
2026-09-30T13:08:43.553Z,5761.39,observer,RX,baseline,0,stopped,,,0011DB86,0011,DB86,1,5,01 00 00 86 DB,0,OK
2026-09-30T13:08:43.558Z,5766.145,observer,RX,baseline,0,stopped,,,000123E7,0001,23E7,1,7,01 00 00 0F 03 E7 23,0,OK
2026-09-30T13:08:43.558Z,5766.385,observer,RX,baseline,0,stopped,,,001123E7,0011,23E7,1,5,01 00 00 E7 23,0,OK
2026-09-30T13:08:43.563Z,5771.15,observer,RX,baseline,0,stopped,,,00010D61,0001,0D61,1,7,01 00 00 0F 03 61 0D,0,OK
2026-09-30T13:08:43.563Z,5771.387,observer,RX,baseline,0,stopped,,,00110D61,0011,0D61,1,5,01 00 00 61 0D,0,OK
2026-09-30T13:08:43.568Z,5776.375,observer,RX,baseline,0,stopped,,,0001369D,0001,369D,1,7,01 00 00 0F 03 9D 36,0,OK
2026-09-30T13:08:43.568Z,5776.473,observer,RX,baseline,0,stopped,,,0011369D,0011,369D,1,5,01 00 00 9D 36,0,OK
2026-09-30T13:08:43.573Z,5781.361,observer,RX,baseline,0,stopped,,,0001D10F,0001,D10F,1,7,01 00 00 0F 03 0F D1,0,OK
2026-09-30T13:08:43.573Z,5781.452,observer,RX,baseline,0,stopped,,,0011D10F,0011,D10F,1,5,01 00 00 0F D1,0,OK
2026-09-30T13:08:43.578Z,5786.372,observer,RX,baseline,0,stopped,,,0001FA05,0001,FA05,1,7,01 00 00 0F 03 05 FA,0,OK
2026-09-30T13:08:43.578Z,5786.468,observer,RX,baseline,0,stopped,,,0011FA05,0011,FA05,1,5,01 00 00 05 FA,0,OK
2026-09-30T13:08:43.583Z,5791.309,observer,RX,baseline,0,stopped,,,0001770A,0001,770A,1,7,01 00 00 0F 03 0A 77,0,OK
2026-09-30T13:08:43.583Z,5791.386,observer,RX,baseline,0,stopped,,,0011770A,0011,770A,1,5,01 00 00 0A 77,0,OK
2026-09-30T13:08:43.588Z,5796.352,observer,RX,baseline,0,stopped,,,0001A7D7,0001,A7D7,1,7,01 00 00 0F 03 D7 A7,0,OK
2026-09-30T13:08:43.588Z,5796.458,observer,RX,baseline,0,stopped,,,0011A7D7,0011,A7D7,1,5,01 00 00 D7 A7,0,OK
2026-09-30T13:08:43.593Z,5801.142,observer,RX,baseline,0,stopped,,,0001DB89,0001,DB89,1,7,01 00 00 0F 03 89 DB,0,OK
2026-09-30T13:08:43.593Z,5801.388,observer,RX,baseline,0,stopped,,,0011DB89,0011,DB89,1,5,01 00 00 89 DB,0,OK
2026-09-30T13:08:43.598Z,5806.147,observer,RX,baseline,0,stopped,,,00018A01,0001,8A01,1,7,01 00 00 0F 03 01 8A,0,OK
2026-09-30T13:08:43.598Z,5806.38,observer,RX,baseline,0,stopped,,,00118A01,0011,8A01,1,5,01 00 00 01 8A,0,OK
2026-09-30T13:08:43.603Z,5811.225,observer,RX,baseline,0,stopped,,,00013829,0001,3829,1,7,01 00 00 0F 03 29 38,0,OK
2026-09-30T13:08:43.603Z,5811.388,observer,RX,baseline,0,stopped,,,00113829,0011,3829,1,5,01 00 00 29 38,0,OK
2026-09-30T13:08:43.608Z,5816.147,observer,RX,baseline,0,stopped,,,00017D16,0001,7D16,1,7,01 00 00 0F 03 16 7D,0,OK
2026-09-30T13:08:43.608Z,5816.385,observer,RX,baseline,0,stopped,,,00117D16,0011,7D16,1,5,01 00 00 16 7D,0,OK
2026-09-30T13:08:43.613Z,5821.146,observer,RX,baseline,0,stopped,,,0001CF7C,0001,CF7C,1,7,01 00 00 0F 03 7C CF,0,OK
2026-09-30T13:08:43.613Z,5821.385,observer,RX,baseline,0,stopped,,,0011CF7C,0011,CF7C,1,5,01 00 00 7C CF,0,OK
2026-09-30T13:08:43.618Z,5826.144,observer,RX,baseline,0,stopped,,,00016657,0001,6657,1,7,01 00 00 0F 03 57 66,0,OK
2026-09-30T13:08:43.618Z,5826.359,observer,RX,baseline,0,stopped,,,00116657,0011,6657,1,5,01 00 00 57 66,0,OK
2026-09-30T13:08:43.623Z,5831.15,observer,RX,baseline,0,stopped,,,0001B2E6,0001,B2E6,1,7,01 00 00 0F 03 E6 B2,0,OK
2026-09-30T13:08:43.623Z,5831.387,observer,RX,baseline,0,stopped,,,0011B2E6,0011,B2E6,1,5,01 00 00 E6 B2,0,OK
2026-09-30T13:08:43.628Z,5836.151,observer,RX,baseline,0,stopped,,,00012851,0001,2851,1,7,01 00 00 0F 03 51 28,0,OK
2026-09-30T13:08:43.628Z,5836.357,observer,RX,baseline,0,stopped,,,00112851,0011,2851,1,5,01 00 00 51 28,0,OK
2026-09-30T13:08:43.633Z,5841.152,observer,RX,baseline,0,stopped,,,0001FCB9,0001,FCB9,1,7,01 00 00 0F 03 B9 FC,0,OK
2026-09-30T13:08:43.633Z,5841.388,observer,RX,baseline,0,stopped,,,0011FCB9,0011,FCB9,1,5,01 00 00 B9 FC,0,OK
2026-09-30T13:08:43.638Z,5846.145,observer,RX,baseline,0,stopped,,,00011DA8,0001,1DA8,1,7,01 00 00 0F 03 A8 1D,0,OK
2026-09-30T13:08:43.638Z,5846.358,observer,RX,baseline,0,stopped,,,00111DA8,0011,1DA8,1,5,01 00 00 A8 1D,0,OK
2026-09-30T13:08:43.643Z,5851.302,observer,RX,baseline,0,stopped,,,00017463,0001,7463,1,7,01 00 00 0F 03 63 74,0,OK
2026-09-30T13:08:43.643Z,5851.393,observer,RX,baseline,0,stopped,,,00117463,0011,7463,1,5,01 00 00 63 74,0,OK
2026-09-30T13:08:43.648Z,5856.144,observer,RX,baseline,0,stopped,,,0001187E,0001,187E,1,7,01 00 00 0F 03 7E 18,0,OK
2026-09-30T13:08:43.648Z,5856.374,observer,RX,baseline,0,stopped,,,0011187E,0011,187E,1,5,01 00 00 7E 18,0,OK
2026-09-30T13:08:43.653Z,5861.15,observer,RX,baseline,0,stopped,,,00019830,0001,9830,1,7,01 00 00 0F 03 30 98,0,OK
2026-09-30T13:08:43.653Z,5861.386,observer,RX,baseline,0,stopped,,,00119830,0011,9830,1,5,01 00 00 30 98,0,OK
2026-09-30T13:08:43.658Z,5866.149,observer,RX,baseline,0,stopped,,,00011D9F,0001,1D9F,1,7,01 00 00 0F 03 9F 1D,0,OK
2026-09-30T13:08:43.658Z,5866.386,observer,RX,baseline,0,stopped,,,00111D9F,0011,1D9F,1,5,01 00 00 9F 1D,0,OK
2026-09-30T13:08:43.663Z,5871.188,observer,RX,baseline,0,stopped,,,00017FF2,0001,7FF2,1,7,01 00 00 0F 03 F2 7F,0,OK
2026-09-30T13:08:43.663Z,5871.384,observer,RX,baseline,0,stopped,,,00117FF2,0011,7FF2,1,5,01 00 00 F2 7F,0,OK
2026-09-30T13:08:43.668Z,5876.272,observer,RX,baseline,0,stopped,,,00011556,0001,1556,1,7,01 00 00 0F 03 56 15,0,OK
2026-09-30T13:08:43.668Z,5876.394,observer,RX,baseline,0,stopped,,,00111556,0011,1556,1,5,01 00 00 56 15,0,OK
2026-09-30T13:08:43.673Z,5881.312,observer,RX,baseline,0,stopped,,,00015D84,0001,5D84,1,7,01 00 00 0F 03 84 5D,0,OK
2026-09-30T13:08:43.673Z,5881.445,observer,RX,baseline,0,stopped,,,00115D84,0011,5D84,1,5,01 00 00 84 5D,0,OK
2026-09-30T13:08:43.678Z,5886.196,observer,RX,baseline,0,stopped,,,00016093,0001,6093,1,7,01 00 00 0F 03 93 60,0,OK
2026-09-30T13:08:43.678Z,5886.385,observer,RX,baseline,0,stopped,,,00116093,0011,6093,1,5,01 00 00 93 60,0,OK
2026-09-30T13:08:43.683Z,5891.191,observer,RX,baseline,0,stopped,,,00012C09,0001,2C09,1,7,01 00 00 0F 03 09 2C,0,OK
2026-09-30T13:08:43.683Z,5891.405,observer,RX,baseline,0,stopped,,,00112C09,0011,2C09,1,5,01 00 00 09 2C,0,OK
2026-09-30T13:08:43.688Z,5896.195,observer,RX,baseline,0,stopped,,,000193D5,0001,93D5,1,7,01 00 00 0F 03 D5 93,0,OK
2026-09-30T13:08:43.688Z,5896.358,observer,RX,baseline,0,stopped,,,001193D5,0011,93D5,1,5,01 00 00 D5 93,0,OK
2026-09-30T13:08:43.693Z,5901.149,observer,RX,baseline,0,stopped,,,0001185A,0001,185A,1,7,01 00 00 0F 03 5A 18,0,OK
2026-09-30T13:08:43.693Z,5901.394,observer,RX,baseline,0,stopped,,,0011185A,0011,185A,1,5,01 00 00 5A 18,0,OK
2026-09-30T13:08:43.698Z,5906.15,observer,RX,baseline,0,stopped,,,00015DEB,0001,5DEB,1,7,01 00 00 0F 03 EB 5D,0,OK
2026-09-30T13:08:43.698Z,5906.396,observer,RX,baseline,0,stopped,,,00115DEB,0011,5DEB,1,5,01 00 00 EB 5D,0,OK
2026-09-30T13:08:43.703Z,5911.145,observer,RX,baseline,0,stopped,,,000160F5,0001,60F5,1,7,01 00 00 0F 03 F5 60,0,OK
2026-09-30T13:08:43.703Z,5911.385,observer,RX,baseline,0,stopped,,,001160F5,0011,60F5,1,5,01 00 00 F5 60,0,OK
2026-09-30T13:08:43.708Z,5916.15,observer,RX,baseline,0,stopped,,,0001F788,0001,F788,1,7,01 00 00 0F 03 88 F7,0,OK
2026-09-30T13:08:43.708Z,5916.395,observer,RX,baseline,0,stopped,,,0011F788,0011,F788,1,5,01 00 00 88 F7,0,OK
2026-09-30T13:08:43.713Z,5921.097,observer,RX,baseline,0,stopped,,,00013D74,0001,3D74,1,7,01 00 00 0F 03 74 3D,0,OK
2026-09-30T13:08:43.713Z,5921.327,observer,RX,baseline,0,stopped,,,00113D74,0011,3D74,1,5,01 00 00 74 3D,0,OK
2026-09-30T13:08:43.718Z,5926.108,observer,RX,baseline,0,stopped,,,0001C145,0001,C145,1,7,01 00 00 0F 03 45 C1,0,OK
2026-09-30T13:08:43.718Z,5926.348,observer,RX,baseline,0,stopped,,,0011C145,0011,C145,1,5,01 00 00 45 C1,0,OK
2026-09-30T13:08:43.723Z,5931.107,observer,RX,baseline,0,stopped,,,00018150,0001,8150,1,7,01 00 00 0F 03 50 81,0,OK
2026-09-30T13:08:43.723Z,5931.349,observer,RX,baseline,0,stopped,,,00118150,0011,8150,1,5,01 00 00 50 81,0,OK
2026-09-30T13:08:43.728Z,5936.119,observer,RX,baseline,0,stopped,,,0001E885,0001,E885,1,7,01 00 00 0F 03 85 E8,0,OK
2026-09-30T13:08:43.728Z,5936.361,observer,RX,baseline,0,stopped,,,0011E885,0011,E885,1,5,01 00 00 85 E8,0,OK
2026-09-30T13:08:43.733Z,5941.151,observer,RX,baseline,0,stopped,,,00016F80,0001,6F80,1,7,01 00 00 0F 03 80 6F,0,OK
2026-09-30T13:08:43.733Z,5941.386,observer,RX,baseline,0,stopped,,,00116F80,0011,6F80,1,5,01 00 00 80 6F,0,OK
2026-09-30T13:08:43.738Z,5946.187,observer,RX,baseline,0,stopped,,,00014C54,0001,4C54,1,7,01 00 00 0F 03 54 4C,0,OK
2026-09-30T13:08:43.738Z,5946.428,observer,RX,baseline,0,stopped,,,00114C54,0011,4C54,1,5,01 00 00 54 4C,0,OK
2026-09-30T13:08:43.743Z,5951.181,observer,RX,baseline,0,stopped,,,00019033,0001,9033,1,7,01 00 00 0F 03 33 90,0,OK
2026-09-30T13:08:43.743Z,5951.429,observer,RX,baseline,0,stopped,,,00119033,0011,9033,1,5,01 00 00 33 90,0,OK
2026-09-30T13:08:43.748Z,5956.136,observer,RX,baseline,0,stopped,,,0001B238,0001,B238,1,7,01 00 00 0F 03 38 B2,0,OK
2026-09-30T13:08:43.748Z,5956.364,observer,RX,baseline,0,stopped,,,0011B238,0011,B238,1,5,01 00 00 38 B2,0,OK
2026-09-30T13:08:43.753Z,5961.181,observer,RX,baseline,0,stopped,,,000117B0,0001,17B0,1,7,01 00 00 0F 03 B0 17,0,OK
2026-09-30T13:08:43.753Z,5961.429,observer,RX,baseline,0,stopped,,,001117B0,0011,17B0,1,5,01 00 00 B0 17,0,OK
2026-09-30T13:08:43.758Z,5966.175,observer,RX,baseline,0,stopped,,,00019F8C,0001,9F8C,1,7,01 00 00 0F 03 8C 9F,0,OK
2026-09-30T13:08:43.758Z,5966.422,observer,RX,baseline,0,stopped,,,00119F8C,0011,9F8C,1,5,01 00 00 8C 9F,0,OK
2026-09-30T13:08:43.763Z,5971.165,observer,RX,baseline,0,stopped,,,0001412A,0001,412A,1,7,01 00 00 0F 03 2A 41,0,OK
2026-09-30T13:08:43.763Z,5971.367,observer,RX,baseline,0,stopped,,,0011412A,0011,412A,1,5,01 00 00 2A 41,0,OK
2026-09-30T13:08:43.768Z,5976.164,observer,RX,baseline,0,stopped,,,000182E3,0001,82E3,1,7,01 00 00 0F 03 E3 82,0,OK
2026-09-30T13:08:43.768Z,5976.369,observer,RX,baseline,0,stopped,,,001182E3,0011,82E3,1,5,01 00 00 E3 82,0,OK
2026-09-30T13:08:43.773Z,5981.157,observer,RX,baseline,0,stopped,,,0001E609,0001,E609,1,7,01 00 00 0F 03 09 E6,0,OK
2026-09-30T13:08:43.773Z,5981.362,observer,RX,baseline,0,stopped,,,0011E609,0011,E609,1,5,01 00 00 09 E6,0,OK
2026-09-30T13:08:43.778Z,5986.184,observer,RX,baseline,0,stopped,,,0001017F,0001,017F,1,7,01 00 00 0F 03 7F 01,0,OK
2026-09-30T13:08:43.778Z,5986.431,observer,RX,baseline,0,stopped,,,0011017F,0011,017F,1,5,01 00 00 7F 01,0,OK
2026-09-30T13:08:43.783Z,5991.158,observer,RX,baseline,0,stopped,,,0001FDEB,0001,FDEB,1,7,01 00 00 0F 03 EB FD,0,OK
2026-09-30T13:08:43.783Z,5991.395,observer,RX,baseline,0,stopped,,,0011FDEB,0011,FDEB,1,5,01 00 00 EB FD,0,OK
2026-09-30T13:08:43.788Z,5996.158,observer,RX,baseline,0,stopped,,,0001B7E2,0001,B7E2,1,7,01 00 00 0F 03 E2 B7,0,OK
2026-09-30T13:08:43.788Z,5996.381,observer,RX,baseline,0,stopped,,,0011B7E2,0011,B7E2,1,5,01 00 00 E2 B7,0,OK
2026-09-30T13:08:43.793Z,6001.126,observer,RX,baseline,0,stopped,,,0001817B,0001,817B,1,7,01 00 00 0F 03 7B 81,0,OK
2026-09-30T13:08:43.793Z,6001.372,observer,RX,baseline,0,stopped,,,0011817B,0011,817B,1,5,01 00 00 7B 81,0,OK
2026-09-30T13:08:43.798Z,6006.129,observer,RX,baseline,0,stopped,,,00014105,0001,4105,1,7,01 00 00 0F 03 05 41,0,OK
2026-09-30T13:08:43.798Z,6006.366,observer,RX,baseline,0,stopped,,,00114105,0011,4105,1,5,01 00 00 05 41,0,OK
2026-09-30T13:08:43.803Z,6011.123,observer,RX,baseline,0,stopped,,,0001F1C6,0001,F1C6,1,7,01 00 00 0F 03 C6 F1,0,OK
2026-09-30T13:08:43.803Z,6011.37,observer,RX,baseline,0,stopped,,,0011F1C6,0011,F1C6,1,5,01 00 00 C6 F1,0,OK
2026-09-30T13:08:43.808Z,6016.122,observer,RX,baseline,0,stopped,,,00013AB1,0001,3AB1,1,7,01 00 00 0F 03 B1 3A,0,OK
2026-09-30T13:08:43.808Z,6016.373,observer,RX,baseline,0,stopped,,,00113AB1,0011,3AB1,1,5,01 00 00 B1 3A,0,OK
2026-09-30T13:08:43.813Z,6021.128,observer,RX,baseline,0,stopped,,,0001FBB4,0001,FBB4,1,7,01 00 00 0F 03 B4 FB,0,OK
2026-09-30T13:08:43.813Z,6021.38,observer,RX,baseline,0,stopped,,,0011FBB4,0011,FBB4,1,5,01 00 00 B4 FB,0,OK
2026-09-30T13:08:43.818Z,6026.129,observer,RX,baseline,0,stopped,,,00017E1D,0001,7E1D,1,7,01 00 00 0F 03 1D 7E,0,OK
2026-09-30T13:08:43.818Z,6026.376,observer,RX,baseline,0,stopped,,,00117E1D,0011,7E1D,1,5,01 00 00 1D 7E,0,OK
2026-09-30T13:08:43.823Z,6031.122,observer,RX,baseline,0,stopped,,,000136DA,0001,36DA,1,7,01 00 00 0F 03 DA 36,0,OK
2026-09-30T13:08:43.823Z,6031.343,observer,RX,baseline,0,stopped,,,001136DA,0011,36DA,1,5,01 00 00 DA 36,0,OK
2026-09-30T13:08:43.828Z,6036.12,observer,RX,baseline,0,stopped,,,0001CAAF,0001,CAAF,1,7,01 00 00 0F 03 AF CA,0,OK
2026-09-30T13:08:43.828Z,6036.371,observer,RX,baseline,0,stopped,,,0011CAAF,0011,CAAF,1,5,01 00 00 AF CA,0,OK
2026-09-30T13:08:43.833Z,6041.121,observer,RX,baseline,0,stopped,,,000160B3,0001,60B3,1,7,01 00 00 0F 03 B3 60,0,OK
2026-09-30T13:08:43.833Z,6041.348,observer,RX,baseline,0,stopped,,,001160B3,0011,60B3,1,5,01 00 00 B3 60,0,OK
2026-09-30T13:08:43.838Z,6046.114,observer,RX,baseline,0,stopped,,,0001F196,0001,F196,1,7,01 00 00 0F 03 96 F1,0,OK
2026-09-30T13:08:43.838Z,6046.358,observer,RX,baseline,0,stopped,,,0011F196,0011,F196,1,5,01 00 00 96 F1,0,OK
2026-09-30T13:08:43.843Z,6051.161,observer,RX,baseline,0,stopped,,,0001C10B,0001,C10B,1,7,01 00 00 0F 03 0B C1,0,OK
2026-09-30T13:08:43.843Z,6051.377,observer,RX,baseline,0,stopped,,,0011C10B,0011,C10B,1,5,01 00 00 0B C1,0,OK
2026-09-30T13:08:43.848Z,6056.332,observer,RX,baseline,0,stopped,,,00015B9F,0001,5B9F,1,7,01 00 00 0F 03 9F 5B,0,OK
2026-09-30T13:08:43.848Z,6056.424,observer,RX,baseline,0,stopped,,,00115B9F,0011,5B9F,1,5,01 00 00 9F 5B,0,OK
2026-09-30T13:08:43.853Z,6061.114,observer,RX,baseline,0,stopped,,,00015A1E,0001,5A1E,1,7,01 00 00 0F 03 1E 5A,0,OK
2026-09-30T13:08:43.853Z,6061.359,observer,RX,baseline,0,stopped,,,00115A1E,0011,5A1E,1,5,01 00 00 1E 5A,0,OK
2026-09-30T13:08:43.858Z,6066.137,observer,RX,baseline,0,stopped,,,0001BF6C,0001,BF6C,1,7,01 00 00 0F 03 6C BF,0,OK
2026-09-30T13:08:43.858Z,6066.363,observer,RX,baseline,0,stopped,,,0011BF6C,0011,BF6C,1,5,01 00 00 6C BF,0,OK
2026-09-30T13:08:43.863Z,6071.083,observer,RX,baseline,0,stopped,,,00018AB6,0001,8AB6,1,7,01 00 00 0F 03 B6 8A,0,OK
2026-09-30T13:08:43.863Z,6071.358,observer,RX,baseline,0,stopped,,,00118AB6,0011,8AB6,1,5,01 00 00 B6 8A,0,OK
2026-09-30T13:08:43.868Z,6076.351,observer,RX,baseline,0,stopped,,,000138F2,0001,38F2,1,7,01 00 00 0F 03 F2 38,0,OK
2026-09-30T13:08:43.868Z,6076.424,observer,RX,baseline,0,stopped,,,001138F2,0011,38F2,1,5,01 00 00 F2 38,0,OK
2026-09-30T13:08:43.873Z,6081.31,observer,RX,baseline,0,stopped,,,0001B253,0001,B253,1,7,01 00 00 0F 03 53 B2,0,OK
2026-09-30T13:08:43.873Z,6081.39,observer,RX,baseline,0,stopped,,,0011B253,0011,B253,1,5,01 00 00 53 B2,0,OK
2026-09-30T13:08:43.878Z,6086.352,observer,RX,baseline,0,stopped,,,0001D3F2,0001,D3F2,1,7,01 00 00 0F 03 F2 D3,0,OK
2026-09-30T13:08:43.878Z,6086.42,observer,RX,baseline,0,stopped,,,0011D3F2,0011,D3F2,1,5,01 00 00 F2 D3,0,OK
2026-09-30T13:08:43.883Z,6091.457,observer,RX,baseline,0,stopped,,,00018F21,0001,8F21,1,7,01 00 00 0F 03 21 8F,0,OK
2026-09-30T13:08:43.883Z,6091.587,observer,RX,baseline,0,stopped,,,00118F21,0011,8F21,1,5,01 00 00 21 8F,0,OK
2026-09-30T13:08:43.888Z,6096.496,observer,RX,baseline,0,stopped,,,000199C5,0001,99C5,1,7,01 00 00 0F 03 C5 99,0,OK
2026-09-30T13:08:43.888Z,6096.673,observer,RX,baseline,0,stopped,,,001199C5,0011,99C5,1,5,01 00 00 C5 99,0,OK
2026-09-30T13:08:43.893Z,6101.514,observer,RX,baseline,0,stopped,,,0001DF40,0001,DF40,1,7,01 00 00 0F 03 40 DF,0,OK
2026-09-30T13:08:43.893Z,6101.644,observer,RX,baseline,0,stopped,,,0011DF40,0011,DF40,1,5,01 00 00 40 DF,0,OK
2026-09-30T13:08:43.898Z,6106.441,observer,RX,baseline,0,stopped,,,0001A7B3,0001,A7B3,1,7,01 00 00 0F 03 B3 A7,0,OK
2026-09-30T13:08:43.898Z,6106.595,observer,RX,baseline,0,stopped,,,0011A7B3,0011,A7B3,1,5,01 00 00 B3 A7,0,OK
2026-09-30T13:08:43.903Z,6111.501,observer,RX,baseline,0,stopped,,,0001EEB3,0001,EEB3,1,7,01 00 00 0F 03 B3 EE,0,OK
2026-09-30T13:08:43.903Z,6111.634,observer,RX,baseline,0,stopped,,,0011EEB3,0011,EEB3,1,5,01 00 00 B3 EE,0,OK
2026-09-30T13:08:43.908Z,6116.444,observer,RX,baseline,0,stopped,,,0001B5AB,0001,B5AB,1,7,01 00 00 0F 03 AB B5,0,OK
2026-09-30T13:08:43.908Z,6116.596,observer,RX,baseline,0,stopped,,,0011B5AB,0011,B5AB,1,5,01 00 00 AB B5,0,OK
2026-09-30T13:08:43.913Z,6121.567,observer,RX,baseline,0,stopped,,,0001A4F2,0001,A4F2,1,7,01 00 00 0F 03 F2 A4,0,OK
2026-09-30T13:08:43.913Z,6121.754,observer,RX,baseline,0,stopped,,,0011A4F2,0011,A4F2,1,5,01 00 00 F2 A4,0,OK
2026-09-30T13:08:43.918Z,6126.226,observer,RX,baseline,0,stopped,,,00010A18,0001,0A18,1,7,01 00 00 0F 03 18 0A,0,OK
2026-09-30T13:08:43.918Z,6126.451,observer,RX,baseline,0,stopped,,,00110A18,0011,0A18,1,5,01 00 00 18 0A,0,OK
2026-09-30T13:08:43.923Z,6131.535,observer,RX,baseline,0,stopped,,,0001E8E8,0001,E8E8,1,7,01 00 00 0F 03 E8 E8,0,OK
2026-09-30T13:08:43.923Z,6131.663,observer,RX,baseline,0,stopped,,,0011E8E8,0011,E8E8,1,5,01 00 00 E8 E8,0,OK
2026-09-30T13:08:43.928Z,6136.42,observer,RX,baseline,0,stopped,,,00012E2B,0001,2E2B,1,7,01 00 00 0F 03 2B 2E,0,OK
2026-09-30T13:08:43.928Z,6136.551,observer,RX,baseline,0,stopped,,,00112E2B,0011,2E2B,1,5,01 00 00 2B 2E,0,OK
2026-09-30T13:08:43.933Z,6141.753,observer,RX,baseline,0,stopped,,,00019BEE,0001,9BEE,1,7,01 00 00 0F 03 EE 9B,0,OK
2026-09-30T13:08:43.933Z,6141.885,observer,RX,baseline,0,stopped,,,00119BEE,0011,9BEE,1,5,01 00 00 EE 9B,0,OK
2026-09-30T13:08:43.938Z,6146.719,observer,RX,baseline,0,stopped,,,00010AC9,0001,0AC9,1,7,01 00 00 0F 03 C9 0A,0,OK
2026-09-30T13:08:43.938Z,6146.849,observer,RX,baseline,0,stopped,,,00110AC9,0011,0AC9,1,5,01 00 00 C9 0A,0,OK
2026-09-30T13:08:43.943Z,6151.753,observer,RX,baseline,0,stopped,,,00010802,0001,0802,1,7,01 00 00 0F 03 02 08,0,OK
2026-09-30T13:08:43.943Z,6151.887,observer,RX,baseline,0,stopped,,,00110802,0011,0802,1,5,01 00 00 02 08,0,OK
2026-09-30T13:08:43.948Z,6156.538,observer,RX,baseline,0,stopped,,,00015D07,0001,5D07,1,7,01 00 00 0F 03 07 5D,0,OK
2026-09-30T13:08:43.948Z,6156.669,observer,RX,baseline,0,stopped,,,00115D07,0011,5D07,1,5,01 00 00 07 5D,0,OK
2026-09-30T13:08:43.953Z,6161.716,observer,RX,baseline,0,stopped,,,0001AB42,0001,AB42,1,7,01 00 00 0F 03 42 AB,0,OK
2026-09-30T13:08:43.953Z,6161.847,observer,RX,baseline,0,stopped,,,0011AB42,0011,AB42,1,5,01 00 00 42 AB,0,OK
2026-09-30T13:08:43.958Z,6166.735,observer,RX,baseline,0,stopped,,,0001A5D4,0001,A5D4,1,7,01 00 00 0F 03 D4 A5,0,OK
2026-09-30T13:08:43.958Z,6166.873,observer,RX,baseline,0,stopped,,,0011A5D4,0011,A5D4,1,5,01 00 00 D4 A5,0,OK
2026-09-30T13:08:43.963Z,6171.652,observer,RX,baseline,0,stopped,,,00011A7F,0001,1A7F,1,7,01 00 00 0F 03 7F 1A,0,OK
2026-09-30T13:08:43.963Z,6171.786,observer,RX,baseline,0,stopped,,,00111A7F,0011,1A7F,1,5,01 00 00 7F 1A,0,OK
2026-09-30T13:08:43.968Z,6176.412,observer,RX,baseline,0,stopped,,,0001A742,0001,A742,1,7,01 00 00 0F 03 42 A7,0,OK
2026-09-30T13:08:43.968Z,6176.542,observer,RX,baseline,0,stopped,,,0011A742,0011,A742,1,5,01 00 00 42 A7,0,OK
2026-09-30T13:08:43.973Z,6181.688,observer,RX,baseline,0,stopped,,,0001C25A,0001,C25A,1,7,01 00 00 0F 03 5A C2,0,OK
2026-09-30T13:08:43.973Z,6181.816,observer,RX,baseline,0,stopped,,,0011C25A,0011,C25A,1,5,01 00 00 5A C2,0,OK
2026-09-30T13:08:43.978Z,6186.365,observer,RX,baseline,0,stopped,,,0001B28F,0001,B28F,1,7,01 00 00 0F 03 8F B2,0,OK
2026-09-30T13:08:43.978Z,6186.502,observer,RX,baseline,0,stopped,,,0011B28F,0011,B28F,1,5,01 00 00 8F B2,0,OK
2026-09-30T13:08:43.983Z,6191.406,observer,RX,baseline,0,stopped,,,00013A4D,0001,3A4D,1,7,01 00 00 0F 03 4D 3A,0,OK
2026-09-30T13:08:43.983Z,6191.536,observer,RX,baseline,0,stopped,,,00113A4D,0011,3A4D,1,5,01 00 00 4D 3A,0,OK
2026-09-30T13:08:43.988Z,6196.341,observer,RX,baseline,0,stopped,,,0001C4DE,0001,C4DE,1,7,01 00 00 0F 03 DE C4,0,OK
2026-09-30T13:08:43.988Z,6196.469,observer,RX,baseline,0,stopped,,,0011C4DE,0011,C4DE,1,5,01 00 00 DE C4,0,OK
2026-09-30T13:08:43.993Z,6201.76,observer,RX,baseline,0,stopped,,,00014A92,0001,4A92,1,7,01 00 00 0F 03 92 4A,0,OK
2026-09-30T13:08:43.993Z,6201.892,observer,RX,baseline,0,stopped,,,00114A92,0011,4A92,1,5,01 00 00 92 4A,0,OK
2026-09-30T13:08:43.998Z,6206.226,observer,RX,baseline,0,stopped,,,0001A13D,0001,A13D,1,7,01 00 00 0F 03 3D A1,0,OK
2026-09-30T13:08:43.998Z,6206.368,observer,RX,baseline,0,stopped,,,0011A13D,0011,A13D,1,5,01 00 00 3D A1,0,OK
2026-09-30T13:08:44.003Z,6211.148,observer,RX,baseline,0,stopped,,,000105BE,0001,05BE,1,7,01 00 00 0F 03 BE 05,0,OK
2026-09-30T13:08:44.003Z,6211.383,observer,RX,baseline,0,stopped,,,001105BE,0011,05BE,1,5,01 00 00 BE 05,0,OK
2026-09-30T13:08:44.008Z,6216.626,observer,RX,baseline,0,stopped,,,00011568,0001,1568,1,7,01 00 00 0F 03 68 15,0,OK
2026-09-30T13:08:44.008Z,6216.763,observer,RX,baseline,0,stopped,,,00111568,0011,1568,1,5,01 00 00 68 15,0,OK
2026-09-30T13:08:44.013Z,6221.718,observer,RX,baseline,0,stopped,,,0001C48F,0001,C48F,1,7,01 00 00 0F 03 8F C4,0,OK
2026-09-30T13:08:44.013Z,6221.865,observer,RX,baseline,0,stopped,,,0011C48F,0011,C48F,1,5,01 00 00 8F C4,0,OK
2026-09-30T13:08:44.018Z,6226.173,observer,RX,baseline,0,stopped,,,00015771,0001,5771,1,7,01 00 00 0F 03 71 57,0,OK
2026-09-30T13:08:44.018Z,6226.381,observer,RX,baseline,0,stopped,,,00115771,0011,5771,1,5,01 00 00 71 57,0,OK
2026-09-30T13:08:44.023Z,6231.247,observer,RX,baseline,0,stopped,,,0001863C,0001,863C,1,7,01 00 00 0F 03 3C 86,0,OK
2026-09-30T13:08:44.023Z,6231.378,observer,RX,baseline,0,stopped,,,0011863C,0011,863C,1,5,01 00 00 3C 86,0,OK
2026-09-30T13:08:44.028Z,6236.189,observer,RX,baseline,0,stopped,,,0001ED34,0001,ED34,1,7,01 00 00 0F 03 34 ED,0,OK
2026-09-30T13:08:44.028Z,6236.354,observer,RX,baseline,0,stopped,,,0011ED34,0011,ED34,1,5,01 00 00 34 ED,0,OK
2026-09-30T13:08:44.033Z,6241.19,observer,RX,baseline,0,stopped,,,0001514D,0001,514D,1,7,01 00 00 0F 03 4D 51,0,OK
2026-09-30T13:08:44.033Z,6241.335,observer,RX,baseline,0,stopped,,,0011514D,0011,514D,1,5,01 00 00 4D 51,0,OK
2026-09-30T13:08:44.038Z,6246.165,observer,RX,baseline,0,stopped,,,0001EF35,0001,EF35,1,7,01 00 00 0F 03 35 EF,0,OK
2026-09-30T13:08:44.038Z,6246.396,observer,RX,baseline,0,stopped,,,0011EF35,0011,EF35,1,5,01 00 00 35 EF,0,OK
2026-09-30T13:08:44.043Z,6251.211,observer,RX,baseline,0,stopped,,,000154BC,0001,54BC,1,7,01 00 00 0F 03 BC 54,0,OK
2026-09-30T13:08:44.043Z,6251.342,observer,RX,baseline,0,stopped,,,001154BC,0011,54BC,1,5,01 00 00 BC 54,0,OK
2026-09-30T13:08:44.048Z,6256.409,observer,RX,baseline,0,stopped,,,0001EF67,0001,EF67,1,7,01 00 00 0F 03 67 EF,0,OK
2026-09-30T13:08:44.048Z,6256.544,observer,RX,baseline,0,stopped,,,0011EF67,0011,EF67,1,5,01 00 00 67 EF,0,OK
2026-09-30T13:08:44.053Z,6261.247,observer,RX,baseline,0,stopped,,,000142F7,0001,42F7,1,7,01 00 00 0F 03 F7 42,0,OK
2026-09-30T13:08:44.053Z,6261.404,observer,RX,baseline,0,stopped,,,001142F7,0011,42F7,1,5,01 00 00 F7 42,0,OK
2026-09-30T13:08:44.058Z,6266.274,observer,RX,baseline,0,stopped,,,00019CEA,0001,9CEA,1,7,01 00 00 0F 03 EA 9C,0,OK
2026-09-30T13:08:44.058Z,6266.405,observer,RX,baseline,0,stopped,,,00119CEA,0011,9CEA,1,5,01 00 00 EA 9C,0,OK
2026-09-30T13:08:44.063Z,6271.297,observer,RX,baseline,0,stopped,,,0001A7F4,0001,A7F4,1,7,01 00 00 0F 03 F4 A7,0,OK
2026-09-30T13:08:44.063Z,6271.43,observer,RX,baseline,0,stopped,,,0011A7F4,0011,A7F4,1,5,01 00 00 F4 A7,0,OK
2026-09-30T13:08:44.068Z,6276.195,observer,RX,baseline,0,stopped,,,000148B9,0001,48B9,1,7,01 00 00 0F 03 B9 48,0,OK
2026-09-30T13:08:44.068Z,6276.35,observer,RX,baseline,0,stopped,,,001148B9,0011,48B9,1,5,01 00 00 B9 48,0,OK
2026-09-30T13:08:44.073Z,6281.714,observer,RX,baseline,0,stopped,,,0001B179,0001,B179,1,7,01 00 00 0F 03 79 B1,0,OK
2026-09-30T13:08:44.073Z,6281.856,observer,RX,baseline,0,stopped,,,0011B179,0011,B179,1,5,01 00 00 79 B1,0,OK
2026-09-30T13:08:44.078Z,6286.622,observer,RX,baseline,0,stopped,,,00016BED,0001,6BED,1,7,01 00 00 0F 03 ED 6B,0,OK
2026-09-30T13:08:44.078Z,6286.753,observer,RX,baseline,0,stopped,,,00116BED,0011,6BED,1,5,01 00 00 ED 6B,0,OK
2026-09-30T13:08:44.083Z,6291.598,observer,RX,baseline,0,stopped,,,0001544B,0001,544B,1,7,01 00 00 0F 03 4B 54,0,OK
2026-09-30T13:08:44.083Z,6291.731,observer,RX,baseline,0,stopped,,,0011544B,0011,544B,1,5,01 00 00 4B 54,0,OK
2026-09-30T13:08:44.088Z,6296.681,observer,RX,baseline,0,stopped,,,000122F6,0001,22F6,1,7,01 00 00 0F 03 F6 22,0,OK
2026-09-30T13:08:44.088Z,6296.811,observer,RX,baseline,0,stopped,,,001122F6,0011,22F6,1,5,01 00 00 F6 22,0,OK
2026-09-30T13:08:44.093Z,6301.597,observer,RX,baseline,0,stopped,,,000106D5,0001,06D5,1,7,01 00 00 0F 03 D5 06,0,OK
2026-09-30T13:08:44.093Z,6301.732,observer,RX,baseline,0,stopped,,,001106D5,0011,06D5,1,5,01 00 00 D5 06,0,OK
2026-09-30T13:08:44.098Z,6306.393,observer,RX,baseline,0,stopped,,,000119FD,0001,19FD,1,7,01 00 00 0F 03 FD 19,0,OK
2026-09-30T13:08:44.098Z,6306.52,observer,RX,baseline,0,stopped,,,001119FD,0011,19FD,1,5,01 00 00 FD 19,0,OK
2026-09-30T13:08:44.103Z,6311.464,observer,RX,baseline,0,stopped,,,0001FD92,0001,FD92,1,7,01 00 00 0F 03 92 FD,0,OK
2026-09-30T13:08:44.103Z,6311.593,observer,RX,baseline,0,stopped,,,0011FD92,0011,FD92,1,5,01 00 00 92 FD,0,OK
2026-09-30T13:08:44.108Z,6316.383,observer,RX,baseline,0,stopped,,,0001C149,0001,C149,1,7,01 00 00 0F 03 49 C1,0,OK
2026-09-30T13:08:44.108Z,6316.511,observer,RX,baseline,0,stopped,,,0011C149,0011,C149,1,5,01 00 00 49 C1,0,OK
2026-09-30T13:08:44.113Z,6321.243,observer,RX,baseline,0,stopped,,,00018F38,0001,8F38,1,7,01 00 00 0F 03 38 8F,0,OK
2026-09-30T13:08:44.113Z,6321.374,observer,RX,baseline,0,stopped,,,00118F38,0011,8F38,1,5,01 00 00 38 8F,0,OK
2026-09-30T13:08:44.118Z,6326.143,observer,RX,baseline,0,stopped,,,0001E55E,0001,E55E,1,7,01 00 00 0F 03 5E E5,0,OK
2026-09-30T13:08:44.118Z,6326.339,observer,RX,baseline,0,stopped,,,0011E55E,0011,E55E,1,5,01 00 00 5E E5,0,OK
2026-09-30T13:08:44.123Z,6331.163,observer,RX,baseline,0,stopped,,,00010677,0001,0677,1,7,01 00 00 0F 03 77 06,0,OK
2026-09-30T13:08:44.123Z,6331.307,observer,RX,baseline,0,stopped,,,00110677,0011,0677,1,5,01 00 00 77 06,0,OK
2026-09-30T13:08:44.128Z,6336.099,observer,RX,baseline,0,stopped,,,00010537,0001,0537,1,7,01 00 00 0F 03 37 05,0,OK
2026-09-30T13:08:44.128Z,6336.334,observer,RX,baseline,0,stopped,,,00110537,0011,0537,1,5,01 00 00 37 05,0,OK
2026-09-30T13:08:44.133Z,6341.194,observer,RX,baseline,0,stopped,,,000108CB,0001,08CB,1,7,01 00 00 0F 03 CB 08,0,OK
2026-09-30T13:08:44.133Z,6341.342,observer,RX,baseline,0,stopped,,,001108CB,0011,08CB,1,5,01 00 00 CB 08,0,OK
2026-09-30T13:08:44.138Z,6346.144,observer,RX,baseline,0,stopped,,,000155BC,0001,55BC,1,7,01 00 00 0F 03 BC 55,0,OK
2026-09-30T13:08:44.138Z,6346.333,observer,RX,baseline,0,stopped,,,001155BC,0011,55BC,1,5,01 00 00 BC 55,0,OK
2026-09-30T13:08:44.143Z,6351.253,observer,RX,baseline,0,stopped,,,0001ADB4,0001,ADB4,1,7,01 00 00 0F 03 B4 AD,0,OK
2026-09-30T13:08:44.143Z,6351.319,observer,RX,baseline,0,stopped,,,0011ADB4,0011,ADB4,1,5,01 00 00 B4 AD,0,OK
2026-09-30T13:08:44.148Z,6356.128,observer,RX,baseline,0,stopped,,,0001A06C,0001,A06C,1,7,01 00 00 0F 03 6C A0,0,OK
2026-09-30T13:08:44.148Z,6356.33,observer,RX,baseline,0,stopped,,,0011A06C,0011,A06C,1,5,01 00 00 6C A0,0,OK
2026-09-30T13:08:44.153Z,6361.22,observer,RX,baseline,0,stopped,,,00013F4A,0001,3F4A,1,7,01 00 00 0F 03 4A 3F,0,OK
2026-09-30T13:08:44.153Z,6361.34,observer,RX,baseline,0,stopped,,,00113F4A,0011,3F4A,1,5,01 00 00 4A 3F,0,OK
2026-09-30T13:08:44.158Z,6366.248,observer,RX,baseline,0,stopped,,,00011BD1,0001,1BD1,1,7,01 00 00 0F 03 D1 1B,0,OK
2026-09-30T13:08:44.158Z,6366.329,observer,RX,baseline,0,stopped,,,00111BD1,0011,1BD1,1,5,01 00 00 D1 1B,0,OK
2026-09-30T13:08:44.163Z,6371.227,observer,RX,baseline,0,stopped,,,0001190A,0001,190A,1,7,01 00 00 0F 03 0A 19,0,OK
2026-09-30T13:08:44.163Z,6371.34,observer,RX,baseline,0,stopped,,,0011190A,0011,190A,1,5,01 00 00 0A 19,0,OK
2026-09-30T13:08:44.168Z,6376.124,observer,RX,baseline,0,stopped,,,00016738,0001,6738,1,7,01 00 00 0F 03 38 67,0,OK
2026-09-30T13:08:44.168Z,6376.333,observer,RX,baseline,0,stopped,,,00116738,0011,6738,1,5,01 00 00 38 67,0,OK
2026-09-30T13:08:44.173Z,6381.164,observer,RX,baseline,0,stopped,,,00017B55,0001,7B55,1,7,01 00 00 0F 03 55 7B,0,OK
2026-09-30T13:08:44.173Z,6381.333,observer,RX,baseline,0,stopped,,,00117B55,0011,7B55,1,5,01 00 00 55 7B,0,OK
2026-09-30T13:08:44.178Z,6386.252,observer,RX,baseline,0,stopped,,,0001CBC5,0001,CBC5,1,7,01 00 00 0F 03 C5 CB,0,OK
2026-09-30T13:08:44.178Z,6386.331,observer,RX,baseline,0,stopped,,,0011CBC5,0011,CBC5,1,5,01 00 00 C5 CB,0,OK
2026-09-30T13:08:44.183Z,6391.091,observer,RX,baseline,0,stopped,,,000179F0,0001,79F0,1,7,01 00 00 0F 03 F0 79,0,OK
2026-09-30T13:08:44.183Z,6391.337,observer,RX,baseline,0,stopped,,,001179F0,0011,79F0,1,5,01 00 00 F0 79,0,OK
2026-09-30T13:08:44.188Z,6396.087,observer,RX,baseline,0,stopped,,,0001ABD6,0001,ABD6,1,7,01 00 00 0F 03 D6 AB,0,OK
2026-09-30T13:08:44.188Z,6396.331,observer,RX,baseline,0,stopped,,,0011ABD6,0011,ABD6,1,5,01 00 00 D6 AB,0,OK
2026-09-30T13:08:44.193Z,6401.305,observer,RX,baseline,0,stopped,,,00014189,0001,4189,1,7,01 00 00 0F 03 89 41,0,OK
2026-09-30T13:08:44.193Z,6401.376,observer,RX,baseline,0,stopped,,,00114189,0011,4189,1,5,01 00 00 89 41,0,OK
2026-09-30T13:08:44.198Z,6406.292,observer,RX,baseline,0,stopped,,,0001BA58,0001,BA58,1,7,01 00 00 0F 03 58 BA,0,OK
2026-09-30T13:08:44.198Z,6406.388,observer,RX,baseline,0,stopped,,,0011BA58,0011,BA58,1,5,01 00 00 58 BA,0,OK
2026-09-30T13:08:44.203Z,6411.257,observer,RX,baseline,0,stopped,,,0001F00A,0001,F00A,1,7,01 00 00 0F 03 0A F0,0,OK
2026-09-30T13:08:44.203Z,6411.383,observer,RX,baseline,0,stopped,,,0011F00A,0011,F00A,1,5,01 00 00 0A F0,0,OK
2026-09-30T13:08:44.208Z,6416.309,observer,RX,baseline,0,stopped,,,00018272,0001,8272,1,7,01 00 00 0F 03 72 82,0,OK
2026-09-30T13:08:44.208Z,6416.418,observer,RX,baseline,0,stopped,,,00118272,0011,8272,1,5,01 00 00 72 82,0,OK
2026-09-30T13:08:44.213Z,6421.302,observer,RX,baseline,0,stopped,,,0001B94C,0001,B94C,1,7,01 00 00 0F 03 4C B9,0,OK
2026-09-30T13:08:44.213Z,6421.403,observer,RX,baseline,0,stopped,,,0011B94C,0011,B94C,1,5,01 00 00 4C B9,0,OK
2026-09-30T13:08:44.218Z,6426.27,observer,RX,baseline,0,stopped,,,0001D4C0,0001,D4C0,1,7,01 00 00 0F 03 C0 D4,0,OK
2026-09-30T13:08:44.218Z,6426.341,observer,RX,baseline,0,stopped,,,0011D4C0,0011,D4C0,1,5,01 00 00 C0 D4,0,OK
2026-09-30T13:08:44.223Z,6431.295,observer,RX,baseline,0,stopped,,,0001D95B,0001,D95B,1,7,01 00 00 0F 03 5B D9,0,OK
2026-09-30T13:08:44.223Z,6431.394,observer,RX,baseline,0,stopped,,,0011D95B,0011,D95B,1,5,01 00 00 5B D9,0,OK
2026-09-30T13:08:44.228Z,6436.317,observer,RX,baseline,0,stopped,,,000115E8,0001,15E8,1,7,01 00 00 0F 03 E8 15,0,OK
2026-09-30T13:08:44.228Z,6436.401,observer,RX,baseline,0,stopped,,,001115E8,0011,15E8,1,5,01 00 00 E8 15,0,OK
2026-09-30T13:08:44.233Z,6441.225,observer,RX,baseline,0,stopped,,,0001536B,0001,536B,1,7,01 00 00 0F 03 6B 53,0,OK
2026-09-30T13:08:44.233Z,6441.294,observer,RX,baseline,0,stopped,,,0011536B,0011,536B,1,5,01 00 00 6B 53,0,OK
2026-09-30T13:08:44.238Z,6446.224,observer,RX,baseline,0,stopped,,,00016352,0001,6352,1,7,01 00 00 0F 03 52 63,0,OK
2026-09-30T13:08:44.238Z,6446.33,observer,RX,baseline,0,stopped,,,00116352,0011,6352,1,5,01 00 00 52 63,0,OK
2026-09-30T13:08:44.243Z,6451.088,observer,RX,baseline,0,stopped,,,00019C39,0001,9C39,1,7,01 00 00 0F 03 39 9C,0,OK
2026-09-30T13:08:44.243Z,6451.333,observer,RX,baseline,0,stopped,,,00119C39,0011,9C39,1,5,01 00 00 39 9C,0,OK
2026-09-30T13:08:44.248Z,6456.091,observer,RX,baseline,0,stopped,,,0001FD4D,0001,FD4D,1,7,01 00 00 0F 03 4D FD,0,OK
2026-09-30T13:08:44.248Z,6456.333,observer,RX,baseline,0,stopped,,,0011FD4D,0011,FD4D,1,5,01 00 00 4D FD,0,OK
2026-09-30T13:08:44.253Z,6461.31,observer,RX,baseline,0,stopped,,,00014C65,0001,4C65,1,7,01 00 00 0F 03 65 4C,0,OK
2026-09-30T13:08:44.253Z,6461.422,observer,RX,baseline,0,stopped,,,00114C65,0011,4C65,1,5,01 00 00 65 4C,0,OK
2026-09-30T13:08:44.258Z,6466.317,observer,RX,baseline,0,stopped,,,0001D6E2,0001,D6E2,1,7,01 00 00 0F 03 E2 D6,0,OK
2026-09-30T13:08:44.258Z,6466.411,observer,RX,baseline,0,stopped,,,0011D6E2,0011,D6E2,1,5,01 00 00 E2 D6,0,OK
2026-09-30T13:08:44.263Z,6471.31,observer,RX,baseline,0,stopped,,,0001F704,0001,F704,1,7,01 00 00 0F 03 04 F7,0,OK
2026-09-30T13:08:44.263Z,6471.414,observer,RX,baseline,0,stopped,,,0011F704,0011,F704,1,5,01 00 00 04 F7,0,OK
2026-09-30T13:08:44.268Z,6476.244,observer,RX,baseline,0,stopped,,,0001822E,0001,822E,1,7,01 00 00 0F 03 2E 82,0,OK
2026-09-30T13:08:44.268Z,6476.34,observer,RX,baseline,0,stopped,,,0011822E,0011,822E,1,5,01 00 00 2E 82,0,OK
2026-09-30T13:08:44.273Z,6481.245,observer,RX,baseline,0,stopped,,,00015284,0001,5284,1,7,01 00 00 0F 03 84 52,0,OK
2026-09-30T13:08:44.273Z,6481.417,observer,RX,baseline,0,stopped,,,00115284,0011,5284,1,5,01 00 00 84 52,0,OK
2026-09-30T13:08:44.278Z,6486.624,observer,RX,baseline,0,stopped,,,0001A0EB,0001,A0EB,1,7,01 00 00 0F 03 EB A0,0,OK
2026-09-30T13:08:44.278Z,6486.754,observer,RX,baseline,0,stopped,,,0011A0EB,0011,A0EB,1,5,01 00 00 EB A0,0,OK
2026-09-30T13:08:44.283Z,6491.166,observer,RX,baseline,0,stopped,,,0001DD95,0001,DD95,1,7,01 00 00 0F 03 95 DD,0,OK
2026-09-30T13:08:44.283Z,6491.319,observer,RX,baseline,0,stopped,,,0011DD95,0011,DD95,1,5,01 00 00 95 DD,0,OK
2026-09-30T13:08:44.289Z,6497.705,observer,RX,baseline,0,stopped,,,0001F79A,0001,F79A,1,7,01 00 00 0F 03 9A F7,0,OK
2026-09-30T13:08:44.289Z,6497.86,observer,RX,baseline,0,stopped,,,0011F79A,0011,F79A,1,5,01 00 00 9A F7,0,OK
2026-09-30T13:08:44.293Z,6501.6,observer,RX,baseline,0,stopped,,,0001F7AF,0001,F7AF,1,7,01 00 00 0F 03 AF F7,0,OK
2026-09-30T13:08:44.293Z,6501.728,observer,RX,baseline,0,stopped,,,0011F7AF,0011,F7AF,1,5,01 00 00 AF F7,0,OK
2026-09-30T13:08:44.298Z,6506.714,observer,RX,baseline,0,stopped,,,00010E6D,0001,0E6D,1,7,01 00 00 0F 03 6D 0E,0,OK
2026-09-30T13:08:44.298Z,6506.844,observer,RX,baseline,0,stopped,,,00110E6D,0011,0E6D,1,5,01 00 00 6D 0E,0,OK
2026-09-30T13:08:44.303Z,6511.754,observer,RX,baseline,0,stopped,,,0001A876,0001,A876,1,7,01 00 00 0F 03 76 A8,0,OK
2026-09-30T13:08:44.303Z,6511.884,observer,RX,baseline,0,stopped,,,0011A876,0011,A876,1,5,01 00 00 76 A8,0,OK
2026-09-30T13:08:44.308Z,6516.647,observer,RX,baseline,0,stopped,,,0001FDE0,0001,FDE0,1,7,01 00 00 0F 03 E0 FD,0,OK
2026-09-30T13:08:44.308Z,6516.78,observer,RX,baseline,0,stopped,,,0011FDE0,0011,FDE0,1,5,01 00 00 E0 FD,0,OK
2026-09-30T13:08:44.313Z,6521.234,observer,RX,baseline,0,stopped,,,00015301,0001,5301,1,7,01 00 00 0F 03 01 53,0,OK
2026-09-30T13:08:44.313Z,6521.36,observer,RX,baseline,0,stopped,,,00115301,0011,5301,1,5,01 00 00 01 53,0,OK
2026-09-30T13:08:44.318Z,6526.222,observer,RX,baseline,0,stopped,,,0001F999,0001,F999,1,7,01 00 00 0F 03 99 F9,0,OK
2026-09-30T13:08:44.318Z,6526.361,observer,RX,baseline,0,stopped,,,0011F999,0011,F999,1,5,01 00 00 99 F9,0,OK
2026-09-30T13:08:44.323Z,6531.207,observer,RX,baseline,0,stopped,,,000121D6,0001,21D6,1,7,01 00 00 0F 03 D6 21,0,OK
2026-09-30T13:08:44.323Z,6531.345,observer,RX,baseline,0,stopped,,,001121D6,0011,21D6,1,5,01 00 00 D6 21,0,OK
2026-09-30T13:08:44.328Z,6536.202,observer,RX,baseline,0,stopped,,,0001F317,0001,F317,1,7,01 00 00 0F 03 17 F3,0,OK
2026-09-30T13:08:44.328Z,6536.397,observer,RX,baseline,0,stopped,,,0011F317,0011,F317,1,5,01 00 00 17 F3,0,OK
2026-09-30T13:08:44.333Z,6541.218,observer,RX,baseline,0,stopped,,,00019E18,0001,9E18,1,7,01 00 00 0F 03 18 9E,0,OK
2026-09-30T13:08:44.333Z,6541.363,observer,RX,baseline,0,stopped,,,00119E18,0011,9E18,1,5,01 00 00 18 9E,0,OK
2026-09-30T13:08:44.338Z,6546.65,observer,RX,baseline,0,stopped,,,0001B62E,0001,B62E,1,7,01 00 00 0F 03 2E B6,0,OK
2026-09-30T13:08:44.338Z,6546.782,observer,RX,baseline,0,stopped,,,0011B62E,0011,B62E,1,5,01 00 00 2E B6,0,OK
2026-09-30T13:08:44.343Z,6551.18,observer,RX,baseline,0,stopped,,,00017C3A,0001,7C3A,1,7,01 00 00 0F 03 3A 7C,0,OK
2026-09-30T13:08:44.343Z,6551.403,observer,RX,baseline,0,stopped,,,00117C3A,0011,7C3A,1,5,01 00 00 3A 7C,0,OK
2026-09-30T13:08:44.348Z,6556.665,observer,RX,baseline,0,stopped,,,00011461,0001,1461,1,7,01 00 00 0F 03 61 14,0,OK
2026-09-30T13:08:44.348Z,6556.806,observer,RX,baseline,0,stopped,,,00111461,0011,1461,1,5,01 00 00 61 14,0,OK
2026-09-30T13:08:44.353Z,6561.194,observer,RX,baseline,0,stopped,,,00019E2E,0001,9E2E,1,7,01 00 00 0F 03 2E 9E,0,OK
2026-09-30T13:08:44.353Z,6561.337,observer,RX,baseline,0,stopped,,,00119E2E,0011,9E2E,1,5,01 00 00 2E 9E,0,OK
2026-09-30T13:08:44.358Z,6566.505,observer,RX,baseline,0,stopped,,,0001D0A1,0001,D0A1,1,7,01 00 00 0F 03 A1 D0,0,OK
2026-09-30T13:08:44.358Z,6566.634,observer,RX,baseline,0,stopped,,,0011D0A1,0011,D0A1,1,5,01 00 00 A1 D0,0,OK
2026-09-30T13:08:44.363Z,6571.417,observer,RX,baseline,0,stopped,,,00018AF3,0001,8AF3,1,7,01 00 00 0F 03 F3 8A,0,OK
2026-09-30T13:08:44.363Z,6571.552,observer,RX,baseline,0,stopped,,,00118AF3,0011,8AF3,1,5,01 00 00 F3 8A,0,OK
2026-09-30T13:08:44.368Z,6576.522,observer,RX,baseline,0,stopped,,,0001F3EE,0001,F3EE,1,7,01 00 00 0F 03 EE F3,0,OK
2026-09-30T13:08:44.368Z,6576.782,observer,RX,baseline,0,stopped,,,0011F3EE,0011,F3EE,1,5,01 00 00 EE F3,0,OK
2026-09-30T13:08:44.373Z,6581.184,observer,RX,baseline,0,stopped,,,000160E9,0001,60E9,1,7,01 00 00 0F 03 E9 60,0,OK
2026-09-30T13:08:44.373Z,6581.37,observer,RX,baseline,0,stopped,,,001160E9,0011,60E9,1,5,01 00 00 E9 60,0,OK
2026-09-30T13:08:44.378Z,6586.131,observer,RX,baseline,0,stopped,,,0001F3FE,0001,F3FE,1,7,01 00 00 0F 03 FE F3,0,OK
2026-09-30T13:08:44.378Z,6586.344,observer,RX,baseline,0,stopped,,,0011F3FE,0011,F3FE,1,5,01 00 00 FE F3,0,OK
2026-09-30T13:08:44.383Z,6591.097,observer,RX,baseline,0,stopped,,,0001A852,0001,A852,1,7,01 00 00 0F 03 52 A8,0,OK
2026-09-30T13:08:44.383Z,6591.373,observer,RX,baseline,0,stopped,,,0011A852,0011,A852,1,5,01 00 00 52 A8,0,OK
2026-09-30T13:08:44.388Z,6596.213,observer,RX,baseline,0,stopped,,,0001B3C2,0001,B3C2,1,7,01 00 00 0F 03 C2 B3,0,OK
2026-09-30T13:08:44.388Z,6596.391,observer,RX,baseline,0,stopped,,,0011B3C2,0011,B3C2,1,5,01 00 00 C2 B3,0,OK
2026-09-30T13:08:44.393Z,6601.324,observer,RX,baseline,0,stopped,,,0001A8F1,0001,A8F1,1,7,01 00 00 0F 03 F1 A8,0,OK
2026-09-30T13:08:44.393Z,6601.418,observer,RX,baseline,0,stopped,,,0011A8F1,0011,A8F1,1,5,01 00 00 F1 A8,0,OK
2026-09-30T13:08:44.398Z,6606.687,observer,RX,baseline,0,stopped,,,00018E90,0001,8E90,1,7,01 00 00 0F 03 90 8E,0,OK
2026-09-30T13:08:44.398Z,6606.818,observer,RX,baseline,0,stopped,,,00118E90,0011,8E90,1,5,01 00 00 90 8E,0,OK
2026-09-30T13:08:44.403Z,6611.588,observer,RX,baseline,0,stopped,,,0001E99D,0001,E99D,1,7,01 00 00 0F 03 9D E9,0,OK
2026-09-30T13:08:44.403Z,6611.716,observer,RX,baseline,0,stopped,,,0011E99D,0011,E99D,1,5,01 00 00 9D E9,0,OK
2026-09-30T13:08:44.408Z,6616.65,observer,RX,baseline,0,stopped,,,00015D36,0001,5D36,1,7,01 00 00 0F 03 36 5D,0,OK
2026-09-30T13:08:44.408Z,6616.788,observer,RX,baseline,0,stopped,,,00115D36,0011,5D36,1,5,01 00 00 36 5D,0,OK
2026-09-30T13:08:44.413Z,6621.283,observer,RX,baseline,0,stopped,,,00018E45,0001,8E45,1,7,01 00 00 0F 03 45 8E,0,OK
2026-09-30T13:08:44.413Z,6621.418,observer,RX,baseline,0,stopped,,,00118E45,0011,8E45,1,5,01 00 00 45 8E,0,OK
2026-09-30T13:08:44.418Z,6626.277,observer,RX,baseline,0,stopped,,,0001D941,0001,D941,1,7,01 00 00 0F 03 41 D9,0,OK
2026-09-30T13:08:44.418Z,6626.364,observer,RX,baseline,0,stopped,,,0011D941,0011,D941,1,5,01 00 00 41 D9,0,OK
2026-09-30T13:08:44.423Z,6631.306,observer,RX,baseline,0,stopped,,,000110BF,0001,10BF,1,7,01 00 00 0F 03 BF 10,0,OK
2026-09-30T13:08:44.423Z,6631.385,observer,RX,baseline,0,stopped,,,001110BF,0011,10BF,1,5,01 00 00 BF 10,0,OK
2026-09-30T13:08:44.428Z,6636.296,observer,RX,baseline,0,stopped,,,00013D40,0001,3D40,1,7,01 00 00 0F 03 40 3D,0,OK
2026-09-30T13:08:44.428Z,6636.448,observer,RX,baseline,0,stopped,,,00113D40,0011,3D40,1,5,01 00 00 40 3D,0,OK
2026-09-30T13:08:44.433Z,6641.299,observer,RX,baseline,0,stopped,,,0001124D,0001,124D,1,7,01 00 00 0F 03 4D 12,0,OK
2026-09-30T13:08:44.433Z,6641.374,observer,RX,baseline,0,stopped,,,0011124D,0011,124D,1,5,01 00 00 4D 12,0,OK
2026-09-30T13:08:44.438Z,6646.288,observer,RX,baseline,0,stopped,,,00017DC2,0001,7DC2,1,7,01 00 00 0F 03 C2 7D,0,OK
2026-09-30T13:08:44.438Z,6646.373,observer,RX,baseline,0,stopped,,,00117DC2,0011,7DC2,1,5,01 00 00 C2 7D,0,OK
2026-09-30T13:08:44.443Z,6651.141,observer,RX,baseline,0,stopped,,,0001BFC1,0001,BFC1,1,7,01 00 00 0F 03 C1 BF,0,OK
2026-09-30T13:08:44.443Z,6651.355,observer,RX,baseline,0,stopped,,,0011BFC1,0011,BFC1,1,5,01 00 00 C1 BF,0,OK
2026-09-30T13:08:44.448Z,6656.143,observer,RX,baseline,0,stopped,,,00011171,0001,1171,1,7,01 00 00 0F 03 71 11,0,OK
2026-09-30T13:08:44.448Z,6656.352,observer,RX,baseline,0,stopped,,,00111171,0011,1171,1,5,01 00 00 71 11,0,OK
2026-09-30T13:08:44.453Z,6661.208,observer,RX,baseline,0,stopped,,,0001A3AE,0001,A3AE,1,7,01 00 00 0F 03 AE A3,0,OK
2026-09-30T13:08:44.453Z,6661.308,observer,RX,baseline,0,stopped,,,0011A3AE,0011,A3AE,1,5,01 00 00 AE A3,0,OK
2026-09-30T13:08:44.458Z,6666.203,observer,RX,baseline,0,stopped,,,0001776A,0001,776A,1,7,01 00 00 0F 03 6A 77,0,OK
2026-09-30T13:08:44.458Z,6666.38,observer,RX,baseline,0,stopped,,,0011776A,0011,776A,1,5,01 00 00 6A 77,0,OK
2026-09-30T13:08:44.463Z,6671.248,observer,RX,baseline,0,stopped,,,000155FC,0001,55FC,1,7,01 00 00 0F 03 FC 55,0,OK
2026-09-30T13:08:44.463Z,6671.327,observer,RX,baseline,0,stopped,,,001155FC,0011,55FC,1,5,01 00 00 FC 55,0,OK
2026-09-30T13:08:44.468Z,6676.168,observer,RX,baseline,0,stopped,,,000181C1,0001,81C1,1,7,01 00 00 0F 03 C1 81,0,OK
2026-09-30T13:08:44.468Z,6676.379,observer,RX,baseline,0,stopped,,,001181C1,0011,81C1,1,5,01 00 00 C1 81,0,OK
2026-09-30T13:08:44.473Z,6681.288,observer,RX,baseline,0,stopped,,,0001B1E0,0001,B1E0,1,7,01 00 00 0F 03 E0 B1,0,OK
2026-09-30T13:08:44.473Z,6681.366,observer,RX,baseline,0,stopped,,,0011B1E0,0011,B1E0,1,5,01 00 00 E0 B1,0,OK
2026-09-30T13:08:44.478Z,6686.128,observer,RX,baseline,0,stopped,,,0001DADE,0001,DADE,1,7,01 00 00 0F 03 DE DA,0,OK
2026-09-30T13:08:44.478Z,6686.349,observer,RX,baseline,0,stopped,,,0011DADE,0011,DADE,1,5,01 00 00 DE DA,0,OK
2026-09-30T13:08:44.483Z,6691.201,observer,RX,baseline,0,stopped,,,00013B0A,0001,3B0A,1,7,01 00 00 0F 03 0A 3B,0,OK
2026-09-30T13:08:44.483Z,6691.381,observer,RX,baseline,0,stopped,,,00113B0A,0011,3B0A,1,5,01 00 00 0A 3B,0,OK
2026-09-30T13:08:44.488Z,6696.372,observer,RX,baseline,0,stopped,,,0001570D,0001,570D,1,7,01 00 00 0F 03 0D 57,0,OK
2026-09-30T13:08:44.488Z,6696.447,observer,RX,baseline,0,stopped,,,0011570D,0011,570D,1,5,01 00 00 0D 57,0,OK
2026-09-30T13:08:44.493Z,6701.258,observer,RX,baseline,0,stopped,,,00014880,0001,4880,1,7,01 00 00 0F 03 80 48,0,OK
2026-09-30T13:08:44.493Z,6701.351,observer,RX,baseline,0,stopped,,,00114880,0011,4880,1,5,01 00 00 80 48,0,OK
2026-09-30T13:08:44.498Z,6706.266,observer,RX,baseline,0,stopped,,,0001B875,0001,B875,1,7,01 00 00 0F 03 75 B8,0,OK
2026-09-30T13:08:44.498Z,6706.343,observer,RX,baseline,0,stopped,,,0011B875,0011,B875,1,5,01 00 00 75 B8,0,OK
2026-09-30T13:08:44.503Z,6711.274,observer,RX,baseline,0,stopped,,,0001BB80,0001,BB80,1,7,01 00 00 0F 03 80 BB,0,OK
2026-09-30T13:08:44.503Z,6711.368,observer,RX,baseline,0,stopped,,,0011BB80,0011,BB80,1,5,01 00 00 80 BB,0,OK
2026-09-30T13:08:44.508Z,6716.286,observer,RX,baseline,0,stopped,,,0001CA5C,0001,CA5C,1,7,01 00 00 0F 03 5C CA,0,OK
2026-09-30T13:08:44.508Z,6716.363,observer,RX,baseline,0,stopped,,,0011CA5C,0011,CA5C,1,5,01 00 00 5C CA,0,OK
2026-09-30T13:08:44.513Z,6721.298,observer,RX,baseline,0,stopped,,,00018E66,0001,8E66,1,7,01 00 00 0F 03 66 8E,0,OK
2026-09-30T13:08:44.513Z,6721.374,observer,RX,baseline,0,stopped,,,00118E66,0011,8E66,1,5,01 00 00 66 8E,0,OK
2026-09-30T13:08:44.518Z,6726.287,observer,RX,baseline,0,stopped,,,0001D958,0001,D958,1,7,01 00 00 0F 03 58 D9,0,OK
2026-09-30T13:08:44.518Z,6726.363,observer,RX,baseline,0,stopped,,,0011D958,0011,D958,1,5,01 00 00 58 D9,0,OK
2026-09-30T13:08:44.523Z,6731.282,observer,RX,baseline,0,stopped,,,00013B5D,0001,3B5D,1,7,01 00 00 0F 03 5D 3B,0,OK
2026-09-30T13:08:44.523Z,6731.358,observer,RX,baseline,0,stopped,,,00113B5D,0011,3B5D,1,5,01 00 00 5D 3B,0,OK
2026-09-30T13:08:44.528Z,6736.277,observer,RX,baseline,0,stopped,,,0001E4E4,0001,E4E4,1,7,01 00 00 0F 03 E4 E4,0,OK
2026-09-30T13:08:44.528Z,6736.352,observer,RX,baseline,0,stopped,,,0011E4E4,0011,E4E4,1,5,01 00 00 E4 E4,0,OK
2026-09-30T13:08:44.533Z,6741.169,observer,RX,baseline,0,stopped,,,00015C74,0001,5C74,1,7,01 00 00 0F 03 74 5C,0,OK
2026-09-30T13:08:44.533Z,6741.311,observer,RX,baseline,0,stopped,,,00115C74,0011,5C74,1,5,01 00 00 74 5C,0,OK
2026-09-30T13:08:44.538Z,6746.267,observer,RX,baseline,0,stopped,,,00018F6B,0001,8F6B,1,7,01 00 00 0F 03 6B 8F,0,OK
2026-09-30T13:08:44.538Z,6746.347,observer,RX,baseline,0,stopped,,,00118F6B,0011,8F6B,1,5,01 00 00 6B 8F,0,OK
2026-09-30T13:08:44.543Z,6751.129,observer,RX,baseline,0,stopped,,,00013640,0001,3640,1,7,01 00 00 0F 03 40 36,0,OK
2026-09-30T13:08:44.543Z,6751.374,observer,RX,baseline,0,stopped,,,00113640,0011,3640,1,5,01 00 00 40 36,0,OK
2026-09-30T13:08:44.548Z,6756.131,observer,RX,baseline,0,stopped,,,0001C4CE,0001,C4CE,1,7,01 00 00 0F 03 CE C4,0,OK
2026-09-30T13:08:44.548Z,6756.389,observer,RX,baseline,0,stopped,,,0011C4CE,0011,C4CE,1,5,01 00 00 CE C4,0,OK
2026-09-30T13:08:44.553Z,6761.303,observer,RX,baseline,0,stopped,,,0001D433,0001,D433,1,7,01 00 00 0F 03 33 D4,0,OK
2026-09-30T13:08:44.553Z,6761.411,observer,RX,baseline,0,stopped,,,0011D433,0011,D433,1,5,01 00 00 33 D4,0,OK
2026-09-30T13:08:44.558Z,6766.286,observer,RX,baseline,0,stopped,,,000193EE,0001,93EE,1,7,01 00 00 0F 03 EE 93,0,OK
2026-09-30T13:08:44.558Z,6766.392,observer,RX,baseline,0,stopped,,,001193EE,0011,93EE,1,5,01 00 00 EE 93,0,OK
2026-09-30T13:08:44.563Z,6771.294,observer,RX,baseline,0,stopped,,,0001555C,0001,555C,1,7,01 00 00 0F 03 5C 55,0,OK
2026-09-30T13:08:44.563Z,6771.374,observer,RX,baseline,0,stopped,,,0011555C,0011,555C,1,5,01 00 00 5C 55,0,OK
2026-09-30T13:08:44.568Z,6776.322,observer,RX,baseline,0,stopped,,,0001EABB,0001,EABB,1,7,01 00 00 0F 03 BB EA,0,OK
2026-09-30T13:08:44.568Z,6776.427,observer,RX,baseline,0,stopped,,,0011EABB,0011,EABB,1,5,01 00 00 BB EA,0,OK
2026-09-30T13:08:44.573Z,6781.167,observer,RX,baseline,0,stopped,,,0001EA1F,0001,EA1F,1,7,01 00 00 0F 03 1F EA,0,OK
2026-09-30T13:08:44.573Z,6781.372,observer,RX,baseline,0,stopped,,,0011EA1F,0011,EA1F,1,5,01 00 00 1F EA,0,OK
2026-09-30T13:08:44.578Z,6786.177,observer,RX,baseline,0,stopped,,,0001C8E2,0001,C8E2,1,7,01 00 00 0F 03 E2 C8,0,OK
2026-09-30T13:08:44.578Z,6786.374,observer,RX,baseline,0,stopped,,,0011C8E2,0011,C8E2,1,5,01 00 00 E2 C8,0,OK
2026-09-30T13:08:44.583Z,6791.13,observer,RX,baseline,0,stopped,,,0001772B,0001,772B,1,7,01 00 00 0F 03 2B 77,0,OK
2026-09-30T13:08:44.583Z,6791.375,observer,RX,baseline,0,stopped,,,0011772B,0011,772B,1,5,01 00 00 2B 77,0,OK
2026-09-30T13:08:44.588Z,6796.164,observer,RX,baseline,0,stopped,,,00019006,0001,9006,1,7,01 00 00 0F 03 06 90,0,OK
2026-09-30T13:08:44.588Z,6796.377,observer,RX,baseline,0,stopped,,,00119006,0011,9006,1,5,01 00 00 06 90,0,OK
2026-09-30T13:08:44.593Z,6801.164,observer,RX,baseline,0,stopped,,,0001F3BD,0001,F3BD,1,7,01 00 00 0F 03 BD F3,0,OK
2026-09-30T13:08:44.593Z,6801.374,observer,RX,baseline,0,stopped,,,0011F3BD,0011,F3BD,1,5,01 00 00 BD F3,0,OK
2026-09-30T13:08:44.598Z,6806.279,observer,RX,baseline,0,stopped,,,0001152C,0001,152C,1,7,01 00 00 0F 03 2C 15,0,OK
2026-09-30T13:08:44.598Z,6806.366,observer,RX,baseline,0,stopped,,,0011152C,0011,152C,1,5,01 00 00 2C 15,0,OK
2026-09-30T13:08:44.603Z,6811.29,observer,RX,baseline,0,stopped,,,0001C4E4,0001,C4E4,1,7,01 00 00 0F 03 E4 C4,0,OK
2026-09-30T13:08:44.603Z,6811.369,observer,RX,baseline,0,stopped,,,0011C4E4,0011,C4E4,1,5,01 00 00 E4 C4,0,OK
2026-09-30T13:08:44.608Z,6816.317,observer,RX,baseline,0,stopped,,,000101C6,0001,01C6,1,7,01 00 00 0F 03 C6 01,0,OK
2026-09-30T13:08:44.608Z,6816.423,observer,RX,baseline,0,stopped,,,001101C6,0011,01C6,1,5,01 00 00 C6 01,0,OK
2026-09-30T13:08:44.613Z,6821.329,observer,RX,baseline,0,stopped,,,00013170,0001,3170,1,7,01 00 00 0F 03 70 31,0,OK
2026-09-30T13:08:44.613Z,6821.439,observer,RX,baseline,0,stopped,,,00113170,0011,3170,1,5,01 00 00 70 31,0,OK
2026-09-30T13:08:44.618Z,6826.344,observer,RX,baseline,0,stopped,,,00012F7A,0001,2F7A,1,7,01 00 00 0F 03 7A 2F,0,OK
2026-09-30T13:08:44.618Z,6826.437,observer,RX,baseline,0,stopped,,,00112F7A,0011,2F7A,1,5,01 00 00 7A 2F,0,OK
2026-09-30T13:08:44.623Z,6831.312,observer,RX,baseline,0,stopped,,,0001CDAD,0001,CDAD,1,7,01 00 00 0F 03 AD CD,0,OK
2026-09-30T13:08:44.623Z,6831.405,observer,RX,baseline,0,stopped,,,0011CDAD,0011,CDAD,1,5,01 00 00 AD CD,0,OK
2026-09-30T13:08:44.628Z,6836.357,observer,RX,baseline,0,stopped,,,0001C89A,0001,C89A,1,7,01 00 00 0F 03 9A C8,0,OK
2026-09-30T13:08:44.628Z,6836.432,observer,RX,baseline,0,stopped,,,0011C89A,0011,C89A,1,5,01 00 00 9A C8,0,OK
2026-09-30T13:08:44.633Z,6841.339,observer,RX,baseline,0,stopped,,,0001740F,0001,740F,1,7,01 00 00 0F 03 0F 74,0,OK
2026-09-30T13:08:44.633Z,6841.417,observer,RX,baseline,0,stopped,,,0011740F,0011,740F,1,5,01 00 00 0F 74,0,OK
2026-09-30T13:08:44.638Z,6846.34,observer,RX,baseline,0,stopped,,,000167E8,0001,67E8,1,7,01 00 00 0F 03 E8 67,0,OK
2026-09-30T13:08:44.638Z,6846.433,observer,RX,baseline,0,stopped,,,001167E8,0011,67E8,1,5,01 00 00 E8 67,0,OK
2026-09-30T13:08:44.643Z,6851.127,observer,RX,baseline,0,stopped,,,0001838F,0001,838F,1,7,01 00 00 0F 03 8F 83,0,OK
2026-09-30T13:08:44.643Z,6851.383,observer,RX,baseline,0,stopped,,,0011838F,0011,838F,1,5,01 00 00 8F 83,0,OK
2026-09-30T13:08:44.648Z,6856.147,observer,RX,baseline,0,stopped,,,00013123,0001,3123,1,7,01 00 00 0F 03 23 31,0,OK
2026-09-30T13:08:44.648Z,6856.391,observer,RX,baseline,0,stopped,,,00113123,0011,3123,1,5,01 00 00 23 31,0,OK
2026-09-30T13:08:44.653Z,6861.308,observer,RX,baseline,0,stopped,,,00019E35,0001,9E35,1,7,01 00 00 0F 03 35 9E,0,OK
2026-09-30T13:08:44.653Z,6861.383,observer,RX,baseline,0,stopped,,,00119E35,0011,9E35,1,5,01 00 00 35 9E,0,OK
2026-09-30T13:08:44.658Z,6866.319,observer,RX,baseline,0,stopped,,,00017862,0001,7862,1,7,01 00 00 0F 03 62 78,0,OK
2026-09-30T13:08:44.658Z,6866.427,observer,RX,baseline,0,stopped,,,00117862,0011,7862,1,5,01 00 00 62 78,0,OK
2026-09-30T13:08:44.663Z,6871.147,observer,RX,baseline,0,stopped,,,00014A2D,0001,4A2D,1,7,01 00 00 0F 03 2D 4A,0,OK
2026-09-30T13:08:44.663Z,6871.384,observer,RX,baseline,0,stopped,,,00114A2D,0011,4A2D,1,5,01 00 00 2D 4A,0,OK
2026-09-30T13:08:44.668Z,6876.101,observer,RX,baseline,0,stopped,,,0001694F,0001,694F,1,7,01 00 00 0F 03 4F 69,0,OK
2026-09-30T13:08:44.668Z,6876.346,observer,RX,baseline,0,stopped,,,0011694F,0011,694F,1,5,01 00 00 4F 69,0,OK
2026-09-30T13:08:44.673Z,6881.097,observer,RX,baseline,0,stopped,,,00012957,0001,2957,1,7,01 00 00 0F 03 57 29,0,OK
2026-09-30T13:08:44.673Z,6881.341,observer,RX,baseline,0,stopped,,,00112957,0011,2957,1,5,01 00 00 57 29,0,OK
2026-09-30T13:08:44.678Z,6886.093,observer,RX,baseline,0,stopped,,,00016BC7,0001,6BC7,1,7,01 00 00 0F 03 C7 6B,0,OK
2026-09-30T13:08:44.678Z,6886.336,observer,RX,baseline,0,stopped,,,00116BC7,0011,6BC7,1,5,01 00 00 C7 6B,0,OK
2026-09-30T13:08:44.683Z,6891.093,observer,RX,baseline,0,stopped,,,00012333,0001,2333,1,7,01 00 00 0F 03 33 23,0,OK
2026-09-30T13:08:44.683Z,6891.344,observer,RX,baseline,0,stopped,,,00112333,0011,2333,1,5,01 00 00 33 23,0,OK
2026-09-30T13:08:44.688Z,6896.094,observer,RX,baseline,0,stopped,,,0001F65A,0001,F65A,1,7,01 00 00 0F 03 5A F6,0,OK
2026-09-30T13:08:44.688Z,6896.344,observer,RX,baseline,0,stopped,,,0011F65A,0011,F65A,1,5,01 00 00 5A F6,0,OK
2026-09-30T13:08:44.693Z,6901.11,observer,RX,baseline,0,stopped,,,0001CA97,0001,CA97,1,7,01 00 00 0F 03 97 CA,0,OK
2026-09-30T13:08:44.693Z,6901.357,observer,RX,baseline,0,stopped,,,0011CA97,0011,CA97,1,5,01 00 00 97 CA,0,OK
2026-09-30T13:08:44.698Z,6906.097,observer,RX,baseline,0,stopped,,,00014FD1,0001,4FD1,1,7,01 00 00 0F 03 D1 4F,0,OK
2026-09-30T13:08:44.698Z,6906.349,observer,RX,baseline,0,stopped,,,00114FD1,0011,4FD1,1,5,01 00 00 D1 4F,0,OK
2026-09-30T13:08:44.703Z,6911.099,observer,RX,baseline,0,stopped,,,0001A08E,0001,A08E,1,7,01 00 00 0F 03 8E A0,0,OK
2026-09-30T13:08:44.703Z,6911.357,observer,RX,baseline,0,stopped,,,0011A08E,0011,A08E,1,5,01 00 00 8E A0,0,OK
2026-09-30T13:08:44.708Z,6916.044,observer,RX,baseline,0,stopped,,,0001EB95,0001,EB95,1,7,01 00 00 0F 03 95 EB,0,OK
2026-09-30T13:08:44.708Z,6916.298,observer,RX,baseline,0,stopped,,,0011EB95,0011,EB95,1,5,01 00 00 95 EB,0,OK
2026-09-30T13:08:44.713Z,6921.043,observer,RX,baseline,0,stopped,,,0001FB5A,0001,FB5A,1,7,01 00 00 0F 03 5A FB,0,OK
2026-09-30T13:08:44.713Z,6921.321,observer,RX,baseline,0,stopped,,,0011FB5A,0011,FB5A,1,5,01 00 00 5A FB,0,OK
2026-09-30T13:08:44.718Z,6926.093,observer,RX,baseline,0,stopped,,,000109B6,0001,09B6,1,7,01 00 00 0F 03 B6 09,0,OK
2026-09-30T13:08:44.718Z,6926.394,observer,RX,baseline,0,stopped,,,001109B6,0011,09B6,1,5,01 00 00 B6 09,0,OK
2026-09-30T13:08:44.723Z,6931.09,observer,RX,baseline,0,stopped,,,00010060,0001,0060,1,7,01 00 00 0F 03 60 00,0,OK
2026-09-30T13:08:44.723Z,6931.374,observer,RX,baseline,0,stopped,,,00110060,0011,0060,1,5,01 00 00 60 00,0,OK
2026-09-30T13:08:44.728Z,6936.046,observer,RX,baseline,0,stopped,,,00013DE3,0001,3DE3,1,7,01 00 00 0F 03 E3 3D,0,OK
2026-09-30T13:08:44.728Z,6936.286,observer,RX,baseline,0,stopped,,,00113DE3,0011,3DE3,1,5,01 00 00 E3 3D,0,OK
2026-09-30T13:08:44.733Z,6941.089,observer,RX,baseline,0,stopped,,,00018199,0001,8199,1,7,01 00 00 0F 03 99 81,0,OK
2026-09-30T13:08:44.733Z,6941.381,observer,RX,baseline,0,stopped,,,00118199,0011,8199,1,5,01 00 00 99 81,0,OK
2026-09-30T13:08:44.738Z,6946.133,observer,RX,baseline,0,stopped,,,0001418D,0001,418D,1,7,01 00 00 0F 03 8D 41,0,OK
2026-09-30T13:08:44.738Z,6946.415,observer,RX,baseline,0,stopped,,,0011418D,0011,418D,1,5,01 00 00 8D 41,0,OK
2026-09-30T13:08:44.743Z,6951.1,observer,RX,baseline,0,stopped,,,00013AB1,0001,3AB1,1,7,01 00 00 0F 03 B1 3A,0,OK
2026-09-30T13:08:44.743Z,6951.342,observer,RX,baseline,0,stopped,,,00113AB1,0011,3AB1,1,5,01 00 00 B1 3A,0,OK
2026-09-30T13:08:44.748Z,6956.143,observer,RX,baseline,0,stopped,,,00012408,0001,2408,1,7,01 00 00 0F 03 08 24,0,OK
2026-09-30T13:08:44.748Z,6956.335,observer,RX,baseline,0,stopped,,,00112408,0011,2408,1,5,01 00 00 08 24,0,OK
2026-09-30T13:08:44.753Z,6961.046,observer,RX,baseline,0,stopped,,,000113FA,0001,13FA,1,7,01 00 00 0F 03 FA 13,0,OK
2026-09-30T13:08:44.753Z,6961.268,observer,RX,baseline,0,stopped,,,001113FA,0011,13FA,1,5,01 00 00 FA 13,0,OK
2026-09-30T13:08:44.758Z,6966.042,observer,RX,baseline,0,stopped,,,00010C71,0001,0C71,1,7,01 00 00 0F 03 71 0C,0,OK
2026-09-30T13:08:44.758Z,6966.292,observer,RX,baseline,0,stopped,,,00110C71,0011,0C71,1,5,01 00 00 71 0C,0,OK
2026-09-30T13:08:44.763Z,6971.043,observer,RX,baseline,0,stopped,,,000114E6,0001,14E6,1,7,01 00 00 0F 03 E6 14,0,OK
2026-09-30T13:08:44.763Z,6971.293,observer,RX,baseline,0,stopped,,,001114E6,0011,14E6,1,5,01 00 00 E6 14,0,OK
2026-09-30T13:08:44.768Z,6976.05,observer,RX,baseline,0,stopped,,,00015FA0,0001,5FA0,1,7,01 00 00 0F 03 A0 5F,0,OK
2026-09-30T13:08:44.768Z,6976.284,observer,RX,baseline,0,stopped,,,00115FA0,0011,5FA0,1,5,01 00 00 A0 5F,0,OK
2026-09-30T13:08:44.773Z,6981.111,observer,RX,baseline,0,stopped,,,0001C59D,0001,C59D,1,7,01 00 00 0F 03 9D C5,0,OK
2026-09-30T13:08:44.773Z,6981.319,observer,RX,baseline,0,stopped,,,0011C59D,0011,C59D,1,5,01 00 00 9D C5,0,OK
2026-09-30T13:08:44.778Z,6986.134,observer,RX,baseline,0,stopped,,,0001D967,0001,D967,1,7,01 00 00 0F 03 67 D9,0,OK
2026-09-30T13:08:44.778Z,6986.328,observer,RX,baseline,0,stopped,,,0011D967,0011,D967,1,5,01 00 00 67 D9,0,OK
2026-09-30T13:08:44.783Z,6991.107,observer,RX,baseline,0,stopped,,,000132F1,0001,32F1,1,7,01 00 00 0F 03 F1 32,0,OK
2026-09-30T13:08:44.783Z,6991.243,observer,RX,baseline,0,stopped,,,001132F1,0011,32F1,1,5,01 00 00 F1 32,0,OK
2026-09-30T13:08:44.788Z,6996.122,observer,RX,baseline,0,stopped,,,000176F0,0001,76F0,1,7,01 00 00 0F 03 F0 76,0,OK
2026-09-30T13:08:44.788Z,6996.352,observer,RX,baseline,0,stopped,,,001176F0,0011,76F0,1,5,01 00 00 F0 76,0,OK
2026-09-30T13:08:44.793Z,7001.081,observer,RX,baseline,0,stopped,,,0001C1B7,0001,C1B7,1,7,01 00 00 0F 03 B7 C1,0,OK
2026-09-30T13:08:44.793Z,7001.32,observer,RX,baseline,0,stopped,,,0011C1B7,0011,C1B7,1,5,01 00 00 B7 C1,0,OK
2026-09-30T13:08:44.798Z,7006.084,observer,RX,baseline,0,stopped,,,000134FF,0001,34FF,1,7,01 00 00 0F 03 FF 34,0,OK
2026-09-30T13:08:44.798Z,7006.34,observer,RX,baseline,0,stopped,,,001134FF,0011,34FF,1,5,01 00 00 FF 34,0,OK
2026-09-30T13:08:44.803Z,7011.078,observer,RX,baseline,0,stopped,,,00011A4C,0001,1A4C,1,7,01 00 00 0F 03 4C 1A,0,OK
2026-09-30T13:08:44.803Z,7011.325,observer,RX,baseline,0,stopped,,,00111A4C,0011,1A4C,1,5,01 00 00 4C 1A,0,OK
2026-09-30T13:08:44.808Z,7016.077,observer,RX,baseline,0,stopped,,,0001275F,0001,275F,1,7,01 00 00 0F 03 5F 27,0,OK
2026-09-30T13:08:44.808Z,7016.326,observer,RX,baseline,0,stopped,,,0011275F,0011,275F,1,5,01 00 00 5F 27,0,OK
2026-09-30T13:08:44.813Z,7021.126,observer,RX,baseline,0,stopped,,,0001BEDF,0001,BEDF,1,7,01 00 00 0F 03 DF BE,0,OK
2026-09-30T13:08:44.813Z,7021.373,observer,RX,baseline,0,stopped,,,0011BEDF,0011,BEDF,1,5,01 00 00 DF BE,0,OK
2026-09-30T13:08:44.818Z,7026.079,observer,RX,baseline,0,stopped,,,000193BC,0001,93BC,1,7,01 00 00 0F 03 BC 93,0,OK
2026-09-30T13:08:44.818Z,7026.331,observer,RX,baseline,0,stopped,,,001193BC,0011,93BC,1,5,01 00 00 BC 93,0,OK
2026-09-30T13:08:44.823Z,7031.086,observer,RX,baseline,0,stopped,,,00014EA6,0001,4EA6,1,7,01 00 00 0F 03 A6 4E,0,OK
2026-09-30T13:08:44.823Z,7031.327,observer,RX,baseline,0,stopped,,,00114EA6,0011,4EA6,1,5,01 00 00 A6 4E,0,OK
2026-09-30T13:08:44.828Z,7036.093,observer,RX,baseline,0,stopped,,,000198C2,0001,98C2,1,7,01 00 00 0F 03 C2 98,0,OK
2026-09-30T13:08:44.828Z,7036.331,observer,RX,baseline,0,stopped,,,001198C2,0011,98C2,1,5,01 00 00 C2 98,0,OK
2026-09-30T13:08:44.833Z,7041.094,observer,RX,baseline,0,stopped,,,0001922A,0001,922A,1,7,01 00 00 0F 03 2A 92,0,OK
2026-09-30T13:08:44.833Z,7041.33,observer,RX,baseline,0,stopped,,,0011922A,0011,922A,1,5,01 00 00 2A 92,0,OK
2026-09-30T13:08:44.838Z,7046.131,observer,RX,baseline,0,stopped,,,00012F34,0001,2F34,1,7,01 00 00 0F 03 34 2F,0,OK
2026-09-30T13:08:44.838Z,7046.353,observer,RX,baseline,0,stopped,,,00112F34,0011,2F34,1,5,01 00 00 34 2F,0,OK
2026-09-30T13:08:44.843Z,7051.181,observer,RX,baseline,0,stopped,,,0001645A,0001,645A,1,7,01 00 00 0F 03 5A 64,0,OK
2026-09-30T13:08:44.843Z,7051.342,observer,RX,baseline,0,stopped,,,0011645A,0011,645A,1,5,01 00 00 5A 64,0,OK
2026-09-30T13:08:44.848Z,7056.353,observer,RX,baseline,0,stopped,,,0001C95A,0001,C95A,1,7,01 00 00 0F 03 5A C9,0,OK
2026-09-30T13:08:44.848Z,7056.482,observer,RX,baseline,0,stopped,,,0011C95A,0011,C95A,1,5,01 00 00 5A C9,0,OK
2026-09-30T13:08:44.853Z,7061.333,observer,RX,baseline,0,stopped,,,0001C9F8,0001,C9F8,1,7,01 00 00 0F 03 F8 C9,0,OK
2026-09-30T13:08:44.853Z,7061.468,observer,RX,baseline,0,stopped,,,0011C9F8,0011,C9F8,1,5,01 00 00 F8 C9,0,OK
2026-09-30T13:08:44.858Z,7066.223,observer,RX,baseline,0,stopped,,,0001CDF5,0001,CDF5,1,7,01 00 00 0F 03 F5 CD,0,OK
2026-09-30T13:08:44.858Z,7066.358,observer,RX,baseline,0,stopped,,,0011CDF5,0011,CDF5,1,5,01 00 00 F5 CD,0,OK
2026-09-30T13:08:44.863Z,7071.107,observer,RX,baseline,0,stopped,,,000104A4,0001,04A4,1,7,01 00 00 0F 03 A4 04,0,OK
2026-09-30T13:08:44.863Z,7071.325,observer,RX,baseline,0,stopped,,,001104A4,0011,04A4,1,5,01 00 00 A4 04,0,OK
2026-09-30T13:08:44.868Z,7076.127,observer,RX,baseline,0,stopped,,,0001C29D,0001,C29D,1,7,01 00 00 0F 03 9D C2,0,OK
2026-09-30T13:08:44.868Z,7076.328,observer,RX,baseline,0,stopped,,,0011C29D,0011,C29D,1,5,01 00 00 9D C2,0,OK
2026-09-30T13:08:44.873Z,7081.033,observer,RX,baseline,0,stopped,,,0001348C,0001,348C,1,7,01 00 00 0F 03 8C 34,0,OK
2026-09-30T13:08:44.873Z,7081.342,observer,RX,baseline,0,stopped,,,0011348C,0011,348C,1,5,01 00 00 8C 34,0,OK
2026-09-30T13:08:44.878Z,7086.082,observer,RX,baseline,0,stopped,,,0001962E,0001,962E,1,7,01 00 00 0F 03 2E 96,0,OK
2026-09-30T13:08:44.878Z,7086.34,observer,RX,baseline,0,stopped,,,0011962E,0011,962E,1,5,01 00 00 2E 96,0,OK
2026-09-30T13:08:44.883Z,7091.034,observer,RX,baseline,0,stopped,,,00010F91,0001,0F91,1,7,01 00 00 0F 03 91 0F,0,OK
2026-09-30T13:08:44.883Z,7091.342,observer,RX,baseline,0,stopped,,,00110F91,0011,0F91,1,5,01 00 00 91 0F,0,OK
2026-09-30T13:08:44.888Z,7096.021,observer,RX,baseline,0,stopped,,,0001FAB7,0001,FAB7,1,7,01 00 00 0F 03 B7 FA,0,OK
2026-09-30T13:08:44.888Z,7096.343,observer,RX,baseline,0,stopped,,,0011FAB7,0011,FAB7,1,5,01 00 00 B7 FA,0,OK
2026-09-30T13:08:44.893Z,7101.296,observer,RX,baseline,0,stopped,,,0001765D,0001,765D,1,7,01 00 00 0F 03 5D 76,0,OK
2026-09-30T13:08:44.893Z,7101.39,observer,RX,baseline,0,stopped,,,0011765D,0011,765D,1,5,01 00 00 5D 76,0,OK
2026-09-30T13:08:44.898Z,7106.263,observer,RX,baseline,0,stopped,,,0001E309,0001,E309,1,7,01 00 00 0F 03 09 E3,0,OK
2026-09-30T13:08:44.898Z,7106.368,observer,RX,baseline,0,stopped,,,0011E309,0011,E309,1,5,01 00 00 09 E3,0,OK
2026-09-30T13:08:44.903Z,7111.324,observer,RX,baseline,0,stopped,,,000187B9,0001,87B9,1,7,01 00 00 0F 03 B9 87,0,OK
2026-09-30T13:08:44.903Z,7111.403,observer,RX,baseline,0,stopped,,,001187B9,0011,87B9,1,5,01 00 00 B9 87,0,OK
2026-09-30T13:08:44.908Z,7116.238,observer,RX,baseline,0,stopped,,,000196CE,0001,96CE,1,7,01 00 00 0F 03 CE 96,0,OK
2026-09-30T13:08:44.908Z,7116.364,observer,RX,baseline,0,stopped,,,001196CE,0011,96CE,1,5,01 00 00 CE 96,0,OK
2026-09-30T13:08:44.913Z,7121.296,observer,RX,baseline,0,stopped,,,0001902D,0001,902D,1,7,01 00 00 0F 03 2D 90,0,OK
2026-09-30T13:08:44.913Z,7121.44,observer,RX,baseline,0,stopped,,,0011902D,0011,902D,1,5,01 00 00 2D 90,0,OK
2026-09-30T13:08:44.918Z,7126.265,observer,RX,baseline,0,stopped,,,000100D8,0001,00D8,1,7,01 00 00 0F 03 D8 00,0,OK
2026-09-30T13:08:44.918Z,7126.376,observer,RX,baseline,0,stopped,,,001100D8,0011,00D8,1,5,01 00 00 D8 00,0,OK
2026-09-30T13:08:44.923Z,7131.091,observer,RX,baseline,0,stopped,,,0001D3AE,0001,D3AE,1,7,01 00 00 0F 03 AE D3,0,OK
2026-09-30T13:08:44.923Z,7131.344,observer,RX,baseline,0,stopped,,,0011D3AE,0011,D3AE,1,5,01 00 00 AE D3,0,OK
2026-09-30T13:08:44.928Z,7136.286,observer,RX,baseline,0,stopped,,,0001CE08,0001,CE08,1,7,01 00 00 0F 03 08 CE,0,OK
2026-09-30T13:08:44.928Z,7136.419,observer,RX,baseline,0,stopped,,,0011CE08,0011,CE08,1,5,01 00 00 08 CE,0,OK
2026-09-30T13:08:44.933Z,7141.318,observer,RX,baseline,0,stopped,,,00017CDD,0001,7CDD,1,7,01 00 00 0F 03 DD 7C,0,OK
2026-09-30T13:08:44.933Z,7141.397,observer,RX,baseline,0,stopped,,,00117CDD,0011,7CDD,1,5,01 00 00 DD 7C,0,OK
2026-09-30T13:08:44.938Z,7146.265,observer,RX,baseline,0,stopped,,,00011BF6,0001,1BF6,1,7,01 00 00 0F 03 F6 1B,0,OK
2026-09-30T13:08:44.938Z,7146.357,observer,RX,baseline,0,stopped,,,00111BF6,0011,1BF6,1,5,01 00 00 F6 1B,0,OK
2026-09-30T13:08:44.943Z,7151.093,observer,RX,baseline,0,stopped,,,0001A531,0001,A531,1,7,01 00 00 0F 03 31 A5,0,OK
2026-09-30T13:08:44.943Z,7151.333,observer,RX,baseline,0,stopped,,,0011A531,0011,A531,1,5,01 00 00 31 A5,0,OK
2026-09-30T13:08:44.948Z,7156.091,observer,RX,baseline,0,stopped,,,0001254D,0001,254D,1,7,01 00 00 0F 03 4D 25,0,OK
2026-09-30T13:08:44.948Z,7156.344,observer,RX,baseline,0,stopped,,,0011254D,0011,254D,1,5,01 00 00 4D 25,0,OK
2026-09-30T13:08:44.953Z,7161.328,observer,RX,baseline,0,stopped,,,0001B6FE,0001,B6FE,1,7,01 00 00 0F 03 FE B6,0,OK
2026-09-30T13:08:44.953Z,7161.405,observer,RX,baseline,0,stopped,,,0011B6FE,0011,B6FE,1,5,01 00 00 FE B6,0,OK
2026-09-30T13:08:44.958Z,7166.09,observer,RX,baseline,0,stopped,,,0001EA6A,0001,EA6A,1,7,01 00 00 0F 03 6A EA,0,OK
2026-09-30T13:08:44.958Z,7166.337,observer,RX,baseline,0,stopped,,,0011EA6A,0011,EA6A,1,5,01 00 00 6A EA,0,OK
2026-09-30T13:08:44.963Z,7171.288,observer,RX,baseline,0,stopped,,,0001222A,0001,222A,1,7,01 00 00 0F 03 2A 22,0,OK
2026-09-30T13:08:44.963Z,7171.367,observer,RX,baseline,0,stopped,,,0011222A,0011,222A,1,5,01 00 00 2A 22,0,OK
2026-09-30T13:08:44.968Z,7176.345,observer,RX,baseline,0,stopped,,,0001CFCB,0001,CFCB,1,7,01 00 00 0F 03 CB CF,0,OK
2026-09-30T13:08:44.968Z,7176.422,observer,RX,baseline,0,stopped,,,0011CFCB,0011,CFCB,1,5,01 00 00 CB CF,0,OK
2026-09-30T13:08:44.973Z,7181.179,observer,RX,baseline,0,stopped,,,0001CA26,0001,CA26,1,7,01 00 00 0F 03 26 CA,0,OK
2026-09-30T13:08:44.973Z,7181.282,observer,RX,baseline,0,stopped,,,0011CA26,0011,CA26,1,5,01 00 00 26 CA,0,OK
2026-09-30T13:08:44.978Z,7186.197,observer,RX,baseline,0,stopped,,,0001A44C,0001,A44C,1,7,01 00 00 0F 03 4C A4,0,OK
2026-09-30T13:08:44.978Z,7186.271,observer,RX,baseline,0,stopped,,,0011A44C,0011,A44C,1,5,01 00 00 4C A4,0,OK
2026-09-30T13:08:44.983Z,7191.185,observer,RX,baseline,0,stopped,,,0001EB55,0001,EB55,1,7,01 00 00 0F 03 55 EB,0,OK
2026-09-30T13:08:44.983Z,7191.266,observer,RX,baseline,0,stopped,,,0011EB55,0011,EB55,1,5,01 00 00 55 EB,0,OK
2026-09-30T13:08:44.988Z,7196.184,observer,RX,baseline,0,stopped,,,0001F03D,0001,F03D,1,7,01 00 00 0F 03 3D F0,0,OK
2026-09-30T13:08:44.988Z,7196.263,observer,RX,baseline,0,stopped,,,0011F03D,0011,F03D,1,5,01 00 00 3D F0,0,OK
2026-09-30T13:08:44.993Z,7201.085,observer,RX,baseline,0,stopped,,,0001EC08,0001,EC08,1,7,01 00 00 0F 03 08 EC,0,OK
2026-09-30T13:08:44.993Z,7201.339,observer,RX,baseline,0,stopped,,,0011EC08,0011,EC08,1,5,01 00 00 08 EC,0,OK
2026-09-30T13:08:44.998Z,7206.113,observer,RX,baseline,0,stopped,,,0001BEE7,0001,BEE7,1,7,01 00 00 0F 03 E7 BE,0,OK
2026-09-30T13:08:44.998Z,7206.323,observer,RX,baseline,0,stopped,,,0011BEE7,0011,BEE7,1,5,01 00 00 E7 BE,0,OK
2026-09-30T13:08:45.003Z,7211.087,observer,RX,baseline,0,stopped,,,00011CBC,0001,1CBC,1,7,01 00 00 0F 03 BC 1C,0,OK
2026-09-30T13:08:45.003Z,7211.337,observer,RX,baseline,0,stopped,,,00111CBC,0011,1CBC,1,5,01 00 00 BC 1C,0,OK
2026-09-30T13:08:45.008Z,7216.124,observer,RX,baseline,0,stopped,,,0001FAEB,0001,FAEB,1,7,01 00 00 0F 03 EB FA,0,OK
2026-09-30T13:08:45.008Z,7216.326,observer,RX,baseline,0,stopped,,,0011FAEB,0011,FAEB,1,5,01 00 00 EB FA,0,OK
2026-09-30T13:08:45.013Z,7221.092,observer,RX,baseline,0,stopped,,,00017D41,0001,7D41,1,7,01 00 00 0F 03 41 7D,0,OK
2026-09-30T13:08:45.013Z,7221.327,observer,RX,baseline,0,stopped,,,00117D41,0011,7D41,1,5,01 00 00 41 7D,0,OK
2026-09-30T13:08:45.018Z,7226.085,observer,RX,baseline,0,stopped,,,0001AEA2,0001,AEA2,1,7,01 00 00 0F 03 A2 AE,0,OK
2026-09-30T13:08:45.018Z,7226.336,observer,RX,baseline,0,stopped,,,0011AEA2,0011,AEA2,1,5,01 00 00 A2 AE,0,OK
2026-09-30T13:08:45.023Z,7231.088,observer,RX,baseline,0,stopped,,,00018BE8,0001,8BE8,1,7,01 00 00 0F 03 E8 8B,0,OK
2026-09-30T13:08:45.023Z,7231.341,observer,RX,baseline,0,stopped,,,00118BE8,0011,8BE8,1,5,01 00 00 E8 8B,0,OK
2026-09-30T13:08:45.028Z,7236.126,observer,RX,baseline,0,stopped,,,0001EC70,0001,EC70,1,7,01 00 00 0F 03 70 EC,0,OK
2026-09-30T13:08:45.028Z,7236.323,observer,RX,baseline,0,stopped,,,0011EC70,0011,EC70,1,5,01 00 00 70 EC,0,OK
2026-09-30T13:08:45.033Z,7241.075,observer,RX,baseline,0,stopped,,,0001A5F2,0001,A5F2,1,7,01 00 00 0F 03 F2 A5,0,OK
2026-09-30T13:08:45.033Z,7241.331,observer,RX,baseline,0,stopped,,,0011A5F2,0011,A5F2,1,5,01 00 00 F2 A5,0,OK
2026-09-30T13:08:45.038Z,7246.126,observer,RX,baseline,0,stopped,,,0001DB9E,0001,DB9E,1,7,01 00 00 0F 03 9E DB,0,OK
2026-09-30T13:08:45.038Z,7246.302,observer,RX,baseline,0,stopped,,,0011DB9E,0011,DB9E,1,5,01 00 00 9E DB,0,OK
2026-09-30T13:08:45.043Z,7251.252,observer,RX,baseline,0,stopped,,,00019BD6,0001,9BD6,1,7,01 00 00 0F 03 D6 9B,0,OK
2026-09-30T13:08:45.043Z,7251.33,observer,RX,baseline,0,stopped,,,00119BD6,0011,9BD6,1,5,01 00 00 D6 9B,0,OK
2026-09-30T13:08:45.048Z,7256.24,observer,RX,baseline,0,stopped,,,0001B93D,0001,B93D,1,7,01 00 00 0F 03 3D B9,0,OK
2026-09-30T13:08:45.048Z,7256.318,observer,RX,baseline,0,stopped,,,0011B93D,0011,B93D,1,5,01 00 00 3D B9,0,OK
2026-09-30T13:08:45.053Z,7261.082,observer,RX,baseline,0,stopped,,,0001E211,0001,E211,1,7,01 00 00 0F 03 11 E2,0,OK
2026-09-30T13:08:45.053Z,7261.326,observer,RX,baseline,0,stopped,,,0011E211,0011,E211,1,5,01 00 00 11 E2,0,OK
2026-09-30T13:08:45.058Z,7266.083,observer,RX,baseline,0,stopped,,,00014D1E,0001,4D1E,1,7,01 00 00 0F 03 1E 4D,0,OK
2026-09-30T13:08:45.058Z,7266.302,observer,RX,baseline,0,stopped,,,00114D1E,0011,4D1E,1,5,01 00 00 1E 4D,0,OK
2026-09-30T13:08:45.063Z,7271.126,observer,RX,baseline,0,stopped,,,000176AA,0001,76AA,1,7,01 00 00 0F 03 AA 76,0,OK
2026-09-30T13:08:45.063Z,7271.301,observer,RX,baseline,0,stopped,,,001176AA,0011,76AA,1,5,01 00 00 AA 76,0,OK
2026-09-30T13:08:45.068Z,7276.089,observer,RX,baseline,0,stopped,,,000181E0,0001,81E0,1,7,01 00 00 0F 03 E0 81,0,OK
2026-09-30T13:08:45.068Z,7276.34,observer,RX,baseline,0,stopped,,,001181E0,0011,81E0,1,5,01 00 00 E0 81,0,OK
2026-09-30T13:08:45.073Z,7281.144,observer,RX,baseline,0,stopped,,,00018D7E,0001,8D7E,1,7,01 00 00 0F 03 7E 8D,0,OK
2026-09-30T13:08:45.073Z,7281.238,observer,RX,baseline,0,stopped,,,00118D7E,0011,8D7E,1,5,01 00 00 7E 8D,0,OK
2026-09-30T13:08:45.078Z,7286.15,observer,RX,baseline,0,stopped,,,000193AA,0001,93AA,1,7,01 00 00 0F 03 AA 93,0,OK
2026-09-30T13:08:45.078Z,7286.331,observer,RX,baseline,0,stopped,,,001193AA,0011,93AA,1,5,01 00 00 AA 93,0,OK
2026-09-30T13:08:45.083Z,7291.196,observer,RX,baseline,0,stopped,,,00011524,0001,1524,1,7,01 00 00 0F 03 24 15,0,OK
2026-09-30T13:08:45.083Z,7291.275,observer,RX,baseline,0,stopped,,,00111524,0011,1524,1,5,01 00 00 24 15,0,OK
2026-09-30T13:08:45.088Z,7296.185,observer,RX,baseline,0,stopped,,,0001E804,0001,E804,1,7,01 00 00 0F 03 04 E8,0,OK
2026-09-30T13:08:45.088Z,7296.26,observer,RX,baseline,0,stopped,,,0011E804,0011,E804,1,5,01 00 00 04 E8,0,OK
2026-09-30T13:08:45.093Z,7301.174,observer,RX,baseline,0,stopped,,,000177D8,0001,77D8,1,7,01 00 00 0F 03 D8 77,0,OK
2026-09-30T13:08:45.093Z,7301.253,observer,RX,baseline,0,stopped,,,001177D8,0011,77D8,1,5,01 00 00 D8 77,0,OK
2026-09-30T13:08:45.098Z,7306.336,observer,RX,baseline,0,stopped,,,000185F2,0001,85F2,1,7,01 00 00 0F 03 F2 85,0,OK
2026-09-30T13:08:45.098Z,7306.411,observer,RX,baseline,0,stopped,,,001185F2,0011,85F2,1,5,01 00 00 F2 85,0,OK
2026-09-30T13:08:45.103Z,7311.162,observer,RX,baseline,0,stopped,,,000143D5,0001,43D5,1,7,01 00 00 0F 03 D5 43,0,OK
2026-09-30T13:08:45.103Z,7311.327,observer,RX,baseline,0,stopped,,,001143D5,0011,43D5,1,5,01 00 00 D5 43,0,OK
2026-09-30T13:08:45.108Z,7316.081,observer,RX,baseline,0,stopped,,,00017437,0001,7437,1,7,01 00 00 0F 03 37 74,0,OK
2026-09-30T13:08:45.108Z,7316.326,observer,RX,baseline,0,stopped,,,00117437,0011,7437,1,5,01 00 00 37 74,0,OK
2026-09-30T13:08:45.113Z,7321.306,observer,RX,baseline,0,stopped,,,00016C0D,0001,6C0D,1,7,01 00 00 0F 03 0D 6C,0,OK
2026-09-30T13:08:45.113Z,7321.421,observer,RX,baseline,0,stopped,,,00116C0D,0011,6C0D,1,5,01 00 00 0D 6C,0,OK
2026-09-30T13:08:45.118Z,7326.15,observer,RX,baseline,0,stopped,,,00012072,0001,2072,1,7,01 00 00 0F 03 72 20,0,OK
2026-09-30T13:08:45.118Z,7326.312,observer,RX,baseline,0,stopped,,,00112072,0011,2072,1,5,01 00 00 72 20,0,OK
2026-09-30T13:08:45.123Z,7331.153,observer,RX,baseline,0,stopped,,,0001BA10,0001,BA10,1,7,01 00 00 0F 03 10 BA,0,OK
2026-09-30T13:08:45.123Z,7331.323,observer,RX,baseline,0,stopped,,,0011BA10,0011,BA10,1,5,01 00 00 10 BA,0,OK
2026-09-30T13:08:45.128Z,7336.117,observer,RX,baseline,0,stopped,,,0001D06E,0001,D06E,1,7,01 00 00 0F 03 6E D0,0,OK
2026-09-30T13:08:45.128Z,7336.324,observer,RX,baseline,0,stopped,,,0011D06E,0011,D06E,1,5,01 00 00 6E D0,0,OK
2026-09-30T13:08:45.133Z,7341.082,observer,RX,baseline,0,stopped,,,0001E3B2,0001,E3B2,1,7,01 00 00 0F 03 B2 E3,0,OK
2026-09-30T13:08:45.133Z,7341.329,observer,RX,baseline,0,stopped,,,0011E3B2,0011,E3B2,1,5,01 00 00 B2 E3,0,OK
2026-09-30T13:08:45.138Z,7346.307,observer,RX,baseline,0,stopped,,,000153D9,0001,53D9,1,7,01 00 00 0F 03 D9 53,0,OK
2026-09-30T13:08:45.138Z,7346.385,observer,RX,baseline,0,stopped,,,001153D9,0011,53D9,1,5,01 00 00 D9 53,0,OK
2026-09-30T13:08:45.143Z,7351.078,observer,RX,baseline,0,stopped,,,000136A2,0001,36A2,1,7,01 00 00 0F 03 A2 36,0,OK
2026-09-30T13:08:45.143Z,7351.331,observer,RX,baseline,0,stopped,,,001136A2,0011,36A2,1,5,01 00 00 A2 36,0,OK
2026-09-30T13:08:45.148Z,7356.239,observer,RX,baseline,0,stopped,,,00011749,0001,1749,1,7,01 00 00 0F 03 49 17,0,OK
2026-09-30T13:08:45.148Z,7356.317,observer,RX,baseline,0,stopped,,,00111749,0011,1749,1,5,01 00 00 49 17,0,OK
2026-09-30T13:08:45.153Z,7361.08,observer,RX,baseline,0,stopped,,,00015617,0001,5617,1,7,01 00 00 0F 03 17 56,0,OK
2026-09-30T13:08:45.153Z,7361.325,observer,RX,baseline,0,stopped,,,00115617,0011,5617,1,5,01 00 00 17 56,0,OK
2026-09-30T13:08:45.158Z,7366.081,observer,RX,baseline,0,stopped,,,0001BA2A,0001,BA2A,1,7,01 00 00 0F 03 2A BA,0,OK
2026-09-30T13:08:45.158Z,7366.331,observer,RX,baseline,0,stopped,,,0011BA2A,0011,BA2A,1,5,01 00 00 2A BA,0,OK
2026-09-30T13:08:45.163Z,7370.991,observer,RX,baseline,0,stopped,,,00017241,0001,7241,1,7,01 00 00 0F 03 41 72,0,OK
2026-09-30T13:08:45.163Z,7371.208,observer,RX,baseline,0,stopped,,,00117241,0011,7241,1,5,01 00 00 41 72,0,OK
2026-09-30T13:08:45.168Z,7376.191,observer,RX,baseline,0,stopped,,,00012815,0001,2815,1,7,01 00 00 0F 03 15 28,0,OK
2026-09-30T13:08:45.168Z,7376.266,observer,RX,baseline,0,stopped,,,00112815,0011,2815,1,5,01 00 00 15 28,0,OK
2026-09-30T13:08:45.173Z,7381.278,observer,RX,baseline,0,stopped,,,00010718,0001,0718,1,7,01 00 00 0F 03 18 07,0,OK
2026-09-30T13:08:45.173Z,7381.39,observer,RX,baseline,0,stopped,,,00110718,0011,0718,1,5,01 00 00 18 07,0,OK
2026-09-30T13:08:45.178Z,7386.266,observer,RX,baseline,0,stopped,,,0001929E,0001,929E,1,7,01 00 00 0F 03 9E 92,0,OK
2026-09-30T13:08:45.178Z,7386.344,observer,RX,baseline,0,stopped,,,0011929E,0011,929E,1,5,01 00 00 9E 92,0,OK
2026-09-30T13:08:45.183Z,7391.187,observer,RX,baseline,0,stopped,,,00014FC4,0001,4FC4,1,7,01 00 00 0F 03 C4 4F,0,OK
2026-09-30T13:08:45.183Z,7391.294,observer,RX,baseline,0,stopped,,,00114FC4,0011,4FC4,1,5,01 00 00 C4 4F,0,OK
2026-09-30T13:08:45.188Z,7396.242,observer,RX,baseline,0,stopped,,,00010F94,0001,0F94,1,7,01 00 00 0F 03 94 0F,0,OK
2026-09-30T13:08:45.188Z,7396.319,observer,RX,baseline,0,stopped,,,00110F94,0011,0F94,1,5,01 00 00 94 0F,0,OK
2026-09-30T13:08:45.193Z,7401.148,observer,RX,baseline,0,stopped,,,000171B4,0001,71B4,1,7,01 00 00 0F 03 B4 71,0,OK
2026-09-30T13:08:45.193Z,7401.227,observer,RX,baseline,0,stopped,,,001171B4,0011,71B4,1,5,01 00 00 B4 71,0,OK
2026-09-30T13:08:45.198Z,7405.987,observer,RX,baseline,0,stopped,,,00017450,0001,7450,1,7,01 00 00 0F 03 50 74,0,OK
2026-09-30T13:08:45.198Z,7406.195,observer,RX,baseline,0,stopped,,,00117450,0011,7450,1,5,01 00 00 50 74,0,OK
2026-09-30T13:08:45.203Z,7411.25,observer,RX,baseline,0,stopped,,,0001CA17,0001,CA17,1,7,01 00 00 0F 03 17 CA,0,OK
2026-09-30T13:08:45.203Z,7411.357,observer,RX,baseline,0,stopped,,,0011CA17,0011,CA17,1,5,01 00 00 17 CA,0,OK
2026-09-30T13:08:45.208Z,7415.984,observer,RX,baseline,0,stopped,,,0001257F,0001,257F,1,7,01 00 00 0F 03 7F 25,0,OK
2026-09-30T13:08:45.208Z,7416.24,observer,RX,baseline,0,stopped,,,0011257F,0011,257F,1,5,01 00 00 7F 25,0,OK
2026-09-30T13:08:45.213Z,7420.989,observer,RX,baseline,0,stopped,,,0001EA5E,0001,EA5E,1,7,01 00 00 0F 03 5E EA,0,OK
2026-09-30T13:08:45.213Z,7421.237,observer,RX,baseline,0,stopped,,,0011EA5E,0011,EA5E,1,5,01 00 00 5E EA,0,OK
2026-09-30T13:08:45.218Z,7425.997,observer,RX,baseline,0,stopped,,,00012396,0001,2396,1,7,01 00 00 0F 03 96 23,0,OK
2026-09-30T13:08:45.218Z,7426.248,observer,RX,baseline,0,stopped,,,00112396,0011,2396,1,5,01 00 00 96 23,0,OK
2026-09-30T13:08:45.223Z,7430.989,observer,RX,baseline,0,stopped,,,00012BEC,0001,2BEC,1,7,01 00 00 0F 03 EC 2B,0,OK
2026-09-30T13:08:45.223Z,7431.239,observer,RX,baseline,0,stopped,,,00112BEC,0011,2BEC,1,5,01 00 00 EC 2B,0,OK
2026-09-30T13:08:45.228Z,7435.972,observer,RX,baseline,0,stopped,,,000186C7,0001,86C7,1,7,01 00 00 0F 03 C7 86,0,OK
2026-09-30T13:08:45.228Z,7436.231,observer,RX,baseline,0,stopped,,,001186C7,0011,86C7,1,5,01 00 00 C7 86,0,OK
2026-09-30T13:08:45.233Z,7441.012,observer,RX,baseline,0,stopped,,,00012916,0001,2916,1,7,01 00 00 0F 03 16 29,0,OK
2026-09-30T13:08:45.233Z,7441.229,observer,RX,baseline,0,stopped,,,00112916,0011,2916,1,5,01 00 00 16 29,0,OK
2026-09-30T13:08:45.238Z,7446.015,observer,RX,baseline,0,stopped,,,0001622F,0001,622F,1,7,01 00 00 0F 03 2F 62,0,OK
2026-09-30T13:08:45.238Z,7446.229,observer,RX,baseline,0,stopped,,,0011622F,0011,622F,1,5,01 00 00 2F 62,0,OK
2026-09-30T13:08:45.243Z,7451.198,observer,RX,baseline,0,stopped,,,0001FD31,0001,FD31,1,7,01 00 00 0F 03 31 FD,0,OK
2026-09-30T13:08:45.243Z,7451.289,observer,RX,baseline,0,stopped,,,0011FD31,0011,FD31,1,5,01 00 00 31 FD,0,OK
2026-09-30T13:08:45.248Z,7456.134,observer,RX,baseline,0,stopped,,,0001549E,0001,549E,1,7,01 00 00 0F 03 9E 54,0,OK
2026-09-30T13:08:45.248Z,7456.209,observer,RX,baseline,0,stopped,,,0011549E,0011,549E,1,5,01 00 00 9E 54,0,OK
2026-09-30T13:08:45.253Z,7460.99,observer,RX,baseline,0,stopped,,,0001D336,0001,D336,1,7,01 00 00 0F 03 36 D3,0,OK
2026-09-30T13:08:45.253Z,7461.235,observer,RX,baseline,0,stopped,,,0011D336,0011,D336,1,5,01 00 00 36 D3,0,OK
2026-09-30T13:08:45.258Z,7465.955,observer,RX,baseline,0,stopped,,,0001C621,0001,C621,1,7,01 00 00 0F 03 21 C6,0,OK
2026-09-30T13:08:45.258Z,7466.238,observer,RX,baseline,0,stopped,,,0011C621,0011,C621,1,5,01 00 00 21 C6,0,OK
2026-09-30T13:08:45.263Z,7470.987,observer,RX,baseline,0,stopped,,,00012E44,0001,2E44,1,7,01 00 00 0F 03 44 2E,0,OK
2026-09-30T13:08:45.263Z,7471.248,observer,RX,baseline,0,stopped,,,00112E44,0011,2E44,1,5,01 00 00 44 2E,0,OK
2026-09-30T13:08:45.268Z,7475.994,observer,RX,baseline,0,stopped,,,00010C38,0001,0C38,1,7,01 00 00 0F 03 38 0C,0,OK
2026-09-30T13:08:45.268Z,7476.232,observer,RX,baseline,0,stopped,,,00110C38,0011,0C38,1,5,01 00 00 38 0C,0,OK
2026-09-30T13:08:45.273Z,7481.167,observer,RX,baseline,0,stopped,,,00010D0C,0001,0D0C,1,7,01 00 00 0F 03 0C 0D,0,OK
2026-09-30T13:08:45.273Z,7481.276,observer,RX,baseline,0,stopped,,,00110D0C,0011,0D0C,1,5,01 00 00 0C 0D,0,OK
2026-09-30T13:08:45.278Z,7486.125,observer,RX,baseline,0,stopped,,,0001835F,0001,835F,1,7,01 00 00 0F 03 5F 83,0,OK
2026-09-30T13:08:45.278Z,7486.249,observer,RX,baseline,0,stopped,,,0011835F,0011,835F,1,5,01 00 00 5F 83,0,OK
2026-09-30T13:08:45.283Z,7491.181,observer,RX,baseline,0,stopped,,,000104E7,0001,04E7,1,7,01 00 00 0F 03 E7 04,0,OK
2026-09-30T13:08:45.283Z,7491.292,observer,RX,baseline,0,stopped,,,001104E7,0011,04E7,1,5,01 00 00 E7 04,0,OK
2026-09-30T13:08:45.288Z,7496.154,observer,RX,baseline,0,stopped,,,0001CB50,0001,CB50,1,7,01 00 00 0F 03 50 CB,0,OK
2026-09-30T13:08:45.288Z,7496.229,observer,RX,baseline,0,stopped,,,0011CB50,0011,CB50,1,5,01 00 00 50 CB,0,OK
2026-09-30T13:08:45.293Z,7500.985,observer,RX,baseline,0,stopped,,,0001232B,0001,232B,1,7,01 00 00 0F 03 2B 23,0,OK
2026-09-30T13:08:45.293Z,7501.237,observer,RX,baseline,0,stopped,,,0011232B,0011,232B,1,5,01 00 00 2B 23,0,OK
2026-09-30T13:08:45.298Z,7505.992,observer,RX,baseline,0,stopped,,,0001342D,0001,342D,1,7,01 00 00 0F 03 2D 34,0,OK
2026-09-30T13:08:45.298Z,7506.245,observer,RX,baseline,0,stopped,,,0011342D,0011,342D,1,5,01 00 00 2D 34,0,OK
2026-09-30T13:08:45.303Z,7510.989,observer,RX,baseline,0,stopped,,,00015AF4,0001,5AF4,1,7,01 00 00 0F 03 F4 5A,0,OK
2026-09-30T13:08:45.303Z,7511.236,observer,RX,baseline,0,stopped,,,00115AF4,0011,5AF4,1,5,01 00 00 F4 5A,0,OK
2026-09-30T13:08:45.308Z,7515.987,observer,RX,baseline,0,stopped,,,0001A56C,0001,A56C,1,7,01 00 00 0F 03 6C A5,0,OK
2026-09-30T13:08:45.308Z,7516.209,observer,RX,baseline,0,stopped,,,0011A56C,0011,A56C,1,5,01 00 00 6C A5,0,OK
2026-09-30T13:08:45.313Z,7521.001,observer,RX,baseline,0,stopped,,,0001EB80,0001,EB80,1,7,01 00 00 0F 03 80 EB,0,OK
2026-09-30T13:08:45.313Z,7521.232,observer,RX,baseline,0,stopped,,,0011EB80,0011,EB80,1,5,01 00 00 80 EB,0,OK
2026-09-30T13:08:45.318Z,7525.989,observer,RX,baseline,0,stopped,,,0001C443,0001,C443,1,7,01 00 00 0F 03 43 C4,0,OK
2026-09-30T13:08:45.318Z,7526.227,observer,RX,baseline,0,stopped,,,0011C443,0011,C443,1,5,01 00 00 43 C4,0,OK
2026-09-30T13:08:45.323Z,7530.988,observer,RX,baseline,0,stopped,,,00017ED0,0001,7ED0,1,7,01 00 00 0F 03 D0 7E,0,OK
2026-09-30T13:08:45.323Z,7531.237,observer,RX,baseline,0,stopped,,,00117ED0,0011,7ED0,1,5,01 00 00 D0 7E,0,OK
2026-09-30T13:08:45.328Z,7535.988,observer,RX,baseline,0,stopped,,,0001FDE0,0001,FDE0,1,7,01 00 00 0F 03 E0 FD,0,OK
2026-09-30T13:08:45.328Z,7536.24,observer,RX,baseline,0,stopped,,,0011FDE0,0011,FDE0,1,5,01 00 00 E0 FD,0,OK
2026-09-30T13:08:45.333Z,7540.989,observer,RX,baseline,0,stopped,,,00017E26,0001,7E26,1,7,01 00 00 0F 03 26 7E,0,OK
2026-09-30T13:08:45.333Z,7541.239,observer,RX,baseline,0,stopped,,,00117E26,0011,7E26,1,5,01 00 00 26 7E,0,OK
2026-09-30T13:08:45.338Z,7545.987,observer,RX,baseline,0,stopped,,,00011AB2,0001,1AB2,1,7,01 00 00 0F 03 B2 1A,0,OK
2026-09-30T13:08:45.338Z,7546.208,observer,RX,baseline,0,stopped,,,00111AB2,0011,1AB2,1,5,01 00 00 B2 1A,0,OK
2026-09-30T13:08:45.343Z,7551.171,observer,RX,baseline,0,stopped,,,000169A0,0001,69A0,1,7,01 00 00 0F 03 A0 69,0,OK
2026-09-30T13:08:45.343Z,7551.261,observer,RX,baseline,0,stopped,,,001169A0,0011,69A0,1,5,01 00 00 A0 69,0,OK
2026-09-30T13:08:45.348Z,7556.144,observer,RX,baseline,0,stopped,,,0001C293,0001,C293,1,7,01 00 00 0F 03 93 C2,0,OK
2026-09-30T13:08:45.348Z,7556.219,observer,RX,baseline,0,stopped,,,0011C293,0011,C293,1,5,01 00 00 93 C2,0,OK
2026-09-30T13:08:45.353Z,7561.177,observer,RX,baseline,0,stopped,,,0001B1F9,0001,B1F9,1,7,01 00 00 0F 03 F9 B1,0,OK
2026-09-30T13:08:45.353Z,7561.27,observer,RX,baseline,0,stopped,,,0011B1F9,0011,B1F9,1,5,01 00 00 F9 B1,0,OK
2026-09-30T13:08:45.358Z,7565.998,observer,RX,baseline,0,stopped,,,0001028A,0001,028A,1,7,01 00 00 0F 03 8A 02,0,OK
2026-09-30T13:08:45.358Z,7566.242,observer,RX,baseline,0,stopped,,,0011028A,0011,028A,1,5,01 00 00 8A 02,0,OK
2026-09-30T13:08:45.363Z,7571.113,observer,RX,baseline,0,stopped,,,0001BB3D,0001,BB3D,1,7,01 00 00 0F 03 3D BB,0,OK
2026-09-30T13:08:45.363Z,7571.248,observer,RX,baseline,0,stopped,,,0011BB3D,0011,BB3D,1,5,01 00 00 3D BB,0,OK
2026-09-30T13:08:45.368Z,7576.035,observer,RX,baseline,0,stopped,,,0001D784,0001,D784,1,7,01 00 00 0F 03 84 D7,0,OK
2026-09-30T13:08:45.368Z,7576.259,observer,RX,baseline,0,stopped,,,0011D784,0011,D784,1,5,01 00 00 84 D7,0,OK
2026-09-30T13:08:45.373Z,7581.009,observer,RX,baseline,0,stopped,,,0001ACEC,0001,ACEC,1,7,01 00 00 0F 03 EC AC,0,OK
2026-09-30T13:08:45.373Z,7581.268,observer,RX,baseline,0,stopped,,,0011ACEC,0011,ACEC,1,5,01 00 00 EC AC,0,OK
2026-09-30T13:08:45.378Z,7586.288,observer,RX,baseline,0,stopped,,,00010237,0001,0237,1,7,01 00 00 0F 03 37 02,0,OK
2026-09-30T13:08:45.378Z,7586.418,observer,RX,baseline,0,stopped,,,00110237,0011,0237,1,5,01 00 00 37 02,0,OK
2026-09-30T13:08:45.383Z,7591.004,observer,RX,baseline,0,stopped,,,0001C7E7,0001,C7E7,1,7,01 00 00 0F 03 E7 C7,0,OK
2026-09-30T13:08:45.383Z,7591.199,observer,RX,baseline,0,stopped,,,0011C7E7,0011,C7E7,1,5,01 00 00 E7 C7,0,OK
2026-09-30T13:08:45.388Z,7595.989,observer,RX,baseline,0,stopped,,,00014B0A,0001,4B0A,1,7,01 00 00 0F 03 0A 4B,0,OK
2026-09-30T13:08:45.388Z,7596.24,observer,RX,baseline,0,stopped,,,00114B0A,0011,4B0A,1,5,01 00 00 0A 4B,0,OK
2026-09-30T13:08:45.393Z,7601.149,observer,RX,baseline,0,stopped,,,0001801B,0001,801B,1,7,01 00 00 0F 03 1B 80,0,OK
2026-09-30T13:08:45.393Z,7601.294,observer,RX,baseline,0,stopped,,,0011801B,0011,801B,1,5,01 00 00 1B 80,0,OK
2026-09-30T13:08:45.398Z,7606.189,observer,RX,baseline,0,stopped,,,000111AE,0001,11AE,1,7,01 00 00 0F 03 AE 11,0,OK
2026-09-30T13:08:45.398Z,7606.318,observer,RX,baseline,0,stopped,,,001111AE,0011,11AE,1,5,01 00 00 AE 11,0,OK
2026-09-30T13:08:45.403Z,7611.165,observer,RX,baseline,0,stopped,,,0001B3BC,0001,B3BC,1,7,01 00 00 0F 03 BC B3,0,OK
2026-09-30T13:08:45.403Z,7611.24,observer,RX,baseline,0,stopped,,,0011B3BC,0011,B3BC,1,5,01 00 00 BC B3,0,OK
2026-09-30T13:08:45.408Z,7616.199,observer,RX,baseline,0,stopped,,,0001B2DD,0001,B2DD,1,7,01 00 00 0F 03 DD B2,0,OK
2026-09-30T13:08:45.408Z,7616.291,observer,RX,baseline,0,stopped,,,0011B2DD,0011,B2DD,1,5,01 00 00 DD B2,0,OK
2026-09-30T13:08:45.413Z,7621.197,observer,RX,baseline,0,stopped,,,0001AF9E,0001,AF9E,1,7,01 00 00 0F 03 9E AF,0,OK
2026-09-30T13:08:45.413Z,7621.305,observer,RX,baseline,0,stopped,,,0011AF9E,0011,AF9E,1,5,01 00 00 9E AF,0,OK
2026-09-30T13:08:45.418Z,7626.205,observer,RX,baseline,0,stopped,,,00017B4C,0001,7B4C,1,7,01 00 00 0F 03 4C 7B,0,OK
2026-09-30T13:08:45.418Z,7626.325,observer,RX,baseline,0,stopped,,,00117B4C,0011,7B4C,1,5,01 00 00 4C 7B,0,OK
2026-09-30T13:08:45.423Z,7631.174,observer,RX,baseline,0,stopped,,,000187E6,0001,87E6,1,7,01 00 00 0F 03 E6 87,0,OK
2026-09-30T13:08:45.423Z,7631.264,observer,RX,baseline,0,stopped,,,001187E6,0011,87E6,1,5,01 00 00 E6 87,0,OK
2026-09-30T13:08:45.428Z,7636.222,observer,RX,baseline,0,stopped,,,000185D7,0001,85D7,1,7,01 00 00 0F 03 D7 85,0,OK
2026-09-30T13:08:45.428Z,7636.329,observer,RX,baseline,0,stopped,,,001185D7,0011,85D7,1,5,01 00 00 D7 85,0,OK
2026-09-30T13:08:45.433Z,7641.204,observer,RX,baseline,0,stopped,,,0001B622,0001,B622,1,7,01 00 00 0F 03 22 B6,0,OK
2026-09-30T13:08:45.433Z,7641.296,observer,RX,baseline,0,stopped,,,0011B622,0011,B622,1,5,01 00 00 22 B6,0,OK
2026-09-30T13:08:45.438Z,7646.182,observer,RX,baseline,0,stopped,,,0001AB78,0001,AB78,1,7,01 00 00 0F 03 78 AB,0,OK
2026-09-30T13:08:45.438Z,7646.289,observer,RX,baseline,0,stopped,,,0011AB78,0011,AB78,1,5,01 00 00 78 AB,0,OK
2026-09-30T13:08:45.443Z,7651.123,observer,RX,baseline,0,stopped,,,00012196,0001,2196,1,7,01 00 00 0F 03 96 21,0,OK
2026-09-30T13:08:45.443Z,7651.201,observer,RX,baseline,0,stopped,,,00112196,0011,2196,1,5,01 00 00 96 21,0,OK
2026-09-30T13:08:45.448Z,7655.931,observer,RX,baseline,0,stopped,,,00015E7A,0001,5E7A,1,7,01 00 00 0F 03 7A 5E,0,OK
2026-09-30T13:08:45.448Z,7656.206,observer,RX,baseline,0,stopped,,,00115E7A,0011,5E7A,1,5,01 00 00 7A 5E,0,OK
2026-09-30T13:08:45.453Z,7661.203,observer,RX,baseline,0,stopped,,,0001AC38,0001,AC38,1,7,01 00 00 0F 03 38 AC,0,OK
2026-09-30T13:08:45.453Z,7661.315,observer,RX,baseline,0,stopped,,,0011AC38,0011,AC38,1,5,01 00 00 38 AC,0,OK
2026-09-30T13:08:45.458Z,7666.143,observer,RX,baseline,0,stopped,,,0001F70E,0001,F70E,1,7,01 00 00 0F 03 0E F7,0,OK
2026-09-30T13:08:45.458Z,7666.217,observer,RX,baseline,0,stopped,,,0011F70E,0011,F70E,1,5,01 00 00 0E F7,0,OK
2026-09-30T13:08:45.463Z,7671.124,observer,RX,baseline,0,stopped,,,000172B3,0001,72B3,1,7,01 00 00 0F 03 B3 72,0,OK
2026-09-30T13:08:45.463Z,7671.261,observer,RX,baseline,0,stopped,,,001172B3,0011,72B3,1,5,01 00 00 B3 72,0,OK
2026-09-30T13:08:45.468Z,7676.118,observer,RX,baseline,0,stopped,,,00014230,0001,4230,1,7,01 00 00 0F 03 30 42,0,OK
2026-09-30T13:08:45.468Z,7676.222,observer,RX,baseline,0,stopped,,,00114230,0011,4230,1,5,01 00 00 30 42,0,OK
2026-09-30T13:08:45.473Z,7681.124,observer,RX,baseline,0,stopped,,,0001D36B,0001,D36B,1,7,01 00 00 0F 03 6B D3,0,OK
2026-09-30T13:08:45.473Z,7681.256,observer,RX,baseline,0,stopped,,,0011D36B,0011,D36B,1,5,01 00 00 6B D3,0,OK
2026-09-30T13:08:45.478Z,7685.966,observer,RX,baseline,0,stopped,,,00017C7B,0001,7C7B,1,7,01 00 00 0F 03 7B 7C,0,OK
2026-09-30T13:08:45.478Z,7686.213,observer,RX,baseline,0,stopped,,,00117C7B,0011,7C7B,1,5,01 00 00 7B 7C,0,OK
2026-09-30T13:08:45.483Z,7690.963,observer,RX,baseline,0,stopped,,,00016051,0001,6051,1,7,01 00 00 0F 03 51 60,0,OK
2026-09-30T13:08:45.483Z,7691.214,observer,RX,baseline,0,stopped,,,00116051,0011,6051,1,5,01 00 00 51 60,0,OK
2026-09-30T13:08:45.488Z,7696.121,observer,RX,baseline,0,stopped,,,00010D55,0001,0D55,1,7,01 00 00 0F 03 55 0D,0,OK
2026-09-30T13:08:45.488Z,7696.199,observer,RX,baseline,0,stopped,,,00110D55,0011,0D55,1,5,01 00 00 55 0D,0,OK
2026-09-30T13:08:45.493Z,7701.164,observer,RX,baseline,0,stopped,,,00010913,0001,0913,1,7,01 00 00 0F 03 13 09,0,OK
2026-09-30T13:08:45.493Z,7701.277,observer,RX,baseline,0,stopped,,,00110913,0011,0913,1,5,01 00 00 13 09,0,OK
2026-09-30T13:08:45.498Z,7706.126,observer,RX,baseline,0,stopped,,,0001E3A6,0001,E3A6,1,7,01 00 00 0F 03 A6 E3,0,OK
2026-09-30T13:08:45.498Z,7706.201,observer,RX,baseline,0,stopped,,,0011E3A6,0011,E3A6,1,5,01 00 00 A6 E3,0,OK
2026-09-30T13:08:45.503Z,7711.157,observer,RX,baseline,0,stopped,,,000102E3,0001,02E3,1,7,01 00 00 0F 03 E3 02,0,OK
2026-09-30T13:08:45.503Z,7711.263,observer,RX,baseline,0,stopped,,,001102E3,0011,02E3,1,5,01 00 00 E3 02,0,OK
2026-09-30T13:08:45.508Z,7716.144,observer,RX,baseline,0,stopped,,,0001ABF5,0001,ABF5,1,7,01 00 00 0F 03 F5 AB,0,OK
2026-09-30T13:08:45.508Z,7716.233,observer,RX,baseline,0,stopped,,,0011ABF5,0011,ABF5,1,5,01 00 00 F5 AB,0,OK
2026-09-30T13:08:45.513Z,7721.149,observer,RX,baseline,0,stopped,,,000184EB,0001,84EB,1,7,01 00 00 0F 03 EB 84,0,OK
2026-09-30T13:08:45.513Z,7721.224,observer,RX,baseline,0,stopped,,,001184EB,0011,84EB,1,5,01 00 00 EB 84,0,OK
2026-09-30T13:08:45.518Z,7726.118,observer,RX,baseline,0,stopped,,,00012894,0001,2894,1,7,01 00 00 0F 03 94 28,0,OK
2026-09-30T13:08:45.518Z,7726.196,observer,RX,baseline,0,stopped,,,00112894,0011,2894,1,5,01 00 00 94 28,0,OK
2026-09-30T13:08:45.523Z,7731.18,observer,RX,baseline,0,stopped,,,0001842F,0001,842F,1,7,01 00 00 0F 03 2F 84,0,OK
2026-09-30T13:08:45.523Z,7731.279,observer,RX,baseline,0,stopped,,,0011842F,0011,842F,1,5,01 00 00 2F 84,0,OK
2026-09-30T13:08:45.528Z,7736.144,observer,RX,baseline,0,stopped,,,00017354,0001,7354,1,7,01 00 00 0F 03 54 73,0,OK
2026-09-30T13:08:45.528Z,7736.22,observer,RX,baseline,0,stopped,,,00117354,0011,7354,1,5,01 00 00 54 73,0,OK
2026-09-30T13:08:45.533Z,7741.162,observer,RX,baseline,0,stopped,,,00014B63,0001,4B63,1,7,01 00 00 0F 03 63 4B,0,OK
2026-09-30T13:08:45.533Z,7741.244,observer,RX,baseline,0,stopped,,,00114B63,0011,4B63,1,5,01 00 00 63 4B,0,OK
2026-09-30T13:08:45.538Z,7746.149,observer,RX,baseline,0,stopped,,,000188CA,0001,88CA,1,7,01 00 00 0F 03 CA 88,0,OK
2026-09-30T13:08:45.538Z,7746.241,observer,RX,baseline,0,stopped,,,001188CA,0011,88CA,1,5,01 00 00 CA 88,0,OK
2026-09-30T13:08:45.543Z,7750.965,observer,RX,baseline,0,stopped,,,00016305,0001,6305,1,7,01 00 00 0F 03 05 63,0,OK
2026-09-30T13:08:45.543Z,7751.207,observer,RX,baseline,0,stopped,,,00116305,0011,6305,1,5,01 00 00 05 63,0,OK
2026-09-30T13:08:45.548Z,7755.96,observer,RX,baseline,0,stopped,,,00016431,0001,6431,1,7,01 00 00 0F 03 31 64,0,OK
2026-09-30T13:08:45.548Z,7756.188,observer,RX,baseline,0,stopped,,,00116431,0011,6431,1,5,01 00 00 31 64,0,OK
2026-09-30T13:08:45.553Z,7760.964,observer,RX,baseline,0,stopped,,,0001BBB6,0001,BBB6,1,7,01 00 00 0F 03 B6 BB,0,OK
2026-09-30T13:08:45.553Z,7761.22,observer,RX,baseline,0,stopped,,,0011BBB6,0011,BBB6,1,5,01 00 00 B6 BB,0,OK
2026-09-30T13:08:45.558Z,7765.973,observer,RX,baseline,0,stopped,,,00013F71,0001,3F71,1,7,01 00 00 0F 03 71 3F,0,OK
2026-09-30T13:08:45.558Z,7766.183,observer,RX,baseline,0,stopped,,,00113F71,0011,3F71,1,5,01 00 00 71 3F,0,OK
2026-09-30T13:08:45.563Z,7770.916,observer,RX,baseline,0,stopped,,,000150AD,0001,50AD,1,7,01 00 00 0F 03 AD 50,0,OK
2026-09-30T13:08:45.563Z,7771.207,observer,RX,baseline,0,stopped,,,001150AD,0011,50AD,1,5,01 00 00 AD 50,0,OK
2026-09-30T13:08:45.568Z,7775.962,observer,RX,baseline,0,stopped,,,00019DC9,0001,9DC9,1,7,01 00 00 0F 03 C9 9D,0,OK
2026-09-30T13:08:45.568Z,7776.189,observer,RX,baseline,0,stopped,,,00119DC9,0011,9DC9,1,5,01 00 00 C9 9D,0,OK
2026-09-30T13:08:45.573Z,7780.96,observer,RX,baseline,0,stopped,,,000131BA,0001,31BA,1,7,01 00 00 0F 03 BA 31,0,OK
2026-09-30T13:08:45.573Z,7781.211,observer,RX,baseline,0,stopped,,,001131BA,0011,31BA,1,5,01 00 00 BA 31,0,OK
2026-09-30T13:08:45.578Z,7786.085,observer,RX,baseline,0,stopped,,,00013C3A,0001,3C3A,1,7,01 00 00 0F 03 3A 3C,0,OK
2026-09-30T13:08:45.578Z,7786.164,observer,RX,baseline,0,stopped,,,00113C3A,0011,3C3A,1,5,01 00 00 3A 3C,0,OK
2026-09-30T13:08:45.583Z,7791.105,observer,RX,baseline,0,stopped,,,00016824,0001,6824,1,7,01 00 00 0F 03 24 68,0,OK
2026-09-30T13:08:45.583Z,7791.189,observer,RX,baseline,0,stopped,,,00116824,0011,6824,1,5,01 00 00 24 68,0,OK
2026-09-30T13:08:45.588Z,7796.052,observer,RX,baseline,0,stopped,,,0001859C,0001,859C,1,7,01 00 00 0F 03 9C 85,0,OK
2026-09-30T13:08:45.588Z,7796.212,observer,RX,baseline,0,stopped,,,0011859C,0011,859C,1,5,01 00 00 9C 85,0,OK
2026-09-30T13:08:45.593Z,7800.961,observer,RX,baseline,0,stopped,,,00018779,0001,8779,1,7,01 00 00 0F 03 79 87,0,OK
2026-09-30T13:08:45.593Z,7801.186,observer,RX,baseline,0,stopped,,,00118779,0011,8779,1,5,01 00 00 79 87,0,OK
2026-09-30T13:08:45.598Z,7806.117,observer,RX,baseline,0,stopped,,,00013506,0001,3506,1,7,01 00 00 0F 03 06 35,0,OK
2026-09-30T13:08:45.598Z,7806.195,observer,RX,baseline,0,stopped,,,00113506,0011,3506,1,5,01 00 00 06 35,0,OK
2026-09-30T13:08:45.603Z,7810.965,observer,RX,baseline,0,stopped,,,00012F06,0001,2F06,1,7,01 00 00 0F 03 06 2F,0,OK
2026-09-30T13:08:45.603Z,7811.207,observer,RX,baseline,0,stopped,,,00112F06,0011,2F06,1,5,01 00 00 06 2F,0,OK
2026-09-30T13:08:45.608Z,7815.969,observer,RX,baseline,0,stopped,,,000127F2,0001,27F2,1,7,01 00 00 0F 03 F2 27,0,OK
2026-09-30T13:08:45.608Z,7816.214,observer,RX,baseline,0,stopped,,,001127F2,0011,27F2,1,5,01 00 00 F2 27,0,OK
2026-09-30T13:08:45.613Z,7820.962,observer,RX,baseline,0,stopped,,,0001A683,0001,A683,1,7,01 00 00 0F 03 83 A6,0,OK
2026-09-30T13:08:45.613Z,7821.188,observer,RX,baseline,0,stopped,,,0011A683,0011,A683,1,5,01 00 00 83 A6,0,OK
2026-09-30T13:08:45.618Z,7825.959,observer,RX,baseline,0,stopped,,,00013244,0001,3244,1,7,01 00 00 0F 03 44 32,0,OK
2026-09-30T13:08:45.618Z,7826.21,observer,RX,baseline,0,stopped,,,00113244,0011,3244,1,5,01 00 00 44 32,0,OK
2026-09-30T13:08:45.623Z,7831.076,observer,RX,baseline,0,stopped,,,00019C48,0001,9C48,1,7,01 00 00 0F 03 48 9C,0,OK
2026-09-30T13:08:45.623Z,7831.159,observer,RX,baseline,0,stopped,,,00119C48,0011,9C48,1,5,01 00 00 48 9C,0,OK
2026-09-30T13:08:45.628Z,7836.109,observer,RX,baseline,0,stopped,,,0001891C,0001,891C,1,7,01 00 00 0F 03 1C 89,0,OK
2026-09-30T13:08:45.628Z,7836.184,observer,RX,baseline,0,stopped,,,0011891C,0011,891C,1,5,01 00 00 1C 89,0,OK
2026-09-30T13:08:45.633Z,7840.961,observer,RX,baseline,0,stopped,,,00012500,0001,2500,1,7,01 00 00 0F 03 00 25,0,OK
2026-09-30T13:08:45.633Z,7841.211,observer,RX,baseline,0,stopped,,,00112500,0011,2500,1,5,01 00 00 00 25,0,OK
2026-09-30T13:08:45.638Z,7846.031,observer,RX,baseline,0,stopped,,,00018219,0001,8219,1,7,01 00 00 0F 03 19 82,0,OK
2026-09-30T13:08:45.638Z,7846.131,observer,RX,baseline,0,stopped,,,00118219,0011,8219,1,5,01 00 00 19 82,0,OK
2026-09-30T13:08:45.643Z,7851.139,observer,RX,baseline,0,stopped,,,000140AD,0001,40AD,1,7,01 00 00 0F 03 AD 40,0,OK
2026-09-30T13:08:45.643Z,7851.214,observer,RX,baseline,0,stopped,,,001140AD,0011,40AD,1,5,01 00 00 AD 40,0,OK
2026-09-30T13:08:45.648Z,7855.954,observer,RX,baseline,0,stopped,,,0001FF7A,0001,FF7A,1,7,01 00 00 0F 03 7A FF,0,OK
2026-09-30T13:08:45.648Z,7856.079,observer,RX,baseline,0,stopped,,,0011FF7A,0011,FF7A,1,5,01 00 00 7A FF,0,OK
2026-09-30T13:08:45.653Z,7861.002,observer,RX,baseline,0,stopped,,,0001C687,0001,C687,1,7,01 00 00 0F 03 87 C6,0,OK
2026-09-30T13:08:45.653Z,7861.21,observer,RX,baseline,0,stopped,,,0011C687,0011,C687,1,5,01 00 00 87 C6,0,OK
2026-09-30T13:08:45.658Z,7866.088,observer,RX,baseline,0,stopped,,,00018A41,0001,8A41,1,7,01 00 00 0F 03 41 8A,0,OK
2026-09-30T13:08:45.658Z,7866.192,observer,RX,baseline,0,stopped,,,00118A41,0011,8A41,1,5,01 00 00 41 8A,0,OK
2026-09-30T13:08:45.663Z,7870.989,observer,RX,baseline,0,stopped,,,000138F5,0001,38F5,1,7,01 00 00 0F 03 F5 38,0,OK
2026-09-30T13:08:45.663Z,7871.231,observer,RX,baseline,0,stopped,,,001138F5,0011,38F5,1,5,01 00 00 F5 38,0,OK
2026-09-30T13:08:45.668Z,7876.004,observer,RX,baseline,0,stopped,,,00016640,0001,6640,1,7,01 00 00 0F 03 40 66,0,OK
2026-09-30T13:08:45.668Z,7876.216,observer,RX,baseline,0,stopped,,,00116640,0011,6640,1,5,01 00 00 40 66,0,OK
2026-09-30T13:08:45.673Z,7881.011,observer,RX,baseline,0,stopped,,,000110B1,0001,10B1,1,7,01 00 00 0F 03 B1 10,0,OK
2026-09-30T13:08:45.673Z,7881.217,observer,RX,baseline,0,stopped,,,001110B1,0011,10B1,1,5,01 00 00 B1 10,0,OK
2026-09-30T13:08:45.678Z,7886.081,observer,RX,baseline,0,stopped,,,000180B8,0001,80B8,1,7,01 00 00 0F 03 B8 80,0,OK
2026-09-30T13:08:45.678Z,7886.23,observer,RX,baseline,0,stopped,,,001180B8,0011,80B8,1,5,01 00 00 B8 80,0,OK
2026-09-30T13:08:45.683Z,7890.976,observer,RX,baseline,0,stopped,,,000159D6,0001,59D6,1,7,01 00 00 0F 03 D6 59,0,OK
2026-09-30T13:08:45.683Z,7891.19,observer,RX,baseline,0,stopped,,,001159D6,0011,59D6,1,5,01 00 00 D6 59,0,OK
2026-09-30T13:08:45.688Z,7896.025,observer,RX,baseline,0,stopped,,,000190F7,0001,90F7,1,7,01 00 00 0F 03 F7 90,0,OK
2026-09-30T13:08:45.688Z,7896.169,observer,RX,baseline,0,stopped,,,001190F7,0011,90F7,1,5,01 00 00 F7 90,0,OK
2026-09-30T13:08:45.693Z,7901.211,observer,RX,baseline,0,stopped,,,0001E36C,0001,E36C,1,7,01 00 00 0F 03 6C E3,0,OK
2026-09-30T13:08:45.693Z,7901.339,observer,RX,baseline,0,stopped,,,0011E36C,0011,E36C,1,5,01 00 00 6C E3,0,OK
2026-09-30T13:08:45.698Z,7905.998,observer,RX,baseline,0,stopped,,,00015F16,0001,5F16,1,7,01 00 00 0F 03 16 5F,0,OK
2026-09-30T13:08:45.698Z,7906.129,observer,RX,baseline,0,stopped,,,00115F16,0011,5F16,1,5,01 00 00 16 5F,0,OK
2026-09-30T13:08:45.703Z,7911.036,observer,RX,baseline,0,stopped,,,000125AB,0001,25AB,1,7,01 00 00 0F 03 AB 25,0,OK
2026-09-30T13:08:45.703Z,7911.171,observer,RX,baseline,0,stopped,,,001125AB,0011,25AB,1,5,01 00 00 AB 25,0,OK
2026-09-30T13:08:45.708Z,7916.226,observer,RX,baseline,0,stopped,,,00017FC4,0001,7FC4,1,7,01 00 00 0F 03 C4 7F,0,OK
2026-09-30T13:08:45.708Z,7916.355,observer,RX,baseline,0,stopped,,,00117FC4,0011,7FC4,1,5,01 00 00 C4 7F,0,OK
2026-09-30T13:08:45.713Z,7921.22,observer,RX,baseline,0,stopped,,,0001F10F,0001,F10F,1,7,01 00 00 0F 03 0F F1,0,OK
2026-09-30T13:08:45.713Z,7921.355,observer,RX,baseline,0,stopped,,,0011F10F,0011,F10F,1,5,01 00 00 0F F1,0,OK
2026-09-30T13:08:45.718Z,7926.009,observer,RX,baseline,0,stopped,,,000184BD,0001,84BD,1,7,01 00 00 0F 03 BD 84,0,OK
2026-09-30T13:08:45.718Z,7926.14,observer,RX,baseline,0,stopped,,,001184BD,0011,84BD,1,5,01 00 00 BD 84,0,OK
2026-09-30T13:08:45.723Z,7931.045,observer,RX,baseline,0,stopped,,,0001F7EE,0001,F7EE,1,7,01 00 00 0F 03 EE F7,0,OK
2026-09-30T13:08:45.723Z,7931.175,observer,RX,baseline,0,stopped,,,0011F7EE,0011,F7EE,1,5,01 00 00 EE F7,0,OK
2026-09-30T13:08:45.728Z,7936.051,observer,RX,baseline,0,stopped,,,0001B86A,0001,B86A,1,7,01 00 00 0F 03 6A B8,0,OK
2026-09-30T13:08:45.728Z,7936.184,observer,RX,baseline,0,stopped,,,0011B86A,0011,B86A,1,5,01 00 00 6A B8,0,OK
2026-09-30T13:08:45.733Z,7941.005,observer,RX,baseline,0,stopped,,,00017630,0001,7630,1,7,01 00 00 0F 03 30 76,0,OK
2026-09-30T13:08:45.733Z,7941.138,observer,RX,baseline,0,stopped,,,00117630,0011,7630,1,5,01 00 00 30 76,0,OK
2026-09-30T13:08:45.738Z,7945.951,observer,RX,baseline,0,stopped,,,0001B7B5,0001,B7B5,1,7,01 00 00 0F 03 B5 B7,0,OK
2026-09-30T13:08:45.738Z,7946.194,observer,RX,baseline,0,stopped,,,0011B7B5,0011,B7B5,1,5,01 00 00 B5 B7,0,OK
2026-09-30T13:08:45.743Z,7950.903,observer,RX,baseline,0,stopped,,,0001FA65,0001,FA65,1,7,01 00 00 0F 03 65 FA,0,OK
2026-09-30T13:08:45.743Z,7951.123,observer,RX,baseline,0,stopped,,,0011FA65,0011,FA65,1,5,01 00 00 65 FA,0,OK
2026-09-30T13:08:45.748Z,7955.907,observer,RX,baseline,0,stopped,,,0001A410,0001,A410,1,7,01 00 00 0F 03 10 A4,0,OK
2026-09-30T13:08:45.748Z,7956.102,observer,RX,baseline,0,stopped,,,0011A410,0011,A410,1,5,01 00 00 10 A4,0,OK
2026-09-30T13:08:45.753Z,7960.944,observer,RX,baseline,0,stopped,,,00019938,0001,9938,1,7,01 00 00 0F 03 38 99,0,OK
2026-09-30T13:08:45.753Z,7961.182,observer,RX,baseline,0,stopped,,,00119938,0011,9938,1,5,01 00 00 38 99,0,OK
2026-09-30T13:08:45.758Z,7965.917,observer,RX,baseline,0,stopped,,,0001C451,0001,C451,1,7,01 00 00 0F 03 51 C4,0,OK
2026-09-30T13:08:45.758Z,7966.188,observer,RX,baseline,0,stopped,,,0011C451,0011,C451,1,5,01 00 00 51 C4,0,OK
2026-09-30T13:08:45.763Z,7970.936,observer,RX,baseline,0,stopped,,,0001481D,0001,481D,1,7,01 00 00 0F 03 1D 48,0,OK
2026-09-30T13:08:45.763Z,7971.186,observer,RX,baseline,0,stopped,,,0011481D,0011,481D,1,5,01 00 00 1D 48,0,OK
2026-09-30T13:08:45.768Z,7975.937,observer,RX,baseline,0,stopped,,,0001C5C2,0001,C5C2,1,7,01 00 00 0F 03 C2 C5,0,OK
2026-09-30T13:08:45.768Z,7976.178,observer,RX,baseline,0,stopped,,,0011C5C2,0011,C5C2,1,5,01 00 00 C2 C5,0,OK
2026-09-30T13:08:45.773Z,7980.981,observer,RX,baseline,0,stopped,,,000125B2,0001,25B2,1,7,01 00 00 0F 03 B2 25,0,OK
2026-09-30T13:08:45.773Z,7981.184,observer,RX,baseline,0,stopped,,,001125B2,0011,25B2,1,5,01 00 00 B2 25,0,OK
2026-09-30T13:08:45.778Z,7986.072,observer,RX,baseline,0,stopped,,,00018799,0001,8799,1,7,01 00 00 0F 03 99 87,0,OK
2026-09-30T13:08:45.778Z,7986.169,observer,RX,baseline,0,stopped,,,00118799,0011,8799,1,5,01 00 00 99 87,0,OK
2026-09-30T13:08:45.783Z,7991.083,observer,RX,baseline,0,stopped,,,0001FE1B,0001,FE1B,1,7,01 00 00 0F 03 1B FE,0,OK
2026-09-30T13:08:45.783Z,7991.161,observer,RX,baseline,0,stopped,,,0011FE1B,0011,FE1B,1,5,01 00 00 1B FE,0,OK
2026-09-30T13:08:45.788Z,7996.067,observer,RX,baseline,0,stopped,,,00011DB8,0001,1DB8,1,7,01 00 00 0F 03 B8 1D,0,OK
2026-09-30T13:08:45.788Z,7996.191,observer,RX,baseline,0,stopped,,,00111DB8,0011,1DB8,1,5,01 00 00 B8 1D,0,OK
2026-09-30T13:08:45.793Z,8001.089,observer,RX,baseline,0,stopped,,,00010B67,0001,0B67,1,7,01 00 00 0F 03 67 0B,0,OK
2026-09-30T13:08:45.793Z,8001.166,observer,RX,baseline,0,stopped,,,00110B67,0011,0B67,1,5,01 00 00 67 0B,0,OK
2026-09-30T13:08:45.798Z,8005.906,observer,RX,baseline,0,stopped,,,00017466,0001,7466,1,7,01 00 00 0F 03 66 74,0,OK
2026-09-30T13:08:45.798Z,8006.178,observer,RX,baseline,0,stopped,,,00117466,0011,7466,1,5,01 00 00 66 74,0,OK
2026-09-30T13:08:45.803Z,8010.94,observer,RX,baseline,0,stopped,,,000135CB,0001,35CB,1,7,01 00 00 0F 03 CB 35,0,OK
2026-09-30T13:08:45.803Z,8011.154,observer,RX,baseline,0,stopped,,,001135CB,0011,35CB,1,5,01 00 00 CB 35,0,OK
2026-09-30T13:08:45.808Z,8015.875,observer,RX,baseline,0,stopped,,,00016D59,0001,6D59,1,7,01 00 00 0F 03 59 6D,0,OK
2026-09-30T13:08:45.808Z,8016.187,observer,RX,baseline,0,stopped,,,00116D59,0011,6D59,1,5,01 00 00 59 6D,0,OK
2026-09-30T13:08:45.813Z,8020.876,observer,RX,baseline,0,stopped,,,0001D92A,0001,D92A,1,7,01 00 00 0F 03 2A D9,0,OK
2026-09-30T13:08:45.813Z,8021.19,observer,RX,baseline,0,stopped,,,0011D92A,0011,D92A,1,5,01 00 00 2A D9,0,OK
2026-09-30T13:08:45.818Z,8025.943,observer,RX,baseline,0,stopped,,,0001B74D,0001,B74D,1,7,01 00 00 0F 03 4D B7,0,OK
2026-09-30T13:08:45.818Z,8026.192,observer,RX,baseline,0,stopped,,,0011B74D,0011,B74D,1,5,01 00 00 4D B7,0,OK
2026-09-30T13:08:45.823Z,8030.924,observer,RX,baseline,0,stopped,,,00012D3F,0001,2D3F,1,7,01 00 00 0F 03 3F 2D,0,OK
2026-09-30T13:08:45.823Z,8031.184,observer,RX,baseline,0,stopped,,,00112D3F,0011,2D3F,1,5,01 00 00 3F 2D,0,OK
2026-09-30T13:08:45.828Z,8035.939,observer,RX,baseline,0,stopped,,,000197FE,0001,97FE,1,7,01 00 00 0F 03 FE 97,0,OK
2026-09-30T13:08:45.828Z,8036.189,observer,RX,baseline,0,stopped,,,001197FE,0011,97FE,1,5,01 00 00 FE 97,0,OK
2026-09-30T13:08:45.833Z,8040.882,observer,RX,baseline,0,stopped,,,00017773,0001,7773,1,7,01 00 00 0F 03 73 77,0,OK
2026-09-30T13:08:45.833Z,8041.189,observer,RX,baseline,0,stopped,,,00117773,0011,7773,1,5,01 00 00 73 77,0,OK
2026-09-30T13:08:45.838Z,8045.88,observer,RX,baseline,0,stopped,,,0001B13C,0001,B13C,1,7,01 00 00 0F 03 3C B1,0,OK
2026-09-30T13:08:45.838Z,8046.198,observer,RX,baseline,0,stopped,,,0011B13C,0011,B13C,1,5,01 00 00 3C B1,0,OK
2026-09-30T13:08:45.843Z,8051.091,observer,RX,baseline,0,stopped,,,00014919,0001,4919,1,7,01 00 00 0F 03 19 49,0,OK
2026-09-30T13:08:45.843Z,8051.202,observer,RX,baseline,0,stopped,,,00114919,0011,4919,1,5,01 00 00 19 49,0,OK
2026-09-30T13:08:45.848Z,8055.932,observer,RX,baseline,0,stopped,,,0001D875,0001,D875,1,7,01 00 00 0F 03 75 D8,0,OK
2026-09-30T13:08:45.848Z,8056.182,observer,RX,baseline,0,stopped,,,0011D875,0011,D875,1,5,01 00 00 75 D8,0,OK
2026-09-30T13:08:45.853Z,8061.078,observer,RX,baseline,0,stopped,,,000196AD,0001,96AD,1,7,01 00 00 0F 03 AD 96,0,OK
2026-09-30T13:08:45.853Z,8061.152,observer,RX,baseline,0,stopped,,,001196AD,0011,96AD,1,5,01 00 00 AD 96,0,OK
2026-09-30T13:08:45.858Z,8065.961,observer,RX,baseline,0,stopped,,,000118E5,0001,18E5,1,7,01 00 00 0F 03 E5 18,0,OK
2026-09-30T13:08:45.858Z,8066.182,observer,RX,baseline,0,stopped,,,001118E5,0011,18E5,1,5,01 00 00 E5 18,0,OK
2026-09-30T13:08:45.863Z,8070.967,observer,RX,baseline,0,stopped,,,00012C43,0001,2C43,1,7,01 00 00 0F 03 43 2C,0,OK
2026-09-30T13:08:45.863Z,8071.193,observer,RX,baseline,0,stopped,,,00112C43,0011,2C43,1,5,01 00 00 43 2C,0,OK
2026-09-30T13:08:45.868Z,8075.955,observer,RX,baseline,0,stopped,,,0001374B,0001,374B,1,7,01 00 00 0F 03 4B 37,0,OK
2026-09-30T13:08:45.868Z,8076.153,observer,RX,baseline,0,stopped,,,0011374B,0011,374B,1,5,01 00 00 4B 37,0,OK
2026-09-30T13:08:45.873Z,8080.977,observer,RX,baseline,0,stopped,,,0001494E,0001,494E,1,7,01 00 00 0F 03 4E 49,0,OK
2026-09-30T13:08:45.873Z,8081.184,observer,RX,baseline,0,stopped,,,0011494E,0011,494E,1,5,01 00 00 4E 49,0,OK
2026-09-30T13:08:45.878Z,8086.121,observer,RX,baseline,0,stopped,,,00018EDD,0001,8EDD,1,7,01 00 00 0F 03 DD 8E,0,OK
2026-09-30T13:08:45.878Z,8086.198,observer,RX,baseline,0,stopped,,,00118EDD,0011,8EDD,1,5,01 00 00 DD 8E,0,OK
2026-09-30T13:08:45.883Z,8091.088,observer,RX,baseline,0,stopped,,,0001C564,0001,C564,1,7,01 00 00 0F 03 64 C5,0,OK
2026-09-30T13:08:45.883Z,8091.194,observer,RX,baseline,0,stopped,,,0011C564,0011,C564,1,5,01 00 00 64 C5,0,OK
2026-09-30T13:08:45.888Z,8096.115,observer,RX,baseline,0,stopped,,,0001A5C9,0001,A5C9,1,7,01 00 00 0F 03 C9 A5,0,OK
2026-09-30T13:08:45.888Z,8096.224,observer,RX,baseline,0,stopped,,,0011A5C9,0011,A5C9,1,5,01 00 00 C9 A5,0,OK
2026-09-30T13:08:45.893Z,8100.942,observer,RX,baseline,0,stopped,,,000199AA,0001,99AA,1,7,01 00 00 0F 03 AA 99,0,OK
2026-09-30T13:08:45.893Z,8101.196,observer,RX,baseline,0,stopped,,,001199AA,0011,99AA,1,5,01 00 00 AA 99,0,OK
2026-09-30T13:08:45.898Z,8106.188,observer,RX,baseline,0,stopped,,,00017C82,0001,7C82,1,7,01 00 00 0F 03 82 7C,0,OK
2026-09-30T13:08:45.898Z,8106.265,observer,RX,baseline,0,stopped,,,00117C82,0011,7C82,1,5,01 00 00 82 7C,0,OK
2026-09-30T13:08:45.903Z,8110.928,observer,RX,baseline,0,stopped,,,00015612,0001,5612,1,7,01 00 00 0F 03 12 56,0,OK
2026-09-30T13:08:45.903Z,8111.161,observer,RX,baseline,0,stopped,,,00115612,0011,5612,1,5,01 00 00 12 56,0,OK
2026-09-30T13:08:45.908Z,8115.948,observer,RX,baseline,0,stopped,,,000189BA,0001,89BA,1,7,01 00 00 0F 03 BA 89,0,OK
2026-09-30T13:08:45.908Z,8116.194,observer,RX,baseline,0,stopped,,,001189BA,0011,89BA,1,5,01 00 00 BA 89,0,OK
2026-09-30T13:08:45.913Z,8120.921,observer,RX,baseline,0,stopped,,,00011787,0001,1787,1,7,01 00 00 0F 03 87 17,0,OK
2026-09-30T13:08:45.913Z,8121.163,observer,RX,baseline,0,stopped,,,00111787,0011,1787,1,5,01 00 00 87 17,0,OK
2026-09-30T13:08:45.918Z,8125.873,observer,RX,baseline,0,stopped,,,0001FDA1,0001,FDA1,1,7,01 00 00 0F 03 A1 FD,0,OK
2026-09-30T13:08:45.918Z,8126.158,observer,RX,baseline,0,stopped,,,0011FDA1,0011,FDA1,1,5,01 00 00 A1 FD,0,OK
2026-09-30T13:08:45.922Z,8130.869,observer,RX,baseline,0,stopped,,,00019BC6,0001,9BC6,1,7,01 00 00 0F 03 C6 9B,0,OK
2026-09-30T13:08:45.923Z,8131.113,observer,RX,baseline,0,stopped,,,00119BC6,0011,9BC6,1,5,01 00 00 C6 9B,0,OK
2026-09-30T13:08:45.928Z,8135.918,observer,RX,baseline,0,stopped,,,0001E1F1,0001,E1F1,1,7,01 00 00 0F 03 F1 E1,0,OK
2026-09-30T13:08:45.928Z,8136.163,observer,RX,baseline,0,stopped,,,0011E1F1,0011,E1F1,1,5,01 00 00 F1 E1,0,OK
2026-09-30T13:08:45.933Z,8140.92,observer,RX,baseline,0,stopped,,,0001516F,0001,516F,1,7,01 00 00 0F 03 6F 51,0,OK
2026-09-30T13:08:45.933Z,8141.161,observer,RX,baseline,0,stopped,,,0011516F,0011,516F,1,5,01 00 00 6F 51,0,OK
2026-09-30T13:08:45.938Z,8145.92,observer,RX,baseline,0,stopped,,,000190D3,0001,90D3,1,7,01 00 00 0F 03 D3 90,0,OK
2026-09-30T13:08:45.938Z,8146.166,observer,RX,baseline,0,stopped,,,001190D3,0011,90D3,1,5,01 00 00 D3 90,0,OK
2026-09-30T13:08:45.943Z,8150.913,observer,RX,baseline,0,stopped,,,0001B692,0001,B692,1,7,01 00 00 0F 03 92 B6,0,OK
2026-09-30T13:08:45.943Z,8151.152,observer,RX,baseline,0,stopped,,,0011B692,0011,B692,1,5,01 00 00 92 B6,0,OK
2026-09-30T13:08:45.948Z,8156.131,observer,RX,baseline,0,stopped,,,00019F8D,0001,9F8D,1,7,01 00 00 0F 03 8D 9F,0,OK
2026-09-30T13:08:45.948Z,8156.208,observer,RX,baseline,0,stopped,,,00119F8D,0011,9F8D,1,5,01 00 00 8D 9F,0,OK
2026-09-30T13:08:45.953Z,8160.98,observer,RX,baseline,0,stopped,,,000199C8,0001,99C8,1,7,01 00 00 0F 03 C8 99,0,OK
2026-09-30T13:08:45.953Z,8161.083,observer,RX,baseline,0,stopped,,,001199C8,0011,99C8,1,5,01 00 00 C8 99,0,OK
2026-09-30T13:08:45.957Z,8165.849,observer,RX,baseline,0,stopped,,,0001FAAA,0001,FAAA,1,7,01 00 00 0F 03 AA FA,0,OK
2026-09-30T13:08:45.958Z,8166.16,observer,RX,baseline,0,stopped,,,0011FAAA,0011,FAAA,1,5,01 00 00 AA FA,0,OK
2026-09-30T13:08:45.963Z,8171.055,observer,RX,baseline,0,stopped,,,00016594,0001,6594,1,7,01 00 00 0F 03 94 65,0,OK
2026-09-30T13:08:45.963Z,8171.13,observer,RX,baseline,0,stopped,,,00116594,0011,6594,1,5,01 00 00 94 65,0,OK
2026-09-30T13:08:45.968Z,8175.992,observer,RX,baseline,0,stopped,,,0001FFF9,0001,FFF9,1,7,01 00 00 0F 03 F9 FF,0,OK
2026-09-30T13:08:45.968Z,8176.158,observer,RX,baseline,0,stopped,,,0011FFF9,0011,FFF9,1,5,01 00 00 F9 FF,0,OK
2026-09-30T13:08:45.973Z,8181.055,observer,RX,baseline,0,stopped,,,00015FA4,0001,5FA4,1,7,01 00 00 0F 03 A4 5F,0,OK
2026-09-30T13:08:45.973Z,8181.13,observer,RX,baseline,0,stopped,,,00115FA4,0011,5FA4,1,5,01 00 00 A4 5F,0,OK
2026-09-30T13:08:45.978Z,8185.91,observer,RX,baseline,0,stopped,,,0001038F,0001,038F,1,7,01 00 00 0F 03 8F 03,0,OK
2026-09-30T13:08:45.978Z,8186.158,observer,RX,baseline,0,stopped,,,0011038F,0011,038F,1,5,01 00 00 8F 03,0,OK
2026-09-30T13:08:45.983Z,8190.903,observer,RX,baseline,0,stopped,,,0001FD29,0001,FD29,1,7,01 00 00 0F 03 29 FD,0,OK
2026-09-30T13:08:45.983Z,8191.162,observer,RX,baseline,0,stopped,,,0011FD29,0011,FD29,1,5,01 00 00 29 FD,0,OK
2026-09-30T13:08:45.988Z,8195.917,observer,RX,baseline,0,stopped,,,0001DBB5,0001,DBB5,1,7,01 00 00 0F 03 B5 DB,0,OK
2026-09-30T13:08:45.988Z,8196.162,observer,RX,baseline,0,stopped,,,0011DBB5,0011,DBB5,1,5,01 00 00 B5 DB,0,OK
2026-09-30T13:08:45.993Z,8200.922,observer,RX,baseline,0,stopped,,,0001D358,0001,D358,1,7,01 00 00 0F 03 58 D3,0,OK
2026-09-30T13:08:45.993Z,8201.164,observer,RX,baseline,0,stopped,,,0011D358,0011,D358,1,5,01 00 00 58 D3,0,OK
2026-09-30T13:08:45.998Z,8206.051,observer,RX,baseline,0,stopped,,,00015869,0001,5869,1,7,01 00 00 0F 03 69 58,0,OK
2026-09-30T13:08:45.998Z,8206.174,observer,RX,baseline,0,stopped,,,00115869,0011,5869,1,5,01 00 00 69 58,0,OK
2026-09-30T13:08:46.003Z,8211.066,observer,RX,baseline,0,stopped,,,00017AE1,0001,7AE1,1,7,01 00 00 0F 03 E1 7A,0,OK
2026-09-30T13:08:46.003Z,8211.145,observer,RX,baseline,0,stopped,,,00117AE1,0011,7AE1,1,5,01 00 00 E1 7A,0,OK
2026-09-30T13:08:46.008Z,8215.965,observer,RX,baseline,0,stopped,,,0001E9D7,0001,E9D7,1,7,01 00 00 0F 03 D7 E9,0,OK
2026-09-30T13:08:46.008Z,8216.146,observer,RX,baseline,0,stopped,,,0011E9D7,0011,E9D7,1,5,01 00 00 D7 E9,0,OK
2026-09-30T13:08:46.013Z,8221.055,observer,RX,baseline,0,stopped,,,000182CE,0001,82CE,1,7,01 00 00 0F 03 CE 82,0,OK
2026-09-30T13:08:46.013Z,8221.137,observer,RX,baseline,0,stopped,,,001182CE,0011,82CE,1,5,01 00 00 CE 82,0,OK
2026-09-30T13:08:46.018Z,8226.069,observer,RX,baseline,0,stopped,,,000161FD,0001,61FD,1,7,01 00 00 0F 03 FD 61,0,OK
2026-09-30T13:08:46.018Z,8226.187,observer,RX,baseline,0,stopped,,,001161FD,0011,61FD,1,5,01 00 00 FD 61,0,OK
2026-09-30T13:08:46.023Z,8231.051,observer,RX,baseline,0,stopped,,,00019B35,0001,9B35,1,7,01 00 00 0F 03 35 9B,0,OK
2026-09-30T13:08:46.023Z,8231.129,observer,RX,baseline,0,stopped,,,00119B35,0011,9B35,1,5,01 00 00 35 9B,0,OK
2026-09-30T13:08:46.028Z,8236.052,observer,RX,baseline,0,stopped,,,0001244F,0001,244F,1,7,01 00 00 0F 03 4F 24,0,OK
2026-09-30T13:08:46.028Z,8236.13,observer,RX,baseline,0,stopped,,,0011244F,0011,244F,1,5,01 00 00 4F 24,0,OK
2026-09-30T13:08:46.033Z,8241.071,observer,RX,baseline,0,stopped,,,0001DD9B,0001,DD9B,1,7,01 00 00 0F 03 9B DD,0,OK
2026-09-30T13:08:46.033Z,8241.146,observer,RX,baseline,0,stopped,,,0011DD9B,0011,DD9B,1,5,01 00 00 9B DD,0,OK
2026-09-30T13:08:46.038Z,8246.062,observer,RX,baseline,0,stopped,,,0001F317,0001,F317,1,7,01 00 00 0F 03 17 F3,0,OK
2026-09-30T13:08:46.038Z,8246.144,observer,RX,baseline,0,stopped,,,0011F317,0011,F317,1,5,01 00 00 17 F3,0,OK
2026-09-30T13:08:46.043Z,8251.056,observer,RX,baseline,0,stopped,,,0001DCF9,0001,DCF9,1,7,01 00 00 0F 03 F9 DC,0,OK
2026-09-30T13:08:46.043Z,8251.131,observer,RX,baseline,0,stopped,,,0011DCF9,0011,DCF9,1,5,01 00 00 F9 DC,0,OK
2026-09-30T13:08:46.048Z,8255.872,observer,RX,baseline,0,stopped,,,000100EC,0001,00EC,1,7,01 00 00 0F 03 EC 00,0,OK
2026-09-30T13:08:46.048Z,8256.155,observer,RX,baseline,0,stopped,,,001100EC,0011,00EC,1,5,01 00 00 EC 00,0,OK
2026-09-30T13:08:46.053Z,8260.92,observer,RX,baseline,0,stopped,,,0001C4CE,0001,C4CE,1,7,01 00 00 0F 03 CE C4,0,OK
2026-09-30T13:08:46.053Z,8261.158,observer,RX,baseline,0,stopped,,,0011C4CE,0011,C4CE,1,5,01 00 00 CE C4,0,OK
2026-09-30T13:08:46.058Z,8266.058,observer,RX,baseline,0,stopped,,,0001356C,0001,356C,1,7,01 00 00 0F 03 6C 35,0,OK
2026-09-30T13:08:46.058Z,8266.133,observer,RX,baseline,0,stopped,,,0011356C,0011,356C,1,5,01 00 00 6C 35,0,OK
2026-09-30T13:08:46.063Z,8271.013,observer,RX,baseline,0,stopped,,,0001A292,0001,A292,1,7,01 00 00 0F 03 92 A2,0,OK
2026-09-30T13:08:46.063Z,8271.097,observer,RX,baseline,0,stopped,,,0011A292,0011,A292,1,5,01 00 00 92 A2,0,OK
2026-09-30T13:08:46.068Z,8276.022,observer,RX,baseline,0,stopped,,,0001D721,0001,D721,1,7,01 00 00 0F 03 21 D7,0,OK
2026-09-30T13:08:46.068Z,8276.099,observer,RX,baseline,0,stopped,,,0011D721,0011,D721,1,5,01 00 00 21 D7,0,OK
2026-09-30T13:08:46.073Z,8280.9,observer,RX,baseline,0,stopped,,,0001168D,0001,168D,1,7,01 00 00 0F 03 8D 16,0,OK
2026-09-30T13:08:46.073Z,8281.146,observer,RX,baseline,0,stopped,,,0011168D,0011,168D,1,5,01 00 00 8D 16,0,OK
2026-09-30T13:08:46.078Z,8286.084,observer,RX,baseline,0,stopped,,,0001793D,0001,793D,1,7,01 00 00 0F 03 3D 79,0,OK
2026-09-30T13:08:46.078Z,8286.175,observer,RX,baseline,0,stopped,,,0011793D,0011,793D,1,5,01 00 00 3D 79,0,OK
2026-09-30T13:08:46.083Z,8291.084,observer,RX,baseline,0,stopped,,,000134E7,0001,34E7,1,7,01 00 00 0F 03 E7 34,0,OK
2026-09-30T13:08:46.083Z,8291.173,observer,RX,baseline,0,stopped,,,001134E7,0011,34E7,1,5,01 00 00 E7 34,0,OK
2026-09-30T13:08:46.088Z,8296.054,observer,RX,baseline,0,stopped,,,00011287,0001,1287,1,7,01 00 00 0F 03 87 12,0,OK
2026-09-30T13:08:46.088Z,8296.129,observer,RX,baseline,0,stopped,,,00111287,0011,1287,1,5,01 00 00 87 12,0,OK
2026-09-30T13:08:46.093Z,8300.912,observer,RX,baseline,0,stopped,,,00014960,0001,4960,1,7,01 00 00 0F 03 60 49,0,OK
2026-09-30T13:08:46.093Z,8301.164,observer,RX,baseline,0,stopped,,,00114960,0011,4960,1,5,01 00 00 60 49,0,OK
2026-09-30T13:08:46.098Z,8305.957,observer,RX,baseline,0,stopped,,,0001FBBB,0001,FBBB,1,7,01 00 00 0F 03 BB FB,0,OK
2026-09-30T13:08:46.098Z,8306.158,observer,RX,baseline,0,stopped,,,0011FBBB,0011,FBBB,1,5,01 00 00 BB FB,0,OK
2026-09-30T13:08:46.103Z,8310.906,observer,RX,baseline,0,stopped,,,0001DC17,0001,DC17,1,7,01 00 00 0F 03 17 DC,0,OK
2026-09-30T13:08:46.103Z,8311.164,observer,RX,baseline,0,stopped,,,0011DC17,0011,DC17,1,5,01 00 00 17 DC,0,OK
2026-09-30T13:08:46.108Z,8315.889,observer,RX,baseline,0,stopped,,,0001A622,0001,A622,1,7,01 00 00 0F 03 22 A6,0,OK
2026-09-30T13:08:46.108Z,8316.135,observer,RX,baseline,0,stopped,,,0011A622,0011,A622,1,5,01 00 00 22 A6,0,OK
2026-09-30T13:08:46.113Z,8320.928,observer,RX,baseline,0,stopped,,,0001FB4B,0001,FB4B,1,7,01 00 00 0F 03 4B FB,0,OK
2026-09-30T13:08:46.113Z,8321.163,observer,RX,baseline,0,stopped,,,0011FB4B,0011,FB4B,1,5,01 00 00 4B FB,0,OK
2026-09-30T13:08:46.118Z,8325.872,observer,RX,baseline,0,stopped,,,0001A82D,0001,A82D,1,7,01 00 00 0F 03 2D A8,0,OK
2026-09-30T13:08:46.118Z,8326.148,observer,RX,baseline,0,stopped,,,0011A82D,0011,A82D,1,5,01 00 00 2D A8,0,OK
2026-09-30T13:08:46.123Z,8330.888,observer,RX,baseline,0,stopped,,,0001EDEF,0001,EDEF,1,7,01 00 00 0F 03 EF ED,0,OK
2026-09-30T13:08:46.123Z,8331.135,observer,RX,baseline,0,stopped,,,0011EDEF,0011,EDEF,1,5,01 00 00 EF ED,0,OK
2026-09-30T13:08:46.128Z,8335.915,observer,RX,baseline,0,stopped,,,00014C62,0001,4C62,1,7,01 00 00 0F 03 62 4C,0,OK
2026-09-30T13:08:46.128Z,8336.169,observer,RX,baseline,0,stopped,,,00114C62,0011,4C62,1,5,01 00 00 62 4C,0,OK
2026-09-30T13:08:46.133Z,8340.874,observer,RX,baseline,0,stopped,,,0001709D,0001,709D,1,7,01 00 00 0F 03 9D 70,0,OK
2026-09-30T13:08:46.133Z,8341.132,observer,RX,baseline,0,stopped,,,0011709D,0011,709D,1,5,01 00 00 9D 70,0,OK
2026-09-30T13:08:46.138Z,8345.889,observer,RX,baseline,0,stopped,,,00010FD2,0001,0FD2,1,7,01 00 00 0F 03 D2 0F,0,OK
2026-09-30T13:08:46.138Z,8346.139,observer,RX,baseline,0,stopped,,,00110FD2,0011,0FD2,1,5,01 00 00 D2 0F,0,OK
2026-09-30T13:08:46.142Z,8350.834,observer,RX,baseline,0,stopped,,,0001CA19,0001,CA19,1,7,01 00 00 0F 03 19 CA,0,OK
2026-09-30T13:08:46.143Z,8351.136,observer,RX,baseline,0,stopped,,,0011CA19,0011,CA19,1,5,01 00 00 19 CA,0,OK
2026-09-30T13:08:46.148Z,8356.054,observer,RX,baseline,0,stopped,,,0001D3EF,0001,D3EF,1,7,01 00 00 0F 03 EF D3,0,OK
2026-09-30T13:08:46.148Z,8356.174,observer,RX,baseline,0,stopped,,,0011D3EF,0011,D3EF,1,5,01 00 00 EF D3,0,OK
2026-09-30T13:08:46.153Z,8361.069,observer,RX,baseline,0,stopped,,,0001428A,0001,428A,1,7,01 00 00 0F 03 8A 42,0,OK
2026-09-30T13:08:46.153Z,8361.145,observer,RX,baseline,0,stopped,,,0011428A,0011,428A,1,5,01 00 00 8A 42,0,OK
2026-09-30T13:08:46.158Z,8365.879,observer,RX,baseline,0,stopped,,,00011486,0001,1486,1,7,01 00 00 0F 03 86 14,0,OK
2026-09-30T13:08:46.158Z,8366.137,observer,RX,baseline,0,stopped,,,00111486,0011,1486,1,5,01 00 00 86 14,0,OK
2026-09-30T13:08:46.163Z,8370.977,observer,RX,baseline,0,stopped,,,00010C15,0001,0C15,1,7,01 00 00 0F 03 15 0C,0,OK
2026-09-30T13:08:46.163Z,8371.083,observer,RX,baseline,0,stopped,,,00110C15,0011,0C15,1,5,01 00 00 15 0C,0,OK
2026-09-30T13:08:46.168Z,8375.89,observer,RX,baseline,0,stopped,,,00016524,0001,6524,1,7,01 00 00 0F 03 24 65,0,OK
2026-09-30T13:08:46.168Z,8376.133,observer,RX,baseline,0,stopped,,,00116524,0011,6524,1,5,01 00 00 24 65,0,OK
2026-09-30T13:08:46.173Z,8380.877,observer,RX,baseline,0,stopped,,,0001CD79,0001,CD79,1,7,01 00 00 0F 03 79 CD,0,OK
2026-09-30T13:08:46.173Z,8381.132,observer,RX,baseline,0,stopped,,,0011CD79,0011,CD79,1,5,01 00 00 79 CD,0,OK
2026-09-30T13:08:46.178Z,8385.914,observer,RX,baseline,0,stopped,,,0001D226,0001,D226,1,7,01 00 00 0F 03 26 D2,0,OK
2026-09-30T13:08:46.178Z,8386.125,observer,RX,baseline,0,stopped,,,0011D226,0011,D226,1,5,01 00 00 26 D2,0,OK
2026-09-30T13:08:46.183Z,8391.057,observer,RX,baseline,0,stopped,,,00018AE8,0001,8AE8,1,7,01 00 00 0F 03 E8 8A,0,OK
2026-09-30T13:08:46.183Z,8391.137,observer,RX,baseline,0,stopped,,,00118AE8,0011,8AE8,1,5,01 00 00 E8 8A,0,OK
2026-09-30T13:08:46.188Z,8396.001,observer,RX,baseline,0,stopped,,,0001F056,0001,F056,1,7,01 00 00 0F 03 56 F0,0,OK
2026-09-30T13:08:46.188Z,8396.087,observer,RX,baseline,0,stopped,,,0011F056,0011,F056,1,5,01 00 00 56 F0,0,OK
2026-09-30T13:08:46.193Z,8400.899,observer,RX,baseline,0,stopped,,,0001D31D,0001,D31D,1,7,01 00 00 0F 03 1D D3,0,OK
2026-09-30T13:08:46.193Z,8401.132,observer,RX,baseline,0,stopped,,,0011D31D,0011,D31D,1,5,01 00 00 1D D3,0,OK
2026-09-30T13:08:46.198Z,8405.889,observer,RX,baseline,0,stopped,,,000152B4,0001,52B4,1,7,01 00 00 0F 03 B4 52,0,OK
2026-09-30T13:08:46.198Z,8406.137,observer,RX,baseline,0,stopped,,,001152B4,0011,52B4,1,5,01 00 00 B4 52,0,OK
2026-09-30T13:08:46.203Z,8410.891,observer,RX,baseline,0,stopped,,,00015E94,0001,5E94,1,7,01 00 00 0F 03 94 5E,0,OK
2026-09-30T13:08:46.203Z,8411.138,observer,RX,baseline,0,stopped,,,00115E94,0011,5E94,1,5,01 00 00 94 5E,0,OK
2026-09-30T13:08:46.208Z,8416.031,observer,RX,baseline,0,stopped,,,00016CDD,0001,6CDD,1,7,01 00 00 0F 03 DD 6C,0,OK
2026-09-30T13:08:46.208Z,8416.11,observer,RX,baseline,0,stopped,,,00116CDD,0011,6CDD,1,5,01 00 00 DD 6C,0,OK
2026-09-30T13:08:46.213Z,8420.898,observer,RX,baseline,0,stopped,,,00011046,0001,1046,1,7,01 00 00 0F 03 46 10,0,OK
2026-09-30T13:08:46.213Z,8421.146,observer,RX,baseline,0,stopped,,,00111046,0011,1046,1,5,01 00 00 46 10,0,OK
2026-09-30T13:08:46.218Z,8425.898,observer,RX,baseline,0,stopped,,,00018139,0001,8139,1,7,01 00 00 0F 03 39 81,0,OK
2026-09-30T13:08:46.218Z,8426.125,observer,RX,baseline,0,stopped,,,00118139,0011,8139,1,5,01 00 00 39 81,0,OK
2026-09-30T13:08:46.223Z,8430.991,observer,RX,baseline,0,stopped,,,0001FB4D,0001,FB4D,1,7,01 00 00 0F 03 4D FB,0,OK
2026-09-30T13:08:46.223Z,8431.066,observer,RX,baseline,0,stopped,,,0011FB4D,0011,FB4D,1,5,01 00 00 4D FB,0,OK
2026-09-30T13:08:46.228Z,8435.893,observer,RX,baseline,0,stopped,,,000120CF,0001,20CF,1,7,01 00 00 0F 03 CF 20,0,OK
2026-09-30T13:08:46.228Z,8436.137,observer,RX,baseline,0,stopped,,,001120CF,0011,20CF,1,5,01 00 00 CF 20,0,OK
2026-09-30T13:08:46.233Z,8440.896,observer,RX,baseline,0,stopped,,,0001BE74,0001,BE74,1,7,01 00 00 0F 03 74 BE,0,OK
2026-09-30T13:08:46.233Z,8441.132,observer,RX,baseline,0,stopped,,,0011BE74,0011,BE74,1,5,01 00 00 74 BE,0,OK
2026-09-30T13:08:46.238Z,8445.879,observer,RX,baseline,0,stopped,,,0001DF6E,0001,DF6E,1,7,01 00 00 0F 03 6E DF,0,OK
2026-09-30T13:08:46.238Z,8446.122,observer,RX,baseline,0,stopped,,,0011DF6E,0011,DF6E,1,5,01 00 00 6E DF,0,OK
2026-09-30T13:08:46.243Z,8451.061,observer,RX,baseline,0,stopped,,,00014668,0001,4668,1,7,01 00 00 0F 03 68 46,0,OK
2026-09-30T13:08:46.243Z,8451.15,observer,RX,baseline,0,stopped,,,00114668,0011,4668,1,5,01 00 00 68 46,0,OK
2026-09-30T13:08:46.248Z,8456.028,observer,RX,baseline,0,stopped,,,0001F98D,0001,F98D,1,7,01 00 00 0F 03 8D F9,0,OK
2026-09-30T13:08:46.248Z,8456.103,observer,RX,baseline,0,stopped,,,0011F98D,0011,F98D,1,5,01 00 00 8D F9,0,OK
2026-09-30T13:08:46.253Z,8461.083,observer,RX,baseline,0,stopped,,,00012D2F,0001,2D2F,1,7,01 00 00 0F 03 2F 2D,0,OK
2026-09-30T13:08:46.253Z,8461.181,observer,RX,baseline,0,stopped,,,00112D2F,0011,2D2F,1,5,01 00 00 2F 2D,0,OK
2026-09-30T13:08:46.258Z,8465.979,observer,RX,baseline,0,stopped,,,00015A18,0001,5A18,1,7,01 00 00 0F 03 18 5A,0,OK
2026-09-30T13:08:46.258Z,8466.068,observer,RX,baseline,0,stopped,,,00115A18,0011,5A18,1,5,01 00 00 18 5A,0,OK
2026-09-30T13:08:46.263Z,8470.949,observer,RX,baseline,0,stopped,,,00019D12,0001,9D12,1,7,01 00 00 0F 03 12 9D,0,OK
2026-09-30T13:08:46.263Z,8471.079,observer,RX,baseline,0,stopped,,,00119D12,0011,9D12,1,5,01 00 00 12 9D,0,OK
2026-09-30T13:08:46.268Z,8475.942,observer,RX,baseline,0,stopped,,,0001DCFE,0001,DCFE,1,7,01 00 00 0F 03 FE DC,0,OK
2026-09-30T13:08:46.268Z,8476.072,observer,RX,baseline,0,stopped,,,0011DCFE,0011,DCFE,1,5,01 00 00 FE DC,0,OK
2026-09-30T13:08:46.273Z,8480.905,observer,RX,baseline,0,stopped,,,00014B17,0001,4B17,1,7,01 00 00 0F 03 17 4B,0,OK
2026-09-30T13:08:46.273Z,8481.143,observer,RX,baseline,0,stopped,,,00114B17,0011,4B17,1,5,01 00 00 17 4B,0,OK
2026-09-30T13:08:46.278Z,8486.415,observer,RX,baseline,0,stopped,,,00012436,0001,2436,1,7,01 00 00 0F 03 36 24,0,OK
2026-09-30T13:08:46.278Z,8486.56,observer,RX,baseline,0,stopped,,,00112436,0011,2436,1,5,01 00 00 36 24,0,OK
2026-09-30T13:08:46.283Z,8490.995,observer,RX,baseline,0,stopped,,,0001ECC5,0001,ECC5,1,7,01 00 00 0F 03 C5 EC,0,OK
2026-09-30T13:08:46.283Z,8491.155,observer,RX,baseline,0,stopped,,,0011ECC5,0011,ECC5,1,5,01 00 00 C5 EC,0,OK
2026-09-30T13:08:46.288Z,8496.052,observer,RX,baseline,0,stopped,,,0001FF9D,0001,FF9D,1,7,01 00 00 0F 03 9D FF,0,OK
2026-09-30T13:08:46.288Z,8496.183,observer,RX,baseline,0,stopped,,,0011FF9D,0011,FF9D,1,5,01 00 00 9D FF,0,OK
2026-09-30T13:08:46.293Z,8500.982,observer,RX,baseline,0,stopped,,,00013EBD,0001,3EBD,1,7,01 00 00 0F 03 BD 3E,0,OK
2026-09-30T13:08:46.293Z,8501.136,observer,RX,baseline,0,stopped,,,00113EBD,0011,3EBD,1,5,01 00 00 BD 3E,0,OK
2026-09-30T13:08:46.298Z,8506.359,observer,RX,baseline,0,stopped,,,00017CDC,0001,7CDC,1,7,01 00 00 0F 03 DC 7C,0,OK
2026-09-30T13:08:46.298Z,8506.495,observer,RX,baseline,0,stopped,,,00117CDC,0011,7CDC,1,5,01 00 00 DC 7C,0,OK
2026-09-30T13:08:46.303Z,8511.302,observer,RX,baseline,0,stopped,,,0001B57A,0001,B57A,1,7,01 00 00 0F 03 7A B5,0,OK
2026-09-30T13:08:46.303Z,8511.431,observer,RX,baseline,0,stopped,,,0011B57A,0011,B57A,1,5,01 00 00 7A B5,0,OK
2026-09-30T13:08:46.308Z,8516.359,observer,RX,baseline,0,stopped,,,00011B33,0001,1B33,1,7,01 00 00 0F 03 33 1B,0,OK
2026-09-30T13:08:46.308Z,8516.488,observer,RX,baseline,0,stopped,,,00111B33,0011,1B33,1,5,01 00 00 33 1B,0,OK
2026-09-30T13:08:46.313Z,8521.272,observer,RX,baseline,0,stopped,,,0001EB2F,0001,EB2F,1,7,01 00 00 0F 03 2F EB,0,OK
2026-09-30T13:08:46.313Z,8521.401,observer,RX,baseline,0,stopped,,,0011EB2F,0011,EB2F,1,5,01 00 00 2F EB,0,OK
2026-09-30T13:08:46.318Z,8526.307,observer,RX,baseline,0,stopped,,,000187DC,0001,87DC,1,7,01 00 00 0F 03 DC 87,0,OK
2026-09-30T13:08:46.318Z,8526.435,observer,RX,baseline,0,stopped,,,001187DC,0011,87DC,1,5,01 00 00 DC 87,0,OK
2026-09-30T13:08:46.323Z,8531.271,observer,RX,baseline,0,stopped,,,0001219D,0001,219D,1,7,01 00 00 0F 03 9D 21,0,OK
2026-09-30T13:08:46.323Z,8531.398,observer,RX,baseline,0,stopped,,,0011219D,0011,219D,1,5,01 00 00 9D 21,0,OK
2026-09-30T13:08:46.328Z,8536.341,observer,RX,baseline,0,stopped,,,0001E664,0001,E664,1,7,01 00 00 0F 03 64 E6,0,OK
2026-09-30T13:08:46.328Z,8536.469,observer,RX,baseline,0,stopped,,,0011E664,0011,E664,1,5,01 00 00 64 E6,0,OK
2026-09-30T13:08:46.333Z,8541.394,observer,RX,baseline,0,stopped,,,00018C55,0001,8C55,1,7,01 00 00 0F 03 55 8C,0,OK
2026-09-30T13:08:46.333Z,8541.525,observer,RX,baseline,0,stopped,,,00118C55,0011,8C55,1,5,01 00 00 55 8C,0,OK
2026-09-30T13:08:46.338Z,8546.27,observer,RX,baseline,0,stopped,,,0001092A,0001,092A,1,7,01 00 00 0F 03 2A 09,0,OK
2026-09-30T13:08:46.338Z,8546.405,observer,RX,baseline,0,stopped,,,0011092A,0011,092A,1,5,01 00 00 2A 09,0,OK
2026-09-30T13:08:46.343Z,8551.31,observer,RX,baseline,0,stopped,,,000123C4,0001,23C4,1,7,01 00 00 0F 03 C4 23,0,OK
2026-09-30T13:08:46.343Z,8551.449,observer,RX,baseline,0,stopped,,,001123C4,0011,23C4,1,5,01 00 00 C4 23,0,OK
2026-09-30T13:08:46.348Z,8556.262,observer,RX,baseline,0,stopped,,,000138EA,0001,38EA,1,7,01 00 00 0F 03 EA 38,0,OK
2026-09-30T13:08:46.348Z,8556.392,observer,RX,baseline,0,stopped,,,001138EA,0011,38EA,1,5,01 00 00 EA 38,0,OK
2026-09-30T13:08:46.353Z,8561.167,observer,RX,baseline,0,stopped,,,000146FE,0001,46FE,1,7,01 00 00 0F 03 FE 46,0,OK
2026-09-30T13:08:46.353Z,8561.296,observer,RX,baseline,0,stopped,,,001146FE,0011,46FE,1,5,01 00 00 FE 46,0,OK
2026-09-30T13:08:46.358Z,8566.458,observer,RX,baseline,0,stopped,,,000152FC,0001,52FC,1,7,01 00 00 0F 03 FC 52,0,OK
2026-09-30T13:08:46.358Z,8566.587,observer,RX,baseline,0,stopped,,,001152FC,0011,52FC,1,5,01 00 00 FC 52,0,OK
2026-09-30T13:08:46.363Z,8570.937,observer,RX,baseline,0,stopped,,,0001661E,0001,661E,1,7,01 00 00 0F 03 1E 66,0,OK
2026-09-30T13:08:46.363Z,8571.083,observer,RX,baseline,0,stopped,,,0011661E,0011,661E,1,5,01 00 00 1E 66,0,OK
2026-09-30T13:08:46.368Z,8575.882,observer,RX,baseline,0,stopped,,,000188A3,0001,88A3,1,7,01 00 00 0F 03 A3 88,0,OK
2026-09-30T13:08:46.368Z,8576.12,observer,RX,baseline,0,stopped,,,001188A3,0011,88A3,1,5,01 00 00 A3 88,0,OK
2026-09-30T13:08:46.372Z,8580.819,observer,RX,baseline,0,stopped,,,00019CB8,0001,9CB8,1,7,01 00 00 0F 03 B8 9C,0,OK
2026-09-30T13:08:46.373Z,8581.053,observer,RX,baseline,0,stopped,,,00119CB8,0011,9CB8,1,5,01 00 00 B8 9C,0,OK
2026-09-30T13:08:46.377Z,8585.811,observer,RX,baseline,0,stopped,,,0001FEB2,0001,FEB2,1,7,01 00 00 0F 03 B2 FE,0,OK
2026-09-30T13:08:46.378Z,8586.045,observer,RX,baseline,0,stopped,,,0011FEB2,0011,FEB2,1,5,01 00 00 B2 FE,0,OK
2026-09-30T13:08:46.382Z,8590.823,observer,RX,baseline,0,stopped,,,00017FAC,0001,7FAC,1,7,01 00 00 0F 03 AC 7F,0,OK
2026-09-30T13:08:46.383Z,8591.036,observer,RX,baseline,0,stopped,,,00117FAC,0011,7FAC,1,5,01 00 00 AC 7F,0,OK
2026-09-30T13:08:46.387Z,8595.795,observer,RX,baseline,0,stopped,,,0001134C,0001,134C,1,7,01 00 00 0F 03 4C 13,0,OK
2026-09-30T13:08:46.388Z,8596.04,observer,RX,baseline,0,stopped,,,0011134C,0011,134C,1,5,01 00 00 4C 13,0,OK
2026-09-30T13:08:46.392Z,8600.799,observer,RX,baseline,0,stopped,,,00012F62,0001,2F62,1,7,01 00 00 0F 03 62 2F,0,OK
2026-09-30T13:08:46.393Z,8601.04,observer,RX,baseline,0,stopped,,,00112F62,0011,2F62,1,5,01 00 00 62 2F,0,OK
2026-09-30T13:08:46.397Z,8605.824,observer,RX,baseline,0,stopped,,,0001C47B,0001,C47B,1,7,01 00 00 0F 03 7B C4,0,OK
2026-09-30T13:08:46.398Z,8606.078,observer,RX,baseline,0,stopped,,,0011C47B,0011,C47B,1,5,01 00 00 7B C4,0,OK
2026-09-30T13:08:46.402Z,8610.81,observer,RX,baseline,0,stopped,,,0001E732,0001,E732,1,7,01 00 00 0F 03 32 E7,0,OK
2026-09-30T13:08:46.403Z,8611.037,observer,RX,baseline,0,stopped,,,0011E732,0011,E732,1,5,01 00 00 32 E7,0,OK
2026-09-30T13:08:46.407Z,8615.775,observer,RX,baseline,0,stopped,,,00013909,0001,3909,1,7,01 00 00 0F 03 09 39,0,OK
2026-09-30T13:08:46.408Z,8616.036,observer,RX,baseline,0,stopped,,,00113909,0011,3909,1,5,01 00 00 09 39,0,OK
2026-09-30T13:08:46.412Z,8620.82,observer,RX,baseline,0,stopped,,,00011882,0001,1882,1,7,01 00 00 0F 03 82 18,0,OK
2026-09-30T13:08:46.413Z,8621.083,observer,RX,baseline,0,stopped,,,00111882,0011,1882,1,5,01 00 00 82 18,0,OK
2026-09-30T13:08:46.418Z,8625.849,observer,RX,baseline,0,stopped,,,000155B3,0001,55B3,1,7,01 00 00 0F 03 B3 55,0,OK
2026-09-30T13:08:46.418Z,8626.122,observer,RX,baseline,0,stopped,,,001155B3,0011,55B3,1,5,01 00 00 B3 55,0,OK
2026-09-30T13:08:46.423Z,8630.858,observer,RX,baseline,0,stopped,,,000113EA,0001,13EA,1,7,01 00 00 0F 03 EA 13,0,OK
2026-09-30T13:08:46.423Z,8631.121,observer,RX,baseline,0,stopped,,,001113EA,0011,13EA,1,5,01 00 00 EA 13,0,OK
2026-09-30T13:08:46.428Z,8635.886,observer,RX,baseline,0,stopped,,,0001E3AB,0001,E3AB,1,7,01 00 00 0F 03 AB E3,0,OK
2026-09-30T13:08:46.428Z,8636.131,observer,RX,baseline,0,stopped,,,0011E3AB,0011,E3AB,1,5,01 00 00 AB E3,0,OK
2026-09-30T13:08:46.433Z,8640.924,observer,RX,baseline,0,stopped,,,0001A856,0001,A856,1,7,01 00 00 0F 03 56 A8,0,OK
2026-09-30T13:08:46.433Z,8641.09,observer,RX,baseline,0,stopped,,,0011A856,0011,A856,1,5,01 00 00 56 A8,0,OK
2026-09-30T13:08:46.438Z,8645.922,observer,RX,baseline,0,stopped,,,0001120E,0001,120E,1,7,01 00 00 0F 03 0E 12,0,OK
2026-09-30T13:08:46.438Z,8646.051,observer,RX,baseline,0,stopped,,,0011120E,0011,120E,1,5,01 00 00 0E 12,0,OK
2026-09-30T13:08:46.443Z,8650.88,observer,RX,baseline,0,stopped,,,000187FD,0001,87FD,1,7,01 00 00 0F 03 FD 87,0,OK
2026-09-30T13:08:46.443Z,8651.091,observer,RX,baseline,0,stopped,,,001187FD,0011,87FD,1,5,01 00 00 FD 87,0,OK
2026-09-30T13:08:46.447Z,8655.827,observer,RX,baseline,0,stopped,,,0001AEB0,0001,AEB0,1,7,01 00 00 0F 03 B0 AE,0,OK
2026-09-30T13:08:46.448Z,8656.087,observer,RX,baseline,0,stopped,,,0011AEB0,0011,AEB0,1,5,01 00 00 B0 AE,0,OK
2026-09-30T13:08:46.452Z,8660.819,observer,RX,baseline,0,stopped,,,0001D8AC,0001,D8AC,1,7,01 00 00 0F 03 AC D8,0,OK
2026-09-30T13:08:46.453Z,8661.089,observer,RX,baseline,0,stopped,,,0011D8AC,0011,D8AC,1,5,01 00 00 AC D8,0,OK
2026-09-30T13:08:46.457Z,8665.827,observer,RX,baseline,0,stopped,,,0001F376,0001,F376,1,7,01 00 00 0F 03 76 F3,0,OK
2026-09-30T13:08:46.458Z,8666.088,observer,RX,baseline,0,stopped,,,0011F376,0011,F376,1,5,01 00 00 76 F3,0,OK
2026-09-30T13:08:46.463Z,8670.861,observer,RX,baseline,0,stopped,,,0001D8B1,0001,D8B1,1,7,01 00 00 0F 03 B1 D8,0,OK
2026-09-30T13:08:46.463Z,8671.088,observer,RX,baseline,0,stopped,,,0011D8B1,0011,D8B1,1,5,01 00 00 B1 D8,0,OK
2026-09-30T13:08:46.468Z,8675.863,observer,RX,baseline,0,stopped,,,0001580A,0001,580A,1,7,01 00 00 0F 03 0A 58,0,OK
2026-09-30T13:08:46.468Z,8676.085,observer,RX,baseline,0,stopped,,,0011580A,0011,580A,1,5,01 00 00 0A 58,0,OK
2026-09-30T13:08:46.473Z,8680.87,observer,RX,baseline,0,stopped,,,0001EB71,0001,EB71,1,7,01 00 00 0F 03 71 EB,0,OK
2026-09-30T13:08:46.473Z,8681.084,observer,RX,baseline,0,stopped,,,0011EB71,0011,EB71,1,5,01 00 00 71 EB,0,OK
2026-09-30T13:08:46.478Z,8685.967,observer,RX,baseline,0,stopped,,,00014CB3,0001,4CB3,1,7,01 00 00 0F 03 B3 4C,0,OK
2026-09-30T13:08:46.478Z,8686.045,observer,RX,baseline,0,stopped,,,00114CB3,0011,4CB3,1,5,01 00 00 B3 4C,0,OK
2026-09-30T13:08:46.483Z,8690.938,observer,RX,baseline,0,stopped,,,0001D462,0001,D462,1,7,01 00 00 0F 03 62 D4,0,OK
2026-09-30T13:08:46.483Z,8691.031,observer,RX,baseline,0,stopped,,,0011D462,0011,D462,1,5,01 00 00 62 D4,0,OK
2026-09-30T13:08:46.488Z,8695.963,observer,RX,baseline,0,stopped,,,00010D9F,0001,0D9F,1,7,01 00 00 0F 03 9F 0D,0,OK
2026-09-30T13:08:46.488Z,8696.037,observer,RX,baseline,0,stopped,,,00110D9F,0011,0D9F,1,5,01 00 00 9F 0D,0,OK
2026-09-30T13:08:46.493Z,8700.919,observer,RX,baseline,0,stopped,,,0001ED0A,0001,ED0A,1,7,01 00 00 0F 03 0A ED,0,OK
2026-09-30T13:08:46.493Z,8701.083,observer,RX,baseline,0,stopped,,,0011ED0A,0011,ED0A,1,5,01 00 00 0A ED,0,OK
2026-09-30T13:08:46.498Z,8705.877,observer,RX,baseline,0,stopped,,,0001AECF,0001,AECF,1,7,01 00 00 0F 03 CF AE,0,OK
2026-09-30T13:08:46.498Z,8706.088,observer,RX,baseline,0,stopped,,,0011AECF,0011,AECF,1,5,01 00 00 CF AE,0,OK
2026-09-30T13:08:46.503Z,8710.927,observer,RX,baseline,0,stopped,,,00017A32,0001,7A32,1,7,01 00 00 0F 03 32 7A,0,OK
2026-09-30T13:08:46.503Z,8711.082,observer,RX,baseline,0,stopped,,,00117A32,0011,7A32,1,5,01 00 00 32 7A,0,OK
2026-09-30T13:08:46.508Z,8715.864,observer,RX,baseline,0,stopped,,,00019F92,0001,9F92,1,7,01 00 00 0F 03 92 9F,0,OK
2026-09-30T13:08:46.508Z,8716.092,observer,RX,baseline,0,stopped,,,00119F92,0011,9F92,1,5,01 00 00 92 9F,0,OK
2026-09-30T13:08:46.513Z,8720.934,observer,RX,baseline,0,stopped,,,00015665,0001,5665,1,7,01 00 00 0F 03 65 56,0,OK
2026-09-30T13:08:46.513Z,8721.081,observer,RX,baseline,0,stopped,,,00115665,0011,5665,1,5,01 00 00 65 56,0,OK
2026-09-30T13:08:46.518Z,8725.859,observer,RX,baseline,0,stopped,,,00019136,0001,9136,1,7,01 00 00 0F 03 36 91,0,OK
2026-09-30T13:08:46.518Z,8726.085,observer,RX,baseline,0,stopped,,,00119136,0011,9136,1,5,01 00 00 36 91,0,OK
2026-09-30T13:08:46.523Z,8730.928,observer,RX,baseline,0,stopped,,,0001177E,0001,177E,1,7,01 00 00 0F 03 7E 17,0,OK
2026-09-30T13:08:46.523Z,8731.075,observer,RX,baseline,0,stopped,,,0011177E,0011,177E,1,5,01 00 00 7E 17,0,OK
2026-09-30T13:08:46.528Z,8735.931,observer,RX,baseline,0,stopped,,,0001F746,0001,F746,1,7,01 00 00 0F 03 46 F7,0,OK
2026-09-30T13:08:46.528Z,8736.078,observer,RX,baseline,0,stopped,,,0011F746,0011,F746,1,5,01 00 00 46 F7,0,OK
2026-09-30T13:08:46.533Z,8740.927,observer,RX,baseline,0,stopped,,,000192CD,0001,92CD,1,7,01 00 00 0F 03 CD 92,0,OK
2026-09-30T13:08:46.533Z,8741.078,observer,RX,baseline,0,stopped,,,001192CD,0011,92CD,1,5,01 00 00 CD 92,0,OK
2026-09-30T13:08:46.538Z,8745.87,observer,RX,baseline,0,stopped,,,00014C9F,0001,4C9F,1,7,01 00 00 0F 03 9F 4C,0,OK
2026-09-30T13:08:46.538Z,8746.093,observer,RX,baseline,0,stopped,,,00114C9F,0011,4C9F,1,5,01 00 00 9F 4C,0,OK
2026-09-30T13:08:46.543Z,8750.933,observer,RX,baseline,0,stopped,,,00014F16,0001,4F16,1,7,01 00 00 0F 03 16 4F,0,OK
2026-09-30T13:08:46.543Z,8751.026,observer,RX,baseline,0,stopped,,,00114F16,0011,4F16,1,5,01 00 00 16 4F,0,OK
2026-09-30T13:08:46.548Z,8755.931,observer,RX,baseline,0,stopped,,,0001471E,0001,471E,1,7,01 00 00 0F 03 1E 47,0,OK
2026-09-30T13:08:46.548Z,8756.043,observer,RX,baseline,0,stopped,,,0011471E,0011,471E,1,5,01 00 00 1E 47,0,OK
2026-09-30T13:08:46.553Z,8760.899,observer,RX,baseline,0,stopped,,,00018581,0001,8581,1,7,01 00 00 0F 03 81 85,0,OK
2026-09-30T13:08:46.553Z,8761.092,observer,RX,baseline,0,stopped,,,00118581,0011,8581,1,5,01 00 00 81 85,0,OK
2026-09-30T13:08:46.558Z,8765.855,observer,RX,baseline,0,stopped,,,0001D4AD,0001,D4AD,1,7,01 00 00 0F 03 AD D4,0,OK
2026-09-30T13:08:46.558Z,8766.088,observer,RX,baseline,0,stopped,,,0011D4AD,0011,D4AD,1,5,01 00 00 AD D4,0,OK
2026-09-30T13:08:46.563Z,8770.962,observer,RX,baseline,0,stopped,,,0001362C,0001,362C,1,7,01 00 00 0F 03 2C 36,0,OK
2026-09-30T13:08:46.563Z,8771.051,observer,RX,baseline,0,stopped,,,0011362C,0011,362C,1,5,01 00 00 2C 36,0,OK
2026-09-30T13:08:46.568Z,8775.949,observer,RX,baseline,0,stopped,,,00017305,0001,7305,1,7,01 00 00 0F 03 05 73,0,OK
2026-09-30T13:08:46.568Z,8776.081,observer,RX,baseline,0,stopped,,,00117305,0011,7305,1,5,01 00 00 05 73,0,OK
2026-09-30T13:08:46.573Z,8780.903,observer,RX,baseline,0,stopped,,,00013302,0001,3302,1,7,01 00 00 0F 03 02 33,0,OK
2026-09-30T13:08:46.573Z,8781.035,observer,RX,baseline,0,stopped,,,00113302,0011,3302,1,5,01 00 00 02 33,0,OK
2026-09-30T13:08:46.578Z,8785.972,observer,RX,baseline,0,stopped,,,00018854,0001,8854,1,7,01 00 00 0F 03 54 88,0,OK
2026-09-30T13:08:46.578Z,8786.056,observer,RX,baseline,0,stopped,,,00118854,0011,8854,1,5,01 00 00 54 88,0,OK
2026-09-30T13:08:46.582Z,8790.818,observer,RX,baseline,0,stopped,,,00015F08,0001,5F08,1,7,01 00 00 0F 03 08 5F,0,OK
2026-09-30T13:08:46.583Z,8791.077,observer,RX,baseline,0,stopped,,,00115F08,0011,5F08,1,5,01 00 00 08 5F,0,OK
2026-09-30T13:08:46.588Z,8795.937,observer,RX,baseline,0,stopped,,,00014DB1,0001,4DB1,1,7,01 00 00 0F 03 B1 4D,0,OK
2026-09-30T13:08:46.588Z,8796.04,observer,RX,baseline,0,stopped,,,00114DB1,0011,4DB1,1,5,01 00 00 B1 4D,0,OK
2026-09-30T13:08:46.593Z,8800.978,observer,RX,baseline,0,stopped,,,0001362F,0001,362F,1,7,01 00 00 0F 03 2F 36,0,OK
2026-09-30T13:08:46.593Z,8801.106,observer,RX,baseline,0,stopped,,,0011362F,0011,362F,1,5,01 00 00 2F 36,0,OK
2026-09-30T13:08:46.598Z,8806.001,observer,RX,baseline,0,stopped,,,000108FC,0001,08FC,1,7,01 00 00 0F 03 FC 08,0,OK
2026-09-30T13:08:46.598Z,8806.095,observer,RX,baseline,0,stopped,,,001108FC,0011,08FC,1,5,01 00 00 FC 08,0,OK
2026-09-30T13:08:46.603Z,8810.977,observer,RX,baseline,0,stopped,,,0001D97F,0001,D97F,1,7,01 00 00 0F 03 7F D9,0,OK
2026-09-30T13:08:46.603Z,8811.083,observer,RX,baseline,0,stopped,,,0011D97F,0011,D97F,1,5,01 00 00 7F D9,0,OK
2026-09-30T13:08:46.608Z,8815.943,observer,RX,baseline,0,stopped,,,0001FAA5,0001,FAA5,1,7,01 00 00 0F 03 A5 FA,0,OK
2026-09-30T13:08:46.608Z,8816.023,observer,RX,baseline,0,stopped,,,0011FAA5,0011,FAA5,1,5,01 00 00 A5 FA,0,OK
2026-09-30T13:08:46.613Z,8821.009,observer,RX,baseline,0,stopped,,,00016911,0001,6911,1,7,01 00 00 0F 03 11 69,0,OK
2026-09-30T13:08:46.613Z,8821.087,observer,RX,baseline,0,stopped,,,00116911,0011,6911,1,5,01 00 00 11 69,0,OK
2026-09-30T13:08:46.618Z,8825.946,observer,RX,baseline,0,stopped,,,00010467,0001,0467,1,7,01 00 00 0F 03 67 04,0,OK
2026-09-30T13:08:46.618Z,8826.035,observer,RX,baseline,0,stopped,,,00110467,0011,0467,1,5,01 00 00 67 04,0,OK
2026-09-30T13:08:46.623Z,8830.992,observer,RX,baseline,0,stopped,,,00015D28,0001,5D28,1,7,01 00 00 0F 03 28 5D,0,OK
2026-09-30T13:08:46.623Z,8831.072,observer,RX,baseline,0,stopped,,,00115D28,0011,5D28,1,5,01 00 00 28 5D,0,OK
2026-09-30T13:08:46.628Z,8835.959,observer,RX,baseline,0,stopped,,,000128FA,0001,28FA,1,7,01 00 00 0F 03 FA 28,0,OK
2026-09-30T13:08:46.628Z,8836.034,observer,RX,baseline,0,stopped,,,001128FA,0011,28FA,1,5,01 00 00 FA 28,0,OK
2026-09-30T13:08:46.633Z,8840.975,observer,RX,baseline,0,stopped,,,00015D76,0001,5D76,1,7,01 00 00 0F 03 76 5D,0,OK
2026-09-30T13:08:46.633Z,8841.064,observer,RX,baseline,0,stopped,,,00115D76,0011,5D76,1,5,01 00 00 76 5D,0,OK
2026-09-30T13:08:46.638Z,8845.939,observer,RX,baseline,0,stopped,,,00010D53,0001,0D53,1,7,01 00 00 0F 03 53 0D,0,OK
2026-09-30T13:08:46.638Z,8846.023,observer,RX,baseline,0,stopped,,,00110D53,0011,0D53,1,5,01 00 00 53 0D,0,OK
2026-09-30T13:08:46.643Z,8850.937,observer,RX,baseline,0,stopped,,,0001494B,0001,494B,1,7,01 00 00 0F 03 4B 49,0,OK
2026-09-30T13:08:46.643Z,8851.027,observer,RX,baseline,0,stopped,,,0011494B,0011,494B,1,5,01 00 00 4B 49,0,OK
2026-09-30T13:08:46.647Z,8855.791,observer,RX,baseline,0,stopped,,,00017EDD,0001,7EDD,1,7,01 00 00 0F 03 DD 7E,0,OK
2026-09-30T13:08:46.648Z,8856.082,observer,RX,baseline,0,stopped,,,00117EDD,0011,7EDD,1,5,01 00 00 DD 7E,0,OK
2026-09-30T13:08:46.652Z,8860.802,observer,RX,baseline,0,stopped,,,00010540,0001,0540,1,7,01 00 00 0F 03 40 05,0,OK
2026-09-30T13:08:46.653Z,8861.086,observer,RX,baseline,0,stopped,,,00110540,0011,0540,1,5,01 00 00 40 05,0,OK
2026-09-30T13:08:46.658Z,8865.974,observer,RX,baseline,0,stopped,,,00015ADD,0001,5ADD,1,7,01 00 00 0F 03 DD 5A,0,OK
2026-09-30T13:08:46.658Z,8866.067,observer,RX,baseline,0,stopped,,,00115ADD,0011,5ADD,1,5,01 00 00 DD 5A,0,OK
2026-09-30T13:08:46.662Z,8870.795,observer,RX,baseline,0,stopped,,,0001BA99,0001,BA99,1,7,01 00 00 0F 03 99 BA,0,OK
2026-09-30T13:08:46.663Z,8871.084,observer,RX,baseline,0,stopped,,,0011BA99,0011,BA99,1,5,01 00 00 99 BA,0,OK
2026-09-30T13:08:46.668Z,8875.972,observer,RX,baseline,0,stopped,,,0001BDD7,0001,BDD7,1,7,01 00 00 0F 03 D7 BD,0,OK
2026-09-30T13:08:46.668Z,8876.048,observer,RX,baseline,0,stopped,,,0011BDD7,0011,BDD7,1,5,01 00 00 D7 BD,0,OK
2026-09-30T13:08:46.673Z,8880.977,observer,RX,baseline,0,stopped,,,00012679,0001,2679,1,7,01 00 00 0F 03 79 26,0,OK
2026-09-30T13:08:46.673Z,8881.066,observer,RX,baseline,0,stopped,,,00112679,0011,2679,1,5,01 00 00 79 26,0,OK
2026-09-30T13:08:46.678Z,8885.938,observer,RX,baseline,0,stopped,,,0001AEAB,0001,AEAB,1,7,01 00 00 0F 03 AB AE,0,OK
2026-09-30T13:08:46.678Z,8886.042,observer,RX,baseline,0,stopped,,,0011AEAB,0011,AEAB,1,5,01 00 00 AB AE,0,OK
2026-09-30T13:08:46.682Z,8890.793,observer,RX,baseline,0,stopped,,,0001929D,0001,929D,1,7,01 00 00 0F 03 9D 92,0,OK
2026-09-30T13:08:46.683Z,8891.085,observer,RX,baseline,0,stopped,,,0011929D,0011,929D,1,5,01 00 00 9D 92,0,OK
2026-09-30T13:08:46.687Z,8895.798,observer,RX,baseline,0,stopped,,,000153CF,0001,53CF,1,7,01 00 00 0F 03 CF 53,0,OK
2026-09-30T13:08:46.688Z,8896.089,observer,RX,baseline,0,stopped,,,001153CF,0011,53CF,1,5,01 00 00 CF 53,0,OK
2026-09-30T13:08:46.692Z,8900.797,observer,RX,baseline,0,stopped,,,0001072D,0001,072D,1,7,01 00 00 0F 03 2D 07,0,OK
2026-09-30T13:08:46.693Z,8901.088,observer,RX,baseline,0,stopped,,,0011072D,0011,072D,1,5,01 00 00 2D 07,0,OK
2026-09-30T13:08:46.698Z,8905.934,observer,RX,baseline,0,stopped,,,00010DC7,0001,0DC7,1,7,01 00 00 0F 03 C7 0D,0,OK
2026-09-30T13:08:46.698Z,8906.04,observer,RX,baseline,0,stopped,,,00110DC7,0011,0DC7,1,5,01 00 00 C7 0D,0,OK
2026-09-30T13:08:46.703Z,8910.94,observer,RX,baseline,0,stopped,,,00018CF4,0001,8CF4,1,7,01 00 00 0F 03 F4 8C,0,OK
2026-09-30T13:08:46.703Z,8911.027,observer,RX,baseline,0,stopped,,,00118CF4,0011,8CF4,1,5,01 00 00 F4 8C,0,OK
2026-09-30T13:08:46.708Z,8915.978,observer,RX,baseline,0,stopped,,,00015CCF,0001,5CCF,1,7,01 00 00 0F 03 CF 5C,0,OK
2026-09-30T13:08:46.708Z,8916.085,observer,RX,baseline,0,stopped,,,00115CCF,0011,5CCF,1,5,01 00 00 CF 5C,0,OK
2026-09-30T13:08:46.713Z,8920.936,observer,RX,baseline,0,stopped,,,0001E0F7,0001,E0F7,1,7,01 00 00 0F 03 F7 E0,0,OK
2026-09-30T13:08:46.713Z,8921.041,observer,RX,baseline,0,stopped,,,0011E0F7,0011,E0F7,1,5,01 00 00 F7 E0,0,OK
2026-09-30T13:08:46.718Z,8925.978,observer,RX,baseline,0,stopped,,,0001A84C,0001,A84C,1,7,01 00 00 0F 03 4C A8,0,OK
2026-09-30T13:08:46.718Z,8926.069,observer,RX,baseline,0,stopped,,,0011A84C,0011,A84C,1,5,01 00 00 4C A8,0,OK
2026-09-30T13:08:46.723Z,8930.936,observer,RX,baseline,0,stopped,,,00015A3E,0001,5A3E,1,7,01 00 00 0F 03 3E 5A,0,OK
2026-09-30T13:08:46.723Z,8931.041,observer,RX,baseline,0,stopped,,,00115A3E,0011,5A3E,1,5,01 00 00 3E 5A,0,OK
2026-09-30T13:08:46.727Z,8935.82,observer,RX,baseline,0,stopped,,,00014188,0001,4188,1,7,01 00 00 0F 03 88 41,0,OK
2026-09-30T13:08:46.728Z,8936.092,observer,RX,baseline,0,stopped,,,00114188,0011,4188,1,5,01 00 00 88 41,0,OK
2026-09-30T13:08:46.733Z,8940.852,observer,RX,baseline,0,stopped,,,00019057,0001,9057,1,7,01 00 00 0F 03 57 90,0,OK
2026-09-30T13:08:46.733Z,8941.085,observer,RX,baseline,0,stopped,,,00119057,0011,9057,1,5,01 00 00 57 90,0,OK
2026-09-30T13:08:46.738Z,8945.98,observer,RX,baseline,0,stopped,,,000197C3,0001,97C3,1,7,01 00 00 0F 03 C3 97,0,OK
2026-09-30T13:08:46.738Z,8946.087,observer,RX,baseline,0,stopped,,,001197C3,0011,97C3,1,5,01 00 00 C3 97,0,OK
2026-09-30T13:08:46.743Z,8950.941,observer,RX,baseline,0,stopped,,,000198D2,0001,98D2,1,7,01 00 00 0F 03 D2 98,0,OK
2026-09-30T13:08:46.743Z,8951.026,observer,RX,baseline,0,stopped,,,001198D2,0011,98D2,1,5,01 00 00 D2 98,0,OK
2026-09-30T13:08:46.747Z,8955.796,observer,RX,baseline,0,stopped,,,0001CA96,0001,CA96,1,7,01 00 00 0F 03 96 CA,0,OK
2026-09-30T13:08:46.748Z,8956.089,observer,RX,baseline,0,stopped,,,0011CA96,0011,CA96,1,5,01 00 00 96 CA,0,OK
2026-09-30T13:08:46.752Z,8960.796,observer,RX,baseline,0,stopped,,,000113C9,0001,13C9,1,7,01 00 00 0F 03 C9 13,0,OK
2026-09-30T13:08:46.753Z,8961.088,observer,RX,baseline,0,stopped,,,001113C9,0011,13C9,1,5,01 00 00 C9 13,0,OK
2026-09-30T13:08:46.758Z,8965.936,observer,RX,baseline,0,stopped,,,0001AC4A,0001,AC4A,1,7,01 00 00 0F 03 4A AC,0,OK
2026-09-30T13:08:46.758Z,8966.025,observer,RX,baseline,0,stopped,,,0011AC4A,0011,AC4A,1,5,01 00 00 4A AC,0,OK
2026-09-30T13:08:46.763Z,8970.935,observer,RX,baseline,0,stopped,,,00010334,0001,0334,1,7,01 00 00 0F 03 34 03,0,OK
2026-09-30T13:08:46.763Z,8971.039,observer,RX,baseline,0,stopped,,,00110334,0011,0334,1,5,01 00 00 34 03,0,OK
2026-09-30T13:08:46.768Z,8975.938,observer,RX,baseline,0,stopped,,,00018883,0001,8883,1,7,01 00 00 0F 03 83 88,0,OK
2026-09-30T13:08:46.768Z,8976.096,observer,RX,baseline,0,stopped,,,00118883,0011,8883,1,5,01 00 00 83 88,0,OK
2026-09-30T13:08:46.773Z,8980.947,observer,RX,baseline,0,stopped,,,00010A96,0001,0A96,1,7,01 00 00 0F 03 96 0A,0,OK
2026-09-30T13:08:46.773Z,8981.022,observer,RX,baseline,0,stopped,,,00110A96,0011,0A96,1,5,01 00 00 96 0A,0,OK
2026-09-30T13:08:46.778Z,8985.943,observer,RX,baseline,0,stopped,,,00015878,0001,5878,1,7,01 00 00 0F 03 78 58,0,OK
2026-09-30T13:08:46.778Z,8986.019,observer,RX,baseline,0,stopped,,,00115878,0011,5878,1,5,01 00 00 78 58,0,OK
2026-09-30T13:08:46.782Z,8990.771,observer,RX,baseline,0,stopped,,,00015C47,0001,5C47,1,7,01 00 00 0F 03 47 5C,0,OK
2026-09-30T13:08:46.783Z,8991.088,observer,RX,baseline,0,stopped,,,00115C47,0011,5C47,1,5,01 00 00 47 5C,0,OK
2026-09-30T13:08:46.787Z,8995.767,observer,RX,baseline,0,stopped,,,0001308D,0001,308D,1,7,01 00 00 0F 03 8D 30,0,OK
2026-09-30T13:08:46.788Z,8996.092,observer,RX,baseline,0,stopped,,,0011308D,0011,308D,1,5,01 00 00 8D 30,0,OK
2026-09-30T13:08:46.793Z,9000.936,observer,RX,baseline,0,stopped,,,00016F68,0001,6F68,1,7,01 00 00 0F 03 68 6F,0,OK
2026-09-30T13:08:46.793Z,9001.095,observer,RX,baseline,0,stopped,,,00116F68,0011,6F68,1,5,01 00 00 68 6F,0,OK
2026-09-30T13:08:46.798Z,9005.938,observer,RX,baseline,0,stopped,,,00015C03,0001,5C03,1,7,01 00 00 0F 03 03 5C,0,OK
2026-09-30T13:08:46.798Z,9006.03,observer,RX,baseline,0,stopped,,,00115C03,0011,5C03,1,5,01 00 00 03 5C,0,OK
2026-09-30T13:08:46.803Z,9010.907,observer,RX,baseline,0,stopped,,,0001A141,0001,A141,1,7,01 00 00 0F 03 41 A1,0,OK
2026-09-30T13:08:46.803Z,9011.132,observer,RX,baseline,0,stopped,,,0011A141,0011,A141,1,5,01 00 00 41 A1,0,OK
2026-09-30T13:08:46.808Z,9015.939,observer,RX,baseline,0,stopped,,,0001D227,0001,D227,1,7,01 00 00 0F 03 27 D2,0,OK
2026-09-30T13:08:46.808Z,9016.043,observer,RX,baseline,0,stopped,,,0011D227,0011,D227,1,5,01 00 00 27 D2,0,OK
2026-09-30T13:08:46.813Z,9020.935,observer,RX,baseline,0,stopped,,,0001FA9E,0001,FA9E,1,7,01 00 00 0F 03 9E FA,0,OK
2026-09-30T13:08:46.813Z,9021.043,observer,RX,baseline,0,stopped,,,0011FA9E,0011,FA9E,1,5,01 00 00 9E FA,0,OK
2026-09-30T13:08:46.818Z,9025.943,observer,RX,baseline,0,stopped,,,0001B11E,0001,B11E,1,7,01 00 00 0F 03 1E B1,0,OK
2026-09-30T13:08:46.818Z,9026.03,observer,RX,baseline,0,stopped,,,0011B11E,0011,B11E,1,5,01 00 00 1E B1,0,OK
2026-09-30T13:08:46.823Z,9030.91,observer,RX,baseline,0,stopped,,,0001FD61,0001,FD61,1,7,01 00 00 0F 03 61 FD,0,OK
2026-09-30T13:08:46.823Z,9030.986,observer,RX,baseline,0,stopped,,,0011FD61,0011,FD61,1,5,01 00 00 61 FD,0,OK
2026-09-30T13:08:46.828Z,9035.942,observer,RX,baseline,0,stopped,,,0001393F,0001,393F,1,7,01 00 00 0F 03 3F 39,0,OK
2026-09-30T13:08:46.828Z,9036.068,observer,RX,baseline,0,stopped,,,0011393F,0011,393F,1,5,01 00 00 3F 39,0,OK
2026-09-30T13:08:46.833Z,9040.915,observer,RX,baseline,0,stopped,,,0001D464,0001,D464,1,7,01 00 00 0F 03 64 D4,0,OK
2026-09-30T13:08:46.833Z,9041.075,observer,RX,baseline,0,stopped,,,0011D464,0011,D464,1,5,01 00 00 64 D4,0,OK
2026-09-30T13:08:46.838Z,9045.891,observer,RX,baseline,0,stopped,,,000144A2,0001,44A2,1,7,01 00 00 0F 03 A2 44,0,OK
2026-09-30T13:08:46.838Z,9045.979,observer,RX,baseline,0,stopped,,,001144A2,0011,44A2,1,5,01 00 00 A2 44,0,OK
2026-09-30T13:08:46.842Z,9050.805,observer,RX,baseline,0,stopped,,,0001F362,0001,F362,1,7,01 00 00 0F 03 62 F3,0,OK
2026-09-30T13:08:46.843Z,9051.085,observer,RX,baseline,0,stopped,,,0011F362,0011,F362,1,5,01 00 00 62 F3,0,OK
2026-09-30T13:08:46.847Z,9055.794,observer,RX,baseline,0,stopped,,,00013944,0001,3944,1,7,01 00 00 0F 03 44 39,0,OK
2026-09-30T13:08:46.848Z,9056.084,observer,RX,baseline,0,stopped,,,00113944,0011,3944,1,5,01 00 00 44 39,0,OK
2026-09-30T13:08:46.852Z,9060.79,observer,RX,baseline,0,stopped,,,00011E80,0001,1E80,1,7,01 00 00 0F 03 80 1E,0,OK
2026-09-30T13:08:46.853Z,9061.091,observer,RX,baseline,0,stopped,,,00111E80,0011,1E80,1,5,01 00 00 80 1E,0,OK
2026-09-30T13:08:46.858Z,9065.939,observer,RX,baseline,0,stopped,,,0001E0F3,0001,E0F3,1,7,01 00 00 0F 03 F3 E0,0,OK
2026-09-30T13:08:46.858Z,9066.041,observer,RX,baseline,0,stopped,,,0011E0F3,0011,E0F3,1,5,01 00 00 F3 E0,0,OK
2026-09-30T13:08:46.863Z,9070.884,observer,RX,baseline,0,stopped,,,000154AE,0001,54AE,1,7,01 00 00 0F 03 AE 54,0,OK
2026-09-30T13:08:46.863Z,9071.087,observer,RX,baseline,0,stopped,,,001154AE,0011,54AE,1,5,01 00 00 AE 54,0,OK
2026-09-30T13:08:46.868Z,9075.867,observer,RX,baseline,0,stopped,,,0001F8E5,0001,F8E5,1,7,01 00 00 0F 03 E5 F8,0,OK
2026-09-30T13:08:46.868Z,9076.036,observer,RX,baseline,0,stopped,,,0011F8E5,0011,F8E5,1,5,01 00 00 E5 F8,0,OK
2026-09-30T13:08:46.873Z,9080.883,observer,RX,baseline,0,stopped,,,000165ED,0001,65ED,1,7,01 00 00 0F 03 ED 65,0,OK
2026-09-30T13:08:46.873Z,9080.99,observer,RX,baseline,0,stopped,,,001165ED,0011,65ED,1,5,01 00 00 ED 65,0,OK
2026-09-30T13:08:46.878Z,9085.912,observer,RX,baseline,0,stopped,,,0001E3A0,0001,E3A0,1,7,01 00 00 0F 03 A0 E3,0,OK
2026-09-30T13:08:46.878Z,9085.987,observer,RX,baseline,0,stopped,,,0011E3A0,0011,E3A0,1,5,01 00 00 A0 E3,0,OK
2026-09-30T13:08:46.882Z,9090.772,observer,RX,baseline,0,stopped,,,00016A51,0001,6A51,1,7,01 00 00 0F 03 51 6A,0,OK
2026-09-30T13:08:46.883Z,9091.036,observer,RX,baseline,0,stopped,,,00116A51,0011,6A51,1,5,01 00 00 51 6A,0,OK
2026-09-30T13:08:46.887Z,9095.77,observer,RX,baseline,0,stopped,,,00014A9A,0001,4A9A,1,7,01 00 00 0F 03 9A 4A,0,OK
2026-09-30T13:08:46.888Z,9096.039,observer,RX,baseline,0,stopped,,,00114A9A,0011,4A9A,1,5,01 00 00 9A 4A,0,OK
2026-09-30T13:08:46.893Z,9100.961,observer,RX,baseline,0,stopped,,,00015C29,0001,5C29,1,7,01 00 00 0F 03 29 5C,0,OK
2026-09-30T13:08:46.893Z,9101.073,observer,RX,baseline,0,stopped,,,00115C29,0011,5C29,1,5,01 00 00 29 5C,0,OK
2026-09-30T13:08:46.898Z,9105.938,observer,RX,baseline,0,stopped,,,00011DC7,0001,1DC7,1,7,01 00 00 0F 03 C7 1D,0,OK
2026-09-30T13:08:46.898Z,9106.022,observer,RX,baseline,0,stopped,,,00111DC7,0011,1DC7,1,5,01 00 00 C7 1D,0,OK
2026-09-30T13:08:46.903Z,9110.959,observer,RX,baseline,0,stopped,,,0001EFB3,0001,EFB3,1,7,01 00 00 0F 03 B3 EF,0,OK
2026-09-30T13:08:46.903Z,9111.05,observer,RX,baseline,0,stopped,,,0011EFB3,0011,EFB3,1,5,01 00 00 B3 EF,0,OK
2026-09-30T13:08:46.908Z,9115.945,observer,RX,baseline,0,stopped,,,0001EDE4,0001,EDE4,1,7,01 00 00 0F 03 E4 ED,0,OK
2026-09-30T13:08:46.908Z,9116.034,observer,RX,baseline,0,stopped,,,0011EDE4,0011,EDE4,1,5,01 00 00 E4 ED,0,OK
2026-09-30T13:08:46.913Z,9120.914,observer,RX,baseline,0,stopped,,,0001584E,0001,584E,1,7,01 00 00 0F 03 4E 58,0,OK
2026-09-30T13:08:46.913Z,9121.085,observer,RX,baseline,0,stopped,,,0011584E,0011,584E,1,5,01 00 00 4E 58,0,OK
2026-09-30T13:08:46.918Z,9125.911,observer,RX,baseline,0,stopped,,,0001A33E,0001,A33E,1,7,01 00 00 0F 03 3E A3,0,OK
2026-09-30T13:08:46.918Z,9125.986,observer,RX,baseline,0,stopped,,,0011A33E,0011,A33E,1,5,01 00 00 3E A3,0,OK
2026-09-30T13:08:46.923Z,9130.95,observer,RX,baseline,0,stopped,,,00012704,0001,2704,1,7,01 00 00 0F 03 04 27,0,OK
2026-09-30T13:08:46.923Z,9131.059,observer,RX,baseline,0,stopped,,,00112704,0011,2704,1,5,01 00 00 04 27,0,OK
2026-09-30T13:08:46.928Z,9135.906,observer,RX,baseline,0,stopped,,,0001F552,0001,F552,1,7,01 00 00 0F 03 52 F5,0,OK
2026-09-30T13:08:46.928Z,9136.025,observer,RX,baseline,0,stopped,,,0011F552,0011,F552,1,5,01 00 00 52 F5,0,OK
2026-09-30T13:08:46.933Z,9140.968,observer,RX,baseline,0,stopped,,,0001DFE2,0001,DFE2,1,7,01 00 00 0F 03 E2 DF,0,OK
2026-09-30T13:08:46.933Z,9141.075,observer,RX,baseline,0,stopped,,,0011DFE2,0011,DFE2,1,5,01 00 00 E2 DF,0,OK
2026-09-30T13:08:46.938Z,9145.912,observer,RX,baseline,0,stopped,,,00019071,0001,9071,1,7,01 00 00 0F 03 71 90,0,OK
2026-09-30T13:08:46.938Z,9146.08,observer,RX,baseline,0,stopped,,,00119071,0011,9071,1,5,01 00 00 71 90,0,OK
2026-09-30T13:08:46.942Z,9150.767,observer,RX,baseline,0,stopped,,,0001FB75,0001,FB75,1,7,01 00 00 0F 03 75 FB,0,OK
2026-09-30T13:08:46.943Z,9151.084,observer,RX,baseline,0,stopped,,,0011FB75,0011,FB75,1,5,01 00 00 75 FB,0,OK
2026-09-30T13:08:46.947Z,9155.767,observer,RX,baseline,0,stopped,,,0001094A,0001,094A,1,7,01 00 00 0F 03 4A 09,0,OK
2026-09-30T13:08:46.948Z,9156.036,observer,RX,baseline,0,stopped,,,0011094A,0011,094A,1,5,01 00 00 4A 09,0,OK
2026-09-30T13:08:46.952Z,9160.747,observer,RX,baseline,0,stopped,,,00012F6D,0001,2F6D,1,7,01 00 00 0F 03 6D 2F,0,OK
2026-09-30T13:08:46.953Z,9161.04,observer,RX,baseline,0,stopped,,,00112F6D,0011,2F6D,1,5,01 00 00 6D 2F,0,OK
2026-09-30T13:08:46.958Z,9165.883,observer,RX,baseline,0,stopped,,,0001E70C,0001,E70C,1,7,01 00 00 0F 03 0C E7,0,OK
2026-09-30T13:08:46.958Z,9165.979,observer,RX,baseline,0,stopped,,,0011E70C,0011,E70C,1,5,01 00 00 0C E7,0,OK
2026-09-30T13:08:46.963Z,9170.854,observer,RX,baseline,0,stopped,,,0001F52B,0001,F52B,1,7,01 00 00 0F 03 2B F5,0,OK
2026-09-30T13:08:46.963Z,9171.041,observer,RX,baseline,0,stopped,,,0011F52B,0011,F52B,1,5,01 00 00 2B F5,0,OK
2026-09-30T13:08:46.968Z,9175.871,observer,RX,baseline,0,stopped,,,0001B383,0001,B383,1,7,01 00 00 0F 03 83 B3,0,OK
2026-09-30T13:08:46.968Z,9175.999,observer,RX,baseline,0,stopped,,,0011B383,0011,B383,1,5,01 00 00 83 B3,0,OK
2026-09-30T13:08:46.973Z,9180.869,observer,RX,baseline,0,stopped,,,0001E6CE,0001,E6CE,1,7,01 00 00 0F 03 CE E6,0,OK
2026-09-30T13:08:46.973Z,9181.088,observer,RX,baseline,0,stopped,,,0011E6CE,0011,E6CE,1,5,01 00 00 CE E6,0,OK
2026-09-30T13:08:46.978Z,9185.88,observer,RX,baseline,0,stopped,,,00015158,0001,5158,1,7,01 00 00 0F 03 58 51,0,OK
2026-09-30T13:08:46.978Z,9186.03,observer,RX,baseline,0,stopped,,,00115158,0011,5158,1,5,01 00 00 58 51,0,OK
2026-09-30T13:08:46.983Z,9190.911,observer,RX,baseline,0,stopped,,,000166F4,0001,66F4,1,7,01 00 00 0F 03 F4 66,0,OK
2026-09-30T13:08:46.983Z,9190.987,observer,RX,baseline,0,stopped,,,001166F4,0011,66F4,1,5,01 00 00 F4 66,0,OK
2026-09-30T13:08:46.988Z,9195.911,observer,RX,baseline,0,stopped,,,0001B354,0001,B354,1,7,01 00 00 0F 03 54 B3,0,OK
2026-09-30T13:08:46.988Z,9195.987,observer,RX,baseline,0,stopped,,,0011B354,0011,B354,1,5,01 00 00 54 B3,0,OK
2026-09-30T13:08:46.992Z,9200.772,observer,RX,baseline,0,stopped,,,0001854C,0001,854C,1,7,01 00 00 0F 03 4C 85,0,OK
2026-09-30T13:08:46.993Z,9201.089,observer,RX,baseline,0,stopped,,,0011854C,0011,854C,1,5,01 00 00 4C 85,0,OK
2026-09-30T13:08:46.997Z,9205.758,observer,RX,baseline,0,stopped,,,0001FC65,0001,FC65,1,7,01 00 00 0F 03 65 FC,0,OK
2026-09-30T13:08:46.998Z,9206.038,observer,RX,baseline,0,stopped,,,0011FC65,0011,FC65,1,5,01 00 00 65 FC,0,OK
2026-09-30T13:08:47.002Z,9210.757,observer,RX,baseline,0,stopped,,,00015DB6,0001,5DB6,1,7,01 00 00 0F 03 B6 5D,0,OK
2026-09-30T13:08:47.003Z,9211.036,observer,RX,baseline,0,stopped,,,00115DB6,0011,5DB6,1,5,01 00 00 B6 5D,0,OK
2026-09-30T13:08:47.007Z,9215.768,observer,RX,baseline,0,stopped,,,000156AF,0001,56AF,1,7,01 00 00 0F 03 AF 56,0,OK
2026-09-30T13:08:47.008Z,9216.038,observer,RX,baseline,0,stopped,,,001156AF,0011,56AF,1,5,01 00 00 AF 56,0,OK
2026-09-30T13:08:47.012Z,9220.768,observer,RX,baseline,0,stopped,,,0001F56E,0001,F56E,1,7,01 00 00 0F 03 6E F5,0,OK
2026-09-30T13:08:47.013Z,9221.031,observer,RX,baseline,0,stopped,,,0011F56E,0011,F56E,1,5,01 00 00 6E F5,0,OK
2026-09-30T13:08:47.017Z,9225.796,observer,RX,baseline,0,stopped,,,000164EB,0001,64EB,1,7,01 00 00 0F 03 EB 64,0,OK
2026-09-30T13:08:47.018Z,9226.037,observer,RX,baseline,0,stopped,,,001164EB,0011,64EB,1,5,01 00 00 EB 64,0,OK
2026-09-30T13:08:47.022Z,9230.74,observer,RX,baseline,0,stopped,,,0001CDAA,0001,CDAA,1,7,01 00 00 0F 03 AA CD,0,OK
2026-09-30T13:08:47.023Z,9231.031,observer,RX,baseline,0,stopped,,,0011CDAA,0011,CDAA,1,5,01 00 00 AA CD,0,OK
2026-09-30T13:08:47.027Z,9235.748,observer,RX,baseline,0,stopped,,,0001BBEA,0001,BBEA,1,7,01 00 00 0F 03 EA BB,0,OK
2026-09-30T13:08:47.028Z,9236.037,observer,RX,baseline,0,stopped,,,0011BBEA,0011,BBEA,1,5,01 00 00 EA BB,0,OK
2026-09-30T13:08:47.032Z,9240.749,observer,RX,baseline,0,stopped,,,00012C8B,0001,2C8B,1,7,01 00 00 0F 03 8B 2C,0,OK
2026-09-30T13:08:47.033Z,9241.04,observer,RX,baseline,0,stopped,,,00112C8B,0011,2C8B,1,5,01 00 00 8B 2C,0,OK
2026-09-30T13:08:47.037Z,9245.764,observer,RX,baseline,0,stopped,,,000122F0,0001,22F0,1,7,01 00 00 0F 03 F0 22,0,OK
2026-09-30T13:08:47.038Z,9246.035,observer,RX,baseline,0,stopped,,,001122F0,0011,22F0,1,5,01 00 00 F0 22,0,OK
2026-09-30T13:08:47.043Z,9250.908,observer,RX,baseline,0,stopped,,,00018D4D,0001,8D4D,1,7,01 00 00 0F 03 4D 8D,0,OK
2026-09-30T13:08:47.043Z,9251.016,observer,RX,baseline,0,stopped,,,00118D4D,0011,8D4D,1,5,01 00 00 4D 8D,0,OK
2026-09-30T13:08:47.048Z,9255.916,observer,RX,baseline,0,stopped,,,00012443,0001,2443,1,7,01 00 00 0F 03 43 24,0,OK
2026-09-30T13:08:47.048Z,9255.991,observer,RX,baseline,0,stopped,,,00112443,0011,2443,1,5,01 00 00 43 24,0,OK
2026-09-30T13:08:47.053Z,9260.909,observer,RX,baseline,0,stopped,,,0001B620,0001,B620,1,7,01 00 00 0F 03 20 B6,0,OK
2026-09-30T13:08:47.053Z,9261.005,observer,RX,baseline,0,stopped,,,0011B620,0011,B620,1,5,01 00 00 20 B6,0,OK
2026-09-30T13:08:47.057Z,9265.767,observer,RX,baseline,0,stopped,,,0001C029,0001,C029,1,7,01 00 00 0F 03 29 C0,0,OK
2026-09-30T13:08:47.058Z,9266.037,observer,RX,baseline,0,stopped,,,0011C029,0011,C029,1,5,01 00 00 29 C0,0,OK
2026-09-30T13:08:47.062Z,9270.757,observer,RX,baseline,0,stopped,,,00017611,0001,7611,1,7,01 00 00 0F 03 11 76,0,OK
2026-09-30T13:08:47.063Z,9271.038,observer,RX,baseline,0,stopped,,,00117611,0011,7611,1,5,01 00 00 11 76,0,OK
2026-09-30T13:08:47.067Z,9275.746,observer,RX,baseline,0,stopped,,,00015F21,0001,5F21,1,7,01 00 00 0F 03 21 5F,0,OK
2026-09-30T13:08:47.068Z,9276.037,observer,RX,baseline,0,stopped,,,00115F21,0011,5F21,1,5,01 00 00 21 5F,0,OK
2026-09-30T13:08:47.072Z,9280.755,observer,RX,baseline,0,stopped,,,000136E4,0001,36E4,1,7,01 00 00 0F 03 E4 36,0,OK
2026-09-30T13:08:47.073Z,9281.033,observer,RX,baseline,0,stopped,,,001136E4,0011,36E4,1,5,01 00 00 E4 36,0,OK
2026-09-30T13:08:47.077Z,9285.77,observer,RX,baseline,0,stopped,,,00018520,0001,8520,1,7,01 00 00 0F 03 20 85,0,OK
2026-09-30T13:08:47.078Z,9286.038,observer,RX,baseline,0,stopped,,,00118520,0011,8520,1,5,01 00 00 20 85,0,OK
2026-09-30T13:08:47.083Z,9290.86,observer,RX,baseline,0,stopped,,,000162D5,0001,62D5,1,7,01 00 00 0F 03 D5 62,0,OK
2026-09-30T13:08:47.083Z,9291.035,observer,RX,baseline,0,stopped,,,001162D5,0011,62D5,1,5,01 00 00 D5 62,0,OK
2026-09-30T13:08:47.088Z,9295.885,observer,RX,baseline,0,stopped,,,0001E61B,0001,E61B,1,7,01 00 00 0F 03 1B E6,0,OK
2026-09-30T13:08:47.088Z,9295.977,observer,RX,baseline,0,stopped,,,0011E61B,0011,E61B,1,5,01 00 00 1B E6,0,OK
2026-09-30T13:08:47.092Z,9300.763,observer,RX,baseline,0,stopped,,,0001079C,0001,079C,1,7,01 00 00 0F 03 9C 07,0,OK
2026-09-30T13:08:47.093Z,9301.036,observer,RX,baseline,0,stopped,,,0011079C,0011,079C,1,5,01 00 00 9C 07,0,OK
2026-09-30T13:08:47.098Z,9305.875,observer,RX,baseline,0,stopped,,,0001491A,0001,491A,1,7,01 00 00 0F 03 1A 49,0,OK
2026-09-30T13:08:47.098Z,9305.983,observer,RX,baseline,0,stopped,,,0011491A,0011,491A,1,5,01 00 00 1A 49,0,OK
2026-09-30T13:08:47.102Z,9310.804,observer,RX,baseline,0,stopped,,,0001501A,0001,501A,1,7,01 00 00 0F 03 1A 50,0,OK
2026-09-30T13:08:47.103Z,9311.035,observer,RX,baseline,0,stopped,,,0011501A,0011,501A,1,5,01 00 00 1A 50,0,OK
2026-09-30T13:08:47.107Z,9315.81,observer,RX,baseline,0,stopped,,,000159B9,0001,59B9,1,7,01 00 00 0F 03 B9 59,0,OK
2026-09-30T13:08:47.108Z,9316.039,observer,RX,baseline,0,stopped,,,001159B9,0011,59B9,1,5,01 00 00 B9 59,0,OK
2026-09-30T13:08:47.112Z,9320.8,observer,RX,baseline,0,stopped,,,0001CBAE,0001,CBAE,1,7,01 00 00 0F 03 AE CB,0,OK
2026-09-30T13:08:47.113Z,9321.039,observer,RX,baseline,0,stopped,,,0011CBAE,0011,CBAE,1,5,01 00 00 AE CB,0,OK
2026-09-30T13:08:47.118Z,9325.822,observer,RX,baseline,0,stopped,,,000144B5,0001,44B5,1,7,01 00 00 0F 03 B5 44,0,OK
2026-09-30T13:08:47.118Z,9326.037,observer,RX,baseline,0,stopped,,,001144B5,0011,44B5,1,5,01 00 00 B5 44,0,OK
2026-09-30T13:08:47.122Z,9330.804,observer,RX,baseline,0,stopped,,,00016DF2,0001,6DF2,1,7,01 00 00 0F 03 F2 6D,0,OK
2026-09-30T13:08:47.123Z,9331.037,observer,RX,baseline,0,stopped,,,00116DF2,0011,6DF2,1,5,01 00 00 F2 6D,0,OK
2026-09-30T13:08:47.128Z,9335.864,observer,RX,baseline,0,stopped,,,0001BAFB,0001,BAFB,1,7,01 00 00 0F 03 FB BA,0,OK
2026-09-30T13:08:47.128Z,9336.03,observer,RX,baseline,0,stopped,,,0011BAFB,0011,BAFB,1,5,01 00 00 FB BA,0,OK
2026-09-30T13:08:47.133Z,9340.844,observer,RX,baseline,0,stopped,,,0001F376,0001,F376,1,7,01 00 00 0F 03 76 F3,0,OK
2026-09-30T13:08:47.133Z,9341.037,observer,RX,baseline,0,stopped,,,0011F376,0011,F376,1,5,01 00 00 76 F3,0,OK
2026-09-30T13:08:47.138Z,9345.866,observer,RX,baseline,0,stopped,,,0001DF53,0001,DF53,1,7,01 00 00 0F 03 53 DF,0,OK
2026-09-30T13:08:47.138Z,9346.034,observer,RX,baseline,0,stopped,,,0011DF53,0011,DF53,1,5,01 00 00 53 DF,0,OK
2026-09-30T13:08:47.143Z,9350.886,observer,RX,baseline,0,stopped,,,000117B7,0001,17B7,1,7,01 00 00 0F 03 B7 17,0,OK
2026-09-30T13:08:47.143Z,9350.99,observer,RX,baseline,0,stopped,,,001117B7,0011,17B7,1,5,01 00 00 B7 17,0,OK
2026-09-30T13:08:47.147Z,9355.807,observer,RX,baseline,0,stopped,,,0001C59D,0001,C59D,1,7,01 00 00 0F 03 9D C5,0,OK
2026-09-30T13:08:47.148Z,9356.036,observer,RX,baseline,0,stopped,,,0011C59D,0011,C59D,1,5,01 00 00 9D C5,0,OK
2026-09-30T13:08:47.153Z,9360.885,observer,RX,baseline,0,stopped,,,0001525B,0001,525B,1,7,01 00 00 0F 03 5B 52,0,OK
2026-09-30T13:08:47.153Z,9360.977,observer,RX,baseline,0,stopped,,,0011525B,0011,525B,1,5,01 00 00 5B 52,0,OK
2026-09-30T13:08:47.158Z,9365.859,observer,RX,baseline,0,stopped,,,0001733A,0001,733A,1,7,01 00 00 0F 03 3A 73,0,OK
2026-09-30T13:08:47.158Z,9366.038,observer,RX,baseline,0,stopped,,,0011733A,0011,733A,1,5,01 00 00 3A 73,0,OK
2026-09-30T13:08:47.163Z,9370.876,observer,RX,baseline,0,stopped,,,0001F180,0001,F180,1,7,01 00 00 0F 03 80 F1,0,OK
2026-09-30T13:08:47.163Z,9371.032,observer,RX,baseline,0,stopped,,,0011F180,0011,F180,1,5,01 00 00 80 F1,0,OK
2026-09-30T13:08:47.168Z,9375.896,observer,RX,baseline,0,stopped,,,00013F17,0001,3F17,1,7,01 00 00 0F 03 17 3F,0,OK
2026-09-30T13:08:47.168Z,9376.004,observer,RX,baseline,0,stopped,,,00113F17,0011,3F17,1,5,01 00 00 17 3F,0,OK
2026-09-30T13:08:47.173Z,9380.914,observer,RX,baseline,0,stopped,,,0001B09F,0001,B09F,1,7,01 00 00 0F 03 9F B0,0,OK
2026-09-30T13:08:47.173Z,9380.99,observer,RX,baseline,0,stopped,,,0011B09F,0011,B09F,1,5,01 00 00 9F B0,0,OK
2026-09-30T13:08:47.178Z,9385.886,observer,RX,baseline,0,stopped,,,00013876,0001,3876,1,7,01 00 00 0F 03 76 38,0,OK
2026-09-30T13:08:47.178Z,9385.996,observer,RX,baseline,0,stopped,,,00113876,0011,3876,1,5,01 00 00 76 38,0,OK
2026-09-30T13:08:47.182Z,9390.746,observer,RX,baseline,0,stopped,,,00011352,0001,1352,1,7,01 00 00 0F 03 52 13,0,OK
2026-09-30T13:08:47.183Z,9391.04,observer,RX,baseline,0,stopped,,,00111352,0011,1352,1,5,01 00 00 52 13,0,OK
2026-09-30T13:08:47.188Z,9395.885,observer,RX,baseline,0,stopped,,,00013E66,0001,3E66,1,7,01 00 00 0F 03 66 3E,0,OK
2026-09-30T13:08:47.188Z,9395.987,observer,RX,baseline,0,stopped,,,00113E66,0011,3E66,1,5,01 00 00 66 3E,0,OK
2026-09-30T13:08:47.192Z,9400.744,observer,RX,baseline,0,stopped,,,000160FA,0001,60FA,1,7,01 00 00 0F 03 FA 60,0,OK
2026-09-30T13:08:47.193Z,9401.039,observer,RX,baseline,0,stopped,,,001160FA,0011,60FA,1,5,01 00 00 FA 60,0,OK
2026-09-30T13:08:47.198Z,9405.924,observer,RX,baseline,0,stopped,,,00010685,0001,0685,1,7,01 00 00 0F 03 85 06,0,OK
2026-09-30T13:08:47.198Z,9406.016,observer,RX,baseline,0,stopped,,,00110685,0011,0685,1,5,01 00 00 85 06,0,OK
2026-09-30T13:08:47.203Z,9410.921,observer,RX,baseline,0,stopped,,,0001E218,0001,E218,1,7,01 00 00 0F 03 18 E2,0,OK
2026-09-30T13:08:47.203Z,9411.028,observer,RX,baseline,0,stopped,,,0011E218,0011,E218,1,5,01 00 00 18 E2,0,OK
2026-09-30T13:08:47.208Z,9415.92,observer,RX,baseline,0,stopped,,,00017C8C,0001,7C8C,1,7,01 00 00 0F 03 8C 7C,0,OK
2026-09-30T13:08:47.208Z,9416.008,observer,RX,baseline,0,stopped,,,00117C8C,0011,7C8C,1,5,01 00 00 8C 7C,0,OK
2026-09-30T13:08:47.213Z,9420.909,observer,RX,baseline,0,stopped,,,0001B9E4,0001,B9E4,1,7,01 00 00 0F 03 E4 B9,0,OK
2026-09-30T13:08:47.213Z,9421.042,observer,RX,baseline,0,stopped,,,0011B9E4,0011,B9E4,1,5,01 00 00 E4 B9,0,OK
2026-09-30T13:08:47.218Z,9425.927,observer,RX,baseline,0,stopped,,,000118B0,0001,18B0,1,7,01 00 00 0F 03 B0 18,0,OK
2026-09-30T13:08:47.218Z,9426.021,observer,RX,baseline,0,stopped,,,001118B0,0011,18B0,1,5,01 00 00 B0 18,0,OK
2026-09-30T13:08:47.223Z,9430.887,observer,RX,baseline,0,stopped,,,00015254,0001,5254,1,7,01 00 00 0F 03 54 52,0,OK
2026-09-30T13:08:47.223Z,9430.992,observer,RX,baseline,0,stopped,,,00115254,0011,5254,1,5,01 00 00 54 52,0,OK
2026-09-30T13:08:47.228Z,9435.904,observer,RX,baseline,0,stopped,,,0001BDD7,0001,BDD7,1,7,01 00 00 0F 03 D7 BD,0,OK
2026-09-30T13:08:47.228Z,9435.993,observer,RX,baseline,0,stopped,,,0011BDD7,0011,BDD7,1,5,01 00 00 D7 BD,0,OK
2026-09-30T13:08:47.233Z,9440.886,observer,RX,baseline,0,stopped,,,0001BEB5,0001,BEB5,1,7,01 00 00 0F 03 B5 BE,0,OK
2026-09-30T13:08:47.233Z,9440.975,observer,RX,baseline,0,stopped,,,0011BEB5,0011,BEB5,1,5,01 00 00 B5 BE,0,OK
2026-09-30T13:08:47.238Z,9445.913,observer,RX,baseline,0,stopped,,,0001F53A,0001,F53A,1,7,01 00 00 0F 03 3A F5,0,OK
2026-09-30T13:08:47.238Z,9445.989,observer,RX,baseline,0,stopped,,,0011F53A,0011,F53A,1,5,01 00 00 3A F5,0,OK
2026-09-30T13:08:47.242Z,9450.737,observer,RX,baseline,0,stopped,,,0001D492,0001,D492,1,7,01 00 00 0F 03 92 D4,0,OK
2026-09-30T13:08:47.243Z,9451.037,observer,RX,baseline,0,stopped,,,0011D492,0011,D492,1,5,01 00 00 92 D4,0,OK
2026-09-30T13:08:47.247Z,9455.74,observer,RX,baseline,0,stopped,,,0001F7E4,0001,F7E4,1,7,01 00 00 0F 03 E4 F7,0,OK
2026-09-30T13:08:47.248Z,9456.036,observer,RX,baseline,0,stopped,,,0011F7E4,0011,F7E4,1,5,01 00 00 E4 F7,0,OK
2026-09-30T13:08:47.252Z,9460.746,observer,RX,baseline,0,stopped,,,00019C6E,0001,9C6E,1,7,01 00 00 0F 03 6E 9C,0,OK
2026-09-30T13:08:47.253Z,9461.036,observer,RX,baseline,0,stopped,,,00119C6E,0011,9C6E,1,5,01 00 00 6E 9C,0,OK
2026-09-30T13:08:47.258Z,9465.886,observer,RX,baseline,0,stopped,,,0001273A,0001,273A,1,7,01 00 00 0F 03 3A 27,0,OK
2026-09-30T13:08:47.258Z,9465.988,observer,RX,baseline,0,stopped,,,0011273A,0011,273A,1,5,01 00 00 3A 27,0,OK
2026-09-30T13:08:47.263Z,9470.929,observer,RX,baseline,0,stopped,,,00018B9F,0001,8B9F,1,7,01 00 00 0F 03 9F 8B,0,OK
2026-09-30T13:08:47.263Z,9471.036,observer,RX,baseline,0,stopped,,,00118B9F,0011,8B9F,1,5,01 00 00 9F 8B,0,OK
2026-09-30T13:08:47.268Z,9475.862,observer,RX,baseline,0,stopped,,,0001B862,0001,B862,1,7,01 00 00 0F 03 62 B8,0,OK
2026-09-30T13:08:47.268Z,9476.035,observer,RX,baseline,0,stopped,,,0011B862,0011,B862,1,5,01 00 00 62 B8,0,OK
2026-09-30T13:08:47.273Z,9480.925,observer,RX,baseline,0,stopped,,,00015A53,0001,5A53,1,7,01 00 00 0F 03 53 5A,0,OK
2026-09-30T13:08:47.273Z,9481.035,observer,RX,baseline,0,stopped,,,00115A53,0011,5A53,1,5,01 00 00 53 5A,0,OK
2026-09-30T13:08:47.277Z,9485.784,observer,RX,baseline,0,stopped,,,00011B48,0001,1B48,1,7,01 00 00 0F 03 48 1B,0,OK
2026-09-30T13:08:47.278Z,9486.037,observer,RX,baseline,0,stopped,,,00111B48,0011,1B48,1,5,01 00 00 48 1B,0,OK
2026-09-30T13:08:47.282Z,9490.703,observer,RX,baseline,0,stopped,,,0001247D,0001,247D,1,7,01 00 00 0F 03 7D 24,0,OK
2026-09-30T13:08:47.283Z,9491.028,observer,RX,baseline,0,stopped,,,0011247D,0011,247D,1,5,01 00 00 7D 24,0,OK
2026-09-30T13:08:47.288Z,9495.817,observer,RX,baseline,0,stopped,,,00018896,0001,8896,1,7,01 00 00 0F 03 96 88,0,OK
2026-09-30T13:08:47.288Z,9496.043,observer,RX,baseline,0,stopped,,,00118896,0011,8896,1,5,01 00 00 96 88,0,OK
2026-09-30T13:08:47.293Z,9500.863,observer,RX,baseline,0,stopped,,,00013640,0001,3640,1,7,01 00 00 0F 03 40 36,0,OK
2026-09-30T13:08:47.293Z,9501.04,observer,RX,baseline,0,stopped,,,00113640,0011,3640,1,5,01 00 00 40 36,0,OK
2026-09-30T13:08:47.298Z,9505.843,observer,RX,baseline,0,stopped,,,0001F2D9,0001,F2D9,1,7,01 00 00 0F 03 D9 F2,0,OK
2026-09-30T13:08:47.298Z,9505.985,observer,RX,baseline,0,stopped,,,0011F2D9,0011,F2D9,1,5,01 00 00 D9 F2,0,OK
2026-09-30T13:08:47.303Z,9510.881,observer,RX,baseline,0,stopped,,,00012414,0001,2414,1,7,01 00 00 0F 03 14 24,0,OK
2026-09-30T13:08:47.303Z,9510.978,observer,RX,baseline,0,stopped,,,00112414,0011,2414,1,5,01 00 00 14 24,0,OK
2026-09-30T13:08:47.308Z,9515.831,observer,RX,baseline,0,stopped,,,000115A2,0001,15A2,1,7,01 00 00 0F 03 A2 15,0,OK
2026-09-30T13:08:47.308Z,9516.036,observer,RX,baseline,0,stopped,,,001115A2,0011,15A2,1,5,01 00 00 A2 15,0,OK
2026-09-30T13:08:47.313Z,9520.887,observer,RX,baseline,0,stopped,,,00015CB7,0001,5CB7,1,7,01 00 00 0F 03 B7 5C,0,OK
2026-09-30T13:08:47.313Z,9520.989,observer,RX,baseline,0,stopped,,,00115CB7,0011,5CB7,1,5,01 00 00 B7 5C,0,OK
2026-09-30T13:08:47.318Z,9525.842,observer,RX,baseline,0,stopped,,,00014669,0001,4669,1,7,01 00 00 0F 03 69 46,0,OK
2026-09-30T13:08:47.318Z,9526.042,observer,RX,baseline,0,stopped,,,00114669,0011,4669,1,5,01 00 00 69 46,0,OK
2026-09-30T13:08:47.323Z,9530.875,observer,RX,baseline,0,stopped,,,0001D2A8,0001,D2A8,1,7,01 00 00 0F 03 A8 D2,0,OK
2026-09-30T13:08:47.323Z,9530.981,observer,RX,baseline,0,stopped,,,0011D2A8,0011,D2A8,1,5,01 00 00 A8 D2,0,OK
2026-09-30T13:08:47.328Z,9535.832,observer,RX,baseline,0,stopped,,,00019984,0001,9984,1,7,01 00 00 0F 03 84 99,0,OK
2026-09-30T13:08:47.328Z,9536.037,observer,RX,baseline,0,stopped,,,00119984,0011,9984,1,5,01 00 00 84 99,0,OK
2026-09-30T13:08:47.333Z,9540.944,observer,RX,baseline,0,stopped,,,000170BB,0001,70BB,1,7,01 00 00 0F 03 BB 70,0,OK
2026-09-30T13:08:47.333Z,9541.215,observer,RX,baseline,0,stopped,,,001170BB,0011,70BB,1,5,01 00 00 BB 70,0,OK
2026-09-30T13:08:47.337Z,9545.716,observer,RX,baseline,0,stopped,,,0001025E,0001,025E,1,7,01 00 00 0F 03 5E 02,0,OK
2026-09-30T13:08:47.338Z,9546.102,observer,RX,baseline,0,stopped,,,0011025E,0011,025E,1,5,01 00 00 5E 02,0,OK
2026-09-30T13:08:47.343Z,9550.82,observer,RX,baseline,0,stopped,,,0001410E,0001,410E,1,7,01 00 00 0F 03 0E 41,0,OK
2026-09-30T13:08:47.343Z,9550.96,observer,RX,baseline,0,stopped,,,0011410E,0011,410E,1,5,01 00 00 0E 41,0,OK
2026-09-30T13:08:47.348Z,9556.232,observer,RX,baseline,0,stopped,,,000120DF,0001,20DF,1,7,01 00 00 0F 03 DF 20,0,OK
2026-09-30T13:08:47.348Z,9556.359,observer,RX,baseline,0,stopped,,,001120DF,0011,20DF,1,5,01 00 00 DF 20,0,OK
2026-09-30T13:08:47.353Z,9560.813,observer,RX,baseline,0,stopped,,,00011B60,0001,1B60,1,7,01 00 00 0F 03 60 1B,0,OK
2026-09-30T13:08:47.353Z,9561.088,observer,RX,baseline,0,stopped,,,00111B60,0011,1B60,1,5,01 00 00 60 1B,0,OK
2026-09-30T13:08:47.357Z,9565.751,observer,RX,baseline,0,stopped,,,000132A6,0001,32A6,1,7,01 00 00 0F 03 A6 32,0,OK
2026-09-30T13:08:47.358Z,9565.98,observer,RX,baseline,0,stopped,,,001132A6,0011,32A6,1,5,01 00 00 A6 32,0,OK
2026-09-30T13:08:47.363Z,9571.025,observer,RX,baseline,0,stopped,,,0001879D,0001,879D,1,7,01 00 00 0F 03 9D 87,0,OK
2026-09-30T13:08:47.363Z,9571.157,observer,RX,baseline,0,stopped,,,0011879D,0011,879D,1,5,01 00 00 9D 87,0,OK
2026-09-30T13:08:47.368Z,9576.106,observer,RX,baseline,0,stopped,,,0001ED7C,0001,ED7C,1,7,01 00 00 0F 03 7C ED,0,OK
2026-09-30T13:08:47.368Z,9576.247,observer,RX,baseline,0,stopped,,,0011ED7C,0011,ED7C,1,5,01 00 00 7C ED,0,OK
2026-09-30T13:08:47.373Z,9581.104,observer,RX,baseline,0,stopped,,,0001871D,0001,871D,1,7,01 00 00 0F 03 1D 87,0,OK
2026-09-30T13:08:47.373Z,9581.233,observer,RX,baseline,0,stopped,,,0011871D,0011,871D,1,5,01 00 00 1D 87,0,OK
2026-09-30T13:08:47.378Z,9586.05,observer,RX,baseline,0,stopped,,,0001D126,0001,D126,1,7,01 00 00 0F 03 26 D1,0,OK
2026-09-30T13:08:47.378Z,9586.185,observer,RX,baseline,0,stopped,,,0011D126,0011,D126,1,5,01 00 00 26 D1,0,OK
2026-09-30T13:08:47.382Z,9590.781,observer,RX,baseline,0,stopped,,,0001A2E4,0001,A2E4,1,7,01 00 00 0F 03 E4 A2,0,OK
2026-09-30T13:08:47.383Z,9590.954,observer,RX,baseline,0,stopped,,,0011A2E4,0011,A2E4,1,5,01 00 00 E4 A2,0,OK
2026-09-30T13:08:47.387Z,9595.754,observer,RX,baseline,0,stopped,,,0001A58D,0001,A58D,1,7,01 00 00 0F 03 8D A5,0,OK
2026-09-30T13:08:47.388Z,9596.069,observer,RX,baseline,0,stopped,,,0011A58D,0011,A58D,1,5,01 00 00 8D A5,0,OK
2026-09-30T13:08:47.393Z,9600.909,observer,RX,baseline,0,stopped,,,000112E7,0001,12E7,1,7,01 00 00 0F 03 E7 12,0,OK
2026-09-30T13:08:47.393Z,9601.03,observer,RX,baseline,0,stopped,,,001112E7,0011,12E7,1,5,01 00 00 E7 12,0,OK
2026-09-30T13:08:47.398Z,9605.895,observer,RX,baseline,0,stopped,,,000192D2,0001,92D2,1,7,01 00 00 0F 03 D2 92,0,OK
2026-09-30T13:08:47.398Z,9606.07,observer,RX,baseline,0,stopped,,,001192D2,0011,92D2,1,5,01 00 00 D2 92,0,OK
2026-09-30T13:08:47.403Z,9610.898,observer,RX,baseline,0,stopped,,,0001A620,0001,A620,1,7,01 00 00 0F 03 20 A6,0,OK
2026-09-30T13:08:47.403Z,9611.006,observer,RX,baseline,0,stopped,,,0011A620,0011,A620,1,5,01 00 00 20 A6,0,OK
2026-09-30T13:08:47.408Z,9615.894,observer,RX,baseline,0,stopped,,,0001C3B7,0001,C3B7,1,7,01 00 00 0F 03 B7 C3,0,OK
2026-09-30T13:08:47.408Z,9616.1,observer,RX,baseline,0,stopped,,,0011C3B7,0011,C3B7,1,5,01 00 00 B7 C3,0,OK
2026-09-30T13:08:47.413Z,9620.892,observer,RX,baseline,0,stopped,,,0001CCFE,0001,CCFE,1,7,01 00 00 0F 03 FE CC,0,OK
2026-09-30T13:08:47.413Z,9621.005,observer,RX,baseline,0,stopped,,,0011CCFE,0011,CCFE,1,5,01 00 00 FE CC,0,OK
2026-09-30T13:08:47.418Z,9625.897,observer,RX,baseline,0,stopped,,,0001C39A,0001,C39A,1,7,01 00 00 0F 03 9A C3,0,OK
2026-09-30T13:08:47.418Z,9626.003,observer,RX,baseline,0,stopped,,,0011C39A,0011,C39A,1,5,01 00 00 9A C3,0,OK
2026-09-30T13:08:47.423Z,9630.904,observer,RX,baseline,0,stopped,,,0001BF6B,0001,BF6B,1,7,01 00 00 0F 03 6B BF,0,OK
2026-09-30T13:08:47.423Z,9631.123,observer,RX,baseline,0,stopped,,,0011BF6B,0011,BF6B,1,5,01 00 00 6B BF,0,OK
2026-09-30T13:08:47.428Z,9635.891,observer,RX,baseline,0,stopped,,,0001CFCD,0001,CFCD,1,7,01 00 00 0F 03 CD CF,0,OK
2026-09-30T13:08:47.428Z,9635.98,observer,RX,baseline,0,stopped,,,0011CFCD,0011,CFCD,1,5,01 00 00 CD CF,0,OK
2026-09-30T13:08:47.433Z,9640.892,observer,RX,baseline,0,stopped,,,00010184,0001,0184,1,7,01 00 00 0F 03 84 01,0,OK
2026-09-30T13:08:47.433Z,9641.067,observer,RX,baseline,0,stopped,,,00110184,0011,0184,1,5,01 00 00 84 01,0,OK
2026-09-30T13:08:47.438Z,9645.895,observer,RX,baseline,0,stopped,,,0001050A,0001,050A,1,7,01 00 00 0F 03 0A 05,0,OK
2026-09-30T13:08:47.438Z,9645.97,observer,RX,baseline,0,stopped,,,0011050A,0011,050A,1,5,01 00 00 0A 05,0,OK
2026-09-30T13:08:47.443Z,9650.904,observer,RX,baseline,0,stopped,,,000141B5,0001,41B5,1,7,01 00 00 0F 03 B5 41,0,OK
2026-09-30T13:08:47.443Z,9651.07,observer,RX,baseline,0,stopped,,,001141B5,0011,41B5,1,5,01 00 00 B5 41,0,OK
2026-09-30T13:08:47.447Z,9655.752,observer,RX,baseline,0,stopped,,,0001BC5D,0001,BC5D,1,7,01 00 00 0F 03 5D BC,0,OK
2026-09-30T13:08:47.448Z,9656.072,observer,RX,baseline,0,stopped,,,0011BC5D,0011,BC5D,1,5,01 00 00 5D BC,0,OK
2026-09-30T13:08:47.452Z,9660.766,observer,RX,baseline,0,stopped,,,0001D0D2,0001,D0D2,1,7,01 00 00 0F 03 D2 D0,0,OK
2026-09-30T13:08:47.453Z,9660.974,observer,RX,baseline,0,stopped,,,0011D0D2,0011,D0D2,1,5,01 00 00 D2 D0,0,OK
2026-09-30T13:08:47.458Z,9665.896,observer,RX,baseline,0,stopped,,,00012FB0,0001,2FB0,1,7,01 00 00 0F 03 B0 2F,0,OK
2026-09-30T13:08:47.458Z,9666.096,observer,RX,baseline,0,stopped,,,00112FB0,0011,2FB0,1,5,01 00 00 B0 2F,0,OK
2026-09-30T13:08:47.463Z,9670.89,observer,RX,baseline,0,stopped,,,0001BC72,0001,BC72,1,7,01 00 00 0F 03 72 BC,0,OK
2026-09-30T13:08:47.463Z,9670.965,observer,RX,baseline,0,stopped,,,0011BC72,0011,BC72,1,5,01 00 00 72 BC,0,OK
2026-09-30T13:08:47.468Z,9675.886,observer,RX,baseline,0,stopped,,,000140EB,0001,40EB,1,7,01 00 00 0F 03 EB 40,0,OK
2026-09-30T13:08:47.468Z,9676.105,observer,RX,baseline,0,stopped,,,001140EB,0011,40EB,1,5,01 00 00 EB 40,0,OK
2026-09-30T13:08:47.473Z,9680.895,observer,RX,baseline,0,stopped,,,0001C58A,0001,C58A,1,7,01 00 00 0F 03 8A C5,0,OK
2026-09-30T13:08:47.473Z,9681.124,observer,RX,baseline,0,stopped,,,0011C58A,0011,C58A,1,5,01 00 00 8A C5,0,OK
2026-09-30T13:08:47.478Z,9685.885,observer,RX,baseline,0,stopped,,,0001173C,0001,173C,1,7,01 00 00 0F 03 3C 17,0,OK
2026-09-30T13:08:47.478Z,9685.959,observer,RX,baseline,0,stopped,,,0011173C,0011,173C,1,5,01 00 00 3C 17,0,OK
2026-09-30T13:08:47.483Z,9690.805,observer,RX,baseline,0,stopped,,,00011517,0001,1517,1,7,01 00 00 0F 03 17 15,0,OK
2026-09-30T13:08:47.483Z,9690.995,observer,RX,baseline,0,stopped,,,00111517,0011,1517,1,5,01 00 00 17 15,0,OK
2026-09-30T13:08:47.488Z,9695.842,observer,RX,baseline,0,stopped,,,000100FE,0001,00FE,1,7,01 00 00 0F 03 FE 00,0,OK
2026-09-30T13:08:47.488Z,9695.917,observer,RX,baseline,0,stopped,,,001100FE,0011,00FE,1,5,01 00 00 FE 00,0,OK
2026-09-30T13:08:47.493Z,9700.892,observer,RX,baseline,0,stopped,,,0001526A,0001,526A,1,7,01 00 00 0F 03 6A 52,0,OK
2026-09-30T13:08:47.493Z,9701.071,observer,RX,baseline,0,stopped,,,0011526A,0011,526A,1,5,01 00 00 6A 52,0,OK
2026-09-30T13:08:47.498Z,9705.846,observer,RX,baseline,0,stopped,,,00015968,0001,5968,1,7,01 00 00 0F 03 68 59,0,OK
2026-09-30T13:08:47.498Z,9706.092,observer,RX,baseline,0,stopped,,,00115968,0011,5968,1,5,01 00 00 68 59,0,OK
2026-09-30T13:08:47.503Z,9710.837,observer,RX,baseline,0,stopped,,,00017E45,0001,7E45,1,7,01 00 00 0F 03 45 7E,0,OK
2026-09-30T13:08:47.503Z,9711.002,observer,RX,baseline,0,stopped,,,00117E45,0011,7E45,1,5,01 00 00 45 7E,0,OK
2026-09-30T13:08:47.508Z,9715.85,observer,RX,baseline,0,stopped,,,00010FDE,0001,0FDE,1,7,01 00 00 0F 03 DE 0F,0,OK
2026-09-30T13:08:47.508Z,9716.087,observer,RX,baseline,0,stopped,,,00110FDE,0011,0FDE,1,5,01 00 00 DE 0F,0,OK
2026-09-30T13:08:47.513Z,9720.85,observer,RX,baseline,0,stopped,,,000177E6,0001,77E6,1,7,01 00 00 0F 03 E6 77,0,OK
2026-09-30T13:08:47.513Z,9721.076,observer,RX,baseline,0,stopped,,,001177E6,0011,77E6,1,5,01 00 00 E6 77,0,OK
2026-09-30T13:08:47.518Z,9725.858,observer,RX,baseline,0,stopped,,,0001439D,0001,439D,1,7,01 00 00 0F 03 9D 43,0,OK
2026-09-30T13:08:47.518Z,9726.069,observer,RX,baseline,0,stopped,,,0011439D,0011,439D,1,5,01 00 00 9D 43,0,OK
2026-09-30T13:08:47.523Z,9730.854,observer,RX,baseline,0,stopped,,,000198C2,0001,98C2,1,7,01 00 00 0F 03 C2 98,0,OK
2026-09-30T13:08:47.523Z,9730.929,observer,RX,baseline,0,stopped,,,001198C2,0011,98C2,1,5,01 00 00 C2 98,0,OK
2026-09-30T13:08:47.528Z,9735.835,observer,RX,baseline,0,stopped,,,0001111A,0001,111A,1,7,01 00 00 0F 03 1A 11,0,OK
2026-09-30T13:08:47.528Z,9736.067,observer,RX,baseline,0,stopped,,,0011111A,0011,111A,1,5,01 00 00 1A 11,0,OK
2026-09-30T13:08:47.533Z,9740.828,observer,RX,baseline,0,stopped,,,00013D73,0001,3D73,1,7,01 00 00 0F 03 73 3D,0,OK
2026-09-30T13:08:47.533Z,9741.094,observer,RX,baseline,0,stopped,,,00113D73,0011,3D73,1,5,01 00 00 73 3D,0,OK
2026-09-30T13:08:47.538Z,9745.853,observer,RX,baseline,0,stopped,,,00017F51,0001,7F51,1,7,01 00 00 0F 03 51 7F,0,OK
2026-09-30T13:08:47.538Z,9745.928,observer,RX,baseline,0,stopped,,,00117F51,0011,7F51,1,5,01 00 00 51 7F,0,OK
2026-09-30T13:08:47.543Z,9750.859,observer,RX,baseline,0,stopped,,,0001862B,0001,862B,1,7,01 00 00 0F 03 2B 86,0,OK
2026-09-30T13:08:47.543Z,9751.072,observer,RX,baseline,0,stopped,,,0011862B,0011,862B,1,5,01 00 00 2B 86,0,OK
2026-09-30T13:08:47.548Z,9755.883,observer,RX,baseline,0,stopped,,,0001B9CC,0001,B9CC,1,7,01 00 00 0F 03 CC B9,0,OK
2026-09-30T13:08:47.548Z,9755.988,observer,RX,baseline,0,stopped,,,0011B9CC,0011,B9CC,1,5,01 00 00 CC B9,0,OK
2026-09-30T13:08:47.553Z,9760.882,observer,RX,baseline,0,stopped,,,00015AA3,0001,5AA3,1,7,01 00 00 0F 03 A3 5A,0,OK
2026-09-30T13:08:47.553Z,9760.957,observer,RX,baseline,0,stopped,,,00115AA3,0011,5AA3,1,5,01 00 00 A3 5A,0,OK
2026-09-30T13:08:47.558Z,9765.825,observer,RX,baseline,0,stopped,,,0001FD30,0001,FD30,1,7,01 00 00 0F 03 30 FD,0,OK
2026-09-30T13:08:47.558Z,9766.08,observer,RX,baseline,0,stopped,,,0011FD30,0011,FD30,1,5,01 00 00 30 FD,0,OK
2026-09-30T13:08:47.562Z,9770.765,observer,RX,baseline,0,stopped,,,0001E969,0001,E969,1,7,01 00 00 0F 03 69 E9,0,OK
2026-09-30T13:08:47.563Z,9770.966,observer,RX,baseline,0,stopped,,,0011E969,0011,E969,1,5,01 00 00 69 E9,0,OK
2026-09-30T13:08:47.567Z,9775.73,observer,RX,baseline,0,stopped,,,0001EE9B,0001,EE9B,1,7,01 00 00 0F 03 9B EE,0,OK
2026-09-30T13:08:47.568Z,9775.977,observer,RX,baseline,0,stopped,,,0011EE9B,0011,EE9B,1,5,01 00 00 9B EE,0,OK
2026-09-30T13:08:47.572Z,9780.725,observer,RX,baseline,0,stopped,,,0001AFF5,0001,AFF5,1,7,01 00 00 0F 03 F5 AF,0,OK
2026-09-30T13:08:47.573Z,9780.979,observer,RX,baseline,0,stopped,,,0011AFF5,0011,AFF5,1,5,01 00 00 F5 AF,0,OK
2026-09-30T13:08:47.577Z,9785.685,observer,RX,baseline,0,stopped,,,0001C302,0001,C302,1,7,01 00 00 0F 03 02 C3,0,OK
2026-09-30T13:08:47.578Z,9785.93,observer,RX,baseline,0,stopped,,,0011C302,0011,C302,1,5,01 00 00 02 C3,0,OK
2026-09-30T13:08:47.582Z,9790.735,observer,RX,baseline,0,stopped,,,00010CE7,0001,0CE7,1,7,01 00 00 0F 03 E7 0C,0,OK
2026-09-30T13:08:47.583Z,9790.982,observer,RX,baseline,0,stopped,,,00110CE7,0011,0CE7,1,5,01 00 00 E7 0C,0,OK
2026-09-30T13:08:47.587Z,9795.742,observer,RX,baseline,0,stopped,,,00013683,0001,3683,1,7,01 00 00 0F 03 83 36,0,OK
2026-09-30T13:08:47.588Z,9796.081,observer,RX,baseline,0,stopped,,,00113683,0011,3683,1,5,01 00 00 83 36,0,OK
2026-09-30T13:08:47.592Z,9800.691,observer,RX,baseline,0,stopped,,,0001DF69,0001,DF69,1,7,01 00 00 0F 03 69 DF,0,OK
2026-09-30T13:08:47.593Z,9800.982,observer,RX,baseline,0,stopped,,,0011DF69,0011,DF69,1,5,01 00 00 69 DF,0,OK
2026-09-30T13:08:47.598Z,9805.876,observer,RX,baseline,0,stopped,,,0001A446,0001,A446,1,7,01 00 00 0F 03 46 A4,0,OK
2026-09-30T13:08:47.598Z,9805.951,observer,RX,baseline,0,stopped,,,0011A446,0011,A446,1,5,01 00 00 46 A4,0,OK
2026-09-30T13:08:47.603Z,9810.889,observer,RX,baseline,0,stopped,,,0001DA81,0001,DA81,1,7,01 00 00 0F 03 81 DA,0,OK
2026-09-30T13:08:47.603Z,9810.967,observer,RX,baseline,0,stopped,,,0011DA81,0011,DA81,1,5,01 00 00 81 DA,0,OK
2026-09-30T13:08:47.608Z,9815.862,observer,RX,baseline,0,stopped,,,0001FE56,0001,FE56,1,7,01 00 00 0F 03 56 FE,0,OK
2026-09-30T13:08:47.608Z,9815.972,observer,RX,baseline,0,stopped,,,0011FE56,0011,FE56,1,5,01 00 00 56 FE,0,OK
2026-09-30T13:08:47.613Z,9820.884,observer,RX,baseline,0,stopped,,,0001E8D5,0001,E8D5,1,7,01 00 00 0F 03 D5 E8,0,OK
2026-09-30T13:08:47.613Z,9820.964,observer,RX,baseline,0,stopped,,,0011E8D5,0011,E8D5,1,5,01 00 00 D5 E8,0,OK
2026-09-30T13:08:47.618Z,9825.887,observer,RX,baseline,0,stopped,,,000135A1,0001,35A1,1,7,01 00 00 0F 03 A1 35,0,OK
2026-09-30T13:08:47.618Z,9825.961,observer,RX,baseline,0,stopped,,,001135A1,0011,35A1,1,5,01 00 00 A1 35,0,OK
2026-09-30T13:08:47.623Z,9830.835,observer,RX,baseline,0,stopped,,,0001F93A,0001,F93A,1,7,01 00 00 0F 03 3A F9,0,OK
2026-09-30T13:08:47.623Z,9830.935,observer,RX,baseline,0,stopped,,,0011F93A,0011,F93A,1,5,01 00 00 3A F9,0,OK
2026-09-30T13:08:47.628Z,9835.817,observer,RX,baseline,0,stopped,,,0001E500,0001,E500,1,7,01 00 00 0F 03 00 E5,0,OK
2026-09-30T13:08:47.628Z,9835.912,observer,RX,baseline,0,stopped,,,0011E500,0011,E500,1,5,01 00 00 00 E5,0,OK
2026-09-30T13:08:47.633Z,9840.867,observer,RX,baseline,0,stopped,,,0001ADFA,0001,ADFA,1,7,01 00 00 0F 03 FA AD,0,OK
2026-09-30T13:08:47.633Z,9840.982,observer,RX,baseline,0,stopped,,,0011ADFA,0011,ADFA,1,5,01 00 00 FA AD,0,OK
2026-09-30T13:08:47.638Z,9845.933,observer,RX,baseline,0,stopped,,,000182F9,0001,82F9,1,7,01 00 00 0F 03 F9 82,0,OK
2026-09-30T13:08:47.638Z,9846.012,observer,RX,baseline,0,stopped,,,001182F9,0011,82F9,1,5,01 00 00 F9 82,0,OK
2026-09-30T13:08:47.643Z,9850.864,observer,RX,baseline,0,stopped,,,0001E4B4,0001,E4B4,1,7,01 00 00 0F 03 B4 E4,0,OK
2026-09-30T13:08:47.643Z,9850.938,observer,RX,baseline,0,stopped,,,0011E4B4,0011,E4B4,1,5,01 00 00 B4 E4,0,OK
2026-09-30T13:08:47.647Z,9855.689,observer,RX,baseline,0,stopped,,,0001188E,0001,188E,1,7,01 00 00 0F 03 8E 18,0,OK
2026-09-30T13:08:47.648Z,9855.903,observer,RX,baseline,0,stopped,,,0011188E,0011,188E,1,5,01 00 00 8E 18,0,OK
2026-09-30T13:08:47.653Z,9860.86,observer,RX,baseline,0,stopped,,,00017A54,0001,7A54,1,7,01 00 00 0F 03 54 7A,0,OK
2026-09-30T13:08:47.653Z,9860.935,observer,RX,baseline,0,stopped,,,00117A54,0011,7A54,1,5,01 00 00 54 7A,0,OK
2026-09-30T13:08:47.658Z,9865.883,observer,RX,baseline,0,stopped,,,0001E45F,0001,E45F,1,7,01 00 00 0F 03 5F E4,0,OK
2026-09-30T13:08:47.658Z,9865.989,observer,RX,baseline,0,stopped,,,0011E45F,0011,E45F,1,5,01 00 00 5F E4,0,OK
2026-09-30T13:08:47.663Z,9870.875,observer,RX,baseline,0,stopped,,,0001EA5F,0001,EA5F,1,7,01 00 00 0F 03 5F EA,0,OK
2026-09-30T13:08:47.663Z,9870.955,observer,RX,baseline,0,stopped,,,0011EA5F,0011,EA5F,1,5,01 00 00 5F EA,0,OK
2026-09-30T13:08:47.668Z,9875.868,observer,RX,baseline,0,stopped,,,00019FEC,0001,9FEC,1,7,01 00 00 0F 03 EC 9F,0,OK
2026-09-30T13:08:47.668Z,9875.951,observer,RX,baseline,0,stopped,,,00119FEC,0011,9FEC,1,5,01 00 00 EC 9F,0,OK
2026-09-30T13:08:47.673Z,9880.866,observer,RX,baseline,0,stopped,,,00019EB4,0001,9EB4,1,7,01 00 00 0F 03 B4 9E,0,OK
2026-09-30T13:08:47.673Z,9880.945,observer,RX,baseline,0,stopped,,,00119EB4,0011,9EB4,1,5,01 00 00 B4 9E,0,OK
2026-09-30T13:08:47.678Z,9885.926,observer,RX,baseline,0,stopped,,,0001D9B0,0001,D9B0,1,7,01 00 00 0F 03 B0 D9,0,OK
2026-09-30T13:08:47.678Z,9886.034,observer,RX,baseline,0,stopped,,,0011D9B0,0011,D9B0,1,5,01 00 00 B0 D9,0,OK
2026-09-30T13:08:47.683Z,9890.885,observer,RX,baseline,0,stopped,,,0001406F,0001,406F,1,7,01 00 00 0F 03 6F 40,0,OK
2026-09-30T13:08:47.683Z,9890.961,observer,RX,baseline,0,stopped,,,0011406F,0011,406F,1,5,01 00 00 6F 40,0,OK
2026-09-30T13:08:47.688Z,9895.919,observer,RX,baseline,0,stopped,,,00019170,0001,9170,1,7,01 00 00 0F 03 70 91,0,OK
2026-09-30T13:08:47.688Z,9896.026,observer,RX,baseline,0,stopped,,,00119170,0011,9170,1,5,01 00 00 70 91,0,OK
2026-09-30T13:08:47.692Z,9900.747,observer,RX,baseline,0,stopped,,,0001008E,0001,008E,1,7,01 00 00 0F 03 8E 00,0,OK
2026-09-30T13:08:47.693Z,9900.95,observer,RX,baseline,0,stopped,,,0011008E,0011,008E,1,5,01 00 00 8E 00,0,OK
2026-09-30T13:08:47.697Z,9905.73,observer,RX,baseline,0,stopped,,,0001C4F9,0001,C4F9,1,7,01 00 00 0F 03 F9 C4,0,OK
2026-09-30T13:08:47.698Z,9905.958,observer,RX,baseline,0,stopped,,,0011C4F9,0011,C4F9,1,5,01 00 00 F9 C4,0,OK
2026-09-30T13:08:47.702Z,9910.773,observer,RX,baseline,0,stopped,,,0001228E,0001,228E,1,7,01 00 00 0F 03 8E 22,0,OK
2026-09-30T13:08:47.703Z,9910.971,observer,RX,baseline,0,stopped,,,0011228E,0011,228E,1,5,01 00 00 8E 22,0,OK
2026-09-30T13:08:47.707Z,9915.769,observer,RX,baseline,0,stopped,,,00019A1A,0001,9A1A,1,7,01 00 00 0F 03 1A 9A,0,OK
2026-09-30T13:08:47.708Z,9915.985,observer,RX,baseline,0,stopped,,,00119A1A,0011,9A1A,1,5,01 00 00 1A 9A,0,OK
2026-09-30T13:08:47.712Z,9920.718,observer,RX,baseline,0,stopped,,,0001AD12,0001,AD12,1,7,01 00 00 0F 03 12 AD,0,OK
2026-09-30T13:08:47.713Z,9920.95,observer,RX,baseline,0,stopped,,,0011AD12,0011,AD12,1,5,01 00 00 12 AD,0,OK
2026-09-30T13:08:47.717Z,9925.766,observer,RX,baseline,0,stopped,,,0001D79E,0001,D79E,1,7,01 00 00 0F 03 9E D7,0,OK
2026-09-30T13:08:47.718Z,9925.968,observer,RX,baseline,0,stopped,,,0011D79E,0011,D79E,1,5,01 00 00 9E D7,0,OK
2026-09-30T13:08:47.722Z,9930.714,observer,RX,baseline,0,stopped,,,0001C855,0001,C855,1,7,01 00 00 0F 03 55 C8,0,OK
2026-09-30T13:08:47.723Z,9930.975,observer,RX,baseline,0,stopped,,,0011C855,0011,C855,1,5,01 00 00 55 C8,0,OK
2026-09-30T13:08:47.727Z,9935.723,observer,RX,baseline,0,stopped,,,00011D98,0001,1D98,1,7,01 00 00 0F 03 98 1D,0,OK
2026-09-30T13:08:47.728Z,9935.966,observer,RX,baseline,0,stopped,,,00111D98,0011,1D98,1,5,01 00 00 98 1D,0,OK
2026-09-30T13:08:47.732Z,9940.721,observer,RX,baseline,0,stopped,,,00015FFC,0001,5FFC,1,7,01 00 00 0F 03 FC 5F,0,OK
2026-09-30T13:08:47.733Z,9940.944,observer,RX,baseline,0,stopped,,,00115FFC,0011,5FFC,1,5,01 00 00 FC 5F,0,OK
2026-09-30T13:08:47.737Z,9945.72,observer,RX,baseline,0,stopped,,,0001C239,0001,C239,1,7,01 00 00 0F 03 39 C2,0,OK
2026-09-30T13:08:47.738Z,9945.968,observer,RX,baseline,0,stopped,,,0011C239,0011,C239,1,5,01 00 00 39 C2,0,OK
2026-09-30T13:08:47.742Z,9950.721,observer,RX,baseline,0,stopped,,,0001997A,0001,997A,1,7,01 00 00 0F 03 7A 99,0,OK
2026-09-30T13:08:47.743Z,9950.984,observer,RX,baseline,0,stopped,,,0011997A,0011,997A,1,5,01 00 00 7A 99,0,OK
2026-09-30T13:08:47.747Z,9955.696,observer,RX,baseline,0,stopped,,,0001930B,0001,930B,1,7,01 00 00 0F 03 0B 93,0,OK
2026-09-30T13:08:47.748Z,9955.97,observer,RX,baseline,0,stopped,,,0011930B,0011,930B,1,5,01 00 00 0B 93,0,OK
2026-09-30T13:08:47.753Z,9961.25,observer,RX,baseline,0,stopped,,,0001122A,0001,122A,1,7,01 00 00 0F 03 2A 12,0,OK
2026-09-30T13:08:47.753Z,9961.381,observer,RX,baseline,0,stopped,,,0011122A,0011,122A,1,5,01 00 00 2A 12,0,OK
2026-09-30T13:08:47.759Z,9967.135,observer,RX,baseline,0,stopped,,,00019B42,0001,9B42,1,7,01 00 00 0F 03 42 9B,0,OK
2026-09-30T13:08:47.759Z,9967.262,observer,RX,baseline,0,stopped,,,00119B42,0011,9B42,1,5,01 00 00 42 9B,0,OK
2026-09-30T13:08:47.763Z,9971.407,observer,RX,baseline,0,stopped,,,000113C9,0001,13C9,1,7,01 00 00 0F 03 C9 13,0,OK
2026-09-30T13:08:47.763Z,9971.538,observer,RX,baseline,0,stopped,,,001113C9,0011,13C9,1,5,01 00 00 C9 13,0,OK
2026-09-30T13:08:47.768Z,9976.111,observer,RX,baseline,0,stopped,,,0001E68B,0001,E68B,1,7,01 00 00 0F 03 8B E6,0,OK
2026-09-30T13:08:47.768Z,9976.24,observer,RX,baseline,0,stopped,,,0011E68B,0011,E68B,1,5,01 00 00 8B E6,0,OK
2026-09-30T13:08:47.773Z,9981.504,observer,RX,baseline,0,stopped,,,00019FF2,0001,9FF2,1,7,01 00 00 0F 03 F2 9F,0,OK
2026-09-30T13:08:47.773Z,9981.638,observer,RX,baseline,0,stopped,,,00119FF2,0011,9FF2,1,5,01 00 00 F2 9F,0,OK
2026-09-30T13:08:47.778Z,9986.081,observer,RX,baseline,0,stopped,,,0001A473,0001,A473,1,7,01 00 00 0F 03 73 A4,0,OK
2026-09-30T13:08:47.778Z,9986.214,observer,RX,baseline,0,stopped,,,0011A473,0011,A473,1,5,01 00 00 73 A4,0,OK
2026-09-30T13:08:47.783Z,9991.632,observer,RX,baseline,0,stopped,,,0001FAD3,0001,FAD3,1,7,01 00 00 0F 03 D3 FA,0,OK
2026-09-30T13:08:47.783Z,9991.766,observer,RX,baseline,0,stopped,,,0011FAD3,0011,FAD3,1,5,01 00 00 D3 FA,0,OK
2026-09-30T13:08:47.788Z,9996.036,observer,RX,baseline,0,stopped,,,0001AB6A,0001,AB6A,1,7,01 00 00 0F 03 6A AB,0,OK
2026-09-30T13:08:47.788Z,9996.164,observer,RX,baseline,0,stopped,,,0011AB6A,0011,AB6A,1,5,01 00 00 6A AB,0,OK
2026-09-30T13:08:47.792Z,10000.778,observer,RX,baseline,0,stopped,,,00013730,0001,3730,1,7,01 00 00 0F 03 30 37,0,OK
2026-09-30T13:08:47.793Z,10000.983,observer,RX,baseline,0,stopped,,,00113730,0011,3730,1,5,01 00 00 30 37,0,OK
2026-09-30T13:08:47.797Z,10005.751,observer,RX,baseline,0,stopped,,,00012EE9,0001,2EE9,1,7,01 00 00 0F 03 E9 2E,0,OK
2026-09-30T13:08:47.798Z,10005.913,observer,RX,baseline,0,stopped,,,00112EE9,0011,2EE9,1,5,01 00 00 E9 2E,0,OK
2026-09-30T13:08:47.803Z,10011.335,observer,RX,baseline,0,stopped,,,00015D68,0001,5D68,1,7,01 00 00 0F 03 68 5D,0,OK
2026-09-30T13:08:47.803Z,10011.462,observer,RX,baseline,0,stopped,,,00115D68,0011,5D68,1,5,01 00 00 68 5D,0,OK
2026-09-30T13:08:47.808Z,10016.141,observer,RX,baseline,0,stopped,,,0001873B,0001,873B,1,7,01 00 00 0F 03 3B 87,0,OK
2026-09-30T13:08:47.808Z,10016.267,observer,RX,baseline,0,stopped,,,0011873B,0011,873B,1,5,01 00 00 3B 87,0,OK
2026-09-30T13:08:47.813Z,10021.34,observer,RX,baseline,0,stopped,,,00010121,0001,0121,1,7,01 00 00 0F 03 21 01,0,OK
2026-09-30T13:08:47.813Z,10021.471,observer,RX,baseline,0,stopped,,,00110121,0011,0121,1,5,01 00 00 21 01,0,OK
2026-09-30T13:08:47.818Z,10025.889,observer,RX,baseline,0,stopped,,,00014209,0001,4209,1,7,01 00 00 0F 03 09 42,0,OK
2026-09-30T13:08:47.818Z,10026.042,observer,RX,baseline,0,stopped,,,00114209,0011,4209,1,5,01 00 00 09 42,0,OK
2026-09-30T13:08:47.823Z,10031.302,observer,RX,baseline,0,stopped,,,0001A0C5,0001,A0C5,1,7,01 00 00 0F 03 C5 A0,0,OK
2026-09-30T13:08:47.823Z,10031.428,observer,RX,baseline,0,stopped,,,0011A0C5,0011,A0C5,1,5,01 00 00 C5 A0,0,OK
2026-09-30T13:08:47.828Z,10036.079,observer,RX,baseline,0,stopped,,,00016D90,0001,6D90,1,7,01 00 00 0F 03 90 6D,0,OK
2026-09-30T13:08:47.828Z,10036.213,observer,RX,baseline,0,stopped,,,00116D90,0011,6D90,1,5,01 00 00 90 6D,0,OK
2026-09-30T13:08:47.833Z,10041.435,observer,RX,baseline,0,stopped,,,0001ABF2,0001,ABF2,1,7,01 00 00 0F 03 F2 AB,0,OK
2026-09-30T13:08:47.833Z,10041.561,observer,RX,baseline,0,stopped,,,0011ABF2,0011,ABF2,1,5,01 00 00 F2 AB,0,OK
2026-09-30T13:08:47.838Z,10046.078,observer,RX,baseline,0,stopped,,,00019527,0001,9527,1,7,01 00 00 0F 03 27 95,0,OK
2026-09-30T13:08:47.838Z,10046.205,observer,RX,baseline,0,stopped,,,00119527,0011,9527,1,5,01 00 00 27 95,0,OK
2026-09-30T13:08:47.843Z,10051.574,observer,RX,baseline,0,stopped,,,0001958C,0001,958C,1,7,01 00 00 0F 03 8C 95,0,OK
2026-09-30T13:08:47.843Z,10051.78,observer,RX,baseline,0,stopped,,,0011958C,0011,958C,1,5,01 00 00 8C 95,0,OK
2026-09-30T13:08:47.848Z,10056.186,observer,RX,baseline,0,stopped,,,00010886,0001,0886,1,7,01 00 00 0F 03 86 08,0,OK
2026-09-30T13:08:47.848Z,10056.315,observer,RX,baseline,0,stopped,,,00110886,0011,0886,1,5,01 00 00 86 08,0,OK
2026-09-30T13:08:47.853Z,10061.082,observer,RX,baseline,0,stopped,,,0001EC16,0001,EC16,1,7,01 00 00 0F 03 16 EC,0,OK
2026-09-30T13:08:47.853Z,10061.217,observer,RX,baseline,0,stopped,,,0011EC16,0011,EC16,1,5,01 00 00 16 EC,0,OK
2026-09-30T13:08:47.858Z,10066.14,observer,RX,baseline,0,stopped,,,00014BE8,0001,4BE8,1,7,01 00 00 0F 03 E8 4B,0,OK
2026-09-30T13:08:47.858Z,10066.269,observer,RX,baseline,0,stopped,,,00114BE8,0011,4BE8,1,5,01 00 00 E8 4B,0,OK
2026-09-30T13:08:47.863Z,10071.272,observer,RX,baseline,0,stopped,,,00018E77,0001,8E77,1,7,01 00 00 0F 03 77 8E,0,OK
2026-09-30T13:08:47.863Z,10071.402,observer,RX,baseline,0,stopped,,,00118E77,0011,8E77,1,5,01 00 00 77 8E,0,OK
2026-09-30T13:08:47.868Z,10076.248,observer,RX,baseline,0,stopped,,,0001E601,0001,E601,1,7,01 00 00 0F 03 01 E6,0,OK
2026-09-30T13:08:47.868Z,10076.377,observer,RX,baseline,0,stopped,,,0011E601,0011,E601,1,5,01 00 00 01 E6,0,OK
2026-09-30T13:08:47.873Z,10081.3,observer,RX,baseline,0,stopped,,,00012D5A,0001,2D5A,1,7,01 00 00 0F 03 5A 2D,0,OK
2026-09-30T13:08:47.873Z,10081.455,observer,RX,baseline,0,stopped,,,00112D5A,0011,2D5A,1,5,01 00 00 5A 2D,0,OK
2026-09-30T13:08:47.877Z,10085.749,observer,RX,baseline,0,stopped,,,0001BD62,0001,BD62,1,7,01 00 00 0F 03 62 BD,0,OK
2026-09-30T13:08:47.878Z,10085.888,observer,RX,baseline,0,stopped,,,0011BD62,0011,BD62,1,5,01 00 00 62 BD,0,OK
2026-09-30T13:08:47.882Z,10090.76,observer,RX,baseline,0,stopped,,,000160CB,0001,60CB,1,7,01 00 00 0F 03 CB 60,0,OK
2026-09-30T13:08:47.883Z,10090.903,observer,RX,baseline,0,stopped,,,001160CB,0011,60CB,1,5,01 00 00 CB 60,0,OK
2026-09-30T13:08:47.888Z,10095.876,observer,RX,baseline,0,stopped,,,0001E9B6,0001,E9B6,1,7,01 00 00 0F 03 B6 E9,0,OK
2026-09-30T13:08:47.888Z,10096.005,observer,RX,baseline,0,stopped,,,0011E9B6,0011,E9B6,1,5,01 00 00 B6 E9,0,OK
2026-09-30T13:08:47.893Z,10100.848,observer,RX,baseline,0,stopped,,,000103B9,0001,03B9,1,7,01 00 00 0F 03 B9 03,0,OK
2026-09-30T13:08:47.893Z,10100.979,observer,RX,baseline,0,stopped,,,001103B9,0011,03B9,1,5,01 00 00 B9 03,0,OK
2026-09-30T13:08:47.898Z,10106.14,observer,RX,baseline,0,stopped,,,00016208,0001,6208,1,7,01 00 00 0F 03 08 62,0,OK
2026-09-30T13:08:47.898Z,10106.346,observer,RX,baseline,0,stopped,,,00116208,0011,6208,1,5,01 00 00 08 62,0,OK
2026-09-30T13:08:47.903Z,10110.879,observer,RX,baseline,0,stopped,,,0001828D,0001,828D,1,7,01 00 00 0F 03 8D 82,0,OK
2026-09-30T13:08:47.903Z,10111.04,observer,RX,baseline,0,stopped,,,0011828D,0011,828D,1,5,01 00 00 8D 82,0,OK
2026-09-30T13:08:47.907Z,10115.765,observer,RX,baseline,0,stopped,,,000183ED,0001,83ED,1,7,01 00 00 0F 03 ED 83,0,OK
2026-09-30T13:08:47.908Z,10115.895,observer,RX,baseline,0,stopped,,,001183ED,0011,83ED,1,5,01 00 00 ED 83,0,OK
2026-09-30T13:08:47.913Z,10120.789,observer,RX,baseline,0,stopped,,,0001BFEF,0001,BFEF,1,7,01 00 00 0F 03 EF BF,0,OK
2026-09-30T13:08:47.913Z,10120.919,observer,RX,baseline,0,stopped,,,0011BFEF,0011,BFEF,1,5,01 00 00 EF BF,0,OK
2026-09-30T13:08:47.917Z,10125.761,observer,RX,baseline,0,stopped,,,00018447,0001,8447,1,7,01 00 00 0F 03 47 84,0,OK
2026-09-30T13:08:47.918Z,10125.896,observer,RX,baseline,0,stopped,,,00118447,0011,8447,1,5,01 00 00 47 84,0,OK
2026-09-30T13:08:47.923Z,10130.817,observer,RX,baseline,0,stopped,,,00010E76,0001,0E76,1,7,01 00 00 0F 03 76 0E,0,OK
2026-09-30T13:08:47.923Z,10130.929,observer,RX,baseline,0,stopped,,,00110E76,0011,0E76,1,5,01 00 00 76 0E,0,OK
2026-09-30T13:08:47.927Z,10135.74,observer,RX,baseline,0,stopped,,,00011102,0001,1102,1,7,01 00 00 0F 03 02 11,0,OK
2026-09-30T13:08:47.928Z,10135.942,observer,RX,baseline,0,stopped,,,00111102,0011,1102,1,5,01 00 00 02 11,0,OK
2026-09-30T13:08:47.932Z,10140.752,observer,RX,baseline,0,stopped,,,00010FCF,0001,0FCF,1,7,01 00 00 0F 03 CF 0F,0,OK
2026-09-30T13:08:47.933Z,10140.939,observer,RX,baseline,0,stopped,,,00110FCF,0011,0FCF,1,5,01 00 00 CF 0F,0,OK
2026-09-30T13:08:47.937Z,10145.768,observer,RX,baseline,0,stopped,,,000123EF,0001,23EF,1,7,01 00 00 0F 03 EF 23,0,OK
2026-09-30T13:08:47.938Z,10145.876,observer,RX,baseline,0,stopped,,,001123EF,0011,23EF,1,5,01 00 00 EF 23,0,OK
2026-09-30T13:08:47.943Z,10150.917,observer,RX,baseline,0,stopped,,,0001E1A6,0001,E1A6,1,7,01 00 00 0F 03 A6 E1,0,OK
2026-09-30T13:08:47.943Z,10151.011,observer,RX,baseline,0,stopped,,,0011E1A6,0011,E1A6,1,5,01 00 00 A6 E1,0,OK
2026-09-30T13:08:47.948Z,10155.89,observer,RX,baseline,0,stopped,,,000125B0,0001,25B0,1,7,01 00 00 0F 03 B0 25,0,OK
2026-09-30T13:08:47.948Z,10155.981,observer,RX,baseline,0,stopped,,,001125B0,0011,25B0,1,5,01 00 00 B0 25,0,OK
2026-09-30T13:08:47.953Z,10160.88,observer,RX,baseline,0,stopped,,,00017E54,0001,7E54,1,7,01 00 00 0F 03 54 7E,0,OK
2026-09-30T13:08:47.953Z,10160.957,observer,RX,baseline,0,stopped,,,00117E54,0011,7E54,1,5,01 00 00 54 7E,0,OK
2026-09-30T13:08:47.958Z,10165.829,observer,RX,baseline,0,stopped,,,0001B853,0001,B853,1,7,01 00 00 0F 03 53 B8,0,OK
2026-09-30T13:08:47.958Z,10165.905,observer,RX,baseline,0,stopped,,,0011B853,0011,B853,1,5,01 00 00 53 B8,0,OK
2026-09-30T13:08:47.962Z,10170.699,observer,RX,baseline,0,stopped,,,00019F1A,0001,9F1A,1,7,01 00 00 0F 03 1A 9F,0,OK
2026-09-30T13:08:47.963Z,10170.95,observer,RX,baseline,0,stopped,,,00119F1A,0011,9F1A,1,5,01 00 00 1A 9F,0,OK
2026-09-30T13:08:47.967Z,10175.689,observer,RX,baseline,0,stopped,,,0001DC0C,0001,DC0C,1,7,01 00 00 0F 03 0C DC,0,OK
2026-09-30T13:08:47.968Z,10175.941,observer,RX,baseline,0,stopped,,,0011DC0C,0011,DC0C,1,5,01 00 00 0C DC,0,OK
2026-09-30T13:08:47.972Z,10180.701,observer,RX,baseline,0,stopped,,,00010B78,0001,0B78,1,7,01 00 00 0F 03 78 0B,0,OK
2026-09-30T13:08:47.973Z,10180.951,observer,RX,baseline,0,stopped,,,00110B78,0011,0B78,1,5,01 00 00 78 0B,0,OK
2026-09-30T13:08:47.977Z,10185.669,observer,RX,baseline,0,stopped,,,0001112F,0001,112F,1,7,01 00 00 0F 03 2F 11,0,OK
2026-09-30T13:08:47.978Z,10185.915,observer,RX,baseline,0,stopped,,,0011112F,0011,112F,1,5,01 00 00 2F 11,0,OK
2026-09-30T13:08:47.982Z,10190.705,observer,RX,baseline,0,stopped,,,0001C0DE,0001,C0DE,1,7,01 00 00 0F 03 DE C0,0,OK
2026-09-30T13:08:47.983Z,10190.959,observer,RX,baseline,0,stopped,,,0011C0DE,0011,C0DE,1,5,01 00 00 DE C0,0,OK
2026-09-30T13:08:47.988Z,10195.84,observer,RX,baseline,0,stopped,,,00012552,0001,2552,1,7,01 00 00 0F 03 52 25,0,OK
2026-09-30T13:08:47.988Z,10195.953,observer,RX,baseline,0,stopped,,,00112552,0011,2552,1,5,01 00 00 52 25,0,OK
2026-09-30T13:08:47.993Z,10200.876,observer,RX,baseline,0,stopped,,,0001BBC7,0001,BBC7,1,7,01 00 00 0F 03 C7 BB,0,OK
2026-09-30T13:08:47.993Z,10200.982,observer,RX,baseline,0,stopped,,,0011BBC7,0011,BBC7,1,5,01 00 00 C7 BB,0,OK
2026-09-30T13:08:47.997Z,10205.776,observer,RX,baseline,0,stopped,,,00011A4C,0001,1A4C,1,7,01 00 00 0F 03 4C 1A,0,OK
2026-09-30T13:08:47.998Z,10205.95,observer,RX,baseline,0,stopped,,,00111A4C,0011,1A4C,1,5,01 00 00 4C 1A,0,OK
2026-09-30T13:08:48.002Z,10210.765,observer,RX,baseline,0,stopped,,,0001BF02,0001,BF02,1,7,01 00 00 0F 03 02 BF,0,OK
2026-09-30T13:08:48.003Z,10210.94,observer,RX,baseline,0,stopped,,,0011BF02,0011,BF02,1,5,01 00 00 02 BF,0,OK
2026-09-30T13:08:48.007Z,10215.741,observer,RX,baseline,0,stopped,,,00011462,0001,1462,1,7,01 00 00 0F 03 62 14,0,OK
2026-09-30T13:08:48.008Z,10215.918,observer,RX,baseline,0,stopped,,,00111462,0011,1462,1,5,01 00 00 62 14,0,OK
2026-09-30T13:08:48.012Z,10220.711,observer,RX,baseline,0,stopped,,,000127B2,0001,27B2,1,7,01 00 00 0F 03 B2 27,0,OK
2026-09-30T13:08:48.013Z,10220.919,observer,RX,baseline,0,stopped,,,001127B2,0011,27B2,1,5,01 00 00 B2 27,0,OK
2026-09-30T13:08:48.017Z,10225.669,observer,RX,baseline,0,stopped,,,0001A5E4,0001,A5E4,1,7,01 00 00 0F 03 E4 A5,0,OK
2026-09-30T13:08:48.018Z,10225.915,observer,RX,baseline,0,stopped,,,0011A5E4,0011,A5E4,1,5,01 00 00 E4 A5,0,OK
2026-09-30T13:08:48.022Z,10230.777,observer,RX,baseline,0,stopped,,,0001F04E,0001,F04E,1,7,01 00 00 0F 03 4E F0,0,OK
2026-09-30T13:08:48.023Z,10230.941,observer,RX,baseline,0,stopped,,,0011F04E,0011,F04E,1,5,01 00 00 4E F0,0,OK
2026-09-30T13:08:48.028Z,10235.841,observer,RX,baseline,0,stopped,,,00013D08,0001,3D08,1,7,01 00 00 0F 03 08 3D,0,OK
2026-09-30T13:08:48.028Z,10235.916,observer,RX,baseline,0,stopped,,,00113D08,0011,3D08,1,5,01 00 00 08 3D,0,OK
2026-09-30T13:08:48.032Z,10240.658,observer,RX,baseline,0,stopped,,,000102A4,0001,02A4,1,7,01 00 00 0F 03 A4 02,0,OK
2026-09-30T13:08:48.033Z,10240.919,observer,RX,baseline,0,stopped,,,001102A4,0011,02A4,1,5,01 00 00 A4 02,0,OK
2026-09-30T13:08:48.037Z,10245.691,observer,RX,baseline,0,stopped,,,000151C5,0001,51C5,1,7,01 00 00 0F 03 C5 51,0,OK
2026-09-30T13:08:48.038Z,10245.907,observer,RX,baseline,0,stopped,,,001151C5,0011,51C5,1,5,01 00 00 C5 51,0,OK
2026-09-30T13:08:48.042Z,10250.668,observer,RX,baseline,0,stopped,,,0001D0B3,0001,D0B3,1,7,01 00 00 0F 03 B3 D0,0,OK
2026-09-30T13:08:48.043Z,10250.917,observer,RX,baseline,0,stopped,,,0011D0B3,0011,D0B3,1,5,01 00 00 B3 D0,0,OK
2026-09-30T13:08:48.047Z,10255.724,observer,RX,baseline,0,stopped,,,0001F7FE,0001,F7FE,1,7,01 00 00 0F 03 FE F7,0,OK
2026-09-30T13:08:48.048Z,10255.906,observer,RX,baseline,0,stopped,,,0011F7FE,0011,F7FE,1,5,01 00 00 FE F7,0,OK
2026-09-30T13:08:48.053Z,10260.798,observer,RX,baseline,0,stopped,,,0001B9D5,0001,B9D5,1,7,01 00 00 0F 03 D5 B9,0,OK
2026-09-30T13:08:48.053Z,10260.88,observer,RX,baseline,0,stopped,,,0011B9D5,0011,B9D5,1,5,01 00 00 D5 B9,0,OK
2026-09-30T13:08:48.058Z,10266.187,observer,RX,baseline,0,stopped,,,00014737,0001,4737,1,7,01 00 00 0F 03 37 47,0,OK
2026-09-30T13:08:48.059Z,10267.041,observer,RX,baseline,0,stopped,,,00114737,0011,4737,1,5,01 00 00 37 47,0,OK
2026-09-30T13:08:48.062Z,10270.665,observer,RX,baseline,0,stopped,,,0001E987,0001,E987,1,7,01 00 00 0F 03 87 E9,0,OK
2026-09-30T13:08:48.063Z,10270.926,observer,RX,baseline,0,stopped,,,0011E987,0011,E987,1,5,01 00 00 87 E9,0,OK
2026-09-30T13:08:48.068Z,10275.776,observer,RX,baseline,0,stopped,,,0001A7B1,0001,A7B1,1,7,01 00 00 0F 03 B1 A7,0,OK
2026-09-30T13:08:48.068Z,10275.906,observer,RX,baseline,0,stopped,,,0011A7B1,0011,A7B1,1,5,01 00 00 B1 A7,0,OK
2026-09-30T13:08:48.073Z,10281.119,observer,RX,baseline,0,stopped,,,000102E0,0001,02E0,1,7,01 00 00 0F 03 E0 02,0,OK
2026-09-30T13:08:48.073Z,10281.246,observer,RX,baseline,0,stopped,,,001102E0,0011,02E0,1,5,01 00 00 E0 02,0,OK
2026-09-30T13:08:48.078Z,10286.099,observer,RX,baseline,0,stopped,,,0001059D,0001,059D,1,7,01 00 00 0F 03 9D 05,0,OK
2026-09-30T13:08:48.078Z,10286.233,observer,RX,baseline,0,stopped,,,0011059D,0011,059D,1,5,01 00 00 9D 05,0,OK
2026-09-30T13:08:48.083Z,10291.158,observer,RX,baseline,0,stopped,,,0001EB6F,0001,EB6F,1,7,01 00 00 0F 03 6F EB,0,OK
2026-09-30T13:08:48.083Z,10291.285,observer,RX,baseline,0,stopped,,,0011EB6F,0011,EB6F,1,5,01 00 00 6F EB,0,OK
2026-09-30T13:08:48.087Z,10295.728,observer,RX,baseline,0,stopped,,,000125C6,0001,25C6,1,7,01 00 00 0F 03 C6 25,0,OK
2026-09-30T13:08:48.088Z,10295.864,observer,RX,baseline,0,stopped,,,001125C6,0011,25C6,1,5,01 00 00 C6 25,0,OK
2026-09-30T13:08:48.092Z,10300.765,observer,RX,baseline,0,stopped,,,00015615,0001,5615,1,7,01 00 00 0F 03 15 56,0,OK
2026-09-30T13:08:48.093Z,10300.895,observer,RX,baseline,0,stopped,,,00115615,0011,5615,1,5,01 00 00 15 56,0,OK
2026-09-30T13:08:48.097Z,10305.722,observer,RX,baseline,0,stopped,,,000147DD,0001,47DD,1,7,01 00 00 0F 03 DD 47,0,OK
2026-09-30T13:08:48.098Z,10305.891,observer,RX,baseline,0,stopped,,,001147DD,0011,47DD,1,5,01 00 00 DD 47,0,OK
2026-09-30T13:08:48.103Z,10311.603,observer,RX,baseline,0,stopped,,,0001CA1A,0001,CA1A,1,7,01 00 00 0F 03 1A CA,0,OK
2026-09-30T13:08:48.103Z,10311.729,observer,RX,baseline,0,stopped,,,0011CA1A,0011,CA1A,1,5,01 00 00 1A CA,0,OK
2026-09-30T13:08:48.107Z,10315.7,observer,RX,baseline,0,stopped,,,0001015A,0001,015A,1,7,01 00 00 0F 03 5A 01,0,OK
2026-09-30T13:08:48.108Z,10315.851,observer,RX,baseline,0,stopped,,,0011015A,0011,015A,1,5,01 00 00 5A 01,0,OK
2026-09-30T13:08:48.113Z,10320.874,observer,RX,baseline,0,stopped,,,0001A08E,0001,A08E,1,7,01 00 00 0F 03 8E A0,0,OK
2026-09-30T13:08:48.113Z,10321.001,observer,RX,baseline,0,stopped,,,0011A08E,0011,A08E,1,5,01 00 00 8E A0,0,OK
2026-09-30T13:08:48.117Z,10325.7,observer,RX,baseline,0,stopped,,,0001BC80,0001,BC80,1,7,01 00 00 0F 03 80 BC,0,OK
2026-09-30T13:08:48.118Z,10325.854,observer,RX,baseline,0,stopped,,,0011BC80,0011,BC80,1,5,01 00 00 80 BC,0,OK
2026-09-30T13:08:48.122Z,10330.738,observer,RX,baseline,0,stopped,,,0001C5B3,0001,C5B3,1,7,01 00 00 0F 03 B3 C5,0,OK
2026-09-30T13:08:48.123Z,10330.891,observer,RX,baseline,0,stopped,,,0011C5B3,0011,C5B3,1,5,01 00 00 B3 C5,0,OK
2026-09-30T13:08:48.128Z,10335.783,observer,RX,baseline,0,stopped,,,0001C60B,0001,C60B,1,7,01 00 00 0F 03 0B C6,0,OK
2026-09-30T13:08:48.128Z,10335.911,observer,RX,baseline,0,stopped,,,0011C60B,0011,C60B,1,5,01 00 00 0B C6,0,OK
2026-09-30T13:08:48.132Z,10340.701,observer,RX,baseline,0,stopped,,,0001B603,0001,B603,1,7,01 00 00 0F 03 03 B6,0,OK
2026-09-30T13:08:48.133Z,10340.911,observer,RX,baseline,0,stopped,,,0011B603,0011,B603,1,5,01 00 00 03 B6,0,OK
2026-09-30T13:08:48.138Z,10346.592,observer,RX,baseline,0,stopped,,,0001F098,0001,F098,1,7,01 00 00 0F 03 98 F0,0,OK
2026-09-30T13:08:48.138Z,10346.718,observer,RX,baseline,0,stopped,,,0011F098,0011,F098,1,5,01 00 00 98 F0,0,OK
2026-09-30T13:08:48.142Z,10350.709,observer,RX,baseline,0,stopped,,,00017613,0001,7613,1,7,01 00 00 0F 03 13 76,0,OK
2026-09-30T13:08:48.143Z,10350.866,observer,RX,baseline,0,stopped,,,00117613,0011,7613,1,5,01 00 00 13 76,0,OK
2026-09-30T13:08:48.147Z,10355.76,observer,RX,baseline,0,stopped,,,00015FBA,0001,5FBA,1,7,01 00 00 0F 03 BA 5F,0,OK
2026-09-30T13:08:48.148Z,10355.897,observer,RX,baseline,0,stopped,,,00115FBA,0011,5FBA,1,5,01 00 00 BA 5F,0,OK
2026-09-30T13:08:48.153Z,10361.571,observer,RX,baseline,0,stopped,,,0001F65D,0001,F65D,1,7,01 00 00 0F 03 5D F6,0,OK
2026-09-30T13:08:48.153Z,10361.698,observer,RX,baseline,0,stopped,,,0011F65D,0011,F65D,1,5,01 00 00 5D F6,0,OK
2026-09-30T13:08:48.157Z,10365.717,observer,RX,baseline,0,stopped,,,00010165,0001,0165,1,7,01 00 00 0F 03 65 01,0,OK
2026-09-30T13:08:48.158Z,10365.841,observer,RX,baseline,0,stopped,,,00110165,0011,0165,1,5,01 00 00 65 01,0,OK
2026-09-30T13:08:48.162Z,10370.666,observer,RX,baseline,0,stopped,,,0001D7B9,0001,D7B9,1,7,01 00 00 0F 03 B9 D7,0,OK
2026-09-30T13:08:48.163Z,10370.919,observer,RX,baseline,0,stopped,,,0011D7B9,0011,D7B9,1,5,01 00 00 B9 D7,0,OK
2026-09-30T13:08:48.167Z,10375.665,observer,RX,baseline,0,stopped,,,00015B0E,0001,5B0E,1,7,01 00 00 0F 03 0E 5B,0,OK
2026-09-30T13:08:48.168Z,10375.972,observer,RX,baseline,0,stopped,,,00115B0E,0011,5B0E,1,5,01 00 00 0E 5B,0,OK
2026-09-30T13:08:48.172Z,10380.675,observer,RX,baseline,0,stopped,,,0001CB0C,0001,CB0C,1,7,01 00 00 0F 03 0C CB,0,OK
2026-09-30T13:08:48.173Z,10380.912,observer,RX,baseline,0,stopped,,,0011CB0C,0011,CB0C,1,5,01 00 00 0C CB,0,OK
2026-09-30T13:08:48.177Z,10385.667,observer,RX,baseline,0,stopped,,,000178B5,0001,78B5,1,7,01 00 00 0F 03 B5 78,0,OK
2026-09-30T13:08:48.178Z,10385.916,observer,RX,baseline,0,stopped,,,001178B5,0011,78B5,1,5,01 00 00 B5 78,0,OK
2026-09-30T13:08:48.182Z,10390.663,observer,RX,baseline,0,stopped,,,00016E79,0001,6E79,1,7,01 00 00 0F 03 79 6E,0,OK
2026-09-30T13:08:48.183Z,10390.947,observer,RX,baseline,0,stopped,,,00116E79,0011,6E79,1,5,01 00 00 79 6E,0,OK
2026-09-30T13:08:48.189Z,10396.836,observer,RX,baseline,0,stopped,,,000142B7,0001,42B7,1,7,01 00 00 0F 03 B7 42,0,OK
2026-09-30T13:08:48.189Z,10396.97,observer,RX,baseline,0,stopped,,,001142B7,0011,42B7,1,5,01 00 00 B7 42,0,OK
2026-09-30T13:08:48.193Z,10401.553,observer,RX,baseline,0,stopped,,,00014018,0001,4018,1,7,01 00 00 0F 03 18 40,0,OK
2026-09-30T13:08:48.193Z,10401.68,observer,RX,baseline,0,stopped,,,00114018,0011,4018,1,5,01 00 00 18 40,0,OK
2026-09-30T13:08:48.197Z,10405.719,observer,RX,baseline,0,stopped,,,0001340E,0001,340E,1,7,01 00 00 0F 03 0E 34,0,OK
2026-09-30T13:08:48.198Z,10405.846,observer,RX,baseline,0,stopped,,,0011340E,0011,340E,1,5,01 00 00 0E 34,0,OK
2026-09-30T13:08:48.203Z,10410.777,observer,RX,baseline,0,stopped,,,00013DF6,0001,3DF6,1,7,01 00 00 0F 03 F6 3D,0,OK
2026-09-30T13:08:48.203Z,10410.908,observer,RX,baseline,0,stopped,,,00113DF6,0011,3DF6,1,5,01 00 00 F6 3D,0,OK
2026-09-30T13:08:48.208Z,10415.889,observer,RX,baseline,0,stopped,,,0001E176,0001,E176,1,7,01 00 00 0F 03 76 E1,0,OK
2026-09-30T13:08:48.208Z,10416.017,observer,RX,baseline,0,stopped,,,0011E176,0011,E176,1,5,01 00 00 76 E1,0,OK
2026-09-30T13:08:48.213Z,10420.843,observer,RX,baseline,0,stopped,,,0001A4F8,0001,A4F8,1,7,01 00 00 0F 03 F8 A4,0,OK
2026-09-30T13:08:48.213Z,10420.973,observer,RX,baseline,0,stopped,,,0011A4F8,0011,A4F8,1,5,01 00 00 F8 A4,0,OK
2026-09-30T13:08:48.217Z,10425.727,observer,RX,baseline,0,stopped,,,00010A8D,0001,0A8D,1,7,01 00 00 0F 03 8D 0A,0,OK
2026-09-30T13:08:48.218Z,10425.847,observer,RX,baseline,0,stopped,,,00110A8D,0011,0A8D,1,5,01 00 00 8D 0A,0,OK
2026-09-30T13:08:48.222Z,10430.716,observer,RX,baseline,0,stopped,,,0001EBD0,0001,EBD0,1,7,01 00 00 0F 03 D0 EB,0,OK
2026-09-30T13:08:48.223Z,10430.934,observer,RX,baseline,0,stopped,,,0011EBD0,0011,EBD0,1,5,01 00 00 D0 EB,0,OK
2026-09-30T13:08:48.228Z,10435.894,observer,RX,baseline,0,stopped,,,00019CDF,0001,9CDF,1,7,01 00 00 0F 03 DF 9C,0,OK
2026-09-30T13:08:48.228Z,10436.031,observer,RX,baseline,0,stopped,,,00119CDF,0011,9CDF,1,5,01 00 00 DF 9C,0,OK
2026-09-30T13:08:48.233Z,10440.773,observer,RX,baseline,0,stopped,,,0001F925,0001,F925,1,7,01 00 00 0F 03 25 F9,0,OK
2026-09-30T13:08:48.233Z,10440.912,observer,RX,baseline,0,stopped,,,0011F925,0011,F925,1,5,01 00 00 25 F9,0,OK
2026-09-30T13:08:48.237Z,10445.647,observer,RX,baseline,0,stopped,,,0001BD8C,0001,BD8C,1,7,01 00 00 0F 03 8C BD,0,OK
2026-09-30T13:08:48.238Z,10445.893,observer,RX,baseline,0,stopped,,,0011BD8C,0011,BD8C,1,5,01 00 00 8C BD,0,OK
2026-09-30T13:08:48.242Z,10450.64,observer,RX,baseline,0,stopped,,,0001C79D,0001,C79D,1,7,01 00 00 0F 03 9D C7,0,OK
2026-09-30T13:08:48.243Z,10450.866,observer,RX,baseline,0,stopped,,,0011C79D,0011,C79D,1,5,01 00 00 9D C7,0,OK
2026-09-30T13:08:48.247Z,10455.64,observer,RX,baseline,0,stopped,,,0001C4DC,0001,C4DC,1,7,01 00 00 0F 03 DC C4,0,OK
2026-09-30T13:08:48.248Z,10455.867,observer,RX,baseline,0,stopped,,,0011C4DC,0011,C4DC,1,5,01 00 00 DC C4,0,OK
2026-09-30T13:08:48.252Z,10460.642,observer,RX,baseline,0,stopped,,,0001986C,0001,986C,1,7,01 00 00 0F 03 6C 98,0,OK
2026-09-30T13:08:48.253Z,10460.891,observer,RX,baseline,0,stopped,,,0011986C,0011,986C,1,5,01 00 00 6C 98,0,OK
2026-09-30T13:08:48.257Z,10465.669,observer,RX,baseline,0,stopped,,,0001B405,0001,B405,1,7,01 00 00 0F 03 05 B4,0,OK
2026-09-30T13:08:48.258Z,10465.913,observer,RX,baseline,0,stopped,,,0011B405,0011,B405,1,5,01 00 00 05 B4,0,OK
2026-09-30T13:08:48.262Z,10470.643,observer,RX,baseline,0,stopped,,,0001D898,0001,D898,1,7,01 00 00 0F 03 98 D8,0,OK
2026-09-30T13:08:48.263Z,10470.895,observer,RX,baseline,0,stopped,,,0011D898,0011,D898,1,5,01 00 00 98 D8,0,OK
2026-09-30T13:08:48.267Z,10475.644,observer,RX,baseline,0,stopped,,,0001D7F0,0001,D7F0,1,7,01 00 00 0F 03 F0 D7,0,OK
2026-09-30T13:08:48.268Z,10475.912,observer,RX,baseline,0,stopped,,,0011D7F0,0011,D7F0,1,5,01 00 00 F0 D7,0,OK
2026-09-30T13:08:48.272Z,10480.667,observer,RX,baseline,0,stopped,,,0001C706,0001,C706,1,7,01 00 00 0F 03 06 C7,0,OK
2026-09-30T13:08:48.273Z,10480.956,observer,RX,baseline,0,stopped,,,0011C706,0011,C706,1,5,01 00 00 06 C7,0,OK
2026-09-30T13:08:48.277Z,10485.635,observer,RX,baseline,0,stopped,,,0001E4B8,0001,E4B8,1,7,01 00 00 0F 03 B8 E4,0,OK
2026-09-30T13:08:48.278Z,10485.888,observer,RX,baseline,0,stopped,,,0011E4B8,0011,E4B8,1,5,01 00 00 B8 E4,0,OK
2026-09-30T13:08:48.282Z,10490.654,observer,RX,baseline,0,stopped,,,0001F91A,0001,F91A,1,7,01 00 00 0F 03 1A F9,0,OK
2026-09-30T13:08:48.283Z,10490.897,observer,RX,baseline,0,stopped,,,0011F91A,0011,F91A,1,5,01 00 00 1A F9,0,OK
2026-09-30T13:08:48.287Z,10495.645,observer,RX,baseline,0,stopped,,,0001DC40,0001,DC40,1,7,01 00 00 0F 03 40 DC,0,OK
2026-09-30T13:08:48.288Z,10495.893,observer,RX,baseline,0,stopped,,,0011DC40,0011,DC40,1,5,01 00 00 40 DC,0,OK
2026-09-30T13:08:48.292Z,10500.643,observer,RX,baseline,0,stopped,,,00012569,0001,2569,1,7,01 00 00 0F 03 69 25,0,OK
2026-09-30T13:08:48.293Z,10500.889,observer,RX,baseline,0,stopped,,,00112569,0011,2569,1,5,01 00 00 69 25,0,OK
2026-09-30T13:08:48.297Z,10505.646,observer,RX,baseline,0,stopped,,,0001870E,0001,870E,1,7,01 00 00 0F 03 0E 87,0,OK
2026-09-30T13:08:48.298Z,10505.891,observer,RX,baseline,0,stopped,,,0011870E,0011,870E,1,5,01 00 00 0E 87,0,OK
2026-09-30T13:08:48.302Z,10510.664,observer,RX,baseline,0,stopped,,,0001D3CB,0001,D3CB,1,7,01 00 00 0F 03 CB D3,0,OK
2026-09-30T13:08:48.303Z,10510.888,observer,RX,baseline,0,stopped,,,0011D3CB,0011,D3CB,1,5,01 00 00 CB D3,0,OK
2026-09-30T13:08:48.307Z,10515.642,observer,RX,baseline,0,stopped,,,0001BD51,0001,BD51,1,7,01 00 00 0F 03 51 BD,0,OK
2026-09-30T13:08:48.308Z,10515.89,observer,RX,baseline,0,stopped,,,0011BD51,0011,BD51,1,5,01 00 00 51 BD,0,OK
2026-09-30T13:08:48.312Z,10520.669,observer,RX,baseline,0,stopped,,,000177DB,0001,77DB,1,7,01 00 00 0F 03 DB 77,0,OK
2026-09-30T13:08:48.313Z,10520.882,observer,RX,baseline,0,stopped,,,001177DB,0011,77DB,1,5,01 00 00 DB 77,0,OK
2026-09-30T13:08:48.317Z,10525.64,observer,RX,baseline,0,stopped,,,0001EEBB,0001,EEBB,1,7,01 00 00 0F 03 BB EE,0,OK
2026-09-30T13:08:48.318Z,10525.882,observer,RX,baseline,0,stopped,,,0011EEBB,0011,EEBB,1,5,01 00 00 BB EE,0,OK
2026-09-30T13:08:48.322Z,10530.633,observer,RX,baseline,0,stopped,,,0001FE98,0001,FE98,1,7,01 00 00 0F 03 98 FE,0,OK
2026-09-30T13:08:48.323Z,10530.887,observer,RX,baseline,0,stopped,,,0011FE98,0011,FE98,1,5,01 00 00 98 FE,0,OK
2026-09-30T13:08:48.327Z,10535.658,observer,RX,baseline,0,stopped,,,00017A91,0001,7A91,1,7,01 00 00 0F 03 91 7A,0,OK
2026-09-30T13:08:48.328Z,10535.866,observer,RX,baseline,0,stopped,,,00117A91,0011,7A91,1,5,01 00 00 91 7A,0,OK
2026-09-30T13:08:48.332Z,10540.67,observer,RX,baseline,0,stopped,,,0001F5CA,0001,F5CA,1,7,01 00 00 0F 03 CA F5,0,OK
2026-09-30T13:08:48.333Z,10540.892,observer,RX,baseline,0,stopped,,,0011F5CA,0011,F5CA,1,5,01 00 00 CA F5,0,OK
2026-09-30T13:08:48.337Z,10545.655,observer,RX,baseline,0,stopped,,,00016A25,0001,6A25,1,7,01 00 00 0F 03 25 6A,0,OK
2026-09-30T13:08:48.338Z,10545.869,observer,RX,baseline,0,stopped,,,00116A25,0011,6A25,1,5,01 00 00 25 6A,0,OK
2026-09-30T13:08:48.342Z,10550.642,observer,RX,baseline,0,stopped,,,00011B63,0001,1B63,1,7,01 00 00 0F 03 63 1B,0,OK
2026-09-30T13:08:48.343Z,10550.894,observer,RX,baseline,0,stopped,,,00111B63,0011,1B63,1,5,01 00 00 63 1B,0,OK
2026-09-30T13:08:48.347Z,10555.64,observer,RX,baseline,0,stopped,,,00019296,0001,9296,1,7,01 00 00 0F 03 96 92,0,OK
2026-09-30T13:08:48.348Z,10555.888,observer,RX,baseline,0,stopped,,,00119296,0011,9296,1,5,01 00 00 96 92,0,OK
2026-09-30T13:08:48.352Z,10560.638,observer,RX,baseline,0,stopped,,,000110DE,0001,10DE,1,7,01 00 00 0F 03 DE 10,0,OK
2026-09-30T13:08:48.353Z,10560.89,observer,RX,baseline,0,stopped,,,001110DE,0011,10DE,1,5,01 00 00 DE 10,0,OK
2026-09-30T13:08:48.357Z,10565.636,observer,RX,baseline,0,stopped,,,00010786,0001,0786,1,7,01 00 00 0F 03 86 07,0,OK
2026-09-30T13:08:48.358Z,10565.89,observer,RX,baseline,0,stopped,,,00110786,0011,0786,1,5,01 00 00 86 07,0,OK
2026-09-30T13:08:48.362Z,10570.642,observer,RX,baseline,0,stopped,,,0001BE7B,0001,BE7B,1,7,01 00 00 0F 03 7B BE,0,OK
2026-09-30T13:08:48.363Z,10570.881,observer,RX,baseline,0,stopped,,,0011BE7B,0011,BE7B,1,5,01 00 00 7B BE,0,OK
2026-09-30T13:08:48.367Z,10575.642,observer,RX,baseline,0,stopped,,,00014F28,0001,4F28,1,7,01 00 00 0F 03 28 4F,0,OK
2026-09-30T13:08:48.368Z,10576.072,observer,RX,baseline,0,stopped,,,00114F28,0011,4F28,1,5,01 00 00 28 4F,0,OK
2026-09-30T13:08:48.372Z,10580.637,observer,RX,baseline,0,stopped,,,0001E3CA,0001,E3CA,1,7,01 00 00 0F 03 CA E3,0,OK
2026-09-30T13:08:48.373Z,10580.88,observer,RX,baseline,0,stopped,,,0011E3CA,0011,E3CA,1,5,01 00 00 CA E3,0,OK
2026-09-30T13:08:48.377Z,10585.609,observer,RX,baseline,0,stopped,,,000150D3,0001,50D3,1,7,01 00 00 0F 03 D3 50,0,OK
2026-09-30T13:08:48.378Z,10585.885,observer,RX,baseline,0,stopped,,,001150D3,0011,50D3,1,5,01 00 00 D3 50,0,OK
2026-09-30T13:08:48.382Z,10590.608,observer,RX,baseline,0,stopped,,,0001AAD1,0001,AAD1,1,7,01 00 00 0F 03 D1 AA,0,OK
2026-09-30T13:08:48.383Z,10590.856,observer,RX,baseline,0,stopped,,,0011AAD1,0011,AAD1,1,5,01 00 00 D1 AA,0,OK
2026-09-30T13:08:48.387Z,10595.633,observer,RX,baseline,0,stopped,,,00010A00,0001,0A00,1,7,01 00 00 0F 03 00 0A,0,OK
2026-09-30T13:08:48.388Z,10595.839,observer,RX,baseline,0,stopped,,,00110A00,0011,0A00,1,5,01 00 00 00 0A,0,OK
2026-09-30T13:08:48.392Z,10600.655,observer,RX,baseline,0,stopped,,,0001C8E5,0001,C8E5,1,7,01 00 00 0F 03 E5 C8,0,OK
2026-09-30T13:08:48.393Z,10600.878,observer,RX,baseline,0,stopped,,,0011C8E5,0011,C8E5,1,5,01 00 00 E5 C8,0,OK
2026-09-30T13:08:48.397Z,10605.638,observer,RX,baseline,0,stopped,,,00014A5B,0001,4A5B,1,7,01 00 00 0F 03 5B 4A,0,OK
2026-09-30T13:08:48.398Z,10605.892,observer,RX,baseline,0,stopped,,,00114A5B,0011,4A5B,1,5,01 00 00 5B 4A,0,OK
2026-09-30T13:08:48.402Z,10610.639,observer,RX,baseline,0,stopped,,,0001C7E7,0001,C7E7,1,7,01 00 00 0F 03 E7 C7,0,OK
2026-09-30T13:08:48.403Z,10610.913,observer,RX,baseline,0,stopped,,,0011C7E7,0011,C7E7,1,5,01 00 00 E7 C7,0,OK
2026-09-30T13:08:48.407Z,10615.645,observer,RX,baseline,0,stopped,,,00018A4D,0001,8A4D,1,7,01 00 00 0F 03 4D 8A,0,OK
2026-09-30T13:08:48.408Z,10615.88,observer,RX,baseline,0,stopped,,,00118A4D,0011,8A4D,1,5,01 00 00 4D 8A,0,OK
2026-09-30T13:08:48.412Z,10620.642,observer,RX,baseline,0,stopped,,,0001F87C,0001,F87C,1,7,01 00 00 0F 03 7C F8,0,OK
2026-09-30T13:08:48.413Z,10620.868,observer,RX,baseline,0,stopped,,,0011F87C,0011,F87C,1,5,01 00 00 7C F8,0,OK
2026-09-30T13:08:48.417Z,10625.638,observer,RX,baseline,0,stopped,,,00010C2E,0001,0C2E,1,7,01 00 00 0F 04 2E 0C,0,OK
2026-09-30T13:08:48.418Z,10625.858,observer,RX,baseline,0,stopped,,,00110C2E,0011,0C2E,1,5,01 00 00 2E 0C,0,OK
2026-09-30T13:08:48.422Z,10630.638,observer,RX,baseline,0,stopped,,,00012D87,0001,2D87,1,7,01 00 00 0F 03 87 2D,0,OK
2026-09-30T13:08:48.423Z,10630.892,observer,RX,baseline,0,stopped,,,00112D87,0011,2D87,1,5,01 00 00 87 2D,0,OK
2026-09-30T13:08:48.427Z,10635.64,observer,RX,baseline,0,stopped,,,00014AFA,0001,4AFA,1,7,01 00 00 0F 03 FA 4A,0,OK
2026-09-30T13:08:48.428Z,10635.862,observer,RX,baseline,0,stopped,,,00114AFA,0011,4AFA,1,5,01 00 00 FA 4A,0,OK
2026-09-30T13:08:48.432Z,10640.637,observer,RX,baseline,0,stopped,,,000106E4,0001,06E4,1,7,01 00 00 0F 03 E4 06,0,OK
2026-09-30T13:08:48.433Z,10640.904,observer,RX,baseline,0,stopped,,,001106E4,0011,06E4,1,5,01 00 00 E4 06,0,OK
2026-09-30T13:08:48.437Z,10645.615,observer,RX,baseline,0,stopped,,,0001C642,0001,C642,1,7,01 00 00 0F 03 42 C6,0,OK
2026-09-30T13:08:48.438Z,10645.87,observer,RX,baseline,0,stopped,,,0011C642,0011,C642,1,5,01 00 00 42 C6,0,OK
2026-09-30T13:08:48.442Z,10650.641,observer,RX,baseline,0,stopped,,,00015138,0001,5138,1,7,01 00 00 0F 03 38 51,0,OK
2026-09-30T13:08:48.443Z,10650.886,observer,RX,baseline,0,stopped,,,00115138,0011,5138,1,5,01 00 00 38 51,0,OK
2026-09-30T13:08:48.447Z,10655.642,observer,RX,baseline,0,stopped,,,0001C5B1,0001,C5B1,1,7,01 00 00 0F 03 B1 C5,0,OK
2026-09-30T13:08:48.448Z,10655.891,observer,RX,baseline,0,stopped,,,0011C5B1,0011,C5B1,1,5,01 00 00 B1 C5,0,OK
2026-09-30T13:08:48.452Z,10660.641,observer,RX,baseline,0,stopped,,,00017A51,0001,7A51,1,7,01 00 00 0F 03 51 7A,0,OK
2026-09-30T13:08:48.453Z,10660.861,observer,RX,baseline,0,stopped,,,00117A51,0011,7A51,1,5,01 00 00 51 7A,0,OK
2026-09-30T13:08:48.457Z,10665.657,observer,RX,baseline,0,stopped,,,00016756,0001,6756,1,7,01 00 00 0F 03 56 67,0,OK
2026-09-30T13:08:48.458Z,10665.891,observer,RX,baseline,0,stopped,,,00116756,0011,6756,1,5,01 00 00 56 67,0,OK
2026-09-30T13:08:48.462Z,10670.617,observer,RX,baseline,0,stopped,,,0001F96F,0001,F96F,1,7,01 00 00 0F 03 6F F9,0,OK
2026-09-30T13:08:48.463Z,10670.872,observer,RX,baseline,0,stopped,,,0011F96F,0011,F96F,1,5,01 00 00 6F F9,0,OK
2026-09-30T13:08:48.468Z,10676.281,observer,RX,baseline,0,stopped,,,0001DE9E,0001,DE9E,1,7,01 00 00 0F 03 9E DE,0,OK
2026-09-30T13:08:48.468Z,10676.68,observer,RX,baseline,0,stopped,,,0011DE9E,0011,DE9E,1,5,01 00 00 9E DE,0,OK
2026-09-30T13:08:48.473Z,10680.961,observer,RX,baseline,0,stopped,,,00015C69,0001,5C69,1,7,01 00 00 0F 03 69 5C,0,OK
2026-09-30T13:08:48.473Z,10681.039,observer,RX,baseline,0,stopped,,,00115C69,0011,5C69,1,5,01 00 00 69 5C,0,OK
2026-09-30T13:08:48.477Z,10685.722,observer,RX,baseline,0,stopped,,,00018295,0001,8295,1,7,01 00 00 0F 03 95 82,0,OK
2026-09-30T13:08:48.478Z,10685.851,observer,RX,baseline,0,stopped,,,00118295,0011,8295,1,5,01 00 00 95 82,0,OK
2026-09-30T13:08:48.483Z,10690.953,observer,RX,baseline,0,stopped,,,00015A87,0001,5A87,1,7,01 00 00 0F 03 87 5A,0,OK
2026-09-30T13:08:48.483Z,10691.084,observer,RX,baseline,0,stopped,,,00115A87,0011,5A87,1,5,01 00 00 87 5A,0,OK
2026-09-30T13:08:48.488Z,10695.944,observer,RX,baseline,0,stopped,,,00010CF3,0001,0CF3,1,7,01 00 00 0F 03 F3 0C,0,OK
2026-09-30T13:08:48.488Z,10696.079,observer,RX,baseline,0,stopped,,,00110CF3,0011,0CF3,1,5,01 00 00 F3 0C,0,OK
2026-09-30T13:08:48.493Z,10700.884,observer,RX,baseline,0,stopped,,,0001CF96,0001,CF96,1,7,01 00 00 0F 03 96 CF,0,OK
2026-09-30T13:08:48.493Z,10701.013,observer,RX,baseline,0,stopped,,,0011CF96,0011,CF96,1,5,01 00 00 96 CF,0,OK
2026-09-30T13:08:48.498Z,10705.896,observer,RX,baseline,0,stopped,,,000117FA,0001,17FA,1,7,01 00 00 0F 03 FA 17,0,OK
2026-09-30T13:08:48.498Z,10706.026,observer,RX,baseline,0,stopped,,,001117FA,0011,17FA,1,5,01 00 00 FA 17,0,OK
2026-09-30T13:08:48.503Z,10710.938,observer,RX,baseline,0,stopped,,,00011971,0001,1971,1,7,01 00 00 0F 03 71 19,0,OK
2026-09-30T13:08:48.503Z,10711.079,observer,RX,baseline,0,stopped,,,00111971,0011,1971,1,5,01 00 00 71 19,0,OK
2026-09-30T13:08:48.508Z,10715.913,observer,RX,baseline,0,stopped,,,0001CC2E,0001,CC2E,1,7,01 00 00 0F 03 2E CC,0,OK
2026-09-30T13:08:48.508Z,10716.041,observer,RX,baseline,0,stopped,,,0011CC2E,0011,CC2E,1,5,01 00 00 2E CC,0,OK
2026-09-30T13:08:48.513Z,10720.871,observer,RX,baseline,0,stopped,,,00018C1E,0001,8C1E,1,7,01 00 00 0F 03 1E 8C,0,OK
2026-09-30T13:08:48.513Z,10720.999,observer,RX,baseline,0,stopped,,,00118C1E,0011,8C1E,1,5,01 00 00 1E 8C,0,OK
2026-09-30T13:08:48.518Z,10725.926,observer,RX,baseline,0,stopped,,,00016375,0001,6375,1,7,01 00 00 0F 03 75 63,0,OK
2026-09-30T13:08:48.518Z,10726.055,observer,RX,baseline,0,stopped,,,00116375,0011,6375,1,5,01 00 00 75 63,0,OK
2026-09-30T13:08:48.523Z,10730.901,observer,RX,baseline,0,stopped,,,0001782B,0001,782B,1,7,01 00 00 0F 03 2B 78,0,OK
2026-09-30T13:08:48.523Z,10731.039,observer,RX,baseline,0,stopped,,,0011782B,0011,782B,1,5,01 00 00 2B 78,0,OK
2026-09-30T13:08:48.527Z,10735.658,observer,RX,baseline,0,stopped,,,0001DA1B,0001,DA1B,1,7,01 00 00 0F 03 1B DA,0,OK
2026-09-30T13:08:48.528Z,10735.892,observer,RX,baseline,0,stopped,,,0011DA1B,0011,DA1B,1,5,01 00 00 1B DA,0,OK
2026-09-30T13:08:48.532Z,10740.63,observer,RX,baseline,0,stopped,,,000190F3,0001,90F3,1,7,01 00 00 0F 03 F3 90,0,OK
2026-09-30T13:08:48.533Z,10740.841,observer,RX,baseline,0,stopped,,,001190F3,0011,90F3,1,5,01 00 00 F3 90,0,OK
2026-09-30T13:08:48.537Z,10745.616,observer,RX,baseline,0,stopped,,,0001BAD1,0001,BAD1,1,7,01 00 00 0F 03 D1 BA,0,OK
2026-09-30T13:08:48.538Z,10745.87,observer,RX,baseline,0,stopped,,,0011BAD1,0011,BAD1,1,5,01 00 00 D1 BA,0,OK
2026-09-30T13:08:48.542Z,10750.672,observer,RX,baseline,0,stopped,,,000147F2,0001,47F2,1,7,01 00 00 0F 03 F2 47,0,OK
2026-09-30T13:08:48.543Z,10750.815,observer,RX,baseline,0,stopped,,,001147F2,0011,47F2,1,5,01 00 00 F2 47,0,OK
2026-09-30T13:08:48.547Z,10755.611,observer,RX,baseline,0,stopped,,,0001899B,0001,899B,1,7,01 00 00 0F 03 9B 89,0,OK
2026-09-30T13:08:48.548Z,10755.863,observer,RX,baseline,0,stopped,,,0011899B,0011,899B,1,5,01 00 00 9B 89,0,OK
2026-09-30T13:08:48.552Z,10760.613,observer,RX,baseline,0,stopped,,,0001904A,0001,904A,1,7,01 00 00 0F 03 4A 90,0,OK
2026-09-30T13:08:48.553Z,10760.864,observer,RX,baseline,0,stopped,,,0011904A,0011,904A,1,5,01 00 00 4A 90,0,OK
2026-09-30T13:08:48.557Z,10765.609,observer,RX,baseline,0,stopped,,,00014A52,0001,4A52,1,7,01 00 00 0F 03 52 4A,0,OK
2026-09-30T13:08:48.558Z,10765.859,observer,RX,baseline,0,stopped,,,00114A52,0011,4A52,1,5,01 00 00 52 4A,0,OK
2026-09-30T13:08:48.562Z,10770.585,observer,RX,baseline,0,stopped,,,00010135,0001,0135,1,7,01 00 00 0F 03 35 01,0,OK
2026-09-30T13:08:48.563Z,10770.818,observer,RX,baseline,0,stopped,,,00110135,0011,0135,1,5,01 00 00 35 01,0,OK
2026-09-30T13:08:48.567Z,10775.57,observer,RX,baseline,0,stopped,,,00011622,0001,1622,1,7,01 00 00 0F 03 22 16,0,OK
2026-09-30T13:08:48.568Z,10775.792,observer,RX,baseline,0,stopped,,,00111622,0011,1622,1,5,01 00 00 22 16,0,OK
2026-09-30T13:08:48.572Z,10780.57,observer,RX,baseline,0,stopped,,,000197ED,0001,97ED,1,7,01 00 00 0F 03 ED 97,0,OK
2026-09-30T13:08:48.573Z,10780.82,observer,RX,baseline,0,stopped,,,001197ED,0011,97ED,1,5,01 00 00 ED 97,0,OK
2026-09-30T13:08:48.577Z,10785.556,observer,RX,baseline,0,stopped,,,0001F021,0001,F021,1,7,01 00 00 0F 03 21 F0,0,OK
2026-09-30T13:08:48.578Z,10785.821,observer,RX,baseline,0,stopped,,,0011F021,0011,F021,1,5,01 00 00 21 F0,0,OK
2026-09-30T13:08:48.582Z,10790.568,observer,RX,baseline,0,stopped,,,0001E54F,0001,E54F,1,7,01 00 00 0F 03 4F E5,0,OK
2026-09-30T13:08:48.583Z,10790.82,observer,RX,baseline,0,stopped,,,0011E54F,0011,E54F,1,5,01 00 00 4F E5,0,OK
2026-09-30T13:08:48.587Z,10795.583,observer,RX,baseline,0,stopped,,,0001F401,0001,F401,1,7,01 00 00 0F 03 01 F4,0,OK
2026-09-30T13:08:48.588Z,10795.793,observer,RX,baseline,0,stopped,,,0011F401,0011,F401,1,5,01 00 00 01 F4,0,OK
2026-09-30T13:08:48.592Z,10800.569,observer,RX,baseline,0,stopped,,,00018950,0001,8950,1,7,01 00 00 0F 03 50 89,0,OK
2026-09-30T13:08:48.593Z,10800.817,observer,RX,baseline,0,stopped,,,00118950,0011,8950,1,5,01 00 00 50 89,0,OK
2026-09-30T13:08:48.597Z,10805.555,observer,RX,baseline,0,stopped,,,00010A68,0001,0A68,1,7,01 00 00 0F 03 68 0A,0,OK
2026-09-30T13:08:48.598Z,10805.795,observer,RX,baseline,0,stopped,,,00110A68,0011,0A68,1,5,01 00 00 68 0A,0,OK
2026-09-30T13:08:48.602Z,10810.572,observer,RX,baseline,0,stopped,,,0001F5F3,0001,F5F3,1,7,01 00 00 0F 03 F3 F5,0,OK
2026-09-30T13:08:48.603Z,10810.799,observer,RX,baseline,0,stopped,,,0011F5F3,0011,F5F3,1,5,01 00 00 F3 F5,0,OK
2026-09-30T13:08:48.607Z,10815.569,observer,RX,baseline,0,stopped,,,00011D68,0001,1D68,1,7,01 00 00 0F 03 68 1D,0,OK
2026-09-30T13:08:48.608Z,10815.807,observer,RX,baseline,0,stopped,,,00111D68,0011,1D68,1,5,01 00 00 68 1D,0,OK
2026-09-30T13:08:48.612Z,10820.585,observer,RX,baseline,0,stopped,,,0001CD65,0001,CD65,1,7,01 00 00 0F 03 65 CD,0,OK
2026-09-30T13:08:48.613Z,10820.867,observer,RX,baseline,0,stopped,,,0011CD65,0011,CD65,1,5,01 00 00 65 CD,0,OK
2026-09-30T13:08:48.617Z,10825.616,observer,RX,baseline,0,stopped,,,00013C3B,0001,3C3B,1,7,01 00 00 0F 03 3B 3C,0,OK
2026-09-30T13:08:48.618Z,10825.873,observer,RX,baseline,0,stopped,,,00113C3B,0011,3C3B,1,5,01 00 00 3B 3C,0,OK
2026-09-30T13:08:48.622Z,10830.616,observer,RX,baseline,0,stopped,,,00011266,0001,1266,1,7,01 00 00 0F 03 66 12,0,OK
2026-09-30T13:08:48.623Z,10830.836,observer,RX,baseline,0,stopped,,,00111266,0011,1266,1,5,01 00 00 66 12,0,OK
2026-09-30T13:08:48.627Z,10835.639,observer,RX,baseline,0,stopped,,,00016028,0001,6028,1,7,01 00 00 0F 03 28 60,0,OK
2026-09-30T13:08:48.628Z,10835.848,observer,RX,baseline,0,stopped,,,00116028,0011,6028,1,5,01 00 00 28 60,0,OK
2026-09-30T13:08:48.632Z,10840.622,observer,RX,baseline,0,stopped,,,0001C82E,0001,C82E,1,7,01 00 00 0F 03 2E C8,0,OK
2026-09-30T13:08:48.633Z,10840.836,observer,RX,baseline,0,stopped,,,0011C82E,0011,C82E,1,5,01 00 00 2E C8,0,OK
2026-09-30T13:08:48.637Z,10845.614,observer,RX,baseline,0,stopped,,,0001593C,0001,593C,1,7,01 00 00 0F 03 3C 59,0,OK
2026-09-30T13:08:48.638Z,10845.866,observer,RX,baseline,0,stopped,,,0011593C,0011,593C,1,5,01 00 00 3C 59,0,OK
2026-09-30T13:08:48.642Z,10850.616,observer,RX,baseline,0,stopped,,,0001026F,0001,026F,1,7,01 00 00 0F 03 6F 02,0,OK
2026-09-30T13:08:48.643Z,10850.859,observer,RX,baseline,0,stopped,,,0011026F,0011,026F,1,5,01 00 00 6F 02,0,OK
2026-09-30T13:08:48.647Z,10855.577,observer,RX,baseline,0,stopped,,,0001B83C,0001,B83C,1,7,01 00 00 0F 03 3C B8,0,OK
2026-09-30T13:08:48.648Z,10855.863,observer,RX,baseline,0,stopped,,,0011B83C,0011,B83C,1,5,01 00 00 3C B8,0,OK
2026-09-30T13:08:48.652Z,10860.615,observer,RX,baseline,0,stopped,,,00017016,0001,7016,1,7,01 00 00 0F 03 16 70,0,OK
2026-09-30T13:08:48.653Z,10860.84,observer,RX,baseline,0,stopped,,,00117016,0011,7016,1,5,01 00 00 16 70,0,OK
2026-09-30T13:08:48.657Z,10865.613,observer,RX,baseline,0,stopped,,,000117FC,0001,17FC,1,7,01 00 00 0F 03 FC 17,0,OK
2026-09-30T13:08:48.658Z,10865.861,observer,RX,baseline,0,stopped,,,001117FC,0011,17FC,1,5,01 00 00 FC 17,0,OK
2026-09-30T13:08:48.662Z,10870.594,observer,RX,baseline,0,stopped,,,0001930E,0001,930E,1,7,01 00 00 0F 03 0E 93,0,OK
2026-09-30T13:08:48.663Z,10870.863,observer,RX,baseline,0,stopped,,,0011930E,0011,930E,1,5,01 00 00 0E 93,0,OK
2026-09-30T13:08:48.667Z,10875.631,observer,RX,baseline,0,stopped,,,00019705,0001,9705,1,7,01 00 00 0F 03 05 97,0,OK
2026-09-30T13:08:48.668Z,10875.855,observer,RX,baseline,0,stopped,,,00119705,0011,9705,1,5,01 00 00 05 97,0,OK
2026-09-30T13:08:48.672Z,10880.646,observer,RX,baseline,0,stopped,,,0001D900,0001,D900,1,7,01 00 00 0F 03 00 D9,0,OK
2026-09-30T13:08:48.673Z,10880.853,observer,RX,baseline,0,stopped,,,0011D900,0011,D900,1,5,01 00 00 00 D9,0,OK
2026-09-30T13:08:48.677Z,10885.614,observer,RX,baseline,0,stopped,,,0001EF23,0001,EF23,1,7,01 00 00 0F 03 23 EF,0,OK
2026-09-30T13:08:48.678Z,10885.865,observer,RX,baseline,0,stopped,,,0011EF23,0011,EF23,1,5,01 00 00 23 EF,0,OK
2026-09-30T13:08:48.682Z,10890.594,observer,RX,baseline,0,stopped,,,00018CED,0001,8CED,1,7,01 00 00 0F 03 ED 8C,0,OK
2026-09-30T13:08:48.683Z,10890.843,observer,RX,baseline,0,stopped,,,00118CED,0011,8CED,1,5,01 00 00 ED 8C,0,OK
2026-09-30T13:08:48.687Z,10895.609,observer,RX,baseline,0,stopped,,,00012758,0001,2758,1,7,01 00 00 0F 03 58 27,0,OK
2026-09-30T13:08:48.688Z,10895.864,observer,RX,baseline,0,stopped,,,00112758,0011,2758,1,5,01 00 00 58 27,0,OK
2026-09-30T13:08:48.692Z,10900.628,observer,RX,baseline,0,stopped,,,0001D71B,0001,D71B,1,7,01 00 00 0F 03 1B D7,0,OK
2026-09-30T13:08:48.693Z,10900.904,observer,RX,baseline,0,stopped,,,0011D71B,0011,D71B,1,5,01 00 00 1B D7,0,OK
2026-09-30T13:08:48.697Z,10905.667,observer,RX,baseline,0,stopped,,,0001E54E,0001,E54E,1,7,01 00 00 0F 03 4E E5,0,OK
2026-09-30T13:08:48.698Z,10905.894,observer,RX,baseline,0,stopped,,,0011E54E,0011,E54E,1,5,01 00 00 4E E5,0,OK
2026-09-30T13:08:48.702Z,10910.692,observer,RX,baseline,0,stopped,,,0001DC99,0001,DC99,1,7,01 00 00 0F 03 99 DC,0,OK
2026-09-30T13:08:48.703Z,10910.854,observer,RX,baseline,0,stopped,,,0011DC99,0011,DC99,1,5,01 00 00 99 DC,0,OK
2026-09-30T13:08:48.707Z,10915.614,observer,RX,baseline,0,stopped,,,0001BE38,0001,BE38,1,7,01 00 00 0F 03 38 BE,0,OK
2026-09-30T13:08:48.708Z,10915.846,observer,RX,baseline,0,stopped,,,0011BE38,0011,BE38,1,5,01 00 00 38 BE,0,OK
2026-09-30T13:08:48.712Z,10920.593,observer,RX,baseline,0,stopped,,,00016D7B,0001,6D7B,1,7,01 00 00 0F 03 7B 6D,0,OK
2026-09-30T13:08:48.713Z,10920.753,observer,RX,baseline,0,stopped,,,00116D7B,0011,6D7B,1,5,01 00 00 7B 6D,0,OK
2026-09-30T13:08:48.717Z,10925.613,observer,RX,baseline,0,stopped,,,000163BB,0001,63BB,1,7,01 00 00 0F 03 BB 63,0,OK
2026-09-30T13:08:48.718Z,10925.812,observer,RX,baseline,0,stopped,,,001163BB,0011,63BB,1,5,01 00 00 BB 63,0,OK
2026-09-30T13:08:48.722Z,10930.621,observer,RX,baseline,0,stopped,,,0001A070,0001,A070,1,7,01 00 00 0F 03 70 A0,0,OK
2026-09-30T13:08:48.723Z,10930.781,observer,RX,baseline,0,stopped,,,0011A070,0011,A070,1,5,01 00 00 70 A0,0,OK
2026-09-30T13:08:48.727Z,10935.577,observer,RX,baseline,0,stopped,,,00010861,0001,0861,1,7,01 00 00 0F 03 61 08,0,OK
2026-09-30T13:08:48.728Z,10935.793,observer,RX,baseline,0,stopped,,,00110861,0011,0861,1,5,01 00 00 61 08,0,OK
2026-09-30T13:08:48.732Z,10940.587,observer,RX,baseline,0,stopped,,,00018867,0001,8867,1,7,01 00 00 0F 03 67 88,0,OK
2026-09-30T13:08:48.733Z,10940.834,observer,RX,baseline,0,stopped,,,00118867,0011,8867,1,5,01 00 00 67 88,0,OK
2026-09-30T13:08:48.738Z,10946.116,observer,RX,baseline,0,stopped,,,0001FFA6,0001,FFA6,1,7,01 00 00 0F 03 A6 FF,0,OK
2026-09-30T13:08:48.738Z,10946.244,observer,RX,baseline,0,stopped,,,0011FFA6,0011,FFA6,1,5,01 00 00 A6 FF,0,OK
2026-09-30T13:08:48.743Z,10951.069,observer,RX,baseline,0,stopped,,,00012059,0001,2059,1,7,01 00 00 0F 03 59 20,0,OK
2026-09-30T13:08:48.743Z,10951.201,observer,RX,baseline,0,stopped,,,00112059,0011,2059,1,5,01 00 00 59 20,0,OK
2026-09-30T13:08:48.747Z,10955.63,observer,RX,baseline,0,stopped,,,00017C8C,0001,7C8C,1,7,01 00 00 0F 03 8C 7C,0,OK
2026-09-30T13:08:48.748Z,10955.865,observer,RX,baseline,0,stopped,,,00117C8C,0011,7C8C,1,5,01 00 00 8C 7C,0,OK
2026-09-30T13:08:48.752Z,10960.637,observer,RX,baseline,0,stopped,,,00016B72,0001,6B72,1,7,01 00 00 0F 03 72 6B,0,OK
2026-09-30T13:08:48.753Z,10960.861,observer,RX,baseline,0,stopped,,,00116B72,0011,6B72,1,5,01 00 00 72 6B,0,OK
2026-09-30T13:08:48.757Z,10965.615,observer,RX,baseline,0,stopped,,,00014670,0001,4670,1,7,01 00 00 0F 03 70 46,0,OK
2026-09-30T13:08:48.758Z,10965.863,observer,RX,baseline,0,stopped,,,00114670,0011,4670,1,5,01 00 00 70 46,0,OK
2026-09-30T13:08:48.763Z,10971.604,observer,RX,baseline,0,stopped,,,00010336,0001,0336,1,7,01 00 00 0F 03 36 03,0,OK
2026-09-30T13:08:48.763Z,10971.744,observer,RX,baseline,0,stopped,,,00110336,0011,0336,1,5,01 00 00 36 03,0,OK
2026-09-30T13:08:48.767Z,10975.624,observer,RX,baseline,0,stopped,,,0001866C,0001,866C,1,7,01 00 00 0F 03 6C 86,0,OK
2026-09-30T13:08:48.768Z,10975.818,observer,RX,baseline,0,stopped,,,0011866C,0011,866C,1,5,01 00 00 6C 86,0,OK
2026-09-30T13:08:48.772Z,10980.58,observer,RX,baseline,0,stopped,,,0001474B,0001,474B,1,7,01 00 00 0F 03 4B 47,0,OK
2026-09-30T13:08:48.773Z,10980.797,observer,RX,baseline,0,stopped,,,0011474B,0011,474B,1,5,01 00 00 4B 47,0,OK
2026-09-30T13:08:48.777Z,10985.569,observer,RX,baseline,0,stopped,,,0001A483,0001,A483,1,7,01 00 00 0F 03 83 A4,0,OK
2026-09-30T13:08:48.778Z,10985.798,observer,RX,baseline,0,stopped,,,0011A483,0011,A483,1,5,01 00 00 83 A4,0,OK
2026-09-30T13:08:48.782Z,10990.598,observer,RX,baseline,0,stopped,,,00013619,0001,3619,1,7,01 00 00 0F 03 19 36,0,OK
2026-09-30T13:08:48.783Z,10990.828,observer,RX,baseline,0,stopped,,,00113619,0011,3619,1,5,01 00 00 19 36,0,OK
2026-09-30T13:08:48.787Z,10995.587,observer,RX,baseline,0,stopped,,,0001EA79,0001,EA79,1,7,01 00 00 0F 03 79 EA,0,OK
2026-09-30T13:08:48.788Z,10995.811,observer,RX,baseline,0,stopped,,,0011EA79,0011,EA79,1,5,01 00 00 79 EA,0,OK
2026-09-30T13:08:48.793Z,11001.593,observer,RX,baseline,0,stopped,,,0001DF54,0001,DF54,1,7,01 00 00 0F 03 54 DF,0,OK
2026-09-30T13:08:48.793Z,11001.729,observer,RX,baseline,0,stopped,,,0011DF54,0011,DF54,1,5,01 00 00 54 DF,0,OK
2026-09-30T13:08:48.798Z,11005.898,observer,RX,baseline,0,stopped,,,00011AF8,0001,1AF8,1,7,01 00 00 0F 03 F8 1A,0,OK
2026-09-30T13:08:48.798Z,11006.029,observer,RX,baseline,0,stopped,,,00111AF8,0011,1AF8,1,5,01 00 00 F8 1A,0,OK
2026-09-30T13:08:48.803Z,11010.873,observer,RX,baseline,0,stopped,,,00011D37,0001,1D37,1,7,01 00 00 0F 03 37 1D,0,OK
2026-09-30T13:08:48.803Z,11011.013,observer,RX,baseline,0,stopped,,,00111D37,0011,1D37,1,5,01 00 00 37 1D,0,OK
2026-09-30T13:08:48.808Z,11016.691,observer,RX,baseline,0,stopped,,,00011E74,0001,1E74,1,7,01 00 00 0F 03 74 1E,0,OK
2026-09-30T13:08:48.809Z,11016.828,observer,RX,baseline,0,stopped,,,00111E74,0011,1E74,1,5,01 00 00 74 1E,0,OK
2026-09-30T13:08:48.813Z,11020.832,observer,RX,baseline,0,stopped,,,0001FEF4,0001,FEF4,1,7,01 00 00 0F 03 F4 FE,0,OK
2026-09-30T13:08:48.813Z,11020.962,observer,RX,baseline,0,stopped,,,0011FEF4,0011,FEF4,1,5,01 00 00 F4 FE,0,OK
2026-09-30T13:08:48.818Z,11025.926,observer,RX,baseline,0,stopped,,,000117F5,0001,17F5,1,7,01 00 00 0F 03 F5 17,0,OK
2026-09-30T13:08:48.818Z,11026.063,observer,RX,baseline,0,stopped,,,001117F5,0011,17F5,1,5,01 00 00 F5 17,0,OK
2026-09-30T13:08:48.823Z,11030.89,observer,RX,baseline,0,stopped,,,00019E9F,0001,9E9F,1,7,01 00 00 0F 03 9F 9E,0,OK
2026-09-30T13:08:48.823Z,11031.018,observer,RX,baseline,0,stopped,,,00119E9F,0011,9E9F,1,5,01 00 00 9F 9E,0,OK
2026-09-30T13:08:48.827Z,11035.637,observer,RX,baseline,0,stopped,,,000186A5,0001,86A5,1,7,01 00 00 0F 03 A5 86,0,OK
2026-09-30T13:08:48.828Z,11035.798,observer,RX,baseline,0,stopped,,,001186A5,0011,86A5,1,5,01 00 00 A5 86,0,OK
2026-09-30T13:08:48.833Z,11040.755,observer,RX,baseline,0,stopped,,,000116AB,0001,16AB,1,7,01 00 00 0F 03 AB 16,0,OK
2026-09-30T13:08:48.833Z,11040.879,observer,RX,baseline,0,stopped,,,001116AB,0011,16AB,1,5,01 00 00 AB 16,0,OK
2026-09-30T13:08:48.837Z,11045.691,observer,RX,baseline,0,stopped,,,000145D7,0001,45D7,1,7,01 00 00 0F 03 D7 45,0,OK
2026-09-30T13:08:48.838Z,11045.775,observer,RX,baseline,0,stopped,,,001145D7,0011,45D7,1,5,01 00 00 D7 45,0,OK
2026-09-30T13:08:48.843Z,11050.852,observer,RX,baseline,0,stopped,,,00011AAA,0001,1AAA,1,7,01 00 00 0F 03 AA 1A,0,OK
2026-09-30T13:08:48.843Z,11050.93,observer,RX,baseline,0,stopped,,,00111AAA,0011,1AAA,1,5,01 00 00 AA 1A,0,OK
2026-09-30T13:08:48.847Z,11055.739,observer,RX,baseline,0,stopped,,,0001D3E5,0001,D3E5,1,7,01 00 00 0F 03 E5 D3,0,OK
2026-09-30T13:08:48.848Z,11055.816,observer,RX,baseline,0,stopped,,,0011D3E5,0011,D3E5,1,5,01 00 00 E5 D3,0,OK
2026-09-30T13:08:48.852Z,11060.627,observer,RX,baseline,0,stopped,,,0001C8EA,0001,C8EA,1,7,01 00 00 0F 03 EA C8,0,OK
2026-09-30T13:08:48.853Z,11060.806,observer,RX,baseline,0,stopped,,,0011C8EA,0011,C8EA,1,5,01 00 00 EA C8,0,OK
2026-09-30T13:08:48.857Z,11065.587,observer,RX,baseline,0,stopped,,,00017113,0001,7113,1,7,01 00 00 0F 03 13 71,0,OK
2026-09-30T13:08:48.858Z,11065.83,observer,RX,baseline,0,stopped,,,00117113,0011,7113,1,5,01 00 00 13 71,0,OK
2026-09-30T13:08:48.862Z,11070.603,observer,RX,baseline,0,stopped,,,00019631,0001,9631,1,7,01 00 00 0F 03 31 96,0,OK
2026-09-30T13:08:48.863Z,11070.807,observer,RX,baseline,0,stopped,,,00119631,0011,9631,1,5,01 00 00 31 96,0,OK
2026-09-30T13:08:48.867Z,11075.607,observer,RX,baseline,0,stopped,,,0001425F,0001,425F,1,7,01 00 00 0F 03 5F 42,0,OK
2026-09-30T13:08:48.868Z,11075.796,observer,RX,baseline,0,stopped,,,0011425F,0011,425F,1,5,01 00 00 5F 42,0,OK
2026-09-30T13:08:48.873Z,11081.033,observer,RX,baseline,0,stopped,,,0001829F,0001,829F,1,7,01 00 00 0F 03 9F 82,0,OK
2026-09-30T13:08:48.873Z,11081.158,observer,RX,baseline,0,stopped,,,0011829F,0011,829F,1,5,01 00 00 9F 82,0,OK
2026-09-30T13:08:48.878Z,11086.182,observer,RX,baseline,0,stopped,,,000130DC,0001,30DC,1,7,01 00 00 0F 03 DC 30,0,OK
2026-09-30T13:08:48.878Z,11086.31,observer,RX,baseline,0,stopped,,,001130DC,0011,30DC,1,5,01 00 00 DC 30,0,OK
2026-09-30T13:08:48.883Z,11091.07,observer,RX,baseline,0,stopped,,,0001C280,0001,C280,1,7,01 00 00 0F 03 80 C2,0,OK
2026-09-30T13:08:48.883Z,11091.207,observer,RX,baseline,0,stopped,,,0011C280,0011,C280,1,5,01 00 00 80 C2,0,OK
2026-09-30T13:08:48.888Z,11096.062,observer,RX,baseline,0,stopped,,,00010514,0001,0514,1,7,01 00 00 0F 03 14 05,0,OK
2026-09-30T13:08:48.888Z,11096.189,observer,RX,baseline,0,stopped,,,00110514,0011,0514,1,5,01 00 00 14 05,0,OK
2026-09-30T13:08:48.892Z,11100.651,observer,RX,baseline,0,stopped,,,0001F792,0001,F792,1,7,01 00 00 0F 03 92 F7,0,OK
2026-09-30T13:08:48.893Z,11100.787,observer,RX,baseline,0,stopped,,,0011F792,0011,F792,1,5,01 00 00 92 F7,0,OK
2026-09-30T13:08:48.898Z,11106.026,observer,RX,baseline,0,stopped,,,0001D284,0001,D284,1,7,01 00 00 0F 03 84 D2,0,OK
2026-09-30T13:08:48.898Z,11106.155,observer,RX,baseline,0,stopped,,,0011D284,0011,D284,1,5,01 00 00 84 D2,0,OK
2026-09-30T13:08:48.903Z,11111.159,observer,RX,baseline,0,stopped,,,0001070D,0001,070D,1,7,01 00 00 0F 03 0D 07,0,OK
2026-09-30T13:08:48.903Z,11111.287,observer,RX,baseline,0,stopped,,,0011070D,0011,070D,1,5,01 00 00 0D 07,0,OK
2026-09-30T13:08:48.908Z,11116.034,observer,RX,baseline,0,stopped,,,00018223,0001,8223,1,7,01 00 00 0F 03 23 82,0,OK
2026-09-30T13:08:48.908Z,11116.168,observer,RX,baseline,0,stopped,,,00118223,0011,8223,1,5,01 00 00 23 82,0,OK
2026-09-30T13:08:48.913Z,11121.095,observer,RX,baseline,0,stopped,,,0001C671,0001,C671,1,7,01 00 00 0F 03 71 C6,0,OK
2026-09-30T13:08:48.913Z,11121.224,observer,RX,baseline,0,stopped,,,0011C671,0011,C671,1,5,01 00 00 71 C6,0,OK
2026-09-30T13:08:48.918Z,11125.785,observer,RX,baseline,0,stopped,,,000123A2,0001,23A2,1,7,01 00 00 0F 03 A2 23,0,OK
2026-09-30T13:08:48.918Z,11125.961,observer,RX,baseline,0,stopped,,,001123A2,0011,23A2,1,5,01 00 00 A2 23,0,OK
2026-09-30T13:08:48.923Z,11130.777,observer,RX,baseline,0,stopped,,,000194E7,0001,94E7,1,7,01 00 00 0F 03 E7 94,0,OK
2026-09-30T13:08:48.923Z,11130.971,observer,RX,baseline,0,stopped,,,001194E7,0011,94E7,1,5,01 00 00 E7 94,0,OK
2026-09-30T13:08:48.927Z,11135.518,observer,RX,baseline,0,stopped,,,00019FC5,0001,9FC5,1,7,01 00 00 0F 03 C5 9F,0,OK
2026-09-30T13:08:48.928Z,11135.83,observer,RX,baseline,0,stopped,,,00119FC5,0011,9FC5,1,5,01 00 00 C5 9F,0,OK
2026-09-30T13:08:48.932Z,11140.731,observer,RX,baseline,0,stopped,,,000100AC,0001,00AC,1,7,01 00 00 0F 03 AC 00,0,OK
2026-09-30T13:08:48.933Z,11140.808,observer,RX,baseline,0,stopped,,,001100AC,0011,00AC,1,5,01 00 00 AC 00,0,OK
2026-09-30T13:08:48.937Z,11145.734,observer,RX,baseline,0,stopped,,,00013EF7,0001,3EF7,1,7,01 00 00 0F 03 F7 3E,0,OK
2026-09-30T13:08:48.938Z,11145.818,observer,RX,baseline,0,stopped,,,00113EF7,0011,3EF7,1,5,01 00 00 F7 3E,0,OK
2026-09-30T13:08:48.942Z,11150.682,observer,RX,baseline,0,stopped,,,000187EF,0001,87EF,1,7,01 00 00 0F 03 EF 87,0,OK
2026-09-30T13:08:48.943Z,11150.794,observer,RX,baseline,0,stopped,,,001187EF,0011,87EF,1,5,01 00 00 EF 87,0,OK
2026-09-30T13:08:48.947Z,11155.602,observer,RX,baseline,0,stopped,,,00011619,0001,1619,1,7,01 00 00 0F 03 19 16,0,OK
2026-09-30T13:08:48.948Z,11155.812,observer,RX,baseline,0,stopped,,,00111619,0011,1619,1,5,01 00 00 19 16,0,OK
2026-09-30T13:08:48.952Z,11160.596,observer,RX,baseline,0,stopped,,,0001BA01,0001,BA01,1,7,01 00 00 0F 03 01 BA,0,OK
2026-09-30T13:08:48.953Z,11160.844,observer,RX,baseline,0,stopped,,,0011BA01,0011,BA01,1,5,01 00 00 01 BA,0,OK
2026-09-30T13:08:48.957Z,11165.605,observer,RX,baseline,0,stopped,,,00015C10,0001,5C10,1,7,01 00 00 0F 03 10 5C,0,OK
2026-09-30T13:08:48.958Z,11165.837,observer,RX,baseline,0,stopped,,,00115C10,0011,5C10,1,5,01 00 00 10 5C,0,OK
2026-09-30T13:08:48.962Z,11170.624,observer,RX,baseline,0,stopped,,,0001C9C8,0001,C9C8,1,7,01 00 00 0F 03 C8 C9,0,OK
2026-09-30T13:08:48.963Z,11170.804,observer,RX,baseline,0,stopped,,,0011C9C8,0011,C9C8,1,5,01 00 00 C8 C9,0,OK
2026-09-30T13:08:48.967Z,11175.649,observer,RX,baseline,0,stopped,,,0001D9A4,0001,D9A4,1,7,01 00 00 0F 03 A4 D9,0,OK
2026-09-30T13:08:48.968Z,11175.815,observer,RX,baseline,0,stopped,,,0011D9A4,0011,D9A4,1,5,01 00 00 A4 D9,0,OK
2026-09-30T13:08:48.972Z,11180.678,observer,RX,baseline,0,stopped,,,000197D6,0001,97D6,1,7,01 00 00 0F 03 D6 97,0,OK
2026-09-30T13:08:48.973Z,11180.752,observer,RX,baseline,0,stopped,,,001197D6,0011,97D6,1,5,01 00 00 D6 97,0,OK
2026-09-30T13:08:48.977Z,11185.62,observer,RX,baseline,0,stopped,,,0001A9AB,0001,A9AB,1,7,01 00 00 0F 03 AB A9,0,OK
2026-09-30T13:08:48.978Z,11185.809,observer,RX,baseline,0,stopped,,,0011A9AB,0011,A9AB,1,5,01 00 00 AB A9,0,OK
2026-09-30T13:08:48.982Z,11190.677,observer,RX,baseline,0,stopped,,,00015E8E,0001,5E8E,1,7,01 00 00 0F 03 8E 5E,0,OK
2026-09-30T13:08:48.983Z,11190.762,observer,RX,baseline,0,stopped,,,00115E8E,0011,5E8E,1,5,01 00 00 8E 5E,0,OK
2026-09-30T13:08:48.987Z,11195.563,observer,RX,baseline,0,stopped,,,00014695,0001,4695,1,7,01 00 00 0F 03 95 46,0,OK
2026-09-30T13:08:48.988Z,11195.817,observer,RX,baseline,0,stopped,,,00114695,0011,4695,1,5,01 00 00 95 46,0,OK
2026-09-30T13:08:48.992Z,11200.72,observer,RX,baseline,0,stopped,,,00016049,0001,6049,1,7,01 00 00 0F 03 49 60,0,OK
2026-09-30T13:08:48.993Z,11200.794,observer,RX,baseline,0,stopped,,,00116049,0011,6049,1,5,01 00 00 49 60,0,OK
2026-09-30T13:08:48.997Z,11205.653,observer,RX,baseline,0,stopped,,,00010EDA,0001,0EDA,1,7,01 00 00 0F 03 DA 0E,0,OK
2026-09-30T13:08:48.998Z,11205.823,observer,RX,baseline,0,stopped,,,00110EDA,0011,0EDA,1,5,01 00 00 DA 0E,0,OK
2026-09-30T13:08:49.003Z,11211.005,observer,RX,baseline,0,stopped,,,00013F49,0001,3F49,1,7,01 00 00 0F 03 49 3F,0,OK
2026-09-30T13:08:49.003Z,11211.134,observer,RX,baseline,0,stopped,,,00113F49,0011,3F49,1,5,01 00 00 49 3F,0,OK
2026-09-30T13:08:49.008Z,11215.976,observer,RX,baseline,0,stopped,,,00017CCC,0001,7CCC,1,7,01 00 00 0F 03 CC 7C,0,OK
2026-09-30T13:08:49.008Z,11216.105,observer,RX,baseline,0,stopped,,,00117CCC,0011,7CCC,1,5,01 00 00 CC 7C,0,OK
2026-09-30T13:08:49.013Z,11220.967,observer,RX,baseline,0,stopped,,,00019107,0001,9107,1,7,01 00 00 0F 03 07 91,0,OK
2026-09-30T13:08:49.013Z,11221.095,observer,RX,baseline,0,stopped,,,00119107,0011,9107,1,5,01 00 00 07 91,0,OK
2026-09-30T13:08:49.018Z,11226.018,observer,RX,baseline,0,stopped,,,0001FEE8,0001,FEE8,1,7,01 00 00 0F 03 E8 FE,0,OK
2026-09-30T13:08:49.018Z,11226.147,observer,RX,baseline,0,stopped,,,0011FEE8,0011,FEE8,1,5,01 00 00 E8 FE,0,OK
2026-09-30T13:08:49.022Z,11230.728,observer,RX,baseline,0,stopped,,,0001861F,0001,861F,1,7,01 00 00 0F 03 1F 86,0,OK
2026-09-30T13:08:49.023Z,11230.856,observer,RX,baseline,0,stopped,,,0011861F,0011,861F,1,5,01 00 00 1F 86,0,OK
2026-09-30T13:08:49.028Z,11235.979,observer,RX,baseline,0,stopped,,,0001BC98,0001,BC98,1,7,01 00 00 0F 03 98 BC,0,OK
2026-09-30T13:08:49.028Z,11236.109,observer,RX,baseline,0,stopped,,,0011BC98,0011,BC98,1,5,01 00 00 98 BC,0,OK
2026-09-30T13:08:49.033Z,11241.008,observer,RX,baseline,0,stopped,,,0001EDDF,0001,EDDF,1,7,01 00 00 0F 03 DF ED,0,OK
2026-09-30T13:08:49.033Z,11241.138,observer,RX,baseline,0,stopped,,,0011EDDF,0011,EDDF,1,5,01 00 00 DF ED,0,OK
2026-09-30T13:08:49.038Z,11245.979,observer,RX,baseline,0,stopped,,,000153FE,0001,53FE,1,7,01 00 00 0F 03 FE 53,0,OK
2026-09-30T13:08:49.038Z,11246.11,observer,RX,baseline,0,stopped,,,001153FE,0011,53FE,1,5,01 00 00 FE 53,0,OK
2026-09-30T13:08:49.043Z,11250.965,observer,RX,baseline,0,stopped,,,0001804C,0001,804C,1,7,01 00 00 0F 03 4C 80,0,OK
2026-09-30T13:08:49.043Z,11251.098,observer,RX,baseline,0,stopped,,,0011804C,0011,804C,1,5,01 00 00 4C 80,0,OK
2026-09-30T13:08:49.048Z,11255.941,observer,RX,baseline,0,stopped,,,0001A843,0001,A843,1,7,01 00 00 0F 03 43 A8,0,OK
2026-09-30T13:08:49.048Z,11256.069,observer,RX,baseline,0,stopped,,,0011A843,0011,A843,1,5,01 00 00 43 A8,0,OK
2026-09-30T13:08:49.052Z,11260.656,observer,RX,baseline,0,stopped,,,00010315,0001,0315,1,7,01 00 00 0F 03 15 03,0,OK
2026-09-30T13:08:49.053Z,11260.785,observer,RX,baseline,0,stopped,,,00110315,0011,0315,1,5,01 00 00 15 03,0,OK
2026-09-30T13:08:49.057Z,11265.67,observer,RX,baseline,0,stopped,,,00011084,0001,1084,1,7,01 00 00 0F 03 84 10,0,OK
2026-09-30T13:08:49.058Z,11265.812,observer,RX,baseline,0,stopped,,,00111084,0011,1084,1,5,01 00 00 84 10,0,OK
2026-09-30T13:08:49.062Z,11270.662,observer,RX,baseline,0,stopped,,,0001A9D1,0001,A9D1,1,7,01 00 00 0F 03 D1 A9,0,OK
2026-09-30T13:08:49.063Z,11270.795,observer,RX,baseline,0,stopped,,,0011A9D1,0011,A9D1,1,5,01 00 00 D1 A9,0,OK
2026-09-30T13:08:49.068Z,11275.95,observer,RX,baseline,0,stopped,,,0001A24E,0001,A24E,1,7,01 00 00 0F 03 4E A2,0,OK
2026-09-30T13:08:49.068Z,11276.08,observer,RX,baseline,0,stopped,,,0011A24E,0011,A24E,1,5,01 00 00 4E A2,0,OK
2026-09-30T13:08:49.073Z,11280.966,observer,RX,baseline,0,stopped,,,0001C777,0001,C777,1,7,01 00 00 0F 03 77 C7,0,OK
2026-09-30T13:08:49.073Z,11281.094,observer,RX,baseline,0,stopped,,,0011C777,0011,C777,1,5,01 00 00 77 C7,0,OK
2026-09-30T13:08:49.078Z,11286.112,observer,RX,baseline,0,stopped,,,00013F47,0001,3F47,1,7,01 00 00 0F 03 47 3F,0,OK
2026-09-30T13:08:49.078Z,11286.241,observer,RX,baseline,0,stopped,,,00113F47,0011,3F47,1,5,01 00 00 47 3F,0,OK
2026-09-30T13:08:49.083Z,11291.114,observer,RX,baseline,0,stopped,,,0001D6EE,0001,D6EE,1,7,01 00 00 0F 03 EE D6,0,OK
2026-09-30T13:08:49.083Z,11291.243,observer,RX,baseline,0,stopped,,,0011D6EE,0011,D6EE,1,5,01 00 00 EE D6,0,OK
2026-09-30T13:08:49.088Z,11296.102,observer,RX,baseline,0,stopped,,,0001007B,0001,007B,1,7,01 00 00 0F 03 7B 00,0,OK
2026-09-30T13:08:49.088Z,11296.239,observer,RX,baseline,0,stopped,,,0011007B,0011,007B,1,5,01 00 00 7B 00,0,OK
2026-09-30T13:08:49.092Z,11300.599,observer,RX,baseline,0,stopped,,,00012230,0001,2230,1,7,01 00 00 0F 03 30 22,0,OK
2026-09-30T13:08:49.093Z,11300.821,observer,RX,baseline,0,stopped,,,00112230,0011,2230,1,5,01 00 00 30 22,0,OK
2026-09-30T13:08:49.097Z,11305.645,observer,RX,baseline,0,stopped,,,0001AA5F,0001,AA5F,1,7,01 00 00 0F 03 5F AA,0,OK
2026-09-30T13:08:49.098Z,11305.782,observer,RX,baseline,0,stopped,,,0011AA5F,0011,AA5F,1,5,01 00 00 5F AA,0,OK
2026-09-30T13:08:49.103Z,11311.072,observer,RX,baseline,0,stopped,,,00012350,0001,2350,1,7,01 00 00 0F 03 50 23,0,OK
2026-09-30T13:08:49.103Z,11311.208,observer,RX,baseline,0,stopped,,,00112350,0011,2350,1,5,01 00 00 50 23,0,OK
2026-09-30T13:08:49.107Z,11315.632,observer,RX,baseline,0,stopped,,,0001878E,0001,878E,1,7,01 00 00 0F 03 8E 87,0,OK
2026-09-30T13:08:49.108Z,11315.761,observer,RX,baseline,0,stopped,,,0011878E,0011,878E,1,5,01 00 00 8E 87,0,OK
2026-09-30T13:08:49.113Z,11321.055,observer,RX,baseline,0,stopped,,,00017C5F,0001,7C5F,1,7,01 00 00 0F 03 5F 7C,0,OK
2026-09-30T13:08:49.113Z,11321.186,observer,RX,baseline,0,stopped,,,00117C5F,0011,7C5F,1,5,01 00 00 5F 7C,0,OK
2026-09-30T13:08:49.118Z,11326.123,observer,RX,baseline,0,stopped,,,0001C4CE,0001,C4CE,1,7,01 00 00 0F 03 CE C4,0,OK
2026-09-30T13:08:49.118Z,11326.252,observer,RX,baseline,0,stopped,,,0011C4CE,0011,C4CE,1,5,01 00 00 CE C4,0,OK
2026-09-30T13:08:49.122Z,11330.642,observer,RX,baseline,0,stopped,,,00012709,0001,2709,1,7,01 00 00 0F 03 09 27,0,OK
2026-09-30T13:08:49.123Z,11330.771,observer,RX,baseline,0,stopped,,,00112709,0011,2709,1,5,01 00 00 09 27,0,OK
2026-09-30T13:08:49.128Z,11336.109,observer,RX,baseline,0,stopped,,,00018FD2,0001,8FD2,1,7,01 00 00 0F 03 D2 8F,0,OK
2026-09-30T13:08:49.128Z,11336.245,observer,RX,baseline,0,stopped,,,00118FD2,0011,8FD2,1,5,01 00 00 D2 8F,0,OK
2026-09-30T13:08:49.132Z,11340.623,observer,RX,baseline,0,stopped,,,00015A65,0001,5A65,1,7,01 00 00 0F 03 65 5A,0,OK
2026-09-30T13:08:49.133Z,11340.769,observer,RX,baseline,0,stopped,,,00115A65,0011,5A65,1,5,01 00 00 65 5A,0,OK
2026-09-30T13:08:49.137Z,11345.649,observer,RX,baseline,0,stopped,,,00017AE7,0001,7AE7,1,7,01 00 00 0F 03 E7 7A,0,OK
2026-09-30T13:08:49.138Z,11345.778,observer,RX,baseline,0,stopped,,,00117AE7,0011,7AE7,1,5,01 00 00 E7 7A,0,OK
2026-09-30T13:08:49.143Z,11350.739,observer,RX,baseline,0,stopped,,,0001F143,0001,F143,1,7,01 00 00 0F 03 43 F1,0,OK
2026-09-30T13:08:49.143Z,11350.838,observer,RX,baseline,0,stopped,,,0011F143,0011,F143,1,5,01 00 00 43 F1,0,OK
2026-09-30T13:08:49.147Z,11355.647,observer,RX,baseline,0,stopped,,,00016E5D,0001,6E5D,1,7,01 00 00 0F 03 5D 6E,0,OK
2026-09-30T13:08:49.147Z,11355.729,observer,RX,baseline,0,stopped,,,00116E5D,0011,6E5D,1,5,01 00 00 5D 6E,0,OK
2026-09-30T13:08:49.153Z,11360.749,observer,RX,baseline,0,stopped,,,0001D901,0001,D901,1,7,01 00 00 0F 03 01 D9,0,OK
2026-09-30T13:08:49.153Z,11360.828,observer,RX,baseline,0,stopped,,,0011D901,0011,D901,1,5,01 00 00 01 D9,0,OK
2026-09-30T13:08:49.157Z,11365.667,observer,RX,baseline,0,stopped,,,0001E174,0001,E174,1,7,01 00 00 0F 03 74 E1,0,OK
2026-09-30T13:08:49.158Z,11365.751,observer,RX,baseline,0,stopped,,,0011E174,0011,E174,1,5,01 00 00 74 E1,0,OK
2026-09-30T13:08:49.162Z,11370.673,observer,RX,baseline,0,stopped,,,00011CB2,0001,1CB2,1,7,01 00 00 0F 03 B2 1C,0,OK
2026-09-30T13:08:49.163Z,11370.76,observer,RX,baseline,0,stopped,,,00111CB2,0011,1CB2,1,5,01 00 00 B2 1C,0,OK
2026-09-30T13:08:49.167Z,11375.557,observer,RX,baseline,0,stopped,,,0001C713,0001,C713,1,7,01 00 00 0F 03 13 C7,0,OK
2026-09-30T13:08:49.168Z,11375.809,observer,RX,baseline,0,stopped,,,0011C713,0011,C713,1,5,01 00 00 13 C7,0,OK
2026-09-30T13:08:49.172Z,11380.567,observer,RX,baseline,0,stopped,,,00014E1C,0001,4E1C,1,7,01 00 00 0F 03 1C 4E,0,OK
2026-09-30T13:08:49.173Z,11380.82,observer,RX,baseline,0,stopped,,,00114E1C,0011,4E1C,1,5,01 00 00 1C 4E,0,OK
2026-09-30T13:08:49.177Z,11385.541,observer,RX,baseline,0,stopped,,,00012F95,0001,2F95,1,7,01 00 00 0F 03 95 2F,0,OK
2026-09-30T13:08:49.178Z,11385.794,observer,RX,baseline,0,stopped,,,00112F95,0011,2F95,1,5,01 00 00 95 2F,0,OK
2026-09-30T13:08:49.182Z,11390.573,observer,RX,baseline,0,stopped,,,0001D5CD,0001,D5CD,1,7,01 00 00 0F 03 CD D5,0,OK
2026-09-30T13:08:49.183Z,11390.82,observer,RX,baseline,0,stopped,,,0011D5CD,0011,D5CD,1,5,01 00 00 CD D5,0,OK
2026-09-30T13:08:49.187Z,11395.704,observer,RX,baseline,0,stopped,,,0001CB6C,0001,CB6C,1,7,01 00 00 0F 03 6C CB,0,OK
2026-09-30T13:08:49.188Z,11395.779,observer,RX,baseline,0,stopped,,,0011CB6C,0011,CB6C,1,5,01 00 00 6C CB,0,OK
2026-09-30T13:08:49.192Z,11400.711,observer,RX,baseline,0,stopped,,,0001CD64,0001,CD64,1,7,01 00 00 0F 03 64 CD,0,OK
2026-09-30T13:08:49.193Z,11400.817,observer,RX,baseline,0,stopped,,,0011CD64,0011,CD64,1,5,01 00 00 64 CD,0,OK
2026-09-30T13:08:49.197Z,11405.7,observer,RX,baseline,0,stopped,,,00016F68,0001,6F68,1,7,01 00 00 0F 03 68 6F,0,OK
2026-09-30T13:08:49.198Z,11405.775,observer,RX,baseline,0,stopped,,,00116F68,0011,6F68,1,5,01 00 00 68 6F,0,OK
2026-09-30T13:08:49.202Z,11410.645,observer,RX,baseline,0,stopped,,,000102BC,0001,02BC,1,7,01 00 00 0F 03 BC 02,0,OK
2026-09-30T13:08:49.203Z,11410.809,observer,RX,baseline,0,stopped,,,001102BC,0011,02BC,1,5,01 00 00 BC 02,0,OK
2026-09-30T13:08:49.207Z,11415.678,observer,RX,baseline,0,stopped,,,000195F4,0001,95F4,1,7,01 00 00 0F 03 F4 95,0,OK
2026-09-30T13:08:49.208Z,11415.752,observer,RX,baseline,0,stopped,,,001195F4,0011,95F4,1,5,01 00 00 F4 95,0,OK
2026-09-30T13:08:49.212Z,11420.558,observer,RX,baseline,0,stopped,,,0001C49A,0001,C49A,1,7,01 00 00 0F 03 9A C4,0,OK
2026-09-30T13:08:49.213Z,11420.815,observer,RX,baseline,0,stopped,,,0011C49A,0011,C49A,1,5,01 00 00 9A C4,0,OK
2026-09-30T13:08:49.217Z,11425.601,observer,RX,baseline,0,stopped,,,0001596D,0001,596D,1,7,01 00 00 0F 03 6D 59,0,OK
2026-09-30T13:08:49.218Z,11425.767,observer,RX,baseline,0,stopped,,,0011596D,0011,596D,1,5,01 00 00 6D 59,0,OK
2026-09-30T13:08:49.222Z,11430.596,observer,RX,baseline,0,stopped,,,0001350F,0001,350F,1,7,01 00 00 0F 03 0F 35,0,OK
2026-09-30T13:08:49.223Z,11430.775,observer,RX,baseline,0,stopped,,,0011350F,0011,350F,1,5,01 00 00 0F 35,0,OK
2026-09-30T13:08:49.227Z,11435.677,observer,RX,baseline,0,stopped,,,00017E95,0001,7E95,1,7,01 00 00 0F 03 95 7E,0,OK
2026-09-30T13:08:49.228Z,11435.752,observer,RX,baseline,0,stopped,,,00117E95,0011,7E95,1,5,01 00 00 95 7E,0,OK
2026-09-30T13:08:49.232Z,11440.537,observer,RX,baseline,0,stopped,,,000183AB,0001,83AB,1,7,01 00 00 0F 03 AB 83,0,OK
2026-09-30T13:08:49.233Z,11440.785,observer,RX,baseline,0,stopped,,,001183AB,0011,83AB,1,5,01 00 00 AB 83,0,OK
2026-09-30T13:08:49.237Z,11445.632,observer,RX,baseline,0,stopped,,,000136A7,0001,36A7,1,7,01 00 00 0F 03 A7 36,0,OK
2026-09-30T13:08:49.238Z,11445.745,observer,RX,baseline,0,stopped,,,001136A7,0011,36A7,1,5,01 00 00 A7 36,0,OK
2026-09-30T13:08:49.242Z,11450.727,observer,RX,baseline,0,stopped,,,0001D934,0001,D934,1,7,01 00 00 0F 03 34 D9,0,OK
2026-09-30T13:08:49.243Z,11450.802,observer,RX,baseline,0,stopped,,,0011D934,0011,D934,1,5,01 00 00 34 D9,0,OK
2026-09-30T13:08:49.247Z,11455.651,observer,RX,baseline,0,stopped,,,00015B96,0001,5B96,1,7,01 00 00 0F 03 96 5B,0,OK
2026-09-30T13:08:49.248Z,11455.746,observer,RX,baseline,0,stopped,,,00115B96,0011,5B96,1,5,01 00 00 96 5B,0,OK
2026-09-30T13:08:49.252Z,11460.673,observer,RX,baseline,0,stopped,,,0001C080,0001,C080,1,7,01 00 00 0F 03 80 C0,0,OK
2026-09-30T13:08:49.253Z,11460.752,observer,RX,baseline,0,stopped,,,0011C080,0011,C080,1,5,01 00 00 80 C0,0,OK
2026-09-30T13:08:49.257Z,11465.684,observer,RX,baseline,0,stopped,,,00018582,0001,8582,1,7,01 00 00 0F 03 82 85,0,OK
2026-09-30T13:08:49.258Z,11465.762,observer,RX,baseline,0,stopped,,,00118582,0011,8582,1,5,01 00 00 82 85,0,OK
2026-09-30T13:08:49.262Z,11470.674,observer,RX,baseline,0,stopped,,,00012BA5,0001,2BA5,1,7,01 00 00 0F 03 A5 2B,0,OK
2026-09-30T13:08:49.263Z,11470.749,observer,RX,baseline,0,stopped,,,00112BA5,0011,2BA5,1,5,01 00 00 A5 2B,0,OK
2026-09-30T13:08:49.267Z,11475.541,observer,RX,baseline,0,stopped,,,0001DB62,0001,DB62,1,7,01 00 00 0F 03 62 DB,0,OK
2026-09-30T13:08:49.268Z,11475.786,observer,RX,baseline,0,stopped,,,0011DB62,0011,DB62,1,5,01 00 00 62 DB,0,OK
2026-09-30T13:08:49.272Z,11480.539,observer,RX,baseline,0,stopped,,,00014694,0001,4694,1,7,01 00 00 0F 03 94 46,0,OK
2026-09-30T13:08:49.273Z,11480.788,observer,RX,baseline,0,stopped,,,00114694,0011,4694,1,5,01 00 00 94 46,0,OK
2026-09-30T13:08:49.277Z,11485.528,observer,RX,baseline,0,stopped,,,0001F577,0001,F577,1,7,01 00 00 0F 03 77 F5,0,OK
2026-09-30T13:08:49.278Z,11485.778,observer,RX,baseline,0,stopped,,,0011F577,0011,F577,1,5,01 00 00 77 F5,0,OK
2026-09-30T13:08:49.282Z,11490.54,observer,RX,baseline,0,stopped,,,000157E2,0001,57E2,1,7,01 00 00 0F 03 E2 57,0,OK
2026-09-30T13:08:49.283Z,11490.796,observer,RX,baseline,0,stopped,,,001157E2,0011,57E2,1,5,01 00 00 E2 57,0,OK
2026-09-30T13:08:49.287Z,11495.537,observer,RX,baseline,0,stopped,,,0001DB08,0001,DB08,1,7,01 00 00 0F 03 08 DB,0,OK
2026-09-30T13:08:49.288Z,11495.782,observer,RX,baseline,0,stopped,,,0011DB08,0011,DB08,1,5,01 00 00 08 DB,0,OK
2026-09-30T13:08:49.292Z,11500.467,observer,RX,baseline,0,stopped,,,00016A49,0001,6A49,1,7,01 00 00 0F 03 49 6A,0,OK
2026-09-30T13:08:49.293Z,11500.775,observer,RX,baseline,0,stopped,,,00116A49,0011,6A49,1,5,01 00 00 49 6A,0,OK
2026-09-30T13:08:49.297Z,11505.643,observer,RX,baseline,0,stopped,,,00012570,0001,2570,1,7,01 00 00 0F 03 70 25,0,OK
2026-09-30T13:08:49.297Z,11505.727,observer,RX,baseline,0,stopped,,,00112570,0011,2570,1,5,01 00 00 70 25,0,OK
2026-09-30T13:08:49.302Z,11510.678,observer,RX,baseline,0,stopped,,,00017D25,0001,7D25,1,7,01 00 00 0F 03 25 7D,0,OK
2026-09-30T13:08:49.303Z,11510.759,observer,RX,baseline,0,stopped,,,00117D25,0011,7D25,1,5,01 00 00 25 7D,0,OK
2026-09-30T13:08:49.307Z,11515.573,observer,RX,baseline,0,stopped,,,0001A586,0001,A586,1,7,01 00 00 0F 03 86 A5,0,OK
2026-09-30T13:08:49.308Z,11515.739,observer,RX,baseline,0,stopped,,,0011A586,0011,A586,1,5,01 00 00 86 A5,0,OK
2026-09-30T13:08:49.312Z,11520.718,observer,RX,baseline,0,stopped,,,0001A3FA,0001,A3FA,1,7,01 00 00 0F 03 FA A3,0,OK
2026-09-30T13:08:49.313Z,11520.812,observer,RX,baseline,0,stopped,,,0011A3FA,0011,A3FA,1,5,01 00 00 FA A3,0,OK
2026-09-30T13:08:49.317Z,11525.67,observer,RX,baseline,0,stopped,,,000164EC,0001,64EC,1,7,01 00 00 0F 03 EC 64,0,OK
2026-09-30T13:08:49.318Z,11525.757,observer,RX,baseline,0,stopped,,,001164EC,0011,64EC,1,5,01 00 00 EC 64,0,OK
2026-09-30T13:08:49.322Z,11530.725,observer,RX,baseline,0,stopped,,,0001D0CE,0001,D0CE,1,7,01 00 00 0F 03 CE D0,0,OK
2026-09-30T13:08:49.323Z,11530.82,observer,RX,baseline,0,stopped,,,0011D0CE,0011,D0CE,1,5,01 00 00 CE D0,0,OK
2026-09-30T13:08:49.327Z,11535.684,observer,RX,baseline,0,stopped,,,000153C4,0001,53C4,1,7,01 00 00 0F 03 C4 53,0,OK
2026-09-30T13:08:49.328Z,11535.787,observer,RX,baseline,0,stopped,,,001153C4,0011,53C4,1,5,01 00 00 C4 53,0,OK
2026-09-30T13:08:49.332Z,11540.639,observer,RX,baseline,0,stopped,,,00011AD0,0001,1AD0,1,7,01 00 00 0F 03 D0 1A,0,OK
2026-09-30T13:08:49.332Z,11540.706,observer,RX,baseline,0,stopped,,,00111AD0,0011,1AD0,1,5,01 00 00 D0 1A,0,OK
2026-09-30T13:08:49.337Z,11545.533,observer,RX,baseline,0,stopped,,,0001A3E1,0001,A3E1,1,7,01 00 00 0F 03 E1 A3,0,OK
2026-09-30T13:08:49.338Z,11545.732,observer,RX,baseline,0,stopped,,,0011A3E1,0011,A3E1,1,5,01 00 00 E1 A3,0,OK
2026-09-30T13:08:49.342Z,11550.498,observer,RX,baseline,0,stopped,,,0001A2A3,0001,A2A3,1,7,01 00 00 0F 03 A3 A2,0,OK
2026-09-30T13:08:49.343Z,11550.816,observer,RX,baseline,0,stopped,,,0011A2A3,0011,A2A3,1,5,01 00 00 A3 A2,0,OK
2026-09-30T13:08:49.347Z,11555.494,observer,RX,baseline,0,stopped,,,00010D61,0001,0D61,1,7,01 00 00 0F 03 61 0D,0,OK
2026-09-30T13:08:49.348Z,11555.734,observer,RX,baseline,0,stopped,,,00110D61,0011,0D61,1,5,01 00 00 61 0D,0,OK
2026-09-30T13:08:49.352Z,11560.538,observer,RX,baseline,0,stopped,,,00014754,0001,4754,1,7,01 00 00 0F 03 54 47,0,OK
2026-09-30T13:08:49.353Z,11560.742,observer,RX,baseline,0,stopped,,,00114754,0011,4754,1,5,01 00 00 54 47,0,OK
2026-09-30T13:08:49.357Z,11565.57,observer,RX,baseline,0,stopped,,,00011964,0001,1964,1,7,01 00 00 0F 03 64 19,0,OK
2026-09-30T13:08:49.358Z,11565.782,observer,RX,baseline,0,stopped,,,00111964,0011,1964,1,5,01 00 00 64 19,0,OK
2026-09-30T13:08:49.362Z,11570.558,observer,RX,baseline,0,stopped,,,000166B9,0001,66B9,1,7,01 00 00 0F 03 B9 66,0,OK
2026-09-30T13:08:49.362Z,11570.721,observer,RX,baseline,0,stopped,,,001166B9,0011,66B9,1,5,01 00 00 B9 66,0,OK
2026-09-30T13:08:49.367Z,11575.713,observer,RX,baseline,0,stopped,,,00016A30,0001,6A30,1,7,01 00 00 0F 03 30 6A,0,OK
2026-09-30T13:08:49.368Z,11575.864,observer,RX,baseline,0,stopped,,,00116A30,0011,6A30,1,5,01 00 00 30 6A,0,OK
2026-09-30T13:08:49.372Z,11580.595,observer,RX,baseline,0,stopped,,,000165C8,0001,65C8,1,7,01 00 00 0F 03 C8 65,0,OK
2026-09-30T13:08:49.373Z,11580.782,observer,RX,baseline,0,stopped,,,001165C8,0011,65C8,1,5,01 00 00 C8 65,0,OK
2026-09-30T13:08:49.378Z,11585.939,observer,RX,baseline,0,stopped,,,00014D09,0001,4D09,1,7,01 00 00 0F 03 09 4D,0,OK
2026-09-30T13:08:49.378Z,11586.07,observer,RX,baseline,0,stopped,,,00114D09,0011,4D09,1,5,01 00 00 09 4D,0,OK
2026-09-30T13:08:49.382Z,11590.626,observer,RX,baseline,0,stopped,,,0001C52F,0001,C52F,1,7,01 00 00 0F 03 2F C5,0,OK
2026-09-30T13:08:49.383Z,11590.748,observer,RX,baseline,0,stopped,,,0011C52F,0011,C52F,1,5,01 00 00 2F C5,0,OK
2026-09-30T13:08:49.387Z,11595.574,observer,RX,baseline,0,stopped,,,0001B480,0001,B480,1,7,01 00 00 0F 03 80 B4,0,OK
2026-09-30T13:08:49.387Z,11595.69,observer,RX,baseline,0,stopped,,,0011B480,0011,B480,1,5,01 00 00 80 B4,0,OK
2026-09-30T13:08:49.392Z,11600.617,observer,RX,baseline,0,stopped,,,00011C34,0001,1C34,1,7,01 00 00 0F 03 34 1C,0,OK
2026-09-30T13:08:49.393Z,11600.762,observer,RX,baseline,0,stopped,,,00111C34,0011,1C34,1,5,01 00 00 34 1C,0,OK
2026-09-30T13:08:49.397Z,11605.541,observer,RX,baseline,0,stopped,,,0001AB0A,0001,AB0A,1,7,01 00 00 0F 03 0A AB,0,OK
2026-09-30T13:08:49.398Z,11605.741,observer,RX,baseline,0,stopped,,,0011AB0A,0011,AB0A,1,5,01 00 00 0A AB,0,OK
2026-09-30T13:08:49.403Z,11610.752,observer,RX,baseline,0,stopped,,,0001CBA0,0001,CBA0,1,7,01 00 00 0F 03 A0 CB,0,OK
2026-09-30T13:08:49.403Z,11610.832,observer,RX,baseline,0,stopped,,,0011CBA0,0011,CBA0,1,5,01 00 00 A0 CB,0,OK
2026-09-30T13:08:49.407Z,11615.532,observer,RX,baseline,0,stopped,,,0001401F,0001,401F,1,7,01 00 00 0F 03 1F 40,0,OK
2026-09-30T13:08:49.408Z,11615.778,observer,RX,baseline,0,stopped,,,0011401F,0011,401F,1,5,01 00 00 1F 40,0,OK
2026-09-30T13:08:49.413Z,11620.992,observer,RX,baseline,0,stopped,,,00010042,0001,0042,1,7,01 00 00 0F 03 42 00,0,OK
2026-09-30T13:08:49.413Z,11621.122,observer,RX,baseline,0,stopped,,,00110042,0011,0042,1,5,01 00 00 42 00,0,OK
2026-09-30T13:08:49.418Z,11626.083,observer,RX,baseline,0,stopped,,,00017329,0001,7329,1,7,01 00 00 0F 03 29 73,0,OK
2026-09-30T13:08:49.418Z,11626.21,observer,RX,baseline,0,stopped,,,00117329,0011,7329,1,5,01 00 00 29 73,0,OK
2026-09-30T13:08:49.423Z,11631.042,observer,RX,baseline,0,stopped,,,0001C055,0001,C055,1,7,01 00 00 0F 03 55 C0,0,OK
2026-09-30T13:08:49.423Z,11631.18,observer,RX,baseline,0,stopped,,,0011C055,0011,C055,1,5,01 00 00 55 C0,0,OK
2026-09-30T13:08:49.428Z,11635.979,observer,RX,baseline,0,stopped,,,0001B21B,0001,B21B,1,7,01 00 00 0F 03 1B B2,0,OK
2026-09-30T13:08:49.428Z,11636.119,observer,RX,baseline,0,stopped,,,0011B21B,0011,B21B,1,5,01 00 00 1B B2,0,OK
2026-09-30T13:08:49.432Z,11640.544,observer,RX,baseline,0,stopped,,,000134C9,0001,34C9,1,7,01 00 00 0F 03 C9 34,0,OK
2026-09-30T13:08:49.432Z,11640.701,observer,RX,baseline,0,stopped,,,001134C9,0011,34C9,1,5,01 00 00 C9 34,0,OK
2026-09-30T13:08:49.437Z,11645.61,observer,RX,baseline,0,stopped,,,00018E56,0001,8E56,1,7,01 00 00 0F 03 56 8E,0,OK
2026-09-30T13:08:49.438Z,11645.737,observer,RX,baseline,0,stopped,,,00118E56,0011,8E56,1,5,01 00 00 56 8E,0,OK
2026-09-30T13:08:49.442Z,11650.626,observer,RX,baseline,0,stopped,,,0001733C,0001,733C,1,7,01 00 00 0F 03 3C 73,0,OK
2026-09-30T13:08:49.443Z,11650.752,observer,RX,baseline,0,stopped,,,0011733C,0011,733C,1,5,01 00 00 3C 73,0,OK
2026-09-30T13:08:49.448Z,11656.087,observer,RX,baseline,0,stopped,,,00015D4D,0001,5D4D,1,7,01 00 00 0F 03 4D 5D,0,OK
2026-09-30T13:08:49.448Z,11656.247,observer,RX,baseline,0,stopped,,,00115D4D,0011,5D4D,1,5,01 00 00 4D 5D,0,OK
2026-09-30T13:08:49.452Z,11660.562,observer,RX,baseline,0,stopped,,,0001E32A,0001,E32A,1,7,01 00 00 0F 03 2A E3,0,OK
2026-09-30T13:08:49.453Z,11660.756,observer,RX,baseline,0,stopped,,,0011E32A,0011,E32A,1,5,01 00 00 2A E3,0,OK
2026-09-30T13:08:49.457Z,11665.52,observer,RX,baseline,0,stopped,,,00014B10,0001,4B10,1,7,01 00 00 0F 03 10 4B,0,OK
2026-09-30T13:08:49.457Z,11665.673,observer,RX,baseline,0,stopped,,,00114B10,0011,4B10,1,5,01 00 00 10 4B,0,OK
2026-09-30T13:08:49.462Z,11670.574,observer,RX,baseline,0,stopped,,,0001189C,0001,189C,1,7,01 00 00 0F 03 9C 18,0,OK
2026-09-30T13:08:49.462Z,11670.712,observer,RX,baseline,0,stopped,,,0011189C,0011,189C,1,5,01 00 00 9C 18,0,OK
2026-09-30T13:08:49.467Z,11675.562,observer,RX,baseline,0,stopped,,,00018796,0001,8796,1,7,01 00 00 0F 03 96 87,0,OK
2026-09-30T13:08:49.467Z,11675.696,observer,RX,baseline,0,stopped,,,00118796,0011,8796,1,5,01 00 00 96 87,0,OK
2026-09-30T13:08:49.472Z,11680.594,observer,RX,baseline,0,stopped,,,0001D45E,0001,D45E,1,7,01 00 00 0F 03 5E D4,0,OK
2026-09-30T13:08:49.473Z,11680.728,observer,RX,baseline,0,stopped,,,0011D45E,0011,D45E,1,5,01 00 00 5E D4,0,OK
2026-09-30T13:08:49.477Z,11685.534,observer,RX,baseline,0,stopped,,,0001348B,0001,348B,1,7,01 00 00 0F 03 8B 34,0,OK
2026-09-30T13:08:49.478Z,11685.786,observer,RX,baseline,0,stopped,,,0011348B,0011,348B,1,5,01 00 00 8B 34,0,OK
2026-09-30T13:08:49.483Z,11690.986,observer,RX,baseline,0,stopped,,,00018185,0001,8185,1,7,01 00 00 0F 03 85 81,0,OK
2026-09-30T13:08:49.483Z,11691.12,observer,RX,baseline,0,stopped,,,00118185,0011,8185,1,5,01 00 00 85 81,0,OK
2026-09-30T13:08:49.487Z,11695.618,observer,RX,baseline,0,stopped,,,0001BFE6,0001,BFE6,1,7,01 00 00 0F 03 E6 BF,0,OK
2026-09-30T13:08:49.488Z,11695.793,observer,RX,baseline,0,stopped,,,0011BFE6,0011,BFE6,1,5,01 00 00 E6 BF,0,OK
2026-09-30T13:08:49.493Z,11700.861,observer,RX,baseline,0,stopped,,,00011DCA,0001,1DCA,1,7,01 00 00 0F 03 CA 1D,0,OK
2026-09-30T13:08:49.493Z,11701.007,observer,RX,baseline,0,stopped,,,00111DCA,0011,1DCA,1,5,01 00 00 CA 1D,0,OK
2026-09-30T13:08:49.497Z,11705.677,observer,RX,baseline,0,stopped,,,0001F095,0001,F095,1,7,01 00 00 0F 03 95 F0,0,OK
2026-09-30T13:08:49.498Z,11705.811,observer,RX,baseline,0,stopped,,,0011F095,0011,F095,1,5,01 00 00 95 F0,0,OK
2026-09-30T13:08:49.502Z,11710.699,observer,RX,baseline,0,stopped,,,00010A08,0001,0A08,1,7,01 00 00 0F 03 08 0A,0,OK
2026-09-30T13:08:49.503Z,11710.885,observer,RX,baseline,0,stopped,,,00110A08,0011,0A08,1,5,01 00 00 08 0A,0,OK
2026-09-30T13:08:49.507Z,11715.682,observer,RX,baseline,0,stopped,,,00012101,0001,2101,1,7,01 00 00 0F 03 01 21,0,OK
2026-09-30T13:08:49.508Z,11715.867,observer,RX,baseline,0,stopped,,,00112101,0011,2101,1,5,01 00 00 01 21,0,OK
2026-09-30T13:08:49.512Z,11720.698,observer,RX,baseline,0,stopped,,,000175D8,0001,75D8,1,7,01 00 00 0F 03 D8 75,0,OK
2026-09-30T13:08:49.513Z,11720.83,observer,RX,baseline,0,stopped,,,001175D8,0011,75D8,1,5,01 00 00 D8 75,0,OK
2026-09-30T13:08:49.517Z,11725.687,observer,RX,baseline,0,stopped,,,00010038,0001,0038,1,7,01 00 00 0F 03 38 00,0,OK
2026-09-30T13:08:49.518Z,11725.818,observer,RX,baseline,0,stopped,,,00110038,0011,0038,1,5,01 00 00 38 00,0,OK
2026-09-30T13:08:49.522Z,11730.69,observer,RX,baseline,0,stopped,,,0001C52A,0001,C52A,1,7,01 00 00 0F 03 2A C5,0,OK
2026-09-30T13:08:49.523Z,11730.82,observer,RX,baseline,0,stopped,,,0011C52A,0011,C52A,1,5,01 00 00 2A C5,0,OK
2026-09-30T13:08:49.527Z,11735.527,observer,RX,baseline,0,stopped,,,0001C500,0001,C500,1,7,01 00 00 0F 03 00 C5,0,OK
2026-09-30T13:08:49.527Z,11735.682,observer,RX,baseline,0,stopped,,,0011C500,0011,C500,1,5,01 00 00 00 C5,0,OK
2026-09-30T13:08:49.532Z,11740.502,observer,RX,baseline,0,stopped,,,0001FC46,0001,FC46,1,7,01 00 00 0F 03 46 FC,0,OK
2026-09-30T13:08:49.533Z,11740.76,observer,RX,baseline,0,stopped,,,0011FC46,0011,FC46,1,5,01 00 00 46 FC,0,OK
2026-09-30T13:08:49.537Z,11745.506,observer,RX,baseline,0,stopped,,,00018B1E,0001,8B1E,1,7,01 00 00 0F 03 1E 8B,0,OK
2026-09-30T13:08:49.538Z,11745.762,observer,RX,baseline,0,stopped,,,00118B1E,0011,8B1E,1,5,01 00 00 1E 8B,0,OK
2026-09-30T13:08:49.542Z,11750.469,observer,RX,baseline,0,stopped,,,00017E98,0001,7E98,1,7,01 00 00 0F 03 98 7E,0,OK
2026-09-30T13:08:49.543Z,11750.743,observer,RX,baseline,0,stopped,,,00117E98,0011,7E98,1,5,01 00 00 98 7E,0,OK
2026-09-30T13:08:49.547Z,11755.505,observer,RX,baseline,0,stopped,,,0001E998,0001,E998,1,7,01 00 00 0F 03 98 E9,0,OK
2026-09-30T13:08:49.548Z,11755.804,observer,RX,baseline,0,stopped,,,0011E998,0011,E998,1,5,01 00 00 98 E9,0,OK
2026-09-30T13:08:49.552Z,11760.636,observer,RX,baseline,0,stopped,,,0001B63C,0001,B63C,1,7,01 00 00 0F 03 3C B6,0,OK
2026-09-30T13:08:49.552Z,11760.714,observer,RX,baseline,0,stopped,,,0011B63C,0011,B63C,1,5,01 00 00 3C B6,0,OK
2026-09-30T13:08:49.557Z,11765.643,observer,RX,baseline,0,stopped,,,00013DB7,0001,3DB7,1,7,01 00 00 0F 03 B7 3D,0,OK
2026-09-30T13:08:49.558Z,11765.72,observer,RX,baseline,0,stopped,,,00113DB7,0011,3DB7,1,5,01 00 00 B7 3D,0,OK
2026-09-30T13:08:49.562Z,11770.637,observer,RX,baseline,0,stopped,,,0001C21A,0001,C21A,1,7,01 00 00 0F 03 1A C2,0,OK
2026-09-30T13:08:49.562Z,11770.714,observer,RX,baseline,0,stopped,,,0011C21A,0011,C21A,1,5,01 00 00 1A C2,0,OK
2026-09-30T13:08:49.567Z,11775.54,observer,RX,baseline,0,stopped,,,0001551C,0001,551C,1,7,01 00 00 0F 03 1C 55,0,OK
2026-09-30T13:08:49.568Z,11775.768,observer,RX,baseline,0,stopped,,,0011551C,0011,551C,1,5,01 00 00 1C 55,0,OK
2026-09-30T13:08:49.572Z,11780.511,observer,RX,baseline,0,stopped,,,00010A1F,0001,0A1F,1,7,01 00 00 0F 03 1F 0A,0,OK
2026-09-30T13:08:49.573Z,11780.762,observer,RX,baseline,0,stopped,,,00110A1F,0011,0A1F,1,5,01 00 00 1F 0A,0,OK
2026-09-30T13:08:49.577Z,11785.567,observer,RX,baseline,0,stopped,,,0001121C,0001,121C,1,7,01 00 00 0F 03 1C 12,0,OK
2026-09-30T13:08:49.577Z,11785.664,observer,RX,baseline,0,stopped,,,0011121C,0011,121C,1,5,01 00 00 1C 12,0,OK
2026-09-30T13:08:49.582Z,11790.595,observer,RX,baseline,0,stopped,,,000104C9,0001,04C9,1,7,01 00 00 0F 03 C9 04,0,OK
2026-09-30T13:08:49.582Z,11790.684,observer,RX,baseline,0,stopped,,,001104C9,0011,04C9,1,5,01 00 00 C9 04,0,OK
2026-09-30T13:08:49.587Z,11795.548,observer,RX,baseline,0,stopped,,,0001AC43,0001,AC43,1,7,01 00 00 0F 03 43 AC,0,OK
2026-09-30T13:08:49.588Z,11795.717,observer,RX,baseline,0,stopped,,,0011AC43,0011,AC43,1,5,01 00 00 43 AC,0,OK
2026-09-30T13:08:49.592Z,11800.615,observer,RX,baseline,0,stopped,,,00016F27,0001,6F27,1,7,01 00 00 0F 03 27 6F,0,OK
2026-09-30T13:08:49.592Z,11800.697,observer,RX,baseline,0,stopped,,,00116F27,0011,6F27,1,5,01 00 00 27 6F,0,OK
2026-09-30T13:08:49.597Z,11805.608,observer,RX,baseline,0,stopped,,,00012BB1,0001,2BB1,1,7,01 00 00 0F 03 B1 2B,0,OK
2026-09-30T13:08:49.597Z,11805.696,observer,RX,baseline,0,stopped,,,00112BB1,0011,2BB1,1,5,01 00 00 B1 2B,0,OK
2026-09-30T13:08:49.602Z,11810.62,observer,RX,baseline,0,stopped,,,0001A3FF,0001,A3FF,1,7,01 00 00 0F 03 FF A3,0,OK
2026-09-30T13:08:49.602Z,11810.697,observer,RX,baseline,0,stopped,,,0011A3FF,0011,A3FF,1,5,01 00 00 FF A3,0,OK
2026-09-30T13:08:49.607Z,11815.643,observer,RX,baseline,0,stopped,,,0001B8AA,0001,B8AA,1,7,01 00 00 0F 03 AA B8,0,OK
2026-09-30T13:08:49.608Z,11815.724,observer,RX,baseline,0,stopped,,,0011B8AA,0011,B8AA,1,5,01 00 00 AA B8,0,OK
2026-09-30T13:08:49.612Z,11820.616,observer,RX,baseline,0,stopped,,,0001E4B0,0001,E4B0,1,7,01 00 00 0F 03 B0 E4,0,OK
2026-09-30T13:08:49.612Z,11820.695,observer,RX,baseline,0,stopped,,,0011E4B0,0011,E4B0,1,5,01 00 00 B0 E4,0,OK
2026-09-30T13:08:49.617Z,11825.641,observer,RX,baseline,0,stopped,,,0001858D,0001,858D,1,7,01 00 00 0F 03 8D 85,0,OK
2026-09-30T13:08:49.618Z,11825.718,observer,RX,baseline,0,stopped,,,0011858D,0011,858D,1,5,01 00 00 8D 85,0,OK
2026-09-30T13:08:49.622Z,11830.615,observer,RX,baseline,0,stopped,,,0001EE11,0001,EE11,1,7,01 00 00 0F 03 11 EE,0,OK
2026-09-30T13:08:49.622Z,11830.703,observer,RX,baseline,0,stopped,,,0011EE11,0011,EE11,1,5,01 00 00 11 EE,0,OK
2026-09-30T13:08:49.627Z,11835.65,observer,RX,baseline,0,stopped,,,0001B417,0001,B417,1,7,01 00 00 0F 03 17 B4,0,OK
2026-09-30T13:08:49.628Z,11835.732,observer,RX,baseline,0,stopped,,,0011B417,0011,B417,1,5,01 00 00 17 B4,0,OK
2026-09-30T13:08:49.632Z,11840.621,observer,RX,baseline,0,stopped,,,00019D53,0001,9D53,1,7,01 00 00 0F 03 53 9D,0,OK
2026-09-30T13:08:49.632Z,11840.696,observer,RX,baseline,0,stopped,,,00119D53,0011,9D53,1,5,01 00 00 53 9D,0,OK
2026-09-30T13:08:49.637Z,11845.649,observer,RX,baseline,0,stopped,,,0001F398,0001,F398,1,7,01 00 00 0F 03 98 F3,0,OK
2026-09-30T13:08:49.638Z,11845.728,observer,RX,baseline,0,stopped,,,0011F398,0011,F398,1,5,01 00 00 98 F3,0,OK
2026-09-30T13:08:49.642Z,11850.62,observer,RX,baseline,0,stopped,,,000148BE,0001,48BE,1,7,01 00 00 0F 03 BE 48,0,OK
2026-09-30T13:08:49.642Z,11850.696,observer,RX,baseline,0,stopped,,,001148BE,0011,48BE,1,5,01 00 00 BE 48,0,OK
2026-09-30T13:08:49.647Z,11855.441,observer,RX,baseline,0,stopped,,,0001A482,0001,A482,1,7,01 00 00 0F 03 82 A4,0,OK
2026-09-30T13:08:49.647Z,11855.681,observer,RX,baseline,0,stopped,,,0011A482,0011,A482,1,5,01 00 00 82 A4,0,OK
2026-09-30T13:08:49.652Z,11860.582,observer,RX,baseline,0,stopped,,,00016DB4,0001,6DB4,1,7,01 00 00 0F 03 B4 6D,0,OK
2026-09-30T13:08:49.653Z,11860.761,observer,RX,baseline,0,stopped,,,00116DB4,0011,6DB4,1,5,01 00 00 B4 6D,0,OK
2026-09-30T13:08:49.657Z,11865.553,observer,RX,baseline,0,stopped,,,0001CA78,0001,CA78,1,7,01 00 00 0F 03 78 CA,0,OK
2026-09-30T13:08:49.658Z,11865.737,observer,RX,baseline,0,stopped,,,0011CA78,0011,CA78,1,5,01 00 00 78 CA,0,OK
2026-09-30T13:08:49.662Z,11870.483,observer,RX,baseline,0,stopped,,,00013164,0001,3164,1,7,01 00 00 0F 03 64 31,0,OK
2026-09-30T13:08:49.663Z,11870.725,observer,RX,baseline,0,stopped,,,00113164,0011,3164,1,5,01 00 00 64 31,0,OK
2026-09-30T13:08:49.667Z,11875.48,observer,RX,baseline,0,stopped,,,0001ACD3,0001,ACD3,1,7,01 00 00 0F 03 D3 AC,0,OK
2026-09-30T13:08:49.667Z,11875.686,observer,RX,baseline,0,stopped,,,0011ACD3,0011,ACD3,1,5,01 00 00 D3 AC,0,OK
2026-09-30T13:08:49.672Z,11880.476,observer,RX,baseline,0,stopped,,,00017F19,0001,7F19,1,7,01 00 00 0F 03 19 7F,0,OK
2026-09-30T13:08:49.673Z,11880.717,observer,RX,baseline,0,stopped,,,00117F19,0011,7F19,1,5,01 00 00 19 7F,0,OK
2026-09-30T13:08:49.677Z,11885.447,observer,RX,baseline,0,stopped,,,0001BA2C,0001,BA2C,1,7,01 00 00 0F 03 2C BA,0,OK
2026-09-30T13:08:49.677Z,11885.647,observer,RX,baseline,0,stopped,,,0011BA2C,0011,BA2C,1,5,01 00 00 2C BA,0,OK
2026-09-30T13:08:49.682Z,11890.484,observer,RX,baseline,0,stopped,,,00014AF8,0001,4AF8,1,7,01 00 00 0F 03 F8 4A,0,OK
2026-09-30T13:08:49.683Z,11890.731,observer,RX,baseline,0,stopped,,,00114AF8,0011,4AF8,1,5,01 00 00 F8 4A,0,OK
2026-09-30T13:08:49.687Z,11895.509,observer,RX,baseline,0,stopped,,,00014A6B,0001,4A6B,1,7,01 00 00 0F 03 6B 4A,0,OK
2026-09-30T13:08:49.688Z,11895.725,observer,RX,baseline,0,stopped,,,00114A6B,0011,4A6B,1,5,01 00 00 6B 4A,0,OK
2026-09-30T13:08:49.692Z,11900.481,observer,RX,baseline,0,stopped,,,0001B5BE,0001,B5BE,1,7,01 00 00 0F 03 BE B5,0,OK
2026-09-30T13:08:49.692Z,11900.687,observer,RX,baseline,0,stopped,,,0011B5BE,0011,B5BE,1,5,01 00 00 BE B5,0,OK
2026-09-30T13:08:49.697Z,11905.478,observer,RX,baseline,0,stopped,,,0001B375,0001,B375,1,7,01 00 00 0F 03 75 B3,0,OK
2026-09-30T13:08:49.698Z,11905.73,observer,RX,baseline,0,stopped,,,0011B375,0011,B375,1,5,01 00 00 75 B3,0,OK
2026-09-30T13:08:49.702Z,11910.477,observer,RX,baseline,0,stopped,,,000175B3,0001,75B3,1,7,01 00 00 0F 03 B3 75,0,OK
2026-09-30T13:08:49.703Z,11910.723,observer,RX,baseline,0,stopped,,,001175B3,0011,75B3,1,5,01 00 00 B3 75,0,OK
2026-09-30T13:08:49.707Z,11915.478,observer,RX,baseline,0,stopped,,,0001BB64,0001,BB64,1,7,01 00 00 0F 03 64 BB,0,OK
2026-09-30T13:08:49.708Z,11915.727,observer,RX,baseline,0,stopped,,,0011BB64,0011,BB64,1,5,01 00 00 64 BB,0,OK
2026-09-30T13:08:49.712Z,11920.481,observer,RX,baseline,0,stopped,,,00016EE9,0001,6EE9,1,7,01 00 00 0F 03 E9 6E,0,OK
2026-09-30T13:08:49.713Z,11920.728,observer,RX,baseline,0,stopped,,,00116EE9,0011,6EE9,1,5,01 00 00 E9 6E,0,OK
2026-09-30T13:08:49.717Z,11925.477,observer,RX,baseline,0,stopped,,,00018FF7,0001,8FF7,1,7,01 00 00 0F 03 F7 8F,0,OK
2026-09-30T13:08:49.718Z,11925.727,observer,RX,baseline,0,stopped,,,00118FF7,0011,8FF7,1,5,01 00 00 F7 8F,0,OK
2026-09-30T13:08:49.722Z,11930.48,observer,RX,baseline,0,stopped,,,0001E08B,0001,E08B,1,7,01 00 00 0F 03 8B E0,0,OK
2026-09-30T13:08:49.723Z,11930.732,observer,RX,baseline,0,stopped,,,0011E08B,0011,E08B,1,5,01 00 00 8B E0,0,OK
2026-09-30T13:08:49.727Z,11935.476,observer,RX,baseline,0,stopped,,,00013D97,0001,3D97,1,7,01 00 00 0F 03 97 3D,0,OK
2026-09-30T13:08:49.728Z,11935.726,observer,RX,baseline,0,stopped,,,00113D97,0011,3D97,1,5,01 00 00 97 3D,0,OK
2026-09-30T13:08:49.732Z,11940.483,observer,RX,baseline,0,stopped,,,0001F2BF,0001,F2BF,1,7,01 00 00 0F 03 BF F2,0,OK
2026-09-30T13:08:49.733Z,11940.73,observer,RX,baseline,0,stopped,,,0011F2BF,0011,F2BF,1,5,01 00 00 BF F2,0,OK
2026-09-30T13:08:49.737Z,11945.474,observer,RX,baseline,0,stopped,,,00010522,0001,0522,1,7,01 00 00 0F 03 22 05,0,OK
2026-09-30T13:08:49.738Z,11945.724,observer,RX,baseline,0,stopped,,,00110522,0011,0522,1,5,01 00 00 22 05,0,OK
2026-09-30T13:08:49.742Z,11950.481,observer,RX,baseline,0,stopped,,,00011468,0001,1468,1,7,01 00 00 0F 03 68 14,0,OK
2026-09-30T13:08:49.743Z,11950.722,observer,RX,baseline,0,stopped,,,00111468,0011,1468,1,5,01 00 00 68 14,0,OK
2026-09-30T13:08:49.747Z,11955.486,observer,RX,baseline,0,stopped,,,00016E62,0001,6E62,1,7,01 00 00 0F 03 62 6E,0,OK
2026-09-30T13:08:49.748Z,11955.733,observer,RX,baseline,0,stopped,,,00116E62,0011,6E62,1,5,01 00 00 62 6E,0,OK
2026-09-30T13:08:49.752Z,11960.444,observer,RX,baseline,0,stopped,,,000109D4,0001,09D4,1,7,01 00 00 0F 03 D4 09,0,OK
2026-09-30T13:08:49.752Z,11960.682,observer,RX,baseline,0,stopped,,,001109D4,0011,09D4,1,5,01 00 00 D4 09,0,OK
2026-09-30T13:08:49.757Z,11965.44,observer,RX,baseline,0,stopped,,,000169D1,0001,69D1,1,7,01 00 00 0F 03 D1 69,0,OK
2026-09-30T13:08:49.758Z,11965.739,observer,RX,baseline,0,stopped,,,001169D1,0011,69D1,1,5,01 00 00 D1 69,0,OK
2026-09-30T13:08:49.762Z,11970.442,observer,RX,baseline,0,stopped,,,00010112,0001,0112,1,7,01 00 00 0F 03 12 01,0,OK
2026-09-30T13:08:49.762Z,11970.663,observer,RX,baseline,0,stopped,,,00110112,0011,0112,1,5,01 00 00 12 01,0,OK
2026-09-30T13:08:49.767Z,11975.447,observer,RX,baseline,0,stopped,,,00018F25,0001,8F25,1,7,01 00 00 0F 03 25 8F,0,OK
2026-09-30T13:08:49.767Z,11975.693,observer,RX,baseline,0,stopped,,,00118F25,0011,8F25,1,5,01 00 00 25 8F,0,OK
2026-09-30T13:08:49.772Z,11980.442,observer,RX,baseline,0,stopped,,,00019283,0001,9283,1,7,01 00 00 0F 03 83 92,0,OK
2026-09-30T13:08:49.772Z,11980.701,observer,RX,baseline,0,stopped,,,00119283,0011,9283,1,5,01 00 00 83 92,0,OK
2026-09-30T13:08:49.777Z,11985.44,observer,RX,baseline,0,stopped,,,00017EAF,0001,7EAF,1,7,01 00 00 0F 03 AF 7E,0,OK
2026-09-30T13:08:49.777Z,11985.687,observer,RX,baseline,0,stopped,,,00117EAF,0011,7EAF,1,5,01 00 00 AF 7E,0,OK
2026-09-30T13:08:49.782Z,11990.444,observer,RX,baseline,0,stopped,,,000117EB,0001,17EB,1,7,01 00 00 0F 03 EB 17,0,OK
2026-09-30T13:08:49.782Z,11990.686,observer,RX,baseline,0,stopped,,,001117EB,0011,17EB,1,5,01 00 00 EB 17,0,OK
2026-09-30T13:08:49.787Z,11995.44,observer,RX,baseline,0,stopped,,,0001CE90,0001,CE90,1,7,01 00 00 0F 03 90 CE,0,OK
2026-09-30T13:08:49.787Z,11995.69,observer,RX,baseline,0,stopped,,,0011CE90,0011,CE90,1,5,01 00 00 90 CE,0,OK
2026-09-30T13:08:49.792Z,12000.441,observer,RX,baseline,0,stopped,,,00011203,0001,1203,1,7,01 00 00 0F 03 03 12,0,OK
2026-09-30T13:08:49.792Z,12000.692,observer,RX,baseline,0,stopped,,,00111203,0011,1203,1,5,01 00 00 03 12,0,OK
2026-09-30T13:08:49.797Z,12005.441,observer,RX,baseline,0,stopped,,,00013D5D,0001,3D5D,1,7,01 00 00 0F 03 5D 3D,0,OK
2026-09-30T13:08:49.797Z,12005.658,observer,RX,baseline,0,stopped,,,00113D5D,0011,3D5D,1,5,01 00 00 5D 3D,0,OK
2026-09-30T13:08:49.802Z,12010.485,observer,RX,baseline,0,stopped,,,00014861,0001,4861,1,7,01 00 00 0F 03 61 48,0,OK
2026-09-30T13:08:49.803Z,12010.74,observer,RX,baseline,0,stopped,,,00114861,0011,4861,1,5,01 00 00 61 48,0,OK
2026-09-30T13:08:49.807Z,12015.48,observer,RX,baseline,0,stopped,,,0001B29E,0001,B29E,1,7,01 00 00 0F 03 9E B2,0,OK
2026-09-30T13:08:49.808Z,12015.723,observer,RX,baseline,0,stopped,,,0011B29E,0011,B29E,1,5,01 00 00 9E B2,0,OK
2026-09-30T13:08:49.812Z,12020.478,observer,RX,baseline,0,stopped,,,00013534,0001,3534,1,7,01 00 00 0F 03 34 35,0,OK
2026-09-30T13:08:49.812Z,12020.703,observer,RX,baseline,0,stopped,,,00113534,0011,3534,1,5,01 00 00 34 35,0,OK
2026-09-30T13:08:49.817Z,12025.48,observer,RX,baseline,0,stopped,,,0001BE54,0001,BE54,1,7,01 00 00 0F 03 54 BE,0,OK
2026-09-30T13:08:49.818Z,12025.726,observer,RX,baseline,0,stopped,,,0011BE54,0011,BE54,1,5,01 00 00 54 BE,0,OK
2026-09-30T13:08:49.822Z,12030.481,observer,RX,baseline,0,stopped,,,00013220,0001,3220,1,7,01 00 00 0F 03 20 32,0,OK
2026-09-30T13:08:49.823Z,12030.729,observer,RX,baseline,0,stopped,,,00113220,0011,3220,1,5,01 00 00 20 32,0,OK
2026-09-30T13:08:49.827Z,12035.535,observer,RX,baseline,0,stopped,,,00014B5F,0001,4B5F,1,7,01 00 00 0F 03 5F 4B,0,OK
2026-09-30T13:08:49.827Z,12035.668,observer,RX,baseline,0,stopped,,,00114B5F,0011,4B5F,1,5,01 00 00 5F 4B,0,OK
2026-09-30T13:08:49.833Z,12041.111,observer,RX,baseline,0,stopped,,,0001793D,0001,793D,1,7,01 00 00 0F 03 3D 79,0,OK
2026-09-30T13:08:49.833Z,12041.24,observer,RX,baseline,0,stopped,,,0011793D,0011,793D,1,5,01 00 00 3D 79,0,OK
2026-09-30T13:08:49.837Z,12045.538,observer,RX,baseline,0,stopped,,,0001E989,0001,E989,1,7,01 00 00 0F 03 89 E9,0,OK
2026-09-30T13:08:49.837Z,12045.683,observer,RX,baseline,0,stopped,,,0011E989,0011,E989,1,5,01 00 00 89 E9,0,OK
2026-09-30T13:08:49.843Z,12051.164,observer,RX,baseline,0,stopped,,,00010D0A,0001,0D0A,1,7,01 00 00 0F 03 0A 0D,0,OK
2026-09-30T13:08:49.843Z,12051.291,observer,RX,baseline,0,stopped,,,00110D0A,0011,0D0A,1,5,01 00 00 0A 0D,0,OK
2026-09-30T13:08:49.847Z,12055.55,observer,RX,baseline,0,stopped,,,00019679,0001,9679,1,7,01 00 00 0F 03 79 96,0,OK
2026-09-30T13:08:49.847Z,12055.687,observer,RX,baseline,0,stopped,,,00119679,0011,9679,1,5,01 00 00 79 96,0,OK
2026-09-30T13:08:49.853Z,12060.852,observer,RX,baseline,0,stopped,,,0001A7D6,0001,A7D6,1,7,01 00 00 0F 03 D6 A7,0,OK
2026-09-30T13:08:49.853Z,12060.986,observer,RX,baseline,0,stopped,,,0011A7D6,0011,A7D6,1,5,01 00 00 D6 A7,0,OK
2026-09-30T13:08:49.857Z,12065.474,observer,RX,baseline,0,stopped,,,000161D5,0001,61D5,1,7,01 00 00 0F 03 D5 61,0,OK
2026-09-30T13:08:49.858Z,12065.706,observer,RX,baseline,0,stopped,,,001161D5,0011,61D5,1,5,01 00 00 D5 61,0,OK
2026-09-30T13:08:49.863Z,12071.523,observer,RX,baseline,0,stopped,,,0001D6E7,0001,D6E7,1,7,01 00 00 0F 03 E7 D6,0,OK
2026-09-30T13:08:49.863Z,12071.652,observer,RX,baseline,0,stopped,,,0011D6E7,0011,D6E7,1,5,01 00 00 E7 D6,0,OK
2026-09-30T13:08:49.867Z,12075.518,observer,RX,baseline,0,stopped,,,0001C76C,0001,C76C,1,7,01 00 00 0F 03 6C C7,0,OK
2026-09-30T13:08:49.868Z,12075.739,observer,RX,baseline,0,stopped,,,0011C76C,0011,C76C,1,5,01 00 00 6C C7,0,OK
2026-09-30T13:08:49.873Z,12081.279,observer,RX,baseline,0,stopped,,,00016765,0001,6765,1,7,01 00 00 0F 03 65 67,0,OK
2026-09-30T13:08:49.873Z,12081.406,observer,RX,baseline,0,stopped,,,00116765,0011,6765,1,5,01 00 00 65 67,0,OK
2026-09-30T13:08:49.878Z,12086.032,observer,RX,baseline,0,stopped,,,00013F12,0001,3F12,1,7,01 00 00 0F 03 12 3F,0,OK
2026-09-30T13:08:49.878Z,12086.162,observer,RX,baseline,0,stopped,,,00113F12,0011,3F12,1,5,01 00 00 12 3F,0,OK
2026-09-30T13:08:49.883Z,12091.397,observer,RX,baseline,0,stopped,,,00014ADB,0001,4ADB,1,7,01 00 00 0F 03 DB 4A,0,OK
2026-09-30T13:08:49.883Z,12091.528,observer,RX,baseline,0,stopped,,,00114ADB,0011,4ADB,1,5,01 00 00 DB 4A,0,OK
2026-09-30T13:08:49.887Z,12095.553,observer,RX,baseline,0,stopped,,,00019098,0001,9098,1,7,01 00 00 0F 03 98 90,0,OK
2026-09-30T13:08:49.887Z,12095.692,observer,RX,baseline,0,stopped,,,00119098,0011,9098,1,5,01 00 00 98 90,0,OK
2026-09-30T13:08:49.893Z,12101.395,observer,RX,baseline,0,stopped,,,0001DECA,0001,DECA,1,7,01 00 00 0F 03 CA DE,0,OK
2026-09-30T13:08:49.893Z,12101.522,observer,RX,baseline,0,stopped,,,0011DECA,0011,DECA,1,5,01 00 00 CA DE,0,OK
2026-09-30T13:08:49.897Z,12105.633,observer,RX,baseline,0,stopped,,,0001EB05,0001,EB05,1,7,01 00 00 0F 03 05 EB,0,OK
2026-09-30T13:08:49.898Z,12105.776,observer,RX,baseline,0,stopped,,,0011EB05,0011,EB05,1,5,01 00 00 05 EB,0,OK
2026-09-30T13:08:49.903Z,12111.161,observer,RX,baseline,0,stopped,,,0001129A,0001,129A,1,7,01 00 00 0F 03 9A 12,0,OK
2026-09-30T13:08:49.903Z,12111.285,observer,RX,baseline,0,stopped,,,0011129A,0011,129A,1,5,01 00 00 9A 12,0,OK
2026-09-30T13:08:49.908Z,12116.027,observer,RX,baseline,0,stopped,,,000190FE,0001,90FE,1,7,01 00 00 0F 03 FE 90,0,OK
2026-09-30T13:08:49.908Z,12116.159,observer,RX,baseline,0,stopped,,,001190FE,0011,90FE,1,5,01 00 00 FE 90,0,OK
2026-09-30T13:08:49.913Z,12120.93,observer,RX,baseline,0,stopped,,,00012CF9,0001,2CF9,1,7,01 00 00 0F 03 F9 2C,0,OK
2026-09-30T13:08:49.913Z,12121.058,observer,RX,baseline,0,stopped,,,00112CF9,0011,2CF9,1,5,01 00 00 F9 2C,0,OK
2026-09-30T13:08:49.918Z,12125.883,observer,RX,baseline,0,stopped,,,0001F0FE,0001,F0FE,1,7,01 00 00 0F 03 FE F0,0,OK
2026-09-30T13:08:49.918Z,12126.019,observer,RX,baseline,0,stopped,,,0011F0FE,0011,F0FE,1,5,01 00 00 FE F0,0,OK
2026-09-30T13:08:49.923Z,12130.847,observer,RX,baseline,0,stopped,,,0001B15D,0001,B15D,1,7,01 00 00 0F 04 5D B1,0,OK
2026-09-30T13:08:49.923Z,12130.976,observer,RX,baseline,0,stopped,,,0011B15D,0011,B15D,1,5,01 00 00 5D B1,0,OK
2026-09-30T13:08:49.927Z,12135.528,observer,RX,baseline,0,stopped,,,000176C8,0001,76C8,1,7,01 00 00 0F 03 C8 76,0,OK
2026-09-30T13:08:49.927Z,12135.659,observer,RX,baseline,0,stopped,,,001176C8,0011,76C8,1,5,01 00 00 C8 76,0,OK
2026-09-30T13:08:49.932Z,12140.476,observer,RX,baseline,0,stopped,,,00010C4B,0001,0C4B,1,7,01 00 00 0F 03 4B 0C,0,OK
2026-09-30T13:08:49.933Z,12140.743,observer,RX,baseline,0,stopped,,,00110C4B,0011,0C4B,1,5,01 00 00 4B 0C,0,OK
2026-09-30T13:08:49.938Z,12145.919,observer,RX,baseline,0,stopped,,,0001CC3F,0001,CC3F,1,7,01 00 00 0F 03 3F CC,0,OK
2026-09-30T13:08:49.938Z,12146.057,observer,RX,baseline,0,stopped,,,0011CC3F,0011,CC3F,1,5,01 00 00 3F CC,0,OK
2026-09-30T13:08:49.943Z,12150.949,observer,RX,baseline,0,stopped,,,0001B093,0001,B093,1,7,01 00 00 0F 03 93 B0,0,OK
2026-09-30T13:08:49.943Z,12151.084,observer,RX,baseline,0,stopped,,,0011B093,0011,B093,1,5,01 00 00 93 B0,0,OK
2026-09-30T13:08:49.948Z,12155.906,observer,RX,baseline,0,stopped,,,00017289,0001,7289,1,7,01 00 00 0F 03 89 72,0,OK
2026-09-30T13:08:49.948Z,12156.031,observer,RX,baseline,0,stopped,,,00117289,0011,7289,1,5,01 00 00 89 72,0,OK
2026-09-30T13:08:49.952Z,12160.641,observer,RX,baseline,0,stopped,,,00015194,0001,5194,1,7,01 00 00 0F 03 94 51,0,OK
2026-09-30T13:08:49.953Z,12160.775,observer,RX,baseline,0,stopped,,,00115194,0011,5194,1,5,01 00 00 94 51,0,OK
2026-09-30T13:08:49.957Z,12165.552,observer,RX,baseline,0,stopped,,,0001B920,0001,B920,1,7,01 00 00 0F 03 20 B9,0,OK
2026-09-30T13:08:49.958Z,12165.704,observer,RX,baseline,0,stopped,,,0011B920,0011,B920,1,5,01 00 00 20 B9,0,OK
2026-09-30T13:08:49.962Z,12170.621,observer,RX,baseline,0,stopped,,,0001A656,0001,A656,1,7,01 00 00 0F 03 56 A6,0,OK
2026-09-30T13:08:49.963Z,12170.75,observer,RX,baseline,0,stopped,,,0011A656,0011,A656,1,5,01 00 00 56 A6,0,OK
2026-09-30T13:08:49.968Z,12175.834,observer,RX,baseline,0,stopped,,,00017B44,0001,7B44,1,7,01 00 00 0F 03 44 7B,0,OK
2026-09-30T13:08:49.968Z,12175.962,observer,RX,baseline,0,stopped,,,00117B44,0011,7B44,1,5,01 00 00 44 7B,0,OK
2026-09-30T13:08:49.973Z,12180.867,observer,RX,baseline,0,stopped,,,00018EF4,0001,8EF4,1,7,01 00 00 0F 03 F4 8E,0,OK
2026-09-30T13:08:49.973Z,12180.997,observer,RX,baseline,0,stopped,,,00118EF4,0011,8EF4,1,5,01 00 00 F4 8E,0,OK
2026-09-30T13:08:49.978Z,12185.876,observer,RX,baseline,0,stopped,,,000174EF,0001,74EF,1,7,01 00 00 0F 03 EF 74,0,OK
2026-09-30T13:08:49.978Z,12186.003,observer,RX,baseline,0,stopped,,,001174EF,0011,74EF,1,5,01 00 00 EF 74,0,OK
2026-09-30T13:08:49.982Z,12190.579,observer,RX,baseline,0,stopped,,,000131A3,0001,31A3,1,7,01 00 00 0F 03 A3 31,0,OK
2026-09-30T13:08:49.983Z,12190.71,observer,RX,baseline,0,stopped,,,001131A3,0011,31A3,1,5,01 00 00 A3 31,0,OK
2026-09-30T13:08:49.988Z,12195.845,observer,RX,baseline,0,stopped,,,00019B2E,0001,9B2E,1,7,01 00 00 0F 03 2E 9B,0,OK
2026-09-30T13:08:49.988Z,12195.98,observer,RX,baseline,0,stopped,,,00119B2E,0011,9B2E,1,5,01 00 00 2E 9B,0,OK
2026-09-30T13:08:49.993Z,12200.956,observer,RX,baseline,0,stopped,,,00018A6D,0001,8A6D,1,7,01 00 00 0F 03 6D 8A,0,OK
2026-09-30T13:08:49.993Z,12201.089,observer,RX,baseline,0,stopped,,,00118A6D,0011,8A6D,1,5,01 00 00 6D 8A,0,OK
2026-09-30T13:08:49.997Z,12205.487,observer,RX,baseline,0,stopped,,,00013097,0001,3097,1,7,01 00 00 0F 03 97 30,0,OK
2026-09-30T13:08:49.997Z,12205.636,observer,RX,baseline,0,stopped,,,00113097,0011,3097,1,5,01 00 00 97 30,0,OK
2026-09-30T13:08:50.002Z,12210.525,observer,RX,baseline,0,stopped,,,00013048,0001,3048,1,7,01 00 00 0F 03 48 30,0,OK
2026-09-30T13:08:50.002Z,12210.655,observer,RX,baseline,0,stopped,,,00113048,0011,3048,1,5,01 00 00 48 30,0,OK
2026-09-30T13:08:50.007Z,12215.492,observer,RX,baseline,0,stopped,,,00014532,0001,4532,1,7,01 00 00 0F 03 32 45,0,OK
2026-09-30T13:08:50.007Z,12215.633,observer,RX,baseline,0,stopped,,,00114532,0011,4532,1,5,01 00 00 32 45,0,OK
2026-09-30T13:08:50.012Z,12220.523,observer,RX,baseline,0,stopped,,,0001EC38,0001,EC38,1,7,01 00 00 0F 03 38 EC,0,OK
2026-09-30T13:08:50.012Z,12220.654,observer,RX,baseline,0,stopped,,,0011EC38,0011,EC38,1,5,01 00 00 38 EC,0,OK
2026-09-30T13:08:50.017Z,12225.482,observer,RX,baseline,0,stopped,,,00013A07,0001,3A07,1,7,01 00 00 0F 03 07 3A,0,OK
2026-09-30T13:08:50.017Z,12225.648,observer,RX,baseline,0,stopped,,,00113A07,0011,3A07,1,5,01 00 00 07 3A,0,OK
2026-09-30T13:08:50.022Z,12230.497,observer,RX,baseline,0,stopped,,,0001B69C,0001,B69C,1,7,01 00 00 0F 03 9C B6,0,OK
2026-09-30T13:08:50.022Z,12230.648,observer,RX,baseline,0,stopped,,,0011B69C,0011,B69C,1,5,01 00 00 9C B6,0,OK
2026-09-30T13:08:50.027Z,12235.522,observer,RX,baseline,0,stopped,,,0001AB38,0001,AB38,1,7,01 00 00 0F 03 38 AB,0,OK
2026-09-30T13:08:50.027Z,12235.656,observer,RX,baseline,0,stopped,,,0011AB38,0011,AB38,1,5,01 00 00 38 AB,0,OK
2026-09-30T13:08:50.032Z,12240.577,observer,RX,baseline,0,stopped,,,0001BCD6,0001,BCD6,1,7,01 00 00 0F 03 D6 BC,0,OK
2026-09-30T13:08:50.033Z,12240.714,observer,RX,baseline,0,stopped,,,0011BCD6,0011,BCD6,1,5,01 00 00 D6 BC,0,OK
2026-09-30T13:08:50.037Z,12245.527,observer,RX,baseline,0,stopped,,,0001E84F,0001,E84F,1,7,01 00 00 0F 03 4F E8,0,OK
2026-09-30T13:08:50.037Z,12245.661,observer,RX,baseline,0,stopped,,,0011E84F,0011,E84F,1,5,01 00 00 4F E8,0,OK
2026-09-30T13:08:50.042Z,12250.62,observer,RX,baseline,0,stopped,,,00011CF1,0001,1CF1,1,7,01 00 00 0F 03 F1 1C,0,OK
2026-09-30T13:08:50.043Z,12250.778,observer,RX,baseline,0,stopped,,,00111CF1,0011,1CF1,1,5,01 00 00 F1 1C,0,OK
2026-09-30T13:08:50.048Z,12255.878,observer,RX,baseline,0,stopped,,,0001F925,0001,F925,1,7,01 00 00 0F 03 25 F9,0,OK
2026-09-30T13:08:50.048Z,12256.006,observer,RX,baseline,0,stopped,,,0011F925,0011,F925,1,5,01 00 00 25 F9,0,OK
2026-09-30T13:08:50.052Z,12260.521,observer,RX,baseline,0,stopped,,,0001EAE7,0001,EAE7,1,7,01 00 00 0F 03 E7 EA,0,OK
2026-09-30T13:08:50.052Z,12260.65,observer,RX,baseline,0,stopped,,,0011EAE7,0011,EAE7,1,5,01 00 00 E7 EA,0,OK
2026-09-30T13:08:50.057Z,12265.474,observer,RX,baseline,0,stopped,,,00015E8A,0001,5E8A,1,7,01 00 00 0F 03 8A 5E,0,OK
2026-09-30T13:08:50.057Z,12265.677,observer,RX,baseline,0,stopped,,,00115E8A,0011,5E8A,1,5,01 00 00 8A 5E,0,OK
2026-09-30T13:08:50.062Z,12270.513,observer,RX,baseline,0,stopped,,,00011AC8,0001,1AC8,1,7,01 00 00 0F 03 C8 1A,0,OK
2026-09-30T13:08:50.062Z,12270.658,observer,RX,baseline,0,stopped,,,00111AC8,0011,1AC8,1,5,01 00 00 C8 1A,0,OK
2026-09-30T13:08:50.067Z,12275.511,observer,RX,baseline,0,stopped,,,0001B8A0,0001,B8A0,1,7,01 00 00 0F 03 A0 B8,0,OK
2026-09-30T13:08:50.067Z,12275.646,observer,RX,baseline,0,stopped,,,0011B8A0,0011,B8A0,1,5,01 00 00 A0 B8,0,OK
2026-09-30T13:08:50.072Z,12280.461,observer,RX,baseline,0,stopped,,,0001F8BE,0001,F8BE,1,7,01 00 00 0F 03 BE F8,0,OK
2026-09-30T13:08:50.073Z,12280.709,observer,RX,baseline,0,stopped,,,0011F8BE,0011,F8BE,1,5,01 00 00 BE F8,0,OK
2026-09-30T13:08:50.077Z,12285.439,observer,RX,baseline,0,stopped,,,00015D7F,0001,5D7F,1,7,01 00 00 0F 03 7F 5D,0,OK
2026-09-30T13:08:50.077Z,12285.685,observer,RX,baseline,0,stopped,,,00115D7F,0011,5D7F,1,5,01 00 00 7F 5D,0,OK
2026-09-30T13:08:50.082Z,12290.451,observer,RX,baseline,0,stopped,,,0001D3C9,0001,D3C9,1,7,01 00 00 0F 03 C9 D3,0,OK
2026-09-30T13:08:50.083Z,12290.712,observer,RX,baseline,0,stopped,,,0011D3C9,0011,D3C9,1,5,01 00 00 C9 D3,0,OK
2026-09-30T13:08:50.087Z,12295.483,observer,RX,baseline,0,stopped,,,0001199A,0001,199A,1,7,01 00 00 0F 03 9A 19,0,OK
2026-09-30T13:08:50.088Z,12295.71,observer,RX,baseline,0,stopped,,,0011199A,0011,199A,1,5,01 00 00 9A 19,0,OK
2026-09-30T13:08:50.092Z,12300.598,observer,RX,baseline,0,stopped,,,000171B0,0001,71B0,1,7,01 00 00 0F 03 B0 71,0,OK
2026-09-30T13:08:50.092Z,12300.673,observer,RX,baseline,0,stopped,,,001171B0,0011,71B0,1,5,01 00 00 B0 71,0,OK
2026-09-30T13:08:50.097Z,12305.456,observer,RX,baseline,0,stopped,,,00011805,0001,1805,1,7,01 00 00 0F 03 05 18,0,OK
2026-09-30T13:08:50.097Z,12305.651,observer,RX,baseline,0,stopped,,,00111805,0011,1805,1,5,01 00 00 05 18,0,OK
2026-09-30T13:08:50.102Z,12310.528,observer,RX,baseline,0,stopped,,,0001E670,0001,E670,1,7,01 00 00 0F 03 70 E6,0,OK
2026-09-30T13:08:50.102Z,12310.625,observer,RX,baseline,0,stopped,,,0011E670,0011,E670,1,5,01 00 00 70 E6,0,OK
2026-09-30T13:08:50.107Z,12315.462,observer,RX,baseline,0,stopped,,,0001438A,0001,438A,1,7,01 00 00 0F 03 8A 43,0,OK
2026-09-30T13:08:50.107Z,12315.675,observer,RX,baseline,0,stopped,,,0011438A,0011,438A,1,5,01 00 00 8A 43,0,OK
2026-09-30T13:08:50.112Z,12320.482,observer,RX,baseline,0,stopped,,,0001872F,0001,872F,1,7,01 00 00 0F 03 2F 87,0,OK
2026-09-30T13:08:50.112Z,12320.649,observer,RX,baseline,0,stopped,,,0011872F,0011,872F,1,5,01 00 00 2F 87,0,OK
2026-09-30T13:08:50.117Z,12325.49,observer,RX,baseline,0,stopped,,,0001FE2A,0001,FE2A,1,7,01 00 00 0F 03 2A FE,0,OK
2026-09-30T13:08:50.118Z,12325.694,observer,RX,baseline,0,stopped,,,0011FE2A,0011,FE2A,1,5,01 00 00 2A FE,0,OK
2026-09-30T13:08:50.122Z,12330.483,observer,RX,baseline,0,stopped,,,00017486,0001,7486,1,7,01 00 00 0F 03 86 74,0,OK
2026-09-30T13:08:50.122Z,12330.671,observer,RX,baseline,0,stopped,,,00117486,0011,7486,1,5,01 00 00 86 74,0,OK
2026-09-30T13:08:50.127Z,12335.48,observer,RX,baseline,0,stopped,,,0001A37B,0001,A37B,1,7,01 00 00 0F 03 7B A3,0,OK
2026-09-30T13:08:50.128Z,12335.704,observer,RX,baseline,0,stopped,,,0011A37B,0011,A37B,1,5,01 00 00 7B A3,0,OK
2026-09-30T13:08:50.132Z,12340.534,observer,RX,baseline,0,stopped,,,0001999A,0001,999A,1,7,01 00 00 0F 03 9A 99,0,OK
2026-09-30T13:08:50.133Z,12340.708,observer,RX,baseline,0,stopped,,,0011999A,0011,999A,1,5,01 00 00 9A 99,0,OK
2026-09-30T13:08:50.137Z,12345.497,observer,RX,baseline,0,stopped,,,00019311,0001,9311,1,7,01 00 00 0F 03 11 93,0,OK
2026-09-30T13:08:50.137Z,12345.681,observer,RX,baseline,0,stopped,,,00119311,0011,9311,1,5,01 00 00 11 93,0,OK
2026-09-30T13:08:50.142Z,12350.598,observer,RX,baseline,0,stopped,,,00014D56,0001,4D56,1,7,01 00 00 0F 03 56 4D,0,OK
2026-09-30T13:08:50.142Z,12350.673,observer,RX,baseline,0,stopped,,,00114D56,0011,4D56,1,5,01 00 00 56 4D,0,OK
2026-09-30T13:08:50.147Z,12355.531,observer,RX,baseline,0,stopped,,,00013EC6,0001,3EC6,1,7,01 00 00 0F 03 C6 3E,0,OK
2026-09-30T13:08:50.147Z,12355.636,observer,RX,baseline,0,stopped,,,00113EC6,0011,3EC6,1,5,01 00 00 C6 3E,0,OK
2026-09-30T13:08:50.152Z,12360.573,observer,RX,baseline,0,stopped,,,0001D4D1,0001,D4D1,1,7,01 00 00 0F 03 D1 D4,0,OK
2026-09-30T13:08:50.152Z,12360.648,observer,RX,baseline,0,stopped,,,0011D4D1,0011,D4D1,1,5,01 00 00 D1 D4,0,OK
2026-09-30T13:08:50.157Z,12365.527,observer,RX,baseline,0,stopped,,,00012D9E,0001,2D9E,1,7,01 00 00 0F 03 9E 2D,0,OK
2026-09-30T13:08:50.157Z,12365.633,observer,RX,baseline,0,stopped,,,00112D9E,0011,2D9E,1,5,01 00 00 9E 2D,0,OK
2026-09-30T13:08:50.162Z,12370.547,observer,RX,baseline,0,stopped,,,0001D99B,0001,D99B,1,7,01 00 00 0F 03 9B D9,0,OK
2026-09-30T13:08:50.162Z,12370.622,observer,RX,baseline,0,stopped,,,0011D99B,0011,D99B,1,5,01 00 00 9B D9,0,OK
2026-09-30T13:08:50.167Z,12375.555,observer,RX,baseline,0,stopped,,,0001029F,0001,029F,1,7,01 00 00 0F 03 9F 02,0,OK
2026-09-30T13:08:50.167Z,12375.634,observer,RX,baseline,0,stopped,,,0011029F,0011,029F,1,5,01 00 00 9F 02,0,OK
2026-09-30T13:08:50.172Z,12380.583,observer,RX,baseline,0,stopped,,,0001B48A,0001,B48A,1,7,01 00 00 0F 03 8A B4,0,OK
2026-09-30T13:08:50.172Z,12380.658,observer,RX,baseline,0,stopped,,,0011B48A,0011,B48A,1,5,01 00 00 8A B4,0,OK
2026-09-30T13:08:50.177Z,12385.556,observer,RX,baseline,0,stopped,,,0001DFD3,0001,DFD3,1,7,01 00 00 0F 03 D3 DF,0,OK
2026-09-30T13:08:50.177Z,12385.631,observer,RX,baseline,0,stopped,,,0011DFD3,0011,DFD3,1,5,01 00 00 D3 DF,0,OK
2026-09-30T13:08:50.182Z,12390.581,observer,RX,baseline,0,stopped,,,00013D3B,0001,3D3B,1,7,01 00 00 0F 03 3B 3D,0,OK
2026-09-30T13:08:50.182Z,12390.674,observer,RX,baseline,0,stopped,,,00113D3B,0011,3D3B,1,5,01 00 00 3B 3D,0,OK
2026-09-30T13:08:50.187Z,12395.571,observer,RX,baseline,0,stopped,,,00010C51,0001,0C51,1,7,01 00 00 0F 03 51 0C,0,OK
2026-09-30T13:08:50.187Z,12395.646,observer,RX,baseline,0,stopped,,,00110C51,0011,0C51,1,5,01 00 00 51 0C,0,OK
2026-09-30T13:08:50.192Z,12400.57,observer,RX,baseline,0,stopped,,,00019065,0001,9065,1,7,01 00 00 0F 03 65 90,0,OK
2026-09-30T13:08:50.192Z,12400.645,observer,RX,baseline,0,stopped,,,00119065,0011,9065,1,5,01 00 00 65 90,0,OK
2026-09-30T13:08:50.197Z,12405.432,observer,RX,baseline,0,stopped,,,000130F7,0001,30F7,1,7,01 00 00 0F 03 F7 30,0,OK
2026-09-30T13:08:50.197Z,12405.689,observer,RX,baseline,0,stopped,,,001130F7,0011,30F7,1,5,01 00 00 F7 30,0,OK
2026-09-30T13:08:50.202Z,12410.431,observer,RX,baseline,0,stopped,,,000176B5,0001,76B5,1,7,01 00 00 0F 03 B5 76,0,OK
2026-09-30T13:08:50.202Z,12410.688,observer,RX,baseline,0,stopped,,,001176B5,0011,76B5,1,5,01 00 00 B5 76,0,OK
2026-09-30T13:08:50.207Z,12415.435,observer,RX,baseline,0,stopped,,,00010E47,0001,0E47,1,7,01 00 00 0F 03 47 0E,0,OK
2026-09-30T13:08:50.207Z,12415.648,observer,RX,baseline,0,stopped,,,00110E47,0011,0E47,1,5,01 00 00 47 0E,0,OK
2026-09-30T13:08:50.212Z,12420.379,observer,RX,baseline,0,stopped,,,00013FC0,0001,3FC0,1,7,01 00 00 0F 03 C0 3F,0,OK
2026-09-30T13:08:50.212Z,12420.686,observer,RX,baseline,0,stopped,,,00113FC0,0011,3FC0,1,5,01 00 00 C0 3F,0,OK
2026-09-30T13:08:50.217Z,12425.372,observer,RX,baseline,0,stopped,,,0001067C,0001,067C,1,7,01 00 00 0F 03 7C 06,0,OK
2026-09-30T13:08:50.217Z,12425.677,observer,RX,baseline,0,stopped,,,0011067C,0011,067C,1,5,01 00 00 7C 06,0,OK
2026-09-30T13:08:50.222Z,12430.39,observer,RX,baseline,0,stopped,,,0001505A,0001,505A,1,7,01 00 00 0F 03 5A 50,0,OK
2026-09-30T13:08:50.222Z,12430.686,observer,RX,baseline,0,stopped,,,0011505A,0011,505A,1,5,01 00 00 5A 50,0,OK
2026-09-30T13:08:50.227Z,12435.44,observer,RX,baseline,0,stopped,,,000181D1,0001,81D1,1,7,01 00 00 0F 03 D1 81,0,OK
2026-09-30T13:08:50.227Z,12435.651,observer,RX,baseline,0,stopped,,,001181D1,0011,81D1,1,5,01 00 00 D1 81,0,OK
2026-09-30T13:08:50.232Z,12440.393,observer,RX,baseline,0,stopped,,,0001894B,0001,894B,1,7,01 00 00 0F 03 4B 89,0,OK
2026-09-30T13:08:50.233Z,12440.694,observer,RX,baseline,0,stopped,,,0011894B,0011,894B,1,5,01 00 00 4B 89,0,OK
2026-09-30T13:08:50.237Z,12445.44,observer,RX,baseline,0,stopped,,,0001539D,0001,539D,1,7,01 00 00 0F 03 9D 53,0,OK
2026-09-30T13:08:50.237Z,12445.646,observer,RX,baseline,0,stopped,,,0011539D,0011,539D,1,5,01 00 00 9D 53,0,OK
2026-09-30T13:08:50.242Z,12450.4,observer,RX,baseline,0,stopped,,,0001873D,0001,873D,1,7,01 00 00 0F 03 3D 87,0,OK
2026-09-30T13:08:50.242Z,12450.653,observer,RX,baseline,0,stopped,,,0011873D,0011,873D,1,5,01 00 00 3D 87,0,OK
2026-09-30T13:08:50.247Z,12455.584,observer,RX,baseline,0,stopped,,,000111A3,0001,11A3,1,7,01 00 00 0F 03 A3 11,0,OK
2026-09-30T13:08:50.247Z,12455.677,observer,RX,baseline,0,stopped,,,001111A3,0011,11A3,1,5,01 00 00 A3 11,0,OK
2026-09-30T13:08:50.252Z,12460.572,observer,RX,baseline,0,stopped,,,0001DE5A,0001,DE5A,1,7,01 00 00 0F 03 5A DE,0,OK
2026-09-30T13:08:50.252Z,12460.648,observer,RX,baseline,0,stopped,,,0011DE5A,0011,DE5A,1,5,01 00 00 5A DE,0,OK
2026-09-30T13:08:50.257Z,12465.572,observer,RX,baseline,0,stopped,,,0001FFC9,0001,FFC9,1,7,01 00 00 0F 03 C9 FF,0,OK
2026-09-30T13:08:50.257Z,12465.651,observer,RX,baseline,0,stopped,,,0011FFC9,0011,FFC9,1,5,01 00 00 C9 FF,0,OK
2026-09-30T13:08:50.262Z,12470.572,observer,RX,baseline,0,stopped,,,0001CBEA,0001,CBEA,1,7,01 00 00 0F 03 EA CB,0,OK
2026-09-30T13:08:50.262Z,12470.661,observer,RX,baseline,0,stopped,,,0011CBEA,0011,CBEA,1,5,01 00 00 EA CB,0,OK
2026-09-30T13:08:50.267Z,12475.571,observer,RX,baseline,0,stopped,,,0001DD1C,0001,DD1C,1,7,01 00 00 0F 03 1C DD,0,OK
2026-09-30T13:08:50.267Z,12475.646,observer,RX,baseline,0,stopped,,,0011DD1C,0011,DD1C,1,5,01 00 00 1C DD,0,OK
2026-09-30T13:08:50.272Z,12480.438,observer,RX,baseline,0,stopped,,,0001C5FC,0001,C5FC,1,7,01 00 00 0F 03 FC C5,0,OK
2026-09-30T13:08:50.273Z,12480.69,observer,RX,baseline,0,stopped,,,0011C5FC,0011,C5FC,1,5,01 00 00 FC C5,0,OK
2026-09-30T13:08:50.277Z,12485.427,observer,RX,baseline,0,stopped,,,0001B7C2,0001,B7C2,1,7,01 00 00 0F 03 C2 B7,0,OK
2026-09-30T13:08:50.277Z,12485.652,observer,RX,baseline,0,stopped,,,0011B7C2,0011,B7C2,1,5,01 00 00 C2 B7,0,OK
2026-09-30T13:08:50.282Z,12490.45,observer,RX,baseline,0,stopped,,,0001E0D9,0001,E0D9,1,7,01 00 00 0F 03 D9 E0,0,OK
2026-09-30T13:08:50.282Z,12490.68,observer,RX,baseline,0,stopped,,,0011E0D9,0011,E0D9,1,5,01 00 00 D9 E0,0,OK
2026-09-30T13:08:50.287Z,12495.434,observer,RX,baseline,0,stopped,,,0001CC4B,0001,CC4B,1,7,01 00 00 0F 03 4B CC,0,OK
2026-09-30T13:08:50.287Z,12495.681,observer,RX,baseline,0,stopped,,,0011CC4B,0011,CC4B,1,5,01 00 00 4B CC,0,OK
2026-09-30T13:08:50.292Z,12500.585,observer,RX,baseline,0,stopped,,,000177CF,0001,77CF,1,7,01 00 00 0F 03 CF 77,0,OK
2026-09-30T13:08:50.292Z,12500.68,observer,RX,baseline,0,stopped,,,001177CF,0011,77CF,1,5,01 00 00 CF 77,0,OK
2026-09-30T13:08:50.297Z,12505.575,observer,RX,baseline,0,stopped,,,0001AD83,0001,AD83,1,7,01 00 00 0F 03 83 AD,0,OK
2026-09-30T13:08:50.297Z,12505.653,observer,RX,baseline,0,stopped,,,0011AD83,0011,AD83,1,5,01 00 00 83 AD,0,OK
2026-09-30T13:08:50.302Z,12510.578,observer,RX,baseline,0,stopped,,,0001A6A0,0001,A6A0,1,7,01 00 00 0F 03 A0 A6,0,OK
2026-09-30T13:08:50.302Z,12510.656,observer,RX,baseline,0,stopped,,,0011A6A0,0011,A6A0,1,5,01 00 00 A0 A6,0,OK
2026-09-30T13:08:50.307Z,12515.57,observer,RX,baseline,0,stopped,,,0001D4B1,0001,D4B1,1,7,01 00 00 0F 03 B1 D4,0,OK
2026-09-30T13:08:50.307Z,12515.646,observer,RX,baseline,0,stopped,,,0011D4B1,0011,D4B1,1,5,01 00 00 B1 D4,0,OK
2026-09-30T13:08:50.312Z,12520.573,observer,RX,baseline,0,stopped,,,00017691,0001,7691,1,7,01 00 00 0F 03 91 76,0,OK
2026-09-30T13:08:50.312Z,12520.649,observer,RX,baseline,0,stopped,,,00117691,0011,7691,1,5,01 00 00 91 76,0,OK
2026-09-30T13:08:50.317Z,12525.575,observer,RX,baseline,0,stopped,,,00017EE5,0001,7EE5,1,7,01 00 00 0F 03 E5 7E,0,OK
2026-09-30T13:08:50.317Z,12525.65,observer,RX,baseline,0,stopped,,,00117EE5,0011,7EE5,1,5,01 00 00 E5 7E,0,OK
2026-09-30T13:08:50.322Z,12530.415,observer,RX,baseline,0,stopped,,,00011DEB,0001,1DEB,1,7,01 00 00 0F 03 EB 1D,0,OK
2026-09-30T13:08:50.322Z,12530.679,observer,RX,baseline,0,stopped,,,00111DEB,0011,1DEB,1,5,01 00 00 EB 1D,0,OK
2026-09-30T13:08:50.327Z,12535.57,observer,RX,baseline,0,stopped,,,000162C6,0001,62C6,1,7,01 00 00 0F 03 C6 62,0,OK
2026-09-30T13:08:50.327Z,12535.644,observer,RX,baseline,0,stopped,,,001162C6,0011,62C6,1,5,01 00 00 C6 62,0,OK
2026-09-30T13:08:50.332Z,12540.519,observer,RX,baseline,0,stopped,,,00011675,0001,1675,1,7,01 00 00 0F 03 75 16,0,OK
2026-09-30T13:08:50.332Z,12540.594,observer,RX,baseline,0,stopped,,,00111675,0011,1675,1,5,01 00 00 75 16,0,OK
2026-09-30T13:08:50.337Z,12545.47,observer,RX,baseline,0,stopped,,,0001EB00,0001,EB00,1,7,01 00 00 0F 03 00 EB,0,OK
2026-09-30T13:08:50.337Z,12545.68,observer,RX,baseline,0,stopped,,,0011EB00,0011,EB00,1,5,01 00 00 00 EB,0,OK
2026-09-30T13:08:50.342Z,12550.465,observer,RX,baseline,0,stopped,,,00018B2B,0001,8B2B,1,7,01 00 00 0F 03 2B 8B,0,OK
2026-09-30T13:08:50.342Z,12550.68,observer,RX,baseline,0,stopped,,,00118B2B,0011,8B2B,1,5,01 00 00 2B 8B,0,OK
2026-09-30T13:08:50.347Z,12555.466,observer,RX,baseline,0,stopped,,,00018C3D,0001,8C3D,1,7,01 00 00 0F 03 3D 8C,0,OK
2026-09-30T13:08:50.347Z,12555.645,observer,RX,baseline,0,stopped,,,00118C3D,0011,8C3D,1,5,01 00 00 3D 8C,0,OK
2026-09-30T13:08:50.352Z,12560.52,observer,RX,baseline,0,stopped,,,0001073A,0001,073A,1,7,01 00 00 0F 03 3A 07,0,OK
2026-09-30T13:08:50.352Z,12560.664,observer,RX,baseline,0,stopped,,,0011073A,0011,073A,1,5,01 00 00 3A 07,0,OK
2026-09-30T13:08:50.357Z,12565.427,observer,RX,baseline,0,stopped,,,0001BA52,0001,BA52,1,7,01 00 00 0F 03 52 BA,0,OK
2026-09-30T13:08:50.357Z,12565.678,observer,RX,baseline,0,stopped,,,0011BA52,0011,BA52,1,5,01 00 00 52 BA,0,OK
2026-09-30T13:08:50.362Z,12570.488,observer,RX,baseline,0,stopped,,,00017810,0001,7810,1,7,01 00 00 0F 03 10 78,0,OK
2026-09-30T13:08:50.362Z,12570.583,observer,RX,baseline,0,stopped,,,00117810,0011,7810,1,5,01 00 00 10 78,0,OK
2026-09-30T13:08:50.367Z,12575.487,observer,RX,baseline,0,stopped,,,00017307,0001,7307,1,7,01 00 00 0F 03 07 73,0,OK
2026-09-30T13:08:50.367Z,12575.651,observer,RX,baseline,0,stopped,,,00117307,0011,7307,1,5,01 00 00 07 73,0,OK
2026-09-30T13:08:50.372Z,12580.549,observer,RX,baseline,0,stopped,,,0001EDFC,0001,EDFC,1,7,01 00 00 0F 03 FC ED,0,OK
2026-09-30T13:08:50.372Z,12580.624,observer,RX,baseline,0,stopped,,,0011EDFC,0011,EDFC,1,5,01 00 00 FC ED,0,OK
2026-09-30T13:08:50.377Z,12585.481,observer,RX,baseline,0,stopped,,,00017DA1,0001,7DA1,1,7,01 00 00 0F 03 A1 7D,0,OK
2026-09-30T13:08:50.377Z,12585.651,observer,RX,baseline,0,stopped,,,00117DA1,0011,7DA1,1,5,01 00 00 A1 7D,0,OK
2026-09-30T13:08:50.382Z,12590.483,observer,RX,baseline,0,stopped,,,0001D2B7,0001,D2B7,1,7,01 00 00 0F 03 B7 D2,0,OK
2026-09-30T13:08:50.382Z,12590.658,observer,RX,baseline,0,stopped,,,0011D2B7,0011,D2B7,1,5,01 00 00 B7 D2,0,OK
2026-09-30T13:08:50.387Z,12595.475,observer,RX,baseline,0,stopped,,,00019118,0001,9118,1,7,01 00 00 0F 03 18 91,0,OK
2026-09-30T13:08:50.387Z,12595.649,observer,RX,baseline,0,stopped,,,00119118,0011,9118,1,5,01 00 00 18 91,0,OK
2026-09-30T13:08:50.392Z,12600.419,observer,RX,baseline,0,stopped,,,000102C8,0001,02C8,1,7,01 00 00 0F 03 C8 02,0,OK
2026-09-30T13:08:50.392Z,12600.671,observer,RX,baseline,0,stopped,,,001102C8,0011,02C8,1,5,01 00 00 C8 02,0,OK
2026-09-30T13:08:50.397Z,12605.405,observer,RX,baseline,0,stopped,,,00016BA0,0001,6BA0,1,7,01 00 00 0F 03 A0 6B,0,OK
2026-09-30T13:08:50.397Z,12605.645,observer,RX,baseline,0,stopped,,,00116BA0,0011,6BA0,1,5,01 00 00 A0 6B,0,OK
2026-09-30T13:08:50.402Z,12610.4,observer,RX,baseline,0,stopped,,,0001EAA2,0001,EAA2,1,7,01 00 00 0F 03 A2 EA,0,OK
2026-09-30T13:08:50.402Z,12610.648,observer,RX,baseline,0,stopped,,,0011EAA2,0011,EAA2,1,5,01 00 00 A2 EA,0,OK
2026-09-30T13:08:50.407Z,12615.4,observer,RX,baseline,0,stopped,,,000104EB,0001,04EB,1,7,01 00 00 0F 03 EB 04,0,OK
2026-09-30T13:08:50.407Z,12615.651,observer,RX,baseline,0,stopped,,,001104EB,0011,04EB,1,5,01 00 00 EB 04,0,OK
2026-09-30T13:08:50.412Z,12620.431,observer,RX,baseline,0,stopped,,,000179F1,0001,79F1,1,7,01 00 00 0F 03 F1 79,0,OK
2026-09-30T13:08:50.412Z,12620.646,observer,RX,baseline,0,stopped,,,001179F1,0011,79F1,1,5,01 00 00 F1 79,0,OK
2026-09-30T13:08:50.418Z,12625.828,observer,RX,baseline,0,stopped,,,00011952,0001,1952,1,7,01 00 00 0F 03 52 19,0,OK
2026-09-30T13:08:50.418Z,12625.972,observer,RX,baseline,0,stopped,,,00111952,0011,1952,1,5,01 00 00 52 19,0,OK
2026-09-30T13:08:50.423Z,12630.936,observer,RX,baseline,0,stopped,,,0001876A,0001,876A,1,7,01 00 00 0F 03 6A 87,0,OK
2026-09-30T13:08:50.423Z,12631.08,observer,RX,baseline,0,stopped,,,0011876A,0011,876A,1,5,01 00 00 6A 87,0,OK
2026-09-30T13:08:50.427Z,12635.476,observer,RX,baseline,0,stopped,,,0001E6C6,0001,E6C6,1,7,01 00 00 0F 03 C6 E6,0,OK
2026-09-30T13:08:50.427Z,12635.622,observer,RX,baseline,0,stopped,,,0011E6C6,0011,E6C6,1,5,01 00 00 C6 E6,0,OK
2026-09-30T13:08:50.432Z,12640.382,observer,RX,baseline,0,stopped,,,00013124,0001,3124,1,7,01 00 00 0F 03 24 31,0,OK
2026-09-30T13:08:50.432Z,12640.599,observer,RX,baseline,0,stopped,,,00113124,0011,3124,1,5,01 00 00 24 31,0,OK
2026-09-30T13:08:50.437Z,12645.357,observer,RX,baseline,0,stopped,,,00017531,0001,7531,1,7,01 00 00 0F 03 31 75,0,OK
2026-09-30T13:08:50.437Z,12645.575,observer,RX,baseline,0,stopped,,,00117531,0011,7531,1,5,01 00 00 31 75,0,OK
2026-09-30T13:08:50.442Z,12650.505,observer,RX,baseline,0,stopped,,,00010536,0001,0536,1,7,01 00 00 0F 03 36 05,0,OK
2026-09-30T13:08:50.442Z,12650.585,observer,RX,baseline,0,stopped,,,00110536,0011,0536,1,5,01 00 00 36 05,0,OK
2026-09-30T13:08:50.447Z,12655.538,observer,RX,baseline,0,stopped,,,000196BC,0001,96BC,1,7,01 00 00 0F 03 BC 96,0,OK
2026-09-30T13:08:50.447Z,12655.613,observer,RX,baseline,0,stopped,,,001196BC,0011,96BC,1,5,01 00 00 BC 96,0,OK
2026-09-30T13:08:50.452Z,12660.559,observer,RX,baseline,0,stopped,,,0001483B,0001,483B,1,7,01 00 00 0F 03 3B 48,0,OK
2026-09-30T13:08:50.452Z,12660.668,observer,RX,baseline,0,stopped,,,0011483B,0011,483B,1,5,01 00 00 3B 48,0,OK
2026-09-30T13:08:50.457Z,12665.547,observer,RX,baseline,0,stopped,,,0001690D,0001,690D,1,7,01 00 00 0F 03 0D 69,0,OK
2026-09-30T13:08:50.457Z,12665.625,observer,RX,baseline,0,stopped,,,0011690D,0011,690D,1,5,01 00 00 0D 69,0,OK
2026-09-30T13:08:50.462Z,12670.541,observer,RX,baseline,0,stopped,,,00015AEA,0001,5AEA,1,7,01 00 00 0F 03 EA 5A,0,OK
2026-09-30T13:08:50.462Z,12670.627,observer,RX,baseline,0,stopped,,,00115AEA,0011,5AEA,1,5,01 00 00 EA 5A,0,OK
2026-09-30T13:08:50.467Z,12675.401,observer,RX,baseline,0,stopped,,,00010376,0001,0376,1,7,01 00 00 0F 03 76 03,0,OK
2026-09-30T13:08:50.467Z,12675.638,observer,RX,baseline,0,stopped,,,00110376,0011,0376,1,5,01 00 00 76 03,0,OK
2026-09-30T13:08:50.472Z,12680.444,observer,RX,baseline,0,stopped,,,00018DD5,0001,8DD5,1,7,01 00 00 0F 03 D5 8D,0,OK
2026-09-30T13:08:50.472Z,12680.642,observer,RX,baseline,0,stopped,,,00118DD5,0011,8DD5,1,5,01 00 00 D5 8D,0,OK
2026-09-30T13:08:50.477Z,12685.361,observer,RX,baseline,0,stopped,,,0001C6B5,0001,C6B5,1,7,01 00 00 0F 03 B5 C6,0,OK
2026-09-30T13:08:50.477Z,12685.573,observer,RX,baseline,0,stopped,,,0011C6B5,0011,C6B5,1,5,01 00 00 B5 C6,0,OK
2026-09-30T13:08:50.482Z,12690.411,observer,RX,baseline,0,stopped,,,0001261F,0001,261F,1,7,01 00 00 0F 03 1F 26,0,OK
2026-09-30T13:08:50.482Z,12690.637,observer,RX,baseline,0,stopped,,,0011261F,0011,261F,1,5,01 00 00 1F 26,0,OK
2026-09-30T13:08:50.487Z,12695.404,observer,RX,baseline,0,stopped,,,00010DB1,0001,0DB1,1,7,01 00 00 0F 03 B1 0D,0,OK
2026-09-30T13:08:50.487Z,12695.613,observer,RX,baseline,0,stopped,,,00110DB1,0011,0DB1,1,5,01 00 00 B1 0D,0,OK
2026-09-30T13:08:50.492Z,12700.603,observer,RX,baseline,0,stopped,,,00012FA1,0001,2FA1,1,7,01 00 00 0F 03 A1 2F,0,OK
2026-09-30T13:08:50.493Z,12700.698,observer,RX,baseline,0,stopped,,,00112FA1,0011,2FA1,1,5,01 00 00 A1 2F,0,OK
2026-09-30T13:08:50.497Z,12705.403,observer,RX,baseline,0,stopped,,,00010358,0001,0358,1,7,01 00 00 0F 03 58 03,0,OK
2026-09-30T13:08:50.497Z,12705.656,observer,RX,baseline,0,stopped,,,00110358,0011,0358,1,5,01 00 00 58 03,0,OK
2026-09-30T13:08:50.502Z,12710.409,observer,RX,baseline,0,stopped,,,0001BCD5,0001,BCD5,1,7,01 00 00 0F 03 D5 BC,0,OK
2026-09-30T13:08:50.502Z,12710.619,observer,RX,baseline,0,stopped,,,0011BCD5,0011,BCD5,1,5,01 00 00 D5 BC,0,OK
2026-09-30T13:08:50.507Z,12715.51,observer,RX,baseline,0,stopped,,,0001C486,0001,C486,1,7,01 00 00 0F 03 86 C4,0,OK
2026-09-30T13:08:50.507Z,12715.594,observer,RX,baseline,0,stopped,,,0011C486,0011,C486,1,5,01 00 00 86 C4,0,OK
2026-09-30T13:08:50.512Z,12720.403,observer,RX,baseline,0,stopped,,,0001367D,0001,367D,1,7,01 00 00 0F 03 7D 36,0,OK
2026-09-30T13:08:50.512Z,12720.623,observer,RX,baseline,0,stopped,,,0011367D,0011,367D,1,5,01 00 00 7D 36,0,OK
2026-09-30T13:08:50.517Z,12725.507,observer,RX,baseline,0,stopped,,,000121A8,0001,21A8,1,7,01 00 00 0F 03 A8 21,0,OK
2026-09-30T13:08:50.517Z,12725.582,observer,RX,baseline,0,stopped,,,001121A8,0011,21A8,1,5,01 00 00 A8 21,0,OK
2026-09-30T13:08:50.522Z,12730.407,observer,RX,baseline,0,stopped,,,000144E9,0001,44E9,1,7,01 00 00 0F 03 E9 44,0,OK
2026-09-30T13:08:50.522Z,12730.632,observer,RX,baseline,0,stopped,,,001144E9,0011,44E9,1,5,01 00 00 E9 44,0,OK
2026-09-30T13:08:50.527Z,12735.403,observer,RX,baseline,0,stopped,,,0001C66C,0001,C66C,1,7,01 00 00 0F 03 6C C6,0,OK
2026-09-30T13:08:50.527Z,12735.652,observer,RX,baseline,0,stopped,,,0011C66C,0011,C66C,1,5,01 00 00 6C C6,0,OK
2026-09-30T13:08:50.532Z,12740.408,observer,RX,baseline,0,stopped,,,00012643,0001,2643,1,7,01 00 00 0F 03 43 26,0,OK
2026-09-30T13:08:50.532Z,12740.653,observer,RX,baseline,0,stopped,,,00112643,0011,2643,1,5,01 00 00 43 26,0,OK
2026-09-30T13:08:50.537Z,12745.406,observer,RX,baseline,0,stopped,,,00016AC2,0001,6AC2,1,7,01 00 00 0F 03 C2 6A,0,OK
2026-09-30T13:08:50.537Z,12745.621,observer,RX,baseline,0,stopped,,,00116AC2,0011,6AC2,1,5,01 00 00 C2 6A,0,OK
2026-09-30T13:08:50.542Z,12750.575,observer,RX,baseline,0,stopped,,,0001C147,0001,C147,1,7,01 00 00 0F 03 47 C1,0,OK
2026-09-30T13:08:50.543Z,12750.681,observer,RX,baseline,0,stopped,,,0011C147,0011,C147,1,5,01 00 00 47 C1,0,OK
2026-09-30T13:08:50.547Z,12755.547,observer,RX,baseline,0,stopped,,,000182FD,0001,82FD,1,7,01 00 00 0F 03 FD 82,0,OK
2026-09-30T13:08:50.547Z,12755.622,observer,RX,baseline,0,stopped,,,001182FD,0011,82FD,1,5,01 00 00 FD 82,0,OK
2026-09-30T13:08:50.552Z,12760.596,observer,RX,baseline,0,stopped,,,0001815D,0001,815D,1,7,01 00 00 0F 03 5D 81,0,OK
2026-09-30T13:08:50.552Z,12760.673,observer,RX,baseline,0,stopped,,,0011815D,0011,815D,1,5,01 00 00 5D 81,0,OK
2026-09-30T13:08:50.557Z,12765.514,observer,RX,baseline,0,stopped,,,000145CF,0001,45CF,1,7,01 00 00 0F 03 CF 45,0,OK
2026-09-30T13:08:50.557Z,12765.589,observer,RX,baseline,0,stopped,,,001145CF,0011,45CF,1,5,01 00 00 CF 45,0,OK
2026-09-30T13:08:50.562Z,12770.589,observer,RX,baseline,0,stopped,,,000118DF,0001,18DF,1,7,01 00 00 0F 03 DF 18,0,OK
2026-09-30T13:08:50.563Z,12770.681,observer,RX,baseline,0,stopped,,,001118DF,0011,18DF,1,5,01 00 00 DF 18,0,OK
2026-09-30T13:08:50.567Z,12775.4,observer,RX,baseline,0,stopped,,,00018D7A,0001,8D7A,1,7,01 00 00 0F 03 7A 8D,0,OK
2026-09-30T13:08:50.567Z,12775.656,observer,RX,baseline,0,stopped,,,00118D7A,0011,8D7A,1,5,01 00 00 7A 8D,0,OK
2026-09-30T13:08:50.572Z,12780.423,observer,RX,baseline,0,stopped,,,00015C1C,0001,5C1C,1,7,01 00 00 0F 03 1C 5C,0,OK
2026-09-30T13:08:50.572Z,12780.627,observer,RX,baseline,0,stopped,,,00115C1C,0011,5C1C,1,5,01 00 00 1C 5C,0,OK
2026-09-30T13:08:50.577Z,12785.415,observer,RX,baseline,0,stopped,,,00011669,0001,1669,1,7,01 00 00 0F 03 69 16,0,OK
2026-09-30T13:08:50.577Z,12785.651,observer,RX,baseline,0,stopped,,,00111669,0011,1669,1,5,01 00 00 69 16,0,OK
2026-09-30T13:08:50.582Z,12790.397,observer,RX,baseline,0,stopped,,,00013758,0001,3758,1,7,01 00 00 0F 03 58 37,0,OK
2026-09-30T13:08:50.582Z,12790.657,observer,RX,baseline,0,stopped,,,00113758,0011,3758,1,5,01 00 00 58 37,0,OK
2026-09-30T13:08:50.587Z,12795.407,observer,RX,baseline,0,stopped,,,0001F810,0001,F810,1,7,01 00 00 0F 03 10 F8,0,OK
2026-09-30T13:08:50.587Z,12795.659,observer,RX,baseline,0,stopped,,,0011F810,0011,F810,1,5,01 00 00 10 F8,0,OK
2026-09-30T13:08:50.592Z,12800.521,observer,RX,baseline,0,stopped,,,0001F3CD,0001,F3CD,1,7,01 00 00 0F 03 CD F3,0,OK
2026-09-30T13:08:50.593Z,12800.691,observer,RX,baseline,0,stopped,,,0011F3CD,0011,F3CD,1,5,01 00 00 CD F3,0,OK
2026-09-30T13:08:50.597Z,12805.542,observer,RX,baseline,0,stopped,,,0001E9BF,0001,E9BF,1,7,01 00 00 0F 03 BF E9,0,OK
2026-09-30T13:08:50.597Z,12805.617,observer,RX,baseline,0,stopped,,,0011E9BF,0011,E9BF,1,5,01 00 00 BF E9,0,OK
2026-09-30T13:08:50.602Z,12810.456,observer,RX,baseline,0,stopped,,,00010385,0001,0385,1,7,01 00 00 0F 03 85 03,0,OK
2026-09-30T13:08:50.602Z,12810.646,observer,RX,baseline,0,stopped,,,00110385,0011,0385,1,5,01 00 00 85 03,0,OK
2026-09-30T13:08:50.607Z,12815.519,observer,RX,baseline,0,stopped,,,00019FD7,0001,9FD7,1,7,01 00 00 0F 03 D7 9F,0,OK
2026-09-30T13:08:50.607Z,12815.595,observer,RX,baseline,0,stopped,,,00119FD7,0011,9FD7,1,5,01 00 00 D7 9F,0,OK
2026-09-30T13:08:50.612Z,12820.483,observer,RX,baseline,0,stopped,,,00012D87,0001,2D87,1,7,01 00 00 0F 03 87 2D,0,OK
2026-09-30T13:08:50.612Z,12820.647,observer,RX,baseline,0,stopped,,,00112D87,0011,2D87,1,5,01 00 00 87 2D,0,OK
2026-09-30T13:08:50.617Z,12825.443,observer,RX,baseline,0,stopped,,,00016A77,0001,6A77,1,7,01 00 00 0F 03 77 6A,0,OK
2026-09-30T13:08:50.617Z,12825.621,observer,RX,baseline,0,stopped,,,00116A77,0011,6A77,1,5,01 00 00 77 6A,0,OK
2026-09-30T13:08:50.622Z,12830.343,observer,RX,baseline,0,stopped,,,00018F9B,0001,8F9B,1,7,01 00 00 0F 03 9B 8F,0,OK
2026-09-30T13:08:50.622Z,12830.624,observer,RX,baseline,0,stopped,,,00118F9B,0011,8F9B,1,5,01 00 00 9B 8F,0,OK
2026-09-30T13:08:50.627Z,12835.371,observer,RX,baseline,0,stopped,,,0001619D,0001,619D,1,7,01 00 00 0F 03 9D 61,0,OK
2026-09-30T13:08:50.627Z,12835.612,observer,RX,baseline,0,stopped,,,0011619D,0011,619D,1,5,01 00 00 9D 61,0,OK
2026-09-30T13:08:50.632Z,12840.374,observer,RX,baseline,0,stopped,,,00013CC4,0001,3CC4,1,7,01 00 00 0F 03 C4 3C,0,OK
2026-09-30T13:08:50.632Z,12840.621,observer,RX,baseline,0,stopped,,,00113CC4,0011,3CC4,1,5,01 00 00 C4 3C,0,OK
2026-09-30T13:08:50.637Z,12845.518,observer,RX,baseline,0,stopped,,,0001A356,0001,A356,1,7,01 00 00 0F 03 56 A3,0,OK
2026-09-30T13:08:50.637Z,12845.593,observer,RX,baseline,0,stopped,,,0011A356,0011,A356,1,5,01 00 00 56 A3,0,OK
2026-09-30T13:08:50.642Z,12850.568,observer,RX,baseline,0,stopped,,,00010F1F,0001,0F1F,1,7,01 00 00 0F 03 1F 0F,0,OK
2026-09-30T13:08:50.643Z,12850.674,observer,RX,baseline,0,stopped,,,00110F1F,0011,0F1F,1,5,01 00 00 1F 0F,0,OK
2026-09-30T13:08:50.647Z,12855.477,observer,RX,baseline,0,stopped,,,00019F67,0001,9F67,1,7,01 00 00 0F 03 67 9F,0,OK
2026-09-30T13:08:50.648Z,12855.829,observer,RX,baseline,0,stopped,,,00119F67,0011,9F67,1,5,01 00 00 67 9F,0,OK
2026-09-30T13:08:50.652Z,12860.596,observer,RX,baseline,0,stopped,,,000125B6,0001,25B6,1,7,01 00 00 0F 03 B6 25,0,OK
2026-09-30T13:08:50.652Z,12860.671,observer,RX,baseline,0,stopped,,,001125B6,0011,25B6,1,5,01 00 00 B6 25,0,OK
2026-09-30T13:08:50.657Z,12865.53,observer,RX,baseline,0,stopped,,,0001C0A0,0001,C0A0,1,7,01 00 00 0F 03 A0 C0,0,OK
2026-09-30T13:08:50.657Z,12865.604,observer,RX,baseline,0,stopped,,,0011C0A0,0011,C0A0,1,5,01 00 00 A0 C0,0,OK
2026-09-30T13:08:50.662Z,12870.537,observer,RX,baseline,0,stopped,,,0001F2A0,0001,F2A0,1,7,01 00 00 0F 03 A0 F2,0,OK
2026-09-30T13:08:50.663Z,12870.675,observer,RX,baseline,0,stopped,,,0011F2A0,0011,F2A0,1,5,01 00 00 A0 F2,0,OK
2026-09-30T13:08:50.667Z,12875.519,observer,RX,baseline,0,stopped,,,00015EB3,0001,5EB3,1,7,01 00 00 0F 03 B3 5E,0,OK
2026-09-30T13:08:50.667Z,12875.618,observer,RX,baseline,0,stopped,,,00115EB3,0011,5EB3,1,5,01 00 00 B3 5E,0,OK
2026-09-30T13:08:50.672Z,12880.382,observer,RX,baseline,0,stopped,,,00014756,0001,4756,1,7,01 00 00 0F 03 56 47,0,OK
2026-09-30T13:08:50.672Z,12880.624,observer,RX,baseline,0,stopped,,,00114756,0011,4756,1,5,01 00 00 56 47,0,OK
2026-09-30T13:08:50.677Z,12885.376,observer,RX,baseline,0,stopped,,,00010040,0001,0040,1,7,01 00 00 0F 03 40 00,0,OK
2026-09-30T13:08:50.677Z,12885.626,observer,RX,baseline,0,stopped,,,00110040,0011,0040,1,5,01 00 00 40 00,0,OK
2026-09-30T13:08:50.682Z,12890.379,observer,RX,baseline,0,stopped,,,0001FD29,0001,FD29,1,7,01 00 00 0F 03 29 FD,0,OK
2026-09-30T13:08:50.682Z,12890.625,observer,RX,baseline,0,stopped,,,0011FD29,0011,FD29,1,5,01 00 00 29 FD,0,OK
2026-09-30T13:08:50.687Z,12895.495,observer,RX,baseline,0,stopped,,,0001AF7E,0001,AF7E,1,7,01 00 00 0F 03 7E AF,0,OK
2026-09-30T13:08:50.687Z,12895.569,observer,RX,baseline,0,stopped,,,0011AF7E,0011,AF7E,1,5,01 00 00 7E AF,0,OK
2026-09-30T13:08:50.692Z,12900.562,observer,RX,baseline,0,stopped,,,0001FD3C,0001,FD3C,1,7,01 00 00 0F 03 3C FD,0,OK
2026-09-30T13:08:50.692Z,12900.639,observer,RX,baseline,0,stopped,,,0011FD3C,0011,FD3C,1,5,01 00 00 3C FD,0,OK
2026-09-30T13:08:50.697Z,12905.376,observer,RX,baseline,0,stopped,,,000164A6,0001,64A6,1,7,01 00 00 0F 03 A6 64,0,OK
2026-09-30T13:08:50.697Z,12905.587,observer,RX,baseline,0,stopped,,,001164A6,0011,64A6,1,5,01 00 00 A6 64,0,OK
2026-09-30T13:08:50.702Z,12910.45,observer,RX,baseline,0,stopped,,,00013F73,0001,3F73,1,7,01 00 00 0F 03 73 3F,0,OK
2026-09-30T13:08:50.702Z,12910.617,observer,RX,baseline,0,stopped,,,00113F73,0011,3F73,1,5,01 00 00 73 3F,0,OK
2026-09-30T13:08:50.707Z,12915.379,observer,RX,baseline,0,stopped,,,0001F808,0001,F808,1,7,01 00 00 0F 03 08 F8,0,OK
2026-09-30T13:08:50.707Z,12915.633,observer,RX,baseline,0,stopped,,,0011F808,0011,F808,1,5,01 00 00 08 F8,0,OK
2026-09-30T13:08:50.712Z,12920.376,observer,RX,baseline,0,stopped,,,00012531,0001,2531,1,7,01 00 00 0F 03 31 25,0,OK
2026-09-30T13:08:50.712Z,12920.632,observer,RX,baseline,0,stopped,,,00112531,0011,2531,1,5,01 00 00 31 25,0,OK
2026-09-30T13:08:50.717Z,12925.38,observer,RX,baseline,0,stopped,,,00018A73,0001,8A73,1,7,01 00 00 0F 03 73 8A,0,OK
2026-09-30T13:08:50.717Z,12925.629,observer,RX,baseline,0,stopped,,,00118A73,0011,8A73,1,5,01 00 00 73 8A,0,OK
2026-09-30T13:08:50.722Z,12930.387,observer,RX,baseline,0,stopped,,,00013CDC,0001,3CDC,1,7,01 00 00 0F 03 DC 3C,0,OK
2026-09-30T13:08:50.722Z,12930.635,observer,RX,baseline,0,stopped,,,00113CDC,0011,3CDC,1,5,01 00 00 DC 3C,0,OK
2026-09-30T13:08:50.727Z,12935.315,observer,RX,baseline,0,stopped,,,00015159,0001,5159,1,7,01 00 00 0F 03 59 51,0,OK
2026-09-30T13:08:50.727Z,12935.617,observer,RX,baseline,0,stopped,,,00115159,0011,5159,1,5,01 00 00 59 51,0,OK
2026-09-30T13:08:50.732Z,12940.34,observer,RX,baseline,0,stopped,,,0001A885,0001,A885,1,7,01 00 00 0F 03 85 A8,0,OK
2026-09-30T13:08:50.732Z,12940.623,observer,RX,baseline,0,stopped,,,0011A885,0011,A885,1,5,01 00 00 85 A8,0,OK
2026-09-30T13:08:50.737Z,12945.367,observer,RX,baseline,0,stopped,,,000184D6,0001,84D6,1,7,01 00 00 0F 03 D6 84,0,OK
2026-09-30T13:08:50.737Z,12945.618,observer,RX,baseline,0,stopped,,,001184D6,0011,84D6,1,5,01 00 00 D6 84,0,OK
2026-09-30T13:08:50.742Z,12950.545,observer,RX,baseline,0,stopped,,,0001FA1B,0001,FA1B,1,7,01 00 00 0F 03 1B FA,0,OK
2026-09-30T13:08:50.742Z,12950.638,observer,RX,baseline,0,stopped,,,0011FA1B,0011,FA1B,1,5,01 00 00 1B FA,0,OK
2026-09-30T13:08:50.747Z,12955.518,observer,RX,baseline,0,stopped,,,0001B882,0001,B882,1,7,01 00 00 0F 03 82 B8,0,OK
2026-09-30T13:08:50.747Z,12955.593,observer,RX,baseline,0,stopped,,,0011B882,0011,B882,1,5,01 00 00 82 B8,0,OK
2026-09-30T13:08:50.752Z,12960.545,observer,RX,baseline,0,stopped,,,00011D20,0001,1D20,1,7,01 00 00 0F 03 20 1D,0,OK
2026-09-30T13:08:50.752Z,12960.641,observer,RX,baseline,0,stopped,,,00111D20,0011,1D20,1,5,01 00 00 20 1D,0,OK
2026-09-30T13:08:50.757Z,12965.518,observer,RX,baseline,0,stopped,,,0001A4B3,0001,A4B3,1,7,01 00 00 0F 03 B3 A4,0,OK
2026-09-30T13:08:50.757Z,12965.593,observer,RX,baseline,0,stopped,,,0011A4B3,0011,A4B3,1,5,01 00 00 B3 A4,0,OK
2026-09-30T13:08:50.762Z,12970.572,observer,RX,baseline,0,stopped,,,0001F9AF,0001,F9AF,1,7,01 00 00 0F 03 AF F9,0,OK
2026-09-30T13:08:50.763Z,12970.679,observer,RX,baseline,0,stopped,,,0011F9AF,0011,F9AF,1,5,01 00 00 AF F9,0,OK
2026-09-30T13:08:50.767Z,12975.518,observer,RX,baseline,0,stopped,,,000184A2,0001,84A2,1,7,01 00 00 0F 03 A2 84,0,OK
2026-09-30T13:08:50.767Z,12975.593,observer,RX,baseline,0,stopped,,,001184A2,0011,84A2,1,5,01 00 00 A2 84,0,OK
2026-09-30T13:08:50.772Z,12980.489,observer,RX,baseline,0,stopped,,,00014259,0001,4259,1,7,01 00 00 0F 03 59 42,0,OK
2026-09-30T13:08:50.772Z,12980.564,observer,RX,baseline,0,stopped,,,00114259,0011,4259,1,5,01 00 00 59 42,0,OK
2026-09-30T13:08:50.777Z,12985.482,observer,RX,baseline,0,stopped,,,00014A89,0001,4A89,1,7,01 00 00 0F 03 89 4A,0,OK
2026-09-30T13:08:50.777Z,12985.558,observer,RX,baseline,0,stopped,,,00114A89,0011,4A89,1,5,01 00 00 89 4A,0,OK
2026-09-30T13:08:50.782Z,12990.483,observer,RX,baseline,0,stopped,,,00015E1B,0001,5E1B,1,7,01 00 00 0F 03 1B 5E,0,OK
2026-09-30T13:08:50.782Z,12990.568,observer,RX,baseline,0,stopped,,,00115E1B,0011,5E1B,1,5,01 00 00 1B 5E,0,OK
2026-09-30T13:08:50.787Z,12995.48,observer,RX,baseline,0,stopped,,,000195AF,0001,95AF,1,7,01 00 00 0F 03 AF 95,0,OK
2026-09-30T13:08:50.787Z,12995.584,observer,RX,baseline,0,stopped,,,001195AF,0011,95AF,1,5,01 00 00 AF 95,0,OK
2026-09-30T13:08:50.792Z,13000.5,observer,RX,baseline,0,stopped,,,0001A188,0001,A188,1,7,01 00 00 0F 03 88 A1,0,OK
2026-09-30T13:08:50.792Z,13000.578,observer,RX,baseline,0,stopped,,,0011A188,0011,A188,1,5,01 00 00 88 A1,0,OK
2026-09-30T13:08:50.797Z,13005.49,observer,RX,baseline,0,stopped,,,0001B70F,0001,B70F,1,7,01 00 00 0F 03 0F B7,0,OK
2026-09-30T13:08:50.797Z,13005.584,observer,RX,baseline,0,stopped,,,0011B70F,0011,B70F,1,5,01 00 00 0F B7,0,OK
2026-09-30T13:08:50.802Z,13010.528,observer,RX,baseline,0,stopped,,,0001F5D4,0001,F5D4,1,7,01 00 00 0F 03 D4 F5,0,OK
2026-09-30T13:08:50.802Z,13010.61,observer,RX,baseline,0,stopped,,,0011F5D4,0011,F5D4,1,5,01 00 00 D4 F5,0,OK
2026-09-30T13:08:50.807Z,13015.527,observer,RX,baseline,0,stopped,,,0001BBF1,0001,BBF1,1,7,01 00 00 0F 03 F1 BB,0,OK
2026-09-30T13:08:50.807Z,13015.638,observer,RX,baseline,0,stopped,,,0011BBF1,0011,BBF1,1,5,01 00 00 F1 BB,0,OK
2026-09-30T13:08:50.812Z,13020.547,observer,RX,baseline,0,stopped,,,0001165C,0001,165C,1,7,01 00 00 0F 03 5C 16,0,OK
2026-09-30T13:08:50.812Z,13020.637,observer,RX,baseline,0,stopped,,,0011165C,0011,165C,1,5,01 00 00 5C 16,0,OK
2026-09-30T13:08:50.817Z,13025.503,observer,RX,baseline,0,stopped,,,0001CEA3,0001,CEA3,1,7,01 00 00 0F 03 A3 CE,0,OK
2026-09-30T13:08:50.817Z,13025.58,observer,RX,baseline,0,stopped,,,0011CEA3,0011,CEA3,1,5,01 00 00 A3 CE,0,OK
2026-09-30T13:08:50.822Z,13030.492,observer,RX,baseline,0,stopped,,,00014CF5,0001,4CF5,1,7,01 00 00 0F 03 F5 4C,0,OK
2026-09-30T13:08:50.822Z,13030.614,observer,RX,baseline,0,stopped,,,00114CF5,0011,4CF5,1,5,01 00 00 F5 4C,0,OK
2026-09-30T13:08:50.827Z,13035.348,observer,RX,baseline,0,stopped,,,0001EC4C,0001,EC4C,1,7,01 00 00 0F 03 4C EC,0,OK
2026-09-30T13:08:50.827Z,13035.596,observer,RX,baseline,0,stopped,,,0011EC4C,0011,EC4C,1,5,01 00 00 4C EC,0,OK
2026-09-30T13:08:50.832Z,13040.545,observer,RX,baseline,0,stopped,,,000156ED,0001,56ED,1,7,01 00 00 0F 03 ED 56,0,OK
2026-09-30T13:08:50.832Z,13040.656,observer,RX,baseline,0,stopped,,,001156ED,0011,56ED,1,5,01 00 00 ED 56,0,OK
2026-09-30T13:08:50.837Z,13045.491,observer,RX,baseline,0,stopped,,,00010763,0001,0763,1,7,01 00 00 0F 03 63 07,0,OK
2026-09-30T13:08:50.837Z,13045.567,observer,RX,baseline,0,stopped,,,00110763,0011,0763,1,5,01 00 00 63 07,0,OK
2026-09-30T13:08:50.842Z,13050.491,observer,RX,baseline,0,stopped,,,0001B8B7,0001,B8B7,1,7,01 00 00 0F 03 B7 B8,0,OK
2026-09-30T13:08:50.842Z,13050.641,observer,RX,baseline,0,stopped,,,0011B8B7,0011,B8B7,1,5,01 00 00 B7 B8,0,OK
2026-09-30T13:08:50.847Z,13055.36,observer,RX,baseline,0,stopped,,,0001C145,0001,C145,1,7,01 00 00 0F 03 45 C1,0,OK
2026-09-30T13:08:50.847Z,13055.602,observer,RX,baseline,0,stopped,,,0011C145,0011,C145,1,5,01 00 00 45 C1,0,OK
2026-09-30T13:08:50.852Z,13060.295,observer,RX,baseline,0,stopped,,,00019B91,0001,9B91,1,7,01 00 00 0F 03 91 9B,0,OK
2026-09-30T13:08:50.852Z,13060.606,observer,RX,baseline,0,stopped,,,00119B91,0011,9B91,1,5,01 00 00 91 9B,0,OK
2026-09-30T13:08:50.857Z,13065.352,observer,RX,baseline,0,stopped,,,00011217,0001,1217,1,7,01 00 00 0F 03 17 12,0,OK
2026-09-30T13:08:50.857Z,13065.603,observer,RX,baseline,0,stopped,,,00111217,0011,1217,1,5,01 00 00 17 12,0,OK
2026-09-30T13:08:50.862Z,13070.371,observer,RX,baseline,0,stopped,,,000168A2,0001,68A2,1,7,01 00 00 0F 03 A2 68,0,OK
2026-09-30T13:08:50.862Z,13070.601,observer,RX,baseline,0,stopped,,,001168A2,0011,68A2,1,5,01 00 00 A2 68,0,OK
2026-09-30T13:08:50.867Z,13075.491,observer,RX,baseline,0,stopped,,,000190C2,0001,90C2,1,7,01 00 00 0F 03 C2 90,0,OK
2026-09-30T13:08:50.867Z,13075.599,observer,RX,baseline,0,stopped,,,001190C2,0011,90C2,1,5,01 00 00 C2 90,0,OK
2026-09-30T13:08:50.872Z,13080.493,observer,RX,baseline,0,stopped,,,0001126E,0001,126E,1,7,01 00 00 0F 03 6E 12,0,OK
2026-09-30T13:08:50.872Z,13080.568,observer,RX,baseline,0,stopped,,,0011126E,0011,126E,1,5,01 00 00 6E 12,0,OK
2026-09-30T13:08:50.877Z,13085.488,observer,RX,baseline,0,stopped,,,0001D5D4,0001,D5D4,1,7,01 00 00 0F 03 D4 D5,0,OK
2026-09-30T13:08:50.877Z,13085.617,observer,RX,baseline,0,stopped,,,0011D5D4,0011,D5D4,1,5,01 00 00 D4 D5,0,OK
2026-09-30T13:08:50.882Z,13090.494,observer,RX,baseline,0,stopped,,,00017582,0001,7582,1,7,01 00 00 0F 03 82 75,0,OK
2026-09-30T13:08:50.882Z,13090.569,observer,RX,baseline,0,stopped,,,00117582,0011,7582,1,5,01 00 00 82 75,0,OK
2026-09-30T13:08:50.887Z,13095.49,observer,RX,baseline,0,stopped,,,0001EA8F,0001,EA8F,1,7,01 00 00 0F 03 8F EA,0,OK
2026-09-30T13:08:50.887Z,13095.606,observer,RX,baseline,0,stopped,,,0011EA8F,0011,EA8F,1,5,01 00 00 8F EA,0,OK
2026-09-30T13:08:50.892Z,13100.493,observer,RX,baseline,0,stopped,,,000186D2,0001,86D2,1,7,01 00 00 0F 03 D2 86,0,OK
2026-09-30T13:08:50.892Z,13100.576,observer,RX,baseline,0,stopped,,,001186D2,0011,86D2,1,5,01 00 00 D2 86,0,OK
2026-09-30T13:08:50.897Z,13105.491,observer,RX,baseline,0,stopped,,,00011260,0001,1260,1,7,01 00 00 0F 03 60 12,0,OK
2026-09-30T13:08:50.897Z,13105.566,observer,RX,baseline,0,stopped,,,00111260,0011,1260,1,5,01 00 00 60 12,0,OK
2026-09-30T13:08:50.902Z,13110.558,observer,RX,baseline,0,stopped,,,0001F21B,0001,F21B,1,7,01 00 00 0F 03 1B F2,0,OK
2026-09-30T13:08:50.903Z,13110.702,observer,RX,baseline,0,stopped,,,0011F21B,0011,F21B,1,5,01 00 00 1B F2,0,OK
2026-09-30T13:08:50.907Z,13115.487,observer,RX,baseline,0,stopped,,,0001C7A4,0001,C7A4,1,7,01 00 00 0F 03 A4 C7,0,OK
2026-09-30T13:08:50.907Z,13115.562,observer,RX,baseline,0,stopped,,,0011C7A4,0011,C7A4,1,5,01 00 00 A4 C7,0,OK
2026-09-30T13:08:50.912Z,13120.47,observer,RX,baseline,0,stopped,,,0001D845,0001,D845,1,7,01 00 00 0F 03 45 D8,0,OK
2026-09-30T13:08:50.912Z,13120.549,observer,RX,baseline,0,stopped,,,0011D845,0011,D845,1,5,01 00 00 45 D8,0,OK
2026-09-30T13:08:50.917Z,13125.491,observer,RX,baseline,0,stopped,,,00015157,0001,5157,1,7,01 00 00 0F 03 57 51,0,OK
2026-09-30T13:08:50.917Z,13125.568,observer,RX,baseline,0,stopped,,,00115157,0011,5157,1,5,01 00 00 57 51,0,OK
2026-09-30T13:08:50.922Z,13130.492,observer,RX,baseline,0,stopped,,,0001059C,0001,059C,1,7,01 00 00 0F 03 9C 05,0,OK
2026-09-30T13:08:50.922Z,13130.582,observer,RX,baseline,0,stopped,,,0011059C,0011,059C,1,5,01 00 00 9C 05,0,OK
2026-09-30T13:08:50.927Z,13135.493,observer,RX,baseline,0,stopped,,,0001EE27,0001,EE27,1,7,01 00 00 0F 03 27 EE,0,OK
2026-09-30T13:08:50.927Z,13135.569,observer,RX,baseline,0,stopped,,,0011EE27,0011,EE27,1,5,01 00 00 27 EE,0,OK
2026-09-30T13:08:50.932Z,13140.341,observer,RX,baseline,0,stopped,,,0001AD5A,0001,AD5A,1,7,01 00 00 0F 03 5A AD,0,OK
2026-09-30T13:08:50.932Z,13140.588,observer,RX,baseline,0,stopped,,,0011AD5A,0011,AD5A,1,5,01 00 00 5A AD,0,OK
2026-09-30T13:08:50.937Z,13145.489,observer,RX,baseline,0,stopped,,,0001AE0A,0001,AE0A,1,7,01 00 00 0F 03 0A AE,0,OK
2026-09-30T13:08:50.937Z,13145.565,observer,RX,baseline,0,stopped,,,0011AE0A,0011,AE0A,1,5,01 00 00 0A AE,0,OK
2026-09-30T13:08:50.942Z,13150.492,observer,RX,baseline,0,stopped,,,0001E7D3,0001,E7D3,1,7,01 00 00 0F 03 D3 E7,0,OK
2026-09-30T13:08:50.942Z,13150.567,observer,RX,baseline,0,stopped,,,0011E7D3,0011,E7D3,1,5,01 00 00 D3 E7,0,OK
2026-09-30T13:08:50.947Z,13155.383,observer,RX,baseline,0,stopped,,,00013E32,0001,3E32,1,7,01 00 00 0F 03 32 3E,0,OK
2026-09-30T13:08:50.947Z,13155.589,observer,RX,baseline,0,stopped,,,00113E32,0011,3E32,1,5,01 00 00 32 3E,0,OK
2026-09-30T13:08:50.952Z,13160.404,observer,RX,baseline,0,stopped,,,0001DE48,0001,DE48,1,7,01 00 00 0F 03 48 DE,0,OK
2026-09-30T13:08:50.952Z,13160.572,observer,RX,baseline,0,stopped,,,0011DE48,0011,DE48,1,5,01 00 00 48 DE,0,OK
2026-09-30T13:08:50.957Z,13165.376,observer,RX,baseline,0,stopped,,,00019C2A,0001,9C2A,1,7,01 00 00 0F 03 2A 9C,0,OK
2026-09-30T13:08:50.957Z,13165.568,observer,RX,baseline,0,stopped,,,00119C2A,0011,9C2A,1,5,01 00 00 2A 9C,0,OK
2026-09-30T13:08:50.962Z,13170.436,observer,RX,baseline,0,stopped,,,0001FF25,0001,FF25,1,7,01 00 00 0F 03 25 FF,0,OK
2026-09-30T13:08:50.962Z,13170.587,observer,RX,baseline,0,stopped,,,0011FF25,0011,FF25,1,5,01 00 00 25 FF,0,OK
2026-09-30T13:08:50.967Z,13175.498,observer,RX,baseline,0,stopped,,,0001FB55,0001,FB55,1,7,01 00 00 0F 03 55 FB,0,OK
2026-09-30T13:08:50.967Z,13175.572,observer,RX,baseline,0,stopped,,,0011FB55,0011,FB55,1,5,01 00 00 55 FB,0,OK
2026-09-30T13:08:50.972Z,13180.495,observer,RX,baseline,0,stopped,,,00011F3B,0001,1F3B,1,7,01 00 00 0F 03 3B 1F,0,OK
2026-09-30T13:08:50.972Z,13180.57,observer,RX,baseline,0,stopped,,,00111F3B,0011,1F3B,1,5,01 00 00 3B 1F,0,OK
2026-09-30T13:08:50.977Z,13185.486,observer,RX,baseline,0,stopped,,,0001C127,0001,C127,1,7,01 00 00 0F 03 27 C1,0,OK
2026-09-30T13:08:50.977Z,13185.564,observer,RX,baseline,0,stopped,,,0011C127,0011,C127,1,5,01 00 00 27 C1,0,OK
2026-09-30T13:08:50.982Z,13190.479,observer,RX,baseline,0,stopped,,,0001EC3B,0001,EC3B,1,7,01 00 00 0F 03 3B EC,0,OK
2026-09-30T13:08:50.982Z,13190.554,observer,RX,baseline,0,stopped,,,0011EC3B,0011,EC3B,1,5,01 00 00 3B EC,0,OK
2026-09-30T13:08:50.987Z,13195.481,observer,RX,baseline,0,stopped,,,00011ADA,0001,1ADA,1,7,01 00 00 0F 03 DA 1A,0,OK
2026-09-30T13:08:50.987Z,13195.562,observer,RX,baseline,0,stopped,,,00111ADA,0011,1ADA,1,5,01 00 00 DA 1A,0,OK
2026-09-30T13:08:50.992Z,13200.478,observer,RX,baseline,0,stopped,,,0001866A,0001,866A,1,7,01 00 00 0F 03 6A 86,0,OK
2026-09-30T13:08:50.992Z,13200.553,observer,RX,baseline,0,stopped,,,0011866A,0011,866A,1,5,01 00 00 6A 86,0,OK
2026-09-30T13:08:50.997Z,13205.453,observer,RX,baseline,0,stopped,,,0001C058,0001,C058,1,7,01 00 00 0F 03 58 C0,0,OK
2026-09-30T13:08:50.997Z,13205.529,observer,RX,baseline,0,stopped,,,0011C058,0011,C058,1,5,01 00 00 58 C0,0,OK
2026-09-30T13:08:51.002Z,13210.494,observer,RX,baseline,0,stopped,,,0001A37B,0001,A37B,1,7,01 00 00 0F 03 7B A3,0,OK
2026-09-30T13:08:51.002Z,13210.572,observer,RX,baseline,0,stopped,,,0011A37B,0011,A37B,1,5,01 00 00 7B A3,0,OK
2026-09-30T13:08:51.007Z,13215.516,observer,RX,baseline,0,stopped,,,0001A6CA,0001,A6CA,1,7,01 00 00 0F 03 CA A6,0,OK
2026-09-30T13:08:51.007Z,13215.59,observer,RX,baseline,0,stopped,,,0011A6CA,0011,A6CA,1,5,01 00 00 CA A6,0,OK
2026-09-30T13:08:51.012Z,13220.489,observer,RX,baseline,0,stopped,,,000119E8,0001,19E8,1,7,01 00 00 0F 03 E8 19,0,OK
2026-09-30T13:08:51.012Z,13220.564,observer,RX,baseline,0,stopped,,,001119E8,0011,19E8,1,5,01 00 00 E8 19,0,OK
2026-09-30T13:08:51.017Z,13225.523,observer,RX,baseline,0,stopped,,,000111DA,0001,11DA,1,7,01 00 00 0F 03 DA 11,0,OK
2026-09-30T13:08:51.017Z,13225.634,observer,RX,baseline,0,stopped,,,001111DA,0011,11DA,1,5,01 00 00 DA 11,0,OK
2026-09-30T13:08:51.022Z,13230.526,observer,RX,baseline,0,stopped,,,00015C3C,0001,5C3C,1,7,01 00 00 0F 03 3C 5C,0,OK
2026-09-30T13:08:51.022Z,13230.636,observer,RX,baseline,0,stopped,,,00115C3C,0011,5C3C,1,5,01 00 00 3C 5C,0,OK
2026-09-30T13:08:51.027Z,13235.517,observer,RX,baseline,0,stopped,,,0001EDB2,0001,EDB2,1,7,01 00 00 0F 03 B2 ED,0,OK
2026-09-30T13:08:51.027Z,13235.607,observer,RX,baseline,0,stopped,,,0011EDB2,0011,EDB2,1,5,01 00 00 B2 ED,0,OK
2026-09-30T13:08:51.032Z,13240.33,observer,RX,baseline,0,stopped,,,0001653B,0001,653B,1,7,01 00 00 0F 03 3B 65,0,OK
2026-09-30T13:08:51.032Z,13240.578,observer,RX,baseline,0,stopped,,,0011653B,0011,653B,1,5,01 00 00 3B 65,0,OK
2026-09-30T13:08:51.037Z,13245.509,observer,RX,baseline,0,stopped,,,0001C039,0001,C039,1,7,01 00 00 0F 03 39 C0,0,OK
2026-09-30T13:08:51.037Z,13245.604,observer,RX,baseline,0,stopped,,,0011C039,0011,C039,1,5,01 00 00 39 C0,0,OK
2026-09-30T13:08:51.042Z,13250.457,observer,RX,baseline,0,stopped,,,0001D9B8,0001,D9B8,1,7,01 00 00 0F 03 B8 D9,0,OK
2026-09-30T13:08:51.042Z,13250.532,observer,RX,baseline,0,stopped,,,0011D9B8,0011,D9B8,1,5,01 00 00 B8 D9,0,OK
2026-09-30T13:08:51.047Z,13255.36,observer,RX,baseline,0,stopped,,,0001FB24,0001,FB24,1,7,01 00 00 0F 03 24 FB,0,OK
2026-09-30T13:08:51.047Z,13255.569,observer,RX,baseline,0,stopped,,,0011FB24,0011,FB24,1,5,01 00 00 24 FB,0,OK
2026-09-30T13:08:51.052Z,13260.356,observer,RX,baseline,0,stopped,,,00010AAD,0001,0AAD,1,7,01 00 00 0F 03 AD 0A,0,OK
2026-09-30T13:08:51.052Z,13260.602,observer,RX,baseline,0,stopped,,,00110AAD,0011,0AAD,1,5,01 00 00 AD 0A,0,OK
2026-09-30T13:08:51.057Z,13265.353,observer,RX,baseline,0,stopped,,,000154D0,0001,54D0,1,7,01 00 00 0F 03 D0 54,0,OK
2026-09-30T13:08:51.057Z,13265.606,observer,RX,baseline,0,stopped,,,001154D0,0011,54D0,1,5,01 00 00 D0 54,0,OK
2026-09-30T13:08:51.062Z,13270.32,observer,RX,baseline,0,stopped,,,000141C1,0001,41C1,1,7,01 00 00 0F 03 C1 41,0,OK
2026-09-30T13:08:51.062Z,13270.575,observer,RX,baseline,0,stopped,,,001141C1,0011,41C1,1,5,01 00 00 C1 41,0,OK
2026-09-30T13:08:51.067Z,13275.421,observer,RX,baseline,0,stopped,,,0001BCFE,0001,BCFE,1,7,01 00 00 0F 03 FE BC,0,OK
2026-09-30T13:08:51.067Z,13275.588,observer,RX,baseline,0,stopped,,,0011BCFE,0011,BCFE,1,5,01 00 00 FE BC,0,OK
2026-09-30T13:08:51.072Z,13280.34,observer,RX,baseline,0,stopped,,,00014064,0001,4064,1,7,01 00 00 0F 03 64 40,0,OK
2026-09-30T13:08:51.072Z,13280.603,observer,RX,baseline,0,stopped,,,00114064,0011,4064,1,5,01 00 00 64 40,0,OK
2026-09-30T13:08:51.077Z,13285.316,observer,RX,baseline,0,stopped,,,00018EF0,0001,8EF0,1,7,01 00 00 0F 03 F0 8E,0,OK
2026-09-30T13:08:51.077Z,13285.582,observer,RX,baseline,0,stopped,,,00118EF0,0011,8EF0,1,5,01 00 00 F0 8E,0,OK
2026-09-30T13:08:51.083Z,13291.397,observer,RX,baseline,0,stopped,,,00014D32,0001,4D32,1,7,01 00 00 0F 03 32 4D,0,OK
2026-09-30T13:08:51.083Z,13291.549,observer,RX,baseline,0,stopped,,,00114D32,0011,4D32,1,5,01 00 00 32 4D,0,OK
2026-09-30T13:08:51.088Z,13296.586,observer,RX,baseline,0,stopped,,,0001756D,0001,756D,1,7,01 00 00 0F 03 6D 75,0,OK
2026-09-30T13:08:51.089Z,13296.73,observer,RX,baseline,0,stopped,,,0011756D,0011,756D,1,5,01 00 00 6D 75,0,OK
2026-09-30T13:08:51.093Z,13301.607,observer,RX,baseline,0,stopped,,,00018932,0001,8932,1,7,01 00 00 0F 03 32 89,0,OK
2026-09-30T13:08:51.094Z,13301.734,observer,RX,baseline,0,stopped,,,00118932,0011,8932,1,5,01 00 00 32 89,0,OK
2026-09-30T13:08:51.097Z,13305.531,observer,RX,baseline,0,stopped,,,000131C2,0001,31C2,1,7,01 00 00 0F 03 C2 31,0,OK
2026-09-30T13:08:51.098Z,13305.657,observer,RX,baseline,0,stopped,,,001131C2,0011,31C2,1,5,01 00 00 C2 31,0,OK
2026-09-30T13:08:51.103Z,13311.599,observer,RX,baseline,0,stopped,,,0001522B,0001,522B,1,7,01 00 00 0F 03 2B 52,0,OK
2026-09-30T13:08:51.104Z,13311.729,observer,RX,baseline,0,stopped,,,0011522B,0011,522B,1,5,01 00 00 2B 52,0,OK
2026-09-30T13:08:51.108Z,13315.763,observer,RX,baseline,0,stopped,,,0001F9B0,0001,F9B0,1,7,01 00 00 0F 03 B0 F9,0,OK
2026-09-30T13:08:51.108Z,13315.898,observer,RX,baseline,0,stopped,,,0011F9B0,0011,F9B0,1,5,01 00 00 B0 F9,0,OK
2026-09-30T13:08:51.113Z,13320.841,observer,RX,baseline,0,stopped,,,0001112C,0001,112C,1,7,01 00 00 0F 03 2C 11,0,OK
2026-09-30T13:08:51.113Z,13320.975,observer,RX,baseline,0,stopped,,,0011112C,0011,112C,1,5,01 00 00 2C 11,0,OK
2026-09-30T13:08:51.117Z,13325.373,observer,RX,baseline,0,stopped,,,0001F8EC,0001,F8EC,1,7,01 00 00 0F 03 EC F8,0,OK
2026-09-30T13:08:51.117Z,13325.527,observer,RX,baseline,0,stopped,,,0011F8EC,0011,F8EC,1,5,01 00 00 EC F8,0,OK
2026-09-30T13:08:51.123Z,13331.596,observer,RX,baseline,0,stopped,,,00014BFA,0001,4BFA,1,7,01 00 00 0F 03 FA 4B,0,OK
2026-09-30T13:08:51.124Z,13331.728,observer,RX,baseline,0,stopped,,,00114BFA,0011,4BFA,1,5,01 00 00 FA 4B,0,OK
2026-09-30T13:08:51.127Z,13335.401,observer,RX,baseline,0,stopped,,,0001019D,0001,019D,1,7,01 00 00 0F 03 9D 01,0,OK
2026-09-30T13:08:51.127Z,13335.529,observer,RX,baseline,0,stopped,,,0011019D,0011,019D,1,5,01 00 00 9D 01,0,OK
2026-09-30T13:08:51.133Z,13341.61,observer,RX,baseline,0,stopped,,,000165FB,0001,65FB,1,7,01 00 00 0F 03 FB 65,0,OK
2026-09-30T13:08:51.134Z,13341.741,observer,RX,baseline,0,stopped,,,001165FB,0011,65FB,1,5,01 00 00 FB 65,0,OK
2026-09-30T13:08:51.137Z,13345.42,observer,RX,baseline,0,stopped,,,000143F5,0001,43F5,1,7,01 00 00 0F 03 F5 43,0,OK
2026-09-30T13:08:51.137Z,13345.548,observer,RX,baseline,0,stopped,,,001143F5,0011,43F5,1,5,01 00 00 F5 43,0,OK
2026-09-30T13:08:51.143Z,13351.592,observer,RX,baseline,0,stopped,,,0001F0DA,0001,F0DA,1,7,01 00 00 0F 03 DA F0,0,OK
2026-09-30T13:08:51.144Z,13351.72,observer,RX,baseline,0,stopped,,,0011F0DA,0011,F0DA,1,5,01 00 00 DA F0,0,OK
2026-09-30T13:08:51.147Z,13355.577,observer,RX,baseline,0,stopped,,,000187E3,0001,87E3,1,7,01 00 00 0F 03 E3 87,0,OK
2026-09-30T13:08:51.148Z,13355.704,observer,RX,baseline,0,stopped,,,001187E3,0011,87E3,1,5,01 00 00 E3 87,0,OK
2026-09-30T13:08:51.152Z,13360.468,observer,RX,baseline,0,stopped,,,0001F2F5,0001,F2F5,1,7,01 00 00 0F 03 F5 F2,0,OK
2026-09-30T13:08:51.152Z,13360.597,observer,RX,baseline,0,stopped,,,0011F2F5,0011,F2F5,1,5,01 00 00 F5 F2,0,OK
2026-09-30T13:08:51.158Z,13365.797,observer,RX,baseline,0,stopped,,,0001E068,0001,E068,1,7,01 00 00 0F 03 68 E0,0,OK
2026-09-30T13:08:51.158Z,13365.933,observer,RX,baseline,0,stopped,,,0011E068,0011,E068,1,5,01 00 00 68 E0,0,OK
2026-09-30T13:08:51.162Z,13370.385,observer,RX,baseline,0,stopped,,,0001CD5E,0001,CD5E,1,7,01 00 00 0F 03 5E CD,0,OK
2026-09-30T13:08:51.162Z,13370.517,observer,RX,baseline,0,stopped,,,0011CD5E,0011,CD5E,1,5,01 00 00 5E CD,0,OK
2026-09-30T13:08:51.168Z,13375.788,observer,RX,baseline,0,stopped,,,0001FB13,0001,FB13,1,7,01 00 00 0F 03 13 FB,0,OK
2026-09-30T13:08:51.168Z,13375.916,observer,RX,baseline,0,stopped,,,0011FB13,0011,FB13,1,5,01 00 00 13 FB,0,OK
2026-09-30T13:08:51.173Z,13380.752,observer,RX,baseline,0,stopped,,,000198EB,0001,98EB,1,7,01 00 00 0F 03 EB 98,0,OK
2026-09-30T13:08:51.173Z,13380.882,observer,RX,baseline,0,stopped,,,001198EB,0011,98EB,1,5,01 00 00 EB 98,0,OK
2026-09-30T13:08:51.178Z,13385.693,observer,RX,baseline,0,stopped,,,000106BA,0001,06BA,1,7,01 00 00 0F 03 BA 06,0,OK
2026-09-30T13:08:51.178Z,13385.821,observer,RX,baseline,0,stopped,,,001106BA,0011,06BA,1,5,01 00 00 BA 06,0,OK
2026-09-30T13:08:51.183Z,13390.778,observer,RX,baseline,0,stopped,,,000141AB,0001,41AB,1,7,01 00 00 0F 03 AB 41,0,OK
2026-09-30T13:08:51.183Z,13390.917,observer,RX,baseline,0,stopped,,,001141AB,0011,41AB,1,5,01 00 00 AB 41,0,OK
2026-09-30T13:08:51.188Z,13395.801,observer,RX,baseline,0,stopped,,,0001B35F,0001,B35F,1,7,01 00 00 0F 03 5F B3,0,OK
2026-09-30T13:08:51.188Z,13395.93,observer,RX,baseline,0,stopped,,,0011B35F,0011,B35F,1,5,01 00 00 5F B3,0,OK
2026-09-30T13:08:51.193Z,13400.8,observer,RX,baseline,0,stopped,,,000141BF,0001,41BF,1,7,01 00 00 0F 03 BF 41,0,OK
2026-09-30T13:08:51.193Z,13400.935,observer,RX,baseline,0,stopped,,,001141BF,0011,41BF,1,5,01 00 00 BF 41,0,OK
2026-09-30T13:08:51.197Z,13405.564,observer,RX,baseline,0,stopped,,,0001F9EB,0001,F9EB,1,7,01 00 00 0F 03 EB F9,0,OK
2026-09-30T13:08:51.198Z,13405.699,observer,RX,baseline,0,stopped,,,0011F9EB,0011,F9EB,1,5,01 00 00 EB F9,0,OK
2026-09-30T13:08:51.203Z,13410.777,observer,RX,baseline,0,stopped,,,00019067,0001,9067,1,7,01 00 00 0F 03 67 90,0,OK
2026-09-30T13:08:51.203Z,13410.911,observer,RX,baseline,0,stopped,,,00119067,0011,9067,1,5,01 00 00 67 90,0,OK
2026-09-30T13:08:51.208Z,13415.819,observer,RX,baseline,0,stopped,,,00012120,0001,2120,1,7,01 00 00 0F 03 20 21,0,OK
2026-09-30T13:08:51.208Z,13415.948,observer,RX,baseline,0,stopped,,,00112120,0011,2120,1,5,01 00 00 20 21,0,OK
2026-09-30T13:08:51.213Z,13420.753,observer,RX,baseline,0,stopped,,,000157BC,0001,57BC,1,7,01 00 00 0F 03 BC 57,0,OK
2026-09-30T13:08:51.213Z,13420.883,observer,RX,baseline,0,stopped,,,001157BC,0011,57BC,1,5,01 00 00 BC 57,0,OK
2026-09-30T13:08:51.218Z,13425.812,observer,RX,baseline,0,stopped,,,0001F5EE,0001,F5EE,1,7,01 00 00 0F 03 EE F5,0,OK
2026-09-30T13:08:51.218Z,13425.94,observer,RX,baseline,0,stopped,,,0011F5EE,0011,F5EE,1,5,01 00 00 EE F5,0,OK
2026-09-30T13:08:51.223Z,13430.798,observer,RX,baseline,0,stopped,,,00010774,0001,0774,1,7,01 00 00 0F 03 74 07,0,OK
2026-09-30T13:08:51.223Z,13430.925,observer,RX,baseline,0,stopped,,,00110774,0011,0774,1,5,01 00 00 74 07,0,OK
2026-09-30T13:08:51.228Z,13435.87,observer,RX,baseline,0,stopped,,,00014019,0001,4019,1,7,01 00 00 0F 03 19 40,0,OK
2026-09-30T13:08:51.228Z,13436.003,observer,RX,baseline,0,stopped,,,00114019,0011,4019,1,5,01 00 00 19 40,0,OK
2026-09-30T13:08:51.233Z,13440.818,observer,RX,baseline,0,stopped,,,000178A4,0001,78A4,1,7,01 00 00 0F 03 A4 78,0,OK
2026-09-30T13:08:51.233Z,13440.947,observer,RX,baseline,0,stopped,,,001178A4,0011,78A4,1,5,01 00 00 A4 78,0,OK
2026-09-30T13:08:51.238Z,13445.735,observer,RX,baseline,0,stopped,,,0001F0C9,0001,F0C9,1,7,01 00 00 0F 03 C9 F0,0,OK
2026-09-30T13:08:51.238Z,13445.863,observer,RX,baseline,0,stopped,,,0011F0C9,0011,F0C9,1,5,01 00 00 C9 F0,0,OK
2026-09-30T13:08:51.243Z,13450.818,observer,RX,baseline,0,stopped,,,0001EE5B,0001,EE5B,1,7,01 00 00 0F 03 5B EE,0,OK
2026-09-30T13:08:51.243Z,13450.946,observer,RX,baseline,0,stopped,,,0011EE5B,0011,EE5B,1,5,01 00 00 5B EE,0,OK
2026-09-30T13:08:51.248Z,13455.777,observer,RX,baseline,0,stopped,,,0001BF7D,0001,BF7D,1,7,01 00 00 0F 03 7D BF,0,OK
2026-09-30T13:08:51.248Z,13455.913,observer,RX,baseline,0,stopped,,,0011BF7D,0011,BF7D,1,5,01 00 00 7D BF,0,OK
2026-09-30T13:08:51.253Z,13460.839,observer,RX,baseline,0,stopped,,,0001F489,0001,F489,1,7,01 00 00 0F 03 89 F4,0,OK
2026-09-30T13:08:51.253Z,13460.98,observer,RX,baseline,0,stopped,,,0011F489,0011,F489,1,5,01 00 00 89 F4,0,OK
2026-09-30T13:08:51.258Z,13465.937,observer,RX,baseline,0,stopped,,,00017A7B,0001,7A7B,1,7,01 00 00 0F 03 7B 7A,0,OK
2026-09-30T13:08:51.258Z,13466.064,observer,RX,baseline,0,stopped,,,00117A7B,0011,7A7B,1,5,01 00 00 7B 7A,0,OK
2026-09-30T13:08:51.263Z,13470.84,observer,RX,baseline,0,stopped,,,0001B689,0001,B689,1,7,01 00 00 0F 03 89 B6,0,OK
2026-09-30T13:08:51.263Z,13470.97,observer,RX,baseline,0,stopped,,,0011B689,0011,B689,1,5,01 00 00 89 B6,0,OK
2026-09-30T13:08:51.268Z,13475.771,observer,RX,baseline,0,stopped,,,00016AB0,0001,6AB0,1,7,01 00 00 0F 03 B0 6A,0,OK
2026-09-30T13:08:51.268Z,13475.9,observer,RX,baseline,0,stopped,,,00116AB0,0011,6AB0,1,5,01 00 00 B0 6A,0,OK
2026-09-30T13:08:51.272Z,13480.399,observer,RX,baseline,0,stopped,,,0001585B,0001,585B,1,7,01 00 00 0F 03 5B 58,0,OK
2026-09-30T13:08:51.272Z,13480.536,observer,RX,baseline,0,stopped,,,0011585B,0011,585B,1,5,01 00 00 5B 58,0,OK
2026-09-30T13:08:51.277Z,13485.47,observer,RX,baseline,0,stopped,,,00016FA0,0001,6FA0,1,7,01 00 00 0F 03 A0 6F,0,OK
2026-09-30T13:08:51.277Z,13485.603,observer,RX,baseline,0,stopped,,,00116FA0,0011,6FA0,1,5,01 00 00 A0 6F,0,OK
2026-09-30T13:08:51.282Z,13490.396,observer,RX,baseline,0,stopped,,,0001F53C,0001,F53C,1,7,01 00 00 0F 03 3C F5,0,OK
2026-09-30T13:08:51.282Z,13490.546,observer,RX,baseline,0,stopped,,,0011F53C,0011,F53C,1,5,01 00 00 3C F5,0,OK
2026-09-30T13:08:51.287Z,13495.459,observer,RX,baseline,0,stopped,,,000172CF,0001,72CF,1,7,01 00 00 0F 03 CF 72,0,OK
2026-09-30T13:08:51.287Z,13495.617,observer,RX,baseline,0,stopped,,,001172CF,0011,72CF,1,5,01 00 00 CF 72,0,OK
2026-09-30T13:08:51.293Z,13500.691,observer,RX,baseline,0,stopped,,,00010444,0001,0444,1,7,01 00 00 0F 03 44 04,0,OK
2026-09-30T13:08:51.293Z,13500.867,observer,RX,baseline,0,stopped,,,00110444,0011,0444,1,5,01 00 00 44 04,0,OK
2026-09-30T13:08:51.297Z,13505.366,observer,RX,baseline,0,stopped,,,0001EAD5,0001,EAD5,1,7,01 00 00 0F 03 D5 EA,0,OK
2026-09-30T13:08:51.297Z,13505.491,observer,RX,baseline,0,stopped,,,0011EAD5,0011,EAD5,1,5,01 00 00 D5 EA,0,OK
2026-09-30T13:08:51.302Z,13510.568,observer,RX,baseline,0,stopped,,,00017B3B,0001,7B3B,1,7,01 00 00 0F 03 3B 7B,0,OK
2026-09-30T13:08:51.303Z,13510.697,observer,RX,baseline,0,stopped,,,00117B3B,0011,7B3B,1,5,01 00 00 3B 7B,0,OK
2026-09-30T13:08:51.307Z,13515.552,observer,RX,baseline,0,stopped,,,0001C8F1,0001,C8F1,1,7,01 00 00 0F 03 F1 C8,0,OK
2026-09-30T13:08:51.308Z,13515.684,observer,RX,baseline,0,stopped,,,0011C8F1,0011,C8F1,1,5,01 00 00 F1 C8,0,OK
2026-09-30T13:08:51.312Z,13520.629,observer,RX,baseline,0,stopped,,,0001BDB6,0001,BDB6,1,7,01 00 00 0F 03 B6 BD,0,OK
2026-09-30T13:08:51.313Z,13520.758,observer,RX,baseline,0,stopped,,,0011BDB6,0011,BDB6,1,5,01 00 00 B6 BD,0,OK
2026-09-30T13:08:51.317Z,13525.548,observer,RX,baseline,0,stopped,,,0001F8DB,0001,F8DB,1,7,01 00 00 0F 03 DB F8,0,OK
2026-09-30T13:08:51.318Z,13525.678,observer,RX,baseline,0,stopped,,,0011F8DB,0011,F8DB,1,5,01 00 00 DB F8,0,OK
2026-09-30T13:08:51.323Z,13530.648,observer,RX,baseline,0,stopped,,,00016647,0001,6647,1,7,01 00 00 0F 03 47 66,0,OK
2026-09-30T13:08:51.323Z,13530.78,observer,RX,baseline,0,stopped,,,00116647,0011,6647,1,5,01 00 00 47 66,0,OK
2026-09-30T13:08:51.327Z,13535.564,observer,RX,baseline,0,stopped,,,00015D2A,0001,5D2A,1,7,01 00 00 0F 03 2A 5D,0,OK
2026-09-30T13:08:51.328Z,13535.692,observer,RX,baseline,0,stopped,,,00115D2A,0011,5D2A,1,5,01 00 00 2A 5D,0,OK
2026-09-30T13:08:51.333Z,13540.658,observer,RX,baseline,0,stopped,,,00013D40,0001,3D40,1,7,01 00 00 0F 03 40 3D,0,OK
2026-09-30T13:08:51.333Z,13540.785,observer,RX,baseline,0,stopped,,,00113D40,0011,3D40,1,5,01 00 00 40 3D,0,OK
2026-09-30T13:08:51.337Z,13545.563,observer,RX,baseline,0,stopped,,,0001877D,0001,877D,1,7,01 00 00 0F 03 7D 87,0,OK
2026-09-30T13:08:51.338Z,13545.699,observer,RX,baseline,0,stopped,,,0011877D,0011,877D,1,5,01 00 00 7D 87,0,OK
2026-09-30T13:08:51.343Z,13550.801,observer,RX,baseline,0,stopped,,,00013054,0001,3054,1,7,01 00 00 0F 03 54 30,0,OK
2026-09-30T13:08:51.343Z,13550.93,observer,RX,baseline,0,stopped,,,00113054,0011,3054,1,5,01 00 00 54 30,0,OK
2026-09-30T13:08:51.347Z,13555.574,observer,RX,baseline,0,stopped,,,00017653,0001,7653,1,7,01 00 00 0F 03 53 76,0,OK
2026-09-30T13:08:51.348Z,13555.703,observer,RX,baseline,0,stopped,,,00117653,0011,7653,1,5,01 00 00 53 76,0,OK
2026-09-30T13:08:51.352Z,13560.493,observer,RX,baseline,0,stopped,,,0001C024,0001,C024,1,7,01 00 00 0F 03 24 C0,0,OK
2026-09-30T13:08:51.352Z,13560.628,observer,RX,baseline,0,stopped,,,0011C024,0011,C024,1,5,01 00 00 24 C0,0,OK
2026-09-30T13:08:51.357Z,13565.32,observer,RX,baseline,0,stopped,,,00011332,0001,1332,1,7,01 00 00 0F 03 32 13,0,OK
2026-09-30T13:08:51.357Z,13565.555,observer,RX,baseline,0,stopped,,,00111332,0011,1332,1,5,01 00 00 32 13,0,OK
2026-09-30T13:08:51.363Z,13571.378,observer,RX,baseline,0,stopped,,,0001B476,0001,B476,1,7,01 00 00 0F 03 76 B4,0,OK
2026-09-30T13:08:51.363Z,13571.506,observer,RX,baseline,0,stopped,,,0011B476,0011,B476,1,5,01 00 00 76 B4,0,OK
2026-09-30T13:08:51.367Z,13575.349,observer,RX,baseline,0,stopped,,,0001068B,0001,068B,1,7,01 00 00 0F 03 8B 06,0,OK
2026-09-30T13:08:51.367Z,13575.5,observer,RX,baseline,0,stopped,,,0011068B,0011,068B,1,5,01 00 00 8B 06,0,OK
2026-09-30T13:08:51.372Z,13580.554,observer,RX,baseline,0,stopped,,,000191A9,0001,91A9,1,7,01 00 00 0F 03 A9 91,0,OK
2026-09-30T13:08:51.373Z,13580.682,observer,RX,baseline,0,stopped,,,001191A9,0011,91A9,1,5,01 00 00 A9 91,0,OK
2026-09-30T13:08:51.378Z,13586.615,observer,RX,baseline,0,stopped,,,00018F82,0001,8F82,1,7,01 00 00 0F 03 82 8F,0,OK
2026-09-30T13:08:51.379Z,13586.746,observer,RX,baseline,0,stopped,,,00118F82,0011,8F82,1,5,01 00 00 82 8F,0,OK
2026-09-30T13:08:51.383Z,13591.573,observer,RX,baseline,0,stopped,,,0001599C,0001,599C,1,7,01 00 00 0F 03 9C 59,0,OK
2026-09-30T13:08:51.384Z,13591.709,observer,RX,baseline,0,stopped,,,0011599C,0011,599C,1,5,01 00 00 9C 59,0,OK
2026-09-30T13:08:51.387Z,13595.322,observer,RX,baseline,0,stopped,,,0001EC7C,0001,EC7C,1,7,01 00 00 0F 03 7C EC,0,OK
2026-09-30T13:08:51.387Z,13595.533,observer,RX,baseline,0,stopped,,,0011EC7C,0011,EC7C,1,5,01 00 00 7C EC,0,OK
2026-09-30T13:08:51.392Z,13600.263,observer,RX,baseline,0,stopped,,,0001A02F,0001,A02F,1,7,01 00 00 0F 03 2F A0,0,OK
2026-09-30T13:08:51.392Z,13600.511,observer,RX,baseline,0,stopped,,,0011A02F,0011,A02F,1,5,01 00 00 2F A0,0,OK
2026-09-30T13:08:51.397Z,13605.287,observer,RX,baseline,0,stopped,,,00012A28,0001,2A28,1,7,01 00 00 0F 03 28 2A,0,OK
2026-09-30T13:08:51.397Z,13605.543,observer,RX,baseline,0,stopped,,,00112A28,0011,2A28,1,5,01 00 00 28 2A,0,OK
2026-09-30T13:08:51.402Z,13610.459,observer,RX,baseline,0,stopped,,,000106FF,0001,06FF,1,7,01 00 00 0F 03 FF 06,0,OK
2026-09-30T13:08:51.402Z,13610.535,observer,RX,baseline,0,stopped,,,001106FF,0011,06FF,1,5,01 00 00 FF 06,0,OK
2026-09-30T13:08:51.407Z,13615.47,observer,RX,baseline,0,stopped,,,0001655D,0001,655D,1,7,01 00 00 0F 03 5D 65,0,OK
2026-09-30T13:08:51.407Z,13615.559,observer,RX,baseline,0,stopped,,,0011655D,0011,655D,1,5,01 00 00 5D 65,0,OK
2026-09-30T13:08:51.413Z,13621.568,observer,RX,baseline,0,stopped,,,00011A06,0001,1A06,1,7,01 00 00 0F 03 06 1A,0,OK
2026-09-30T13:08:51.414Z,13621.695,observer,RX,baseline,0,stopped,,,00111A06,0011,1A06,1,5,01 00 00 06 1A,0,OK
2026-09-30T13:08:51.417Z,13625.347,observer,RX,baseline,0,stopped,,,000120FB,0001,20FB,1,7,01 00 00 0F 03 FB 20,0,OK
2026-09-30T13:08:51.417Z,13625.511,observer,RX,baseline,0,stopped,,,001120FB,0011,20FB,1,5,01 00 00 FB 20,0,OK
2026-09-30T13:08:51.424Z,13631.813,observer,RX,baseline,0,stopped,,,00013658,0001,3658,1,7,01 00 00 0F 03 58 36,0,OK
2026-09-30T13:08:51.424Z,13631.942,observer,RX,baseline,0,stopped,,,00113658,0011,3658,1,5,01 00 00 58 36,0,OK
2026-09-30T13:08:51.428Z,13635.739,observer,RX,baseline,0,stopped,,,00012BBA,0001,2BBA,1,7,01 00 00 0F 03 BA 2B,0,OK
2026-09-30T13:08:51.428Z,13635.873,observer,RX,baseline,0,stopped,,,00112BBA,0011,2BBA,1,5,01 00 00 BA 2B,0,OK
2026-09-30T13:08:51.433Z,13640.819,observer,RX,baseline,0,stopped,,,0001D9FF,0001,D9FF,1,7,01 00 00 0F 03 FF D9,0,OK
2026-09-30T13:08:51.433Z,13640.95,observer,RX,baseline,0,stopped,,,0011D9FF,0011,D9FF,1,5,01 00 00 FF D9,0,OK
2026-09-30T13:08:51.438Z,13645.782,observer,RX,baseline,0,stopped,,,00019A8C,0001,9A8C,1,7,01 00 00 0F 03 8C 9A,0,OK
2026-09-30T13:08:51.438Z,13645.911,observer,RX,baseline,0,stopped,,,00119A8C,0011,9A8C,1,5,01 00 00 8C 9A,0,OK
2026-09-30T13:08:51.443Z,13650.798,observer,RX,baseline,0,stopped,,,00011FD3,0001,1FD3,1,7,01 00 00 0F 03 D3 1F,0,OK
2026-09-30T13:08:51.443Z,13650.933,observer,RX,baseline,0,stopped,,,00111FD3,0011,1FD3,1,5,01 00 00 D3 1F,0,OK
2026-09-30T13:08:51.447Z,13655.534,observer,RX,baseline,0,stopped,,,0001EAF5,0001,EAF5,1,7,01 00 00 0F 03 F5 EA,0,OK
2026-09-30T13:08:51.448Z,13655.663,observer,RX,baseline,0,stopped,,,0011EAF5,0011,EAF5,1,5,01 00 00 F5 EA,0,OK
2026-09-30T13:08:51.452Z,13660.482,observer,RX,baseline,0,stopped,,,000123BE,0001,23BE,1,7,01 00 00 0F 03 BE 23,0,OK
2026-09-30T13:08:51.452Z,13660.613,observer,RX,baseline,0,stopped,,,001123BE,0011,23BE,1,5,01 00 00 BE 23,0,OK
2026-09-30T13:08:51.458Z,13665.808,observer,RX,baseline,0,stopped,,,0001598E,0001,598E,1,7,01 00 00 0F 03 8E 59,0,OK
2026-09-30T13:08:51.458Z,13665.936,observer,RX,baseline,0,stopped,,,0011598E,0011,598E,1,5,01 00 00 8E 59,0,OK
2026-09-30T13:08:51.462Z,13670.374,observer,RX,baseline,0,stopped,,,0001ABC5,0001,ABC5,1,7,01 00 00 0F 03 C5 AB,0,OK
2026-09-30T13:08:51.462Z,13670.591,observer,RX,baseline,0,stopped,,,0011ABC5,0011,ABC5,1,5,01 00 00 C5 AB,0,OK
2026-09-30T13:08:51.468Z,13675.731,observer,RX,baseline,0,stopped,,,00018B8B,0001,8B8B,1,7,01 00 00 0F 03 8B 8B,0,OK
2026-09-30T13:08:51.468Z,13675.862,observer,RX,baseline,0,stopped,,,00118B8B,0011,8B8B,1,5,01 00 00 8B 8B,0,OK
2026-09-30T13:08:51.472Z,13680.356,observer,RX,baseline,0,stopped,,,00010BD5,0001,0BD5,1,7,01 00 00 0F 03 D5 0B,0,OK
2026-09-30T13:08:51.472Z,13680.501,observer,RX,baseline,0,stopped,,,00110BD5,0011,0BD5,1,5,01 00 00 D5 0B,0,OK
2026-09-30T13:08:51.477Z,13685.404,observer,RX,baseline,0,stopped,,,0001B2F9,0001,B2F9,1,7,01 00 00 0F 03 F9 B2,0,OK
2026-09-30T13:08:51.477Z,13685.541,observer,RX,baseline,0,stopped,,,0011B2F9,0011,B2F9,1,5,01 00 00 F9 B2,0,OK
2026-09-30T13:08:51.482Z,13690.315,observer,RX,baseline,0,stopped,,,00018A1F,0001,8A1F,1,7,01 00 00 0F 03 1F 8A,0,OK
2026-09-30T13:08:51.482Z,13690.552,observer,RX,baseline,0,stopped,,,00118A1F,0011,8A1F,1,5,01 00 00 1F 8A,0,OK
2026-09-30T13:08:51.488Z,13695.81,observer,RX,baseline,0,stopped,,,00016C16,0001,6C16,1,7,01 00 00 0F 03 16 6C,0,OK
2026-09-30T13:08:51.488Z,13695.938,observer,RX,baseline,0,stopped,,,00116C16,0011,6C16,1,5,01 00 00 16 6C,0,OK
2026-09-30T13:08:51.493Z,13700.794,observer,RX,baseline,0,stopped,,,00012790,0001,2790,1,7,01 00 00 0F 03 90 27,0,OK
2026-09-30T13:08:51.493Z,13700.921,observer,RX,baseline,0,stopped,,,00112790,0011,2790,1,5,01 00 00 90 27,0,OK
2026-09-30T13:08:51.498Z,13705.763,observer,RX,baseline,0,stopped,,,00013EEC,0001,3EEC,1,7,01 00 00 0F 03 EC 3E,0,OK
2026-09-30T13:08:51.498Z,13705.893,observer,RX,baseline,0,stopped,,,00113EEC,0011,3EEC,1,5,01 00 00 EC 3E,0,OK
2026-09-30T13:08:51.503Z,13710.83,observer,RX,baseline,0,stopped,,,00014FA1,0001,4FA1,1,7,01 00 00 0F 03 A1 4F,0,OK
2026-09-30T13:08:51.503Z,13710.96,observer,RX,baseline,0,stopped,,,00114FA1,0011,4FA1,1,5,01 00 00 A1 4F,0,OK
2026-09-30T13:08:51.507Z,13715.596,observer,RX,baseline,0,stopped,,,0001DF16,0001,DF16,1,7,01 00 00 0F 03 16 DF,0,OK
2026-09-30T13:08:51.508Z,13715.726,observer,RX,baseline,0,stopped,,,0011DF16,0011,DF16,1,5,01 00 00 16 DF,0,OK
2026-09-30T13:08:51.513Z,13720.635,observer,RX,baseline,0,stopped,,,00010890,0001,0890,1,7,01 00 00 0F 03 90 08,0,OK
2026-09-30T13:08:51.513Z,13720.761,observer,RX,baseline,0,stopped,,,00110890,0011,0890,1,5,01 00 00 90 08,0,OK
2026-09-30T13:08:51.517Z,13725.582,observer,RX,baseline,0,stopped,,,0001B056,0001,B056,1,7,01 00 00 0F 03 56 B0,0,OK
2026-09-30T13:08:51.518Z,13725.719,observer,RX,baseline,0,stopped,,,0011B056,0011,B056,1,5,01 00 00 56 B0,0,OK
2026-09-30T13:08:51.523Z,13730.687,observer,RX,baseline,0,stopped,,,00016CCE,0001,6CCE,1,7,01 00 00 0F 03 CE 6C,0,OK
2026-09-30T13:08:51.523Z,13730.816,observer,RX,baseline,0,stopped,,,00116CCE,0011,6CCE,1,5,01 00 00 CE 6C,0,OK
2026-09-30T13:08:51.527Z,13735.562,observer,RX,baseline,0,stopped,,,00013D6E,0001,3D6E,1,7,01 00 00 0F 03 6E 3D,0,OK
2026-09-30T13:08:51.528Z,13735.691,observer,RX,baseline,0,stopped,,,00113D6E,0011,3D6E,1,5,01 00 00 6E 3D,0,OK
2026-09-30T13:08:51.533Z,13740.679,observer,RX,baseline,0,stopped,,,0001D41A,0001,D41A,1,7,01 00 00 0F 03 1A D4,0,OK
2026-09-30T13:08:51.533Z,13740.806,observer,RX,baseline,0,stopped,,,0011D41A,0011,D41A,1,5,01 00 00 1A D4,0,OK
2026-09-30T13:08:51.537Z,13745.596,observer,RX,baseline,0,stopped,,,0001C353,0001,C353,1,7,01 00 00 0F 03 53 C3,0,OK
2026-09-30T13:08:51.538Z,13745.726,observer,RX,baseline,0,stopped,,,0011C353,0011,C353,1,5,01 00 00 53 C3,0,OK
2026-09-30T13:08:51.543Z,13750.791,observer,RX,baseline,0,stopped,,,00016AA2,0001,6AA2,1,7,01 00 00 0F 03 A2 6A,0,OK
2026-09-30T13:08:51.543Z,13750.92,observer,RX,baseline,0,stopped,,,00116AA2,0011,6AA2,1,5,01 00 00 A2 6A,0,OK
2026-09-30T13:08:51.547Z,13755.457,observer,RX,baseline,0,stopped,,,000169AF,0001,69AF,1,7,01 00 00 0F 03 AF 69,0,OK
2026-09-30T13:08:51.547Z,13755.593,observer,RX,baseline,0,stopped,,,001169AF,0011,69AF,1,5,01 00 00 AF 69,0,OK
2026-09-30T13:08:51.552Z,13760.524,observer,RX,baseline,0,stopped,,,0001DA2C,0001,DA2C,1,7,01 00 00 0F 03 2C DA,0,OK
2026-09-30T13:08:51.553Z,13760.658,observer,RX,baseline,0,stopped,,,0011DA2C,0011,DA2C,1,5,01 00 00 2C DA,0,OK
2026-09-30T13:08:51.558Z,13765.7,observer,RX,baseline,0,stopped,,,0001CA56,0001,CA56,1,7,01 00 00 0F 03 56 CA,0,OK
2026-09-30T13:08:51.558Z,13765.829,observer,RX,baseline,0,stopped,,,0011CA56,0011,CA56,1,5,01 00 00 56 CA,0,OK
2026-09-30T13:08:51.563Z,13770.898,observer,RX,baseline,0,stopped,,,0001B505,0001,B505,1,7,01 00 00 0F 03 05 B5,0,OK
2026-09-30T13:08:51.563Z,13771.031,observer,RX,baseline,0,stopped,,,0011B505,0011,B505,1,5,01 00 00 05 B5,0,OK
2026-09-30T13:08:51.568Z,13775.811,observer,RX,baseline,0,stopped,,,00010C17,0001,0C17,1,7,01 00 00 0F 03 17 0C,0,OK
2026-09-30T13:08:51.568Z,13775.94,observer,RX,baseline,0,stopped,,,00110C17,0011,0C17,1,5,01 00 00 17 0C,0,OK
2026-09-30T13:08:51.572Z,13780.429,observer,RX,baseline,0,stopped,,,00010C53,0001,0C53,1,7,01 00 00 0F 03 53 0C,0,OK
2026-09-30T13:08:51.572Z,13780.56,observer,RX,baseline,0,stopped,,,00110C53,0011,0C53,1,5,01 00 00 53 0C,0,OK
2026-09-30T13:08:51.577Z,13785.337,observer,RX,baseline,0,stopped,,,0001CE0B,0001,CE0B,1,7,01 00 00 0F 03 0B CE,0,OK
2026-09-30T13:08:51.577Z,13785.467,observer,RX,baseline,0,stopped,,,0011CE0B,0011,CE0B,1,5,01 00 00 0B CE,0,OK
2026-09-30T13:08:51.582Z,13790.433,observer,RX,baseline,0,stopped,,,0001F6FD,0001,F6FD,1,7,01 00 00 0F 03 FD F6,0,OK
2026-09-30T13:08:51.582Z,13790.563,observer,RX,baseline,0,stopped,,,0011F6FD,0011,F6FD,1,5,01 00 00 FD F6,0,OK
2026-09-30T13:08:51.588Z,13795.684,observer,RX,baseline,0,stopped,,,0001E357,0001,E357,1,7,01 00 00 0F 03 57 E3,0,OK
2026-09-30T13:08:51.588Z,13795.811,observer,RX,baseline,0,stopped,,,0011E357,0011,E357,1,5,01 00 00 57 E3,0,OK
2026-09-30T13:08:51.593Z,13800.747,observer,RX,baseline,0,stopped,,,0001B03E,0001,B03E,1,7,01 00 00 0F 03 3E B0,0,OK
2026-09-30T13:08:51.593Z,13800.877,observer,RX,baseline,0,stopped,,,0011B03E,0011,B03E,1,5,01 00 00 3E B0,0,OK
2026-09-30T13:08:51.597Z,13805.378,observer,RX,baseline,0,stopped,,,00011BF9,0001,1BF9,1,7,01 00 00 0F 03 F9 1B,0,OK
2026-09-30T13:08:51.597Z,13805.502,observer,RX,baseline,0,stopped,,,00111BF9,0011,1BF9,1,5,01 00 00 F9 1B,0,OK
2026-09-30T13:08:51.604Z,13811.65,observer,RX,baseline,0,stopped,,,0001ECA6,0001,ECA6,1,7,01 00 00 0F 03 A6 EC,0,OK
2026-09-30T13:08:51.604Z,13811.777,observer,RX,baseline,0,stopped,,,0011ECA6,0011,ECA6,1,5,01 00 00 A6 EC,0,OK
2026-09-30T13:08:51.607Z,13815.57,observer,RX,baseline,0,stopped,,,00010A16,0001,0A16,1,7,01 00 00 0F 03 16 0A,0,OK
2026-09-30T13:08:51.608Z,13815.702,observer,RX,baseline,0,stopped,,,00110A16,0011,0A16,1,5,01 00 00 16 0A,0,OK
2026-09-30T13:08:51.612Z,13820.416,observer,RX,baseline,0,stopped,,,0001D611,0001,D611,1,7,01 00 00 0F 03 11 D6,0,OK
2026-09-30T13:08:51.612Z,13820.553,observer,RX,baseline,0,stopped,,,0011D611,0011,D611,1,5,01 00 00 11 D6,0,OK
2026-09-30T13:08:51.617Z,13825.32,observer,RX,baseline,0,stopped,,,000137E9,0001,37E9,1,7,01 00 00 0F 03 E9 37,0,OK
2026-09-30T13:08:51.617Z,13825.449,observer,RX,baseline,0,stopped,,,001137E9,0011,37E9,1,5,01 00 00 E9 37,0,OK
2026-09-30T13:08:51.623Z,13831.312,observer,RX,baseline,0,stopped,,,00019EE1,0001,9EE1,1,7,01 00 00 0F 03 E1 9E,0,OK
2026-09-30T13:08:51.623Z,13831.442,observer,RX,baseline,0,stopped,,,00119EE1,0011,9EE1,1,5,01 00 00 E1 9E,0,OK
2026-09-30T13:08:51.627Z,13835.326,observer,RX,baseline,0,stopped,,,00016539,0001,6539,1,7,01 00 00 0F 03 39 65,0,OK
2026-09-30T13:08:51.627Z,13835.453,observer,RX,baseline,0,stopped,,,00116539,0011,6539,1,5,01 00 00 39 65,0,OK
2026-09-30T13:08:51.633Z,13841.29,observer,RX,baseline,0,stopped,,,0001F279,0001,F279,1,7,01 00 00 0F 03 79 F2,0,OK
2026-09-30T13:08:51.633Z,13841.416,observer,RX,baseline,0,stopped,,,0011F279,0011,F279,1,5,01 00 00 79 F2,0,OK
2026-09-30T13:08:51.637Z,13845.403,observer,RX,baseline,0,stopped,,,0001A809,0001,A809,1,7,01 00 00 0F 03 09 A8,0,OK
2026-09-30T13:08:51.637Z,13845.53,observer,RX,baseline,0,stopped,,,0011A809,0011,A809,1,5,01 00 00 09 A8,0,OK
2026-09-30T13:08:51.643Z,13851.31,observer,RX,baseline,0,stopped,,,000150CD,0001,50CD,1,7,01 00 00 0F 03 CD 50,0,OK
2026-09-30T13:08:51.643Z,13851.446,observer,RX,baseline,0,stopped,,,001150CD,0011,50CD,1,5,01 00 00 CD 50,0,OK
2026-09-30T13:08:51.648Z,13855.631,observer,RX,baseline,0,stopped,,,0001D2DF,0001,D2DF,1,7,01 00 00 0F 03 DF D2,0,OK
2026-09-30T13:08:51.648Z,13855.772,observer,RX,baseline,0,stopped,,,0011D2DF,0011,D2DF,1,5,01 00 00 DF D2,0,OK
2026-09-30T13:08:51.653Z,13861.038,observer,RX,baseline,0,stopped,,,00016C84,0001,6C84,1,7,01 00 00 0F 03 84 6C,0,OK
2026-09-30T13:08:51.653Z,13861.179,observer,RX,baseline,0,stopped,,,00116C84,0011,6C84,1,5,01 00 00 84 6C,0,OK
2026-09-30T13:08:51.657Z,13865.525,observer,RX,baseline,0,stopped,,,0001C3CF,0001,C3CF,1,7,01 00 00 0F 03 CF C3,0,OK
2026-09-30T13:08:51.658Z,13865.652,observer,RX,baseline,0,stopped,,,0011C3CF,0011,C3CF,1,5,01 00 00 CF C3,0,OK
2026-09-30T13:08:51.663Z,13871.493,observer,RX,baseline,0,stopped,,,0001B6F9,0001,B6F9,1,7,01 00 00 0F 03 F9 B6,0,OK
2026-09-30T13:08:51.663Z,13871.617,observer,RX,baseline,0,stopped,,,0011B6F9,0011,B6F9,1,5,01 00 00 F9 B6,0,OK
2026-09-30T13:08:51.667Z,13875.356,observer,RX,baseline,0,stopped,,,00018A2E,0001,8A2E,1,7,01 00 00 0F 03 2E 8A,0,OK
2026-09-30T13:08:51.667Z,13875.486,observer,RX,baseline,0,stopped,,,00118A2E,0011,8A2E,1,5,01 00 00 2E 8A,0,OK
2026-09-30T13:08:51.674Z,13881.647,observer,RX,baseline,0,stopped,,,0001372D,0001,372D,1,7,01 00 00 0F 03 2D 37,0,OK
2026-09-30T13:08:51.674Z,13881.776,observer,RX,baseline,0,stopped,,,0011372D,0011,372D,1,5,01 00 00 2D 37,0,OK
2026-09-30T13:08:51.677Z,13885.321,observer,RX,baseline,0,stopped,,,0001799E,0001,799E,1,7,01 00 00 0F 03 9E 79,0,OK
2026-09-30T13:08:51.677Z,13885.455,observer,RX,baseline,0,stopped,,,0011799E,0011,799E,1,5,01 00 00 9E 79,0,OK
2026-09-30T13:08:51.684Z,13891.645,observer,RX,baseline,0,stopped,,,0001D856,0001,D856,1,7,01 00 00 0F 03 56 D8,0,OK
2026-09-30T13:08:51.684Z,13891.772,observer,RX,baseline,0,stopped,,,0011D856,0011,D856,1,5,01 00 00 56 D8,0,OK
2026-09-30T13:08:51.688Z,13895.653,observer,RX,baseline,0,stopped,,,00016FD0,0001,6FD0,1,7,01 00 00 0F 03 D0 6F,0,OK
2026-09-30T13:08:51.688Z,13895.779,observer,RX,baseline,0,stopped,,,00116FD0,0011,6FD0,1,5,01 00 00 D0 6F,0,OK
2026-09-30T13:08:51.693Z,13901.565,observer,RX,baseline,0,stopped,,,000146B8,0001,46B8,1,7,01 00 00 0F 03 B8 46,0,OK
2026-09-30T13:08:51.694Z,13901.693,observer,RX,baseline,0,stopped,,,001146B8,0011,46B8,1,5,01 00 00 B8 46,0,OK
2026-09-30T13:08:51.697Z,13905.523,observer,RX,baseline,0,stopped,,,00012F2A,0001,2F2A,1,7,01 00 00 0F 03 2A 2F,0,OK
2026-09-30T13:08:51.698Z,13905.656,observer,RX,baseline,0,stopped,,,00112F2A,0011,2F2A,1,5,01 00 00 2A 2F,0,OK
2026-09-30T13:08:51.702Z,13910.435,observer,RX,baseline,0,stopped,,,000148EE,0001,48EE,1,7,01 00 00 0F 03 EE 48,0,OK
2026-09-30T13:08:51.702Z,13910.565,observer,RX,baseline,0,stopped,,,001148EE,0011,48EE,1,5,01 00 00 EE 48,0,OK
2026-09-30T13:08:51.707Z,13915.562,observer,RX,baseline,0,stopped,,,0001533A,0001,533A,1,7,01 00 00 0F 03 3A 53,0,OK
2026-09-30T13:08:51.708Z,13915.69,observer,RX,baseline,0,stopped,,,0011533A,0011,533A,1,5,01 00 00 3A 53,0,OK
2026-09-30T13:08:51.712Z,13920.591,observer,RX,baseline,0,stopped,,,00013DC3,0001,3DC3,1,7,01 00 00 0F 03 C3 3D,0,OK
2026-09-30T13:08:51.713Z,13920.718,observer,RX,baseline,0,stopped,,,00113DC3,0011,3DC3,1,5,01 00 00 C3 3D,0,OK
2026-09-30T13:08:51.717Z,13925.426,observer,RX,baseline,0,stopped,,,00017C9B,0001,7C9B,1,7,01 00 00 0F 03 9B 7C,0,OK
2026-09-30T13:08:51.717Z,13925.554,observer,RX,baseline,0,stopped,,,00117C9B,0011,7C9B,1,5,01 00 00 9B 7C,0,OK
2026-09-30T13:08:51.722Z,13930.366,observer,RX,baseline,0,stopped,,,00011E56,0001,1E56,1,7,01 00 00 0F 03 56 1E,0,OK
2026-09-30T13:08:51.722Z,13930.495,observer,RX,baseline,0,stopped,,,00111E56,0011,1E56,1,5,01 00 00 56 1E,0,OK
2026-09-30T13:08:51.727Z,13935.285,observer,RX,baseline,0,stopped,,,000150B1,0001,50B1,1,7,01 00 00 0F 03 B1 50,0,OK
2026-09-30T13:08:51.727Z,13935.515,observer,RX,baseline,0,stopped,,,001150B1,0011,50B1,1,5,01 00 00 B1 50,0,OK
2026-09-30T13:08:51.732Z,13940.255,observer,RX,baseline,0,stopped,,,0001F217,0001,F217,1,7,01 00 00 0F 03 17 F2,0,OK
2026-09-30T13:08:51.732Z,13940.443,observer,RX,baseline,0,stopped,,,0011F217,0011,F217,1,5,01 00 00 17 F2,0,OK
2026-09-30T13:08:51.737Z,13945.266,observer,RX,baseline,0,stopped,,,00011672,0001,1672,1,7,01 00 00 0F 03 72 16,0,OK
2026-09-30T13:08:51.737Z,13945.489,observer,RX,baseline,0,stopped,,,00111672,0011,1672,1,5,01 00 00 72 16,0,OK
2026-09-30T13:08:51.742Z,13950.216,observer,RX,baseline,0,stopped,,,000111E2,0001,11E2,1,7,01 00 00 0F 03 E2 11,0,OK
2026-09-30T13:08:51.742Z,13950.453,observer,RX,baseline,0,stopped,,,001111E2,0011,11E2,1,5,01 00 00 E2 11,0,OK
2026-09-30T13:08:51.747Z,13955.253,observer,RX,baseline,0,stopped,,,0001280D,0001,280D,1,7,01 00 00 0F 03 0D 28,0,OK
2026-09-30T13:08:51.747Z,13955.474,observer,RX,baseline,0,stopped,,,0011280D,0011,280D,1,5,01 00 00 0D 28,0,OK
2026-09-30T13:08:51.752Z,13960.257,observer,RX,baseline,0,stopped,,,0001FD41,0001,FD41,1,7,01 00 00 0F 03 41 FD,0,OK
2026-09-30T13:08:51.752Z,13960.484,observer,RX,baseline,0,stopped,,,0011FD41,0011,FD41,1,5,01 00 00 41 FD,0,OK
2026-09-30T13:08:51.757Z,13965.226,observer,RX,baseline,0,stopped,,,00018E2E,0001,8E2E,1,7,01 00 00 0F 03 2E 8E,0,OK
2026-09-30T13:08:51.757Z,13965.457,observer,RX,baseline,0,stopped,,,00118E2E,0011,8E2E,1,5,01 00 00 2E 8E,0,OK
2026-09-30T13:08:51.762Z,13970.264,observer,RX,baseline,0,stopped,,,0001789D,0001,789D,1,7,01 00 00 0F 03 9D 78,0,OK
2026-09-30T13:08:51.762Z,13970.481,observer,RX,baseline,0,stopped,,,0011789D,0011,789D,1,5,01 00 00 9D 78,0,OK
2026-09-30T13:08:51.767Z,13975.27,observer,RX,baseline,0,stopped,,,0001703B,0001,703B,1,7,01 00 00 0F 03 3B 70,0,OK
2026-09-30T13:08:51.767Z,13975.481,observer,RX,baseline,0,stopped,,,0011703B,0011,703B,1,5,01 00 00 3B 70,0,OK
2026-09-30T13:08:51.772Z,13980.247,observer,RX,baseline,0,stopped,,,000144E5,0001,44E5,1,7,01 00 00 0F 03 E5 44,0,OK
2026-09-30T13:08:51.772Z,13980.492,observer,RX,baseline,0,stopped,,,001144E5,0011,44E5,1,5,01 00 00 E5 44,0,OK
2026-09-30T13:08:51.777Z,13985.243,observer,RX,baseline,0,stopped,,,000119AE,0001,19AE,1,7,01 00 00 0F 03 AE 19,0,OK
2026-09-30T13:08:51.777Z,13985.462,observer,RX,baseline,0,stopped,,,001119AE,0011,19AE,1,5,01 00 00 AE 19,0,OK
2026-09-30T13:08:51.782Z,13990.186,observer,RX,baseline,0,stopped,,,000170F6,0001,70F6,1,7,01 00 00 0F 03 F6 70,0,OK
2026-09-30T13:08:51.782Z,13990.454,observer,RX,baseline,0,stopped,,,001170F6,0011,70F6,1,5,01 00 00 F6 70,0,OK
2026-09-30T13:08:51.787Z,13995.234,observer,RX,baseline,0,stopped,,,0001FF83,0001,FF83,1,7,01 00 00 0F 03 83 FF,0,OK
2026-09-30T13:08:51.787Z,13995.442,observer,RX,baseline,0,stopped,,,0011FF83,0011,FF83,1,5,01 00 00 83 FF,0,OK
2026-09-30T13:08:51.792Z,14000.205,observer,RX,baseline,0,stopped,,,00019ACC,0001,9ACC,1,7,01 00 00 0F 03 CC 9A,0,OK
2026-09-30T13:08:51.792Z,14000.454,observer,RX,baseline,0,stopped,,,00119ACC,0011,9ACC,1,5,01 00 00 CC 9A,0,OK
2026-09-30T13:08:51.797Z,14005.226,observer,RX,baseline,0,stopped,,,00017D54,0001,7D54,1,7,01 00 00 0F 03 54 7D,0,OK
2026-09-30T13:08:51.797Z,14005.473,observer,RX,baseline,0,stopped,,,00117D54,0011,7D54,1,5,01 00 00 54 7D,0,OK
2026-09-30T13:08:51.802Z,14010.236,observer,RX,baseline,0,stopped,,,0001E63A,0001,E63A,1,7,01 00 00 0F 03 3A E6,0,OK
2026-09-30T13:08:51.802Z,14010.487,observer,RX,baseline,0,stopped,,,0011E63A,0011,E63A,1,5,01 00 00 3A E6,0,OK
2026-09-30T13:08:51.807Z,14015.21,observer,RX,baseline,0,stopped,,,0001248E,0001,248E,1,7,01 00 00 0F 03 8E 24,0,OK
2026-09-30T13:08:51.807Z,14015.497,observer,RX,baseline,0,stopped,,,0011248E,0011,248E,1,5,01 00 00 8E 24,0,OK
2026-09-30T13:08:51.812Z,14020.307,observer,RX,baseline,0,stopped,,,00013CC2,0001,3CC2,1,7,01 00 00 0F 03 C2 3C,0,OK
2026-09-30T13:08:51.812Z,14020.436,observer,RX,baseline,0,stopped,,,00113CC2,0011,3CC2,1,5,01 00 00 C2 3C,0,OK
2026-09-30T13:08:51.817Z,14025.329,observer,RX,baseline,0,stopped,,,0001BCED,0001,BCED,1,7,01 00 00 0F 03 ED BC,0,OK
2026-09-30T13:08:51.817Z,14025.48,observer,RX,baseline,0,stopped,,,0011BCED,0011,BCED,1,5,01 00 00 ED BC,0,OK
2026-09-30T13:08:51.822Z,14030.277,observer,RX,baseline,0,stopped,,,000189C5,0001,89C5,1,7,01 00 00 0F 03 C5 89,0,OK
2026-09-30T13:08:51.822Z,14030.494,observer,RX,baseline,0,stopped,,,001189C5,0011,89C5,1,5,01 00 00 C5 89,0,OK
2026-09-30T13:08:51.827Z,14035.274,observer,RX,baseline,0,stopped,,,00011825,0001,1825,1,7,01 00 00 0F 03 25 18,0,OK
2026-09-30T13:08:51.827Z,14035.506,observer,RX,baseline,0,stopped,,,00111825,0011,1825,1,5,01 00 00 25 18,0,OK
2026-09-30T13:08:51.832Z,14040.261,observer,RX,baseline,0,stopped,,,00016821,0001,6821,1,7,01 00 00 0F 03 21 68,0,OK
2026-09-30T13:08:51.832Z,14040.506,observer,RX,baseline,0,stopped,,,00116821,0011,6821,1,5,01 00 00 21 68,0,OK
2026-09-30T13:08:51.837Z,14045.225,observer,RX,baseline,0,stopped,,,00010753,0001,0753,1,7,01 00 00 0F 03 53 07,0,OK
2026-09-30T13:08:51.837Z,14045.454,observer,RX,baseline,0,stopped,,,00110753,0011,0753,1,5,01 00 00 53 07,0,OK
2026-09-30T13:08:51.842Z,14050.338,observer,RX,baseline,0,stopped,,,000111F7,0001,11F7,1,7,01 00 00 0F 03 F7 11,0,OK
2026-09-30T13:08:51.842Z,14050.435,observer,RX,baseline,0,stopped,,,001111F7,0011,11F7,1,5,01 00 00 F7 11,0,OK
2026-09-30T13:08:51.847Z,14055.332,observer,RX,baseline,0,stopped,,,000133B9,0001,33B9,1,7,01 00 00 0F 03 B9 33,0,OK
2026-09-30T13:08:51.847Z,14055.41,observer,RX,baseline,0,stopped,,,001133B9,0011,33B9,1,5,01 00 00 B9 33,0,OK
2026-09-30T13:08:51.852Z,14060.34,observer,RX,baseline,0,stopped,,,0001FD2B,0001,FD2B,1,7,01 00 00 0F 03 2B FD,0,OK
2026-09-30T13:08:51.852Z,14060.435,observer,RX,baseline,0,stopped,,,0011FD2B,0011,FD2B,1,5,01 00 00 2B FD,0,OK
2026-09-30T13:08:51.857Z,14065.338,observer,RX,baseline,0,stopped,,,000170CE,0001,70CE,1,7,01 00 00 0F 03 CE 70,0,OK
2026-09-30T13:08:51.857Z,14065.416,observer,RX,baseline,0,stopped,,,001170CE,0011,70CE,1,5,01 00 00 CE 70,0,OK
2026-09-30T13:08:51.862Z,14070.335,observer,RX,baseline,0,stopped,,,00011EE7,0001,1EE7,1,7,01 00 00 0F 03 E7 1E,0,OK
2026-09-30T13:08:51.862Z,14070.413,observer,RX,baseline,0,stopped,,,00111EE7,0011,1EE7,1,5,01 00 00 E7 1E,0,OK
2026-09-30T13:08:51.867Z,14075.34,observer,RX,baseline,0,stopped,,,000140A5,0001,40A5,1,7,01 00 00 0F 03 A5 40,0,OK
2026-09-30T13:08:51.867Z,14075.422,observer,RX,baseline,0,stopped,,,001140A5,0011,40A5,1,5,01 00 00 A5 40,0,OK
2026-09-30T13:08:51.872Z,14080.337,observer,RX,baseline,0,stopped,,,0001F21B,0001,F21B,1,7,01 00 00 0F 03 1B F2,0,OK
2026-09-30T13:08:51.872Z,14080.415,observer,RX,baseline,0,stopped,,,0011F21B,0011,F21B,1,5,01 00 00 1B F2,0,OK
2026-09-30T13:08:51.877Z,14085.246,observer,RX,baseline,0,stopped,,,0001D83E,0001,D83E,1,7,01 00 00 0F 03 3E D8,0,OK
2026-09-30T13:08:51.877Z,14085.444,observer,RX,baseline,0,stopped,,,0011D83E,0011,D83E,1,5,01 00 00 3E D8,0,OK
2026-09-30T13:08:51.882Z,14090.259,observer,RX,baseline,0,stopped,,,000160D8,0001,60D8,1,7,01 00 00 0F 03 D8 60,0,OK
2026-09-30T13:08:51.882Z,14090.433,observer,RX,baseline,0,stopped,,,001160D8,0011,60D8,1,5,01 00 00 D8 60,0,OK
2026-09-30T13:08:51.887Z,14095.252,observer,RX,baseline,0,stopped,,,0001D835,0001,D835,1,7,01 00 00 0F 03 35 D8,0,OK
2026-09-30T13:08:51.887Z,14095.425,observer,RX,baseline,0,stopped,,,0011D835,0011,D835,1,5,01 00 00 35 D8,0,OK
2026-09-30T13:08:51.892Z,14100.337,observer,RX,baseline,0,stopped,,,0001EDF9,0001,EDF9,1,7,01 00 00 0F 03 F9 ED,0,OK
2026-09-30T13:08:51.892Z,14100.415,observer,RX,baseline,0,stopped,,,0011EDF9,0011,EDF9,1,5,01 00 00 F9 ED,0,OK
2026-09-30T13:08:51.897Z,14105.335,observer,RX,baseline,0,stopped,,,0001A6F9,0001,A6F9,1,7,01 00 00 0F 03 F9 A6,0,OK
2026-09-30T13:08:51.897Z,14105.413,observer,RX,baseline,0,stopped,,,0011A6F9,0011,A6F9,1,5,01 00 00 F9 A6,0,OK
2026-09-30T13:08:51.902Z,14110.376,observer,RX,baseline,0,stopped,,,0001A86F,0001,A86F,1,7,01 00 00 0F 03 6F A8,0,OK
2026-09-30T13:08:51.902Z,14110.454,observer,RX,baseline,0,stopped,,,0011A86F,0011,A86F,1,5,01 00 00 6F A8,0,OK
2026-09-30T13:08:51.907Z,14115.34,observer,RX,baseline,0,stopped,,,0001A866,0001,A866,1,7,01 00 00 0F 03 66 A8,0,OK
2026-09-30T13:08:51.907Z,14115.418,observer,RX,baseline,0,stopped,,,0011A866,0011,A866,1,5,01 00 00 66 A8,0,OK
2026-09-30T13:08:51.912Z,14120.338,observer,RX,baseline,0,stopped,,,0001E331,0001,E331,1,7,01 00 00 0F 03 31 E3,0,OK
2026-09-30T13:08:51.912Z,14120.434,observer,RX,baseline,0,stopped,,,0011E331,0011,E331,1,5,01 00 00 31 E3,0,OK
2026-09-30T13:08:51.917Z,14125.34,observer,RX,baseline,0,stopped,,,00019B75,0001,9B75,1,7,01 00 00 0F 03 75 9B,0,OK
2026-09-30T13:08:51.917Z,14125.418,observer,RX,baseline,0,stopped,,,00119B75,0011,9B75,1,5,01 00 00 75 9B,0,OK
2026-09-30T13:08:51.922Z,14130.338,observer,RX,baseline,0,stopped,,,0001E4A1,0001,E4A1,1,7,01 00 00 0F 03 A1 E4,0,OK
2026-09-30T13:08:51.922Z,14130.421,observer,RX,baseline,0,stopped,,,0011E4A1,0011,E4A1,1,5,01 00 00 A1 E4,0,OK
2026-09-30T13:08:51.927Z,14135.347,observer,RX,baseline,0,stopped,,,0001C16A,0001,C16A,1,7,01 00 00 0F 03 6A C1,0,OK
2026-09-30T13:08:51.927Z,14135.44,observer,RX,baseline,0,stopped,,,0011C16A,0011,C16A,1,5,01 00 00 6A C1,0,OK
2026-09-30T13:08:51.932Z,14140.323,observer,RX,baseline,0,stopped,,,000191E1,0001,91E1,1,7,01 00 00 0F 03 E1 91,0,OK
2026-09-30T13:08:51.932Z,14140.398,observer,RX,baseline,0,stopped,,,001191E1,0011,91E1,1,5,01 00 00 E1 91,0,OK
2026-09-30T13:08:51.937Z,14145.344,observer,RX,baseline,0,stopped,,,0001AAA4,0001,AAA4,1,7,01 00 00 0F 03 A4 AA,0,OK
2026-09-30T13:08:51.937Z,14145.475,observer,RX,baseline,0,stopped,,,0011AAA4,0011,AAA4,1,5,01 00 00 A4 AA,0,OK
2026-09-30T13:08:51.942Z,14150.352,observer,RX,baseline,0,stopped,,,00014E6D,0001,4E6D,1,7,01 00 00 0F 03 6D 4E,0,OK
2026-09-30T13:08:51.942Z,14150.445,observer,RX,baseline,0,stopped,,,00114E6D,0011,4E6D,1,5,01 00 00 6D 4E,0,OK
2026-09-30T13:08:51.947Z,14155.205,observer,RX,baseline,0,stopped,,,0001F3F2,0001,F3F2,1,7,01 00 00 0F 03 F2 F3,0,OK
2026-09-30T13:08:51.947Z,14155.448,observer,RX,baseline,0,stopped,,,0011F3F2,0011,F3F2,1,5,01 00 00 F2 F3,0,OK
2026-09-30T13:08:51.952Z,14160.188,observer,RX,baseline,0,stopped,,,000121F5,0001,21F5,1,7,01 00 00 0F 03 F5 21,0,OK
2026-09-30T13:08:51.952Z,14160.504,observer,RX,baseline,0,stopped,,,001121F5,0011,21F5,1,5,01 00 00 F5 21,0,OK
2026-09-30T13:08:51.957Z,14165.163,observer,RX,baseline,0,stopped,,,0001CC22,0001,CC22,1,7,01 00 00 0F 03 22 CC,0,OK
2026-09-30T13:08:51.957Z,14165.421,observer,RX,baseline,0,stopped,,,0011CC22,0011,CC22,1,5,01 00 00 22 CC,0,OK
2026-09-30T13:08:51.962Z,14170.208,observer,RX,baseline,0,stopped,,,00015E4D,0001,5E4D,1,7,01 00 00 0F 03 4D 5E,0,OK
2026-09-30T13:08:51.962Z,14170.457,observer,RX,baseline,0,stopped,,,00115E4D,0011,5E4D,1,5,01 00 00 4D 5E,0,OK
2026-09-30T13:08:51.967Z,14175.208,observer,RX,baseline,0,stopped,,,00010429,0001,0429,1,7,01 00 00 0F 03 29 04,0,OK
2026-09-30T13:08:51.967Z,14175.453,observer,RX,baseline,0,stopped,,,00110429,0011,0429,1,5,01 00 00 29 04,0,OK
2026-09-30T13:08:51.972Z,14180.264,observer,RX,baseline,0,stopped,,,0001A8F3,0001,A8F3,1,7,01 00 00 0F 03 F3 A8,0,OK
2026-09-30T13:08:51.972Z,14180.379,observer,RX,baseline,0,stopped,,,0011A8F3,0011,A8F3,1,5,01 00 00 F3 A8,0,OK
2026-09-30T13:08:51.977Z,14185.352,observer,RX,baseline,0,stopped,,,0001C50F,0001,C50F,1,7,01 00 00 0F 03 0F C5,0,OK
2026-09-30T13:08:51.977Z,14185.428,observer,RX,baseline,0,stopped,,,0011C50F,0011,C50F,1,5,01 00 00 0F C5,0,OK
2026-09-30T13:08:51.982Z,14190.325,observer,RX,baseline,0,stopped,,,0001EF6C,0001,EF6C,1,7,01 00 00 0F 03 6C EF,0,OK
2026-09-30T13:08:51.982Z,14190.4,observer,RX,baseline,0,stopped,,,0011EF6C,0011,EF6C,1,5,01 00 00 6C EF,0,OK
2026-09-30T13:08:51.987Z,14195.323,observer,RX,baseline,0,stopped,,,00012D81,0001,2D81,1,7,01 00 00 0F 03 81 2D,0,OK
2026-09-30T13:08:51.987Z,14195.398,observer,RX,baseline,0,stopped,,,00112D81,0011,2D81,1,5,01 00 00 81 2D,0,OK
2026-09-30T13:08:51.992Z,14200.323,observer,RX,baseline,0,stopped,,,0001C795,0001,C795,1,7,01 00 00 0F 03 95 C7,0,OK
2026-09-30T13:08:51.992Z,14200.398,observer,RX,baseline,0,stopped,,,0011C795,0011,C795,1,5,01 00 00 95 C7,0,OK
2026-09-30T13:08:51.997Z,14205.217,observer,RX,baseline,0,stopped,,,0001F9BC,0001,F9BC,1,7,01 00 00 0F 03 BC F9,0,OK
2026-09-30T13:08:51.997Z,14205.461,observer,RX,baseline,0,stopped,,,0011F9BC,0011,F9BC,1,5,01 00 00 BC F9,0,OK
2026-09-30T13:08:52.002Z,14210.217,observer,RX,baseline,0,stopped,,,00013C98,0001,3C98,1,7,01 00 00 0F 03 98 3C,0,OK
2026-09-30T13:08:52.002Z,14210.458,observer,RX,baseline,0,stopped,,,00113C98,0011,3C98,1,5,01 00 00 98 3C,0,OK
2026-09-30T13:08:52.007Z,14215.176,observer,RX,baseline,0,stopped,,,00013331,0001,3331,1,7,01 00 00 0F 03 31 33,0,OK
2026-09-30T13:08:52.007Z,14215.425,observer,RX,baseline,0,stopped,,,00113331,0011,3331,1,5,01 00 00 31 33,0,OK
2026-09-30T13:08:52.012Z,14220.307,observer,RX,baseline,0,stopped,,,0001271B,0001,271B,1,7,01 00 00 0F 03 1B 27,0,OK
2026-09-30T13:08:52.012Z,14220.386,observer,RX,baseline,0,stopped,,,0011271B,0011,271B,1,5,01 00 00 1B 27,0,OK
2026-09-30T13:08:52.017Z,14225.268,observer,RX,baseline,0,stopped,,,00013208,0001,3208,1,7,01 00 00 0F 03 08 32,0,OK
2026-09-30T13:08:52.017Z,14225.373,observer,RX,baseline,0,stopped,,,00113208,0011,3208,1,5,01 00 00 08 32,0,OK
2026-09-30T13:08:52.022Z,14230.264,observer,RX,baseline,0,stopped,,,00010AF5,0001,0AF5,1,7,01 00 00 0F 03 F5 0A,0,OK
2026-09-30T13:08:52.022Z,14230.376,observer,RX,baseline,0,stopped,,,00110AF5,0011,0AF5,1,5,01 00 00 F5 0A,0,OK
2026-09-30T13:08:52.027Z,14235.267,observer,RX,baseline,0,stopped,,,0001DD79,0001,DD79,1,7,01 00 00 0F 03 79 DD,0,OK
2026-09-30T13:08:52.027Z,14235.369,observer,RX,baseline,0,stopped,,,0011DD79,0011,DD79,1,5,01 00 00 79 DD,0,OK
2026-09-30T13:08:52.032Z,14240.282,observer,RX,baseline,0,stopped,,,0001125E,0001,125E,1,7,01 00 00 0F 03 5E 12,0,OK
2026-09-30T13:08:52.032Z,14240.356,observer,RX,baseline,0,stopped,,,0011125E,0011,125E,1,5,01 00 00 5E 12,0,OK
2026-09-30T13:08:52.037Z,14245.26,observer,RX,baseline,0,stopped,,,00018488,0001,8488,1,7,01 00 00 0F 03 88 84,0,OK
2026-09-30T13:08:52.037Z,14245.429,observer,RX,baseline,0,stopped,,,00118488,0011,8488,1,5,01 00 00 88 84,0,OK
2026-09-30T13:08:52.042Z,14250.26,observer,RX,baseline,0,stopped,,,00019E76,0001,9E76,1,7,01 00 00 0F 03 76 9E,0,OK
2026-09-30T13:08:52.042Z,14250.423,observer,RX,baseline,0,stopped,,,00119E76,0011,9E76,1,5,01 00 00 76 9E,0,OK
2026-09-30T13:08:52.047Z,14255.242,observer,RX,baseline,0,stopped,,,000143AB,0001,43AB,1,7,01 00 00 0F 03 AB 43,0,OK
2026-09-30T13:08:52.047Z,14255.426,observer,RX,baseline,0,stopped,,,001143AB,0011,43AB,1,5,01 00 00 AB 43,0,OK
2026-09-30T13:08:52.052Z,14260.27,observer,RX,baseline,0,stopped,,,00011AA3,0001,1AA3,1,7,01 00 00 0F 03 A3 1A,0,OK
2026-09-30T13:08:52.052Z,14260.372,observer,RX,baseline,0,stopped,,,00111AA3,0011,1AA3,1,5,01 00 00 A3 1A,0,OK
2026-09-30T13:08:52.057Z,14265.288,observer,RX,baseline,0,stopped,,,00011468,0001,1468,1,7,01 00 00 0F 03 68 14,0,OK
2026-09-30T13:08:52.057Z,14265.4,observer,RX,baseline,0,stopped,,,00111468,0011,1468,1,5,01 00 00 68 14,0,OK
2026-09-30T13:08:52.062Z,14270.292,observer,RX,baseline,0,stopped,,,0001DC0B,0001,DC0B,1,7,01 00 00 0F 03 0B DC,0,OK
2026-09-30T13:08:52.062Z,14270.369,observer,RX,baseline,0,stopped,,,0011DC0B,0011,DC0B,1,5,01 00 00 0B DC,0,OK
2026-09-30T13:08:52.067Z,14275.277,observer,RX,baseline,0,stopped,,,0001FAE9,0001,FAE9,1,7,01 00 00 0F 03 E9 FA,0,OK
2026-09-30T13:08:52.067Z,14275.361,observer,RX,baseline,0,stopped,,,0011FAE9,0011,FAE9,1,5,01 00 00 E9 FA,0,OK
2026-09-30T13:08:52.072Z,14280.245,observer,RX,baseline,0,stopped,,,00017C34,0001,7C34,1,7,01 00 00 0F 03 34 7C,0,OK
2026-09-30T13:08:52.072Z,14280.417,observer,RX,baseline,0,stopped,,,00117C34,0011,7C34,1,5,01 00 00 34 7C,0,OK
2026-09-30T13:08:52.077Z,14285.319,observer,RX,baseline,0,stopped,,,0001DA13,0001,DA13,1,7,01 00 00 0F 03 13 DA,0,OK
2026-09-30T13:08:52.077Z,14285.398,observer,RX,baseline,0,stopped,,,0011DA13,0011,DA13,1,5,01 00 00 13 DA,0,OK
2026-09-30T13:08:52.082Z,14290.214,observer,RX,baseline,0,stopped,,,00015599,0001,5599,1,7,01 00 00 0F 03 99 55,0,OK
2026-09-30T13:08:52.082Z,14290.423,observer,RX,baseline,0,stopped,,,00115599,0011,5599,1,5,01 00 00 99 55,0,OK
2026-09-30T13:08:52.087Z,14295.173,observer,RX,baseline,0,stopped,,,000199AD,0001,99AD,1,7,01 00 00 0F 03 AD 99,0,OK
2026-09-30T13:08:52.087Z,14295.395,observer,RX,baseline,0,stopped,,,001199AD,0011,99AD,1,5,01 00 00 AD 99,0,OK
2026-09-30T13:08:52.092Z,14300.179,observer,RX,baseline,0,stopped,,,0001DAAF,0001,DAAF,1,7,01 00 00 0F 03 AF DA,0,OK
2026-09-30T13:08:52.092Z,14300.4,observer,RX,baseline,0,stopped,,,0011DAAF,0011,DAAF,1,5,01 00 00 AF DA,0,OK
2026-09-30T13:08:52.097Z,14305.318,observer,RX,baseline,0,stopped,,,00018294,0001,8294,1,7,01 00 00 0F 03 94 82,0,OK
2026-09-30T13:08:52.097Z,14305.393,observer,RX,baseline,0,stopped,,,00118294,0011,8294,1,5,01 00 00 94 82,0,OK
2026-09-30T13:08:52.102Z,14310.355,observer,RX,baseline,0,stopped,,,000153AD,0001,53AD,1,7,01 00 00 0F 03 AD 53,0,OK
2026-09-30T13:08:52.102Z,14310.434,observer,RX,baseline,0,stopped,,,001153AD,0011,53AD,1,5,01 00 00 AD 53,0,OK
2026-09-30T13:08:52.107Z,14315.325,observer,RX,baseline,0,stopped,,,0001E00C,0001,E00C,1,7,01 00 00 0F 03 0C E0,0,OK
2026-09-30T13:08:52.107Z,14315.4,observer,RX,baseline,0,stopped,,,0011E00C,0011,E00C,1,5,01 00 00 0C E0,0,OK
2026-09-30T13:08:52.112Z,14320.319,observer,RX,baseline,0,stopped,,,0001A91B,0001,A91B,1,7,01 00 00 0F 03 1B A9,0,OK
2026-09-30T13:08:52.112Z,14320.395,observer,RX,baseline,0,stopped,,,0011A91B,0011,A91B,1,5,01 00 00 1B A9,0,OK
2026-09-30T13:08:52.117Z,14325.211,observer,RX,baseline,0,stopped,,,00013DBA,0001,3DBA,1,7,01 00 00 0F 03 BA 3D,0,OK
2026-09-30T13:08:52.117Z,14325.424,observer,RX,baseline,0,stopped,,,00113DBA,0011,3DBA,1,5,01 00 00 BA 3D,0,OK
2026-09-30T13:08:52.122Z,14330.322,observer,RX,baseline,0,stopped,,,0001E0EF,0001,E0EF,1,7,01 00 00 0F 03 EF E0,0,OK
2026-09-30T13:08:52.122Z,14330.45,observer,RX,baseline,0,stopped,,,0011E0EF,0011,E0EF,1,5,01 00 00 EF E0,0,OK
2026-09-30T13:08:52.127Z,14335.32,observer,RX,baseline,0,stopped,,,000118BA,0001,18BA,1,7,01 00 00 0F 03 BA 18,0,OK
2026-09-30T13:08:52.127Z,14335.437,observer,RX,baseline,0,stopped,,,001118BA,0011,18BA,1,5,01 00 00 BA 18,0,OK
2026-09-30T13:08:52.132Z,14340.319,observer,RX,baseline,0,stopped,,,0001DDBF,0001,DDBF,1,7,01 00 00 0F 03 BF DD,0,OK
2026-09-30T13:08:52.132Z,14340.429,observer,RX,baseline,0,stopped,,,0011DDBF,0011,DDBF,1,5,01 00 00 BF DD,0,OK
2026-09-30T13:08:52.137Z,14345.317,observer,RX,baseline,0,stopped,,,000182FD,0001,82FD,1,7,01 00 00 0F 03 FD 82,0,OK
2026-09-30T13:08:52.137Z,14345.408,observer,RX,baseline,0,stopped,,,001182FD,0011,82FD,1,5,01 00 00 FD 82,0,OK
2026-09-30T13:08:52.142Z,14350.324,observer,RX,baseline,0,stopped,,,0001FF57,0001,FF57,1,7,01 00 00 0F 03 57 FF,0,OK
2026-09-30T13:08:52.142Z,14350.438,observer,RX,baseline,0,stopped,,,0011FF57,0011,FF57,1,5,01 00 00 57 FF,0,OK
2026-09-30T13:08:52.147Z,14355.16,observer,RX,baseline,0,stopped,,,000166CC,0001,66CC,1,7,01 00 00 0F 03 CC 66,0,OK
2026-09-30T13:08:52.147Z,14355.424,observer,RX,baseline,0,stopped,,,001166CC,0011,66CC,1,5,01 00 00 CC 66,0,OK
2026-09-30T13:08:52.152Z,14360.134,observer,RX,baseline,0,stopped,,,000169B2,0001,69B2,1,7,01 00 00 0F 03 B2 69,0,OK
2026-09-30T13:08:52.152Z,14360.422,observer,RX,baseline,0,stopped,,,001169B2,0011,69B2,1,5,01 00 00 B2 69,0,OK
2026-09-30T13:08:52.157Z,14365.153,observer,RX,baseline,0,stopped,,,0001ED23,0001,ED23,1,7,01 00 00 0F 03 23 ED,0,OK
2026-09-30T13:08:52.157Z,14365.399,observer,RX,baseline,0,stopped,,,0011ED23,0011,ED23,1,5,01 00 00 23 ED,0,OK
2026-09-30T13:08:52.162Z,14370.149,observer,RX,baseline,0,stopped,,,00017721,0001,7721,1,7,01 00 00 0F 03 21 77,0,OK
2026-09-30T13:08:52.162Z,14370.419,observer,RX,baseline,0,stopped,,,00117721,0011,7721,1,5,01 00 00 21 77,0,OK
2026-09-30T13:08:52.167Z,14375.173,observer,RX,baseline,0,stopped,,,00010840,0001,0840,1,7,01 00 00 0F 03 40 08,0,OK
2026-09-30T13:08:52.167Z,14375.422,observer,RX,baseline,0,stopped,,,00110840,0011,0840,1,5,01 00 00 40 08,0,OK
2026-09-30T13:08:52.172Z,14380.189,observer,RX,baseline,0,stopped,,,0001D030,0001,D030,1,7,01 00 00 0F 03 30 D0,0,OK
2026-09-30T13:08:52.172Z,14380.402,observer,RX,baseline,0,stopped,,,0011D030,0011,D030,1,5,01 00 00 30 D0,0,OK
2026-09-30T13:08:52.177Z,14385.324,observer,RX,baseline,0,stopped,,,00010CA0,0001,0CA0,1,7,01 00 00 0F 03 A0 0C,0,OK
2026-09-30T13:08:52.177Z,14385.402,observer,RX,baseline,0,stopped,,,00110CA0,0011,0CA0,1,5,01 00 00 A0 0C,0,OK
2026-09-30T13:08:52.182Z,14390.327,observer,RX,baseline,0,stopped,,,00012B81,0001,2B81,1,7,01 00 00 0F 03 81 2B,0,OK
2026-09-30T13:08:52.182Z,14390.457,observer,RX,baseline,0,stopped,,,00112B81,0011,2B81,1,5,01 00 00 81 2B,0,OK
2026-09-30T13:08:52.187Z,14395.328,observer,RX,baseline,0,stopped,,,0001C93D,0001,C93D,1,7,01 00 00 0F 03 3D C9,0,OK
2026-09-30T13:08:52.187Z,14395.454,observer,RX,baseline,0,stopped,,,0011C93D,0011,C93D,1,5,01 00 00 3D C9,0,OK
2026-09-30T13:08:52.192Z,14400.3,observer,RX,baseline,0,stopped,,,0001C5B2,0001,C5B2,1,7,01 00 00 0F 03 B2 C5,0,OK
2026-09-30T13:08:52.192Z,14400.384,observer,RX,baseline,0,stopped,,,0011C5B2,0011,C5B2,1,5,01 00 00 B2 C5,0,OK
2026-09-30T13:08:52.197Z,14405.176,observer,RX,baseline,0,stopped,,,000120C1,0001,20C1,1,7,01 00 00 0F 03 C1 20,0,OK
2026-09-30T13:08:52.197Z,14405.426,observer,RX,baseline,0,stopped,,,001120C1,0011,20C1,1,5,01 00 00 C1 20,0,OK
2026-09-30T13:08:52.202Z,14410.322,observer,RX,baseline,0,stopped,,,0001F116,0001,F116,1,7,01 00 00 0F 03 16 F1,0,OK
2026-09-30T13:08:52.202Z,14410.398,observer,RX,baseline,0,stopped,,,0011F116,0011,F116,1,5,01 00 00 16 F1,0,OK
2026-09-30T13:08:52.207Z,14415.149,observer,RX,baseline,0,stopped,,,00012419,0001,2419,1,7,01 00 00 0F 03 19 24,0,OK
2026-09-30T13:08:52.207Z,14415.398,observer,RX,baseline,0,stopped,,,00112419,0011,2419,1,5,01 00 00 19 24,0,OK
2026-09-30T13:08:52.212Z,14420.285,observer,RX,baseline,0,stopped,,,00019ABC,0001,9ABC,1,7,01 00 00 0F 03 BC 9A,0,OK
2026-09-30T13:08:52.212Z,14420.361,observer,RX,baseline,0,stopped,,,00119ABC,0011,9ABC,1,5,01 00 00 BC 9A,0,OK
2026-09-30T13:08:52.217Z,14425.181,observer,RX,baseline,0,stopped,,,00010787,0001,0787,1,7,01 00 00 0F 03 87 07,0,OK
2026-09-30T13:08:52.217Z,14425.425,observer,RX,baseline,0,stopped,,,00110787,0011,0787,1,5,01 00 00 87 07,0,OK
2026-09-30T13:08:52.222Z,14430.154,observer,RX,baseline,0,stopped,,,0001CE1E,0001,CE1E,1,7,01 00 00 0F 03 1E CE,0,OK
2026-09-30T13:08:52.222Z,14430.393,observer,RX,baseline,0,stopped,,,0011CE1E,0011,CE1E,1,5,01 00 00 1E CE,0,OK
2026-09-30T13:08:52.227Z,14435.172,observer,RX,baseline,0,stopped,,,0001C21E,0001,C21E,1,7,01 00 00 0F 03 1E C2,0,OK
2026-09-30T13:08:52.227Z,14435.42,observer,RX,baseline,0,stopped,,,0011C21E,0011,C21E,1,5,01 00 00 1E C2,0,OK
2026-09-30T13:08:52.232Z,14440.156,observer,RX,baseline,0,stopped,,,0001EE73,0001,EE73,1,7,01 00 00 0F 03 73 EE,0,OK
2026-09-30T13:08:52.232Z,14440.4,observer,RX,baseline,0,stopped,,,0011EE73,0011,EE73,1,5,01 00 00 73 EE,0,OK
2026-09-30T13:08:52.237Z,14445.15,observer,RX,baseline,0,stopped,,,0001EC53,0001,EC53,1,7,01 00 00 0F 03 53 EC,0,OK
2026-09-30T13:08:52.237Z,14445.392,observer,RX,baseline,0,stopped,,,0011EC53,0011,EC53,1,5,01 00 00 53 EC,0,OK
2026-09-30T13:08:52.242Z,14450.329,observer,RX,baseline,0,stopped,,,0001E46E,0001,E46E,1,7,01 00 00 0F 03 6E E4,0,OK
2026-09-30T13:08:52.242Z,14450.417,observer,RX,baseline,0,stopped,,,0011E46E,0011,E46E,1,5,01 00 00 6E E4,0,OK
2026-09-30T13:08:52.247Z,14455.293,observer,RX,baseline,0,stopped,,,0001990B,0001,990B,1,7,01 00 00 0F 03 0B 99,0,OK
2026-09-30T13:08:52.247Z,14455.368,observer,RX,baseline,0,stopped,,,0011990B,0011,990B,1,5,01 00 00 0B 99,0,OK
2026-09-30T13:08:52.252Z,14460.329,observer,RX,baseline,0,stopped,,,000138F5,0001,38F5,1,7,01 00 00 0F 03 F5 38,0,OK
2026-09-30T13:08:52.252Z,14460.418,observer,RX,baseline,0,stopped,,,001138F5,0011,38F5,1,5,01 00 00 F5 38,0,OK
2026-09-30T13:08:52.257Z,14465.338,observer,RX,baseline,0,stopped,,,00014546,0001,4546,1,7,01 00 00 0F 03 46 45,0,OK
2026-09-30T13:08:52.257Z,14465.446,observer,RX,baseline,0,stopped,,,00114546,0011,4546,1,5,01 00 00 46 45,0,OK
2026-09-30T13:08:52.262Z,14470.157,observer,RX,baseline,0,stopped,,,0001951E,0001,951E,1,7,01 00 00 0F 03 1E 95,0,OK
2026-09-30T13:08:52.262Z,14470.391,observer,RX,baseline,0,stopped,,,0011951E,0011,951E,1,5,01 00 00 1E 95,0,OK
2026-09-30T13:08:52.267Z,14475.33,observer,RX,baseline,0,stopped,,,00016D5B,0001,6D5B,1,7,01 00 00 0F 03 5B 6D,0,OK
2026-09-30T13:08:52.267Z,14475.474,observer,RX,baseline,0,stopped,,,00116D5B,0011,6D5B,1,5,01 00 00 5B 6D,0,OK
2026-09-30T13:08:52.272Z,14480.332,observer,RX,baseline,0,stopped,,,00014D68,0001,4D68,1,7,01 00 00 0F 03 68 4D,0,OK
2026-09-30T13:08:52.272Z,14480.44,observer,RX,baseline,0,stopped,,,00114D68,0011,4D68,1,5,01 00 00 68 4D,0,OK
2026-09-30T13:08:52.277Z,14485.135,observer,RX,baseline,0,stopped,,,00016B65,0001,6B65,1,7,01 00 00 0F 03 65 6B,0,OK
2026-09-30T13:08:52.277Z,14485.402,observer,RX,baseline,0,stopped,,,00116B65,0011,6B65,1,5,01 00 00 65 6B,0,OK
2026-09-30T13:08:52.282Z,14490.296,observer,RX,baseline,0,stopped,,,00018E07,0001,8E07,1,7,01 00 00 0F 03 07 8E,0,OK
2026-09-30T13:08:52.282Z,14490.374,observer,RX,baseline,0,stopped,,,00118E07,0011,8E07,1,5,01 00 00 07 8E,0,OK
2026-09-30T13:08:52.287Z,14495.293,observer,RX,baseline,0,stopped,,,0001F948,0001,F948,1,7,01 00 00 0F 03 48 F9,0,OK
2026-09-30T13:08:52.287Z,14495.419,observer,RX,baseline,0,stopped,,,0011F948,0011,F948,1,5,01 00 00 48 F9,0,OK
2026-09-30T13:08:52.292Z,14500.203,observer,RX,baseline,0,stopped,,,0001F3CE,0001,F3CE,1,7,01 00 00 0F 03 CE F3,0,OK
2026-09-30T13:08:52.292Z,14500.384,observer,RX,baseline,0,stopped,,,0011F3CE,0011,F3CE,1,5,01 00 00 CE F3,0,OK
2026-09-30T13:08:52.297Z,14505.111,observer,RX,baseline,0,stopped,,,0001917E,0001,917E,1,7,01 00 00 0F 03 7E 91,0,OK
2026-09-30T13:08:52.297Z,14505.401,observer,RX,baseline,0,stopped,,,0011917E,0011,917E,1,5,01 00 00 7E 91,0,OK
2026-09-30T13:08:52.302Z,14510.139,observer,RX,baseline,0,stopped,,,0001D8ED,0001,D8ED,1,7,01 00 00 0F 03 ED D8,0,OK
2026-09-30T13:08:52.302Z,14510.368,observer,RX,baseline,0,stopped,,,0011D8ED,0011,D8ED,1,5,01 00 00 ED D8,0,OK
2026-09-30T13:08:52.307Z,14515.11,observer,RX,baseline,0,stopped,,,0001608D,0001,608D,1,7,01 00 00 0F 03 8D 60,0,OK
2026-09-30T13:08:52.307Z,14515.394,observer,RX,baseline,0,stopped,,,0011608D,0011,608D,1,5,01 00 00 8D 60,0,OK
2026-09-30T13:08:52.312Z,14520.303,observer,RX,baseline,0,stopped,,,0001729E,0001,729E,1,7,01 00 00 0F 03 9E 72,0,OK
2026-09-30T13:08:52.312Z,14520.381,observer,RX,baseline,0,stopped,,,0011729E,0011,729E,1,5,01 00 00 9E 72,0,OK
2026-09-30T13:08:52.318Z,14525.633,observer,RX,baseline,0,stopped,,,00018DCE,0001,8DCE,1,7,01 00 00 0F 03 CE 8D,0,OK
2026-09-30T13:08:52.318Z,14525.763,observer,RX,baseline,0,stopped,,,00118DCE,0011,8DCE,1,5,01 00 00 CE 8D,0,OK
2026-09-30T13:08:52.323Z,14530.62,observer,RX,baseline,0,stopped,,,0001E07B,0001,E07B,1,7,01 00 00 0F 03 7B E0,0,OK
2026-09-30T13:08:52.323Z,14530.748,observer,RX,baseline,0,stopped,,,0011E07B,0011,E07B,1,5,01 00 00 7B E0,0,OK
2026-09-30T13:08:52.328Z,14535.724,observer,RX,baseline,0,stopped,,,000158EE,0001,58EE,1,7,01 00 00 0F 03 EE 58,0,OK
2026-09-30T13:08:52.328Z,14535.86,observer,RX,baseline,0,stopped,,,001158EE,0011,58EE,1,5,01 00 00 EE 58,0,OK
2026-09-30T13:08:52.333Z,14540.618,observer,RX,baseline,0,stopped,,,00012C12,0001,2C12,1,7,01 00 00 0F 03 12 2C,0,OK
2026-09-30T13:08:52.333Z,14540.746,observer,RX,baseline,0,stopped,,,00112C12,0011,2C12,1,5,01 00 00 12 2C,0,OK
2026-09-30T13:08:52.338Z,14545.636,observer,RX,baseline,0,stopped,,,00019E5E,0001,9E5E,1,7,01 00 00 0F 03 5E 9E,0,OK
2026-09-30T13:08:52.338Z,14545.764,observer,RX,baseline,0,stopped,,,00119E5E,0011,9E5E,1,5,01 00 00 5E 9E,0,OK
2026-09-30T13:08:52.343Z,14550.619,observer,RX,baseline,0,stopped,,,00019EF2,0001,9EF2,1,7,01 00 00 0F 03 F2 9E,0,OK
2026-09-30T13:08:52.343Z,14550.747,observer,RX,baseline,0,stopped,,,00119EF2,0011,9EF2,1,5,01 00 00 F2 9E,0,OK
2026-09-30T13:08:52.348Z,14555.601,observer,RX,baseline,0,stopped,,,00019F79,0001,9F79,1,7,01 00 00 0F 03 79 9F,0,OK
2026-09-30T13:08:52.348Z,14555.728,observer,RX,baseline,0,stopped,,,00119F79,0011,9F79,1,5,01 00 00 79 9F,0,OK
2026-09-30T13:08:52.353Z,14560.728,observer,RX,baseline,0,stopped,,,00012740,0001,2740,1,7,01 00 00 0F 03 40 27,0,OK
2026-09-30T13:08:52.353Z,14560.857,observer,RX,baseline,0,stopped,,,00112740,0011,2740,1,5,01 00 00 40 27,0,OK
2026-09-30T13:08:52.358Z,14565.617,observer,RX,baseline,0,stopped,,,00014830,0001,4830,1,7,01 00 00 0F 03 30 48,0,OK
2026-09-30T13:08:52.358Z,14565.75,observer,RX,baseline,0,stopped,,,00114830,0011,4830,1,5,01 00 00 30 48,0,OK
2026-09-30T13:08:52.362Z,14570.293,observer,RX,baseline,0,stopped,,,00017EA0,0001,7EA0,1,7,01 00 00 0F 03 A0 7E,0,OK
2026-09-30T13:08:52.362Z,14570.416,observer,RX,baseline,0,stopped,,,00117EA0,0011,7EA0,1,5,01 00 00 A0 7E,0,OK
2026-09-30T13:08:52.367Z,14575.29,observer,RX,baseline,0,stopped,,,00012E88,0001,2E88,1,7,01 00 00 0F 03 88 2E,0,OK
2026-09-30T13:08:52.367Z,14575.38,observer,RX,baseline,0,stopped,,,00112E88,0011,2E88,1,5,01 00 00 88 2E,0,OK
2026-09-30T13:08:52.372Z,14580.311,observer,RX,baseline,0,stopped,,,000188EB,0001,88EB,1,7,01 00 00 0F 03 EB 88,0,OK
2026-09-30T13:08:52.372Z,14580.391,observer,RX,baseline,0,stopped,,,001188EB,0011,88EB,1,5,01 00 00 EB 88,0,OK
2026-09-30T13:08:52.377Z,14585.187,observer,RX,baseline,0,stopped,,,0001191D,0001,191D,1,7,01 00 00 0F 03 1D 19,0,OK
2026-09-30T13:08:52.377Z,14585.443,observer,RX,baseline,0,stopped,,,0011191D,0011,191D,1,5,01 00 00 1D 19,0,OK
2026-09-30T13:08:52.382Z,14590.212,observer,RX,baseline,0,stopped,,,00019C11,0001,9C11,1,7,01 00 00 0F 03 11 9C,0,OK
2026-09-30T13:08:52.382Z,14590.45,observer,RX,baseline,0,stopped,,,00119C11,0011,9C11,1,5,01 00 00 11 9C,0,OK
2026-09-30T13:08:52.387Z,14595.281,observer,RX,baseline,0,stopped,,,0001988D,0001,988D,1,7,01 00 00 0F 03 8D 98,0,OK
2026-09-30T13:08:52.387Z,14595.416,observer,RX,baseline,0,stopped,,,0011988D,0011,988D,1,5,01 00 00 8D 98,0,OK
2026-09-30T13:08:52.393Z,14600.754,observer,RX,baseline,0,stopped,,,00015416,0001,5416,1,7,01 00 00 0F 03 16 54,0,OK
2026-09-30T13:08:52.393Z,14600.891,observer,RX,baseline,0,stopped,,,00115416,0011,5416,1,5,01 00 00 16 54,0,OK
2026-09-30T13:08:52.397Z,14605.202,observer,RX,baseline,0,stopped,,,0001787B,0001,787B,1,7,01 00 00 0F 03 7B 78,0,OK
2026-09-30T13:08:52.397Z,14605.408,observer,RX,baseline,0,stopped,,,0011787B,0011,787B,1,5,01 00 00 7B 78,0,OK
2026-09-30T13:08:52.402Z,14610.192,observer,RX,baseline,0,stopped,,,0001B607,0001,B607,1,7,01 00 00 0F 03 07 B6,0,OK
2026-09-30T13:08:52.402Z,14610.451,observer,RX,baseline,0,stopped,,,0011B607,0011,B607,1,5,01 00 00 07 B6,0,OK
2026-09-30T13:08:52.407Z,14615.214,observer,RX,baseline,0,stopped,,,0001638C,0001,638C,1,7,01 00 00 0F 03 8C 63,0,OK
2026-09-30T13:08:52.407Z,14615.41,observer,RX,baseline,0,stopped,,,0011638C,0011,638C,1,5,01 00 00 8C 63,0,OK
2026-09-30T13:08:52.412Z,14620.48,observer,RX,baseline,0,stopped,,,0001D65D,0001,D65D,1,7,01 00 00 0F 03 5D D6,0,OK
2026-09-30T13:08:52.413Z,14620.646,observer,RX,baseline,0,stopped,,,0011D65D,0011,D65D,1,5,01 00 00 5D D6,0,OK
2026-09-30T13:08:52.417Z,14625.233,observer,RX,baseline,0,stopped,,,00019281,0001,9281,1,7,01 00 00 0F 03 81 92,0,OK
2026-09-30T13:08:52.417Z,14625.406,observer,RX,baseline,0,stopped,,,00119281,0011,9281,1,5,01 00 00 81 92,0,OK
2026-09-30T13:08:52.422Z,14630.201,observer,RX,baseline,0,stopped,,,00014329,0001,4329,1,7,01 00 00 0F 03 29 43,0,OK
2026-09-30T13:08:52.422Z,14630.369,observer,RX,baseline,0,stopped,,,00114329,0011,4329,1,5,01 00 00 29 43,0,OK
2026-09-30T13:08:52.427Z,14635.211,observer,RX,baseline,0,stopped,,,00013166,0001,3166,1,7,01 00 00 0F 03 66 31,0,OK
2026-09-30T13:08:52.427Z,14635.393,observer,RX,baseline,0,stopped,,,00113166,0011,3166,1,5,01 00 00 66 31,0,OK
2026-09-30T13:08:52.432Z,14640.203,observer,RX,baseline,0,stopped,,,00013002,0001,3002,1,7,01 00 00 0F 03 02 30,0,OK
2026-09-30T13:08:52.432Z,14640.392,observer,RX,baseline,0,stopped,,,00113002,0011,3002,1,5,01 00 00 02 30,0,OK
2026-09-30T13:08:52.437Z,14645.201,observer,RX,baseline,0,stopped,,,0001F26B,0001,F26B,1,7,01 00 00 0F 04 6B F2,0,OK
2026-09-30T13:08:52.437Z,14645.398,observer,RX,baseline,0,stopped,,,0011F26B,0011,F26B,1,5,01 00 00 6B F2,0,OK
2026-09-30T13:08:52.442Z,14650.146,observer,RX,baseline,0,stopped,,,0001857D,0001,857D,1,7,01 00 00 0F 03 7D 85,0,OK
2026-09-30T13:08:52.442Z,14650.368,observer,RX,baseline,0,stopped,,,0011857D,0011,857D,1,5,01 00 00 7D 85,0,OK
2026-09-30T13:08:52.447Z,14655.287,observer,RX,baseline,0,stopped,,,00014CDB,0001,4CDB,1,7,01 00 00 0F 03 DB 4C,0,OK
2026-09-30T13:08:52.447Z,14655.365,observer,RX,baseline,0,stopped,,,00114CDB,0011,4CDB,1,5,01 00 00 DB 4C,0,OK
2026-09-30T13:08:52.452Z,14660.318,observer,RX,baseline,0,stopped,,,00010BC8,0001,0BC8,1,7,01 00 00 0F 03 C8 0B,0,OK
2026-09-30T13:08:52.452Z,14660.394,observer,RX,baseline,0,stopped,,,00110BC8,0011,0BC8,1,5,01 00 00 C8 0B,0,OK
2026-09-30T13:08:52.457Z,14665.289,observer,RX,baseline,0,stopped,,,0001935C,0001,935C,1,7,01 00 00 0F 03 5C 93,0,OK
2026-09-30T13:08:52.457Z,14665.365,observer,RX,baseline,0,stopped,,,0011935C,0011,935C,1,5,01 00 00 5C 93,0,OK
2026-09-30T13:08:52.462Z,14670.352,observer,RX,baseline,0,stopped,,,0001A397,0001,A397,1,7,01 00 00 0F 03 97 A3,0,OK
2026-09-30T13:08:52.462Z,14670.449,observer,RX,baseline,0,stopped,,,0011A397,0011,A397,1,5,01 00 00 97 A3,0,OK
2026-09-30T13:08:52.467Z,14675.306,observer,RX,baseline,0,stopped,,,0001BF4D,0001,BF4D,1,7,01 00 00 0F 03 4D BF,0,OK
2026-09-30T13:08:52.467Z,14675.384,observer,RX,baseline,0,stopped,,,0011BF4D,0011,BF4D,1,5,01 00 00 4D BF,0,OK
2026-09-30T13:08:52.472Z,14680.295,observer,RX,baseline,0,stopped,,,00010282,0001,0282,1,7,01 00 00 0F 03 82 02,0,OK
2026-09-30T13:08:52.472Z,14680.371,observer,RX,baseline,0,stopped,,,00110282,0011,0282,1,5,01 00 00 82 02,0,OK
2026-09-30T13:08:52.477Z,14685.126,observer,RX,baseline,0,stopped,,,00016C05,0001,6C05,1,7,01 00 00 0F 03 05 6C,0,OK
2026-09-30T13:08:52.477Z,14685.37,observer,RX,baseline,0,stopped,,,00116C05,0011,6C05,1,5,01 00 00 05 6C,0,OK
2026-09-30T13:08:52.482Z,14690.156,observer,RX,baseline,0,stopped,,,00019F8D,0001,9F8D,1,7,01 00 00 0F 03 8D 9F,0,OK
2026-09-30T13:08:52.482Z,14690.401,observer,RX,baseline,0,stopped,,,00119F8D,0011,9F8D,1,5,01 00 00 8D 9F,0,OK
2026-09-30T13:08:52.487Z,14695.121,observer,RX,baseline,0,stopped,,,0001C344,0001,C344,1,7,01 00 00 0F 03 44 C3,0,OK
2026-09-30T13:08:52.487Z,14695.366,observer,RX,baseline,0,stopped,,,0011C344,0011,C344,1,5,01 00 00 44 C3,0,OK
2026-09-30T13:08:52.492Z,14700.124,observer,RX,baseline,0,stopped,,,00015269,0001,5269,1,7,01 00 00 0F 03 69 52,0,OK
2026-09-30T13:08:52.492Z,14700.37,observer,RX,baseline,0,stopped,,,00115269,0011,5269,1,5,01 00 00 69 52,0,OK
2026-09-30T13:08:52.497Z,14705.27,observer,RX,baseline,0,stopped,,,00018D09,0001,8D09,1,7,01 00 00 0F 03 09 8D,0,OK
2026-09-30T13:08:52.497Z,14705.344,observer,RX,baseline,0,stopped,,,00118D09,0011,8D09,1,5,01 00 00 09 8D,0,OK
2026-09-30T13:08:52.502Z,14710.314,observer,RX,baseline,0,stopped,,,000187B1,0001,87B1,1,7,01 00 00 0F 03 B1 87,0,OK
2026-09-30T13:08:52.502Z,14710.393,observer,RX,baseline,0,stopped,,,001187B1,0011,87B1,1,5,01 00 00 B1 87,0,OK
2026-09-30T13:08:52.507Z,14715.275,observer,RX,baseline,0,stopped,,,0001FFB5,0001,FFB5,1,7,01 00 00 0F 03 B5 FF,0,OK
2026-09-30T13:08:52.507Z,14715.353,observer,RX,baseline,0,stopped,,,0011FFB5,0011,FFB5,1,5,01 00 00 B5 FF,0,OK
2026-09-30T13:08:52.512Z,14720.268,observer,RX,baseline,0,stopped,,,00015231,0001,5231,1,7,01 00 00 0F 03 31 52,0,OK
2026-09-30T13:08:52.512Z,14720.344,observer,RX,baseline,0,stopped,,,00115231,0011,5231,1,5,01 00 00 31 52,0,OK
2026-09-30T13:08:52.517Z,14725.265,observer,RX,baseline,0,stopped,,,00019E1E,0001,9E1E,1,7,01 00 00 0F 03 1E 9E,0,OK
2026-09-30T13:08:52.517Z,14725.341,observer,RX,baseline,0,stopped,,,00119E1E,0011,9E1E,1,5,01 00 00 1E 9E,0,OK
2026-09-30T13:08:52.522Z,14730.269,observer,RX,baseline,0,stopped,,,000164FC,0001,64FC,1,7,01 00 00 0F 03 FC 64,0,OK
2026-09-30T13:08:52.522Z,14730.398,observer,RX,baseline,0,stopped,,,001164FC,0011,64FC,1,5,01 00 00 FC 64,0,OK
2026-09-30T13:08:52.527Z,14735.267,observer,RX,baseline,0,stopped,,,0001F001,0001,F001,1,7,01 00 00 0F 03 01 F0,0,OK
2026-09-30T13:08:52.527Z,14735.346,observer,RX,baseline,0,stopped,,,0011F001,0011,F001,1,5,01 00 00 01 F0,0,OK
2026-09-30T13:08:52.532Z,14740.19,observer,RX,baseline,0,stopped,,,00010FD9,0001,0FD9,1,7,01 00 00 0F 03 D9 0F,0,OK
2026-09-30T13:08:52.532Z,14740.36,observer,RX,baseline,0,stopped,,,00110FD9,0011,0FD9,1,5,01 00 00 D9 0F,0,OK
2026-09-30T13:08:52.537Z,14745.265,observer,RX,baseline,0,stopped,,,0001EDF3,0001,EDF3,1,7,01 00 00 0F 03 F3 ED,0,OK
2026-09-30T13:08:52.537Z,14745.342,observer,RX,baseline,0,stopped,,,0011EDF3,0011,EDF3,1,5,01 00 00 F3 ED,0,OK
2026-09-30T13:08:52.542Z,14750.268,observer,RX,baseline,0,stopped,,,0001674B,0001,674B,1,7,01 00 00 0F 03 4B 67,0,OK
2026-09-30T13:08:52.542Z,14750.344,observer,RX,baseline,0,stopped,,,0011674B,0011,674B,1,5,01 00 00 4B 67,0,OK
2026-09-30T13:08:52.547Z,14755.153,observer,RX,baseline,0,stopped,,,000124BE,0001,24BE,1,7,01 00 00 0F 03 BE 24,0,OK
2026-09-30T13:08:52.547Z,14755.365,observer,RX,baseline,0,stopped,,,001124BE,0011,24BE,1,5,01 00 00 BE 24,0,OK
2026-09-30T13:08:52.552Z,14760.108,observer,RX,baseline,0,stopped,,,0001D745,0001,D745,1,7,01 00 00 0F 03 45 D7,0,OK
2026-09-30T13:08:52.552Z,14760.373,observer,RX,baseline,0,stopped,,,0011D745,0011,D745,1,5,01 00 00 45 D7,0,OK
2026-09-30T13:08:52.557Z,14765.127,observer,RX,baseline,0,stopped,,,00011CD4,0001,1CD4,1,7,01 00 00 0F 03 D4 1C,0,OK
2026-09-30T13:08:52.557Z,14765.368,observer,RX,baseline,0,stopped,,,00111CD4,0011,1CD4,1,5,01 00 00 D4 1C,0,OK
2026-09-30T13:08:52.562Z,14770.173,observer,RX,baseline,0,stopped,,,0001E74C,0001,E74C,1,7,01 00 00 0F 03 4C E7,0,OK
2026-09-30T13:08:52.562Z,14770.369,observer,RX,baseline,0,stopped,,,0011E74C,0011,E74C,1,5,01 00 00 4C E7,0,OK
2026-09-30T13:08:52.567Z,14775.107,observer,RX,baseline,0,stopped,,,00018D38,0001,8D38,1,7,01 00 00 0F 03 38 8D,0,OK
2026-09-30T13:08:52.567Z,14775.364,observer,RX,baseline,0,stopped,,,00118D38,0011,8D38,1,5,01 00 00 38 8D,0,OK
2026-09-30T13:08:52.572Z,14780.145,observer,RX,baseline,0,stopped,,,0001C88D,0001,C88D,1,7,01 00 00 0F 03 8D C8,0,OK
2026-09-30T13:08:52.572Z,14780.366,observer,RX,baseline,0,stopped,,,0011C88D,0011,C88D,1,5,01 00 00 8D C8,0,OK
2026-09-30T13:08:52.577Z,14785.268,observer,RX,baseline,0,stopped,,,0001060E,0001,060E,1,7,01 00 00 0F 03 0E 06,0,OK
2026-09-30T13:08:52.577Z,14785.344,observer,RX,baseline,0,stopped,,,0011060E,0011,060E,1,5,01 00 00 0E 06,0,OK
2026-09-30T13:08:52.582Z,14790.122,observer,RX,baseline,0,stopped,,,00016E36,0001,6E36,1,7,01 00 00 0F 03 36 6E,0,OK
2026-09-30T13:08:52.582Z,14790.383,observer,RX,baseline,0,stopped,,,00116E36,0011,6E36,1,5,01 00 00 36 6E,0,OK
2026-09-30T13:08:52.587Z,14795.273,observer,RX,baseline,0,stopped,,,0001D5B5,0001,D5B5,1,7,01 00 00 0F 03 B5 D5,0,OK
2026-09-30T13:08:52.587Z,14795.348,observer,RX,baseline,0,stopped,,,0011D5B5,0011,D5B5,1,5,01 00 00 B5 D5,0,OK
2026-09-30T13:08:52.592Z,14800.302,observer,RX,baseline,0,stopped,,,00017212,0001,7212,1,7,01 00 00 0F 03 12 72,0,OK
2026-09-30T13:08:52.592Z,14800.377,observer,RX,baseline,0,stopped,,,00117212,0011,7212,1,5,01 00 00 12 72,0,OK
2026-09-30T13:08:52.597Z,14805.129,observer,RX,baseline,0,stopped,,,00017C13,0001,7C13,1,7,01 00 00 0F 03 13 7C,0,OK
2026-09-30T13:08:52.597Z,14805.371,observer,RX,baseline,0,stopped,,,00117C13,0011,7C13,1,5,01 00 00 13 7C,0,OK
2026-09-30T13:08:52.602Z,14810.128,observer,RX,baseline,0,stopped,,,0001E33A,0001,E33A,1,7,01 00 00 0F 03 3A E3,0,OK
2026-09-30T13:08:52.602Z,14810.374,observer,RX,baseline,0,stopped,,,0011E33A,0011,E33A,1,5,01 00 00 3A E3,0,OK
2026-09-30T13:08:52.607Z,14815.125,observer,RX,baseline,0,stopped,,,0001AE7B,0001,AE7B,1,7,01 00 00 0F 03 7B AE,0,OK
2026-09-30T13:08:52.607Z,14815.373,observer,RX,baseline,0,stopped,,,0011AE7B,0011,AE7B,1,5,01 00 00 7B AE,0,OK
2026-09-30T13:08:52.612Z,14820.178,observer,RX,baseline,0,stopped,,,00014255,0001,4255,1,7,01 00 00 0F 03 55 42,0,OK
2026-09-30T13:08:52.612Z,14820.369,observer,RX,baseline,0,stopped,,,00114255,0011,4255,1,5,01 00 00 55 42,0,OK
2026-09-30T13:08:52.617Z,14825.264,observer,RX,baseline,0,stopped,,,0001235C,0001,235C,1,7,01 00 00 0F 03 5C 23,0,OK
2026-09-30T13:08:52.617Z,14825.363,observer,RX,baseline,0,stopped,,,0011235C,0011,235C,1,5,01 00 00 5C 23,0,OK
2026-09-30T13:08:52.622Z,14830.182,observer,RX,baseline,0,stopped,,,000176BC,0001,76BC,1,7,01 00 00 0F 03 BC 76,0,OK
2026-09-30T13:08:52.622Z,14830.367,observer,RX,baseline,0,stopped,,,001176BC,0011,76BC,1,5,01 00 00 BC 76,0,OK
2026-09-30T13:08:52.627Z,14835.191,observer,RX,baseline,0,stopped,,,00012392,0001,2392,1,7,01 00 00 0F 03 92 23,0,OK
2026-09-30T13:08:52.627Z,14835.362,observer,RX,baseline,0,stopped,,,00112392,0011,2392,1,5,01 00 00 92 23,0,OK
2026-09-30T13:08:52.632Z,14840.195,observer,RX,baseline,0,stopped,,,00013986,0001,3986,1,7,01 00 00 0F 03 86 39,0,OK
2026-09-30T13:08:52.632Z,14840.308,observer,RX,baseline,0,stopped,,,00113986,0011,3986,1,5,01 00 00 86 39,0,OK
2026-09-30T13:08:52.637Z,14845.133,observer,RX,baseline,0,stopped,,,00013811,0001,3811,1,7,01 00 00 0F 03 11 38,0,OK
2026-09-30T13:08:52.637Z,14845.375,observer,RX,baseline,0,stopped,,,00113811,0011,3811,1,5,01 00 00 11 38,0,OK
2026-09-30T13:08:52.642Z,14850.267,observer,RX,baseline,0,stopped,,,0001CF40,0001,CF40,1,7,01 00 00 0F 03 40 CF,0,OK
2026-09-30T13:08:52.642Z,14850.346,observer,RX,baseline,0,stopped,,,0011CF40,0011,CF40,1,5,01 00 00 40 CF,0,OK
2026-09-30T13:08:52.647Z,14855.091,observer,RX,baseline,0,stopped,,,0001DD49,0001,DD49,1,7,01 00 00 0F 03 49 DD,0,OK
2026-09-30T13:08:52.647Z,14855.344,observer,RX,baseline,0,stopped,,,0011DD49,0011,DD49,1,5,01 00 00 49 DD,0,OK
2026-09-30T13:08:52.652Z,14860.227,observer,RX,baseline,0,stopped,,,000162DD,0001,62DD,1,7,01 00 00 0F 03 DD 62,0,OK
2026-09-30T13:08:52.652Z,14860.302,observer,RX,baseline,0,stopped,,,001162DD,0011,62DD,1,5,01 00 00 DD 62,0,OK
2026-09-30T13:08:52.657Z,14865.207,observer,RX,baseline,0,stopped,,,0001726A,0001,726A,1,7,01 00 00 0F 03 6A 72,0,OK
2026-09-30T13:08:52.657Z,14865.32,observer,RX,baseline,0,stopped,,,0011726A,0011,726A,1,5,01 00 00 6A 72,0,OK
2026-09-30T13:08:52.662Z,14870.214,observer,RX,baseline,0,stopped,,,00010025,0001,0025,1,7,01 00 00 0F 03 25 00,0,OK
2026-09-30T13:08:52.662Z,14870.556,observer,RX,baseline,0,stopped,,,00110025,0011,0025,1,5,01 00 00 25 00,0,OK
2026-09-30T13:08:52.667Z,14875.133,observer,RX,baseline,0,stopped,,,00018D79,0001,8D79,1,7,01 00 00 0F 03 79 8D,0,OK
2026-09-30T13:08:52.667Z,14875.327,observer,RX,baseline,0,stopped,,,00118D79,0011,8D79,1,5,01 00 00 79 8D,0,OK
2026-09-30T13:08:52.672Z,14880.228,observer,RX,baseline,0,stopped,,,000171AB,0001,71AB,1,7,01 00 00 0F 03 AB 71,0,OK
2026-09-30T13:08:52.672Z,14880.302,observer,RX,baseline,0,stopped,,,001171AB,0011,71AB,1,5,01 00 00 AB 71,0,OK
2026-09-30T13:08:52.677Z,14885.254,observer,RX,baseline,0,stopped,,,0001C1D3,0001,C1D3,1,7,01 00 00 0F 03 D3 C1,0,OK
2026-09-30T13:08:52.677Z,14885.329,observer,RX,baseline,0,stopped,,,0011C1D3,0011,C1D3,1,5,01 00 00 D3 C1,0,OK
2026-09-30T13:08:52.682Z,14890.239,observer,RX,baseline,0,stopped,,,0001C214,0001,C214,1,7,01 00 00 0F 03 14 C2,0,OK
2026-09-30T13:08:52.682Z,14890.315,observer,RX,baseline,0,stopped,,,0011C214,0011,C214,1,5,01 00 00 14 C2,0,OK
2026-09-30T13:08:52.687Z,14895.253,observer,RX,baseline,0,stopped,,,0001158B,0001,158B,1,7,01 00 00 0F 03 8B 15,0,OK
2026-09-30T13:08:52.687Z,14895.332,observer,RX,baseline,0,stopped,,,0011158B,0011,158B,1,5,01 00 00 8B 15,0,OK
2026-09-30T13:08:52.692Z,14900.238,observer,RX,baseline,0,stopped,,,0001462F,0001,462F,1,7,01 00 00 0F 03 2F 46,0,OK
2026-09-30T13:08:52.692Z,14900.313,observer,RX,baseline,0,stopped,,,0011462F,0011,462F,1,5,01 00 00 2F 46,0,OK
2026-09-30T13:08:52.697Z,14905.096,observer,RX,baseline,0,stopped,,,000122D1,0001,22D1,1,7,01 00 00 0F 03 D1 22,0,OK
2026-09-30T13:08:52.697Z,14905.334,observer,RX,baseline,0,stopped,,,001122D1,0011,22D1,1,5,01 00 00 D1 22,0,OK
2026-09-30T13:08:52.702Z,14910.24,observer,RX,baseline,0,stopped,,,00014D35,0001,4D35,1,7,01 00 00 0F 03 35 4D,0,OK
2026-09-30T13:08:52.702Z,14910.314,observer,RX,baseline,0,stopped,,,00114D35,0011,4D35,1,5,01 00 00 35 4D,0,OK
2026-09-30T13:08:52.707Z,14915.096,observer,RX,baseline,0,stopped,,,0001053A,0001,053A,1,7,01 00 00 0F 03 3A 05,0,OK
2026-09-30T13:08:52.707Z,14915.339,observer,RX,baseline,0,stopped,,,0011053A,0011,053A,1,5,01 00 00 3A 05,0,OK
2026-09-30T13:08:52.712Z,14920.273,observer,RX,baseline,0,stopped,,,00018E28,0001,8E28,1,7,01 00 00 0F 03 28 8E,0,OK
2026-09-30T13:08:52.712Z,14920.351,observer,RX,baseline,0,stopped,,,00118E28,0011,8E28,1,5,01 00 00 28 8E,0,OK
2026-09-30T13:08:52.717Z,14925.238,observer,RX,baseline,0,stopped,,,000177A6,0001,77A6,1,7,01 00 00 0F 03 A6 77,0,OK
2026-09-30T13:08:52.717Z,14925.316,observer,RX,baseline,0,stopped,,,001177A6,0011,77A6,1,5,01 00 00 A6 77,0,OK
2026-09-30T13:08:52.722Z,14930.278,observer,RX,baseline,0,stopped,,,00019526,0001,9526,1,7,01 00 00 0F 03 26 95,0,OK
2026-09-30T13:08:52.722Z,14930.354,observer,RX,baseline,0,stopped,,,00119526,0011,9526,1,5,01 00 00 26 95,0,OK
2026-09-30T13:08:52.727Z,14935.256,observer,RX,baseline,0,stopped,,,0001C618,0001,C618,1,7,01 00 00 0F 03 18 C6,0,OK
2026-09-30T13:08:52.727Z,14935.331,observer,RX,baseline,0,stopped,,,0011C618,0011,C618,1,5,01 00 00 18 C6,0,OK
2026-09-30T13:08:52.732Z,14940.271,observer,RX,baseline,0,stopped,,,00013D2E,0001,3D2E,1,7,01 00 00 0F 03 2E 3D,0,OK
2026-09-30T13:08:52.732Z,14940.382,observer,RX,baseline,0,stopped,,,00113D2E,0011,3D2E,1,5,01 00 00 2E 3D,0,OK
2026-09-30T13:08:52.737Z,14945.271,observer,RX,baseline,0,stopped,,,000147B5,0001,47B5,1,7,01 00 00 0F 03 B5 47,0,OK
2026-09-30T13:08:52.737Z,14945.377,observer,RX,baseline,0,stopped,,,001147B5,0011,47B5,1,5,01 00 00 B5 47,0,OK
2026-09-30T13:08:52.742Z,14950.242,observer,RX,baseline,0,stopped,,,000142AC,0001,42AC,1,7,01 00 00 0F 03 AC 42,0,OK
2026-09-30T13:08:52.742Z,14950.317,observer,RX,baseline,0,stopped,,,001142AC,0011,42AC,1,5,01 00 00 AC 42,0,OK
2026-09-30T13:08:52.747Z,14955.101,observer,RX,baseline,0,stopped,,,0001F7D1,0001,F7D1,1,7,01 00 00 0F 03 D1 F7,0,OK
2026-09-30T13:08:52.747Z,14955.344,observer,RX,baseline,0,stopped,,,0011F7D1,0011,F7D1,1,5,01 00 00 D1 F7,0,OK
2026-09-30T13:08:52.752Z,14960.1,observer,RX,baseline,0,stopped,,,000130C0,0001,30C0,1,7,01 00 00 0F 03 C0 30,0,OK
2026-09-30T13:08:52.752Z,14960.348,observer,RX,baseline,0,stopped,,,001130C0,0011,30C0,1,5,01 00 00 C0 30,0,OK
2026-09-30T13:08:52.757Z,14965.098,observer,RX,baseline,0,stopped,,,0001A1A6,0001,A1A6,1,7,01 00 00 0F 03 A6 A1,0,OK
2026-09-30T13:08:52.757Z,14965.349,observer,RX,baseline,0,stopped,,,0011A1A6,0011,A1A6,1,5,01 00 00 A6 A1,0,OK
2026-09-30T13:08:52.762Z,14970.09,observer,RX,baseline,0,stopped,,,0001CB25,0001,CB25,1,7,01 00 00 0F 03 25 CB,0,OK
2026-09-30T13:08:52.762Z,14970.338,observer,RX,baseline,0,stopped,,,0011CB25,0011,CB25,1,5,01 00 00 25 CB,0,OK
2026-09-30T13:08:52.767Z,14975.092,observer,RX,baseline,0,stopped,,,0001C131,0001,C131,1,7,01 00 00 0F 03 31 C1,0,OK
2026-09-30T13:08:52.767Z,14975.341,observer,RX,baseline,0,stopped,,,0011C131,0011,C131,1,5,01 00 00 31 C1,0,OK
2026-09-30T13:08:52.772Z,14980.093,observer,RX,baseline,0,stopped,,,0001BC1D,0001,BC1D,1,7,01 00 00 0F 03 1D BC,0,OK
2026-09-30T13:08:52.772Z,14980.338,observer,RX,baseline,0,stopped,,,0011BC1D,0011,BC1D,1,5,01 00 00 1D BC,0,OK
2026-09-30T13:08:52.777Z,14985.277,observer,RX,baseline,0,stopped,,,0001E449,0001,E449,1,7,01 00 00 0F 03 49 E4,0,OK
2026-09-30T13:08:52.777Z,14985.355,observer,RX,baseline,0,stopped,,,0011E449,0011,E449,1,5,01 00 00 49 E4,0,OK
2026-09-30T13:08:52.782Z,14990.267,observer,RX,baseline,0,stopped,,,000179C4,0001,79C4,1,7,01 00 00 0F 03 C4 79,0,OK
2026-09-30T13:08:52.782Z,14990.342,observer,RX,baseline,0,stopped,,,001179C4,0011,79C4,1,5,01 00 00 C4 79,0,OK
2026-09-30T13:08:52.787Z,14995.283,observer,RX,baseline,0,stopped,,,000129E6,0001,29E6,1,7,01 00 00 0F 03 E6 29,0,OK
2026-09-30T13:08:52.787Z,14995.372,observer,RX,baseline,0,stopped,,,001129E6,0011,29E6,1,5,01 00 00 E6 29,0,OK
2026-09-30T13:08:52.792Z,15000.241,observer,RX,baseline,0,stopped,,,000137D2,0001,37D2,1,7,01 00 00 0F 03 D2 37,0,OK
2026-09-30T13:08:52.792Z,15000.316,observer,RX,baseline,0,stopped,,,001137D2,0011,37D2,1,5,01 00 00 D2 37,0,OK
2026-09-30T13:08:52.797Z,15005.095,observer,RX,baseline,0,stopped,,,0001863A,0001,863A,1,7,01 00 00 0F 03 3A 86,0,OK
2026-09-30T13:08:52.797Z,15005.316,observer,RX,baseline,0,stopped,,,0011863A,0011,863A,1,5,01 00 00 3A 86,0,OK
2026-09-30T13:08:52.802Z,15010.098,observer,RX,baseline,0,stopped,,,00018A7B,0001,8A7B,1,7,01 00 00 0F 03 7B 8A,0,OK
2026-09-30T13:08:52.802Z,15010.346,observer,RX,baseline,0,stopped,,,00118A7B,0011,8A7B,1,5,01 00 00 7B 8A,0,OK
2026-09-30T13:08:52.807Z,15015.095,observer,RX,baseline,0,stopped,,,00015505,0001,5505,1,7,01 00 00 0F 03 05 55,0,OK
2026-09-30T13:08:52.807Z,15015.316,observer,RX,baseline,0,stopped,,,00115505,0011,5505,1,5,01 00 00 05 55,0,OK
2026-09-30T13:08:52.812Z,15020.208,observer,RX,baseline,0,stopped,,,00017D16,0001,7D16,1,7,01 00 00 0F 03 16 7D,0,OK
2026-09-30T13:08:52.812Z,15020.541,observer,RX,baseline,0,stopped,,,00117D16,0011,7D16,1,5,01 00 00 16 7D,0,OK
2026-09-30T13:08:52.817Z,15025.148,observer,RX,baseline,0,stopped,,,0001F049,0001,F049,1,7,01 00 00 0F 03 49 F0,0,OK
2026-09-30T13:08:52.817Z,15025.311,observer,RX,baseline,0,stopped,,,0011F049,0011,F049,1,5,01 00 00 49 F0,0,OK
2026-09-30T13:08:52.822Z,15030.173,observer,RX,baseline,0,stopped,,,000136B6,0001,36B6,1,7,01 00 00 0F 03 B6 36,0,OK
2026-09-30T13:08:52.822Z,15030.349,observer,RX,baseline,0,stopped,,,001136B6,0011,36B6,1,5,01 00 00 B6 36,0,OK
2026-09-30T13:08:52.827Z,15035.086,observer,RX,baseline,0,stopped,,,0001E44E,0001,E44E,1,7,01 00 00 0F 03 4E E4,0,OK
2026-09-30T13:08:52.827Z,15035.331,observer,RX,baseline,0,stopped,,,0011E44E,0011,E44E,1,5,01 00 00 4E E4,0,OK
2026-09-30T13:08:52.832Z,15040.107,observer,RX,baseline,0,stopped,,,00019CD7,0001,9CD7,1,7,01 00 00 0F 03 D7 9C,0,OK
2026-09-30T13:08:52.832Z,15040.386,observer,RX,baseline,0,stopped,,,00119CD7,0011,9CD7,1,5,01 00 00 D7 9C,0,OK
2026-09-30T13:08:52.837Z,15045.125,observer,RX,baseline,0,stopped,,,00015296,0001,5296,1,7,01 00 00 0F 03 96 52,0,OK
2026-09-30T13:08:52.837Z,15045.337,observer,RX,baseline,0,stopped,,,00115296,0011,5296,1,5,01 00 00 96 52,0,OK
2026-09-30T13:08:52.842Z,15050.23,observer,RX,baseline,0,stopped,,,0001BBCD,0001,BBCD,1,7,01 00 00 0F 03 CD BB,0,OK
2026-09-30T13:08:52.842Z,15050.419,observer,RX,baseline,0,stopped,,,0011BBCD,0011,BBCD,1,5,01 00 00 CD BB,0,OK
2026-09-30T13:08:52.847Z,15055.169,observer,RX,baseline,0,stopped,,,00013C2E,0001,3C2E,1,7,01 00 00 0F 03 2E 3C,0,OK
2026-09-30T13:08:52.847Z,15055.386,observer,RX,baseline,0,stopped,,,00113C2E,0011,3C2E,1,5,01 00 00 2E 3C,0,OK
2026-09-30T13:08:52.852Z,15060.318,observer,RX,baseline,0,stopped,,,00015293,0001,5293,1,7,01 00 00 0F 03 93 52,0,OK
2026-09-30T13:08:52.852Z,15060.404,observer,RX,baseline,0,stopped,,,00115293,0011,5293,1,5,01 00 00 93 52,0,OK
2026-09-30T13:08:52.857Z,15065.217,observer,RX,baseline,0,stopped,,,0001587E,0001,587E,1,7,01 00 00 0F 03 7E 58,0,OK
2026-09-30T13:08:52.857Z,15065.348,observer,RX,baseline,0,stopped,,,0011587E,0011,587E,1,5,01 00 00 7E 58,0,OK
2026-09-30T13:08:52.862Z,15070.147,observer,RX,baseline,0,stopped,,,00017336,0001,7336,1,7,01 00 00 0F 03 36 73,0,OK
2026-09-30T13:08:52.862Z,15070.301,observer,RX,baseline,0,stopped,,,00117336,0011,7336,1,5,01 00 00 36 73,0,OK
2026-09-30T13:08:52.867Z,15075.12,observer,RX,baseline,0,stopped,,,0001D888,0001,D888,1,7,01 00 00 0F 03 88 D8,0,OK
2026-09-30T13:08:52.867Z,15075.319,observer,RX,baseline,0,stopped,,,0011D888,0011,D888,1,5,01 00 00 88 D8,0,OK
2026-09-30T13:08:52.872Z,15080.122,observer,RX,baseline,0,stopped,,,00019AE7,0001,9AE7,1,7,01 00 00 0F 03 E7 9A,0,OK
2026-09-30T13:08:52.872Z,15080.346,observer,RX,baseline,0,stopped,,,00119AE7,0011,9AE7,1,5,01 00 00 E7 9A,0,OK
2026-09-30T13:08:52.877Z,15085.24,observer,RX,baseline,0,stopped,,,00012338,0001,2338,1,7,01 00 00 0F 03 38 23,0,OK
2026-09-30T13:08:52.877Z,15085.315,observer,RX,baseline,0,stopped,,,00112338,0011,2338,1,5,01 00 00 38 23,0,OK
2026-09-30T13:08:52.882Z,15090.2,observer,RX,baseline,0,stopped,,,0001E87D,0001,E87D,1,7,01 00 00 0F 03 7D E8,0,OK
2026-09-30T13:08:52.882Z,15090.289,observer,RX,baseline,0,stopped,,,0011E87D,0011,E87D,1,5,01 00 00 7D E8,0,OK
2026-09-30T13:08:52.887Z,15095.216,observer,RX,baseline,0,stopped,,,0001A232,0001,A232,1,7,01 00 00 0F 03 32 A2,0,OK
2026-09-30T13:08:52.887Z,15095.292,observer,RX,baseline,0,stopped,,,0011A232,0011,A232,1,5,01 00 00 32 A2,0,OK
2026-09-30T13:08:52.892Z,15100.193,observer,RX,baseline,0,stopped,,,000149E9,0001,49E9,1,7,01 00 00 0F 03 E9 49,0,OK
2026-09-30T13:08:52.892Z,15100.279,observer,RX,baseline,0,stopped,,,001149E9,0011,49E9,1,5,01 00 00 E9 49,0,OK
2026-09-30T13:08:52.897Z,15105.203,observer,RX,baseline,0,stopped,,,0001EF3E,0001,EF3E,1,7,01 00 00 0F 03 3E EF,0,OK
2026-09-30T13:08:52.897Z,15105.287,observer,RX,baseline,0,stopped,,,0011EF3E,0011,EF3E,1,5,01 00 00 3E EF,0,OK
2026-09-30T13:08:52.902Z,15110.18,observer,RX,baseline,0,stopped,,,0001DCF3,0001,DCF3,1,7,01 00 00 0F 03 F3 DC,0,OK
2026-09-30T13:08:52.902Z,15110.264,observer,RX,baseline,0,stopped,,,0011DCF3,0011,DCF3,1,5,01 00 00 F3 DC,0,OK
2026-09-30T13:08:52.907Z,15115.088,observer,RX,baseline,0,stopped,,,00012D40,0001,2D40,1,7,01 00 00 0F 03 40 2D,0,OK
2026-09-30T13:08:52.907Z,15115.334,observer,RX,baseline,0,stopped,,,00112D40,0011,2D40,1,5,01 00 00 40 2D,0,OK
2026-09-30T13:08:52.912Z,15120.276,observer,RX,baseline,0,stopped,,,00019135,0001,9135,1,7,01 00 00 0F 03 35 91,0,OK
2026-09-30T13:08:52.912Z,15120.354,observer,RX,baseline,0,stopped,,,00119135,0011,9135,1,5,01 00 00 35 91,0,OK
2026-09-30T13:08:52.917Z,15125.275,observer,RX,baseline,0,stopped,,,0001046C,0001,046C,1,7,01 00 00 0F 03 6C 04,0,OK
2026-09-30T13:08:52.917Z,15125.351,observer,RX,baseline,0,stopped,,,0011046C,0011,046C,1,5,01 00 00 6C 04,0,OK
2026-09-30T13:08:52.922Z,15130.226,observer,RX,baseline,0,stopped,,,00015927,0001,5927,1,7,01 00 00 0F 03 27 59,0,OK
2026-09-30T13:08:52.922Z,15130.302,observer,RX,baseline,0,stopped,,,00115927,0011,5927,1,5,01 00 00 27 59,0,OK
2026-09-30T13:08:52.927Z,15135.263,observer,RX,baseline,0,stopped,,,00012004,0001,2004,1,7,01 00 00 0F 03 04 20,0,OK
2026-09-30T13:08:52.927Z,15135.345,observer,RX,baseline,0,stopped,,,00112004,0011,2004,1,5,01 00 00 04 20,0,OK
2026-09-30T13:08:52.932Z,15140.228,observer,RX,baseline,0,stopped,,,00019DC7,0001,9DC7,1,7,01 00 00 0F 03 C7 9D,0,OK
2026-09-30T13:08:52.932Z,15140.305,observer,RX,baseline,0,stopped,,,00119DC7,0011,9DC7,1,5,01 00 00 C7 9D,0,OK
2026-09-30T13:08:52.941Z,15149.403,observer,RX,baseline,0,stopped,,,000178E9,0001,78E9,1,7,01 00 00 0F 03 E9 78,0,OK
2026-09-30T13:08:52.941Z,15149.496,observer,RX,baseline,0,stopped,,,001178E9,0011,78E9,1,5,01 00 00 E9 78,0,OK
2026-09-30T13:08:52.942Z,15150.141,observer,RX,baseline,0,stopped,,,0001C418,0001,C418,1,7,01 00 00 0F 03 18 C4,0,OK
2026-09-30T13:08:52.942Z,15150.315,observer,RX,baseline,0,stopped,,,0011C418,0011,C418,1,5,01 00 00 18 C4,0,OK
2026-09-30T13:08:52.947Z,15155.221,observer,RX,baseline,0,stopped,,,000172D0,0001,72D0,1,7,01 00 00 0F 03 D0 72,0,OK
