utc,relative_ms,direction,phase,can_id_hex,extended,dlc,data_hex
2026-09-28T15:20:23.572+00:00,1.250,RX,baseline,00013A49,1,7,01 00 00 0F 03 49 3A
2026-09-28T15:20:23.572+00:00,1.357,RX,baseline,00113A49,1,5,01 00 00 49 3A
2026-09-28T15:20:23.572+00:00,1.433,RX,baseline,0001605C,1,7,01 00 00 0F 03 5C 60
2026-09-28T15:20:23.572+00:00,1.548,RX,baseline,0011605C,1,5,01 00 00 5C 60
2026-09-28T15:20:23.575+00:00,4.395,RX,baseline,0001F5B2,1,7,01 00 00 0F 03 B2 F5
2026-09-28T15:20:23.575+00:00,4.609,RX,baseline,0011F5B2,1,5,01 00 00 B2 F5
2026-09-28T15:20:23.580+00:00,9.419,RX,baseline,000176FA,1,7,01 00 00 0F 03 FA 76
2026-09-28T15:20:23.580+00:00,9.603,RX,baseline,001176FA,1,5,01 00 00 FA 76
2026-09-28T15:20:23.585+00:00,14.541,RX,baseline,0001C9F8,1,7,01 00 00 0F 03 F8 C9
2026-09-28T15:20:23.585+00:00,14.624,RX,baseline,0011C9F8,1,5,01 00 00 F8 C9
2026-09-28T15:20:23.590+00:00,19.558,RX,baseline,00015250,1,7,01 00 00 0F 03 50 52
2026-09-28T15:20:23.590+00:00,19.673,RX,baseline,00115250,1,5,01 00 00 50 52
2026-09-28T15:20:23.595+00:00,24.664,RX,baseline,00014597,1,7,01 00 00 0F 03 97 45
2026-09-28T15:20:23.595+00:00,24.742,RX,baseline,00114597,1,5,01 00 00 97 45
2026-09-28T15:20:23.600+00:00,29.598,RX,baseline,000113D4,1,7,01 00 00 0F 03 D4 13
2026-09-28T15:20:23.600+00:00,29.755,RX,baseline,001113D4,1,5,01 00 00 D4 13
2026-09-28T15:20:23.605+00:00,34.603,RX,baseline,00011C1A,1,7,01 00 00 0F 03 1A 1C
2026-09-28T15:20:23.605+00:00,34.682,RX,baseline,00111C1A,1,5,01 00 00 1A 1C
2026-09-28T15:20:23.610+00:00,39.625,RX,baseline,00015F87,1,7,01 00 00 0F 03 87 5F
2026-09-28T15:20:23.610+00:00,39.699,RX,baseline,00115F87,1,5,01 00 00 87 5F
2026-09-28T15:20:23.615+00:00,44.592,RX,baseline,00019DE3,1,7,01 00 00 0F 03 E3 9D
2026-09-28T15:20:23.615+00:00,44.678,RX,baseline,00119DE3,1,5,01 00 00 E3 9D
2026-09-28T15:20:23.620+00:00,49.370,RX,baseline,0001961D,1,7,01 00 00 0F 03 1D 96
2026-09-28T15:20:23.620+00:00,49.681,RX,baseline,0011961D,1,5,01 00 00 1D 96
2026-09-28T15:20:23.625+00:00,54.398,RX,baseline,00015C6D,1,7,01 00 00 0F 03 6D 5C
2026-09-28T15:20:23.625+00:00,54.714,RX,baseline,00115C6D,1,5,01 00 00 6D 5C
2026-09-28T15:20:23.630+00:00,59.425,RX,baseline,0001751A,1,7,01 00 00 0F 03 1A 75
2026-09-28T15:20:23.630+00:00,59.614,RX,baseline,0011751A,1,5,01 00 00 1A 75
2026-09-28T15:20:23.635+00:00,64.456,RX,baseline,00015BC6,1,7,01 00 00 0F 03 C6 5B
2026-09-28T15:20:23.635+00:00,64.666,RX,baseline,00115BC6,1,5,01 00 00 C6 5B
2026-09-28T15:20:23.640+00:00,69.400,RX,baseline,0001C0F5,1,7,01 00 00 0F 03 F5 C0
2026-09-28T15:20:23.640+00:00,69.669,RX,baseline,0011C0F5,1,5,01 00 00 F5 C0
2026-09-28T15:20:23.645+00:00,74.393,RX,baseline,00017705,1,7,01 00 00 0F 03 05 77
2026-09-28T15:20:23.645+00:00,74.609,RX,baseline,00117705,1,5,01 00 00 05 77
2026-09-28T15:20:23.650+00:00,79.345,RX,baseline,00019912,1,7,01 00 00 0F 03 12 99
2026-09-28T15:20:23.650+00:00,79.691,RX,baseline,00119912,1,5,01 00 00 12 99
2026-09-28T15:20:23.655+00:00,84.331,RX,baseline,0001A41D,1,7,01 00 00 0F 03 1D A4
2026-09-28T15:20:23.655+00:00,84.655,RX,baseline,0011A41D,1,5,01 00 00 1D A4
2026-09-28T15:20:23.660+00:00,89.387,RX,baseline,00011709,1,7,01 00 00 0F 03 09 17
2026-09-28T15:20:23.660+00:00,89.537,RX,baseline,00111709,1,5,01 00 00 09 17
2026-09-28T15:20:23.665+00:00,94.327,RX,baseline,0001D82C,1,7,01 00 00 0F 03 2C D8
2026-09-28T15:20:23.665+00:00,94.615,RX,baseline,0011D82C,1,5,01 00 00 2C D8
2026-09-28T15:20:23.670+00:00,99.327,RX,baseline,0001E695,1,7,01 00 00 0F 03 95 E6
2026-09-28T15:20:23.670+00:00,99.614,RX,baseline,0011E695,1,5,01 00 00 95 E6
2026-09-28T15:20:23.675+00:00,104.307,RX,baseline,0001B83B,1,7,01 00 00 0F 03 3B B8
2026-09-28T15:20:23.675+00:00,104.568,RX,baseline,0011B83B,1,5,01 00 00 3B B8
2026-09-28T15:20:23.680+00:00,109.332,RX,baseline,00015526,1,7,01 00 00 0F 03 26 55
2026-09-28T15:20:23.680+00:00,109.638,RX,baseline,00115526,1,5,01 00 00 26 55
2026-09-28T15:20:23.685+00:00,114.306,RX,baseline,0001630B,1,7,01 00 00 0F 03 0B 63
2026-09-28T15:20:23.685+00:00,114.573,RX,baseline,0011630B,1,5,01 00 00 0B 63
2026-09-28T15:20:23.690+00:00,119.306,RX,baseline,0001A3DF,1,7,01 00 00 0F 03 DF A3
2026-09-28T15:20:23.690+00:00,119.573,RX,baseline,0011A3DF,1,5,01 00 00 DF A3
2026-09-28T15:20:23.695+00:00,124.408,RX,baseline,00013F66,1,7,01 00 00 0F 03 66 3F
2026-09-28T15:20:23.695+00:00,124.648,RX,baseline,00113F66,1,5,01 00 00 66 3F
2026-09-28T15:20:23.700+00:00,129.374,RX,baseline,00010C91,1,7,01 00 00 0F 03 91 0C
2026-09-28T15:20:23.700+00:00,129.511,RX,baseline,00110C91,1,5,01 00 00 91 0C
2026-09-28T15:20:23.705+00:00,134.412,RX,baseline,0001170A,1,7,01 00 00 0F 03 0A 17
2026-09-28T15:20:23.705+00:00,134.636,RX,baseline,0011170A,1,5,01 00 00 0A 17
2026-09-28T15:20:23.710+00:00,139.311,RX,baseline,000151F1,1,7,01 00 00 0F 03 F1 51
2026-09-28T15:20:23.710+00:00,139.553,RX,baseline,001151F1,1,5,01 00 00 F1 51
2026-09-28T15:20:23.715+00:00,144.405,RX,baseline,00018922,1,7,01 00 00 0F 03 22 89
2026-09-28T15:20:23.715+00:00,144.600,RX,baseline,00118922,1,5,01 00 00 22 89
2026-09-28T15:20:23.720+00:00,149.361,RX,baseline,00013518,1,7,01 00 00 0F 03 18 35
2026-09-28T15:20:23.720+00:00,149.560,RX,baseline,00113518,1,5,01 00 00 18 35
2026-09-28T15:20:23.725+00:00,154.312,RX,baseline,0001F7F7,1,7,01 00 00 0F 03 F7 F7
2026-09-28T15:20:23.725+00:00,154.553,RX,baseline,0011F7F7,1,5,01 00 00 F7 F7
2026-09-28T15:20:23.730+00:00,159.328,RX,baseline,0001BE0B,1,7,01 00 00 0F 03 0B BE
2026-09-28T15:20:23.730+00:00,159.554,RX,baseline,0011BE0B,1,5,01 00 00 0B BE
2026-09-28T15:20:23.735+00:00,164.367,RX,baseline,0001FC30,1,7,01 00 00 0F 03 30 FC
2026-09-28T15:20:23.735+00:00,164.561,RX,baseline,0011FC30,1,5,01 00 00 30 FC
2026-09-28T15:20:23.740+00:00,169.394,RX,baseline,0001B6E6,1,7,01 00 00 0F 03 E6 B6
2026-09-28T15:20:23.740+00:00,169.548,RX,baseline,0011B6E6,1,5,01 00 00 E6 B6
2026-09-28T15:20:23.745+00:00,174.353,RX,baseline,0001D4E7,1,7,01 00 00 0F 03 E7 D4
2026-09-28T15:20:23.745+00:00,174.546,RX,baseline,0011D4E7,1,5,01 00 00 E7 D4
2026-09-28T15:20:23.750+00:00,179.490,RX,baseline,000110DA,1,7,01 00 00 0F 03 DA 10
2026-09-28T15:20:23.750+00:00,179.598,RX,baseline,001110DA,1,5,01 00 00 DA 10
2026-09-28T15:20:23.755+00:00,184.321,RX,baseline,00015655,1,7,01 00 00 0F 03 55 56
2026-09-28T15:20:23.755+00:00,184.618,RX,baseline,00115655,1,5,01 00 00 55 56
2026-09-28T15:20:23.760+00:00,189.322,RX,baseline,0001F419,1,7,01 00 00 0F 03 19 F4
2026-09-28T15:20:23.760+00:00,189.612,RX,baseline,0011F419,1,5,01 00 00 19 F4
2026-09-28T15:20:23.765+00:00,194.458,RX,baseline,000125DF,1,7,01 00 00 0F 03 DF 25
2026-09-28T15:20:23.765+00:00,194.621,RX,baseline,001125DF,1,5,01 00 00 DF 25
2026-09-28T15:20:23.770+00:00,199.412,RX,baseline,0001DB70,1,7,01 00 00 0F 03 70 DB
2026-09-28T15:20:23.770+00:00,199.724,RX,baseline,0011DB70,1,5,01 00 00 70 DB
2026-09-28T15:20:23.775+00:00,204.441,RX,baseline,0001F0DA,1,7,01 00 00 0F 03 DA F0
2026-09-28T15:20:23.775+00:00,204.599,RX,baseline,0011F0DA,1,5,01 00 00 DA F0
2026-09-28T15:20:23.780+00:00,209.422,RX,baseline,00017615,1,7,01 00 00 0F 03 15 76
2026-09-28T15:20:23.780+00:00,209.507,RX,baseline,00117615,1,5,01 00 00 15 76
2026-09-28T15:20:23.785+00:00,214.430,RX,baseline,0001CC31,1,7,01 00 00 0F 03 31 CC
2026-09-28T15:20:23.785+00:00,214.559,RX,baseline,0011CC31,1,5,01 00 00 31 CC
2026-09-28T15:20:23.790+00:00,219.410,RX,baseline,000129F7,1,7,01 00 00 0F 03 F7 29
2026-09-28T15:20:23.790+00:00,219.632,RX,baseline,001129F7,1,5,01 00 00 F7 29
2026-09-28T15:20:23.795+00:00,224.390,RX,baseline,000125D6,1,7,01 00 00 0F 03 D6 25
2026-09-28T15:20:23.795+00:00,224.656,RX,baseline,001125D6,1,5,01 00 00 D6 25
2026-09-28T15:20:23.800+00:00,229.356,RX,baseline,00015A95,1,7,01 00 00 0F 03 95 5A
2026-09-28T15:20:23.800+00:00,229.573,RX,baseline,00115A95,1,5,01 00 00 95 5A
2026-09-28T15:20:23.805+00:00,234.385,RX,baseline,0001E9A7,1,7,01 00 00 0F 03 A7 E9
2026-09-28T15:20:23.805+00:00,234.652,RX,baseline,0011E9A7,1,5,01 00 00 A7 E9
2026-09-28T15:20:23.810+00:00,239.363,RX,baseline,00019423,1,7,01 00 00 0F 03 23 94
2026-09-28T15:20:23.810+00:00,239.639,RX,baseline,00119423,1,5,01 00 00 23 94
2026-09-28T15:20:23.815+00:00,244.389,RX,baseline,0001922D,1,7,01 00 00 0F 03 2D 92
2026-09-28T15:20:23.815+00:00,244.662,RX,baseline,0011922D,1,5,01 00 00 2D 92
2026-09-28T15:20:23.820+00:00,249.359,RX,baseline,0001F086,1,7,01 00 00 0F 03 86 F0
2026-09-28T15:20:23.820+00:00,249.628,RX,baseline,0011F086,1,5,01 00 00 86 F0
2026-09-28T15:20:23.825+00:00,254.460,RX,baseline,0001AA61,1,7,01 00 00 0F 03 61 AA
2026-09-28T15:20:23.825+00:00,254.646,RX,baseline,0011AA61,1,5,01 00 00 61 AA
2026-09-28T15:20:23.830+00:00,259.601,RX,baseline,0001576B,1,7,01 00 00 0F 03 6B 57
2026-09-28T15:20:23.830+00:00,259.678,RX,baseline,0011576B,1,5,01 00 00 6B 57
2026-09-28T15:20:23.835+00:00,264.471,RX,baseline,00016856,1,7,01 00 00 0F 03 56 68
2026-09-28T15:20:23.835+00:00,264.608,RX,baseline,00116856,1,5,01 00 00 56 68
2026-09-28T15:20:23.840+00:00,269.840,RX,baseline,00015492,1,7,01 00 00 0F 03 92 54
2026-09-28T15:20:23.840+00:00,269.952,RX,baseline,00115492,1,5,01 00 00 92 54
2026-09-28T15:20:23.845+00:00,274.772,RX,baseline,00011D7E,1,7,01 00 00 0F 03 7E 1D
2026-09-28T15:20:23.845+00:00,274.858,RX,baseline,00111D7E,1,5,01 00 00 7E 1D
2026-09-28T15:20:23.850+00:00,279.548,RX,baseline,000146F7,1,7,01 00 00 0F 03 F7 46
2026-09-28T15:20:23.850+00:00,279.639,RX,baseline,001146F7,1,5,01 00 00 F7 46
2026-09-28T15:20:23.855+00:00,284.804,RX,baseline,0001CBE0,1,7,01 00 00 0F 03 E0 CB
2026-09-28T15:20:23.855+00:00,284.889,RX,baseline,0011CBE0,1,5,01 00 00 E0 CB
2026-09-28T15:20:23.860+00:00,289.795,RX,baseline,0001F17D,1,7,01 00 00 0F 03 7D F1
2026-09-28T15:20:23.860+00:00,289.918,RX,baseline,0011F17D,1,5,01 00 00 7D F1
2026-09-28T15:20:23.865+00:00,294.829,RX,baseline,0001FC7C,1,7,01 00 00 0F 03 7C FC
2026-09-28T15:20:23.865+00:00,294.967,RX,baseline,0011FC7C,1,5,01 00 00 7C FC
2026-09-28T15:20:23.870+00:00,299.542,RX,baseline,0001FD57,1,7,01 00 00 0F 03 57 FD
2026-09-28T15:20:23.870+00:00,299.684,RX,baseline,0011FD57,1,5,01 00 00 57 FD
2026-09-28T15:20:23.875+00:00,304.484,RX,baseline,000105B2,1,7,01 00 00 0F 03 B2 05
2026-09-28T15:20:23.875+00:00,304.606,RX,baseline,001105B2,1,5,01 00 00 B2 05
2026-09-28T15:20:23.880+00:00,309.436,RX,baseline,00011033,1,7,01 00 00 0F 03 33 10
2026-09-28T15:20:23.880+00:00,309.581,RX,baseline,00111033,1,5,01 00 00 33 10
2026-09-28T15:20:23.885+00:00,314.408,RX,baseline,00018D5F,1,7,01 00 00 0F 03 5F 8D
2026-09-28T15:20:23.885+00:00,314.612,RX,baseline,00118D5F,1,5,01 00 00 5F 8D
2026-09-28T15:20:23.890+00:00,319.373,RX,baseline,0001E7F9,1,7,01 00 00 0F 03 F9 E7
2026-09-28T15:20:23.890+00:00,319.522,RX,baseline,0011E7F9,1,5,01 00 00 F9 E7
2026-09-28T15:20:23.895+00:00,324.367,RX,baseline,0001F514,1,7,01 00 00 0F 03 14 F5
2026-09-28T15:20:23.895+00:00,324.687,RX,baseline,0011F514,1,5,01 00 00 14 F5
2026-09-28T15:20:23.900+00:00,329.331,RX,baseline,0001779D,1,7,01 00 00 0F 03 9D 77
2026-09-28T15:20:23.900+00:00,329.634,RX,baseline,0011779D,1,5,01 00 00 9D 77
2026-09-28T15:20:23.905+00:00,334.604,RX,baseline,00015393,1,7,01 00 00 0F 03 93 53
2026-09-28T15:20:23.905+00:00,334.673,RX,baseline,00115393,1,5,01 00 00 93 53
2026-09-28T15:20:23.910+00:00,339.339,RX,baseline,00013857,1,7,01 00 00 0F 03 57 38
2026-09-28T15:20:23.910+00:00,339.584,RX,baseline,00113857,1,5,01 00 00 57 38
2026-09-28T15:20:23.915+00:00,344.326,RX,baseline,00014970,1,7,01 00 00 0F 03 70 49
2026-09-28T15:20:23.915+00:00,344.574,RX,baseline,00114970,1,5,01 00 00 70 49
2026-09-28T15:20:23.920+00:00,349.301,RX,baseline,0001DC36,1,7,01 00 00 0F 03 36 DC
2026-09-28T15:20:23.920+00:00,349.545,RX,baseline,0011DC36,1,5,01 00 00 36 DC
2026-09-28T15:20:23.925+00:00,354.331,RX,baseline,0001F791,1,7,01 00 00 0F 03 91 F7
2026-09-28T15:20:23.925+00:00,354.584,RX,baseline,0011F791,1,5,01 00 00 91 F7
2026-09-28T15:20:23.930+00:00,359.386,RX,baseline,000126F1,1,7,01 00 00 0F 03 F1 26
2026-09-28T15:20:23.930+00:00,359.601,RX,baseline,001126F1,1,5,01 00 00 F1 26
2026-09-28T15:20:23.935+00:00,364.350,RX,baseline,0001DCD8,1,7,01 00 00 0F 03 D8 DC
2026-09-28T15:20:23.935+00:00,364.623,RX,baseline,0011DCD8,1,5,01 00 00 D8 DC
2026-09-28T15:20:23.940+00:00,369.365,RX,baseline,0001A761,1,7,01 00 00 0F 03 61 A7
2026-09-28T15:20:23.940+00:00,369.584,RX,baseline,0011A761,1,5,01 00 00 61 A7
2026-09-28T15:20:23.945+00:00,374.558,RX,baseline,00011943,1,7,01 00 00 0F 03 43 19
2026-09-28T15:20:23.945+00:00,374.645,RX,baseline,00111943,1,5,01 00 00 43 19
2026-09-28T15:20:23.950+00:00,379.578,RX,baseline,0001D001,1,7,01 00 00 0F 03 01 D0
2026-09-28T15:20:23.950+00:00,379.663,RX,baseline,0011D001,1,5,01 00 00 01 D0
2026-09-28T15:20:23.955+00:00,384.291,RX,baseline,0001FB46,1,7,01 00 00 0F 03 46 FB
2026-09-28T15:20:23.955+00:00,384.582,RX,baseline,0011FB46,1,5,01 00 00 46 FB
2026-09-28T15:20:23.960+00:00,389.401,RX,baseline,00014277,1,7,01 00 00 0F 03 77 42
2026-09-28T15:20:23.960+00:00,389.489,RX,baseline,00114277,1,5,01 00 00 77 42
2026-09-28T15:20:23.965+00:00,394.348,RX,baseline,00010D27,1,7,01 00 00 0F 03 27 0D
2026-09-28T15:20:23.965+00:00,394.592,RX,baseline,00110D27,1,5,01 00 00 27 0D
2026-09-28T15:20:23.970+00:00,399.394,RX,baseline,00016DE7,1,7,01 00 00 0F 03 E7 6D
2026-09-28T15:20:23.970+00:00,399.528,RX,baseline,00116DE7,1,5,01 00 00 E7 6D
2026-09-28T15:20:23.975+00:00,404.344,RX,baseline,0001BAA6,1,7,01 00 00 0F 03 A6 BA
2026-09-28T15:20:23.975+00:00,404.662,RX,baseline,0011BAA6,1,5,01 00 00 A6 BA
2026-09-28T15:20:23.980+00:00,409.317,RX,baseline,0001E1A1,1,7,01 00 00 0F 03 A1 E1
2026-09-28T15:20:23.980+00:00,409.571,RX,baseline,0011E1A1,1,5,01 00 00 A1 E1
2026-09-28T15:20:23.985+00:00,414.281,RX,baseline,0001B835,1,7,01 00 00 0F 03 35 B8
2026-09-28T15:20:23.985+00:00,414.519,RX,baseline,0011B835,1,5,01 00 00 35 B8
2026-09-28T15:20:23.990+00:00,419.283,RX,baseline,00014169,1,7,01 00 00 0F 03 69 41
2026-09-28T15:20:23.990+00:00,419.520,RX,baseline,00114169,1,5,01 00 00 69 41
2026-09-28T15:20:23.995+00:00,424.290,RX,baseline,00014B94,1,7,01 00 00 0F 03 94 4B
2026-09-28T15:20:23.995+00:00,424.675,RX,baseline,00114B94,1,5,01 00 00 94 4B
2026-09-28T15:20:24.000+00:00,429.890,RX,baseline,0001EE6B,1,7,01 00 00 0F 03 6B EE
2026-09-28T15:20:24.000+00:00,429.987,RX,baseline,0011EE6B,1,5,01 00 00 6B EE
2026-09-28T15:20:24.005+00:00,434.415,RX,baseline,00016A81,1,7,01 00 00 0F 03 81 6A
2026-09-28T15:20:24.005+00:00,434.516,RX,baseline,00116A81,1,5,01 00 00 81 6A
2026-09-28T15:20:24.010+00:00,439.660,RX,baseline,0001C79C,1,7,01 00 00 0F 03 9C C7
2026-09-28T15:20:24.010+00:00,439.787,RX,baseline,0011C79C,1,5,01 00 00 9C C7
2026-09-28T15:20:24.015+00:00,444.631,RX,baseline,00013EE4,1,7,01 00 00 0F 03 E4 3E
2026-09-28T15:20:24.015+00:00,444.714,RX,baseline,00113EE4,1,5,01 00 00 E4 3E
2026-09-28T15:20:24.020+00:00,449.564,RX,baseline,0001B213,1,7,01 00 00 0F 03 13 B2
2026-09-28T15:20:24.020+00:00,449.636,RX,baseline,0011B213,1,5,01 00 00 13 B2
2026-09-28T15:20:24.025+00:00,454.447,RX,baseline,0001909F,1,7,01 00 00 0F 03 9F 90
2026-09-28T15:20:24.025+00:00,454.572,RX,baseline,0011909F,1,5,01 00 00 9F 90
2026-09-28T15:20:24.030+00:00,459.548,RX,baseline,0001AD9F,1,7,01 00 00 0F 03 9F AD
2026-09-28T15:20:24.030+00:00,459.626,RX,baseline,0011AD9F,1,5,01 00 00 9F AD
2026-09-28T15:20:24.035+00:00,464.542,RX,baseline,0001DFE5,1,7,01 00 00 0F 03 E5 DF
2026-09-28T15:20:24.035+00:00,464.647,RX,baseline,0011DFE5,1,5,01 00 00 E5 DF
2026-09-28T15:20:24.040+00:00,469.590,RX,baseline,0001CFA5,1,7,01 00 00 0F 03 A5 CF
2026-09-28T15:20:24.040+00:00,469.685,RX,baseline,0011CFA5,1,5,01 00 00 A5 CF
2026-09-28T15:20:24.045+00:00,474.358,RX,baseline,0001A3C9,1,7,01 00 00 0F 03 C9 A3
2026-09-28T15:20:24.045+00:00,474.575,RX,baseline,0011A3C9,1,5,01 00 00 C9 A3
2026-09-28T15:20:24.050+00:00,479.601,RX,baseline,0001F60D,1,7,01 00 00 0F 03 0D F6
2026-09-28T15:20:24.050+00:00,479.681,RX,baseline,0011F60D,1,5,01 00 00 0D F6
2026-09-28T15:20:24.055+00:00,484.572,RX,baseline,00017B64,1,7,01 00 00 0F 03 64 7B
2026-09-28T15:20:24.055+00:00,484.644,RX,baseline,00117B64,1,5,01 00 00 64 7B
2026-09-28T15:20:24.060+00:00,489.565,RX,baseline,0001D9C7,1,7,01 00 00 0F 03 C7 D9
2026-09-28T15:20:24.060+00:00,489.644,RX,baseline,0011D9C7,1,5,01 00 00 C7 D9
2026-09-28T15:20:24.065+00:00,494.495,RX,baseline,0001DCC2,1,7,01 00 00 0F 03 C2 DC
2026-09-28T15:20:24.065+00:00,494.587,RX,baseline,0011DCC2,1,5,01 00 00 C2 DC
2026-09-28T15:20:24.070+00:00,499.581,RX,baseline,0001F02F,1,7,01 00 00 0F 03 2F F0
2026-09-28T15:20:24.070+00:00,499.657,RX,baseline,0011F02F,1,5,01 00 00 2F F0
2026-09-28T15:20:24.075+00:00,504.537,RX,baseline,0001C372,1,7,01 00 00 0F 03 72 C3
2026-09-28T15:20:24.075+00:00,504.639,RX,baseline,0011C372,1,5,01 00 00 72 C3
2026-09-28T15:20:24.080+00:00,509.574,RX,baseline,0001EC54,1,7,01 00 00 0F 03 54 EC
2026-09-28T15:20:24.080+00:00,509.696,RX,baseline,0011EC54,1,5,01 00 00 54 EC
2026-09-28T15:20:24.085+00:00,514.499,RX,baseline,00012D77,1,7,01 00 00 0F 03 77 2D
2026-09-28T15:20:24.085+00:00,514.553,RX,baseline,00112D77,1,5,01 00 00 77 2D
2026-09-28T15:20:24.090+00:00,519.494,RX,baseline,000164F3,1,7,01 00 00 0F 03 F3 64
2026-09-28T15:20:24.090+00:00,519.567,RX,baseline,001164F3,1,5,01 00 00 F3 64
2026-09-28T15:20:24.095+00:00,524.397,RX,baseline,0001FFE5,1,7,01 00 00 0F 03 E5 FF
2026-09-28T15:20:24.095+00:00,524.504,RX,baseline,0011FFE5,1,5,01 00 00 E5 FF
2026-09-28T15:20:24.100+00:00,529.461,RX,baseline,00013DAA,1,7,01 00 00 0F 03 AA 3D
2026-09-28T15:20:24.100+00:00,529.530,RX,baseline,00113DAA,1,5,01 00 00 AA 3D
2026-09-28T15:20:24.105+00:00,534.372,RX,baseline,0001DD6A,1,7,01 00 00 0F 03 6A DD
2026-09-28T15:20:24.105+00:00,534.602,RX,baseline,0011DD6A,1,5,01 00 00 6A DD
2026-09-28T15:20:24.110+00:00,539.323,RX,baseline,000191A0,1,7,01 00 00 0F 03 A0 91
2026-09-28T15:20:24.110+00:00,539.488,RX,baseline,001191A0,1,5,01 00 00 A0 91
2026-09-28T15:20:24.115+00:00,544.385,RX,baseline,00017F9F,1,7,01 00 00 0F 03 9F 7F
2026-09-28T15:20:24.115+00:00,544.602,RX,baseline,00117F9F,1,5,01 00 00 9F 7F
2026-09-28T15:20:24.120+00:00,549.427,RX,baseline,00019BC2,1,7,01 00 00 0F 03 C2 9B
2026-09-28T15:20:24.120+00:00,549.531,RX,baseline,00119BC2,1,5,01 00 00 C2 9B
2026-09-28T15:20:24.125+00:00,554.377,RX,baseline,00017CCE,1,7,01 00 00 0F 03 CE 7C
2026-09-28T15:20:24.125+00:00,554.484,RX,baseline,00117CCE,1,5,01 00 00 CE 7C
2026-09-28T15:20:24.130+00:00,559.338,RX,baseline,00013C46,1,7,01 00 00 0F 03 46 3C
2026-09-28T15:20:24.130+00:00,559.545,RX,baseline,00113C46,1,5,01 00 00 46 3C
2026-09-28T15:20:24.135+00:00,564.385,RX,baseline,0001C690,1,7,01 00 00 0F 03 90 C6
2026-09-28T15:20:24.135+00:00,564.490,RX,baseline,0011C690,1,5,01 00 00 90 C6
2026-09-28T15:20:24.140+00:00,569.355,RX,baseline,00010104,1,7,01 00 00 0F 03 04 01
2026-09-28T15:20:24.140+00:00,569.598,RX,baseline,00110104,1,5,01 00 00 04 01
2026-09-28T15:20:24.145+00:00,574.338,RX,baseline,0001AE71,1,7,01 00 00 0F 03 71 AE
2026-09-28T15:20:24.145+00:00,574.592,RX,baseline,0011AE71,1,5,01 00 00 71 AE
2026-09-28T15:20:24.150+00:00,579.451,RX,baseline,0001C9F6,1,7,01 00 00 0F 03 F6 C9
2026-09-28T15:20:24.150+00:00,579.569,RX,baseline,0011C9F6,1,5,01 00 00 F6 C9
2026-09-28T15:20:24.155+00:00,584.478,RX,baseline,0001007C,1,7,01 00 00 0F 03 7C 00
2026-09-28T15:20:24.155+00:00,584.533,RX,baseline,0011007C,1,5,01 00 00 7C 00
2026-09-28T15:20:24.160+00:00,589.335,RX,baseline,00013CD7,1,7,01 00 00 0F 03 D7 3C
2026-09-28T15:20:24.160+00:00,589.547,RX,baseline,00113CD7,1,5,01 00 00 D7 3C
2026-09-28T15:20:24.165+00:00,594.304,RX,baseline,0001F05D,1,7,01 00 00 0F 03 5D F0
2026-09-28T15:20:24.165+00:00,594.558,RX,baseline,0011F05D,1,5,01 00 00 5D F0
2026-09-28T15:20:24.170+00:00,599.342,RX,baseline,00014AB5,1,7,01 00 00 0F 03 B5 4A
2026-09-28T15:20:24.170+00:00,599.569,RX,baseline,00114AB5,1,5,01 00 00 B5 4A
2026-09-28T15:20:24.175+00:00,604.321,RX,baseline,0001387C,1,7,01 00 00 0F 03 7C 38
2026-09-28T15:20:24.175+00:00,604.580,RX,baseline,0011387C,1,5,01 00 00 7C 38
2026-09-28T15:20:24.180+00:00,609.314,RX,baseline,00016FFA,1,7,01 00 00 0F 03 FA 6F
2026-09-28T15:20:24.180+00:00,609.570,RX,baseline,00116FFA,1,5,01 00 00 FA 6F
2026-09-28T15:20:24.185+00:00,614.338,RX,baseline,00016F3C,1,7,01 00 00 0F 03 3C 6F
2026-09-28T15:20:24.185+00:00,614.574,RX,baseline,00116F3C,1,5,01 00 00 3C 6F
2026-09-28T15:20:24.190+00:00,619.355,RX,baseline,00018330,1,7,01 00 00 0F 03 30 83
2026-09-28T15:20:24.190+00:00,619.548,RX,baseline,00118330,1,5,01 00 00 30 83
2026-09-28T15:20:24.195+00:00,624.541,RX,baseline,0001AD45,1,7,01 00 00 0F 03 45 AD
2026-09-28T15:20:24.195+00:00,624.634,RX,baseline,0011AD45,1,5,01 00 00 45 AD
2026-09-28T15:20:24.200+00:00,629.581,RX,baseline,00018494,1,7,01 00 00 0F 03 94 84
2026-09-28T15:20:24.200+00:00,629.664,RX,baseline,00118494,1,5,01 00 00 94 84
2026-09-28T15:20:24.205+00:00,634.538,RX,baseline,0001D47E,1,7,01 00 00 0F 03 7E D4
2026-09-28T15:20:24.205+00:00,634.723,RX,baseline,0011D47E,1,5,01 00 00 7E D4
2026-09-28T15:20:24.210+00:00,639.508,RX,baseline,0001082F,1,7,01 00 00 0F 03 2F 08
2026-09-28T15:20:24.210+00:00,639.628,RX,baseline,0011082F,1,5,01 00 00 2F 08
2026-09-28T15:20:24.215+00:00,644.542,RX,baseline,0001322A,1,7,01 00 00 0F 03 2A 32
2026-09-28T15:20:24.215+00:00,644.631,RX,baseline,0011322A,1,5,01 00 00 2A 32
2026-09-28T15:20:24.220+00:00,649.426,RX,baseline,0001FE0C,1,7,01 00 00 0F 03 0C FE
2026-09-28T15:20:24.220+00:00,649.525,RX,baseline,0011FE0C,1,5,01 00 00 0C FE
2026-09-28T15:20:24.225+00:00,654.539,RX,baseline,00011F3C,1,7,01 00 00 0F 03 3C 1F
2026-09-28T15:20:24.225+00:00,654.638,RX,baseline,00111F3C,1,5,01 00 00 3C 1F
2026-09-28T15:20:24.230+00:00,659.548,RX,baseline,000153CB,1,7,01 00 00 0F 03 CB 53
2026-09-28T15:20:24.230+00:00,659.634,RX,baseline,001153CB,1,5,01 00 00 CB 53
2026-09-28T15:20:24.235+00:00,664.542,RX,baseline,00015CE2,1,7,01 00 00 0F 03 E2 5C
2026-09-28T15:20:24.235+00:00,664.608,RX,baseline,00115CE2,1,5,01 00 00 E2 5C
2026-09-28T15:20:24.240+00:00,669.355,RX,baseline,00014499,1,7,01 00 00 0F 03 99 44
2026-09-28T15:20:24.240+00:00,669.568,RX,baseline,00114499,1,5,01 00 00 99 44
2026-09-28T15:20:24.245+00:00,674.361,RX,baseline,00016BDA,1,7,01 00 00 0F 03 DA 6B
2026-09-28T15:20:24.245+00:00,674.570,RX,baseline,00116BDA,1,5,01 00 00 DA 6B
2026-09-28T15:20:24.250+00:00,679.343,RX,baseline,0001B45E,1,7,01 00 00 0F 03 5E B4
2026-09-28T15:20:24.250+00:00,679.438,RX,baseline,0011B45E,1,5,01 00 00 5E B4
2026-09-28T15:20:24.255+00:00,684.964,RX,baseline,0001F809,1,7,01 00 00 0F 03 09 F8
2026-09-28T15:20:24.256+00:00,685.081,RX,baseline,0011F809,1,5,01 00 00 09 F8
2026-09-28T15:20:24.260+00:00,689.408,RX,baseline,00016098,1,7,01 00 00 0F 03 98 60
2026-09-28T15:20:24.260+00:00,689.557,RX,baseline,00116098,1,5,01 00 00 98 60
2026-09-28T15:20:24.265+00:00,694.284,RX,baseline,0001BA6F,1,7,01 00 00 0F 03 6F BA
2026-09-28T15:20:24.265+00:00,694.567,RX,baseline,0011BA6F,1,5,01 00 00 6F BA
2026-09-28T15:20:24.270+00:00,699.296,RX,baseline,0001853D,1,7,01 00 00 0F 03 3D 85
2026-09-28T15:20:24.270+00:00,699.661,RX,baseline,0011853D,1,5,01 00 00 3D 85
2026-09-28T15:20:24.275+00:00,704.307,RX,baseline,00014A68,1,7,01 00 00 0F 03 68 4A
2026-09-28T15:20:24.275+00:00,704.547,RX,baseline,00114A68,1,5,01 00 00 68 4A
2026-09-28T15:20:24.280+00:00,709.402,RX,baseline,00017DA0,1,7,01 00 00 0F 03 A0 7D
2026-09-28T15:20:24.280+00:00,709.520,RX,baseline,00117DA0,1,5,01 00 00 A0 7D
2026-09-28T15:20:24.285+00:00,714.317,RX,baseline,0001DBE4,1,7,01 00 00 0F 03 E4 DB
2026-09-28T15:20:24.285+00:00,714.576,RX,baseline,0011DBE4,1,5,01 00 00 E4 DB
2026-09-28T15:20:24.290+00:00,719.301,RX,baseline,00012526,1,7,01 00 00 0F 03 26 25
2026-09-28T15:20:24.290+00:00,719.611,RX,baseline,00112526,1,5,01 00 00 26 25
2026-09-28T15:20:24.295+00:00,724.319,RX,baseline,000152F3,1,7,01 00 00 0F 03 F3 52
2026-09-28T15:20:24.295+00:00,724.492,RX,baseline,001152F3,1,5,01 00 00 F3 52
2026-09-28T15:20:24.300+00:00,729.289,RX,baseline,00017555,1,7,01 00 00 0F 03 55 75
2026-09-28T15:20:24.300+00:00,729.580,RX,baseline,00117555,1,5,01 00 00 55 75
2026-09-28T15:20:24.305+00:00,734.305,RX,baseline,000125DD,1,7,01 00 00 0F 03 DD 25
2026-09-28T15:20:24.305+00:00,734.560,RX,baseline,001125DD,1,5,01 00 00 DD 25
2026-09-28T15:20:24.310+00:00,739.638,RX,baseline,0001127A,1,7,01 00 00 0F 03 7A 12
2026-09-28T15:20:24.310+00:00,739.702,RX,baseline,0011127A,1,5,01 00 00 7A 12
2026-09-28T15:20:24.315+00:00,744.597,RX,baseline,00012996,1,7,01 00 00 0F 03 96 29
2026-09-28T15:20:24.315+00:00,744.661,RX,baseline,00112996,1,5,01 00 00 96 29
2026-09-28T15:20:24.320+00:00,749.646,RX,baseline,000165FF,1,7,01 00 00 0F 03 FF 65
2026-09-28T15:20:24.320+00:00,749.710,RX,baseline,001165FF,1,5,01 00 00 FF 65
2026-09-28T15:20:24.325+00:00,754.641,RX,baseline,00014959,1,7,01 00 00 0F 03 59 49
2026-09-28T15:20:24.325+00:00,754.706,RX,baseline,00114959,1,5,01 00 00 59 49
2026-09-28T15:20:24.330+00:00,759.457,RX,baseline,0001ED2B,1,7,01 00 00 0F 03 2B ED
2026-09-28T15:20:24.330+00:00,759.522,RX,baseline,0011ED2B,1,5,01 00 00 2B ED
2026-09-28T15:20:24.335+00:00,764.371,RX,baseline,000158AF,1,7,01 00 00 0F 03 AF 58
2026-09-28T15:20:24.335+00:00,764.458,RX,baseline,001158AF,1,5,01 00 00 AF 58
2026-09-28T15:20:24.340+00:00,769.431,RX,baseline,000140D9,1,7,01 00 00 0F 03 D9 40
2026-09-28T15:20:24.340+00:00,769.497,RX,baseline,001140D9,1,5,01 00 00 D9 40
2026-09-28T15:20:24.345+00:00,774.330,RX,baseline,0001341B,1,7,01 00 00 0F 03 1B 34
2026-09-28T15:20:24.345+00:00,774.453,RX,baseline,0011341B,1,5,01 00 00 1B 34
2026-09-28T15:20:24.350+00:00,779.516,RX,baseline,00019E73,1,7,01 00 00 0F 03 73 9E
2026-09-28T15:20:24.350+00:00,779.624,RX,baseline,00119E73,1,5,01 00 00 73 9E
2026-09-28T15:20:24.355+00:00,784.646,RX,baseline,00011F59,1,7,01 00 00 0F 03 59 1F
2026-09-28T15:20:24.355+00:00,784.711,RX,baseline,00111F59,1,5,01 00 00 59 1F
2026-09-28T15:20:24.360+00:00,789.741,RX,baseline,00015C2A,1,7,01 00 00 0F 03 2A 5C
2026-09-28T15:20:24.360+00:00,789.865,RX,baseline,00115C2A,1,5,01 00 00 2A 5C
2026-09-28T15:20:24.365+00:00,794.695,RX,baseline,0001C4C6,1,7,01 00 00 0F 03 C6 C4
2026-09-28T15:20:24.365+00:00,794.760,RX,baseline,0011C4C6,1,5,01 00 00 C6 C4
2026-09-28T15:20:24.370+00:00,799.690,RX,baseline,00014E48,1,7,01 00 00 0F 03 48 4E
2026-09-28T15:20:24.370+00:00,799.775,RX,baseline,00114E48,1,5,01 00 00 48 4E
2026-09-28T15:20:24.375+00:00,804.687,RX,baseline,0001B46D,1,7,01 00 00 0F 03 6D B4
2026-09-28T15:20:24.375+00:00,804.771,RX,baseline,0011B46D,1,5,01 00 00 6D B4
2026-09-28T15:20:24.380+00:00,809.775,RX,baseline,00010514,1,7,01 00 00 0F 03 14 05
2026-09-28T15:20:24.380+00:00,809.873,RX,baseline,00110514,1,5,01 00 00 14 05
2026-09-28T15:20:24.385+00:00,814.311,RX,baseline,0001B1CB,1,7,01 00 00 0F 03 CB B1
2026-09-28T15:20:24.385+00:00,814.420,RX,baseline,0011B1CB,1,5,01 00 00 CB B1
2026-09-28T15:20:24.390+00:00,819.733,RX,baseline,00018292,1,7,01 00 00 0F 03 92 82
2026-09-28T15:20:24.390+00:00,819.834,RX,baseline,00118292,1,5,01 00 00 92 82
2026-09-28T15:20:24.395+00:00,824.566,RX,baseline,0001BE48,1,7,01 00 00 0F 03 48 BE
2026-09-28T15:20:24.395+00:00,824.645,RX,baseline,0011BE48,1,5,01 00 00 48 BE
2026-09-28T15:20:24.400+00:00,829.619,RX,baseline,0001012E,1,7,01 00 00 0F 03 2E 01
2026-09-28T15:20:24.400+00:00,829.711,RX,baseline,0011012E,1,5,01 00 00 2E 01
2026-09-28T15:20:24.405+00:00,834.504,RX,baseline,00014B02,1,7,01 00 00 0F 03 02 4B
2026-09-28T15:20:24.405+00:00,834.582,RX,baseline,00114B02,1,5,01 00 00 02 4B
2026-09-28T15:20:24.410+00:00,839.692,RX,baseline,00013419,1,7,01 00 00 0F 03 19 34
2026-09-28T15:20:24.410+00:00,839.774,RX,baseline,00113419,1,5,01 00 00 19 34
2026-09-28T15:20:24.415+00:00,844.368,RX,baseline,00016F4D,1,7,01 00 00 0F 03 4D 6F
2026-09-28T15:20:24.415+00:00,844.459,RX,baseline,00116F4D,1,5,01 00 00 4D 6F
2026-09-28T15:20:24.420+00:00,849.622,RX,baseline,000133D3,1,7,01 00 00 0F 03 D3 33
2026-09-28T15:20:24.420+00:00,849.707,RX,baseline,001133D3,1,5,01 00 00 D3 33
2026-09-28T15:20:24.425+00:00,854.557,RX,baseline,00015219,1,7,01 00 00 0F 03 19 52
2026-09-28T15:20:24.425+00:00,854.683,RX,baseline,00115219,1,5,01 00 00 19 52
2026-09-28T15:20:24.430+00:00,859.626,RX,baseline,0001CD3F,1,7,01 00 00 0F 03 3F CD
2026-09-28T15:20:24.430+00:00,859.742,RX,baseline,0011CD3F,1,5,01 00 00 3F CD
2026-09-28T15:20:24.435+00:00,864.347,RX,baseline,00010329,1,7,01 00 00 0F 03 29 03
2026-09-28T15:20:24.435+00:00,864.429,RX,baseline,00110329,1,5,01 00 00 29 03
2026-09-28T15:20:24.440+00:00,869.606,RX,baseline,00011337,1,7,01 00 00 0F 03 37 13
2026-09-28T15:20:24.440+00:00,869.690,RX,baseline,00111337,1,5,01 00 00 37 13
2026-09-28T15:20:24.445+00:00,874.405,RX,baseline,0001C5B0,1,7,01 00 00 0F 03 B0 C5
2026-09-28T15:20:24.445+00:00,874.485,RX,baseline,0011C5B0,1,5,01 00 00 B0 C5
2026-09-28T15:20:24.450+00:00,879.306,RX,baseline,00014672,1,7,01 00 00 0F 03 72 46
2026-09-28T15:20:24.450+00:00,879.543,RX,baseline,00114672,1,5,01 00 00 72 46
2026-09-28T15:20:24.455+00:00,884.853,RX,baseline,0001F8D8,1,7,01 00 00 0F 03 D8 F8
2026-09-28T15:20:24.455+00:00,884.918,RX,baseline,0011F8D8,1,5,01 00 00 D8 F8
2026-09-28T15:20:24.460+00:00,889.567,RX,baseline,0001593E,1,7,01 00 00 0F 03 3E 59
2026-09-28T15:20:24.460+00:00,889.697,RX,baseline,0011593E,1,5,01 00 00 3E 59
2026-09-28T15:20:24.465+00:00,894.529,RX,baseline,0001BB40,1,7,01 00 00 0F 03 40 BB
2026-09-28T15:20:24.465+00:00,894.642,RX,baseline,0011BB40,1,5,01 00 00 40 BB
2026-09-28T15:20:24.470+00:00,899.573,RX,baseline,0001305E,1,7,01 00 00 0F 03 5E 30
2026-09-28T15:20:24.470+00:00,899.676,RX,baseline,0011305E,1,5,01 00 00 5E 30
2026-09-28T15:20:24.475+00:00,904.543,RX,baseline,0001656A,1,7,01 00 00 0F 03 6A 65
2026-09-28T15:20:24.475+00:00,904.626,RX,baseline,0011656A,1,5,01 00 00 6A 65
2026-09-28T15:20:24.480+00:00,909.594,RX,baseline,0001800B,1,7,01 00 00 0F 03 0B 80
2026-09-28T15:20:24.480+00:00,909.680,RX,baseline,0011800B,1,5,01 00 00 0B 80
2026-09-28T15:20:24.485+00:00,914.571,RX,baseline,00011BBF,1,7,01 00 00 0F 03 BF 1B
2026-09-28T15:20:24.485+00:00,914.682,RX,baseline,00111BBF,1,5,01 00 00 BF 1B
2026-09-28T15:20:24.490+00:00,919.543,RX,baseline,0001D3E5,1,7,01 00 00 0F 03 E5 D3
2026-09-28T15:20:24.490+00:00,919.634,RX,baseline,0011D3E5,1,5,01 00 00 E5 D3
2026-09-28T15:20:24.495+00:00,924.364,RX,baseline,00014785,1,7,01 00 00 0F 03 85 47
2026-09-28T15:20:24.495+00:00,924.486,RX,baseline,00114785,1,5,01 00 00 85 47
2026-09-28T15:20:24.500+00:00,929.731,RX,baseline,0001525A,1,7,01 00 00 0F 03 5A 52
2026-09-28T15:20:24.500+00:00,929.814,RX,baseline,0011525A,1,5,01 00 00 5A 52
2026-09-28T15:20:24.505+00:00,934.775,RX,baseline,00018703,1,7,01 00 00 0F 03 03 87
2026-09-28T15:20:24.505+00:00,934.860,RX,baseline,00118703,1,5,01 00 00 03 87
2026-09-28T15:20:24.510+00:00,939.865,RX,baseline,00011BCF,1,7,01 00 00 0F 03 CF 1B
2026-09-28T15:20:24.510+00:00,939.962,RX,baseline,00111BCF,1,5,01 00 00 CF 1B
2026-09-28T15:20:24.515+00:00,944.435,RX,baseline,0001CBA9,1,7,01 00 00 0F 03 A9 CB
2026-09-28T15:20:24.515+00:00,944.530,RX,baseline,0011CBA9,1,5,01 00 00 A9 CB
2026-09-28T15:20:24.520+00:00,949.798,RX,baseline,0001778D,1,7,01 00 00 0F 03 8D 77
2026-09-28T15:20:24.520+00:00,949.876,RX,baseline,0011778D,1,5,01 00 00 8D 77
2026-09-28T15:20:24.525+00:00,954.339,RX,baseline,000115E9,1,7,01 00 00 0F 03 E9 15
2026-09-28T15:20:24.525+00:00,954.494,RX,baseline,001115E9,1,5,01 00 00 E9 15
2026-09-28T15:20:24.530+00:00,959.845,RX,baseline,0001D440,1,7,01 00 00 0F 03 40 D4
2026-09-28T15:20:24.530+00:00,959.930,RX,baseline,0011D440,1,5,01 00 00 40 D4
2026-09-28T15:20:24.535+00:00,964.723,RX,baseline,0001AD35,1,7,01 00 00 0F 03 35 AD
2026-09-28T15:20:24.535+00:00,964.803,RX,baseline,0011AD35,1,5,01 00 00 35 AD
2026-09-28T15:20:24.540+00:00,969.892,RX,baseline,00011387,1,7,01 00 00 0F 03 87 13
2026-09-28T15:20:24.540+00:00,969.972,RX,baseline,00111387,1,5,01 00 00 87 13
2026-09-28T15:20:24.545+00:00,974.833,RX,baseline,00013735,1,7,01 00 00 0F 03 35 37
2026-09-28T15:20:24.545+00:00,974.916,RX,baseline,00113735,1,5,01 00 00 35 37
2026-09-28T15:20:24.550+00:00,979.355,RX,baseline,0001A3EC,1,7,01 00 00 0F 03 EC A3
2026-09-28T15:20:24.550+00:00,979.455,RX,baseline,0011A3EC,1,5,01 00 00 EC A3
2026-09-28T15:20:24.555+00:00,984.369,RX,baseline,00017C2D,1,7,01 00 00 0F 03 2D 7C
2026-09-28T15:20:24.555+00:00,984.465,RX,baseline,00117C2D,1,5,01 00 00 2D 7C
2026-09-28T15:20:24.560+00:00,989.897,RX,baseline,0001463B,1,7,01 00 00 0F 03 3B 46
2026-09-28T15:20:24.560+00:00,989.984,RX,baseline,0011463B,1,5,01 00 00 3B 46
2026-09-28T15:20:24.566+00:00,995.005,RX,baseline,00017337,1,7,01 00 00 0F 03 37 73
2026-09-28T15:20:24.566+00:00,995.092,RX,baseline,00117337,1,5,01 00 00 37 73
2026-09-28T15:20:24.570+00:00,999.368,RX,baseline,0001070C,1,7,01 00 00 0F 03 0C 07
2026-09-28T15:20:24.570+00:00,999.464,RX,baseline,0011070C,1,5,01 00 00 0C 07
2026-09-28T15:20:24.576+00:00,1005.023,RX,baseline,0001FBB8,1,7,01 00 00 0F 03 B8 FB
2026-09-28T15:20:24.576+00:00,1005.106,RX,baseline,0011FBB8,1,5,01 00 00 B8 FB
2026-09-28T15:20:24.580+00:00,1009.352,RX,baseline,0001CB03,1,7,01 00 00 0F 03 03 CB
2026-09-28T15:20:24.580+00:00,1009.442,RX,baseline,0011CB03,1,5,01 00 00 03 CB
2026-09-28T15:20:24.585+00:00,1014.405,RX,baseline,00014232,1,7,01 00 00 0F 03 32 42
2026-09-28T15:20:24.585+00:00,1014.500,RX,baseline,00114232,1,5,01 00 00 32 42
2026-09-28T15:20:24.590+00:00,1019.929,RX,baseline,0001880F,1,7,01 00 00 0F 03 0F 88
2026-09-28T15:20:24.591+00:00,1020.012,RX,baseline,0011880F,1,5,01 00 00 0F 88
2026-09-28T15:20:24.595+00:00,1024.872,RX,baseline,0001496A,1,7,01 00 00 0F 03 6A 49
2026-09-28T15:20:24.595+00:00,1024.968,RX,baseline,0011496A,1,5,01 00 00 6A 49
2026-09-28T15:20:24.600+00:00,1029.301,RX,baseline,000177B0,1,7,01 00 00 0F 03 B0 77
2026-09-28T15:20:24.600+00:00,1029.409,RX,baseline,001177B0,1,5,01 00 00 B0 77
2026-09-28T15:20:24.605+00:00,1034.387,RX,baseline,0001E17B,1,7,01 00 00 0F 03 7B E1
2026-09-28T15:20:24.605+00:00,1034.458,RX,baseline,0011E17B,1,5,01 00 00 7B E1
2026-09-28T15:20:24.610+00:00,1039.844,RX,baseline,0001BE0F,1,7,01 00 00 0F 03 0F BE
2026-09-28T15:20:24.610+00:00,1039.933,RX,baseline,0011BE0F,1,5,01 00 00 0F BE
2026-09-28T15:20:24.615+00:00,1044.358,RX,baseline,00016146,1,7,01 00 00 0F 03 46 61
2026-09-28T15:20:24.615+00:00,1044.447,RX,baseline,00116146,1,5,01 00 00 46 61
2026-09-28T15:20:24.620+00:00,1049.858,RX,baseline,0001D365,1,7,01 00 00 0F 03 65 D3
2026-09-28T15:20:24.621+00:00,1050.011,RX,baseline,0011D365,1,5,01 00 00 65 D3
2026-09-28T15:20:24.625+00:00,1054.344,RX,baseline,00011363,1,7,01 00 00 0F 03 63 13
2026-09-28T15:20:24.625+00:00,1054.583,RX,baseline,00111363,1,5,01 00 00 63 13
2026-09-28T15:20:24.630+00:00,1059.391,RX,baseline,00015109,1,7,01 00 00 0F 03 09 51
2026-09-28T15:20:24.630+00:00,1059.474,RX,baseline,00115109,1,5,01 00 00 09 51
2026-09-28T15:20:24.635+00:00,1064.389,RX,baseline,00015A81,1,7,01 00 00 0F 03 81 5A
2026-09-28T15:20:24.635+00:00,1064.458,RX,baseline,00115A81,1,5,01 00 00 81 5A
2026-09-28T15:20:24.640+00:00,1069.857,RX,baseline,0001B523,1,7,01 00 00 0F 03 23 B5
2026-09-28T15:20:24.640+00:00,1069.943,RX,baseline,0011B523,1,5,01 00 00 23 B5
2026-09-28T15:20:24.645+00:00,1074.372,RX,baseline,000101D5,1,7,01 00 00 0F 03 D5 01
2026-09-28T15:20:24.645+00:00,1074.499,RX,baseline,001101D5,1,5,01 00 00 D5 01
2026-09-28T15:20:24.650+00:00,1079.308,RX,baseline,000117CB,1,7,01 00 00 0F 03 CB 17
2026-09-28T15:20:24.650+00:00,1079.432,RX,baseline,001117CB,1,5,01 00 00 CB 17
2026-09-28T15:20:24.655+00:00,1084.265,RX,baseline,00019906,1,7,01 00 00 0F 03 06 99
2026-09-28T15:20:24.655+00:00,1084.576,RX,baseline,00119906,1,5,01 00 00 06 99
2026-09-28T15:20:24.660+00:00,1089.304,RX,baseline,0001BA23,1,7,01 00 00 0F 03 23 BA
2026-09-28T15:20:24.660+00:00,1089.583,RX,baseline,0011BA23,1,5,01 00 00 23 BA
2026-09-28T15:20:24.665+00:00,1094.258,RX,baseline,0001FFBD,1,7,01 00 00 0F 03 BD FF
2026-09-28T15:20:24.665+00:00,1094.428,RX,baseline,0011FFBD,1,5,01 00 00 BD FF
2026-09-28T15:20:24.670+00:00,1099.252,RX,baseline,00011FAC,1,7,01 00 00 0F 03 AC 1F
2026-09-28T15:20:24.670+00:00,1099.541,RX,baseline,00111FAC,1,5,01 00 00 AC 1F
2026-09-28T15:20:24.675+00:00,1104.288,RX,baseline,000153BD,1,7,01 00 00 0F 03 BD 53
2026-09-28T15:20:24.675+00:00,1104.455,RX,baseline,001153BD,1,5,01 00 00 BD 53
2026-09-28T15:20:24.680+00:00,1109.336,RX,baseline,0001EFE6,1,7,01 00 00 0F 03 E6 EF
2026-09-28T15:20:24.680+00:00,1109.524,RX,baseline,0011EFE6,1,5,01 00 00 E6 EF
2026-09-28T15:20:24.685+00:00,1114.226,RX,baseline,0001612F,1,7,01 00 00 0F 03 2F 61
2026-09-28T15:20:24.685+00:00,1114.567,RX,baseline,0011612F,1,5,01 00 00 2F 61
2026-09-28T15:20:24.690+00:00,1119.227,RX,baseline,0001C5FE,1,7,01 00 00 0F 03 FE C5
2026-09-28T15:20:24.690+00:00,1119.463,RX,baseline,0011C5FE,1,5,01 00 00 FE C5
2026-09-28T15:20:24.695+00:00,1124.341,RX,baseline,0001B38B,1,7,01 00 00 0F 03 8B B3
2026-09-28T15:20:24.695+00:00,1124.498,RX,baseline,0011B38B,1,5,01 00 00 8B B3
2026-09-28T15:20:24.700+00:00,1129.287,RX,baseline,0001420D,1,7,01 00 00 0F 03 0D 42
2026-09-28T15:20:24.700+00:00,1129.430,RX,baseline,0011420D,1,5,01 00 00 0D 42
2026-09-28T15:20:24.705+00:00,1134.242,RX,baseline,00014A43,1,7,01 00 00 0F 03 43 4A
2026-09-28T15:20:24.705+00:00,1134.754,RX,baseline,00114A43,1,5,01 00 00 43 4A
2026-09-28T15:20:24.710+00:00,1139.280,RX,baseline,0001CB42,1,7,01 00 00 0F 03 42 CB
2026-09-28T15:20:24.710+00:00,1139.509,RX,baseline,0011CB42,1,5,01 00 00 42 CB
2026-09-28T15:20:24.715+00:00,1144.323,RX,baseline,00014717,1,7,01 00 00 0F 03 17 47
2026-09-28T15:20:24.715+00:00,1144.510,RX,baseline,00114717,1,5,01 00 00 17 47
2026-09-28T15:20:24.720+00:00,1149.258,RX,baseline,000133E8,1,7,01 00 00 0F 03 E8 33
2026-09-28T15:20:24.720+00:00,1149.494,RX,baseline,001133E8,1,5,01 00 00 E8 33
2026-09-28T15:20:24.725+00:00,1154.338,RX,baseline,00017CC0,1,7,01 00 00 0F 03 C0 7C
2026-09-28T15:20:24.725+00:00,1154.431,RX,baseline,00117CC0,1,5,01 00 00 C0 7C
2026-09-28T15:20:24.730+00:00,1159.307,RX,baseline,00014420,1,7,01 00 00 0F 04 20 44
2026-09-28T15:20:24.730+00:00,1159.543,RX,baseline,00114420,1,5,01 00 00 20 44
2026-09-28T15:20:24.735+00:00,1164.342,RX,baseline,00013B51,1,7,01 00 00 0F 03 51 3B
2026-09-28T15:20:24.735+00:00,1164.451,RX,baseline,00113B51,1,5,01 00 00 51 3B
2026-09-28T15:20:24.740+00:00,1169.292,RX,baseline,00014DD0,1,7,01 00 00 0F 03 D0 4D
2026-09-28T15:20:24.740+00:00,1169.553,RX,baseline,00114DD0,1,5,01 00 00 D0 4D
2026-09-28T15:20:24.745+00:00,1174.248,RX,baseline,00012C80,1,7,01 00 00 0F 03 80 2C
2026-09-28T15:20:24.745+00:00,1174.489,RX,baseline,00112C80,1,5,01 00 00 80 2C
2026-09-28T15:20:24.750+00:00,1179.248,RX,baseline,0001D814,1,7,01 00 00 0F 03 14 D8
2026-09-28T15:20:24.750+00:00,1179.491,RX,baseline,0011D814,1,5,01 00 00 14 D8
2026-09-28T15:20:24.755+00:00,1184.235,RX,baseline,0001B8B3,1,7,01 00 00 0F 03 B3 B8
2026-09-28T15:20:24.755+00:00,1184.488,RX,baseline,0011B8B3,1,5,01 00 00 B3 B8
2026-09-28T15:20:24.760+00:00,1189.226,RX,baseline,0001C634,1,7,01 00 00 0F 03 34 C6
2026-09-28T15:20:24.760+00:00,1189.543,RX,baseline,0011C634,1,5,01 00 00 34 C6
2026-09-28T15:20:24.765+00:00,1194.307,RX,baseline,0001C68D,1,7,01 00 00 0F 03 8D C6
2026-09-28T15:20:24.765+00:00,1194.392,RX,baseline,0011C68D,1,5,01 00 00 8D C6
2026-09-28T15:20:24.770+00:00,1199.299,RX,baseline,0001B1E7,1,7,01 00 00 0F 03 E7 B1
2026-09-28T15:20:24.770+00:00,1199.538,RX,baseline,0011B1E7,1,5,01 00 00 E7 B1
2026-09-28T15:20:24.775+00:00,1204.228,RX,baseline,00012D45,1,7,01 00 00 0F 03 45 2D
2026-09-28T15:20:24.775+00:00,1204.503,RX,baseline,00112D45,1,5,01 00 00 45 2D
2026-09-28T15:20:24.780+00:00,1209.227,RX,baseline,0001FE73,1,7,01 00 00 0F 03 73 FE
2026-09-28T15:20:24.780+00:00,1209.407,RX,baseline,0011FE73,1,5,01 00 00 73 FE
2026-09-28T15:20:24.785+00:00,1214.227,RX,baseline,0001CF0D,1,7,01 00 00 0F 03 0D CF
2026-09-28T15:20:24.785+00:00,1214.525,RX,baseline,0011CF0D,1,5,01 00 00 0D CF
2026-09-28T15:20:24.790+00:00,1219.384,RX,baseline,00018DE4,1,7,01 00 00 0F 03 E4 8D
2026-09-28T15:20:24.790+00:00,1219.499,RX,baseline,00118DE4,1,5,01 00 00 E4 8D
2026-09-28T15:20:24.795+00:00,1224.847,RX,baseline,00019F61,1,7,01 00 00 0F 03 61 9F
2026-09-28T15:20:24.795+00:00,1224.946,RX,baseline,00119F61,1,5,01 00 00 61 9F
2026-09-28T15:20:24.800+00:00,1229.231,RX,baseline,00011F6F,1,7,01 00 00 0F 03 6F 1F
2026-09-28T15:20:24.800+00:00,1229.458,RX,baseline,00111F6F,1,5,01 00 00 6F 1F
2026-09-28T15:20:24.805+00:00,1234.272,RX,baseline,00019DE3,1,7,01 00 00 0F 03 E3 9D
2026-09-28T15:20:24.805+00:00,1234.582,RX,baseline,00119DE3,1,5,01 00 00 E3 9D
2026-09-28T15:20:24.810+00:00,1239.284,RX,baseline,0001D9C6,1,7,01 00 00 0F 03 C6 D9
2026-09-28T15:20:24.810+00:00,1239.425,RX,baseline,0011D9C6,1,5,01 00 00 C6 D9
2026-09-28T15:20:24.815+00:00,1244.261,RX,baseline,0001F13B,1,7,01 00 00 0F 03 3B F1
2026-09-28T15:20:24.815+00:00,1244.569,RX,baseline,0011F13B,1,5,01 00 00 3B F1
2026-09-28T15:20:24.820+00:00,1249.295,RX,baseline,0001A1DD,1,7,01 00 00 0F 03 DD A1
2026-09-28T15:20:24.820+00:00,1249.410,RX,baseline,0011A1DD,1,5,01 00 00 DD A1
2026-09-28T15:20:24.825+00:00,1254.256,RX,baseline,00014211,1,7,01 00 00 0F 03 11 42
2026-09-28T15:20:24.825+00:00,1254.547,RX,baseline,00114211,1,5,01 00 00 11 42
2026-09-28T15:20:24.830+00:00,1259.251,RX,baseline,0001C673,1,7,01 00 00 0F 03 73 C6
2026-09-28T15:20:24.830+00:00,1259.507,RX,baseline,0011C673,1,5,01 00 00 73 C6
2026-09-28T15:20:24.835+00:00,1264.244,RX,baseline,0001511D,1,7,01 00 00 0F 03 1D 51
2026-09-28T15:20:24.835+00:00,1264.494,RX,baseline,0011511D,1,5,01 00 00 1D 51
2026-09-28T15:20:24.840+00:00,1269.236,RX,baseline,0001E25E,1,7,01 00 00 0F 03 5E E2
2026-09-28T15:20:24.840+00:00,1269.486,RX,baseline,0011E25E,1,5,01 00 00 5E E2
2026-09-28T15:20:24.845+00:00,1274.364,RX,baseline,00014BDF,1,7,01 00 00 0F 03 DF 4B
2026-09-28T15:20:24.845+00:00,1274.479,RX,baseline,00114BDF,1,5,01 00 00 DF 4B
2026-09-28T15:20:24.850+00:00,1279.357,RX,baseline,0001436A,1,7,01 00 00 0F 03 6A 43
2026-09-28T15:20:24.850+00:00,1279.440,RX,baseline,0011436A,1,5,01 00 00 6A 43
2026-09-28T15:20:24.855+00:00,1284.249,RX,baseline,00016675,1,7,01 00 00 0F 03 75 66
2026-09-28T15:20:24.855+00:00,1284.484,RX,baseline,00116675,1,5,01 00 00 75 66
2026-09-28T15:20:24.860+00:00,1289.305,RX,baseline,0001B14E,1,7,01 00 00 0F 03 4E B1
2026-09-28T15:20:24.860+00:00,1289.383,RX,baseline,0011B14E,1,5,01 00 00 4E B1
2026-09-28T15:20:24.865+00:00,1294.196,RX,baseline,000191BC,1,7,01 00 00 0F 03 BC 91
2026-09-28T15:20:24.865+00:00,1294.474,RX,baseline,001191BC,1,5,01 00 00 BC 91
2026-09-28T15:20:24.870+00:00,1299.273,RX,baseline,00011FFC,1,7,01 00 00 0F 03 FC 1F
2026-09-28T15:20:24.870+00:00,1299.418,RX,baseline,00111FFC,1,5,01 00 00 FC 1F
2026-09-28T15:20:24.875+00:00,1304.268,RX,baseline,0001B390,1,7,01 00 00 0F 03 90 B3
2026-09-28T15:20:24.875+00:00,1304.456,RX,baseline,0011B390,1,5,01 00 00 90 B3
2026-09-28T15:20:24.880+00:00,1309.221,RX,baseline,0001E25D,1,7,01 00 00 0F 03 5D E2
2026-09-28T15:20:24.880+00:00,1309.410,RX,baseline,0011E25D,1,5,01 00 00 5D E2
2026-09-28T15:20:24.885+00:00,1314.262,RX,baseline,000113E6,1,7,01 00 00 0F 03 E6 13
2026-09-28T15:20:24.885+00:00,1314.435,RX,baseline,001113E6,1,5,01 00 00 E6 13
2026-09-28T15:20:24.890+00:00,1319.251,RX,baseline,00011A3C,1,7,01 00 00 0F 03 3C 1A
2026-09-28T15:20:24.890+00:00,1319.409,RX,baseline,00111A3C,1,5,01 00 00 3C 1A
2026-09-28T15:20:24.895+00:00,1324.235,RX,baseline,0001D422,1,7,01 00 00 0F 03 22 D4
2026-09-28T15:20:24.895+00:00,1324.594,RX,baseline,0011D422,1,5,01 00 00 22 D4
2026-09-28T15:20:24.900+00:00,1329.237,RX,baseline,0001DBE1,1,7,01 00 00 0F 03 E1 DB
2026-09-28T15:20:24.900+00:00,1329.656,RX,baseline,0011DBE1,1,5,01 00 00 E1 DB
2026-09-28T15:20:24.905+00:00,1334.706,RX,baseline,0001B2CB,1,7,01 00 00 0F 03 CB B2
2026-09-28T15:20:24.905+00:00,1334.804,RX,baseline,0011B2CB,1,5,01 00 00 CB B2
2026-09-28T15:20:24.910+00:00,1339.807,RX,baseline,0001E3B6,1,7,01 00 00 0F 03 B6 E3
2026-09-28T15:20:24.910+00:00,1339.908,RX,baseline,0011E3B6,1,5,01 00 00 B6 E3
2026-09-28T15:20:24.915+00:00,1344.750,RX,baseline,0001F48D,1,7,01 00 00 0F 03 8D F4
2026-09-28T15:20:24.915+00:00,1344.850,RX,baseline,0011F48D,1,5,01 00 00 8D F4
2026-09-28T15:20:24.920+00:00,1349.849,RX,baseline,000125E9,1,7,01 00 00 0F 03 E9 25
2026-09-28T15:20:24.920+00:00,1349.929,RX,baseline,001125E9,1,5,01 00 00 E9 25
2026-09-28T15:20:24.925+00:00,1354.284,RX,baseline,00011C2D,1,7,01 00 00 0F 03 2D 1C
2026-09-28T15:20:24.925+00:00,1354.373,RX,baseline,00111C2D,1,5,01 00 00 2D 1C
2026-09-28T15:20:24.930+00:00,1359.784,RX,baseline,00013FE2,1,7,01 00 00 0F 03 E2 3F
2026-09-28T15:20:24.930+00:00,1359.869,RX,baseline,00113FE2,1,5,01 00 00 E2 3F
2026-09-28T15:20:24.935+00:00,1364.347,RX,baseline,0001F5DD,1,7,01 00 00 0F 03 DD F5
2026-09-28T15:20:24.935+00:00,1364.429,RX,baseline,0011F5DD,1,5,01 00 00 DD F5
2026-09-28T15:20:24.940+00:00,1369.829,RX,baseline,0001FD11,1,7,01 00 00 0F 03 11 FD
2026-09-28T15:20:24.940+00:00,1369.922,RX,baseline,0011FD11,1,5,01 00 00 11 FD
2026-09-28T15:20:24.945+00:00,1374.661,RX,baseline,00018B08,1,7,01 00 00 0F 03 08 8B
2026-09-28T15:20:24.945+00:00,1374.741,RX,baseline,00118B08,1,5,01 00 00 08 8B
2026-09-28T15:20:24.950+00:00,1379.805,RX,baseline,00010456,1,7,01 00 00 0F 03 56 04
2026-09-28T15:20:24.950+00:00,1379.902,RX,baseline,00110456,1,5,01 00 00 56 04
2026-09-28T15:20:24.955+00:00,1384.784,RX,baseline,0001D694,1,7,01 00 00 0F 03 94 D6
2026-09-28T15:20:24.955+00:00,1384.881,RX,baseline,0011D694,1,5,01 00 00 94 D6
2026-09-28T15:20:24.960+00:00,1389.669,RX,baseline,0001DD17,1,7,01 00 00 0F 03 17 DD
2026-09-28T15:20:24.960+00:00,1389.753,RX,baseline,0011DD17,1,5,01 00 00 17 DD
2026-09-28T15:20:24.965+00:00,1394.776,RX,baseline,00018E33,1,7,01 00 00 0F 03 33 8E
2026-09-28T15:20:24.965+00:00,1394.859,RX,baseline,00118E33,1,5,01 00 00 33 8E
2026-09-28T15:20:24.970+00:00,1399.331,RX,baseline,000142BE,1,7,01 00 00 0F 03 BE 42
2026-09-28T15:20:24.970+00:00,1399.425,RX,baseline,001142BE,1,5,01 00 00 BE 42
2026-09-28T15:20:24.975+00:00,1404.374,RX,baseline,0001F42A,1,7,01 00 00 0F 03 2A F4
2026-09-28T15:20:24.975+00:00,1404.485,RX,baseline,0011F42A,1,5,01 00 00 2A F4
2026-09-28T15:20:24.980+00:00,1409.724,RX,baseline,00012331,1,7,01 00 00 0F 03 31 23
2026-09-28T15:20:24.980+00:00,1409.808,RX,baseline,00112331,1,5,01 00 00 31 23
2026-09-28T15:20:24.985+00:00,1414.312,RX,baseline,0001EDC7,1,7,01 00 00 0F 03 C7 ED
2026-09-28T15:20:24.985+00:00,1414.399,RX,baseline,0011EDC7,1,5,01 00 00 C7 ED
2026-09-28T15:20:24.990+00:00,1419.885,RX,baseline,0001308B,1,7,01 00 00 0F 03 8B 30
2026-09-28T15:20:24.990+00:00,1419.971,RX,baseline,0011308B,1,5,01 00 00 8B 30
2026-09-28T15:20:24.995+00:00,1424.374,RX,baseline,00017152,1,7,01 00 00 0F 03 52 71
2026-09-28T15:20:24.995+00:00,1424.456,RX,baseline,00117152,1,5,01 00 00 52 71
2026-09-28T15:20:25.000+00:00,1429.335,RX,baseline,0001741B,1,7,01 00 00 0F 03 1B 74
2026-09-28T15:20:25.000+00:00,1429.422,RX,baseline,0011741B,1,5,01 00 00 1B 74
2026-09-28T15:20:25.005+00:00,1434.874,RX,baseline,00017341,1,7,01 00 00 0F 03 41 73
2026-09-28T15:20:25.005+00:00,1434.952,RX,baseline,00117341,1,5,01 00 00 41 73
2026-09-28T15:20:25.010+00:00,1439.851,RX,baseline,0001646D,1,7,01 00 00 0F 03 6D 64
2026-09-28T15:20:25.010+00:00,1439.944,RX,baseline,0011646D,1,5,01 00 00 6D 64
2026-09-28T15:20:25.015+00:00,1444.782,RX,baseline,00016CFD,1,7,01 00 00 0F 03 FD 6C
2026-09-28T15:20:25.015+00:00,1444.876,RX,baseline,00116CFD,1,5,01 00 00 FD 6C
2026-09-28T15:20:25.021+00:00,1450.122,RX,baseline,000185F1,1,7,01 00 00 0F 03 F1 85
2026-09-28T15:20:25.021+00:00,1450.209,RX,baseline,001185F1,1,5,01 00 00 F1 85
2026-09-28T15:20:25.025+00:00,1454.333,RX,baseline,0001A869,1,7,01 00 00 0F 03 69 A8
2026-09-28T15:20:25.025+00:00,1454.417,RX,baseline,0011A869,1,5,01 00 00 69 A8
2026-09-28T15:20:25.030+00:00,1459.340,RX,baseline,0001C181,1,7,01 00 00 0F 03 81 C1
2026-09-28T15:20:25.030+00:00,1459.425,RX,baseline,0011C181,1,5,01 00 00 81 C1
2026-09-28T15:20:25.035+00:00,1464.269,RX,baseline,00015E1F,1,7,01 00 00 0F 03 1F 5E
2026-09-28T15:20:25.035+00:00,1464.464,RX,baseline,00115E1F,1,5,01 00 00 1F 5E
2026-09-28T15:20:25.040+00:00,1469.387,RX,baseline,000179C2,1,7,01 00 00 0F 03 C2 79
2026-09-28T15:20:25.040+00:00,1469.471,RX,baseline,001179C2,1,5,01 00 00 C2 79
2026-09-28T15:20:25.045+00:00,1474.834,RX,baseline,0001C8F1,1,7,01 00 00 0F 03 F1 C8
2026-09-28T15:20:25.045+00:00,1474.917,RX,baseline,0011C8F1,1,5,01 00 00 F1 C8
2026-09-28T15:20:25.050+00:00,1479.331,RX,baseline,00019849,1,7,01 00 00 0F 03 49 98
2026-09-28T15:20:25.050+00:00,1479.414,RX,baseline,00119849,1,5,01 00 00 49 98
2026-09-28T15:20:25.055+00:00,1484.370,RX,baseline,00016433,1,7,01 00 00 0F 03 33 64
2026-09-28T15:20:25.055+00:00,1484.450,RX,baseline,00116433,1,5,01 00 00 33 64
2026-09-28T15:20:25.060+00:00,1489.342,RX,baseline,000194E0,1,7,01 00 00 0F 03 E0 94
2026-09-28T15:20:25.060+00:00,1489.431,RX,baseline,001194E0,1,5,01 00 00 E0 94
2026-09-28T15:20:25.065+00:00,1494.372,RX,baseline,00016EDC,1,7,01 00 00 0F 03 DC 6E
2026-09-28T15:20:25.065+00:00,1494.455,RX,baseline,00116EDC,1,5,01 00 00 DC 6E
2026-09-28T15:20:25.070+00:00,1499.358,RX,baseline,0001BD5E,1,7,01 00 00 0F 03 5E BD
2026-09-28T15:20:25.070+00:00,1499.463,RX,baseline,0011BD5E,1,5,01 00 00 5E BD
2026-09-28T15:20:25.075+00:00,1504.308,RX,baseline,00019C7E,1,7,01 00 00 0F 03 7E 9C
2026-09-28T15:20:25.075+00:00,1504.396,RX,baseline,00119C7E,1,5,01 00 00 7E 9C
2026-09-28T15:20:25.080+00:00,1509.294,RX,baseline,0001B5F8,1,7,01 00 00 0F 03 F8 B5
2026-09-28T15:20:25.080+00:00,1509.381,RX,baseline,0011B5F8,1,5,01 00 00 F8 B5
2026-09-28T15:20:25.085+00:00,1514.331,RX,baseline,00017DA4,1,7,01 00 00 0F 03 A4 7D
2026-09-28T15:20:25.085+00:00,1514.571,RX,baseline,00117DA4,1,5,01 00 00 A4 7D
2026-09-28T15:20:25.090+00:00,1519.330,RX,baseline,000181E7,1,7,01 00 00 0F 03 E7 81
2026-09-28T15:20:25.090+00:00,1519.399,RX,baseline,001181E7,1,5,01 00 00 E7 81
2026-09-28T15:20:25.095+00:00,1524.565,RX,baseline,00015C16,1,7,01 00 00 0F 03 16 5C
2026-09-28T15:20:25.095+00:00,1524.660,RX,baseline,00115C16,1,5,01 00 00 16 5C
2026-09-28T15:20:25.100+00:00,1529.744,RX,baseline,0001EDE5,1,7,01 00 00 0F 03 E5 ED
2026-09-28T15:20:25.100+00:00,1529.808,RX,baseline,0011EDE5,1,5,01 00 00 E5 ED
2026-09-28T15:20:25.105+00:00,1534.492,RX,baseline,0001E41A,1,7,01 00 00 0F 03 1A E4
2026-09-28T15:20:25.105+00:00,1534.570,RX,baseline,0011E41A,1,5,01 00 00 1A E4
2026-09-28T15:20:25.110+00:00,1539.548,RX,baseline,0001D9C8,1,7,01 00 00 0F 03 C8 D9
2026-09-28T15:20:25.110+00:00,1539.630,RX,baseline,0011D9C8,1,5,01 00 00 C8 D9
2026-09-28T15:20:25.115+00:00,1544.471,RX,baseline,0001A2A1,1,7,01 00 00 0F 03 A1 A2
2026-09-28T15:20:25.115+00:00,1544.535,RX,baseline,0011A2A1,1,5,01 00 00 A1 A2
2026-09-28T15:20:25.120+00:00,1549.545,RX,baseline,00011443,1,7,01 00 00 0F 03 43 14
2026-09-28T15:20:25.120+00:00,1549.637,RX,baseline,00111443,1,5,01 00 00 43 14
2026-09-28T15:20:25.125+00:00,1554.499,RX,baseline,0001750B,1,7,01 00 00 0F 03 0B 75
2026-09-28T15:20:25.125+00:00,1554.599,RX,baseline,0011750B,1,5,01 00 00 0B 75
2026-09-28T15:20:25.130+00:00,1559.541,RX,baseline,00016B99,1,7,01 00 00 0F 03 99 6B
2026-09-28T15:20:25.130+00:00,1559.642,RX,baseline,00116B99,1,5,01 00 00 99 6B
2026-09-28T15:20:25.135+00:00,1564.366,RX,baseline,00013DDD,1,7,01 00 00 0F 03 DD 3D
2026-09-28T15:20:25.135+00:00,1564.442,RX,baseline,00113DDD,1,5,01 00 00 DD 3D
2026-09-28T15:20:25.140+00:00,1569.346,RX,baseline,00015BC5,1,7,01 00 00 0F 03 C5 5B
2026-09-28T15:20:25.140+00:00,1569.415,RX,baseline,00115BC5,1,5,01 00 00 C5 5B
2026-09-28T15:20:25.145+00:00,1574.261,RX,baseline,0001A6A6,1,7,01 00 00 0F 03 A6 A6
2026-09-28T15:20:25.145+00:00,1574.488,RX,baseline,0011A6A6,1,5,01 00 00 A6 A6
2026-09-28T15:20:25.150+00:00,1579.251,RX,baseline,0001865D,1,7,01 00 00 0F 03 5D 86
2026-09-28T15:20:25.150+00:00,1579.472,RX,baseline,0011865D,1,5,01 00 00 5D 86
2026-09-28T15:20:25.155+00:00,1584.341,RX,baseline,00014DE3,1,7,01 00 00 0F 03 E3 4D
2026-09-28T15:20:25.155+00:00,1584.428,RX,baseline,00114DE3,1,5,01 00 00 E3 4D
2026-09-28T15:20:25.160+00:00,1589.468,RX,baseline,0001C646,1,7,01 00 00 0F 03 46 C6
2026-09-28T15:20:25.160+00:00,1589.526,RX,baseline,0011C646,1,5,01 00 00 46 C6
2026-09-28T15:20:25.165+00:00,1594.288,RX,baseline,0001749F,1,7,01 00 00 0F 03 9F 74
2026-09-28T15:20:25.165+00:00,1594.372,RX,baseline,0011749F,1,5,01 00 00 9F 74
2026-09-28T15:20:25.170+00:00,1599.369,RX,baseline,000150EE,1,7,01 00 00 0F 03 EE 50
2026-09-28T15:20:25.170+00:00,1599.436,RX,baseline,001150EE,1,5,01 00 00 EE 50
2026-09-28T15:20:25.175+00:00,1604.363,RX,baseline,0001622A,1,7,01 00 00 0F 03 2A 62
2026-09-28T15:20:25.175+00:00,1604.456,RX,baseline,0011622A,1,5,01 00 00 2A 62
2026-09-28T15:20:25.180+00:00,1609.447,RX,baseline,0001D8A0,1,7,01 00 00 0F 03 A0 D8
2026-09-28T15:20:25.180+00:00,1609.491,RX,baseline,0011D8A0,1,5,01 00 00 A0 D8
2026-09-28T15:20:25.185+00:00,1614.293,RX,baseline,00013512,1,7,01 00 00 0F 03 12 35
2026-09-28T15:20:25.185+00:00,1614.379,RX,baseline,00113512,1,5,01 00 00 12 35
2026-09-28T15:20:25.190+00:00,1619.423,RX,baseline,0001D339,1,7,01 00 00 0F 03 39 D3
2026-09-28T15:20:25.190+00:00,1619.479,RX,baseline,0011D339,1,5,01 00 00 39 D3
2026-09-28T15:20:25.195+00:00,1624.350,RX,baseline,0001F34C,1,7,01 00 00 0F 03 4C F3
2026-09-28T15:20:25.195+00:00,1624.405,RX,baseline,0011F34C,1,5,01 00 00 4C F3
2026-09-28T15:20:25.200+00:00,1629.235,RX,baseline,00011A3F,1,7,01 00 00 0F 03 3F 1A
2026-09-28T15:20:25.200+00:00,1629.453,RX,baseline,00111A3F,1,5,01 00 00 3F 1A
2026-09-28T15:20:25.205+00:00,1634.236,RX,baseline,00014428,1,7,01 00 00 0F 03 28 44
2026-09-28T15:20:25.205+00:00,1634.447,RX,baseline,00114428,1,5,01 00 00 28 44
2026-09-28T15:20:25.210+00:00,1639.205,RX,baseline,0001ED2E,1,7,01 00 00 0F 03 2E ED
2026-09-28T15:20:25.210+00:00,1639.424,RX,baseline,0011ED2E,1,5,01 00 00 2E ED
2026-09-28T15:20:25.215+00:00,1644.345,RX,baseline,0001918A,1,7,01 00 00 0F 03 8A 91
2026-09-28T15:20:25.215+00:00,1644.400,RX,baseline,0011918A,1,5,01 00 00 8A 91
2026-09-28T15:20:25.220+00:00,1649.211,RX,baseline,00019874,1,7,01 00 00 0F 03 74 98
2026-09-28T15:20:25.220+00:00,1649.439,RX,baseline,00119874,1,5,01 00 00 74 98
2026-09-28T15:20:25.225+00:00,1654.207,RX,baseline,0001067B,1,7,01 00 00 0F 03 7B 06
2026-09-28T15:20:25.225+00:00,1654.434,RX,baseline,0011067B,1,5,01 00 00 7B 06
2026-09-28T15:20:25.230+00:00,1659.205,RX,baseline,00018F74,1,7,01 00 00 0F 03 74 8F
2026-09-28T15:20:25.230+00:00,1659.423,RX,baseline,00118F74,1,5,01 00 00 74 8F
2026-09-28T15:20:25.235+00:00,1664.351,RX,baseline,00015010,1,7,01 00 00 0F 03 10 50
2026-09-28T15:20:25.235+00:00,1664.406,RX,baseline,00115010,1,5,01 00 00 10 50
2026-09-28T15:20:25.240+00:00,1669.167,RX,baseline,00019189,1,7,01 00 00 0F 03 89 91
2026-09-28T15:20:25.240+00:00,1669.410,RX,baseline,00119189,1,5,01 00 00 89 91
2026-09-28T15:20:25.245+00:00,1674.499,RX,baseline,00018E3A,1,7,01 00 00 0F 03 3A 8E
2026-09-28T15:20:25.245+00:00,1674.562,RX,baseline,00118E3A,1,5,01 00 00 3A 8E
2026-09-28T15:20:25.250+00:00,1679.308,RX,baseline,00019DDE,1,7,01 00 00 0F 03 DE 9D
2026-09-28T15:20:25.250+00:00,1679.388,RX,baseline,00119DDE,1,5,01 00 00 DE 9D
2026-09-28T15:20:25.255+00:00,1684.454,RX,baseline,000104F9,1,7,01 00 00 0F 03 F9 04
2026-09-28T15:20:25.255+00:00,1684.518,RX,baseline,001104F9,1,5,01 00 00 F9 04
2026-09-28T15:20:25.260+00:00,1689.597,RX,baseline,0001F398,1,7,01 00 00 0F 03 98 F3
2026-09-28T15:20:25.260+00:00,1689.697,RX,baseline,0011F398,1,5,01 00 00 98 F3
2026-09-28T15:20:25.265+00:00,1694.245,RX,baseline,0001870B,1,7,01 00 00 0F 03 0B 87
2026-09-28T15:20:25.265+00:00,1694.367,RX,baseline,0011870B,1,5,01 00 00 0B 87
2026-09-28T15:20:25.270+00:00,1699.359,RX,baseline,00012FA1,1,7,01 00 00 0F 03 A1 2F
2026-09-28T15:20:25.270+00:00,1699.474,RX,baseline,00112FA1,1,5,01 00 00 A1 2F
2026-09-28T15:20:25.275+00:00,1704.247,RX,baseline,0001A210,1,7,01 00 00 0F 03 10 A2
2026-09-28T15:20:25.275+00:00,1704.342,RX,baseline,0011A210,1,5,01 00 00 10 A2
2026-09-28T15:20:25.280+00:00,1709.251,RX,baseline,0001E71B,1,7,01 00 00 0F 03 1B E7
2026-09-28T15:20:25.280+00:00,1709.352,RX,baseline,0011E71B,1,5,01 00 00 1B E7
2026-09-28T15:20:25.285+00:00,1714.259,RX,baseline,0001F0B3,1,7,01 00 00 0F 03 B3 F0
2026-09-28T15:20:25.285+00:00,1714.352,RX,baseline,0011F0B3,1,5,01 00 00 B3 F0
2026-09-28T15:20:25.290+00:00,1719.183,RX,baseline,00017142,1,7,01 00 00 0F 03 42 71
2026-09-28T15:20:25.290+00:00,1719.441,RX,baseline,00117142,1,5,01 00 00 42 71
2026-09-28T15:20:25.295+00:00,1724.196,RX,baseline,0001725B,1,7,01 00 00 0F 03 5B 72
2026-09-28T15:20:25.295+00:00,1724.417,RX,baseline,0011725B,1,5,01 00 00 5B 72
2026-09-28T15:20:25.300+00:00,1729.174,RX,baseline,00017142,1,7,01 00 00 0F 03 42 71
2026-09-28T15:20:25.300+00:00,1729.409,RX,baseline,00117142,1,5,01 00 00 42 71
2026-09-28T15:20:25.305+00:00,1734.140,RX,baseline,00010477,1,7,01 00 00 0F 03 77 04
2026-09-28T15:20:25.305+00:00,1734.366,RX,baseline,00110477,1,5,01 00 00 77 04
2026-09-28T15:20:25.310+00:00,1739.920,RX,baseline,0001D850,1,7,01 00 00 0F 03 50 D8
2026-09-28T15:20:25.311+00:00,1740.010,RX,baseline,0011D850,1,5,01 00 00 50 D8
2026-09-28T15:20:25.315+00:00,1744.478,RX,baseline,00018058,1,7,01 00 00 0F 03 58 80
2026-09-28T15:20:25.315+00:00,1744.579,RX,baseline,00118058,1,5,01 00 00 58 80
2026-09-28T15:20:25.320+00:00,1749.307,RX,baseline,0001FA07,1,7,01 00 00 0F 03 07 FA
2026-09-28T15:20:25.320+00:00,1749.388,RX,baseline,0011FA07,1,5,01 00 00 07 FA
2026-09-28T15:20:25.325+00:00,1754.314,RX,baseline,0001F93F,1,7,01 00 00 0F 03 3F F9
2026-09-28T15:20:25.325+00:00,1754.395,RX,baseline,0011F93F,1,5,01 00 00 3F F9
2026-09-28T15:20:25.330+00:00,1759.476,RX,baseline,000124D5,1,7,01 00 00 0F 03 D5 24
2026-09-28T15:20:25.330+00:00,1759.624,RX,baseline,001124D5,1,5,01 00 00 D5 24
2026-09-28T15:20:25.335+00:00,1764.382,RX,baseline,0001E504,1,7,01 00 00 0F 03 04 E5
2026-09-28T15:20:25.335+00:00,1764.464,RX,baseline,0011E504,1,5,01 00 00 04 E5
2026-09-28T15:20:25.340+00:00,1769.268,RX,baseline,0001D602,1,7,01 00 00 0F 03 02 D6
2026-09-28T15:20:25.340+00:00,1769.319,RX,baseline,0011D602,1,5,01 00 00 02 D6
2026-09-28T15:20:25.345+00:00,1774.172,RX,baseline,0001D27F,1,7,01 00 00 0F 03 7F D2
2026-09-28T15:20:25.345+00:00,1774.459,RX,baseline,0011D27F,1,5,01 00 00 7F D2
2026-09-28T15:20:25.350+00:00,1779.334,RX,baseline,00016C8D,1,7,01 00 00 0F 03 8D 6C
2026-09-28T15:20:25.350+00:00,1779.399,RX,baseline,00116C8D,1,5,01 00 00 8D 6C
2026-09-28T15:20:25.355+00:00,1784.348,RX,baseline,0001079F,1,7,01 00 00 0F 03 9F 07
2026-09-28T15:20:25.355+00:00,1784.422,RX,baseline,0011079F,1,5,01 00 00 9F 07
2026-09-28T15:20:25.360+00:00,1789.356,RX,baseline,0001DFFC,1,7,01 00 00 0F 04 FC DF
2026-09-28T15:20:25.360+00:00,1789.440,RX,baseline,0011DFFC,1,5,01 00 00 FC DF
2026-09-28T15:20:25.365+00:00,1794.342,RX,baseline,000129D4,1,7,01 00 00 0F 03 D4 29
2026-09-28T15:20:25.365+00:00,1794.413,RX,baseline,001129D4,1,5,01 00 00 D4 29
2026-09-28T15:20:25.370+00:00,1799.421,RX,baseline,000133D3,1,7,01 00 00 0F 03 D3 33
2026-09-28T15:20:25.370+00:00,1799.515,RX,baseline,001133D3,1,5,01 00 00 D3 33
2026-09-28T15:20:25.375+00:00,1804.368,RX,baseline,0001F231,1,7,01 00 00 0F 03 31 F2
2026-09-28T15:20:25.375+00:00,1804.457,RX,baseline,0011F231,1,5,01 00 00 31 F2
2026-09-28T15:20:25.380+00:00,1809.388,RX,baseline,00010644,1,7,01 00 00 0F 03 44 06
2026-09-28T15:20:25.380+00:00,1809.470,RX,baseline,00110644,1,5,01 00 00 44 06
2026-09-28T15:20:25.385+00:00,1814.384,RX,baseline,00011B70,1,7,01 00 00 0F 03 70 1B
2026-09-28T15:20:25.385+00:00,1814.459,RX,baseline,00111B70,1,5,01 00 00 70 1B
2026-09-28T15:20:25.390+00:00,1819.403,RX,baseline,0001705E,1,7,01 00 00 0F 03 5E 70
2026-09-28T15:20:25.390+00:00,1819.480,RX,baseline,0011705E,1,5,01 00 00 5E 70
2026-09-28T15:20:25.395+00:00,1824.208,RX,baseline,0001B2CA,1,7,01 00 00 0F 03 CA B2
2026-09-28T15:20:25.395+00:00,1824.449,RX,baseline,0011B2CA,1,5,01 00 00 CA B2
2026-09-28T15:20:25.400+00:00,1829.170,RX,baseline,0001DFC4,1,7,01 00 00 0F 03 C4 DF
2026-09-28T15:20:25.400+00:00,1829.408,RX,baseline,0011DFC4,1,5,01 00 00 C4 DF
2026-09-28T15:20:25.405+00:00,1834.245,RX,baseline,0001ED37,1,7,01 00 00 0F 03 37 ED
2026-09-28T15:20:25.405+00:00,1834.473,RX,baseline,0011ED37,1,5,01 00 00 37 ED
2026-09-28T15:20:25.410+00:00,1839.169,RX,baseline,0001B1B0,1,7,01 00 00 0F 03 B0 B1
2026-09-28T15:20:25.410+00:00,1839.410,RX,baseline,0011B1B0,1,5,01 00 00 B0 B1
2026-09-28T15:20:25.415+00:00,1844.264,RX,baseline,0001918C,1,7,01 00 00 0F 03 8C 91
2026-09-28T15:20:25.415+00:00,1844.372,RX,baseline,0011918C,1,5,01 00 00 8C 91
2026-09-28T15:20:25.420+00:00,1849.170,RX,baseline,000124D2,1,7,01 00 00 0F 03 D2 24
2026-09-28T15:20:25.420+00:00,1849.405,RX,baseline,001124D2,1,5,01 00 00 D2 24
2026-09-28T15:20:25.425+00:00,1854.235,RX,baseline,000104A5,1,7,01 00 00 0F 03 A5 04
2026-09-28T15:20:25.425+00:00,1854.453,RX,baseline,001104A5,1,5,01 00 00 A5 04
2026-09-28T15:20:25.430+00:00,1859.146,RX,baseline,00011B49,1,7,01 00 00 0F 03 49 1B
2026-09-28T15:20:25.430+00:00,1859.393,RX,baseline,00111B49,1,5,01 00 00 49 1B
2026-09-28T15:20:25.435+00:00,1864.241,RX,baseline,0001776A,1,7,01 00 00 0F 03 6A 77
2026-09-28T15:20:25.435+00:00,1864.363,RX,baseline,0011776A,1,5,01 00 00 6A 77
2026-09-28T15:20:25.440+00:00,1869.166,RX,baseline,00016BC7,1,7,01 00 00 0F 03 C7 6B
2026-09-28T15:20:25.440+00:00,1869.407,RX,baseline,00116BC7,1,5,01 00 00 C7 6B
2026-09-28T15:20:25.445+00:00,1874.370,RX,baseline,0001A775,1,7,01 00 00 0F 03 75 A7
2026-09-28T15:20:25.445+00:00,1874.462,RX,baseline,0011A775,1,5,01 00 00 75 A7
2026-09-28T15:20:25.450+00:00,1879.348,RX,baseline,0001789E,1,7,01 00 00 0F 03 9E 78
2026-09-28T15:20:25.450+00:00,1879.427,RX,baseline,0011789E,1,5,01 00 00 9E 78
2026-09-28T15:20:25.455+00:00,1884.168,RX,baseline,000129AC,1,7,01 00 00 0F 03 AC 29
2026-09-28T15:20:25.455+00:00,1884.424,RX,baseline,001129AC,1,5,01 00 00 AC 29
2026-09-28T15:20:25.460+00:00,1889.188,RX,baseline,00018150,1,7,01 00 00 0F 03 50 81
2026-09-28T15:20:25.460+00:00,1889.409,RX,baseline,00118150,1,5,01 00 00 50 81
2026-09-28T15:20:25.465+00:00,1894.149,RX,baseline,0001B301,1,7,01 00 00 0F 03 01 B3
2026-09-28T15:20:25.465+00:00,1894.394,RX,baseline,0011B301,1,5,01 00 00 01 B3
2026-09-28T15:20:25.470+00:00,1899.162,RX,baseline,000156CC,1,7,01 00 00 0F 03 CC 56
2026-09-28T15:20:25.470+00:00,1899.468,RX,baseline,001156CC,1,5,01 00 00 CC 56
2026-09-28T15:20:25.475+00:00,1904.147,RX,baseline,0001B239,1,7,01 00 00 0F 03 39 B2
2026-09-28T15:20:25.475+00:00,1904.391,RX,baseline,0011B239,1,5,01 00 00 39 B2
2026-09-28T15:20:25.480+00:00,1909.143,RX,baseline,00012886,1,7,01 00 00 0F 03 86 28
2026-09-28T15:20:25.480+00:00,1909.409,RX,baseline,00112886,1,5,01 00 00 86 28
2026-09-28T15:20:25.485+00:00,1914.172,RX,baseline,00019E6A,1,7,01 00 00 0F 03 6A 9E
2026-09-28T15:20:25.485+00:00,1914.480,RX,baseline,00119E6A,1,5,01 00 00 6A 9E
2026-09-28T15:20:25.490+00:00,1919.153,RX,baseline,0001040C,1,7,01 00 00 0F 03 0C 04
2026-09-28T15:20:25.490+00:00,1919.411,RX,baseline,0011040C,1,5,01 00 00 0C 04
2026-09-28T15:20:25.495+00:00,1924.153,RX,baseline,00019893,1,7,01 00 00 0F 03 93 98
2026-09-28T15:20:25.495+00:00,1924.425,RX,baseline,00119893,1,5,01 00 00 93 98
2026-09-28T15:20:25.500+00:00,1929.154,RX,baseline,00018EBE,1,7,01 00 00 0F 03 BE 8E
2026-09-28T15:20:25.500+00:00,1929.397,RX,baseline,00118EBE,1,5,01 00 00 BE 8E
2026-09-28T15:20:25.505+00:00,1934.152,RX,baseline,00011F77,1,7,01 00 00 0F 03 77 1F
2026-09-28T15:20:25.505+00:00,1934.419,RX,baseline,00111F77,1,5,01 00 00 77 1F
2026-09-28T15:20:25.510+00:00,1939.135,RX,baseline,0001B4E4,1,7,01 00 00 0F 03 E4 B4
2026-09-28T15:20:25.510+00:00,1939.486,RX,baseline,0011B4E4,1,5,01 00 00 E4 B4
2026-09-28T15:20:25.515+00:00,1944.151,RX,baseline,00013FA1,1,7,01 00 00 0F 03 A1 3F
2026-09-28T15:20:25.515+00:00,1944.476,RX,baseline,00113FA1,1,5,01 00 00 A1 3F
2026-09-28T15:20:25.520+00:00,1949.150,RX,baseline,0001EB21,1,7,01 00 00 0F 03 21 EB
2026-09-28T15:20:25.520+00:00,1949.458,RX,baseline,0011EB21,1,5,01 00 00 21 EB
2026-09-28T15:20:25.525+00:00,1954.149,RX,baseline,0001163D,1,7,01 00 00 0F 03 3D 16
2026-09-28T15:20:25.525+00:00,1954.469,RX,baseline,0011163D,1,5,01 00 00 3D 16
2026-09-28T15:20:25.530+00:00,1959.150,RX,baseline,00018721,1,7,01 00 00 0F 03 21 87
2026-09-28T15:20:25.530+00:00,1959.363,RX,baseline,00118721,1,5,01 00 00 21 87
2026-09-28T15:20:25.535+00:00,1964.138,RX,baseline,0001282F,1,7,01 00 00 0F 03 2F 28
2026-09-28T15:20:25.535+00:00,1964.496,RX,baseline,0011282F,1,5,01 00 00 2F 28
2026-09-28T15:20:25.540+00:00,1969.152,RX,baseline,000101FA,1,7,01 00 00 0F 03 FA 01
2026-09-28T15:20:25.540+00:00,1969.346,RX,baseline,001101FA,1,5,01 00 00 FA 01
2026-09-28T15:20:25.545+00:00,1974.149,RX,baseline,00014783,1,7,01 00 00 0F 03 83 47
2026-09-28T15:20:25.545+00:00,1974.404,RX,baseline,00114783,1,5,01 00 00 83 47
2026-09-28T15:20:25.550+00:00,1979.149,RX,baseline,00018A87,1,7,01 00 00 0F 03 87 8A
2026-09-28T15:20:25.550+00:00,1979.411,RX,baseline,00118A87,1,5,01 00 00 87 8A
2026-09-28T15:20:25.555+00:00,1984.154,RX,baseline,00015C35,1,7,01 00 00 0F 03 35 5C
2026-09-28T15:20:25.555+00:00,1984.463,RX,baseline,00115C35,1,5,01 00 00 35 5C
2026-09-28T15:20:25.560+00:00,1989.148,RX,baseline,0001BBD1,1,7,01 00 00 0F 03 D1 BB
2026-09-28T15:20:25.560+00:00,1989.496,RX,baseline,0011BBD1,1,5,01 00 00 D1 BB
2026-09-28T15:20:25.565+00:00,1994.151,RX,baseline,000139E2,1,7,01 00 00 0F 03 E2 39
2026-09-28T15:20:25.565+00:00,1994.407,RX,baseline,001139E2,1,5,01 00 00 E2 39
2026-09-28T15:20:25.570+00:00,1999.137,RX,baseline,0001E344,1,7,01 00 00 0F 03 44 E3
2026-09-28T15:20:25.570+00:00,1999.488,RX,baseline,0011E344,1,5,01 00 00 44 E3
2026-09-28T15:20:25.575+00:00,2004.106,RX,baseline,00019AD9,1,7,01 00 00 0F 03 D9 9A
2026-09-28T15:20:25.575+00:00,2004.423,RX,baseline,00119AD9,1,5,01 00 00 D9 9A
2026-09-28T15:20:25.580+00:00,2009.149,RX,baseline,0001B03B,1,7,01 00 00 0F 03 3B B0
2026-09-28T15:20:25.580+00:00,2009.459,RX,baseline,0011B03B,1,5,01 00 00 3B B0
2026-09-28T15:20:25.585+00:00,2014.139,RX,baseline,000109AE,1,7,01 00 00 0F 03 AE 09
2026-09-28T15:20:25.585+00:00,2014.434,RX,baseline,001109AE,1,5,01 00 00 AE 09
2026-09-28T15:20:25.590+00:00,2019.156,RX,baseline,0001C629,1,7,01 00 00 0F 03 29 C6
2026-09-28T15:20:25.590+00:00,2019.384,RX,baseline,0011C629,1,5,01 00 00 29 C6
2026-09-28T15:20:25.595+00:00,2024.196,RX,baseline,0001BD35,1,7,01 00 00 0F 03 35 BD
2026-09-28T15:20:25.595+00:00,2024.414,RX,baseline,0011BD35,1,5,01 00 00 35 BD
2026-09-28T15:20:25.600+00:00,2029.176,RX,baseline,0001C46E,1,7,01 00 00 0F 03 6E C4
2026-09-28T15:20:25.600+00:00,2029.409,RX,baseline,0011C46E,1,5,01 00 00 6E C4
2026-09-28T15:20:25.605+00:00,2034.244,RX,baseline,00012F97,1,7,01 00 00 0F 03 97 2F
2026-09-28T15:20:25.605+00:00,2034.332,RX,baseline,00112F97,1,5,01 00 00 97 2F
2026-09-28T15:20:25.610+00:00,2039.213,RX,baseline,0001A298,1,7,01 00 00 0F 03 98 A2
2026-09-28T15:20:25.610+00:00,2039.366,RX,baseline,0011A298,1,5,01 00 00 98 A2
2026-09-28T15:20:25.615+00:00,2044.187,RX,baseline,00010BD9,1,7,01 00 00 0F 03 D9 0B
2026-09-28T15:20:25.615+00:00,2044.440,RX,baseline,00110BD9,1,5,01 00 00 D9 0B
2026-09-28T15:20:25.620+00:00,2049.168,RX,baseline,0001A997,1,7,01 00 00 0F 03 97 A9
2026-09-28T15:20:25.620+00:00,2049.438,RX,baseline,0011A997,1,5,01 00 00 97 A9
2026-09-28T15:20:25.625+00:00,2054.215,RX,baseline,0001460D,1,7,01 00 00 0F 03 0D 46
2026-09-28T15:20:25.625+00:00,2054.304,RX,baseline,0011460D,1,5,01 00 00 0D 46
2026-09-28T15:20:25.630+00:00,2059.139,RX,baseline,0001163A,1,7,01 00 00 0F 03 3A 16
2026-09-28T15:20:25.630+00:00,2059.410,RX,baseline,0011163A,1,5,01 00 00 3A 16
2026-09-28T15:20:25.635+00:00,2064.223,RX,baseline,0001810E,1,7,01 00 00 0F 03 0E 81
2026-09-28T15:20:25.635+00:00,2064.352,RX,baseline,0011810E,1,5,01 00 00 0E 81
2026-09-28T15:20:25.640+00:00,2069.213,RX,baseline,000176EB,1,7,01 00 00 0F 03 EB 76
2026-09-28T15:20:25.640+00:00,2069.314,RX,baseline,001176EB,1,5,01 00 00 EB 76
2026-09-28T15:20:25.645+00:00,2074.133,RX,baseline,0001F967,1,7,01 00 00 0F 03 67 F9
2026-09-28T15:20:25.645+00:00,2074.375,RX,baseline,0011F967,1,5,01 00 00 67 F9
2026-09-28T15:20:25.650+00:00,2079.153,RX,baseline,00010A78,1,7,01 00 00 0F 03 78 0A
2026-09-28T15:20:25.650+00:00,2079.491,RX,baseline,00110A78,1,5,01 00 00 78 0A
2026-09-28T15:20:25.655+00:00,2084.164,RX,baseline,00011FDF,1,7,01 00 00 0F 03 DF 1F
2026-09-28T15:20:25.655+00:00,2084.419,RX,baseline,00111FDF,1,5,01 00 00 DF 1F
2026-09-28T15:20:25.660+00:00,2089.143,RX,baseline,00012F7E,1,7,01 00 00 0F 04 7E 2F
2026-09-28T15:20:25.660+00:00,2089.412,RX,baseline,00112F7E,1,5,01 00 00 7E 2F
2026-09-28T15:20:25.665+00:00,2094.149,RX,baseline,0001BEC3,1,7,01 00 00 0F 03 C3 BE
2026-09-28T15:20:25.665+00:00,2094.379,RX,baseline,0011BEC3,1,5,01 00 00 C3 BE
2026-09-28T15:20:25.670+00:00,2099.166,RX,baseline,0001CFA6,1,7,01 00 00 0F 03 A6 CF
2026-09-28T15:20:25.670+00:00,2099.253,RX,baseline,0011CFA6,1,5,01 00 00 A6 CF
2026-09-28T15:20:25.675+00:00,2104.188,RX,baseline,00013FD8,1,7,01 00 00 0F 03 D8 3F
2026-09-28T15:20:25.675+00:00,2104.422,RX,baseline,00113FD8,1,5,01 00 00 D8 3F
2026-09-28T15:20:25.680+00:00,2109.154,RX,baseline,00015FD5,1,7,01 00 00 0F 03 D5 5F
2026-09-28T15:20:25.680+00:00,2109.373,RX,baseline,00115FD5,1,5,01 00 00 D5 5F
2026-09-28T15:20:25.685+00:00,2114.135,RX,baseline,0001A1AB,1,7,01 00 00 0F 03 AB A1
2026-09-28T15:20:25.685+00:00,2114.345,RX,baseline,0011A1AB,1,5,01 00 00 AB A1
2026-09-28T15:20:25.690+00:00,2119.200,RX,baseline,00010DFF,1,7,01 00 00 0F 03 FF 0D
2026-09-28T15:20:25.690+00:00,2119.327,RX,baseline,00110DFF,1,5,01 00 00 FF 0D
2026-09-28T15:20:25.695+00:00,2124.134,RX,baseline,0001DD8C,1,7,01 00 00 0F 03 8C DD
2026-09-28T15:20:25.695+00:00,2124.400,RX,baseline,0011DD8C,1,5,01 00 00 8C DD
2026-09-28T15:20:25.700+00:00,2129.125,RX,baseline,0001A73C,1,7,01 00 00 0F 03 3C A7
2026-09-28T15:20:25.700+00:00,2129.391,RX,baseline,0011A73C,1,5,01 00 00 3C A7
2026-09-28T15:20:25.705+00:00,2134.462,RX,baseline,0001287B,1,7,01 00 00 0F 03 7B 28
2026-09-28T15:20:25.705+00:00,2134.602,RX,baseline,0011287B,1,5,01 00 00 7B 28
2026-09-28T15:20:25.710+00:00,2139.898,RX,baseline,0001F855,1,7,01 00 00 0F 03 55 F8
2026-09-28T15:20:25.711+00:00,2139.983,RX,baseline,0011F855,1,5,01 00 00 55 F8
2026-09-28T15:20:25.715+00:00,2144.485,RX,baseline,0001F3D7,1,7,01 00 00 0F 03 D7 F3
2026-09-28T15:20:25.715+00:00,2144.601,RX,baseline,0011F3D7,1,5,01 00 00 D7 F3
2026-09-28T15:20:25.720+00:00,2149.497,RX,baseline,000140D8,1,7,01 00 00 0F 03 D8 40
2026-09-28T15:20:25.720+00:00,2149.671,RX,baseline,001140D8,1,5,01 00 00 D8 40
2026-09-28T15:20:25.725+00:00,2154.181,RX,baseline,00011384,1,7,01 00 00 0F 03 84 13
2026-09-28T15:20:25.725+00:00,2154.289,RX,baseline,00111384,1,5,01 00 00 84 13
2026-09-28T15:20:25.730+00:00,2159.241,RX,baseline,00014483,1,7,01 00 00 0F 03 83 44
2026-09-28T15:20:25.730+00:00,2159.340,RX,baseline,00114483,1,5,01 00 00 83 44
2026-09-28T15:20:25.735+00:00,2164.666,RX,baseline,0001C1E7,1,7,01 00 00 0F 03 E7 C1
2026-09-28T15:20:25.735+00:00,2164.764,RX,baseline,0011C1E7,1,5,01 00 00 E7 C1
2026-09-28T15:20:25.740+00:00,2169.859,RX,baseline,0001AC7B,1,7,01 00 00 0F 03 7B AC
2026-09-28T15:20:25.741+00:00,2169.974,RX,baseline,0011AC7B,1,5,01 00 00 7B AC
2026-09-28T15:20:25.745+00:00,2174.643,RX,baseline,00012EEF,1,7,01 00 00 0F 03 EF 2E
2026-09-28T15:20:25.745+00:00,2174.727,RX,baseline,00112EEF,1,5,01 00 00 EF 2E
2026-09-28T15:20:25.750+00:00,2179.325,RX,baseline,00014DA8,1,7,01 00 00 0F 03 A8 4D
2026-09-28T15:20:25.750+00:00,2179.403,RX,baseline,00114DA8,1,5,01 00 00 A8 4D
2026-09-28T15:20:25.755+00:00,2184.179,RX,baseline,000115FB,1,7,01 00 00 0F 03 FB 15
2026-09-28T15:20:25.755+00:00,2184.396,RX,baseline,001115FB,1,5,01 00 00 FB 15
2026-09-28T15:20:25.760+00:00,2189.122,RX,baseline,00011B3A,1,7,01 00 00 0F 03 3A 1B
2026-09-28T15:20:25.760+00:00,2189.366,RX,baseline,00111B3A,1,5,01 00 00 3A 1B
2026-09-28T15:20:25.765+00:00,2194.175,RX,baseline,00012B62,1,7,01 00 00 0F 03 62 2B
2026-09-28T15:20:25.765+00:00,2194.411,RX,baseline,00112B62,1,5,01 00 00 62 2B
2026-09-28T15:20:25.770+00:00,2199.176,RX,baseline,00010C15,1,7,01 00 00 0F 03 15 0C
2026-09-28T15:20:25.770+00:00,2199.409,RX,baseline,00110C15,1,5,01 00 00 15 0C
2026-09-28T15:20:25.775+00:00,2204.116,RX,baseline,0001B4E8,1,7,01 00 00 0F 03 E8 B4
2026-09-28T15:20:25.775+00:00,2204.360,RX,baseline,0011B4E8,1,5,01 00 00 E8 B4
2026-09-28T15:20:25.780+00:00,2209.328,RX,baseline,000113BF,1,7,01 00 00 0F 03 BF 13
2026-09-28T15:20:25.780+00:00,2209.389,RX,baseline,001113BF,1,5,01 00 00 BF 13
2026-09-28T15:20:25.785+00:00,2214.126,RX,baseline,00016563,1,7,01 00 00 0F 03 63 65
2026-09-28T15:20:25.785+00:00,2214.357,RX,baseline,00116563,1,5,01 00 00 63 65
2026-09-28T15:20:25.790+00:00,2219.110,RX,baseline,00013B02,1,7,01 00 00 0F 03 02 3B
2026-09-28T15:20:25.790+00:00,2219.364,RX,baseline,00113B02,1,5,01 00 00 02 3B
2026-09-28T15:20:25.795+00:00,2224.326,RX,baseline,00018A60,1,7,01 00 00 0F 03 60 8A
2026-09-28T15:20:25.795+00:00,2224.406,RX,baseline,00118A60,1,5,01 00 00 60 8A
2026-09-28T15:20:25.800+00:00,2229.359,RX,baseline,0001025E,1,7,01 00 00 0F 03 5E 02
2026-09-28T15:20:25.800+00:00,2229.436,RX,baseline,0011025E,1,5,01 00 00 5E 02
2026-09-28T15:20:25.805+00:00,2234.369,RX,baseline,0001B780,1,7,01 00 00 0F 03 80 B7
2026-09-28T15:20:25.805+00:00,2234.439,RX,baseline,0011B780,1,5,01 00 00 80 B7
2026-09-28T15:20:25.810+00:00,2239.324,RX,baseline,00015803,1,7,01 00 00 0F 03 03 58
2026-09-28T15:20:25.810+00:00,2239.405,RX,baseline,00115803,1,5,01 00 00 03 58
2026-09-28T15:20:25.815+00:00,2244.301,RX,baseline,000111F1,1,7,01 00 00 0F 03 F1 11
2026-09-28T15:20:25.815+00:00,2244.358,RX,baseline,001111F1,1,5,01 00 00 F1 11
2026-09-28T15:20:25.820+00:00,2249.340,RX,baseline,0001CCE8,1,7,01 00 00 0F 03 E8 CC
2026-09-28T15:20:25.820+00:00,2249.421,RX,baseline,0011CCE8,1,5,01 00 00 E8 CC
2026-09-28T15:20:25.825+00:00,2254.297,RX,baseline,0001532A,1,7,01 00 00 0F 03 2A 53
2026-09-28T15:20:25.825+00:00,2254.356,RX,baseline,0011532A,1,5,01 00 00 2A 53
2026-09-28T15:20:25.830+00:00,2259.352,RX,baseline,0001CC3C,1,7,01 00 00 0F 03 3C CC
2026-09-28T15:20:25.830+00:00,2259.450,RX,baseline,0011CC3C,1,5,01 00 00 3C CC
2026-09-28T15:20:25.835+00:00,2264.298,RX,baseline,00019CCE,1,7,01 00 00 0F 03 CE 9C
2026-09-28T15:20:25.835+00:00,2264.354,RX,baseline,00119CCE,1,5,01 00 00 CE 9C
2026-09-28T15:20:25.840+00:00,2269.316,RX,baseline,00015A42,1,7,01 00 00 0F 03 42 5A
2026-09-28T15:20:25.840+00:00,2269.390,RX,baseline,00115A42,1,5,01 00 00 42 5A
2026-09-28T15:20:25.845+00:00,2274.221,RX,baseline,00017865,1,7,01 00 00 0F 03 65 78
2026-09-28T15:20:25.845+00:00,2274.295,RX,baseline,00117865,1,5,01 00 00 65 78
2026-09-28T15:20:25.850+00:00,2279.173,RX,baseline,0001E356,1,7,01 00 00 0F 03 56 E3
2026-09-28T15:20:25.850+00:00,2279.386,RX,baseline,0011E356,1,5,01 00 00 56 E3
2026-09-28T15:20:25.855+00:00,2284.274,RX,baseline,0001A450,1,7,01 00 00 0F 03 50 A4
2026-09-28T15:20:25.855+00:00,2284.330,RX,baseline,0011A450,1,5,01 00 00 50 A4
2026-09-28T15:20:25.860+00:00,2289.325,RX,baseline,000115B4,1,7,01 00 00 0F 03 B4 15
2026-09-28T15:20:25.860+00:00,2289.419,RX,baseline,001115B4,1,5,01 00 00 B4 15
2026-09-28T15:20:25.865+00:00,2294.226,RX,baseline,00016820,1,7,01 00 00 0F 03 20 68
2026-09-28T15:20:25.865+00:00,2294.480,RX,baseline,00116820,1,5,01 00 00 20 68
2026-09-28T15:20:25.870+00:00,2299.137,RX,baseline,0001D830,1,7,01 00 00 0F 03 30 D8
2026-09-28T15:20:25.870+00:00,2299.436,RX,baseline,0011D830,1,5,01 00 00 30 D8
2026-09-28T15:20:25.875+00:00,2304.090,RX,baseline,0001153A,1,7,01 00 00 0F 03 3A 15
2026-09-28T15:20:25.875+00:00,2304.361,RX,baseline,0011153A,1,5,01 00 00 3A 15
2026-09-28T15:20:25.880+00:00,2309.204,RX,baseline,00019E01,1,7,01 00 00 0F 03 01 9E
2026-09-28T15:20:25.880+00:00,2309.456,RX,baseline,00119E01,1,5,01 00 00 01 9E
2026-09-28T15:20:25.885+00:00,2314.182,RX,baseline,00011964,1,7,01 00 00 0F 03 64 19
2026-09-28T15:20:25.885+00:00,2314.324,RX,baseline,00111964,1,5,01 00 00 64 19
2026-09-28T15:20:25.890+00:00,2319.238,RX,baseline,00010754,1,7,01 00 00 0F 03 54 07
2026-09-28T15:20:25.890+00:00,2319.382,RX,baseline,00110754,1,5,01 00 00 54 07
2026-09-28T15:20:25.895+00:00,2324.057,RX,baseline,0001ABBE,1,7,01 00 00 0F 03 BE AB
2026-09-28T15:20:25.895+00:00,2324.338,RX,baseline,0011ABBE,1,5,01 00 00 BE AB
2026-09-28T15:20:25.900+00:00,2329.128,RX,baseline,0001383A,1,7,01 00 00 0F 03 3A 38
2026-09-28T15:20:25.900+00:00,2329.390,RX,baseline,0011383A,1,5,01 00 00 3A 38
2026-09-28T15:20:25.905+00:00,2334.074,RX,baseline,0001152F,1,7,01 00 00 0F 03 2F 15
2026-09-28T15:20:25.905+00:00,2334.337,RX,baseline,0011152F,1,5,01 00 00 2F 15
2026-09-28T15:20:25.910+00:00,2339.102,RX,baseline,0001D32F,1,7,01 00 00 0F 03 2F D3
2026-09-28T15:20:25.910+00:00,2339.349,RX,baseline,0011D32F,1,5,01 00 00 2F D3
2026-09-28T15:20:25.915+00:00,2344.093,RX,baseline,00012443,1,7,01 00 00 0F 03 43 24
2026-09-28T15:20:25.915+00:00,2344.341,RX,baseline,00112443,1,5,01 00 00 43 24
2026-09-28T15:20:25.920+00:00,2349.205,RX,baseline,00018252,1,7,01 00 00 0F 03 52 82
2026-09-28T15:20:25.920+00:00,2349.322,RX,baseline,00118252,1,5,01 00 00 52 82
2026-09-28T15:20:25.925+00:00,2354.118,RX,baseline,00013D1D,1,7,01 00 00 0F 03 1D 3D
2026-09-28T15:20:25.925+00:00,2354.348,RX,baseline,00113D1D,1,5,01 00 00 1D 3D
2026-09-28T15:20:25.930+00:00,2359.133,RX,baseline,0001D5FF,1,7,01 00 00 0F 03 FF D5
2026-09-28T15:20:25.930+00:00,2359.363,RX,baseline,0011D5FF,1,5,01 00 00 FF D5
2026-09-28T15:20:25.935+00:00,2364.094,RX,baseline,0001C4E3,1,7,01 00 00 0F 03 E3 C4
2026-09-28T15:20:25.935+00:00,2364.339,RX,baseline,0011C4E3,1,5,01 00 00 E3 C4
2026-09-28T15:20:25.940+00:00,2369.104,RX,baseline,0001D170,1,7,01 00 00 0F 03 70 D1
2026-09-28T15:20:25.940+00:00,2369.232,RX,baseline,0011D170,1,5,01 00 00 70 D1
2026-09-28T15:20:25.945+00:00,2374.278,RX,baseline,0001ACCB,1,7,01 00 00 0F 03 CB AC
2026-09-28T15:20:25.945+00:00,2374.404,RX,baseline,0011ACCB,1,5,01 00 00 CB AC
2026-09-28T15:20:25.950+00:00,2379.272,RX,baseline,0001E18B,1,7,01 00 00 0F 03 8B E1
2026-09-28T15:20:25.950+00:00,2379.327,RX,baseline,0011E18B,1,5,01 00 00 8B E1
2026-09-28T15:20:25.955+00:00,2384.177,RX,baseline,00016FB6,1,7,01 00 00 0F 03 B6 6F
2026-09-28T15:20:25.955+00:00,2384.303,RX,baseline,00116FB6,1,5,01 00 00 B6 6F
2026-09-28T15:20:25.960+00:00,2389.144,RX,baseline,0001EC06,1,7,01 00 00 0F 03 06 EC
2026-09-28T15:20:25.960+00:00,2389.385,RX,baseline,0011EC06,1,5,01 00 00 06 EC
2026-09-28T15:20:25.965+00:00,2394.137,RX,baseline,000171FA,1,7,01 00 00 0F 03 FA 71
2026-09-28T15:20:25.965+00:00,2394.352,RX,baseline,001171FA,1,5,01 00 00 FA 71
2026-09-28T15:20:25.970+00:00,2399.106,RX,baseline,00011094,1,7,01 00 00 0F 03 94 10
2026-09-28T15:20:25.970+00:00,2399.335,RX,baseline,00111094,1,5,01 00 00 94 10
2026-09-28T15:20:25.975+00:00,2404.216,RX,baseline,000115D0,1,7,01 00 00 0F 03 D0 15
2026-09-28T15:20:25.975+00:00,2404.272,RX,baseline,001115D0,1,5,01 00 00 D0 15
2026-09-28T15:20:25.980+00:00,2409.100,RX,baseline,000197A6,1,7,01 00 00 0F 03 A6 97
2026-09-28T15:20:25.980+00:00,2409.345,RX,baseline,001197A6,1,5,01 00 00 A6 97
2026-09-28T15:20:25.985+00:00,2414.189,RX,baseline,00017376,1,7,01 00 00 0F 03 76 73
2026-09-28T15:20:25.985+00:00,2414.414,RX,baseline,00117376,1,5,01 00 00 76 73
2026-09-28T15:20:25.990+00:00,2419.134,RX,baseline,0001DE0E,1,7,01 00 00 0F 03 0E DE
2026-09-28T15:20:25.990+00:00,2419.356,RX,baseline,0011DE0E,1,5,01 00 00 0E DE
2026-09-28T15:20:25.995+00:00,2424.107,RX,baseline,0001030A,1,7,01 00 00 0F 03 0A 03
2026-09-28T15:20:25.995+00:00,2424.470,RX,baseline,0011030A,1,5,01 00 00 0A 03
2026-09-28T15:20:26.000+00:00,2429.732,RX,baseline,0001FA8E,1,7,01 00 00 0F 03 8E FA
2026-09-28T15:20:26.000+00:00,2429.816,RX,baseline,0011FA8E,1,5,01 00 00 8E FA
2026-09-28T15:20:26.005+00:00,2434.629,RX,baseline,000132B3,1,7,01 00 00 0F 03 B3 32
2026-09-28T15:20:26.005+00:00,2434.711,RX,baseline,001132B3,1,5,01 00 00 B3 32
2026-09-28T15:20:26.010+00:00,2439.711,RX,baseline,00012A0D,1,7,01 00 00 0F 03 0D 2A
2026-09-28T15:20:26.010+00:00,2439.819,RX,baseline,00112A0D,1,5,01 00 00 0D 2A
2026-09-28T15:20:26.015+00:00,2444.338,RX,baseline,00012683,1,7,01 00 00 0F 03 83 26
2026-09-28T15:20:26.015+00:00,2444.481,RX,baseline,00112683,1,5,01 00 00 83 26
2026-09-28T15:20:26.020+00:00,2449.152,RX,baseline,00016D08,1,7,01 00 00 0F 03 08 6D
2026-09-28T15:20:26.020+00:00,2449.396,RX,baseline,00116D08,1,5,01 00 00 08 6D
2026-09-28T15:20:26.025+00:00,2454.271,RX,baseline,0001A03C,1,7,01 00 00 0F 03 3C A0
2026-09-28T15:20:26.025+00:00,2454.327,RX,baseline,0011A03C,1,5,01 00 00 3C A0
2026-09-28T15:20:26.030+00:00,2459.274,RX,baseline,00015080,1,7,01 00 00 0F 03 80 50
2026-09-28T15:20:26.030+00:00,2459.329,RX,baseline,00115080,1,5,01 00 00 80 50
2026-09-28T15:20:26.035+00:00,2464.281,RX,baseline,000167E4,1,7,01 00 00 0F 03 E4 67
2026-09-28T15:20:26.035+00:00,2464.338,RX,baseline,001167E4,1,5,01 00 00 E4 67
2026-09-28T15:20:26.040+00:00,2469.269,RX,baseline,0001E274,1,7,01 00 00 0F 03 74 E2
2026-09-28T15:20:26.040+00:00,2469.325,RX,baseline,0011E274,1,5,01 00 00 74 E2
2026-09-28T15:20:26.045+00:00,2474.093,RX,baseline,0001F2CB,1,7,01 00 00 0F 03 CB F2
2026-09-28T15:20:26.045+00:00,2474.347,RX,baseline,0011F2CB,1,5,01 00 00 CB F2
2026-09-28T15:20:26.050+00:00,2479.224,RX,baseline,00013DA0,1,7,01 00 00 0F 03 A0 3D
2026-09-28T15:20:26.050+00:00,2479.281,RX,baseline,00113DA0,1,5,01 00 00 A0 3D
2026-09-28T15:20:26.055+00:00,2484.214,RX,baseline,0001ED67,1,7,01 00 00 0F 03 67 ED
2026-09-28T15:20:26.055+00:00,2484.288,RX,baseline,0011ED67,1,5,01 00 00 67 ED
2026-09-28T15:20:26.060+00:00,2489.269,RX,baseline,00017E20,1,7,01 00 00 0F 03 20 7E
2026-09-28T15:20:26.060+00:00,2489.326,RX,baseline,00117E20,1,5,01 00 00 20 7E
2026-09-28T15:20:26.065+00:00,2494.204,RX,baseline,00015D37,1,7,01 00 00 0F 03 37 5D
2026-09-28T15:20:26.065+00:00,2494.292,RX,baseline,00115D37,1,5,01 00 00 37 5D
2026-09-28T15:20:26.070+00:00,2499.108,RX,baseline,00017425,1,7,01 00 00 0F 03 25 74
2026-09-28T15:20:26.070+00:00,2499.323,RX,baseline,00117425,1,5,01 00 00 25 74
2026-09-28T15:20:26.075+00:00,2504.210,RX,baseline,00018A95,1,7,01 00 00 0F 03 95 8A
2026-09-28T15:20:26.075+00:00,2504.283,RX,baseline,00118A95,1,5,01 00 00 95 8A
2026-09-28T15:20:26.080+00:00,2509.270,RX,baseline,000123DD,1,7,01 00 00 0F 03 DD 23
2026-09-28T15:20:26.080+00:00,2509.326,RX,baseline,001123DD,1,5,01 00 00 DD 23
2026-09-28T15:20:26.085+00:00,2514.246,RX,baseline,00010B11,1,7,01 00 00 0F 03 11 0B
2026-09-28T15:20:26.085+00:00,2514.301,RX,baseline,00110B11,1,5,01 00 00 11 0B
2026-09-28T15:20:26.090+00:00,2519.270,RX,baseline,0001213E,1,7,01 00 00 0F 03 3E 21
2026-09-28T15:20:26.090+00:00,2519.326,RX,baseline,0011213E,1,5,01 00 00 3E 21
2026-09-28T15:20:26.095+00:00,2524.174,RX,baseline,0001DFD1,1,7,01 00 00 0F 03 D1 DF
2026-09-28T15:20:26.095+00:00,2524.277,RX,baseline,0011DFD1,1,5,01 00 00 D1 DF
2026-09-28T15:20:26.100+00:00,2529.331,RX,baseline,00010C52,1,7,01 00 00 0F 03 52 0C
2026-09-28T15:20:26.100+00:00,2529.387,RX,baseline,00110C52,1,5,01 00 00 52 0C
2026-09-28T15:20:26.105+00:00,2534.254,RX,baseline,0001BC0C,1,7,01 00 00 0F 03 0C BC
2026-09-28T15:20:26.105+00:00,2534.322,RX,baseline,0011BC0C,1,5,01 00 00 0C BC
2026-09-28T15:20:26.110+00:00,2539.249,RX,baseline,0001323D,1,7,01 00 00 0F 03 3D 32
2026-09-28T15:20:26.110+00:00,2539.326,RX,baseline,0011323D,1,5,01 00 00 3D 32
2026-09-28T15:20:26.115+00:00,2544.330,RX,baseline,0001CE97,1,7,01 00 00 0F 03 97 CE
2026-09-28T15:20:26.115+00:00,2544.400,RX,baseline,0011CE97,1,5,01 00 00 97 CE
2026-09-28T15:20:26.120+00:00,2549.267,RX,baseline,0001590D,1,7,01 00 00 0F 03 0D 59
2026-09-28T15:20:26.120+00:00,2549.342,RX,baseline,0011590D,1,5,01 00 00 0D 59
2026-09-28T15:20:26.125+00:00,2554.200,RX,baseline,0001CA20,1,7,01 00 00 0F 03 20 CA
2026-09-28T15:20:26.125+00:00,2554.437,RX,baseline,0011CA20,1,5,01 00 00 20 CA
2026-09-28T15:20:26.130+00:00,2559.268,RX,baseline,00015014,1,7,01 00 00 0F 03 14 50
2026-09-28T15:20:26.130+00:00,2559.325,RX,baseline,00115014,1,5,01 00 00 14 50
2026-09-28T15:20:26.135+00:00,2564.171,RX,baseline,0001CA84,1,7,01 00 00 0F 03 84 CA
2026-09-28T15:20:26.135+00:00,2564.280,RX,baseline,0011CA84,1,5,01 00 00 84 CA
2026-09-28T15:20:26.140+00:00,2569.261,RX,baseline,0001985E,1,7,01 00 00 0F 03 5E 98
2026-09-28T15:20:26.140+00:00,2569.329,RX,baseline,0011985E,1,5,01 00 00 5E 98
2026-09-28T15:20:26.145+00:00,2574.024,RX,baseline,0001CA6D,1,7,01 00 00 0F 03 6D CA
2026-09-28T15:20:26.145+00:00,2574.264,RX,baseline,0011CA6D,1,5,01 00 00 6D CA
2026-09-28T15:20:26.150+00:00,2579.249,RX,baseline,00011883,1,7,01 00 00 0F 03 83 18
2026-09-28T15:20:26.150+00:00,2579.304,RX,baseline,00111883,1,5,01 00 00 83 18
2026-09-28T15:20:26.155+00:00,2584.136,RX,baseline,00010B14,1,7,01 00 00 0F 03 14 0B
2026-09-28T15:20:26.155+00:00,2584.258,RX,baseline,00110B14,1,5,01 00 00 14 0B
2026-09-28T15:20:26.160+00:00,2589.173,RX,baseline,000160E3,1,7,01 00 00 0F 03 E3 60
2026-09-28T15:20:26.160+00:00,2589.247,RX,baseline,001160E3,1,5,01 00 00 E3 60
2026-09-28T15:20:26.165+00:00,2594.132,RX,baseline,000170DF,1,7,01 00 00 0F 03 DF 70
2026-09-28T15:20:26.165+00:00,2594.356,RX,baseline,001170DF,1,5,01 00 00 DF 70
2026-09-28T15:20:26.170+00:00,2599.095,RX,baseline,0001010D,1,7,01 00 00 0F 03 0D 01
2026-09-28T15:20:26.170+00:00,2599.319,RX,baseline,0011010D,1,5,01 00 00 0D 01
2026-09-28T15:20:26.175+00:00,2604.149,RX,baseline,0001FE2E,1,7,01 00 00 0F 03 2E FE
2026-09-28T15:20:26.175+00:00,2604.238,RX,baseline,0011FE2E,1,5,01 00 00 2E FE
2026-09-28T15:20:26.180+00:00,2609.140,RX,baseline,0001D0E1,1,7,01 00 00 0F 03 E1 D0
2026-09-28T15:20:26.180+00:00,2609.266,RX,baseline,0011D0E1,1,5,01 00 00 E1 D0
2026-09-28T15:20:26.185+00:00,2614.066,RX,baseline,00017695,1,7,01 00 00 0F 03 95 76
2026-09-28T15:20:26.185+00:00,2614.313,RX,baseline,00117695,1,5,01 00 00 95 76
2026-09-28T15:20:26.190+00:00,2619.149,RX,baseline,00017FAE,1,7,01 00 00 0F 03 AE 7F
2026-09-28T15:20:26.190+00:00,2619.247,RX,baseline,00117FAE,1,5,01 00 00 AE 7F
2026-09-28T15:20:26.195+00:00,2624.302,RX,baseline,00017F5F,1,7,01 00 00 0F 03 5F 7F
2026-09-28T15:20:26.195+00:00,2624.385,RX,baseline,00117F5F,1,5,01 00 00 5F 7F
2026-09-28T15:20:26.200+00:00,2629.285,RX,baseline,00013958,1,7,01 00 00 0F 03 58 39
2026-09-28T15:20:26.200+00:00,2629.388,RX,baseline,00113958,1,5,01 00 00 58 39
2026-09-28T15:20:26.205+00:00,2634.318,RX,baseline,00013301,1,7,01 00 00 0F 03 01 33
2026-09-28T15:20:26.205+00:00,2634.416,RX,baseline,00113301,1,5,01 00 00 01 33
2026-09-28T15:20:26.210+00:00,2639.255,RX,baseline,0001114E,1,7,01 00 00 0F 03 4E 11
2026-09-28T15:20:26.210+00:00,2639.323,RX,baseline,0011114E,1,5,01 00 00 4E 11
2026-09-28T15:20:26.215+00:00,2644.286,RX,baseline,000137E8,1,7,01 00 00 0F 03 E8 37
2026-09-28T15:20:26.215+00:00,2644.390,RX,baseline,001137E8,1,5,01 00 00 E8 37
2026-09-28T15:20:26.220+00:00,2649.256,RX,baseline,000190D5,1,7,01 00 00 0F 03 D5 90
2026-09-28T15:20:26.220+00:00,2649.334,RX,baseline,001190D5,1,5,01 00 00 D5 90
2026-09-28T15:20:26.225+00:00,2654.300,RX,baseline,0001A7CF,1,7,01 00 00 0F 03 CF A7
2026-09-28T15:20:26.225+00:00,2654.391,RX,baseline,0011A7CF,1,5,01 00 00 CF A7
2026-09-28T15:20:26.230+00:00,2659.283,RX,baseline,000151F3,1,7,01 00 00 0F 03 F3 51
2026-09-28T15:20:26.230+00:00,2659.377,RX,baseline,001151F3,1,5,01 00 00 F3 51
2026-09-28T15:20:26.235+00:00,2664.291,RX,baseline,0001DF79,1,7,01 00 00 0F 03 79 DF
2026-09-28T15:20:26.235+00:00,2664.404,RX,baseline,0011DF79,1,5,01 00 00 79 DF
2026-09-28T15:20:26.240+00:00,2669.279,RX,baseline,00011A04,1,7,01 00 00 0F 03 04 1A
2026-09-28T15:20:26.240+00:00,2669.368,RX,baseline,00111A04,1,5,01 00 00 04 1A
2026-09-28T15:20:26.245+00:00,2674.084,RX,baseline,00012B86,1,7,01 00 00 0F 03 86 2B
2026-09-28T15:20:26.245+00:00,2674.399,RX,baseline,00112B86,1,5,01 00 00 86 2B
2026-09-28T15:20:26.250+00:00,2679.081,RX,baseline,00010EB9,1,7,01 00 00 0F 03 B9 0E
2026-09-28T15:20:26.250+00:00,2679.292,RX,baseline,00110EB9,1,5,01 00 00 B9 0E
2026-09-28T15:20:26.255+00:00,2683.997,RX,baseline,00019DBA,1,7,01 00 00 0F 03 BA 9D
2026-09-28T15:20:26.255+00:00,2684.330,RX,baseline,00119DBA,1,5,01 00 00 BA 9D
2026-09-28T15:20:26.260+00:00,2689.066,RX,baseline,0001E20C,1,7,01 00 00 0F 03 0C E2
2026-09-28T15:20:26.260+00:00,2689.851,RX,baseline,0011E20C,1,5,01 00 00 0C E2
2026-09-28T15:20:26.265+00:00,2694.153,RX,baseline,00013AEF,1,7,01 00 00 0F 03 EF 3A
2026-09-28T15:20:26.265+00:00,2694.291,RX,baseline,00113AEF,1,5,01 00 00 EF 3A
2026-09-28T15:20:26.270+00:00,2699.158,RX,baseline,00014181,1,7,01 00 00 0F 03 81 41
2026-09-28T15:20:26.270+00:00,2699.248,RX,baseline,00114181,1,5,01 00 00 81 41
2026-09-28T15:20:26.275+00:00,2704.642,RX,baseline,0001488E,1,7,01 00 00 0F 03 8E 48
2026-09-28T15:20:26.275+00:00,2704.706,RX,baseline,0011488E,1,5,01 00 00 8E 48
2026-09-28T15:20:26.280+00:00,2709.180,RX,baseline,0001669A,1,7,01 00 00 0F 03 9A 66
2026-09-28T15:20:26.280+00:00,2709.340,RX,baseline,0011669A,1,5,01 00 00 9A 66
2026-09-28T15:20:26.285+00:00,2714.657,RX,baseline,00016138,1,7,01 00 00 0F 03 38 61
2026-09-28T15:20:26.285+00:00,2714.750,RX,baseline,00116138,1,5,01 00 00 38 61
2026-09-28T15:20:26.290+00:00,2719.626,RX,baseline,00013E6A,1,7,01 00 00 0F 03 6A 3E
2026-09-28T15:20:26.290+00:00,2719.709,RX,baseline,00113E6A,1,5,01 00 00 6A 3E
2026-09-28T15:20:26.295+00:00,2724.642,RX,baseline,0001CF15,1,7,01 00 00 0F 03 15 CF
2026-09-28T15:20:26.295+00:00,2724.745,RX,baseline,0011CF15,1,5,01 00 00 15 CF
2026-09-28T15:20:26.300+00:00,2729.728,RX,baseline,000107B9,1,7,01 00 00 0F 03 B9 07
2026-09-28T15:20:26.300+00:00,2729.811,RX,baseline,001107B9,1,5,01 00 00 B9 07
2026-09-28T15:20:26.305+00:00,2734.718,RX,baseline,0001EED7,1,7,01 00 00 0F 03 D7 EE
2026-09-28T15:20:26.305+00:00,2734.804,RX,baseline,0011EED7,1,5,01 00 00 D7 EE
2026-09-28T15:20:26.310+00:00,2739.783,RX,baseline,0001A303,1,7,01 00 00 0F 03 03 A3
2026-09-28T15:20:26.310+00:00,2739.871,RX,baseline,0011A303,1,5,01 00 00 03 A3
2026-09-28T15:20:26.315+00:00,2744.109,RX,baseline,00015575,1,7,01 00 00 0F 03 75 55
2026-09-28T15:20:26.315+00:00,2744.195,RX,baseline,00115575,1,5,01 00 00 75 55
2026-09-28T15:20:26.320+00:00,2749.644,RX,baseline,0001AD67,1,7,01 00 00 0F 03 67 AD
2026-09-28T15:20:26.320+00:00,2749.725,RX,baseline,0011AD67,1,5,01 00 00 67 AD
2026-09-28T15:20:26.325+00:00,2754.176,RX,baseline,0001DB2F,1,7,01 00 00 0F 03 2F DB
2026-09-28T15:20:26.325+00:00,2754.265,RX,baseline,0011DB2F,1,5,01 00 00 2F DB
2026-09-28T15:20:26.330+00:00,2759.219,RX,baseline,00018B3D,1,7,01 00 00 0F 03 3D 8B
2026-09-28T15:20:26.330+00:00,2759.334,RX,baseline,00118B3D,1,5,01 00 00 3D 8B
2026-09-28T15:20:26.335+00:00,2764.204,RX,baseline,0001CD57,1,7,01 00 00 0F 03 57 CD
2026-09-28T15:20:26.335+00:00,2764.275,RX,baseline,0011CD57,1,5,01 00 00 57 CD
2026-09-28T15:20:26.340+00:00,2769.541,RX,baseline,000160E8,1,7,01 00 00 0F 03 E8 60
2026-09-28T15:20:26.340+00:00,2769.631,RX,baseline,001160E8,1,5,01 00 00 E8 60
2026-09-28T15:20:26.345+00:00,2774.108,RX,baseline,000180F4,1,7,01 00 00 0F 03 F4 80
2026-09-28T15:20:26.345+00:00,2774.261,RX,baseline,001180F4,1,5,01 00 00 F4 80
2026-09-28T15:20:26.350+00:00,2779.598,RX,baseline,00017C22,1,7,01 00 00 0F 03 22 7C
2026-09-28T15:20:26.350+00:00,2779.677,RX,baseline,00117C22,1,5,01 00 00 22 7C
2026-09-28T15:20:26.355+00:00,2784.477,RX,baseline,00010733,1,7,01 00 00 0F 03 33 07
2026-09-28T15:20:26.355+00:00,2784.540,RX,baseline,00110733,1,5,01 00 00 33 07
2026-09-28T15:20:26.360+00:00,2789.253,RX,baseline,0001BDD7,1,7,01 00 00 0F 03 D7 BD
2026-09-28T15:20:26.360+00:00,2789.346,RX,baseline,0011BDD7,1,5,01 00 00 D7 BD
2026-09-28T15:20:26.365+00:00,2794.364,RX,baseline,0001854E,1,7,01 00 00 0F 03 4E 85
2026-09-28T15:20:26.365+00:00,2794.448,RX,baseline,0011854E,1,5,01 00 00 4E 85
2026-09-28T15:20:26.370+00:00,2799.268,RX,baseline,00019846,1,7,01 00 00 0F 03 46 98
2026-09-28T15:20:26.370+00:00,2799.331,RX,baseline,00119846,1,5,01 00 00 46 98
2026-09-28T15:20:26.375+00:00,2804.382,RX,baseline,00011C4B,1,7,01 00 00 0F 03 4B 1C
2026-09-28T15:20:26.375+00:00,2804.460,RX,baseline,00111C4B,1,5,01 00 00 4B 1C
2026-09-28T15:20:26.380+00:00,2809.349,RX,baseline,00019B00,1,7,01 00 00 0F 03 00 9B
2026-09-28T15:20:26.380+00:00,2809.435,RX,baseline,00119B00,1,5,01 00 00 00 9B
2026-09-28T15:20:26.385+00:00,2814.308,RX,baseline,000191BE,1,7,01 00 00 0F 03 BE 91
2026-09-28T15:20:26.385+00:00,2814.370,RX,baseline,001191BE,1,5,01 00 00 BE 91
2026-09-28T15:20:26.390+00:00,2819.356,RX,baseline,00018E00,1,7,01 00 00 0F 03 00 8E
2026-09-28T15:20:26.390+00:00,2819.438,RX,baseline,00118E00,1,5,01 00 00 00 8E
2026-09-28T15:20:26.395+00:00,2824.265,RX,baseline,0001C978,1,7,01 00 00 0F 03 78 C9
2026-09-28T15:20:26.395+00:00,2824.351,RX,baseline,0011C978,1,5,01 00 00 78 C9
2026-09-28T15:20:26.400+00:00,2829.214,RX,baseline,000186F0,1,7,01 00 00 0F 03 F0 86
2026-09-28T15:20:26.400+00:00,2829.295,RX,baseline,001186F0,1,5,01 00 00 F0 86
2026-09-28T15:20:26.405+00:00,2834.198,RX,baseline,00013CC3,1,7,01 00 00 0F 03 C3 3C
2026-09-28T15:20:26.405+00:00,2834.456,RX,baseline,00113CC3,1,5,01 00 00 C3 3C
2026-09-28T15:20:26.410+00:00,2839.206,RX,baseline,0001BB58,1,7,01 00 00 0F 03 58 BB
2026-09-28T15:20:26.410+00:00,2839.287,RX,baseline,0011BB58,1,5,01 00 00 58 BB
2026-09-28T15:20:26.415+00:00,2844.135,RX,baseline,0001A6A6,1,7,01 00 00 0F 03 A6 A6
2026-09-28T15:20:26.415+00:00,2844.220,RX,baseline,0011A6A6,1,5,01 00 00 A6 A6
2026-09-28T15:20:26.420+00:00,2849.121,RX,baseline,00017048,1,7,01 00 00 0F 03 48 70
2026-09-28T15:20:26.420+00:00,2849.243,RX,baseline,00117048,1,5,01 00 00 48 70
2026-09-28T15:20:26.425+00:00,2854.084,RX,baseline,0001BD3C,1,7,01 00 00 0F 03 3C BD
2026-09-28T15:20:26.425+00:00,2854.289,RX,baseline,0011BD3C,1,5,01 00 00 3C BD
2026-09-28T15:20:26.430+00:00,2859.106,RX,baseline,00013BBE,1,7,01 00 00 0F 03 BE 3B
2026-09-28T15:20:26.430+00:00,2859.229,RX,baseline,00113BBE,1,5,01 00 00 BE 3B
2026-09-28T15:20:26.435+00:00,2864.101,RX,baseline,00018320,1,7,01 00 00 0F 03 20 83
2026-09-28T15:20:26.435+00:00,2864.331,RX,baseline,00118320,1,5,01 00 00 20 83
2026-09-28T15:20:26.440+00:00,2869.118,RX,baseline,00012DD5,1,7,01 00 00 0F 03 D5 2D
2026-09-28T15:20:26.440+00:00,2869.216,RX,baseline,00112DD5,1,5,01 00 00 D5 2D
2026-09-28T15:20:26.445+00:00,2874.235,RX,baseline,0001D08B,1,7,01 00 00 0F 03 8B D0
2026-09-28T15:20:26.445+00:00,2874.308,RX,baseline,0011D08B,1,5,01 00 00 8B D0
2026-09-28T15:20:26.450+00:00,2879.333,RX,baseline,0001EF7F,1,7,01 00 00 0F 03 7F EF
2026-09-28T15:20:26.450+00:00,2879.431,RX,baseline,0011EF7F,1,5,01 00 00 7F EF
2026-09-28T15:20:26.455+00:00,2884.063,RX,baseline,0001BE8B,1,7,01 00 00 0F 03 8B BE
2026-09-28T15:20:26.455+00:00,2884.208,RX,baseline,0011BE8B,1,5,01 00 00 8B BE
2026-09-28T15:20:26.460+00:00,2889.123,RX,baseline,0001F25F,1,7,01 00 00 0F 03 5F F2
2026-09-28T15:20:26.460+00:00,2889.222,RX,baseline,0011F25F,1,5,01 00 00 5F F2
2026-09-28T15:20:26.465+00:00,2894.119,RX,baseline,00018B7E,1,7,01 00 00 0F 03 7E 8B
2026-09-28T15:20:26.465+00:00,2894.217,RX,baseline,00118B7E,1,5,01 00 00 7E 8B
2026-09-28T15:20:26.470+00:00,2899.085,RX,baseline,000198F7,1,7,01 00 00 0F 03 F7 98
2026-09-28T15:20:26.470+00:00,2899.292,RX,baseline,001198F7,1,5,01 00 00 F7 98
2026-09-28T15:20:26.475+00:00,2904.032,RX,baseline,000186B3,1,7,01 00 00 0F 03 B3 86
2026-09-28T15:20:26.475+00:00,2904.294,RX,baseline,001186B3,1,5,01 00 00 B3 86
2026-09-28T15:20:26.480+00:00,2909.046,RX,baseline,00010444,1,7,01 00 00 0F 03 44 04
2026-09-28T15:20:26.480+00:00,2909.293,RX,baseline,00110444,1,5,01 00 00 44 04
2026-09-28T15:20:26.485+00:00,2914.107,RX,baseline,000105EC,1,7,01 00 00 0F 03 EC 05
2026-09-28T15:20:26.485+00:00,2914.314,RX,baseline,001105EC,1,5,01 00 00 EC 05
2026-09-28T15:20:26.490+00:00,2919.048,RX,baseline,0001E786,1,7,01 00 00 0F 03 86 E7
2026-09-28T15:20:26.490+00:00,2919.280,RX,baseline,0011E786,1,5,01 00 00 86 E7
2026-09-28T15:20:26.495+00:00,2924.288,RX,baseline,00013608,1,7,01 00 00 0F 03 08 36
2026-09-28T15:20:26.495+00:00,2924.386,RX,baseline,00113608,1,5,01 00 00 08 36
2026-09-28T15:20:26.500+00:00,2929.225,RX,baseline,00013CC3,1,7,01 00 00 0F 03 C3 3C
2026-09-28T15:20:26.500+00:00,2929.334,RX,baseline,00113CC3,1,5,01 00 00 C3 3C
2026-09-28T15:20:26.505+00:00,2934.273,RX,baseline,00016520,1,7,01 00 00 0F 03 20 65
2026-09-28T15:20:26.505+00:00,2934.370,RX,baseline,00116520,1,5,01 00 00 20 65
2026-09-28T15:20:26.510+00:00,2939.206,RX,baseline,00017443,1,7,01 00 00 0F 03 43 74
2026-09-28T15:20:26.510+00:00,2939.349,RX,baseline,00117443,1,5,01 00 00 43 74
2026-09-28T15:20:26.515+00:00,2944.275,RX,baseline,000196E6,1,7,01 00 00 0F 03 E6 96
2026-09-28T15:20:26.515+00:00,2944.382,RX,baseline,001196E6,1,5,01 00 00 E6 96
2026-09-28T15:20:26.520+00:00,2949.219,RX,baseline,00019318,1,7,01 00 00 0F 03 18 93
2026-09-28T15:20:26.520+00:00,2949.274,RX,baseline,00119318,1,5,01 00 00 18 93
2026-09-28T15:20:26.525+00:00,2954.278,RX,baseline,000180F9,1,7,01 00 00 0F 03 F9 80
2026-09-28T15:20:26.525+00:00,2954.372,RX,baseline,001180F9,1,5,01 00 00 F9 80
2026-09-28T15:20:26.530+00:00,2959.193,RX,baseline,0001FC71,1,7,01 00 00 0F 03 71 FC
2026-09-28T15:20:26.530+00:00,2959.300,RX,baseline,0011FC71,1,5,01 00 00 71 FC
2026-09-28T15:20:26.535+00:00,2964.276,RX,baseline,00014797,1,7,01 00 00 0F 03 97 47
2026-09-28T15:20:26.535+00:00,2964.374,RX,baseline,00114797,1,5,01 00 00 97 47
2026-09-28T15:20:26.540+00:00,2969.173,RX,baseline,0001B34B,1,7,01 00 00 0F 03 4B B3
2026-09-28T15:20:26.540+00:00,2969.247,RX,baseline,0011B34B,1,5,01 00 00 4B B3
2026-09-28T15:20:26.545+00:00,2974.092,RX,baseline,0001C3CE,1,7,01 00 00 0F 03 CE C3
2026-09-28T15:20:26.545+00:00,2974.349,RX,baseline,0011C3CE,1,5,01 00 00 CE C3
2026-09-28T15:20:26.550+00:00,2979.078,RX,baseline,000145B5,1,7,01 00 00 0F 03 B5 45
2026-09-28T15:20:26.550+00:00,2979.306,RX,baseline,001145B5,1,5,01 00 00 B5 45
2026-09-28T15:20:26.555+00:00,2984.048,RX,baseline,0001E718,1,7,01 00 00 0F 03 18 E7
2026-09-28T15:20:26.555+00:00,2984.274,RX,baseline,0011E718,1,5,01 00 00 18 E7
2026-09-28T15:20:26.560+00:00,2989.213,RX,baseline,000188C7,1,7,01 00 00 0F 03 C7 88
2026-09-28T15:20:26.560+00:00,2989.312,RX,baseline,001188C7,1,5,01 00 00 C7 88
2026-09-28T15:20:26.565+00:00,2994.197,RX,baseline,0001E912,1,7,01 00 00 0F 03 12 E9
2026-09-28T15:20:26.565+00:00,2994.252,RX,baseline,0011E912,1,5,01 00 00 12 E9
2026-09-28T15:20:26.570+00:00,2999.213,RX,baseline,00014804,1,7,01 00 00 0F 03 04 48
2026-09-28T15:20:26.570+00:00,2999.310,RX,baseline,00114804,1,5,01 00 00 04 48
2026-09-28T15:20:26.575+00:00,3004.190,RX,baseline,0001969E,1,7,01 00 00 0F 03 9E 96
2026-09-28T15:20:26.575+00:00,3004.246,RX,baseline,0011969E,1,5,01 00 00 9E 96
2026-09-28T15:20:26.580+00:00,3009.238,RX,baseline,0001DCAD,1,7,01 00 00 0F 03 AD DC
2026-09-28T15:20:26.580+00:00,3009.330,RX,baseline,0011DCAD,1,5,01 00 00 AD DC
2026-09-28T15:20:26.585+00:00,3014.185,RX,baseline,0001EEBA,1,7,01 00 00 0F 03 BA EE
2026-09-28T15:20:26.585+00:00,3014.241,RX,baseline,0011EEBA,1,5,01 00 00 BA EE
2026-09-28T15:20:26.590+00:00,3019.222,RX,baseline,0001355D,1,7,01 00 00 0F 03 5D 35
2026-09-28T15:20:26.590+00:00,3019.298,RX,baseline,0011355D,1,5,01 00 00 5D 35
2026-09-28T15:20:26.595+00:00,3024.124,RX,baseline,000117D6,1,7,01 00 00 0F 03 D6 17
2026-09-28T15:20:26.595+00:00,3024.213,RX,baseline,001117D6,1,5,01 00 00 D6 17
2026-09-28T15:20:26.600+00:00,3029.021,RX,baseline,0001D3E5,1,7,01 00 00 0F 03 E5 D3
2026-09-28T15:20:26.600+00:00,3029.281,RX,baseline,0011D3E5,1,5,01 00 00 E5 D3
2026-09-28T15:20:26.605+00:00,3034.059,RX,baseline,0001C561,1,7,01 00 00 0F 03 61 C5
2026-09-28T15:20:26.605+00:00,3034.301,RX,baseline,0011C561,1,5,01 00 00 61 C5
2026-09-28T15:20:26.610+00:00,3039.015,RX,baseline,00018B3A,1,7,01 00 00 0F 03 3A 8B
2026-09-28T15:20:26.610+00:00,3039.258,RX,baseline,00118B3A,1,5,01 00 00 3A 8B
2026-09-28T15:20:26.615+00:00,3044.023,RX,baseline,000143EF,1,7,01 00 00 0F 03 EF 43
2026-09-28T15:20:26.615+00:00,3044.265,RX,baseline,001143EF,1,5,01 00 00 EF 43
2026-09-28T15:20:26.620+00:00,3049.115,RX,baseline,00017CF8,1,7,01 00 00 0F 03 F8 7C
2026-09-28T15:20:26.620+00:00,3049.201,RX,baseline,00117CF8,1,5,01 00 00 F8 7C
2026-09-28T15:20:26.625+00:00,3054.056,RX,baseline,00013328,1,7,01 00 00 0F 03 28 33
2026-09-28T15:20:26.625+00:00,3054.358,RX,baseline,00113328,1,5,01 00 00 28 33
2026-09-28T15:20:26.630+00:00,3059.028,RX,baseline,000119C6,1,7,01 00 00 0F 03 C6 19
2026-09-28T15:20:26.630+00:00,3059.358,RX,baseline,001119C6,1,5,01 00 00 C6 19
2026-09-28T15:20:26.635+00:00,3064.194,RX,baseline,00013B58,1,7,01 00 00 0F 03 58 3B
2026-09-28T15:20:26.635+00:00,3064.278,RX,baseline,00113B58,1,5,01 00 00 58 3B
2026-09-28T15:20:26.640+00:00,3069.203,RX,baseline,00017DA0,1,7,01 00 00 0F 03 A0 7D
2026-09-28T15:20:26.640+00:00,3069.292,RX,baseline,00117DA0,1,5,01 00 00 A0 7D
2026-09-28T15:20:26.645+00:00,3074.569,RX,baseline,0001955E,1,7,01 00 00 0F 03 5E 95
2026-09-28T15:20:26.645+00:00,3074.633,RX,baseline,0011955E,1,5,01 00 00 5E 95
2026-09-28T15:20:26.650+00:00,3079.132,RX,baseline,00012CCF,1,7,01 00 00 0F 03 CF 2C
2026-09-28T15:20:26.650+00:00,3079.314,RX,baseline,00112CCF,1,5,01 00 00 CF 2C
2026-09-28T15:20:26.655+00:00,3084.085,RX,baseline,0001D648,1,7,01 00 00 0F 03 48 D6
2026-09-28T15:20:26.655+00:00,3084.251,RX,baseline,0011D648,1,5,01 00 00 48 D6
2026-09-28T15:20:26.660+00:00,3089.106,RX,baseline,0001801B,1,7,01 00 00 0F 03 1B 80
2026-09-28T15:20:26.660+00:00,3089.199,RX,baseline,0011801B,1,5,01 00 00 1B 80
2026-09-28T15:20:26.665+00:00,3094.298,RX,baseline,0001C4E3,1,7,01 00 00 0F 03 E3 C4
2026-09-28T15:20:26.665+00:00,3094.401,RX,baseline,0011C4E3,1,5,01 00 00 E3 C4
2026-09-28T15:20:26.670+00:00,3099.152,RX,baseline,00018279,1,7,01 00 00 0F 03 79 82
2026-09-28T15:20:26.670+00:00,3099.239,RX,baseline,00118279,1,5,01 00 00 79 82
2026-09-28T15:20:26.675+00:00,3104.054,RX,baseline,0001D602,1,7,01 00 00 0F 03 02 D6
2026-09-28T15:20:26.675+00:00,3104.287,RX,baseline,0011D602,1,5,01 00 00 02 D6
2026-09-28T15:20:26.680+00:00,3109.047,RX,baseline,0001D442,1,7,01 00 00 0F 03 42 D4
2026-09-28T15:20:26.680+00:00,3109.260,RX,baseline,0011D442,1,5,01 00 00 42 D4
2026-09-28T15:20:26.685+00:00,3114.029,RX,baseline,0001CD4B,1,7,01 00 00 0F 03 4B CD
2026-09-28T15:20:26.685+00:00,3114.283,RX,baseline,0011CD4B,1,5,01 00 00 4B CD
2026-09-28T15:20:26.690+00:00,3119.024,RX,baseline,00015BB7,1,7,01 00 00 0F 03 B7 5B
2026-09-28T15:20:26.690+00:00,3119.277,RX,baseline,00115BB7,1,5,01 00 00 B7 5B
2026-09-28T15:20:26.695+00:00,3124.023,RX,baseline,00014AD4,1,7,01 00 00 0F 03 D4 4A
2026-09-28T15:20:26.695+00:00,3124.329,RX,baseline,00114AD4,1,5,01 00 00 D4 4A
2026-09-28T15:20:26.700+00:00,3129.057,RX,baseline,0001FC5C,1,7,01 00 00 0F 03 5C FC
2026-09-28T15:20:26.700+00:00,3129.319,RX,baseline,0011FC5C,1,5,01 00 00 5C FC
2026-09-28T15:20:26.705+00:00,3133.970,RX,baseline,0001D2C4,1,7,01 00 00 0F 03 C4 D2
2026-09-28T15:20:26.705+00:00,3134.257,RX,baseline,0011D2C4,1,5,01 00 00 C4 D2
2026-09-28T15:20:26.710+00:00,3138.986,RX,baseline,00019A79,1,7,01 00 00 0F 03 79 9A
2026-09-28T15:20:26.710+00:00,3139.287,RX,baseline,00119A79,1,5,01 00 00 79 9A
2026-09-28T15:20:26.715+00:00,3144.020,RX,baseline,0001DAE3,1,7,01 00 00 0F 03 E3 DA
2026-09-28T15:20:26.715+00:00,3144.303,RX,baseline,0011DAE3,1,5,01 00 00 E3 DA
2026-09-28T15:20:26.720+00:00,3149.042,RX,baseline,000145B2,1,7,01 00 00 0F 03 B2 45
2026-09-28T15:20:26.720+00:00,3149.416,RX,baseline,001145B2,1,5,01 00 00 B2 45
2026-09-28T15:20:26.725+00:00,3154.021,RX,baseline,0001CAB9,1,7,01 00 00 0F 03 B9 CA
2026-09-28T15:20:26.725+00:00,3154.301,RX,baseline,0011CAB9,1,5,01 00 00 B9 CA
2026-09-28T15:20:26.730+00:00,3159.485,RX,baseline,0001D9A4,1,7,01 00 00 0F 03 A4 D9
2026-09-28T15:20:26.730+00:00,3159.569,RX,baseline,0011D9A4,1,5,01 00 00 A4 D9
2026-09-28T15:20:26.735+00:00,3164.386,RX,baseline,000109A9,1,7,01 00 00 0F 03 A9 09
2026-09-28T15:20:26.735+00:00,3164.480,RX,baseline,001109A9,1,5,01 00 00 A9 09
2026-09-28T15:20:26.740+00:00,3169.423,RX,baseline,000144E2,1,7,01 00 00 0F 03 E2 44
2026-09-28T15:20:26.740+00:00,3169.508,RX,baseline,001144E2,1,5,01 00 00 E2 44
2026-09-28T15:20:26.745+00:00,3174.351,RX,baseline,00016732,1,7,01 00 00 0F 03 32 67
2026-09-28T15:20:26.745+00:00,3174.446,RX,baseline,00116732,1,5,01 00 00 32 67
2026-09-28T15:20:26.750+00:00,3179.401,RX,baseline,000156C5,1,7,01 00 00 0F 03 C5 56
2026-09-28T15:20:26.750+00:00,3179.504,RX,baseline,001156C5,1,5,01 00 00 C5 56
2026-09-28T15:20:26.755+00:00,3184.185,RX,baseline,0001A439,1,7,01 00 00 0F 03 39 A4
2026-09-28T15:20:26.755+00:00,3184.348,RX,baseline,0011A439,1,5,01 00 00 39 A4
2026-09-28T15:20:26.760+00:00,3189.481,RX,baseline,000179F4,1,7,01 00 00 0F 03 F4 79
2026-09-28T15:20:26.760+00:00,3189.561,RX,baseline,001179F4,1,5,01 00 00 F4 79
2026-09-28T15:20:26.765+00:00,3194.542,RX,baseline,0001D501,1,7,01 00 00 0F 03 01 D5
2026-09-28T15:20:26.765+00:00,3194.643,RX,baseline,0011D501,1,5,01 00 00 01 D5
2026-09-28T15:20:26.770+00:00,3199.061,RX,baseline,00012D84,1,7,01 00 00 0F 03 84 2D
2026-09-28T15:20:26.770+00:00,3199.349,RX,baseline,00112D84,1,5,01 00 00 84 2D
2026-09-28T15:20:26.775+00:00,3204.062,RX,baseline,0001F248,1,7,01 00 00 0F 03 48 F2
2026-09-28T15:20:26.775+00:00,3204.204,RX,baseline,0011F248,1,5,01 00 00 48 F2
2026-09-28T15:20:26.780+00:00,3209.024,RX,baseline,0001D02C,1,7,01 00 00 0F 03 2C D0
2026-09-28T15:20:26.780+00:00,3209.382,RX,baseline,0011D02C,1,5,01 00 00 2C D0
2026-09-28T15:20:26.785+00:00,3213.994,RX,baseline,00018C9D,1,7,01 00 00 0F 03 9D 8C
2026-09-28T15:20:26.785+00:00,3214.264,RX,baseline,00118C9D,1,5,01 00 00 9D 8C
2026-09-28T15:20:26.790+00:00,3219.023,RX,baseline,000148D9,1,7,01 00 00 0F 03 D9 48
2026-09-28T15:20:26.790+00:00,3219.331,RX,baseline,001148D9,1,5,01 00 00 D9 48
2026-09-28T15:20:26.795+00:00,3224.034,RX,baseline,000113EB,1,7,01 00 00 0F 03 EB 13
2026-09-28T15:20:26.795+00:00,3224.348,RX,baseline,001113EB,1,5,01 00 00 EB 13
2026-09-28T15:20:26.800+00:00,3229.024,RX,baseline,000141A4,1,7,01 00 00 0F 03 A4 41
2026-09-28T15:20:26.800+00:00,3229.292,RX,baseline,001141A4,1,5,01 00 00 A4 41
2026-09-28T15:20:26.805+00:00,3233.994,RX,baseline,00012DCC,1,7,01 00 00 0F 03 CC 2D
2026-09-28T15:20:26.805+00:00,3234.246,RX,baseline,00112DCC,1,5,01 00 00 CC 2D
2026-09-28T15:20:26.810+00:00,3239.020,RX,baseline,00018A00,1,7,01 00 00 0F 03 00 8A
2026-09-28T15:20:26.810+00:00,3239.271,RX,baseline,00118A00,1,5,01 00 00 00 8A
2026-09-28T15:20:26.815+00:00,3244.001,RX,baseline,00014C20,1,7,01 00 00 0F 03 20 4C
2026-09-28T15:20:26.815+00:00,3244.265,RX,baseline,00114C20,1,5,01 00 00 20 4C
2026-09-28T15:20:26.820+00:00,3249.234,RX,baseline,00015298,1,7,01 00 00 0F 03 98 52
2026-09-28T15:20:26.820+00:00,3249.311,RX,baseline,00115298,1,5,01 00 00 98 52
2026-09-28T15:20:26.825+00:00,3254.184,RX,baseline,00014202,1,7,01 00 00 0F 03 02 42
2026-09-28T15:20:26.825+00:00,3254.254,RX,baseline,00114202,1,5,01 00 00 02 42
2026-09-28T15:20:26.830+00:00,3259.218,RX,baseline,0001BD2D,1,7,01 00 00 0F 03 2D BD
2026-09-28T15:20:26.830+00:00,3259.357,RX,baseline,0011BD2D,1,5,01 00 00 2D BD
2026-09-28T15:20:26.835+00:00,3264.095,RX,baseline,00015C0D,1,7,01 00 00 0F 03 0D 5C
2026-09-28T15:20:26.835+00:00,3264.184,RX,baseline,00115C0D,1,5,01 00 00 0D 5C
2026-09-28T15:20:26.840+00:00,3269.123,RX,baseline,0001A47F,1,7,01 00 00 0F 03 7F A4
2026-09-28T15:20:26.840+00:00,3269.215,RX,baseline,0011A47F,1,5,01 00 00 7F A4
2026-09-28T15:20:26.845+00:00,3274.342,RX,baseline,0001098C,1,7,01 00 00 0F 03 8C 09
2026-09-28T15:20:26.845+00:00,3274.407,RX,baseline,0011098C,1,5,01 00 00 8C 09
2026-09-28T15:20:26.850+00:00,3279.358,RX,baseline,0001CFFE,1,7,01 00 00 0F 03 FE CF
2026-09-28T15:20:26.850+00:00,3279.422,RX,baseline,0011CFFE,1,5,01 00 00 FE CF
2026-09-28T15:20:26.855+00:00,3284.258,RX,baseline,0001D30B,1,7,01 00 00 0F 03 0B D3
2026-09-28T15:20:26.855+00:00,3284.431,RX,baseline,0011D30B,1,5,01 00 00 0B D3
2026-09-28T15:20:26.860+00:00,3289.264,RX,baseline,00019CDD,1,7,01 00 00 0F 03 DD 9C
2026-09-28T15:20:26.860+00:00,3289.347,RX,baseline,00119CDD,1,5,01 00 00 DD 9C
2026-09-28T15:20:26.865+00:00,3293.984,RX,baseline,0001636B,1,7,01 00 00 0F 03 6B 63
2026-09-28T15:20:26.865+00:00,3294.276,RX,baseline,0011636B,1,5,01 00 00 6B 63
2026-09-28T15:20:26.870+00:00,3298.970,RX,baseline,0001ADB4,1,7,01 00 00 0F 03 B4 AD
2026-09-28T15:20:26.870+00:00,3299.234,RX,baseline,0011ADB4,1,5,01 00 00 B4 AD
2026-09-28T15:20:26.875+00:00,3303.962,RX,baseline,00013F60,1,7,01 00 00 0F 03 60 3F
2026-09-28T15:20:26.875+00:00,3304.241,RX,baseline,00113F60,1,5,01 00 00 60 3F
2026-09-28T15:20:26.880+00:00,3309.178,RX,baseline,0001D7DA,1,7,01 00 00 0F 03 DA D7
2026-09-28T15:20:26.880+00:00,3309.259,RX,baseline,0011D7DA,1,5,01 00 00 DA D7
2026-09-28T15:20:26.885+00:00,3314.142,RX,baseline,00017C00,1,7,01 00 00 0F 03 00 7C
2026-09-28T15:20:26.885+00:00,3314.217,RX,baseline,00117C00,1,5,01 00 00 00 7C
2026-09-28T15:20:26.890+00:00,3319.034,RX,baseline,00018521,1,7,01 00 00 0F 03 21 85
2026-09-28T15:20:26.890+00:00,3319.232,RX,baseline,00118521,1,5,01 00 00 21 85
2026-09-28T15:20:26.895+00:00,3324.162,RX,baseline,0001ABCF,1,7,01 00 00 0F 03 CF AB
2026-09-28T15:20:26.895+00:00,3324.229,RX,baseline,0011ABCF,1,5,01 00 00 CF AB
2026-09-28T15:20:26.900+00:00,3329.216,RX,baseline,0001C691,1,7,01 00 00 0F 03 91 C6
2026-09-28T15:20:26.900+00:00,3329.276,RX,baseline,0011C691,1,5,01 00 00 91 C6
2026-09-28T15:20:26.905+00:00,3334.133,RX,baseline,0001CA6C,1,7,01 00 00 0F 03 6C CA
2026-09-28T15:20:26.905+00:00,3334.219,RX,baseline,0011CA6C,1,5,01 00 00 6C CA
2026-09-28T15:20:26.910+00:00,3339.233,RX,baseline,0001BC5E,1,7,01 00 00 0F 03 5E BC
2026-09-28T15:20:26.910+00:00,3339.277,RX,baseline,0011BC5E,1,5,01 00 00 5E BC
2026-09-28T15:20:26.915+00:00,3344.233,RX,baseline,0001D1D0,1,7,01 00 00 0F 03 D0 D1
2026-09-28T15:20:26.915+00:00,3344.303,RX,baseline,0011D1D0,1,5,01 00 00 D0 D1
2026-09-28T15:20:26.920+00:00,3349.234,RX,baseline,00013D28,1,7,01 00 00 0F 03 28 3D
2026-09-28T15:20:26.920+00:00,3349.280,RX,baseline,00113D28,1,5,01 00 00 28 3D
2026-09-28T15:20:26.925+00:00,3354.157,RX,baseline,0001A0B4,1,7,01 00 00 0F 03 B4 A0
2026-09-28T15:20:26.925+00:00,3354.222,RX,baseline,0011A0B4,1,5,01 00 00 B4 A0
2026-09-28T15:20:26.930+00:00,3359.253,RX,baseline,0001FA44,1,7,01 00 00 0F 03 44 FA
2026-09-28T15:20:26.930+00:00,3359.334,RX,baseline,0011FA44,1,5,01 00 00 44 FA
2026-09-28T15:20:26.935+00:00,3364.132,RX,baseline,0001749E,1,7,01 00 00 0F 03 9E 74
2026-09-28T15:20:26.935+00:00,3364.201,RX,baseline,0011749E,1,5,01 00 00 9E 74
2026-09-28T15:20:26.940+00:00,3369.244,RX,baseline,000104A3,1,7,01 00 00 0F 03 A3 04
2026-09-28T15:20:26.940+00:00,3369.316,RX,baseline,001104A3,1,5,01 00 00 A3 04
2026-09-28T15:20:26.945+00:00,3374.024,RX,baseline,00013EA7,1,7,01 00 00 0F 03 A7 3E
2026-09-28T15:20:26.945+00:00,3374.232,RX,baseline,00113EA7,1,5,01 00 00 A7 3E
2026-09-28T15:20:26.950+00:00,3378.983,RX,baseline,00014597,1,7,01 00 00 0F 03 97 45
2026-09-28T15:20:26.950+00:00,3379.225,RX,baseline,00114597,1,5,01 00 00 97 45
2026-09-28T15:20:26.955+00:00,3384.164,RX,baseline,0001ACF4,1,7,01 00 00 0F 03 F4 AC
2026-09-28T15:20:26.955+00:00,3384.220,RX,baseline,0011ACF4,1,5,01 00 00 F4 AC
2026-09-28T15:20:26.960+00:00,3389.140,RX,baseline,00016878,1,7,01 00 00 0F 03 78 68
2026-09-28T15:20:26.960+00:00,3389.204,RX,baseline,00116878,1,5,01 00 00 78 68
2026-09-28T15:20:26.965+00:00,3394.195,RX,baseline,00016F7F,1,7,01 00 00 0F 03 7F 6F
2026-09-28T15:20:26.965+00:00,3394.318,RX,baseline,00116F7F,1,5,01 00 00 7F 6F
2026-09-28T15:20:26.970+00:00,3399.155,RX,baseline,00011602,1,7,01 00 00 0F 03 02 16
2026-09-28T15:20:26.970+00:00,3399.210,RX,baseline,00111602,1,5,01 00 00 02 16
2026-09-28T15:20:26.975+00:00,3404.177,RX,baseline,00013996,1,7,01 00 00 0F 03 96 39
2026-09-28T15:20:26.975+00:00,3404.275,RX,baseline,00113996,1,5,01 00 00 96 39
2026-09-28T15:20:26.980+00:00,3409.114,RX,baseline,0001CBE2,1,7,01 00 00 0F 03 E2 CB
2026-09-28T15:20:26.980+00:00,3409.189,RX,baseline,0011CBE2,1,5,01 00 00 E2 CB
2026-09-28T15:20:26.985+00:00,3414.214,RX,baseline,00017248,1,7,01 00 00 0F 03 48 72
2026-09-28T15:20:26.985+00:00,3414.325,RX,baseline,00117248,1,5,01 00 00 48 72
2026-09-28T15:20:26.990+00:00,3419.154,RX,baseline,000152C6,1,7,01 00 00 0F 03 C6 52
2026-09-28T15:20:26.990+00:00,3419.210,RX,baseline,001152C6,1,5,01 00 00 C6 52
2026-09-28T15:20:26.995+00:00,3423.953,RX,baseline,0001D491,1,7,01 00 00 0F 03 91 D4
2026-09-28T15:20:26.995+00:00,3424.186,RX,baseline,0011D491,1,5,01 00 00 91 D4
2026-09-28T15:20:27.000+00:00,3428.976,RX,baseline,000126F5,1,7,01 00 00 0F 03 F5 26
2026-09-28T15:20:27.000+00:00,3429.220,RX,baseline,001126F5,1,5,01 00 00 F5 26
2026-09-28T15:20:27.005+00:00,3434.167,RX,baseline,0001D103,1,7,01 00 00 0F 03 03 D1
2026-09-28T15:20:27.005+00:00,3434.222,RX,baseline,0011D103,1,5,01 00 00 03 D1
2026-09-28T15:20:27.010+00:00,3438.990,RX,baseline,00017B31,1,7,01 00 00 0F 03 31 7B
2026-09-28T15:20:27.010+00:00,3439.226,RX,baseline,00117B31,1,5,01 00 00 31 7B
2026-09-28T15:20:27.015+00:00,3444.162,RX,baseline,00017542,1,7,01 00 00 0F 03 42 75
2026-09-28T15:20:27.015+00:00,3444.217,RX,baseline,00117542,1,5,01 00 00 42 75
2026-09-28T15:20:27.020+00:00,3448.978,RX,baseline,0001AF74,1,7,01 00 00 0F 03 74 AF
2026-09-28T15:20:27.020+00:00,3449.226,RX,baseline,0011AF74,1,5,01 00 00 74 AF
2026-09-28T15:20:27.025+00:00,3454.168,RX,baseline,00011289,1,7,01 00 00 0F 03 89 12
2026-09-28T15:20:27.025+00:00,3454.223,RX,baseline,00111289,1,5,01 00 00 89 12
2026-09-28T15:20:27.030+00:00,3458.994,RX,baseline,000198CF,1,7,01 00 00 0F 03 CF 98
2026-09-28T15:20:27.030+00:00,3459.237,RX,baseline,001198CF,1,5,01 00 00 CF 98
2026-09-28T15:20:27.035+00:00,3463.987,RX,baseline,0001B718,1,7,01 00 00 0F 03 18 B7
2026-09-28T15:20:27.035+00:00,3464.210,RX,baseline,0011B718,1,5,01 00 00 18 B7
2026-09-28T15:20:27.040+00:00,3468.984,RX,baseline,00016165,1,7,01 00 00 0F 03 65 61
2026-09-28T15:20:27.040+00:00,3469.233,RX,baseline,00116165,1,5,01 00 00 65 61
2026-09-28T15:20:27.045+00:00,3474.203,RX,baseline,0001AB30,1,7,01 00 00 0F 03 30 AB
2026-09-28T15:20:27.045+00:00,3474.285,RX,baseline,0011AB30,1,5,01 00 00 30 AB
2026-09-28T15:20:27.050+00:00,3479.250,RX,baseline,00017762,1,7,01 00 00 0F 03 62 77
2026-09-28T15:20:27.050+00:00,3479.333,RX,baseline,00117762,1,5,01 00 00 62 77
2026-09-28T15:20:27.055+00:00,3484.166,RX,baseline,00011118,1,7,01 00 00 0F 03 18 11
2026-09-28T15:20:27.055+00:00,3484.222,RX,baseline,00111118,1,5,01 00 00 18 11
2026-09-28T15:20:27.060+00:00,3488.998,RX,baseline,00018360,1,7,01 00 00 0F 03 60 83
2026-09-28T15:20:27.060+00:00,3489.239,RX,baseline,00118360,1,5,01 00 00 60 83
2026-09-28T15:20:27.065+00:00,3493.990,RX,baseline,0001B42F,1,7,01 00 00 0F 03 2F B4
2026-09-28T15:20:27.065+00:00,3494.238,RX,baseline,0011B42F,1,5,01 00 00 2F B4
2026-09-28T15:20:27.070+00:00,3499.018,RX,baseline,00018691,1,7,01 00 00 0F 03 91 86
2026-09-28T15:20:27.070+00:00,3499.243,RX,baseline,00118691,1,5,01 00 00 91 86
2026-09-28T15:20:27.075+00:00,3504.004,RX,baseline,00013A23,1,7,01 00 00 0F 03 23 3A
2026-09-28T15:20:27.075+00:00,3504.235,RX,baseline,00113A23,1,5,01 00 00 23 3A
2026-09-28T15:20:27.080+00:00,3509.027,RX,baseline,000142AA,1,7,01 00 00 0F 03 AA 42
2026-09-28T15:20:27.080+00:00,3509.324,RX,baseline,001142AA,1,5,01 00 00 AA 42
2026-09-28T15:20:27.085+00:00,3514.032,RX,baseline,0001C9C2,1,7,01 00 00 0F 03 C2 C9
2026-09-28T15:20:27.085+00:00,3514.242,RX,baseline,0011C9C2,1,5,01 00 00 C2 C9
2026-09-28T15:20:27.090+00:00,3518.988,RX,baseline,00010D62,1,7,01 00 00 0F 03 62 0D
2026-09-28T15:20:27.090+00:00,3519.228,RX,baseline,00110D62,1,5,01 00 00 62 0D
2026-09-28T15:20:27.095+00:00,3524.166,RX,baseline,000165F9,1,7,01 00 00 0F 03 F9 65
2026-09-28T15:20:27.095+00:00,3524.221,RX,baseline,001165F9,1,5,01 00 00 F9 65
2026-09-28T15:20:27.100+00:00,3529.225,RX,baseline,00013F05,1,7,01 00 00 0F 03 05 3F
2026-09-28T15:20:27.100+00:00,3529.306,RX,baseline,00113F05,1,5,01 00 00 05 3F
2026-09-28T15:20:27.105+00:00,3534.169,RX,baseline,0001D80C,1,7,01 00 00 0F 03 0C D8
2026-09-28T15:20:27.105+00:00,3534.224,RX,baseline,0011D80C,1,5,01 00 00 0C D8
2026-09-28T15:20:27.110+00:00,3539.251,RX,baseline,00012F69,1,7,01 00 00 0F 03 69 2F
2026-09-28T15:20:27.110+00:00,3539.323,RX,baseline,00112F69,1,5,01 00 00 69 2F
2026-09-28T15:20:27.115+00:00,3544.151,RX,baseline,0001AEFC,1,7,01 00 00 0F 03 FC AE
2026-09-28T15:20:27.115+00:00,3544.224,RX,baseline,0011AEFC,1,5,01 00 00 FC AE
2026-09-28T15:20:27.120+00:00,3549.227,RX,baseline,00011A44,1,7,01 00 00 0F 03 44 1A
2026-09-28T15:20:27.120+00:00,3549.302,RX,baseline,00111A44,1,5,01 00 00 44 1A
2026-09-28T15:20:27.125+00:00,3554.209,RX,baseline,0001EEBE,1,7,01 00 00 0F 03 BE EE
2026-09-28T15:20:27.125+00:00,3554.303,RX,baseline,0011EEBE,1,5,01 00 00 BE EE
2026-09-28T15:20:27.130+00:00,3559.220,RX,baseline,0001F3BC,1,7,01 00 00 0F 03 BC F3
2026-09-28T15:20:27.130+00:00,3559.291,RX,baseline,0011F3BC,1,5,01 00 00 BC F3
2026-09-28T15:20:27.135+00:00,3564.179,RX,baseline,000140B4,1,7,01 00 00 0F 03 B4 40
2026-09-28T15:20:27.135+00:00,3564.250,RX,baseline,001140B4,1,5,01 00 00 B4 40
2026-09-28T15:20:27.140+00:00,3569.253,RX,baseline,00010FA1,1,7,01 00 00 0F 03 A1 0F
2026-09-28T15:20:27.140+00:00,3569.310,RX,baseline,00110FA1,1,5,01 00 00 A1 0F
2026-09-28T15:20:27.145+00:00,3573.951,RX,baseline,0001037B,1,7,01 00 00 0F 03 7B 03
2026-09-28T15:20:27.145+00:00,3574.177,RX,baseline,0011037B,1,5,01 00 00 7B 03
2026-09-28T15:20:27.150+00:00,3578.989,RX,baseline,00015DAD,1,7,01 00 00 0F 03 AD 5D
2026-09-28T15:20:27.150+00:00,3579.230,RX,baseline,00115DAD,1,5,01 00 00 AD 5D
2026-09-28T15:20:27.155+00:00,3584.052,RX,baseline,0001D715,1,7,01 00 00 0F 03 15 D7
2026-09-28T15:20:27.155+00:00,3584.278,RX,baseline,0011D715,1,5,01 00 00 15 D7
2026-09-28T15:20:27.160+00:00,3589.058,RX,baseline,000176CD,1,7,01 00 00 0F 03 CD 76
2026-09-28T15:20:27.160+00:00,3589.286,RX,baseline,001176CD,1,5,01 00 00 CD 76
2026-09-28T15:20:27.165+00:00,3594.202,RX,baseline,0001C6F9,1,7,01 00 00 0F 03 F9 C6
2026-09-28T15:20:27.165+00:00,3594.285,RX,baseline,0011C6F9,1,5,01 00 00 F9 C6
2026-09-28T15:20:27.170+00:00,3599.053,RX,baseline,00017F35,1,7,01 00 00 0F 03 35 7F
2026-09-28T15:20:27.170+00:00,3599.271,RX,baseline,00117F35,1,5,01 00 00 35 7F
2026-09-28T15:20:27.175+00:00,3604.018,RX,baseline,0001DE83,1,7,01 00 00 0F 03 83 DE
2026-09-28T15:20:27.175+00:00,3604.228,RX,baseline,0011DE83,1,5,01 00 00 83 DE
2026-09-28T15:20:27.180+00:00,3609.078,RX,baseline,000156CB,1,7,01 00 00 0F 03 CB 56
2026-09-28T15:20:27.180+00:00,3609.181,RX,baseline,001156CB,1,5,01 00 00 CB 56
2026-09-28T15:20:27.185+00:00,3614.020,RX,baseline,000188E7,1,7,01 00 00 0F 03 E7 88
2026-09-28T15:20:27.185+00:00,3614.275,RX,baseline,001188E7,1,5,01 00 00 E7 88
2026-09-28T15:20:27.190+00:00,3619.061,RX,baseline,00018531,1,7,01 00 00 0F 03 31 85
2026-09-28T15:20:27.190+00:00,3619.280,RX,baseline,00118531,1,5,01 00 00 31 85
2026-09-28T15:20:27.195+00:00,3623.998,RX,baseline,0001E491,1,7,01 00 00 0F 03 91 E4
2026-09-28T15:20:27.195+00:00,3624.249,RX,baseline,0011E491,1,5,01 00 00 91 E4
2026-09-28T15:20:27.200+00:00,3629.195,RX,baseline,0001FC7C,1,7,01 00 00 0F 03 7C FC
2026-09-28T15:20:27.200+00:00,3629.258,RX,baseline,0011FC7C,1,5,01 00 00 7C FC
2026-09-28T15:20:27.205+00:00,3634.537,RX,baseline,0001EE91,1,7,01 00 00 0F 03 91 EE
2026-09-28T15:20:27.205+00:00,3634.636,RX,baseline,0011EE91,1,5,01 00 00 91 EE
2026-09-28T15:20:27.210+00:00,3639.539,RX,baseline,0001C94F,1,7,01 00 00 0F 03 4F C9
2026-09-28T15:20:27.210+00:00,3639.636,RX,baseline,0011C94F,1,5,01 00 00 4F C9
2026-09-28T15:20:27.215+00:00,3644.570,RX,baseline,0001E18C,1,7,01 00 00 0F 03 8C E1
2026-09-28T15:20:27.215+00:00,3644.670,RX,baseline,0011E18C,1,5,01 00 00 8C E1
2026-09-28T15:20:27.220+00:00,3649.631,RX,baseline,000198F8,1,7,01 00 00 0F 03 F8 98
2026-09-28T15:20:27.220+00:00,3649.735,RX,baseline,001198F8,1,5,01 00 00 F8 98
2026-09-28T15:20:27.225+00:00,3654.541,RX,baseline,0001C845,1,7,01 00 00 0F 03 45 C8
2026-09-28T15:20:27.225+00:00,3654.636,RX,baseline,0011C845,1,5,01 00 00 45 C8
2026-09-28T15:20:27.230+00:00,3659.627,RX,baseline,0001D5C6,1,7,01 00 00 0F 03 C6 D5
2026-09-28T15:20:27.230+00:00,3659.721,RX,baseline,0011D5C6,1,5,01 00 00 C6 D5
2026-09-28T15:20:27.235+00:00,3664.131,RX,baseline,00017EBA,1,7,01 00 00 0F 03 BA 7E
2026-09-28T15:20:27.235+00:00,3664.213,RX,baseline,00117EBA,1,5,01 00 00 BA 7E
2026-09-28T15:20:27.240+00:00,3669.222,RX,baseline,0001A3A3,1,7,01 00 00 0F 03 A3 A3
2026-09-28T15:20:27.240+00:00,3669.378,RX,baseline,0011A3A3,1,5,01 00 00 A3 A3
2026-09-28T15:20:27.245+00:00,3674.523,RX,baseline,0001F572,1,7,01 00 00 0F 03 72 F5
2026-09-28T15:20:27.245+00:00,3674.610,RX,baseline,0011F572,1,5,01 00 00 72 F5
2026-09-28T15:20:27.250+00:00,3679.407,RX,baseline,00018EC7,1,7,01 00 00 0F 03 C7 8E
2026-09-28T15:20:27.250+00:00,3679.491,RX,baseline,00118EC7,1,5,01 00 00 C7 8E
2026-09-28T15:20:27.255+00:00,3684.080,RX,baseline,00016961,1,7,01 00 00 0F 03 61 69
2026-09-28T15:20:27.255+00:00,3684.347,RX,baseline,00116961,1,5,01 00 00 61 69
2026-09-28T15:20:27.260+00:00,3689.379,RX,baseline,000197FA,1,7,01 00 00 0F 03 FA 97
2026-09-28T15:20:27.260+00:00,3689.445,RX,baseline,001197FA,1,5,01 00 00 FA 97
2026-09-28T15:20:27.265+00:00,3694.224,RX,baseline,00010F95,1,7,01 00 00 0F 03 95 0F
2026-09-28T15:20:27.265+00:00,3694.310,RX,baseline,00110F95,1,5,01 00 00 95 0F
2026-09-28T15:20:27.270+00:00,3699.283,RX,baseline,000125B6,1,7,01 00 00 0F 03 B6 25
2026-09-28T15:20:27.270+00:00,3699.343,RX,baseline,001125B6,1,5,01 00 00 B6 25
2026-09-28T15:20:27.275+00:00,3704.412,RX,baseline,0001AE89,1,7,01 00 00 0F 03 89 AE
2026-09-28T15:20:27.275+00:00,3704.477,RX,baseline,0011AE89,1,5,01 00 00 89 AE
2026-09-28T15:20:27.280+00:00,3709.206,RX,baseline,00017330,1,7,01 00 00 0F 03 30 73
2026-09-28T15:20:27.280+00:00,3709.298,RX,baseline,00117330,1,5,01 00 00 30 73
2026-09-28T15:20:27.285+00:00,3714.540,RX,baseline,00015BD3,1,7,01 00 00 0F 03 D3 5B
2026-09-28T15:20:27.285+00:00,3714.633,RX,baseline,00115BD3,1,5,01 00 00 D3 5B
2026-09-28T15:20:27.290+00:00,3719.452,RX,baseline,00013E17,1,7,01 00 00 0F 03 17 3E
2026-09-28T15:20:27.290+00:00,3719.537,RX,baseline,00113E17,1,5,01 00 00 17 3E
2026-09-28T15:20:27.295+00:00,3724.559,RX,baseline,00010381,1,7,01 00 00 0F 03 81 03
2026-09-28T15:20:27.295+00:00,3724.644,RX,baseline,00110381,1,5,01 00 00 81 03
2026-09-28T15:20:27.300+00:00,3729.508,RX,baseline,00013D7D,1,7,01 00 00 0F 03 7D 3D
2026-09-28T15:20:27.300+00:00,3729.593,RX,baseline,00113D7D,1,5,01 00 00 7D 3D
2026-09-28T15:20:27.305+00:00,3734.640,RX,baseline,00018764,1,7,01 00 00 0F 03 64 87
2026-09-28T15:20:27.305+00:00,3734.724,RX,baseline,00118764,1,5,01 00 00 64 87
2026-09-28T15:20:27.310+00:00,3739.060,RX,baseline,0001F849,1,7,01 00 00 0F 03 49 F8
2026-09-28T15:20:27.310+00:00,3739.176,RX,baseline,0011F849,1,5,01 00 00 49 F8
2026-09-28T15:20:27.315+00:00,3743.954,RX,baseline,00010322,1,7,01 00 00 0F 03 22 03
2026-09-28T15:20:27.315+00:00,3744.313,RX,baseline,00110322,1,5,01 00 00 22 03
2026-09-28T15:20:27.320+00:00,3748.947,RX,baseline,0001B330,1,7,01 00 00 0F 03 30 B3
2026-09-28T15:20:27.320+00:00,3749.211,RX,baseline,0011B330,1,5,01 00 00 30 B3
2026-09-28T15:20:27.325+00:00,3753.944,RX,baseline,00018AB6,1,7,01 00 00 0F 03 B6 8A
2026-09-28T15:20:27.325+00:00,3754.380,RX,baseline,00118AB6,1,5,01 00 00 B6 8A
2026-09-28T15:20:27.330+00:00,3758.945,RX,baseline,0001FDF4,1,7,01 00 00 0F 03 F4 FD
2026-09-28T15:20:27.330+00:00,3759.291,RX,baseline,0011FDF4,1,5,01 00 00 F4 FD
2026-09-28T15:20:27.335+00:00,3763.946,RX,baseline,0001A3D5,1,7,01 00 00 0F 03 D5 A3
2026-09-28T15:20:27.335+00:00,3764.195,RX,baseline,0011A3D5,1,5,01 00 00 D5 A3
2026-09-28T15:20:27.340+00:00,3769.518,RX,baseline,0001A988,1,7,01 00 00 0F 03 88 A9
2026-09-28T15:20:27.340+00:00,3769.602,RX,baseline,0011A988,1,5,01 00 00 88 A9
2026-09-28T15:20:27.345+00:00,3774.024,RX,baseline,00015F4D,1,7,01 00 00 0F 03 4D 5F
2026-09-28T15:20:27.345+00:00,3774.139,RX,baseline,00115F4D,1,5,01 00 00 4D 5F
2026-09-28T15:20:27.350+00:00,3779.056,RX,baseline,00018C43,1,7,01 00 00 0F 03 43 8C
2026-09-28T15:20:27.350+00:00,3779.151,RX,baseline,00118C43,1,5,01 00 00 43 8C
2026-09-28T15:20:27.355+00:00,3784.056,RX,baseline,00016655,1,7,01 00 00 0F 03 55 66
2026-09-28T15:20:27.355+00:00,3784.185,RX,baseline,00116655,1,5,01 00 00 55 66
2026-09-28T15:20:27.360+00:00,3788.993,RX,baseline,0001D747,1,7,01 00 00 0F 03 47 D7
2026-09-28T15:20:27.360+00:00,3789.185,RX,baseline,0011D747,1,5,01 00 00 47 D7
2026-09-28T15:20:27.365+00:00,3794.307,RX,baseline,0001E46B,1,7,01 00 00 0F 03 6B E4
2026-09-28T15:20:27.365+00:00,3794.394,RX,baseline,0011E46B,1,5,01 00 00 6B E4
2026-09-28T15:20:27.370+00:00,3799.179,RX,baseline,00019BD1,1,7,01 00 00 0F 03 D1 9B
2026-09-28T15:20:27.370+00:00,3799.243,RX,baseline,00119BD1,1,5,01 00 00 D1 9B
2026-09-28T15:20:27.375+00:00,3804.290,RX,baseline,0001B533,1,7,01 00 00 0F 03 33 B5
2026-09-28T15:20:27.375+00:00,3804.372,RX,baseline,0011B533,1,5,01 00 00 33 B5
2026-09-28T15:20:27.380+00:00,3809.288,RX,baseline,00012902,1,7,01 00 00 0F 03 02 29
2026-09-28T15:20:27.380+00:00,3809.389,RX,baseline,00112902,1,5,01 00 00 02 29
2026-09-28T15:20:27.385+00:00,3814.315,RX,baseline,0001AA73,1,7,01 00 00 0F 03 73 AA
2026-09-28T15:20:27.385+00:00,3814.398,RX,baseline,0011AA73,1,5,01 00 00 73 AA
2026-09-28T15:20:27.390+00:00,3819.530,RX,baseline,0001CA63,1,7,01 00 00 0F 03 63 CA
2026-09-28T15:20:27.390+00:00,3819.594,RX,baseline,0011CA63,1,5,01 00 00 63 CA
2026-09-28T15:20:27.395+00:00,3824.192,RX,baseline,0001391E,1,7,01 00 00 0F 03 1E 39
2026-09-28T15:20:27.395+00:00,3824.255,RX,baseline,0011391E,1,5,01 00 00 1E 39
2026-09-28T15:20:27.400+00:00,3829.185,RX,baseline,00018139,1,7,01 00 00 0F 03 39 81
2026-09-28T15:20:27.400+00:00,3829.277,RX,baseline,00118139,1,5,01 00 00 39 81
2026-09-28T15:20:27.405+00:00,3834.130,RX,baseline,0001B90D,1,7,01 00 00 0F 03 0D B9
2026-09-28T15:20:27.405+00:00,3834.196,RX,baseline,0011B90D,1,5,01 00 00 0D B9
2026-09-28T15:20:27.410+00:00,3839.208,RX,baseline,0001965A,1,7,01 00 00 0F 03 5A 96
2026-09-28T15:20:27.410+00:00,3839.273,RX,baseline,0011965A,1,5,01 00 00 5A 96
2026-09-28T15:20:27.415+00:00,3844.221,RX,baseline,000119DF,1,7,01 00 00 0F 03 DF 19
2026-09-28T15:20:27.415+00:00,3844.299,RX,baseline,001119DF,1,5,01 00 00 DF 19
2026-09-28T15:20:27.420+00:00,3848.983,RX,baseline,0001342A,1,7,01 00 00 0F 03 2A 34
2026-09-28T15:20:27.420+00:00,3849.203,RX,baseline,0011342A,1,5,01 00 00 2A 34
2026-09-28T15:20:27.425+00:00,3854.304,RX,baseline,00017009,1,7,01 00 00 0F 03 09 70
2026-09-28T15:20:27.425+00:00,3854.384,RX,baseline,00117009,1,5,01 00 00 09 70
2026-09-28T15:20:27.430+00:00,3859.155,RX,baseline,000147E6,1,7,01 00 00 0F 03 E6 47
2026-09-28T15:20:27.430+00:00,3859.220,RX,baseline,001147E6,1,5,01 00 00 E6 47
2026-09-28T15:20:27.435+00:00,3864.235,RX,baseline,00015425,1,7,01 00 00 0F 03 25 54
2026-09-28T15:20:27.435+00:00,3864.318,RX,baseline,00115425,1,5,01 00 00 25 54
2026-09-28T15:20:27.440+00:00,3869.063,RX,baseline,00018F64,1,7,01 00 00 0F 03 64 8F
2026-09-28T15:20:27.440+00:00,3869.146,RX,baseline,00118F64,1,5,01 00 00 64 8F
2026-09-28T15:20:27.445+00:00,3874.505,RX,baseline,00014704,1,7,01 00 00 0F 03 04 47
2026-09-28T15:20:27.445+00:00,3874.587,RX,baseline,00114704,1,5,01 00 00 04 47
2026-09-28T15:20:27.450+00:00,3879.364,RX,baseline,00011FFA,1,7,01 00 00 0F 03 FA 1F
2026-09-28T15:20:27.450+00:00,3879.443,RX,baseline,00111FFA,1,5,01 00 00 FA 1F
2026-09-28T15:20:27.455+00:00,3884.529,RX,baseline,00011405,1,7,01 00 00 0F 03 05 14
2026-09-28T15:20:27.455+00:00,3884.639,RX,baseline,00111405,1,5,01 00 00 05 14
2026-09-28T15:20:27.460+00:00,3889.330,RX,baseline,0001791D,1,7,01 00 00 0F 03 1D 79
2026-09-28T15:20:27.460+00:00,3889.413,RX,baseline,0011791D,1,5,01 00 00 1D 79
2026-09-28T15:20:27.465+00:00,3894.316,RX,baseline,0001A7CB,1,7,01 00 00 0F 03 CB A7
2026-09-28T15:20:27.465+00:00,3894.382,RX,baseline,0011A7CB,1,5,01 00 00 CB A7
2026-09-28T15:20:27.470+00:00,3899.354,RX,baseline,00014D02,1,7,01 00 00 0F 03 02 4D
2026-09-28T15:20:27.470+00:00,3899.423,RX,baseline,00114D02,1,5,01 00 00 02 4D
2026-09-28T15:20:27.475+00:00,3904.323,RX,baseline,0001F83E,1,7,01 00 00 0F 03 3E F8
2026-09-28T15:20:27.475+00:00,3904.416,RX,baseline,0011F83E,1,5,01 00 00 3E F8
2026-09-28T15:20:27.480+00:00,3909.299,RX,baseline,0001FF44,1,7,01 00 00 0F 04 44 FF
2026-09-28T15:20:27.480+00:00,3909.382,RX,baseline,0011FF44,1,5,01 00 00 44 FF
2026-09-28T15:20:27.485+00:00,3914.208,RX,baseline,0001BB81,1,7,01 00 00 0F 03 81 BB
2026-09-28T15:20:27.485+00:00,3914.287,RX,baseline,0011BB81,1,5,01 00 00 81 BB
2026-09-28T15:20:27.490+00:00,3919.335,RX,baseline,00011556,1,7,01 00 00 0F 03 56 15
2026-09-28T15:20:27.490+00:00,3919.422,RX,baseline,00111556,1,5,01 00 00 56 15
2026-09-28T15:20:27.495+00:00,3924.606,RX,baseline,00016640,1,7,01 00 00 0F 03 40 66
2026-09-28T15:20:27.495+00:00,3924.691,RX,baseline,00116640,1,5,01 00 00 40 66
2026-09-28T15:20:27.500+00:00,3929.434,RX,baseline,0001D654,1,7,01 00 00 0F 03 54 D6
2026-09-28T15:20:27.500+00:00,3929.513,RX,baseline,0011D654,1,5,01 00 00 54 D6
2026-09-28T15:20:27.505+00:00,3934.593,RX,baseline,00013682,1,7,01 00 00 0F 03 82 36
2026-09-28T15:20:27.505+00:00,3934.688,RX,baseline,00113682,1,5,01 00 00 82 36
2026-09-28T15:20:27.510+00:00,3939.422,RX,baseline,0001D36C,1,7,01 00 00 0F 03 6C D3
2026-09-28T15:20:27.510+00:00,3939.487,RX,baseline,0011D36C,1,5,01 00 00 6C D3
2026-09-28T15:20:27.515+00:00,3944.489,RX,baseline,0001DAEA,1,7,01 00 00 0F 03 EA DA
2026-09-28T15:20:27.515+00:00,3944.552,RX,baseline,0011DAEA,1,5,01 00 00 EA DA
2026-09-28T15:20:27.520+00:00,3949.218,RX,baseline,000103EE,1,7,01 00 00 0F 03 EE 03
2026-09-28T15:20:27.520+00:00,3949.302,RX,baseline,001103EE,1,5,01 00 00 EE 03
2026-09-28T15:20:27.525+00:00,3954.170,RX,baseline,00013305,1,7,01 00 00 0F 03 05 33
2026-09-28T15:20:27.525+00:00,3954.278,RX,baseline,00113305,1,5,01 00 00 05 33
2026-09-28T15:20:27.530+00:00,3959.191,RX,baseline,00010FCF,1,7,01 00 00 0F 03 CF 0F
2026-09-28T15:20:27.530+00:00,3959.275,RX,baseline,00110FCF,1,5,01 00 00 CF 0F
2026-09-28T15:20:27.535+00:00,3964.138,RX,baseline,00013416,1,7,01 00 00 0F 03 16 34
2026-09-28T15:20:27.535+00:00,3964.214,RX,baseline,00113416,1,5,01 00 00 16 34
2026-09-28T15:20:27.540+00:00,3969.165,RX,baseline,00015524,1,7,01 00 00 0F 03 24 55
2026-09-28T15:20:27.540+00:00,3969.230,RX,baseline,00115524,1,5,01 00 00 24 55
2026-09-28T15:20:27.545+00:00,3974.012,RX,baseline,0001F284,1,7,01 00 00 0F 03 84 F2
2026-09-28T15:20:27.545+00:00,3974.257,RX,baseline,0011F284,1,5,01 00 00 84 F2
2026-09-28T15:20:27.550+00:00,3979.031,RX,baseline,000180D3,1,7,01 00 00 0F 03 D3 80
2026-09-28T15:20:27.550+00:00,3979.243,RX,baseline,001180D3,1,5,01 00 00 D3 80
2026-09-28T15:20:27.555+00:00,3984.009,RX,baseline,000116D5,1,7,01 00 00 0F 03 D5 16
2026-09-28T15:20:27.555+00:00,3984.235,RX,baseline,001116D5,1,5,01 00 00 D5 16
2026-09-28T15:20:27.560+00:00,3989.237,RX,baseline,00010095,1,7,01 00 00 0F 03 95 00
2026-09-28T15:20:27.560+00:00,3989.321,RX,baseline,00110095,1,5,01 00 00 95 00
2026-09-28T15:20:27.565+00:00,3994.158,RX,baseline,0001BDDB,1,7,01 00 00 0F 03 DB BD
2026-09-28T15:20:27.565+00:00,3994.260,RX,baseline,0011BDDB,1,5,01 00 00 DB BD
2026-09-28T15:20:27.570+00:00,3999.168,RX,baseline,00014004,1,7,01 00 00 0F 03 04 40
2026-09-28T15:20:27.570+00:00,3999.223,RX,baseline,00114004,1,5,01 00 00 04 40
2026-09-28T15:20:27.575+00:00,4004.214,RX,baseline,00011A79,1,7,01 00 00 0F 03 79 1A
2026-09-28T15:20:27.575+00:00,4004.312,RX,baseline,00111A79,1,5,01 00 00 79 1A
2026-09-28T15:20:27.580+00:00,4009.227,RX,baseline,0001343D,1,7,01 00 00 0F 03 3D 34
2026-09-28T15:20:27.580+00:00,4009.366,RX,baseline,0011343D,1,5,01 00 00 3D 34
2026-09-28T15:20:27.585+00:00,4014.256,RX,baseline,0001A431,1,7,01 00 00 0F 03 31 A4
2026-09-28T15:20:27.585+00:00,4014.342,RX,baseline,0011A431,1,5,01 00 00 31 A4
2026-09-28T15:20:27.590+00:00,4019.119,RX,baseline,0001B562,1,7,01 00 00 0F 03 62 B5
2026-09-28T15:20:27.590+00:00,4019.175,RX,baseline,0011B562,1,5,01 00 00 62 B5
2026-09-28T15:20:27.595+00:00,4023.935,RX,baseline,00014057,1,7,01 00 00 0F 03 57 40
2026-09-28T15:20:27.595+00:00,4024.179,RX,baseline,00114057,1,5,01 00 00 57 40
2026-09-28T15:20:27.600+00:00,4029.061,RX,baseline,00019308,1,7,01 00 00 0F 03 08 93
2026-09-28T15:20:27.600+00:00,4029.186,RX,baseline,00119308,1,5,01 00 00 08 93
2026-09-28T15:20:27.605+00:00,4034.047,RX,baseline,00015899,1,7,01 00 00 0F 03 99 58
2026-09-28T15:20:27.605+00:00,4034.145,RX,baseline,00115899,1,5,01 00 00 99 58
2026-09-28T15:20:27.610+00:00,4039.060,RX,baseline,0001A84E,1,7,01 00 00 0F 03 4E A8
2026-09-28T15:20:27.610+00:00,4039.192,RX,baseline,0011A84E,1,5,01 00 00 4E A8
2026-09-28T15:20:27.614+00:00,4043.914,RX,baseline,00012448,1,7,01 00 00 0F 03 48 24
2026-09-28T15:20:27.615+00:00,4044.193,RX,baseline,00112448,1,5,01 00 00 48 24
2026-09-28T15:20:27.620+00:00,4049.028,RX,baseline,0001DE2B,1,7,01 00 00 0F 03 2B DE
2026-09-28T15:20:27.620+00:00,4049.288,RX,baseline,0011DE2B,1,5,01 00 00 2B DE
2026-09-28T15:20:27.625+00:00,4053.942,RX,baseline,00010277,1,7,01 00 00 0F 03 77 02
2026-09-28T15:20:27.625+00:00,4054.196,RX,baseline,00110277,1,5,01 00 00 77 02
2026-09-28T15:20:27.630+00:00,4059.004,RX,baseline,00017241,1,7,01 00 00 0F 03 41 72
2026-09-28T15:20:27.630+00:00,4059.204,RX,baseline,00117241,1,5,01 00 00 41 72
2026-09-28T15:20:27.635+00:00,4063.940,RX,baseline,00015DF3,1,7,01 00 00 0F 03 F3 5D
2026-09-28T15:20:27.635+00:00,4064.174,RX,baseline,00115DF3,1,5,01 00 00 F3 5D
2026-09-28T15:20:27.640+00:00,4069.022,RX,baseline,00017A32,1,7,01 00 00 0F 03 32 7A
2026-09-28T15:20:27.640+00:00,4069.121,RX,baseline,00117A32,1,5,01 00 00 32 7A
2026-09-28T15:20:27.645+00:00,4074.097,RX,baseline,0001F8A3,1,7,01 00 00 0F 03 A3 F8
2026-09-28T15:20:27.645+00:00,4074.305,RX,baseline,0011F8A3,1,5,01 00 00 A3 F8
2026-09-28T15:20:27.650+00:00,4079.117,RX,baseline,0001E742,1,7,01 00 00 0F 03 42 E7
2026-09-28T15:20:27.650+00:00,4079.175,RX,baseline,0011E742,1,5,01 00 00 42 E7
2026-09-28T15:20:27.655+00:00,4083.943,RX,baseline,0001CACC,1,7,01 00 00 0F 03 CC CA
2026-09-28T15:20:27.655+00:00,4084.277,RX,baseline,0011CACC,1,5,01 00 00 CC CA
2026-09-28T15:20:27.660+00:00,4088.942,RX,baseline,0001F3D8,1,7,01 00 00 0F 03 D8 F3
2026-09-28T15:20:27.660+00:00,4089.285,RX,baseline,0011F3D8,1,5,01 00 00 D8 F3
2026-09-28T15:20:27.665+00:00,4094.181,RX,baseline,0001B34F,1,7,01 00 00 0F 03 4F B3
2026-09-28T15:20:27.665+00:00,4094.245,RX,baseline,0011B34F,1,5,01 00 00 4F B3
2026-09-28T15:20:27.670+00:00,4099.059,RX,baseline,00017015,1,7,01 00 00 0F 03 15 70
2026-09-28T15:20:27.670+00:00,4099.214,RX,baseline,00117015,1,5,01 00 00 15 70
2026-09-28T15:20:27.675+00:00,4103.995,RX,baseline,0001E0DA,1,7,01 00 00 0F 03 DA E0
2026-09-28T15:20:27.675+00:00,4104.136,RX,baseline,0011E0DA,1,5,01 00 00 DA E0
2026-09-28T15:20:27.680+00:00,4108.952,RX,baseline,0001A499,1,7,01 00 00 0F 03 99 A4
2026-09-28T15:20:27.680+00:00,4109.205,RX,baseline,0011A499,1,5,01 00 00 99 A4
2026-09-28T15:20:27.685+00:00,4114.009,RX,baseline,000174A8,1,7,01 00 00 0F 03 A8 74
2026-09-28T15:20:27.685+00:00,4114.234,RX,baseline,001174A8,1,5,01 00 00 A8 74
2026-09-28T15:20:27.690+00:00,4119.224,RX,baseline,00013E32,1,7,01 00 00 0F 03 32 3E
2026-09-28T15:20:27.690+00:00,4119.320,RX,baseline,00113E32,1,5,01 00 00 32 3E
2026-09-28T15:20:27.695+00:00,4124.114,RX,baseline,0001FA3C,1,7,01 00 00 0F 03 3C FA
2026-09-28T15:20:27.695+00:00,4124.224,RX,baseline,0011FA3C,1,5,01 00 00 3C FA
2026-09-28T15:20:27.700+00:00,4129.081,RX,baseline,00013B07,1,7,01 00 00 0F 03 07 3B
2026-09-28T15:20:27.700+00:00,4129.171,RX,baseline,00113B07,1,5,01 00 00 07 3B
2026-09-28T15:20:27.705+00:00,4134.111,RX,baseline,0001443E,1,7,01 00 00 0F 03 3E 44
2026-09-28T15:20:27.705+00:00,4134.204,RX,baseline,0011443E,1,5,01 00 00 3E 44
2026-09-28T15:20:27.710+00:00,4139.115,RX,baseline,0001217B,1,7,01 00 00 0F 03 7B 21
2026-09-28T15:20:27.710+00:00,4139.213,RX,baseline,0011217B,1,5,01 00 00 7B 21
2026-09-28T15:20:27.715+00:00,4144.114,RX,baseline,0001A969,1,7,01 00 00 0F 03 69 A9
2026-09-28T15:20:27.715+00:00,4144.180,RX,baseline,0011A969,1,5,01 00 00 69 A9
2026-09-28T15:20:27.720+00:00,4149.087,RX,baseline,000142DF,1,7,01 00 00 0F 03 DF 42
2026-09-28T15:20:27.720+00:00,4149.267,RX,baseline,001142DF,1,5,01 00 00 DF 42
2026-09-28T15:20:27.725+00:00,4154.078,RX,baseline,00019D23,1,7,01 00 00 0F 03 23 9D
2026-09-28T15:20:27.725+00:00,4154.148,RX,baseline,00119D23,1,5,01 00 00 23 9D
2026-09-28T15:20:27.730+00:00,4159.082,RX,baseline,0001BBAC,1,7,01 00 00 0F 03 AC BB
2026-09-28T15:20:27.730+00:00,4159.176,RX,baseline,0011BBAC,1,5,01 00 00 AC BB
2026-09-28T15:20:27.735+00:00,4164.021,RX,baseline,00010E39,1,7,01 00 00 0F 03 39 0E
2026-09-28T15:20:27.735+00:00,4164.124,RX,baseline,00110E39,1,5,01 00 00 39 0E
2026-09-28T15:20:27.740+00:00,4169.093,RX,baseline,0001B4DA,1,7,01 00 00 0F 03 DA B4
2026-09-28T15:20:27.740+00:00,4169.191,RX,baseline,0011B4DA,1,5,01 00 00 DA B4
2026-09-28T15:20:27.745+00:00,4174.124,RX,baseline,00014AD5,1,7,01 00 00 0F 03 D5 4A
2026-09-28T15:20:27.745+00:00,4174.206,RX,baseline,00114AD5,1,5,01 00 00 D5 4A
2026-09-28T15:20:27.750+00:00,4179.170,RX,baseline,00019191,1,7,01 00 00 0F 03 91 91
2026-09-28T15:20:27.750+00:00,4179.251,RX,baseline,00119191,1,5,01 00 00 91 91
2026-09-28T15:20:27.755+00:00,4184.067,RX,baseline,00010FA7,1,7,01 00 00 0F 03 A7 0F
2026-09-28T15:20:27.755+00:00,4184.172,RX,baseline,00110FA7,1,5,01 00 00 A7 0F
2026-09-28T15:20:27.760+00:00,4189.014,RX,baseline,00019E44,1,7,01 00 00 0F 03 44 9E
2026-09-28T15:20:27.760+00:00,4189.137,RX,baseline,00119E44,1,5,01 00 00 44 9E
2026-09-28T15:20:27.765+00:00,4194.349,RX,baseline,000134DC,1,7,01 00 00 0F 03 DC 34
2026-09-28T15:20:27.765+00:00,4194.442,RX,baseline,001134DC,1,5,01 00 00 DC 34
2026-09-28T15:20:27.770+00:00,4199.243,RX,baseline,000109FA,1,7,01 00 00 0F 03 FA 09
2026-09-28T15:20:27.770+00:00,4199.481,RX,baseline,001109FA,1,5,01 00 00 FA 09
2026-09-28T15:20:27.775+00:00,4203.950,RX,baseline,0001CA52,1,7,01 00 00 0F 03 52 CA
2026-09-28T15:20:27.775+00:00,4204.190,RX,baseline,0011CA52,1,5,01 00 00 52 CA
2026-09-28T15:20:27.780+00:00,4209.081,RX,baseline,00018C4E,1,7,01 00 00 0F 03 4E 8C
2026-09-28T15:20:27.780+00:00,4209.180,RX,baseline,00118C4E,1,5,01 00 00 4E 8C
2026-09-28T15:20:27.785+00:00,4213.987,RX,baseline,00013531,1,7,01 00 00 0F 03 31 35
2026-09-28T15:20:27.785+00:00,4214.197,RX,baseline,00113531,1,5,01 00 00 31 35
2026-09-28T15:20:27.790+00:00,4218.981,RX,baseline,00018E6E,1,7,01 00 00 0F 03 6E 8E
2026-09-28T15:20:27.790+00:00,4219.232,RX,baseline,00118E6E,1,5,01 00 00 6E 8E
2026-09-28T15:20:27.795+00:00,4223.945,RX,baseline,0001CFC8,1,7,01 00 00 0F 03 C8 CF
2026-09-28T15:20:27.795+00:00,4224.209,RX,baseline,0011CFC8,1,5,01 00 00 C8 CF
2026-09-28T15:20:27.800+00:00,4228.999,RX,baseline,00014322,1,7,01 00 00 0F 03 22 43
2026-09-28T15:20:27.800+00:00,4229.225,RX,baseline,00114322,1,5,01 00 00 22 43
2026-09-28T15:20:27.805+00:00,4233.980,RX,baseline,0001E564,1,7,01 00 00 0F 03 64 E5
2026-09-28T15:20:27.805+00:00,4234.262,RX,baseline,0011E564,1,5,01 00 00 64 E5
2026-09-28T15:20:27.810+00:00,4238.945,RX,baseline,00018DA0,1,7,01 00 00 0F 03 A0 8D
2026-09-28T15:20:27.810+00:00,4239.210,RX,baseline,00118DA0,1,5,01 00 00 A0 8D
2026-09-28T15:20:27.815+00:00,4243.944,RX,baseline,00017282,1,7,01 00 00 0F 03 82 72
2026-09-28T15:20:27.815+00:00,4244.282,RX,baseline,00117282,1,5,01 00 00 82 72
2026-09-28T15:20:27.820+00:00,4248.945,RX,baseline,000120BA,1,7,01 00 00 0F 03 BA 20
2026-09-28T15:20:27.820+00:00,4249.209,RX,baseline,001120BA,1,5,01 00 00 BA 20
2026-09-28T15:20:27.825+00:00,4253.944,RX,baseline,00016A7C,1,7,01 00 00 0F 03 7C 6A
2026-09-28T15:20:27.825+00:00,4254.264,RX,baseline,00116A7C,1,5,01 00 00 7C 6A
2026-09-28T15:20:27.830+00:00,4259.631,RX,baseline,000193A5,1,7,01 00 00 0F 03 A5 93
2026-09-28T15:20:27.830+00:00,4259.772,RX,baseline,001193A5,1,5,01 00 00 A5 93
2026-09-28T15:20:27.835+00:00,4264.030,RX,baseline,00011EAD,1,7,01 00 00 0F 03 AD 1E
2026-09-28T15:20:27.835+00:00,4264.118,RX,baseline,00111EAD,1,5,01 00 00 AD 1E
2026-09-28T15:20:27.840+00:00,4269.533,RX,baseline,0001E36F,1,7,01 00 00 0F 03 6F E3
2026-09-28T15:20:27.840+00:00,4269.629,RX,baseline,0011E36F,1,5,01 00 00 6F E3
2026-09-28T15:20:27.845+00:00,4274.143,RX,baseline,00014F9C,1,7,01 00 00 0F 03 9C 4F
2026-09-28T15:20:27.845+00:00,4274.247,RX,baseline,00114F9C,1,5,01 00 00 9C 4F
2026-09-28T15:20:27.850+00:00,4279.074,RX,baseline,000153E2,1,7,01 00 00 0F 03 E2 53
2026-09-28T15:20:27.850+00:00,4279.145,RX,baseline,001153E2,1,5,01 00 00 E2 53
2026-09-28T15:20:27.855+00:00,4284.075,RX,baseline,0001ABAD,1,7,01 00 00 0F 03 AD AB
2026-09-28T15:20:27.855+00:00,4284.160,RX,baseline,0011ABAD,1,5,01 00 00 AD AB
2026-09-28T15:20:27.860+00:00,4289.371,RX,baseline,0001FC53,1,7,01 00 00 0F 03 53 FC
2026-09-28T15:20:27.860+00:00,4289.451,RX,baseline,0011FC53,1,5,01 00 00 53 FC
2026-09-28T15:20:27.865+00:00,4294.211,RX,baseline,0001436A,1,7,01 00 00 0F 03 6A 43
2026-09-28T15:20:27.865+00:00,4294.291,RX,baseline,0011436A,1,5,01 00 00 6A 43
2026-09-28T15:20:27.870+00:00,4299.238,RX,baseline,0001C0C6,1,7,01 00 00 0F 03 C6 C0
2026-09-28T15:20:27.870+00:00,4299.325,RX,baseline,0011C0C6,1,5,01 00 00 C6 C0
2026-09-28T15:20:27.875+00:00,4304.120,RX,baseline,00019E61,1,7,01 00 00 0F 03 61 9E
2026-09-28T15:20:27.875+00:00,4304.256,RX,baseline,00119E61,1,5,01 00 00 61 9E
2026-09-28T15:20:27.880+00:00,4309.097,RX,baseline,00015D3F,1,7,01 00 00 0F 03 3F 5D
2026-09-28T15:20:27.880+00:00,4309.202,RX,baseline,00115D3F,1,5,01 00 00 3F 5D
2026-09-28T15:20:27.885+00:00,4314.010,RX,baseline,0001FC2F,1,7,01 00 00 0F 03 2F FC
2026-09-28T15:20:27.885+00:00,4314.233,RX,baseline,0011FC2F,1,5,01 00 00 2F FC
2026-09-28T15:20:27.890+00:00,4318.953,RX,baseline,00011D3B,1,7,01 00 00 0F 03 3B 1D
2026-09-28T15:20:27.890+00:00,4319.147,RX,baseline,00111D3B,1,5,01 00 00 3B 1D
2026-09-28T15:20:27.895+00:00,4323.954,RX,baseline,00018C26,1,7,01 00 00 0F 03 26 8C
2026-09-28T15:20:27.895+00:00,4324.146,RX,baseline,00118C26,1,5,01 00 00 26 8C
2026-09-28T15:20:27.900+00:00,4328.940,RX,baseline,0001DAAB,1,7,01 00 00 0F 03 AB DA
2026-09-28T15:20:27.900+00:00,4329.151,RX,baseline,0011DAAB,1,5,01 00 00 AB DA
2026-09-28T15:20:27.905+00:00,4333.953,RX,baseline,000106BD,1,7,01 00 00 0F 03 BD 06
2026-09-28T15:20:27.905+00:00,4334.288,RX,baseline,001106BD,1,5,01 00 00 BD 06
2026-09-28T15:20:27.910+00:00,4338.956,RX,baseline,0001FBDC,1,7,01 00 00 0F 03 DC FB
2026-09-28T15:20:27.910+00:00,4339.264,RX,baseline,0011FBDC,1,5,01 00 00 DC FB
2026-09-28T15:20:27.914+00:00,4343.925,RX,baseline,0001629D,1,7,01 00 00 0F 03 9D 62
2026-09-28T15:20:27.915+00:00,4344.248,RX,baseline,0011629D,1,5,01 00 00 9D 62
2026-09-28T15:20:27.920+00:00,4349.217,RX,baseline,0001D140,1,7,01 00 00 0F 03 40 D1
2026-09-28T15:20:27.920+00:00,4349.393,RX,baseline,0011D140,1,5,01 00 00 40 D1
2026-09-28T15:20:27.925+00:00,4354.488,RX,baseline,00017413,1,7,01 00 00 0F 03 13 74
2026-09-28T15:20:27.925+00:00,4354.582,RX,baseline,00117413,1,5,01 00 00 13 74
2026-09-28T15:20:27.930+00:00,4359.221,RX,baseline,00015BE6,1,7,01 00 00 0F 03 E6 5B
2026-09-28T15:20:27.930+00:00,4359.418,RX,baseline,00115BE6,1,5,01 00 00 E6 5B
2026-09-28T15:20:27.935+00:00,4364.223,RX,baseline,0001A42C,1,7,01 00 00 0F 03 2C A4
2026-09-28T15:20:27.935+00:00,4364.407,RX,baseline,0011A42C,1,5,01 00 00 2C A4
2026-09-28T15:20:27.940+00:00,4369.216,RX,baseline,0001AB2D,1,7,01 00 00 0F 03 2D AB
2026-09-28T15:20:27.940+00:00,4369.413,RX,baseline,0011AB2D,1,5,01 00 00 2D AB
2026-09-28T15:20:27.945+00:00,4374.247,RX,baseline,0001E1C1,1,7,01 00 00 0F 03 C1 E1
2026-09-28T15:20:27.945+00:00,4374.369,RX,baseline,0011E1C1,1,5,01 00 00 C1 E1
2026-09-28T15:20:27.950+00:00,4379.121,RX,baseline,0001BFF0,1,7,01 00 00 0F 03 F0 BF
2026-09-28T15:20:27.950+00:00,4379.215,RX,baseline,0011BFF0,1,5,01 00 00 F0 BF
2026-09-28T15:20:27.955+00:00,4384.290,RX,baseline,0001E945,1,7,01 00 00 0F 03 45 E9
2026-09-28T15:20:27.955+00:00,4384.367,RX,baseline,0011E945,1,5,01 00 00 45 E9
2026-09-28T15:20:27.960+00:00,4389.228,RX,baseline,0001793C,1,7,01 00 00 0F 03 3C 79
2026-09-28T15:20:27.960+00:00,4389.387,RX,baseline,0011793C,1,5,01 00 00 3C 79
2026-09-28T15:20:27.965+00:00,4394.038,RX,baseline,00011D0C,1,7,01 00 00 0F 03 0C 1D
2026-09-28T15:20:27.965+00:00,4394.126,RX,baseline,00111D0C,1,5,01 00 00 0C 1D
2026-09-28T15:20:27.970+00:00,4399.031,RX,baseline,00012E59,1,7,01 00 00 0F 03 59 2E
2026-09-28T15:20:27.970+00:00,4399.130,RX,baseline,00112E59,1,5,01 00 00 59 2E
2026-09-28T15:20:27.975+00:00,4404.151,RX,baseline,0001F668,1,7,01 00 00 0F 03 68 F6
2026-09-28T15:20:27.975+00:00,4404.292,RX,baseline,0011F668,1,5,01 00 00 68 F6
2026-09-28T15:20:27.980+00:00,4409.002,RX,baseline,000187A3,1,7,01 00 00 0F 03 A3 87
2026-09-28T15:20:27.980+00:00,4409.146,RX,baseline,001187A3,1,5,01 00 00 A3 87
2026-09-28T15:20:27.985+00:00,4414.117,RX,baseline,000108D0,1,7,01 00 00 0F 03 D0 08
2026-09-28T15:20:27.985+00:00,4414.174,RX,baseline,001108D0,1,5,01 00 00 D0 08
2026-09-28T15:20:27.990+00:00,4418.952,RX,baseline,00014F84,1,7,01 00 00 0F 03 84 4F
2026-09-28T15:20:27.990+00:00,4419.346,RX,baseline,00114F84,1,5,01 00 00 84 4F
2026-09-28T15:20:27.995+00:00,4424.000,RX,baseline,00012EE9,1,7,01 00 00 0F 03 E9 2E
2026-09-28T15:20:27.995+00:00,4424.209,RX,baseline,00112EE9,1,5,01 00 00 E9 2E
2026-09-28T15:20:27.999+00:00,4428.923,RX,baseline,0001D29A,1,7,01 00 00 0F 03 9A D2
2026-09-28T15:20:28.000+00:00,4429.221,RX,baseline,0011D29A,1,5,01 00 00 9A D2
2026-09-28T15:20:28.005+00:00,4433.964,RX,baseline,00015E29,1,7,01 00 00 0F 03 29 5E
2026-09-28T15:20:28.005+00:00,4434.194,RX,baseline,00115E29,1,5,01 00 00 29 5E
2026-09-28T15:20:28.010+00:00,4439.039,RX,baseline,000165C5,1,7,01 00 00 0F 03 C5 65
2026-09-28T15:20:28.010+00:00,4439.169,RX,baseline,001165C5,1,5,01 00 00 C5 65
2026-09-28T15:20:28.015+00:00,4443.939,RX,baseline,0001DC71,1,7,01 00 00 0F 03 71 DC
2026-09-28T15:20:28.015+00:00,4444.178,RX,baseline,0011DC71,1,5,01 00 00 71 DC
2026-09-28T15:20:28.020+00:00,4448.993,RX,baseline,0001BAB0,1,7,01 00 00 0F 03 B0 BA
2026-09-28T15:20:28.020+00:00,4449.208,RX,baseline,0011BAB0,1,5,01 00 00 B0 BA
2026-09-28T15:20:28.025+00:00,4453.980,RX,baseline,00018BCF,1,7,01 00 00 0F 03 CF 8B
2026-09-28T15:20:28.025+00:00,4454.194,RX,baseline,00118BCF,1,5,01 00 00 CF 8B
2026-09-28T15:20:28.030+00:00,4459.039,RX,baseline,00018B19,1,7,01 00 00 0F 03 19 8B
2026-09-28T15:20:28.030+00:00,4459.108,RX,baseline,00118B19,1,5,01 00 00 19 8B
2026-09-28T15:20:28.035+00:00,4464.029,RX,baseline,00018B45,1,7,01 00 00 0F 03 45 8B
2026-09-28T15:20:28.035+00:00,4464.251,RX,baseline,00118B45,1,5,01 00 00 45 8B
2026-09-28T15:20:28.040+00:00,4469.037,RX,baseline,000178DD,1,7,01 00 00 0F 03 DD 78
2026-09-28T15:20:28.040+00:00,4469.126,RX,baseline,001178DD,1,5,01 00 00 DD 78
2026-09-28T15:20:28.045+00:00,4474.110,RX,baseline,00017C44,1,7,01 00 00 0F 03 44 7C
2026-09-28T15:20:28.045+00:00,4474.167,RX,baseline,00117C44,1,5,01 00 00 44 7C
2026-09-28T15:20:28.050+00:00,4479.032,RX,baseline,00018498,1,7,01 00 00 0F 03 98 84
2026-09-28T15:20:28.050+00:00,4479.118,RX,baseline,00118498,1,5,01 00 00 98 84
2026-09-28T15:20:28.055+00:00,4484.115,RX,baseline,00013F49,1,7,01 00 00 0F 03 49 3F
2026-09-28T15:20:28.055+00:00,4484.170,RX,baseline,00113F49,1,5,01 00 00 49 3F
2026-09-28T15:20:28.060+00:00,4488.957,RX,baseline,0001C256,1,7,01 00 00 0F 03 56 C2
2026-09-28T15:20:28.060+00:00,4489.184,RX,baseline,0011C256,1,5,01 00 00 56 C2
2026-09-28T15:20:28.064+00:00,4493.903,RX,baseline,00016EB0,1,7,01 00 00 0F 03 B0 6E
2026-09-28T15:20:28.065+00:00,4494.127,RX,baseline,00116EB0,1,5,01 00 00 B0 6E
2026-09-28T15:20:28.070+00:00,4498.965,RX,baseline,00010FAA,1,7,01 00 00 0F 03 AA 0F
2026-09-28T15:20:28.070+00:00,4499.260,RX,baseline,00110FAA,1,5,01 00 00 AA 0F
2026-09-28T15:20:28.074+00:00,4503.917,RX,baseline,0001D5C1,1,7,01 00 00 0F 03 C1 D5
2026-09-28T15:20:28.075+00:00,4504.127,RX,baseline,0011D5C1,1,5,01 00 00 C1 D5
2026-09-28T15:20:28.079+00:00,4508.872,RX,baseline,00014824,1,7,01 00 00 0F 03 24 48
2026-09-28T15:20:28.080+00:00,4509.091,RX,baseline,00114824,1,5,01 00 00 24 48
2026-09-28T15:20:28.084+00:00,4513.854,RX,baseline,0001BA86,1,7,01 00 00 0F 03 86 BA
2026-09-28T15:20:28.085+00:00,4514.084,RX,baseline,0011BA86,1,5,01 00 00 86 BA
2026-09-28T15:20:28.089+00:00,4518.914,RX,baseline,0001BCFB,1,7,01 00 00 0F 03 FB BC
2026-09-28T15:20:28.090+00:00,4519.120,RX,baseline,0011BCFB,1,5,01 00 00 FB BC
2026-09-28T15:20:28.094+00:00,4523.830,RX,baseline,00015FDD,1,7,01 00 00 0F 03 DD 5F
2026-09-28T15:20:28.095+00:00,4524.087,RX,baseline,00115FDD,1,5,01 00 00 DD 5F
2026-09-28T15:20:28.100+00:00,4529.023,RX,baseline,00014E72,1,7,01 00 00 0F 03 72 4E
2026-09-28T15:20:28.100+00:00,4529.078,RX,baseline,00114E72,1,5,01 00 00 72 4E
2026-09-28T15:20:28.105+00:00,4533.966,RX,baseline,0001A9EE,1,7,01 00 00 0F 03 EE A9
2026-09-28T15:20:28.105+00:00,4534.080,RX,baseline,0011A9EE,1,5,01 00 00 EE A9
2026-09-28T15:20:28.109+00:00,4538.835,RX,baseline,0001252F,1,7,01 00 00 0F 03 2F 25
2026-09-28T15:20:28.110+00:00,4539.151,RX,baseline,0011252F,1,5,01 00 00 2F 25
2026-09-28T15:20:28.114+00:00,4543.839,RX,baseline,000151F2,1,7,01 00 00 0F 03 F2 51
2026-09-28T15:20:28.115+00:00,4544.162,RX,baseline,001151F2,1,5,01 00 00 F2 51
2026-09-28T15:20:28.120+00:00,4549.014,RX,baseline,000143A8,1,7,01 00 00 0F 03 A8 43
2026-09-28T15:20:28.120+00:00,4549.069,RX,baseline,001143A8,1,5,01 00 00 A8 43
2026-09-28T15:20:28.124+00:00,4553.857,RX,baseline,000146E2,1,7,01 00 00 0F 03 E2 46
2026-09-28T15:20:28.125+00:00,4554.226,RX,baseline,001146E2,1,5,01 00 00 E2 46
2026-09-28T15:20:28.130+00:00,4559.018,RX,baseline,0001EB55,1,7,01 00 00 0F 03 55 EB
2026-09-28T15:20:28.130+00:00,4559.074,RX,baseline,0011EB55,1,5,01 00 00 55 EB
2026-09-28T15:20:28.135+00:00,4564.018,RX,baseline,0001FB88,1,7,01 00 00 0F 03 88 FB
2026-09-28T15:20:28.135+00:00,4564.073,RX,baseline,0011FB88,1,5,01 00 00 88 FB
2026-09-28T15:20:28.140+00:00,4568.999,RX,baseline,00013B3B,1,7,01 00 00 0F 03 3B 3B
2026-09-28T15:20:28.140+00:00,4569.069,RX,baseline,00113B3B,1,5,01 00 00 3B 3B
2026-09-28T15:20:28.144+00:00,4573.896,RX,baseline,00012714,1,7,01 00 00 0F 03 14 27
2026-09-28T15:20:28.145+00:00,4574.088,RX,baseline,00112714,1,5,01 00 00 14 27
2026-09-28T15:20:28.149+00:00,4578.921,RX,baseline,0001C11B,1,7,01 00 00 0F 03 1B C1
2026-09-28T15:20:28.150+00:00,4579.106,RX,baseline,0011C11B,1,5,01 00 00 1B C1
2026-09-28T15:20:28.154+00:00,4583.901,RX,baseline,0001AC18,1,7,01 00 00 0F 03 18 AC
2026-09-28T15:20:28.155+00:00,4584.124,RX,baseline,0011AC18,1,5,01 00 00 18 AC
2026-09-28T15:20:28.160+00:00,4589.014,RX,baseline,00019841,1,7,01 00 00 0F 03 41 98
2026-09-28T15:20:28.160+00:00,4589.070,RX,baseline,00119841,1,5,01 00 00 41 98
2026-09-28T15:20:28.164+00:00,4593.843,RX,baseline,00014296,1,7,01 00 00 0F 03 96 42
2026-09-28T15:20:28.165+00:00,4594.088,RX,baseline,00114296,1,5,01 00 00 96 42
2026-09-28T15:20:28.169+00:00,4598.908,RX,baseline,00019CC5,1,7,01 00 00 0F 03 C5 9C
2026-09-28T15:20:28.170+00:00,4599.007,RX,baseline,00119CC5,1,5,01 00 00 C5 9C
2026-09-28T15:20:28.175+00:00,4604.018,RX,baseline,00013890,1,7,01 00 00 0F 03 90 38
2026-09-28T15:20:28.175+00:00,4604.073,RX,baseline,00113890,1,5,01 00 00 90 38
2026-09-28T15:20:28.179+00:00,4608.868,RX,baseline,000193C6,1,7,01 00 00 0F 03 C6 93
2026-09-28T15:20:28.180+00:00,4609.108,RX,baseline,001193C6,1,5,01 00 00 C6 93
2026-09-28T15:20:28.185+00:00,4613.996,RX,baseline,0001B937,1,7,01 00 00 0F 03 37 B9
2026-09-28T15:20:28.185+00:00,4614.053,RX,baseline,0011B937,1,5,01 00 00 37 B9
2026-09-28T15:20:28.189+00:00,4618.900,RX,baseline,000194DE,1,7,01 00 00 0F 03 DE 94
2026-09-28T15:20:28.190+00:00,4619.119,RX,baseline,001194DE,1,5,01 00 00 DE 94
2026-09-28T15:20:28.195+00:00,4623.951,RX,baseline,0001119D,1,7,01 00 00 0F 03 9D 11
2026-09-28T15:20:28.195+00:00,4624.038,RX,baseline,0011119D,1,5,01 00 00 9D 11
2026-09-28T15:20:28.199+00:00,4628.918,RX,baseline,0001B6E1,1,7,01 00 00 0F 03 E1 B6
2026-09-28T15:20:28.200+00:00,4629.020,RX,baseline,0011B6E1,1,5,01 00 00 E1 B6
2026-09-28T15:20:28.205+00:00,4633.949,RX,baseline,0001B6AD,1,7,01 00 00 0F 03 AD B6
2026-09-28T15:20:28.205+00:00,4634.169,RX,baseline,0011B6AD,1,5,01 00 00 AD B6
2026-09-28T15:20:28.210+00:00,4639.032,RX,baseline,000119AC,1,7,01 00 00 0F 03 AC 19
2026-09-28T15:20:28.210+00:00,4639.100,RX,baseline,001119AC,1,5,01 00 00 AC 19
2026-09-28T15:20:28.214+00:00,4643.840,RX,baseline,0001BEA8,1,7,01 00 00 0F 03 A8 BE
2026-09-28T15:20:28.215+00:00,4644.088,RX,baseline,0011BEA8,1,5,01 00 00 A8 BE
2026-09-28T15:20:28.220+00:00,4649.028,RX,baseline,00018C85,1,7,01 00 00 0F 03 85 8C
2026-09-28T15:20:28.220+00:00,4649.092,RX,baseline,00118C85,1,5,01 00 00 85 8C
2026-09-28T15:20:28.225+00:00,4654.026,RX,baseline,00012977,1,7,01 00 00 0F 03 77 29
2026-09-28T15:20:28.225+00:00,4654.082,RX,baseline,00112977,1,5,01 00 00 77 29
2026-09-28T15:20:28.230+00:00,4659.011,RX,baseline,0001F064,1,7,01 00 00 0F 03 64 F0
2026-09-28T15:20:28.230+00:00,4659.067,RX,baseline,0011F064,1,5,01 00 00 64 F0
2026-09-28T15:20:28.235+00:00,4663.948,RX,baseline,00010D9C,1,7,01 00 00 0F 03 9C 0D
2026-09-28T15:20:28.235+00:00,4664.048,RX,baseline,00110D9C,1,5,01 00 00 9C 0D
2026-09-28T15:20:28.240+00:00,4669.033,RX,baseline,00012717,1,7,01 00 00 0F 03 17 27
2026-09-28T15:20:28.240+00:00,4669.093,RX,baseline,00112717,1,5,01 00 00 17 27
2026-09-28T15:20:28.244+00:00,4673.880,RX,baseline,0001A47F,1,7,01 00 00 0F 03 7F A4
2026-09-28T15:20:28.245+00:00,4674.101,RX,baseline,0011A47F,1,5,01 00 00 7F A4
2026-09-28T15:20:28.249+00:00,4678.837,RX,baseline,00014C21,1,7,01 00 00 0F 03 21 4C
2026-09-28T15:20:28.250+00:00,4679.092,RX,baseline,00114C21,1,5,01 00 00 21 4C
2026-09-28T15:20:28.255+00:00,4683.993,RX,baseline,00018B6D,1,7,01 00 00 0F 03 6D 8B
2026-09-28T15:20:28.255+00:00,4684.049,RX,baseline,00118B6D,1,5,01 00 00 6D 8B
2026-09-28T15:20:28.260+00:00,4689.062,RX,baseline,00019DC3,1,7,01 00 00 0F 03 C3 9D
2026-09-28T15:20:28.260+00:00,4689.137,RX,baseline,00119DC3,1,5,01 00 00 C3 9D
2026-09-28T15:20:28.264+00:00,4693.913,RX,baseline,00012F81,1,7,01 00 00 0F 03 81 2F
2026-09-28T15:20:28.265+00:00,4694.146,RX,baseline,00112F81,1,5,01 00 00 81 2F
2026-09-28T15:20:28.270+00:00,4698.986,RX,baseline,0001DC94,1,7,01 00 00 0F 03 94 DC
2026-09-28T15:20:28.270+00:00,4699.042,RX,baseline,0011DC94,1,5,01 00 00 94 DC
2026-09-28T15:20:28.275+00:00,4703.993,RX,baseline,0001A558,1,7,01 00 00 0F 03 58 A5
2026-09-28T15:20:28.275+00:00,4704.090,RX,baseline,0011A558,1,5,01 00 00 58 A5
2026-09-28T15:20:28.280+00:00,4709.033,RX,baseline,0001B58E,1,7,01 00 00 0F 03 8E B5
2026-09-28T15:20:28.280+00:00,4709.091,RX,baseline,0011B58E,1,5,01 00 00 8E B5
2026-09-28T15:20:28.285+00:00,4714.332,RX,baseline,0001FE2F,1,7,01 00 00 0F 03 2F FE
2026-09-28T15:20:28.285+00:00,4714.419,RX,baseline,0011FE2F,1,5,01 00 00 2F FE
2026-09-28T15:20:28.290+00:00,4719.296,RX,baseline,0001DA7A,1,7,01 00 00 0F 03 7A DA
2026-09-28T15:20:28.290+00:00,4719.377,RX,baseline,0011DA7A,1,5,01 00 00 7A DA
2026-09-28T15:20:28.295+00:00,4724.140,RX,baseline,00011EE9,1,7,01 00 00 0F 03 E9 1E
2026-09-28T15:20:28.295+00:00,4724.222,RX,baseline,00111EE9,1,5,01 00 00 E9 1E
2026-09-28T15:20:28.300+00:00,4729.078,RX,baseline,0001622A,1,7,01 00 00 0F 03 2A 62
2026-09-28T15:20:28.300+00:00,4729.160,RX,baseline,0011622A,1,5,01 00 00 2A 62
2026-09-28T15:20:28.305+00:00,4734.182,RX,baseline,00016A10,1,7,01 00 00 0F 03 10 6A
2026-09-28T15:20:28.305+00:00,4734.286,RX,baseline,00116A10,1,5,01 00 00 10 6A
2026-09-28T15:20:28.309+00:00,4738.872,RX,baseline,000119D1,1,7,01 00 00 0F 03 D1 19
2026-09-28T15:20:28.310+00:00,4739.111,RX,baseline,001119D1,1,5,01 00 00 D1 19
2026-09-28T15:20:28.314+00:00,4743.904,RX,baseline,000144C0,1,7,01 00 00 0F 03 C0 44
2026-09-28T15:20:28.315+00:00,4743.991,RX,baseline,001144C0,1,5,01 00 00 C0 44
2026-09-28T15:20:28.319+00:00,4748.823,RX,baseline,0001568C,1,7,01 00 00 0F 03 8C 56
2026-09-28T15:20:28.320+00:00,4749.078,RX,baseline,0011568C,1,5,01 00 00 8C 56
2026-09-28T15:20:28.324+00:00,4753.831,RX,baseline,00019B2B,1,7,01 00 00 0F 03 2B 9B
2026-09-28T15:20:28.325+00:00,4754.053,RX,baseline,00119B2B,1,5,01 00 00 2B 9B
2026-09-28T15:20:28.329+00:00,4758.920,RX,baseline,000111CA,1,7,01 00 00 0F 03 CA 11
2026-09-28T15:20:28.330+00:00,4759.001,RX,baseline,001111CA,1,5,01 00 00 CA 11
2026-09-28T15:20:28.334+00:00,4763.857,RX,baseline,00015C13,1,7,01 00 00 0F 03 13 5C
2026-09-28T15:20:28.335+00:00,4764.098,RX,baseline,00115C13,1,5,01 00 00 13 5C
2026-09-28T15:20:28.339+00:00,4768.895,RX,baseline,0001A13D,1,7,01 00 00 0F 03 3D A1
2026-09-28T15:20:28.340+00:00,4769.116,RX,baseline,0011A13D,1,5,01 00 00 3D A1
2026-09-28T15:20:28.344+00:00,4773.796,RX,baseline,00017768,1,7,01 00 00 0F 03 68 77
2026-09-28T15:20:28.345+00:00,4774.038,RX,baseline,00117768,1,5,01 00 00 68 77
2026-09-28T15:20:28.349+00:00,4778.826,RX,baseline,0001067D,1,7,01 00 00 0F 03 7D 06
2026-09-28T15:20:28.350+00:00,4779.088,RX,baseline,0011067D,1,5,01 00 00 7D 06
2026-09-28T15:20:28.355+00:00,4784.005,RX,baseline,0001DAF2,1,7,01 00 00 0F 03 F2 DA
2026-09-28T15:20:28.355+00:00,4784.106,RX,baseline,0011DAF2,1,5,01 00 00 F2 DA
2026-09-28T15:20:28.360+00:00,4788.992,RX,baseline,00012C73,1,7,01 00 00 0F 03 73 2C
2026-09-28T15:20:28.360+00:00,4789.075,RX,baseline,00112C73,1,5,01 00 00 73 2C
2026-09-28T15:20:28.365+00:00,4793.947,RX,baseline,00014CB0,1,7,01 00 00 0F 03 B0 4C
2026-09-28T15:20:28.365+00:00,4794.035,RX,baseline,00114CB0,1,5,01 00 00 B0 4C
2026-09-28T15:20:28.370+00:00,4799.023,RX,baseline,0001F45E,1,7,01 00 00 0F 03 5E F4
2026-09-28T15:20:28.370+00:00,4799.116,RX,baseline,0011F45E,1,5,01 00 00 5E F4
2026-09-28T15:20:28.374+00:00,4803.901,RX,baseline,0001AD4D,1,7,01 00 00 0F 03 4D AD
2026-09-28T15:20:28.375+00:00,4804.016,RX,baseline,0011AD4D,1,5,01 00 00 4D AD
2026-09-28T15:20:28.380+00:00,4808.998,RX,baseline,000159DE,1,7,01 00 00 0F 03 DE 59
2026-09-28T15:20:28.380+00:00,4809.089,RX,baseline,001159DE,1,5,01 00 00 DE 59
2026-09-28T15:20:28.385+00:00,4814.003,RX,baseline,0001D5D9,1,7,01 00 00 0F 03 D9 D5
2026-09-28T15:20:28.385+00:00,4814.097,RX,baseline,0011D5D9,1,5,01 00 00 D9 D5
2026-09-28T15:20:28.390+00:00,4819.074,RX,baseline,0001BD71,1,7,01 00 00 0F 03 71 BD
2026-09-28T15:20:28.390+00:00,4819.163,RX,baseline,0011BD71,1,5,01 00 00 71 BD
2026-09-28T15:20:28.395+00:00,4823.972,RX,baseline,0001AEB5,1,7,01 00 00 0F 03 B5 AE
2026-09-28T15:20:28.395+00:00,4824.054,RX,baseline,0011AEB5,1,5,01 00 00 B5 AE
2026-09-28T15:20:28.400+00:00,4829.014,RX,baseline,00018E43,1,7,01 00 00 0F 03 43 8E
2026-09-28T15:20:28.400+00:00,4829.101,RX,baseline,00118E43,1,5,01 00 00 43 8E
2026-09-28T15:20:28.405+00:00,4833.999,RX,baseline,0001D644,1,7,01 00 00 0F 03 44 D6
2026-09-28T15:20:28.405+00:00,4834.069,RX,baseline,0011D644,1,5,01 00 00 44 D6
2026-09-28T15:20:28.410+00:00,4838.962,RX,baseline,0001303E,1,7,01 00 00 0F 03 3E 30
2026-09-28T15:20:28.410+00:00,4839.034,RX,baseline,0011303E,1,5,01 00 00 3E 30
2026-09-28T15:20:28.415+00:00,4843.971,RX,baseline,0001CCE4,1,7,01 00 00 0F 03 E4 CC
2026-09-28T15:20:28.415+00:00,4844.053,RX,baseline,0011CCE4,1,5,01 00 00 E4 CC
2026-09-28T15:20:28.420+00:00,4848.951,RX,baseline,0001B8CA,1,7,01 00 00 0F 03 CA B8
2026-09-28T15:20:28.420+00:00,4849.021,RX,baseline,0011B8CA,1,5,01 00 00 CA B8
2026-09-28T15:20:28.425+00:00,4853.976,RX,baseline,00010442,1,7,01 00 00 0F 03 42 04
2026-09-28T15:20:28.425+00:00,4854.060,RX,baseline,00110442,1,5,01 00 00 42 04
2026-09-28T15:20:28.430+00:00,4858.983,RX,baseline,00010C86,1,7,01 00 00 0F 03 86 0C
2026-09-28T15:20:28.430+00:00,4859.065,RX,baseline,00110C86,1,5,01 00 00 86 0C
2026-09-28T15:20:28.434+00:00,4863.877,RX,baseline,000182FD,1,7,01 00 00 0F 03 FD 82
2026-09-28T15:20:28.435+00:00,4864.104,RX,baseline,001182FD,1,5,01 00 00 FD 82
2026-09-28T15:20:28.439+00:00,4868.883,RX,baseline,0001FE16,1,7,01 00 00 0F 03 16 FE
2026-09-28T15:20:28.440+00:00,4869.056,RX,baseline,0011FE16,1,5,01 00 00 16 FE
2026-09-28T15:20:28.445+00:00,4874.006,RX,baseline,0001E23A,1,7,01 00 00 0F 03 3A E2
2026-09-28T15:20:28.445+00:00,4874.091,RX,baseline,0011E23A,1,5,01 00 00 3A E2
2026-09-28T15:20:28.450+00:00,4879.015,RX,baseline,000125B2,1,7,01 00 00 0F 03 B2 25
2026-09-28T15:20:28.450+00:00,4879.110,RX,baseline,001125B2,1,5,01 00 00 B2 25
2026-09-28T15:20:28.455+00:00,4883.993,RX,baseline,00010193,1,7,01 00 00 0F 03 93 01
2026-09-28T15:20:28.455+00:00,4884.048,RX,baseline,00110193,1,5,01 00 00 93 01
2026-09-28T15:20:28.460+00:00,4889.055,RX,baseline,00011F18,1,7,01 00 00 0F 03 18 1F
2026-09-28T15:20:28.460+00:00,4889.138,RX,baseline,00111F18,1,5,01 00 00 18 1F
2026-09-28T15:20:28.464+00:00,4893.810,RX,baseline,00016A8B,1,7,01 00 00 0F 03 8B 6A
2026-09-28T15:20:28.465+00:00,4894.063,RX,baseline,00116A8B,1,5,01 00 00 8B 6A
2026-09-28T15:20:28.469+00:00,4898.848,RX,baseline,00016B0F,1,7,01 00 00 0F 03 0F 6B
2026-09-28T15:20:28.470+00:00,4899.077,RX,baseline,00116B0F,1,5,01 00 00 0F 6B
2026-09-28T15:20:28.474+00:00,4903.802,RX,baseline,0001936B,1,7,01 00 00 0F 03 6B 93
2026-09-28T15:20:28.475+00:00,4904.033,RX,baseline,0011936B,1,5,01 00 00 6B 93
2026-09-28T15:20:28.479+00:00,4908.811,RX,baseline,00012FA2,1,7,01 00 00 0F 03 A2 2F
2026-09-28T15:20:28.480+00:00,4909.065,RX,baseline,00112FA2,1,5,01 00 00 A2 2F
2026-09-28T15:20:28.485+00:00,4913.990,RX,baseline,00010A32,1,7,01 00 00 0F 03 32 0A
2026-09-28T15:20:28.485+00:00,4914.044,RX,baseline,00110A32,1,5,01 00 00 32 0A
2026-09-28T15:20:28.489+00:00,4918.783,RX,baseline,0001E9BB,1,7,01 00 00 0F 03 BB E9
2026-09-28T15:20:28.490+00:00,4919.035,RX,baseline,0011E9BB,1,5,01 00 00 BB E9
2026-09-28T15:20:28.495+00:00,4923.949,RX,baseline,0001EF01,1,7,01 00 00 0F 03 01 EF
2026-09-28T15:20:28.495+00:00,4924.040,RX,baseline,0011EF01,1,5,01 00 00 01 EF
2026-09-28T15:20:28.500+00:00,4928.980,RX,baseline,00010CBD,1,7,01 00 00 0F 03 BD 0C
2026-09-28T15:20:28.500+00:00,4929.044,RX,baseline,00110CBD,1,5,01 00 00 BD 0C
2026-09-28T15:20:28.505+00:00,4933.996,RX,baseline,00015A2A,1,7,01 00 00 0F 03 2A 5A
2026-09-28T15:20:28.505+00:00,4934.094,RX,baseline,00115A2A,1,5,01 00 00 2A 5A
2026-09-28T15:20:28.510+00:00,4938.940,RX,baseline,0001F85C,1,7,01 00 00 0F 03 5C F8
2026-09-28T15:20:28.510+00:00,4939.033,RX,baseline,0011F85C,1,5,01 00 00 5C F8
2026-09-28T15:20:28.515+00:00,4943.947,RX,baseline,000178CB,1,7,01 00 00 0F 03 CB 78
2026-09-28T15:20:28.515+00:00,4944.021,RX,baseline,001178CB,1,5,01 00 00 CB 78
2026-09-28T15:20:28.520+00:00,4948.969,RX,baseline,000106BB,1,7,01 00 00 0F 03 BB 06
2026-09-28T15:20:28.520+00:00,4949.024,RX,baseline,001106BB,1,5,01 00 00 BB 06
2026-09-28T15:20:28.525+00:00,4953.987,RX,baseline,0001E796,1,7,01 00 00 0F 03 96 E7
2026-09-28T15:20:28.525+00:00,4954.079,RX,baseline,0011E796,1,5,01 00 00 96 E7
2026-09-28T15:20:28.530+00:00,4958.979,RX,baseline,00013896,1,7,01 00 00 0F 03 96 38
2026-09-28T15:20:28.530+00:00,4959.035,RX,baseline,00113896,1,5,01 00 00 96 38
2026-09-28T15:20:28.535+00:00,4963.959,RX,baseline,0001AE3E,1,7,01 00 00 0F 03 3E AE
2026-09-28T15:20:28.535+00:00,4964.045,RX,baseline,0011AE3E,1,5,01 00 00 3E AE
2026-09-28T15:20:28.540+00:00,4968.914,RX,baseline,00014B0B,1,7,01 00 00 0F 03 0B 4B
2026-09-28T15:20:28.540+00:00,4968.989,RX,baseline,00114B0B,1,5,01 00 00 0B 4B
2026-09-28T15:20:28.544+00:00,4973.799,RX,baseline,000116A0,1,7,01 00 00 0F 03 A0 16
2026-09-28T15:20:28.545+00:00,4974.048,RX,baseline,001116A0,1,5,01 00 00 A0 16
2026-09-28T15:20:28.549+00:00,4978.817,RX,baseline,00019A39,1,7,01 00 00 0F 03 39 9A
2026-09-28T15:20:28.550+00:00,4979.037,RX,baseline,00119A39,1,5,01 00 00 39 9A
2026-09-28T15:20:28.554+00:00,4983.914,RX,baseline,00014D94,1,7,01 00 00 0F 03 94 4D
2026-09-28T15:20:28.555+00:00,4983.988,RX,baseline,00114D94,1,5,01 00 00 94 4D
2026-09-28T15:20:28.560+00:00,4989.069,RX,baseline,000199CE,1,7,01 00 00 0F 03 CE 99
2026-09-28T15:20:28.560+00:00,4989.140,RX,baseline,001199CE,1,5,01 00 00 CE 99
2026-09-28T15:20:28.565+00:00,4993.983,RX,baseline,0001EC1E,1,7,01 00 00 0F 03 1E EC
2026-09-28T15:20:28.565+00:00,4994.066,RX,baseline,0011EC1E,1,5,01 00 00 1E EC
2026-09-28T15:20:28.570+00:00,4999.021,RX,baseline,0001803D,1,7,01 00 00 0F 03 3D 80
2026-09-28T15:20:28.570+00:00,4999.100,RX,baseline,0011803D,1,5,01 00 00 3D 80
2026-09-28T15:20:28.572+00:00,5001.199,TX,short_only,0012C82D,1,5,01 00 00 2D C8
2026-09-28T15:20:28.574+00:00,5003.869,RX,post,0001CA4A,1,7,01 00 00 0F 03 4A CA
2026-09-28T15:20:28.575+00:00,5004.130,RX,post,0011CA4A,1,5,01 00 00 4A CA
2026-09-28T15:20:28.580+00:00,5009.092,RX,post,0001C32D,1,7,01 00 00 0F 03 2D C3
2026-09-28T15:20:28.580+00:00,5009.180,RX,post,0011C32D,1,5,01 00 00 2D C3
2026-09-28T15:20:28.581+00:00,5010.796,RX,post,103C0481,1,8,00 00 00 00 00 10 62 14
2026-09-28T15:20:28.585+00:00,5013.954,RX,post,0001DDF9,1,7,01 00 00 0F 03 F9 DD
2026-09-28T15:20:28.585+00:00,5014.038,RX,post,0011DDF9,1,5,01 00 00 F9 DD
2026-09-28T15:20:28.587+00:00,5015.987,RX,post,103C0481,1,8,00 00 00 00 00 10 62 14
2026-09-28T15:20:28.589+00:00,5018.772,RX,post,0001D36D,1,7,01 00 00 0F 03 6D D3
2026-09-28T15:20:28.590+00:00,5019.100,RX,post,0011D36D,1,5,01 00 00 6D D3
2026-09-28T15:20:28.591+00:00,5020.747,RX,post,103C0401,1,4,00 00 00 01
2026-09-28T15:20:28.592+00:00,5021.093,RX,post,103C0481,1,8,00 00 00 00 00 10 63 14
2026-09-28T15:20:28.594+00:00,5023.854,RX,post,00018E6B,1,7,01 00 00 0F 03 6B 8E
2026-09-28T15:20:28.595+00:00,5023.986,RX,post,00118E6B,1,5,01 00 00 6B 8E
2026-09-28T15:20:28.596+00:00,5025.783,RX,post,103C0401,1,4,00 00 00 01
2026-09-28T15:20:28.597+00:00,5026.019,RX,post,103C0481,1,8,00 00 00 00 00 10 63 14
2026-09-28T15:20:28.599+00:00,5028.853,RX,post,00012C67,1,7,01 00 00 0F 03 67 2C
2026-09-28T15:20:28.600+00:00,5028.975,RX,post,00112C67,1,5,01 00 00 67 2C
2026-09-28T15:20:28.601+00:00,5030.822,RX,post,103C0401,1,4,00 00 00 01
2026-09-28T15:20:28.602+00:00,5031.063,RX,post,103C0481,1,8,00 00 00 00 00 10 62 14
2026-09-28T15:20:28.604+00:00,5033.883,RX,post,0001924C,1,7,01 00 00 0F 03 4C 92
2026-09-28T15:20:28.605+00:00,5033.972,RX,post,0011924C,1,5,01 00 00 4C 92
2026-09-28T15:20:28.606+00:00,5035.775,RX,post,103C0401,1,4,00 00 00 01
2026-09-28T15:20:28.607+00:00,5036.086,RX,post,103C0481,1,8,00 00 00 00 00 10 62 14
2026-09-28T15:20:28.609+00:00,5038.858,RX,post,0001EAE5,1,7,01 00 00 0F 03 E5 EA
2026-09-28T15:20:28.610+00:00,5039.092,RX,post,0011EAE5,1,5,01 00 00 E5 EA
2026-09-28T15:20:28.611+00:00,5040.883,RX,post,103C0401,1,4,00 00 00 01
2026-09-28T15:20:28.612+00:00,5041.030,RX,post,103C0481,1,8,00 00 00 00 00 10 63 14
2026-09-28T15:20:28.615+00:00,5043.905,RX,post,0001408F,1,7,01 00 00 0F 03 8F 40
2026-09-28T15:20:28.615+00:00,5044.006,RX,post,0011408F,1,5,01 00 00 8F 40
2026-09-28T15:20:28.616+00:00,5045.829,RX,post,103C0401,1,4,00 00 00 01
2026-09-28T15:20:28.617+00:00,5046.058,RX,post,103C0481,1,8,00 00 00 00 00 10 62 14
2026-09-28T15:20:28.619+00:00,5048.810,RX,post,000188AD,1,7,01 00 00 0F 03 AD 88
2026-09-28T15:20:28.620+00:00,5048.979,RX,post,001188AD,1,5,01 00 00 AD 88
2026-09-28T15:20:28.621+00:00,5050.865,RX,post,103C0401,1,4,00 00 00 01
2026-09-28T15:20:28.622+00:00,5051.081,RX,post,103C0481,1,8,00 00 00 00 00 10 62 14
2026-09-28T15:20:28.624+00:00,5053.801,RX,post,0001CD4F,1,7,01 00 00 0F 03 4F CD
2026-09-28T15:20:28.625+00:00,5054.031,RX,post,0011CD4F,1,5,01 00 00 4F CD
2026-09-28T15:20:28.626+00:00,5055.776,RX,post,103C0401,1,4,00 00 00 01
2026-09-28T15:20:28.627+00:00,5055.954,RX,post,103C0481,1,8,00 00 00 00 00 10 62 14
2026-09-28T15:20:28.629+00:00,5058.893,RX,post,0001D63C,1,7,01 00 00 0F 03 3C D6
2026-09-28T15:20:28.630+00:00,5058.980,RX,post,0011D63C,1,5,01 00 00 3C D6
2026-09-28T15:20:28.631+00:00,5060.853,RX,post,103C0401,1,4,00 00 00 01
2026-09-28T15:20:28.632+00:00,5061.164,RX,post,103C0481,1,8,00 00 00 00 00 10 62 14
2026-09-28T15:20:28.634+00:00,5063.798,RX,post,000132A0,1,7,01 00 00 0F 03 A0 32
2026-09-28T15:20:28.635+00:00,5064.073,RX,post,001132A0,1,5,01 00 00 A0 32
2026-09-28T15:20:28.636+00:00,5065.810,RX,post,103C0401,1,4,00 00 00 01
2026-09-28T15:20:28.637+00:00,5066.043,RX,post,103C0481,1,8,00 00 00 00 00 10 62 14
2026-09-28T15:20:28.640+00:00,5068.917,RX,post,000139AD,1,7,01 00 00 0F 03 AD 39
2026-09-28T15:20:28.640+00:00,5068.987,RX,post,001139AD,1,5,01 00 00 AD 39
2026-09-28T15:20:28.641+00:00,5070.777,RX,post,103C0401,1,4,00 00 00 01
2026-09-28T15:20:28.642+00:00,5071.118,RX,post,103C0481,1,8,00 00 00 00 00 10 62 14
2026-09-28T15:20:28.644+00:00,5073.812,RX,post,000131F1,1,7,01 00 00 0F 03 F1 31
2026-09-28T15:20:28.645+00:00,5074.098,RX,post,001131F1,1,5,01 00 00 F1 31
2026-09-28T15:20:28.646+00:00,5075.775,RX,post,103C0401,1,4,00 00 00 01
2026-09-28T15:20:28.647+00:00,5076.126,RX,post,103C0481,1,8,00 00 00 00 00 10 63 14
2026-09-28T15:20:28.649+00:00,5078.822,RX,post,00014180,1,7,01 00 00 0F 03 80 41
2026-09-28T15:20:28.650+00:00,5079.016,RX,post,00114180,1,5,01 00 00 80 41
2026-09-28T15:20:28.651+00:00,5080.747,RX,post,103C0401,1,4,00 00 00 01
2026-09-28T15:20:28.652+00:00,5081.059,RX,post,103C0481,1,8,00 00 00 00 00 10 63 14
2026-09-28T15:20:28.654+00:00,5083.790,RX,post,00018162,1,7,01 00 00 0F 03 62 81
2026-09-28T15:20:28.655+00:00,5084.075,RX,post,00118162,1,5,01 00 00 62 81
2026-09-28T15:20:28.656+00:00,5085.817,RX,post,103C0401,1,4,00 00 00 01
2026-09-28T15:20:28.657+00:00,5086.110,RX,post,103C0481,1,8,00 00 00 00 00 10 63 14
2026-09-28T15:20:28.659+00:00,5088.756,RX,post,0001F7EE,1,7,01 00 00 0F 03 EE F7
2026-09-28T15:20:28.660+00:00,5089.125,RX,post,0011F7EE,1,5,01 00 00 EE F7
2026-09-28T15:20:28.662+00:00,5090.934,RX,post,103C0401,1,4,00 00 00 01
2026-09-28T15:20:28.662+00:00,5091.119,RX,post,103C0481,1,8,00 00 00 00 00 10 62 14
2026-09-28T15:20:28.664+00:00,5093.856,RX,post,00010547,1,7,01 00 00 0F 03 47 05
2026-09-28T15:20:28.665+00:00,5094.194,RX,post,00110547,1,5,01 00 00 47 05
2026-09-28T15:20:28.669+00:00,5098.815,RX,post,000196E6,1,7,01 00 00 0F 03 E6 96
2026-09-28T15:20:28.670+00:00,5099.059,RX,post,001196E6,1,5,01 00 00 E6 96
2026-09-28T15:20:28.674+00:00,5103.801,RX,post,000194B0,1,7,01 00 00 0F 03 B0 94
2026-09-28T15:20:28.675+00:00,5104.043,RX,post,001194B0,1,5,01 00 00 B0 94
2026-09-28T15:20:28.679+00:00,5108.776,RX,post,00015EE1,1,7,01 00 00 0F 03 E1 5E
2026-09-28T15:20:28.680+00:00,5109.038,RX,post,00115EE1,1,5,01 00 00 E1 5E
2026-09-28T15:20:28.684+00:00,5113.794,RX,post,000118A7,1,7,01 00 00 0F 03 A7 18
2026-09-28T15:20:28.685+00:00,5114.088,RX,post,001118A7,1,5,01 00 00 A7 18
2026-09-28T15:20:28.690+00:00,5118.932,RX,post,0001063D,1,7,01 00 00 0F 03 3D 06
2026-09-28T15:20:28.690+00:00,5119.016,RX,post,0011063D,1,5,01 00 00 3D 06
2026-09-28T15:20:28.695+00:00,5124.259,RX,post,00015885,1,7,01 00 00 0F 03 85 58
2026-09-28T15:20:28.695+00:00,5124.338,RX,post,00115885,1,5,01 00 00 85 58
2026-09-28T15:20:28.700+00:00,5128.956,RX,post,00017CB2,1,7,01 00 00 0F 03 B2 7C
2026-09-28T15:20:28.700+00:00,5129.036,RX,post,00117CB2,1,5,01 00 00 B2 7C
2026-09-28T15:20:28.704+00:00,5133.905,RX,post,00018692,1,7,01 00 00 0F 03 92 86
2026-09-28T15:20:28.705+00:00,5133.988,RX,post,00118692,1,5,01 00 00 92 86
2026-09-28T15:20:28.710+00:00,5139.259,RX,post,0001A225,1,7,01 00 00 0F 03 25 A2
2026-09-28T15:20:28.710+00:00,5139.349,RX,post,0011A225,1,5,01 00 00 25 A2
2026-09-28T15:20:28.714+00:00,5143.847,RX,post,000192C1,1,7,01 00 00 0F 03 C1 92
2026-09-28T15:20:28.715+00:00,5143.952,RX,post,001192C1,1,5,01 00 00 C1 92
2026-09-28T15:20:28.719+00:00,5148.854,RX,post,00016DE2,1,7,01 00 00 0F 03 E2 6D
2026-09-28T15:20:28.720+00:00,5149.075,RX,post,00116DE2,1,5,01 00 00 E2 6D
2026-09-28T15:20:28.724+00:00,5153.906,RX,post,00018A54,1,7,01 00 00 0F 03 54 8A
2026-09-28T15:20:28.725+00:00,5153.988,RX,post,00118A54,1,5,01 00 00 54 8A
2026-09-28T15:20:28.730+00:00,5158.947,RX,post,00016703,1,7,01 00 00 0F 03 03 67
2026-09-28T15:20:28.730+00:00,5159.005,RX,post,00116703,1,5,01 00 00 03 67
2026-09-28T15:20:28.735+00:00,5163.964,RX,post,00011DA8,1,7,01 00 00 0F 03 A8 1D
2026-09-28T15:20:28.735+00:00,5164.019,RX,post,00111DA8,1,5,01 00 00 A8 1D
2026-09-28T15:20:28.739+00:00,5168.869,RX,post,0001D095,1,7,01 00 00 0F 03 95 D0
2026-09-28T15:20:28.740+00:00,5168.955,RX,post,0011D095,1,5,01 00 00 95 D0
2026-09-28T15:20:28.745+00:00,5173.932,RX,post,00014A6D,1,7,01 00 00 0F 03 6D 4A
2026-09-28T15:20:28.745+00:00,5173.989,RX,post,00114A6D,1,5,01 00 00 6D 4A
2026-09-28T15:20:28.749+00:00,5178.847,RX,post,00014BB2,1,7,01 00 00 0F 03 B2 4B
2026-09-28T15:20:28.750+00:00,5179.075,RX,post,00114BB2,1,5,01 00 00 B2 4B
2026-09-28T15:20:28.754+00:00,5183.874,RX,post,00016729,1,7,01 00 00 0F 03 29 67
2026-09-28T15:20:28.755+00:00,5184.106,RX,post,00116729,1,5,01 00 00 29 67
2026-09-28T15:20:28.760+00:00,5188.935,RX,post,000173AB,1,7,01 00 00 0F 03 AB 73
2026-09-28T15:20:28.760+00:00,5188.991,RX,post,001173AB,1,5,01 00 00 AB 73
2026-09-28T15:20:28.764+00:00,5193.860,RX,post,0001B1AD,1,7,01 00 00 0F 03 AD B1
2026-09-28T15:20:28.765+00:00,5193.969,RX,post,0011B1AD,1,5,01 00 00 AD B1
2026-09-28T15:20:28.770+00:00,5198.955,RX,post,00014BFA,1,7,01 00 00 0F 03 FA 4B
2026-09-28T15:20:28.770+00:00,5199.011,RX,post,00114BFA,1,5,01 00 00 FA 4B
2026-09-28T15:20:28.774+00:00,5203.888,RX,post,000184E3,1,7,01 00 00 0F 03 E3 84
2026-09-28T15:20:28.775+00:00,5204.011,RX,post,001184E3,1,5,01 00 00 E3 84
2026-09-28T15:20:28.779+00:00,5208.797,RX,post,0001C990,1,7,01 00 00 0F 03 90 C9
2026-09-28T15:20:28.780+00:00,5209.139,RX,post,0011C990,1,5,01 00 00 90 C9
2026-09-28T15:20:28.784+00:00,5213.800,RX,post,00013721,1,7,01 00 00 0F 03 21 37
2026-09-28T15:20:28.785+00:00,5214.045,RX,post,00113721,1,5,01 00 00 21 37
2026-09-28T15:20:28.790+00:00,5219.321,RX,post,000180C1,1,7,01 00 00 0F 03 C1 80
2026-09-28T15:20:28.790+00:00,5219.422,RX,post,001180C1,1,5,01 00 00 C1 80
2026-09-28T15:20:28.795+00:00,5224.421,RX,post,0001C0E8,1,7,01 00 00 0F 03 E8 C0
2026-09-28T15:20:28.795+00:00,5224.521,RX,post,0011C0E8,1,5,01 00 00 E8 C0
2026-09-28T15:20:28.800+00:00,5229.261,RX,post,00019ED3,1,7,01 00 00 0F 03 D3 9E
2026-09-28T15:20:28.800+00:00,5229.345,RX,post,00119ED3,1,5,01 00 00 D3 9E
2026-09-28T15:20:28.805+00:00,5234.280,RX,post,0001ACB1,1,7,01 00 00 0F 03 B1 AC
2026-09-28T15:20:28.805+00:00,5234.363,RX,post,0011ACB1,1,5,01 00 00 B1 AC
2026-09-28T15:20:28.810+00:00,5239.285,RX,post,00013A02,1,7,01 00 00 0F 03 02 3A
2026-09-28T15:20:28.810+00:00,5239.377,RX,post,00113A02,1,5,01 00 00 02 3A
2026-09-28T15:20:28.815+00:00,5244.335,RX,post,0001BF3E,1,7,01 00 00 0F 03 3E BF
2026-09-28T15:20:28.815+00:00,5244.436,RX,post,0011BF3E,1,5,01 00 00 3E BF
2026-09-28T15:20:28.820+00:00,5249.389,RX,post,00017478,1,7,01 00 00 0F 03 78 74
2026-09-28T15:20:28.820+00:00,5249.475,RX,post,00117478,1,5,01 00 00 78 74
2026-09-28T15:20:28.825+00:00,5254.303,RX,post,00011C84,1,7,01 00 00 0F 03 84 1C
2026-09-28T15:20:28.825+00:00,5254.397,RX,post,00111C84,1,5,01 00 00 84 1C
2026-09-28T15:20:28.829+00:00,5258.905,RX,post,0001F281,1,7,01 00 00 0F 03 81 F2
2026-09-28T15:20:28.830+00:00,5258.975,RX,post,0011F281,1,5,01 00 00 81 F2
2026-09-28T15:20:28.835+00:00,5263.927,RX,post,0001CC29,1,7,01 00 00 0F 03 29 CC
2026-09-28T15:20:28.835+00:00,5264.016,RX,post,0011CC29,1,5,01 00 00 29 CC
2026-09-28T15:20:28.840+00:00,5269.292,RX,post,0001520C,1,7,01 00 00 0F 03 0C 52
2026-09-28T15:20:28.840+00:00,5269.373,RX,post,0011520C,1,5,01 00 00 0C 52
2026-09-28T15:20:28.845+00:00,5274.678,RX,post,0001892A,1,7,01 00 00 0F 03 2A 89
2026-09-28T15:20:28.845+00:00,5274.775,RX,post,0011892A,1,5,01 00 00 2A 89
2026-09-28T15:20:28.849+00:00,5278.863,RX,post,0001793A,1,7,01 00 00 0F 03 3A 79
2026-09-28T15:20:28.850+00:00,5278.967,RX,post,0011793A,1,5,01 00 00 3A 79
2026-09-28T15:20:28.855+00:00,5283.985,RX,post,00015B2A,1,7,01 00 00 0F 03 2A 5B
2026-09-28T15:20:28.855+00:00,5284.065,RX,post,00115B2A,1,5,01 00 00 2A 5B
2026-09-28T15:20:28.860+00:00,5289.184,RX,post,0001137C,1,7,01 00 00 0F 03 7C 13
2026-09-28T15:20:28.860+00:00,5289.442,RX,post,0011137C,1,5,01 00 00 7C 13
2026-09-28T15:20:28.865+00:00,5293.912,RX,post,0001C877,1,7,01 00 00 0F 03 77 C8
2026-09-28T15:20:28.865+00:00,5293.994,RX,post,0011C877,1,5,01 00 00 77 C8
2026-09-28T15:20:28.870+00:00,5298.970,RX,post,0001F49D,1,7,01 00 00 0F 03 9D F4
2026-09-28T15:20:28.870+00:00,5299.065,RX,post,0011F49D,1,5,01 00 00 9D F4
2026-09-28T15:20:28.874+00:00,5303.823,RX,post,00011AC5,1,7,01 00 00 0F 03 C5 1A
2026-09-28T15:20:28.875+00:00,5304.046,RX,post,00111AC5,1,5,01 00 00 C5 1A
2026-09-28T15:20:28.879+00:00,5308.790,RX,post,00012AA5,1,7,01 00 00 0F 03 A5 2A
2026-09-28T15:20:28.880+00:00,5309.030,RX,post,00112AA5,1,5,01 00 00 A5 2A
2026-09-28T15:20:28.884+00:00,5313.806,RX,post,00014D30,1,7,01 00 00 0F 03 30 4D
2026-09-28T15:20:28.885+00:00,5313.996,RX,post,00114D30,1,5,01 00 00 30 4D
2026-09-28T15:20:28.889+00:00,5318.769,RX,post,0001FB7A,1,7,01 00 00 0F 03 7A FB
2026-09-28T15:20:28.890+00:00,5318.987,RX,post,0011FB7A,1,5,01 00 00 7A FB
2026-09-28T15:20:28.894+00:00,5323.842,RX,post,00016905,1,7,01 00 00 0F 03 05 69
2026-09-28T15:20:28.895+00:00,5324.074,RX,post,00116905,1,5,01 00 00 05 69
2026-09-28T15:20:28.899+00:00,5328.805,RX,post,00010CAA,1,7,01 00 00 0F 03 AA 0C
2026-09-28T15:20:28.900+00:00,5329.007,RX,post,00110CAA,1,5,01 00 00 AA 0C
2026-09-28T15:20:28.905+00:00,5334.236,RX,post,0001F367,1,7,01 00 00 0F 03 67 F3
2026-09-28T15:20:28.905+00:00,5334.315,RX,post,0011F367,1,5,01 00 00 67 F3
2026-09-28T15:20:28.910+00:00,5339.269,RX,post,000197BD,1,7,01 00 00 0F 03 BD 97
2026-09-28T15:20:28.910+00:00,5339.356,RX,post,001197BD,1,5,01 00 00 BD 97
2026-09-28T15:20:28.915+00:00,5343.931,RX,post,0001A4BF,1,7,01 00 00 0F 03 BF A4
2026-09-28T15:20:28.915+00:00,5344.057,RX,post,0011A4BF,1,5,01 00 00 BF A4
2026-09-28T15:20:28.919+00:00,5348.862,RX,post,0001E309,1,7,01 00 00 0F 03 09 E3
2026-09-28T15:20:28.920+00:00,5348.939,RX,post,0011E309,1,5,01 00 00 09 E3
2026-09-28T15:20:28.924+00:00,5353.763,RX,post,0001DFA5,1,7,01 00 00 0F 03 A5 DF
2026-09-28T15:20:28.925+00:00,5354.095,RX,post,0011DFA5,1,5,01 00 00 A5 DF
2026-09-28T15:20:28.930+00:00,5358.931,RX,post,00015ED9,1,7,01 00 00 0F 03 D9 5E
2026-09-28T15:20:28.930+00:00,5359.019,RX,post,00115ED9,1,5,01 00 00 D9 5E
2026-09-28T15:20:28.935+00:00,5363.949,RX,post,00016B99,1,7,01 00 00 0F 03 99 6B
2026-09-28T15:20:28.935+00:00,5364.043,RX,post,00116B99,1,5,01 00 00 99 6B
2026-09-28T15:20:28.940+00:00,5368.948,RX,post,0001FC6B,1,7,01 00 00 0F 03 6B FC
2026-09-28T15:20:28.940+00:00,5369.025,RX,post,0011FC6B,1,5,01 00 00 6B FC
2026-09-28T15:20:28.944+00:00,5373.750,RX,post,00013CCC,1,7,01 00 00 0F 03 CC 3C
2026-09-28T15:20:28.945+00:00,5374.010,RX,post,00113CCC,1,5,01 00 00 CC 3C
2026-09-28T15:20:28.949+00:00,5378.823,RX,post,00018805,1,7,01 00 00 0F 03 05 88
2026-09-28T15:20:28.950+00:00,5379.005,RX,post,00118805,1,5,01 00 00 05 88
2026-09-28T15:20:28.954+00:00,5383.741,RX,post,0001E8C9,1,7,01 00 00 0F 03 C9 E8
2026-09-28T15:20:28.955+00:00,5383.991,RX,post,0011E8C9,1,5,01 00 00 C9 E8
2026-09-28T15:20:28.959+00:00,5388.801,RX,post,0001753D,1,7,01 00 00 0F 03 3D 75
2026-09-28T15:20:28.960+00:00,5389.016,RX,post,0011753D,1,5,01 00 00 3D 75
2026-09-28T15:20:28.965+00:00,5393.923,RX,post,00011CB9,1,7,01 00 00 0F 03 B9 1C
2026-09-28T15:20:28.965+00:00,5393.979,RX,post,00111CB9,1,5,01 00 00 B9 1C
2026-09-28T15:20:28.970+00:00,5398.937,RX,post,0001F029,1,7,01 00 00 0F 03 29 F0
2026-09-28T15:20:28.970+00:00,5398.992,RX,post,0011F029,1,5,01 00 00 29 F0
2026-09-28T15:20:28.975+00:00,5403.931,RX,post,0001409D,1,7,01 00 00 0F 03 9D 40
2026-09-28T15:20:28.975+00:00,5403.986,RX,post,0011409D,1,5,01 00 00 9D 40
2026-09-28T15:20:28.979+00:00,5408.901,RX,post,0001B402,1,7,01 00 00 0F 03 02 B4
2026-09-28T15:20:28.980+00:00,5408.957,RX,post,0011B402,1,5,01 00 00 02 B4
2026-09-28T15:20:28.984+00:00,5413.812,RX,post,00013FAC,1,7,01 00 00 0F 03 AC 3F
2026-09-28T15:20:28.985+00:00,5413.945,RX,post,00113FAC,1,5,01 00 00 AC 3F
2026-09-28T15:20:28.989+00:00,5418.883,RX,post,00013795,1,7,01 00 00 0F 03 95 37
2026-09-28T15:20:28.990+00:00,5418.952,RX,post,00113795,1,5,01 00 00 95 37
2026-09-28T15:20:28.995+00:00,5423.915,RX,post,0001C0BE,1,7,01 00 00 0F 03 BE C0
2026-09-28T15:20:28.995+00:00,5423.971,RX,post,0011C0BE,1,5,01 00 00 BE C0
2026-09-28T15:20:28.999+00:00,5428.796,RX,post,00010566,1,7,01 00 00 0F 03 66 05
2026-09-28T15:20:29.000+00:00,5429.029,RX,post,00110566,1,5,01 00 00 66 05
2026-09-28T15:20:29.004+00:00,5433.859,RX,post,0001DA68,1,7,01 00 00 0F 03 68 DA
2026-09-28T15:20:29.005+00:00,5433.935,RX,post,0011DA68,1,5,01 00 00 68 DA
2026-09-28T15:20:29.009+00:00,5438.755,RX,post,0001B976,1,7,01 00 00 0F 03 76 B9
2026-09-28T15:20:29.010+00:00,5439.054,RX,post,0011B976,1,5,01 00 00 76 B9
2026-09-28T15:20:29.014+00:00,5443.736,RX,post,00014933,1,7,01 00 00 0F 03 33 49
2026-09-28T15:20:29.015+00:00,5443.978,RX,post,00114933,1,5,01 00 00 33 49
2026-09-28T15:20:29.019+00:00,5448.736,RX,post,00012C11,1,7,01 00 00 0F 03 11 2C
2026-09-28T15:20:29.020+00:00,5448.976,RX,post,00112C11,1,5,01 00 00 11 2C
2026-09-28T15:20:29.025+00:00,5453.915,RX,post,00017F19,1,7,01 00 00 0F 03 19 7F
2026-09-28T15:20:29.025+00:00,5453.970,RX,post,00117F19,1,5,01 00 00 19 7F
2026-09-28T15:20:29.029+00:00,5458.817,RX,post,0001B907,1,7,01 00 00 0F 03 07 B9
2026-09-28T15:20:29.030+00:00,5458.941,RX,post,0011B907,1,5,01 00 00 07 B9
2026-09-28T15:20:29.035+00:00,5463.912,RX,post,00018626,1,7,01 00 00 0F 03 26 86
2026-09-28T15:20:29.035+00:00,5463.967,RX,post,00118626,1,5,01 00 00 26 86
2026-09-28T15:20:29.039+00:00,5468.809,RX,post,0001E841,1,7,01 00 00 0F 03 41 E8
2026-09-28T15:20:29.040+00:00,5468.931,RX,post,0011E841,1,5,01 00 00 41 E8
2026-09-28T15:20:29.044+00:00,5473.742,RX,post,0001D4F7,1,7,01 00 00 0F 03 F7 D4
2026-09-28T15:20:29.045+00:00,5474.017,RX,post,0011D4F7,1,5,01 00 00 F7 D4
2026-09-28T15:20:29.050+00:00,5478.955,RX,post,0001608A,1,7,01 00 00 0F 03 8A 60
2026-09-28T15:20:29.050+00:00,5479.028,RX,post,0011608A,1,5,01 00 00 8A 60
2026-09-28T15:20:29.054+00:00,5483.865,RX,post,00014E69,1,7,01 00 00 0F 03 69 4E
2026-09-28T15:20:29.055+00:00,5483.965,RX,post,00114E69,1,5,01 00 00 69 4E
2026-09-28T15:20:29.060+00:00,5488.934,RX,post,00019315,1,7,01 00 00 0F 03 15 93
2026-09-28T15:20:29.060+00:00,5489.010,RX,post,00119315,1,5,01 00 00 15 93
2026-09-28T15:20:29.065+00:00,5493.916,RX,post,000176AE,1,7,01 00 00 0F 03 AE 76
2026-09-28T15:20:29.065+00:00,5493.971,RX,post,001176AE,1,5,01 00 00 AE 76
2026-09-28T15:20:29.069+00:00,5498.732,RX,post,0001D5F5,1,7,01 00 00 0F 03 F5 D5
2026-09-28T15:20:29.070+00:00,5498.984,RX,post,0011D5F5,1,5,01 00 00 F5 D5
2026-09-28T15:20:29.074+00:00,5503.791,RX,post,0001F6B6,1,7,01 00 00 0F 03 B6 F6
2026-09-28T15:20:29.075+00:00,5503.974,RX,post,0011F6B6,1,5,01 00 00 B6 F6
2026-09-28T15:20:29.079+00:00,5508.775,RX,post,0001A1A8,1,7,01 00 00 0F 03 A8 A1
2026-09-28T15:20:29.080+00:00,5508.986,RX,post,0011A1A8,1,5,01 00 00 A8 A1
2026-09-28T15:20:29.084+00:00,5513.753,RX,post,0001BB7B,1,7,01 00 00 0F 03 7B BB
2026-09-28T15:20:29.085+00:00,5514.046,RX,post,0011BB7B,1,5,01 00 00 7B BB
2026-09-28T15:20:29.089+00:00,5518.780,RX,post,00014D6B,1,7,01 00 00 0F 03 6B 4D
2026-09-28T15:20:29.090+00:00,5518.990,RX,post,00114D6B,1,5,01 00 00 6B 4D
2026-09-28T15:20:29.094+00:00,5523.901,RX,post,00018DB8,1,7,01 00 00 0F 03 B8 8D
2026-09-28T15:20:29.095+00:00,5523.957,RX,post,00118DB8,1,5,01 00 00 B8 8D
2026-09-28T15:20:29.100+00:00,5528.916,RX,post,000143E5,1,7,01 00 00 0F 03 E5 43
2026-09-28T15:20:29.100+00:00,5529.035,RX,post,001143E5,1,5,01 00 00 E5 43
2026-09-28T15:20:29.104+00:00,5533.902,RX,post,00018716,1,7,01 00 00 0F 03 16 87
2026-09-28T15:20:29.105+00:00,5533.958,RX,post,00118716,1,5,01 00 00 16 87
2026-09-28T15:20:29.109+00:00,5538.879,RX,post,00010D71,1,7,01 00 00 0F 03 71 0D
2026-09-28T15:20:29.110+00:00,5538.962,RX,post,00110D71,1,5,01 00 00 71 0D
2026-09-28T15:20:29.114+00:00,5543.900,RX,post,000140CD,1,7,01 00 00 0F 03 CD 40
2026-09-28T15:20:29.115+00:00,5543.956,RX,post,001140CD,1,5,01 00 00 CD 40
2026-09-28T15:20:29.120+00:00,5548.937,RX,post,0001E714,1,7,01 00 00 0F 03 14 E7
2026-09-28T15:20:29.120+00:00,5549.026,RX,post,0011E714,1,5,01 00 00 14 E7
2026-09-28T15:20:29.124+00:00,5553.892,RX,post,00012453,1,7,01 00 00 0F 03 53 24
2026-09-28T15:20:29.125+00:00,5553.948,RX,post,00112453,1,5,01 00 00 53 24
2026-09-28T15:20:29.129+00:00,5558.862,RX,post,00018CDB,1,7,01 00 00 0F 03 DB 8C
2026-09-28T15:20:29.130+00:00,5558.949,RX,post,00118CDB,1,5,01 00 00 DB 8C
2026-09-28T15:20:29.135+00:00,5563.941,RX,post,0001A988,1,7,01 00 00 0F 03 88 A9
2026-09-28T15:20:29.135+00:00,5564.029,RX,post,0011A988,1,5,01 00 00 88 A9
2026-09-28T15:20:29.140+00:00,5568.934,RX,post,0001C836,1,7,01 00 00 0F 03 36 C8
2026-09-28T15:20:29.140+00:00,5569.014,RX,post,0011C836,1,5,01 00 00 36 C8
2026-09-28T15:20:29.144+00:00,5573.776,RX,post,00010A86,1,7,01 00 00 0F 03 86 0A
2026-09-28T15:20:29.145+00:00,5573.985,RX,post,00110A86,1,5,01 00 00 86 0A
2026-09-28T15:20:29.149+00:00,5578.736,RX,post,00017E8A,1,7,01 00 00 0F 03 8A 7E
2026-09-28T15:20:29.150+00:00,5578.980,RX,post,00117E8A,1,5,01 00 00 8A 7E
2026-09-28T15:20:29.154+00:00,5583.743,RX,post,000113F8,1,7,01 00 00 0F 03 F8 13
2026-09-28T15:20:29.155+00:00,5583.980,RX,post,001113F8,1,5,01 00 00 F8 13
2026-09-28T15:20:29.159+00:00,5588.714,RX,post,00019A15,1,7,01 00 00 0F 03 15 9A
2026-09-28T15:20:29.160+00:00,5588.979,RX,post,00119A15,1,5,01 00 00 15 9A
2026-09-28T15:20:29.164+00:00,5593.870,RX,post,0001A9A8,1,7,01 00 00 0F 03 A8 A9
2026-09-28T15:20:29.165+00:00,5593.956,RX,post,0011A9A8,1,5,01 00 00 A8 A9
2026-09-28T15:20:29.169+00:00,5598.876,RX,post,0001DED8,1,7,01 00 00 0F 03 D8 DE
2026-09-28T15:20:29.170+00:00,5598.965,RX,post,0011DED8,1,5,01 00 00 D8 DE
2026-09-28T15:20:29.174+00:00,5603.847,RX,post,0001C5AA,1,7,01 00 00 0F 03 AA C5
2026-09-28T15:20:29.175+00:00,5603.945,RX,post,0011C5AA,1,5,01 00 00 AA C5
2026-09-28T15:20:29.179+00:00,5608.885,RX,post,0001E71A,1,7,01 00 00 0F 03 1A E7
2026-09-28T15:20:29.180+00:00,5608.941,RX,post,0011E71A,1,5,01 00 00 1A E7
2026-09-28T15:20:29.185+00:00,5614.017,RX,post,0001453E,1,7,01 00 00 0F 03 3E 45
2026-09-28T15:20:29.185+00:00,5614.086,RX,post,0011453E,1,5,01 00 00 3E 45
2026-09-28T15:20:29.190+00:00,5618.908,RX,post,000106CE,1,7,01 00 00 0F 03 CE 06
2026-09-28T15:20:29.190+00:00,5618.965,RX,post,001106CE,1,5,01 00 00 CE 06
2026-09-28T15:20:29.194+00:00,5623.736,RX,post,0001756E,1,7,01 00 00 0F 03 6E 75
2026-09-28T15:20:29.195+00:00,5623.991,RX,post,0011756E,1,5,01 00 00 6E 75
2026-09-28T15:20:29.199+00:00,5628.756,RX,post,0001D2DC,1,7,01 00 00 0F 03 DC D2
2026-09-28T15:20:29.200+00:00,5628.980,RX,post,0011D2DC,1,5,01 00 00 DC D2
2026-09-28T15:20:29.205+00:00,5633.908,RX,post,0001C1F4,1,7,01 00 00 0F 03 F4 C1
2026-09-28T15:20:29.205+00:00,5633.963,RX,post,0011C1F4,1,5,01 00 00 F4 C1
2026-09-28T15:20:29.209+00:00,5638.736,RX,post,0001B51A,1,7,01 00 00 0F 03 1A B5
2026-09-28T15:20:29.210+00:00,5638.979,RX,post,0011B51A,1,5,01 00 00 1A B5
2026-09-28T15:20:29.214+00:00,5643.874,RX,post,00016BDC,1,7,01 00 00 0F 03 DC 6B
2026-09-28T15:20:29.215+00:00,5643.930,RX,post,00116BDC,1,5,01 00 00 DC 6B
2026-09-28T15:20:29.219+00:00,5648.748,RX,post,0001837C,1,7,01 00 00 0F 03 7C 83
2026-09-28T15:20:29.220+00:00,5648.975,RX,post,0011837C,1,5,01 00 00 7C 83
2026-09-28T15:20:29.224+00:00,5653.702,RX,post,0001720B,1,7,01 00 00 0F 03 0B 72
2026-09-28T15:20:29.225+00:00,5653.998,RX,post,0011720B,1,5,01 00 00 0B 72
2026-09-28T15:20:29.229+00:00,5658.744,RX,post,00012CC2,1,7,01 00 00 0F 03 C2 2C
2026-09-28T15:20:29.230+00:00,5659.002,RX,post,00112CC2,1,5,01 00 00 C2 2C
2026-09-28T15:20:29.234+00:00,5663.813,RX,post,0001EC94,1,7,01 00 00 0F 03 94 EC
2026-09-28T15:20:29.235+00:00,5663.936,RX,post,0011EC94,1,5,01 00 00 94 EC
2026-09-28T15:20:29.239+00:00,5668.716,RX,post,0001D2B2,1,7,01 00 00 0F 03 B2 D2
2026-09-28T15:20:29.240+00:00,5668.978,RX,post,0011D2B2,1,5,01 00 00 B2 D2
2026-09-28T15:20:29.245+00:00,5673.934,RX,post,0001E078,1,7,01 00 00 0F 03 78 E0
2026-09-28T15:20:29.245+00:00,5674.018,RX,post,0011E078,1,5,01 00 00 78 E0
2026-09-28T15:20:29.250+00:00,5678.915,RX,post,00013598,1,7,01 00 00 0F 03 98 35
2026-09-28T15:20:29.250+00:00,5679.025,RX,post,00113598,1,5,01 00 00 98 35
2026-09-28T15:20:29.254+00:00,5683.902,RX,post,00018C48,1,7,01 00 00 0F 03 48 8C
2026-09-28T15:20:29.255+00:00,5683.982,RX,post,00118C48,1,5,01 00 00 48 8C
2026-09-28T15:20:29.260+00:00,5688.934,RX,post,0001BEA5,1,7,01 00 00 0F 03 A5 BE
2026-09-28T15:20:29.260+00:00,5689.016,RX,post,0011BEA5,1,5,01 00 00 A5 BE
2026-09-28T15:20:29.264+00:00,5693.840,RX,post,0001B2C8,1,7,01 00 00 0F 03 C8 B2
2026-09-28T15:20:29.265+00:00,5693.938,RX,post,0011B2C8,1,5,01 00 00 C8 B2
2026-09-28T15:20:29.269+00:00,5698.887,RX,post,00012E6C,1,7,01 00 00 0F 03 6C 2E
2026-09-28T15:20:29.270+00:00,5698.942,RX,post,00112E6C,1,5,01 00 00 6C 2E
2026-09-28T15:20:29.274+00:00,5703.711,RX,post,0001737B,1,7,01 00 00 0F 03 7B 73
2026-09-28T15:20:29.275+00:00,5703.981,RX,post,0011737B,1,5,01 00 00 7B 73
2026-09-28T15:20:29.279+00:00,5708.808,RX,post,00010E7E,1,7,01 00 00 0F 03 7E 0E
2026-09-28T15:20:29.280+00:00,5708.932,RX,post,00110E7E,1,5,01 00 00 7E 0E
2026-09-28T15:20:29.284+00:00,5713.896,RX,post,000161C4,1,7,01 00 00 0F 03 C4 61
2026-09-28T15:20:29.285+00:00,5713.959,RX,post,001161C4,1,5,01 00 00 C4 61
2026-09-28T15:20:29.289+00:00,5718.748,RX,post,00012503,1,7,01 00 00 0F 03 03 25
2026-09-28T15:20:29.290+00:00,5719.018,RX,post,00112503,1,5,01 00 00 03 25
2026-09-28T15:20:29.294+00:00,5723.778,RX,post,00019E05,1,7,01 00 00 0F 03 05 9E
2026-09-28T15:20:29.295+00:00,5724.031,RX,post,00119E05,1,5,01 00 00 05 9E
2026-09-28T15:20:29.300+00:00,5729.243,RX,post,0001DEBB,1,7,01 00 00 0F 03 BB DE
2026-09-28T15:20:29.300+00:00,5729.329,RX,post,0011DEBB,1,5,01 00 00 BB DE
2026-09-28T15:20:29.305+00:00,5734.363,RX,post,00011CD9,1,7,01 00 00 0F 03 D9 1C
2026-09-28T15:20:29.305+00:00,5734.448,RX,post,00111CD9,1,5,01 00 00 D9 1C
2026-09-28T15:20:29.310+00:00,5738.944,RX,post,0001EBC9,1,7,01 00 00 0F 03 C9 EB
2026-09-28T15:20:29.310+00:00,5739.066,RX,post,0011EBC9,1,5,01 00 00 C9 EB
2026-09-28T15:20:29.314+00:00,5743.872,RX,post,00015F5D,1,7,01 00 00 0F 03 5D 5F
2026-09-28T15:20:29.315+00:00,5744.010,RX,post,00115F5D,1,5,01 00 00 5D 5F
2026-09-28T15:20:29.319+00:00,5748.837,RX,post,00012943,1,7,01 00 00 0F 03 43 29
2026-09-28T15:20:29.320+00:00,5748.938,RX,post,00112943,1,5,01 00 00 43 29
2026-09-28T15:20:29.325+00:00,5753.913,RX,post,00019034,1,7,01 00 00 0F 03 34 90
2026-09-28T15:20:29.325+00:00,5753.989,RX,post,00119034,1,5,01 00 00 34 90
2026-09-28T15:20:29.330+00:00,5758.906,RX,post,00010D48,1,7,01 00 00 0F 03 48 0D
2026-09-28T15:20:29.330+00:00,5759.019,RX,post,00110D48,1,5,01 00 00 48 0D
2026-09-28T15:20:29.334+00:00,5763.887,RX,post,00017795,1,7,01 00 00 0F 03 95 77
2026-09-28T15:20:29.335+00:00,5764.021,RX,post,00117795,1,5,01 00 00 95 77
2026-09-28T15:20:29.339+00:00,5768.853,RX,post,0001653D,1,7,01 00 00 0F 03 3D 65
2026-09-28T15:20:29.340+00:00,5768.989,RX,post,0011653D,1,5,01 00 00 3D 65
2026-09-28T15:20:29.344+00:00,5773.766,RX,post,0001BDAE,1,7,01 00 00 0F 03 AE BD
2026-09-28T15:20:29.344+00:00,5773.902,RX,post,0011BDAE,1,5,01 00 00 AE BD
2026-09-28T15:20:29.349+00:00,5778.776,RX,post,00010157,1,7,01 00 00 0F 03 57 01
2026-09-28T15:20:29.349+00:00,5778.871,RX,post,00110157,1,5,01 00 00 57 01
2026-09-28T15:20:29.355+00:00,5784.047,RX,post,00018924,1,7,01 00 00 0F 03 24 89
2026-09-28T15:20:29.355+00:00,5784.136,RX,post,00118924,1,5,01 00 00 24 89
2026-09-28T15:20:29.360+00:00,5789.000,RX,post,0001FE9F,1,7,01 00 00 0F 03 9F FE
2026-09-28T15:20:29.360+00:00,5789.064,RX,post,0011FE9F,1,5,01 00 00 9F FE
2026-09-28T15:20:29.364+00:00,5793.824,RX,post,0001B46D,1,7,01 00 00 0F 03 6D B4
2026-09-28T15:20:29.365+00:00,5793.911,RX,post,0011B46D,1,5,01 00 00 6D B4
2026-09-28T15:20:29.369+00:00,5798.866,RX,post,00011C12,1,7,01 00 00 0F 03 12 1C
2026-09-28T15:20:29.370+00:00,5798.937,RX,post,00111C12,1,5,01 00 00 12 1C
2026-09-28T15:20:29.374+00:00,5803.871,RX,post,00015F66,1,7,01 00 00 0F 03 66 5F
2026-09-28T15:20:29.375+00:00,5803.941,RX,post,00115F66,1,5,01 00 00 66 5F
2026-09-28T15:20:29.379+00:00,5808.837,RX,post,0001FD88,1,7,01 00 00 0F 03 88 FD
2026-09-28T15:20:29.380+00:00,5808.928,RX,post,0011FD88,1,5,01 00 00 88 FD
2026-09-28T15:20:29.384+00:00,5813.796,RX,post,00018746,1,7,01 00 00 0F 03 46 87
2026-09-28T15:20:29.385+00:00,5814.023,RX,post,00118746,1,5,01 00 00 46 87
2026-09-28T15:20:29.389+00:00,5818.731,RX,post,0001BA8D,1,7,01 00 00 0F 03 8D BA
2026-09-28T15:20:29.390+00:00,5818.988,RX,post,0011BA8D,1,5,01 00 00 8D BA
2026-09-28T15:20:29.394+00:00,5823.755,RX,post,000131E3,1,7,01 00 00 0F 03 E3 31
2026-09-28T15:20:29.395+00:00,5823.991,RX,post,001131E3,1,5,01 00 00 E3 31
2026-09-28T15:20:29.399+00:00,5828.724,RX,post,00018D4D,1,7,01 00 00 0F 03 4D 8D
2026-09-28T15:20:29.400+00:00,5829.030,RX,post,00118D4D,1,5,01 00 00 4D 8D
2026-09-28T15:20:29.404+00:00,5833.692,RX,post,0001F5E4,1,7,01 00 00 0F 03 E4 F5
2026-09-28T15:20:29.405+00:00,5833.977,RX,post,0011F5E4,1,5,01 00 00 E4 F5
2026-09-28T15:20:29.409+00:00,5838.755,RX,post,00013547,1,7,01 00 00 0F 03 47 35
2026-09-28T15:20:29.410+00:00,5838.988,RX,post,00113547,1,5,01 00 00 47 35
2026-09-28T15:20:29.414+00:00,5843.734,RX,post,00011052,1,7,01 00 00 0F 03 52 10
2026-09-28T15:20:29.415+00:00,5843.975,RX,post,00111052,1,5,01 00 00 52 10
2026-09-28T15:20:29.419+00:00,5848.740,RX,post,00018755,1,7,01 00 00 0F 03 55 87
2026-09-28T15:20:29.420+00:00,5848.994,RX,post,00118755,1,5,01 00 00 55 87
2026-09-28T15:20:29.424+00:00,5853.691,RX,post,00015CAA,1,7,01 00 00 0F 03 AA 5C
2026-09-28T15:20:29.425+00:00,5853.978,RX,post,00115CAA,1,5,01 00 00 AA 5C
2026-09-28T15:20:29.429+00:00,5858.760,RX,post,0001085E,1,7,01 00 00 0F 03 5E 08
2026-09-28T15:20:29.430+00:00,5858.952,RX,post,0011085E,1,5,01 00 00 5E 08
2026-09-28T15:20:29.434+00:00,5863.694,RX,post,0001135B,1,7,01 00 00 0F 03 5B 13
2026-09-28T15:20:29.435+00:00,5863.975,RX,post,0011135B,1,5,01 00 00 5B 13
2026-09-28T15:20:29.439+00:00,5868.742,RX,post,000109A4,1,7,01 00 00 0F 03 A4 09
2026-09-28T15:20:29.440+00:00,5868.960,RX,post,001109A4,1,5,01 00 00 A4 09
2026-09-28T15:20:29.444+00:00,5873.834,RX,post,00017357,1,7,01 00 00 0F 03 57 73
2026-09-28T15:20:29.445+00:00,5873.907,RX,post,00117357,1,5,01 00 00 57 73
2026-09-28T15:20:29.449+00:00,5878.745,RX,post,0001E186,1,7,01 00 00 0F 03 86 E1
2026-09-28T15:20:29.450+00:00,5879.051,RX,post,0011E186,1,5,01 00 00 86 E1
2026-09-28T15:20:29.454+00:00,5883.836,RX,post,0001BA1E,1,7,01 00 00 0F 03 1E BA
2026-09-28T15:20:29.455+00:00,5883.909,RX,post,0011BA1E,1,5,01 00 00 1E BA
2026-09-28T15:20:29.459+00:00,5888.820,RX,post,00010938,1,7,01 00 00 0F 03 38 09
2026-09-28T15:20:29.460+00:00,5888.928,RX,post,00110938,1,5,01 00 00 38 09
2026-09-28T15:20:29.464+00:00,5893.763,RX,post,00011E6D,1,7,01 00 00 0F 03 6D 1E
2026-09-28T15:20:29.465+00:00,5894.004,RX,post,00111E6D,1,5,01 00 00 6D 1E
2026-09-28T15:20:29.469+00:00,5898.708,RX,post,00019FBA,1,7,01 00 00 0F 03 BA 9F
2026-09-28T15:20:29.470+00:00,5898.995,RX,post,00119FBA,1,5,01 00 00 BA 9F
2026-09-28T15:20:29.474+00:00,5903.768,RX,post,00014477,1,7,01 00 00 0F 03 77 44
2026-09-28T15:20:29.475+00:00,5903.999,RX,post,00114477,1,5,01 00 00 77 44
2026-09-28T15:20:29.479+00:00,5908.731,RX,post,0001D816,1,7,01 00 00 0F 03 16 D8
2026-09-28T15:20:29.480+00:00,5908.991,RX,post,0011D816,1,5,01 00 00 16 D8
2026-09-28T15:20:29.484+00:00,5913.758,RX,post,00013F52,1,7,01 00 00 0F 03 52 3F
2026-09-28T15:20:29.485+00:00,5913.984,RX,post,00113F52,1,5,01 00 00 52 3F
2026-09-28T15:20:29.489+00:00,5918.801,RX,post,000164AF,1,7,01 00 00 0F 03 AF 64
2026-09-28T15:20:29.490+00:00,5919.002,RX,post,001164AF,1,5,01 00 00 AF 64
2026-09-28T15:20:29.494+00:00,5923.759,RX,post,0001F5FE,1,7,01 00 00 0F 03 FE F5
2026-09-28T15:20:29.495+00:00,5924.079,RX,post,0011F5FE,1,5,01 00 00 FE F5
2026-09-28T15:20:29.499+00:00,5928.773,RX,post,0001C723,1,7,01 00 00 0F 03 23 C7
2026-09-28T15:20:29.500+00:00,5928.983,RX,post,0011C723,1,5,01 00 00 23 C7
2026-09-28T15:20:29.504+00:00,5933.775,RX,post,00018733,1,7,01 00 00 0F 03 33 87
2026-09-28T15:20:29.505+00:00,5933.984,RX,post,00118733,1,5,01 00 00 33 87
2026-09-28T15:20:29.509+00:00,5938.811,RX,post,0001C80D,1,7,01 00 00 0F 03 0D C8
2026-09-28T15:20:29.510+00:00,5939.145,RX,post,0011C80D,1,5,01 00 00 0D C8
2026-09-28T15:20:29.514+00:00,5943.841,RX,post,000161D0,1,7,01 00 00 0F 03 D0 61
2026-09-28T15:20:29.515+00:00,5943.914,RX,post,001161D0,1,5,01 00 00 D0 61
2026-09-28T15:20:29.519+00:00,5948.831,RX,post,000197B2,1,7,01 00 00 0F 03 B2 97
2026-09-28T15:20:29.520+00:00,5948.916,RX,post,001197B2,1,5,01 00 00 B2 97
2026-09-28T15:20:29.524+00:00,5953.809,RX,post,00014CAB,1,7,01 00 00 0F 03 AB 4C
2026-09-28T15:20:29.525+00:00,5954.017,RX,post,00114CAB,1,5,01 00 00 AB 4C
2026-09-28T15:20:29.529+00:00,5958.829,RX,post,0001B45B,1,7,01 00 00 0F 03 5B B4
2026-09-28T15:20:29.530+00:00,5958.913,RX,post,0011B45B,1,5,01 00 00 5B B4
2026-09-28T15:20:29.534+00:00,5963.776,RX,post,0001CB0F,1,7,01 00 00 0F 03 0F CB
2026-09-28T15:20:29.535+00:00,5963.984,RX,post,0011CB0F,1,5,01 00 00 0F CB
2026-09-28T15:20:29.539+00:00,5968.842,RX,post,000124E1,1,7,01 00 00 0F 03 E1 24
2026-09-28T15:20:29.540+00:00,5968.916,RX,post,001124E1,1,5,01 00 00 E1 24
2026-09-28T15:20:29.544+00:00,5973.791,RX,post,00015427,1,7,01 00 00 0F 03 27 54
2026-09-28T15:20:29.545+00:00,5974.002,RX,post,00115427,1,5,01 00 00 27 54
2026-09-28T15:20:29.550+00:00,5978.962,RX,post,000199BD,1,7,01 00 00 0F 03 BD 99
2026-09-28T15:20:29.550+00:00,5979.018,RX,post,001199BD,1,5,01 00 00 BD 99
2026-09-28T15:20:29.554+00:00,5983.829,RX,post,0001662A,1,7,01 00 00 0F 03 2A 66
2026-09-28T15:20:29.555+00:00,5983.964,RX,post,0011662A,1,5,01 00 00 2A 66
2026-09-28T15:20:29.559+00:00,5988.852,RX,post,0001F8A3,1,7,01 00 00 0F 03 A3 F8
2026-09-28T15:20:29.560+00:00,5988.921,RX,post,0011F8A3,1,5,01 00 00 A3 F8
2026-09-28T15:20:29.564+00:00,5993.838,RX,post,00019B06,1,7,01 00 00 0F 03 06 9B
2026-09-28T15:20:29.565+00:00,5993.912,RX,post,00119B06,1,5,01 00 00 06 9B
2026-09-28T15:20:29.569+00:00,5998.691,RX,post,00016E60,1,7,01 00 00 0F 03 60 6E
2026-09-28T15:20:29.570+00:00,5998.971,RX,post,00116E60,1,5,01 00 00 60 6E
2026-09-28T15:20:29.574+00:00,6003.839,RX,post,0001B2DC,1,7,01 00 00 0F 03 DC B2
2026-09-28T15:20:29.575+00:00,6003.912,RX,post,0011B2DC,1,5,01 00 00 DC B2
2026-09-28T15:20:29.579+00:00,6008.700,RX,post,0001C49B,1,7,01 00 00 0F 03 9B C4
2026-09-28T15:20:29.580+00:00,6008.974,RX,post,0011C49B,1,5,01 00 00 9B C4
2026-09-28T15:20:29.584+00:00,6013.838,RX,post,00012D83,1,7,01 00 00 0F 03 83 2D
2026-09-28T15:20:29.585+00:00,6013.913,RX,post,00112D83,1,5,01 00 00 83 2D
2026-09-28T15:20:29.589+00:00,6018.684,RX,post,0001C4B0,1,7,01 00 00 0F 03 B0 C4
2026-09-28T15:20:29.590+00:00,6018.978,RX,post,0011C4B0,1,5,01 00 00 B0 C4
2026-09-28T15:20:29.594+00:00,6023.836,RX,post,0001C6F5,1,7,01 00 00 0F 03 F5 C6
2026-09-28T15:20:29.594+00:00,6023.892,RX,post,0011C6F5,1,5,01 00 00 F5 C6
2026-09-28T15:20:29.599+00:00,6028.873,RX,post,0001FEAE,1,7,01 00 00 0F 03 AE FE
2026-09-28T15:20:29.600+00:00,6028.969,RX,post,0011FEAE,1,5,01 00 00 AE FE
2026-09-28T15:20:29.604+00:00,6033.858,RX,post,0001FF52,1,7,01 00 00 0F 03 52 FF
2026-09-28T15:20:29.605+00:00,6033.957,RX,post,0011FF52,1,5,01 00 00 52 FF
2026-09-28T15:20:29.609+00:00,6038.872,RX,post,0001DF4E,1,7,01 00 00 0F 03 4E DF
2026-09-28T15:20:29.610+00:00,6038.970,RX,post,0011DF4E,1,5,01 00 00 4E DF
2026-09-28T15:20:29.614+00:00,6043.813,RX,post,00019DDA,1,7,01 00 00 0F 03 DA 9D
2026-09-28T15:20:29.615+00:00,6044.027,RX,post,00119DDA,1,5,01 00 00 DA 9D
2026-09-28T15:20:29.619+00:00,6048.825,RX,post,00017157,1,7,01 00 00 0F 03 57 71
2026-09-28T15:20:29.620+00:00,6049.078,RX,post,00117157,1,5,01 00 00 57 71
2026-09-28T15:20:29.624+00:00,6053.821,RX,post,0001A70C,1,7,01 00 00 0F 03 0C A7
2026-09-28T15:20:29.625+00:00,6053.912,RX,post,0011A70C,1,5,01 00 00 0C A7
2026-09-28T15:20:29.629+00:00,6058.826,RX,post,0001B2C4,1,7,01 00 00 0F 03 C4 B2
2026-09-28T15:20:29.630+00:00,6059.055,RX,post,0011B2C4,1,5,01 00 00 C4 B2
2026-09-28T15:20:29.634+00:00,6063.813,RX,post,000168CD,1,7,01 00 00 0F 03 CD 68
2026-09-28T15:20:29.635+00:00,6064.021,RX,post,001168CD,1,5,01 00 00 CD 68
2026-09-28T15:20:29.639+00:00,6068.806,RX,post,0001CBB8,1,7,01 00 00 0F 03 B8 CB
2026-09-28T15:20:29.640+00:00,6068.931,RX,post,0011CBB8,1,5,01 00 00 B8 CB
2026-09-28T15:20:29.644+00:00,6073.659,RX,post,0001404A,1,7,01 00 00 0F 03 4A 40
2026-09-28T15:20:29.645+00:00,6073.928,RX,post,0011404A,1,5,01 00 00 4A 40
2026-09-28T15:20:29.649+00:00,6078.655,RX,post,000108F5,1,7,01 00 00 0F 03 F5 08
2026-09-28T15:20:29.650+00:00,6078.976,RX,post,001108F5,1,5,01 00 00 F5 08
2026-09-28T15:20:29.654+00:00,6083.680,RX,post,0001E3EC,1,7,01 00 00 0F 03 EC E3
2026-09-28T15:20:29.655+00:00,6084.001,RX,post,0011E3EC,1,5,01 00 00 EC E3
2026-09-28T15:20:29.659+00:00,6088.655,RX,post,00012974,1,7,01 00 00 0F 03 74 29
2026-09-28T15:20:29.660+00:00,6088.930,RX,post,00112974,1,5,01 00 00 74 29
2026-09-28T15:20:29.664+00:00,6093.858,RX,post,00014093,1,7,01 00 00 0F 03 93 40
2026-09-28T15:20:29.665+00:00,6093.955,RX,post,00114093,1,5,01 00 00 93 40
2026-09-28T15:20:29.669+00:00,6098.826,RX,post,00017E55,1,7,01 00 00 0F 03 55 7E
2026-09-28T15:20:29.669+00:00,6098.883,RX,post,00117E55,1,5,01 00 00 55 7E
2026-09-28T15:20:29.674+00:00,6103.860,RX,post,00019BFA,1,7,01 00 00 0F 03 FA 9B
2026-09-28T15:20:29.675+00:00,6103.966,RX,post,00119BFA,1,5,01 00 00 FA 9B
2026-09-28T15:20:29.679+00:00,6108.641,RX,post,0001B23D,1,7,01 00 00 0F 03 3D B2
2026-09-28T15:20:29.680+00:00,6108.993,RX,post,0011B23D,1,5,01 00 00 3D B2
2026-09-28T15:20:29.684+00:00,6113.747,RX,post,00012EF6,1,7,01 00 00 0F 03 F6 2E
2026-09-28T15:20:29.684+00:00,6113.893,RX,post,00112EF6,1,5,01 00 00 F6 2E
2026-09-28T15:20:29.689+00:00,6118.810,RX,post,00019CDD,1,7,01 00 00 0F 03 DD 9C
2026-09-28T15:20:29.690+00:00,6119.043,RX,post,00119CDD,1,5,01 00 00 DD 9C
2026-09-28T15:20:29.694+00:00,6123.738,RX,post,000148E0,1,7,01 00 00 0F 03 E0 48
2026-09-28T15:20:29.695+00:00,6123.990,RX,post,001148E0,1,5,01 00 00 E0 48
2026-09-28T15:20:29.699+00:00,6128.742,RX,post,0001152F,1,7,01 00 00 0F 03 2F 15
2026-09-28T15:20:29.700+00:00,6128.984,RX,post,0011152F,1,5,01 00 00 2F 15
2026-09-28T15:20:29.704+00:00,6133.740,RX,post,00017E75,1,7,01 00 00 0F 03 75 7E
2026-09-28T15:20:29.705+00:00,6133.953,RX,post,00117E75,1,5,01 00 00 75 7E
2026-09-28T15:20:29.709+00:00,6138.685,RX,post,0001ECBB,1,7,01 00 00 0F 03 BB EC
2026-09-28T15:20:29.710+00:00,6138.977,RX,post,0011ECBB,1,5,01 00 00 BB EC
2026-09-28T15:20:29.714+00:00,6143.720,RX,post,000120F1,1,7,01 00 00 0F 03 F1 20
2026-09-28T15:20:29.715+00:00,6143.935,RX,post,001120F1,1,5,01 00 00 F1 20
2026-09-28T15:20:29.719+00:00,6148.664,RX,post,000137DA,1,7,01 00 00 0F 03 DA 37
2026-09-28T15:20:29.720+00:00,6148.974,RX,post,001137DA,1,5,01 00 00 DA 37
2026-09-28T15:20:29.724+00:00,6153.723,RX,post,00016B27,1,7,01 00 00 0F 03 27 6B
2026-09-28T15:20:29.725+00:00,6153.933,RX,post,00116B27,1,5,01 00 00 27 6B
2026-09-28T15:20:29.729+00:00,6158.687,RX,post,0001FECB,1,7,01 00 00 0F 03 CB FE
2026-09-28T15:20:29.730+00:00,6158.980,RX,post,0011FECB,1,5,01 00 00 CB FE
2026-09-28T15:20:29.734+00:00,6163.735,RX,post,000114F0,1,7,01 00 00 0F 03 F0 14
2026-09-28T15:20:29.735+00:00,6163.946,RX,post,001114F0,1,5,01 00 00 F0 14
2026-09-28T15:20:29.739+00:00,6168.704,RX,post,00019521,1,7,01 00 00 0F 03 21 95
2026-09-28T15:20:29.740+00:00,6168.948,RX,post,00119521,1,5,01 00 00 21 95
2026-09-28T15:20:29.744+00:00,6173.812,RX,post,0001BE1C,1,7,01 00 00 0F 03 1C BE
2026-09-28T15:20:29.745+00:00,6174.026,RX,post,0011BE1C,1,5,01 00 00 1C BE
2026-09-28T15:20:29.749+00:00,6178.888,RX,post,000178C9,1,7,01 00 00 0F 03 C9 78
2026-09-28T15:20:29.750+00:00,6178.987,RX,post,001178C9,1,5,01 00 00 C9 78
2026-09-28T15:20:29.754+00:00,6183.859,RX,post,00012CD1,1,7,01 00 00 0F 03 D1 2C
2026-09-28T15:20:29.755+00:00,6183.935,RX,post,00112CD1,1,5,01 00 00 D1 2C
2026-09-28T15:20:29.759+00:00,6188.788,RX,post,00010BC4,1,7,01 00 00 0F 03 C4 0B
2026-09-28T15:20:29.760+00:00,6188.901,RX,post,00110BC4,1,5,01 00 00 C4 0B
2026-09-28T15:20:29.764+00:00,6193.721,RX,post,00019BFE,1,7,01 00 00 0F 03 FE 9B
2026-09-28T15:20:29.765+00:00,6193.987,RX,post,00119BFE,1,5,01 00 00 FE 9B
2026-09-28T15:20:29.769+00:00,6198.709,RX,post,00013B43,1,7,01 00 00 0F 03 43 3B
2026-09-28T15:20:29.770+00:00,6198.934,RX,post,00113B43,1,5,01 00 00 43 3B
2026-09-28T15:20:29.774+00:00,6203.656,RX,post,0001E542,1,7,01 00 00 0F 03 42 E5
2026-09-28T15:20:29.775+00:00,6203.923,RX,post,0011E542,1,5,01 00 00 42 E5
2026-09-28T15:20:29.779+00:00,6208.725,RX,post,000134BE,1,7,01 00 00 0F 03 BE 34
2026-09-28T15:20:29.780+00:00,6208.931,RX,post,001134BE,1,5,01 00 00 BE 34
2026-09-28T15:20:29.784+00:00,6213.712,RX,post,0001567C,1,7,01 00 00 0F 03 7C 56
2026-09-28T15:20:29.785+00:00,6213.941,RX,post,0011567C,1,5,01 00 00 7C 56
2026-09-28T15:20:29.789+00:00,6218.659,RX,post,00014D4F,1,7,01 00 00 0F 03 4F 4D
2026-09-28T15:20:29.790+00:00,6218.941,RX,post,00114D4F,1,5,01 00 00 4F 4D
2026-09-28T15:20:29.794+00:00,6223.740,RX,post,000165E7,1,7,01 00 00 0F 03 E7 65
2026-09-28T15:20:29.795+00:00,6224.033,RX,post,001165E7,1,5,01 00 00 E7 65
2026-09-28T15:20:29.799+00:00,6228.678,RX,post,0001194F,1,7,01 00 00 0F 03 4F 19
2026-09-28T15:20:29.800+00:00,6229.025,RX,post,0011194F,1,5,01 00 00 4F 19
2026-09-28T15:20:29.804+00:00,6233.652,RX,post,00014466,1,7,01 00 00 0F 03 66 44
2026-09-28T15:20:29.805+00:00,6233.979,RX,post,00114466,1,5,01 00 00 66 44
2026-09-28T15:20:29.809+00:00,6238.664,RX,post,00011201,1,7,01 00 00 0F 03 01 12
2026-09-28T15:20:29.810+00:00,6239.039,RX,post,00111201,1,5,01 00 00 01 12
2026-09-28T15:20:29.814+00:00,6243.667,RX,post,0001DC68,1,7,01 00 00 0F 03 68 DC
2026-09-28T15:20:29.815+00:00,6244.054,RX,post,0011DC68,1,5,01 00 00 68 DC
2026-09-28T15:20:29.819+00:00,6248.701,RX,post,0001ACD7,1,7,01 00 00 0F 03 D7 AC
2026-09-28T15:20:29.820+00:00,6249.034,RX,post,0011ACD7,1,5,01 00 00 D7 AC
2026-09-28T15:20:29.824+00:00,6253.667,RX,post,00019097,1,7,01 00 00 0F 03 97 90
2026-09-28T15:20:29.825+00:00,6254.027,RX,post,00119097,1,5,01 00 00 97 90
2026-09-28T15:20:29.829+00:00,6258.668,RX,post,00013F99,1,7,01 00 00 0F 03 99 3F
2026-09-28T15:20:29.830+00:00,6259.062,RX,post,00113F99,1,5,01 00 00 99 3F
2026-09-28T15:20:29.834+00:00,6263.665,RX,post,0001D82B,1,7,01 00 00 0F 03 2B D8
2026-09-28T15:20:29.835+00:00,6264.049,RX,post,0011D82B,1,5,01 00 00 2B D8
2026-09-28T15:20:29.839+00:00,6268.670,RX,post,00017268,1,7,01 00 00 0F 03 68 72
2026-09-28T15:20:29.840+00:00,6269.044,RX,post,00117268,1,5,01 00 00 68 72
2026-09-28T15:20:29.845+00:00,6273.957,RX,post,0001F395,1,7,01 00 00 0F 03 95 F3
2026-09-28T15:20:29.845+00:00,6274.020,RX,post,0011F395,1,5,01 00 00 95 F3
2026-09-28T15:20:29.850+00:00,6279.004,RX,post,0001F47E,1,7,01 00 00 0F 03 7E F4
2026-09-28T15:20:29.850+00:00,6279.068,RX,post,0011F47E,1,5,01 00 00 7E F4
2026-09-28T15:20:29.855+00:00,6284.215,RX,post,000186E0,1,7,01 00 00 0F 03 E0 86
2026-09-28T15:20:29.855+00:00,6284.324,RX,post,001186E0,1,5,01 00 00 E0 86
2026-09-28T15:20:29.860+00:00,6288.946,RX,post,0001F219,1,7,01 00 00 0F 03 19 F2
2026-09-28T15:20:29.860+00:00,6289.038,RX,post,0011F219,1,5,01 00 00 19 F2
2026-09-28T15:20:29.865+00:00,6294.058,RX,post,0001A3F9,1,7,01 00 00 0F 03 F9 A3
2026-09-28T15:20:29.865+00:00,6294.153,RX,post,0011A3F9,1,5,01 00 00 F9 A3
2026-09-28T15:20:29.870+00:00,6299.042,RX,post,0001D9EE,1,7,01 00 00 0F 03 EE D9
2026-09-28T15:20:29.870+00:00,6299.128,RX,post,0011D9EE,1,5,01 00 00 EE D9
2026-09-28T15:20:29.874+00:00,6303.886,RX,post,000109C1,1,7,01 00 00 0F 03 C1 09
2026-09-28T15:20:29.875+00:00,6304.068,RX,post,001109C1,1,5,01 00 00 C1 09
2026-09-28T15:20:29.879+00:00,6308.674,RX,post,00015E1B,1,7,01 00 00 0F 03 1B 5E
2026-09-28T15:20:29.880+00:00,6308.956,RX,post,00115E1B,1,5,01 00 00 1B 5E
2026-09-28T15:20:29.884+00:00,6313.798,RX,post,0001098F,1,7,01 00 00 0F 03 8F 09
2026-09-28T15:20:29.885+00:00,6313.920,RX,post,0011098F,1,5,01 00 00 8F 09
2026-09-28T15:20:29.889+00:00,6318.726,RX,post,00010872,1,7,01 00 00 0F 03 72 08
2026-09-28T15:20:29.890+00:00,6318.901,RX,post,00110872,1,5,01 00 00 72 08
2026-09-28T15:20:29.894+00:00,6323.638,RX,post,0001D795,1,7,01 00 00 0F 03 95 D7
2026-09-28T15:20:29.895+00:00,6323.996,RX,post,0011D795,1,5,01 00 00 95 D7
2026-09-28T15:20:29.900+00:00,6328.908,RX,post,00011B8D,1,7,01 00 00 0F 03 8D 1B
2026-09-28T15:20:29.900+00:00,6329.011,RX,post,00111B8D,1,5,01 00 00 8D 1B
2026-09-28T15:20:29.905+00:00,6333.920,RX,post,0001AF3C,1,7,01 00 00 0F 03 3C AF
2026-09-28T15:20:29.905+00:00,6333.986,RX,post,0011AF3C,1,5,01 00 00 3C AF
2026-09-28T15:20:29.910+00:00,6338.917,RX,post,00014E12,1,7,01 00 00 0F 03 12 4E
2026-09-28T15:20:29.910+00:00,6339.018,RX,post,00114E12,1,5,01 00 00 12 4E
2026-09-28T15:20:29.914+00:00,6343.851,RX,post,0001EF78,1,7,01 00 00 0F 03 78 EF
2026-09-28T15:20:29.915+00:00,6343.931,RX,post,0011EF78,1,5,01 00 00 78 EF
2026-09-28T15:20:29.920+00:00,6348.933,RX,post,00014F0E,1,7,01 00 00 0F 03 0E 4F
2026-09-28T15:20:29.920+00:00,6349.017,RX,post,00114F0E,1,5,01 00 00 0E 4F
2026-09-28T15:20:29.925+00:00,6353.936,RX,post,0001EFA3,1,7,01 00 00 0F 03 A3 EF
2026-09-28T15:20:29.925+00:00,6354.038,RX,post,0011EFA3,1,5,01 00 00 A3 EF
2026-09-28T15:20:29.929+00:00,6358.845,RX,post,00011A4C,1,7,01 00 00 0F 03 4C 1A
2026-09-28T15:20:29.930+00:00,6358.945,RX,post,00111A4C,1,5,01 00 00 4C 1A
2026-09-28T15:20:29.935+00:00,6363.902,RX,post,0001385C,1,7,01 00 00 0F 03 5C 38
2026-09-28T15:20:29.935+00:00,6363.966,RX,post,0011385C,1,5,01 00 00 5C 38
2026-09-28T15:20:29.940+00:00,6368.955,RX,post,00017116,1,7,01 00 00 0F 03 16 71
2026-09-28T15:20:29.940+00:00,6369.037,RX,post,00117116,1,5,01 00 00 16 71
2026-09-28T15:20:29.944+00:00,6373.729,RX,post,0001D086,1,7,01 00 00 0F 03 86 D0
2026-09-28T15:20:29.945+00:00,6374.012,RX,post,0011D086,1,5,01 00 00 86 D0
2026-09-28T15:20:29.950+00:00,6379.221,RX,post,00018FC4,1,7,01 00 00 0F 03 C4 8F
2026-09-28T15:20:29.950+00:00,6379.322,RX,post,00118FC4,1,5,01 00 00 C4 8F
2026-09-28T15:20:29.955+00:00,6384.041,RX,post,0001E14E,1,7,01 00 00 0F 03 4E E1
2026-09-28T15:20:29.955+00:00,6384.107,RX,post,0011E14E,1,5,01 00 00 4E E1
2026-09-28T15:20:29.960+00:00,6389.200,RX,post,0001E604,1,7,01 00 00 0F 03 04 E6
2026-09-28T15:20:29.960+00:00,6389.280,RX,post,0011E604,1,5,01 00 00 04 E6
2026-09-28T15:20:29.965+00:00,6393.931,RX,post,0001E8EC,1,7,01 00 00 0F 03 EC E8
2026-09-28T15:20:29.965+00:00,6394.055,RX,post,0011E8EC,1,5,01 00 00 EC E8
2026-09-28T15:20:29.970+00:00,6399.209,RX,post,0001A7BB,1,7,01 00 00 0F 03 BB A7
2026-09-28T15:20:29.970+00:00,6399.307,RX,post,0011A7BB,1,5,01 00 00 BB A7
2026-09-28T15:20:29.975+00:00,6404.207,RX,post,00018E78,1,7,01 00 00 0F 03 78 8E
2026-09-28T15:20:29.975+00:00,6404.302,RX,post,00118E78,1,5,01 00 00 78 8E
2026-09-28T15:20:29.980+00:00,6409.316,RX,post,000179F6,1,7,01 00 00 0F 03 F6 79
2026-09-28T15:20:29.980+00:00,6409.418,RX,post,001179F6,1,5,01 00 00 F6 79
2026-09-28T15:20:29.985+00:00,6414.426,RX,post,00010E06,1,7,01 00 00 0F 03 06 0E
2026-09-28T15:20:29.985+00:00,6414.508,RX,post,00110E06,1,5,01 00 00 06 0E
2026-09-28T15:20:29.989+00:00,6418.700,RX,post,00012F40,1,7,01 00 00 0F 03 40 2F
2026-09-28T15:20:29.990+00:00,6418.979,RX,post,00112F40,1,5,01 00 00 40 2F
2026-09-28T15:20:29.994+00:00,6423.636,RX,post,0001BEEA,1,7,01 00 00 0F 03 EA BE
2026-09-28T15:20:29.995+00:00,6423.934,RX,post,0011BEEA,1,5,01 00 00 EA BE
2026-09-28T15:20:30.000+00:00,6428.923,RX,post,0001FC5B,1,7,01 00 00 0F 03 5B FC
2026-09-28T15:20:30.000+00:00,6429.001,RX,post,0011FC5B,1,5,01 00 00 5B FC
2026-09-28T15:20:30.005+00:00,6433.998,RX,post,00013ED1,1,7,01 00 00 0F 03 D1 3E
2026-09-28T15:20:30.005+00:00,6434.099,RX,post,00113ED1,1,5,01 00 00 D1 3E
2026-09-28T15:20:30.010+00:00,6438.946,RX,post,0001E228,1,7,01 00 00 0F 03 28 E2
2026-09-28T15:20:30.010+00:00,6439.039,RX,post,0011E228,1,5,01 00 00 28 E2
2026-09-28T15:20:30.014+00:00,6443.793,RX,post,00011B17,1,7,01 00 00 0F 03 17 1B
2026-09-28T15:20:30.014+00:00,6443.878,RX,post,00111B17,1,5,01 00 00 17 1B
2026-09-28T15:20:30.020+00:00,6448.908,RX,post,0001DB49,1,7,01 00 00 0F 03 49 DB
2026-09-28T15:20:30.020+00:00,6448.990,RX,post,0011DB49,1,5,01 00 00 49 DB
2026-09-28T15:20:30.024+00:00,6453.733,RX,post,00015E7B,1,7,01 00 00 0F 03 7B 5E
2026-09-28T15:20:30.025+00:00,6453.942,RX,post,00115E7B,1,5,01 00 00 7B 5E
2026-09-28T15:20:30.029+00:00,6458.769,RX,post,000177BF,1,7,01 00 00 0F 03 BF 77
2026-09-28T15:20:30.030+00:00,6458.973,RX,post,001177BF,1,5,01 00 00 BF 77
2026-09-28T15:20:30.034+00:00,6463.706,RX,post,0001BC20,1,7,01 00 00 0F 03 20 BC
2026-09-28T15:20:30.035+00:00,6463.930,RX,post,0011BC20,1,5,01 00 00 20 BC
2026-09-28T15:20:30.039+00:00,6468.772,RX,post,0001968F,1,7,01 00 00 0F 03 8F 96
2026-09-28T15:20:30.039+00:00,6468.835,RX,post,0011968F,1,5,01 00 00 8F 96
2026-09-28T15:20:30.044+00:00,6473.706,RX,post,00011985,1,7,01 00 00 0F 03 85 19
2026-09-28T15:20:30.045+00:00,6473.932,RX,post,00111985,1,5,01 00 00 85 19
2026-09-28T15:20:30.049+00:00,6478.636,RX,post,0001AD3A,1,7,01 00 00 0F 03 3A AD
2026-09-28T15:20:30.050+00:00,6478.926,RX,post,0011AD3A,1,5,01 00 00 3A AD
2026-09-28T15:20:30.054+00:00,6483.651,RX,post,000197D3,1,7,01 00 00 0F 03 D3 97
2026-09-28T15:20:30.055+00:00,6483.928,RX,post,001197D3,1,5,01 00 00 D3 97
2026-09-28T15:20:30.059+00:00,6488.747,RX,post,00016E88,1,7,01 00 00 0F 03 88 6E
2026-09-28T15:20:30.060+00:00,6488.941,RX,post,00116E88,1,5,01 00 00 88 6E
2026-09-28T15:20:30.064+00:00,6493.746,RX,post,0001A1AD,1,7,01 00 00 0F 03 AD A1
2026-09-28T15:20:30.064+00:00,6493.846,RX,post,0011A1AD,1,5,01 00 00 AD A1
2026-09-28T15:20:30.069+00:00,6498.811,RX,post,00015DF2,1,7,01 00 00 0F 03 F2 5D
2026-09-28T15:20:30.069+00:00,6498.884,RX,post,00115DF2,1,5,01 00 00 F2 5D
2026-09-28T15:20:30.074+00:00,6503.760,RX,post,00019D71,1,7,01 00 00 0F 03 71 9D
2026-09-28T15:20:30.074+00:00,6503.816,RX,post,00119D71,1,5,01 00 00 71 9D
2026-09-28T15:20:30.080+00:00,6508.935,RX,post,0001E6B4,1,7,01 00 00 0F 03 B4 E6
2026-09-28T15:20:30.080+00:00,6508.991,RX,post,0011E6B4,1,5,01 00 00 B4 E6
2026-09-28T15:20:30.084+00:00,6513.735,RX,post,00019488,1,7,01 00 00 0F 03 88 94
2026-09-28T15:20:30.085+00:00,6513.939,RX,post,00119488,1,5,01 00 00 88 94
2026-09-28T15:20:30.089+00:00,6518.747,RX,post,00019551,1,7,01 00 00 0F 03 51 95
2026-09-28T15:20:30.090+00:00,6518.891,RX,post,00119551,1,5,01 00 00 51 95
2026-09-28T15:20:30.094+00:00,6523.614,RX,post,00013732,1,7,01 00 00 0F 03 32 37
2026-09-28T15:20:30.095+00:00,6523.925,RX,post,00113732,1,5,01 00 00 32 37
2026-09-28T15:20:30.099+00:00,6528.648,RX,post,00014808,1,7,01 00 00 0F 03 08 48
2026-09-28T15:20:30.100+00:00,6528.924,RX,post,00114808,1,5,01 00 00 08 48
2026-09-28T15:20:30.104+00:00,6533.608,RX,post,0001B4F1,1,7,01 00 00 0F 03 F1 B4
2026-09-28T15:20:30.105+00:00,6533.928,RX,post,0011B4F1,1,5,01 00 00 F1 B4
2026-09-28T15:20:30.109+00:00,6538.606,RX,post,0001928A,1,7,01 00 00 0F 03 8A 92
2026-09-28T15:20:30.110+00:00,6538.928,RX,post,0011928A,1,5,01 00 00 8A 92
2026-09-28T15:20:30.114+00:00,6543.616,RX,post,00017488,1,7,01 00 00 0F 03 88 74
2026-09-28T15:20:30.115+00:00,6543.925,RX,post,00117488,1,5,01 00 00 88 74
2026-09-28T15:20:30.119+00:00,6548.663,RX,post,000152FF,1,7,01 00 00 0F 03 FF 52
2026-09-28T15:20:30.120+00:00,6548.929,RX,post,001152FF,1,5,01 00 00 FF 52
2026-09-28T15:20:30.124+00:00,6553.602,RX,post,0001CB25,1,7,01 00 00 0F 03 25 CB
2026-09-28T15:20:30.125+00:00,6553.920,RX,post,0011CB25,1,5,01 00 00 25 CB
2026-09-28T15:20:30.129+00:00,6558.625,RX,post,0001E20C,1,7,01 00 00 0F 03 0C E2
2026-09-28T15:20:30.129+00:00,6558.849,RX,post,0011E20C,1,5,01 00 00 0C E2
2026-09-28T15:20:30.134+00:00,6563.730,RX,post,00018926,1,7,01 00 00 0F 03 26 89
2026-09-28T15:20:30.135+00:00,6563.954,RX,post,00118926,1,5,01 00 00 26 89
2026-09-28T15:20:30.139+00:00,6568.607,RX,post,0001A178,1,7,01 00 00 0F 03 78 A1
2026-09-28T15:20:30.140+00:00,6568.928,RX,post,0011A178,1,5,01 00 00 78 A1
2026-09-28T15:20:30.144+00:00,6573.740,RX,post,000163A9,1,7,01 00 00 0F 03 A9 63
2026-09-28T15:20:30.144+00:00,6573.824,RX,post,001163A9,1,5,01 00 00 A9 63
2026-09-28T15:20:30.149+00:00,6578.832,RX,post,000168B3,1,7,01 00 00 0F 03 B3 68
2026-09-28T15:20:30.150+00:00,6578.920,RX,post,001168B3,1,5,01 00 00 B3 68
2026-09-28T15:20:30.154+00:00,6583.761,RX,post,0001E0BF,1,7,01 00 00 0F 03 BF E0
2026-09-28T15:20:30.155+00:00,6583.894,RX,post,0011E0BF,1,5,01 00 00 BF E0
2026-09-28T15:20:30.159+00:00,6588.726,RX,post,00016C3E,1,7,01 00 00 0F 03 3E 6C
2026-09-28T15:20:30.159+00:00,6588.810,RX,post,00116C3E,1,5,01 00 00 3E 6C
2026-09-28T15:20:30.164+00:00,6593.784,RX,post,0001ACF2,1,7,01 00 00 0F 03 F2 AC
2026-09-28T15:20:30.164+00:00,6593.840,RX,post,0011ACF2,1,5,01 00 00 F2 AC
2026-09-28T15:20:30.169+00:00,6598.706,RX,post,00017CC3,1,7,01 00 00 0F 03 C3 7C
2026-09-28T15:20:30.170+00:00,6598.932,RX,post,00117CC3,1,5,01 00 00 C3 7C
2026-09-28T15:20:30.174+00:00,6603.674,RX,post,0001A38D,1,7,01 00 00 0F 03 8D A3
2026-09-28T15:20:30.174+00:00,6603.773,RX,post,0011A38D,1,5,01 00 00 8D A3
2026-09-28T15:20:30.179+00:00,6608.668,RX,post,0001E866,1,7,01 00 00 0F 03 66 E8
2026-09-28T15:20:30.180+00:00,6608.887,RX,post,0011E866,1,5,01 00 00 66 E8
2026-09-28T15:20:30.184+00:00,6613.668,RX,post,000157C2,1,7,01 00 00 0F 03 C2 57
2026-09-28T15:20:30.185+00:00,6613.993,RX,post,001157C2,1,5,01 00 00 C2 57
2026-09-28T15:20:30.189+00:00,6618.710,RX,post,0001E895,1,7,01 00 00 0F 03 95 E8
2026-09-28T15:20:30.190+00:00,6618.927,RX,post,0011E895,1,5,01 00 00 95 E8
2026-09-28T15:20:30.194+00:00,6623.734,RX,post,0001DF98,1,7,01 00 00 0F 03 98 DF
2026-09-28T15:20:30.195+00:00,6623.959,RX,post,0011DF98,1,5,01 00 00 98 DF
2026-09-28T15:20:30.199+00:00,6628.835,RX,post,0001FC5C,1,7,01 00 00 0F 03 5C FC
2026-09-28T15:20:30.200+00:00,6628.891,RX,post,0011FC5C,1,5,01 00 00 5C FC
2026-09-28T15:20:30.204+00:00,6633.701,RX,post,00013253,1,7,01 00 00 0F 03 53 32
2026-09-28T15:20:30.205+00:00,6633.931,RX,post,00113253,1,5,01 00 00 53 32
2026-09-28T15:20:30.209+00:00,6638.763,RX,post,00010B0D,1,7,01 00 00 0F 03 0D 0B
2026-09-28T15:20:30.209+00:00,6638.854,RX,post,00110B0D,1,5,01 00 00 0D 0B
2026-09-28T15:20:30.214+00:00,6643.701,RX,post,0001FAB2,1,7,01 00 00 0F 03 B2 FA
2026-09-28T15:20:30.214+00:00,6643.787,RX,post,0011FAB2,1,5,01 00 00 B2 FA
2026-09-28T15:20:30.219+00:00,6648.784,RX,post,0001B8BA,1,7,01 00 00 0F 03 BA B8
2026-09-28T15:20:30.219+00:00,6648.854,RX,post,0011B8BA,1,5,01 00 00 BA B8
2026-09-28T15:20:30.224+00:00,6653.708,RX,post,00013A35,1,7,01 00 00 0F 03 35 3A
2026-09-28T15:20:30.224+00:00,6653.796,RX,post,00113A35,1,5,01 00 00 35 3A
2026-09-28T15:20:30.229+00:00,6658.755,RX,post,0001CDD2,1,7,01 00 00 0F 03 D2 CD
2026-09-28T15:20:30.230+00:00,6658.912,RX,post,0011CDD2,1,5,01 00 00 D2 CD
2026-09-28T15:20:30.234+00:00,6663.765,RX,post,0001E144,1,7,01 00 00 0F 03 44 E1
2026-09-28T15:20:30.234+00:00,6663.837,RX,post,0011E144,1,5,01 00 00 44 E1
2026-09-28T15:20:30.239+00:00,6668.755,RX,post,0001F4DE,1,7,01 00 00 0F 03 DE F4
2026-09-28T15:20:30.239+00:00,6668.812,RX,post,0011F4DE,1,5,01 00 00 DE F4
2026-09-28T15:20:30.244+00:00,6673.763,RX,post,000134F6,1,7,01 00 00 0F 03 F6 34
2026-09-28T15:20:30.244+00:00,6673.881,RX,post,001134F6,1,5,01 00 00 F6 34
2026-09-28T15:20:30.249+00:00,6678.602,RX,post,0001D53B,1,7,01 00 00 0F 03 3B D5
2026-09-28T15:20:30.249+00:00,6678.812,RX,post,0011D53B,1,5,01 00 00 3B D5
2026-09-28T15:20:30.254+00:00,6683.736,RX,post,000175CB,1,7,01 00 00 0F 03 CB 75
2026-09-28T15:20:30.254+00:00,6683.802,RX,post,001175CB,1,5,01 00 00 CB 75
2026-09-28T15:20:30.259+00:00,6688.667,RX,post,0001DF3A,1,7,01 00 00 0F 03 3A DF
2026-09-28T15:20:30.259+00:00,6688.755,RX,post,0011DF3A,1,5,01 00 00 3A DF
2026-09-28T15:20:30.264+00:00,6693.609,RX,post,0001A786,1,7,01 00 00 0F 03 86 A7
2026-09-28T15:20:30.265+00:00,6693.929,RX,post,0011A786,1,5,01 00 00 86 A7
2026-09-28T15:20:30.269+00:00,6698.710,RX,post,00017E0A,1,7,01 00 00 0F 03 0A 7E
2026-09-28T15:20:30.270+00:00,6698.966,RX,post,00117E0A,1,5,01 00 00 0A 7E
2026-09-28T15:20:30.274+00:00,6703.604,RX,post,0001C91F,1,7,01 00 00 0F 03 1F C9
2026-09-28T15:20:30.274+00:00,6703.848,RX,post,0011C91F,1,5,01 00 00 1F C9
2026-09-28T15:20:30.279+00:00,6708.633,RX,post,00017969,1,7,01 00 00 0F 03 69 79
2026-09-28T15:20:30.279+00:00,6708.860,RX,post,00117969,1,5,01 00 00 69 79
2026-09-28T15:20:30.284+00:00,6713.639,RX,post,00018458,1,7,01 00 00 0F 03 58 84
2026-09-28T15:20:30.284+00:00,6713.857,RX,post,00118458,1,5,01 00 00 58 84
2026-09-28T15:20:30.289+00:00,6718.735,RX,post,0001E4DB,1,7,01 00 00 0F 03 DB E4
2026-09-28T15:20:30.289+00:00,6718.801,RX,post,0011E4DB,1,5,01 00 00 DB E4
2026-09-28T15:20:30.294+00:00,6723.553,RX,post,00017779,1,7,01 00 00 0F 03 79 77
2026-09-28T15:20:30.295+00:00,6723.968,RX,post,00117779,1,5,01 00 00 79 77
2026-09-28T15:20:30.300+00:00,6729.216,RX,post,00015005,1,7,01 00 00 0F 03 05 50
2026-09-28T15:20:30.300+00:00,6729.304,RX,post,00115005,1,5,01 00 00 05 50
2026-09-28T15:20:30.305+00:00,6734.127,RX,post,00012048,1,7,01 00 00 0F 03 48 20
2026-09-28T15:20:30.305+00:00,6734.208,RX,post,00112048,1,5,01 00 00 48 20
2026-09-28T15:20:30.310+00:00,6739.220,RX,post,0001135A,1,7,01 00 00 0F 03 5A 13
2026-09-28T15:20:30.310+00:00,6739.305,RX,post,0011135A,1,5,01 00 00 5A 13
2026-09-28T15:20:30.314+00:00,6743.729,RX,post,0001EE32,1,7,01 00 00 0F 03 32 EE
2026-09-28T15:20:30.314+00:00,6743.818,RX,post,0011EE32,1,5,01 00 00 32 EE
2026-09-28T15:20:30.320+00:00,6749.107,RX,post,0001E239,1,7,01 00 00 0F 03 39 E2
2026-09-28T15:20:30.320+00:00,6749.201,RX,post,0011E239,1,5,01 00 00 39 E2
2026-09-28T15:20:30.325+00:00,6754.060,RX,post,0001E63F,1,7,01 00 00 0F 03 3F E6
2026-09-28T15:20:30.325+00:00,6754.138,RX,post,0011E63F,1,5,01 00 00 3F E6
2026-09-28T15:20:30.330+00:00,6759.172,RX,post,0001E736,1,7,01 00 00 0F 03 36 E7
2026-09-28T15:20:30.330+00:00,6759.269,RX,post,0011E736,1,5,01 00 00 36 E7
2026-09-28T15:20:30.334+00:00,6763.853,RX,post,0001C24B,1,7,01 00 00 0F 03 4B C2
2026-09-28T15:20:30.335+00:00,6763.976,RX,post,0011C24B,1,5,01 00 00 4B C2
2026-09-28T15:20:30.339+00:00,6768.542,RX,post,00014518,1,7,01 00 00 0F 03 18 45
2026-09-28T15:20:30.340+00:00,6768.925,RX,post,00114518,1,5,01 00 00 18 45
2026-09-28T15:20:30.344+00:00,6773.592,RX,post,00012597,1,7,01 00 00 0F 03 97 25
2026-09-28T15:20:30.344+00:00,6773.847,RX,post,00112597,1,5,01 00 00 97 25
2026-09-28T15:20:30.349+00:00,6778.616,RX,post,000152D8,1,7,01 00 00 0F 03 D8 52
2026-09-28T15:20:30.349+00:00,6778.741,RX,post,001152D8,1,5,01 00 00 D8 52
2026-09-28T15:20:30.354+00:00,6783.628,RX,post,00010BB0,1,7,01 00 00 0F 03 B0 0B
2026-09-28T15:20:30.354+00:00,6783.877,RX,post,00110BB0,1,5,01 00 00 B0 0B
2026-09-28T15:20:30.359+00:00,6788.605,RX,post,0001B2AB,1,7,01 00 00 0F 03 AB B2
2026-09-28T15:20:30.359+00:00,6788.829,RX,post,0011B2AB,1,5,01 00 00 AB B2
2026-09-28T15:20:30.364+00:00,6793.601,RX,post,0001FB3E,1,7,01 00 00 0F 03 3E FB
2026-09-28T15:20:30.364+00:00,6793.785,RX,post,0011FB3E,1,5,01 00 00 3E FB
2026-09-28T15:20:30.370+00:00,6799.110,RX,post,00013FD2,1,7,01 00 00 0F 03 D2 3F
2026-09-28T15:20:30.370+00:00,6799.194,RX,post,00113FD2,1,5,01 00 00 D2 3F
2026-09-28T15:20:30.374+00:00,6803.641,RX,post,0001993B,1,7,01 00 00 0F 03 3B 99
2026-09-28T15:20:30.374+00:00,6803.726,RX,post,0011993B,1,5,01 00 00 3B 99
2026-09-28T15:20:30.380+00:00,6809.301,RX,post,000114CC,1,7,01 00 00 0F 03 CC 14
2026-09-28T15:20:30.380+00:00,6809.365,RX,post,001114CC,1,5,01 00 00 CC 14
2026-09-28T15:20:30.385+00:00,6814.083,RX,post,0001119C,1,7,01 00 00 0F 03 9C 11
2026-09-28T15:20:30.385+00:00,6814.179,RX,post,0011119C,1,5,01 00 00 9C 11
2026-09-28T15:20:30.390+00:00,6819.233,RX,post,0001B719,1,7,01 00 00 0F 03 19 B7
2026-09-28T15:20:30.390+00:00,6819.323,RX,post,0011B719,1,5,01 00 00 19 B7
2026-09-28T15:20:30.394+00:00,6823.662,RX,post,00015979,1,7,01 00 00 0F 03 79 59
2026-09-28T15:20:30.394+00:00,6823.748,RX,post,00115979,1,5,01 00 00 79 59
2026-09-28T15:20:30.399+00:00,6828.636,RX,post,00019BB4,1,7,01 00 00 0F 03 B4 9B
2026-09-28T15:20:30.399+00:00,6828.723,RX,post,00119BB4,1,5,01 00 00 B4 9B
2026-09-28T15:20:30.404+00:00,6833.613,RX,post,00016B35,1,7,01 00 00 0F 03 35 6B
2026-09-28T15:20:30.404+00:00,6833.759,RX,post,00116B35,1,5,01 00 00 35 6B
2026-09-28T15:20:30.410+00:00,6839.184,RX,post,0001F6F1,1,7,01 00 00 0F 03 F1 F6
2026-09-28T15:20:30.410+00:00,6839.270,RX,post,0011F6F1,1,5,01 00 00 F1 F6
2026-09-28T15:20:30.414+00:00,6843.622,RX,post,00019C2F,1,7,01 00 00 0F 03 2F 9C
2026-09-28T15:20:30.414+00:00,6843.790,RX,post,00119C2F,1,5,01 00 00 2F 9C
2026-09-28T15:20:30.419+00:00,6848.648,RX,post,00014855,1,7,01 00 00 0F 03 55 48
2026-09-28T15:20:30.419+00:00,6848.736,RX,post,00114855,1,5,01 00 00 55 48
2026-09-28T15:20:30.424+00:00,6853.615,RX,post,00013C0D,1,7,01 00 00 0F 03 0D 3C
2026-09-28T15:20:30.424+00:00,6853.760,RX,post,00113C0D,1,5,01 00 00 0D 3C
2026-09-28T15:20:30.430+00:00,6859.176,RX,post,00016AAB,1,7,01 00 00 0F 03 AB 6A
2026-09-28T15:20:30.430+00:00,6859.279,RX,post,00116AAB,1,5,01 00 00 AB 6A
2026-09-28T15:20:30.435+00:00,6864.159,RX,post,0001749A,1,7,01 00 00 0F 03 9A 74
2026-09-28T15:20:30.435+00:00,6864.271,RX,post,0011749A,1,5,01 00 00 9A 74
2026-09-28T15:20:30.439+00:00,6868.640,RX,post,00018668,1,7,01 00 00 0F 03 68 86
2026-09-28T15:20:30.439+00:00,6868.725,RX,post,00118668,1,5,01 00 00 68 86
2026-09-28T15:20:30.444+00:00,6873.661,RX,post,0001C1CE,1,7,01 00 00 0F 03 CE C1
2026-09-28T15:20:30.444+00:00,6873.747,RX,post,0011C1CE,1,5,01 00 00 CE C1
2026-09-28T15:20:30.450+00:00,6879.059,RX,post,0001D011,1,7,01 00 00 0F 03 11 D0
2026-09-28T15:20:30.450+00:00,6879.139,RX,post,0011D011,1,5,01 00 00 11 D0
2026-09-28T15:20:30.455+00:00,6884.142,RX,post,0001F079,1,7,01 00 00 0F 03 79 F0
2026-09-28T15:20:30.455+00:00,6884.231,RX,post,0011F079,1,5,01 00 00 79 F0
2026-09-28T15:20:30.460+00:00,6889.143,RX,post,0001A244,1,7,01 00 00 0F 03 44 A2
2026-09-28T15:20:30.460+00:00,6889.230,RX,post,0011A244,1,5,01 00 00 44 A2
2026-09-28T15:20:30.465+00:00,6894.049,RX,post,0001F6AB,1,7,01 00 00 0F 03 AB F6
2026-09-28T15:20:30.465+00:00,6894.132,RX,post,0011F6AB,1,5,01 00 00 AB F6
2026-09-28T15:20:30.470+00:00,6898.947,RX,post,0001469B,1,7,01 00 00 0F 03 9B 46
2026-09-28T15:20:30.470+00:00,6899.031,RX,post,0011469B,1,5,01 00 00 9B 46
2026-09-28T15:20:30.475+00:00,6903.927,RX,post,00017BCB,1,7,01 00 00 0F 03 CB 7B
2026-09-28T15:20:30.475+00:00,6903.992,RX,post,00117BCB,1,5,01 00 00 CB 7B
2026-09-28T15:20:30.480+00:00,6909.029,RX,post,00018274,1,7,01 00 00 0F 03 74 82
2026-09-28T15:20:30.480+00:00,6909.094,RX,post,00118274,1,5,01 00 00 74 82
2026-09-28T15:20:30.484+00:00,6913.765,RX,post,00017F01,1,7,01 00 00 0F 03 01 7F
2026-09-28T15:20:30.484+00:00,6913.829,RX,post,00117F01,1,5,01 00 00 01 7F
2026-09-28T15:20:30.489+00:00,6918.698,RX,post,0001406A,1,7,01 00 00 0F 03 6A 40
2026-09-28T15:20:30.489+00:00,6918.762,RX,post,0011406A,1,5,01 00 00 6A 40
2026-09-28T15:20:30.494+00:00,6923.533,RX,post,00011D57,1,7,01 00 00 0F 03 57 1D
2026-09-28T15:20:30.494+00:00,6923.778,RX,post,00111D57,1,5,01 00 00 57 1D
2026-09-28T15:20:30.499+00:00,6928.598,RX,post,00010D06,1,7,01 00 00 0F 03 06 0D
2026-09-28T15:20:30.499+00:00,6928.806,RX,post,00110D06,1,5,01 00 00 06 0D
2026-09-28T15:20:30.504+00:00,6933.613,RX,post,00016DC2,1,7,01 00 00 0F 03 C2 6D
2026-09-28T15:20:30.504+00:00,6933.824,RX,post,00116DC2,1,5,01 00 00 C2 6D
2026-09-28T15:20:30.509+00:00,6938.556,RX,post,0001CCF1,1,7,01 00 00 0F 03 F1 CC
2026-09-28T15:20:30.509+00:00,6938.798,RX,post,0011CCF1,1,5,01 00 00 F1 CC
2026-09-28T15:20:30.514+00:00,6943.621,RX,post,0001E3F0,1,7,01 00 00 0F 03 F0 E3
2026-09-28T15:20:30.514+00:00,6943.831,RX,post,0011E3F0,1,5,01 00 00 F0 E3
2026-09-28T15:20:30.519+00:00,6948.734,RX,post,0001D4A4,1,7,01 00 00 0F 03 A4 D4
2026-09-28T15:20:30.519+00:00,6948.789,RX,post,0011D4A4,1,5,01 00 00 A4 D4
2026-09-28T15:20:30.524+00:00,6953.581,RX,post,00011391,1,7,01 00 00 0F 03 91 13
2026-09-28T15:20:30.524+00:00,6953.825,RX,post,00111391,1,5,01 00 00 91 13
2026-09-28T15:20:30.529+00:00,6958.734,RX,post,00016972,1,7,01 00 00 0F 03 72 69
2026-09-28T15:20:30.529+00:00,6958.818,RX,post,00116972,1,5,01 00 00 72 69
2026-09-28T15:20:30.534+00:00,6963.554,RX,post,00011874,1,7,01 00 00 0F 03 74 18
2026-09-28T15:20:30.534+00:00,6963.800,RX,post,00111874,1,5,01 00 00 74 18
2026-09-28T15:20:30.539+00:00,6968.736,RX,post,0001A164,1,7,01 00 00 0F 03 64 A1
2026-09-28T15:20:30.539+00:00,6968.792,RX,post,0011A164,1,5,01 00 00 64 A1
2026-09-28T15:20:30.544+00:00,6973.722,RX,post,0001C8AC,1,7,01 00 00 0F 03 AC C8
2026-09-28T15:20:30.544+00:00,6973.777,RX,post,0011C8AC,1,5,01 00 00 AC C8
2026-09-28T15:20:30.549+00:00,6978.738,RX,post,00013F2F,1,7,01 00 00 0F 03 2F 3F
2026-09-28T15:20:30.549+00:00,6978.830,RX,post,00113F2F,1,5,01 00 00 2F 3F
2026-09-28T15:20:30.554+00:00,6983.779,RX,post,0001A498,1,7,01 00 00 0F 03 98 A4
2026-09-28T15:20:30.554+00:00,6983.866,RX,post,0011A498,1,5,01 00 00 98 A4
2026-09-28T15:20:30.559+00:00,6988.701,RX,post,0001F95E,1,7,01 00 00 0F 03 5E F9
2026-09-28T15:20:30.559+00:00,6988.786,RX,post,0011F95E,1,5,01 00 00 5E F9
2026-09-28T15:20:30.564+00:00,6993.732,RX,post,0001D58C,1,7,01 00 00 0F 03 8C D5
2026-09-28T15:20:30.564+00:00,6993.789,RX,post,0011D58C,1,5,01 00 00 8C D5
2026-09-28T15:20:30.569+00:00,6998.734,RX,post,0001175C,1,7,01 00 00 0F 03 5C 17
2026-09-28T15:20:30.569+00:00,6998.869,RX,post,0011175C,1,5,01 00 00 5C 17
