utc,relative_ms,direction,phase,can_id_hex,extended,dlc,data_hex
2026-09-28T15:22:06.116+00:00,1.313,RX,baseline,0001C678,1,7,01 00 00 0F 03 78 C6
2026-09-28T15:22:06.116+00:00,1.391,RX,baseline,0011C678,1,5,01 00 00 78 C6
2026-09-28T15:22:06.120+00:00,5.275,RX,baseline,00016638,1,7,01 00 00 0F 03 38 66
2026-09-28T15:22:06.120+00:00,5.351,RX,baseline,00116638,1,5,01 00 00 38 66
2026-09-28T15:22:06.125+00:00,10.310,RX,baseline,00013E27,1,7,01 00 00 0F 03 27 3E
2026-09-28T15:22:06.125+00:00,10.386,RX,baseline,00113E27,1,5,01 00 00 27 3E
2026-09-28T15:22:06.130+00:00,15.313,RX,baseline,00012327,1,7,01 00 00 0F 03 27 23
2026-09-28T15:22:06.130+00:00,15.399,RX,baseline,00112327,1,5,01 00 00 27 23
2026-09-28T15:22:06.135+00:00,20.329,RX,baseline,000112A7,1,7,01 00 00 0F 03 A7 12
2026-09-28T15:22:06.135+00:00,20.411,RX,baseline,001112A7,1,5,01 00 00 A7 12
2026-09-28T15:22:06.140+00:00,25.278,RX,baseline,00011092,1,7,01 00 00 0F 03 92 10
2026-09-28T15:22:06.140+00:00,25.350,RX,baseline,00111092,1,5,01 00 00 92 10
2026-09-28T15:22:06.145+00:00,30.231,RX,baseline,0001A193,1,7,01 00 00 0F 03 93 A1
2026-09-28T15:22:06.145+00:00,30.280,RX,baseline,0011A193,1,5,01 00 00 93 A1
2026-09-28T15:22:06.150+00:00,35.331,RX,baseline,0001DF8D,1,7,01 00 00 0F 03 8D DF
2026-09-28T15:22:06.150+00:00,35.418,RX,baseline,0011DF8D,1,5,01 00 00 8D DF
2026-09-28T15:22:06.155+00:00,40.304,RX,baseline,000112AE,1,7,01 00 00 0F 03 AE 12
2026-09-28T15:22:06.155+00:00,40.403,RX,baseline,001112AE,1,5,01 00 00 AE 12
2026-09-28T15:22:06.160+00:00,45.334,RX,baseline,000178C3,1,7,01 00 00 0F 03 C3 78
2026-09-28T15:22:06.160+00:00,45.420,RX,baseline,001178C3,1,5,01 00 00 C3 78
2026-09-28T15:22:06.165+00:00,50.292,RX,baseline,00018AAF,1,7,01 00 00 0F 03 AF 8A
2026-09-28T15:22:06.165+00:00,50.403,RX,baseline,00118AAF,1,5,01 00 00 AF 8A
2026-09-28T15:22:06.170+00:00,55.324,RX,baseline,00011E4C,1,7,01 00 00 0F 03 4C 1E
2026-09-28T15:22:06.170+00:00,55.405,RX,baseline,00111E4C,1,5,01 00 00 4C 1E
2026-09-28T15:22:06.175+00:00,60.103,RX,baseline,0001A6DF,1,7,01 00 00 0F 03 DF A6
2026-09-28T15:22:06.175+00:00,60.345,RX,baseline,0011A6DF,1,5,01 00 00 DF A6
2026-09-28T15:22:06.180+00:00,65.246,RX,baseline,0001A5F5,1,7,01 00 00 0F 03 F5 A5
2026-09-28T15:22:06.180+00:00,65.316,RX,baseline,0011A5F5,1,5,01 00 00 F5 A5
2026-09-28T15:22:06.185+00:00,70.192,RX,baseline,00014A92,1,7,01 00 00 0F 03 92 4A
2026-09-28T15:22:06.185+00:00,70.267,RX,baseline,00114A92,1,5,01 00 00 92 4A
2026-09-28T15:22:06.190+00:00,75.251,RX,baseline,0001F81F,1,7,01 00 00 0F 03 1F F8
2026-09-28T15:22:06.190+00:00,75.330,RX,baseline,0011F81F,1,5,01 00 00 1F F8
2026-09-28T15:22:06.195+00:00,80.249,RX,baseline,0001EC04,1,7,01 00 00 0F 04 04 EC
2026-09-28T15:22:06.195+00:00,80.305,RX,baseline,0011EC04,1,5,01 00 00 04 EC
2026-09-28T15:22:06.200+00:00,85.049,RX,baseline,00012EDD,1,7,01 00 00 0F 03 DD 2E
2026-09-28T15:22:06.200+00:00,85.294,RX,baseline,00112EDD,1,5,01 00 00 DD 2E
2026-09-28T15:22:06.205+00:00,90.070,RX,baseline,00018120,1,7,01 00 00 0F 03 20 81
2026-09-28T15:22:06.205+00:00,90.301,RX,baseline,00118120,1,5,01 00 00 20 81
2026-09-28T15:22:06.210+00:00,95.212,RX,baseline,0001D2F3,1,7,01 00 00 0F 03 F3 D2
2026-09-28T15:22:06.210+00:00,95.269,RX,baseline,0011D2F3,1,5,01 00 00 F3 D2
2026-09-28T15:22:06.215+00:00,100.018,RX,baseline,0001193D,1,7,01 00 00 0F 03 3D 19
2026-09-28T15:22:06.215+00:00,100.280,RX,baseline,0011193D,1,5,01 00 00 3D 19
2026-09-28T15:22:06.220+00:00,105.059,RX,baseline,00014BF0,1,7,01 00 00 0F 03 F0 4B
2026-09-28T15:22:06.220+00:00,105.286,RX,baseline,00114BF0,1,5,01 00 00 F0 4B
2026-09-28T15:22:06.225+00:00,110.246,RX,baseline,000167D0,1,7,01 00 00 0F 03 D0 67
2026-09-28T15:22:06.225+00:00,110.301,RX,baseline,001167D0,1,5,01 00 00 D0 67
2026-09-28T15:22:06.230+00:00,115.047,RX,baseline,0001B272,1,7,01 00 00 0F 03 72 B2
2026-09-28T15:22:06.230+00:00,115.293,RX,baseline,0011B272,1,5,01 00 00 72 B2
2026-09-28T15:22:06.235+00:00,120.220,RX,baseline,000134A9,1,7,01 00 00 0F 03 A9 34
2026-09-28T15:22:06.235+00:00,120.276,RX,baseline,001134A9,1,5,01 00 00 A9 34
2026-09-28T15:22:06.240+00:00,124.993,RX,baseline,0001D757,1,7,01 00 00 0F 03 57 D7
2026-09-28T15:22:06.240+00:00,125.380,RX,baseline,0011D757,1,5,01 00 00 57 D7
2026-09-28T15:22:06.245+00:00,130.181,RX,baseline,00011130,1,7,01 00 00 0F 03 30 11
2026-09-28T15:22:06.245+00:00,130.440,RX,baseline,00111130,1,5,01 00 00 30 11
2026-09-28T15:22:06.250+00:00,135.150,RX,baseline,00010861,1,7,01 00 00 0F 03 61 08
2026-09-28T15:22:06.250+00:00,135.471,RX,baseline,00110861,1,5,01 00 00 61 08
2026-09-28T15:22:06.255+00:00,140.293,RX,baseline,000106C6,1,7,01 00 00 0F 03 C6 06
2026-09-28T15:22:06.255+00:00,140.418,RX,baseline,001106C6,1,5,01 00 00 C6 06
2026-09-28T15:22:06.260+00:00,145.299,RX,baseline,00016AA2,1,7,01 00 00 0F 03 A2 6A
2026-09-28T15:22:06.260+00:00,145.387,RX,baseline,00116AA2,1,5,01 00 00 A2 6A
2026-09-28T15:22:06.265+00:00,150.204,RX,baseline,0001D929,1,7,01 00 00 0F 03 29 D9
2026-09-28T15:22:06.265+00:00,150.287,RX,baseline,0011D929,1,5,01 00 00 29 D9
2026-09-28T15:22:06.270+00:00,155.287,RX,baseline,000120A9,1,7,01 00 00 0F 03 A9 20
2026-09-28T15:22:06.270+00:00,155.372,RX,baseline,001120A9,1,5,01 00 00 A9 20
2026-09-28T15:22:06.275+00:00,160.145,RX,baseline,0001BC98,1,7,01 00 00 0F 03 98 BC
2026-09-28T15:22:06.275+00:00,160.268,RX,baseline,0011BC98,1,5,01 00 00 98 BC
2026-09-28T15:22:06.280+00:00,165.237,RX,baseline,00016E3E,1,7,01 00 00 0F 03 3E 6E
2026-09-28T15:22:06.280+00:00,165.341,RX,baseline,00116E3E,1,5,01 00 00 3E 6E
2026-09-28T15:22:06.285+00:00,170.200,RX,baseline,00019603,1,7,01 00 00 0F 03 03 96
2026-09-28T15:22:06.285+00:00,170.312,RX,baseline,00119603,1,5,01 00 00 03 96
2026-09-28T15:22:06.290+00:00,175.159,RX,baseline,0001C136,1,7,01 00 00 0F 03 36 C1
2026-09-28T15:22:06.290+00:00,175.215,RX,baseline,0011C136,1,5,01 00 00 36 C1
2026-09-28T15:22:06.295+00:00,180.245,RX,baseline,0001EC8B,1,7,01 00 00 0F 03 8B EC
2026-09-28T15:22:06.295+00:00,180.319,RX,baseline,0011EC8B,1,5,01 00 00 8B EC
2026-09-28T15:22:06.300+00:00,185.223,RX,baseline,00011EA7,1,7,01 00 00 0F 03 A7 1E
2026-09-28T15:22:06.300+00:00,185.310,RX,baseline,00111EA7,1,5,01 00 00 A7 1E
2026-09-28T15:22:06.305+00:00,190.274,RX,baseline,0001F626,1,7,01 00 00 0F 03 26 F6
2026-09-28T15:22:06.305+00:00,190.374,RX,baseline,0011F626,1,5,01 00 00 26 F6
2026-09-28T15:22:06.310+00:00,195.222,RX,baseline,0001A983,1,7,01 00 00 0F 03 83 A9
2026-09-28T15:22:06.310+00:00,195.299,RX,baseline,0011A983,1,5,01 00 00 83 A9
2026-09-28T15:22:06.315+00:00,200.288,RX,baseline,00014218,1,7,01 00 00 0F 03 18 42
2026-09-28T15:22:06.315+00:00,200.379,RX,baseline,00114218,1,5,01 00 00 18 42
2026-09-28T15:22:06.320+00:00,205.232,RX,baseline,0001A75D,1,7,01 00 00 0F 03 5D A7
2026-09-28T15:22:06.320+00:00,205.312,RX,baseline,0011A75D,1,5,01 00 00 5D A7
2026-09-28T15:22:06.325+00:00,210.149,RX,baseline,0001D6A5,1,7,01 00 00 0F 03 A5 D6
2026-09-28T15:22:06.325+00:00,210.284,RX,baseline,0011D6A5,1,5,01 00 00 A5 D6
2026-09-28T15:22:06.330+00:00,215.064,RX,baseline,000129F0,1,7,01 00 00 0F 03 F0 29
2026-09-28T15:22:06.330+00:00,215.309,RX,baseline,001129F0,1,5,01 00 00 F0 29
2026-09-28T15:22:06.335+00:00,220.102,RX,baseline,00014C29,1,7,01 00 00 0F 03 29 4C
2026-09-28T15:22:06.335+00:00,220.229,RX,baseline,00114C29,1,5,01 00 00 29 4C
2026-09-28T15:22:06.340+00:00,225.048,RX,baseline,00012F97,1,7,01 00 00 0F 03 97 2F
2026-09-28T15:22:06.340+00:00,225.319,RX,baseline,00112F97,1,5,01 00 00 97 2F
2026-09-28T15:22:06.345+00:00,230.042,RX,baseline,00017E7A,1,7,01 00 00 0F 03 7A 7E
2026-09-28T15:22:06.345+00:00,230.284,RX,baseline,00117E7A,1,5,01 00 00 7A 7E
2026-09-28T15:22:06.350+00:00,234.972,RX,baseline,0001C2D9,1,7,01 00 00 0F 03 D9 C2
2026-09-28T15:22:06.350+00:00,235.212,RX,baseline,0011C2D9,1,5,01 00 00 D9 C2
2026-09-28T15:22:06.355+00:00,240.226,RX,baseline,00016E3C,1,7,01 00 00 0F 03 3C 6E
2026-09-28T15:22:06.355+00:00,240.288,RX,baseline,00116E3C,1,5,01 00 00 3C 6E
2026-09-28T15:22:06.360+00:00,245.132,RX,baseline,0001E4B9,1,7,01 00 00 0F 03 B9 E4
2026-09-28T15:22:06.360+00:00,245.249,RX,baseline,0011E4B9,1,5,01 00 00 B9 E4
2026-09-28T15:22:06.365+00:00,250.200,RX,baseline,00010A91,1,7,01 00 00 0F 03 91 0A
2026-09-28T15:22:06.365+00:00,250.274,RX,baseline,00110A91,1,5,01 00 00 91 0A
2026-09-28T15:22:06.370+00:00,255.149,RX,baseline,00019F66,1,7,01 00 00 0F 03 66 9F
2026-09-28T15:22:06.370+00:00,255.245,RX,baseline,00119F66,1,5,01 00 00 66 9F
2026-09-28T15:22:06.375+00:00,260.087,RX,baseline,00018849,1,7,01 00 00 0F 03 49 88
2026-09-28T15:22:06.375+00:00,260.319,RX,baseline,00118849,1,5,01 00 00 49 88
2026-09-28T15:22:06.380+00:00,265.236,RX,baseline,00011685,1,7,01 00 00 0F 03 85 16
2026-09-28T15:22:06.380+00:00,265.422,RX,baseline,00111685,1,5,01 00 00 85 16
2026-09-28T15:22:06.385+00:00,270.175,RX,baseline,0001A686,1,7,01 00 00 0F 03 86 A6
2026-09-28T15:22:06.385+00:00,270.299,RX,baseline,0011A686,1,5,01 00 00 86 A6
2026-09-28T15:22:06.390+00:00,275.205,RX,baseline,00012823,1,7,01 00 00 0F 03 23 28
2026-09-28T15:22:06.390+00:00,275.280,RX,baseline,00112823,1,5,01 00 00 23 28
2026-09-28T15:22:06.395+00:00,280.215,RX,baseline,0001E564,1,7,01 00 00 0F 03 64 E5
2026-09-28T15:22:06.395+00:00,280.297,RX,baseline,0011E564,1,5,01 00 00 64 E5
2026-09-28T15:22:06.400+00:00,285.302,RX,baseline,00013513,1,7,01 00 00 0F 03 13 35
2026-09-28T15:22:06.400+00:00,285.395,RX,baseline,00113513,1,5,01 00 00 13 35
2026-09-28T15:22:06.405+00:00,290.289,RX,baseline,0001E62D,1,7,01 00 00 0F 03 2D E6
2026-09-28T15:22:06.405+00:00,290.388,RX,baseline,0011E62D,1,5,01 00 00 2D E6
2026-09-28T15:22:06.410+00:00,295.273,RX,baseline,0001A54E,1,7,01 00 00 0F 03 4E A5
2026-09-28T15:22:06.410+00:00,295.380,RX,baseline,0011A54E,1,5,01 00 00 4E A5
2026-09-28T15:22:06.415+00:00,300.212,RX,baseline,0001F521,1,7,01 00 00 0F 03 21 F5
2026-09-28T15:22:06.415+00:00,300.268,RX,baseline,0011F521,1,5,01 00 00 21 F5
2026-09-28T15:22:06.420+00:00,305.331,RX,baseline,0001F882,1,7,01 00 00 0F 03 82 F8
2026-09-28T15:22:06.420+00:00,305.407,RX,baseline,0011F882,1,5,01 00 00 82 F8
2026-09-28T15:22:06.425+00:00,310.190,RX,baseline,000113D5,1,7,01 00 00 0F 03 D5 13
2026-09-28T15:22:06.425+00:00,310.246,RX,baseline,001113D5,1,5,01 00 00 D5 13
2026-09-28T15:22:06.430+00:00,315.236,RX,baseline,0001BCF3,1,7,01 00 00 0F 03 F3 BC
2026-09-28T15:22:06.430+00:00,315.329,RX,baseline,0011BCF3,1,5,01 00 00 F3 BC
2026-09-28T15:22:06.435+00:00,320.188,RX,baseline,000133BA,1,7,01 00 00 0F 03 BA 33
2026-09-28T15:22:06.435+00:00,320.244,RX,baseline,001133BA,1,5,01 00 00 BA 33
2026-09-28T15:22:06.440+00:00,325.242,RX,baseline,00015A6A,1,7,01 00 00 0F 03 6A 5A
2026-09-28T15:22:06.440+00:00,325.348,RX,baseline,00115A6A,1,5,01 00 00 6A 5A
2026-09-28T15:22:06.445+00:00,330.011,RX,baseline,00017B4B,1,7,01 00 00 0F 03 4B 7B
2026-09-28T15:22:06.445+00:00,330.254,RX,baseline,00117B4B,1,5,01 00 00 4B 7B
2026-09-28T15:22:06.450+00:00,335.072,RX,baseline,000104B8,1,7,01 00 00 0F 03 B8 04
2026-09-28T15:22:06.450+00:00,335.285,RX,baseline,001104B8,1,5,01 00 00 B8 04
2026-09-28T15:22:06.455+00:00,340.087,RX,baseline,0001DCF2,1,7,01 00 00 0F 03 F2 DC
2026-09-28T15:22:06.455+00:00,340.305,RX,baseline,0011DCF2,1,5,01 00 00 F2 DC
2026-09-28T15:22:06.460+00:00,345.125,RX,baseline,0001B117,1,7,01 00 00 0F 03 17 B1
2026-09-28T15:22:06.460+00:00,345.202,RX,baseline,0011B117,1,5,01 00 00 17 B1
2026-09-28T15:22:06.465+00:00,350.004,RX,baseline,0001CDA0,1,7,01 00 00 0F 03 A0 CD
2026-09-28T15:22:06.465+00:00,350.255,RX,baseline,0011CDA0,1,5,01 00 00 A0 CD
2026-09-28T15:22:06.470+00:00,355.054,RX,baseline,00019778,1,7,01 00 00 0F 03 78 97
2026-09-28T15:22:06.470+00:00,355.158,RX,baseline,00119778,1,5,01 00 00 78 97
2026-09-28T15:22:06.475+00:00,360.047,RX,baseline,0001D5B6,1,7,01 00 00 0F 03 B6 D5
2026-09-28T15:22:06.475+00:00,360.266,RX,baseline,0011D5B6,1,5,01 00 00 B6 D5
2026-09-28T15:22:06.480+00:00,365.185,RX,baseline,0001C477,1,7,01 00 00 0F 03 77 C4
2026-09-28T15:22:06.480+00:00,365.296,RX,baseline,0011C477,1,5,01 00 00 77 C4
2026-09-28T15:22:06.485+00:00,370.189,RX,baseline,000159AA,1,7,01 00 00 0F 03 AA 59
2026-09-28T15:22:06.485+00:00,370.246,RX,baseline,001159AA,1,5,01 00 00 AA 59
2026-09-28T15:22:06.490+00:00,375.143,RX,baseline,0001A291,1,7,01 00 00 0F 03 91 A2
2026-09-28T15:22:06.490+00:00,375.247,RX,baseline,0011A291,1,5,01 00 00 91 A2
2026-09-28T15:22:06.495+00:00,380.008,RX,baseline,00017088,1,7,01 00 00 0F 03 88 70
2026-09-28T15:22:06.495+00:00,380.280,RX,baseline,00117088,1,5,01 00 00 88 70
2026-09-28T15:22:06.500+00:00,385.007,RX,baseline,0001CCCE,1,7,01 00 00 0F 03 CE CC
2026-09-28T15:22:06.500+00:00,385.255,RX,baseline,0011CCCE,1,5,01 00 00 CE CC
2026-09-28T15:22:06.505+00:00,390.021,RX,baseline,0001614B,1,7,01 00 00 0F 03 4B 61
2026-09-28T15:22:06.505+00:00,390.245,RX,baseline,0011614B,1,5,01 00 00 4B 61
2026-09-28T15:22:06.510+00:00,395.005,RX,baseline,0001FAFC,1,7,01 00 00 0F 03 FC FA
2026-09-28T15:22:06.510+00:00,395.259,RX,baseline,0011FAFC,1,5,01 00 00 FC FA
2026-09-28T15:22:06.515+00:00,400.196,RX,baseline,00013C9B,1,7,01 00 00 0F 03 9B 3C
2026-09-28T15:22:06.515+00:00,400.253,RX,baseline,00113C9B,1,5,01 00 00 9B 3C
2026-09-28T15:22:06.520+00:00,405.005,RX,baseline,0001972F,1,7,01 00 00 0F 03 2F 97
2026-09-28T15:22:06.520+00:00,405.255,RX,baseline,0011972F,1,5,01 00 00 2F 97
2026-09-28T15:22:06.525+00:00,410.187,RX,baseline,00017773,1,7,01 00 00 0F 03 73 77
2026-09-28T15:22:06.525+00:00,410.245,RX,baseline,00117773,1,5,01 00 00 73 77
2026-09-28T15:22:06.530+00:00,415.007,RX,baseline,00019E21,1,7,01 00 00 0F 03 21 9E
2026-09-28T15:22:06.530+00:00,415.248,RX,baseline,00119E21,1,5,01 00 00 21 9E
2026-09-28T15:22:06.535+00:00,420.186,RX,baseline,0001DFBD,1,7,01 00 00 0F 03 BD DF
2026-09-28T15:22:06.535+00:00,420.242,RX,baseline,0011DFBD,1,5,01 00 00 BD DF
2026-09-28T15:22:06.540+00:00,424.994,RX,baseline,00017FAA,1,7,01 00 00 0F 03 AA 7F
2026-09-28T15:22:06.540+00:00,425.225,RX,baseline,00117FAA,1,5,01 00 00 AA 7F
2026-09-28T15:22:06.545+00:00,430.264,RX,baseline,0001BEE6,1,7,01 00 00 0F 03 E6 BE
2026-09-28T15:22:06.545+00:00,430.354,RX,baseline,0011BEE6,1,5,01 00 00 E6 BE
2026-09-28T15:22:06.550+00:00,435.197,RX,baseline,00015A67,1,7,01 00 00 0F 03 67 5A
2026-09-28T15:22:06.550+00:00,435.253,RX,baseline,00115A67,1,5,01 00 00 67 5A
2026-09-28T15:22:06.555+00:00,440.205,RX,baseline,0001CAF8,1,7,01 00 00 0F 03 F8 CA
2026-09-28T15:22:06.555+00:00,440.302,RX,baseline,0011CAF8,1,5,01 00 00 F8 CA
2026-09-28T15:22:06.560+00:00,445.180,RX,baseline,00019945,1,7,01 00 00 0F 03 45 99
2026-09-28T15:22:06.560+00:00,445.236,RX,baseline,00119945,1,5,01 00 00 45 99
2026-09-28T15:22:06.565+00:00,450.250,RX,baseline,000141BD,1,7,01 00 00 0F 03 BD 41
2026-09-28T15:22:06.565+00:00,450.327,RX,baseline,001141BD,1,5,01 00 00 BD 41
2026-09-28T15:22:06.570+00:00,455.224,RX,baseline,0001438D,1,7,01 00 00 0F 03 8D 43
2026-09-28T15:22:06.570+00:00,455.319,RX,baseline,0011438D,1,5,01 00 00 8D 43
2026-09-28T15:22:06.575+00:00,460.194,RX,baseline,000135F6,1,7,01 00 00 0F 03 F6 35
2026-09-28T15:22:06.575+00:00,460.294,RX,baseline,001135F6,1,5,01 00 00 F6 35
2026-09-28T15:22:06.580+00:00,465.196,RX,baseline,0001AFAB,1,7,01 00 00 0F 03 AB AF
2026-09-28T15:22:06.580+00:00,465.255,RX,baseline,0011AFAB,1,5,01 00 00 AB AF
2026-09-28T15:22:06.585+00:00,470.223,RX,baseline,000145AD,1,7,01 00 00 0F 03 AD 45
2026-09-28T15:22:06.585+00:00,470.302,RX,baseline,001145AD,1,5,01 00 00 AD 45
2026-09-28T15:22:06.590+00:00,475.183,RX,baseline,00015ABA,1,7,01 00 00 0F 03 BA 5A
2026-09-28T15:22:06.590+00:00,475.249,RX,baseline,00115ABA,1,5,01 00 00 BA 5A
2026-09-28T15:22:06.595+00:00,480.183,RX,baseline,0001C528,1,7,01 00 00 0F 03 28 C5
2026-09-28T15:22:06.595+00:00,480.254,RX,baseline,0011C528,1,5,01 00 00 28 C5
2026-09-28T15:22:06.600+00:00,485.174,RX,baseline,000152A5,1,7,01 00 00 0F 03 A5 52
2026-09-28T15:22:06.600+00:00,485.248,RX,baseline,001152A5,1,5,01 00 00 A5 52
2026-09-28T15:22:06.605+00:00,490.191,RX,baseline,00019109,1,7,01 00 00 0F 03 09 91
2026-09-28T15:22:06.605+00:00,490.260,RX,baseline,00119109,1,5,01 00 00 09 91
2026-09-28T15:22:06.610+00:00,495.200,RX,baseline,00010A55,1,7,01 00 00 0F 03 55 0A
2026-09-28T15:22:06.610+00:00,495.315,RX,baseline,00110A55,1,5,01 00 00 55 0A
2026-09-28T15:22:06.615+00:00,500.198,RX,baseline,00017EA5,1,7,01 00 00 0F 03 A5 7E
2026-09-28T15:22:06.615+00:00,500.275,RX,baseline,00117EA5,1,5,01 00 00 A5 7E
2026-09-28T15:22:06.620+00:00,505.104,RX,baseline,0001F74B,1,7,01 00 00 0F 03 4B F7
2026-09-28T15:22:06.620+00:00,505.209,RX,baseline,0011F74B,1,5,01 00 00 4B F7
2026-09-28T15:22:06.625+00:00,510.264,RX,baseline,0001C888,1,7,01 00 00 0F 03 88 C8
2026-09-28T15:22:06.625+00:00,510.320,RX,baseline,0011C888,1,5,01 00 00 88 C8
2026-09-28T15:22:06.630+00:00,515.025,RX,baseline,0001CD95,1,7,01 00 00 0F 03 95 CD
2026-09-28T15:22:06.630+00:00,515.341,RX,baseline,0011CD95,1,5,01 00 00 95 CD
2026-09-28T15:22:06.635+00:00,520.160,RX,baseline,000171D2,1,7,01 00 00 0F 03 D2 71
2026-09-28T15:22:06.635+00:00,520.229,RX,baseline,001171D2,1,5,01 00 00 D2 71
2026-09-28T15:22:06.640+00:00,525.118,RX,baseline,0001F6F9,1,7,01 00 00 0F 03 F9 F6
2026-09-28T15:22:06.640+00:00,525.201,RX,baseline,0011F6F9,1,5,01 00 00 F9 F6
2026-09-28T15:22:06.645+00:00,529.973,RX,baseline,0001B1C6,1,7,01 00 00 0F 03 C6 B1
2026-09-28T15:22:06.645+00:00,530.223,RX,baseline,0011B1C6,1,5,01 00 00 C6 B1
2026-09-28T15:22:06.650+00:00,535.052,RX,baseline,0001A7D7,1,7,01 00 00 0F 03 D7 A7
2026-09-28T15:22:06.650+00:00,535.156,RX,baseline,0011A7D7,1,5,01 00 00 D7 A7
2026-09-28T15:22:06.655+00:00,540.055,RX,baseline,0001B1C5,1,7,01 00 00 0F 03 C5 B1
2026-09-28T15:22:06.655+00:00,540.185,RX,baseline,0011B1C5,1,5,01 00 00 C5 B1
2026-09-28T15:22:06.660+00:00,545.162,RX,baseline,0001A003,1,7,01 00 00 0F 03 03 A0
2026-09-28T15:22:06.660+00:00,545.219,RX,baseline,0011A003,1,5,01 00 00 03 A0
2026-09-28T15:22:06.665+00:00,549.980,RX,baseline,00018E8C,1,7,01 00 00 0F 03 8C 8E
2026-09-28T15:22:06.665+00:00,550.229,RX,baseline,00118E8C,1,5,01 00 00 8C 8E
2026-09-28T15:22:06.670+00:00,555.027,RX,baseline,0001BFB2,1,7,01 00 00 0F 03 B2 BF
2026-09-28T15:22:06.670+00:00,555.250,RX,baseline,0011BFB2,1,5,01 00 00 B2 BF
2026-09-28T15:22:06.675+00:00,559.973,RX,baseline,0001FE69,1,7,01 00 00 0F 03 69 FE
2026-09-28T15:22:06.675+00:00,560.224,RX,baseline,0011FE69,1,5,01 00 00 69 FE
2026-09-28T15:22:06.680+00:00,565.015,RX,baseline,00015C28,1,7,01 00 00 0F 03 28 5C
2026-09-28T15:22:06.680+00:00,565.216,RX,baseline,00115C28,1,5,01 00 00 28 5C
2026-09-28T15:22:06.685+00:00,570.083,RX,baseline,000160CE,1,7,01 00 00 0F 03 CE 60
2026-09-28T15:22:06.685+00:00,570.188,RX,baseline,001160CE,1,5,01 00 00 CE 60
2026-09-28T15:22:06.690+00:00,575.018,RX,baseline,0001F1CA,1,7,01 00 00 0F 03 CA F1
2026-09-28T15:22:06.690+00:00,575.261,RX,baseline,0011F1CA,1,5,01 00 00 CA F1
2026-09-28T15:22:06.695+00:00,580.232,RX,baseline,0001B061,1,7,01 00 00 0F 03 61 B0
2026-09-28T15:22:06.695+00:00,580.348,RX,baseline,0011B061,1,5,01 00 00 61 B0
2026-09-28T15:22:06.700+00:00,585.163,RX,baseline,0001A0C7,1,7,01 00 00 0F 03 C7 A0
2026-09-28T15:22:06.700+00:00,585.219,RX,baseline,0011A0C7,1,5,01 00 00 C7 A0
2026-09-28T15:22:06.705+00:00,590.247,RX,baseline,00014778,1,7,01 00 00 0F 03 78 47
2026-09-28T15:22:06.705+00:00,590.376,RX,baseline,00114778,1,5,01 00 00 78 47
2026-09-28T15:22:06.710+00:00,595.162,RX,baseline,00015F67,1,7,01 00 00 0F 03 67 5F
2026-09-28T15:22:06.710+00:00,595.217,RX,baseline,00115F67,1,5,01 00 00 67 5F
2026-09-28T15:22:06.715+00:00,600.054,RX,baseline,000187AD,1,7,01 00 00 0F 03 AD 87
2026-09-28T15:22:06.715+00:00,600.226,RX,baseline,001187AD,1,5,01 00 00 AD 87
2026-09-28T15:22:06.720+00:00,605.162,RX,baseline,000118D2,1,7,01 00 00 0F 03 D2 18
2026-09-28T15:22:06.720+00:00,605.218,RX,baseline,001118D2,1,5,01 00 00 D2 18
2026-09-28T15:22:06.725+00:00,610.202,RX,baseline,0001C3E8,1,7,01 00 00 0F 03 E8 C3
2026-09-28T15:22:06.725+00:00,610.309,RX,baseline,0011C3E8,1,5,01 00 00 E8 C3
2026-09-28T15:22:06.730+00:00,615.148,RX,baseline,0001F4C4,1,7,01 00 00 0F 03 C4 F4
2026-09-28T15:22:06.730+00:00,615.208,RX,baseline,0011F4C4,1,5,01 00 00 C4 F4
2026-09-28T15:22:06.735+00:00,620.199,RX,baseline,0001590D,1,7,01 00 00 0F 03 0D 59
2026-09-28T15:22:06.735+00:00,620.298,RX,baseline,0011590D,1,5,01 00 00 0D 59
2026-09-28T15:22:06.740+00:00,625.134,RX,baseline,0001A485,1,7,01 00 00 0F 03 85 A4
2026-09-28T15:22:06.740+00:00,625.200,RX,baseline,0011A485,1,5,01 00 00 85 A4
2026-09-28T15:22:06.745+00:00,629.988,RX,baseline,00011038,1,7,01 00 00 0F 03 38 10
2026-09-28T15:22:06.745+00:00,630.247,RX,baseline,00111038,1,5,01 00 00 38 10
2026-09-28T15:22:06.750+00:00,634.994,RX,baseline,00011328,1,7,01 00 00 0F 03 28 13
2026-09-28T15:22:06.750+00:00,635.224,RX,baseline,00111328,1,5,01 00 00 28 13
2026-09-28T15:22:06.755+00:00,639.987,RX,baseline,00011628,1,7,01 00 00 0F 03 28 16
2026-09-28T15:22:06.755+00:00,640.224,RX,baseline,00111628,1,5,01 00 00 28 16
2026-09-28T15:22:06.760+00:00,645.025,RX,baseline,000172D6,1,7,01 00 00 0F 03 D6 72
2026-09-28T15:22:06.760+00:00,645.231,RX,baseline,001172D6,1,5,01 00 00 D6 72
2026-09-28T15:22:06.765+00:00,650.018,RX,baseline,00017644,1,7,01 00 00 0F 03 44 76
2026-09-28T15:22:06.765+00:00,650.253,RX,baseline,00117644,1,5,01 00 00 44 76
2026-09-28T15:22:06.770+00:00,655.033,RX,baseline,0001F6B5,1,7,01 00 00 0F 03 B5 F6
2026-09-28T15:22:06.770+00:00,655.200,RX,baseline,0011F6B5,1,5,01 00 00 B5 F6
2026-09-28T15:22:06.775+00:00,660.061,RX,baseline,00016C6B,1,7,01 00 00 0F 03 6B 6C
2026-09-28T15:22:06.775+00:00,660.303,RX,baseline,00116C6B,1,5,01 00 00 6B 6C
2026-09-28T15:22:06.780+00:00,665.146,RX,baseline,000104AA,1,7,01 00 00 0F 03 AA 04
2026-09-28T15:22:06.780+00:00,665.233,RX,baseline,001104AA,1,5,01 00 00 AA 04
2026-09-28T15:22:06.785+00:00,670.177,RX,baseline,00018B66,1,7,01 00 00 0F 03 66 8B
2026-09-28T15:22:06.785+00:00,670.266,RX,baseline,00118B66,1,5,01 00 00 66 8B
2026-09-28T15:22:06.790+00:00,675.205,RX,baseline,00016802,1,7,01 00 00 0F 03 02 68
2026-09-28T15:22:06.790+00:00,675.282,RX,baseline,00116802,1,5,01 00 00 02 68
2026-09-28T15:22:06.795+00:00,680.007,RX,baseline,0001B6B2,1,7,01 00 00 0F 03 B2 B6
2026-09-28T15:22:06.795+00:00,680.258,RX,baseline,0011B6B2,1,5,01 00 00 B2 B6
2026-09-28T15:22:06.800+00:00,685.011,RX,baseline,000151CC,1,7,01 00 00 0F 03 CC 51
2026-09-28T15:22:06.800+00:00,685.231,RX,baseline,001151CC,1,5,01 00 00 CC 51
2026-09-28T15:22:06.805+00:00,689.974,RX,baseline,00018502,1,7,01 00 00 0F 03 02 85
2026-09-28T15:22:06.805+00:00,690.228,RX,baseline,00118502,1,5,01 00 00 02 85
2026-09-28T15:22:06.810+00:00,695.074,RX,baseline,0001556A,1,7,01 00 00 0F 03 6A 55
2026-09-28T15:22:06.810+00:00,695.149,RX,baseline,0011556A,1,5,01 00 00 6A 55
2026-09-28T15:22:06.815+00:00,700.043,RX,baseline,0001A5A8,1,7,01 00 00 0F 03 A8 A5
2026-09-28T15:22:06.815+00:00,700.252,RX,baseline,0011A5A8,1,5,01 00 00 A8 A5
2026-09-28T15:22:06.820+00:00,705.178,RX,baseline,0001CB9D,1,7,01 00 00 0F 03 9D CB
2026-09-28T15:22:06.820+00:00,705.243,RX,baseline,0011CB9D,1,5,01 00 00 9D CB
2026-09-28T15:22:06.825+00:00,709.993,RX,baseline,0001A5C4,1,7,01 00 00 0F 03 C4 A5
2026-09-28T15:22:06.825+00:00,710.213,RX,baseline,0011A5C4,1,5,01 00 00 C4 A5
2026-09-28T15:22:06.830+00:00,715.182,RX,baseline,00013021,1,7,01 00 00 0F 03 21 30
2026-09-28T15:22:06.830+00:00,715.246,RX,baseline,00113021,1,5,01 00 00 21 30
2026-09-28T15:22:06.835+00:00,719.973,RX,baseline,00014AED,1,7,01 00 00 0F 03 ED 4A
2026-09-28T15:22:06.835+00:00,720.210,RX,baseline,00114AED,1,5,01 00 00 ED 4A
2026-09-28T15:22:06.840+00:00,724.955,RX,baseline,00015D8B,1,7,01 00 00 0F 03 8B 5D
2026-09-28T15:22:06.840+00:00,725.199,RX,baseline,00115D8B,1,5,01 00 00 8B 5D
2026-09-28T15:22:06.845+00:00,730.157,RX,baseline,00016BAB,1,7,01 00 00 0F 03 AB 6B
2026-09-28T15:22:06.845+00:00,730.245,RX,baseline,00116BAB,1,5,01 00 00 AB 6B
2026-09-28T15:22:06.850+00:00,735.217,RX,baseline,0001B50B,1,7,01 00 00 0F 03 0B B5
2026-09-28T15:22:06.850+00:00,735.294,RX,baseline,0011B50B,1,5,01 00 00 0B B5
2026-09-28T15:22:06.855+00:00,740.159,RX,baseline,0001AAFC,1,7,01 00 00 0F 03 FC AA
2026-09-28T15:22:06.855+00:00,740.217,RX,baseline,0011AAFC,1,5,01 00 00 FC AA
2026-09-28T15:22:06.860+00:00,745.202,RX,baseline,0001A743,1,7,01 00 00 0F 03 43 A7
2026-09-28T15:22:06.860+00:00,745.302,RX,baseline,0011A743,1,5,01 00 00 43 A7
2026-09-28T15:22:06.865+00:00,750.113,RX,baseline,0001E2C4,1,7,01 00 00 0F 03 C4 E2
2026-09-28T15:22:06.865+00:00,750.169,RX,baseline,0011E2C4,1,5,01 00 00 C4 E2
2026-09-28T15:22:06.870+00:00,755.192,RX,baseline,0001594B,1,7,01 00 00 0F 03 4B 59
2026-09-28T15:22:06.870+00:00,755.315,RX,baseline,0011594B,1,5,01 00 00 4B 59
2026-09-28T15:22:06.875+00:00,760.198,RX,baseline,0001B5CA,1,7,01 00 00 0F 03 CA B5
2026-09-28T15:22:06.875+00:00,760.290,RX,baseline,0011B5CA,1,5,01 00 00 CA B5
2026-09-28T15:22:06.880+00:00,765.012,RX,baseline,0001DCA4,1,7,01 00 00 0F 03 A4 DC
2026-09-28T15:22:06.880+00:00,765.254,RX,baseline,0011DCA4,1,5,01 00 00 A4 DC
2026-09-28T15:22:06.885+00:00,770.135,RX,baseline,00010CB6,1,7,01 00 00 0F 03 B6 0C
2026-09-28T15:22:06.885+00:00,770.191,RX,baseline,00110CB6,1,5,01 00 00 B6 0C
2026-09-28T15:22:06.890+00:00,775.020,RX,baseline,0001E69D,1,7,01 00 00 0F 03 9D E6
2026-09-28T15:22:06.890+00:00,775.108,RX,baseline,0011E69D,1,5,01 00 00 9D E6
2026-09-28T15:22:06.895+00:00,780.202,RX,baseline,00010A2E,1,7,01 00 00 0F 03 2E 0A
2026-09-28T15:22:06.895+00:00,780.269,RX,baseline,00110A2E,1,5,01 00 00 2E 0A
2026-09-28T15:22:06.900+00:00,785.114,RX,baseline,00010779,1,7,01 00 00 0F 03 79 07
2026-09-28T15:22:06.900+00:00,785.183,RX,baseline,00110779,1,5,01 00 00 79 07
2026-09-28T15:22:06.905+00:00,790.165,RX,baseline,00011D01,1,7,01 00 00 0F 03 01 1D
2026-09-28T15:22:06.905+00:00,790.239,RX,baseline,00111D01,1,5,01 00 00 01 1D
2026-09-28T15:22:06.910+00:00,795.145,RX,baseline,00010B63,1,7,01 00 00 0F 03 63 0B
2026-09-28T15:22:06.910+00:00,795.216,RX,baseline,00110B63,1,5,01 00 00 63 0B
2026-09-28T15:22:06.915+00:00,800.163,RX,baseline,0001C402,1,7,01 00 00 0F 03 02 C4
2026-09-28T15:22:06.915+00:00,800.221,RX,baseline,0011C402,1,5,01 00 00 02 C4
2026-09-28T15:22:06.920+00:00,805.168,RX,baseline,0001DEE5,1,7,01 00 00 0F 03 E5 DE
2026-09-28T15:22:06.920+00:00,805.267,RX,baseline,0011DEE5,1,5,01 00 00 E5 DE
2026-09-28T15:22:06.925+00:00,810.207,RX,baseline,0001CE04,1,7,01 00 00 0F 03 04 CE
2026-09-28T15:22:06.925+00:00,810.253,RX,baseline,0011CE04,1,5,01 00 00 04 CE
2026-09-28T15:22:06.930+00:00,815.073,RX,baseline,0001DE80,1,7,01 00 00 0F 03 80 DE
2026-09-28T15:22:06.930+00:00,815.184,RX,baseline,0011DE80,1,5,01 00 00 80 DE
2026-09-28T15:22:06.935+00:00,820.124,RX,baseline,0001510D,1,7,01 00 00 0F 03 0D 51
2026-09-28T15:22:06.935+00:00,820.207,RX,baseline,0011510D,1,5,01 00 00 0D 51
2026-09-28T15:22:06.940+00:00,825.145,RX,baseline,0001009D,1,7,01 00 00 0F 03 9D 00
2026-09-28T15:22:06.940+00:00,825.223,RX,baseline,0011009D,1,5,01 00 00 9D 00
2026-09-28T15:22:06.945+00:00,829.945,RX,baseline,0001AAC2,1,7,01 00 00 0F 03 C2 AA
2026-09-28T15:22:06.945+00:00,830.231,RX,baseline,0011AAC2,1,5,01 00 00 C2 AA
2026-09-28T15:22:06.950+00:00,834.953,RX,baseline,00018EE7,1,7,01 00 00 0F 03 E7 8E
2026-09-28T15:22:06.950+00:00,835.208,RX,baseline,00118EE7,1,5,01 00 00 E7 8E
2026-09-28T15:22:06.955+00:00,840.023,RX,baseline,0001389E,1,7,01 00 00 0F 03 9E 38
2026-09-28T15:22:06.955+00:00,840.274,RX,baseline,0011389E,1,5,01 00 00 9E 38
2026-09-28T15:22:06.960+00:00,844.967,RX,baseline,000107D8,1,7,01 00 00 0F 03 D8 07
2026-09-28T15:22:06.960+00:00,845.165,RX,baseline,001107D8,1,5,01 00 00 D8 07
2026-09-28T15:22:06.965+00:00,849.941,RX,baseline,00017164,1,7,01 00 00 0F 03 64 71
2026-09-28T15:22:06.965+00:00,850.245,RX,baseline,00117164,1,5,01 00 00 64 71
2026-09-28T15:22:06.970+00:00,854.965,RX,baseline,0001CEF2,1,7,01 00 00 0F 03 F2 CE
2026-09-28T15:22:06.970+00:00,855.241,RX,baseline,0011CEF2,1,5,01 00 00 F2 CE
2026-09-28T15:22:06.975+00:00,859.990,RX,baseline,0001F9F8,1,7,01 00 00 0F 03 F8 F9
2026-09-28T15:22:06.975+00:00,860.270,RX,baseline,0011F9F8,1,5,01 00 00 F8 F9
2026-09-28T15:22:06.980+00:00,864.964,RX,baseline,00016605,1,7,01 00 00 0F 03 05 66
2026-09-28T15:22:06.980+00:00,865.295,RX,baseline,00116605,1,5,01 00 00 05 66
2026-09-28T15:22:06.985+00:00,869.960,RX,baseline,00014E7E,1,7,01 00 00 0F 03 7E 4E
2026-09-28T15:22:06.985+00:00,870.290,RX,baseline,00114E7E,1,5,01 00 00 7E 4E
2026-09-28T15:22:06.990+00:00,874.937,RX,baseline,00017772,1,7,01 00 00 0F 03 72 77
2026-09-28T15:22:06.990+00:00,875.216,RX,baseline,00117772,1,5,01 00 00 72 77
2026-09-28T15:22:06.995+00:00,880.009,RX,baseline,0001C170,1,7,01 00 00 0F 03 70 C1
2026-09-28T15:22:06.995+00:00,880.233,RX,baseline,0011C170,1,5,01 00 00 70 C1
2026-09-28T15:22:07.000+00:00,885.068,RX,baseline,0001B541,1,7,01 00 00 0F 03 41 B5
2026-09-28T15:22:07.000+00:00,885.200,RX,baseline,0011B541,1,5,01 00 00 41 B5
2026-09-28T15:22:07.005+00:00,890.083,RX,baseline,00013511,1,7,01 00 00 0F 03 11 35
2026-09-28T15:22:07.005+00:00,890.292,RX,baseline,00113511,1,5,01 00 00 11 35
2026-09-28T15:22:07.010+00:00,895.029,RX,baseline,0001128A,1,7,01 00 00 0F 03 8A 12
2026-09-28T15:22:07.010+00:00,895.171,RX,baseline,0011128A,1,5,01 00 00 8A 12
2026-09-28T15:22:07.015+00:00,899.982,RX,baseline,00016057,1,7,01 00 00 0F 03 57 60
2026-09-28T15:22:07.015+00:00,900.181,RX,baseline,00116057,1,5,01 00 00 57 60
2026-09-28T15:22:07.020+00:00,904.935,RX,baseline,0001A486,1,7,01 00 00 0F 03 86 A4
2026-09-28T15:22:07.020+00:00,905.154,RX,baseline,0011A486,1,5,01 00 00 86 A4
2026-09-28T15:22:07.025+00:00,909.959,RX,baseline,00013752,1,7,01 00 00 0F 03 52 37
2026-09-28T15:22:07.025+00:00,910.155,RX,baseline,00113752,1,5,01 00 00 52 37
2026-09-28T15:22:07.030+00:00,915.087,RX,baseline,00016E3B,1,7,01 00 00 0F 03 3B 6E
2026-09-28T15:22:07.030+00:00,915.135,RX,baseline,00116E3B,1,5,01 00 00 3B 6E
2026-09-28T15:22:07.035+00:00,920.177,RX,baseline,0001FB98,1,7,01 00 00 0F 03 98 FB
2026-09-28T15:22:07.035+00:00,920.256,RX,baseline,0011FB98,1,5,01 00 00 98 FB
2026-09-28T15:22:07.040+00:00,924.943,RX,baseline,000105A3,1,7,01 00 00 0F 03 A3 05
2026-09-28T15:22:07.040+00:00,925.244,RX,baseline,001105A3,1,5,01 00 00 A3 05
2026-09-28T15:22:07.045+00:00,930.125,RX,baseline,0001C02F,1,7,01 00 00 0F 03 2F C0
2026-09-28T15:22:07.045+00:00,930.236,RX,baseline,0011C02F,1,5,01 00 00 2F C0
2026-09-28T15:22:07.050+00:00,935.210,RX,baseline,000132BE,1,7,01 00 00 0F 03 BE 32
2026-09-28T15:22:07.050+00:00,935.306,RX,baseline,001132BE,1,5,01 00 00 BE 32
2026-09-28T15:22:07.055+00:00,940.212,RX,baseline,0001E520,1,7,01 00 00 0F 03 20 E5
2026-09-28T15:22:07.055+00:00,940.282,RX,baseline,0011E520,1,5,01 00 00 20 E5
2026-09-28T15:22:07.060+00:00,945.194,RX,baseline,0001E8EF,1,7,01 00 00 0F 03 EF E8
2026-09-28T15:22:07.060+00:00,945.307,RX,baseline,0011E8EF,1,5,01 00 00 EF E8
2026-09-28T15:22:07.065+00:00,950.135,RX,baseline,0001058D,1,7,01 00 00 0F 03 8D 05
2026-09-28T15:22:07.065+00:00,950.234,RX,baseline,0011058D,1,5,01 00 00 8D 05
2026-09-28T15:22:07.070+00:00,955.168,RX,baseline,00015C94,1,7,01 00 00 0F 03 94 5C
2026-09-28T15:22:07.070+00:00,955.298,RX,baseline,00115C94,1,5,01 00 00 94 5C
2026-09-28T15:22:07.075+00:00,960.134,RX,baseline,00017000,1,7,01 00 00 0F 03 00 70
2026-09-28T15:22:07.075+00:00,960.326,RX,baseline,00117000,1,5,01 00 00 00 70
2026-09-28T15:22:07.080+00:00,964.949,RX,baseline,0001AEBB,1,7,01 00 00 0F 03 BB AE
2026-09-28T15:22:07.080+00:00,965.199,RX,baseline,0011AEBB,1,5,01 00 00 BB AE
2026-09-28T15:22:07.085+00:00,970.026,RX,baseline,00013351,1,7,01 00 00 0F 03 51 33
2026-09-28T15:22:07.085+00:00,970.118,RX,baseline,00113351,1,5,01 00 00 51 33
2026-09-28T15:22:07.090+00:00,974.968,RX,baseline,0001EE5E,1,7,01 00 00 0F 03 5E EE
2026-09-28T15:22:07.090+00:00,975.228,RX,baseline,0011EE5E,1,5,01 00 00 5E EE
2026-09-28T15:22:07.095+00:00,980.135,RX,baseline,0001CB53,1,7,01 00 00 0F 03 53 CB
2026-09-28T15:22:07.095+00:00,980.193,RX,baseline,0011CB53,1,5,01 00 00 53 CB
2026-09-28T15:22:07.100+00:00,984.995,RX,baseline,00010E8B,1,7,01 00 00 0F 03 8B 0E
2026-09-28T15:22:07.100+00:00,985.214,RX,baseline,00110E8B,1,5,01 00 00 8B 0E
2026-09-28T15:22:07.105+00:00,990.108,RX,baseline,0001D325,1,7,01 00 00 0F 03 25 D3
2026-09-28T15:22:07.105+00:00,990.164,RX,baseline,0011D325,1,5,01 00 00 25 D3
2026-09-28T15:22:07.110+00:00,995.125,RX,baseline,00015A6C,1,7,01 00 00 0F 03 6C 5A
2026-09-28T15:22:07.110+00:00,995.181,RX,baseline,00115A6C,1,5,01 00 00 6C 5A
2026-09-28T15:22:07.115+00:00,1000.134,RX,baseline,0001ABE0,1,7,01 00 00 0F 03 E0 AB
2026-09-28T15:22:07.115+00:00,1000.190,RX,baseline,0011ABE0,1,5,01 00 00 E0 AB
2026-09-28T15:22:07.120+00:00,1005.087,RX,baseline,00012403,1,7,01 00 00 0F 03 03 24
2026-09-28T15:22:07.120+00:00,1005.164,RX,baseline,00112403,1,5,01 00 00 03 24
2026-09-28T15:22:07.125+00:00,1009.951,RX,baseline,000110F6,1,7,01 00 00 0F 03 F6 10
2026-09-28T15:22:07.125+00:00,1010.194,RX,baseline,001110F6,1,5,01 00 00 F6 10
2026-09-28T15:22:07.130+00:00,1015.051,RX,baseline,00013017,1,7,01 00 00 0F 03 17 30
2026-09-28T15:22:07.130+00:00,1015.157,RX,baseline,00113017,1,5,01 00 00 17 30
2026-09-28T15:22:07.135+00:00,1020.145,RX,baseline,0001407E,1,7,01 00 00 0F 03 7E 40
2026-09-28T15:22:07.135+00:00,1020.201,RX,baseline,0011407E,1,5,01 00 00 7E 40
2026-09-28T15:22:07.140+00:00,1024.955,RX,baseline,000195A2,1,7,01 00 00 0F 03 A2 95
2026-09-28T15:22:07.140+00:00,1025.196,RX,baseline,001195A2,1,5,01 00 00 A2 95
2026-09-28T15:22:07.145+00:00,1030.141,RX,baseline,00011C3F,1,7,01 00 00 0F 03 3F 1C
2026-09-28T15:22:07.145+00:00,1030.235,RX,baseline,00111C3F,1,5,01 00 00 3F 1C
2026-09-28T15:22:07.150+00:00,1035.033,RX,baseline,0001A4CE,1,7,01 00 00 0F 03 CE A4
2026-09-28T15:22:07.150+00:00,1035.140,RX,baseline,0011A4CE,1,5,01 00 00 CE A4
2026-09-28T15:22:07.155+00:00,1040.097,RX,baseline,0001093A,1,7,01 00 00 0F 03 3A 09
2026-09-28T15:22:07.155+00:00,1040.168,RX,baseline,0011093A,1,5,01 00 00 3A 09
2026-09-28T15:22:07.160+00:00,1045.041,RX,baseline,00018931,1,7,01 00 00 0F 03 31 89
2026-09-28T15:22:07.160+00:00,1045.135,RX,baseline,00118931,1,5,01 00 00 31 89
2026-09-28T15:22:07.165+00:00,1050.222,RX,baseline,00015E07,1,7,01 00 00 0F 03 07 5E
2026-09-28T15:22:07.165+00:00,1050.279,RX,baseline,00115E07,1,5,01 00 00 07 5E
2026-09-28T15:22:07.170+00:00,1055.056,RX,baseline,000118F1,1,7,01 00 00 0F 03 F1 18
2026-09-28T15:22:07.170+00:00,1055.146,RX,baseline,001118F1,1,5,01 00 00 F1 18
2026-09-28T15:22:07.175+00:00,1060.105,RX,baseline,0001793A,1,7,01 00 00 0F 03 3A 79
2026-09-28T15:22:07.175+00:00,1060.349,RX,baseline,0011793A,1,5,01 00 00 3A 79
2026-09-28T15:22:07.180+00:00,1065.230,RX,baseline,0001C1F9,1,7,01 00 00 0F 03 F9 C1
2026-09-28T15:22:07.180+00:00,1065.323,RX,baseline,0011C1F9,1,5,01 00 00 F9 C1
2026-09-28T15:22:07.185+00:00,1069.929,RX,baseline,0001DBAB,1,7,01 00 00 0F 03 AB DB
2026-09-28T15:22:07.185+00:00,1070.195,RX,baseline,0011DBAB,1,5,01 00 00 AB DB
2026-09-28T15:22:07.190+00:00,1074.951,RX,baseline,0001B85F,1,7,01 00 00 0F 03 5F B8
2026-09-28T15:22:07.190+00:00,1075.321,RX,baseline,0011B85F,1,5,01 00 00 5F B8
2026-09-28T15:22:07.195+00:00,1080.042,RX,baseline,0001F75E,1,7,01 00 00 0F 03 5E F7
2026-09-28T15:22:07.195+00:00,1080.135,RX,baseline,0011F75E,1,5,01 00 00 5E F7
2026-09-28T15:22:07.200+00:00,1084.962,RX,baseline,0001A8B6,1,7,01 00 00 0F 03 B6 A8
2026-09-28T15:22:07.200+00:00,1085.285,RX,baseline,0011A8B6,1,5,01 00 00 B6 A8
2026-09-28T15:22:07.205+00:00,1089.956,RX,baseline,00017A5B,1,7,01 00 00 0F 03 5B 7A
2026-09-28T15:22:07.205+00:00,1090.276,RX,baseline,00117A5B,1,5,01 00 00 5B 7A
2026-09-28T15:22:07.210+00:00,1094.937,RX,baseline,0001F6D0,1,7,01 00 00 0F 03 D0 F6
2026-09-28T15:22:07.210+00:00,1095.206,RX,baseline,0011F6D0,1,5,01 00 00 D0 F6
2026-09-28T15:22:07.215+00:00,1099.992,RX,baseline,000189AB,1,7,01 00 00 0F 03 AB 89
2026-09-28T15:22:07.215+00:00,1100.236,RX,baseline,001189AB,1,5,01 00 00 AB 89
2026-09-28T15:22:07.220+00:00,1104.926,RX,baseline,0001714D,1,7,01 00 00 0F 03 4D 71
2026-09-28T15:22:07.220+00:00,1105.217,RX,baseline,0011714D,1,5,01 00 00 4D 71
2026-09-28T15:22:07.225+00:00,1109.976,RX,baseline,00016765,1,7,01 00 00 0F 03 65 67
2026-09-28T15:22:07.225+00:00,1110.249,RX,baseline,00116765,1,5,01 00 00 65 67
2026-09-28T15:22:07.230+00:00,1114.921,RX,baseline,000133E4,1,7,01 00 00 0F 03 E4 33
2026-09-28T15:22:07.230+00:00,1115.207,RX,baseline,001133E4,1,5,01 00 00 E4 33
2026-09-28T15:22:07.235+00:00,1119.978,RX,baseline,0001BF68,1,7,01 00 00 0F 03 68 BF
2026-09-28T15:22:07.235+00:00,1120.236,RX,baseline,0011BF68,1,5,01 00 00 68 BF
2026-09-28T15:22:07.240+00:00,1124.939,RX,baseline,00010A3F,1,7,01 00 00 0F 03 3F 0A
2026-09-28T15:22:07.240+00:00,1125.198,RX,baseline,00110A3F,1,5,01 00 00 3F 0A
2026-09-28T15:22:07.245+00:00,1129.921,RX,baseline,00014934,1,7,01 00 00 0F 03 34 49
2026-09-28T15:22:07.245+00:00,1130.215,RX,baseline,00114934,1,5,01 00 00 34 49
2026-09-28T15:22:07.250+00:00,1134.878,RX,baseline,00013EF7,1,7,01 00 00 0F 03 F7 3E
2026-09-28T15:22:07.250+00:00,1135.143,RX,baseline,00113EF7,1,5,01 00 00 F7 3E
2026-09-28T15:22:07.255+00:00,1139.876,RX,baseline,00016E04,1,7,01 00 00 0F 03 04 6E
2026-09-28T15:22:07.255+00:00,1140.142,RX,baseline,00116E04,1,5,01 00 00 04 6E
2026-09-28T15:22:07.260+00:00,1144.899,RX,baseline,000141DC,1,7,01 00 00 0F 03 DC 41
2026-09-28T15:22:07.260+00:00,1145.254,RX,baseline,001141DC,1,5,01 00 00 DC 41
2026-09-28T15:22:07.265+00:00,1150.206,RX,baseline,00019D16,1,7,01 00 00 0F 03 16 9D
2026-09-28T15:22:07.265+00:00,1150.364,RX,baseline,00119D16,1,5,01 00 00 16 9D
2026-09-28T15:22:07.270+00:00,1154.896,RX,baseline,0001EAB9,1,7,01 00 00 0F 03 B9 EA
2026-09-28T15:22:07.270+00:00,1155.153,RX,baseline,0011EAB9,1,5,01 00 00 B9 EA
2026-09-28T15:22:07.275+00:00,1159.955,RX,baseline,000198BE,1,7,01 00 00 0F 03 BE 98
2026-09-28T15:22:07.275+00:00,1160.398,RX,baseline,001198BE,1,5,01 00 00 BE 98
2026-09-28T15:22:07.280+00:00,1164.861,RX,baseline,0001D537,1,7,01 00 00 0F 03 37 D5
2026-09-28T15:22:07.280+00:00,1165.153,RX,baseline,0011D537,1,5,01 00 00 37 D5
2026-09-28T15:22:07.285+00:00,1169.978,RX,baseline,00010DBF,1,7,01 00 00 0F 03 BF 0D
2026-09-28T15:22:07.285+00:00,1170.152,RX,baseline,00110DBF,1,5,01 00 00 BF 0D
2026-09-28T15:22:07.290+00:00,1174.973,RX,baseline,0001A080,1,7,01 00 00 0F 03 80 A0
2026-09-28T15:22:07.290+00:00,1175.228,RX,baseline,0011A080,1,5,01 00 00 80 A0
2026-09-28T15:22:07.295+00:00,1179.919,RX,baseline,00012701,1,7,01 00 00 0F 03 01 27
2026-09-28T15:22:07.295+00:00,1180.215,RX,baseline,00112701,1,5,01 00 00 01 27
2026-09-28T15:22:07.300+00:00,1184.910,RX,baseline,00017CDD,1,7,01 00 00 0F 03 DD 7C
2026-09-28T15:22:07.300+00:00,1185.202,RX,baseline,00117CDD,1,5,01 00 00 DD 7C
2026-09-28T15:22:07.305+00:00,1189.918,RX,baseline,0001BA90,1,7,01 00 00 0F 03 90 BA
2026-09-28T15:22:07.305+00:00,1190.200,RX,baseline,0011BA90,1,5,01 00 00 90 BA
2026-09-28T15:22:07.310+00:00,1194.911,RX,baseline,0001E75B,1,7,01 00 00 0F 03 5B E7
2026-09-28T15:22:07.310+00:00,1195.202,RX,baseline,0011E75B,1,5,01 00 00 5B E7
2026-09-28T15:22:07.315+00:00,1199.894,RX,baseline,0001BD92,1,7,01 00 00 0F 03 92 BD
2026-09-28T15:22:07.315+00:00,1200.202,RX,baseline,0011BD92,1,5,01 00 00 92 BD
2026-09-28T15:22:07.320+00:00,1204.911,RX,baseline,0001F744,1,7,01 00 00 0F 03 44 F7
2026-09-28T15:22:07.320+00:00,1205.204,RX,baseline,0011F744,1,5,01 00 00 44 F7
2026-09-28T15:22:07.325+00:00,1209.934,RX,baseline,00018798,1,7,01 00 00 0F 03 98 87
2026-09-28T15:22:07.325+00:00,1210.206,RX,baseline,00118798,1,5,01 00 00 98 87
2026-09-28T15:22:07.330+00:00,1214.917,RX,baseline,0001FAE6,1,7,01 00 00 0F 03 E6 FA
2026-09-28T15:22:07.330+00:00,1215.188,RX,baseline,0011FAE6,1,5,01 00 00 E6 FA
2026-09-28T15:22:07.335+00:00,1219.907,RX,baseline,0001966C,1,7,01 00 00 0F 03 6C 96
2026-09-28T15:22:07.335+00:00,1220.201,RX,baseline,0011966C,1,5,01 00 00 6C 96
2026-09-28T15:22:07.340+00:00,1224.898,RX,baseline,00011903,1,7,01 00 00 0F 03 03 19
2026-09-28T15:22:07.340+00:00,1225.202,RX,baseline,00111903,1,5,01 00 00 03 19
2026-09-28T15:22:07.345+00:00,1229.962,RX,baseline,00017256,1,7,01 00 00 0F 03 56 72
2026-09-28T15:22:07.345+00:00,1230.204,RX,baseline,00117256,1,5,01 00 00 56 72
2026-09-28T15:22:07.350+00:00,1235.005,RX,baseline,000159DF,1,7,01 00 00 0F 03 DF 59
2026-09-28T15:22:07.350+00:00,1235.296,RX,baseline,001159DF,1,5,01 00 00 DF 59
2026-09-28T15:22:07.355+00:00,1240.011,RX,baseline,00014B66,1,7,01 00 00 0F 03 66 4B
2026-09-28T15:22:07.355+00:00,1240.274,RX,baseline,00114B66,1,5,01 00 00 66 4B
2026-09-28T15:22:07.360+00:00,1244.972,RX,baseline,0001F2C5,1,7,01 00 00 0F 03 C5 F2
2026-09-28T15:22:07.360+00:00,1245.273,RX,baseline,0011F2C5,1,5,01 00 00 C5 F2
2026-09-28T15:22:07.365+00:00,1250.000,RX,baseline,0001DF43,1,7,01 00 00 0F 03 43 DF
2026-09-28T15:22:07.365+00:00,1250.214,RX,baseline,0011DF43,1,5,01 00 00 43 DF
2026-09-28T15:22:07.370+00:00,1254.936,RX,baseline,0001547C,1,7,01 00 00 0F 03 7C 54
2026-09-28T15:22:07.370+00:00,1255.275,RX,baseline,0011547C,1,5,01 00 00 7C 54
2026-09-28T15:22:07.375+00:00,1260.046,RX,baseline,00019799,1,7,01 00 00 0F 03 99 97
2026-09-28T15:22:07.375+00:00,1260.159,RX,baseline,00119799,1,5,01 00 00 99 97
2026-09-28T15:22:07.380+00:00,1264.999,RX,baseline,0001BCFE,1,7,01 00 00 0F 03 FE BC
2026-09-28T15:22:07.380+00:00,1265.247,RX,baseline,0011BCFE,1,5,01 00 00 FE BC
2026-09-28T15:22:07.385+00:00,1269.986,RX,baseline,0001E412,1,7,01 00 00 0F 03 12 E4
2026-09-28T15:22:07.385+00:00,1270.253,RX,baseline,0011E412,1,5,01 00 00 12 E4
2026-09-28T15:22:07.390+00:00,1274.901,RX,baseline,0001A679,1,7,01 00 00 0F 03 79 A6
2026-09-28T15:22:07.390+00:00,1275.191,RX,baseline,0011A679,1,5,01 00 00 79 A6
2026-09-28T15:22:07.395+00:00,1279.975,RX,baseline,00014783,1,7,01 00 00 0F 03 83 47
2026-09-28T15:22:07.395+00:00,1280.278,RX,baseline,00114783,1,5,01 00 00 83 47
2026-09-28T15:22:07.400+00:00,1284.971,RX,baseline,00010D5A,1,7,01 00 00 0F 03 5A 0D
2026-09-28T15:22:07.400+00:00,1285.296,RX,baseline,00110D5A,1,5,01 00 00 5A 0D
2026-09-28T15:22:07.405+00:00,1289.968,RX,baseline,0001AEB4,1,7,01 00 00 0F 03 B4 AE
2026-09-28T15:22:07.405+00:00,1290.261,RX,baseline,0011AEB4,1,5,01 00 00 B4 AE
2026-09-28T15:22:07.410+00:00,1294.956,RX,baseline,0001F0F3,1,7,01 00 00 0F 03 F3 F0
2026-09-28T15:22:07.410+00:00,1295.262,RX,baseline,0011F0F3,1,5,01 00 00 F3 F0
2026-09-28T15:22:07.415+00:00,1299.997,RX,baseline,0001EBE9,1,7,01 00 00 0F 03 E9 EB
2026-09-28T15:22:07.415+00:00,1300.265,RX,baseline,0011EBE9,1,5,01 00 00 E9 EB
2026-09-28T15:22:07.420+00:00,1305.001,RX,baseline,0001C5F9,1,7,01 00 00 0F 03 F9 C5
2026-09-28T15:22:07.420+00:00,1305.265,RX,baseline,0011C5F9,1,5,01 00 00 F9 C5
2026-09-28T15:22:07.425+00:00,1309.964,RX,baseline,0001A91D,1,7,01 00 00 0F 03 1D A9
2026-09-28T15:22:07.425+00:00,1310.229,RX,baseline,0011A91D,1,5,01 00 00 1D A9
2026-09-28T15:22:07.430+00:00,1314.861,RX,baseline,000163F6,1,7,01 00 00 0F 03 F6 63
2026-09-28T15:22:07.430+00:00,1315.249,RX,baseline,001163F6,1,5,01 00 00 F6 63
2026-09-28T15:22:07.435+00:00,1319.857,RX,baseline,0001B380,1,7,01 00 00 0F 03 80 B3
2026-09-28T15:22:07.435+00:00,1320.150,RX,baseline,0011B380,1,5,01 00 00 80 B3
2026-09-28T15:22:07.440+00:00,1324.858,RX,baseline,00013A5C,1,7,01 00 00 0F 03 5C 3A
2026-09-28T15:22:07.440+00:00,1325.283,RX,baseline,00113A5C,1,5,01 00 00 5C 3A
2026-09-28T15:22:07.445+00:00,1329.857,RX,baseline,0001FDC7,1,7,01 00 00 0F 03 C7 FD
2026-09-28T15:22:07.445+00:00,1330.148,RX,baseline,0011FDC7,1,5,01 00 00 C7 FD
2026-09-28T15:22:07.450+00:00,1334.858,RX,baseline,00013BD7,1,7,01 00 00 0F 03 D7 3B
2026-09-28T15:22:07.450+00:00,1335.150,RX,baseline,00113BD7,1,5,01 00 00 D7 3B
2026-09-28T15:22:07.455+00:00,1339.856,RX,baseline,0001474B,1,7,01 00 00 0F 03 4B 47
2026-09-28T15:22:07.455+00:00,1340.144,RX,baseline,0011474B,1,5,01 00 00 4B 47
2026-09-28T15:22:07.460+00:00,1344.860,RX,baseline,00013A1D,1,7,01 00 00 0F 03 1D 3A
2026-09-28T15:22:07.460+00:00,1345.147,RX,baseline,00113A1D,1,5,01 00 00 1D 3A
2026-09-28T15:22:07.465+00:00,1349.880,RX,baseline,0001C0FA,1,7,01 00 00 0F 03 FA C0
2026-09-28T15:22:07.465+00:00,1350.152,RX,baseline,0011C0FA,1,5,01 00 00 FA C0
2026-09-28T15:22:07.470+00:00,1354.859,RX,baseline,00015642,1,7,01 00 00 0F 03 42 56
2026-09-28T15:22:07.470+00:00,1355.148,RX,baseline,00115642,1,5,01 00 00 42 56
2026-09-28T15:22:07.475+00:00,1359.869,RX,baseline,000181C2,1,7,01 00 00 0F 03 C2 81
2026-09-28T15:22:07.475+00:00,1360.159,RX,baseline,001181C2,1,5,01 00 00 C2 81
2026-09-28T15:22:07.480+00:00,1364.863,RX,baseline,00011960,1,7,01 00 00 0F 03 60 19
2026-09-28T15:22:07.480+00:00,1365.168,RX,baseline,00111960,1,5,01 00 00 60 19
2026-09-28T15:22:07.485+00:00,1369.850,RX,baseline,00014EC9,1,7,01 00 00 0F 03 C9 4E
2026-09-28T15:22:07.485+00:00,1370.231,RX,baseline,00114EC9,1,5,01 00 00 C9 4E
2026-09-28T15:22:07.490+00:00,1374.869,RX,baseline,0001CB12,1,7,01 00 00 0F 03 12 CB
2026-09-28T15:22:07.490+00:00,1375.166,RX,baseline,0011CB12,1,5,01 00 00 12 CB
2026-09-28T15:22:07.495+00:00,1379.871,RX,baseline,000154B6,1,7,01 00 00 0F 03 B6 54
2026-09-28T15:22:07.495+00:00,1380.148,RX,baseline,001154B6,1,5,01 00 00 B6 54
2026-09-28T15:22:07.500+00:00,1384.923,RX,baseline,0001CF0C,1,7,01 00 00 0F 03 0C CF
2026-09-28T15:22:07.500+00:00,1385.156,RX,baseline,0011CF0C,1,5,01 00 00 0C CF
2026-09-28T15:22:07.505+00:00,1389.923,RX,baseline,00019DDB,1,7,01 00 00 0F 03 DB 9D
2026-09-28T15:22:07.505+00:00,1390.185,RX,baseline,00119DDB,1,5,01 00 00 DB 9D
2026-09-28T15:22:07.510+00:00,1394.890,RX,baseline,000170E3,1,7,01 00 00 0F 03 E3 70
2026-09-28T15:22:07.510+00:00,1395.207,RX,baseline,001170E3,1,5,01 00 00 E3 70
2026-09-28T15:22:07.515+00:00,1399.943,RX,baseline,00018DF6,1,7,01 00 00 0F 03 F6 8D
2026-09-28T15:22:07.515+00:00,1400.219,RX,baseline,00118DF6,1,5,01 00 00 F6 8D
2026-09-28T15:22:07.520+00:00,1404.915,RX,baseline,0001F4B9,1,7,01 00 00 0F 03 B9 F4
2026-09-28T15:22:07.520+00:00,1405.189,RX,baseline,0011F4B9,1,5,01 00 00 B9 F4
2026-09-28T15:22:07.525+00:00,1409.926,RX,baseline,000186EE,1,7,01 00 00 0F 03 EE 86
2026-09-28T15:22:07.525+00:00,1410.204,RX,baseline,001186EE,1,5,01 00 00 EE 86
2026-09-28T15:22:07.530+00:00,1414.948,RX,baseline,00017168,1,7,01 00 00 0F 03 68 71
2026-09-28T15:22:07.530+00:00,1415.187,RX,baseline,00117168,1,5,01 00 00 68 71
2026-09-28T15:22:07.535+00:00,1419.939,RX,baseline,0001AEB0,1,7,01 00 00 0F 03 B0 AE
2026-09-28T15:22:07.535+00:00,1420.207,RX,baseline,0011AEB0,1,5,01 00 00 B0 AE
2026-09-28T15:22:07.540+00:00,1424.906,RX,baseline,0001EC67,1,7,01 00 00 0F 03 67 EC
2026-09-28T15:22:07.540+00:00,1425.136,RX,baseline,0011EC67,1,5,01 00 00 67 EC
2026-09-28T15:22:07.545+00:00,1429.992,RX,baseline,0001211B,1,7,01 00 00 0F 03 1B 21
2026-09-28T15:22:07.545+00:00,1430.111,RX,baseline,0011211B,1,5,01 00 00 1B 21
2026-09-28T15:22:07.550+00:00,1435.037,RX,baseline,0001D97C,1,7,01 00 00 0F 03 7C D9
2026-09-28T15:22:07.550+00:00,1435.127,RX,baseline,0011D97C,1,5,01 00 00 7C D9
2026-09-28T15:22:07.555+00:00,1440.083,RX,baseline,0001A998,1,7,01 00 00 0F 03 98 A9
2026-09-28T15:22:07.555+00:00,1440.141,RX,baseline,0011A998,1,5,01 00 00 98 A9
2026-09-28T15:22:07.560+00:00,1445.081,RX,baseline,0001DBF3,1,7,01 00 00 0F 03 F3 DB
2026-09-28T15:22:07.560+00:00,1445.139,RX,baseline,0011DBF3,1,5,01 00 00 F3 DB
2026-09-28T15:22:07.565+00:00,1450.094,RX,baseline,000102D8,1,7,01 00 00 0F 03 D8 02
2026-09-28T15:22:07.565+00:00,1450.141,RX,baseline,001102D8,1,5,01 00 00 D8 02
2026-09-28T15:22:07.570+00:00,1454.978,RX,baseline,000128F9,1,7,01 00 00 0F 03 F9 28
2026-09-28T15:22:07.570+00:00,1455.147,RX,baseline,001128F9,1,5,01 00 00 F9 28
2026-09-28T15:22:07.575+00:00,1459.912,RX,baseline,0001D3CA,1,7,01 00 00 0F 03 CA D3
2026-09-28T15:22:07.575+00:00,1460.149,RX,baseline,0011D3CA,1,5,01 00 00 CA D3
2026-09-28T15:22:07.580+00:00,1464.925,RX,baseline,0001B649,1,7,01 00 00 0F 03 49 B6
2026-09-28T15:22:07.580+00:00,1465.164,RX,baseline,0011B649,1,5,01 00 00 49 B6
2026-09-28T15:22:07.585+00:00,1470.002,RX,baseline,00019FC2,1,7,01 00 00 0F 03 C2 9F
2026-09-28T15:22:07.585+00:00,1470.094,RX,baseline,00119FC2,1,5,01 00 00 C2 9F
2026-09-28T15:22:07.590+00:00,1474.882,RX,baseline,0001E24B,1,7,01 00 00 0F 03 4B E2
2026-09-28T15:22:07.590+00:00,1475.212,RX,baseline,0011E24B,1,5,01 00 00 4B E2
2026-09-28T15:22:07.595+00:00,1479.900,RX,baseline,00019070,1,7,01 00 00 0F 03 70 90
2026-09-28T15:22:07.595+00:00,1480.141,RX,baseline,00119070,1,5,01 00 00 70 90
2026-09-28T15:22:07.600+00:00,1484.945,RX,baseline,00016E59,1,7,01 00 00 0F 03 59 6E
2026-09-28T15:22:07.600+00:00,1485.197,RX,baseline,00116E59,1,5,01 00 00 59 6E
2026-09-28T15:22:07.605+00:00,1490.056,RX,baseline,00018B17,1,7,01 00 00 0F 03 17 8B
2026-09-28T15:22:07.605+00:00,1490.112,RX,baseline,00118B17,1,5,01 00 00 17 8B
2026-09-28T15:22:07.610+00:00,1494.958,RX,baseline,00011DC3,1,7,01 00 00 0F 03 C3 1D
2026-09-28T15:22:07.610+00:00,1495.182,RX,baseline,00111DC3,1,5,01 00 00 C3 1D
2026-09-28T15:22:07.615+00:00,1499.996,RX,baseline,00013F22,1,7,01 00 00 0F 03 22 3F
2026-09-28T15:22:07.615+00:00,1500.073,RX,baseline,00113F22,1,5,01 00 00 22 3F
2026-09-28T15:22:07.620+00:00,1504.956,RX,baseline,0001E7CA,1,7,01 00 00 0F 03 CA E7
2026-09-28T15:22:07.620+00:00,1505.176,RX,baseline,0011E7CA,1,5,01 00 00 CA E7
2026-09-28T15:22:07.625+00:00,1509.996,RX,baseline,0001D704,1,7,01 00 00 0F 03 04 D7
2026-09-28T15:22:07.625+00:00,1510.072,RX,baseline,0011D704,1,5,01 00 00 04 D7
2026-09-28T15:22:07.630+00:00,1514.866,RX,baseline,000110AB,1,7,01 00 00 0F 03 AB 10
2026-09-28T15:22:07.630+00:00,1515.135,RX,baseline,001110AB,1,5,01 00 00 AB 10
2026-09-28T15:22:07.635+00:00,1519.937,RX,baseline,0001F10F,1,7,01 00 00 0F 03 0F F1
2026-09-28T15:22:07.635+00:00,1520.156,RX,baseline,0011F10F,1,5,01 00 00 0F F1
2026-09-28T15:22:07.640+00:00,1524.873,RX,baseline,00011570,1,7,01 00 00 0F 03 70 15
2026-09-28T15:22:07.640+00:00,1525.142,RX,baseline,00111570,1,5,01 00 00 70 15
2026-09-28T15:22:07.645+00:00,1529.926,RX,baseline,000158A3,1,7,01 00 00 0F 03 A3 58
2026-09-28T15:22:07.645+00:00,1530.197,RX,baseline,001158A3,1,5,01 00 00 A3 58
2026-09-28T15:22:07.650+00:00,1535.026,RX,baseline,0001AC1D,1,7,01 00 00 0F 03 1D AC
2026-09-28T15:22:07.650+00:00,1535.273,RX,baseline,0011AC1D,1,5,01 00 00 1D AC
2026-09-28T15:22:07.655+00:00,1540.075,RX,baseline,000154E0,1,7,01 00 00 0F 03 E0 54
2026-09-28T15:22:07.655+00:00,1540.326,RX,baseline,001154E0,1,5,01 00 00 E0 54
2026-09-28T15:22:07.660+00:00,1545.026,RX,baseline,0001FD7D,1,7,01 00 00 0F 03 7D FD
2026-09-28T15:22:07.660+00:00,1545.270,RX,baseline,0011FD7D,1,5,01 00 00 7D FD
2026-09-28T15:22:07.665+00:00,1550.125,RX,baseline,0001FCC2,1,7,01 00 00 0F 03 C2 FC
2026-09-28T15:22:07.665+00:00,1550.181,RX,baseline,0011FCC2,1,5,01 00 00 C2 FC
2026-09-28T15:22:07.670+00:00,1555.015,RX,baseline,00011F93,1,7,01 00 00 0F 03 93 1F
2026-09-28T15:22:07.670+00:00,1555.121,RX,baseline,00111F93,1,5,01 00 00 93 1F
2026-09-28T15:22:07.675+00:00,1560.061,RX,baseline,00016D57,1,7,01 00 00 0F 03 57 6D
2026-09-28T15:22:07.675+00:00,1560.198,RX,baseline,00116D57,1,5,01 00 00 57 6D
2026-09-28T15:22:07.680+00:00,1565.138,RX,baseline,0001DF79,1,7,01 00 00 0F 03 79 DF
2026-09-28T15:22:07.680+00:00,1565.194,RX,baseline,0011DF79,1,5,01 00 00 79 DF
2026-09-28T15:22:07.685+00:00,1570.116,RX,baseline,00011964,1,7,01 00 00 0F 03 64 19
2026-09-28T15:22:07.685+00:00,1570.260,RX,baseline,00111964,1,5,01 00 00 64 19
2026-09-28T15:22:07.690+00:00,1575.182,RX,baseline,0001673D,1,7,01 00 00 0F 03 3D 67
2026-09-28T15:22:07.690+00:00,1575.309,RX,baseline,0011673D,1,5,01 00 00 3D 67
2026-09-28T15:22:07.695+00:00,1579.975,RX,baseline,00016EB9,1,7,01 00 00 0F 03 B9 6E
2026-09-28T15:22:07.695+00:00,1580.196,RX,baseline,00116EB9,1,5,01 00 00 B9 6E
2026-09-28T15:22:07.700+00:00,1584.921,RX,baseline,000127F2,1,7,01 00 00 0F 03 F2 27
2026-09-28T15:22:07.700+00:00,1585.142,RX,baseline,001127F2,1,5,01 00 00 F2 27
2026-09-28T15:22:07.705+00:00,1589.869,RX,baseline,0001B408,1,7,01 00 00 0F 03 08 B4
2026-09-28T15:22:07.705+00:00,1590.163,RX,baseline,0011B408,1,5,01 00 00 08 B4
2026-09-28T15:22:07.710+00:00,1594.872,RX,baseline,0001EA15,1,7,01 00 00 0F 03 15 EA
2026-09-28T15:22:07.710+00:00,1595.147,RX,baseline,0011EA15,1,5,01 00 00 15 EA
2026-09-28T15:22:07.715+00:00,1599.902,RX,baseline,00018EF0,1,7,01 00 00 0F 03 F0 8E
2026-09-28T15:22:07.715+00:00,1600.143,RX,baseline,00118EF0,1,5,01 00 00 F0 8E
2026-09-28T15:22:07.720+00:00,1604.881,RX,baseline,00018DF3,1,7,01 00 00 0F 03 F3 8D
2026-09-28T15:22:07.720+00:00,1605.146,RX,baseline,00118DF3,1,5,01 00 00 F3 8D
2026-09-28T15:22:07.725+00:00,1609.888,RX,baseline,0001E4AB,1,7,01 00 00 0F 03 AB E4
2026-09-28T15:22:07.725+00:00,1610.191,RX,baseline,0011E4AB,1,5,01 00 00 AB E4
2026-09-28T15:22:07.730+00:00,1614.878,RX,baseline,000103B3,1,7,01 00 00 0F 03 B3 03
2026-09-28T15:22:07.730+00:00,1615.143,RX,baseline,001103B3,1,5,01 00 00 B3 03
2026-09-28T15:22:07.735+00:00,1619.983,RX,baseline,0001CC6F,1,7,01 00 00 0F 03 6F CC
2026-09-28T15:22:07.735+00:00,1620.094,RX,baseline,0011CC6F,1,5,01 00 00 6F CC
2026-09-28T15:22:07.740+00:00,1624.935,RX,baseline,00013235,1,7,01 00 00 0F 03 35 32
2026-09-28T15:22:07.740+00:00,1625.151,RX,baseline,00113235,1,5,01 00 00 35 32
2026-09-28T15:22:07.745+00:00,1630.043,RX,baseline,0001118D,1,7,01 00 00 0F 03 8D 11
2026-09-28T15:22:07.745+00:00,1630.130,RX,baseline,0011118D,1,5,01 00 00 8D 11
2026-09-28T15:22:07.750+00:00,1635.041,RX,baseline,000189E0,1,7,01 00 00 0F 03 E0 89
2026-09-28T15:22:07.750+00:00,1635.265,RX,baseline,001189E0,1,5,01 00 00 E0 89
2026-09-28T15:22:07.755+00:00,1640.065,RX,baseline,0001D7D4,1,7,01 00 00 0F 03 D4 D7
2026-09-28T15:22:07.755+00:00,1640.153,RX,baseline,0011D7D4,1,5,01 00 00 D4 D7
2026-09-28T15:22:07.760+00:00,1645.113,RX,baseline,00019017,1,7,01 00 00 0F 03 17 90
2026-09-28T15:22:07.760+00:00,1645.224,RX,baseline,00119017,1,5,01 00 00 17 90
2026-09-28T15:22:07.765+00:00,1650.003,RX,baseline,00014BB6,1,7,01 00 00 0F 03 B6 4B
2026-09-28T15:22:07.765+00:00,1650.106,RX,baseline,00114BB6,1,5,01 00 00 B6 4B
2026-09-28T15:22:07.770+00:00,1655.041,RX,baseline,00016DEB,1,7,01 00 00 0F 03 EB 6D
2026-09-28T15:22:07.770+00:00,1655.216,RX,baseline,00116DEB,1,5,01 00 00 EB 6D
2026-09-28T15:22:07.775+00:00,1660.110,RX,baseline,0001AC4F,1,7,01 00 00 0F 03 4F AC
2026-09-28T15:22:07.775+00:00,1660.166,RX,baseline,0011AC4F,1,5,01 00 00 4F AC
2026-09-28T15:22:07.780+00:00,1664.851,RX,baseline,0001AC4D,1,7,01 00 00 0F 03 4D AC
2026-09-28T15:22:07.780+00:00,1665.254,RX,baseline,0011AC4D,1,5,01 00 00 4D AC
2026-09-28T15:22:07.785+00:00,1670.122,RX,baseline,00019436,1,7,01 00 00 0F 03 36 94
2026-09-28T15:22:07.785+00:00,1670.326,RX,baseline,00119436,1,5,01 00 00 36 94
2026-09-28T15:22:07.790+00:00,1674.927,RX,baseline,00013DBE,1,7,01 00 00 0F 03 BE 3D
2026-09-28T15:22:07.790+00:00,1675.153,RX,baseline,00113DBE,1,5,01 00 00 BE 3D
2026-09-28T15:22:07.795+00:00,1680.060,RX,baseline,0001B2C4,1,7,01 00 00 0F 03 C4 B2
2026-09-28T15:22:07.795+00:00,1680.123,RX,baseline,0011B2C4,1,5,01 00 00 C4 B2
2026-09-28T15:22:07.800+00:00,1684.989,RX,baseline,0001095A,1,7,01 00 00 0F 03 5A 09
2026-09-28T15:22:07.800+00:00,1685.080,RX,baseline,0011095A,1,5,01 00 00 5A 09
2026-09-28T15:22:07.805+00:00,1690.124,RX,baseline,0001422F,1,7,01 00 00 0F 03 2F 42
2026-09-28T15:22:07.805+00:00,1690.180,RX,baseline,0011422F,1,5,01 00 00 2F 42
2026-09-28T15:22:07.810+00:00,1695.043,RX,baseline,0001C4AF,1,7,01 00 00 0F 03 AF C4
2026-09-28T15:22:07.810+00:00,1695.278,RX,baseline,0011C4AF,1,5,01 00 00 AF C4
2026-09-28T15:22:07.815+00:00,1700.061,RX,baseline,000137B1,1,7,01 00 00 0F 03 B1 37
2026-09-28T15:22:07.815+00:00,1700.165,RX,baseline,001137B1,1,5,01 00 00 B1 37
2026-09-28T15:22:07.820+00:00,1705.005,RX,baseline,0001CDBE,1,7,01 00 00 0F 03 BE CD
2026-09-28T15:22:07.820+00:00,1705.100,RX,baseline,0011CDBE,1,5,01 00 00 BE CD
2026-09-28T15:22:07.825+00:00,1709.996,RX,baseline,00013193,1,7,01 00 00 0F 03 93 31
2026-09-28T15:22:07.825+00:00,1710.140,RX,baseline,00113193,1,5,01 00 00 93 31
2026-09-28T15:22:07.830+00:00,1714.971,RX,baseline,00018017,1,7,01 00 00 0F 03 17 80
2026-09-28T15:22:07.830+00:00,1715.102,RX,baseline,00118017,1,5,01 00 00 17 80
2026-09-28T15:22:07.835+00:00,1719.980,RX,baseline,00017FD0,1,7,01 00 00 0F 03 D0 7F
2026-09-28T15:22:07.835+00:00,1720.225,RX,baseline,00117FD0,1,5,01 00 00 D0 7F
2026-09-28T15:22:07.840+00:00,1724.893,RX,baseline,0001CBEE,1,7,01 00 00 0F 03 EE CB
2026-09-28T15:22:07.840+00:00,1725.142,RX,baseline,0011CBEE,1,5,01 00 00 EE CB
2026-09-28T15:22:07.845+00:00,1729.849,RX,baseline,000132AD,1,7,01 00 00 0F 03 AD 32
2026-09-28T15:22:07.845+00:00,1730.142,RX,baseline,001132AD,1,5,01 00 00 AD 32
2026-09-28T15:22:07.850+00:00,1734.848,RX,baseline,000157A3,1,7,01 00 00 0F 03 A3 57
2026-09-28T15:22:07.850+00:00,1735.148,RX,baseline,001157A3,1,5,01 00 00 A3 57
2026-09-28T15:22:07.855+00:00,1739.913,RX,baseline,00017B7B,1,7,01 00 00 0F 03 7B 7B
2026-09-28T15:22:07.855+00:00,1740.153,RX,baseline,00117B7B,1,5,01 00 00 7B 7B
2026-09-28T15:22:07.860+00:00,1744.927,RX,baseline,00018007,1,7,01 00 00 0F 03 07 80
2026-09-28T15:22:07.860+00:00,1745.151,RX,baseline,00118007,1,5,01 00 00 07 80
2026-09-28T15:22:07.865+00:00,1749.922,RX,baseline,00014661,1,7,01 00 00 0F 03 61 46
2026-09-28T15:22:07.865+00:00,1750.152,RX,baseline,00114661,1,5,01 00 00 61 46
2026-09-28T15:22:07.870+00:00,1754.901,RX,baseline,0001F96C,1,7,01 00 00 0F 03 6C F9
2026-09-28T15:22:07.870+00:00,1755.142,RX,baseline,0011F96C,1,5,01 00 00 6C F9
2026-09-28T15:22:07.875+00:00,1759.851,RX,baseline,00018CD3,1,7,01 00 00 0F 03 D3 8C
2026-09-28T15:22:07.875+00:00,1760.150,RX,baseline,00118CD3,1,5,01 00 00 D3 8C
2026-09-28T15:22:07.880+00:00,1764.861,RX,baseline,00014F41,1,7,01 00 00 0F 03 41 4F
2026-09-28T15:22:07.880+00:00,1765.151,RX,baseline,00114F41,1,5,01 00 00 41 4F
2026-09-28T15:22:07.885+00:00,1769.995,RX,baseline,0001FB32,1,7,01 00 00 0F 03 32 FB
2026-09-28T15:22:07.885+00:00,1770.223,RX,baseline,0011FB32,1,5,01 00 00 32 FB
2026-09-28T15:22:07.890+00:00,1774.908,RX,baseline,00019DC7,1,7,01 00 00 0F 03 C7 9D
2026-09-28T15:22:07.890+00:00,1775.136,RX,baseline,00119DC7,1,5,01 00 00 C7 9D
2026-09-28T15:22:07.895+00:00,1779.849,RX,baseline,00017C9F,1,7,01 00 00 0F 03 9F 7C
2026-09-28T15:22:07.895+00:00,1780.144,RX,baseline,00117C9F,1,5,01 00 00 9F 7C
2026-09-28T15:22:07.900+00:00,1784.874,RX,baseline,00015924,1,7,01 00 00 0F 03 24 59
2026-09-28T15:22:07.900+00:00,1785.142,RX,baseline,00115924,1,5,01 00 00 24 59
2026-09-28T15:22:07.905+00:00,1789.920,RX,baseline,0001AF06,1,7,01 00 00 0F 03 06 AF
2026-09-28T15:22:07.905+00:00,1790.159,RX,baseline,0011AF06,1,5,01 00 00 06 AF
2026-09-28T15:22:07.910+00:00,1794.914,RX,baseline,000176DD,1,7,01 00 00 0F 03 DD 76
2026-09-28T15:22:07.910+00:00,1795.142,RX,baseline,001176DD,1,5,01 00 00 DD 76
2026-09-28T15:22:07.915+00:00,1799.849,RX,baseline,00011DF4,1,7,01 00 00 0F 03 F4 1D
2026-09-28T15:22:07.915+00:00,1800.142,RX,baseline,00111DF4,1,5,01 00 00 F4 1D
2026-09-28T15:22:07.920+00:00,1804.866,RX,baseline,0001C67D,1,7,01 00 00 0F 03 7D C6
2026-09-28T15:22:07.920+00:00,1805.161,RX,baseline,0011C67D,1,5,01 00 00 7D C6
2026-09-28T15:22:07.925+00:00,1810.043,RX,baseline,0001E1AB,1,7,01 00 00 0F 03 AB E1
2026-09-28T15:22:07.925+00:00,1810.100,RX,baseline,0011E1AB,1,5,01 00 00 AB E1
2026-09-28T15:22:07.930+00:00,1814.848,RX,baseline,000147F9,1,7,01 00 00 0F 03 F9 47
2026-09-28T15:22:07.930+00:00,1815.143,RX,baseline,001147F9,1,5,01 00 00 F9 47
2026-09-28T15:22:07.935+00:00,1819.837,RX,baseline,00013899,1,7,01 00 00 0F 03 99 38
2026-09-28T15:22:07.935+00:00,1820.083,RX,baseline,00113899,1,5,01 00 00 99 38
2026-09-28T15:22:07.940+00:00,1824.836,RX,baseline,0001A60D,1,7,01 00 00 0F 03 0D A6
2026-09-28T15:22:07.940+00:00,1825.107,RX,baseline,0011A60D,1,5,01 00 00 0D A6
2026-09-28T15:22:07.945+00:00,1829.993,RX,baseline,0001A018,1,7,01 00 00 0F 03 18 A0
2026-09-28T15:22:07.945+00:00,1830.227,RX,baseline,0011A018,1,5,01 00 00 18 A0
2026-09-28T15:22:07.950+00:00,1835.087,RX,baseline,0001F8A3,1,7,01 00 00 0F 03 A3 F8
2026-09-28T15:22:07.950+00:00,1835.200,RX,baseline,0011F8A3,1,5,01 00 00 A3 F8
2026-09-28T15:22:07.955+00:00,1839.853,RX,baseline,00015E27,1,7,01 00 00 0F 03 27 5E
2026-09-28T15:22:07.955+00:00,1840.263,RX,baseline,00115E27,1,5,01 00 00 27 5E
2026-09-28T15:22:07.960+00:00,1844.868,RX,baseline,00011B06,1,7,01 00 00 0F 03 06 1B
2026-09-28T15:22:07.960+00:00,1845.140,RX,baseline,00111B06,1,5,01 00 00 06 1B
2026-09-28T15:22:07.965+00:00,1849.818,RX,baseline,0001A874,1,7,01 00 00 0F 03 74 A8
2026-09-28T15:22:07.965+00:00,1850.131,RX,baseline,0011A874,1,5,01 00 00 74 A8
2026-09-28T15:22:07.970+00:00,1854.979,RX,baseline,00012F70,1,7,01 00 00 0F 03 70 2F
2026-09-28T15:22:07.970+00:00,1855.190,RX,baseline,00112F70,1,5,01 00 00 70 2F
2026-09-28T15:22:07.975+00:00,1859.965,RX,baseline,000199F2,1,7,01 00 00 0F 03 F2 99
2026-09-28T15:22:07.975+00:00,1860.118,RX,baseline,001199F2,1,5,01 00 00 F2 99
2026-09-28T15:22:07.980+00:00,1864.905,RX,baseline,00015936,1,7,01 00 00 0F 03 36 59
2026-09-28T15:22:07.980+00:00,1865.180,RX,baseline,00115936,1,5,01 00 00 36 59
2026-09-28T15:22:07.985+00:00,1869.839,RX,baseline,0001DAD7,1,7,01 00 00 0F 03 D7 DA
2026-09-28T15:22:07.985+00:00,1870.099,RX,baseline,0011DAD7,1,5,01 00 00 D7 DA
2026-09-28T15:22:07.990+00:00,1874.842,RX,baseline,0001BC96,1,7,01 00 00 0F 03 96 BC
2026-09-28T15:22:07.990+00:00,1875.162,RX,baseline,0011BC96,1,5,01 00 00 96 BC
2026-09-28T15:22:07.995+00:00,1880.093,RX,baseline,000167AA,1,7,01 00 00 0F 03 AA 67
2026-09-28T15:22:07.995+00:00,1880.166,RX,baseline,001167AA,1,5,01 00 00 AA 67
2026-09-28T15:22:08.000+00:00,1885.040,RX,baseline,0001D2FF,1,7,01 00 00 0F 03 FF D2
2026-09-28T15:22:08.000+00:00,1885.124,RX,baseline,0011D2FF,1,5,01 00 00 FF D2
2026-09-28T15:22:08.005+00:00,1890.092,RX,baseline,000172D1,1,7,01 00 00 0F 03 D1 72
2026-09-28T15:22:08.005+00:00,1890.150,RX,baseline,001172D1,1,5,01 00 00 D1 72
2026-09-28T15:22:08.010+00:00,1894.820,RX,baseline,00016042,1,7,01 00 00 0F 03 42 60
2026-09-28T15:22:08.010+00:00,1895.101,RX,baseline,00116042,1,5,01 00 00 42 60
2026-09-28T15:22:08.015+00:00,1900.068,RX,baseline,00016CC0,1,7,01 00 00 0F 03 C0 6C
2026-09-28T15:22:08.015+00:00,1900.159,RX,baseline,00116CC0,1,5,01 00 00 C0 6C
2026-09-28T15:22:08.020+00:00,1905.012,RX,baseline,0001210D,1,7,01 00 00 0F 03 0D 21
2026-09-28T15:22:08.020+00:00,1905.087,RX,baseline,0011210D,1,5,01 00 00 0D 21
2026-09-28T15:22:08.025+00:00,1910.067,RX,baseline,000175AE,1,7,01 00 00 0F 03 AE 75
2026-09-28T15:22:08.025+00:00,1910.146,RX,baseline,001175AE,1,5,01 00 00 AE 75
2026-09-28T15:22:08.030+00:00,1915.000,RX,baseline,000124A9,1,7,01 00 00 0F 03 A9 24
2026-09-28T15:22:08.030+00:00,1915.056,RX,baseline,001124A9,1,5,01 00 00 A9 24
2026-09-28T15:22:08.035+00:00,1920.045,RX,baseline,00014C89,1,7,01 00 00 0F 03 89 4C
2026-09-28T15:22:08.035+00:00,1920.156,RX,baseline,00114C89,1,5,01 00 00 89 4C
2026-09-28T15:22:08.040+00:00,1924.966,RX,baseline,000133C6,1,7,01 00 00 0F 03 C6 33
2026-09-28T15:22:08.040+00:00,1925.038,RX,baseline,001133C6,1,5,01 00 00 C6 33
2026-09-28T15:22:08.045+00:00,1929.910,RX,baseline,0001DD76,1,7,01 00 00 0F 03 76 DD
2026-09-28T15:22:08.045+00:00,1930.001,RX,baseline,0011DD76,1,5,01 00 00 76 DD
2026-09-28T15:22:08.050+00:00,1934.830,RX,baseline,00011BDF,1,7,01 00 00 0F 03 DF 1B
2026-09-28T15:22:08.050+00:00,1935.065,RX,baseline,00111BDF,1,5,01 00 00 DF 1B
2026-09-28T15:22:08.055+00:00,1939.852,RX,baseline,00017F23,1,7,01 00 00 0F 03 23 7F
2026-09-28T15:22:08.055+00:00,1940.070,RX,baseline,00117F23,1,5,01 00 00 23 7F
2026-09-28T15:22:08.060+00:00,1944.816,RX,baseline,0001527F,1,7,01 00 00 0F 03 7F 52
2026-09-28T15:22:08.060+00:00,1945.061,RX,baseline,0011527F,1,5,01 00 00 7F 52
2026-09-28T15:22:08.065+00:00,1949.878,RX,baseline,000108B6,1,7,01 00 00 0F 03 B6 08
2026-09-28T15:22:08.065+00:00,1950.143,RX,baseline,001108B6,1,5,01 00 00 B6 08
2026-09-28T15:22:08.070+00:00,1954.906,RX,baseline,0001C969,1,7,01 00 00 0F 03 69 C9
2026-09-28T15:22:08.070+00:00,1955.146,RX,baseline,0011C969,1,5,01 00 00 69 C9
2026-09-28T15:22:08.075+00:00,1959.897,RX,baseline,00010F1A,1,7,01 00 00 0F 03 1A 0F
2026-09-28T15:22:08.075+00:00,1960.142,RX,baseline,00110F1A,1,5,01 00 00 1A 0F
2026-09-28T15:22:08.080+00:00,1964.908,RX,baseline,00012C73,1,7,01 00 00 0F 03 73 2C
2026-09-28T15:22:08.080+00:00,1965.146,RX,baseline,00112C73,1,5,01 00 00 73 2C
2026-09-28T15:22:08.085+00:00,1969.833,RX,baseline,0001F700,1,7,01 00 00 0F 03 00 F7
2026-09-28T15:22:08.085+00:00,1970.158,RX,baseline,0011F700,1,5,01 00 00 00 F7
2026-09-28T15:22:08.090+00:00,1974.888,RX,baseline,0001CB93,1,7,01 00 00 0F 03 93 CB
2026-09-28T15:22:08.090+00:00,1975.018,RX,baseline,0011CB93,1,5,01 00 00 93 CB
2026-09-28T15:22:08.095+00:00,1979.956,RX,baseline,000181C9,1,7,01 00 00 0F 03 C9 81
2026-09-28T15:22:08.095+00:00,1980.032,RX,baseline,001181C9,1,5,01 00 00 C9 81
2026-09-28T15:22:08.100+00:00,1984.977,RX,baseline,0001F373,1,7,01 00 00 0F 03 73 F3
2026-09-28T15:22:08.100+00:00,1985.034,RX,baseline,0011F373,1,5,01 00 00 73 F3
2026-09-28T15:22:08.105+00:00,1990.162,RX,baseline,00019A33,1,7,01 00 00 0F 03 33 9A
2026-09-28T15:22:08.105+00:00,1990.273,RX,baseline,00119A33,1,5,01 00 00 33 9A
2026-09-28T15:22:08.110+00:00,1994.952,RX,baseline,00016482,1,7,01 00 00 0F 03 82 64
2026-09-28T15:22:08.110+00:00,1995.188,RX,baseline,00116482,1,5,01 00 00 82 64
2026-09-28T15:22:08.115+00:00,2000.006,RX,baseline,00019681,1,7,01 00 00 0F 03 81 96
2026-09-28T15:22:08.115+00:00,2000.062,RX,baseline,00119681,1,5,01 00 00 81 96
2026-09-28T15:22:08.120+00:00,2004.957,RX,baseline,00015C5D,1,7,01 00 00 0F 03 5D 5C
2026-09-28T15:22:08.120+00:00,2005.034,RX,baseline,00115C5D,1,5,01 00 00 5D 5C
2026-09-28T15:22:08.125+00:00,2009.977,RX,baseline,0001307A,1,7,01 00 00 0F 03 7A 30
2026-09-28T15:22:08.125+00:00,2010.034,RX,baseline,0011307A,1,5,01 00 00 7A 30
2026-09-28T15:22:08.130+00:00,2014.853,RX,baseline,00010B08,1,7,01 00 00 0F 03 08 0B
2026-09-28T15:22:08.130+00:00,2015.218,RX,baseline,00110B08,1,5,01 00 00 08 0B
2026-09-28T15:22:08.135+00:00,2019.979,RX,baseline,00011C6B,1,7,01 00 00 0F 03 6B 1C
2026-09-28T15:22:08.135+00:00,2020.157,RX,baseline,00111C6B,1,5,01 00 00 6B 1C
2026-09-28T15:22:08.140+00:00,2024.789,RX,baseline,0001C14D,1,7,01 00 00 0F 03 4D C1
2026-09-28T15:22:08.140+00:00,2024.997,RX,baseline,0011C14D,1,5,01 00 00 4D C1
2026-09-28T15:22:08.145+00:00,2030.018,RX,baseline,00019315,1,7,01 00 00 0F 03 15 93
2026-09-28T15:22:08.145+00:00,2030.202,RX,baseline,00119315,1,5,01 00 00 15 93
2026-09-28T15:22:08.150+00:00,2035.001,RX,baseline,0001F33A,1,7,01 00 00 0F 03 3A F3
2026-09-28T15:22:08.150+00:00,2035.067,RX,baseline,0011F33A,1,5,01 00 00 3A F3
2026-09-28T15:22:08.155+00:00,2040.006,RX,baseline,0001C72D,1,7,01 00 00 0F 03 2D C7
2026-09-28T15:22:08.155+00:00,2040.062,RX,baseline,0011C72D,1,5,01 00 00 2D C7
2026-09-28T15:22:08.160+00:00,2044.971,RX,baseline,00011995,1,7,01 00 00 0F 03 95 19
2026-09-28T15:22:08.160+00:00,2045.111,RX,baseline,00111995,1,5,01 00 00 95 19
2026-09-28T15:22:08.165+00:00,2049.905,RX,baseline,00017DD9,1,7,01 00 00 0F 03 D9 7D
2026-09-28T15:22:08.165+00:00,2050.012,RX,baseline,00117DD9,1,5,01 00 00 D9 7D
2026-09-28T15:22:08.170+00:00,2055.088,RX,baseline,0001A6C2,1,7,01 00 00 0F 03 C2 A6
2026-09-28T15:22:08.170+00:00,2055.132,RX,baseline,0011A6C2,1,5,01 00 00 C2 A6
2026-09-28T15:22:08.175+00:00,2060.014,RX,baseline,0001EA4E,1,7,01 00 00 0F 03 4E EA
2026-09-28T15:22:08.175+00:00,2060.091,RX,baseline,0011EA4E,1,5,01 00 00 4E EA
2026-09-28T15:22:08.180+00:00,2064.974,RX,baseline,0001276C,1,7,01 00 00 0F 03 6C 27
2026-09-28T15:22:08.180+00:00,2065.104,RX,baseline,0011276C,1,5,01 00 00 6C 27
2026-09-28T15:22:08.185+00:00,2070.011,RX,baseline,0001DF78,1,7,01 00 00 0F 03 78 DF
2026-09-28T15:22:08.185+00:00,2070.110,RX,baseline,0011DF78,1,5,01 00 00 78 DF
2026-09-28T15:22:08.190+00:00,2075.089,RX,baseline,000194F4,1,7,01 00 00 0F 03 F4 94
2026-09-28T15:22:08.190+00:00,2075.197,RX,baseline,001194F4,1,5,01 00 00 F4 94
2026-09-28T15:22:08.195+00:00,2079.826,RX,baseline,00016B59,1,7,01 00 00 0F 03 59 6B
2026-09-28T15:22:08.195+00:00,2080.141,RX,baseline,00116B59,1,5,01 00 00 59 6B
2026-09-28T15:22:08.200+00:00,2084.820,RX,baseline,00016369,1,7,01 00 00 0F 03 69 63
2026-09-28T15:22:08.200+00:00,2085.051,RX,baseline,00116369,1,5,01 00 00 69 63
2026-09-28T15:22:08.205+00:00,2089.822,RX,baseline,00013280,1,7,01 00 00 0F 03 80 32
2026-09-28T15:22:08.205+00:00,2090.143,RX,baseline,00113280,1,5,01 00 00 80 32
2026-09-28T15:22:08.210+00:00,2094.872,RX,baseline,00019EA1,1,7,01 00 00 0F 03 A1 9E
2026-09-28T15:22:08.210+00:00,2095.012,RX,baseline,00119EA1,1,5,01 00 00 A1 9E
2026-09-28T15:22:08.215+00:00,2099.799,RX,baseline,00016EC3,1,7,01 00 00 0F 03 C3 6E
2026-09-28T15:22:08.215+00:00,2100.044,RX,baseline,00116EC3,1,5,01 00 00 C3 6E
2026-09-28T15:22:08.220+00:00,2104.907,RX,baseline,000131AD,1,7,01 00 00 0F 03 AD 31
2026-09-28T15:22:08.220+00:00,2105.000,RX,baseline,001131AD,1,5,01 00 00 AD 31
2026-09-28T15:22:08.225+00:00,2109.838,RX,baseline,0001CB24,1,7,01 00 00 0F 03 24 CB
2026-09-28T15:22:08.225+00:00,2110.133,RX,baseline,0011CB24,1,5,01 00 00 24 CB
2026-09-28T15:22:08.230+00:00,2114.889,RX,baseline,0001A1AE,1,7,01 00 00 0F 03 AE A1
2026-09-28T15:22:08.230+00:00,2115.117,RX,baseline,0011A1AE,1,5,01 00 00 AE A1
2026-09-28T15:22:08.235+00:00,2119.845,RX,baseline,0001438C,1,7,01 00 00 0F 03 8C 43
2026-09-28T15:22:08.235+00:00,2120.076,RX,baseline,0011438C,1,5,01 00 00 8C 43
2026-09-28T15:22:08.240+00:00,2124.839,RX,baseline,0001E0E2,1,7,01 00 00 0F 03 E2 E0
2026-09-28T15:22:08.240+00:00,2125.160,RX,baseline,0011E0E2,1,5,01 00 00 E2 E0
2026-09-28T15:22:08.245+00:00,2129.816,RX,baseline,00011DBC,1,7,01 00 00 0F 03 BC 1D
2026-09-28T15:22:08.245+00:00,2130.166,RX,baseline,00111DBC,1,5,01 00 00 BC 1D
2026-09-28T15:22:08.250+00:00,2134.864,RX,baseline,00011863,1,7,01 00 00 0F 03 63 18
2026-09-28T15:22:08.250+00:00,2135.183,RX,baseline,00111863,1,5,01 00 00 63 18
2026-09-28T15:22:08.255+00:00,2140.013,RX,baseline,00011DA7,1,7,01 00 00 0F 03 A7 1D
2026-09-28T15:22:08.255+00:00,2140.095,RX,baseline,00111DA7,1,5,01 00 00 A7 1D
2026-09-28T15:22:08.260+00:00,2145.024,RX,baseline,0001B6E6,1,7,01 00 00 0F 03 E6 B6
2026-09-28T15:22:08.260+00:00,2145.124,RX,baseline,0011B6E6,1,5,01 00 00 E6 B6
2026-09-28T15:22:08.265+00:00,2150.002,RX,baseline,00011A0D,1,7,01 00 00 0F 03 0D 1A
2026-09-28T15:22:08.265+00:00,2150.084,RX,baseline,00111A0D,1,5,01 00 00 0D 1A
2026-09-28T15:22:08.270+00:00,2154.917,RX,baseline,00019C83,1,7,01 00 00 0F 03 83 9C
2026-09-28T15:22:08.270+00:00,2155.257,RX,baseline,00119C83,1,5,01 00 00 83 9C
2026-09-28T15:22:08.275+00:00,2159.832,RX,baseline,0001FF19,1,7,01 00 00 0F 03 19 FF
2026-09-28T15:22:08.275+00:00,2160.173,RX,baseline,0011FF19,1,5,01 00 00 19 FF
2026-09-28T15:22:08.280+00:00,2165.042,RX,baseline,0001FF46,1,7,01 00 00 0F 03 46 FF
2026-09-28T15:22:08.280+00:00,2165.161,RX,baseline,0011FF46,1,5,01 00 00 46 FF
2026-09-28T15:22:08.285+00:00,2169.805,RX,baseline,00017B49,1,7,01 00 00 0F 03 49 7B
2026-09-28T15:22:08.285+00:00,2170.099,RX,baseline,00117B49,1,5,01 00 00 49 7B
2026-09-28T15:22:08.290+00:00,2174.777,RX,baseline,00017A1F,1,7,01 00 00 0F 03 1F 7A
2026-09-28T15:22:08.290+00:00,2175.029,RX,baseline,00117A1F,1,5,01 00 00 1F 7A
2026-09-28T15:22:08.295+00:00,2180.037,RX,baseline,000167E3,1,7,01 00 00 0F 03 E3 67
2026-09-28T15:22:08.295+00:00,2180.150,RX,baseline,001167E3,1,5,01 00 00 E3 67
2026-09-28T15:22:08.300+00:00,2184.801,RX,baseline,0001276C,1,7,01 00 00 0F 03 6C 27
2026-09-28T15:22:08.300+00:00,2185.083,RX,baseline,0011276C,1,5,01 00 00 6C 27
2026-09-28T15:22:08.305+00:00,2189.912,RX,baseline,000100D5,1,7,01 00 00 0F 03 D5 00
2026-09-28T15:22:08.305+00:00,2190.166,RX,baseline,001100D5,1,5,01 00 00 D5 00
2026-09-28T15:22:08.310+00:00,2194.940,RX,baseline,00013A2A,1,7,01 00 00 0F 03 2A 3A
2026-09-28T15:22:08.310+00:00,2195.053,RX,baseline,00113A2A,1,5,01 00 00 2A 3A
2026-09-28T15:22:08.315+00:00,2199.798,RX,baseline,000138A0,1,7,01 00 00 0F 03 A0 38
2026-09-28T15:22:08.315+00:00,2200.137,RX,baseline,001138A0,1,5,01 00 00 A0 38
2026-09-28T15:22:08.320+00:00,2204.793,RX,baseline,0001C497,1,7,01 00 00 0F 03 97 C4
2026-09-28T15:22:08.320+00:00,2205.059,RX,baseline,0011C497,1,5,01 00 00 97 C4
2026-09-28T15:22:08.325+00:00,2210.033,RX,baseline,0001EFCC,1,7,01 00 00 0F 03 CC EF
2026-09-28T15:22:08.325+00:00,2210.130,RX,baseline,0011EFCC,1,5,01 00 00 CC EF
2026-09-28T15:22:08.330+00:00,2214.997,RX,baseline,000144CB,1,7,01 00 00 0F 03 CB 44
2026-09-28T15:22:08.330+00:00,2215.078,RX,baseline,001144CB,1,5,01 00 00 CB 44
2026-09-28T15:22:08.335+00:00,2219.932,RX,baseline,000193ED,1,7,01 00 00 0F 03 ED 93
2026-09-28T15:22:08.335+00:00,2220.089,RX,baseline,001193ED,1,5,01 00 00 ED 93
2026-09-28T15:22:08.340+00:00,2224.978,RX,baseline,0001AF8D,1,7,01 00 00 0F 03 8D AF
2026-09-28T15:22:08.340+00:00,2225.044,RX,baseline,0011AF8D,1,5,01 00 00 8D AF
2026-09-28T15:22:08.345+00:00,2229.827,RX,baseline,00012145,1,7,01 00 00 0F 03 45 21
2026-09-28T15:22:08.345+00:00,2230.059,RX,baseline,00112145,1,5,01 00 00 45 21
2026-09-28T15:22:08.350+00:00,2234.802,RX,baseline,00016375,1,7,01 00 00 0F 03 75 63
2026-09-28T15:22:08.350+00:00,2235.033,RX,baseline,00116375,1,5,01 00 00 75 63
2026-09-28T15:22:08.355+00:00,2239.835,RX,baseline,0001868C,1,7,01 00 00 0F 03 8C 86
2026-09-28T15:22:08.355+00:00,2239.932,RX,baseline,0011868C,1,5,01 00 00 8C 86
2026-09-28T15:22:08.360+00:00,2244.817,RX,baseline,0001FA12,1,7,01 00 00 0F 03 12 FA
2026-09-28T15:22:08.360+00:00,2245.064,RX,baseline,0011FA12,1,5,01 00 00 12 FA
2026-09-28T15:22:08.365+00:00,2249.803,RX,baseline,00019557,1,7,01 00 00 0F 03 57 95
2026-09-28T15:22:08.365+00:00,2250.052,RX,baseline,00119557,1,5,01 00 00 57 95
2026-09-28T15:22:08.370+00:00,2254.847,RX,baseline,000142B7,1,7,01 00 00 0F 03 B7 42
2026-09-28T15:22:08.370+00:00,2255.087,RX,baseline,001142B7,1,5,01 00 00 B7 42
2026-09-28T15:22:08.375+00:00,2259.835,RX,baseline,0001F246,1,7,01 00 00 0F 03 46 F2
2026-09-28T15:22:08.375+00:00,2259.959,RX,baseline,0011F246,1,5,01 00 00 46 F2
2026-09-28T15:22:08.380+00:00,2264.904,RX,baseline,00012216,1,7,01 00 00 0F 03 16 22
2026-09-28T15:22:08.380+00:00,2265.024,RX,baseline,00112216,1,5,01 00 00 16 22
2026-09-28T15:22:08.385+00:00,2270.012,RX,baseline,00018ED8,1,7,01 00 00 0F 03 D8 8E
2026-09-28T15:22:08.385+00:00,2270.089,RX,baseline,00118ED8,1,5,01 00 00 D8 8E
2026-09-28T15:22:08.390+00:00,2274.767,RX,baseline,000123D2,1,7,01 00 00 0F 03 D2 23
2026-09-28T15:22:08.390+00:00,2275.005,RX,baseline,001123D2,1,5,01 00 00 D2 23
2026-09-28T15:22:08.395+00:00,2279.735,RX,baseline,00015F93,1,7,01 00 00 0F 03 93 5F
2026-09-28T15:22:08.395+00:00,2279.972,RX,baseline,00115F93,1,5,01 00 00 93 5F
2026-09-28T15:22:08.400+00:00,2284.755,RX,baseline,00010AB1,1,7,01 00 00 0F 03 B1 0A
2026-09-28T15:22:08.400+00:00,2284.971,RX,baseline,00110AB1,1,5,01 00 00 B1 0A
2026-09-28T15:22:08.405+00:00,2289.747,RX,baseline,0001FFE8,1,7,01 00 00 0F 03 E8 FF
2026-09-28T15:22:08.405+00:00,2289.979,RX,baseline,0011FFE8,1,5,01 00 00 E8 FF
2026-09-28T15:22:08.410+00:00,2294.741,RX,baseline,0001520F,1,7,01 00 00 0F 03 0F 52
2026-09-28T15:22:08.410+00:00,2294.971,RX,baseline,0011520F,1,5,01 00 00 0F 52
2026-09-28T15:22:08.415+00:00,2299.745,RX,baseline,0001B9FA,1,7,01 00 00 0F 03 FA B9
2026-09-28T15:22:08.415+00:00,2299.979,RX,baseline,0011B9FA,1,5,01 00 00 FA B9
2026-09-28T15:22:08.420+00:00,2304.758,RX,baseline,00010ECF,1,7,01 00 00 0F 03 CF 0E
2026-09-28T15:22:08.420+00:00,2305.001,RX,baseline,00110ECF,1,5,01 00 00 CF 0E
2026-09-28T15:22:08.425+00:00,2309.748,RX,baseline,0001CB30,1,7,01 00 00 0F 03 30 CB
2026-09-28T15:22:08.425+00:00,2309.989,RX,baseline,0011CB30,1,5,01 00 00 30 CB
2026-09-28T15:22:08.430+00:00,2314.750,RX,baseline,0001C7CE,1,7,01 00 00 0F 03 CE C7
2026-09-28T15:22:08.430+00:00,2314.992,RX,baseline,0011C7CE,1,5,01 00 00 CE C7
2026-09-28T15:22:08.435+00:00,2319.863,RX,baseline,00013339,1,7,01 00 00 0F 03 39 33
2026-09-28T15:22:08.435+00:00,2320.097,RX,baseline,00113339,1,5,01 00 00 39 33
2026-09-28T15:22:08.440+00:00,2324.887,RX,baseline,000115AA,1,7,01 00 00 0F 03 AA 15
2026-09-28T15:22:08.440+00:00,2325.041,RX,baseline,001115AA,1,5,01 00 00 AA 15
2026-09-28T15:22:08.445+00:00,2329.832,RX,baseline,00011DEA,1,7,01 00 00 0F 03 EA 1D
2026-09-28T15:22:08.445+00:00,2330.094,RX,baseline,00111DEA,1,5,01 00 00 EA 1D
2026-09-28T15:22:08.450+00:00,2334.759,RX,baseline,00019B5D,1,7,01 00 00 0F 03 5D 9B
2026-09-28T15:22:08.450+00:00,2335.005,RX,baseline,00119B5D,1,5,01 00 00 5D 9B
2026-09-28T15:22:08.455+00:00,2339.761,RX,baseline,00010D23,1,7,01 00 00 0F 03 23 0D
2026-09-28T15:22:08.455+00:00,2340.005,RX,baseline,00110D23,1,5,01 00 00 23 0D
2026-09-28T15:22:08.460+00:00,2344.962,RX,baseline,0001A8FA,1,7,01 00 00 0F 03 FA A8
2026-09-28T15:22:08.460+00:00,2345.026,RX,baseline,0011A8FA,1,5,01 00 00 FA A8
2026-09-28T15:22:08.465+00:00,2349.839,RX,baseline,0001C69F,1,7,01 00 00 0F 03 9F C6
2026-09-28T15:22:08.465+00:00,2349.995,RX,baseline,0011C69F,1,5,01 00 00 9F C6
2026-09-28T15:22:08.470+00:00,2354.739,RX,baseline,0001BB8D,1,7,01 00 00 0F 03 8D BB
2026-09-28T15:22:08.470+00:00,2354.989,RX,baseline,0011BB8D,1,5,01 00 00 8D BB
2026-09-28T15:22:08.475+00:00,2359.813,RX,baseline,0001624C,1,7,01 00 00 0F 03 4C 62
2026-09-28T15:22:08.475+00:00,2360.087,RX,baseline,0011624C,1,5,01 00 00 4C 62
2026-09-28T15:22:08.480+00:00,2364.776,RX,baseline,0001F0ED,1,7,01 00 00 0F 03 ED F0
2026-09-28T15:22:08.480+00:00,2365.025,RX,baseline,0011F0ED,1,5,01 00 00 ED F0
2026-09-28T15:22:08.485+00:00,2369.988,RX,baseline,000164B2,1,7,01 00 00 0F 04 B2 64
2026-09-28T15:22:08.485+00:00,2370.080,RX,baseline,001164B2,1,5,01 00 00 B2 64
2026-09-28T15:22:08.490+00:00,2374.977,RX,baseline,00016005,1,7,01 00 00 0F 03 05 60
2026-09-28T15:22:08.490+00:00,2375.071,RX,baseline,00116005,1,5,01 00 00 05 60
2026-09-28T15:22:08.495+00:00,2379.762,RX,baseline,00010567,1,7,01 00 00 0F 03 67 05
2026-09-28T15:22:08.495+00:00,2380.008,RX,baseline,00110567,1,5,01 00 00 67 05
2026-09-28T15:22:08.500+00:00,2384.820,RX,baseline,0001D9D8,1,7,01 00 00 0F 03 D8 D9
2026-09-28T15:22:08.500+00:00,2385.016,RX,baseline,0011D9D8,1,5,01 00 00 D8 D9
2026-09-28T15:22:08.505+00:00,2390.031,RX,baseline,0001E09F,1,7,01 00 00 0F 03 9F E0
2026-09-28T15:22:08.505+00:00,2390.075,RX,baseline,0011E09F,1,5,01 00 00 9F E0
2026-09-28T15:22:08.510+00:00,2394.824,RX,baseline,0001A953,1,7,01 00 00 0F 03 53 A9
2026-09-28T15:22:08.510+00:00,2395.043,RX,baseline,0011A953,1,5,01 00 00 53 A9
2026-09-28T15:22:08.515+00:00,2399.768,RX,baseline,00013F69,1,7,01 00 00 0F 03 69 3F
2026-09-28T15:22:08.515+00:00,2400.014,RX,baseline,00113F69,1,5,01 00 00 69 3F
2026-09-28T15:22:08.520+00:00,2404.796,RX,baseline,00011BAA,1,7,01 00 00 0F 03 AA 1B
2026-09-28T15:22:08.520+00:00,2405.013,RX,baseline,00111BAA,1,5,01 00 00 AA 1B
2026-09-28T15:22:08.525+00:00,2409.835,RX,baseline,0001A903,1,7,01 00 00 0F 03 03 A9
2026-09-28T15:22:08.525+00:00,2409.938,RX,baseline,0011A903,1,5,01 00 00 03 A9
2026-09-28T15:22:08.530+00:00,2414.759,RX,baseline,000128C7,1,7,01 00 00 0F 03 C7 28
2026-09-28T15:22:08.530+00:00,2414.977,RX,baseline,001128C7,1,5,01 00 00 C7 28
2026-09-28T15:22:08.535+00:00,2419.767,RX,baseline,0001A475,1,7,01 00 00 0F 03 75 A4
2026-09-28T15:22:08.535+00:00,2420.026,RX,baseline,0011A475,1,5,01 00 00 75 A4
2026-09-28T15:22:08.540+00:00,2424.769,RX,baseline,00013F23,1,7,01 00 00 0F 03 23 3F
2026-09-28T15:22:08.540+00:00,2425.015,RX,baseline,00113F23,1,5,01 00 00 23 3F
2026-09-28T15:22:08.545+00:00,2429.768,RX,baseline,0001F45A,1,7,01 00 00 0F 03 5A F4
2026-09-28T15:22:08.545+00:00,2430.073,RX,baseline,0011F45A,1,5,01 00 00 5A F4
2026-09-28T15:22:08.550+00:00,2435.004,RX,baseline,00016BFF,1,7,01 00 00 0F 03 FF 6B
2026-09-28T15:22:08.550+00:00,2435.099,RX,baseline,00116BFF,1,5,01 00 00 FF 6B
2026-09-28T15:22:08.555+00:00,2439.990,RX,baseline,0001FF76,1,7,01 00 00 0F 03 76 FF
2026-09-28T15:22:08.555+00:00,2440.077,RX,baseline,0011FF76,1,5,01 00 00 76 FF
2026-09-28T15:22:08.560+00:00,2444.946,RX,baseline,0001C0C9,1,7,01 00 00 0F 03 C9 C0
2026-09-28T15:22:08.560+00:00,2445.022,RX,baseline,0011C0C9,1,5,01 00 00 C9 C0
2026-09-28T15:22:08.565+00:00,2449.993,RX,baseline,0001378A,1,7,01 00 00 0F 03 8A 37
2026-09-28T15:22:08.565+00:00,2450.091,RX,baseline,0011378A,1,5,01 00 00 8A 37
2026-09-28T15:22:08.570+00:00,2454.946,RX,baseline,00019840,1,7,01 00 00 0F 03 40 98
2026-09-28T15:22:08.570+00:00,2454.999,RX,baseline,00119840,1,5,01 00 00 40 98
2026-09-28T15:22:08.575+00:00,2460.001,RX,baseline,0001E88B,1,7,01 00 00 0F 03 8B E8
2026-09-28T15:22:08.575+00:00,2460.087,RX,baseline,0011E88B,1,5,01 00 00 8B E8
2026-09-28T15:22:08.580+00:00,2464.954,RX,baseline,00011995,1,7,01 00 00 0F 03 95 19
2026-09-28T15:22:08.580+00:00,2465.031,RX,baseline,00111995,1,5,01 00 00 95 19
2026-09-28T15:22:08.585+00:00,2469.739,RX,baseline,00014523,1,7,01 00 00 0F 03 23 45
2026-09-28T15:22:08.585+00:00,2470.003,RX,baseline,00114523,1,5,01 00 00 23 45
2026-09-28T15:22:08.590+00:00,2474.907,RX,baseline,0001F98A,1,7,01 00 00 0F 03 8A F9
2026-09-28T15:22:08.590+00:00,2474.961,RX,baseline,0011F98A,1,5,01 00 00 8A F9
2026-09-28T15:22:08.595+00:00,2480.016,RX,baseline,0001D627,1,7,01 00 00 0F 03 27 D6
2026-09-28T15:22:08.595+00:00,2480.099,RX,baseline,0011D627,1,5,01 00 00 27 D6
2026-09-28T15:22:08.600+00:00,2484.958,RX,baseline,0001C970,1,7,01 00 00 0F 03 70 C9
2026-09-28T15:22:08.600+00:00,2485.053,RX,baseline,0011C970,1,5,01 00 00 70 C9
2026-09-28T15:22:08.605+00:00,2489.902,RX,baseline,0001C563,1,7,01 00 00 0F 03 63 C5
2026-09-28T15:22:08.605+00:00,2489.995,RX,baseline,0011C563,1,5,01 00 00 63 C5
2026-09-28T15:22:08.610+00:00,2494.894,RX,baseline,00018D6A,1,7,01 00 00 0F 03 6A 8D
2026-09-28T15:22:08.610+00:00,2494.983,RX,baseline,00118D6A,1,5,01 00 00 6A 8D
2026-09-28T15:22:08.615+00:00,2499.893,RX,baseline,0001B4F3,1,7,01 00 00 0F 03 F3 B4
2026-09-28T15:22:08.615+00:00,2499.994,RX,baseline,0011B4F3,1,5,01 00 00 F3 B4
2026-09-28T15:22:08.620+00:00,2505.001,RX,baseline,00016760,1,7,01 00 00 0F 03 60 67
2026-09-28T15:22:08.620+00:00,2505.073,RX,baseline,00116760,1,5,01 00 00 60 67
2026-09-28T15:22:08.625+00:00,2509.967,RX,baseline,00017AFB,1,7,01 00 00 0F 03 FB 7A
2026-09-28T15:22:08.625+00:00,2510.050,RX,baseline,00117AFB,1,5,01 00 00 FB 7A
2026-09-28T15:22:08.630+00:00,2514.928,RX,baseline,0001918D,1,7,01 00 00 0F 03 8D 91
2026-09-28T15:22:08.630+00:00,2515.033,RX,baseline,0011918D,1,5,01 00 00 8D 91
2026-09-28T15:22:08.635+00:00,2519.745,RX,baseline,0001E279,1,7,01 00 00 0F 03 79 E2
2026-09-28T15:22:08.635+00:00,2520.003,RX,baseline,0011E279,1,5,01 00 00 79 E2
2026-09-28T15:22:08.640+00:00,2525.030,RX,baseline,0001BF80,1,7,01 00 00 0F 03 80 BF
2026-09-28T15:22:08.640+00:00,2525.116,RX,baseline,0011BF80,1,5,01 00 00 80 BF
2026-09-28T15:22:08.645+00:00,2529.815,RX,baseline,00018493,1,7,01 00 00 0F 03 93 84
2026-09-28T15:22:08.645+00:00,2529.947,RX,baseline,00118493,1,5,01 00 00 93 84
2026-09-28T15:22:08.650+00:00,2534.785,RX,baseline,00011A17,1,7,01 00 00 0F 03 17 1A
2026-09-28T15:22:08.650+00:00,2535.015,RX,baseline,00111A17,1,5,01 00 00 17 1A
2026-09-28T15:22:08.655+00:00,2539.785,RX,baseline,0001DE82,1,7,01 00 00 0F 03 82 DE
2026-09-28T15:22:08.655+00:00,2540.011,RX,baseline,0011DE82,1,5,01 00 00 82 DE
2026-09-28T15:22:08.660+00:00,2544.811,RX,baseline,0001CEB3,1,7,01 00 00 0F 03 B3 CE
2026-09-28T15:22:08.660+00:00,2544.906,RX,baseline,0011CEB3,1,5,01 00 00 B3 CE
2026-09-28T15:22:08.665+00:00,2549.764,RX,baseline,0001BF0D,1,7,01 00 00 0F 03 0D BF
2026-09-28T15:22:08.665+00:00,2550.007,RX,baseline,0011BF0D,1,5,01 00 00 0D BF
2026-09-28T15:22:08.670+00:00,2554.783,RX,baseline,000197B8,1,7,01 00 00 0F 03 B8 97
2026-09-28T15:22:08.670+00:00,2555.000,RX,baseline,001197B8,1,5,01 00 00 B8 97
2026-09-28T15:22:08.675+00:00,2559.836,RX,baseline,0001333A,1,7,01 00 00 0F 03 3A 33
2026-09-28T15:22:08.675+00:00,2559.941,RX,baseline,0011333A,1,5,01 00 00 3A 33
2026-09-28T15:22:08.680+00:00,2564.841,RX,baseline,0001E018,1,7,01 00 00 0F 03 18 E0
2026-09-28T15:22:08.680+00:00,2564.946,RX,baseline,0011E018,1,5,01 00 00 18 E0
2026-09-28T15:22:08.685+00:00,2569.874,RX,baseline,00010C8C,1,7,01 00 00 0F 03 8C 0C
2026-09-28T15:22:08.685+00:00,2569.979,RX,baseline,00110C8C,1,5,01 00 00 8C 0C
2026-09-28T15:22:08.690+00:00,2574.775,RX,baseline,0001717A,1,7,01 00 00 0F 03 7A 71
2026-09-28T15:22:08.690+00:00,2575.043,RX,baseline,0011717A,1,5,01 00 00 7A 71
2026-09-28T15:22:08.695+00:00,2579.919,RX,baseline,00012C17,1,7,01 00 00 0F 03 17 2C
2026-09-28T15:22:08.695+00:00,2579.999,RX,baseline,00112C17,1,5,01 00 00 17 2C
2026-09-28T15:22:08.700+00:00,2584.976,RX,baseline,0001A43C,1,7,01 00 00 0F 03 3C A4
2026-09-28T15:22:08.700+00:00,2585.067,RX,baseline,0011A43C,1,5,01 00 00 3C A4
2026-09-28T15:22:08.705+00:00,2589.922,RX,baseline,0001A032,1,7,01 00 00 0F 03 32 A0
2026-09-28T15:22:08.705+00:00,2590.000,RX,baseline,0011A032,1,5,01 00 00 32 A0
2026-09-28T15:22:08.710+00:00,2595.006,RX,baseline,00019A5B,1,7,01 00 00 0F 03 5B 9A
2026-09-28T15:22:08.710+00:00,2595.088,RX,baseline,00119A5B,1,5,01 00 00 5B 9A
2026-09-28T15:22:08.715+00:00,2599.973,RX,baseline,0001C77E,1,7,01 00 00 0F 03 7E C7
2026-09-28T15:22:08.715+00:00,2600.061,RX,baseline,0011C77E,1,5,01 00 00 7E C7
2026-09-28T15:22:08.720+00:00,2604.959,RX,baseline,00012A11,1,7,01 00 00 0F 03 11 2A
2026-09-28T15:22:08.720+00:00,2605.054,RX,baseline,00112A11,1,5,01 00 00 11 2A
2026-09-28T15:22:08.725+00:00,2609.924,RX,baseline,000166AC,1,7,01 00 00 0F 03 AC 66
2026-09-28T15:22:08.725+00:00,2609.980,RX,baseline,001166AC,1,5,01 00 00 AC 66
2026-09-28T15:22:08.730+00:00,2614.965,RX,baseline,0001069F,1,7,01 00 00 0F 03 9F 06
2026-09-28T15:22:08.730+00:00,2615.055,RX,baseline,0011069F,1,5,01 00 00 9F 06
2026-09-28T15:22:08.735+00:00,2619.922,RX,baseline,00015722,1,7,01 00 00 0F 03 22 57
2026-09-28T15:22:08.735+00:00,2619.999,RX,baseline,00115722,1,5,01 00 00 22 57
2026-09-28T15:22:08.740+00:00,2624.980,RX,baseline,0001F9A0,1,7,01 00 00 0F 03 A0 F9
2026-09-28T15:22:08.740+00:00,2625.076,RX,baseline,0011F9A0,1,5,01 00 00 A0 F9
2026-09-28T15:22:08.745+00:00,2629.822,RX,baseline,00012B6E,1,7,01 00 00 0F 03 6E 2B
2026-09-28T15:22:08.745+00:00,2629.927,RX,baseline,00112B6E,1,5,01 00 00 6E 2B
2026-09-28T15:22:08.750+00:00,2634.755,RX,baseline,00015CE1,1,7,01 00 00 0F 03 E1 5C
2026-09-28T15:22:08.750+00:00,2635.071,RX,baseline,00115CE1,1,5,01 00 00 E1 5C
2026-09-28T15:22:08.755+00:00,2639.771,RX,baseline,0001872B,1,7,01 00 00 0F 03 2B 87
2026-09-28T15:22:08.755+00:00,2640.079,RX,baseline,0011872B,1,5,01 00 00 2B 87
2026-09-28T15:22:08.760+00:00,2644.765,RX,baseline,00013080,1,7,01 00 00 0F 03 80 30
2026-09-28T15:22:08.760+00:00,2645.054,RX,baseline,00113080,1,5,01 00 00 80 30
2026-09-28T15:22:08.765+00:00,2649.778,RX,baseline,00010EBE,1,7,01 00 00 0F 03 BE 0E
2026-09-28T15:22:08.765+00:00,2650.031,RX,baseline,00110EBE,1,5,01 00 00 BE 0E
2026-09-28T15:22:08.770+00:00,2654.776,RX,baseline,000176ED,1,7,01 00 00 0F 03 ED 76
2026-09-28T15:22:08.770+00:00,2655.169,RX,baseline,001176ED,1,5,01 00 00 ED 76
2026-09-28T15:22:08.775+00:00,2659.774,RX,baseline,0001001B,1,7,01 00 00 0F 03 1B 00
2026-09-28T15:22:08.775+00:00,2660.001,RX,baseline,0011001B,1,5,01 00 00 1B 00
2026-09-28T15:22:08.780+00:00,2664.769,RX,baseline,00018005,1,7,01 00 00 0F 03 05 80
2026-09-28T15:22:08.780+00:00,2665.016,RX,baseline,00118005,1,5,01 00 00 05 80
2026-09-28T15:22:08.785+00:00,2669.735,RX,baseline,0001C472,1,7,01 00 00 0F 03 72 C4
2026-09-28T15:22:08.785+00:00,2670.086,RX,baseline,0011C472,1,5,01 00 00 72 C4
2026-09-28T15:22:08.790+00:00,2675.010,RX,baseline,0001DE50,1,7,01 00 00 0F 03 50 DE
2026-09-28T15:22:08.790+00:00,2675.102,RX,baseline,0011DE50,1,5,01 00 00 50 DE
2026-09-28T15:22:08.795+00:00,2679.800,RX,baseline,0001576F,1,7,01 00 00 0F 03 6F 57
2026-09-28T15:22:08.795+00:00,2680.021,RX,baseline,0011576F,1,5,01 00 00 6F 57
2026-09-28T15:22:08.800+00:00,2684.922,RX,baseline,00014937,1,7,01 00 00 0F 03 37 49
2026-09-28T15:22:08.800+00:00,2684.970,RX,baseline,00114937,1,5,01 00 00 37 49
2026-09-28T15:22:08.805+00:00,2689.913,RX,baseline,0001EF77,1,7,01 00 00 0F 03 77 EF
2026-09-28T15:22:08.805+00:00,2689.993,RX,baseline,0011EF77,1,5,01 00 00 77 EF
2026-09-28T15:22:08.810+00:00,2694.771,RX,baseline,000188AB,1,7,01 00 00 0F 03 AB 88
2026-09-28T15:22:08.810+00:00,2695.035,RX,baseline,001188AB,1,5,01 00 00 AB 88
2026-09-28T15:22:08.815+00:00,2699.769,RX,baseline,0001C706,1,7,01 00 00 0F 03 06 C7
2026-09-28T15:22:08.815+00:00,2700.000,RX,baseline,0011C706,1,5,01 00 00 06 C7
2026-09-28T15:22:08.820+00:00,2704.823,RX,baseline,0001A689,1,7,01 00 00 0F 03 89 A6
2026-09-28T15:22:08.820+00:00,2704.929,RX,baseline,0011A689,1,5,01 00 00 89 A6
2026-09-28T15:22:08.825+00:00,2709.802,RX,baseline,00015618,1,7,01 00 00 0F 03 18 56
2026-09-28T15:22:08.825+00:00,2710.030,RX,baseline,00115618,1,5,01 00 00 18 56
2026-09-28T15:22:08.830+00:00,2714.825,RX,baseline,00013FCB,1,7,01 00 00 0F 03 CB 3F
2026-09-28T15:22:08.830+00:00,2714.918,RX,baseline,00113FCB,1,5,01 00 00 CB 3F
2026-09-28T15:22:08.835+00:00,2719.749,RX,baseline,00010744,1,7,01 00 00 0F 03 44 07
2026-09-28T15:22:08.835+00:00,2720.006,RX,baseline,00110744,1,5,01 00 00 44 07
2026-09-28T15:22:08.840+00:00,2724.757,RX,baseline,00017745,1,7,01 00 00 0F 03 45 77
2026-09-28T15:22:08.840+00:00,2724.985,RX,baseline,00117745,1,5,01 00 00 45 77
2026-09-28T15:22:08.845+00:00,2729.943,RX,baseline,00015EFA,1,7,01 00 00 0F 03 FA 5E
2026-09-28T15:22:08.845+00:00,2730.054,RX,baseline,00115EFA,1,5,01 00 00 FA 5E
2026-09-28T15:22:08.850+00:00,2734.929,RX,baseline,00013D78,1,7,01 00 00 0F 03 78 3D
2026-09-28T15:22:08.850+00:00,2734.985,RX,baseline,00113D78,1,5,01 00 00 78 3D
2026-09-28T15:22:08.855+00:00,2740.005,RX,baseline,000127F6,1,7,01 00 00 0F 03 F6 27
2026-09-28T15:22:08.855+00:00,2740.097,RX,baseline,001127F6,1,5,01 00 00 F6 27
2026-09-28T15:22:08.860+00:00,2744.925,RX,baseline,00017CC8,1,7,01 00 00 0F 03 C8 7C
2026-09-28T15:22:08.860+00:00,2744.983,RX,baseline,00117CC8,1,5,01 00 00 C8 7C
2026-09-28T15:22:08.865+00:00,2749.989,RX,baseline,000132E9,1,7,01 00 00 0F 03 E9 32
2026-09-28T15:22:08.865+00:00,2750.069,RX,baseline,001132E9,1,5,01 00 00 E9 32
2026-09-28T15:22:08.870+00:00,2754.943,RX,baseline,0001CF10,1,7,01 00 00 0F 03 10 CF
2026-09-28T15:22:08.870+00:00,2755.046,RX,baseline,0011CF10,1,5,01 00 00 10 CF
2026-09-28T15:22:08.875+00:00,2759.952,RX,baseline,000153F3,1,7,01 00 00 0F 03 F3 53
2026-09-28T15:22:08.875+00:00,2760.050,RX,baseline,001153F3,1,5,01 00 00 F3 53
2026-09-28T15:22:08.880+00:00,2764.975,RX,baseline,00016171,1,7,01 00 00 0F 03 71 61
2026-09-28T15:22:08.880+00:00,2765.104,RX,baseline,00116171,1,5,01 00 00 71 61
2026-09-28T15:22:08.885+00:00,2769.751,RX,baseline,00012F55,1,7,01 00 00 0F 03 55 2F
2026-09-28T15:22:08.885+00:00,2769.974,RX,baseline,00112F55,1,5,01 00 00 55 2F
2026-09-28T15:22:08.890+00:00,2774.785,RX,baseline,0001C0D2,1,7,01 00 00 0F 03 D2 C0
2026-09-28T15:22:08.890+00:00,2774.987,RX,baseline,0011C0D2,1,5,01 00 00 D2 C0
2026-09-28T15:22:08.895+00:00,2779.870,RX,baseline,00019F87,1,7,01 00 00 0F 03 87 9F
2026-09-28T15:22:08.895+00:00,2780.081,RX,baseline,00119F87,1,5,01 00 00 87 9F
2026-09-28T15:22:08.900+00:00,2784.946,RX,baseline,0001D159,1,7,01 00 00 0F 03 59 D1
2026-09-28T15:22:08.900+00:00,2785.063,RX,baseline,0011D159,1,5,01 00 00 59 D1
2026-09-28T15:22:08.905+00:00,2790.001,RX,baseline,00011D9A,1,7,01 00 00 0F 03 9A 1D
2026-09-28T15:22:08.905+00:00,2790.126,RX,baseline,00111D9A,1,5,01 00 00 9A 1D
2026-09-28T15:22:08.910+00:00,2794.939,RX,baseline,000110FA,1,7,01 00 00 0F 03 FA 10
2026-09-28T15:22:08.910+00:00,2794.996,RX,baseline,001110FA,1,5,01 00 00 FA 10
2026-09-28T15:22:08.915+00:00,2799.960,RX,baseline,0001E58E,1,7,01 00 00 0F 03 8E E5
2026-09-28T15:22:08.915+00:00,2800.102,RX,baseline,0011E58E,1,5,01 00 00 8E E5
2026-09-28T15:22:08.920+00:00,2804.906,RX,baseline,000174C3,1,7,01 00 00 0F 03 C3 74
2026-09-28T15:22:08.920+00:00,2804.962,RX,baseline,001174C3,1,5,01 00 00 C3 74
2026-09-28T15:22:08.925+00:00,2809.977,RX,baseline,00019702,1,7,01 00 00 0F 03 02 97
2026-09-28T15:22:08.925+00:00,2810.075,RX,baseline,00119702,1,5,01 00 00 02 97
2026-09-28T15:22:08.930+00:00,2814.831,RX,baseline,00016E90,1,7,01 00 00 0F 03 90 6E
2026-09-28T15:22:08.930+00:00,2814.976,RX,baseline,00116E90,1,5,01 00 00 90 6E
2026-09-28T15:22:08.935+00:00,2819.923,RX,baseline,00018F62,1,7,01 00 00 0F 03 62 8F
2026-09-28T15:22:08.935+00:00,2820.057,RX,baseline,00118F62,1,5,01 00 00 62 8F
2026-09-28T15:22:08.940+00:00,2824.894,RX,baseline,00011851,1,7,01 00 00 0F 03 51 18
2026-09-28T15:22:08.940+00:00,2824.997,RX,baseline,00111851,1,5,01 00 00 51 18
2026-09-28T15:22:08.945+00:00,2829.779,RX,baseline,0001418A,1,7,01 00 00 0F 03 8A 41
2026-09-28T15:22:08.945+00:00,2829.950,RX,baseline,0011418A,1,5,01 00 00 8A 41
2026-09-28T15:22:08.950+00:00,2834.746,RX,baseline,0001C7FF,1,7,01 00 00 0F 03 FF C7
2026-09-28T15:22:08.950+00:00,2834.996,RX,baseline,0011C7FF,1,5,01 00 00 FF C7
2026-09-28T15:22:08.955+00:00,2839.736,RX,baseline,00016375,1,7,01 00 00 0F 03 75 63
2026-09-28T15:22:08.955+00:00,2839.974,RX,baseline,00116375,1,5,01 00 00 75 63
2026-09-28T15:22:08.960+00:00,2844.750,RX,baseline,0001BAFB,1,7,01 00 00 0F 03 FB BA
2026-09-28T15:22:08.960+00:00,2845.005,RX,baseline,0011BAFB,1,5,01 00 00 FB BA
2026-09-28T15:22:08.965+00:00,2849.750,RX,baseline,00013D67,1,7,01 00 00 0F 03 67 3D
2026-09-28T15:22:08.965+00:00,2849.953,RX,baseline,00113D67,1,5,01 00 00 67 3D
2026-09-28T15:22:08.970+00:00,2854.717,RX,baseline,0001D568,1,7,01 00 00 0F 03 68 D5
2026-09-28T15:22:08.970+00:00,2854.956,RX,baseline,0011D568,1,5,01 00 00 68 D5
2026-09-28T15:22:08.975+00:00,2859.785,RX,baseline,000152BD,1,7,01 00 00 0F 03 BD 52
2026-09-28T15:22:08.975+00:00,2859.916,RX,baseline,001152BD,1,5,01 00 00 BD 52
2026-09-28T15:22:08.980+00:00,2864.847,RX,baseline,000181BF,1,7,01 00 00 0F 03 BF 81
2026-09-28T15:22:08.980+00:00,2864.917,RX,baseline,001181BF,1,5,01 00 00 BF 81
2026-09-28T15:22:08.985+00:00,2869.917,RX,baseline,00014B46,1,7,01 00 00 0F 03 46 4B
2026-09-28T15:22:08.985+00:00,2869.998,RX,baseline,00114B46,1,5,01 00 00 46 4B
2026-09-28T15:22:08.990+00:00,2874.986,RX,baseline,0001C6B3,1,7,01 00 00 0F 03 B3 C6
2026-09-28T15:22:08.990+00:00,2875.068,RX,baseline,0011C6B3,1,5,01 00 00 B3 C6
2026-09-28T15:22:08.995+00:00,2879.725,RX,baseline,000154D2,1,7,01 00 00 0F 03 D2 54
2026-09-28T15:22:08.995+00:00,2879.964,RX,baseline,001154D2,1,5,01 00 00 D2 54
2026-09-28T15:22:09.000+00:00,2884.887,RX,baseline,0001F118,1,7,01 00 00 0F 03 18 F1
2026-09-28T15:22:09.000+00:00,2884.944,RX,baseline,0011F118,1,5,01 00 00 18 F1
2026-09-28T15:22:09.005+00:00,2889.692,RX,baseline,00014356,1,7,01 00 00 0F 03 56 43
2026-09-28T15:22:09.005+00:00,2889.928,RX,baseline,00114356,1,5,01 00 00 56 43
2026-09-28T15:22:09.010+00:00,2894.684,RX,baseline,0001AD69,1,7,01 00 00 0F 03 69 AD
2026-09-28T15:22:09.010+00:00,2894.978,RX,baseline,0011AD69,1,5,01 00 00 69 AD
2026-09-28T15:22:09.015+00:00,2899.674,RX,baseline,000132D8,1,7,01 00 00 0F 03 D8 32
2026-09-28T15:22:09.015+00:00,2899.902,RX,baseline,001132D8,1,5,01 00 00 D8 32
2026-09-28T15:22:09.020+00:00,2904.871,RX,baseline,0001DC2F,1,7,01 00 00 0F 03 2F DC
2026-09-28T15:22:09.020+00:00,2904.929,RX,baseline,0011DC2F,1,5,01 00 00 2F DC
2026-09-28T15:22:09.025+00:00,2909.834,RX,baseline,00014506,1,7,01 00 00 0F 03 06 45
2026-09-28T15:22:09.025+00:00,2909.911,RX,baseline,00114506,1,5,01 00 00 06 45
2026-09-28T15:22:09.030+00:00,2914.888,RX,baseline,00012A44,1,7,01 00 00 0F 03 44 2A
2026-09-28T15:22:09.030+00:00,2914.944,RX,baseline,00112A44,1,5,01 00 00 44 2A
2026-09-28T15:22:09.035+00:00,2919.806,RX,baseline,0001411D,1,7,01 00 00 0F 03 1D 41
2026-09-28T15:22:09.035+00:00,2919.917,RX,baseline,0011411D,1,5,01 00 00 1D 41
2026-09-28T15:22:09.040+00:00,2924.736,RX,baseline,00018DD2,1,7,01 00 00 0F 03 D2 8D
2026-09-28T15:22:09.040+00:00,2925.053,RX,baseline,00118DD2,1,5,01 00 00 D2 8D
2026-09-28T15:22:09.045+00:00,2929.863,RX,baseline,00012F8D,1,7,01 00 00 0F 03 8D 2F
2026-09-28T15:22:09.045+00:00,2929.978,RX,baseline,00112F8D,1,5,01 00 00 8D 2F
2026-09-28T15:22:09.050+00:00,2934.883,RX,baseline,0001E682,1,7,01 00 00 0F 03 82 E6
2026-09-28T15:22:09.050+00:00,2934.940,RX,baseline,0011E682,1,5,01 00 00 82 E6
2026-09-28T15:22:09.055+00:00,2939.887,RX,baseline,00015F81,1,7,01 00 00 0F 03 81 5F
2026-09-28T15:22:09.055+00:00,2939.956,RX,baseline,00115F81,1,5,01 00 00 81 5F
2026-09-28T15:22:09.060+00:00,2944.819,RX,baseline,0001BB28,1,7,01 00 00 0F 03 28 BB
2026-09-28T15:22:09.060+00:00,2944.911,RX,baseline,0011BB28,1,5,01 00 00 28 BB
2026-09-28T15:22:09.065+00:00,2949.919,RX,baseline,0001BB2D,1,7,01 00 00 0F 03 2D BB
2026-09-28T15:22:09.065+00:00,2949.990,RX,baseline,0011BB2D,1,5,01 00 00 2D BB
2026-09-28T15:22:09.070+00:00,2954.842,RX,baseline,000134FC,1,7,01 00 00 0F 03 FC 34
2026-09-28T15:22:09.070+00:00,2954.981,RX,baseline,001134FC,1,5,01 00 00 FC 34
2026-09-28T15:22:09.075+00:00,2959.948,RX,baseline,00019098,1,7,01 00 00 0F 03 98 90
2026-09-28T15:22:09.075+00:00,2959.993,RX,baseline,00119098,1,5,01 00 00 98 90
2026-09-28T15:22:09.080+00:00,2964.943,RX,baseline,0001AC20,1,7,01 00 00 0F 03 20 AC
2026-09-28T15:22:09.080+00:00,2964.999,RX,baseline,0011AC20,1,5,01 00 00 20 AC
2026-09-28T15:22:09.085+00:00,2969.846,RX,baseline,0001FB37,1,7,01 00 00 0F 03 37 FB
2026-09-28T15:22:09.085+00:00,2969.953,RX,baseline,0011FB37,1,5,01 00 00 37 FB
2026-09-28T15:22:09.090+00:00,2974.975,RX,baseline,00019AFA,1,7,01 00 00 0F 03 FA 9A
2026-09-28T15:22:09.090+00:00,2975.114,RX,baseline,00119AFA,1,5,01 00 00 FA 9A
2026-09-28T15:22:09.095+00:00,2979.812,RX,baseline,0001FF91,1,7,01 00 00 0F 03 91 FF
2026-09-28T15:22:09.095+00:00,2979.932,RX,baseline,0011FF91,1,5,01 00 00 91 FF
2026-09-28T15:22:09.100+00:00,2984.871,RX,baseline,00014DAD,1,7,01 00 00 0F 03 AD 4D
2026-09-28T15:22:09.100+00:00,2984.927,RX,baseline,00114DAD,1,5,01 00 00 AD 4D
2026-09-28T15:22:09.105+00:00,2989.713,RX,baseline,000194CD,1,7,01 00 00 0F 03 CD 94
2026-09-28T15:22:09.105+00:00,2989.955,RX,baseline,001194CD,1,5,01 00 00 CD 94
2026-09-28T15:22:09.110+00:00,2994.683,RX,baseline,00015CC3,1,7,01 00 00 0F 03 C3 5C
2026-09-28T15:22:09.110+00:00,2994.951,RX,baseline,00115CC3,1,5,01 00 00 C3 5C
2026-09-28T15:22:09.115+00:00,2999.713,RX,baseline,0001A0D4,1,7,01 00 00 0F 03 D4 A0
2026-09-28T15:22:09.115+00:00,2999.959,RX,baseline,0011A0D4,1,5,01 00 00 D4 A0
2026-09-28T15:22:09.120+00:00,3004.754,RX,baseline,000125B3,1,7,01 00 00 0F 03 B3 25
2026-09-28T15:22:09.120+00:00,3004.978,RX,baseline,001125B3,1,5,01 00 00 B3 25
2026-09-28T15:22:09.125+00:00,3009.692,RX,baseline,00011669,1,7,01 00 00 0F 03 69 16
2026-09-28T15:22:09.125+00:00,3009.937,RX,baseline,00111669,1,5,01 00 00 69 16
2026-09-28T15:22:09.130+00:00,3014.883,RX,baseline,000119F5,1,7,01 00 00 0F 03 F5 19
2026-09-28T15:22:09.130+00:00,3014.940,RX,baseline,001119F5,1,5,01 00 00 F5 19
2026-09-28T15:22:09.135+00:00,3019.733,RX,baseline,00012D6D,1,7,01 00 00 0F 03 6D 2D
2026-09-28T15:22:09.135+00:00,3019.957,RX,baseline,00112D6D,1,5,01 00 00 6D 2D
2026-09-28T15:22:09.140+00:00,3024.893,RX,baseline,000180BF,1,7,01 00 00 0F 03 BF 80
2026-09-28T15:22:09.140+00:00,3024.950,RX,baseline,001180BF,1,5,01 00 00 BF 80
2026-09-28T15:22:09.145+00:00,3029.836,RX,baseline,00013821,1,7,01 00 00 0F 03 21 38
2026-09-28T15:22:09.145+00:00,3029.974,RX,baseline,00113821,1,5,01 00 00 21 38
2026-09-28T15:22:09.150+00:00,3034.904,RX,baseline,0001499A,1,7,01 00 00 0F 03 9A 49
2026-09-28T15:22:09.150+00:00,3034.981,RX,baseline,0011499A,1,5,01 00 00 9A 49
2026-09-28T15:22:09.155+00:00,3039.931,RX,baseline,0001C52A,1,7,01 00 00 0F 03 2A C5
2026-09-28T15:22:09.155+00:00,3040.022,RX,baseline,0011C52A,1,5,01 00 00 2A C5
2026-09-28T15:22:09.160+00:00,3044.894,RX,baseline,00017579,1,7,01 00 00 0F 03 79 75
2026-09-28T15:22:09.160+00:00,3044.968,RX,baseline,00117579,1,5,01 00 00 79 75
2026-09-28T15:22:09.165+00:00,3049.858,RX,baseline,000150A7,1,7,01 00 00 0F 03 A7 50
2026-09-28T15:22:09.165+00:00,3049.915,RX,baseline,001150A7,1,5,01 00 00 A7 50
2026-09-28T15:22:09.170+00:00,3054.841,RX,baseline,0001DDF5,1,7,01 00 00 0F 03 F5 DD
2026-09-28T15:22:09.170+00:00,3054.948,RX,baseline,0011DDF5,1,5,01 00 00 F5 DD
2026-09-28T15:22:09.175+00:00,3059.879,RX,baseline,0001EF86,1,7,01 00 00 0F 03 86 EF
2026-09-28T15:22:09.175+00:00,3059.937,RX,baseline,0011EF86,1,5,01 00 00 86 EF
2026-09-28T15:22:09.180+00:00,3064.898,RX,baseline,0001EDDA,1,7,01 00 00 0F 03 DA ED
2026-09-28T15:22:09.180+00:00,3064.985,RX,baseline,0011EDDA,1,5,01 00 00 DA ED
2026-09-28T15:22:09.185+00:00,3069.747,RX,baseline,00017F11,1,7,01 00 00 0F 03 11 7F
2026-09-28T15:22:09.185+00:00,3070.023,RX,baseline,00117F11,1,5,01 00 00 11 7F
2026-09-28T15:22:09.190+00:00,3074.885,RX,baseline,0001C820,1,7,01 00 00 0F 03 20 C8
2026-09-28T15:22:09.190+00:00,3074.941,RX,baseline,0011C820,1,5,01 00 00 20 C8
2026-09-28T15:22:09.195+00:00,3079.679,RX,baseline,00013B43,1,7,01 00 00 0F 03 43 3B
2026-09-28T15:22:09.195+00:00,3079.937,RX,baseline,00113B43,1,5,01 00 00 43 3B
2026-09-28T15:22:09.200+00:00,3084.864,RX,baseline,0001CA1C,1,7,01 00 00 0F 03 1C CA
2026-09-28T15:22:09.200+00:00,3084.920,RX,baseline,0011CA1C,1,5,01 00 00 1C CA
2026-09-28T15:22:09.205+00:00,3089.739,RX,baseline,0001055C,1,7,01 00 00 0F 03 5C 05
2026-09-28T15:22:09.205+00:00,3089.959,RX,baseline,0011055C,1,5,01 00 00 5C 05
2026-09-28T15:22:09.210+00:00,3094.689,RX,baseline,00019757,1,7,01 00 00 0F 03 57 97
2026-09-28T15:22:09.210+00:00,3094.940,RX,baseline,00119757,1,5,01 00 00 57 97
2026-09-28T15:22:09.215+00:00,3099.700,RX,baseline,000134D9,1,7,01 00 00 0F 03 D9 34
2026-09-28T15:22:09.215+00:00,3099.931,RX,baseline,001134D9,1,5,01 00 00 D9 34
2026-09-28T15:22:09.220+00:00,3104.691,RX,baseline,0001D973,1,7,01 00 00 0F 03 73 D9
2026-09-28T15:22:09.220+00:00,3104.954,RX,baseline,0011D973,1,5,01 00 00 73 D9
2026-09-28T15:22:09.225+00:00,3109.686,RX,baseline,0001A3B1,1,7,01 00 00 0F 03 B1 A3
2026-09-28T15:22:09.225+00:00,3109.943,RX,baseline,0011A3B1,1,5,01 00 00 B1 A3
2026-09-28T15:22:09.230+00:00,3114.759,RX,baseline,0001E411,1,7,01 00 00 0F 03 11 E4
2026-09-28T15:22:09.230+00:00,3114.982,RX,baseline,0011E411,1,5,01 00 00 11 E4
2026-09-28T15:22:09.235+00:00,3119.742,RX,baseline,00012B91,1,7,01 00 00 0F 03 91 2B
2026-09-28T15:22:09.235+00:00,3119.954,RX,baseline,00112B91,1,5,01 00 00 91 2B
2026-09-28T15:22:09.240+00:00,3124.734,RX,baseline,00010480,1,7,01 00 00 0F 03 80 04
2026-09-28T15:22:09.240+00:00,3124.977,RX,baseline,00110480,1,5,01 00 00 80 04
2026-09-28T15:22:09.245+00:00,3129.853,RX,baseline,0001E065,1,7,01 00 00 0F 03 65 E0
2026-09-28T15:22:09.245+00:00,3129.930,RX,baseline,0011E065,1,5,01 00 00 65 E0
2026-09-28T15:22:09.250+00:00,3134.921,RX,baseline,00011AD2,1,7,01 00 00 0F 03 D2 1A
2026-09-28T15:22:09.250+00:00,3135.012,RX,baseline,00111AD2,1,5,01 00 00 D2 1A
2026-09-28T15:22:09.255+00:00,3139.918,RX,baseline,0001ED6F,1,7,01 00 00 0F 03 6F ED
2026-09-28T15:22:09.255+00:00,3140.000,RX,baseline,0011ED6F,1,5,01 00 00 6F ED
2026-09-28T15:22:09.260+00:00,3144.897,RX,baseline,00014181,1,7,01 00 00 0F 03 81 41
2026-09-28T15:22:09.260+00:00,3145.001,RX,baseline,00114181,1,5,01 00 00 81 41
2026-09-28T15:22:09.265+00:00,3149.915,RX,baseline,000158C2,1,7,01 00 00 0F 03 C2 58
2026-09-28T15:22:09.265+00:00,3150.004,RX,baseline,001158C2,1,5,01 00 00 C2 58
2026-09-28T15:22:09.270+00:00,3154.910,RX,baseline,0001D2C2,1,7,01 00 00 0F 03 C2 D2
2026-09-28T15:22:09.270+00:00,3155.000,RX,baseline,0011D2C2,1,5,01 00 00 C2 D2
2026-09-28T15:22:09.275+00:00,3159.988,RX,baseline,0001B9D3,1,7,01 00 00 0F 03 D3 B9
2026-09-28T15:22:09.275+00:00,3160.068,RX,baseline,0011B9D3,1,5,01 00 00 D3 B9
2026-09-28T15:22:09.280+00:00,3164.744,RX,baseline,0001B648,1,7,01 00 00 0F 03 48 B6
2026-09-28T15:22:09.280+00:00,3165.096,RX,baseline,0011B648,1,5,01 00 00 48 B6
2026-09-28T15:22:09.285+00:00,3169.690,RX,baseline,00011287,1,7,01 00 00 0F 03 87 12
2026-09-28T15:22:09.285+00:00,3170.051,RX,baseline,00111287,1,5,01 00 00 87 12
2026-09-28T15:22:09.290+00:00,3174.758,RX,baseline,00017BFC,1,7,01 00 00 0F 03 FC 7B
2026-09-28T15:22:09.290+00:00,3175.006,RX,baseline,00117BFC,1,5,01 00 00 FC 7B
2026-09-28T15:22:09.295+00:00,3179.922,RX,baseline,0001EEDE,1,7,01 00 00 0F 03 DE EE
2026-09-28T15:22:09.295+00:00,3180.181,RX,baseline,0011EEDE,1,5,01 00 00 DE EE
2026-09-28T15:22:09.300+00:00,3184.682,RX,baseline,0001CBF1,1,7,01 00 00 0F 03 F1 CB
2026-09-28T15:22:09.300+00:00,3185.178,RX,baseline,0011CBF1,1,5,01 00 00 F1 CB
2026-09-28T15:22:09.305+00:00,3189.653,RX,baseline,0001C630,1,7,01 00 00 0F 03 30 C6
2026-09-28T15:22:09.305+00:00,3189.990,RX,baseline,0011C630,1,5,01 00 00 30 C6
2026-09-28T15:22:09.310+00:00,3194.906,RX,baseline,0001EDA6,1,7,01 00 00 0F 03 A6 ED
2026-09-28T15:22:09.310+00:00,3195.068,RX,baseline,0011EDA6,1,5,01 00 00 A6 ED
2026-09-28T15:22:09.315+00:00,3199.800,RX,baseline,0001F195,1,7,01 00 00 0F 03 95 F1
2026-09-28T15:22:09.315+00:00,3199.869,RX,baseline,0011F195,1,5,01 00 00 95 F1
2026-09-28T15:22:09.320+00:00,3204.930,RX,baseline,00012051,1,7,01 00 00 0F 03 51 20
2026-09-28T15:22:09.320+00:00,3205.007,RX,baseline,00112051,1,5,01 00 00 51 20
2026-09-28T15:22:09.325+00:00,3209.915,RX,baseline,000135F4,1,7,01 00 00 0F 03 F4 35
2026-09-28T15:22:09.325+00:00,3209.993,RX,baseline,001135F4,1,5,01 00 00 F4 35
2026-09-28T15:22:09.330+00:00,3214.943,RX,baseline,0001F3C4,1,7,01 00 00 0F 03 C4 F3
2026-09-28T15:22:09.330+00:00,3215.025,RX,baseline,0011F3C4,1,5,01 00 00 C4 F3
2026-09-28T15:22:09.335+00:00,3219.909,RX,baseline,0001F8C7,1,7,01 00 00 0F 03 C7 F8
2026-09-28T15:22:09.335+00:00,3219.993,RX,baseline,0011F8C7,1,5,01 00 00 C7 F8
2026-09-28T15:22:09.340+00:00,3224.939,RX,baseline,0001C930,1,7,01 00 00 0F 03 30 C9
2026-09-28T15:22:09.340+00:00,3225.054,RX,baseline,0011C930,1,5,01 00 00 30 C9
2026-09-28T15:22:09.345+00:00,3229.760,RX,baseline,00017992,1,7,01 00 00 0F 03 92 79
2026-09-28T15:22:09.345+00:00,3229.989,RX,baseline,00117992,1,5,01 00 00 92 79
2026-09-28T15:22:09.350+00:00,3234.666,RX,baseline,0001D4CC,1,7,01 00 00 0F 03 CC D4
2026-09-28T15:22:09.350+00:00,3235.015,RX,baseline,0011D4CC,1,5,01 00 00 CC D4
2026-09-28T15:22:09.355+00:00,3239.776,RX,baseline,0001D6AE,1,7,01 00 00 0F 03 AE D6
2026-09-28T15:22:09.355+00:00,3239.882,RX,baseline,0011D6AE,1,5,01 00 00 AE D6
2026-09-28T15:22:09.360+00:00,3244.675,RX,baseline,00013536,1,7,01 00 00 0F 03 36 35
2026-09-28T15:22:09.360+00:00,3244.987,RX,baseline,00113536,1,5,01 00 00 36 35
2026-09-28T15:22:09.365+00:00,3249.713,RX,baseline,000152CB,1,7,01 00 00 0F 03 CB 52
2026-09-28T15:22:09.365+00:00,3249.931,RX,baseline,001152CB,1,5,01 00 00 CB 52
2026-09-28T15:22:09.370+00:00,3254.679,RX,baseline,0001EEF9,1,7,01 00 00 0F 03 F9 EE
2026-09-28T15:22:09.370+00:00,3254.916,RX,baseline,0011EEF9,1,5,01 00 00 F9 EE
2026-09-28T15:22:09.375+00:00,3259.671,RX,baseline,0001C956,1,7,01 00 00 0F 03 56 C9
2026-09-28T15:22:09.375+00:00,3259.911,RX,baseline,0011C956,1,5,01 00 00 56 C9
2026-09-28T15:22:09.380+00:00,3264.680,RX,baseline,00014EA5,1,7,01 00 00 0F 03 A5 4E
2026-09-28T15:22:09.380+00:00,3264.911,RX,baseline,00114EA5,1,5,01 00 00 A5 4E
2026-09-28T15:22:09.385+00:00,3269.917,RX,baseline,00017AAD,1,7,01 00 00 0F 03 AD 7A
2026-09-28T15:22:09.385+00:00,3270.017,RX,baseline,00117AAD,1,5,01 00 00 AD 7A
2026-09-28T15:22:09.390+00:00,3274.868,RX,baseline,0001455F,1,7,01 00 00 0F 03 5F 45
2026-09-28T15:22:09.390+00:00,3274.950,RX,baseline,0011455F,1,5,01 00 00 5F 45
2026-09-28T15:22:09.395+00:00,3279.739,RX,baseline,000151C0,1,7,01 00 00 0F 03 C0 51
2026-09-28T15:22:09.395+00:00,3279.975,RX,baseline,001151C0,1,5,01 00 00 C0 51
2026-09-28T15:22:09.400+00:00,3284.789,RX,baseline,000193CA,1,7,01 00 00 0F 03 CA 93
2026-09-28T15:22:09.400+00:00,3284.866,RX,baseline,001193CA,1,5,01 00 00 CA 93
2026-09-28T15:22:09.405+00:00,3289.800,RX,baseline,0001E795,1,7,01 00 00 0F 03 95 E7
2026-09-28T15:22:09.405+00:00,3289.884,RX,baseline,0011E795,1,5,01 00 00 95 E7
2026-09-28T15:22:09.410+00:00,3294.741,RX,baseline,00010CC2,1,7,01 00 00 0F 03 C2 0C
2026-09-28T15:22:09.410+00:00,3294.837,RX,baseline,00110CC2,1,5,01 00 00 C2 0C
2026-09-28T15:22:09.415+00:00,3299.682,RX,baseline,000101C6,1,7,01 00 00 0F 03 C6 01
2026-09-28T15:22:09.415+00:00,3299.919,RX,baseline,001101C6,1,5,01 00 00 C6 01
2026-09-28T15:22:09.420+00:00,3304.727,RX,baseline,00010D33,1,7,01 00 00 0F 03 33 0D
2026-09-28T15:22:09.420+00:00,3304.959,RX,baseline,00110D33,1,5,01 00 00 33 0D
2026-09-28T15:22:09.425+00:00,3309.676,RX,baseline,000133F1,1,7,01 00 00 0F 03 F1 33
2026-09-28T15:22:09.425+00:00,3309.920,RX,baseline,001133F1,1,5,01 00 00 F1 33
2026-09-28T15:22:09.430+00:00,3314.738,RX,baseline,00013825,1,7,01 00 00 0F 03 25 38
2026-09-28T15:22:09.430+00:00,3314.825,RX,baseline,00113825,1,5,01 00 00 25 38
2026-09-28T15:22:09.435+00:00,3319.629,RX,baseline,000144BC,1,7,01 00 00 0F 03 BC 44
2026-09-28T15:22:09.435+00:00,3319.859,RX,baseline,001144BC,1,5,01 00 00 BC 44
2026-09-28T15:22:09.440+00:00,3324.718,RX,baseline,000185A1,1,7,01 00 00 0F 03 A1 85
2026-09-28T15:22:09.440+00:00,3324.793,RX,baseline,001185A1,1,5,01 00 00 A1 85
2026-09-28T15:22:09.445+00:00,3329.748,RX,baseline,0001D9C8,1,7,01 00 00 0F 03 C8 D9
2026-09-28T15:22:09.445+00:00,3329.814,RX,baseline,0011D9C8,1,5,01 00 00 C8 D9
2026-09-28T15:22:09.450+00:00,3334.754,RX,baseline,00011523,1,7,01 00 00 0F 03 23 15
2026-09-28T15:22:09.450+00:00,3334.818,RX,baseline,00111523,1,5,01 00 00 23 15
2026-09-28T15:22:09.455+00:00,3339.707,RX,baseline,00013ADA,1,7,01 00 00 0F 03 DA 3A
2026-09-28T15:22:09.455+00:00,3339.809,RX,baseline,00113ADA,1,5,01 00 00 DA 3A
2026-09-28T15:22:09.460+00:00,3344.753,RX,baseline,000173BC,1,7,01 00 00 0F 03 BC 73
2026-09-28T15:22:09.460+00:00,3344.817,RX,baseline,001173BC,1,5,01 00 00 BC 73
2026-09-28T15:22:09.465+00:00,3349.629,RX,baseline,00018EFB,1,7,01 00 00 0F 03 FB 8E
2026-09-28T15:22:09.465+00:00,3349.864,RX,baseline,00118EFB,1,5,01 00 00 FB 8E
2026-09-28T15:22:09.470+00:00,3354.796,RX,baseline,0001D000,1,7,01 00 00 0F 03 00 D0
2026-09-28T15:22:09.470+00:00,3354.841,RX,baseline,0011D000,1,5,01 00 00 00 D0
2026-09-28T15:22:09.475+00:00,3359.748,RX,baseline,00017F5B,1,7,01 00 00 0F 03 5B 7F
2026-09-28T15:22:09.475+00:00,3359.813,RX,baseline,00117F5B,1,5,01 00 00 5B 7F
2026-09-28T15:22:09.480+00:00,3364.792,RX,baseline,00011588,1,7,01 00 00 0F 03 88 15
2026-09-28T15:22:09.480+00:00,3364.838,RX,baseline,00111588,1,5,01 00 00 88 15
2026-09-28T15:22:09.485+00:00,3369.653,RX,baseline,00018648,1,7,01 00 00 0F 03 48 86
2026-09-28T15:22:09.485+00:00,3369.871,RX,baseline,00118648,1,5,01 00 00 48 86
2026-09-28T15:22:09.490+00:00,3374.727,RX,baseline,00010B7E,1,7,01 00 00 0F 03 7E 0B
2026-09-28T15:22:09.490+00:00,3374.810,RX,baseline,00110B7E,1,5,01 00 00 7E 0B
2026-09-28T15:22:09.495+00:00,3379.879,RX,baseline,0001F964,1,7,01 00 00 0F 03 64 F9
2026-09-28T15:22:09.495+00:00,3379.984,RX,baseline,0011F964,1,5,01 00 00 64 F9
2026-09-28T15:22:09.500+00:00,3384.835,RX,baseline,00019199,1,7,01 00 00 0F 03 99 91
2026-09-28T15:22:09.500+00:00,3384.936,RX,baseline,00119199,1,5,01 00 00 99 91
2026-09-28T15:22:09.505+00:00,3389.910,RX,baseline,0001D911,1,7,01 00 00 0F 03 11 D9
2026-09-28T15:22:09.505+00:00,3390.009,RX,baseline,0011D911,1,5,01 00 00 11 D9
2026-09-28T15:22:09.510+00:00,3394.768,RX,baseline,00016470,1,7,01 00 00 0F 03 70 64
2026-09-28T15:22:09.510+00:00,3394.814,RX,baseline,00116470,1,5,01 00 00 70 64
2026-09-28T15:22:09.515+00:00,3399.866,RX,baseline,0001BBA6,1,7,01 00 00 0F 03 A6 BB
2026-09-28T15:22:09.515+00:00,3399.945,RX,baseline,0011BBA6,1,5,01 00 00 A6 BB
2026-09-28T15:22:09.520+00:00,3404.614,RX,baseline,0001F208,1,7,01 00 00 0F 03 08 F2
2026-09-28T15:22:09.520+00:00,3404.841,RX,baseline,0011F208,1,5,01 00 00 08 F2
2026-09-28T15:22:09.525+00:00,3409.845,RX,baseline,0001B9E1,1,7,01 00 00 0F 03 E1 B9
2026-09-28T15:22:09.525+00:00,3409.944,RX,baseline,0011B9E1,1,5,01 00 00 E1 B9
2026-09-28T15:22:09.530+00:00,3414.752,RX,baseline,00011510,1,7,01 00 00 0F 03 10 15
2026-09-28T15:22:09.530+00:00,3414.816,RX,baseline,00111510,1,5,01 00 00 10 15
2026-09-28T15:22:09.535+00:00,3419.876,RX,baseline,0001B6C2,1,7,01 00 00 0F 03 C2 B6
2026-09-28T15:22:09.535+00:00,3419.997,RX,baseline,0011B6C2,1,5,01 00 00 C2 B6
2026-09-28T15:22:09.540+00:00,3424.812,RX,baseline,00013523,1,7,01 00 00 0F 03 23 35
2026-09-28T15:22:09.540+00:00,3424.904,RX,baseline,00113523,1,5,01 00 00 23 35
2026-09-28T15:22:09.545+00:00,3429.712,RX,baseline,0001DBA9,1,7,01 00 00 0F 03 A9 DB
2026-09-28T15:22:09.545+00:00,3429.820,RX,baseline,0011DBA9,1,5,01 00 00 A9 DB
2026-09-28T15:22:09.550+00:00,3434.656,RX,baseline,0001740F,1,7,01 00 00 0F 03 0F 74
2026-09-28T15:22:09.550+00:00,3434.865,RX,baseline,0011740F,1,5,01 00 00 0F 74
2026-09-28T15:22:09.555+00:00,3439.672,RX,baseline,0001AA6E,1,7,01 00 00 0F 03 6E AA
2026-09-28T15:22:09.555+00:00,3439.847,RX,baseline,0011AA6E,1,5,01 00 00 6E AA
2026-09-28T15:22:09.560+00:00,3444.704,RX,baseline,000177E7,1,7,01 00 00 0F 03 E7 77
2026-09-28T15:22:09.560+00:00,3444.870,RX,baseline,001177E7,1,5,01 00 00 E7 77
2026-09-28T15:22:09.565+00:00,3449.680,RX,baseline,0001ADCE,1,7,01 00 00 0F 03 CE AD
2026-09-28T15:22:09.565+00:00,3449.863,RX,baseline,0011ADCE,1,5,01 00 00 CE AD
2026-09-28T15:22:09.570+00:00,3454.714,RX,baseline,00019370,1,7,01 00 00 0F 03 70 93
2026-09-28T15:22:09.570+00:00,3454.818,RX,baseline,00119370,1,5,01 00 00 70 93
2026-09-28T15:22:09.575+00:00,3459.610,RX,baseline,0001D55C,1,7,01 00 00 0F 03 5C D5
2026-09-28T15:22:09.575+00:00,3459.774,RX,baseline,0011D55C,1,5,01 00 00 5C D5
2026-09-28T15:22:09.580+00:00,3464.688,RX,baseline,0001DA2E,1,7,01 00 00 0F 03 2E DA
2026-09-28T15:22:09.580+00:00,3464.865,RX,baseline,0011DA2E,1,5,01 00 00 2E DA
2026-09-28T15:22:09.585+00:00,3469.793,RX,baseline,0001C0E3,1,7,01 00 00 0F 03 E3 C0
2026-09-28T15:22:09.585+00:00,3469.882,RX,baseline,0011C0E3,1,5,01 00 00 E3 C0
2026-09-28T15:22:09.590+00:00,3474.849,RX,baseline,0001BB14,1,7,01 00 00 0F 03 14 BB
2026-09-28T15:22:09.590+00:00,3474.906,RX,baseline,0011BB14,1,5,01 00 00 14 BB
2026-09-28T15:22:09.595+00:00,3479.702,RX,baseline,0001E7D5,1,7,01 00 00 0F 03 D5 E7
2026-09-28T15:22:09.595+00:00,3479.840,RX,baseline,0011E7D5,1,5,01 00 00 D5 E7
2026-09-28T15:22:09.600+00:00,3484.820,RX,baseline,0001B4A7,1,7,01 00 00 0F 03 A7 B4
2026-09-28T15:22:09.600+00:00,3484.876,RX,baseline,0011B4A7,1,5,01 00 00 A7 B4
2026-09-28T15:22:09.605+00:00,3489.630,RX,baseline,00010835,1,7,01 00 00 0F 03 35 08
2026-09-28T15:22:09.605+00:00,3489.916,RX,baseline,00110835,1,5,01 00 00 35 08
2026-09-28T15:22:09.610+00:00,3494.847,RX,baseline,00010F14,1,7,01 00 00 0F 03 14 0F
2026-09-28T15:22:09.610+00:00,3494.903,RX,baseline,00110F14,1,5,01 00 00 14 0F
2026-09-28T15:22:09.615+00:00,3499.637,RX,baseline,0001B127,1,7,01 00 00 0F 03 27 B1
2026-09-28T15:22:09.615+00:00,3499.888,RX,baseline,0011B127,1,5,01 00 00 27 B1
2026-09-28T15:22:09.620+00:00,3504.820,RX,baseline,0001A088,1,7,01 00 00 0F 03 88 A0
2026-09-28T15:22:09.620+00:00,3504.877,RX,baseline,0011A088,1,5,01 00 00 88 A0
2026-09-28T15:22:09.625+00:00,3509.711,RX,baseline,0001300A,1,7,01 00 00 0F 03 0A 30
2026-09-28T15:22:09.625+00:00,3509.816,RX,baseline,0011300A,1,5,01 00 00 0A 30
2026-09-28T15:22:09.630+00:00,3514.709,RX,baseline,000115D1,1,7,01 00 00 0F 03 D1 15
2026-09-28T15:22:09.630+00:00,3514.837,RX,baseline,001115D1,1,5,01 00 00 D1 15
2026-09-28T15:22:09.635+00:00,3519.749,RX,baseline,000107C4,1,7,01 00 00 0F 03 C4 07
2026-09-28T15:22:09.635+00:00,3519.827,RX,baseline,001107C4,1,5,01 00 00 C4 07
2026-09-28T15:22:09.640+00:00,3524.775,RX,baseline,00017505,1,7,01 00 00 0F 03 05 75
2026-09-28T15:22:09.640+00:00,3524.852,RX,baseline,00117505,1,5,01 00 00 05 75
2026-09-28T15:22:09.645+00:00,3529.838,RX,baseline,0001E8A8,1,7,01 00 00 0F 03 A8 E8
2026-09-28T15:22:09.645+00:00,3529.898,RX,baseline,0011E8A8,1,5,01 00 00 A8 E8
2026-09-28T15:22:09.650+00:00,3534.815,RX,baseline,000145CB,1,7,01 00 00 0F 03 CB 45
2026-09-28T15:22:09.650+00:00,3534.915,RX,baseline,001145CB,1,5,01 00 00 CB 45
2026-09-28T15:22:09.655+00:00,3539.882,RX,baseline,00018825,1,7,01 00 00 0F 03 25 88
2026-09-28T15:22:09.655+00:00,3539.958,RX,baseline,00118825,1,5,01 00 00 25 88
2026-09-28T15:22:09.660+00:00,3544.774,RX,baseline,0001667E,1,7,01 00 00 0F 03 7E 66
2026-09-28T15:22:09.660+00:00,3544.839,RX,baseline,0011667E,1,5,01 00 00 7E 66
2026-09-28T15:22:09.665+00:00,3549.821,RX,baseline,00013E17,1,7,01 00 00 0F 03 17 3E
2026-09-28T15:22:09.665+00:00,3549.895,RX,baseline,00113E17,1,5,01 00 00 17 3E
2026-09-28T15:22:09.670+00:00,3554.795,RX,baseline,00019B34,1,7,01 00 00 0F 03 34 9B
2026-09-28T15:22:09.670+00:00,3554.871,RX,baseline,00119B34,1,5,01 00 00 34 9B
2026-09-28T15:22:09.675+00:00,3559.853,RX,baseline,00018272,1,7,01 00 00 0F 03 72 82
2026-09-28T15:22:09.675+00:00,3559.925,RX,baseline,00118272,1,5,01 00 00 72 82
2026-09-28T15:22:09.680+00:00,3564.773,RX,baseline,00011F7B,1,7,01 00 00 0F 03 7B 1F
2026-09-28T15:22:09.680+00:00,3564.866,RX,baseline,00111F7B,1,5,01 00 00 7B 1F
2026-09-28T15:22:09.685+00:00,3569.864,RX,baseline,0001D8A6,1,7,01 00 00 0F 03 A6 D8
2026-09-28T15:22:09.685+00:00,3569.963,RX,baseline,0011D8A6,1,5,01 00 00 A6 D8
2026-09-28T15:22:09.690+00:00,3574.800,RX,baseline,00012544,1,7,01 00 00 0F 03 44 25
2026-09-28T15:22:09.690+00:00,3574.858,RX,baseline,00112544,1,5,01 00 00 44 25
2026-09-28T15:22:09.695+00:00,3579.821,RX,baseline,00019EE3,1,7,01 00 00 0F 03 E3 9E
2026-09-28T15:22:09.695+00:00,3579.877,RX,baseline,00119EE3,1,5,01 00 00 E3 9E
2026-09-28T15:22:09.700+00:00,3584.629,RX,baseline,0001B757,1,7,01 00 00 0F 03 57 B7
2026-09-28T15:22:09.700+00:00,3584.904,RX,baseline,0011B757,1,5,01 00 00 57 B7
2026-09-28T15:22:09.705+00:00,3589.637,RX,baseline,0001662E,1,7,01 00 00 0F 03 2E 66
2026-09-28T15:22:09.705+00:00,3589.884,RX,baseline,0011662E,1,5,01 00 00 2E 66
2026-09-28T15:22:09.710+00:00,3594.633,RX,baseline,0001934A,1,7,01 00 00 0F 03 4A 93
2026-09-28T15:22:09.710+00:00,3594.883,RX,baseline,0011934A,1,5,01 00 00 4A 93
2026-09-28T15:22:09.715+00:00,3599.705,RX,baseline,0001C8E3,1,7,01 00 00 0F 03 E3 C8
2026-09-28T15:22:09.715+00:00,3599.810,RX,baseline,0011C8E3,1,5,01 00 00 E3 C8
2026-09-28T15:22:09.720+00:00,3604.683,RX,baseline,0001D6BE,1,7,01 00 00 0F 03 BE D6
2026-09-28T15:22:09.720+00:00,3604.907,RX,baseline,0011D6BE,1,5,01 00 00 BE D6
2026-09-28T15:22:09.725+00:00,3609.637,RX,baseline,0001D018,1,7,01 00 00 0F 03 18 D0
2026-09-28T15:22:09.725+00:00,3609.894,RX,baseline,0011D018,1,5,01 00 00 18 D0
2026-09-28T15:22:09.730+00:00,3614.634,RX,baseline,0001C985,1,7,01 00 00 0F 03 85 C9
2026-09-28T15:22:09.730+00:00,3614.882,RX,baseline,0011C985,1,5,01 00 00 85 C9
2026-09-28T15:22:09.735+00:00,3619.641,RX,baseline,00010CF9,1,7,01 00 00 0F 03 F9 0C
2026-09-28T15:22:09.735+00:00,3619.887,RX,baseline,00110CF9,1,5,01 00 00 F9 0C
2026-09-28T15:22:09.740+00:00,3624.639,RX,baseline,0001C1D7,1,7,01 00 00 0F 03 D7 C1
2026-09-28T15:22:09.740+00:00,3624.878,RX,baseline,0011C1D7,1,5,01 00 00 D7 C1
2026-09-28T15:22:09.745+00:00,3629.818,RX,baseline,0001A21E,1,7,01 00 00 0F 03 1E A2
2026-09-28T15:22:09.745+00:00,3629.874,RX,baseline,0011A21E,1,5,01 00 00 1E A2
2026-09-28T15:22:09.750+00:00,3634.891,RX,baseline,00016DB7,1,7,01 00 00 0F 03 B7 6D
2026-09-28T15:22:09.750+00:00,3634.971,RX,baseline,00116DB7,1,5,01 00 00 B7 6D
2026-09-28T15:22:09.755+00:00,3639.820,RX,baseline,00013D66,1,7,01 00 00 0F 03 66 3D
2026-09-28T15:22:09.755+00:00,3639.876,RX,baseline,00113D66,1,5,01 00 00 66 3D
2026-09-28T15:22:09.760+00:00,3644.808,RX,baseline,00016841,1,7,01 00 00 0F 03 41 68
2026-09-28T15:22:09.760+00:00,3644.892,RX,baseline,00116841,1,5,01 00 00 41 68
2026-09-28T15:22:09.765+00:00,3649.800,RX,baseline,00013DD4,1,7,01 00 00 0F 03 D4 3D
2026-09-28T15:22:09.765+00:00,3649.887,RX,baseline,00113DD4,1,5,01 00 00 D4 3D
2026-09-28T15:22:09.770+00:00,3654.788,RX,baseline,00017F75,1,7,01 00 00 0F 03 75 7F
2026-09-28T15:22:09.770+00:00,3654.900,RX,baseline,00117F75,1,5,01 00 00 75 7F
2026-09-28T15:22:09.775+00:00,3659.771,RX,baseline,0001F18E,1,7,01 00 00 0F 03 8E F1
2026-09-28T15:22:09.775+00:00,3659.850,RX,baseline,0011F18E,1,5,01 00 00 8E F1
2026-09-28T15:22:09.780+00:00,3664.823,RX,baseline,000176BE,1,7,01 00 00 0F 03 BE 76
2026-09-28T15:22:09.780+00:00,3664.938,RX,baseline,001176BE,1,5,01 00 00 BE 76
2026-09-28T15:22:09.785+00:00,3669.815,RX,baseline,00014EE5,1,7,01 00 00 0F 03 E5 4E
2026-09-28T15:22:09.785+00:00,3669.872,RX,baseline,00114EE5,1,5,01 00 00 E5 4E
2026-09-28T15:22:09.790+00:00,3674.678,RX,baseline,0001D43F,1,7,01 00 00 0F 03 3F D4
2026-09-28T15:22:09.790+00:00,3674.785,RX,baseline,0011D43F,1,5,01 00 00 3F D4
2026-09-28T15:22:09.795+00:00,3679.669,RX,baseline,00012C17,1,7,01 00 00 0F 03 17 2C
2026-09-28T15:22:09.795+00:00,3679.907,RX,baseline,00112C17,1,5,01 00 00 17 2C
2026-09-28T15:22:09.800+00:00,3684.657,RX,baseline,00015AB0,1,7,01 00 00 0F 03 B0 5A
2026-09-28T15:22:09.800+00:00,3684.879,RX,baseline,00115AB0,1,5,01 00 00 B0 5A
2026-09-28T15:22:09.805+00:00,3689.634,RX,baseline,0001F81D,1,7,01 00 00 0F 03 1D F8
2026-09-28T15:22:09.805+00:00,3689.921,RX,baseline,0011F81D,1,5,01 00 00 1D F8
2026-09-28T15:22:09.810+00:00,3694.634,RX,baseline,0001C353,1,7,01 00 00 0F 03 53 C3
2026-09-28T15:22:09.810+00:00,3694.884,RX,baseline,0011C353,1,5,01 00 00 53 C3
2026-09-28T15:22:09.815+00:00,3699.642,RX,baseline,00014FD1,1,7,01 00 00 0F 03 D1 4F
2026-09-28T15:22:09.815+00:00,3699.904,RX,baseline,00114FD1,1,5,01 00 00 D1 4F
2026-09-28T15:22:09.820+00:00,3704.609,RX,baseline,00016B47,1,7,01 00 00 0F 03 47 6B
2026-09-28T15:22:09.820+00:00,3704.852,RX,baseline,00116B47,1,5,01 00 00 47 6B
2026-09-28T15:22:09.825+00:00,3709.652,RX,baseline,0001412B,1,7,01 00 00 0F 03 2B 41
2026-09-28T15:22:09.825+00:00,3709.882,RX,baseline,0011412B,1,5,01 00 00 2B 41
2026-09-28T15:22:09.830+00:00,3714.690,RX,baseline,00019940,1,7,01 00 00 0F 03 40 99
2026-09-28T15:22:09.830+00:00,3714.782,RX,baseline,00119940,1,5,01 00 00 40 99
2026-09-28T15:22:09.835+00:00,3719.619,RX,baseline,0001D35B,1,7,01 00 00 0F 03 5B D3
2026-09-28T15:22:09.835+00:00,3719.832,RX,baseline,0011D35B,1,5,01 00 00 5B D3
2026-09-28T15:22:09.840+00:00,3724.625,RX,baseline,0001DC76,1,7,01 00 00 0F 03 76 DC
2026-09-28T15:22:09.840+00:00,3724.863,RX,baseline,0011DC76,1,5,01 00 00 76 DC
2026-09-28T15:22:09.845+00:00,3729.792,RX,baseline,00014D22,1,7,01 00 00 0F 03 22 4D
2026-09-28T15:22:09.845+00:00,3729.871,RX,baseline,00114D22,1,5,01 00 00 22 4D
2026-09-28T15:22:09.850+00:00,3734.805,RX,baseline,00013F3C,1,7,01 00 00 0F 03 3C 3F
2026-09-28T15:22:09.850+00:00,3734.908,RX,baseline,00113F3C,1,5,01 00 00 3C 3F
2026-09-28T15:22:09.855+00:00,3739.831,RX,baseline,00011F81,1,7,01 00 00 0F 03 81 1F
2026-09-28T15:22:09.855+00:00,3739.888,RX,baseline,00111F81,1,5,01 00 00 81 1F
2026-09-28T15:22:09.860+00:00,3744.812,RX,baseline,0001E7A9,1,7,01 00 00 0F 03 A9 E7
2026-09-28T15:22:09.860+00:00,3744.918,RX,baseline,0011E7A9,1,5,01 00 00 A9 E7
2026-09-28T15:22:09.865+00:00,3749.866,RX,baseline,0001BDC2,1,7,01 00 00 0F 03 C2 BD
2026-09-28T15:22:09.865+00:00,3749.986,RX,baseline,0011BDC2,1,5,01 00 00 C2 BD
2026-09-28T15:22:09.870+00:00,3754.808,RX,baseline,0001BE36,1,7,01 00 00 0F 03 36 BE
2026-09-28T15:22:09.870+00:00,3754.894,RX,baseline,0011BE36,1,5,01 00 00 36 BE
2026-09-28T15:22:09.875+00:00,3759.804,RX,baseline,00015C67,1,7,01 00 00 0F 03 67 5C
2026-09-28T15:22:09.875+00:00,3759.901,RX,baseline,00115C67,1,5,01 00 00 67 5C
2026-09-28T15:22:09.880+00:00,3764.821,RX,baseline,0001CE38,1,7,01 00 00 0F 03 38 CE
2026-09-28T15:22:09.880+00:00,3764.945,RX,baseline,0011CE38,1,5,01 00 00 38 CE
2026-09-28T15:22:09.885+00:00,3769.616,RX,baseline,0001F77B,1,7,01 00 00 0F 03 7B F7
2026-09-28T15:22:09.885+00:00,3769.847,RX,baseline,0011F77B,1,5,01 00 00 7B F7
2026-09-28T15:22:09.890+00:00,3774.609,RX,baseline,0001D1AA,1,7,01 00 00 0F 03 AA D1
2026-09-28T15:22:09.890+00:00,3774.845,RX,baseline,0011D1AA,1,5,01 00 00 AA D1
2026-09-28T15:22:09.895+00:00,3779.811,RX,baseline,00014566,1,7,01 00 00 0F 03 66 45
2026-09-28T15:22:09.895+00:00,3779.915,RX,baseline,00114566,1,5,01 00 00 66 45
2026-09-28T15:22:09.900+00:00,3784.820,RX,baseline,0001E599,1,7,01 00 00 0F 03 99 E5
2026-09-28T15:22:09.900+00:00,3784.914,RX,baseline,0011E599,1,5,01 00 00 99 E5
2026-09-28T15:22:09.905+00:00,3789.873,RX,baseline,0001762C,1,7,01 00 00 0F 03 2C 76
2026-09-28T15:22:09.905+00:00,3789.949,RX,baseline,0011762C,1,5,01 00 00 2C 76
2026-09-28T15:22:09.910+00:00,3794.803,RX,baseline,00017A36,1,7,01 00 00 0F 03 36 7A
2026-09-28T15:22:09.910+00:00,3794.884,RX,baseline,00117A36,1,5,01 00 00 36 7A
2026-09-28T15:22:09.915+00:00,3799.791,RX,baseline,0001EFB9,1,7,01 00 00 0F 03 B9 EF
2026-09-28T15:22:09.915+00:00,3799.891,RX,baseline,0011EFB9,1,5,01 00 00 B9 EF
2026-09-28T15:22:09.920+00:00,3804.749,RX,baseline,0001B957,1,7,01 00 00 0F 03 57 B9
2026-09-28T15:22:09.920+00:00,3804.797,RX,baseline,0011B957,1,5,01 00 00 57 B9
2026-09-28T15:22:09.925+00:00,3809.814,RX,baseline,00011EAF,1,7,01 00 00 0F 03 AF 1E
2026-09-28T15:22:09.925+00:00,3809.907,RX,baseline,00111EAF,1,5,01 00 00 AF 1E
2026-09-28T15:22:09.930+00:00,3814.661,RX,baseline,00018BEF,1,7,01 00 00 0F 03 EF 8B
2026-09-28T15:22:09.930+00:00,3814.812,RX,baseline,00118BEF,1,5,01 00 00 EF 8B
2026-09-28T15:22:09.935+00:00,3819.701,RX,baseline,00019BD6,1,7,01 00 00 0F 03 D6 9B
2026-09-28T15:22:09.935+00:00,3819.851,RX,baseline,00119BD6,1,5,01 00 00 D6 9B
2026-09-28T15:22:09.940+00:00,3824.686,RX,baseline,00010EC5,1,7,01 00 00 0F 03 C5 0E
2026-09-28T15:22:09.940+00:00,3824.820,RX,baseline,00110EC5,1,5,01 00 00 C5 0E
2026-09-28T15:22:09.944+00:00,3829.571,RX,baseline,00018915,1,7,01 00 00 0F 03 15 89
2026-09-28T15:22:09.945+00:00,3829.800,RX,baseline,00118915,1,5,01 00 00 15 89
2026-09-28T15:22:09.949+00:00,3834.554,RX,baseline,00013473,1,7,01 00 00 0F 03 73 34
2026-09-28T15:22:09.950+00:00,3834.788,RX,baseline,00113473,1,5,01 00 00 73 34
2026-09-28T15:22:09.955+00:00,3839.625,RX,baseline,0001919C,1,7,01 00 00 0F 03 9C 91
2026-09-28T15:22:09.955+00:00,3839.854,RX,baseline,0011919C,1,5,01 00 00 9C 91
2026-09-28T15:22:09.960+00:00,3844.629,RX,baseline,0001EA72,1,7,01 00 00 0F 03 72 EA
2026-09-28T15:22:09.960+00:00,3844.855,RX,baseline,0011EA72,1,5,01 00 00 72 EA
2026-09-28T15:22:09.964+00:00,3849.582,RX,baseline,00015BB0,1,7,01 00 00 0F 03 B0 5B
2026-09-28T15:22:09.965+00:00,3849.812,RX,baseline,00115BB0,1,5,01 00 00 B0 5B
2026-09-28T15:22:09.970+00:00,3854.662,RX,baseline,0001A0BE,1,7,01 00 00 0F 03 BE A0
2026-09-28T15:22:09.970+00:00,3854.807,RX,baseline,0011A0BE,1,5,01 00 00 BE A0
2026-09-28T15:22:09.974+00:00,3859.572,RX,baseline,0001E331,1,7,01 00 00 0F 03 31 E3
2026-09-28T15:22:09.975+00:00,3859.791,RX,baseline,0011E331,1,5,01 00 00 31 E3
2026-09-28T15:22:09.980+00:00,3864.671,RX,baseline,0001BB5B,1,7,01 00 00 0F 03 5B BB
2026-09-28T15:22:09.980+00:00,3864.788,RX,baseline,0011BB5B,1,5,01 00 00 5B BB
2026-09-28T15:22:09.985+00:00,3869.659,RX,baseline,00018ED4,1,7,01 00 00 0F 03 D4 8E
2026-09-28T15:22:09.985+00:00,3869.778,RX,baseline,00118ED4,1,5,01 00 00 D4 8E
2026-09-28T15:22:09.990+00:00,3874.619,RX,baseline,00017EBC,1,7,01 00 00 0F 03 BC 7E
2026-09-28T15:22:09.990+00:00,3874.799,RX,baseline,00117EBC,1,5,01 00 00 BC 7E
2026-09-28T15:22:09.994+00:00,3879.587,RX,baseline,000146A9,1,7,01 00 00 0F 03 A9 46
2026-09-28T15:22:09.995+00:00,3879.790,RX,baseline,001146A9,1,5,01 00 00 A9 46
2026-09-28T15:22:10.000+00:00,3884.784,RX,baseline,00014BE1,1,7,01 00 00 0F 03 E1 4B
2026-09-28T15:22:10.000+00:00,3884.888,RX,baseline,00114BE1,1,5,01 00 00 E1 4B
2026-09-28T15:22:10.005+00:00,3889.690,RX,baseline,0001BD5D,1,7,01 00 00 0F 03 5D BD
2026-09-28T15:22:10.005+00:00,3889.743,RX,baseline,0011BD5D,1,5,01 00 00 5D BD
2026-09-28T15:22:10.010+00:00,3894.828,RX,baseline,000186A2,1,7,01 00 00 0F 03 A2 86
2026-09-28T15:22:10.010+00:00,3894.907,RX,baseline,001186A2,1,5,01 00 00 A2 86
2026-09-28T15:22:10.015+00:00,3899.704,RX,baseline,0001DA66,1,7,01 00 00 0F 03 66 DA
2026-09-28T15:22:10.015+00:00,3899.781,RX,baseline,0011DA66,1,5,01 00 00 66 DA
2026-09-28T15:22:10.020+00:00,3904.735,RX,baseline,0001EC80,1,7,01 00 00 0F 03 80 EC
2026-09-28T15:22:10.020+00:00,3904.814,RX,baseline,0011EC80,1,5,01 00 00 80 EC
2026-09-28T15:22:10.025+00:00,3909.729,RX,baseline,000181EF,1,7,01 00 00 0F 03 EF 81
2026-09-28T15:22:10.025+00:00,3909.790,RX,baseline,001181EF,1,5,01 00 00 EF 81
2026-09-28T15:22:10.030+00:00,3914.779,RX,baseline,00011BFC,1,7,01 00 00 0F 03 FC 1B
2026-09-28T15:22:10.030+00:00,3914.881,RX,baseline,00111BFC,1,5,01 00 00 FC 1B
2026-09-28T15:22:10.035+00:00,3919.721,RX,baseline,0001F841,1,7,01 00 00 0F 03 41 F8
2026-09-28T15:22:10.035+00:00,3919.810,RX,baseline,0011F841,1,5,01 00 00 41 F8
2026-09-28T15:22:10.040+00:00,3924.731,RX,baseline,0001783C,1,7,01 00 00 0F 03 3C 78
2026-09-28T15:22:10.040+00:00,3924.851,RX,baseline,0011783C,1,5,01 00 00 3C 78
2026-09-28T15:22:10.044+00:00,3929.594,RX,baseline,0001B8FF,1,7,01 00 00 0F 03 FF B8
2026-09-28T15:22:10.045+00:00,3929.790,RX,baseline,0011B8FF,1,5,01 00 00 FF B8
2026-09-28T15:22:10.049+00:00,3934.581,RX,baseline,0001D285,1,7,01 00 00 0F 03 85 D2
2026-09-28T15:22:10.050+00:00,3934.769,RX,baseline,0011D285,1,5,01 00 00 85 D2
2026-09-28T15:22:10.055+00:00,3939.640,RX,baseline,00011F6B,1,7,01 00 00 0F 03 6B 1F
2026-09-28T15:22:10.055+00:00,3939.782,RX,baseline,00111F6B,1,5,01 00 00 6B 1F
2026-09-28T15:22:10.059+00:00,3944.593,RX,baseline,000166D9,1,7,01 00 00 0F 03 D9 66
2026-09-28T15:22:10.060+00:00,3944.760,RX,baseline,001166D9,1,5,01 00 00 D9 66
2026-09-28T15:22:10.064+00:00,3949.562,RX,baseline,0001DF94,1,7,01 00 00 0F 03 94 DF
2026-09-28T15:22:10.065+00:00,3949.762,RX,baseline,0011DF94,1,5,01 00 00 94 DF
2026-09-28T15:22:10.070+00:00,3954.627,RX,baseline,0001FEB9,1,7,01 00 00 0F 03 B9 FE
2026-09-28T15:22:10.070+00:00,3954.766,RX,baseline,0011FEB9,1,5,01 00 00 B9 FE
2026-09-28T15:22:10.074+00:00,3959.511,RX,baseline,00018D14,1,7,01 00 00 0F 03 14 8D
2026-09-28T15:22:10.075+00:00,3959.769,RX,baseline,00118D14,1,5,01 00 00 14 8D
2026-09-28T15:22:10.080+00:00,3964.624,RX,baseline,0001CCD2,1,7,01 00 00 0F 03 D2 CC
2026-09-28T15:22:10.080+00:00,3964.769,RX,baseline,0011CCD2,1,5,01 00 00 D2 CC
2026-09-28T15:22:10.084+00:00,3969.577,RX,baseline,000142CD,1,7,01 00 00 0F 03 CD 42
2026-09-28T15:22:10.085+00:00,3969.752,RX,baseline,001142CD,1,5,01 00 00 CD 42
2026-09-28T15:22:10.090+00:00,3974.680,RX,baseline,0001522A,1,7,01 00 00 0F 03 2A 52
2026-09-28T15:22:10.090+00:00,3974.867,RX,baseline,0011522A,1,5,01 00 00 2A 52
2026-09-28T15:22:10.095+00:00,3979.656,RX,baseline,00014FC8,1,7,01 00 00 0F 03 C8 4F
2026-09-28T15:22:10.095+00:00,3979.796,RX,baseline,00114FC8,1,5,01 00 00 C8 4F
2026-09-28T15:22:10.100+00:00,3984.765,RX,baseline,00018906,1,7,01 00 00 0F 03 06 89
2026-09-28T15:22:10.100+00:00,3984.848,RX,baseline,00118906,1,5,01 00 00 06 89
2026-09-28T15:22:10.104+00:00,3989.524,RX,baseline,00017C21,1,7,01 00 00 0F 03 21 7C
2026-09-28T15:22:10.105+00:00,3989.873,RX,baseline,00117C21,1,5,01 00 00 21 7C
2026-09-28T15:22:10.110+00:00,3994.737,RX,baseline,00015395,1,7,01 00 00 0F 03 95 53
2026-09-28T15:22:10.110+00:00,3994.815,RX,baseline,00115395,1,5,01 00 00 95 53
2026-09-28T15:22:10.115+00:00,3999.744,RX,baseline,0001D19D,1,7,01 00 00 0F 03 9D D1
2026-09-28T15:22:10.115+00:00,3999.798,RX,baseline,0011D19D,1,5,01 00 00 9D D1
2026-09-28T15:22:10.120+00:00,4004.751,RX,baseline,00014032,1,7,01 00 00 0F 03 32 40
2026-09-28T15:22:10.120+00:00,4004.843,RX,baseline,00114032,1,5,01 00 00 32 40
2026-09-28T15:22:10.125+00:00,4009.713,RX,baseline,0001AE68,1,7,01 00 00 0F 03 68 AE
2026-09-28T15:22:10.125+00:00,4009.783,RX,baseline,0011AE68,1,5,01 00 00 68 AE
2026-09-28T15:22:10.130+00:00,4014.718,RX,baseline,000102B3,1,7,01 00 00 0F 03 B3 02
2026-09-28T15:22:10.130+00:00,4014.802,RX,baseline,001102B3,1,5,01 00 00 B3 02
2026-09-28T15:22:10.135+00:00,4019.701,RX,baseline,0001E90D,1,7,01 00 00 0F 03 0D E9
2026-09-28T15:22:10.135+00:00,4019.768,RX,baseline,0011E90D,1,5,01 00 00 0D E9
2026-09-28T15:22:10.139+00:00,4024.574,RX,baseline,00017622,1,7,01 00 00 0F 03 22 76
2026-09-28T15:22:10.140+00:00,4024.858,RX,baseline,00117622,1,5,01 00 00 22 76
2026-09-28T15:22:10.144+00:00,4029.564,RX,baseline,0001BB9D,1,7,01 00 00 0F 03 9D BB
2026-09-28T15:22:10.145+00:00,4029.758,RX,baseline,0011BB9D,1,5,01 00 00 9D BB
2026-09-28T15:22:10.150+00:00,4034.638,RX,baseline,000167D0,1,7,01 00 00 0F 03 D0 67
2026-09-28T15:22:10.150+00:00,4034.754,RX,baseline,001167D0,1,5,01 00 00 D0 67
2026-09-28T15:22:10.155+00:00,4039.801,RX,baseline,00017CA3,1,7,01 00 00 0F 03 A3 7C
2026-09-28T15:22:10.155+00:00,4039.856,RX,baseline,00117CA3,1,5,01 00 00 A3 7C
2026-09-28T15:22:10.160+00:00,4044.653,RX,baseline,000188A5,1,7,01 00 00 0F 03 A5 88
2026-09-28T15:22:10.160+00:00,4044.765,RX,baseline,001188A5,1,5,01 00 00 A5 88
2026-09-28T15:22:10.165+00:00,4049.651,RX,baseline,0001C35F,1,7,01 00 00 0F 03 5F C3
2026-09-28T15:22:10.165+00:00,4049.763,RX,baseline,0011C35F,1,5,01 00 00 5F C3
2026-09-28T15:22:10.170+00:00,4054.742,RX,baseline,0001171D,1,7,01 00 00 0F 03 1D 17
2026-09-28T15:22:10.170+00:00,4054.802,RX,baseline,0011171D,1,5,01 00 00 1D 17
2026-09-28T15:22:10.175+00:00,4059.633,RX,baseline,00016D58,1,7,01 00 00 0F 03 58 6D
2026-09-28T15:22:10.175+00:00,4059.752,RX,baseline,00116D58,1,5,01 00 00 58 6D
2026-09-28T15:22:10.180+00:00,4064.637,RX,baseline,0001E844,1,7,01 00 00 0F 03 44 E8
2026-09-28T15:22:10.180+00:00,4064.767,RX,baseline,0011E844,1,5,01 00 00 44 E8
2026-09-28T15:22:10.184+00:00,4069.564,RX,baseline,0001523C,1,7,01 00 00 0F 03 3C 52
2026-09-28T15:22:10.185+00:00,4069.755,RX,baseline,0011523C,1,5,01 00 00 3C 52
2026-09-28T15:22:10.190+00:00,4074.779,RX,baseline,0001C3C4,1,7,01 00 00 0F 03 C4 C3
2026-09-28T15:22:10.190+00:00,4074.838,RX,baseline,0011C3C4,1,5,01 00 00 C4 C3
2026-09-28T15:22:10.195+00:00,4079.629,RX,baseline,000147BA,1,7,01 00 00 0F 03 BA 47
2026-09-28T15:22:10.195+00:00,4079.760,RX,baseline,001147BA,1,5,01 00 00 BA 47
2026-09-28T15:22:10.199+00:00,4084.568,RX,baseline,000106B2,1,7,01 00 00 0F 03 B2 06
2026-09-28T15:22:10.200+00:00,4084.769,RX,baseline,001106B2,1,5,01 00 00 B2 06
2026-09-28T15:22:10.204+00:00,4089.550,RX,baseline,0001C1AC,1,7,01 00 00 0F 03 AC C1
2026-09-28T15:22:10.205+00:00,4089.763,RX,baseline,0011C1AC,1,5,01 00 00 AC C1
2026-09-28T15:22:10.210+00:00,4094.673,RX,baseline,0001E2BF,1,7,01 00 00 0F 03 BF E2
2026-09-28T15:22:10.210+00:00,4094.757,RX,baseline,0011E2BF,1,5,01 00 00 BF E2
2026-09-28T15:22:10.214+00:00,4099.542,RX,baseline,00013BD0,1,7,01 00 00 0F 03 D0 3B
2026-09-28T15:22:10.215+00:00,4099.719,RX,baseline,00113BD0,1,5,01 00 00 D0 3B
2026-09-28T15:22:10.220+00:00,4104.607,RX,baseline,00016701,1,7,01 00 00 0F 03 01 67
2026-09-28T15:22:10.220+00:00,4104.735,RX,baseline,00116701,1,5,01 00 00 01 67
2026-09-28T15:22:10.225+00:00,4109.626,RX,baseline,000178DE,1,7,01 00 00 0F 03 DE 78
2026-09-28T15:22:10.225+00:00,4109.744,RX,baseline,001178DE,1,5,01 00 00 DE 78
2026-09-28T15:22:10.230+00:00,4114.607,RX,baseline,00011968,1,7,01 00 00 0F 03 68 19
2026-09-28T15:22:10.230+00:00,4114.743,RX,baseline,00111968,1,5,01 00 00 68 19
2026-09-28T15:22:10.234+00:00,4119.527,RX,baseline,0001CBBF,1,7,01 00 00 0F 03 BF CB
2026-09-28T15:22:10.235+00:00,4119.766,RX,baseline,0011CBBF,1,5,01 00 00 BF CB
2026-09-28T15:22:10.239+00:00,4124.563,RX,baseline,0001C399,1,7,01 00 00 0F 03 99 C3
2026-09-28T15:22:10.240+00:00,4124.824,RX,baseline,0011C399,1,5,01 00 00 99 C3
2026-09-28T15:22:10.245+00:00,4129.670,RX,baseline,00015236,1,7,01 00 00 0F 03 36 52
2026-09-28T15:22:10.245+00:00,4129.792,RX,baseline,00115236,1,5,01 00 00 36 52
2026-09-28T15:22:10.250+00:00,4134.879,RX,baseline,0001F3CE,1,7,01 00 00 0F 03 CE F3
2026-09-28T15:22:10.250+00:00,4134.965,RX,baseline,0011F3CE,1,5,01 00 00 CE F3
2026-09-28T15:22:10.255+00:00,4139.769,RX,baseline,0001A92C,1,7,01 00 00 0F 03 2C A9
2026-09-28T15:22:10.255+00:00,4139.831,RX,baseline,0011A92C,1,5,01 00 00 2C A9
2026-09-28T15:22:10.260+00:00,4144.863,RX,baseline,00010DE8,1,7,01 00 00 0F 03 E8 0D
2026-09-28T15:22:10.260+00:00,4144.947,RX,baseline,00110DE8,1,5,01 00 00 E8 0D
2026-09-28T15:22:10.265+00:00,4149.742,RX,baseline,0001D191,1,7,01 00 00 0F 03 91 D1
2026-09-28T15:22:10.265+00:00,4149.817,RX,baseline,0011D191,1,5,01 00 00 91 D1
2026-09-28T15:22:10.270+00:00,4154.809,RX,baseline,00014ECD,1,7,01 00 00 0F 03 CD 4E
2026-09-28T15:22:10.270+00:00,4154.896,RX,baseline,00114ECD,1,5,01 00 00 CD 4E
2026-09-28T15:22:10.275+00:00,4159.799,RX,baseline,00019160,1,7,01 00 00 0F 03 60 91
2026-09-28T15:22:10.275+00:00,4159.900,RX,baseline,00119160,1,5,01 00 00 60 91
2026-09-28T15:22:10.280+00:00,4164.783,RX,baseline,000187D9,1,7,01 00 00 0F 03 D9 87
2026-09-28T15:22:10.280+00:00,4164.869,RX,baseline,001187D9,1,5,01 00 00 D9 87
2026-09-28T15:22:10.285+00:00,4169.720,RX,baseline,00018F4D,1,7,01 00 00 0F 03 4D 8F
2026-09-28T15:22:10.285+00:00,4169.905,RX,baseline,00118F4D,1,5,01 00 00 4D 8F
2026-09-28T15:22:10.290+00:00,4174.669,RX,baseline,000109DC,1,7,01 00 00 0F 03 DC 09
2026-09-28T15:22:10.290+00:00,4174.748,RX,baseline,001109DC,1,5,01 00 00 DC 09
2026-09-28T15:22:10.294+00:00,4179.547,RX,baseline,0001002D,1,7,01 00 00 0F 03 2D 00
2026-09-28T15:22:10.295+00:00,4179.840,RX,baseline,0011002D,1,5,01 00 00 2D 00
2026-09-28T15:22:10.299+00:00,4184.577,RX,baseline,0001BF05,1,7,01 00 00 0F 03 05 BF
2026-09-28T15:22:10.300+00:00,4184.822,RX,baseline,0011BF05,1,5,01 00 00 05 BF
2026-09-28T15:22:10.305+00:00,4189.702,RX,baseline,00016C0B,1,7,01 00 00 0F 03 0B 6C
2026-09-28T15:22:10.305+00:00,4189.762,RX,baseline,00116C0B,1,5,01 00 00 0B 6C
2026-09-28T15:22:10.310+00:00,4194.701,RX,baseline,000178A4,1,7,01 00 00 0F 03 A4 78
2026-09-28T15:22:10.310+00:00,4194.746,RX,baseline,001178A4,1,5,01 00 00 A4 78
2026-09-28T15:22:10.315+00:00,4199.674,RX,baseline,00011D92,1,7,01 00 00 0F 03 92 1D
2026-09-28T15:22:10.315+00:00,4199.742,RX,baseline,00111D92,1,5,01 00 00 92 1D
2026-09-28T15:22:10.320+00:00,4204.646,RX,baseline,0001B9AA,1,7,01 00 00 0F 03 AA B9
2026-09-28T15:22:10.320+00:00,4204.744,RX,baseline,0011B9AA,1,5,01 00 00 AA B9
2026-09-28T15:22:10.325+00:00,4209.673,RX,baseline,00010131,1,7,01 00 00 0F 03 31 01
2026-09-28T15:22:10.325+00:00,4209.768,RX,baseline,00110131,1,5,01 00 00 31 01
2026-09-28T15:22:10.330+00:00,4214.627,RX,baseline,00010C54,1,7,01 00 00 0F 03 54 0C
2026-09-28T15:22:10.330+00:00,4214.741,RX,baseline,00110C54,1,5,01 00 00 54 0C
2026-09-28T15:22:10.334+00:00,4219.560,RX,baseline,00017A1F,1,7,01 00 00 0F 03 1F 7A
2026-09-28T15:22:10.335+00:00,4219.834,RX,baseline,00117A1F,1,5,01 00 00 1F 7A
2026-09-28T15:22:10.339+00:00,4224.587,RX,baseline,0001F95E,1,7,01 00 00 0F 03 5E F9
2026-09-28T15:22:10.340+00:00,4224.732,RX,baseline,0011F95E,1,5,01 00 00 5E F9
2026-09-28T15:22:10.345+00:00,4229.743,RX,baseline,0001CE31,1,7,01 00 00 0F 03 31 CE
2026-09-28T15:22:10.345+00:00,4229.850,RX,baseline,0011CE31,1,5,01 00 00 31 CE
2026-09-28T15:22:10.350+00:00,4234.701,RX,baseline,0001D8B6,1,7,01 00 00 0F 03 B6 D8
2026-09-28T15:22:10.350+00:00,4234.777,RX,baseline,0011D8B6,1,5,01 00 00 B6 D8
2026-09-28T15:22:10.354+00:00,4239.580,RX,baseline,0001E219,1,7,01 00 00 0F 03 19 E2
2026-09-28T15:22:10.355+00:00,4239.889,RX,baseline,0011E219,1,5,01 00 00 19 E2
2026-09-28T15:22:10.360+00:00,4244.641,RX,baseline,00018783,1,7,01 00 00 0F 03 83 87
2026-09-28T15:22:10.360+00:00,4244.767,RX,baseline,00118783,1,5,01 00 00 83 87
2026-09-28T15:22:10.365+00:00,4249.769,RX,baseline,0001A68B,1,7,01 00 00 0F 03 8B A6
2026-09-28T15:22:10.365+00:00,4249.893,RX,baseline,0011A68B,1,5,01 00 00 8B A6
2026-09-28T15:22:10.370+00:00,4254.738,RX,baseline,00012100,1,7,01 00 00 0F 03 00 21
2026-09-28T15:22:10.370+00:00,4254.817,RX,baseline,00112100,1,5,01 00 00 00 21
2026-09-28T15:22:10.374+00:00,4259.535,RX,baseline,0001375D,1,7,01 00 00 0F 03 5D 37
2026-09-28T15:22:10.375+00:00,4259.854,RX,baseline,0011375D,1,5,01 00 00 5D 37
2026-09-28T15:22:10.380+00:00,4264.710,RX,baseline,0001FF79,1,7,01 00 00 0F 03 79 FF
2026-09-28T15:22:10.380+00:00,4264.762,RX,baseline,0011FF79,1,5,01 00 00 79 FF
2026-09-28T15:22:10.385+00:00,4269.636,RX,baseline,0001E893,1,7,01 00 00 0F 03 93 E8
2026-09-28T15:22:10.385+00:00,4269.849,RX,baseline,0011E893,1,5,01 00 00 93 E8
2026-09-28T15:22:10.389+00:00,4274.578,RX,baseline,0001E86A,1,7,01 00 00 0F 03 6A E8
2026-09-28T15:22:10.390+00:00,4274.832,RX,baseline,0011E86A,1,5,01 00 00 6A E8
2026-09-28T15:22:10.394+00:00,4279.519,RX,baseline,00013604,1,7,01 00 00 0F 03 04 36
2026-09-28T15:22:10.395+00:00,4279.753,RX,baseline,00113604,1,5,01 00 00 04 36
2026-09-28T15:22:10.399+00:00,4284.529,RX,baseline,0001B695,1,7,01 00 00 0F 03 95 B6
2026-09-28T15:22:10.400+00:00,4284.882,RX,baseline,0011B695,1,5,01 00 00 95 B6
2026-09-28T15:22:10.404+00:00,4289.510,RX,baseline,0001E4F2,1,7,01 00 00 0F 03 F2 E4
2026-09-28T15:22:10.405+00:00,4289.800,RX,baseline,0011E4F2,1,5,01 00 00 F2 E4
2026-09-28T15:22:10.410+00:00,4294.790,RX,baseline,00018E83,1,7,01 00 00 0F 03 83 8E
2026-09-28T15:22:10.410+00:00,4294.889,RX,baseline,00118E83,1,5,01 00 00 83 8E
2026-09-28T15:22:10.414+00:00,4299.578,RX,baseline,000153CA,1,7,01 00 00 0F 03 CA 53
2026-09-28T15:22:10.415+00:00,4299.896,RX,baseline,001153CA,1,5,01 00 00 CA 53
2026-09-28T15:22:10.420+00:00,4304.760,RX,baseline,0001B5D4,1,7,01 00 00 0F 03 D4 B5
2026-09-28T15:22:10.420+00:00,4304.845,RX,baseline,0011B5D4,1,5,01 00 00 D4 B5
2026-09-28T15:22:10.425+00:00,4309.806,RX,baseline,00011EED,1,7,01 00 00 0F 03 ED 1E
2026-09-28T15:22:10.425+00:00,4309.886,RX,baseline,00111EED,1,5,01 00 00 ED 1E
2026-09-28T15:22:10.430+00:00,4314.688,RX,baseline,00014B43,1,7,01 00 00 0F 03 43 4B
2026-09-28T15:22:10.430+00:00,4314.812,RX,baseline,00114B43,1,5,01 00 00 43 4B
2026-09-28T15:22:10.435+00:00,4319.752,RX,baseline,00016E2E,1,7,01 00 00 0F 03 2E 6E
2026-09-28T15:22:10.435+00:00,4319.854,RX,baseline,00116E2E,1,5,01 00 00 2E 6E
2026-09-28T15:22:10.440+00:00,4324.814,RX,baseline,0001CD4E,1,7,01 00 00 0F 03 4E CD
2026-09-28T15:22:10.440+00:00,4324.907,RX,baseline,0011CD4E,1,5,01 00 00 4E CD
2026-09-28T15:22:10.445+00:00,4329.692,RX,baseline,00019D67,1,7,01 00 00 0F 03 67 9D
2026-09-28T15:22:10.445+00:00,4329.751,RX,baseline,00119D67,1,5,01 00 00 67 9D
2026-09-28T15:22:10.450+00:00,4334.640,RX,baseline,0001D2E0,1,7,01 00 00 0F 03 E0 D2
2026-09-28T15:22:10.450+00:00,4334.741,RX,baseline,0011D2E0,1,5,01 00 00 E0 D2
2026-09-28T15:22:10.455+00:00,4339.709,RX,baseline,0001CF58,1,7,01 00 00 0F 03 58 CF
2026-09-28T15:22:10.455+00:00,4339.776,RX,baseline,0011CF58,1,5,01 00 00 58 CF
2026-09-28T15:22:10.460+00:00,4344.766,RX,baseline,0001B16B,1,7,01 00 00 0F 03 6B B1
2026-09-28T15:22:10.460+00:00,4344.852,RX,baseline,0011B16B,1,5,01 00 00 6B B1
2026-09-28T15:22:10.465+00:00,4349.789,RX,baseline,000140A7,1,7,01 00 00 0F 03 A7 40
2026-09-28T15:22:10.465+00:00,4349.874,RX,baseline,001140A7,1,5,01 00 00 A7 40
2026-09-28T15:22:10.470+00:00,4354.799,RX,baseline,0001D160,1,7,01 00 00 0F 03 60 D1
2026-09-28T15:22:10.470+00:00,4354.898,RX,baseline,0011D160,1,5,01 00 00 60 D1
2026-09-28T15:22:10.475+00:00,4359.598,RX,baseline,0001C5BE,1,7,01 00 00 0F 03 BE C5
2026-09-28T15:22:10.475+00:00,4359.822,RX,baseline,0011C5BE,1,5,01 00 00 BE C5
2026-09-28T15:22:10.480+00:00,4364.736,RX,baseline,0001F9D7,1,7,01 00 00 0F 03 D7 F9
2026-09-28T15:22:10.480+00:00,4364.821,RX,baseline,0011F9D7,1,5,01 00 00 D7 F9
2026-09-28T15:22:10.485+00:00,4369.788,RX,baseline,000114DA,1,7,01 00 00 0F 03 DA 14
2026-09-28T15:22:10.485+00:00,4369.869,RX,baseline,001114DA,1,5,01 00 00 DA 14
2026-09-28T15:22:10.490+00:00,4374.709,RX,baseline,000195F1,1,7,01 00 00 0F 03 F1 95
2026-09-28T15:22:10.490+00:00,4374.772,RX,baseline,001195F1,1,5,01 00 00 F1 95
2026-09-28T15:22:10.495+00:00,4379.595,RX,baseline,0001A285,1,7,01 00 00 0F 03 85 A2
2026-09-28T15:22:10.495+00:00,4379.800,RX,baseline,0011A285,1,5,01 00 00 85 A2
2026-09-28T15:22:10.500+00:00,4384.676,RX,baseline,00013E36,1,7,01 00 00 0F 03 36 3E
2026-09-28T15:22:10.500+00:00,4384.885,RX,baseline,00113E36,1,5,01 00 00 36 3E
2026-09-28T15:22:10.504+00:00,4389.576,RX,baseline,00019556,1,7,01 00 00 0F 03 56 95
2026-09-28T15:22:10.505+00:00,4389.741,RX,baseline,00119556,1,5,01 00 00 56 95
2026-09-28T15:22:10.510+00:00,4394.632,RX,baseline,000181FA,1,7,01 00 00 0F 03 FA 81
2026-09-28T15:22:10.510+00:00,4394.868,RX,baseline,001181FA,1,5,01 00 00 FA 81
2026-09-28T15:22:10.514+00:00,4399.571,RX,baseline,00016AA7,1,7,01 00 00 0F 03 A7 6A
2026-09-28T15:22:10.515+00:00,4399.843,RX,baseline,00116AA7,1,5,01 00 00 A7 6A
2026-09-28T15:22:10.520+00:00,4404.642,RX,baseline,00011C96,1,7,01 00 00 0F 03 96 1C
2026-09-28T15:22:10.520+00:00,4404.727,RX,baseline,00111C96,1,5,01 00 00 96 1C
2026-09-28T15:22:10.525+00:00,4409.635,RX,baseline,000108A3,1,7,01 00 00 0F 03 A3 08
2026-09-28T15:22:10.525+00:00,4409.865,RX,baseline,001108A3,1,5,01 00 00 A3 08
2026-09-28T15:22:10.529+00:00,4414.558,RX,baseline,0001B7F0,1,7,01 00 00 0F 03 F0 B7
2026-09-28T15:22:10.530+00:00,4414.722,RX,baseline,0011B7F0,1,5,01 00 00 F0 B7
2026-09-28T15:22:10.534+00:00,4419.545,RX,baseline,0001B6D9,1,7,01 00 00 0F 03 D9 B6
2026-09-28T15:22:10.535+00:00,4419.720,RX,baseline,0011B6D9,1,5,01 00 00 D9 B6
2026-09-28T15:22:10.539+00:00,4424.520,RX,baseline,000155A8,1,7,01 00 00 0F 03 A8 55
2026-09-28T15:22:10.540+00:00,4424.721,RX,baseline,001155A8,1,5,01 00 00 A8 55
2026-09-28T15:22:10.544+00:00,4429.540,RX,baseline,0001CD39,1,7,01 00 00 0F 03 39 CD
2026-09-28T15:22:10.545+00:00,4429.690,RX,baseline,0011CD39,1,5,01 00 00 39 CD
2026-09-28T15:22:10.550+00:00,4434.596,RX,baseline,000191E9,1,7,01 00 00 0F 03 E9 91
2026-09-28T15:22:10.550+00:00,4434.720,RX,baseline,001191E9,1,5,01 00 00 E9 91
2026-09-28T15:22:10.554+00:00,4439.478,RX,baseline,00017A29,1,7,01 00 00 0F 03 29 7A
2026-09-28T15:22:10.555+00:00,4439.718,RX,baseline,00117A29,1,5,01 00 00 29 7A
2026-09-28T15:22:10.560+00:00,4444.665,RX,baseline,0001CEAD,1,7,01 00 00 0F 03 AD CE
2026-09-28T15:22:10.560+00:00,4444.727,RX,baseline,0011CEAD,1,5,01 00 00 AD CE
2026-09-28T15:22:10.565+00:00,4449.660,RX,baseline,0001A309,1,7,01 00 00 0F 03 09 A3
2026-09-28T15:22:10.565+00:00,4449.701,RX,baseline,0011A309,1,5,01 00 00 09 A3
2026-09-28T15:22:10.569+00:00,4454.582,RX,baseline,000147F1,1,7,01 00 00 0F 03 F1 47
2026-09-28T15:22:10.570+00:00,4454.714,RX,baseline,001147F1,1,5,01 00 00 F1 47
2026-09-28T15:22:10.574+00:00,4459.554,RX,baseline,0001E369,1,7,01 00 00 0F 03 69 E3
2026-09-28T15:22:10.575+00:00,4459.761,RX,baseline,0011E369,1,5,01 00 00 69 E3
2026-09-28T15:22:10.580+00:00,4464.652,RX,baseline,0001A131,1,7,01 00 00 0F 03 31 A1
2026-09-28T15:22:10.580+00:00,4464.713,RX,baseline,0011A131,1,5,01 00 00 31 A1
2026-09-28T15:22:10.585+00:00,4469.643,RX,baseline,000105BD,1,7,01 00 00 0F 03 BD 05
2026-09-28T15:22:10.585+00:00,4469.707,RX,baseline,001105BD,1,5,01 00 00 BD 05
2026-09-28T15:22:10.590+00:00,4474.599,RX,baseline,0001661F,1,7,01 00 00 0F 03 1F 66
2026-09-28T15:22:10.590+00:00,4474.717,RX,baseline,0011661F,1,5,01 00 00 1F 66
2026-09-28T15:22:10.595+00:00,4479.741,RX,baseline,0001094E,1,7,01 00 00 0F 03 4E 09
2026-09-28T15:22:10.595+00:00,4479.824,RX,baseline,0011094E,1,5,01 00 00 4E 09
2026-09-28T15:22:10.600+00:00,4484.642,RX,baseline,00014079,1,7,01 00 00 0F 03 79 40
2026-09-28T15:22:10.600+00:00,4484.837,RX,baseline,00114079,1,5,01 00 00 79 40
2026-09-28T15:22:10.604+00:00,4489.569,RX,baseline,00017FBF,1,7,01 00 00 0F 03 BF 7F
2026-09-28T15:22:10.605+00:00,4489.734,RX,baseline,00117FBF,1,5,01 00 00 BF 7F
2026-09-28T15:22:10.610+00:00,4494.731,RX,baseline,00017A66,1,7,01 00 00 0F 03 66 7A
2026-09-28T15:22:10.610+00:00,4494.816,RX,baseline,00117A66,1,5,01 00 00 66 7A
2026-09-28T15:22:10.615+00:00,4499.640,RX,baseline,0001E957,1,7,01 00 00 0F 03 57 E9
2026-09-28T15:22:10.615+00:00,4499.701,RX,baseline,0011E957,1,5,01 00 00 57 E9
2026-09-28T15:22:10.620+00:00,4504.735,RX,baseline,000170BC,1,7,01 00 00 0F 03 BC 70
2026-09-28T15:22:10.620+00:00,4504.814,RX,baseline,001170BC,1,5,01 00 00 BC 70
2026-09-28T15:22:10.625+00:00,4509.731,RX,baseline,0001D9FA,1,7,01 00 00 0F 03 FA D9
2026-09-28T15:22:10.625+00:00,4509.818,RX,baseline,0011D9FA,1,5,01 00 00 FA D9
2026-09-28T15:22:10.630+00:00,4514.799,RX,baseline,0001922B,1,7,01 00 00 0F 03 2B 92
2026-09-28T15:22:10.630+00:00,4514.865,RX,baseline,0011922B,1,5,01 00 00 2B 92
2026-09-28T15:22:10.635+00:00,4519.669,RX,baseline,0001116E,1,7,01 00 00 0F 03 6E 11
2026-09-28T15:22:10.635+00:00,4519.728,RX,baseline,0011116E,1,5,01 00 00 6E 11
2026-09-28T15:22:10.640+00:00,4524.733,RX,baseline,00016C14,1,7,01 00 00 0F 03 14 6C
2026-09-28T15:22:10.640+00:00,4524.816,RX,baseline,00116C14,1,5,01 00 00 14 6C
2026-09-28T15:22:10.644+00:00,4529.474,RX,baseline,0001A062,1,7,01 00 00 0F 03 62 A0
2026-09-28T15:22:10.645+00:00,4529.719,RX,baseline,0011A062,1,5,01 00 00 62 A0
2026-09-28T15:22:10.649+00:00,4534.510,RX,baseline,0001C79A,1,7,01 00 00 0F 03 9A C7
2026-09-28T15:22:10.650+00:00,4534.707,RX,baseline,0011C79A,1,5,01 00 00 9A C7
2026-09-28T15:22:10.654+00:00,4539.537,RX,baseline,00018050,1,7,01 00 00 0F 03 50 80
2026-09-28T15:22:10.655+00:00,4539.720,RX,baseline,00118050,1,5,01 00 00 50 80
2026-09-28T15:22:10.659+00:00,4544.492,RX,baseline,0001D932,1,7,01 00 00 0F 03 32 D9
2026-09-28T15:22:10.660+00:00,4544.690,RX,baseline,0011D932,1,5,01 00 00 32 D9
2026-09-28T15:22:10.664+00:00,4549.486,RX,baseline,00014B34,1,7,01 00 00 0F 03 34 4B
2026-09-28T15:22:10.665+00:00,4549.715,RX,baseline,00114B34,1,5,01 00 00 34 4B
2026-09-28T15:22:10.669+00:00,4554.490,RX,baseline,0001DAB8,1,7,01 00 00 0F 03 B8 DA
2026-09-28T15:22:10.670+00:00,4554.683,RX,baseline,0011DAB8,1,5,01 00 00 B8 DA
2026-09-28T15:22:10.675+00:00,4559.647,RX,baseline,00017CAC,1,7,01 00 00 0F 03 AC 7C
2026-09-28T15:22:10.675+00:00,4559.709,RX,baseline,00117CAC,1,5,01 00 00 AC 7C
2026-09-28T15:22:10.679+00:00,4564.512,RX,baseline,0001F3D4,1,7,01 00 00 0F 03 D4 F3
2026-09-28T15:22:10.680+00:00,4564.717,RX,baseline,0011F3D4,1,5,01 00 00 D4 F3
2026-09-28T15:22:10.684+00:00,4569.520,RX,baseline,00018CFC,1,7,01 00 00 0F 03 FC 8C
2026-09-28T15:22:10.685+00:00,4569.717,RX,baseline,00118CFC,1,5,01 00 00 FC 8C
2026-09-28T15:22:10.689+00:00,4574.574,RX,baseline,0001BE37,1,7,01 00 00 0F 03 37 BE
2026-09-28T15:22:10.690+00:00,4574.698,RX,baseline,0011BE37,1,5,01 00 00 37 BE
2026-09-28T15:22:10.695+00:00,4579.739,RX,baseline,0001570C,1,7,01 00 00 0F 03 0C 57
2026-09-28T15:22:10.695+00:00,4579.834,RX,baseline,0011570C,1,5,01 00 00 0C 57
2026-09-28T15:22:10.700+00:00,4584.634,RX,baseline,00018AF6,1,7,01 00 00 0F 03 F6 8A
2026-09-28T15:22:10.700+00:00,4584.693,RX,baseline,00118AF6,1,5,01 00 00 F6 8A
2026-09-28T15:22:10.704+00:00,4589.466,RX,baseline,0001C15A,1,7,01 00 00 0F 03 5A C1
2026-09-28T15:22:10.705+00:00,4589.794,RX,baseline,0011C15A,1,5,01 00 00 5A C1
2026-09-28T15:22:10.710+00:00,4594.650,RX,baseline,0001300C,1,7,01 00 00 0F 03 0C 30
2026-09-28T15:22:10.710+00:00,4594.711,RX,baseline,0011300C,1,5,01 00 00 0C 30
2026-09-28T15:22:10.715+00:00,4599.658,RX,baseline,00013677,1,7,01 00 00 0F 03 77 36
2026-09-28T15:22:10.715+00:00,4599.770,RX,baseline,00113677,1,5,01 00 00 77 36
2026-09-28T15:22:10.720+00:00,4604.678,RX,baseline,000120CA,1,7,01 00 00 0F 03 CA 20
2026-09-28T15:22:10.720+00:00,4604.726,RX,baseline,001120CA,1,5,01 00 00 CA 20
2026-09-28T15:22:10.725+00:00,4609.699,RX,baseline,00012484,1,7,01 00 00 0F 03 84 24
2026-09-28T15:22:10.725+00:00,4609.834,RX,baseline,00112484,1,5,01 00 00 84 24
2026-09-28T15:22:10.730+00:00,4614.632,RX,baseline,000135C0,1,7,01 00 00 0F 03 C0 35
2026-09-28T15:22:10.730+00:00,4614.692,RX,baseline,001135C0,1,5,01 00 00 C0 35
2026-09-28T15:22:10.735+00:00,4619.658,RX,baseline,0001FBD2,1,7,01 00 00 0F 03 D2 FB
2026-09-28T15:22:10.735+00:00,4619.751,RX,baseline,0011FBD2,1,5,01 00 00 D2 FB
2026-09-28T15:22:10.740+00:00,4624.625,RX,baseline,0001F067,1,7,01 00 00 0F 03 67 F0
2026-09-28T15:22:10.740+00:00,4624.726,RX,baseline,0011F067,1,5,01 00 00 67 F0
2026-09-28T15:22:10.744+00:00,4629.491,RX,baseline,00012F8A,1,7,01 00 00 0F 03 8A 2F
2026-09-28T15:22:10.745+00:00,4629.718,RX,baseline,00112F8A,1,5,01 00 00 8A 2F
2026-09-28T15:22:10.749+00:00,4634.508,RX,baseline,0001BC89,1,7,01 00 00 0F 03 89 BC
2026-09-28T15:22:10.750+00:00,4634.682,RX,baseline,0011BC89,1,5,01 00 00 89 BC
2026-09-28T15:22:10.754+00:00,4639.504,RX,baseline,00010009,1,7,01 00 00 0F 03 09 00
2026-09-28T15:22:10.755+00:00,4639.704,RX,baseline,00110009,1,5,01 00 00 09 00
2026-09-28T15:22:10.759+00:00,4644.463,RX,baseline,0001F943,1,7,01 00 00 0F 03 43 F9
2026-09-28T15:22:10.760+00:00,4644.693,RX,baseline,0011F943,1,5,01 00 00 43 F9
2026-09-28T15:22:10.764+00:00,4649.481,RX,baseline,0001CD5B,1,7,01 00 00 0F 03 5B CD
2026-09-28T15:22:10.765+00:00,4649.673,RX,baseline,0011CD5B,1,5,01 00 00 5B CD
2026-09-28T15:22:10.769+00:00,4654.464,RX,baseline,00012917,1,7,01 00 00 0F 03 17 29
2026-09-28T15:22:10.770+00:00,4654.656,RX,baseline,00112917,1,5,01 00 00 17 29
2026-09-28T15:22:10.774+00:00,4659.513,RX,baseline,0001F4F2,1,7,01 00 00 0F 03 F2 F4
2026-09-28T15:22:10.775+00:00,4659.687,RX,baseline,0011F4F2,1,5,01 00 00 F2 F4
2026-09-28T15:22:10.779+00:00,4664.466,RX,baseline,00012061,1,7,01 00 00 0F 03 61 20
2026-09-28T15:22:10.780+00:00,4664.700,RX,baseline,00112061,1,5,01 00 00 61 20
2026-09-28T15:22:10.784+00:00,4669.559,RX,baseline,0001D88B,1,7,01 00 00 0F 03 8B D8
2026-09-28T15:22:10.785+00:00,4669.714,RX,baseline,0011D88B,1,5,01 00 00 8B D8
2026-09-28T15:22:10.790+00:00,4674.630,RX,baseline,0001D72F,1,7,01 00 00 0F 03 2F D7
2026-09-28T15:22:10.790+00:00,4674.701,RX,baseline,0011D72F,1,5,01 00 00 2F D7
2026-09-28T15:22:10.795+00:00,4679.617,RX,baseline,0001A0EB,1,7,01 00 00 0F 03 EB A0
2026-09-28T15:22:10.795+00:00,4679.746,RX,baseline,0011A0EB,1,5,01 00 00 EB A0
2026-09-28T15:22:10.800+00:00,4684.626,RX,baseline,00012F4A,1,7,01 00 00 0F 03 4A 2F
2026-09-28T15:22:10.800+00:00,4684.730,RX,baseline,00112F4A,1,5,01 00 00 4A 2F
2026-09-28T15:22:10.804+00:00,4689.489,RX,baseline,000145D1,1,7,01 00 00 0F 03 D1 45
2026-09-28T15:22:10.805+00:00,4689.750,RX,baseline,001145D1,1,5,01 00 00 D1 45
2026-09-28T15:22:10.810+00:00,4694.628,RX,baseline,0001C0F9,1,7,01 00 00 0F 03 F9 C0
2026-09-28T15:22:10.810+00:00,4694.699,RX,baseline,0011C0F9,1,5,01 00 00 F9 C0
2026-09-28T15:22:10.815+00:00,4699.622,RX,baseline,0001BD49,1,7,01 00 00 0F 03 49 BD
2026-09-28T15:22:10.815+00:00,4699.743,RX,baseline,0011BD49,1,5,01 00 00 49 BD
2026-09-28T15:22:10.819+00:00,4704.463,RX,baseline,0001E8BC,1,7,01 00 00 0F 03 BC E8
2026-09-28T15:22:10.820+00:00,4704.774,RX,baseline,0011E8BC,1,5,01 00 00 BC E8
2026-09-28T15:22:10.824+00:00,4709.469,RX,baseline,00018751,1,7,01 00 00 0F 03 51 87
2026-09-28T15:22:10.825+00:00,4709.778,RX,baseline,00118751,1,5,01 00 00 51 87
2026-09-28T15:22:10.829+00:00,4714.497,RX,baseline,0001FE18,1,7,01 00 00 0F 03 18 FE
2026-09-28T15:22:10.830+00:00,4714.746,RX,baseline,0011FE18,1,5,01 00 00 18 FE
2026-09-28T15:22:10.834+00:00,4719.517,RX,baseline,0001C370,1,7,01 00 00 0F 03 70 C3
2026-09-28T15:22:10.835+00:00,4719.870,RX,baseline,0011C370,1,5,01 00 00 70 C3
2026-09-28T15:22:10.839+00:00,4724.514,RX,baseline,00011F24,1,7,01 00 00 0F 03 24 1F
2026-09-28T15:22:10.840+00:00,4724.732,RX,baseline,00111F24,1,5,01 00 00 24 1F
2026-09-28T15:22:10.844+00:00,4729.507,RX,baseline,0001D09E,1,7,01 00 00 0F 03 9E D0
2026-09-28T15:22:10.845+00:00,4729.701,RX,baseline,0011D09E,1,5,01 00 00 9E D0
2026-09-28T15:22:10.850+00:00,4734.641,RX,baseline,00015A7D,1,7,01 00 00 0F 03 7D 5A
2026-09-28T15:22:10.850+00:00,4734.822,RX,baseline,00115A7D,1,5,01 00 00 7D 5A
2026-09-28T15:22:10.854+00:00,4739.533,RX,baseline,0001B8C0,1,7,01 00 00 0F 03 C0 B8
2026-09-28T15:22:10.855+00:00,4739.749,RX,baseline,0011B8C0,1,5,01 00 00 C0 B8
2026-09-28T15:22:10.860+00:00,4744.616,RX,baseline,0001BCCC,1,7,01 00 00 0F 03 CC BC
2026-09-28T15:22:10.860+00:00,4744.908,RX,baseline,0011BCCC,1,5,01 00 00 CC BC
2026-09-28T15:22:10.864+00:00,4749.551,RX,baseline,00016F7D,1,7,01 00 00 0F 03 7D 6F
2026-09-28T15:22:10.865+00:00,4749.703,RX,baseline,00116F7D,1,5,01 00 00 7D 6F
2026-09-28T15:22:10.870+00:00,4754.650,RX,baseline,0001E4FA,1,7,01 00 00 0F 03 FA E4
2026-09-28T15:22:10.870+00:00,4754.862,RX,baseline,0011E4FA,1,5,01 00 00 FA E4
2026-09-28T15:22:10.875+00:00,4759.662,RX,baseline,00010535,1,7,01 00 00 0F 03 35 05
2026-09-28T15:22:10.875+00:00,4759.721,RX,baseline,00110535,1,5,01 00 00 35 05
2026-09-28T15:22:10.880+00:00,4764.677,RX,baseline,0001D9D3,1,7,01 00 00 0F 03 D3 D9
2026-09-28T15:22:10.880+00:00,4764.773,RX,baseline,0011D9D3,1,5,01 00 00 D3 D9
2026-09-28T15:22:10.885+00:00,4769.665,RX,baseline,0001156A,1,7,01 00 00 0F 03 6A 15
2026-09-28T15:22:10.885+00:00,4769.718,RX,baseline,0011156A,1,5,01 00 00 6A 15
2026-09-28T15:22:10.889+00:00,4774.444,RX,baseline,00018198,1,7,01 00 00 0F 03 98 81
2026-09-28T15:22:10.890+00:00,4774.752,RX,baseline,00118198,1,5,01 00 00 98 81
2026-09-28T15:22:10.894+00:00,4779.555,RX,baseline,00013CCD,1,7,01 00 00 0F 03 CD 3C
2026-09-28T15:22:10.895+00:00,4779.717,RX,baseline,00113CCD,1,5,01 00 00 CD 3C
2026-09-28T15:22:10.900+00:00,4784.648,RX,baseline,0001C7DF,1,7,01 00 00 0F 03 DF C7
2026-09-28T15:22:10.900+00:00,4784.785,RX,baseline,0011C7DF,1,5,01 00 00 DF C7
2026-09-28T15:22:10.905+00:00,4789.627,RX,baseline,00012DDB,1,7,01 00 00 0F 03 DB 2D
2026-09-28T15:22:10.905+00:00,4789.725,RX,baseline,00112DDB,1,5,01 00 00 DB 2D
2026-09-28T15:22:10.909+00:00,4794.448,RX,baseline,000177A9,1,7,01 00 00 0F 03 A9 77
2026-09-28T15:22:10.910+00:00,4794.683,RX,baseline,001177A9,1,5,01 00 00 A9 77
2026-09-28T15:22:10.915+00:00,4799.641,RX,baseline,0001FBA7,1,7,01 00 00 0F 03 A7 FB
2026-09-28T15:22:10.915+00:00,4799.935,RX,baseline,0011FBA7,1,5,01 00 00 A7 FB
2026-09-28T15:22:10.919+00:00,4804.569,RX,baseline,00011F93,1,7,01 00 00 0F 03 93 1F
2026-09-28T15:22:10.920+00:00,4804.638,RX,baseline,00111F93,1,5,01 00 00 93 1F
2026-09-28T15:22:10.925+00:00,4809.623,RX,baseline,00012D45,1,7,01 00 00 0F 03 45 2D
2026-09-28T15:22:10.925+00:00,4809.842,RX,baseline,00112D45,1,5,01 00 00 45 2D
2026-09-28T15:22:10.930+00:00,4814.659,RX,baseline,0001FB9C,1,7,01 00 00 0F 03 9C FB
2026-09-28T15:22:10.930+00:00,4814.745,RX,baseline,0011FB9C,1,5,01 00 00 9C FB
2026-09-28T15:22:10.934+00:00,4819.564,RX,baseline,000194F0,1,7,01 00 00 0F 03 F0 94
2026-09-28T15:22:10.935+00:00,4819.677,RX,baseline,001194F0,1,5,01 00 00 F0 94
2026-09-28T15:22:10.940+00:00,4824.621,RX,baseline,0001DFC2,1,7,01 00 00 0F 03 C2 DF
2026-09-28T15:22:10.940+00:00,4824.702,RX,baseline,0011DFC2,1,5,01 00 00 C2 DF
2026-09-28T15:22:10.945+00:00,4829.640,RX,baseline,0001D8E2,1,7,01 00 00 0F 03 E2 D8
2026-09-28T15:22:10.945+00:00,4829.688,RX,baseline,0011D8E2,1,5,01 00 00 E2 D8
2026-09-28T15:22:10.949+00:00,4834.499,RX,baseline,0001C092,1,7,01 00 00 0F 03 92 C0
2026-09-28T15:22:10.950+00:00,4834.856,RX,baseline,0011C092,1,5,01 00 00 92 C0
2026-09-28T15:22:10.954+00:00,4839.526,RX,baseline,0001187D,1,7,01 00 00 0F 03 7D 18
2026-09-28T15:22:10.955+00:00,4839.693,RX,baseline,0011187D,1,5,01 00 00 7D 18
2026-09-28T15:22:10.959+00:00,4844.497,RX,baseline,00016260,1,7,01 00 00 0F 03 60 62
2026-09-28T15:22:10.960+00:00,4844.700,RX,baseline,00116260,1,5,01 00 00 60 62
2026-09-28T15:22:10.964+00:00,4849.553,RX,baseline,0001A32F,1,7,01 00 00 0F 03 2F A3
2026-09-28T15:22:10.965+00:00,4849.652,RX,baseline,0011A32F,1,5,01 00 00 2F A3
2026-09-28T15:22:10.969+00:00,4854.546,RX,baseline,0001A5B4,1,7,01 00 00 0F 03 B4 A5
2026-09-28T15:22:10.970+00:00,4854.686,RX,baseline,0011A5B4,1,5,01 00 00 B4 A5
2026-09-28T15:22:10.975+00:00,4859.659,RX,baseline,0001F337,1,7,01 00 00 0F 03 37 F3
2026-09-28T15:22:10.975+00:00,4859.718,RX,baseline,0011F337,1,5,01 00 00 37 F3
2026-09-28T15:22:10.979+00:00,4864.444,RX,baseline,00018F3C,1,7,01 00 00 0F 03 3C 8F
2026-09-28T15:22:10.980+00:00,4864.658,RX,baseline,00118F3C,1,5,01 00 00 3C 8F
2026-09-28T15:22:10.985+00:00,4869.702,RX,baseline,0001F137,1,7,01 00 00 0F 03 37 F1
2026-09-28T15:22:10.985+00:00,4869.758,RX,baseline,0011F137,1,5,01 00 00 37 F1
2026-09-28T15:22:10.990+00:00,4874.622,RX,baseline,00011342,1,7,01 00 00 0F 03 42 13
2026-09-28T15:22:10.990+00:00,4874.686,RX,baseline,00111342,1,5,01 00 00 42 13
2026-09-28T15:22:10.995+00:00,4879.592,RX,baseline,0001D63A,1,7,01 00 00 0F 03 3A D6
2026-09-28T15:22:10.995+00:00,4879.753,RX,baseline,0011D63A,1,5,01 00 00 3A D6
2026-09-28T15:22:11.000+00:00,4884.646,RX,baseline,0001C06F,1,7,01 00 00 0F 03 6F C0
2026-09-28T15:22:11.000+00:00,4884.731,RX,baseline,0011C06F,1,5,01 00 00 6F C0
2026-09-28T15:22:11.004+00:00,4889.461,RX,baseline,00017492,1,7,01 00 00 0F 03 92 74
2026-09-28T15:22:11.005+00:00,4889.685,RX,baseline,00117492,1,5,01 00 00 92 74
2026-09-28T15:22:11.010+00:00,4894.656,RX,baseline,0001A76A,1,7,01 00 00 0F 03 6A A7
2026-09-28T15:22:11.010+00:00,4894.760,RX,baseline,0011A76A,1,5,01 00 00 6A A7
2026-09-28T15:22:11.015+00:00,4899.632,RX,baseline,00017CBB,1,7,01 00 00 0F 03 BB 7C
2026-09-28T15:22:11.015+00:00,4899.683,RX,baseline,00117CBB,1,5,01 00 00 BB 7C
2026-09-28T15:22:11.020+00:00,4904.640,RX,baseline,00010891,1,7,01 00 00 0F 03 91 08
2026-09-28T15:22:11.020+00:00,4904.706,RX,baseline,00110891,1,5,01 00 00 91 08
2026-09-28T15:22:11.025+00:00,4909.579,RX,baseline,00016E2A,1,7,01 00 00 0F 03 2A 6E
2026-09-28T15:22:11.025+00:00,4909.745,RX,baseline,00116E2A,1,5,01 00 00 2A 6E
2026-09-28T15:22:11.030+00:00,4914.682,RX,baseline,0001D2DD,1,7,01 00 00 0F 03 DD D2
2026-09-28T15:22:11.030+00:00,4914.808,RX,baseline,0011D2DD,1,5,01 00 00 DD D2
2026-09-28T15:22:11.035+00:00,4919.610,RX,baseline,000188AC,1,7,01 00 00 0F 03 AC 88
2026-09-28T15:22:11.035+00:00,4919.668,RX,baseline,001188AC,1,5,01 00 00 AC 88
2026-09-28T15:22:11.040+00:00,4924.670,RX,baseline,000112B0,1,7,01 00 00 0F 03 B0 12
2026-09-28T15:22:11.040+00:00,4924.755,RX,baseline,001112B0,1,5,01 00 00 B0 12
2026-09-28T15:22:11.044+00:00,4929.513,RX,baseline,000109C3,1,7,01 00 00 0F 03 C3 09
2026-09-28T15:22:11.045+00:00,4929.660,RX,baseline,001109C3,1,5,01 00 00 C3 09
2026-09-28T15:22:11.049+00:00,4934.446,RX,baseline,00014921,1,7,01 00 00 0F 03 21 49
2026-09-28T15:22:11.050+00:00,4934.658,RX,baseline,00114921,1,5,01 00 00 21 49
2026-09-28T15:22:11.054+00:00,4939.523,RX,baseline,00014E21,1,7,01 00 00 0F 03 21 4E
2026-09-28T15:22:11.055+00:00,4939.659,RX,baseline,00114E21,1,5,01 00 00 21 4E
2026-09-28T15:22:11.059+00:00,4944.466,RX,baseline,00013C00,1,7,01 00 00 0F 03 00 3C
2026-09-28T15:22:11.060+00:00,4944.637,RX,baseline,00113C00,1,5,01 00 00 00 3C
2026-09-28T15:22:11.064+00:00,4949.488,RX,baseline,0001AA37,1,7,01 00 00 0F 03 37 AA
2026-09-28T15:22:11.065+00:00,4949.658,RX,baseline,0011AA37,1,5,01 00 00 37 AA
2026-09-28T15:22:11.069+00:00,4954.461,RX,baseline,0001ACA7,1,7,01 00 00 0F 03 A7 AC
2026-09-28T15:22:11.070+00:00,4954.661,RX,baseline,0011ACA7,1,5,01 00 00 A7 AC
2026-09-28T15:22:11.074+00:00,4959.482,RX,baseline,00018D70,1,7,01 00 00 0F 03 70 8D
2026-09-28T15:22:11.075+00:00,4959.659,RX,baseline,00118D70,1,5,01 00 00 70 8D
2026-09-28T15:22:11.079+00:00,4964.418,RX,baseline,0001CF52,1,7,01 00 00 0F 03 52 CF
2026-09-28T15:22:11.080+00:00,4964.657,RX,baseline,0011CF52,1,5,01 00 00 52 CF
2026-09-28T15:22:11.084+00:00,4969.503,RX,baseline,00013A84,1,7,01 00 00 0F 03 84 3A
2026-09-28T15:22:11.085+00:00,4969.660,RX,baseline,00113A84,1,5,01 00 00 84 3A
2026-09-28T15:22:11.090+00:00,4974.617,RX,baseline,00010A9B,1,7,01 00 00 0F 03 9B 0A
2026-09-28T15:22:11.090+00:00,4974.658,RX,baseline,00110A9B,1,5,01 00 00 9B 0A
2026-09-28T15:22:11.095+00:00,4979.596,RX,baseline,0001641A,1,7,01 00 00 0F 03 1A 64
2026-09-28T15:22:11.095+00:00,4979.663,RX,baseline,0011641A,1,5,01 00 00 1A 64
2026-09-28T15:22:11.099+00:00,4984.514,RX,baseline,0001C646,1,7,01 00 00 0F 03 46 C6
2026-09-28T15:22:11.100+00:00,4984.668,RX,baseline,0011C646,1,5,01 00 00 46 C6
2026-09-28T15:22:11.104+00:00,4989.463,RX,baseline,00017F87,1,7,01 00 00 0F 03 87 7F
2026-09-28T15:22:11.105+00:00,4989.660,RX,baseline,00117F87,1,5,01 00 00 87 7F
2026-09-28T15:22:11.109+00:00,4994.467,RX,baseline,0001767E,1,7,01 00 00 0F 03 7E 76
2026-09-28T15:22:11.110+00:00,4994.658,RX,baseline,0011767E,1,5,01 00 00 7E 76
2026-09-28T15:22:11.114+00:00,4999.462,RX,baseline,0001146C,1,7,01 00 00 0F 03 6C 14
2026-09-28T15:22:11.115+00:00,4999.657,RX,baseline,0011146C,1,5,01 00 00 6C 14
2026-09-28T15:22:11.116+00:00,5001.329,TX,short_only,0019C82D,1,5,01 00 00 2D C8
2026-09-28T15:22:11.119+00:00,5004.439,RX,post,0001243F,1,7,01 00 00 0F 03 3F 24
2026-09-28T15:22:11.120+00:00,5004.697,RX,post,0011243F,1,5,01 00 00 3F 24
2026-09-28T15:22:11.125+00:00,5009.575,RX,post,00015685,1,7,01 00 00 0F 03 85 56
2026-09-28T15:22:11.125+00:00,5009.638,RX,post,00115685,1,5,01 00 00 85 56
2026-09-28T15:22:11.129+00:00,5014.443,RX,post,00019574,1,7,01 00 00 0F 03 74 95
2026-09-28T15:22:11.130+00:00,5014.640,RX,post,00119574,1,5,01 00 00 74 95
2026-09-28T15:22:11.135+00:00,5019.575,RX,post,0001C3E3,1,7,01 00 00 0F 03 E3 C3
2026-09-28T15:22:11.135+00:00,5019.688,RX,post,0011C3E3,1,5,01 00 00 E3 C3
2026-09-28T15:22:11.139+00:00,5024.431,RX,post,0001E719,1,7,01 00 00 0F 03 19 E7
2026-09-28T15:22:11.140+00:00,5024.644,RX,post,0011E719,1,5,01 00 00 19 E7
2026-09-28T15:22:11.145+00:00,5029.635,RX,post,0001286D,1,7,01 00 00 0F 03 6D 28
2026-09-28T15:22:11.145+00:00,5029.730,RX,post,0011286D,1,5,01 00 00 6D 28
2026-09-28T15:22:11.150+00:00,5034.607,RX,post,0001315D,1,7,01 00 00 0F 03 5D 31
2026-09-28T15:22:11.150+00:00,5034.687,RX,post,0011315D,1,5,01 00 00 5D 31
2026-09-28T15:22:11.154+00:00,5039.445,RX,post,00015053,1,7,01 00 00 0F 03 53 50
2026-09-28T15:22:11.155+00:00,5039.743,RX,post,00115053,1,5,01 00 00 53 50
2026-09-28T15:22:11.160+00:00,5044.645,RX,post,0001FD9C,1,7,01 00 00 0F 03 9C FD
2026-09-28T15:22:11.160+00:00,5044.730,RX,post,0011FD9C,1,5,01 00 00 9C FD
2026-09-28T15:22:11.165+00:00,5049.604,RX,post,000115DE,1,7,01 00 00 0F 03 DE 15
2026-09-28T15:22:11.165+00:00,5049.651,RX,post,001115DE,1,5,01 00 00 DE 15
2026-09-28T15:22:11.170+00:00,5054.628,RX,post,0001CBA5,1,7,01 00 00 0F 03 A5 CB
2026-09-28T15:22:11.170+00:00,5054.721,RX,post,0011CBA5,1,5,01 00 00 A5 CB
2026-09-28T15:22:11.175+00:00,5059.606,RX,post,000143C6,1,7,01 00 00 0F 03 C6 43
2026-09-28T15:22:11.175+00:00,5059.652,RX,post,001143C6,1,5,01 00 00 C6 43
2026-09-28T15:22:11.180+00:00,5064.684,RX,post,000197AE,1,7,01 00 00 0F 03 AE 97
2026-09-28T15:22:11.180+00:00,5064.837,RX,post,001197AE,1,5,01 00 00 AE 97
2026-09-28T15:22:11.185+00:00,5069.588,RX,post,00015FE9,1,7,01 00 00 0F 03 E9 5F
2026-09-28T15:22:11.185+00:00,5069.632,RX,post,00115FE9,1,5,01 00 00 E9 5F
2026-09-28T15:22:11.189+00:00,5074.436,RX,post,000117DB,1,7,01 00 00 0F 03 DB 17
2026-09-28T15:22:11.190+00:00,5074.640,RX,post,001117DB,1,5,01 00 00 DB 17
2026-09-28T15:22:11.194+00:00,5079.448,RX,post,00016724,1,7,01 00 00 0F 03 24 67
2026-09-28T15:22:11.195+00:00,5079.634,RX,post,00116724,1,5,01 00 00 24 67
2026-09-28T15:22:11.200+00:00,5084.591,RX,post,0001E84A,1,7,01 00 00 0F 03 4A E8
2026-09-28T15:22:11.200+00:00,5084.694,RX,post,0011E84A,1,5,01 00 00 4A E8
2026-09-28T15:22:11.204+00:00,5089.441,RX,post,0001A597,1,7,01 00 00 0F 03 97 A5
2026-09-28T15:22:11.205+00:00,5089.647,RX,post,0011A597,1,5,01 00 00 97 A5
2026-09-28T15:22:11.210+00:00,5094.639,RX,post,0001AE03,1,7,01 00 00 0F 03 03 AE
2026-09-28T15:22:11.210+00:00,5094.728,RX,post,0011AE03,1,5,01 00 00 03 AE
2026-09-28T15:22:11.215+00:00,5099.658,RX,post,0001C397,1,7,01 00 00 0F 03 97 C3
2026-09-28T15:22:11.215+00:00,5099.752,RX,post,0011C397,1,5,01 00 00 97 C3
2026-09-28T15:22:11.220+00:00,5104.635,RX,post,00017D33,1,7,01 00 00 0F 03 33 7D
2026-09-28T15:22:11.220+00:00,5104.762,RX,post,00117D33,1,5,01 00 00 33 7D
2026-09-28T15:22:11.225+00:00,5109.576,RX,post,00014229,1,7,01 00 00 0F 03 29 42
2026-09-28T15:22:11.225+00:00,5109.641,RX,post,00114229,1,5,01 00 00 29 42
2026-09-28T15:22:11.230+00:00,5114.620,RX,post,000180AA,1,7,01 00 00 0F 03 AA 80
2026-09-28T15:22:11.230+00:00,5114.701,RX,post,001180AA,1,5,01 00 00 AA 80
2026-09-28T15:22:11.235+00:00,5119.583,RX,post,00015EAB,1,7,01 00 00 0F 03 AB 5E
2026-09-28T15:22:11.235+00:00,5119.653,RX,post,00115EAB,1,5,01 00 00 AB 5E
2026-09-28T15:22:11.240+00:00,5124.595,RX,post,00012068,1,7,01 00 00 0F 03 68 20
2026-09-28T15:22:11.240+00:00,5124.670,RX,post,00112068,1,5,01 00 00 68 20
2026-09-28T15:22:11.245+00:00,5129.577,RX,post,00019820,1,7,01 00 00 0F 03 20 98
2026-09-28T15:22:11.245+00:00,5129.648,RX,post,00119820,1,5,01 00 00 20 98
2026-09-28T15:22:11.249+00:00,5134.422,RX,post,000182BD,1,7,01 00 00 0F 03 BD 82
2026-09-28T15:22:11.250+00:00,5134.631,RX,post,001182BD,1,5,01 00 00 BD 82
2026-09-28T15:22:11.254+00:00,5139.397,RX,post,00010937,1,7,01 00 00 0F 03 37 09
2026-09-28T15:22:11.255+00:00,5139.636,RX,post,00110937,1,5,01 00 00 37 09
2026-09-28T15:22:11.259+00:00,5144.517,RX,post,0001FB55,1,7,01 00 00 0F 03 55 FB
2026-09-28T15:22:11.260+00:00,5144.579,RX,post,0011FB55,1,5,01 00 00 55 FB
2026-09-28T15:22:11.264+00:00,5149.426,RX,post,00016502,1,7,01 00 00 0F 03 02 65
2026-09-28T15:22:11.265+00:00,5149.662,RX,post,00116502,1,5,01 00 00 02 65
2026-09-28T15:22:11.269+00:00,5154.445,RX,post,00011119,1,7,01 00 00 0F 03 19 11
2026-09-28T15:22:11.270+00:00,5154.707,RX,post,00111119,1,5,01 00 00 19 11
2026-09-28T15:22:11.274+00:00,5159.466,RX,post,000134FF,1,7,01 00 00 0F 03 FF 34
2026-09-28T15:22:11.275+00:00,5159.722,RX,post,001134FF,1,5,01 00 00 FF 34
2026-09-28T15:22:11.279+00:00,5164.465,RX,post,00019BCE,1,7,01 00 00 0F 03 CE 9B
2026-09-28T15:22:11.280+00:00,5164.721,RX,post,00119BCE,1,5,01 00 00 CE 9B
2026-09-28T15:22:11.284+00:00,5169.481,RX,post,000101D9,1,7,01 00 00 0F 03 D9 01
2026-09-28T15:22:11.285+00:00,5169.762,RX,post,001101D9,1,5,01 00 00 D9 01
2026-09-28T15:22:11.289+00:00,5174.491,RX,post,0001B3E2,1,7,01 00 00 0F 03 E2 B3
2026-09-28T15:22:11.290+00:00,5174.770,RX,post,0011B3E2,1,5,01 00 00 E2 B3
2026-09-28T15:22:11.294+00:00,5179.493,RX,post,0001C915,1,7,01 00 00 0F 03 15 C9
2026-09-28T15:22:11.295+00:00,5179.745,RX,post,0011C915,1,5,01 00 00 15 C9
2026-09-28T15:22:11.299+00:00,5184.482,RX,post,000112BC,1,7,01 00 00 0F 03 BC 12
2026-09-28T15:22:11.300+00:00,5184.837,RX,post,001112BC,1,5,01 00 00 BC 12
2026-09-28T15:22:11.305+00:00,5189.987,RX,post,0001C87B,1,7,01 00 00 0F 03 7B C8
2026-09-28T15:22:11.305+00:00,5190.061,RX,post,0011C87B,1,5,01 00 00 7B C8
2026-09-28T15:22:11.309+00:00,5194.461,RX,post,00018393,1,7,01 00 00 0F 03 93 83
2026-09-28T15:22:11.310+00:00,5194.727,RX,post,00118393,1,5,01 00 00 93 83
2026-09-28T15:22:11.314+00:00,5199.462,RX,post,0001E102,1,7,01 00 00 0F 03 02 E1
2026-09-28T15:22:11.315+00:00,5199.761,RX,post,0011E102,1,5,01 00 00 02 E1
2026-09-28T15:22:11.319+00:00,5204.505,RX,post,0001F493,1,7,01 00 00 0F 03 93 F4
2026-09-28T15:22:11.320+00:00,5204.711,RX,post,0011F493,1,5,01 00 00 93 F4
2026-09-28T15:22:11.324+00:00,5209.494,RX,post,0001598C,1,7,01 00 00 0F 03 8C 59
2026-09-28T15:22:11.325+00:00,5209.724,RX,post,0011598C,1,5,01 00 00 8C 59
2026-09-28T15:22:11.329+00:00,5214.492,RX,post,0001D9D8,1,7,01 00 00 0F 03 D8 D9
2026-09-28T15:22:11.330+00:00,5214.636,RX,post,0011D9D8,1,5,01 00 00 D8 D9
2026-09-28T15:22:11.334+00:00,5219.443,RX,post,0001AAA8,1,7,01 00 00 0F 03 A8 AA
2026-09-28T15:22:11.335+00:00,5219.665,RX,post,0011AAA8,1,5,01 00 00 A8 AA
2026-09-28T15:22:11.339+00:00,5224.422,RX,post,00017B8A,1,7,01 00 00 0F 03 8A 7B
2026-09-28T15:22:11.340+00:00,5224.640,RX,post,00117B8A,1,5,01 00 00 8A 7B
2026-09-28T15:22:11.345+00:00,5229.586,RX,post,0001E743,1,7,01 00 00 0F 03 43 E7
2026-09-28T15:22:11.345+00:00,5229.701,RX,post,0011E743,1,5,01 00 00 43 E7
2026-09-28T15:22:11.350+00:00,5234.740,RX,post,0001CE1E,1,7,01 00 00 0F 03 1E CE
2026-09-28T15:22:11.350+00:00,5234.855,RX,post,0011CE1E,1,5,01 00 00 1E CE
2026-09-28T15:22:11.354+00:00,5239.444,RX,post,00013AE5,1,7,01 00 00 0F 03 E5 3A
2026-09-28T15:22:11.355+00:00,5239.668,RX,post,00113AE5,1,5,01 00 00 E5 3A
2026-09-28T15:22:11.359+00:00,5244.514,RX,post,00018388,1,7,01 00 00 0F 03 88 83
2026-09-28T15:22:11.360+00:00,5244.829,RX,post,00118388,1,5,01 00 00 88 83
2026-09-28T15:22:11.364+00:00,5249.465,RX,post,000188EE,1,7,01 00 00 0F 03 EE 88
2026-09-28T15:22:11.365+00:00,5249.745,RX,post,001188EE,1,5,01 00 00 EE 88
2026-09-28T15:22:11.369+00:00,5254.437,RX,post,0001C9E6,1,7,01 00 00 0F 03 E6 C9
2026-09-28T15:22:11.370+00:00,5254.711,RX,post,0011C9E6,1,5,01 00 00 E6 C9
2026-09-28T15:22:11.374+00:00,5259.447,RX,post,000144F6,1,7,01 00 00 0F 03 F6 44
2026-09-28T15:22:11.375+00:00,5259.676,RX,post,001144F6,1,5,01 00 00 F6 44
2026-09-28T15:22:11.379+00:00,5264.535,RX,post,0001A3DF,1,7,01 00 00 0F 03 DF A3
2026-09-28T15:22:11.380+00:00,5264.605,RX,post,0011A3DF,1,5,01 00 00 DF A3
2026-09-28T15:22:11.384+00:00,5269.424,RX,post,00019736,1,7,01 00 00 0F 03 36 97
2026-09-28T15:22:11.385+00:00,5269.626,RX,post,00119736,1,5,01 00 00 36 97
2026-09-28T15:22:11.389+00:00,5274.486,RX,post,000114DC,1,7,01 00 00 0F 03 DC 14
2026-09-28T15:22:11.390+00:00,5274.581,RX,post,001114DC,1,5,01 00 00 DC 14
2026-09-28T15:22:11.394+00:00,5279.418,RX,post,00010CA1,1,7,01 00 00 0F 03 A1 0C
2026-09-28T15:22:11.395+00:00,5279.664,RX,post,00110CA1,1,5,01 00 00 A1 0C
2026-09-28T15:22:11.399+00:00,5284.419,RX,post,00013EBB,1,7,01 00 00 0F 03 BB 3E
2026-09-28T15:22:11.400+00:00,5284.684,RX,post,00113EBB,1,5,01 00 00 BB 3E
2026-09-28T15:22:11.404+00:00,5289.439,RX,post,0001E922,1,7,01 00 00 0F 03 22 E9
2026-09-28T15:22:11.405+00:00,5289.687,RX,post,0011E922,1,5,01 00 00 22 E9
2026-09-28T15:22:11.409+00:00,5294.433,RX,post,000178AB,1,7,01 00 00 0F 03 AB 78
2026-09-28T15:22:11.410+00:00,5294.680,RX,post,001178AB,1,5,01 00 00 AB 78
2026-09-28T15:22:11.414+00:00,5299.421,RX,post,00011F11,1,7,01 00 00 0F 03 11 1F
2026-09-28T15:22:11.415+00:00,5299.670,RX,post,00111F11,1,5,01 00 00 11 1F
2026-09-28T15:22:11.419+00:00,5304.419,RX,post,00019E58,1,7,01 00 00 0F 03 58 9E
2026-09-28T15:22:11.420+00:00,5304.693,RX,post,00119E58,1,5,01 00 00 58 9E
2026-09-28T15:22:11.424+00:00,5309.437,RX,post,000131DC,1,7,01 00 00 0F 03 DC 31
2026-09-28T15:22:11.425+00:00,5309.670,RX,post,001131DC,1,5,01 00 00 DC 31
2026-09-28T15:22:11.429+00:00,5314.434,RX,post,0001B08D,1,7,01 00 00 0F 03 8D B0
2026-09-28T15:22:11.430+00:00,5314.683,RX,post,0011B08D,1,5,01 00 00 8D B0
2026-09-28T15:22:11.434+00:00,5319.550,RX,post,00011E7F,1,7,01 00 00 0F 03 7F 1E
2026-09-28T15:22:11.435+00:00,5319.614,RX,post,00111E7F,1,5,01 00 00 7F 1E
2026-09-28T15:22:11.439+00:00,5324.470,RX,post,0001E3F6,1,7,01 00 00 0F 03 F6 E3
2026-09-28T15:22:11.440+00:00,5324.672,RX,post,0011E3F6,1,5,01 00 00 F6 E3
2026-09-28T15:22:11.444+00:00,5329.443,RX,post,00014735,1,7,01 00 00 0F 03 35 47
2026-09-28T15:22:11.445+00:00,5329.831,RX,post,00114735,1,5,01 00 00 35 47
2026-09-28T15:22:11.449+00:00,5334.538,RX,post,000114A4,1,7,01 00 00 0F 03 A4 14
2026-09-28T15:22:11.450+00:00,5334.642,RX,post,001114A4,1,5,01 00 00 A4 14
2026-09-28T15:22:11.454+00:00,5339.544,RX,post,0001A894,1,7,01 00 00 0F 03 94 A8
2026-09-28T15:22:11.455+00:00,5339.648,RX,post,0011A894,1,5,01 00 00 94 A8
2026-09-28T15:22:11.459+00:00,5344.531,RX,post,0001308B,1,7,01 00 00 0F 03 8B 30
2026-09-28T15:22:11.460+00:00,5344.657,RX,post,0011308B,1,5,01 00 00 8B 30
2026-09-28T15:22:11.464+00:00,5349.516,RX,post,000178EA,1,7,01 00 00 0F 03 EA 78
2026-09-28T15:22:11.465+00:00,5349.619,RX,post,001178EA,1,5,01 00 00 EA 78
2026-09-28T15:22:11.469+00:00,5354.530,RX,post,0001210A,1,7,01 00 00 0F 03 0A 21
2026-09-28T15:22:11.470+00:00,5354.613,RX,post,0011210A,1,5,01 00 00 0A 21
2026-09-28T15:22:11.474+00:00,5359.490,RX,post,00011B91,1,7,01 00 00 0F 03 91 1B
2026-09-28T15:22:11.475+00:00,5359.655,RX,post,00111B91,1,5,01 00 00 91 1B
2026-09-28T15:22:11.479+00:00,5364.484,RX,post,0001C73D,1,7,01 00 00 0F 03 3D C7
2026-09-28T15:22:11.480+00:00,5364.620,RX,post,0011C73D,1,5,01 00 00 3D C7
2026-09-28T15:22:11.484+00:00,5369.417,RX,post,0001DCA3,1,7,01 00 00 0F 03 A3 DC
2026-09-28T15:22:11.485+00:00,5369.640,RX,post,0011DCA3,1,5,01 00 00 A3 DC
2026-09-28T15:22:11.489+00:00,5374.420,RX,post,000100AA,1,7,01 00 00 0F 03 AA 00
2026-09-28T15:22:11.490+00:00,5374.691,RX,post,001100AA,1,5,01 00 00 AA 00
2026-09-28T15:22:11.494+00:00,5379.439,RX,post,0001562A,1,7,01 00 00 0F 03 2A 56
2026-09-28T15:22:11.495+00:00,5379.671,RX,post,0011562A,1,5,01 00 00 2A 56
2026-09-28T15:22:11.499+00:00,5384.496,RX,post,0001DD8D,1,7,01 00 00 0F 03 8D DD
2026-09-28T15:22:11.500+00:00,5384.722,RX,post,0011DD8D,1,5,01 00 00 8D DD
2026-09-28T15:22:11.504+00:00,5389.443,RX,post,00019EBF,1,7,01 00 00 0F 03 BF 9E
2026-09-28T15:22:11.505+00:00,5389.700,RX,post,00119EBF,1,5,01 00 00 BF 9E
2026-09-28T15:22:11.509+00:00,5394.493,RX,post,00011FCC,1,7,01 00 00 0F 03 CC 1F
2026-09-28T15:22:11.510+00:00,5394.671,RX,post,00111FCC,1,5,01 00 00 CC 1F
2026-09-28T15:22:11.514+00:00,5399.468,RX,post,00019E36,1,7,01 00 00 0F 03 36 9E
2026-09-28T15:22:11.515+00:00,5399.727,RX,post,00119E36,1,5,01 00 00 36 9E
2026-09-28T15:22:11.519+00:00,5404.488,RX,post,0001F953,1,7,01 00 00 0F 03 53 F9
2026-09-28T15:22:11.520+00:00,5404.769,RX,post,0011F953,1,5,01 00 00 53 F9
2026-09-28T15:22:11.524+00:00,5409.435,RX,post,000157D1,1,7,01 00 00 0F 03 D1 57
2026-09-28T15:22:11.525+00:00,5409.661,RX,post,001157D1,1,5,01 00 00 D1 57
2026-09-28T15:22:11.529+00:00,5414.484,RX,post,0001C271,1,7,01 00 00 0F 03 71 C2
2026-09-28T15:22:11.530+00:00,5414.778,RX,post,0011C271,1,5,01 00 00 71 C2
2026-09-28T15:22:11.534+00:00,5419.495,RX,post,00016E08,1,7,01 00 00 0F 03 08 6E
2026-09-28T15:22:11.535+00:00,5419.597,RX,post,00116E08,1,5,01 00 00 08 6E
2026-09-28T15:22:11.539+00:00,5424.447,RX,post,0001C86D,1,7,01 00 00 0F 03 6D C8
2026-09-28T15:22:11.540+00:00,5424.748,RX,post,0011C86D,1,5,01 00 00 6D C8
2026-09-28T15:22:11.544+00:00,5429.420,RX,post,000146E7,1,7,01 00 00 0F 03 E7 46
2026-09-28T15:22:11.545+00:00,5429.689,RX,post,001146E7,1,5,01 00 00 E7 46
2026-09-28T15:22:11.549+00:00,5434.407,RX,post,00018A63,1,7,01 00 00 0F 03 63 8A
2026-09-28T15:22:11.550+00:00,5434.639,RX,post,00118A63,1,5,01 00 00 63 8A
2026-09-28T15:22:11.554+00:00,5439.420,RX,post,0001389A,1,7,01 00 00 0F 03 9A 38
2026-09-28T15:22:11.555+00:00,5439.671,RX,post,0011389A,1,5,01 00 00 9A 38
2026-09-28T15:22:11.559+00:00,5444.431,RX,post,00014635,1,7,01 00 00 0F 03 35 46
2026-09-28T15:22:11.560+00:00,5444.688,RX,post,00114635,1,5,01 00 00 35 46
2026-09-28T15:22:11.564+00:00,5449.394,RX,post,0001C890,1,7,01 00 00 0F 03 90 C8
2026-09-28T15:22:11.565+00:00,5449.665,RX,post,0011C890,1,5,01 00 00 90 C8
2026-09-28T15:22:11.569+00:00,5454.436,RX,post,0001150B,1,7,01 00 00 0F 03 0B 15
2026-09-28T15:22:11.570+00:00,5454.673,RX,post,0011150B,1,5,01 00 00 0B 15
2026-09-28T15:22:11.574+00:00,5459.383,RX,post,0001406E,1,7,01 00 00 0F 03 6E 40
2026-09-28T15:22:11.575+00:00,5459.621,RX,post,0011406E,1,5,01 00 00 6E 40
2026-09-28T15:22:11.579+00:00,5464.417,RX,post,0001CAB6,1,7,01 00 00 0F 03 B6 CA
2026-09-28T15:22:11.580+00:00,5464.667,RX,post,0011CAB6,1,5,01 00 00 B6 CA
2026-09-28T15:22:11.584+00:00,5469.418,RX,post,0001829C,1,7,01 00 00 0F 03 9C 82
2026-09-28T15:22:11.585+00:00,5469.670,RX,post,0011829C,1,5,01 00 00 9C 82
2026-09-28T15:22:11.589+00:00,5474.393,RX,post,00017900,1,7,01 00 00 0F 03 00 79
2026-09-28T15:22:11.590+00:00,5474.611,RX,post,00117900,1,5,01 00 00 00 79
2026-09-28T15:22:11.594+00:00,5479.476,RX,post,00016D33,1,7,01 00 00 0F 03 33 6D
2026-09-28T15:22:11.595+00:00,5479.723,RX,post,00116D33,1,5,01 00 00 33 6D
2026-09-28T15:22:11.599+00:00,5484.430,RX,post,0001179E,1,7,01 00 00 0F 03 9E 17
2026-09-28T15:22:11.600+00:00,5484.734,RX,post,0011179E,1,5,01 00 00 9E 17
2026-09-28T15:22:11.604+00:00,5489.506,RX,post,0001C0A1,1,7,01 00 00 0F 03 A1 C0
2026-09-28T15:22:11.605+00:00,5489.617,RX,post,0011C0A1,1,5,01 00 00 A1 C0
2026-09-28T15:22:11.609+00:00,5494.431,RX,post,0001EB63,1,7,01 00 00 0F 03 63 EB
2026-09-28T15:22:11.610+00:00,5494.656,RX,post,0011EB63,1,5,01 00 00 63 EB
2026-09-28T15:22:11.614+00:00,5499.489,RX,post,0001042A,1,7,01 00 00 0F 03 2A 04
2026-09-28T15:22:11.615+00:00,5499.741,RX,post,0011042A,1,5,01 00 00 2A 04
2026-09-28T15:22:11.619+00:00,5504.412,RX,post,00016AF1,1,7,01 00 00 0F 03 F1 6A
2026-09-28T15:22:11.620+00:00,5504.721,RX,post,00116AF1,1,5,01 00 00 F1 6A
2026-09-28T15:22:11.624+00:00,5509.482,RX,post,0001D140,1,7,01 00 00 0F 03 40 D1
2026-09-28T15:22:11.625+00:00,5509.707,RX,post,0011D140,1,5,01 00 00 40 D1
2026-09-28T15:22:11.629+00:00,5514.428,RX,post,000130EC,1,7,01 00 00 0F 03 EC 30
2026-09-28T15:22:11.630+00:00,5514.656,RX,post,001130EC,1,5,01 00 00 EC 30
2026-09-28T15:22:11.634+00:00,5519.411,RX,post,0001A346,1,7,01 00 00 0F 03 46 A3
2026-09-28T15:22:11.635+00:00,5519.656,RX,post,0011A346,1,5,01 00 00 46 A3
2026-09-28T15:22:11.639+00:00,5524.438,RX,post,00018B81,1,7,01 00 00 0F 03 81 8B
2026-09-28T15:22:11.640+00:00,5524.591,RX,post,00118B81,1,5,01 00 00 81 8B
2026-09-28T15:22:11.644+00:00,5529.459,RX,post,00013C2B,1,7,01 00 00 0F 03 2B 3C
2026-09-28T15:22:11.645+00:00,5529.585,RX,post,00113C2B,1,5,01 00 00 2B 3C
2026-09-28T15:22:11.650+00:00,5534.546,RX,post,00015AC2,1,7,01 00 00 0F 03 C2 5A
2026-09-28T15:22:11.650+00:00,5534.754,RX,post,00115AC2,1,5,01 00 00 C2 5A
2026-09-28T15:22:11.654+00:00,5539.468,RX,post,0001DF14,1,7,01 00 00 0F 03 14 DF
2026-09-28T15:22:11.655+00:00,5539.589,RX,post,0011DF14,1,5,01 00 00 14 DF
2026-09-28T15:22:11.659+00:00,5544.563,RX,post,0001E320,1,7,01 00 00 0F 03 20 E3
2026-09-28T15:22:11.660+00:00,5544.710,RX,post,0011E320,1,5,01 00 00 20 E3
2026-09-28T15:22:11.664+00:00,5549.539,RX,post,00012CE5,1,7,01 00 00 0F 03 E5 2C
2026-09-28T15:22:11.665+00:00,5549.682,RX,post,00112CE5,1,5,01 00 00 E5 2C
2026-09-28T15:22:11.669+00:00,5554.540,RX,post,0001270E,1,7,01 00 00 0F 03 0E 27
2026-09-28T15:22:11.670+00:00,5554.709,RX,post,0011270E,1,5,01 00 00 0E 27
2026-09-28T15:22:11.674+00:00,5559.463,RX,post,00013B60,1,7,01 00 00 0F 03 60 3B
2026-09-28T15:22:11.675+00:00,5559.594,RX,post,00113B60,1,5,01 00 00 60 3B
2026-09-28T15:22:11.679+00:00,5564.427,RX,post,00017692,1,7,01 00 00 0F 03 92 76
2026-09-28T15:22:11.680+00:00,5564.630,RX,post,00117692,1,5,01 00 00 92 76
2026-09-28T15:22:11.684+00:00,5569.456,RX,post,0001A646,1,7,01 00 00 0F 03 46 A6
2026-09-28T15:22:11.685+00:00,5569.660,RX,post,0011A646,1,5,01 00 00 46 A6
2026-09-28T15:22:11.689+00:00,5574.408,RX,post,0001B14E,1,7,01 00 00 0F 03 4E B1
2026-09-28T15:22:11.690+00:00,5574.720,RX,post,0011B14E,1,5,01 00 00 4E B1
2026-09-28T15:22:11.694+00:00,5579.469,RX,post,0001E693,1,7,01 00 00 0F 03 93 E6
2026-09-28T15:22:11.695+00:00,5579.683,RX,post,0011E693,1,5,01 00 00 93 E6
2026-09-28T15:22:11.699+00:00,5584.393,RX,post,00011744,1,7,01 00 00 0F 03 44 17
2026-09-28T15:22:11.700+00:00,5584.669,RX,post,00111744,1,5,01 00 00 44 17
2026-09-28T15:22:11.704+00:00,5589.453,RX,post,0001F2C5,1,7,01 00 00 0F 03 C5 F2
2026-09-28T15:22:11.705+00:00,5589.661,RX,post,0011F2C5,1,5,01 00 00 C5 F2
2026-09-28T15:22:11.709+00:00,5594.436,RX,post,0001FE69,1,7,01 00 00 0F 03 69 FE
2026-09-28T15:22:11.710+00:00,5594.645,RX,post,0011FE69,1,5,01 00 00 69 FE
2026-09-28T15:22:11.714+00:00,5599.390,RX,post,000187DD,1,7,01 00 00 0F 03 DD 87
2026-09-28T15:22:11.715+00:00,5599.657,RX,post,001187DD,1,5,01 00 00 DD 87
2026-09-28T15:22:11.719+00:00,5604.395,RX,post,000156BE,1,7,01 00 00 0F 03 BE 56
2026-09-28T15:22:11.720+00:00,5604.675,RX,post,001156BE,1,5,01 00 00 BE 56
2026-09-28T15:22:11.724+00:00,5609.505,RX,post,0001D574,1,7,01 00 00 0F 03 74 D5
2026-09-28T15:22:11.725+00:00,5609.602,RX,post,0011D574,1,5,01 00 00 74 D5
2026-09-28T15:22:11.729+00:00,5614.494,RX,post,00017086,1,7,01 00 00 0F 03 86 70
2026-09-28T15:22:11.730+00:00,5614.604,RX,post,00117086,1,5,01 00 00 86 70
2026-09-28T15:22:11.734+00:00,5619.494,RX,post,00011817,1,7,01 00 00 0F 03 17 18
2026-09-28T15:22:11.735+00:00,5619.605,RX,post,00111817,1,5,01 00 00 17 18
2026-09-28T15:22:11.739+00:00,5624.419,RX,post,0001A7D8,1,7,01 00 00 0F 03 D8 A7
2026-09-28T15:22:11.740+00:00,5624.703,RX,post,0011A7D8,1,5,01 00 00 D8 A7
2026-09-28T15:22:11.744+00:00,5629.395,RX,post,0001F7CA,1,7,01 00 00 0F 03 CA F7
2026-09-28T15:22:11.745+00:00,5629.598,RX,post,0011F7CA,1,5,01 00 00 CA F7
2026-09-28T15:22:11.749+00:00,5634.398,RX,post,00018A9B,1,7,01 00 00 0F 03 9B 8A
2026-09-28T15:22:11.750+00:00,5634.601,RX,post,00118A9B,1,5,01 00 00 9B 8A
2026-09-28T15:22:11.754+00:00,5639.398,RX,post,0001C164,1,7,01 00 00 0F 03 64 C1
2026-09-28T15:22:11.755+00:00,5639.606,RX,post,0011C164,1,5,01 00 00 64 C1
2026-09-28T15:22:11.759+00:00,5644.364,RX,post,00015DAE,1,7,01 00 00 0F 03 AE 5D
2026-09-28T15:22:11.760+00:00,5644.600,RX,post,00115DAE,1,5,01 00 00 AE 5D
2026-09-28T15:22:11.764+00:00,5649.398,RX,post,00011423,1,7,01 00 00 0F 03 23 14
2026-09-28T15:22:11.765+00:00,5649.691,RX,post,00111423,1,5,01 00 00 23 14
2026-09-28T15:22:11.769+00:00,5654.414,RX,post,000147C7,1,7,01 00 00 0F 03 C7 47
2026-09-28T15:22:11.770+00:00,5654.718,RX,post,001147C7,1,5,01 00 00 C7 47
2026-09-28T15:22:11.774+00:00,5659.401,RX,post,00017D9D,1,7,01 00 00 0F 03 9D 7D
2026-09-28T15:22:11.775+00:00,5659.680,RX,post,00117D9D,1,5,01 00 00 9D 7D
2026-09-28T15:22:11.779+00:00,5664.387,RX,post,0001D454,1,7,01 00 00 0F 03 54 D4
2026-09-28T15:22:11.780+00:00,5664.739,RX,post,0011D454,1,5,01 00 00 54 D4
2026-09-28T15:22:11.784+00:00,5669.414,RX,post,00017907,1,7,01 00 00 0F 03 07 79
2026-09-28T15:22:11.785+00:00,5669.644,RX,post,00117907,1,5,01 00 00 07 79
2026-09-28T15:22:11.789+00:00,5674.431,RX,post,0001CE5F,1,7,01 00 00 0F 03 5F CE
2026-09-28T15:22:11.790+00:00,5674.704,RX,post,0011CE5F,1,5,01 00 00 5F CE
2026-09-28T15:22:11.794+00:00,5679.459,RX,post,00011B69,1,7,01 00 00 0F 03 69 1B
2026-09-28T15:22:11.795+00:00,5679.590,RX,post,00111B69,1,5,01 00 00 69 1B
2026-09-28T15:22:11.799+00:00,5684.523,RX,post,00016B48,1,7,01 00 00 0F 03 48 6B
2026-09-28T15:22:11.800+00:00,5684.653,RX,post,00116B48,1,5,01 00 00 48 6B
2026-09-28T15:22:11.804+00:00,5689.403,RX,post,0001212C,1,7,01 00 00 0F 03 2C 21
2026-09-28T15:22:11.804+00:00,5689.527,RX,post,0011212C,1,5,01 00 00 2C 21
2026-09-28T15:22:11.809+00:00,5694.391,RX,post,000106CA,1,7,01 00 00 0F 03 CA 06
2026-09-28T15:22:11.810+00:00,5694.665,RX,post,001106CA,1,5,01 00 00 CA 06
2026-09-28T15:22:11.814+00:00,5699.455,RX,post,0001EE2E,1,7,01 00 00 0F 03 2E EE
2026-09-28T15:22:11.814+00:00,5699.560,RX,post,0011EE2E,1,5,01 00 00 2E EE
2026-09-28T15:22:11.819+00:00,5704.461,RX,post,00019DAB,1,7,01 00 00 0F 03 AB 9D
2026-09-28T15:22:11.819+00:00,5704.556,RX,post,00119DAB,1,5,01 00 00 AB 9D
2026-09-28T15:22:11.824+00:00,5709.431,RX,post,00012C3D,1,7,01 00 00 0F 03 3D 2C
2026-09-28T15:22:11.825+00:00,5709.681,RX,post,00112C3D,1,5,01 00 00 3D 2C
2026-09-28T15:22:11.829+00:00,5714.453,RX,post,0001060C,1,7,01 00 00 0F 03 0C 06
2026-09-28T15:22:11.830+00:00,5714.586,RX,post,0011060C,1,5,01 00 00 0C 06
2026-09-28T15:22:11.834+00:00,5719.466,RX,post,0001ACAA,1,7,01 00 00 0F 03 AA AC
2026-09-28T15:22:11.835+00:00,5719.675,RX,post,0011ACAA,1,5,01 00 00 AA AC
2026-09-28T15:22:11.839+00:00,5724.419,RX,post,0001102E,1,7,01 00 00 0F 03 2E 10
2026-09-28T15:22:11.840+00:00,5724.702,RX,post,0011102E,1,5,01 00 00 2E 10
2026-09-28T15:22:11.844+00:00,5729.373,RX,post,00012057,1,7,01 00 00 0F 03 57 20
2026-09-28T15:22:11.845+00:00,5729.675,RX,post,00112057,1,5,01 00 00 57 20
2026-09-28T15:22:11.849+00:00,5734.374,RX,post,0001BC23,1,7,01 00 00 0F 03 23 BC
2026-09-28T15:22:11.850+00:00,5734.679,RX,post,0011BC23,1,5,01 00 00 23 BC
2026-09-28T15:22:11.854+00:00,5739.374,RX,post,00014260,1,7,01 00 00 0F 03 60 42
2026-09-28T15:22:11.855+00:00,5739.679,RX,post,00114260,1,5,01 00 00 60 42
2026-09-28T15:22:11.859+00:00,5744.393,RX,post,0001A8CD,1,7,01 00 00 0F 03 CD A8
2026-09-28T15:22:11.860+00:00,5744.679,RX,post,0011A8CD,1,5,01 00 00 CD A8
2026-09-28T15:22:11.864+00:00,5749.374,RX,post,00013857,1,7,01 00 00 0F 03 57 38
2026-09-28T15:22:11.865+00:00,5749.659,RX,post,00113857,1,5,01 00 00 57 38
2026-09-28T15:22:11.869+00:00,5754.382,RX,post,00018E14,1,7,01 00 00 0F 03 14 8E
2026-09-28T15:22:11.870+00:00,5754.678,RX,post,00118E14,1,5,01 00 00 14 8E
2026-09-28T15:22:11.874+00:00,5759.374,RX,post,00018FB3,1,7,01 00 00 0F 03 B3 8F
2026-09-28T15:22:11.875+00:00,5759.680,RX,post,00118FB3,1,5,01 00 00 B3 8F
2026-09-28T15:22:11.879+00:00,5764.374,RX,post,00018C3D,1,7,01 00 00 0F 03 3D 8C
2026-09-28T15:22:11.880+00:00,5764.659,RX,post,00118C3D,1,5,01 00 00 3D 8C
2026-09-28T15:22:11.884+00:00,5769.374,RX,post,0001B6D5,1,7,01 00 00 0F 03 D5 B6
2026-09-28T15:22:11.885+00:00,5769.662,RX,post,0011B6D5,1,5,01 00 00 D5 B6
2026-09-28T15:22:11.889+00:00,5774.472,RX,post,0001B3C4,1,7,01 00 00 0F 03 C4 B3
2026-09-28T15:22:11.889+00:00,5774.543,RX,post,0011B3C4,1,5,01 00 00 C4 B3
2026-09-28T15:22:11.894+00:00,5779.463,RX,post,000144D3,1,7,01 00 00 0F 03 D3 44
2026-09-28T15:22:11.895+00:00,5779.717,RX,post,001144D3,1,5,01 00 00 D3 44
2026-09-28T15:22:11.899+00:00,5784.511,RX,post,00014D25,1,7,01 00 00 0F 03 25 4D
2026-09-28T15:22:11.900+00:00,5784.569,RX,post,00114D25,1,5,01 00 00 25 4D
2026-09-28T15:22:11.904+00:00,5789.439,RX,post,00012DEE,1,7,01 00 00 0F 03 EE 2D
2026-09-28T15:22:11.905+00:00,5789.631,RX,post,00112DEE,1,5,01 00 00 EE 2D
2026-09-28T15:22:11.909+00:00,5794.507,RX,post,0001FD86,1,7,01 00 00 0F 03 86 FD
2026-09-28T15:22:11.910+00:00,5794.725,RX,post,0011FD86,1,5,01 00 00 86 FD
2026-09-28T15:22:11.914+00:00,5799.436,RX,post,0001BB5A,1,7,01 00 00 0F 03 5A BB
2026-09-28T15:22:11.915+00:00,5799.716,RX,post,0011BB5A,1,5,01 00 00 5A BB
2026-09-28T15:22:11.919+00:00,5804.433,RX,post,0001D50F,1,7,01 00 00 0F 03 0F D5
2026-09-28T15:22:11.920+00:00,5804.646,RX,post,0011D50F,1,5,01 00 00 0F D5
2026-09-28T15:22:11.924+00:00,5809.481,RX,post,0001E3C4,1,7,01 00 00 0F 03 C4 E3
2026-09-28T15:22:11.925+00:00,5809.728,RX,post,0011E3C4,1,5,01 00 00 C4 E3
2026-09-28T15:22:11.929+00:00,5814.488,RX,post,00014978,1,7,01 00 00 0F 03 78 49
2026-09-28T15:22:11.930+00:00,5814.678,RX,post,00114978,1,5,01 00 00 78 49
2026-09-28T15:22:11.934+00:00,5819.395,RX,post,0001AAB5,1,7,01 00 00 0F 03 B5 AA
2026-09-28T15:22:11.935+00:00,5819.590,RX,post,0011AAB5,1,5,01 00 00 B5 AA
2026-09-28T15:22:11.939+00:00,5824.404,RX,post,0001971C,1,7,01 00 00 0F 03 1C 97
2026-09-28T15:22:11.939+00:00,5824.551,RX,post,0011971C,1,5,01 00 00 1C 97
2026-09-28T15:22:11.944+00:00,5829.345,RX,post,00010BC6,1,7,01 00 00 0F 03 C6 0B
2026-09-28T15:22:11.945+00:00,5829.569,RX,post,00110BC6,1,5,01 00 00 C6 0B
2026-09-28T15:22:11.949+00:00,5834.477,RX,post,0001188D,1,7,01 00 00 0F 03 8D 18
2026-09-28T15:22:11.950+00:00,5834.600,RX,post,0011188D,1,5,01 00 00 8D 18
2026-09-28T15:22:11.954+00:00,5839.361,RX,post,00011F44,1,7,01 00 00 0F 03 44 1F
2026-09-28T15:22:11.955+00:00,5839.647,RX,post,00111F44,1,5,01 00 00 44 1F
2026-09-28T15:22:11.959+00:00,5844.428,RX,post,00018479,1,7,01 00 00 0F 03 79 84
2026-09-28T15:22:11.960+00:00,5844.608,RX,post,00118479,1,5,01 00 00 79 84
2026-09-28T15:22:11.964+00:00,5849.365,RX,post,000120AF,1,7,01 00 00 0F 03 AF 20
2026-09-28T15:22:11.965+00:00,5849.580,RX,post,001120AF,1,5,01 00 00 AF 20
2026-09-28T15:22:11.969+00:00,5854.474,RX,post,00012368,1,7,01 00 00 0F 03 68 23
2026-09-28T15:22:11.970+00:00,5854.559,RX,post,00112368,1,5,01 00 00 68 23
2026-09-28T15:22:11.974+00:00,5859.497,RX,post,0001183F,1,7,01 00 00 0F 03 3F 18
2026-09-28T15:22:11.974+00:00,5859.556,RX,post,0011183F,1,5,01 00 00 3F 18
2026-09-28T15:22:11.979+00:00,5864.331,RX,post,00013A94,1,7,01 00 00 0F 03 94 3A
2026-09-28T15:22:11.980+00:00,5864.561,RX,post,00113A94,1,5,01 00 00 94 3A
2026-09-28T15:22:11.984+00:00,5869.433,RX,post,0001434F,1,7,01 00 00 0F 03 4F 43
2026-09-28T15:22:11.985+00:00,5869.564,RX,post,0011434F,1,5,01 00 00 4F 43
2026-09-28T15:22:11.989+00:00,5874.353,RX,post,0001DAEE,1,7,01 00 00 0F 03 EE DA
2026-09-28T15:22:11.989+00:00,5874.529,RX,post,0011DAEE,1,5,01 00 00 EE DA
2026-09-28T15:22:11.994+00:00,5879.549,RX,post,0001945E,1,7,01 00 00 0F 03 5E 94
2026-09-28T15:22:11.995+00:00,5879.633,RX,post,0011945E,1,5,01 00 00 5E 94
2026-09-28T15:22:11.999+00:00,5884.536,RX,post,0001EF0E,1,7,01 00 00 0F 03 0E EF
2026-09-28T15:22:12.000+00:00,5884.627,RX,post,0011EF0E,1,5,01 00 00 0E EF
2026-09-28T15:22:12.004+00:00,5889.411,RX,post,0001660B,1,7,01 00 00 0F 03 0B 66
2026-09-28T15:22:12.004+00:00,5889.547,RX,post,0011660B,1,5,01 00 00 0B 66
2026-09-28T15:22:12.009+00:00,5894.529,RX,post,0001049A,1,7,01 00 00 0F 03 9A 04
2026-09-28T15:22:12.010+00:00,5894.623,RX,post,0011049A,1,5,01 00 00 9A 04
2026-09-28T15:22:12.014+00:00,5899.526,RX,post,00012936,1,7,01 00 00 0F 03 36 29
2026-09-28T15:22:12.015+00:00,5899.575,RX,post,00112936,1,5,01 00 00 36 29
2026-09-28T15:22:12.019+00:00,5904.554,RX,post,00019D6E,1,7,01 00 00 0F 03 6E 9D
2026-09-28T15:22:12.020+00:00,5904.665,RX,post,00119D6E,1,5,01 00 00 6E 9D
2026-09-28T15:22:12.024+00:00,5909.501,RX,post,0001BD25,1,7,01 00 00 0F 03 25 BD
2026-09-28T15:22:12.025+00:00,5909.562,RX,post,0011BD25,1,5,01 00 00 25 BD
2026-09-28T15:22:12.030+00:00,5914.566,RX,post,00015E8E,1,7,01 00 00 0F 03 8E 5E
2026-09-28T15:22:12.030+00:00,5914.652,RX,post,00115E8E,1,5,01 00 00 8E 5E
2026-09-28T15:22:12.034+00:00,5919.510,RX,post,0001F564,1,7,01 00 00 0F 03 64 F5
2026-09-28T15:22:12.035+00:00,5919.560,RX,post,0011F564,1,5,01 00 00 64 F5
2026-09-28T15:22:12.039+00:00,5924.527,RX,post,0001129A,1,7,01 00 00 0F 03 9A 12
2026-09-28T15:22:12.040+00:00,5924.613,RX,post,0011129A,1,5,01 00 00 9A 12
2026-09-28T15:22:12.044+00:00,5929.343,RX,post,000103BB,1,7,01 00 00 0F 03 BB 03
2026-09-28T15:22:12.044+00:00,5929.529,RX,post,001103BB,1,5,01 00 00 BB 03
2026-09-28T15:22:12.049+00:00,5934.418,RX,post,0001F76D,1,7,01 00 00 0F 03 6D F7
2026-09-28T15:22:12.049+00:00,5934.529,RX,post,0011F76D,1,5,01 00 00 6D F7
2026-09-28T15:22:12.054+00:00,5939.333,RX,post,0001616B,1,7,01 00 00 0F 03 6B 61
2026-09-28T15:22:12.054+00:00,5939.529,RX,post,0011616B,1,5,01 00 00 6B 61
2026-09-28T15:22:12.059+00:00,5944.417,RX,post,0001E206,1,7,01 00 00 0F 03 06 E2
2026-09-28T15:22:12.059+00:00,5944.531,RX,post,0011E206,1,5,01 00 00 06 E2
2026-09-28T15:22:12.064+00:00,5949.304,RX,post,0001C590,1,7,01 00 00 0F 03 90 C5
2026-09-28T15:22:12.064+00:00,5949.536,RX,post,0011C590,1,5,01 00 00 90 C5
2026-09-28T15:22:12.069+00:00,5954.352,RX,post,0001F9E9,1,7,01 00 00 0F 03 E9 F9
2026-09-28T15:22:12.069+00:00,5954.533,RX,post,0011F9E9,1,5,01 00 00 E9 F9
2026-09-28T15:22:12.074+00:00,5959.336,RX,post,0001FB5D,1,7,01 00 00 0F 03 5D FB
2026-09-28T15:22:12.074+00:00,5959.529,RX,post,0011FB5D,1,5,01 00 00 5D FB
2026-09-28T15:22:12.079+00:00,5964.344,RX,post,00019CA8,1,7,01 00 00 0F 03 A8 9C
2026-09-28T15:22:12.079+00:00,5964.529,RX,post,00119CA8,1,5,01 00 00 A8 9C
2026-09-28T15:22:12.084+00:00,5969.336,RX,post,0001C18D,1,7,01 00 00 0F 03 8D C1
2026-09-28T15:22:12.084+00:00,5969.529,RX,post,0011C18D,1,5,01 00 00 8D C1
2026-09-28T15:22:12.089+00:00,5974.535,RX,post,0001181E,1,7,01 00 00 0F 03 1E 18
2026-09-28T15:22:12.090+00:00,5974.608,RX,post,0011181E,1,5,01 00 00 1E 18
2026-09-28T15:22:12.094+00:00,5979.488,RX,post,0001353B,1,7,01 00 00 0F 03 3B 35
2026-09-28T15:22:12.095+00:00,5979.628,RX,post,0011353B,1,5,01 00 00 3B 35
2026-09-28T15:22:12.099+00:00,5984.481,RX,post,0001C9B1,1,7,01 00 00 0F 03 B1 C9
2026-09-28T15:22:12.099+00:00,5984.541,RX,post,0011C9B1,1,5,01 00 00 B1 C9
2026-09-28T15:22:12.104+00:00,5989.503,RX,post,00012505,1,7,01 00 00 0F 03 05 25
2026-09-28T15:22:12.105+00:00,5989.656,RX,post,00112505,1,5,01 00 00 05 25
2026-09-28T15:22:12.109+00:00,5994.506,RX,post,0001369C,1,7,01 00 00 0F 03 9C 36
2026-09-28T15:22:12.109+00:00,5994.548,RX,post,0011369C,1,5,01 00 00 9C 36
2026-09-28T15:22:12.114+00:00,5999.436,RX,post,00014E1D,1,7,01 00 00 0F 03 1D 4E
2026-09-28T15:22:12.115+00:00,5999.631,RX,post,00114E1D,1,5,01 00 00 1D 4E
2026-09-28T15:22:12.119+00:00,6004.511,RX,post,0001F4FD,1,7,01 00 00 0F 03 FD F4
2026-09-28T15:22:12.120+00:00,6004.593,RX,post,0011F4FD,1,5,01 00 00 FD F4
2026-09-28T15:22:12.125+00:00,6009.613,RX,post,0001E7BB,1,7,01 00 00 0F 03 BB E7
2026-09-28T15:22:12.125+00:00,6009.726,RX,post,0011E7BB,1,5,01 00 00 BB E7
2026-09-28T15:22:12.130+00:00,6014.612,RX,post,0001D346,1,7,01 00 00 0F 03 46 D3
2026-09-28T15:22:12.130+00:00,6014.729,RX,post,0011D346,1,5,01 00 00 46 D3
2026-09-28T15:22:12.135+00:00,6019.574,RX,post,00010A10,1,7,01 00 00 0F 03 10 0A
2026-09-28T15:22:12.135+00:00,6019.668,RX,post,00110A10,1,5,01 00 00 10 0A
2026-09-28T15:22:12.140+00:00,6024.607,RX,post,0001CF46,1,7,01 00 00 0F 03 46 CF
2026-09-28T15:22:12.140+00:00,6024.701,RX,post,0011CF46,1,5,01 00 00 46 CF
2026-09-28T15:22:12.144+00:00,6029.516,RX,post,00010CA3,1,7,01 00 00 0F 03 A3 0C
2026-09-28T15:22:12.145+00:00,6029.596,RX,post,00110CA3,1,5,01 00 00 A3 0C
2026-09-28T15:22:12.150+00:00,6034.566,RX,post,0001C7DD,1,7,01 00 00 0F 03 DD C7
2026-09-28T15:22:12.150+00:00,6034.673,RX,post,0011C7DD,1,5,01 00 00 DD C7
2026-09-28T15:22:12.155+00:00,6039.572,RX,post,000194C2,1,7,01 00 00 0F 03 C2 94
2026-09-28T15:22:12.155+00:00,6039.647,RX,post,001194C2,1,5,01 00 00 C2 94
2026-09-28T15:22:12.160+00:00,6044.554,RX,post,0001281A,1,7,01 00 00 0F 03 1A 28
2026-09-28T15:22:12.160+00:00,6044.642,RX,post,0011281A,1,5,01 00 00 1A 28
2026-09-28T15:22:12.164+00:00,6049.536,RX,post,0001136B,1,7,01 00 00 0F 03 6B 13
2026-09-28T15:22:12.165+00:00,6049.622,RX,post,0011136B,1,5,01 00 00 6B 13
2026-09-28T15:22:12.170+00:00,6054.602,RX,post,0001A859,1,7,01 00 00 0F 03 59 A8
2026-09-28T15:22:12.170+00:00,6054.687,RX,post,0011A859,1,5,01 00 00 59 A8
2026-09-28T15:22:12.174+00:00,6059.472,RX,post,00013EDE,1,7,01 00 00 0F 03 DE 3E
2026-09-28T15:22:12.175+00:00,6059.581,RX,post,00113EDE,1,5,01 00 00 DE 3E
2026-09-28T15:22:12.179+00:00,6064.487,RX,post,00011992,1,7,01 00 00 0F 03 92 19
2026-09-28T15:22:12.180+00:00,6064.665,RX,post,00111992,1,5,01 00 00 92 19
2026-09-28T15:22:12.184+00:00,6069.469,RX,post,00011AB7,1,7,01 00 00 0F 03 B7 1A
2026-09-28T15:22:12.184+00:00,6069.530,RX,post,00111AB7,1,5,01 00 00 B7 1A
2026-09-28T15:22:12.189+00:00,6074.513,RX,post,000188FD,1,7,01 00 00 0F 03 FD 88
2026-09-28T15:22:12.190+00:00,6074.596,RX,post,001188FD,1,5,01 00 00 FD 88
2026-09-28T15:22:12.195+00:00,6079.624,RX,post,00015A37,1,7,01 00 00 0F 03 37 5A
2026-09-28T15:22:12.195+00:00,6079.697,RX,post,00115A37,1,5,01 00 00 37 5A
2026-09-28T15:22:12.199+00:00,6084.481,RX,post,0001F9BE,1,7,01 00 00 0F 03 BE F9
2026-09-28T15:22:12.200+00:00,6084.622,RX,post,0011F9BE,1,5,01 00 00 BE F9
2026-09-28T15:22:12.204+00:00,6089.302,RX,post,00015F2F,1,7,01 00 00 0F 03 2F 5F
2026-09-28T15:22:12.205+00:00,6089.661,RX,post,00115F2F,1,5,01 00 00 2F 5F
2026-09-28T15:22:12.209+00:00,6094.307,RX,post,00015C28,1,7,01 00 00 0F 03 28 5C
2026-09-28T15:22:12.210+00:00,6094.624,RX,post,00115C28,1,5,01 00 00 28 5C
2026-09-28T15:22:12.214+00:00,6099.296,RX,post,00010CA7,1,7,01 00 00 0F 03 A7 0C
2026-09-28T15:22:12.215+00:00,6099.608,RX,post,00110CA7,1,5,01 00 00 A7 0C
2026-09-28T15:22:12.219+00:00,6104.297,RX,post,000181E2,1,7,01 00 00 0F 03 E2 81
2026-09-28T15:22:12.220+00:00,6104.666,RX,post,001181E2,1,5,01 00 00 E2 81
2026-09-28T15:22:12.224+00:00,6109.295,RX,post,00016739,1,7,01 00 00 0F 03 39 67
2026-09-28T15:22:12.225+00:00,6109.647,RX,post,00116739,1,5,01 00 00 39 67
2026-09-28T15:22:12.229+00:00,6114.296,RX,post,00019FED,1,7,01 00 00 0F 03 ED 9F
2026-09-28T15:22:12.230+00:00,6114.654,RX,post,00119FED,1,5,01 00 00 ED 9F
2026-09-28T15:22:12.234+00:00,6119.274,RX,post,00011DB4,1,7,01 00 00 0F 03 B4 1D
2026-09-28T15:22:12.234+00:00,6119.518,RX,post,00111DB4,1,5,01 00 00 B4 1D
2026-09-28T15:22:12.239+00:00,6124.307,RX,post,0001D762,1,7,01 00 00 0F 03 62 D7
2026-09-28T15:22:12.240+00:00,6124.751,RX,post,0011D762,1,5,01 00 00 62 D7
2026-09-28T15:22:12.244+00:00,6129.310,RX,post,00015F85,1,7,01 00 00 0F 03 85 5F
2026-09-28T15:22:12.245+00:00,6129.557,RX,post,00115F85,1,5,01 00 00 85 5F
2026-09-28T15:22:12.249+00:00,6134.322,RX,post,0001D761,1,7,01 00 00 0F 03 61 D7
2026-09-28T15:22:12.250+00:00,6134.618,RX,post,0011D761,1,5,01 00 00 61 D7
2026-09-28T15:22:12.254+00:00,6139.338,RX,post,0001B6F7,1,7,01 00 00 0F 03 F7 B6
2026-09-28T15:22:12.255+00:00,6139.609,RX,post,0011B6F7,1,5,01 00 00 F7 B6
2026-09-28T15:22:12.259+00:00,6144.273,RX,post,0001927D,1,7,01 00 00 0F 03 7D 92
2026-09-28T15:22:12.259+00:00,6144.513,RX,post,0011927D,1,5,01 00 00 7D 92
2026-09-28T15:22:12.264+00:00,6149.275,RX,post,00016C4C,1,7,01 00 00 0F 03 4C 6C
2026-09-28T15:22:12.264+00:00,6149.520,RX,post,00116C4C,1,5,01 00 00 4C 6C
2026-09-28T15:22:12.269+00:00,6154.273,RX,post,00013FB5,1,7,01 00 00 0F 03 B5 3F
2026-09-28T15:22:12.269+00:00,6154.515,RX,post,00113FB5,1,5,01 00 00 B5 3F
2026-09-28T15:22:12.274+00:00,6159.325,RX,post,00014F3C,1,7,01 00 00 0F 03 3C 4F
2026-09-28T15:22:12.275+00:00,6159.620,RX,post,00114F3C,1,5,01 00 00 3C 4F
2026-09-28T15:22:12.279+00:00,6164.354,RX,post,0001E2BB,1,7,01 00 00 0F 03 BB E2
2026-09-28T15:22:12.280+00:00,6164.644,RX,post,0011E2BB,1,5,01 00 00 BB E2
2026-09-28T15:22:12.284+00:00,6169.354,RX,post,00010758,1,7,01 00 00 0F 03 58 07
2026-09-28T15:22:12.285+00:00,6169.677,RX,post,00110758,1,5,01 00 00 58 07
2026-09-28T15:22:12.289+00:00,6174.328,RX,post,0001350A,1,7,01 00 00 0F 03 0A 35
2026-09-28T15:22:12.290+00:00,6175.047,RX,post,0011350A,1,5,01 00 00 0A 35
2026-09-28T15:22:12.294+00:00,6179.277,RX,post,00015C69,1,7,01 00 00 0F 03 69 5C
2026-09-28T15:22:12.295+00:00,6179.584,RX,post,00115C69,1,5,01 00 00 69 5C
2026-09-28T15:22:12.299+00:00,6184.303,RX,post,00018126,1,7,01 00 00 0F 03 26 81
2026-09-28T15:22:12.299+00:00,6184.542,RX,post,00118126,1,5,01 00 00 26 81
2026-09-28T15:22:12.304+00:00,6189.293,RX,post,00012AC2,1,7,01 00 00 0F 03 C2 2A
2026-09-28T15:22:12.304+00:00,6189.539,RX,post,00112AC2,1,5,01 00 00 C2 2A
2026-09-28T15:22:12.309+00:00,6194.283,RX,post,0001E6FF,1,7,01 00 00 0F 03 FF E6
2026-09-28T15:22:12.309+00:00,6194.525,RX,post,0011E6FF,1,5,01 00 00 FF E6
2026-09-28T15:22:12.314+00:00,6199.397,RX,post,0001441E,1,7,01 00 00 0F 03 1E 44
2026-09-28T15:22:12.315+00:00,6199.596,RX,post,0011441E,1,5,01 00 00 1E 44
2026-09-28T15:22:12.319+00:00,6204.273,RX,post,0001E43B,1,7,01 00 00 0F 03 3B E4
2026-09-28T15:22:12.319+00:00,6204.509,RX,post,0011E43B,1,5,01 00 00 3B E4
2026-09-28T15:22:12.324+00:00,6209.378,RX,post,0001C07D,1,7,01 00 00 0F 03 7D C0
2026-09-28T15:22:12.324+00:00,6209.538,RX,post,0011C07D,1,5,01 00 00 7D C0
2026-09-28T15:22:12.329+00:00,6214.392,RX,post,0001C509,1,7,01 00 00 0F 03 09 C5
2026-09-28T15:22:12.329+00:00,6214.477,RX,post,0011C509,1,5,01 00 00 09 C5
2026-09-28T15:22:12.334+00:00,6219.271,RX,post,00011B20,1,7,01 00 00 0F 03 20 1B
2026-09-28T15:22:12.334+00:00,6219.512,RX,post,00111B20,1,5,01 00 00 20 1B
2026-09-28T15:22:12.339+00:00,6224.341,RX,post,0001399F,1,7,01 00 00 0F 03 9F 39
2026-09-28T15:22:12.339+00:00,6224.510,RX,post,0011399F,1,5,01 00 00 9F 39
2026-09-28T15:22:12.344+00:00,6229.470,RX,post,0001F696,1,7,01 00 00 0F 03 96 F6
2026-09-28T15:22:12.345+00:00,6229.566,RX,post,0011F696,1,5,01 00 00 96 F6
2026-09-28T15:22:12.349+00:00,6234.248,RX,post,0001368A,1,7,01 00 00 0F 03 8A 36
2026-09-28T15:22:12.349+00:00,6234.474,RX,post,0011368A,1,5,01 00 00 8A 36
2026-09-28T15:22:12.354+00:00,6239.419,RX,post,00015F75,1,7,01 00 00 0F 03 75 5F
2026-09-28T15:22:12.355+00:00,6239.567,RX,post,00115F75,1,5,01 00 00 75 5F
2026-09-28T15:22:12.359+00:00,6244.362,RX,post,00016D91,1,7,01 00 00 0F 03 91 6D
2026-09-28T15:22:12.359+00:00,6244.476,RX,post,00116D91,1,5,01 00 00 91 6D
2026-09-28T15:22:12.364+00:00,6249.493,RX,post,00016C37,1,7,01 00 00 0F 03 37 6C
2026-09-28T15:22:12.365+00:00,6249.559,RX,post,00116C37,1,5,01 00 00 37 6C
2026-09-28T15:22:12.369+00:00,6254.486,RX,post,0001069F,1,7,01 00 00 0F 03 9F 06
2026-09-28T15:22:12.369+00:00,6254.547,RX,post,0011069F,1,5,01 00 00 9F 06
2026-09-28T15:22:12.374+00:00,6259.506,RX,post,0001ED4E,1,7,01 00 00 0F 03 4E ED
2026-09-28T15:22:12.375+00:00,6259.616,RX,post,0011ED4E,1,5,01 00 00 4E ED
2026-09-28T15:22:12.380+00:00,6264.629,RX,post,00015021,1,7,01 00 00 0F 03 21 50
2026-09-28T15:22:12.380+00:00,6264.726,RX,post,00115021,1,5,01 00 00 21 50
2026-09-28T15:22:12.384+00:00,6269.524,RX,post,0001AB70,1,7,01 00 00 0F 03 70 AB
2026-09-28T15:22:12.385+00:00,6269.621,RX,post,0011AB70,1,5,01 00 00 70 AB
2026-09-28T15:22:12.389+00:00,6274.457,RX,post,000107B7,1,7,01 00 00 0F 03 B7 07
2026-09-28T15:22:12.389+00:00,6274.519,RX,post,001107B7,1,5,01 00 00 B7 07
2026-09-28T15:22:12.394+00:00,6279.414,RX,post,0001C6A8,1,7,01 00 00 0F 03 A8 C6
2026-09-28T15:22:12.394+00:00,6279.492,RX,post,0011C6A8,1,5,01 00 00 A8 C6
2026-09-28T15:22:12.400+00:00,6284.609,RX,post,0001A024,1,7,01 00 00 0F 03 24 A0
2026-09-28T15:22:12.400+00:00,6284.701,RX,post,0011A024,1,5,01 00 00 24 A0
2026-09-28T15:22:12.405+00:00,6289.557,RX,post,000153B4,1,7,01 00 00 0F 03 B4 53
2026-09-28T15:22:12.405+00:00,6289.637,RX,post,001153B4,1,5,01 00 00 B4 53
2026-09-28T15:22:12.410+00:00,6294.569,RX,post,00019EE8,1,7,01 00 00 0F 03 E8 9E
2026-09-28T15:22:12.410+00:00,6294.662,RX,post,00119EE8,1,5,01 00 00 E8 9E
2026-09-28T15:22:12.414+00:00,6299.524,RX,post,0001D5B1,1,7,01 00 00 0F 03 B1 D5
2026-09-28T15:22:12.415+00:00,6299.602,RX,post,0011D5B1,1,5,01 00 00 B1 D5
2026-09-28T15:22:12.420+00:00,6304.583,RX,post,000113E5,1,7,01 00 00 0F 03 E5 13
2026-09-28T15:22:12.420+00:00,6304.669,RX,post,001113E5,1,5,01 00 00 E5 13
2026-09-28T15:22:12.424+00:00,6309.389,RX,post,00018124,1,7,01 00 00 0F 03 24 81
2026-09-28T15:22:12.424+00:00,6309.476,RX,post,00118124,1,5,01 00 00 24 81
2026-09-28T15:22:12.429+00:00,6314.372,RX,post,00015701,1,7,01 00 00 0F 03 01 57
2026-09-28T15:22:12.430+00:00,6314.660,RX,post,00115701,1,5,01 00 00 01 57
2026-09-28T15:22:12.434+00:00,6319.296,RX,post,0001B9EB,1,7,01 00 00 0F 03 EB B9
2026-09-28T15:22:12.435+00:00,6319.630,RX,post,0011B9EB,1,5,01 00 00 EB B9
2026-09-28T15:22:12.439+00:00,6324.430,RX,post,0001639C,1,7,01 00 00 0F 03 9C 63
2026-09-28T15:22:12.439+00:00,6324.502,RX,post,0011639C,1,5,01 00 00 9C 63
2026-09-28T15:22:12.444+00:00,6329.365,RX,post,0001248E,1,7,01 00 00 0F 03 8E 24
2026-09-28T15:22:12.445+00:00,6329.681,RX,post,0011248E,1,5,01 00 00 8E 24
2026-09-28T15:22:12.449+00:00,6334.326,RX,post,00016F5D,1,7,01 00 00 0F 03 5D 6F
2026-09-28T15:22:12.450+00:00,6334.640,RX,post,00116F5D,1,5,01 00 00 5D 6F
2026-09-28T15:22:12.454+00:00,6339.288,RX,post,0001B011,1,7,01 00 00 0F 03 11 B0
2026-09-28T15:22:12.455+00:00,6339.634,RX,post,0011B011,1,5,01 00 00 11 B0
2026-09-28T15:22:12.459+00:00,6344.374,RX,post,0001719F,1,7,01 00 00 0F 03 9F 71
2026-09-28T15:22:12.460+00:00,6344.633,RX,post,0011719F,1,5,01 00 00 9F 71
2026-09-28T15:22:12.464+00:00,6349.495,RX,post,00013833,1,7,01 00 00 0F 03 33 38
2026-09-28T15:22:12.465+00:00,6349.616,RX,post,00113833,1,5,01 00 00 33 38
2026-09-28T15:22:12.469+00:00,6354.307,RX,post,00015E7C,1,7,01 00 00 0F 03 7C 5E
2026-09-28T15:22:12.470+00:00,6354.569,RX,post,00115E7C,1,5,01 00 00 7C 5E
2026-09-28T15:22:12.474+00:00,6359.322,RX,post,000150BC,1,7,01 00 00 0F 03 BC 50
2026-09-28T15:22:12.475+00:00,6359.571,RX,post,001150BC,1,5,01 00 00 BC 50
2026-09-28T15:22:12.479+00:00,6364.280,RX,post,00014459,1,7,01 00 00 0F 03 59 44
2026-09-28T15:22:12.480+00:00,6364.587,RX,post,00114459,1,5,01 00 00 59 44
2026-09-28T15:22:12.484+00:00,6369.533,RX,post,00011D4B,1,7,01 00 00 0F 03 4B 1D
2026-09-28T15:22:12.485+00:00,6369.642,RX,post,00111D4B,1,5,01 00 00 4B 1D
2026-09-28T15:22:12.489+00:00,6374.529,RX,post,00017C53,1,7,01 00 00 0F 03 53 7C
2026-09-28T15:22:12.490+00:00,6374.666,RX,post,00117C53,1,5,01 00 00 53 7C
2026-09-28T15:22:12.494+00:00,6379.331,RX,post,00015DC3,1,7,01 00 00 0F 03 C3 5D
2026-09-28T15:22:12.494+00:00,6379.427,RX,post,00115DC3,1,5,01 00 00 C3 5D
2026-09-28T15:22:12.499+00:00,6384.269,RX,post,00011DFD,1,7,01 00 00 0F 03 FD 1D
2026-09-28T15:22:12.499+00:00,6384.523,RX,post,00111DFD,1,5,01 00 00 FD 1D
2026-09-28T15:22:12.504+00:00,6389.318,RX,post,0001EE48,1,7,01 00 00 0F 03 48 EE
2026-09-28T15:22:12.505+00:00,6389.615,RX,post,0011EE48,1,5,01 00 00 48 EE
2026-09-28T15:22:12.509+00:00,6394.371,RX,post,0001805D,1,7,01 00 00 0F 03 5D 80
2026-09-28T15:22:12.510+00:00,6394.561,RX,post,0011805D,1,5,01 00 00 5D 80
2026-09-28T15:22:12.514+00:00,6399.343,RX,post,00019A66,1,7,01 00 00 0F 03 66 9A
2026-09-28T15:22:12.514+00:00,6399.464,RX,post,00119A66,1,5,01 00 00 66 9A
2026-09-28T15:22:12.519+00:00,6404.264,RX,post,000189F9,1,7,01 00 00 0F 03 F9 89
2026-09-28T15:22:12.519+00:00,6404.511,RX,post,001189F9,1,5,01 00 00 F9 89
2026-09-28T15:22:12.524+00:00,6409.399,RX,post,0001C9DD,1,7,01 00 00 0F 03 DD C9
2026-09-28T15:22:12.524+00:00,6409.530,RX,post,0011C9DD,1,5,01 00 00 DD C9
2026-09-28T15:22:12.529+00:00,6414.308,RX,post,00011379,1,7,01 00 00 0F 03 79 13
2026-09-28T15:22:12.529+00:00,6414.459,RX,post,00111379,1,5,01 00 00 79 13
2026-09-28T15:22:12.534+00:00,6419.391,RX,post,00019E2A,1,7,01 00 00 0F 03 2A 9E
2026-09-28T15:22:12.534+00:00,6419.497,RX,post,00119E2A,1,5,01 00 00 2A 9E
2026-09-28T15:22:12.539+00:00,6424.478,RX,post,00016C2C,1,7,01 00 00 0F 03 2C 6C
2026-09-28T15:22:12.540+00:00,6424.632,RX,post,00116C2C,1,5,01 00 00 2C 6C
2026-09-28T15:22:12.544+00:00,6429.271,RX,post,00012EBC,1,7,01 00 00 0F 03 BC 2E
2026-09-28T15:22:12.544+00:00,6429.496,RX,post,00112EBC,1,5,01 00 00 BC 2E
2026-09-28T15:22:12.549+00:00,6434.284,RX,post,00015572,1,7,01 00 00 0F 03 72 55
2026-09-28T15:22:12.550+00:00,6434.565,RX,post,00115572,1,5,01 00 00 72 55
2026-09-28T15:22:12.554+00:00,6439.408,RX,post,00019A81,1,7,01 00 00 0F 03 81 9A
2026-09-28T15:22:12.554+00:00,6439.531,RX,post,00119A81,1,5,01 00 00 81 9A
2026-09-28T15:22:12.559+00:00,6444.337,RX,post,000119D7,1,7,01 00 00 0F 03 D7 19
2026-09-28T15:22:12.559+00:00,6444.497,RX,post,001119D7,1,5,01 00 00 D7 19
2026-09-28T15:22:12.564+00:00,6449.418,RX,post,00013822,1,7,01 00 00 0F 03 22 38
2026-09-28T15:22:12.565+00:00,6449.593,RX,post,00113822,1,5,01 00 00 22 38
2026-09-28T15:22:12.569+00:00,6454.466,RX,post,00018E5D,1,7,01 00 00 0F 03 5D 8E
2026-09-28T15:22:12.570+00:00,6454.613,RX,post,00118E5D,1,5,01 00 00 5D 8E
2026-09-28T15:22:12.574+00:00,6459.473,RX,post,00012B30,1,7,01 00 00 0F 03 30 2B
2026-09-28T15:22:12.575+00:00,6459.558,RX,post,00112B30,1,5,01 00 00 30 2B
2026-09-28T15:22:12.579+00:00,6464.275,RX,post,00016453,1,7,01 00 00 0F 03 53 64
2026-09-28T15:22:12.580+00:00,6464.576,RX,post,00116453,1,5,01 00 00 53 64
2026-09-28T15:22:12.584+00:00,6469.277,RX,post,00010314,1,7,01 00 00 0F 03 14 03
2026-09-28T15:22:12.584+00:00,6469.531,RX,post,00110314,1,5,01 00 00 14 03
2026-09-28T15:22:12.589+00:00,6474.379,RX,post,00019FA6,1,7,01 00 00 0F 03 A6 9F
2026-09-28T15:22:12.590+00:00,6474.661,RX,post,00119FA6,1,5,01 00 00 A6 9F
2026-09-28T15:22:12.594+00:00,6479.275,RX,post,00013570,1,7,01 00 00 0F 03 70 35
2026-09-28T15:22:12.595+00:00,6479.615,RX,post,00113570,1,5,01 00 00 70 35
2026-09-28T15:22:12.599+00:00,6484.261,RX,post,00019D87,1,7,01 00 00 0F 03 87 9D
2026-09-28T15:22:12.600+00:00,6484.682,RX,post,00119D87,1,5,01 00 00 87 9D
2026-09-28T15:22:12.604+00:00,6489.258,RX,post,0001E865,1,7,01 00 00 0F 03 65 E8
2026-09-28T15:22:12.605+00:00,6489.561,RX,post,0011E865,1,5,01 00 00 65 E8
2026-09-28T15:22:12.609+00:00,6494.297,RX,post,000194E7,1,7,01 00 00 0F 03 E7 94
2026-09-28T15:22:12.610+00:00,6494.645,RX,post,001194E7,1,5,01 00 00 E7 94
2026-09-28T15:22:12.614+00:00,6499.449,RX,post,0001A5D1,1,7,01 00 00 0F 03 D1 A5
2026-09-28T15:22:12.614+00:00,6499.536,RX,post,0011A5D1,1,5,01 00 00 D1 A5
2026-09-28T15:22:12.619+00:00,6504.458,RX,post,0001C216,1,7,01 00 00 0F 03 16 C2
2026-09-28T15:22:12.620+00:00,6504.580,RX,post,0011C216,1,5,01 00 00 16 C2
2026-09-28T15:22:12.624+00:00,6509.438,RX,post,0001DF7E,1,7,01 00 00 0F 03 7E DF
2026-09-28T15:22:12.625+00:00,6509.660,RX,post,0011DF7E,1,5,01 00 00 7E DF
2026-09-28T15:22:12.629+00:00,6514.312,RX,post,00014C7E,1,7,01 00 00 0F 03 7E 4C
2026-09-28T15:22:12.630+00:00,6514.583,RX,post,00114C7E,1,5,01 00 00 7E 4C
2026-09-28T15:22:12.634+00:00,6519.329,RX,post,000150E2,1,7,01 00 00 0F 03 E2 50
2026-09-28T15:22:12.634+00:00,6519.534,RX,post,001150E2,1,5,01 00 00 E2 50
2026-09-28T15:22:12.639+00:00,6524.346,RX,post,0001655B,1,7,01 00 00 0F 03 5B 65
2026-09-28T15:22:12.639+00:00,6524.480,RX,post,0011655B,1,5,01 00 00 5B 65
2026-09-28T15:22:12.644+00:00,6529.302,RX,post,0001BDDB,1,7,01 00 00 0F 03 DB BD
2026-09-28T15:22:12.645+00:00,6529.564,RX,post,0011BDDB,1,5,01 00 00 DB BD
2026-09-28T15:22:12.649+00:00,6534.318,RX,post,0001F3DD,1,7,01 00 00 0F 03 DD F3
2026-09-28T15:22:12.650+00:00,6534.596,RX,post,0011F3DD,1,5,01 00 00 DD F3
2026-09-28T15:22:12.654+00:00,6539.427,RX,post,0001AE91,1,7,01 00 00 0F 03 91 AE
2026-09-28T15:22:12.654+00:00,6539.532,RX,post,0011AE91,1,5,01 00 00 91 AE
2026-09-28T15:22:12.659+00:00,6544.309,RX,post,0001E715,1,7,01 00 00 0F 03 15 E7
2026-09-28T15:22:12.659+00:00,6544.484,RX,post,0011E715,1,5,01 00 00 15 E7
2026-09-28T15:22:12.664+00:00,6549.370,RX,post,00019F57,1,7,01 00 00 0F 03 57 9F
2026-09-28T15:22:12.664+00:00,6549.523,RX,post,00119F57,1,5,01 00 00 57 9F
2026-09-28T15:22:12.669+00:00,6554.332,RX,post,00018F9F,1,7,01 00 00 0F 03 9F 8F
2026-09-28T15:22:12.670+00:00,6554.590,RX,post,00118F9F,1,5,01 00 00 9F 8F
2026-09-28T15:22:12.674+00:00,6559.411,RX,post,0001B851,1,7,01 00 00 0F 03 51 B8
2026-09-28T15:22:12.674+00:00,6559.540,RX,post,0011B851,1,5,01 00 00 51 B8
2026-09-28T15:22:12.679+00:00,6564.362,RX,post,00016EE0,1,7,01 00 00 0F 03 E0 6E
2026-09-28T15:22:12.680+00:00,6564.643,RX,post,00116EE0,1,5,01 00 00 E0 6E
2026-09-28T15:22:12.684+00:00,6569.255,RX,post,00011728,1,7,01 00 00 0F 03 28 17
2026-09-28T15:22:12.685+00:00,6569.576,RX,post,00111728,1,5,01 00 00 28 17
2026-09-28T15:22:12.689+00:00,6574.358,RX,post,00019F5E,1,7,01 00 00 0F 03 5E 9F
2026-09-28T15:22:12.690+00:00,6574.640,RX,post,00119F5E,1,5,01 00 00 5E 9F
2026-09-28T15:22:12.694+00:00,6579.311,RX,post,0001C200,1,7,01 00 00 0F 03 00 C2
2026-09-28T15:22:12.694+00:00,6579.460,RX,post,0011C200,1,5,01 00 00 00 C2
2026-09-28T15:22:12.699+00:00,6584.360,RX,post,0001F16A,1,7,01 00 00 0F 03 6A F1
2026-09-28T15:22:12.700+00:00,6584.565,RX,post,0011F16A,1,5,01 00 00 6A F1
2026-09-28T15:22:12.704+00:00,6589.265,RX,post,000199A7,1,7,01 00 00 0F 03 A7 99
2026-09-28T15:22:12.704+00:00,6589.509,RX,post,001199A7,1,5,01 00 00 A7 99
2026-09-28T15:22:12.709+00:00,6594.398,RX,post,0001AD45,1,7,01 00 00 0F 03 45 AD
2026-09-28T15:22:12.710+00:00,6594.629,RX,post,0011AD45,1,5,01 00 00 45 AD
2026-09-28T15:22:12.714+00:00,6599.331,RX,post,00012D86,1,7,01 00 00 0F 03 86 2D
2026-09-28T15:22:12.714+00:00,6599.461,RX,post,00112D86,1,5,01 00 00 86 2D
2026-09-28T15:22:12.719+00:00,6604.298,RX,post,00016762,1,7,01 00 00 0F 03 62 67
2026-09-28T15:22:12.720+00:00,6604.568,RX,post,00116762,1,5,01 00 00 62 67
2026-09-28T15:22:12.724+00:00,6609.334,RX,post,0001BED8,1,7,01 00 00 0F 03 D8 BE
2026-09-28T15:22:12.724+00:00,6609.500,RX,post,0011BED8,1,5,01 00 00 D8 BE
2026-09-28T15:22:12.729+00:00,6614.327,RX,post,0001C967,1,7,01 00 00 0F 03 67 C9
2026-09-28T15:22:12.730+00:00,6614.588,RX,post,0011C967,1,5,01 00 00 67 C9
2026-09-28T15:22:12.734+00:00,6619.261,RX,post,0001593D,1,7,01 00 00 0F 03 3D 59
2026-09-28T15:22:12.734+00:00,6619.460,RX,post,0011593D,1,5,01 00 00 3D 59
2026-09-28T15:22:12.739+00:00,6624.398,RX,post,0001AE2F,1,7,01 00 00 0F 03 2F AE
2026-09-28T15:22:12.739+00:00,6624.531,RX,post,0011AE2F,1,5,01 00 00 2F AE
2026-09-28T15:22:12.744+00:00,6629.280,RX,post,00018DA3,1,7,01 00 00 0F 03 A3 8D
2026-09-28T15:22:12.744+00:00,6629.453,RX,post,00118DA3,1,5,01 00 00 A3 8D
2026-09-28T15:22:12.749+00:00,6634.332,RX,post,000130CD,1,7,01 00 00 0F 03 CD 30
2026-09-28T15:22:12.750+00:00,6634.542,RX,post,001130CD,1,5,01 00 00 CD 30
2026-09-28T15:22:12.754+00:00,6639.321,RX,post,00015D14,1,7,01 00 00 0F 03 14 5D
2026-09-28T15:22:12.754+00:00,6639.461,RX,post,00115D14,1,5,01 00 00 14 5D
2026-09-28T15:22:12.759+00:00,6644.292,RX,post,0001B664,1,7,01 00 00 0F 03 64 B6
2026-09-28T15:22:12.759+00:00,6644.468,RX,post,0011B664,1,5,01 00 00 64 B6
2026-09-28T15:22:12.764+00:00,6649.280,RX,post,0001EBE5,1,7,01 00 00 0F 03 E5 EB
2026-09-28T15:22:12.765+00:00,6649.563,RX,post,0011EBE5,1,5,01 00 00 E5 EB
2026-09-28T15:22:12.769+00:00,6654.238,RX,post,0001D051,1,7,01 00 00 0F 03 51 D0
2026-09-28T15:22:12.769+00:00,6654.518,RX,post,0011D051,1,5,01 00 00 51 D0
2026-09-28T15:22:12.774+00:00,6659.298,RX,post,0001DE71,1,7,01 00 00 0F 03 71 DE
2026-09-28T15:22:12.774+00:00,6659.528,RX,post,0011DE71,1,5,01 00 00 71 DE
2026-09-28T15:22:12.779+00:00,6664.271,RX,post,00018BF5,1,7,01 00 00 0F 03 F5 8B
2026-09-28T15:22:12.779+00:00,6664.534,RX,post,00118BF5,1,5,01 00 00 F5 8B
2026-09-28T15:22:12.784+00:00,6669.297,RX,post,0001B72B,1,7,01 00 00 0F 03 2B B7
2026-09-28T15:22:12.784+00:00,6669.511,RX,post,0011B72B,1,5,01 00 00 2B B7
2026-09-28T15:22:12.789+00:00,6674.290,RX,post,0001D72C,1,7,01 00 00 0F 03 2C D7
2026-09-28T15:22:12.789+00:00,6674.517,RX,post,0011D72C,1,5,01 00 00 2C D7
2026-09-28T15:22:12.794+00:00,6679.298,RX,post,0001E6D8,1,7,01 00 00 0F 03 D8 E6
2026-09-28T15:22:12.794+00:00,6679.521,RX,post,0011E6D8,1,5,01 00 00 D8 E6
2026-09-28T15:22:12.799+00:00,6684.293,RX,post,00016429,1,7,01 00 00 0F 03 29 64
2026-09-28T15:22:12.800+00:00,6684.549,RX,post,00116429,1,5,01 00 00 29 64
2026-09-28T15:22:12.804+00:00,6689.409,RX,post,00014637,1,7,01 00 00 0F 03 37 46
2026-09-28T15:22:12.804+00:00,6689.515,RX,post,00114637,1,5,01 00 00 37 46
2026-09-28T15:22:12.809+00:00,6694.276,RX,post,00013D50,1,7,01 00 00 0F 03 50 3D
2026-09-28T15:22:12.810+00:00,6694.555,RX,post,00113D50,1,5,01 00 00 50 3D
2026-09-28T15:22:12.814+00:00,6699.403,RX,post,0001A54F,1,7,01 00 00 0F 03 4F A5
2026-09-28T15:22:12.814+00:00,6699.506,RX,post,0011A54F,1,5,01 00 00 4F A5
2026-09-28T15:22:12.819+00:00,6704.304,RX,post,0001B54E,1,7,01 00 00 0F 03 4E B5
2026-09-28T15:22:12.820+00:00,6704.555,RX,post,0011B54E,1,5,01 00 00 4E B5
2026-09-28T15:22:12.824+00:00,6709.405,RX,post,0001AB4A,1,7,01 00 00 0F 03 4A AB
2026-09-28T15:22:12.824+00:00,6709.509,RX,post,0011AB4A,1,5,01 00 00 4A AB
2026-09-28T15:22:12.829+00:00,6714.343,RX,post,00017576,1,7,01 00 00 0F 03 76 75
2026-09-28T15:22:12.830+00:00,6714.544,RX,post,00117576,1,5,01 00 00 76 75
2026-09-28T15:22:12.834+00:00,6719.332,RX,post,00015680,1,7,01 00 00 0F 03 80 56
2026-09-28T15:22:12.834+00:00,6719.531,RX,post,00115680,1,5,01 00 00 80 56
2026-09-28T15:22:12.839+00:00,6724.314,RX,post,0001382E,1,7,01 00 00 0F 03 2E 38
2026-09-28T15:22:12.840+00:00,6724.631,RX,post,0011382E,1,5,01 00 00 2E 38
2026-09-28T15:22:12.844+00:00,6729.325,RX,post,0001F320,1,7,01 00 00 0F 03 20 F3
2026-09-28T15:22:12.845+00:00,6729.606,RX,post,0011F320,1,5,01 00 00 20 F3
2026-09-28T15:22:12.849+00:00,6734.328,RX,post,0001D2F5,1,7,01 00 00 0F 03 F5 D2
2026-09-28T15:22:12.850+00:00,6734.637,RX,post,0011D2F5,1,5,01 00 00 F5 D2
2026-09-28T15:22:12.854+00:00,6739.319,RX,post,0001F79B,1,7,01 00 00 0F 03 9B F7
2026-09-28T15:22:12.855+00:00,6739.605,RX,post,0011F79B,1,5,01 00 00 9B F7
2026-09-28T15:22:12.859+00:00,6744.305,RX,post,00010B44,1,7,01 00 00 0F 03 44 0B
2026-09-28T15:22:12.860+00:00,6744.571,RX,post,00110B44,1,5,01 00 00 44 0B
2026-09-28T15:22:12.864+00:00,6749.310,RX,post,000184B9,1,7,01 00 00 0F 03 B9 84
2026-09-28T15:22:12.865+00:00,6749.577,RX,post,001184B9,1,5,01 00 00 B9 84
2026-09-28T15:22:12.869+00:00,6754.262,RX,post,00012B58,1,7,01 00 00 0F 03 58 2B
2026-09-28T15:22:12.869+00:00,6754.518,RX,post,00112B58,1,5,01 00 00 58 2B
2026-09-28T15:22:12.874+00:00,6759.333,RX,post,00012800,1,7,01 00 00 0F 03 00 28
2026-09-28T15:22:12.875+00:00,6759.564,RX,post,00112800,1,5,01 00 00 00 28
2026-09-28T15:22:12.879+00:00,6764.342,RX,post,0001A3AD,1,7,01 00 00 0F 03 AD A3
2026-09-28T15:22:12.879+00:00,6764.505,RX,post,0011A3AD,1,5,01 00 00 AD A3
2026-09-28T15:22:12.884+00:00,6769.307,RX,post,000175DC,1,7,01 00 00 0F 03 DC 75
2026-09-28T15:22:12.885+00:00,6769.574,RX,post,001175DC,1,5,01 00 00 DC 75
2026-09-28T15:22:12.889+00:00,6774.333,RX,post,000173AD,1,7,01 00 00 0F 03 AD 73
2026-09-28T15:22:12.889+00:00,6774.497,RX,post,001173AD,1,5,01 00 00 AD 73
2026-09-28T15:22:12.894+00:00,6779.276,RX,post,000105A0,1,7,01 00 00 0F 03 A0 05
2026-09-28T15:22:12.894+00:00,6779.454,RX,post,001105A0,1,5,01 00 00 A0 05
2026-09-28T15:22:12.899+00:00,6784.379,RX,post,00010BDF,1,7,01 00 00 0F 03 DF 0B
2026-09-28T15:22:12.899+00:00,6784.471,RX,post,00110BDF,1,5,01 00 00 DF 0B
2026-09-28T15:22:12.904+00:00,6789.301,RX,post,0001C45B,1,7,01 00 00 0F 03 5B C4
2026-09-28T15:22:12.905+00:00,6789.577,RX,post,0011C45B,1,5,01 00 00 5B C4
2026-09-28T15:22:12.909+00:00,6794.277,RX,post,0001359E,1,7,01 00 00 0F 03 9E 35
2026-09-28T15:22:12.909+00:00,6794.534,RX,post,0011359E,1,5,01 00 00 9E 35
2026-09-28T15:22:12.914+00:00,6799.286,RX,post,0001D01E,1,7,01 00 00 0F 03 1E D0
2026-09-28T15:22:12.915+00:00,6799.589,RX,post,0011D01E,1,5,01 00 00 1E D0
2026-09-28T15:22:12.919+00:00,6804.300,RX,post,0001C01C,1,7,01 00 00 0F 03 1C C0
2026-09-28T15:22:12.920+00:00,6804.560,RX,post,0011C01C,1,5,01 00 00 1C C0
2026-09-28T15:22:12.924+00:00,6809.270,RX,post,0001C817,1,7,01 00 00 0F 03 17 C8
2026-09-28T15:22:12.925+00:00,6809.572,RX,post,0011C817,1,5,01 00 00 17 C8
2026-09-28T15:22:12.929+00:00,6814.247,RX,post,00014041,1,7,01 00 00 0F 03 41 40
2026-09-28T15:22:12.930+00:00,6814.637,RX,post,00114041,1,5,01 00 00 41 40
2026-09-28T15:22:12.934+00:00,6819.390,RX,post,0001FAB8,1,7,01 00 00 0F 03 B8 FA
2026-09-28T15:22:12.934+00:00,6819.453,RX,post,0011FAB8,1,5,01 00 00 B8 FA
2026-09-28T15:22:12.939+00:00,6824.280,RX,post,0001F0A4,1,7,01 00 00 0F 03 A4 F0
2026-09-28T15:22:12.940+00:00,6824.545,RX,post,0011F0A4,1,5,01 00 00 A4 F0
2026-09-28T15:22:12.944+00:00,6829.371,RX,post,000161C2,1,7,01 00 00 0F 03 C2 61
2026-09-28T15:22:12.944+00:00,6829.494,RX,post,001161C2,1,5,01 00 00 C2 61
2026-09-28T15:22:12.949+00:00,6834.259,RX,post,000110AE,1,7,01 00 00 0F 03 AE 10
2026-09-28T15:22:12.949+00:00,6834.475,RX,post,001110AE,1,5,01 00 00 AE 10
2026-09-28T15:22:12.954+00:00,6839.259,RX,post,0001B0E8,1,7,01 00 00 0F 03 E8 B0
2026-09-28T15:22:12.954+00:00,6839.440,RX,post,0011B0E8,1,5,01 00 00 E8 B0
2026-09-28T15:22:12.959+00:00,6844.247,RX,post,000165AC,1,7,01 00 00 0F 03 AC 65
2026-09-28T15:22:12.959+00:00,6844.497,RX,post,001165AC,1,5,01 00 00 AC 65
2026-09-28T15:22:12.964+00:00,6849.235,RX,post,00015A67,1,7,01 00 00 0F 03 67 5A
2026-09-28T15:22:12.964+00:00,6849.492,RX,post,00115A67,1,5,01 00 00 67 5A
2026-09-28T15:22:12.969+00:00,6854.301,RX,post,00018654,1,7,01 00 00 0F 03 54 86
2026-09-28T15:22:12.970+00:00,6854.600,RX,post,00118654,1,5,01 00 00 54 86
2026-09-28T15:22:12.974+00:00,6859.240,RX,post,0001E9C8,1,7,01 00 00 0F 03 C8 E9
2026-09-28T15:22:12.974+00:00,6859.480,RX,post,0011E9C8,1,5,01 00 00 C8 E9
2026-09-28T15:22:12.979+00:00,6864.260,RX,post,0001A910,1,7,01 00 00 0F 03 10 A9
2026-09-28T15:22:12.980+00:00,6864.555,RX,post,0011A910,1,5,01 00 00 10 A9
2026-09-28T15:22:12.984+00:00,6869.270,RX,post,0001B7A9,1,7,01 00 00 0F 03 A9 B7
2026-09-28T15:22:12.984+00:00,6869.480,RX,post,0011B7A9,1,5,01 00 00 A9 B7
2026-09-28T15:22:12.989+00:00,6874.235,RX,post,00015F0B,1,7,01 00 00 0F 03 0B 5F
2026-09-28T15:22:12.989+00:00,6874.515,RX,post,00115F0B,1,5,01 00 00 0B 5F
2026-09-28T15:22:12.994+00:00,6879.365,RX,post,00010E38,1,7,01 00 00 0F 03 38 0E
2026-09-28T15:22:12.994+00:00,6879.471,RX,post,00110E38,1,5,01 00 00 38 0E
2026-09-28T15:22:12.999+00:00,6884.345,RX,post,00010DCA,1,7,01 00 00 0F 03 CA 0D
2026-09-28T15:22:12.999+00:00,6884.440,RX,post,00110DCA,1,5,01 00 00 CA 0D
2026-09-28T15:22:13.004+00:00,6889.440,RX,post,0001FCCD,1,7,01 00 00 0F 03 CD FC
2026-09-28T15:22:13.004+00:00,6889.535,RX,post,0011FCCD,1,5,01 00 00 CD FC
2026-09-28T15:22:13.009+00:00,6894.300,RX,post,0001C6E8,1,7,01 00 00 0F 03 E8 C6
2026-09-28T15:22:13.009+00:00,6894.462,RX,post,0011C6E8,1,5,01 00 00 E8 C6
2026-09-28T15:22:13.014+00:00,6899.310,RX,post,0001D9C1,1,7,01 00 00 0F 03 C1 D9
2026-09-28T15:22:13.014+00:00,6899.413,RX,post,0011D9C1,1,5,01 00 00 C1 D9
2026-09-28T15:22:13.019+00:00,6904.313,RX,post,0001C921,1,7,01 00 00 0F 03 21 C9
2026-09-28T15:22:13.019+00:00,6904.456,RX,post,0011C921,1,5,01 00 00 21 C9
2026-09-28T15:22:13.024+00:00,6909.258,RX,post,00019478,1,7,01 00 00 0F 03 78 94
2026-09-28T15:22:13.024+00:00,6909.451,RX,post,00119478,1,5,01 00 00 78 94
2026-09-28T15:22:13.029+00:00,6914.357,RX,post,0001EFD3,1,7,01 00 00 0F 03 D3 EF
2026-09-28T15:22:13.029+00:00,6914.471,RX,post,0011EFD3,1,5,01 00 00 D3 EF
2026-09-28T15:22:13.034+00:00,6919.259,RX,post,00012A37,1,7,01 00 00 0F 03 37 2A
2026-09-28T15:22:13.034+00:00,6919.498,RX,post,00112A37,1,5,01 00 00 37 2A
2026-09-28T15:22:13.039+00:00,6924.203,RX,post,0001F1A1,1,7,01 00 00 0F 03 A1 F1
2026-09-28T15:22:13.039+00:00,6924.474,RX,post,0011F1A1,1,5,01 00 00 A1 F1
2026-09-28T15:22:13.044+00:00,6929.187,RX,post,00010738,1,7,01 00 00 0F 03 38 07
2026-09-28T15:22:13.044+00:00,6929.418,RX,post,00110738,1,5,01 00 00 38 07
2026-09-28T15:22:13.049+00:00,6934.193,RX,post,0001A0D9,1,7,01 00 00 0F 03 D9 A0
2026-09-28T15:22:13.050+00:00,6934.557,RX,post,0011A0D9,1,5,01 00 00 D9 A0
2026-09-28T15:22:13.054+00:00,6939.308,RX,post,0001C620,1,7,01 00 00 0F 03 20 C6
2026-09-28T15:22:13.054+00:00,6939.490,RX,post,0011C620,1,5,01 00 00 20 C6
2026-09-28T15:22:13.059+00:00,6944.230,RX,post,00019BCE,1,7,01 00 00 0F 03 CE 9B
2026-09-28T15:22:13.059+00:00,6944.431,RX,post,00119BCE,1,5,01 00 00 CE 9B
2026-09-28T15:22:13.064+00:00,6949.252,RX,post,00014AC4,1,7,01 00 00 0F 03 C4 4A
2026-09-28T15:22:13.064+00:00,6949.496,RX,post,00114AC4,1,5,01 00 00 C4 4A
2026-09-28T15:22:13.069+00:00,6954.229,RX,post,0001C941,1,7,01 00 00 0F 03 41 C9
2026-09-28T15:22:13.069+00:00,6954.471,RX,post,0011C941,1,5,01 00 00 41 C9
2026-09-28T15:22:13.074+00:00,6959.183,RX,post,000135D7,1,7,01 00 00 0F 03 D7 35
2026-09-28T15:22:13.074+00:00,6959.449,RX,post,001135D7,1,5,01 00 00 D7 35
2026-09-28T15:22:13.079+00:00,6964.275,RX,post,0001E496,1,7,01 00 00 0F 03 96 E4
2026-09-28T15:22:13.079+00:00,6964.519,RX,post,0011E496,1,5,01 00 00 96 E4
2026-09-28T15:22:13.084+00:00,6969.174,RX,post,00012A02,1,7,01 00 00 0F 03 02 2A
2026-09-28T15:22:13.084+00:00,6969.418,RX,post,00112A02,1,5,01 00 00 02 2A
2026-09-28T15:22:13.089+00:00,6974.374,RX,post,00010360,1,7,01 00 00 0F 03 60 03
2026-09-28T15:22:13.089+00:00,6974.525,RX,post,00110360,1,5,01 00 00 60 03
2026-09-28T15:22:13.094+00:00,6979.435,RX,post,0001936F,1,7,01 00 00 0F 03 6F 93
2026-09-28T15:22:13.095+00:00,6979.546,RX,post,0011936F,1,5,01 00 00 6F 93
2026-09-28T15:22:13.099+00:00,6984.272,RX,post,0001158A,1,7,01 00 00 0F 03 8A 15
2026-09-28T15:22:13.099+00:00,6984.496,RX,post,0011158A,1,5,01 00 00 8A 15
2026-09-28T15:22:13.104+00:00,6989.243,RX,post,000181CC,1,7,01 00 00 0F 03 CC 81
2026-09-28T15:22:13.104+00:00,6989.485,RX,post,001181CC,1,5,01 00 00 CC 81
2026-09-28T15:22:13.109+00:00,6994.217,RX,post,0001272C,1,7,01 00 00 0F 03 2C 27
2026-09-28T15:22:13.109+00:00,6994.458,RX,post,0011272C,1,5,01 00 00 2C 27
2026-09-28T15:22:13.114+00:00,6999.263,RX,post,00015158,1,7,01 00 00 0F 03 58 51
2026-09-28T15:22:13.114+00:00,6999.489,RX,post,00115158,1,5,01 00 00 58 51
