utc,relative_ms,direction,phase,can_id_hex,extended,dlc,data_hex
2026-09-28T15:20:54.056+00:00,1.113,RX,baseline,0001B536,1,7,01 00 00 0F 03 36 B5
2026-09-28T15:20:54.056+00:00,1.190,RX,baseline,0011B536,1,5,01 00 00 36 B5
2026-09-28T15:20:54.057+00:00,2.568,RX,baseline,00012D51,1,7,01 00 00 0F 03 51 2D
2026-09-28T15:20:54.057+00:00,2.825,RX,baseline,00112D51,1,5,01 00 00 51 2D
2026-09-28T15:20:54.062+00:00,7.556,RX,baseline,0001FEF9,1,7,01 00 00 0F 03 F9 FE
2026-09-28T15:20:54.062+00:00,7.821,RX,baseline,0011FEF9,1,5,01 00 00 F9 FE
2026-09-28T15:20:54.067+00:00,12.640,RX,baseline,00017EDE,1,7,01 00 00 0F 03 DE 7E
2026-09-28T15:20:54.067+00:00,12.735,RX,baseline,00117EDE,1,5,01 00 00 DE 7E
2026-09-28T15:20:54.072+00:00,17.621,RX,baseline,00010B50,1,7,01 00 00 0F 03 50 0B
2026-09-28T15:20:54.072+00:00,17.747,RX,baseline,00110B50,1,5,01 00 00 50 0B
2026-09-28T15:20:54.077+00:00,22.617,RX,baseline,00011958,1,7,01 00 00 0F 03 58 19
2026-09-28T15:20:54.077+00:00,22.675,RX,baseline,00111958,1,5,01 00 00 58 19
2026-09-28T15:20:54.082+00:00,27.638,RX,baseline,00014AD3,1,7,01 00 00 0F 03 D3 4A
2026-09-28T15:20:54.082+00:00,27.737,RX,baseline,00114AD3,1,5,01 00 00 D3 4A
2026-09-28T15:20:54.087+00:00,32.556,RX,baseline,0001E721,1,7,01 00 00 0F 03 21 E7
2026-09-28T15:20:54.087+00:00,32.657,RX,baseline,0011E721,1,5,01 00 00 21 E7
2026-09-28T15:20:54.092+00:00,37.450,RX,baseline,0001B77B,1,7,01 00 00 0F 03 7B B7
2026-09-28T15:20:54.092+00:00,37.718,RX,baseline,0011B77B,1,5,01 00 00 7B B7
2026-09-28T15:20:54.097+00:00,42.641,RX,baseline,0001A954,1,7,01 00 00 0F 03 54 A9
2026-09-28T15:20:54.097+00:00,42.698,RX,baseline,0011A954,1,5,01 00 00 54 A9
2026-09-28T15:20:54.102+00:00,47.582,RX,baseline,000150B3,1,7,01 00 00 0F 03 B3 50
2026-09-28T15:20:54.102+00:00,47.658,RX,baseline,001150B3,1,5,01 00 00 B3 50
2026-09-28T15:20:54.107+00:00,52.449,RX,baseline,00012F9D,1,7,01 00 00 0F 03 9D 2F
2026-09-28T15:20:54.107+00:00,52.715,RX,baseline,00112F9D,1,5,01 00 00 9D 2F
2026-09-28T15:20:54.112+00:00,57.449,RX,baseline,000125EF,1,7,01 00 00 0F 03 EF 25
2026-09-28T15:20:54.112+00:00,57.717,RX,baseline,001125EF,1,5,01 00 00 EF 25
2026-09-28T15:20:54.117+00:00,62.452,RX,baseline,00012056,1,7,01 00 00 0F 03 56 20
2026-09-28T15:20:54.117+00:00,62.721,RX,baseline,00112056,1,5,01 00 00 56 20
2026-09-28T15:20:54.122+00:00,67.552,RX,baseline,0001AB7A,1,7,01 00 00 0F 03 7A AB
2026-09-28T15:20:54.122+00:00,67.649,RX,baseline,0011AB7A,1,5,01 00 00 7A AB
2026-09-28T15:20:54.127+00:00,72.469,RX,baseline,0001F2B5,1,7,01 00 00 0F 03 B5 F2
2026-09-28T15:20:54.127+00:00,72.597,RX,baseline,0011F2B5,1,5,01 00 00 B5 F2
2026-09-28T15:20:54.132+00:00,77.465,RX,baseline,0001CFE0,1,7,01 00 00 0F 03 E0 CF
2026-09-28T15:20:54.132+00:00,77.722,RX,baseline,0011CFE0,1,5,01 00 00 E0 CF
2026-09-28T15:20:54.137+00:00,82.672,RX,baseline,0001B68F,1,7,01 00 00 0F 03 8F B6
2026-09-28T15:20:54.137+00:00,82.729,RX,baseline,0011B68F,1,5,01 00 00 8F B6
2026-09-28T15:20:54.142+00:00,87.771,RX,baseline,0001B514,1,7,01 00 00 0F 03 14 B5
2026-09-28T15:20:54.142+00:00,87.898,RX,baseline,0011B514,1,5,01 00 00 14 B5
2026-09-28T15:20:54.147+00:00,92.455,RX,baseline,000128FB,1,7,01 00 00 0F 03 FB 28
2026-09-28T15:20:54.147+00:00,92.736,RX,baseline,001128FB,1,5,01 00 00 FB 28
2026-09-28T15:20:54.152+00:00,97.520,RX,baseline,00016F47,1,7,01 00 00 0F 03 47 6F
2026-09-28T15:20:54.152+00:00,97.758,RX,baseline,00116F47,1,5,01 00 00 47 6F
2026-09-28T15:20:54.157+00:00,102.545,RX,baseline,000126DF,1,7,01 00 00 0F 03 DF 26
2026-09-28T15:20:54.157+00:00,102.659,RX,baseline,001126DF,1,5,01 00 00 DF 26
2026-09-28T15:20:54.162+00:00,107.683,RX,baseline,00017816,1,7,01 00 00 0F 03 16 78
2026-09-28T15:20:54.162+00:00,107.776,RX,baseline,00117816,1,5,01 00 00 16 78
2026-09-28T15:20:54.167+00:00,112.481,RX,baseline,00013A26,1,7,01 00 00 0F 03 26 3A
2026-09-28T15:20:54.167+00:00,112.879,RX,baseline,00113A26,1,5,01 00 00 26 3A
2026-09-28T15:20:54.172+00:00,117.497,RX,baseline,00018364,1,7,01 00 00 0F 03 64 83
2026-09-28T15:20:54.172+00:00,117.837,RX,baseline,00118364,1,5,01 00 00 64 83
2026-09-28T15:20:54.177+00:00,122.470,RX,baseline,0001382F,1,7,01 00 00 0F 03 2F 38
2026-09-28T15:20:54.177+00:00,122.866,RX,baseline,0011382F,1,5,01 00 00 2F 38
2026-09-28T15:20:54.182+00:00,127.471,RX,baseline,00016028,1,7,01 00 00 0F 03 28 60
2026-09-28T15:20:54.182+00:00,127.851,RX,baseline,00116028,1,5,01 00 00 28 60
2026-09-28T15:20:54.187+00:00,132.518,RX,baseline,0001FFC1,1,7,01 00 00 0F 03 C1 FF
2026-09-28T15:20:54.187+00:00,132.792,RX,baseline,0011FFC1,1,5,01 00 00 C1 FF
2026-09-28T15:20:54.192+00:00,137.564,RX,baseline,000165FE,1,7,01 00 00 0F 03 FE 65
2026-09-28T15:20:54.192+00:00,137.646,RX,baseline,001165FE,1,5,01 00 00 FE 65
2026-09-28T15:20:54.197+00:00,142.506,RX,baseline,0001667E,1,7,01 00 00 0F 03 7E 66
2026-09-28T15:20:54.197+00:00,142.781,RX,baseline,0011667E,1,5,01 00 00 7E 66
2026-09-28T15:20:54.202+00:00,147.489,RX,baseline,00012128,1,7,01 00 00 0F 03 28 21
2026-09-28T15:20:54.202+00:00,147.773,RX,baseline,00112128,1,5,01 00 00 28 21
2026-09-28T15:20:54.207+00:00,152.525,RX,baseline,0001E1A7,1,7,01 00 00 0F 03 A7 E1
2026-09-28T15:20:54.207+00:00,152.647,RX,baseline,0011E1A7,1,5,01 00 00 A7 E1
2026-09-28T15:20:54.212+00:00,157.662,RX,baseline,0001CD6F,1,7,01 00 00 0F 03 6F CD
2026-09-28T15:20:54.212+00:00,157.771,RX,baseline,0011CD6F,1,5,01 00 00 6F CD
2026-09-28T15:20:54.217+00:00,162.739,RX,baseline,000153BC,1,7,01 00 00 0F 03 BC 53
2026-09-28T15:20:54.217+00:00,162.813,RX,baseline,001153BC,1,5,01 00 00 BC 53
2026-09-28T15:20:54.222+00:00,167.683,RX,baseline,0001790A,1,7,01 00 00 0F 03 0A 79
2026-09-28T15:20:54.222+00:00,167.731,RX,baseline,0011790A,1,5,01 00 00 0A 79
2026-09-28T15:20:54.227+00:00,172.661,RX,baseline,0001E032,1,7,01 00 00 0F 03 32 E0
2026-09-28T15:20:54.227+00:00,172.739,RX,baseline,0011E032,1,5,01 00 00 32 E0
2026-09-28T15:20:54.232+00:00,177.717,RX,baseline,0001FF63,1,7,01 00 00 0F 03 63 FF
2026-09-28T15:20:54.232+00:00,177.818,RX,baseline,0011FF63,1,5,01 00 00 63 FF
2026-09-28T15:20:54.237+00:00,182.583,RX,baseline,00015C59,1,7,01 00 00 0F 03 59 5C
2026-09-28T15:20:54.237+00:00,182.671,RX,baseline,00115C59,1,5,01 00 00 59 5C
2026-09-28T15:20:54.242+00:00,187.469,RX,baseline,00010480,1,7,01 00 00 0F 03 80 04
2026-09-28T15:20:54.242+00:00,187.763,RX,baseline,00110480,1,5,01 00 00 80 04
2026-09-28T15:20:54.247+00:00,192.505,RX,baseline,0001B42C,1,7,01 00 00 0F 03 2C B4
2026-09-28T15:20:54.247+00:00,192.740,RX,baseline,0011B42C,1,5,01 00 00 2C B4
2026-09-28T15:20:54.252+00:00,197.641,RX,baseline,0001205A,1,7,01 00 00 0F 03 5A 20
2026-09-28T15:20:54.252+00:00,197.756,RX,baseline,0011205A,1,5,01 00 00 5A 20
2026-09-28T15:20:54.257+00:00,202.482,RX,baseline,00014B9B,1,7,01 00 00 0F 03 9B 4B
2026-09-28T15:20:54.257+00:00,202.658,RX,baseline,00114B9B,1,5,01 00 00 9B 4B
2026-09-28T15:20:54.262+00:00,207.466,RX,baseline,0001165D,1,7,01 00 00 0F 03 5D 16
2026-09-28T15:20:54.262+00:00,207.732,RX,baseline,0011165D,1,5,01 00 00 5D 16
2026-09-28T15:20:54.267+00:00,212.689,RX,baseline,0001BC8C,1,7,01 00 00 0F 03 8C BC
2026-09-28T15:20:54.267+00:00,212.745,RX,baseline,0011BC8C,1,5,01 00 00 8C BC
2026-09-28T15:20:54.272+00:00,217.512,RX,baseline,00019BF2,1,7,01 00 00 0F 03 F2 9B
2026-09-28T15:20:54.272+00:00,217.733,RX,baseline,00119BF2,1,5,01 00 00 F2 9B
2026-09-28T15:20:54.277+00:00,222.570,RX,baseline,0001B3B2,1,7,01 00 00 0F 03 B2 B3
2026-09-28T15:20:54.277+00:00,222.652,RX,baseline,0011B3B2,1,5,01 00 00 B2 B3
2026-09-28T15:20:54.282+00:00,227.406,RX,baseline,000175B9,1,7,01 00 00 0F 03 B9 75
2026-09-28T15:20:54.282+00:00,227.722,RX,baseline,001175B9,1,5,01 00 00 B9 75
2026-09-28T15:20:54.287+00:00,232.514,RX,baseline,000135E2,1,7,01 00 00 0F 03 E2 35
2026-09-28T15:20:54.287+00:00,232.623,RX,baseline,001135E2,1,5,01 00 00 E2 35
2026-09-28T15:20:54.292+00:00,237.564,RX,baseline,000151E5,1,7,01 00 00 0F 03 E5 51
2026-09-28T15:20:54.292+00:00,237.623,RX,baseline,001151E5,1,5,01 00 00 E5 51
2026-09-28T15:20:54.297+00:00,242.476,RX,baseline,0001A18C,1,7,01 00 00 0F 03 8C A1
2026-09-28T15:20:54.297+00:00,242.767,RX,baseline,0011A18C,1,5,01 00 00 8C A1
2026-09-28T15:20:54.302+00:00,247.454,RX,baseline,00013ED4,1,7,01 00 00 0F 03 D4 3E
2026-09-28T15:20:54.302+00:00,247.759,RX,baseline,00113ED4,1,5,01 00 00 D4 3E
2026-09-28T15:20:54.307+00:00,252.404,RX,baseline,00012B8D,1,7,01 00 00 0F 03 8D 2B
2026-09-28T15:20:54.307+00:00,252.708,RX,baseline,00112B8D,1,5,01 00 00 8D 2B
2026-09-28T15:20:54.312+00:00,257.404,RX,baseline,00010FD3,1,7,01 00 00 0F 03 D3 0F
2026-09-28T15:20:54.312+00:00,257.691,RX,baseline,00110FD3,1,5,01 00 00 D3 0F
2026-09-28T15:20:54.317+00:00,262.455,RX,baseline,00013069,1,7,01 00 00 0F 03 69 30
2026-09-28T15:20:54.317+00:00,262.745,RX,baseline,00113069,1,5,01 00 00 69 30
2026-09-28T15:20:54.322+00:00,267.478,RX,baseline,0001AEBA,1,7,01 00 00 0F 03 BA AE
2026-09-28T15:20:54.322+00:00,267.725,RX,baseline,0011AEBA,1,5,01 00 00 BA AE
2026-09-28T15:20:54.327+00:00,272.512,RX,baseline,000196B2,1,7,01 00 00 0F 03 B2 96
2026-09-28T15:20:54.327+00:00,272.628,RX,baseline,001196B2,1,5,01 00 00 B2 96
2026-09-28T15:20:54.332+00:00,277.519,RX,baseline,0001AFBF,1,7,01 00 00 0F 03 BF AF
2026-09-28T15:20:54.332+00:00,277.701,RX,baseline,0011AFBF,1,5,01 00 00 BF AF
2026-09-28T15:20:54.337+00:00,282.535,RX,baseline,0001012D,1,7,01 00 00 0F 03 2D 01
2026-09-28T15:20:54.337+00:00,282.674,RX,baseline,0011012D,1,5,01 00 00 2D 01
2026-09-28T15:20:54.342+00:00,287.460,RX,baseline,0001E9AA,1,7,01 00 00 0F 03 AA E9
2026-09-28T15:20:54.342+00:00,287.745,RX,baseline,0011E9AA,1,5,01 00 00 AA E9
2026-09-28T15:20:54.347+00:00,292.495,RX,baseline,000172EC,1,7,01 00 00 0F 03 EC 72
2026-09-28T15:20:54.347+00:00,292.749,RX,baseline,001172EC,1,5,01 00 00 EC 72
2026-09-28T15:20:54.352+00:00,297.481,RX,baseline,0001975A,1,7,01 00 00 0F 03 5A 97
2026-09-28T15:20:54.352+00:00,297.624,RX,baseline,0011975A,1,5,01 00 00 5A 97
2026-09-28T15:20:54.357+00:00,302.404,RX,baseline,0001E178,1,7,01 00 00 0F 03 78 E1
2026-09-28T15:20:54.357+00:00,302.691,RX,baseline,0011E178,1,5,01 00 00 78 E1
2026-09-28T15:20:54.362+00:00,307.405,RX,baseline,0001D837,1,7,01 00 00 0F 03 37 D8
2026-09-28T15:20:54.362+00:00,307.712,RX,baseline,0011D837,1,5,01 00 00 37 D8
2026-09-28T15:20:54.367+00:00,312.434,RX,baseline,0001B4C2,1,7,01 00 00 0F 03 C2 B4
2026-09-28T15:20:54.367+00:00,312.726,RX,baseline,0011B4C2,1,5,01 00 00 C2 B4
2026-09-28T15:20:54.372+00:00,317.471,RX,baseline,0001E802,1,7,01 00 00 0F 03 02 E8
2026-09-28T15:20:54.372+00:00,317.746,RX,baseline,0011E802,1,5,01 00 00 02 E8
2026-09-28T15:20:54.377+00:00,322.421,RX,baseline,00014A76,1,7,01 00 00 0F 03 76 4A
2026-09-28T15:20:54.377+00:00,322.699,RX,baseline,00114A76,1,5,01 00 00 76 4A
2026-09-28T15:20:54.382+00:00,327.406,RX,baseline,0001FB2A,1,7,01 00 00 0F 03 2A FB
2026-09-28T15:20:54.382+00:00,327.773,RX,baseline,0011FB2A,1,5,01 00 00 2A FB
2026-09-28T15:20:54.387+00:00,332.423,RX,baseline,000185DC,1,7,01 00 00 0F 03 DC 85
2026-09-28T15:20:54.387+00:00,332.702,RX,baseline,001185DC,1,5,01 00 00 DC 85
2026-09-28T15:20:54.392+00:00,337.421,RX,baseline,0001EB88,1,7,01 00 00 0F 03 88 EB
2026-09-28T15:20:54.392+00:00,337.699,RX,baseline,0011EB88,1,5,01 00 00 88 EB
2026-09-28T15:20:54.397+00:00,342.405,RX,baseline,0001FB75,1,7,01 00 00 0F 03 75 FB
2026-09-28T15:20:54.397+00:00,342.763,RX,baseline,0011FB75,1,5,01 00 00 75 FB
2026-09-28T15:20:54.402+00:00,347.405,RX,baseline,00011A2E,1,7,01 00 00 0F 03 2E 1A
2026-09-28T15:20:54.402+00:00,347.835,RX,baseline,00111A2E,1,5,01 00 00 2E 1A
2026-09-28T15:20:54.407+00:00,352.404,RX,baseline,000126F4,1,7,01 00 00 0F 03 F4 26
2026-09-28T15:20:54.407+00:00,352.815,RX,baseline,001126F4,1,5,01 00 00 F4 26
2026-09-28T15:20:54.412+00:00,357.479,RX,baseline,000135B4,1,7,01 00 00 0F 03 B4 35
2026-09-28T15:20:54.412+00:00,357.756,RX,baseline,001135B4,1,5,01 00 00 B4 35
2026-09-28T15:20:54.417+00:00,362.411,RX,baseline,0001843B,1,7,01 00 00 0F 03 3B 84
2026-09-28T15:20:54.417+00:00,362.776,RX,baseline,0011843B,1,5,01 00 00 3B 84
2026-09-28T15:20:54.422+00:00,367.425,RX,baseline,00014529,1,7,01 00 00 0F 03 29 45
2026-09-28T15:20:54.422+00:00,367.803,RX,baseline,00114529,1,5,01 00 00 29 45
2026-09-28T15:20:54.427+00:00,372.442,RX,baseline,0001178D,1,7,01 00 00 0F 03 8D 17
2026-09-28T15:20:54.427+00:00,372.685,RX,baseline,0011178D,1,5,01 00 00 8D 17
2026-09-28T15:20:54.432+00:00,377.507,RX,baseline,00012A89,1,7,01 00 00 0F 03 89 2A
2026-09-28T15:20:54.432+00:00,377.628,RX,baseline,00112A89,1,5,01 00 00 89 2A
2026-09-28T15:20:54.437+00:00,382.519,RX,baseline,0001DF14,1,7,01 00 00 0F 03 14 DF
2026-09-28T15:20:54.437+00:00,382.593,RX,baseline,0011DF14,1,5,01 00 00 14 DF
2026-09-28T15:20:54.442+00:00,387.419,RX,baseline,0001806A,1,7,01 00 00 0F 03 6A 80
2026-09-28T15:20:54.442+00:00,387.696,RX,baseline,0011806A,1,5,01 00 00 6A 80
2026-09-28T15:20:54.447+00:00,392.534,RX,baseline,00012765,1,7,01 00 00 0F 03 65 27
2026-09-28T15:20:54.447+00:00,392.716,RX,baseline,00112765,1,5,01 00 00 65 27
2026-09-28T15:20:54.452+00:00,397.421,RX,baseline,00012947,1,7,01 00 00 0F 03 47 29
2026-09-28T15:20:54.452+00:00,397.688,RX,baseline,00112947,1,5,01 00 00 47 29
2026-09-28T15:20:54.457+00:00,402.420,RX,baseline,0001EEAD,1,7,01 00 00 0F 03 AD EE
2026-09-28T15:20:54.457+00:00,402.687,RX,baseline,0011EEAD,1,5,01 00 00 AD EE
2026-09-28T15:20:54.462+00:00,407.404,RX,baseline,00019B87,1,7,01 00 00 0F 03 87 9B
2026-09-28T15:20:54.462+00:00,407.708,RX,baseline,00119B87,1,5,01 00 00 87 9B
2026-09-28T15:20:54.467+00:00,412.419,RX,baseline,000179AB,1,7,01 00 00 0F 03 AB 79
2026-09-28T15:20:54.467+00:00,412.689,RX,baseline,001179AB,1,5,01 00 00 AB 79
2026-09-28T15:20:54.472+00:00,417.434,RX,baseline,0001EC34,1,7,01 00 00 0F 03 34 EC
2026-09-28T15:20:54.472+00:00,417.753,RX,baseline,0011EC34,1,5,01 00 00 34 EC
2026-09-28T15:20:54.477+00:00,422.429,RX,baseline,000123A2,1,7,01 00 00 0F 03 A2 23
2026-09-28T15:20:54.477+00:00,422.717,RX,baseline,001123A2,1,5,01 00 00 A2 23
2026-09-28T15:20:54.482+00:00,427.420,RX,baseline,00010703,1,7,01 00 00 0F 03 03 07
2026-09-28T15:20:54.482+00:00,427.678,RX,baseline,00110703,1,5,01 00 00 03 07
2026-09-28T15:20:54.487+00:00,432.405,RX,baseline,0001A1EF,1,7,01 00 00 0F 03 EF A1
2026-09-28T15:20:54.487+00:00,432.699,RX,baseline,0011A1EF,1,5,01 00 00 EF A1
2026-09-28T15:20:54.492+00:00,437.476,RX,baseline,0001D11A,1,7,01 00 00 0F 03 1A D1
2026-09-28T15:20:54.492+00:00,437.673,RX,baseline,0011D11A,1,5,01 00 00 1A D1
2026-09-28T15:20:54.497+00:00,442.519,RX,baseline,0001F5D8,1,7,01 00 00 0F 03 D8 F5
2026-09-28T15:20:54.497+00:00,442.633,RX,baseline,0011F5D8,1,5,01 00 00 D8 F5
2026-09-28T15:20:54.502+00:00,447.512,RX,baseline,0001A8B2,1,7,01 00 00 0F 03 B2 A8
2026-09-28T15:20:54.502+00:00,447.693,RX,baseline,0011A8B2,1,5,01 00 00 B2 A8
2026-09-28T15:20:54.507+00:00,452.503,RX,baseline,0001B6DD,1,7,01 00 00 0F 03 DD B6
2026-09-28T15:20:54.507+00:00,452.661,RX,baseline,0011B6DD,1,5,01 00 00 DD B6
2026-09-28T15:20:54.512+00:00,457.404,RX,baseline,0001328E,1,7,01 00 00 0F 03 8E 32
2026-09-28T15:20:54.512+00:00,457.693,RX,baseline,0011328E,1,5,01 00 00 8E 32
2026-09-28T15:20:54.517+00:00,462.404,RX,baseline,0001898B,1,7,01 00 00 0F 03 8B 89
2026-09-28T15:20:54.517+00:00,462.677,RX,baseline,0011898B,1,5,01 00 00 8B 89
2026-09-28T15:20:54.522+00:00,467.423,RX,baseline,00019EDC,1,7,01 00 00 0F 03 DC 9E
2026-09-28T15:20:54.522+00:00,467.688,RX,baseline,00119EDC,1,5,01 00 00 DC 9E
2026-09-28T15:20:54.527+00:00,472.404,RX,baseline,000146A8,1,7,01 00 00 0F 03 A8 46
2026-09-28T15:20:54.527+00:00,472.707,RX,baseline,001146A8,1,5,01 00 00 A8 46
2026-09-28T15:20:54.532+00:00,477.427,RX,baseline,0001A5F6,1,7,01 00 00 0F 03 F6 A5
2026-09-28T15:20:54.532+00:00,477.642,RX,baseline,0011A5F6,1,5,01 00 00 F6 A5
2026-09-28T15:20:54.537+00:00,482.551,RX,baseline,00013426,1,7,01 00 00 0F 03 26 34
2026-09-28T15:20:54.537+00:00,482.741,RX,baseline,00113426,1,5,01 00 00 26 34
2026-09-28T15:20:54.542+00:00,487.438,RX,baseline,00011A23,1,7,01 00 00 0F 03 23 1A
2026-09-28T15:20:54.542+00:00,487.707,RX,baseline,00111A23,1,5,01 00 00 23 1A
2026-09-28T15:20:54.547+00:00,492.404,RX,baseline,00018546,1,7,01 00 00 0F 03 46 85
2026-09-28T15:20:54.547+00:00,492.797,RX,baseline,00118546,1,5,01 00 00 46 85
2026-09-28T15:20:54.552+00:00,497.610,RX,baseline,00016A48,1,7,01 00 00 0F 03 48 6A
2026-09-28T15:20:54.552+00:00,497.691,RX,baseline,00116A48,1,5,01 00 00 48 6A
2026-09-28T15:20:54.557+00:00,502.735,RX,baseline,00010CD5,1,7,01 00 00 0F 03 D5 0C
2026-09-28T15:20:54.557+00:00,502.828,RX,baseline,00110CD5,1,5,01 00 00 D5 0C
2026-09-28T15:20:54.562+00:00,507.375,RX,baseline,00012624,1,7,01 00 00 0F 03 24 26
2026-09-28T15:20:54.562+00:00,507.704,RX,baseline,00112624,1,5,01 00 00 24 26
2026-09-28T15:20:54.567+00:00,512.370,RX,baseline,00015461,1,7,01 00 00 0F 03 61 54
2026-09-28T15:20:54.567+00:00,512.754,RX,baseline,00115461,1,5,01 00 00 61 54
2026-09-28T15:20:54.572+00:00,517.363,RX,baseline,00019391,1,7,01 00 00 0F 03 91 93
2026-09-28T15:20:54.572+00:00,517.682,RX,baseline,00119391,1,5,01 00 00 91 93
2026-09-28T15:20:54.577+00:00,522.383,RX,baseline,000178DB,1,7,01 00 00 0F 03 DB 78
2026-09-28T15:20:54.577+00:00,522.729,RX,baseline,001178DB,1,5,01 00 00 DB 78
2026-09-28T15:20:54.582+00:00,527.404,RX,baseline,000180DF,1,7,01 00 00 0F 03 DF 80
2026-09-28T15:20:54.582+00:00,527.679,RX,baseline,001180DF,1,5,01 00 00 DF 80
2026-09-28T15:20:54.587+00:00,532.716,RX,baseline,00015107,1,7,01 00 00 0F 03 07 51
2026-09-28T15:20:54.587+00:00,532.879,RX,baseline,00115107,1,5,01 00 00 07 51
2026-09-28T15:20:54.592+00:00,537.629,RX,baseline,0001773C,1,7,01 00 00 0F 03 3C 77
2026-09-28T15:20:54.592+00:00,537.677,RX,baseline,0011773C,1,5,01 00 00 3C 77
2026-09-28T15:20:54.597+00:00,542.488,RX,baseline,0001CBA3,1,7,01 00 00 0F 03 A3 CB
2026-09-28T15:20:54.597+00:00,542.609,RX,baseline,0011CBA3,1,5,01 00 00 A3 CB
2026-09-28T15:20:54.602+00:00,547.418,RX,baseline,000168D6,1,7,01 00 00 0F 03 D6 68
2026-09-28T15:20:54.602+00:00,547.696,RX,baseline,001168D6,1,5,01 00 00 D6 68
2026-09-28T15:20:54.607+00:00,552.403,RX,baseline,0001DB27,1,7,01 00 00 0F 03 27 DB
2026-09-28T15:20:54.607+00:00,552.696,RX,baseline,0011DB27,1,5,01 00 00 27 DB
2026-09-28T15:20:54.612+00:00,557.403,RX,baseline,0001F10F,1,7,01 00 00 0F 03 0F F1
2026-09-28T15:20:54.612+00:00,557.710,RX,baseline,0011F10F,1,5,01 00 00 0F F1
2026-09-28T15:20:54.617+00:00,562.423,RX,baseline,0001BE98,1,7,01 00 00 0F 03 98 BE
2026-09-28T15:20:54.617+00:00,562.692,RX,baseline,0011BE98,1,5,01 00 00 98 BE
2026-09-28T15:20:54.622+00:00,567.406,RX,baseline,000165F7,1,7,01 00 00 0F 03 F7 65
2026-09-28T15:20:54.622+00:00,567.714,RX,baseline,001165F7,1,5,01 00 00 F7 65
2026-09-28T15:20:54.627+00:00,572.424,RX,baseline,000132BC,1,7,01 00 00 0F 03 BC 32
2026-09-28T15:20:54.627+00:00,572.727,RX,baseline,001132BC,1,5,01 00 00 BC 32
2026-09-28T15:20:54.632+00:00,577.360,RX,baseline,0001B0F4,1,7,01 00 00 0F 03 F4 B0
2026-09-28T15:20:54.632+00:00,577.684,RX,baseline,0011B0F4,1,5,01 00 00 F4 B0
2026-09-28T15:20:54.637+00:00,582.403,RX,baseline,000118B4,1,7,01 00 00 0F 03 B4 18
2026-09-28T15:20:54.637+00:00,582.719,RX,baseline,001118B4,1,5,01 00 00 B4 18
2026-09-28T15:20:54.642+00:00,587.420,RX,baseline,00012539,1,7,01 00 00 0F 03 39 25
2026-09-28T15:20:54.642+00:00,587.709,RX,baseline,00112539,1,5,01 00 00 39 25
2026-09-28T15:20:54.647+00:00,592.404,RX,baseline,000182C5,1,7,01 00 00 0F 03 C5 82
2026-09-28T15:20:54.647+00:00,592.689,RX,baseline,001182C5,1,5,01 00 00 C5 82
2026-09-28T15:20:54.652+00:00,597.485,RX,baseline,00018D7C,1,7,01 00 00 0F 03 7C 8D
2026-09-28T15:20:54.652+00:00,597.626,RX,baseline,00118D7C,1,5,01 00 00 7C 8D
2026-09-28T15:20:54.657+00:00,602.471,RX,baseline,000131D8,1,7,01 00 00 0F 03 D8 31
2026-09-28T15:20:54.657+00:00,602.618,RX,baseline,001131D8,1,5,01 00 00 D8 31
2026-09-28T15:20:54.662+00:00,607.437,RX,baseline,00014308,1,7,01 00 00 0F 03 08 43
2026-09-28T15:20:54.662+00:00,607.650,RX,baseline,00114308,1,5,01 00 00 08 43
2026-09-28T15:20:54.667+00:00,612.349,RX,baseline,0001EDFB,1,7,01 00 00 0F 03 FB ED
2026-09-28T15:20:54.667+00:00,612.598,RX,baseline,0011EDFB,1,5,01 00 00 FB ED
2026-09-28T15:20:54.672+00:00,617.427,RX,baseline,0001D723,1,7,01 00 00 0F 03 23 D7
2026-09-28T15:20:54.672+00:00,617.641,RX,baseline,0011D723,1,5,01 00 00 23 D7
2026-09-28T15:20:54.677+00:00,622.349,RX,baseline,000181E1,1,7,01 00 00 0F 03 E1 81
2026-09-28T15:20:54.677+00:00,622.596,RX,baseline,001181E1,1,5,01 00 00 E1 81
2026-09-28T15:20:54.682+00:00,627.453,RX,baseline,00011061,1,7,01 00 00 0F 03 61 10
2026-09-28T15:20:54.682+00:00,627.542,RX,baseline,00111061,1,5,01 00 00 61 10
2026-09-28T15:20:54.687+00:00,632.349,RX,baseline,0001A940,1,7,01 00 00 0F 03 40 A9
2026-09-28T15:20:54.687+00:00,632.595,RX,baseline,0011A940,1,5,01 00 00 40 A9
2026-09-28T15:20:54.692+00:00,637.411,RX,baseline,0001A053,1,7,01 00 00 0F 03 53 A0
2026-09-28T15:20:54.692+00:00,637.624,RX,baseline,0011A053,1,5,01 00 00 53 A0
2026-09-28T15:20:54.697+00:00,642.261,RX,baseline,00013376,1,7,01 00 00 0F 03 76 33
2026-09-28T15:20:54.697+00:00,642.500,RX,baseline,00113376,1,5,01 00 00 76 33
2026-09-28T15:20:54.702+00:00,647.350,RX,baseline,00017ABB,1,7,01 00 00 0F 03 BB 7A
2026-09-28T15:20:54.702+00:00,647.587,RX,baseline,00117ABB,1,5,01 00 00 BB 7A
2026-09-28T15:20:54.707+00:00,652.348,RX,baseline,000103D8,1,7,01 00 00 0F 03 D8 03
2026-09-28T15:20:54.707+00:00,652.596,RX,baseline,001103D8,1,5,01 00 00 D8 03
2026-09-28T15:20:54.712+00:00,657.349,RX,baseline,00011A29,1,7,01 00 00 0F 03 29 1A
2026-09-28T15:20:54.712+00:00,657.595,RX,baseline,00111A29,1,5,01 00 00 29 1A
2026-09-28T15:20:54.717+00:00,662.347,RX,baseline,0001B6A2,1,7,01 00 00 0F 03 A2 B6
2026-09-28T15:20:54.717+00:00,662.595,RX,baseline,0011B6A2,1,5,01 00 00 A2 B6
2026-09-28T15:20:54.722+00:00,667.254,RX,baseline,0001C2AB,1,7,01 00 00 0F 03 AB C2
2026-09-28T15:20:54.722+00:00,667.504,RX,baseline,0011C2AB,1,5,01 00 00 AB C2
2026-09-28T15:20:54.727+00:00,672.445,RX,baseline,00016959,1,7,01 00 00 0F 03 59 69
2026-09-28T15:20:54.727+00:00,672.567,RX,baseline,00116959,1,5,01 00 00 59 69
2026-09-28T15:20:54.732+00:00,677.460,RX,baseline,0001D5FA,1,7,01 00 00 0F 03 FA D5
2026-09-28T15:20:54.732+00:00,677.544,RX,baseline,0011D5FA,1,5,01 00 00 FA D5
2026-09-28T15:20:54.737+00:00,682.462,RX,baseline,00014B25,1,7,01 00 00 0F 03 25 4B
2026-09-28T15:20:54.737+00:00,682.579,RX,baseline,00114B25,1,5,01 00 00 25 4B
2026-09-28T15:20:54.742+00:00,687.254,RX,baseline,00016146,1,7,01 00 00 0F 03 46 61
2026-09-28T15:20:54.742+00:00,687.502,RX,baseline,00116146,1,5,01 00 00 46 61
2026-09-28T15:20:54.747+00:00,692.348,RX,baseline,00019163,1,7,01 00 00 0F 03 63 91
2026-09-28T15:20:54.747+00:00,692.592,RX,baseline,00119163,1,5,01 00 00 63 91
2026-09-28T15:20:54.752+00:00,697.252,RX,baseline,00011F93,1,7,01 00 00 0F 03 93 1F
2026-09-28T15:20:54.752+00:00,697.495,RX,baseline,00111F93,1,5,01 00 00 93 1F
2026-09-28T15:20:54.757+00:00,702.254,RX,baseline,00019689,1,7,01 00 00 0F 03 89 96
2026-09-28T15:20:54.757+00:00,702.507,RX,baseline,00119689,1,5,01 00 00 89 96
2026-09-28T15:20:54.762+00:00,707.348,RX,baseline,0001CC45,1,7,01 00 00 0F 03 45 CC
2026-09-28T15:20:54.762+00:00,707.608,RX,baseline,0011CC45,1,5,01 00 00 45 CC
2026-09-28T15:20:54.767+00:00,712.350,RX,baseline,0001790F,1,7,01 00 00 0F 03 0F 79
2026-09-28T15:20:54.767+00:00,712.595,RX,baseline,0011790F,1,5,01 00 00 0F 79
2026-09-28T15:20:54.772+00:00,717.294,RX,baseline,00014443,1,7,01 00 00 0F 03 43 44
2026-09-28T15:20:54.772+00:00,717.524,RX,baseline,00114443,1,5,01 00 00 43 44
2026-09-28T15:20:54.777+00:00,722.347,RX,baseline,000131F6,1,7,01 00 00 0F 03 F6 31
2026-09-28T15:20:54.777+00:00,722.596,RX,baseline,001131F6,1,5,01 00 00 F6 31
2026-09-28T15:20:54.782+00:00,727.255,RX,baseline,000144EA,1,7,01 00 00 0F 03 EA 44
2026-09-28T15:20:54.782+00:00,727.548,RX,baseline,001144EA,1,5,01 00 00 EA 44
2026-09-28T15:20:54.787+00:00,732.254,RX,baseline,00017628,1,7,01 00 00 0F 03 28 76
2026-09-28T15:20:54.787+00:00,732.503,RX,baseline,00117628,1,5,01 00 00 28 76
2026-09-28T15:20:54.792+00:00,737.255,RX,baseline,0001FA99,1,7,01 00 00 0F 03 99 FA
2026-09-28T15:20:54.792+00:00,737.605,RX,baseline,0011FA99,1,5,01 00 00 99 FA
2026-09-28T15:20:54.797+00:00,742.437,RX,baseline,00013BC5,1,7,01 00 00 0F 03 C5 3B
2026-09-28T15:20:54.797+00:00,742.599,RX,baseline,00113BC5,1,5,01 00 00 C5 3B
2026-09-28T15:20:54.802+00:00,747.413,RX,baseline,0001ADA4,1,7,01 00 00 0F 03 A4 AD
2026-09-28T15:20:54.802+00:00,747.567,RX,baseline,0011ADA4,1,5,01 00 00 A4 AD
2026-09-28T15:20:54.807+00:00,752.412,RX,baseline,00014C1B,1,7,01 00 00 0F 03 1B 4C
2026-09-28T15:20:54.807+00:00,752.576,RX,baseline,00114C1B,1,5,01 00 00 1B 4C
2026-09-28T15:20:54.812+00:00,757.335,RX,baseline,000182ED,1,7,01 00 00 0F 03 ED 82
2026-09-28T15:20:54.812+00:00,757.547,RX,baseline,001182ED,1,5,01 00 00 ED 82
2026-09-28T15:20:54.817+00:00,762.273,RX,baseline,0001DCD6,1,7,01 00 00 0F 03 D6 DC
2026-09-28T15:20:54.817+00:00,762.534,RX,baseline,0011DCD6,1,5,01 00 00 D6 DC
2026-09-28T15:20:54.822+00:00,767.406,RX,baseline,00015673,1,7,01 00 00 0F 03 73 56
2026-09-28T15:20:54.822+00:00,767.468,RX,baseline,00115673,1,5,01 00 00 73 56
2026-09-28T15:20:54.827+00:00,772.635,RX,baseline,00013EAE,1,7,01 00 00 0F 03 AE 3E
2026-09-28T15:20:54.827+00:00,772.708,RX,baseline,00113EAE,1,5,01 00 00 AE 3E
2026-09-28T15:20:54.832+00:00,777.675,RX,baseline,0001249F,1,7,01 00 00 0F 03 9F 24
2026-09-28T15:20:54.832+00:00,777.764,RX,baseline,0011249F,1,5,01 00 00 9F 24
2026-09-28T15:20:54.837+00:00,782.522,RX,baseline,0001E9A0,1,7,01 00 00 0F 03 A0 E9
2026-09-28T15:20:54.837+00:00,782.613,RX,baseline,0011E9A0,1,5,01 00 00 A0 E9
2026-09-28T15:20:54.842+00:00,787.459,RX,baseline,0001D00C,1,7,01 00 00 0F 03 0C D0
2026-09-28T15:20:54.842+00:00,787.535,RX,baseline,0011D00C,1,5,01 00 00 0C D0
2026-09-28T15:20:54.847+00:00,792.325,RX,baseline,00010A72,1,7,01 00 00 0F 03 72 0A
2026-09-28T15:20:54.847+00:00,792.599,RX,baseline,00110A72,1,5,01 00 00 72 0A
2026-09-28T15:20:54.852+00:00,797.323,RX,baseline,00017821,1,7,01 00 00 0F 03 21 78
2026-09-28T15:20:54.852+00:00,797.582,RX,baseline,00117821,1,5,01 00 00 21 78
2026-09-28T15:20:54.857+00:00,802.322,RX,baseline,0001630C,1,7,01 00 00 0F 03 0C 63
2026-09-28T15:20:54.857+00:00,802.590,RX,baseline,0011630C,1,5,01 00 00 0C 63
2026-09-28T15:20:54.862+00:00,807.336,RX,baseline,0001BDBB,1,7,01 00 00 0F 03 BB BD
2026-09-28T15:20:54.862+00:00,807.622,RX,baseline,0011BDBB,1,5,01 00 00 BB BD
2026-09-28T15:20:54.867+00:00,812.486,RX,baseline,00011AF9,1,7,01 00 00 0F 03 F9 1A
2026-09-28T15:20:54.867+00:00,812.565,RX,baseline,00111AF9,1,5,01 00 00 F9 1A
2026-09-28T15:20:54.872+00:00,817.404,RX,baseline,00019DB5,1,7,01 00 00 0F 03 B5 9D
2026-09-28T15:20:54.872+00:00,817.500,RX,baseline,00119DB5,1,5,01 00 00 B5 9D
2026-09-28T15:20:54.877+00:00,822.304,RX,baseline,00011302,1,7,01 00 00 0F 03 02 13
2026-09-28T15:20:54.877+00:00,822.552,RX,baseline,00111302,1,5,01 00 00 02 13
2026-09-28T15:20:54.882+00:00,827.363,RX,baseline,00019A0B,1,7,01 00 00 0F 03 0B 9A
2026-09-28T15:20:54.882+00:00,827.597,RX,baseline,00119A0B,1,5,01 00 00 0B 9A
2026-09-28T15:20:54.887+00:00,832.361,RX,baseline,00017AC7,1,7,01 00 00 0F 03 C7 7A
2026-09-28T15:20:54.887+00:00,832.585,RX,baseline,00117AC7,1,5,01 00 00 C7 7A
2026-09-28T15:20:54.892+00:00,837.549,RX,baseline,0001A0F6,1,7,01 00 00 0F 03 F6 A0
2026-09-28T15:20:54.892+00:00,837.632,RX,baseline,0011A0F6,1,5,01 00 00 F6 A0
2026-09-28T15:20:54.897+00:00,842.288,RX,baseline,000110BF,1,7,01 00 00 0F 03 BF 10
2026-09-28T15:20:54.897+00:00,842.634,RX,baseline,001110BF,1,5,01 00 00 BF 10
2026-09-28T15:20:54.902+00:00,847.340,RX,baseline,00018E27,1,7,01 00 00 0F 03 27 8E
2026-09-28T15:20:54.902+00:00,847.664,RX,baseline,00118E27,1,5,01 00 00 27 8E
2026-09-28T15:20:54.907+00:00,852.322,RX,baseline,0001F508,1,7,01 00 00 0F 03 08 F5
2026-09-28T15:20:54.907+00:00,852.521,RX,baseline,0011F508,1,5,01 00 00 08 F5
2026-09-28T15:20:54.912+00:00,857.385,RX,baseline,0001C117,1,7,01 00 00 0F 03 17 C1
2026-09-28T15:20:54.912+00:00,857.579,RX,baseline,0011C117,1,5,01 00 00 17 C1
2026-09-28T15:20:54.917+00:00,862.440,RX,baseline,00015CEC,1,7,01 00 00 0F 03 EC 5C
2026-09-28T15:20:54.917+00:00,862.511,RX,baseline,00115CEC,1,5,01 00 00 EC 5C
2026-09-28T15:20:54.922+00:00,867.451,RX,baseline,000153FE,1,7,01 00 00 0F 03 FE 53
2026-09-28T15:20:54.922+00:00,867.580,RX,baseline,001153FE,1,5,01 00 00 FE 53
2026-09-28T15:20:54.927+00:00,872.329,RX,baseline,00012106,1,7,01 00 00 0F 03 06 21
2026-09-28T15:20:54.927+00:00,872.568,RX,baseline,00112106,1,5,01 00 00 06 21
2026-09-28T15:20:54.932+00:00,877.495,RX,baseline,0001CDED,1,7,01 00 00 0F 03 ED CD
2026-09-28T15:20:54.932+00:00,877.573,RX,baseline,0011CDED,1,5,01 00 00 ED CD
2026-09-28T15:20:54.937+00:00,882.308,RX,baseline,0001696F,1,7,01 00 00 0F 03 6F 69
2026-09-28T15:20:54.937+00:00,882.552,RX,baseline,0011696F,1,5,01 00 00 6F 69
2026-09-28T15:20:54.942+00:00,887.567,RX,baseline,0001D728,1,7,01 00 00 0F 03 28 D7
2026-09-28T15:20:54.942+00:00,887.709,RX,baseline,0011D728,1,5,01 00 00 28 D7
2026-09-28T15:20:54.947+00:00,892.418,RX,baseline,00016B58,1,7,01 00 00 0F 03 58 6B
2026-09-28T15:20:54.947+00:00,892.577,RX,baseline,00116B58,1,5,01 00 00 58 6B
2026-09-28T15:20:54.952+00:00,897.333,RX,baseline,000161AD,1,7,01 00 00 0F 03 AD 61
2026-09-28T15:20:54.952+00:00,897.631,RX,baseline,001161AD,1,5,01 00 00 AD 61
2026-09-28T15:20:54.957+00:00,902.330,RX,baseline,0001A0FE,1,7,01 00 00 0F 03 FE A0
2026-09-28T15:20:54.957+00:00,902.754,RX,baseline,0011A0FE,1,5,01 00 00 FE A0
2026-09-28T15:20:54.962+00:00,907.318,RX,baseline,0001388B,1,7,01 00 00 0F 03 8B 38
2026-09-28T15:20:54.962+00:00,907.740,RX,baseline,0011388B,1,5,01 00 00 8B 38
2026-09-28T15:20:54.967+00:00,912.301,RX,baseline,00012CD9,1,7,01 00 00 0F 03 D9 2C
2026-09-28T15:20:54.967+00:00,912.652,RX,baseline,00112CD9,1,5,01 00 00 D9 2C
2026-09-28T15:20:54.972+00:00,917.325,RX,baseline,00014B75,1,7,01 00 00 0F 03 75 4B
2026-09-28T15:20:54.972+00:00,917.685,RX,baseline,00114B75,1,5,01 00 00 75 4B
2026-09-28T15:20:54.977+00:00,922.580,RX,baseline,00011278,1,7,01 00 00 0F 03 78 12
2026-09-28T15:20:54.977+00:00,922.677,RX,baseline,00111278,1,5,01 00 00 78 12
2026-09-28T15:20:54.982+00:00,927.556,RX,baseline,000180BC,1,7,01 00 00 0F 03 BC 80
2026-09-28T15:20:54.982+00:00,927.649,RX,baseline,001180BC,1,5,01 00 00 BC 80
2026-09-28T15:20:54.987+00:00,932.495,RX,baseline,0001C35F,1,7,01 00 00 0F 03 5F C3
2026-09-28T15:20:54.987+00:00,932.565,RX,baseline,0011C35F,1,5,01 00 00 5F C3
2026-09-28T15:20:54.992+00:00,937.516,RX,baseline,0001C68C,1,7,01 00 00 0F 03 8C C6
2026-09-28T15:20:54.992+00:00,937.610,RX,baseline,0011C68C,1,5,01 00 00 8C C6
2026-09-28T15:20:54.997+00:00,942.587,RX,baseline,0001DFF2,1,7,01 00 00 0F 03 F2 DF
2026-09-28T15:20:54.997+00:00,942.676,RX,baseline,0011DFF2,1,5,01 00 00 F2 DF
2026-09-28T15:20:55.002+00:00,947.582,RX,baseline,00017D25,1,7,01 00 00 0F 03 25 7D
2026-09-28T15:20:55.002+00:00,947.667,RX,baseline,00117D25,1,5,01 00 00 25 7D
2026-09-28T15:20:55.007+00:00,952.587,RX,baseline,00018027,1,7,01 00 00 0F 03 27 80
2026-09-28T15:20:55.007+00:00,952.661,RX,baseline,00118027,1,5,01 00 00 27 80
2026-09-28T15:20:55.012+00:00,957.378,RX,baseline,0001D668,1,7,01 00 00 0F 03 68 D6
2026-09-28T15:20:55.012+00:00,957.468,RX,baseline,0011D668,1,5,01 00 00 68 D6
2026-09-28T15:20:55.017+00:00,962.476,RX,baseline,0001E592,1,7,01 00 00 0F 03 92 E5
2026-09-28T15:20:55.017+00:00,962.535,RX,baseline,0011E592,1,5,01 00 00 92 E5
2026-09-28T15:20:55.022+00:00,967.406,RX,baseline,000183EB,1,7,01 00 00 0F 03 EB 83
2026-09-28T15:20:55.022+00:00,967.494,RX,baseline,001183EB,1,5,01 00 00 EB 83
2026-09-28T15:20:55.027+00:00,972.316,RX,baseline,0001EC11,1,7,01 00 00 0F 03 11 EC
2026-09-28T15:20:55.027+00:00,972.560,RX,baseline,0011EC11,1,5,01 00 00 11 EC
2026-09-28T15:20:55.032+00:00,977.293,RX,baseline,00019B73,1,7,01 00 00 0F 03 73 9B
2026-09-28T15:20:55.032+00:00,977.557,RX,baseline,00119B73,1,5,01 00 00 73 9B
2026-09-28T15:20:55.037+00:00,982.471,RX,baseline,0001481E,1,7,01 00 00 0F 03 1E 48
2026-09-28T15:20:55.037+00:00,982.535,RX,baseline,0011481E,1,5,01 00 00 1E 48
2026-09-28T15:20:55.042+00:00,987.321,RX,baseline,0001428C,1,7,01 00 00 0F 03 8C 42
2026-09-28T15:20:55.042+00:00,987.549,RX,baseline,0011428C,1,5,01 00 00 8C 42
2026-09-28T15:20:55.047+00:00,992.482,RX,baseline,0001AD90,1,7,01 00 00 0F 03 90 AD
2026-09-28T15:20:55.047+00:00,992.570,RX,baseline,0011AD90,1,5,01 00 00 90 AD
2026-09-28T15:20:55.052+00:00,997.547,RX,baseline,0001948D,1,7,01 00 00 0F 03 8D 94
2026-09-28T15:20:55.052+00:00,997.629,RX,baseline,0011948D,1,5,01 00 00 8D 94
2026-09-28T15:20:55.057+00:00,1002.451,RX,baseline,0001FB53,1,7,01 00 00 0F 03 53 FB
2026-09-28T15:20:55.057+00:00,1002.544,RX,baseline,0011FB53,1,5,01 00 00 53 FB
2026-09-28T15:20:55.062+00:00,1007.289,RX,baseline,0001A74A,1,7,01 00 00 0F 03 4A A7
2026-09-28T15:20:55.062+00:00,1007.599,RX,baseline,0011A74A,1,5,01 00 00 4A A7
2026-09-28T15:20:55.067+00:00,1012.482,RX,baseline,00019C5F,1,7,01 00 00 0F 03 5F 9C
2026-09-28T15:20:55.067+00:00,1012.575,RX,baseline,00119C5F,1,5,01 00 00 5F 9C
2026-09-28T15:20:55.072+00:00,1017.482,RX,baseline,0001014F,1,7,01 00 00 0F 03 4F 01
2026-09-28T15:20:55.072+00:00,1017.575,RX,baseline,0011014F,1,5,01 00 00 4F 01
2026-09-28T15:20:55.077+00:00,1022.536,RX,baseline,000147F6,1,7,01 00 00 0F 03 F6 47
2026-09-28T15:20:55.077+00:00,1022.629,RX,baseline,001147F6,1,5,01 00 00 F6 47
2026-09-28T15:20:55.082+00:00,1027.438,RX,baseline,0001914A,1,7,01 00 00 0F 03 4A 91
2026-09-28T15:20:55.082+00:00,1027.502,RX,baseline,0011914A,1,5,01 00 00 4A 91
2026-09-28T15:20:55.087+00:00,1032.554,RX,baseline,0001F2F3,1,7,01 00 00 0F 03 F3 F2
2026-09-28T15:20:55.087+00:00,1032.624,RX,baseline,0011F2F3,1,5,01 00 00 F3 F2
2026-09-28T15:20:55.092+00:00,1037.336,RX,baseline,00012514,1,7,01 00 00 0F 03 14 25
2026-09-28T15:20:55.092+00:00,1037.565,RX,baseline,00112514,1,5,01 00 00 14 25
2026-09-28T15:20:55.097+00:00,1042.288,RX,baseline,000181AB,1,7,01 00 00 0F 03 AB 81
2026-09-28T15:20:55.097+00:00,1042.540,RX,baseline,001181AB,1,5,01 00 00 AB 81
2026-09-28T15:20:55.102+00:00,1047.359,RX,baseline,0001B77B,1,7,01 00 00 0F 03 7B B7
2026-09-28T15:20:55.102+00:00,1047.445,RX,baseline,0011B77B,1,5,01 00 00 7B B7
2026-09-28T15:20:55.107+00:00,1052.555,RX,baseline,000129B3,1,7,01 00 00 0F 03 B3 29
2026-09-28T15:20:55.107+00:00,1052.600,RX,baseline,001129B3,1,5,01 00 00 B3 29
2026-09-28T15:20:55.112+00:00,1057.429,RX,baseline,000192B8,1,7,01 00 00 0F 03 B8 92
2026-09-28T15:20:55.112+00:00,1057.508,RX,baseline,001192B8,1,5,01 00 00 B8 92
2026-09-28T15:20:55.117+00:00,1062.289,RX,baseline,00016C87,1,7,01 00 00 0F 03 87 6C
2026-09-28T15:20:55.117+00:00,1062.537,RX,baseline,00116C87,1,5,01 00 00 87 6C
2026-09-28T15:20:55.122+00:00,1067.370,RX,baseline,00016A37,1,7,01 00 00 0F 03 37 6A
2026-09-28T15:20:55.122+00:00,1067.446,RX,baseline,00116A37,1,5,01 00 00 37 6A
2026-09-28T15:20:55.127+00:00,1072.473,RX,baseline,00013FE8,1,7,01 00 00 0F 03 E8 3F
2026-09-28T15:20:55.127+00:00,1072.552,RX,baseline,00113FE8,1,5,01 00 00 E8 3F
2026-09-28T15:20:55.132+00:00,1077.519,RX,baseline,00018D1D,1,7,01 00 00 0F 03 1D 8D
2026-09-28T15:20:55.132+00:00,1077.577,RX,baseline,00118D1D,1,5,01 00 00 1D 8D
2026-09-28T15:20:55.137+00:00,1082.475,RX,baseline,0001EE66,1,7,01 00 00 0F 03 66 EE
2026-09-28T15:20:55.137+00:00,1082.532,RX,baseline,0011EE66,1,5,01 00 00 66 EE
2026-09-28T15:20:55.142+00:00,1087.485,RX,baseline,00016BAA,1,7,01 00 00 0F 03 AA 6B
2026-09-28T15:20:55.142+00:00,1087.541,RX,baseline,00116BAA,1,5,01 00 00 AA 6B
2026-09-28T15:20:55.147+00:00,1092.291,RX,baseline,00019A75,1,7,01 00 00 0F 03 75 9A
2026-09-28T15:20:55.147+00:00,1092.522,RX,baseline,00119A75,1,5,01 00 00 75 9A
2026-09-28T15:20:55.152+00:00,1097.303,RX,baseline,00014C71,1,7,01 00 00 0F 03 71 4C
2026-09-28T15:20:55.152+00:00,1097.543,RX,baseline,00114C71,1,5,01 00 00 71 4C
2026-09-28T15:20:55.157+00:00,1102.306,RX,baseline,000183FD,1,7,01 00 00 0F 03 FD 83
2026-09-28T15:20:55.157+00:00,1102.545,RX,baseline,001183FD,1,5,01 00 00 FD 83
2026-09-28T15:20:55.162+00:00,1107.304,RX,baseline,0001BAF6,1,7,01 00 00 0F 03 F6 BA
2026-09-28T15:20:55.162+00:00,1107.554,RX,baseline,0011BAF6,1,5,01 00 00 F6 BA
2026-09-28T15:20:55.167+00:00,1112.303,RX,baseline,00013046,1,7,01 00 00 0F 03 46 30
2026-09-28T15:20:55.167+00:00,1112.548,RX,baseline,00113046,1,5,01 00 00 46 30
2026-09-28T15:20:55.172+00:00,1117.288,RX,baseline,00014C31,1,7,01 00 00 0F 03 31 4C
2026-09-28T15:20:55.172+00:00,1117.555,RX,baseline,00114C31,1,5,01 00 00 31 4C
2026-09-28T15:20:55.177+00:00,1122.303,RX,baseline,0001DDAE,1,7,01 00 00 0F 03 AE DD
2026-09-28T15:20:55.177+00:00,1122.540,RX,baseline,0011DDAE,1,5,01 00 00 AE DD
2026-09-28T15:20:55.182+00:00,1127.255,RX,baseline,00016A12,1,7,01 00 00 0F 03 12 6A
2026-09-28T15:20:55.182+00:00,1127.524,RX,baseline,00116A12,1,5,01 00 00 12 6A
2026-09-28T15:20:55.187+00:00,1132.269,RX,baseline,0001A089,1,7,01 00 00 0F 03 89 A0
2026-09-28T15:20:55.187+00:00,1132.533,RX,baseline,0011A089,1,5,01 00 00 89 A0
2026-09-28T15:20:55.192+00:00,1137.398,RX,baseline,0001A5EB,1,7,01 00 00 0F 03 EB A5
2026-09-28T15:20:55.192+00:00,1137.659,RX,baseline,0011A5EB,1,5,01 00 00 EB A5
2026-09-28T15:20:55.197+00:00,1142.492,RX,baseline,0001741E,1,7,01 00 00 0F 03 1E 74
2026-09-28T15:20:55.197+00:00,1142.599,RX,baseline,0011741E,1,5,01 00 00 1E 74
2026-09-28T15:20:55.202+00:00,1147.474,RX,baseline,00016275,1,7,01 00 00 0F 03 75 62
2026-09-28T15:20:55.202+00:00,1147.585,RX,baseline,00116275,1,5,01 00 00 75 62
2026-09-28T15:20:55.207+00:00,1152.485,RX,baseline,0001229E,1,7,01 00 00 0F 03 9E 22
2026-09-28T15:20:55.207+00:00,1152.568,RX,baseline,0011229E,1,5,01 00 00 9E 22
2026-09-28T15:20:55.212+00:00,1157.489,RX,baseline,00014CC7,1,7,01 00 00 0F 03 C7 4C
2026-09-28T15:20:55.212+00:00,1157.573,RX,baseline,00114CC7,1,5,01 00 00 C7 4C
2026-09-28T15:20:55.217+00:00,1162.428,RX,baseline,00011487,1,7,01 00 00 0F 03 87 14
2026-09-28T15:20:55.217+00:00,1162.495,RX,baseline,00111487,1,5,01 00 00 87 14
2026-09-28T15:20:55.222+00:00,1167.286,RX,baseline,00014476,1,7,01 00 00 0F 03 76 44
2026-09-28T15:20:55.222+00:00,1167.476,RX,baseline,00114476,1,5,01 00 00 76 44
2026-09-28T15:20:55.227+00:00,1172.459,RX,baseline,0001AFCF,1,7,01 00 00 0F 03 CF AF
2026-09-28T15:20:55.227+00:00,1172.574,RX,baseline,0011AFCF,1,5,01 00 00 CF AF
2026-09-28T15:20:55.232+00:00,1177.251,RX,baseline,00017DC3,1,7,01 00 00 0F 03 C3 7D
2026-09-28T15:20:55.232+00:00,1177.613,RX,baseline,00117DC3,1,5,01 00 00 C3 7D
2026-09-28T15:20:55.237+00:00,1182.485,RX,baseline,00016CCD,1,7,01 00 00 0F 03 CD 6C
2026-09-28T15:20:55.237+00:00,1182.566,RX,baseline,00116CCD,1,5,01 00 00 CD 6C
2026-09-28T15:20:55.242+00:00,1187.335,RX,baseline,00012D71,1,7,01 00 00 0F 03 71 2D
2026-09-28T15:20:55.242+00:00,1187.431,RX,baseline,00112D71,1,5,01 00 00 71 2D
2026-09-28T15:20:55.247+00:00,1192.378,RX,baseline,00010ABE,1,7,01 00 00 0F 03 BE 0A
2026-09-28T15:20:55.247+00:00,1192.487,RX,baseline,00110ABE,1,5,01 00 00 BE 0A
2026-09-28T15:20:55.252+00:00,1197.377,RX,baseline,0001E8C0,1,7,01 00 00 0F 03 C0 E8
2026-09-28T15:20:55.252+00:00,1197.466,RX,baseline,0011E8C0,1,5,01 00 00 C0 E8
2026-09-28T15:20:55.257+00:00,1202.328,RX,baseline,00019F52,1,7,01 00 00 0F 03 52 9F
2026-09-28T15:20:55.257+00:00,1202.582,RX,baseline,00119F52,1,5,01 00 00 52 9F
2026-09-28T15:20:55.262+00:00,1207.341,RX,baseline,000188A9,1,7,01 00 00 0F 03 A9 88
2026-09-28T15:20:55.262+00:00,1207.602,RX,baseline,001188A9,1,5,01 00 00 A9 88
2026-09-28T15:20:55.267+00:00,1212.301,RX,baseline,0001D4A1,1,7,01 00 00 0F 03 A1 D4
2026-09-28T15:20:55.267+00:00,1212.540,RX,baseline,0011D4A1,1,5,01 00 00 A1 D4
2026-09-28T15:20:55.272+00:00,1217.367,RX,baseline,00012640,1,7,01 00 00 0F 03 40 26
2026-09-28T15:20:55.272+00:00,1217.569,RX,baseline,00112640,1,5,01 00 00 40 26
2026-09-28T15:20:55.277+00:00,1222.285,RX,baseline,0001C288,1,7,01 00 00 0F 03 88 C2
2026-09-28T15:20:55.277+00:00,1222.524,RX,baseline,0011C288,1,5,01 00 00 88 C2
2026-09-28T15:20:55.282+00:00,1227.500,RX,baseline,0001E2F0,1,7,01 00 00 0F 03 F0 E2
2026-09-28T15:20:55.282+00:00,1227.579,RX,baseline,0011E2F0,1,5,01 00 00 F0 E2
2026-09-28T15:20:55.287+00:00,1232.274,RX,baseline,00019C2F,1,7,01 00 00 0F 03 2F 9C
2026-09-28T15:20:55.287+00:00,1232.574,RX,baseline,00119C2F,1,5,01 00 00 2F 9C
2026-09-28T15:20:55.292+00:00,1237.321,RX,baseline,0001E9EB,1,7,01 00 00 0F 03 EB E9
2026-09-28T15:20:55.292+00:00,1237.527,RX,baseline,0011E9EB,1,5,01 00 00 EB E9
2026-09-28T15:20:55.297+00:00,1242.336,RX,baseline,0001944A,1,7,01 00 00 0F 03 4A 94
2026-09-28T15:20:55.297+00:00,1242.464,RX,baseline,0011944A,1,5,01 00 00 4A 94
2026-09-28T15:20:55.302+00:00,1247.279,RX,baseline,0001AD07,1,7,01 00 00 0F 03 07 AD
2026-09-28T15:20:55.302+00:00,1247.510,RX,baseline,0011AD07,1,5,01 00 00 07 AD
2026-09-28T15:20:55.307+00:00,1252.395,RX,baseline,0001E659,1,7,01 00 00 0F 03 59 E6
2026-09-28T15:20:55.307+00:00,1252.459,RX,baseline,0011E659,1,5,01 00 00 59 E6
2026-09-28T15:20:55.312+00:00,1257.282,RX,baseline,000161D6,1,7,01 00 00 0F 03 D6 61
2026-09-28T15:20:55.312+00:00,1257.528,RX,baseline,001161D6,1,5,01 00 00 D6 61
2026-09-28T15:20:55.317+00:00,1262.275,RX,baseline,0001F4EB,1,7,01 00 00 0F 03 EB F4
2026-09-28T15:20:55.317+00:00,1262.550,RX,baseline,0011F4EB,1,5,01 00 00 EB F4
2026-09-28T15:20:55.322+00:00,1267.262,RX,baseline,000124C5,1,7,01 00 00 0F 03 C5 24
2026-09-28T15:20:55.322+00:00,1267.619,RX,baseline,001124C5,1,5,01 00 00 C5 24
2026-09-28T15:20:55.327+00:00,1272.213,RX,baseline,00013CB8,1,7,01 00 00 0F 03 B8 3C
2026-09-28T15:20:55.327+00:00,1272.550,RX,baseline,00113CB8,1,5,01 00 00 B8 3C
2026-09-28T15:20:55.332+00:00,1277.262,RX,baseline,00018A83,1,7,01 00 00 0F 03 83 8A
2026-09-28T15:20:55.332+00:00,1277.457,RX,baseline,00118A83,1,5,01 00 00 83 8A
2026-09-28T15:20:55.337+00:00,1282.525,RX,baseline,0001660A,1,7,01 00 00 0F 03 0A 66
2026-09-28T15:20:55.337+00:00,1282.613,RX,baseline,0011660A,1,5,01 00 00 0A 66
2026-09-28T15:20:55.342+00:00,1287.411,RX,baseline,000110F9,1,7,01 00 00 0F 03 F9 10
2026-09-28T15:20:55.342+00:00,1287.479,RX,baseline,001110F9,1,5,01 00 00 F9 10
2026-09-28T15:20:55.347+00:00,1292.263,RX,baseline,000151C8,1,7,01 00 00 0F 03 C8 51
2026-09-28T15:20:55.347+00:00,1292.507,RX,baseline,001151C8,1,5,01 00 00 C8 51
2026-09-28T15:20:55.352+00:00,1297.358,RX,baseline,000167A6,1,7,01 00 00 0F 03 A6 67
2026-09-28T15:20:55.352+00:00,1297.443,RX,baseline,001167A6,1,5,01 00 00 A6 67
2026-09-28T15:20:55.357+00:00,1302.241,RX,baseline,0001B92A,1,7,01 00 00 0F 03 2A B9
2026-09-28T15:20:55.357+00:00,1302.441,RX,baseline,0011B92A,1,5,01 00 00 2A B9
2026-09-28T15:20:55.362+00:00,1307.253,RX,baseline,0001980F,1,7,01 00 00 0F 03 0F 98
2026-09-28T15:20:55.362+00:00,1307.440,RX,baseline,0011980F,1,5,01 00 00 0F 98
2026-09-28T15:20:55.367+00:00,1312.246,RX,baseline,0001F6D9,1,7,01 00 00 0F 03 D9 F6
2026-09-28T15:20:55.367+00:00,1312.446,RX,baseline,0011F6D9,1,5,01 00 00 D9 F6
2026-09-28T15:20:55.372+00:00,1317.239,RX,baseline,000171AC,1,7,01 00 00 0F 03 AC 71
2026-09-28T15:20:55.372+00:00,1317.439,RX,baseline,001171AC,1,5,01 00 00 AC 71
2026-09-28T15:20:55.377+00:00,1322.312,RX,baseline,00019205,1,7,01 00 00 0F 03 05 92
2026-09-28T15:20:55.377+00:00,1322.357,RX,baseline,00119205,1,5,01 00 00 05 92
2026-09-28T15:20:55.382+00:00,1327.279,RX,baseline,00011174,1,7,01 00 00 0F 03 74 11
2026-09-28T15:20:55.382+00:00,1327.413,RX,baseline,00111174,1,5,01 00 00 74 11
2026-09-28T15:20:55.387+00:00,1332.265,RX,baseline,000143C0,1,7,01 00 00 0F 03 C0 43
2026-09-28T15:20:55.387+00:00,1332.500,RX,baseline,001143C0,1,5,01 00 00 C0 43
2026-09-28T15:20:55.392+00:00,1337.341,RX,baseline,0001D7FB,1,7,01 00 00 0F 03 FB D7
2026-09-28T15:20:55.392+00:00,1337.385,RX,baseline,0011D7FB,1,5,01 00 00 FB D7
2026-09-28T15:20:55.398+00:00,1343.166,RX,baseline,0001F49B,1,7,01 00 00 0F 03 9B F4
2026-09-28T15:20:55.398+00:00,1343.255,RX,baseline,0011F49B,1,5,01 00 00 9B F4
2026-09-28T15:20:55.402+00:00,1347.209,RX,baseline,0001CDBA,1,7,01 00 00 0F 03 BA CD
2026-09-28T15:20:55.402+00:00,1347.469,RX,baseline,0011CDBA,1,5,01 00 00 BA CD
2026-09-28T15:20:55.407+00:00,1352.226,RX,baseline,00018C50,1,7,01 00 00 0F 03 50 8C
2026-09-28T15:20:55.407+00:00,1352.456,RX,baseline,00118C50,1,5,01 00 00 50 8C
2026-09-28T15:20:55.412+00:00,1357.231,RX,baseline,0001BFF9,1,7,01 00 00 0F 03 F9 BF
2026-09-28T15:20:55.412+00:00,1357.432,RX,baseline,0011BFF9,1,5,01 00 00 F9 BF
2026-09-28T15:20:55.417+00:00,1362.205,RX,baseline,0001DB0C,1,7,01 00 00 0F 03 0C DB
2026-09-28T15:20:55.417+00:00,1362.440,RX,baseline,0011DB0C,1,5,01 00 00 0C DB
2026-09-28T15:20:55.422+00:00,1367.272,RX,baseline,0001ED7B,1,7,01 00 00 0F 03 7B ED
2026-09-28T15:20:55.422+00:00,1367.437,RX,baseline,0011ED7B,1,5,01 00 00 7B ED
2026-09-28T15:20:55.427+00:00,1372.427,RX,baseline,0001938B,1,7,01 00 00 0F 03 8B 93
2026-09-28T15:20:55.427+00:00,1372.521,RX,baseline,0011938B,1,5,01 00 00 8B 93
2026-09-28T15:20:55.432+00:00,1377.311,RX,baseline,0001BCCE,1,7,01 00 00 0F 03 CE BC
2026-09-28T15:20:55.432+00:00,1377.400,RX,baseline,0011BCCE,1,5,01 00 00 CE BC
2026-09-28T15:20:55.437+00:00,1382.365,RX,baseline,0001BF29,1,7,01 00 00 0F 03 29 BF
2026-09-28T15:20:55.437+00:00,1382.449,RX,baseline,0011BF29,1,5,01 00 00 29 BF
2026-09-28T15:20:55.442+00:00,1387.313,RX,baseline,00013EFD,1,7,01 00 00 0F 03 FD 3E
2026-09-28T15:20:55.442+00:00,1387.368,RX,baseline,00113EFD,1,5,01 00 00 FD 3E
2026-09-28T15:20:55.447+00:00,1392.241,RX,baseline,00016C97,1,7,01 00 00 0F 03 97 6C
2026-09-28T15:20:55.447+00:00,1392.431,RX,baseline,00116C97,1,5,01 00 00 97 6C
2026-09-28T15:20:55.452+00:00,1397.316,RX,baseline,0001FFE9,1,7,01 00 00 0F 03 E9 FF
2026-09-28T15:20:55.452+00:00,1397.370,RX,baseline,0011FFE9,1,5,01 00 00 E9 FF
2026-09-28T15:20:55.457+00:00,1402.177,RX,baseline,00012BCB,1,7,01 00 00 0F 03 CB 2B
2026-09-28T15:20:55.457+00:00,1402.419,RX,baseline,00112BCB,1,5,01 00 00 CB 2B
2026-09-28T15:20:55.462+00:00,1407.322,RX,baseline,0001E699,1,7,01 00 00 0F 03 99 E6
2026-09-28T15:20:55.462+00:00,1407.366,RX,baseline,0011E699,1,5,01 00 00 99 E6
2026-09-28T15:20:55.467+00:00,1412.196,RX,baseline,0001C572,1,7,01 00 00 0F 03 72 C5
2026-09-28T15:20:55.467+00:00,1412.429,RX,baseline,0011C572,1,5,01 00 00 72 C5
2026-09-28T15:20:55.472+00:00,1417.250,RX,baseline,0001A243,1,7,01 00 00 0F 03 43 A2
2026-09-28T15:20:55.472+00:00,1417.432,RX,baseline,0011A243,1,5,01 00 00 43 A2
2026-09-28T15:20:55.477+00:00,1422.248,RX,baseline,000155E2,1,7,01 00 00 0F 03 E2 55
2026-09-28T15:20:55.477+00:00,1422.429,RX,baseline,001155E2,1,5,01 00 00 E2 55
2026-09-28T15:20:55.482+00:00,1427.235,RX,baseline,000159DA,1,7,01 00 00 0F 03 DA 59
2026-09-28T15:20:55.482+00:00,1427.524,RX,baseline,001159DA,1,5,01 00 00 DA 59
2026-09-28T15:20:55.487+00:00,1432.189,RX,baseline,0001BF64,1,7,01 00 00 0F 03 64 BF
2026-09-28T15:20:55.487+00:00,1432.439,RX,baseline,0011BF64,1,5,01 00 00 64 BF
2026-09-28T15:20:55.492+00:00,1437.417,RX,baseline,00012266,1,7,01 00 00 0F 03 66 22
2026-09-28T15:20:55.492+00:00,1437.509,RX,baseline,00112266,1,5,01 00 00 66 22
2026-09-28T15:20:55.497+00:00,1442.353,RX,baseline,0001A14C,1,7,01 00 00 0F 03 4C A1
2026-09-28T15:20:55.497+00:00,1442.424,RX,baseline,0011A14C,1,5,01 00 00 4C A1
2026-09-28T15:20:55.502+00:00,1447.467,RX,baseline,00011967,1,7,01 00 00 0F 03 67 19
2026-09-28T15:20:55.502+00:00,1447.551,RX,baseline,00111967,1,5,01 00 00 67 19
2026-09-28T15:20:55.507+00:00,1452.402,RX,baseline,00011D37,1,7,01 00 00 0F 03 37 1D
2026-09-28T15:20:55.507+00:00,1452.493,RX,baseline,00111D37,1,5,01 00 00 37 1D
2026-09-28T15:20:55.512+00:00,1457.478,RX,baseline,00017B2B,1,7,01 00 00 0F 03 2B 7B
2026-09-28T15:20:55.512+00:00,1457.546,RX,baseline,00117B2B,1,5,01 00 00 2B 7B
2026-09-28T15:20:55.517+00:00,1462.294,RX,baseline,0001316A,1,7,01 00 00 0F 03 6A 31
2026-09-28T15:20:55.517+00:00,1462.380,RX,baseline,0011316A,1,5,01 00 00 6A 31
2026-09-28T15:20:55.522+00:00,1467.457,RX,baseline,000185A2,1,7,01 00 00 0F 03 A2 85
2026-09-28T15:20:55.522+00:00,1467.528,RX,baseline,001185A2,1,5,01 00 00 A2 85
2026-09-28T15:20:55.527+00:00,1472.351,RX,baseline,00014F28,1,7,01 00 00 0F 03 28 4F
2026-09-28T15:20:55.527+00:00,1472.397,RX,baseline,00114F28,1,5,01 00 00 28 4F
2026-09-28T15:20:55.532+00:00,1477.184,RX,baseline,00019F44,1,7,01 00 00 0F 03 44 9F
2026-09-28T15:20:55.532+00:00,1477.445,RX,baseline,00119F44,1,5,01 00 00 44 9F
2026-09-28T15:20:55.537+00:00,1482.336,RX,baseline,00018573,1,7,01 00 00 0F 03 73 85
2026-09-28T15:20:55.537+00:00,1482.381,RX,baseline,00118573,1,5,01 00 00 73 85
2026-09-28T15:20:55.542+00:00,1487.503,RX,baseline,0001A20C,1,7,01 00 00 0F 03 0C A2
2026-09-28T15:20:55.542+00:00,1487.580,RX,baseline,0011A20C,1,5,01 00 00 0C A2
2026-09-28T15:20:55.547+00:00,1492.327,RX,baseline,0001789B,1,7,01 00 00 0F 03 9B 78
2026-09-28T15:20:55.547+00:00,1492.453,RX,baseline,0011789B,1,5,01 00 00 9B 78
2026-09-28T15:20:55.552+00:00,1497.263,RX,baseline,0001A580,1,7,01 00 00 0F 03 80 A5
2026-09-28T15:20:55.552+00:00,1497.491,RX,baseline,0011A580,1,5,01 00 00 80 A5
2026-09-28T15:20:55.557+00:00,1502.219,RX,baseline,0001F886,1,7,01 00 00 0F 03 86 F8
2026-09-28T15:20:55.557+00:00,1502.511,RX,baseline,0011F886,1,5,01 00 00 86 F8
2026-09-28T15:20:55.562+00:00,1507.279,RX,baseline,0001076E,1,7,01 00 00 0F 03 6E 07
2026-09-28T15:20:55.562+00:00,1507.351,RX,baseline,0011076E,1,5,01 00 00 6E 07
2026-09-28T15:20:55.567+00:00,1512.188,RX,baseline,00019790,1,7,01 00 00 0F 03 90 97
2026-09-28T15:20:55.567+00:00,1512.430,RX,baseline,00119790,1,5,01 00 00 90 97
2026-09-28T15:20:55.572+00:00,1517.255,RX,baseline,000145C8,1,7,01 00 00 0F 03 C8 45
2026-09-28T15:20:55.572+00:00,1517.452,RX,baseline,001145C8,1,5,01 00 00 C8 45
2026-09-28T15:20:55.577+00:00,1522.305,RX,baseline,00015980,1,7,01 00 00 0F 03 80 59
2026-09-28T15:20:55.577+00:00,1522.387,RX,baseline,00115980,1,5,01 00 00 80 59
2026-09-28T15:20:55.582+00:00,1527.285,RX,baseline,000184B8,1,7,01 00 00 0F 03 B8 84
2026-09-28T15:20:55.582+00:00,1527.445,RX,baseline,001184B8,1,5,01 00 00 B8 84
2026-09-28T15:20:55.587+00:00,1532.174,RX,baseline,000175D9,1,7,01 00 00 0F 03 D9 75
2026-09-28T15:20:55.587+00:00,1532.391,RX,baseline,001175D9,1,5,01 00 00 D9 75
2026-09-28T15:20:55.592+00:00,1537.337,RX,baseline,0001F6EB,1,7,01 00 00 0F 03 EB F6
2026-09-28T15:20:55.592+00:00,1537.382,RX,baseline,0011F6EB,1,5,01 00 00 EB F6
2026-09-28T15:20:55.597+00:00,1542.252,RX,baseline,00017E92,1,7,01 00 00 0F 03 92 7E
2026-09-28T15:20:55.597+00:00,1542.441,RX,baseline,00117E92,1,5,01 00 00 92 7E
2026-09-28T15:20:55.602+00:00,1547.342,RX,baseline,000122A7,1,7,01 00 00 0F 03 A7 22
2026-09-28T15:20:55.602+00:00,1547.387,RX,baseline,001122A7,1,5,01 00 00 A7 22
2026-09-28T15:20:55.607+00:00,1552.318,RX,baseline,0001D007,1,7,01 00 00 0F 03 07 D0
2026-09-28T15:20:55.607+00:00,1552.362,RX,baseline,0011D007,1,5,01 00 00 07 D0
2026-09-28T15:20:55.612+00:00,1557.341,RX,baseline,0001651E,1,7,01 00 00 0F 03 1E 65
2026-09-28T15:20:55.612+00:00,1557.386,RX,baseline,0011651E,1,5,01 00 00 1E 65
2026-09-28T15:20:55.617+00:00,1562.299,RX,baseline,0001C891,1,7,01 00 00 0F 03 91 C8
2026-09-28T15:20:55.617+00:00,1562.455,RX,baseline,0011C891,1,5,01 00 00 91 C8
2026-09-28T15:20:55.622+00:00,1567.277,RX,baseline,0001BA28,1,7,01 00 00 0F 03 28 BA
2026-09-28T15:20:55.622+00:00,1567.361,RX,baseline,0011BA28,1,5,01 00 00 28 BA
2026-09-28T15:20:55.627+00:00,1572.234,RX,baseline,00015E28,1,7,01 00 00 0F 03 28 5E
2026-09-28T15:20:55.627+00:00,1572.435,RX,baseline,00115E28,1,5,01 00 00 28 5E
2026-09-28T15:20:55.632+00:00,1577.191,RX,baseline,0001B141,1,7,01 00 00 0F 03 41 B1
2026-09-28T15:20:55.632+00:00,1577.432,RX,baseline,0011B141,1,5,01 00 00 41 B1
2026-09-28T15:20:55.637+00:00,1582.162,RX,baseline,0001C60B,1,7,01 00 00 0F 03 0B C6
2026-09-28T15:20:55.637+00:00,1582.401,RX,baseline,0011C60B,1,5,01 00 00 0B C6
2026-09-28T15:20:55.642+00:00,1587.275,RX,baseline,0001017F,1,7,01 00 00 0F 03 7F 01
2026-09-28T15:20:55.642+00:00,1587.440,RX,baseline,0011017F,1,5,01 00 00 7F 01
2026-09-28T15:20:55.647+00:00,1592.335,RX,baseline,0001DA32,1,7,01 00 00 0F 03 32 DA
2026-09-28T15:20:55.647+00:00,1592.442,RX,baseline,0011DA32,1,5,01 00 00 32 DA
2026-09-28T15:20:55.652+00:00,1597.260,RX,baseline,0001B8E2,1,7,01 00 00 0F 03 E2 B8
2026-09-28T15:20:55.652+00:00,1597.518,RX,baseline,0011B8E2,1,5,01 00 00 E2 B8
2026-09-28T15:20:55.657+00:00,1602.320,RX,baseline,0001AE1D,1,7,01 00 00 0F 03 1D AE
2026-09-28T15:20:55.657+00:00,1602.398,RX,baseline,0011AE1D,1,5,01 00 00 1D AE
2026-09-28T15:20:55.662+00:00,1607.315,RX,baseline,00012426,1,7,01 00 00 0F 03 26 24
2026-09-28T15:20:55.662+00:00,1607.360,RX,baseline,00112426,1,5,01 00 00 26 24
2026-09-28T15:20:55.667+00:00,1612.315,RX,baseline,0001243D,1,7,01 00 00 0F 03 3D 24
2026-09-28T15:20:55.667+00:00,1612.385,RX,baseline,0011243D,1,5,01 00 00 3D 24
2026-09-28T15:20:55.672+00:00,1617.307,RX,baseline,00018301,1,7,01 00 00 0F 03 01 83
2026-09-28T15:20:55.672+00:00,1617.355,RX,baseline,00118301,1,5,01 00 00 01 83
2026-09-28T15:20:55.677+00:00,1622.321,RX,baseline,00010306,1,7,01 00 00 0F 03 06 03
2026-09-28T15:20:55.677+00:00,1622.419,RX,baseline,00110306,1,5,01 00 00 06 03
2026-09-28T15:20:55.682+00:00,1627.213,RX,baseline,0001C575,1,7,01 00 00 0F 03 75 C5
2026-09-28T15:20:55.682+00:00,1627.475,RX,baseline,0011C575,1,5,01 00 00 75 C5
2026-09-28T15:20:55.687+00:00,1632.339,RX,baseline,00014073,1,7,01 00 00 0F 03 73 40
2026-09-28T15:20:55.687+00:00,1632.457,RX,baseline,00114073,1,5,01 00 00 73 40
2026-09-28T15:20:55.692+00:00,1637.161,RX,baseline,00016D98,1,7,01 00 00 0F 03 98 6D
2026-09-28T15:20:55.692+00:00,1637.394,RX,baseline,00116D98,1,5,01 00 00 98 6D
2026-09-28T15:20:55.697+00:00,1642.184,RX,baseline,0001147A,1,7,01 00 00 0F 03 7A 14
2026-09-28T15:20:55.697+00:00,1642.393,RX,baseline,0011147A,1,5,01 00 00 7A 14
2026-09-28T15:20:55.702+00:00,1647.166,RX,baseline,0001A206,1,7,01 00 00 0F 03 06 A2
2026-09-28T15:20:55.702+00:00,1647.494,RX,baseline,0011A206,1,5,01 00 00 06 A2
2026-09-28T15:20:55.707+00:00,1652.185,RX,baseline,000176C7,1,7,01 00 00 0F 03 C7 76
2026-09-28T15:20:55.707+00:00,1652.393,RX,baseline,001176C7,1,5,01 00 00 C7 76
2026-09-28T15:20:55.712+00:00,1657.192,RX,baseline,000197D8,1,7,01 00 00 0F 03 D8 97
2026-09-28T15:20:55.712+00:00,1657.396,RX,baseline,001197D8,1,5,01 00 00 D8 97
2026-09-28T15:20:55.717+00:00,1662.207,RX,baseline,00019DB7,1,7,01 00 00 0F 03 B7 9D
2026-09-28T15:20:55.717+00:00,1662.397,RX,baseline,00119DB7,1,5,01 00 00 B7 9D
2026-09-28T15:20:55.722+00:00,1667.209,RX,baseline,00017FD5,1,7,01 00 00 0F 03 D5 7F
2026-09-28T15:20:55.722+00:00,1667.420,RX,baseline,00117FD5,1,5,01 00 00 D5 7F
2026-09-28T15:20:55.727+00:00,1672.177,RX,baseline,00014867,1,7,01 00 00 0F 03 67 48
2026-09-28T15:20:55.727+00:00,1672.419,RX,baseline,00114867,1,5,01 00 00 67 48
2026-09-28T15:20:55.732+00:00,1677.355,RX,baseline,00011934,1,7,01 00 00 0F 03 34 19
2026-09-28T15:20:55.732+00:00,1677.445,RX,baseline,00111934,1,5,01 00 00 34 19
2026-09-28T15:20:55.737+00:00,1682.352,RX,baseline,00013F58,1,7,01 00 00 0F 03 58 3F
2026-09-28T15:20:55.737+00:00,1682.485,RX,baseline,00113F58,1,5,01 00 00 58 3F
2026-09-28T15:20:55.742+00:00,1687.453,RX,baseline,0001ED29,1,7,01 00 00 0F 03 29 ED
2026-09-28T15:20:55.742+00:00,1687.540,RX,baseline,0011ED29,1,5,01 00 00 29 ED
2026-09-28T15:20:55.747+00:00,1692.444,RX,baseline,0001AAF1,1,7,01 00 00 0F 03 F1 AA
2026-09-28T15:20:55.747+00:00,1692.546,RX,baseline,0011AAF1,1,5,01 00 00 F1 AA
2026-09-28T15:20:55.752+00:00,1697.446,RX,baseline,0001751E,1,7,01 00 00 0F 03 1E 75
2026-09-28T15:20:55.752+00:00,1697.531,RX,baseline,0011751E,1,5,01 00 00 1E 75
2026-09-28T15:20:55.757+00:00,1702.460,RX,baseline,000124EB,1,7,01 00 00 0F 03 EB 24
2026-09-28T15:20:55.757+00:00,1702.543,RX,baseline,001124EB,1,5,01 00 00 EB 24
2026-09-28T15:20:55.762+00:00,1707.453,RX,baseline,00012A36,1,7,01 00 00 0F 03 36 2A
2026-09-28T15:20:55.762+00:00,1707.551,RX,baseline,00112A36,1,5,01 00 00 36 2A
2026-09-28T15:20:55.767+00:00,1712.356,RX,baseline,0001E568,1,7,01 00 00 0F 03 68 E5
2026-09-28T15:20:55.767+00:00,1712.416,RX,baseline,0011E568,1,5,01 00 00 68 E5
2026-09-28T15:20:55.772+00:00,1717.518,RX,baseline,0001CB93,1,7,01 00 00 0F 03 93 CB
2026-09-28T15:20:55.772+00:00,1717.593,RX,baseline,0011CB93,1,5,01 00 00 93 CB
2026-09-28T15:20:55.777+00:00,1722.440,RX,baseline,00019244,1,7,01 00 00 0F 03 44 92
2026-09-28T15:20:55.777+00:00,1722.510,RX,baseline,00119244,1,5,01 00 00 44 92
2026-09-28T15:20:55.782+00:00,1727.446,RX,baseline,0001C97E,1,7,01 00 00 0F 03 7E C9
2026-09-28T15:20:55.782+00:00,1727.529,RX,baseline,0011C97E,1,5,01 00 00 7E C9
2026-09-28T15:20:55.787+00:00,1732.374,RX,baseline,0001CAE4,1,7,01 00 00 0F 03 E4 CA
2026-09-28T15:20:55.787+00:00,1732.488,RX,baseline,0011CAE4,1,5,01 00 00 E4 CA
2026-09-28T15:20:55.792+00:00,1737.400,RX,baseline,00012A57,1,7,01 00 00 0F 03 57 2A
2026-09-28T15:20:55.792+00:00,1737.494,RX,baseline,00112A57,1,5,01 00 00 57 2A
2026-09-28T15:20:55.797+00:00,1742.519,RX,baseline,0001648E,1,7,01 00 00 0F 03 8E 64
2026-09-28T15:20:55.797+00:00,1742.598,RX,baseline,0011648E,1,5,01 00 00 8E 64
2026-09-28T15:20:55.802+00:00,1747.360,RX,baseline,0001B2FA,1,7,01 00 00 0F 03 FA B2
2026-09-28T15:20:55.802+00:00,1747.420,RX,baseline,0011B2FA,1,5,01 00 00 FA B2
2026-09-28T15:20:55.807+00:00,1752.445,RX,baseline,0001AF0B,1,7,01 00 00 0F 03 0B AF
2026-09-28T15:20:55.807+00:00,1752.525,RX,baseline,0011AF0B,1,5,01 00 00 0B AF
2026-09-28T15:20:55.812+00:00,1757.331,RX,baseline,0001F6FF,1,7,01 00 00 0F 03 FF F6
2026-09-28T15:20:55.812+00:00,1757.434,RX,baseline,0011F6FF,1,5,01 00 00 FF F6
2026-09-28T15:20:55.817+00:00,1762.293,RX,baseline,0001AF26,1,7,01 00 00 0F 03 26 AF
2026-09-28T15:20:55.817+00:00,1762.338,RX,baseline,0011AF26,1,5,01 00 00 26 AF
2026-09-28T15:20:55.822+00:00,1767.324,RX,baseline,0001D5FC,1,7,01 00 00 0F 03 FC D5
2026-09-28T15:20:55.822+00:00,1767.420,RX,baseline,0011D5FC,1,5,01 00 00 FC D5
2026-09-28T15:20:55.827+00:00,1772.229,RX,baseline,00018843,1,7,01 00 00 0F 03 43 88
2026-09-28T15:20:55.827+00:00,1772.404,RX,baseline,00118843,1,5,01 00 00 43 88
2026-09-28T15:20:55.832+00:00,1777.193,RX,baseline,000121B2,1,7,01 00 00 0F 03 B2 21
2026-09-28T15:20:55.832+00:00,1777.401,RX,baseline,001121B2,1,5,01 00 00 B2 21
2026-09-28T15:20:55.837+00:00,1782.193,RX,baseline,00014826,1,7,01 00 00 0F 03 26 48
2026-09-28T15:20:55.837+00:00,1782.399,RX,baseline,00114826,1,5,01 00 00 26 48
2026-09-28T15:20:55.842+00:00,1787.287,RX,baseline,0001FDD1,1,7,01 00 00 0F 03 D1 FD
2026-09-28T15:20:55.842+00:00,1787.332,RX,baseline,0011FDD1,1,5,01 00 00 D1 FD
2026-09-28T15:20:55.847+00:00,1792.296,RX,baseline,0001FBA3,1,7,01 00 00 0F 03 A3 FB
2026-09-28T15:20:55.847+00:00,1792.341,RX,baseline,0011FBA3,1,5,01 00 00 A3 FB
2026-09-28T15:20:55.852+00:00,1797.288,RX,baseline,000188AF,1,7,01 00 00 0F 03 AF 88
2026-09-28T15:20:55.852+00:00,1797.332,RX,baseline,001188AF,1,5,01 00 00 AF 88
2026-09-28T15:20:55.857+00:00,1802.195,RX,baseline,000160C2,1,7,01 00 00 0F 03 C2 60
2026-09-28T15:20:55.857+00:00,1802.393,RX,baseline,001160C2,1,5,01 00 00 C2 60
2026-09-28T15:20:55.862+00:00,1807.244,RX,baseline,0001A929,1,7,01 00 00 0F 03 29 A9
2026-09-28T15:20:55.862+00:00,1807.413,RX,baseline,0011A929,1,5,01 00 00 29 A9
2026-09-28T15:20:55.867+00:00,1812.298,RX,baseline,000156AD,1,7,01 00 00 0F 03 AD 56
2026-09-28T15:20:55.867+00:00,1812.343,RX,baseline,001156AD,1,5,01 00 00 AD 56
2026-09-28T15:20:55.872+00:00,1817.251,RX,baseline,00013C8D,1,7,01 00 00 0F 03 8D 3C
2026-09-28T15:20:55.872+00:00,1817.419,RX,baseline,00113C8D,1,5,01 00 00 8D 3C
2026-09-28T15:20:55.877+00:00,1822.295,RX,baseline,0001FD56,1,7,01 00 00 0F 03 56 FD
2026-09-28T15:20:55.877+00:00,1822.339,RX,baseline,0011FD56,1,5,01 00 00 56 FD
2026-09-28T15:20:55.882+00:00,1827.174,RX,baseline,0001D036,1,7,01 00 00 0F 03 36 D0
2026-09-28T15:20:55.882+00:00,1827.391,RX,baseline,0011D036,1,5,01 00 00 36 D0
2026-09-28T15:20:55.887+00:00,1832.308,RX,baseline,0001C6BC,1,7,01 00 00 0F 03 BC C6
2026-09-28T15:20:55.887+00:00,1832.353,RX,baseline,0011C6BC,1,5,01 00 00 BC C6
2026-09-28T15:20:55.892+00:00,1837.291,RX,baseline,0001DD44,1,7,01 00 00 0F 03 44 DD
2026-09-28T15:20:55.892+00:00,1837.336,RX,baseline,0011DD44,1,5,01 00 00 44 DD
2026-09-28T15:20:55.897+00:00,1842.285,RX,baseline,0001A53B,1,7,01 00 00 0F 03 3B A5
2026-09-28T15:20:55.897+00:00,1842.367,RX,baseline,0011A53B,1,5,01 00 00 3B A5
2026-09-28T15:20:55.902+00:00,1847.209,RX,baseline,0001C996,1,7,01 00 00 0F 03 96 C9
2026-09-28T15:20:55.902+00:00,1847.402,RX,baseline,0011C996,1,5,01 00 00 96 C9
2026-09-28T15:20:55.907+00:00,1852.199,RX,baseline,00014A3E,1,7,01 00 00 0F 03 3E 4A
2026-09-28T15:20:55.907+00:00,1852.412,RX,baseline,00114A3E,1,5,01 00 00 3E 4A
2026-09-28T15:20:55.912+00:00,1857.131,RX,baseline,0001D7EF,1,7,01 00 00 0F 03 EF D7
2026-09-28T15:20:55.912+00:00,1857.393,RX,baseline,0011D7EF,1,5,01 00 00 EF D7
2026-09-28T15:20:55.917+00:00,1862.220,RX,baseline,0001D65C,1,7,01 00 00 0F 03 5C D6
2026-09-28T15:20:55.917+00:00,1862.391,RX,baseline,0011D65C,1,5,01 00 00 5C D6
2026-09-28T15:20:55.922+00:00,1867.241,RX,baseline,0001F5F1,1,7,01 00 00 0F 03 F1 F5
2026-09-28T15:20:55.922+00:00,1867.391,RX,baseline,0011F5F1,1,5,01 00 00 F1 F5
2026-09-28T15:20:55.927+00:00,1872.195,RX,baseline,0001C7A1,1,7,01 00 00 0F 03 A1 C7
2026-09-28T15:20:55.927+00:00,1872.403,RX,baseline,0011C7A1,1,5,01 00 00 A1 C7
2026-09-28T15:20:55.932+00:00,1877.286,RX,baseline,0001C14E,1,7,01 00 00 0F 03 4E C1
2026-09-28T15:20:55.932+00:00,1877.411,RX,baseline,0011C14E,1,5,01 00 00 4E C1
2026-09-28T15:20:55.937+00:00,1882.340,RX,baseline,0001A48B,1,7,01 00 00 0F 03 8B A4
2026-09-28T15:20:55.937+00:00,1882.417,RX,baseline,0011A48B,1,5,01 00 00 8B A4
2026-09-28T15:20:55.942+00:00,1887.363,RX,baseline,0001B261,1,7,01 00 00 0F 03 61 B2
2026-09-28T15:20:55.942+00:00,1887.451,RX,baseline,0011B261,1,5,01 00 00 61 B2
2026-09-28T15:20:55.947+00:00,1892.303,RX,baseline,0001260E,1,7,01 00 00 0F 03 0E 26
2026-09-28T15:20:55.947+00:00,1892.349,RX,baseline,0011260E,1,5,01 00 00 0E 26
2026-09-28T15:20:55.952+00:00,1897.141,RX,baseline,0001AD0D,1,7,01 00 00 0F 03 0D AD
2026-09-28T15:20:55.952+00:00,1897.401,RX,baseline,0011AD0D,1,5,01 00 00 0D AD
2026-09-28T15:20:55.957+00:00,1902.142,RX,baseline,00015093,1,7,01 00 00 0F 03 93 50
2026-09-28T15:20:55.957+00:00,1902.397,RX,baseline,00115093,1,5,01 00 00 93 50
2026-09-28T15:20:55.962+00:00,1907.138,RX,baseline,00011194,1,7,01 00 00 0F 03 94 11
2026-09-28T15:20:55.962+00:00,1907.400,RX,baseline,00111194,1,5,01 00 00 94 11
2026-09-28T15:20:55.967+00:00,1912.280,RX,baseline,00015BD7,1,7,01 00 00 0F 03 D7 5B
2026-09-28T15:20:55.967+00:00,1912.335,RX,baseline,00115BD7,1,5,01 00 00 D7 5B
2026-09-28T15:20:55.972+00:00,1917.136,RX,baseline,00016DC5,1,7,01 00 00 0F 03 C5 6D
2026-09-28T15:20:55.972+00:00,1917.395,RX,baseline,00116DC5,1,5,01 00 00 C5 6D
2026-09-28T15:20:55.977+00:00,1922.131,RX,baseline,0001C30D,1,7,01 00 00 0F 03 0D C3
2026-09-28T15:20:55.977+00:00,1922.399,RX,baseline,0011C30D,1,5,01 00 00 0D C3
2026-09-28T15:20:55.982+00:00,1927.133,RX,baseline,0001C7B1,1,7,01 00 00 0F 03 B1 C7
2026-09-28T15:20:55.982+00:00,1927.392,RX,baseline,0011C7B1,1,5,01 00 00 B1 C7
2026-09-28T15:20:55.987+00:00,1932.279,RX,baseline,00016AB0,1,7,01 00 00 0F 03 B0 6A
2026-09-28T15:20:55.987+00:00,1932.364,RX,baseline,00116AB0,1,5,01 00 00 B0 6A
2026-09-28T15:20:55.992+00:00,1937.146,RX,baseline,0001EDC6,1,7,01 00 00 0F 03 C6 ED
2026-09-28T15:20:55.992+00:00,1937.396,RX,baseline,0011EDC6,1,5,01 00 00 C6 ED
2026-09-28T15:20:55.997+00:00,1942.351,RX,baseline,00012AF2,1,7,01 00 00 0F 03 F2 2A
2026-09-28T15:20:55.997+00:00,1942.439,RX,baseline,00112AF2,1,5,01 00 00 F2 2A
2026-09-28T15:20:56.002+00:00,1947.426,RX,baseline,0001C8FE,1,7,01 00 00 0F 03 FE C8
2026-09-28T15:20:56.002+00:00,1947.512,RX,baseline,0011C8FE,1,5,01 00 00 FE C8
2026-09-28T15:20:56.007+00:00,1952.386,RX,baseline,0001919F,1,7,01 00 00 0F 03 9F 91
2026-09-28T15:20:56.007+00:00,1952.474,RX,baseline,0011919F,1,5,01 00 00 9F 91
2026-09-28T15:20:56.012+00:00,1957.243,RX,baseline,00018891,1,7,01 00 00 0F 03 91 88
2026-09-28T15:20:56.012+00:00,1957.431,RX,baseline,00118891,1,5,01 00 00 91 88
2026-09-28T15:20:56.017+00:00,1962.380,RX,baseline,000187F4,1,7,01 00 00 0F 03 F4 87
2026-09-28T15:20:56.017+00:00,1962.474,RX,baseline,001187F4,1,5,01 00 00 F4 87
2026-09-28T15:20:56.022+00:00,1967.142,RX,baseline,00015B3E,1,7,01 00 00 0F 03 3E 5B
2026-09-28T15:20:56.022+00:00,1967.398,RX,baseline,00115B3E,1,5,01 00 00 3E 5B
2026-09-28T15:20:56.027+00:00,1972.142,RX,baseline,00013CB4,1,7,01 00 00 0F 03 B4 3C
2026-09-28T15:20:56.027+00:00,1972.511,RX,baseline,00113CB4,1,5,01 00 00 B4 3C
2026-09-28T15:20:56.032+00:00,1977.252,RX,baseline,00014526,1,7,01 00 00 0F 03 26 45
2026-09-28T15:20:56.032+00:00,1977.549,RX,baseline,00114526,1,5,01 00 00 26 45
2026-09-28T15:20:56.037+00:00,1982.267,RX,baseline,0001408B,1,7,01 00 00 0F 03 8B 40
2026-09-28T15:20:56.037+00:00,1982.349,RX,baseline,0011408B,1,5,01 00 00 8B 40
2026-09-28T15:20:56.042+00:00,1987.184,RX,baseline,0001A5DB,1,7,01 00 00 0F 03 DB A5
2026-09-28T15:20:56.042+00:00,1987.399,RX,baseline,0011A5DB,1,5,01 00 00 DB A5
2026-09-28T15:20:56.047+00:00,1992.129,RX,baseline,00012E78,1,7,01 00 00 0F 03 78 2E
2026-09-28T15:20:56.047+00:00,1992.402,RX,baseline,00112E78,1,5,01 00 00 78 2E
2026-09-28T15:20:56.052+00:00,1997.174,RX,baseline,00013103,1,7,01 00 00 0F 03 03 31
2026-09-28T15:20:56.052+00:00,1997.405,RX,baseline,00113103,1,5,01 00 00 03 31
2026-09-28T15:20:56.057+00:00,2002.154,RX,baseline,0001AFD0,1,7,01 00 00 0F 03 D0 AF
2026-09-28T15:20:56.057+00:00,2002.400,RX,baseline,0011AFD0,1,5,01 00 00 D0 AF
2026-09-28T15:20:56.062+00:00,2007.217,RX,baseline,0001B4C7,1,7,01 00 00 0F 03 C7 B4
2026-09-28T15:20:56.062+00:00,2007.424,RX,baseline,0011B4C7,1,5,01 00 00 C7 B4
2026-09-28T15:20:56.067+00:00,2012.138,RX,baseline,00017726,1,7,01 00 00 0F 03 26 77
2026-09-28T15:20:56.067+00:00,2012.401,RX,baseline,00117726,1,5,01 00 00 26 77
2026-09-28T15:20:56.072+00:00,2017.171,RX,baseline,0001BFE6,1,7,01 00 00 0F 03 E6 BF
2026-09-28T15:20:56.072+00:00,2017.396,RX,baseline,0011BFE6,1,5,01 00 00 E6 BF
2026-09-28T15:20:56.077+00:00,2022.116,RX,baseline,0001AB0D,1,7,01 00 00 0F 03 0D AB
2026-09-28T15:20:56.077+00:00,2022.400,RX,baseline,0011AB0D,1,5,01 00 00 0D AB
2026-09-28T15:20:56.082+00:00,2027.151,RX,baseline,00012A21,1,7,01 00 00 0F 03 21 2A
2026-09-28T15:20:56.082+00:00,2027.401,RX,baseline,00112A21,1,5,01 00 00 21 2A
2026-09-28T15:20:56.087+00:00,2032.207,RX,baseline,0001999B,1,7,01 00 00 0F 03 9B 99
2026-09-28T15:20:56.087+00:00,2032.417,RX,baseline,0011999B,1,5,01 00 00 9B 99
2026-09-28T15:20:56.092+00:00,2037.194,RX,baseline,0001F059,1,7,01 00 00 0F 03 59 F0
2026-09-28T15:20:56.092+00:00,2037.401,RX,baseline,0011F059,1,5,01 00 00 59 F0
2026-09-28T15:20:56.097+00:00,2042.271,RX,baseline,00012710,1,7,01 00 00 0F 03 10 27
2026-09-28T15:20:56.097+00:00,2042.348,RX,baseline,00112710,1,5,01 00 00 10 27
2026-09-28T15:20:56.102+00:00,2047.233,RX,baseline,00011299,1,7,01 00 00 0F 03 99 12
2026-09-28T15:20:56.102+00:00,2047.448,RX,baseline,00111299,1,5,01 00 00 99 12
2026-09-28T15:20:56.107+00:00,2052.266,RX,baseline,00019E0C,1,7,01 00 00 0F 03 0C 9E
2026-09-28T15:20:56.107+00:00,2052.485,RX,baseline,00119E0C,1,5,01 00 00 0C 9E
2026-09-28T15:20:56.112+00:00,2057.231,RX,baseline,0001DCEB,1,7,01 00 00 0F 03 EB DC
2026-09-28T15:20:56.112+00:00,2057.399,RX,baseline,0011DCEB,1,5,01 00 00 EB DC
2026-09-28T15:20:56.117+00:00,2062.260,RX,baseline,0001AD42,1,7,01 00 00 0F 03 42 AD
2026-09-28T15:20:56.117+00:00,2062.508,RX,baseline,0011AD42,1,5,01 00 00 42 AD
2026-09-28T15:20:56.122+00:00,2067.230,RX,baseline,0001C094,1,7,01 00 00 0F 03 94 C0
2026-09-28T15:20:56.122+00:00,2067.423,RX,baseline,0011C094,1,5,01 00 00 94 C0
2026-09-28T15:20:56.127+00:00,2072.266,RX,baseline,0001027D,1,7,01 00 00 0F 03 7D 02
2026-09-28T15:20:56.127+00:00,2072.485,RX,baseline,0011027D,1,5,01 00 00 7D 02
2026-09-28T15:20:56.132+00:00,2077.108,RX,baseline,0001C63D,1,7,01 00 00 0F 03 3D C6
2026-09-28T15:20:56.132+00:00,2077.398,RX,baseline,0011C63D,1,5,01 00 00 3D C6
2026-09-28T15:20:56.137+00:00,2082.110,RX,baseline,0001087B,1,7,01 00 00 0F 03 7B 08
2026-09-28T15:20:56.137+00:00,2082.399,RX,baseline,0011087B,1,5,01 00 00 7B 08
2026-09-28T15:20:56.142+00:00,2087.343,RX,baseline,0001960F,1,7,01 00 00 0F 03 0F 96
2026-09-28T15:20:56.142+00:00,2087.433,RX,baseline,0011960F,1,5,01 00 00 0F 96
2026-09-28T15:20:56.147+00:00,2092.288,RX,baseline,0001E8EC,1,7,01 00 00 0F 03 EC E8
2026-09-28T15:20:56.147+00:00,2092.363,RX,baseline,0011E8EC,1,5,01 00 00 EC E8
2026-09-28T15:20:56.152+00:00,2097.340,RX,baseline,000191C3,1,7,01 00 00 0F 03 C3 91
2026-09-28T15:20:56.152+00:00,2097.432,RX,baseline,001191C3,1,5,01 00 00 C3 91
2026-09-28T15:20:56.157+00:00,2102.381,RX,baseline,0001BD92,1,7,01 00 00 0F 03 92 BD
2026-09-28T15:20:56.157+00:00,2102.472,RX,baseline,0011BD92,1,5,01 00 00 92 BD
2026-09-28T15:20:56.162+00:00,2107.350,RX,baseline,0001CD43,1,7,01 00 00 0F 03 43 CD
2026-09-28T15:20:56.162+00:00,2107.425,RX,baseline,0011CD43,1,5,01 00 00 43 CD
2026-09-28T15:20:56.167+00:00,2112.261,RX,baseline,00012B50,1,7,01 00 00 0F 03 50 2B
2026-09-28T15:20:56.167+00:00,2112.411,RX,baseline,00112B50,1,5,01 00 00 50 2B
2026-09-28T15:20:56.172+00:00,2117.339,RX,baseline,00011146,1,7,01 00 00 0F 03 46 11
2026-09-28T15:20:56.172+00:00,2117.425,RX,baseline,00111146,1,5,01 00 00 46 11
2026-09-28T15:20:56.177+00:00,2122.286,RX,baseline,0001A7B6,1,7,01 00 00 0F 03 B6 A7
2026-09-28T15:20:56.177+00:00,2122.363,RX,baseline,0011A7B6,1,5,01 00 00 B6 A7
2026-09-28T15:20:56.182+00:00,2127.394,RX,baseline,0001500C,1,7,01 00 00 0F 03 0C 50
2026-09-28T15:20:56.182+00:00,2127.501,RX,baseline,0011500C,1,5,01 00 00 0C 50
2026-09-28T15:20:56.187+00:00,2132.109,RX,baseline,00014944,1,7,01 00 00 0F 03 44 49
2026-09-28T15:20:56.187+00:00,2132.401,RX,baseline,00114944,1,5,01 00 00 44 49
2026-09-28T15:20:56.192+00:00,2137.264,RX,baseline,0001472B,1,7,01 00 00 0F 03 2B 47
2026-09-28T15:20:56.192+00:00,2137.414,RX,baseline,0011472B,1,5,01 00 00 2B 47
2026-09-28T15:20:56.197+00:00,2142.108,RX,baseline,0001807E,1,7,01 00 00 0F 03 7E 80
2026-09-28T15:20:56.197+00:00,2142.396,RX,baseline,0011807E,1,5,01 00 00 7E 80
2026-09-28T15:20:56.202+00:00,2147.115,RX,baseline,00019A09,1,7,01 00 00 0F 03 09 9A
2026-09-28T15:20:56.202+00:00,2147.399,RX,baseline,00119A09,1,5,01 00 00 09 9A
2026-09-28T15:20:56.207+00:00,2152.127,RX,baseline,00019B82,1,7,01 00 00 0F 03 82 9B
2026-09-28T15:20:56.207+00:00,2152.399,RX,baseline,00119B82,1,5,01 00 00 82 9B
2026-09-28T15:20:56.212+00:00,2157.111,RX,baseline,0001B776,1,7,01 00 00 0F 03 76 B7
2026-09-28T15:20:56.212+00:00,2157.396,RX,baseline,0011B776,1,5,01 00 00 76 B7
2026-09-28T15:20:56.217+00:00,2162.132,RX,baseline,00017BC1,1,7,01 00 00 0F 03 C1 7B
2026-09-28T15:20:56.217+00:00,2162.400,RX,baseline,00117BC1,1,5,01 00 00 C1 7B
2026-09-28T15:20:56.222+00:00,2167.195,RX,baseline,00015583,1,7,01 00 00 0F 03 83 55
2026-09-28T15:20:56.222+00:00,2167.399,RX,baseline,00115583,1,5,01 00 00 83 55
2026-09-28T15:20:56.227+00:00,2172.124,RX,baseline,00014D11,1,7,01 00 00 0F 03 11 4D
2026-09-28T15:20:56.227+00:00,2172.398,RX,baseline,00114D11,1,5,01 00 00 11 4D
2026-09-28T15:20:56.232+00:00,2177.383,RX,baseline,0001C58C,1,7,01 00 00 0F 03 8C C5
2026-09-28T15:20:56.232+00:00,2177.480,RX,baseline,0011C58C,1,5,01 00 00 8C C5
2026-09-28T15:20:56.237+00:00,2182.294,RX,baseline,0001C726,1,7,01 00 00 0F 03 26 C7
2026-09-28T15:20:56.237+00:00,2182.351,RX,baseline,0011C726,1,5,01 00 00 26 C7
2026-09-28T15:20:56.242+00:00,2187.260,RX,baseline,0001630E,1,7,01 00 00 0F 03 0E 63
2026-09-28T15:20:56.242+00:00,2187.411,RX,baseline,0011630E,1,5,01 00 00 0E 63
2026-09-28T15:20:56.247+00:00,2192.148,RX,baseline,0001823C,1,7,01 00 00 0F 03 3C 82
2026-09-28T15:20:56.247+00:00,2192.397,RX,baseline,0011823C,1,5,01 00 00 3C 82
2026-09-28T15:20:56.252+00:00,2197.187,RX,baseline,0001FEBA,1,7,01 00 00 0F 03 BA FE
2026-09-28T15:20:56.252+00:00,2197.396,RX,baseline,0011FEBA,1,5,01 00 00 BA FE
2026-09-28T15:20:56.257+00:00,2202.146,RX,baseline,00012D7A,1,7,01 00 00 0F 03 7A 2D
2026-09-28T15:20:56.257+00:00,2202.396,RX,baseline,00112D7A,1,5,01 00 00 7A 2D
2026-09-28T15:20:56.262+00:00,2207.103,RX,baseline,00018FF0,1,7,01 00 00 0F 03 F0 8F
2026-09-28T15:20:56.262+00:00,2207.402,RX,baseline,00118FF0,1,5,01 00 00 F0 8F
2026-09-28T15:20:56.267+00:00,2212.143,RX,baseline,00014549,1,7,01 00 00 0F 03 49 45
2026-09-28T15:20:56.267+00:00,2212.404,RX,baseline,00114549,1,5,01 00 00 49 45
2026-09-28T15:20:56.272+00:00,2217.171,RX,baseline,00015579,1,7,01 00 00 0F 03 79 55
2026-09-28T15:20:56.272+00:00,2217.400,RX,baseline,00115579,1,5,01 00 00 79 55
2026-09-28T15:20:56.277+00:00,2222.178,RX,baseline,000199C3,1,7,01 00 00 0F 03 C3 99
2026-09-28T15:20:56.277+00:00,2222.399,RX,baseline,001199C3,1,5,01 00 00 C3 99
2026-09-28T15:20:56.282+00:00,2227.120,RX,baseline,00015F43,1,7,01 00 00 0F 03 43 5F
2026-09-28T15:20:56.282+00:00,2227.390,RX,baseline,00115F43,1,5,01 00 00 43 5F
2026-09-28T15:20:56.287+00:00,2232.188,RX,baseline,0001BCE5,1,7,01 00 00 0F 03 E5 BC
2026-09-28T15:20:56.287+00:00,2232.394,RX,baseline,0011BCE5,1,5,01 00 00 E5 BC
2026-09-28T15:20:56.292+00:00,2237.159,RX,baseline,00019D6E,1,7,01 00 00 0F 03 6E 9D
2026-09-28T15:20:56.292+00:00,2237.398,RX,baseline,00119D6E,1,5,01 00 00 6E 9D
2026-09-28T15:20:56.297+00:00,2242.376,RX,baseline,0001A218,1,7,01 00 00 0F 03 18 A2
2026-09-28T15:20:56.297+00:00,2242.464,RX,baseline,0011A218,1,5,01 00 00 18 A2
2026-09-28T15:20:56.302+00:00,2247.254,RX,baseline,0001E9DC,1,7,01 00 00 0F 03 DC E9
2026-09-28T15:20:56.302+00:00,2247.310,RX,baseline,0011E9DC,1,5,01 00 00 DC E9
2026-09-28T15:20:56.307+00:00,2252.339,RX,baseline,00012460,1,7,01 00 00 0F 03 60 24
2026-09-28T15:20:56.307+00:00,2252.430,RX,baseline,00112460,1,5,01 00 00 60 24
2026-09-28T15:20:56.312+00:00,2257.381,RX,baseline,0001A832,1,7,01 00 00 0F 03 32 A8
2026-09-28T15:20:56.312+00:00,2257.466,RX,baseline,0011A832,1,5,01 00 00 32 A8
2026-09-28T15:20:56.317+00:00,2262.319,RX,baseline,00012A2E,1,7,01 00 00 0F 03 2E 2A
2026-09-28T15:20:56.317+00:00,2262.412,RX,baseline,00112A2E,1,5,01 00 00 2E 2A
2026-09-28T15:20:56.322+00:00,2267.303,RX,baseline,0001A4E9,1,7,01 00 00 0F 03 E9 A4
2026-09-28T15:20:56.322+00:00,2267.461,RX,baseline,0011A4E9,1,5,01 00 00 E9 A4
2026-09-28T15:20:56.327+00:00,2272.260,RX,baseline,0001E19D,1,7,01 00 00 0F 03 9D E1
2026-09-28T15:20:56.327+00:00,2272.410,RX,baseline,0011E19D,1,5,01 00 00 9D E1
2026-09-28T15:20:56.332+00:00,2277.122,RX,baseline,0001C6D6,1,7,01 00 00 0F 03 D6 C6
2026-09-28T15:20:56.332+00:00,2277.396,RX,baseline,0011C6D6,1,5,01 00 00 D6 C6
2026-09-28T15:20:56.337+00:00,2282.154,RX,baseline,0001E1B1,1,7,01 00 00 0F 03 B1 E1
2026-09-28T15:20:56.337+00:00,2282.400,RX,baseline,0011E1B1,1,5,01 00 00 B1 E1
2026-09-28T15:20:56.342+00:00,2287.117,RX,baseline,00013B5D,1,7,01 00 00 0F 03 5D 3B
2026-09-28T15:20:56.342+00:00,2287.349,RX,baseline,00113B5D,1,5,01 00 00 5D 3B
2026-09-28T15:20:56.347+00:00,2292.088,RX,baseline,000198C6,1,7,01 00 00 0F 03 C6 98
2026-09-28T15:20:56.347+00:00,2292.441,RX,baseline,001198C6,1,5,01 00 00 C6 98
2026-09-28T15:20:56.352+00:00,2297.269,RX,baseline,0001E025,1,7,01 00 00 0F 03 25 E0
2026-09-28T15:20:56.352+00:00,2297.313,RX,baseline,0011E025,1,5,01 00 00 25 E0
2026-09-28T15:20:56.357+00:00,2302.265,RX,baseline,0001DE57,1,7,01 00 00 0F 03 57 DE
2026-09-28T15:20:56.357+00:00,2302.309,RX,baseline,0011DE57,1,5,01 00 00 57 DE
2026-09-28T15:20:56.362+00:00,2307.268,RX,baseline,0001460B,1,7,01 00 00 0F 03 0B 46
2026-09-28T15:20:56.362+00:00,2307.463,RX,baseline,0011460B,1,5,01 00 00 0B 46
2026-09-28T15:20:56.367+00:00,2312.249,RX,baseline,000131C2,1,7,01 00 00 0F 03 C2 31
2026-09-28T15:20:56.367+00:00,2312.294,RX,baseline,001131C2,1,5,01 00 00 C2 31
2026-09-28T15:20:56.372+00:00,2317.232,RX,baseline,00010BA6,1,7,01 00 00 0F 03 A6 0B
2026-09-28T15:20:56.372+00:00,2317.288,RX,baseline,00110BA6,1,5,01 00 00 A6 0B
2026-09-28T15:20:56.377+00:00,2322.229,RX,baseline,000129B4,1,7,01 00 00 0F 03 B4 29
2026-09-28T15:20:56.377+00:00,2322.284,RX,baseline,001129B4,1,5,01 00 00 B4 29
2026-09-28T15:20:56.382+00:00,2327.180,RX,baseline,00014693,1,7,01 00 00 0F 03 93 46
2026-09-28T15:20:56.382+00:00,2327.418,RX,baseline,00114693,1,5,01 00 00 93 46
2026-09-28T15:20:56.387+00:00,2332.228,RX,baseline,0001F767,1,7,01 00 00 0F 03 67 F7
2026-09-28T15:20:56.387+00:00,2332.502,RX,baseline,0011F767,1,5,01 00 00 67 F7
2026-09-28T15:20:56.392+00:00,2337.153,RX,baseline,00019568,1,7,01 00 00 0F 03 68 95
2026-09-28T15:20:56.392+00:00,2337.352,RX,baseline,00119568,1,5,01 00 00 68 95
2026-09-28T15:20:56.397+00:00,2342.098,RX,baseline,00014ACE,1,7,01 00 00 0F 03 CE 4A
2026-09-28T15:20:56.397+00:00,2342.349,RX,baseline,00114ACE,1,5,01 00 00 CE 4A
2026-09-28T15:20:56.402+00:00,2347.155,RX,baseline,000140FF,1,7,01 00 00 0F 03 FF 40
2026-09-28T15:20:56.402+00:00,2347.367,RX,baseline,001140FF,1,5,01 00 00 FF 40
2026-09-28T15:20:56.407+00:00,2352.193,RX,baseline,0001946F,1,7,01 00 00 0F 03 6F 94
2026-09-28T15:20:56.407+00:00,2352.402,RX,baseline,0011946F,1,5,01 00 00 6F 94
2026-09-28T15:20:56.412+00:00,2357.173,RX,baseline,00017E7B,1,7,01 00 00 0F 03 7B 7E
2026-09-28T15:20:56.412+00:00,2357.399,RX,baseline,00117E7B,1,5,01 00 00 7B 7E
2026-09-28T15:20:56.417+00:00,2362.219,RX,baseline,0001E370,1,7,01 00 00 0F 03 70 E3
2026-09-28T15:20:56.417+00:00,2362.348,RX,baseline,0011E370,1,5,01 00 00 70 E3
2026-09-28T15:20:56.422+00:00,2367.149,RX,baseline,0001C42C,1,7,01 00 00 0F 03 2C C4
2026-09-28T15:20:56.422+00:00,2367.479,RX,baseline,0011C42C,1,5,01 00 00 2C C4
2026-09-28T15:20:56.427+00:00,2372.210,RX,baseline,0001422A,1,7,01 00 00 0F 03 2A 42
2026-09-28T15:20:56.427+00:00,2372.307,RX,baseline,0011422A,1,5,01 00 00 2A 42
2026-09-28T15:20:56.432+00:00,2377.349,RX,baseline,0001BE3F,1,7,01 00 00 0F 03 3F BE
2026-09-28T15:20:56.432+00:00,2377.438,RX,baseline,0011BE3F,1,5,01 00 00 3F BE
2026-09-28T15:20:56.437+00:00,2382.294,RX,baseline,0001313E,1,7,01 00 00 0F 03 3E 31
2026-09-28T15:20:56.437+00:00,2382.384,RX,baseline,0011313E,1,5,01 00 00 3E 31
2026-09-28T15:20:56.442+00:00,2387.131,RX,baseline,000184E9,1,7,01 00 00 0F 03 E9 84
2026-09-28T15:20:56.442+00:00,2387.371,RX,baseline,001184E9,1,5,01 00 00 E9 84
2026-09-28T15:20:56.447+00:00,2392.202,RX,baseline,0001B4F8,1,7,01 00 00 0F 03 F8 B4
2026-09-28T15:20:56.447+00:00,2392.299,RX,baseline,0011B4F8,1,5,01 00 00 F8 B4
2026-09-28T15:20:56.452+00:00,2397.081,RX,baseline,00019460,1,7,01 00 00 0F 03 60 94
2026-09-28T15:20:56.452+00:00,2397.339,RX,baseline,00119460,1,5,01 00 00 60 94
2026-09-28T15:20:56.457+00:00,2402.114,RX,baseline,0001AE8C,1,7,01 00 00 0F 03 8C AE
2026-09-28T15:20:56.457+00:00,2402.397,RX,baseline,0011AE8C,1,5,01 00 00 8C AE
2026-09-28T15:20:56.462+00:00,2407.078,RX,baseline,00015FE1,1,7,01 00 00 0F 03 E1 5F
2026-09-28T15:20:56.462+00:00,2407.354,RX,baseline,00115FE1,1,5,01 00 00 E1 5F
2026-09-28T15:20:56.467+00:00,2412.083,RX,baseline,00013E73,1,7,01 00 00 0F 03 73 3E
2026-09-28T15:20:56.467+00:00,2412.421,RX,baseline,00113E73,1,5,01 00 00 73 3E
2026-09-28T15:20:56.472+00:00,2417.165,RX,baseline,0001D79C,1,7,01 00 00 0F 03 9C D7
2026-09-28T15:20:56.472+00:00,2417.395,RX,baseline,0011D79C,1,5,01 00 00 9C D7
2026-09-28T15:20:56.477+00:00,2422.098,RX,baseline,00018EED,1,7,01 00 00 0F 03 ED 8E
2026-09-28T15:20:56.477+00:00,2422.348,RX,baseline,00118EED,1,5,01 00 00 ED 8E
2026-09-28T15:20:56.482+00:00,2427.079,RX,baseline,0001F238,1,7,01 00 00 0F 03 38 F2
2026-09-28T15:20:56.482+00:00,2427.347,RX,baseline,0011F238,1,5,01 00 00 38 F2
2026-09-28T15:20:56.487+00:00,2432.096,RX,baseline,0001DD6F,1,7,01 00 00 0F 03 6F DD
2026-09-28T15:20:56.487+00:00,2432.349,RX,baseline,0011DD6F,1,5,01 00 00 6F DD
2026-09-28T15:20:56.492+00:00,2437.368,RX,baseline,00013D4A,1,7,01 00 00 0F 03 4A 3D
2026-09-28T15:20:56.492+00:00,2437.448,RX,baseline,00113D4A,1,5,01 00 00 4A 3D
2026-09-28T15:20:56.497+00:00,2442.234,RX,baseline,0001578D,1,7,01 00 00 0F 03 8D 57
2026-09-28T15:20:56.497+00:00,2442.278,RX,baseline,0011578D,1,5,01 00 00 8D 57
2026-09-28T15:20:56.502+00:00,2447.384,RX,baseline,0001A4F6,1,7,01 00 00 0F 03 F6 A4
2026-09-28T15:20:56.502+00:00,2447.485,RX,baseline,0011A4F6,1,5,01 00 00 F6 A4
2026-09-28T15:20:56.507+00:00,2452.246,RX,baseline,00014FA2,1,7,01 00 00 0F 03 A2 4F
2026-09-28T15:20:56.507+00:00,2452.291,RX,baseline,00114FA2,1,5,01 00 00 A2 4F
2026-09-28T15:20:56.512+00:00,2457.334,RX,baseline,0001BD9A,1,7,01 00 00 0F 03 9A BD
2026-09-28T15:20:56.512+00:00,2457.415,RX,baseline,0011BD9A,1,5,01 00 00 9A BD
2026-09-28T15:20:56.517+00:00,2462.238,RX,baseline,00017F3E,1,7,01 00 00 0F 03 3E 7F
2026-09-28T15:20:56.517+00:00,2462.283,RX,baseline,00117F3E,1,5,01 00 00 3E 7F
2026-09-28T15:20:56.522+00:00,2467.294,RX,baseline,00015327,1,7,01 00 00 0F 03 27 53
2026-09-28T15:20:56.522+00:00,2467.394,RX,baseline,00115327,1,5,01 00 00 27 53
2026-09-28T15:20:56.527+00:00,2472.307,RX,baseline,00010D21,1,7,01 00 00 0F 03 21 0D
2026-09-28T15:20:56.527+00:00,2472.424,RX,baseline,00110D21,1,5,01 00 00 21 0D
2026-09-28T15:20:56.532+00:00,2477.048,RX,baseline,0001CC9C,1,7,01 00 00 0F 03 9C CC
2026-09-28T15:20:56.532+00:00,2477.340,RX,baseline,0011CC9C,1,5,01 00 00 9C CC
2026-09-28T15:20:56.537+00:00,2482.175,RX,baseline,0001DA53,1,7,01 00 00 0F 03 53 DA
2026-09-28T15:20:56.537+00:00,2482.355,RX,baseline,0011DA53,1,5,01 00 00 53 DA
2026-09-28T15:20:56.542+00:00,2487.181,RX,baseline,000126BE,1,7,01 00 00 0F 03 BE 26
2026-09-28T15:20:56.542+00:00,2487.460,RX,baseline,001126BE,1,5,01 00 00 BE 26
2026-09-28T15:20:56.547+00:00,2492.226,RX,baseline,00018591,1,7,01 00 00 0F 03 91 85
2026-09-28T15:20:56.547+00:00,2492.298,RX,baseline,00118591,1,5,01 00 00 91 85
2026-09-28T15:20:56.552+00:00,2497.062,RX,baseline,0001C401,1,7,01 00 00 0F 03 01 C4
2026-09-28T15:20:56.552+00:00,2497.421,RX,baseline,0011C401,1,5,01 00 00 01 C4
2026-09-28T15:20:56.557+00:00,2502.238,RX,baseline,0001562F,1,7,01 00 00 0F 03 2F 56
2026-09-28T15:20:56.557+00:00,2502.361,RX,baseline,0011562F,1,5,01 00 00 2F 56
2026-09-28T15:20:56.562+00:00,2507.280,RX,baseline,0001683D,1,7,01 00 00 0F 03 3D 68
2026-09-28T15:20:56.562+00:00,2507.367,RX,baseline,0011683D,1,5,01 00 00 3D 68
2026-09-28T15:20:56.567+00:00,2512.223,RX,baseline,0001FF1A,1,7,01 00 00 0F 03 1A FF
2026-09-28T15:20:56.567+00:00,2512.304,RX,baseline,0011FF1A,1,5,01 00 00 1A FF
2026-09-28T15:20:56.572+00:00,2517.281,RX,baseline,000115A4,1,7,01 00 00 0F 03 A4 15
2026-09-28T15:20:56.572+00:00,2517.419,RX,baseline,001115A4,1,5,01 00 00 A4 15
2026-09-28T15:20:56.577+00:00,2522.228,RX,baseline,0001609B,1,7,01 00 00 0F 03 9B 60
2026-09-28T15:20:56.577+00:00,2522.299,RX,baseline,0011609B,1,5,01 00 00 9B 60
2026-09-28T15:20:56.582+00:00,2527.327,RX,baseline,00015116,1,7,01 00 00 0F 03 16 51
2026-09-28T15:20:56.582+00:00,2527.414,RX,baseline,00115116,1,5,01 00 00 16 51
2026-09-28T15:20:56.587+00:00,2532.237,RX,baseline,0001B71A,1,7,01 00 00 0F 03 1A B7
2026-09-28T15:20:56.587+00:00,2532.326,RX,baseline,0011B71A,1,5,01 00 00 1A B7
2026-09-28T15:20:56.592+00:00,2537.206,RX,baseline,0001B2C6,1,7,01 00 00 0F 03 C6 B2
2026-09-28T15:20:56.592+00:00,2537.366,RX,baseline,0011B2C6,1,5,01 00 00 C6 B2
2026-09-28T15:20:56.597+00:00,2542.058,RX,baseline,00019EDB,1,7,01 00 00 0F 03 DB 9E
2026-09-28T15:20:56.597+00:00,2542.347,RX,baseline,00119EDB,1,5,01 00 00 DB 9E
2026-09-28T15:20:56.602+00:00,2547.155,RX,baseline,0001DCCE,1,7,01 00 00 0F 03 CE DC
2026-09-28T15:20:56.602+00:00,2547.349,RX,baseline,0011DCCE,1,5,01 00 00 CE DC
2026-09-28T15:20:56.607+00:00,2552.049,RX,baseline,0001049D,1,7,01 00 00 0F 03 9D 04
2026-09-28T15:20:56.607+00:00,2552.348,RX,baseline,0011049D,1,5,01 00 00 9D 04
2026-09-28T15:20:56.612+00:00,2557.159,RX,baseline,00014C1B,1,7,01 00 00 0F 03 1B 4C
2026-09-28T15:20:56.612+00:00,2557.350,RX,baseline,00114C1B,1,5,01 00 00 1B 4C
2026-09-28T15:20:56.617+00:00,2562.075,RX,baseline,00014C7F,1,7,01 00 00 0F 03 7F 4C
2026-09-28T15:20:56.617+00:00,2562.349,RX,baseline,00114C7F,1,5,01 00 00 7F 4C
2026-09-28T15:20:56.622+00:00,2567.061,RX,baseline,000190E5,1,7,01 00 00 0F 03 E5 90
2026-09-28T15:20:56.622+00:00,2567.348,RX,baseline,001190E5,1,5,01 00 00 E5 90
2026-09-28T15:20:56.627+00:00,2572.175,RX,baseline,0001508E,1,7,01 00 00 0F 03 8E 50
2026-09-28T15:20:56.627+00:00,2572.336,RX,baseline,0011508E,1,5,01 00 00 8E 50
2026-09-28T15:20:56.632+00:00,2577.068,RX,baseline,0001B688,1,7,01 00 00 0F 03 88 B6
2026-09-28T15:20:56.632+00:00,2577.446,RX,baseline,0011B688,1,5,01 00 00 88 B6
2026-09-28T15:20:56.637+00:00,2582.244,RX,baseline,000105F9,1,7,01 00 00 0F 03 F9 05
2026-09-28T15:20:56.637+00:00,2582.314,RX,baseline,001105F9,1,5,01 00 00 F9 05
2026-09-28T15:20:56.642+00:00,2587.207,RX,baseline,00015778,1,7,01 00 00 0F 03 78 57
2026-09-28T15:20:56.642+00:00,2587.366,RX,baseline,00115778,1,5,01 00 00 78 57
2026-09-28T15:20:56.647+00:00,2592.081,RX,baseline,00013BAD,1,7,01 00 00 0F 03 AD 3B
2026-09-28T15:20:56.647+00:00,2592.349,RX,baseline,00113BAD,1,5,01 00 00 AD 3B
2026-09-28T15:20:56.652+00:00,2597.061,RX,baseline,00011CA9,1,7,01 00 00 0F 03 A9 1C
2026-09-28T15:20:56.652+00:00,2597.348,RX,baseline,00111CA9,1,5,01 00 00 A9 1C
2026-09-28T15:20:56.657+00:00,2602.073,RX,baseline,00012AF1,1,7,01 00 00 0F 03 F1 2A
2026-09-28T15:20:56.657+00:00,2602.347,RX,baseline,00112AF1,1,5,01 00 00 F1 2A
2026-09-28T15:20:56.662+00:00,2607.119,RX,baseline,00013CA2,1,7,01 00 00 0F 03 A2 3C
2026-09-28T15:20:56.662+00:00,2607.348,RX,baseline,00113CA2,1,5,01 00 00 A2 3C
2026-09-28T15:20:56.667+00:00,2612.100,RX,baseline,0001863F,1,7,01 00 00 0F 03 3F 86
2026-09-28T15:20:56.667+00:00,2612.340,RX,baseline,0011863F,1,5,01 00 00 3F 86
2026-09-28T15:20:56.672+00:00,2617.051,RX,baseline,00017114,1,7,01 00 00 0F 03 14 71
2026-09-28T15:20:56.672+00:00,2617.341,RX,baseline,00117114,1,5,01 00 00 14 71
2026-09-28T15:20:56.677+00:00,2622.076,RX,baseline,0001785B,1,7,01 00 00 0F 03 5B 78
2026-09-28T15:20:56.677+00:00,2622.347,RX,baseline,0011785B,1,5,01 00 00 5B 78
2026-09-28T15:20:56.682+00:00,2627.074,RX,baseline,00015EA6,1,7,01 00 00 0F 03 A6 5E
2026-09-28T15:20:56.682+00:00,2627.347,RX,baseline,00115EA6,1,5,01 00 00 A6 5E
2026-09-28T15:20:56.687+00:00,2632.156,RX,baseline,00015587,1,7,01 00 00 0F 03 87 55
2026-09-28T15:20:56.687+00:00,2632.361,RX,baseline,00115587,1,5,01 00 00 87 55
2026-09-28T15:20:56.692+00:00,2637.337,RX,baseline,0001A15F,1,7,01 00 00 0F 03 5F A1
2026-09-28T15:20:56.692+00:00,2637.424,RX,baseline,0011A15F,1,5,01 00 00 5F A1
2026-09-28T15:20:56.697+00:00,2642.251,RX,baseline,0001AE44,1,7,01 00 00 0F 03 44 AE
2026-09-28T15:20:56.697+00:00,2642.332,RX,baseline,0011AE44,1,5,01 00 00 44 AE
2026-09-28T15:20:56.702+00:00,2647.341,RX,baseline,000198CE,1,7,01 00 00 0F 03 CE 98
2026-09-28T15:20:56.702+00:00,2647.458,RX,baseline,001198CE,1,5,01 00 00 CE 98
2026-09-28T15:20:56.707+00:00,2652.245,RX,baseline,000126F7,1,7,01 00 00 0F 03 F7 26
2026-09-28T15:20:56.707+00:00,2652.324,RX,baseline,001126F7,1,5,01 00 00 F7 26
2026-09-28T15:20:56.712+00:00,2657.270,RX,baseline,0001F9E1,1,7,01 00 00 0F 03 E1 F9
2026-09-28T15:20:56.712+00:00,2657.355,RX,baseline,0011F9E1,1,5,01 00 00 E1 F9
2026-09-28T15:20:56.717+00:00,2662.264,RX,baseline,00010570,1,7,01 00 00 0F 03 70 05
2026-09-28T15:20:56.717+00:00,2662.358,RX,baseline,00110570,1,5,01 00 00 70 05
2026-09-28T15:20:56.722+00:00,2667.274,RX,baseline,00017110,1,7,01 00 00 0F 03 10 71
2026-09-28T15:20:56.722+00:00,2667.358,RX,baseline,00117110,1,5,01 00 00 10 71
2026-09-28T15:20:56.727+00:00,2672.282,RX,baseline,0001D125,1,7,01 00 00 0F 03 25 D1
2026-09-28T15:20:56.727+00:00,2672.402,RX,baseline,0011D125,1,5,01 00 00 25 D1
2026-09-28T15:20:56.732+00:00,2677.110,RX,baseline,0001663B,1,7,01 00 00 0F 03 3B 66
2026-09-28T15:20:56.732+00:00,2677.344,RX,baseline,0011663B,1,5,01 00 00 3B 66
2026-09-28T15:20:56.737+00:00,2682.142,RX,baseline,0001CCA4,1,7,01 00 00 0F 03 A4 CC
2026-09-28T15:20:56.737+00:00,2682.343,RX,baseline,0011CCA4,1,5,01 00 00 A4 CC
2026-09-28T15:20:56.742+00:00,2687.209,RX,baseline,0001D875,1,7,01 00 00 0F 03 75 D8
2026-09-28T15:20:56.742+00:00,2687.333,RX,baseline,0011D875,1,5,01 00 00 75 D8
2026-09-28T15:20:56.747+00:00,2692.210,RX,baseline,0001BE7E,1,7,01 00 00 0F 03 7E BE
2026-09-28T15:20:56.747+00:00,2692.285,RX,baseline,0011BE7E,1,5,01 00 00 7E BE
2026-09-28T15:20:56.752+00:00,2697.185,RX,baseline,0001D295,1,7,01 00 00 0F 03 95 D2
2026-09-28T15:20:56.752+00:00,2697.378,RX,baseline,0011D295,1,5,01 00 00 95 D2
2026-09-28T15:20:56.757+00:00,2702.210,RX,baseline,0001F1C2,1,7,01 00 00 0F 03 C2 F1
2026-09-28T15:20:56.757+00:00,2702.360,RX,baseline,0011F1C2,1,5,01 00 00 C2 F1
2026-09-28T15:20:56.762+00:00,2707.176,RX,baseline,00010639,1,7,01 00 00 0F 03 39 06
2026-09-28T15:20:56.762+00:00,2707.465,RX,baseline,00110639,1,5,01 00 00 39 06
2026-09-28T15:20:56.767+00:00,2712.209,RX,baseline,0001CDBC,1,7,01 00 00 0F 03 BC CD
2026-09-28T15:20:56.767+00:00,2712.296,RX,baseline,0011CDBC,1,5,01 00 00 BC CD
2026-09-28T15:20:56.772+00:00,2717.186,RX,baseline,000165A8,1,7,01 00 00 0F 03 A8 65
2026-09-28T15:20:56.772+00:00,2717.403,RX,baseline,001165A8,1,5,01 00 00 A8 65
2026-09-28T15:20:56.777+00:00,2722.182,RX,baseline,00019E99,1,7,01 00 00 0F 03 99 9E
2026-09-28T15:20:56.777+00:00,2722.311,RX,baseline,00119E99,1,5,01 00 00 99 9E
2026-09-28T15:20:56.782+00:00,2727.180,RX,baseline,000129B1,1,7,01 00 00 0F 03 B1 29
2026-09-28T15:20:56.782+00:00,2727.405,RX,baseline,001129B1,1,5,01 00 00 B1 29
2026-09-28T15:20:56.787+00:00,2732.200,RX,baseline,00018418,1,7,01 00 00 0F 03 18 84
2026-09-28T15:20:56.787+00:00,2732.290,RX,baseline,00118418,1,5,01 00 00 18 84
2026-09-28T15:20:56.792+00:00,2737.057,RX,baseline,0001E77E,1,7,01 00 00 0F 03 7E E7
2026-09-28T15:20:56.792+00:00,2737.276,RX,baseline,0011E77E,1,5,01 00 00 7E E7
2026-09-28T15:20:56.797+00:00,2742.127,RX,baseline,0001B578,1,7,01 00 00 0F 03 78 B5
2026-09-28T15:20:56.797+00:00,2742.343,RX,baseline,0011B578,1,5,01 00 00 78 B5
2026-09-28T15:20:56.802+00:00,2747.084,RX,baseline,000172F0,1,7,01 00 00 0F 03 F0 72
2026-09-28T15:20:56.802+00:00,2747.339,RX,baseline,001172F0,1,5,01 00 00 F0 72
2026-09-28T15:20:56.807+00:00,2752.036,RX,baseline,0001113F,1,7,01 00 00 0F 03 3F 11
2026-09-28T15:20:56.807+00:00,2752.338,RX,baseline,0011113F,1,5,01 00 00 3F 11
2026-09-28T15:20:56.812+00:00,2757.136,RX,baseline,000104FB,1,7,01 00 00 0F 03 FB 04
2026-09-28T15:20:56.812+00:00,2757.358,RX,baseline,001104FB,1,5,01 00 00 FB 04
2026-09-28T15:20:56.817+00:00,2762.090,RX,baseline,00017187,1,7,01 00 00 0F 03 87 71
2026-09-28T15:20:56.817+00:00,2762.338,RX,baseline,00117187,1,5,01 00 00 87 71
2026-09-28T15:20:56.822+00:00,2767.102,RX,baseline,00019E27,1,7,01 00 00 0F 03 27 9E
2026-09-28T15:20:56.822+00:00,2767.352,RX,baseline,00119E27,1,5,01 00 00 27 9E
2026-09-28T15:20:56.827+00:00,2772.134,RX,baseline,00016105,1,7,01 00 00 0F 03 05 61
2026-09-28T15:20:56.827+00:00,2772.345,RX,baseline,00116105,1,5,01 00 00 05 61
2026-09-28T15:20:56.832+00:00,2777.242,RX,baseline,0001A01A,1,7,01 00 00 0F 03 1A A0
2026-09-28T15:20:56.832+00:00,2777.396,RX,baseline,0011A01A,1,5,01 00 00 1A A0
2026-09-28T15:20:56.837+00:00,2782.289,RX,baseline,0001F2D5,1,7,01 00 00 0F 03 D5 F2
2026-09-28T15:20:56.837+00:00,2782.356,RX,baseline,0011F2D5,1,5,01 00 00 D5 F2
2026-09-28T15:20:56.842+00:00,2787.202,RX,baseline,000105D0,1,7,01 00 00 0F 03 D0 05
2026-09-28T15:20:56.842+00:00,2787.388,RX,baseline,001105D0,1,5,01 00 00 D0 05
2026-09-28T15:20:56.847+00:00,2792.048,RX,baseline,00012ADB,1,7,01 00 00 0F 03 DB 2A
2026-09-28T15:20:56.847+00:00,2792.339,RX,baseline,00112ADB,1,5,01 00 00 DB 2A
2026-09-28T15:20:56.852+00:00,2797.017,RX,baseline,000124F7,1,7,01 00 00 0F 03 F7 24
2026-09-28T15:20:56.852+00:00,2797.338,RX,baseline,001124F7,1,5,01 00 00 F7 24
2026-09-28T15:20:56.857+00:00,2802.023,RX,baseline,0001C631,1,7,01 00 00 0F 03 31 C6
2026-09-28T15:20:56.857+00:00,2802.338,RX,baseline,0011C631,1,5,01 00 00 31 C6
2026-09-28T15:20:56.862+00:00,2807.017,RX,baseline,00013F89,1,7,01 00 00 0F 03 89 3F
2026-09-28T15:20:56.862+00:00,2807.338,RX,baseline,00113F89,1,5,01 00 00 89 3F
2026-09-28T15:20:56.867+00:00,2812.030,RX,baseline,0001F300,1,7,01 00 00 0F 03 00 F3
2026-09-28T15:20:56.867+00:00,2812.251,RX,baseline,0011F300,1,5,01 00 00 00 F3
2026-09-28T15:20:56.872+00:00,2817.041,RX,baseline,0001D390,1,7,01 00 00 0F 03 90 D3
2026-09-28T15:20:56.872+00:00,2817.338,RX,baseline,0011D390,1,5,01 00 00 90 D3
2026-09-28T15:20:56.877+00:00,2822.025,RX,baseline,00017CB8,1,7,01 00 00 0F 03 B8 7C
2026-09-28T15:20:56.877+00:00,2822.338,RX,baseline,00117CB8,1,5,01 00 00 B8 7C
2026-09-28T15:20:56.882+00:00,2827.084,RX,baseline,000103C0,1,7,01 00 00 0F 03 C0 03
2026-09-28T15:20:56.882+00:00,2827.324,RX,baseline,001103C0,1,5,01 00 00 C0 03
2026-09-28T15:20:56.887+00:00,2832.042,RX,baseline,00013979,1,7,01 00 00 0F 03 79 39
2026-09-28T15:20:56.887+00:00,2832.242,RX,baseline,00113979,1,5,01 00 00 79 39
2026-09-28T15:20:56.892+00:00,2837.292,RX,baseline,00010E49,1,7,01 00 00 0F 03 49 0E
2026-09-28T15:20:56.892+00:00,2837.373,RX,baseline,00110E49,1,5,01 00 00 49 0E
2026-09-28T15:20:56.897+00:00,2842.221,RX,baseline,00014331,1,7,01 00 00 0F 03 31 43
2026-09-28T15:20:56.897+00:00,2842.314,RX,baseline,00114331,1,5,01 00 00 31 43
2026-09-28T15:20:56.902+00:00,2847.198,RX,baseline,0001FC12,1,7,01 00 00 0F 03 12 FC
2026-09-28T15:20:56.902+00:00,2847.294,RX,baseline,0011FC12,1,5,01 00 00 12 FC
2026-09-28T15:20:56.907+00:00,2852.205,RX,baseline,00017AC0,1,7,01 00 00 0F 03 C0 7A
2026-09-28T15:20:56.907+00:00,2852.325,RX,baseline,00117AC0,1,5,01 00 00 C0 7A
2026-09-28T15:20:56.912+00:00,2857.071,RX,baseline,0001B934,1,7,01 00 00 0F 03 34 B9
2026-09-28T15:20:56.912+00:00,2857.270,RX,baseline,0011B934,1,5,01 00 00 34 B9
2026-09-28T15:20:56.917+00:00,2862.007,RX,baseline,0001591B,1,7,01 00 00 0F 03 1B 59
2026-09-28T15:20:56.917+00:00,2862.384,RX,baseline,0011591B,1,5,01 00 00 1B 59
2026-09-28T15:20:56.922+00:00,2867.164,RX,baseline,00019473,1,7,01 00 00 0F 03 73 94
2026-09-28T15:20:56.922+00:00,2867.279,RX,baseline,00119473,1,5,01 00 00 73 94
2026-09-28T15:20:56.927+00:00,2872.136,RX,baseline,00012E3E,1,7,01 00 00 0F 03 3E 2E
2026-09-28T15:20:56.927+00:00,2872.309,RX,baseline,00112E3E,1,5,01 00 00 3E 2E
2026-09-28T15:20:56.932+00:00,2877.112,RX,baseline,00017A0D,1,7,01 00 00 0F 03 0D 7A
2026-09-28T15:20:56.932+00:00,2877.217,RX,baseline,00117A0D,1,5,01 00 00 0D 7A
2026-09-28T15:20:56.937+00:00,2882.188,RX,baseline,0001C381,1,7,01 00 00 0F 03 81 C3
2026-09-28T15:20:56.937+00:00,2882.233,RX,baseline,0011C381,1,5,01 00 00 81 C3
2026-09-28T15:20:56.942+00:00,2887.115,RX,baseline,0001C70D,1,7,01 00 00 0F 03 0D C7
2026-09-28T15:20:56.942+00:00,2887.228,RX,baseline,0011C70D,1,5,01 00 00 0D C7
2026-09-28T15:20:56.947+00:00,2892.088,RX,baseline,0001F27A,1,7,01 00 00 0F 03 7A F2
2026-09-28T15:20:56.947+00:00,2892.347,RX,baseline,0011F27A,1,5,01 00 00 7A F2
2026-09-28T15:20:56.952+00:00,2897.145,RX,baseline,00010D07,1,7,01 00 00 0F 03 07 0D
2026-09-28T15:20:56.952+00:00,2897.232,RX,baseline,00110D07,1,5,01 00 00 07 0D
2026-09-28T15:20:56.957+00:00,2902.148,RX,baseline,0001BF94,1,7,01 00 00 0F 03 94 BF
2026-09-28T15:20:56.957+00:00,2902.244,RX,baseline,0011BF94,1,5,01 00 00 94 BF
2026-09-28T15:20:56.962+00:00,2907.134,RX,baseline,0001E2E9,1,7,01 00 00 0F 03 E9 E2
2026-09-28T15:20:56.962+00:00,2907.218,RX,baseline,0011E2E9,1,5,01 00 00 E9 E2
2026-09-28T15:20:56.967+00:00,2912.128,RX,baseline,0001930E,1,7,01 00 00 0F 03 0E 93
2026-09-28T15:20:56.967+00:00,2912.349,RX,baseline,0011930E,1,5,01 00 00 0E 93
2026-09-28T15:20:56.972+00:00,2917.137,RX,baseline,00019648,1,7,01 00 00 0F 03 48 96
2026-09-28T15:20:56.972+00:00,2917.377,RX,baseline,00119648,1,5,01 00 00 48 96
2026-09-28T15:20:56.977+00:00,2922.057,RX,baseline,000158F6,1,7,01 00 00 0F 03 F6 58
2026-09-28T15:20:56.977+00:00,2922.346,RX,baseline,001158F6,1,5,01 00 00 F6 58
2026-09-28T15:20:56.982+00:00,2927.129,RX,baseline,0001694E,1,7,01 00 00 0F 03 4E 69
2026-09-28T15:20:56.982+00:00,2927.246,RX,baseline,0011694E,1,5,01 00 00 4E 69
2026-09-28T15:20:56.987+00:00,2932.064,RX,baseline,0001045D,1,7,01 00 00 0F 03 5D 04
2026-09-28T15:20:56.987+00:00,2932.353,RX,baseline,0011045D,1,5,01 00 00 5D 04
2026-09-28T15:20:56.992+00:00,2937.177,RX,baseline,0001EC34,1,7,01 00 00 0F 03 34 EC
2026-09-28T15:20:56.992+00:00,2937.423,RX,baseline,0011EC34,1,5,01 00 00 34 EC
2026-09-28T15:20:56.997+00:00,2942.131,RX,baseline,00010FD6,1,7,01 00 00 0F 03 D6 0F
2026-09-28T15:20:56.997+00:00,2942.372,RX,baseline,00110FD6,1,5,01 00 00 D6 0F
2026-09-28T15:20:57.002+00:00,2946.995,RX,baseline,0001EDEC,1,7,01 00 00 0F 03 EC ED
2026-09-28T15:20:57.002+00:00,2947.248,RX,baseline,0011EDEC,1,5,01 00 00 EC ED
2026-09-28T15:20:57.007+00:00,2952.079,RX,baseline,0001A105,1,7,01 00 00 0F 03 05 A1
2026-09-28T15:20:57.007+00:00,2952.249,RX,baseline,0011A105,1,5,01 00 00 05 A1
2026-09-28T15:20:57.012+00:00,2956.996,RX,baseline,0001FA6C,1,7,01 00 00 0F 03 6C FA
2026-09-28T15:20:57.012+00:00,2957.245,RX,baseline,0011FA6C,1,5,01 00 00 6C FA
2026-09-28T15:20:57.017+00:00,2962.118,RX,baseline,00013EC0,1,7,01 00 00 0F 03 C0 3E
2026-09-28T15:20:57.017+00:00,2962.288,RX,baseline,00113EC0,1,5,01 00 00 C0 3E
2026-09-28T15:20:57.022+00:00,2967.153,RX,baseline,0001B5B7,1,7,01 00 00 0F 03 B7 B5
2026-09-28T15:20:57.022+00:00,2967.197,RX,baseline,0011B5B7,1,5,01 00 00 B7 B5
2026-09-28T15:20:57.027+00:00,2972.017,RX,baseline,00010914,1,7,01 00 00 0F 03 14 09
2026-09-28T15:20:57.027+00:00,2972.339,RX,baseline,00110914,1,5,01 00 00 14 09
2026-09-28T15:20:57.032+00:00,2977.019,RX,baseline,0001ED94,1,7,01 00 00 0F 03 94 ED
2026-09-28T15:20:57.032+00:00,2977.233,RX,baseline,0011ED94,1,5,01 00 00 94 ED
2026-09-28T15:20:57.037+00:00,2982.011,RX,baseline,0001D830,1,7,01 00 00 0F 03 30 D8
2026-09-28T15:20:57.037+00:00,2982.249,RX,baseline,0011D830,1,5,01 00 00 30 D8
2026-09-28T15:20:57.042+00:00,2987.219,RX,baseline,0001B894,1,7,01 00 00 0F 03 94 B8
2026-09-28T15:20:57.042+00:00,2987.316,RX,baseline,0011B894,1,5,01 00 00 94 B8
2026-09-28T15:20:57.047+00:00,2992.260,RX,baseline,000156FD,1,7,01 00 00 0F 03 FD 56
2026-09-28T15:20:57.047+00:00,2992.331,RX,baseline,001156FD,1,5,01 00 00 FD 56
2026-09-28T15:20:57.052+00:00,2997.215,RX,baseline,0001AFD7,1,7,01 00 00 0F 03 D7 AF
2026-09-28T15:20:57.052+00:00,2997.307,RX,baseline,0011AFD7,1,5,01 00 00 D7 AF
2026-09-28T15:20:57.057+00:00,3002.158,RX,baseline,0001E3EB,1,7,01 00 00 0F 03 EB E3
2026-09-28T15:20:57.057+00:00,3002.202,RX,baseline,0011E3EB,1,5,01 00 00 EB E3
2026-09-28T15:20:57.062+00:00,3007.323,RX,baseline,000159B5,1,7,01 00 00 0F 03 B5 59
2026-09-28T15:20:57.062+00:00,3007.405,RX,baseline,001159B5,1,5,01 00 00 B5 59
2026-09-28T15:20:57.067+00:00,3012.187,RX,baseline,00010A48,1,7,01 00 00 0F 03 48 0A
2026-09-28T15:20:57.067+00:00,3012.244,RX,baseline,00110A48,1,5,01 00 00 48 0A
2026-09-28T15:20:57.072+00:00,3017.209,RX,baseline,0001122B,1,7,01 00 00 0F 03 2B 12
2026-09-28T15:20:57.072+00:00,3017.301,RX,baseline,0011122B,1,5,01 00 00 2B 12
2026-09-28T15:20:57.077+00:00,3022.154,RX,baseline,0001EC0D,1,7,01 00 00 0F 03 0D EC
2026-09-28T15:20:57.077+00:00,3022.198,RX,baseline,0011EC0D,1,5,01 00 00 0D EC
2026-09-28T15:20:57.082+00:00,3027.226,RX,baseline,00013AC3,1,7,01 00 00 0F 03 C3 3A
2026-09-28T15:20:57.082+00:00,3027.323,RX,baseline,00113AC3,1,5,01 00 00 C3 3A
2026-09-28T15:20:57.087+00:00,3032.296,RX,baseline,0001480B,1,7,01 00 00 0F 03 0B 48
2026-09-28T15:20:57.087+00:00,3032.388,RX,baseline,0011480B,1,5,01 00 00 0B 48
2026-09-28T15:20:57.092+00:00,3037.262,RX,baseline,00013254,1,7,01 00 00 0F 03 54 32
2026-09-28T15:20:57.092+00:00,3037.334,RX,baseline,00113254,1,5,01 00 00 54 32
2026-09-28T15:20:57.097+00:00,3042.044,RX,baseline,0001D9E1,1,7,01 00 00 0F 03 E1 D9
2026-09-28T15:20:57.097+00:00,3042.224,RX,baseline,0011D9E1,1,5,01 00 00 E1 D9
2026-09-28T15:20:57.102+00:00,3047.047,RX,baseline,000101C0,1,7,01 00 00 0F 03 C0 01
2026-09-28T15:20:57.102+00:00,3047.251,RX,baseline,001101C0,1,5,01 00 00 C0 01
2026-09-28T15:20:57.107+00:00,3052.017,RX,baseline,0001BD1B,1,7,01 00 00 0F 03 1B BD
2026-09-28T15:20:57.107+00:00,3052.242,RX,baseline,0011BD1B,1,5,01 00 00 1B BD
2026-09-28T15:20:57.112+00:00,3057.051,RX,baseline,0001C9A9,1,7,01 00 00 0F 03 A9 C9
2026-09-28T15:20:57.112+00:00,3057.253,RX,baseline,0011C9A9,1,5,01 00 00 A9 C9
2026-09-28T15:20:57.117+00:00,3062.057,RX,baseline,00013A73,1,7,01 00 00 0F 03 73 3A
2026-09-28T15:20:57.117+00:00,3062.226,RX,baseline,00113A73,1,5,01 00 00 73 3A
2026-09-28T15:20:57.122+00:00,3067.089,RX,baseline,000145AA,1,7,01 00 00 0F 03 AA 45
2026-09-28T15:20:57.122+00:00,3067.259,RX,baseline,001145AA,1,5,01 00 00 AA 45
2026-09-28T15:20:57.127+00:00,3072.055,RX,baseline,0001CE01,1,7,01 00 00 0F 03 01 CE
2026-09-28T15:20:57.127+00:00,3072.224,RX,baseline,0011CE01,1,5,01 00 00 01 CE
2026-09-28T15:20:57.132+00:00,3077.132,RX,baseline,00016C98,1,7,01 00 00 0F 03 98 6C
2026-09-28T15:20:57.132+00:00,3077.318,RX,baseline,00116C98,1,5,01 00 00 98 6C
2026-09-28T15:20:57.137+00:00,3082.265,RX,baseline,0001FAE6,1,7,01 00 00 0F 03 E6 FA
2026-09-28T15:20:57.137+00:00,3082.344,RX,baseline,0011FAE6,1,5,01 00 00 E6 FA
2026-09-28T15:20:57.142+00:00,3087.153,RX,baseline,000141DF,1,7,01 00 00 0F 03 DF 41
2026-09-28T15:20:57.142+00:00,3087.241,RX,baseline,001141DF,1,5,01 00 00 DF 41
2026-09-28T15:20:57.147+00:00,3092.001,RX,baseline,00018CAE,1,7,01 00 00 0F 03 AE 8C
2026-09-28T15:20:57.147+00:00,3092.225,RX,baseline,00118CAE,1,5,01 00 00 AE 8C
2026-09-28T15:20:57.152+00:00,3097.004,RX,baseline,0001F6EA,1,7,01 00 00 0F 03 EA F6
2026-09-28T15:20:57.152+00:00,3097.251,RX,baseline,0011F6EA,1,5,01 00 00 EA F6
2026-09-28T15:20:57.157+00:00,3102.002,RX,baseline,0001E485,1,7,01 00 00 0F 03 85 E4
2026-09-28T15:20:57.157+00:00,3102.221,RX,baseline,0011E485,1,5,01 00 00 85 E4
2026-09-28T15:20:57.162+00:00,3106.999,RX,baseline,0001AC43,1,7,01 00 00 0F 03 43 AC
2026-09-28T15:20:57.162+00:00,3107.248,RX,baseline,0011AC43,1,5,01 00 00 43 AC
2026-09-28T15:20:57.167+00:00,3112.150,RX,baseline,0001E7EE,1,7,01 00 00 0F 03 EE E7
2026-09-28T15:20:57.167+00:00,3112.195,RX,baseline,0011E7EE,1,5,01 00 00 EE E7
2026-09-28T15:20:57.172+00:00,3117.002,RX,baseline,0001B8C6,1,7,01 00 00 0F 03 C6 B8
2026-09-28T15:20:57.172+00:00,3117.239,RX,baseline,0011B8C6,1,5,01 00 00 C6 B8
2026-09-28T15:20:57.177+00:00,3122.150,RX,baseline,0001389A,1,7,01 00 00 0F 03 9A 38
2026-09-28T15:20:57.177+00:00,3122.195,RX,baseline,0011389A,1,5,01 00 00 9A 38
2026-09-28T15:20:57.182+00:00,3127.008,RX,baseline,00019E22,1,7,01 00 00 0F 03 22 9E
2026-09-28T15:20:57.182+00:00,3127.322,RX,baseline,00119E22,1,5,01 00 00 22 9E
2026-09-28T15:20:57.187+00:00,3132.014,RX,baseline,0001909C,1,7,01 00 00 0F 03 9C 90
2026-09-28T15:20:57.187+00:00,3132.277,RX,baseline,0011909C,1,5,01 00 00 9C 90
2026-09-28T15:20:57.192+00:00,3137.075,RX,baseline,0001EC77,1,7,01 00 00 0F 03 77 EC
2026-09-28T15:20:57.192+00:00,3137.411,RX,baseline,0011EC77,1,5,01 00 00 77 EC
2026-09-28T15:20:57.197+00:00,3142.143,RX,baseline,00014001,1,7,01 00 00 0F 03 01 40
2026-09-28T15:20:57.197+00:00,3142.264,RX,baseline,00114001,1,5,01 00 00 01 40
2026-09-28T15:20:57.202+00:00,3147.070,RX,baseline,000137D5,1,7,01 00 00 0F 03 D5 37
2026-09-28T15:20:57.202+00:00,3147.347,RX,baseline,001137D5,1,5,01 00 00 D5 37
2026-09-28T15:20:57.207+00:00,3152.092,RX,baseline,00013C99,1,7,01 00 00 0F 03 99 3C
2026-09-28T15:20:57.207+00:00,3152.383,RX,baseline,00113C99,1,5,01 00 00 99 3C
2026-09-28T15:20:57.212+00:00,3157.056,RX,baseline,0001E4EC,1,7,01 00 00 0F 03 EC E4
2026-09-28T15:20:57.212+00:00,3157.354,RX,baseline,0011E4EC,1,5,01 00 00 EC E4
2026-09-28T15:20:57.217+00:00,3162.081,RX,baseline,0001CA7A,1,7,01 00 00 0F 03 7A CA
2026-09-28T15:20:57.217+00:00,3162.352,RX,baseline,0011CA7A,1,5,01 00 00 7A CA
2026-09-28T15:20:57.222+00:00,3167.028,RX,baseline,00019325,1,7,01 00 00 0F 03 25 93
2026-09-28T15:20:57.222+00:00,3167.287,RX,baseline,00119325,1,5,01 00 00 25 93
2026-09-28T15:20:57.227+00:00,3172.037,RX,baseline,0001937D,1,7,01 00 00 0F 03 7D 93
2026-09-28T15:20:57.227+00:00,3172.286,RX,baseline,0011937D,1,5,01 00 00 7D 93
2026-09-28T15:20:57.232+00:00,3177.155,RX,baseline,00017102,1,7,01 00 00 0F 03 02 71
2026-09-28T15:20:57.232+00:00,3177.430,RX,baseline,00117102,1,5,01 00 00 02 71
2026-09-28T15:20:57.237+00:00,3182.023,RX,baseline,0001D1C2,1,7,01 00 00 0F 03 C2 D1
2026-09-28T15:20:57.237+00:00,3182.333,RX,baseline,0011D1C2,1,5,01 00 00 C2 D1
2026-09-28T15:20:57.242+00:00,3187.020,RX,baseline,00018473,1,7,01 00 00 0F 03 73 84
2026-09-28T15:20:57.242+00:00,3187.354,RX,baseline,00118473,1,5,01 00 00 73 84
2026-09-28T15:20:57.247+00:00,3192.023,RX,baseline,0001390A,1,7,01 00 00 0F 03 0A 39
2026-09-28T15:20:57.247+00:00,3192.341,RX,baseline,0011390A,1,5,01 00 00 0A 39
2026-09-28T15:20:57.252+00:00,3197.051,RX,baseline,00012B84,1,7,01 00 00 0F 03 84 2B
2026-09-28T15:20:57.252+00:00,3197.454,RX,baseline,00112B84,1,5,01 00 00 84 2B
2026-09-28T15:20:57.257+00:00,3202.048,RX,baseline,00010460,1,7,01 00 00 0F 03 60 04
2026-09-28T15:20:57.257+00:00,3202.421,RX,baseline,00110460,1,5,01 00 00 60 04
2026-09-28T15:20:57.262+00:00,3207.086,RX,baseline,00017E94,1,7,01 00 00 0F 03 94 7E
2026-09-28T15:20:57.262+00:00,3207.368,RX,baseline,00117E94,1,5,01 00 00 94 7E
2026-09-28T15:20:57.267+00:00,3211.992,RX,baseline,00010564,1,7,01 00 00 0F 03 64 05
2026-09-28T15:20:57.267+00:00,3212.290,RX,baseline,00110564,1,5,01 00 00 64 05
2026-09-28T15:20:57.272+00:00,3216.978,RX,baseline,0001B7EE,1,7,01 00 00 0F 03 EE B7
2026-09-28T15:20:57.272+00:00,3217.381,RX,baseline,0011B7EE,1,5,01 00 00 EE B7
2026-09-28T15:20:57.277+00:00,3221.974,RX,baseline,00014C3E,1,7,01 00 00 0F 03 3E 4C
2026-09-28T15:20:57.277+00:00,3222.184,RX,baseline,00114C3E,1,5,01 00 00 3E 4C
2026-09-28T15:20:57.282+00:00,3227.024,RX,baseline,0001417C,1,7,01 00 00 0F 03 7C 41
2026-09-28T15:20:57.282+00:00,3227.364,RX,baseline,0011417C,1,5,01 00 00 7C 41
2026-09-28T15:20:57.287+00:00,3232.038,RX,baseline,0001EB01,1,7,01 00 00 0F 03 01 EB
2026-09-28T15:20:57.287+00:00,3232.292,RX,baseline,0011EB01,1,5,01 00 00 01 EB
2026-09-28T15:20:57.292+00:00,3237.039,RX,baseline,00012FF4,1,7,01 00 00 0F 03 F4 2F
2026-09-28T15:20:57.292+00:00,3237.378,RX,baseline,00112FF4,1,5,01 00 00 F4 2F
2026-09-28T15:20:57.297+00:00,3242.007,RX,baseline,000174FE,1,7,01 00 00 0F 03 FE 74
2026-09-28T15:20:57.297+00:00,3242.242,RX,baseline,001174FE,1,5,01 00 00 FE 74
2026-09-28T15:20:57.302+00:00,3247.129,RX,baseline,0001BFA1,1,7,01 00 00 0F 03 A1 BF
2026-09-28T15:20:57.302+00:00,3247.207,RX,baseline,0011BFA1,1,5,01 00 00 A1 BF
2026-09-28T15:20:57.307+00:00,3252.018,RX,baseline,00011A61,1,7,01 00 00 0F 03 61 1A
2026-09-28T15:20:57.307+00:00,3252.281,RX,baseline,00111A61,1,5,01 00 00 61 1A
2026-09-28T15:20:57.312+00:00,3257.110,RX,baseline,000159C5,1,7,01 00 00 0F 03 C5 59
2026-09-28T15:20:57.312+00:00,3257.186,RX,baseline,001159C5,1,5,01 00 00 C5 59
2026-09-28T15:20:57.317+00:00,3262.031,RX,baseline,00019A09,1,7,01 00 00 0F 03 09 9A
2026-09-28T15:20:57.317+00:00,3262.261,RX,baseline,00119A09,1,5,01 00 00 09 9A
2026-09-28T15:20:57.322+00:00,3267.046,RX,baseline,0001F21C,1,7,01 00 00 0F 03 1C F2
2026-09-28T15:20:57.322+00:00,3267.300,RX,baseline,0011F21C,1,5,01 00 00 1C F2
2026-09-28T15:20:57.327+00:00,3272.024,RX,baseline,00010F7D,1,7,01 00 00 0F 03 7D 0F
2026-09-28T15:20:57.327+00:00,3272.253,RX,baseline,00110F7D,1,5,01 00 00 7D 0F
2026-09-28T15:20:57.332+00:00,3276.987,RX,baseline,00010F0E,1,7,01 00 00 0F 03 0E 0F
2026-09-28T15:20:57.332+00:00,3277.227,RX,baseline,00110F0E,1,5,01 00 00 0E 0F
2026-09-28T15:20:57.337+00:00,3281.970,RX,baseline,0001D867,1,7,01 00 00 0F 03 67 D8
2026-09-28T15:20:57.337+00:00,3282.220,RX,baseline,0011D867,1,5,01 00 00 67 D8
2026-09-28T15:20:57.342+00:00,3287.105,RX,baseline,00019B90,1,7,01 00 00 0F 03 90 9B
2026-09-28T15:20:57.342+00:00,3287.162,RX,baseline,00119B90,1,5,01 00 00 90 9B
2026-09-28T15:20:57.347+00:00,3291.980,RX,baseline,0001A0FF,1,7,01 00 00 0F 03 FF A0
2026-09-28T15:20:57.347+00:00,3292.227,RX,baseline,0011A0FF,1,5,01 00 00 FF A0
2026-09-28T15:20:57.352+00:00,3297.000,RX,baseline,000170BF,1,7,01 00 00 0F 03 BF 70
2026-09-28T15:20:57.352+00:00,3297.222,RX,baseline,001170BF,1,5,01 00 00 BF 70
2026-09-28T15:20:57.357+00:00,3301.987,RX,baseline,0001CC51,1,7,01 00 00 0F 03 51 CC
2026-09-28T15:20:57.357+00:00,3302.221,RX,baseline,0011CC51,1,5,01 00 00 51 CC
2026-09-28T15:20:57.362+00:00,3306.996,RX,baseline,000115CA,1,7,01 00 00 0F 03 CA 15
2026-09-28T15:20:57.362+00:00,3307.221,RX,baseline,001115CA,1,5,01 00 00 CA 15
2026-09-28T15:20:57.367+00:00,3311.965,RX,baseline,00011936,1,7,01 00 00 0F 03 36 19
2026-09-28T15:20:57.367+00:00,3312.224,RX,baseline,00111936,1,5,01 00 00 36 19
2026-09-28T15:20:57.372+00:00,3317.082,RX,baseline,00015790,1,7,01 00 00 0F 03 90 57
2026-09-28T15:20:57.372+00:00,3317.128,RX,baseline,00115790,1,5,01 00 00 90 57
2026-09-28T15:20:57.377+00:00,3321.968,RX,baseline,00011E86,1,7,01 00 00 0F 03 86 1E
2026-09-28T15:20:57.377+00:00,3322.188,RX,baseline,00111E86,1,5,01 00 00 86 1E
2026-09-28T15:20:57.382+00:00,3327.034,RX,baseline,0001422C,1,7,01 00 00 0F 03 2C 42
2026-09-28T15:20:57.382+00:00,3327.220,RX,baseline,0011422C,1,5,01 00 00 2C 42
2026-09-28T15:20:57.387+00:00,3331.948,RX,baseline,000128C7,1,7,01 00 00 0F 03 C7 28
2026-09-28T15:20:57.387+00:00,3332.196,RX,baseline,001128C7,1,5,01 00 00 C7 28
2026-09-28T15:20:57.392+00:00,3336.991,RX,baseline,00018142,1,7,01 00 00 0F 03 42 81
2026-09-28T15:20:57.392+00:00,3337.204,RX,baseline,00118142,1,5,01 00 00 42 81
2026-09-28T15:20:57.397+00:00,3342.123,RX,baseline,00012560,1,7,01 00 00 0F 03 60 25
2026-09-28T15:20:57.397+00:00,3342.192,RX,baseline,00112560,1,5,01 00 00 60 25
2026-09-28T15:20:57.402+00:00,3347.184,RX,baseline,000120C9,1,7,01 00 00 0F 03 C9 20
2026-09-28T15:20:57.402+00:00,3347.251,RX,baseline,001120C9,1,5,01 00 00 C9 20
2026-09-28T15:20:57.407+00:00,3352.162,RX,baseline,00012723,1,7,01 00 00 0F 03 23 27
2026-09-28T15:20:57.407+00:00,3352.223,RX,baseline,00112723,1,5,01 00 00 23 27
2026-09-28T15:20:57.412+00:00,3357.116,RX,baseline,0001FEA5,1,7,01 00 00 0F 03 A5 FE
2026-09-28T15:20:57.412+00:00,3357.195,RX,baseline,0011FEA5,1,5,01 00 00 A5 FE
2026-09-28T15:20:57.417+00:00,3361.968,RX,baseline,000161A5,1,7,01 00 00 0F 03 A5 61
2026-09-28T15:20:57.417+00:00,3362.207,RX,baseline,001161A5,1,5,01 00 00 A5 61
2026-09-28T15:20:57.422+00:00,3367.013,RX,baseline,0001DE4F,1,7,01 00 00 0F 03 4F DE
2026-09-28T15:20:57.422+00:00,3367.210,RX,baseline,0011DE4F,1,5,01 00 00 4F DE
2026-09-28T15:20:57.427+00:00,3371.970,RX,baseline,0001E8BC,1,7,01 00 00 0F 03 BC E8
2026-09-28T15:20:57.427+00:00,3372.211,RX,baseline,0011E8BC,1,5,01 00 00 BC E8
2026-09-28T15:20:57.432+00:00,3377.050,RX,baseline,0001765D,1,7,01 00 00 0F 03 5D 76
2026-09-28T15:20:57.432+00:00,3377.214,RX,baseline,0011765D,1,5,01 00 00 5D 76
2026-09-28T15:20:57.437+00:00,3382.019,RX,baseline,00011B1E,1,7,01 00 00 0F 03 1E 1B
2026-09-28T15:20:57.437+00:00,3382.210,RX,baseline,00111B1E,1,5,01 00 00 1E 1B
2026-09-28T15:20:57.442+00:00,3387.203,RX,baseline,000170A7,1,7,01 00 00 0F 03 A7 70
2026-09-28T15:20:57.442+00:00,3387.300,RX,baseline,001170A7,1,5,01 00 00 A7 70
2026-09-28T15:20:57.447+00:00,3391.971,RX,baseline,00010AF5,1,7,01 00 00 0F 03 F5 0A
2026-09-28T15:20:57.447+00:00,3392.292,RX,baseline,00110AF5,1,5,01 00 00 F5 0A
2026-09-28T15:20:57.452+00:00,3397.218,RX,baseline,00017462,1,7,01 00 00 0F 03 62 74
2026-09-28T15:20:57.452+00:00,3397.316,RX,baseline,00117462,1,5,01 00 00 62 74
2026-09-28T15:20:57.457+00:00,3402.150,RX,baseline,0001E8E8,1,7,01 00 00 0F 03 E8 E8
2026-09-28T15:20:57.457+00:00,3402.275,RX,baseline,0011E8E8,1,5,01 00 00 E8 E8
2026-09-28T15:20:57.462+00:00,3407.206,RX,baseline,00018A5D,1,7,01 00 00 0F 03 5D 8A
2026-09-28T15:20:57.462+00:00,3407.298,RX,baseline,00118A5D,1,5,01 00 00 5D 8A
2026-09-28T15:20:57.467+00:00,3412.171,RX,baseline,0001C9DD,1,7,01 00 00 0F 03 DD C9
2026-09-28T15:20:57.467+00:00,3412.262,RX,baseline,0011C9DD,1,5,01 00 00 DD C9
2026-09-28T15:20:57.472+00:00,3417.157,RX,baseline,0001BA4B,1,7,01 00 00 0F 03 4B BA
2026-09-28T15:20:57.472+00:00,3417.252,RX,baseline,0011BA4B,1,5,01 00 00 4B BA
2026-09-28T15:20:57.477+00:00,3422.150,RX,baseline,0001518C,1,7,01 00 00 0F 03 8C 51
2026-09-28T15:20:57.477+00:00,3422.194,RX,baseline,0011518C,1,5,01 00 00 8C 51
2026-09-28T15:20:57.482+00:00,3427.246,RX,baseline,000150C1,1,7,01 00 00 0F 03 C1 50
2026-09-28T15:20:57.482+00:00,3427.358,RX,baseline,001150C1,1,5,01 00 00 C1 50
2026-09-28T15:20:57.487+00:00,3432.128,RX,baseline,0001439A,1,7,01 00 00 0F 03 9A 43
2026-09-28T15:20:57.487+00:00,3432.173,RX,baseline,0011439A,1,5,01 00 00 9A 43
2026-09-28T15:20:57.492+00:00,3437.100,RX,baseline,0001904B,1,7,01 00 00 0F 03 4B 90
2026-09-28T15:20:57.492+00:00,3437.144,RX,baseline,0011904B,1,5,01 00 00 4B 90
2026-09-28T15:20:57.497+00:00,3442.099,RX,baseline,00013ECF,1,7,01 00 00 0F 03 CF 3E
2026-09-28T15:20:57.497+00:00,3442.172,RX,baseline,00113ECF,1,5,01 00 00 CF 3E
2026-09-28T15:20:57.502+00:00,3446.964,RX,baseline,000144C9,1,7,01 00 00 0F 03 C9 44
2026-09-28T15:20:57.502+00:00,3447.185,RX,baseline,001144C9,1,5,01 00 00 C9 44
2026-09-28T15:20:57.507+00:00,3451.988,RX,baseline,000161A6,1,7,01 00 00 0F 03 A6 61
2026-09-28T15:20:57.507+00:00,3452.182,RX,baseline,001161A6,1,5,01 00 00 A6 61
2026-09-28T15:20:57.512+00:00,3456.984,RX,baseline,00011AF6,1,7,01 00 00 0F 03 F6 1A
2026-09-28T15:20:57.512+00:00,3457.221,RX,baseline,00111AF6,1,5,01 00 00 F6 1A
2026-09-28T15:20:57.517+00:00,3462.012,RX,baseline,00019D49,1,7,01 00 00 0F 03 49 9D
2026-09-28T15:20:57.517+00:00,3462.233,RX,baseline,00119D49,1,5,01 00 00 49 9D
2026-09-28T15:20:57.522+00:00,3466.979,RX,baseline,0001FEBC,1,7,01 00 00 0F 03 BC FE
2026-09-28T15:20:57.522+00:00,3467.214,RX,baseline,0011FEBC,1,5,01 00 00 BC FE
2026-09-28T15:20:57.527+00:00,3471.968,RX,baseline,000103BC,1,7,01 00 00 0F 03 BC 03
2026-09-28T15:20:57.527+00:00,3472.218,RX,baseline,001103BC,1,5,01 00 00 BC 03
2026-09-28T15:20:57.532+00:00,3477.215,RX,baseline,00019DCC,1,7,01 00 00 0F 03 CC 9D
2026-09-28T15:20:57.532+00:00,3477.273,RX,baseline,00119DCC,1,5,01 00 00 CC 9D
2026-09-28T15:20:57.537+00:00,3482.155,RX,baseline,0001FFB8,1,7,01 00 00 0F 03 B8 FF
2026-09-28T15:20:57.537+00:00,3482.230,RX,baseline,0011FFB8,1,5,01 00 00 B8 FF
2026-09-28T15:20:57.542+00:00,3487.096,RX,baseline,00010890,1,7,01 00 00 0F 03 90 08
2026-09-28T15:20:57.542+00:00,3487.141,RX,baseline,00110890,1,5,01 00 00 90 08
2026-09-28T15:20:57.547+00:00,3491.946,RX,baseline,0001F88F,1,7,01 00 00 0F 03 8F F8
2026-09-28T15:20:57.547+00:00,3492.168,RX,baseline,0011F88F,1,5,01 00 00 8F F8
2026-09-28T15:20:57.552+00:00,3496.955,RX,baseline,0001DA72,1,7,01 00 00 0F 03 72 DA
2026-09-28T15:20:57.552+00:00,3497.202,RX,baseline,0011DA72,1,5,01 00 00 72 DA
2026-09-28T15:20:57.557+00:00,3501.945,RX,baseline,00010611,1,7,01 00 00 0F 03 11 06
2026-09-28T15:20:57.557+00:00,3502.174,RX,baseline,00110611,1,5,01 00 00 11 06
2026-09-28T15:20:57.562+00:00,3506.987,RX,baseline,0001AF0D,1,7,01 00 00 0F 03 0D AF
2026-09-28T15:20:57.562+00:00,3507.547,RX,baseline,0011AF0D,1,5,01 00 00 0D AF
2026-09-28T15:20:57.566+00:00,3511.941,RX,baseline,0001283F,1,7,01 00 00 0F 03 3F 28
2026-09-28T15:20:57.567+00:00,3512.181,RX,baseline,0011283F,1,5,01 00 00 3F 28
2026-09-28T15:20:57.572+00:00,3517.093,RX,baseline,000154BF,1,7,01 00 00 0F 03 BF 54
2026-09-28T15:20:57.572+00:00,3517.137,RX,baseline,001154BF,1,5,01 00 00 BF 54
2026-09-28T15:20:57.577+00:00,3521.994,RX,baseline,0001105A,1,7,01 00 00 0F 03 5A 10
2026-09-28T15:20:57.577+00:00,3522.195,RX,baseline,0011105A,1,5,01 00 00 5A 10
2026-09-28T15:20:57.582+00:00,3526.944,RX,baseline,0001BDB9,1,7,01 00 00 0F 03 B9 BD
2026-09-28T15:20:57.582+00:00,3527.189,RX,baseline,0011BDB9,1,5,01 00 00 B9 BD
2026-09-28T15:20:57.587+00:00,3531.956,RX,baseline,00018C8B,1,7,01 00 00 0F 03 8B 8C
2026-09-28T15:20:57.587+00:00,3532.198,RX,baseline,00118C8B,1,5,01 00 00 8B 8C
2026-09-28T15:20:57.592+00:00,3537.029,RX,baseline,0001AF7E,1,7,01 00 00 0F 03 7E AF
2026-09-28T15:20:57.592+00:00,3537.169,RX,baseline,0011AF7E,1,5,01 00 00 7E AF
2026-09-28T15:20:57.597+00:00,3541.962,RX,baseline,0001BD39,1,7,01 00 00 0F 03 39 BD
2026-09-28T15:20:57.597+00:00,3542.193,RX,baseline,0011BD39,1,5,01 00 00 39 BD
2026-09-28T15:20:57.602+00:00,3546.963,RX,baseline,00017573,1,7,01 00 00 0F 03 73 75
2026-09-28T15:20:57.602+00:00,3547.250,RX,baseline,00117573,1,5,01 00 00 73 75
2026-09-28T15:20:57.606+00:00,3551.929,RX,baseline,00014AC6,1,7,01 00 00 0F 03 C6 4A
2026-09-28T15:20:57.607+00:00,3552.193,RX,baseline,00114AC6,1,5,01 00 00 C6 4A
2026-09-28T15:20:57.612+00:00,3557.078,RX,baseline,0001E1EC,1,7,01 00 00 0F 03 EC E1
2026-09-28T15:20:57.612+00:00,3557.230,RX,baseline,0011E1EC,1,5,01 00 00 EC E1
2026-09-28T15:20:57.617+00:00,3562.139,RX,baseline,00017C4A,1,7,01 00 00 0F 03 4A 7C
2026-09-28T15:20:57.617+00:00,3562.222,RX,baseline,00117C4A,1,5,01 00 00 4A 7C
2026-09-28T15:20:57.622+00:00,3567.131,RX,baseline,000139DB,1,7,01 00 00 0F 03 DB 39
2026-09-28T15:20:57.622+00:00,3567.239,RX,baseline,001139DB,1,5,01 00 00 DB 39
2026-09-28T15:20:57.627+00:00,3572.132,RX,baseline,0001C38A,1,7,01 00 00 0F 03 8A C3
2026-09-28T15:20:57.627+00:00,3572.262,RX,baseline,0011C38A,1,5,01 00 00 8A C3
2026-09-28T15:20:57.632+00:00,3577.309,RX,baseline,0001B606,1,7,01 00 00 0F 03 06 B6
2026-09-28T15:20:57.632+00:00,3577.385,RX,baseline,0011B606,1,5,01 00 00 06 B6
2026-09-28T15:20:57.637+00:00,3582.246,RX,baseline,00012434,1,7,01 00 00 0F 03 34 24
2026-09-28T15:20:57.637+00:00,3582.336,RX,baseline,00112434,1,5,01 00 00 34 24
2026-09-28T15:20:57.642+00:00,3587.130,RX,baseline,00016D78,1,7,01 00 00 0F 03 78 6D
2026-09-28T15:20:57.642+00:00,3587.214,RX,baseline,00116D78,1,5,01 00 00 78 6D
2026-09-28T15:20:57.647+00:00,3592.077,RX,baseline,00019C2E,1,7,01 00 00 0F 03 2E 9C
2026-09-28T15:20:57.647+00:00,3592.401,RX,baseline,00119C2E,1,5,01 00 00 2E 9C
2026-09-28T15:20:57.652+00:00,3597.168,RX,baseline,0001E385,1,7,01 00 00 0F 03 85 E3
2026-09-28T15:20:57.652+00:00,3597.236,RX,baseline,0011E385,1,5,01 00 00 85 E3
2026-09-28T15:20:57.657+00:00,3602.020,RX,baseline,0001807A,1,7,01 00 00 0F 03 7A 80
2026-09-28T15:20:57.657+00:00,3602.248,RX,baseline,0011807A,1,5,01 00 00 7A 80
2026-09-28T15:20:57.662+00:00,3607.161,RX,baseline,00014097,1,7,01 00 00 0F 03 97 40
2026-09-28T15:20:57.662+00:00,3607.231,RX,baseline,00114097,1,5,01 00 00 97 40
2026-09-28T15:20:57.667+00:00,3611.991,RX,baseline,0001EDF8,1,7,01 00 00 0F 03 F8 ED
2026-09-28T15:20:57.667+00:00,3612.170,RX,baseline,0011EDF8,1,5,01 00 00 F8 ED
2026-09-28T15:20:57.672+00:00,3617.083,RX,baseline,000187A4,1,7,01 00 00 0F 03 A4 87
2026-09-28T15:20:57.672+00:00,3617.191,RX,baseline,001187A4,1,5,01 00 00 A4 87
2026-09-28T15:20:57.677+00:00,3622.002,RX,baseline,0001D711,1,7,01 00 00 0F 03 11 D7
2026-09-28T15:20:57.677+00:00,3622.190,RX,baseline,0011D711,1,5,01 00 00 11 D7
2026-09-28T15:20:57.682+00:00,3627.114,RX,baseline,00018EF3,1,7,01 00 00 0F 03 F3 8E
2026-09-28T15:20:57.682+00:00,3627.204,RX,baseline,00118EF3,1,5,01 00 00 F3 8E
2026-09-28T15:20:57.687+00:00,3632.078,RX,baseline,00011F11,1,7,01 00 00 0F 03 11 1F
2026-09-28T15:20:57.687+00:00,3632.176,RX,baseline,00111F11,1,5,01 00 00 11 1F
2026-09-28T15:20:57.692+00:00,3637.066,RX,baseline,00015DA6,1,7,01 00 00 0F 03 A6 5D
2026-09-28T15:20:57.692+00:00,3637.145,RX,baseline,00115DA6,1,5,01 00 00 A6 5D
2026-09-28T15:20:57.696+00:00,3641.911,RX,baseline,000189B5,1,7,01 00 00 0F 03 B5 89
2026-09-28T15:20:57.697+00:00,3642.160,RX,baseline,001189B5,1,5,01 00 00 B5 89
2026-09-28T15:20:57.702+00:00,3647.033,RX,baseline,00018C19,1,7,01 00 00 0F 03 19 8C
2026-09-28T15:20:57.702+00:00,3647.198,RX,baseline,00118C19,1,5,01 00 00 19 8C
2026-09-28T15:20:57.707+00:00,3651.976,RX,baseline,00011D3C,1,7,01 00 00 0F 03 3C 1D
2026-09-28T15:20:57.707+00:00,3652.175,RX,baseline,00111D3C,1,5,01 00 00 3C 1D
2026-09-28T15:20:57.712+00:00,3656.985,RX,baseline,00011C1A,1,7,01 00 00 0F 03 1A 1C
2026-09-28T15:20:57.712+00:00,3657.179,RX,baseline,00111C1A,1,5,01 00 00 1A 1C
2026-09-28T15:20:57.717+00:00,3662.030,RX,baseline,000196FB,1,7,01 00 00 0F 03 FB 96
2026-09-28T15:20:57.717+00:00,3662.201,RX,baseline,001196FB,1,5,01 00 00 FB 96
2026-09-28T15:20:57.721+00:00,3666.921,RX,baseline,0001C689,1,7,01 00 00 0F 03 89 C6
2026-09-28T15:20:57.722+00:00,3667.171,RX,baseline,0011C689,1,5,01 00 00 89 C6
2026-09-28T15:20:57.727+00:00,3671.982,RX,baseline,00016645,1,7,01 00 00 0F 03 45 66
2026-09-28T15:20:57.727+00:00,3672.153,RX,baseline,00116645,1,5,01 00 00 45 66
2026-09-28T15:20:57.732+00:00,3677.169,RX,baseline,0001CADB,1,7,01 00 00 0F 03 DB CA
2026-09-28T15:20:57.732+00:00,3677.250,RX,baseline,0011CADB,1,5,01 00 00 DB CA
2026-09-28T15:20:57.737+00:00,3682.068,RX,baseline,00013325,1,7,01 00 00 0F 03 25 33
2026-09-28T15:20:57.737+00:00,3682.169,RX,baseline,00113325,1,5,01 00 00 25 33
2026-09-28T15:20:57.742+00:00,3687.077,RX,baseline,0001C19B,1,7,01 00 00 0F 03 9B C1
2026-09-28T15:20:57.742+00:00,3687.124,RX,baseline,0011C19B,1,5,01 00 00 9B C1
2026-09-28T15:20:57.746+00:00,3691.918,RX,baseline,00010A3A,1,7,01 00 00 0F 03 3A 0A
2026-09-28T15:20:57.747+00:00,3692.156,RX,baseline,00110A3A,1,5,01 00 00 3A 0A
2026-09-28T15:20:57.752+00:00,3697.072,RX,baseline,0001F5D9,1,7,01 00 00 0F 03 D9 F5
2026-09-28T15:20:57.752+00:00,3697.116,RX,baseline,0011F5D9,1,5,01 00 00 D9 F5
2026-09-28T15:20:57.756+00:00,3701.913,RX,baseline,000154B8,1,7,01 00 00 0F 03 B8 54
2026-09-28T15:20:57.757+00:00,3702.159,RX,baseline,001154B8,1,5,01 00 00 B8 54
2026-09-28T15:20:57.762+00:00,3706.982,RX,baseline,0001F227,1,7,01 00 00 0F 03 27 F2
2026-09-28T15:20:57.762+00:00,3707.172,RX,baseline,0011F227,1,5,01 00 00 27 F2
2026-09-28T15:20:57.766+00:00,3711.918,RX,baseline,0001CB5B,1,7,01 00 00 0F 03 5B CB
2026-09-28T15:20:57.767+00:00,3712.168,RX,baseline,0011CB5B,1,5,01 00 00 5B CB
2026-09-28T15:20:57.772+00:00,3716.968,RX,baseline,00011899,1,7,01 00 00 0F 03 99 18
2026-09-28T15:20:57.772+00:00,3717.167,RX,baseline,00111899,1,5,01 00 00 99 18
2026-09-28T15:20:57.776+00:00,3721.915,RX,baseline,000148CE,1,7,01 00 00 0F 03 CE 48
2026-09-28T15:20:57.777+00:00,3722.167,RX,baseline,001148CE,1,5,01 00 00 CE 48
2026-09-28T15:20:57.781+00:00,3726.917,RX,baseline,000175E3,1,7,01 00 00 0F 03 E3 75
2026-09-28T15:20:57.782+00:00,3727.159,RX,baseline,001175E3,1,5,01 00 00 E3 75
2026-09-28T15:20:57.786+00:00,3731.919,RX,baseline,00011BD1,1,7,01 00 00 0F 03 D1 1B
2026-09-28T15:20:57.787+00:00,3732.175,RX,baseline,00111BD1,1,5,01 00 00 D1 1B
2026-09-28T15:20:57.792+00:00,3737.202,RX,baseline,0001EE7D,1,7,01 00 00 0F 03 7D EE
2026-09-28T15:20:57.792+00:00,3737.285,RX,baseline,0011EE7D,1,5,01 00 00 7D EE
2026-09-28T15:20:57.797+00:00,3742.172,RX,baseline,00013B2B,1,7,01 00 00 0F 03 2B 3B
2026-09-28T15:20:57.797+00:00,3742.273,RX,baseline,00113B2B,1,5,01 00 00 2B 3B
2026-09-28T15:20:57.802+00:00,3747.124,RX,baseline,0001E589,1,7,01 00 00 0F 03 89 E5
2026-09-28T15:20:57.802+00:00,3747.225,RX,baseline,0011E589,1,5,01 00 00 89 E5
2026-09-28T15:20:57.817+00:00,3762.294,RX,baseline,00014521,1,7,01 00 00 0F 03 21 45
2026-09-28T15:20:57.817+00:00,3762.411,RX,baseline,00114521,1,5,01 00 00 21 45
2026-09-28T15:20:57.817+00:00,3762.485,RX,baseline,0001A7C4,1,7,01 00 00 0F 03 C4 A7
2026-09-28T15:20:57.817+00:00,3762.555,RX,baseline,0011A7C4,1,5,01 00 00 C4 A7
2026-09-28T15:20:57.817+00:00,3762.620,RX,baseline,0001CA10,1,7,01 00 00 0F 03 10 CA
2026-09-28T15:20:57.817+00:00,3762.683,RX,baseline,0011CA10,1,5,01 00 00 10 CA
2026-09-28T15:20:57.822+00:00,3767.120,RX,baseline,000131C0,1,7,01 00 00 0F 03 C0 31
2026-09-28T15:20:57.822+00:00,3767.291,RX,baseline,001131C0,1,5,01 00 00 C0 31
2026-09-28T15:20:57.827+00:00,3771.976,RX,baseline,0001655E,1,7,01 00 00 0F 03 5E 65
2026-09-28T15:20:57.827+00:00,3772.164,RX,baseline,0011655E,1,5,01 00 00 5E 65
2026-09-28T15:20:57.831+00:00,3776.918,RX,baseline,0001534F,1,7,01 00 00 0F 03 4F 53
2026-09-28T15:20:57.832+00:00,3777.130,RX,baseline,0011534F,1,5,01 00 00 4F 53
2026-09-28T15:20:57.836+00:00,3781.909,RX,baseline,000195D2,1,7,01 00 00 0F 03 D2 95
2026-09-28T15:20:57.837+00:00,3782.123,RX,baseline,001195D2,1,5,01 00 00 D2 95
2026-09-28T15:20:57.842+00:00,3786.957,RX,baseline,00015EB7,1,7,01 00 00 0F 03 B7 5E
2026-09-28T15:20:57.842+00:00,3787.220,RX,baseline,00115EB7,1,5,01 00 00 B7 5E
2026-09-28T15:20:57.847+00:00,3792.013,RX,baseline,00018A20,1,7,01 00 00 0F 03 20 8A
2026-09-28T15:20:57.847+00:00,3792.126,RX,baseline,00118A20,1,5,01 00 00 20 8A
2026-09-28T15:20:57.852+00:00,3797.019,RX,baseline,00013128,1,7,01 00 00 0F 03 28 31
2026-09-28T15:20:57.852+00:00,3797.287,RX,baseline,00113128,1,5,01 00 00 28 31
2026-09-28T15:20:57.857+00:00,3802.066,RX,baseline,0001DC28,1,7,01 00 00 0F 03 28 DC
2026-09-28T15:20:57.857+00:00,3802.230,RX,baseline,0011DC28,1,5,01 00 00 28 DC
2026-09-28T15:20:57.862+00:00,3807.003,RX,baseline,00016A90,1,7,01 00 00 0F 03 90 6A
2026-09-28T15:20:57.862+00:00,3807.280,RX,baseline,00116A90,1,5,01 00 00 90 6A
2026-09-28T15:20:57.867+00:00,3812.009,RX,baseline,0001B537,1,7,01 00 00 0F 03 37 B5
2026-09-28T15:20:57.867+00:00,3812.141,RX,baseline,0011B537,1,5,01 00 00 37 B5
2026-09-28T15:20:57.872+00:00,3816.984,RX,baseline,0001F1C2,1,7,01 00 00 0F 03 C2 F1
2026-09-28T15:20:57.872+00:00,3817.244,RX,baseline,0011F1C2,1,5,01 00 00 C2 F1
2026-09-28T15:20:57.877+00:00,3821.955,RX,baseline,0001F747,1,7,01 00 00 0F 03 47 F7
2026-09-28T15:20:57.877+00:00,3822.237,RX,baseline,0011F747,1,5,01 00 00 47 F7
2026-09-28T15:20:57.881+00:00,3826.919,RX,baseline,00010A83,1,7,01 00 00 0F 03 83 0A
2026-09-28T15:20:57.882+00:00,3827.160,RX,baseline,00110A83,1,5,01 00 00 83 0A
2026-09-28T15:20:57.887+00:00,3831.995,RX,baseline,0001FF1E,1,7,01 00 00 0F 03 1E FF
2026-09-28T15:20:57.887+00:00,3832.124,RX,baseline,0011FF1E,1,5,01 00 00 1E FF
2026-09-28T15:20:57.892+00:00,3836.946,RX,baseline,00010200,1,7,01 00 00 0F 03 00 02
2026-09-28T15:20:57.892+00:00,3837.203,RX,baseline,00110200,1,5,01 00 00 00 02
2026-09-28T15:20:57.896+00:00,3841.925,RX,baseline,0001E4B0,1,7,01 00 00 0F 03 B0 E4
2026-09-28T15:20:57.897+00:00,3842.191,RX,baseline,0011E4B0,1,5,01 00 00 B0 E4
2026-09-28T15:20:57.901+00:00,3846.914,RX,baseline,000186BD,1,7,01 00 00 0F 03 BD 86
2026-09-28T15:20:57.902+00:00,3847.134,RX,baseline,001186BD,1,5,01 00 00 BD 86
2026-09-28T15:20:57.907+00:00,3852.014,RX,baseline,00018730,1,7,01 00 00 0F 03 30 87
2026-09-28T15:20:57.907+00:00,3852.135,RX,baseline,00118730,1,5,01 00 00 30 87
2026-09-28T15:20:57.911+00:00,3856.900,RX,baseline,0001F3F6,1,7,01 00 00 0F 03 F6 F3
2026-09-28T15:20:57.912+00:00,3857.123,RX,baseline,0011F3F6,1,5,01 00 00 F6 F3
2026-09-28T15:20:57.917+00:00,3861.955,RX,baseline,000107C3,1,7,01 00 00 0F 03 C3 07
2026-09-28T15:20:57.917+00:00,3862.143,RX,baseline,001107C3,1,5,01 00 00 C3 07
2026-09-28T15:20:57.921+00:00,3866.910,RX,baseline,0001850C,1,7,01 00 00 0F 03 0C 85
2026-09-28T15:20:57.922+00:00,3867.152,RX,baseline,0011850C,1,5,01 00 00 0C 85
2026-09-28T15:20:57.926+00:00,3871.907,RX,baseline,0001A99D,1,7,01 00 00 0F 03 9D A9
2026-09-28T15:20:57.927+00:00,3872.155,RX,baseline,0011A99D,1,5,01 00 00 9D A9
2026-09-28T15:20:57.932+00:00,3877.119,RX,baseline,0001B872,1,7,01 00 00 0F 03 72 B8
2026-09-28T15:20:57.932+00:00,3877.215,RX,baseline,0011B872,1,5,01 00 00 72 B8
2026-09-28T15:20:57.937+00:00,3882.131,RX,baseline,00016C1A,1,7,01 00 00 0F 03 1A 6C
2026-09-28T15:20:57.937+00:00,3882.206,RX,baseline,00116C1A,1,5,01 00 00 1A 6C
2026-09-28T15:20:57.942+00:00,3887.024,RX,baseline,0001DE3C,1,7,01 00 00 0F 03 3C DE
2026-09-28T15:20:57.942+00:00,3887.070,RX,baseline,0011DE3C,1,5,01 00 00 3C DE
2026-09-28T15:20:57.947+00:00,3891.943,RX,baseline,0001FB1A,1,7,01 00 00 0F 03 1A FB
2026-09-28T15:20:57.947+00:00,3892.169,RX,baseline,0011FB1A,1,5,01 00 00 1A FB
2026-09-28T15:20:57.951+00:00,3896.891,RX,baseline,0001FD38,1,7,01 00 00 0F 03 38 FD
2026-09-28T15:20:57.952+00:00,3897.125,RX,baseline,0011FD38,1,5,01 00 00 38 FD
2026-09-28T15:20:57.956+00:00,3901.917,RX,baseline,0001AB97,1,7,01 00 00 0F 03 97 AB
2026-09-28T15:20:57.957+00:00,3902.132,RX,baseline,0011AB97,1,5,01 00 00 97 AB
2026-09-28T15:20:57.961+00:00,3906.932,RX,baseline,00015E3E,1,7,01 00 00 0F 03 3E 5E
2026-09-28T15:20:57.962+00:00,3907.133,RX,baseline,00115E3E,1,5,01 00 00 3E 5E
2026-09-28T15:20:57.967+00:00,3912.011,RX,baseline,0001525A,1,7,01 00 00 0F 03 5A 52
2026-09-28T15:20:57.967+00:00,3912.185,RX,baseline,0011525A,1,5,01 00 00 5A 52
2026-09-28T15:20:57.972+00:00,3916.981,RX,baseline,00017410,1,7,01 00 00 0F 03 10 74
2026-09-28T15:20:57.972+00:00,3917.182,RX,baseline,00117410,1,5,01 00 00 10 74
2026-09-28T15:20:57.977+00:00,3922.006,RX,baseline,00013039,1,7,01 00 00 0F 03 39 30
2026-09-28T15:20:57.977+00:00,3922.204,RX,baseline,00113039,1,5,01 00 00 39 30
2026-09-28T15:20:57.981+00:00,3926.932,RX,baseline,0001B30D,1,7,01 00 00 0F 03 0D B3
2026-09-28T15:20:57.982+00:00,3927.150,RX,baseline,0011B30D,1,5,01 00 00 0D B3
2026-09-28T15:20:57.986+00:00,3931.922,RX,baseline,0001EF3F,1,7,01 00 00 0F 03 3F EF
2026-09-28T15:20:57.987+00:00,3932.142,RX,baseline,0011EF3F,1,5,01 00 00 3F EF
2026-09-28T15:20:57.992+00:00,3937.206,RX,baseline,00012680,1,7,01 00 00 0F 03 80 26
2026-09-28T15:20:57.992+00:00,3937.288,RX,baseline,00112680,1,5,01 00 00 80 26
2026-09-28T15:20:57.997+00:00,3942.091,RX,baseline,0001FDB2,1,7,01 00 00 0F 03 B2 FD
2026-09-28T15:20:57.997+00:00,3942.150,RX,baseline,0011FDB2,1,5,01 00 00 B2 FD
2026-09-28T15:20:58.002+00:00,3947.152,RX,baseline,00011A4F,1,7,01 00 00 0F 03 4F 1A
2026-09-28T15:20:58.002+00:00,3947.284,RX,baseline,00111A4F,1,5,01 00 00 4F 1A
2026-09-28T15:20:58.007+00:00,3952.077,RX,baseline,00016BCE,1,7,01 00 00 0F 03 CE 6B
2026-09-28T15:20:58.007+00:00,3952.122,RX,baseline,00116BCE,1,5,01 00 00 CE 6B
2026-09-28T15:20:58.012+00:00,3957.129,RX,baseline,0001C259,1,7,01 00 00 0F 03 59 C2
2026-09-28T15:20:58.012+00:00,3957.263,RX,baseline,0011C259,1,5,01 00 00 59 C2
2026-09-28T15:20:58.017+00:00,3962.050,RX,baseline,00011EB8,1,7,01 00 00 0F 03 B8 1E
2026-09-28T15:20:58.017+00:00,3962.095,RX,baseline,00111EB8,1,5,01 00 00 B8 1E
2026-09-28T15:20:58.022+00:00,3967.129,RX,baseline,000141BD,1,7,01 00 00 0F 03 BD 41
2026-09-28T15:20:58.022+00:00,3967.302,RX,baseline,001141BD,1,5,01 00 00 BD 41
2026-09-28T15:20:58.026+00:00,3971.902,RX,baseline,0001E6E7,1,7,01 00 00 0F 03 E7 E6
2026-09-28T15:20:58.027+00:00,3972.218,RX,baseline,0011E6E7,1,5,01 00 00 E7 E6
2026-09-28T15:20:58.031+00:00,3976.897,RX,baseline,0001EEF2,1,7,01 00 00 0F 03 F2 EE
2026-09-28T15:20:58.032+00:00,3977.139,RX,baseline,0011EEF2,1,5,01 00 00 F2 EE
2026-09-28T15:20:58.036+00:00,3981.889,RX,baseline,0001421E,1,7,01 00 00 0F 03 1E 42
2026-09-28T15:20:58.037+00:00,3982.106,RX,baseline,0011421E,1,5,01 00 00 1E 42
2026-09-28T15:20:58.042+00:00,3987.003,RX,baseline,00011E43,1,7,01 00 00 0F 03 43 1E
2026-09-28T15:20:58.042+00:00,3987.083,RX,baseline,00111E43,1,5,01 00 00 43 1E
2026-09-28T15:20:58.047+00:00,3992.056,RX,baseline,000108B1,1,7,01 00 00 0F 03 B1 08
2026-09-28T15:20:58.047+00:00,3992.170,RX,baseline,001108B1,1,5,01 00 00 B1 08
2026-09-28T15:20:58.052+00:00,3997.047,RX,baseline,00019736,1,7,01 00 00 0F 03 36 97
2026-09-28T15:20:58.052+00:00,3997.140,RX,baseline,00119736,1,5,01 00 00 36 97
2026-09-28T15:20:58.057+00:00,4002.049,RX,baseline,00014FA1,1,7,01 00 00 0F 03 A1 4F
2026-09-28T15:20:58.057+00:00,4002.215,RX,baseline,00114FA1,1,5,01 00 00 A1 4F
2026-09-28T15:20:58.062+00:00,4007.046,RX,baseline,0001ADE7,1,7,01 00 00 0F 03 E7 AD
2026-09-28T15:20:58.062+00:00,4007.092,RX,baseline,0011ADE7,1,5,01 00 00 E7 AD
2026-09-28T15:20:58.067+00:00,4012.046,RX,baseline,00011CD6,1,7,01 00 00 0F 03 D6 1C
2026-09-28T15:20:58.067+00:00,4012.167,RX,baseline,00111CD6,1,5,01 00 00 D6 1C
2026-09-28T15:20:58.072+00:00,4017.013,RX,baseline,0001405E,1,7,01 00 00 0F 03 5E 40
2026-09-28T15:20:58.072+00:00,4017.069,RX,baseline,0011405E,1,5,01 00 00 5E 40
2026-09-28T15:20:58.077+00:00,4022.046,RX,baseline,0001E882,1,7,01 00 00 0F 03 82 E8
2026-09-28T15:20:58.077+00:00,4022.151,RX,baseline,0011E882,1,5,01 00 00 82 E8
2026-09-28T15:20:58.082+00:00,4027.030,RX,baseline,0001CC6A,1,7,01 00 00 0F 03 6A CC
2026-09-28T15:20:58.082+00:00,4027.095,RX,baseline,0011CC6A,1,5,01 00 00 6A CC
2026-09-28T15:20:58.087+00:00,4032.047,RX,baseline,00010A73,1,7,01 00 00 0F 03 73 0A
2026-09-28T15:20:58.087+00:00,4032.155,RX,baseline,00110A73,1,5,01 00 00 73 0A
2026-09-28T15:20:58.092+00:00,4037.046,RX,baseline,00015D7D,1,7,01 00 00 0F 03 7D 5D
2026-09-28T15:20:58.092+00:00,4037.093,RX,baseline,00115D7D,1,5,01 00 00 7D 5D
2026-09-28T15:20:58.096+00:00,4041.905,RX,baseline,00010FD7,1,7,01 00 00 0F 03 D7 0F
2026-09-28T15:20:58.097+00:00,4042.139,RX,baseline,00110FD7,1,5,01 00 00 D7 0F
2026-09-28T15:20:58.101+00:00,4046.931,RX,baseline,00010EAE,1,7,01 00 00 0F 03 AE 0E
2026-09-28T15:20:58.102+00:00,4047.129,RX,baseline,00110EAE,1,5,01 00 00 AE 0E
2026-09-28T15:20:58.107+00:00,4051.950,RX,baseline,00017DCB,1,7,01 00 00 0F 03 CB 7D
2026-09-28T15:20:58.107+00:00,4052.158,RX,baseline,00117DCB,1,5,01 00 00 CB 7D
2026-09-28T15:20:58.112+00:00,4056.935,RX,baseline,00018FC0,1,7,01 00 00 0F 03 C0 8F
2026-09-28T15:20:58.112+00:00,4057.142,RX,baseline,00118FC0,1,5,01 00 00 C0 8F
2026-09-28T15:20:58.117+00:00,4061.980,RX,baseline,00019EA1,1,7,01 00 00 0F 03 A1 9E
2026-09-28T15:20:58.117+00:00,4062.081,RX,baseline,00119EA1,1,5,01 00 00 A1 9E
2026-09-28T15:20:58.121+00:00,4066.919,RX,baseline,000174DD,1,7,01 00 00 0F 03 DD 74
2026-09-28T15:20:58.122+00:00,4067.157,RX,baseline,001174DD,1,5,01 00 00 DD 74
2026-09-28T15:20:58.126+00:00,4071.891,RX,baseline,0001EBC1,1,7,01 00 00 0F 03 C1 EB
2026-09-28T15:20:58.127+00:00,4072.130,RX,baseline,0011EBC1,1,5,01 00 00 C1 EB
2026-09-28T15:20:58.132+00:00,4077.000,RX,baseline,0001F771,1,7,01 00 00 0F 03 71 F7
2026-09-28T15:20:58.132+00:00,4077.256,RX,baseline,0011F771,1,5,01 00 00 71 F7
2026-09-28T15:20:58.137+00:00,4082.046,RX,baseline,0001DF9D,1,7,01 00 00 0F 03 9D DF
2026-09-28T15:20:58.137+00:00,4082.090,RX,baseline,0011DF9D,1,5,01 00 00 9D DF
2026-09-28T15:20:58.142+00:00,4087.033,RX,baseline,00016745,1,7,01 00 00 0F 03 45 67
2026-09-28T15:20:58.142+00:00,4087.078,RX,baseline,00116745,1,5,01 00 00 45 67
2026-09-28T15:20:58.147+00:00,4092.027,RX,baseline,00019F03,1,7,01 00 00 0F 03 03 9F
2026-09-28T15:20:58.147+00:00,4092.129,RX,baseline,00119F03,1,5,01 00 00 03 9F
2026-09-28T15:20:58.152+00:00,4096.945,RX,baseline,00019DC0,1,7,01 00 00 0F 03 C0 9D
2026-09-28T15:20:58.152+00:00,4097.111,RX,baseline,00119DC0,1,5,01 00 00 C0 9D
2026-09-28T15:20:58.157+00:00,4102.034,RX,baseline,00012ADA,1,7,01 00 00 0F 03 DA 2A
2026-09-28T15:20:58.157+00:00,4102.119,RX,baseline,00112ADA,1,5,01 00 00 DA 2A
2026-09-28T15:20:58.162+00:00,4106.934,RX,baseline,00015604,1,7,01 00 00 0F 03 04 56
2026-09-28T15:20:58.162+00:00,4107.108,RX,baseline,00115604,1,5,01 00 00 04 56
2026-09-28T15:20:58.167+00:00,4111.992,RX,baseline,0001D706,1,7,01 00 00 0F 03 06 D7
2026-09-28T15:20:58.167+00:00,4112.143,RX,baseline,0011D706,1,5,01 00 00 06 D7
2026-09-28T15:20:58.172+00:00,4116.976,RX,baseline,0001A741,1,7,01 00 00 0F 03 41 A7
2026-09-28T15:20:58.172+00:00,4117.160,RX,baseline,0011A741,1,5,01 00 00 41 A7
2026-09-28T15:20:58.177+00:00,4122.012,RX,baseline,0001690D,1,7,01 00 00 0F 03 0D 69
2026-09-28T15:20:58.177+00:00,4122.103,RX,baseline,0011690D,1,5,01 00 00 0D 69
2026-09-28T15:20:58.182+00:00,4126.975,RX,baseline,0001B368,1,7,01 00 00 0F 03 68 B3
2026-09-28T15:20:58.182+00:00,4127.061,RX,baseline,0011B368,1,5,01 00 00 68 B3
2026-09-28T15:20:58.187+00:00,4132.027,RX,baseline,0001C4B4,1,7,01 00 00 0F 03 B4 C4
2026-09-28T15:20:58.187+00:00,4132.112,RX,baseline,0011C4B4,1,5,01 00 00 B4 C4
2026-09-28T15:20:58.192+00:00,4136.983,RX,baseline,0001B733,1,7,01 00 00 0F 03 33 B7
2026-09-28T15:20:58.192+00:00,4137.123,RX,baseline,0011B733,1,5,01 00 00 33 B7
2026-09-28T15:20:58.197+00:00,4142.060,RX,baseline,00019EA6,1,7,01 00 00 0F 03 A6 9E
2026-09-28T15:20:58.197+00:00,4142.135,RX,baseline,00119EA6,1,5,01 00 00 A6 9E
2026-09-28T15:20:58.201+00:00,4146.920,RX,baseline,00019D13,1,7,01 00 00 0F 03 13 9D
2026-09-28T15:20:58.202+00:00,4147.116,RX,baseline,00119D13,1,5,01 00 00 13 9D
2026-09-28T15:20:58.207+00:00,4152.020,RX,baseline,0001B0E6,1,7,01 00 00 0F 03 E6 B0
2026-09-28T15:20:58.207+00:00,4152.065,RX,baseline,0011B0E6,1,5,01 00 00 E6 B0
2026-09-28T15:20:58.211+00:00,4156.920,RX,baseline,00012B85,1,7,01 00 00 0F 03 85 2B
2026-09-28T15:20:58.212+00:00,4157.121,RX,baseline,00112B85,1,5,01 00 00 85 2B
2026-09-28T15:20:58.217+00:00,4161.947,RX,baseline,00018AA1,1,7,01 00 00 0F 03 A1 8A
2026-09-28T15:20:58.217+00:00,4162.114,RX,baseline,00118AA1,1,5,01 00 00 A1 8A
2026-09-28T15:20:58.221+00:00,4166.871,RX,baseline,0001D7E0,1,7,01 00 00 0F 03 E0 D7
2026-09-28T15:20:58.222+00:00,4167.118,RX,baseline,0011D7E0,1,5,01 00 00 E0 D7
2026-09-28T15:20:58.226+00:00,4171.874,RX,baseline,0001F093,1,7,01 00 00 0F 03 93 F0
2026-09-28T15:20:58.227+00:00,4172.114,RX,baseline,0011F093,1,5,01 00 00 93 F0
2026-09-28T15:20:58.231+00:00,4176.869,RX,baseline,00018598,1,7,01 00 00 0F 03 98 85
2026-09-28T15:20:58.232+00:00,4177.106,RX,baseline,00118598,1,5,01 00 00 98 85
2026-09-28T15:20:58.237+00:00,4181.936,RX,baseline,0001251D,1,7,01 00 00 0F 03 1D 25
2026-09-28T15:20:58.237+00:00,4182.181,RX,baseline,0011251D,1,5,01 00 00 1D 25
2026-09-28T15:20:58.241+00:00,4186.882,RX,baseline,00016A88,1,7,01 00 00 0F 03 88 6A
2026-09-28T15:20:58.242+00:00,4187.114,RX,baseline,00116A88,1,5,01 00 00 88 6A
2026-09-28T15:20:58.247+00:00,4192.172,RX,baseline,00010EC5,1,7,01 00 00 0F 03 C5 0E
2026-09-28T15:20:58.247+00:00,4192.264,RX,baseline,00110EC5,1,5,01 00 00 C5 0E
2026-09-28T15:20:58.252+00:00,4197.043,RX,baseline,0001AFC4,1,7,01 00 00 0F 03 C4 AF
2026-09-28T15:20:58.252+00:00,4197.116,RX,baseline,0011AFC4,1,5,01 00 00 C4 AF
2026-09-28T15:20:58.257+00:00,4202.096,RX,baseline,000149AE,1,7,01 00 00 0F 03 AE 49
2026-09-28T15:20:58.257+00:00,4202.189,RX,baseline,001149AE,1,5,01 00 00 AE 49
2026-09-28T15:20:58.262+00:00,4207.015,RX,baseline,0001A703,1,7,01 00 00 0F 03 03 A7
2026-09-28T15:20:58.262+00:00,4207.124,RX,baseline,0011A703,1,5,01 00 00 03 A7
2026-09-28T15:20:58.267+00:00,4212.070,RX,baseline,0001C44F,1,7,01 00 00 0F 03 4F C4
2026-09-28T15:20:58.267+00:00,4212.175,RX,baseline,0011C44F,1,5,01 00 00 4F C4
2026-09-28T15:20:58.272+00:00,4217.019,RX,baseline,0001379B,1,7,01 00 00 0F 03 9B 37
2026-09-28T15:20:58.272+00:00,4217.157,RX,baseline,0011379B,1,5,01 00 00 9B 37
2026-09-28T15:20:58.277+00:00,4222.103,RX,baseline,00012971,1,7,01 00 00 0F 03 71 29
2026-09-28T15:20:58.277+00:00,4222.185,RX,baseline,00112971,1,5,01 00 00 71 29
2026-09-28T15:20:58.282+00:00,4227.027,RX,baseline,0001CAAF,1,7,01 00 00 0F 03 AF CA
2026-09-28T15:20:58.282+00:00,4227.074,RX,baseline,0011CAAF,1,5,01 00 00 AF CA
2026-09-28T15:20:58.287+00:00,4232.102,RX,baseline,0001293F,1,7,01 00 00 0F 03 3F 29
2026-09-28T15:20:58.287+00:00,4232.212,RX,baseline,0011293F,1,5,01 00 00 3F 29
2026-09-28T15:20:58.291+00:00,4236.906,RX,baseline,0001C8F0,1,7,01 00 00 0F 03 F0 C8
2026-09-28T15:20:58.292+00:00,4237.136,RX,baseline,0011C8F0,1,5,01 00 00 F0 C8
2026-09-28T15:20:58.296+00:00,4241.868,RX,baseline,0001ECE3,1,7,01 00 00 0F 03 E3 EC
2026-09-28T15:20:58.297+00:00,4242.109,RX,baseline,0011ECE3,1,5,01 00 00 E3 EC
2026-09-28T15:20:58.301+00:00,4246.871,RX,baseline,0001E931,1,7,01 00 00 0F 03 31 E9
2026-09-28T15:20:58.302+00:00,4247.106,RX,baseline,0011E931,1,5,01 00 00 31 E9
2026-09-28T15:20:58.306+00:00,4251.875,RX,baseline,00019C13,1,7,01 00 00 0F 03 13 9C
2026-09-28T15:20:58.307+00:00,4252.119,RX,baseline,00119C13,1,5,01 00 00 13 9C
2026-09-28T15:20:58.311+00:00,4256.869,RX,baseline,00015596,1,7,01 00 00 0F 03 96 55
2026-09-28T15:20:58.312+00:00,4257.111,RX,baseline,00115596,1,5,01 00 00 96 55
2026-09-28T15:20:58.316+00:00,4261.922,RX,baseline,00013D71,1,7,01 00 00 0F 03 71 3D
2026-09-28T15:20:58.317+00:00,4262.122,RX,baseline,00113D71,1,5,01 00 00 71 3D
2026-09-28T15:20:58.321+00:00,4266.860,RX,baseline,0001BA1E,1,7,01 00 00 0F 03 1E BA
2026-09-28T15:20:58.322+00:00,4267.094,RX,baseline,0011BA1E,1,5,01 00 00 1E BA
2026-09-28T15:20:58.326+00:00,4271.844,RX,baseline,0001F6AD,1,7,01 00 00 0F 03 AD F6
2026-09-28T15:20:58.327+00:00,4272.093,RX,baseline,0011F6AD,1,5,01 00 00 AD F6
2026-09-28T15:20:58.332+00:00,4276.933,RX,baseline,000185E8,1,7,01 00 00 0F 03 E8 85
2026-09-28T15:20:58.332+00:00,4277.361,RX,baseline,001185E8,1,5,01 00 00 E8 85
2026-09-28T15:20:58.337+00:00,4281.982,RX,baseline,0001DECF,1,7,01 00 00 0F 03 CF DE
2026-09-28T15:20:58.337+00:00,4282.079,RX,baseline,0011DECF,1,5,01 00 00 CF DE
2026-09-28T15:20:58.342+00:00,4286.974,RX,baseline,00015958,1,7,01 00 00 0F 03 58 59
2026-09-28T15:20:58.342+00:00,4287.112,RX,baseline,00115958,1,5,01 00 00 58 59
2026-09-28T15:20:58.347+00:00,4291.930,RX,baseline,00017D07,1,7,01 00 00 0F 03 07 7D
2026-09-28T15:20:58.347+00:00,4292.096,RX,baseline,00117D07,1,5,01 00 00 07 7D
2026-09-28T15:20:58.351+00:00,4296.859,RX,baseline,0001EA0B,1,7,01 00 00 0F 03 0B EA
2026-09-28T15:20:58.352+00:00,4297.070,RX,baseline,0011EA0B,1,5,01 00 00 0B EA
2026-09-28T15:20:58.356+00:00,4301.870,RX,baseline,00012808,1,7,01 00 00 0F 03 08 28
2026-09-28T15:20:58.357+00:00,4302.105,RX,baseline,00112808,1,5,01 00 00 08 28
2026-09-28T15:20:58.361+00:00,4306.839,RX,baseline,00012E39,1,7,01 00 00 0F 03 39 2E
2026-09-28T15:20:58.362+00:00,4307.076,RX,baseline,00112E39,1,5,01 00 00 39 2E
2026-09-28T15:20:58.366+00:00,4311.856,RX,baseline,000111A6,1,7,01 00 00 0F 03 A6 11
2026-09-28T15:20:58.367+00:00,4312.115,RX,baseline,001111A6,1,5,01 00 00 A6 11
2026-09-28T15:20:58.372+00:00,4317.023,RX,baseline,000163F5,1,7,01 00 00 0F 03 F5 63
2026-09-28T15:20:58.372+00:00,4317.093,RX,baseline,001163F5,1,5,01 00 00 F5 63
2026-09-28T15:20:58.377+00:00,4322.050,RX,baseline,0001B458,1,7,01 00 00 0F 03 58 B4
2026-09-28T15:20:58.377+00:00,4322.118,RX,baseline,0011B458,1,5,01 00 00 58 B4
2026-09-28T15:20:58.382+00:00,4326.989,RX,baseline,00019D71,1,7,01 00 00 0F 03 71 9D
2026-09-28T15:20:58.382+00:00,4327.056,RX,baseline,00119D71,1,5,01 00 00 71 9D
2026-09-28T15:20:58.387+00:00,4332.034,RX,baseline,000123D0,1,7,01 00 00 0F 03 D0 23
2026-09-28T15:20:58.387+00:00,4332.095,RX,baseline,001123D0,1,5,01 00 00 D0 23
2026-09-28T15:20:58.392+00:00,4337.025,RX,baseline,0001622C,1,7,01 00 00 0F 03 2C 62
2026-09-28T15:20:58.392+00:00,4337.230,RX,baseline,0011622C,1,5,01 00 00 2C 62
2026-09-28T15:20:58.397+00:00,4342.135,RX,baseline,0001DBBC,1,7,01 00 00 0F 03 BC DB
2026-09-28T15:20:58.397+00:00,4342.224,RX,baseline,0011DBBC,1,5,01 00 00 BC DB
2026-09-28T15:20:58.402+00:00,4347.023,RX,baseline,0001FDAF,1,7,01 00 00 0F 03 AF FD
2026-09-28T15:20:58.402+00:00,4347.235,RX,baseline,0011FDAF,1,5,01 00 00 AF FD
2026-09-28T15:20:58.407+00:00,4352.020,RX,baseline,0001D37C,1,7,01 00 00 0F 03 7C D3
2026-09-28T15:20:58.407+00:00,4352.140,RX,baseline,0011D37C,1,5,01 00 00 7C D3
2026-09-28T15:20:58.412+00:00,4357.021,RX,baseline,0001434E,1,7,01 00 00 0F 03 4E 43
2026-09-28T15:20:58.412+00:00,4357.175,RX,baseline,0011434E,1,5,01 00 00 4E 43
2026-09-28T15:20:58.417+00:00,4362.053,RX,baseline,00014345,1,7,01 00 00 0F 03 45 43
2026-09-28T15:20:58.417+00:00,4362.099,RX,baseline,00114345,1,5,01 00 00 45 43
2026-09-28T15:20:58.422+00:00,4367.055,RX,baseline,00014B01,1,7,01 00 00 0F 03 01 4B
2026-09-28T15:20:58.422+00:00,4367.101,RX,baseline,00114B01,1,5,01 00 00 01 4B
2026-09-28T15:20:58.427+00:00,4371.989,RX,baseline,0001F30B,1,7,01 00 00 0F 03 0B F3
2026-09-28T15:20:58.427+00:00,4372.087,RX,baseline,0011F30B,1,5,01 00 00 0B F3
2026-09-28T15:20:58.432+00:00,4376.944,RX,baseline,00019E53,1,7,01 00 00 0F 03 53 9E
2026-09-28T15:20:58.432+00:00,4377.104,RX,baseline,00119E53,1,5,01 00 00 53 9E
2026-09-28T15:20:58.437+00:00,4381.988,RX,baseline,0001792F,1,7,01 00 00 0F 03 2F 79
2026-09-28T15:20:58.437+00:00,4382.117,RX,baseline,0011792F,1,5,01 00 00 2F 79
2026-09-28T15:20:58.442+00:00,4386.934,RX,baseline,0001F8FB,1,7,01 00 00 0F 03 FB F8
2026-09-28T15:20:58.442+00:00,4387.076,RX,baseline,0011F8FB,1,5,01 00 00 FB F8
2026-09-28T15:20:58.447+00:00,4392.106,RX,baseline,000132BB,1,7,01 00 00 0F 03 BB 32
2026-09-28T15:20:58.447+00:00,4392.178,RX,baseline,001132BB,1,5,01 00 00 BB 32
2026-09-28T15:20:58.452+00:00,4396.980,RX,baseline,00018B94,1,7,01 00 00 0F 03 94 8B
2026-09-28T15:20:58.452+00:00,4397.026,RX,baseline,00118B94,1,5,01 00 00 94 8B
2026-09-28T15:20:58.457+00:00,4402.138,RX,baseline,000180B5,1,7,01 00 00 0F 03 B5 80
2026-09-28T15:20:58.457+00:00,4402.213,RX,baseline,001180B5,1,5,01 00 00 B5 80
2026-09-28T15:20:58.462+00:00,4407.041,RX,baseline,0001E399,1,7,01 00 00 0F 03 99 E3
2026-09-28T15:20:58.462+00:00,4407.140,RX,baseline,0011E399,1,5,01 00 00 99 E3
2026-09-28T15:20:58.467+00:00,4412.078,RX,baseline,000109D6,1,7,01 00 00 0F 03 D6 09
2026-09-28T15:20:58.467+00:00,4412.148,RX,baseline,001109D6,1,5,01 00 00 D6 09
2026-09-28T15:20:58.472+00:00,4417.108,RX,baseline,0001F68A,1,7,01 00 00 0F 03 8A F6
2026-09-28T15:20:58.472+00:00,4417.186,RX,baseline,0011F68A,1,5,01 00 00 8A F6
2026-09-28T15:20:58.477+00:00,4422.053,RX,baseline,000159A1,1,7,01 00 00 0F 03 A1 59
2026-09-28T15:20:58.477+00:00,4422.119,RX,baseline,001159A1,1,5,01 00 00 A1 59
2026-09-28T15:20:58.482+00:00,4427.045,RX,baseline,0001E6E4,1,7,01 00 00 0F 03 E4 E6
2026-09-28T15:20:58.482+00:00,4427.128,RX,baseline,0011E6E4,1,5,01 00 00 E4 E6
2026-09-28T15:20:58.487+00:00,4432.045,RX,baseline,0001E5AD,1,7,01 00 00 0F 03 AD E5
2026-09-28T15:20:58.487+00:00,4432.124,RX,baseline,0011E5AD,1,5,01 00 00 AD E5
2026-09-28T15:20:58.492+00:00,4436.997,RX,baseline,0001F856,1,7,01 00 00 0F 03 56 F8
2026-09-28T15:20:58.492+00:00,4437.042,RX,baseline,0011F856,1,5,01 00 00 56 F8
2026-09-28T15:20:58.496+00:00,4441.902,RX,baseline,00019FA5,1,7,01 00 00 0F 03 A5 9F
2026-09-28T15:20:58.497+00:00,4442.144,RX,baseline,00119FA5,1,5,01 00 00 A5 9F
2026-09-28T15:20:58.502+00:00,4446.998,RX,baseline,0001DD56,1,7,01 00 00 0F 03 56 DD
2026-09-28T15:20:58.502+00:00,4447.042,RX,baseline,0011DD56,1,5,01 00 00 56 DD
2026-09-28T15:20:58.506+00:00,4451.840,RX,baseline,00012A48,1,7,01 00 00 0F 03 48 2A
2026-09-28T15:20:58.507+00:00,4452.084,RX,baseline,00112A48,1,5,01 00 00 48 2A
2026-09-28T15:20:58.511+00:00,4456.847,RX,baseline,00012B04,1,7,01 00 00 0F 03 04 2B
2026-09-28T15:20:58.512+00:00,4457.064,RX,baseline,00112B04,1,5,01 00 00 04 2B
2026-09-28T15:20:58.516+00:00,4461.845,RX,baseline,0001016C,1,7,01 00 00 0F 03 6C 01
2026-09-28T15:20:58.517+00:00,4462.089,RX,baseline,0011016C,1,5,01 00 00 6C 01
2026-09-28T15:20:58.521+00:00,4466.840,RX,baseline,000168FE,1,7,01 00 00 0F 03 FE 68
2026-09-28T15:20:58.522+00:00,4467.062,RX,baseline,001168FE,1,5,01 00 00 FE 68
2026-09-28T15:20:58.527+00:00,4471.933,RX,baseline,000148D9,1,7,01 00 00 0F 03 D9 48
2026-09-28T15:20:58.527+00:00,4472.102,RX,baseline,001148D9,1,5,01 00 00 D9 48
2026-09-28T15:20:58.531+00:00,4476.844,RX,baseline,0001D58E,1,7,01 00 00 0F 03 8E D5
2026-09-28T15:20:58.532+00:00,4477.082,RX,baseline,0011D58E,1,5,01 00 00 8E D5
2026-09-28T15:20:58.537+00:00,4481.985,RX,baseline,0001F76E,1,7,01 00 00 0F 03 6E F7
2026-09-28T15:20:58.537+00:00,4482.068,RX,baseline,0011F76E,1,5,01 00 00 6E F7
2026-09-28T15:20:58.541+00:00,4486.921,RX,baseline,0001AB62,1,7,01 00 00 0F 03 62 AB
2026-09-28T15:20:58.542+00:00,4487.180,RX,baseline,0011AB62,1,5,01 00 00 62 AB
2026-09-28T15:20:58.547+00:00,4492.167,RX,baseline,0001D3F4,1,7,01 00 00 0F 03 F4 D3
2026-09-28T15:20:58.547+00:00,4492.221,RX,baseline,0011D3F4,1,5,01 00 00 F4 D3
2026-09-28T15:20:58.551+00:00,4496.874,RX,baseline,000168A2,1,7,01 00 00 0F 03 A2 68
2026-09-28T15:20:58.552+00:00,4497.132,RX,baseline,001168A2,1,5,01 00 00 A2 68
2026-09-28T15:20:58.557+00:00,4501.931,RX,baseline,00012687,1,7,01 00 00 0F 03 87 26
2026-09-28T15:20:58.557+00:00,4502.053,RX,baseline,00112687,1,5,01 00 00 87 26
2026-09-28T15:20:58.562+00:00,4506.987,RX,baseline,00012427,1,7,01 00 00 0F 03 27 24
2026-09-28T15:20:58.562+00:00,4507.310,RX,baseline,00112427,1,5,01 00 00 27 24
2026-09-28T15:20:58.567+00:00,4512.072,RX,baseline,0001757F,1,7,01 00 00 0F 03 7F 75
2026-09-28T15:20:58.567+00:00,4512.192,RX,baseline,0011757F,1,5,01 00 00 7F 75
2026-09-28T15:20:58.572+00:00,4517.376,RX,baseline,0001C023,1,7,01 00 00 0F 03 23 C0
2026-09-28T15:20:58.572+00:00,4517.464,RX,baseline,0011C023,1,5,01 00 00 23 C0
2026-09-28T15:20:58.577+00:00,4521.951,RX,baseline,00011245,1,7,01 00 00 0F 03 45 12
2026-09-28T15:20:58.577+00:00,4522.631,RX,baseline,00111245,1,5,01 00 00 45 12
2026-09-28T15:20:58.582+00:00,4527.056,RX,baseline,00019671,1,7,01 00 00 0F 03 71 96
2026-09-28T15:20:58.582+00:00,4527.131,RX,baseline,00119671,1,5,01 00 00 71 96
2026-09-28T15:20:58.587+00:00,4532.034,RX,baseline,0001266A,1,7,01 00 00 0F 03 6A 26
2026-09-28T15:20:58.587+00:00,4532.095,RX,baseline,0011266A,1,5,01 00 00 6A 26
2026-09-28T15:20:58.592+00:00,4537.095,RX,baseline,00015D6F,1,7,01 00 00 0F 03 6F 5D
2026-09-28T15:20:58.592+00:00,4537.173,RX,baseline,00115D6F,1,5,01 00 00 6F 5D
2026-09-28T15:20:58.597+00:00,4541.979,RX,baseline,0001A703,1,7,01 00 00 0F 03 03 A7
2026-09-28T15:20:58.597+00:00,4542.090,RX,baseline,0011A703,1,5,01 00 00 03 A7
2026-09-28T15:20:58.602+00:00,4547.052,RX,baseline,0001A90A,1,7,01 00 00 0F 03 0A A9
2026-09-28T15:20:58.602+00:00,4547.115,RX,baseline,0011A90A,1,5,01 00 00 0A A9
2026-09-28T15:20:58.606+00:00,4551.812,RX,baseline,0001201D,1,7,01 00 00 0F 03 1D 20
2026-09-28T15:20:58.607+00:00,4552.081,RX,baseline,0011201D,1,5,01 00 00 1D 20
2026-09-28T15:20:58.611+00:00,4556.886,RX,baseline,0001DA65,1,7,01 00 00 0F 03 65 DA
2026-09-28T15:20:58.612+00:00,4557.092,RX,baseline,0011DA65,1,5,01 00 00 65 DA
2026-09-28T15:20:58.617+00:00,4562.028,RX,baseline,0001B7BA,1,7,01 00 00 0F 03 BA B7
2026-09-28T15:20:58.617+00:00,4562.090,RX,baseline,0011B7BA,1,5,01 00 00 BA B7
2026-09-28T15:20:58.622+00:00,4566.924,RX,baseline,0001E945,1,7,01 00 00 0F 03 45 E9
2026-09-28T15:20:58.622+00:00,4567.125,RX,baseline,0011E945,1,5,01 00 00 45 E9
2026-09-28T15:20:58.627+00:00,4571.960,RX,baseline,000103B5,1,7,01 00 00 0F 03 B5 03
2026-09-28T15:20:58.627+00:00,4572.005,RX,baseline,001103B5,1,5,01 00 00 B5 03
2026-09-28T15:20:58.631+00:00,4576.873,RX,baseline,00011524,1,7,01 00 00 0F 03 24 15
2026-09-28T15:20:58.632+00:00,4577.071,RX,baseline,00111524,1,5,01 00 00 24 15
2026-09-28T15:20:58.637+00:00,4582.020,RX,baseline,00019F91,1,7,01 00 00 0F 03 91 9F
2026-09-28T15:20:58.637+00:00,4582.099,RX,baseline,00119F91,1,5,01 00 00 91 9F
2026-09-28T15:20:58.642+00:00,4587.038,RX,baseline,0001749F,1,7,01 00 00 0F 03 9F 74
2026-09-28T15:20:58.642+00:00,4587.132,RX,baseline,0011749F,1,5,01 00 00 9F 74
2026-09-28T15:20:58.646+00:00,4591.915,RX,baseline,0001C6EE,1,7,01 00 00 0F 03 EE C6
2026-09-28T15:20:58.647+00:00,4592.000,RX,baseline,0011C6EE,1,5,01 00 00 EE C6
2026-09-28T15:20:58.652+00:00,4597.104,RX,baseline,0001A894,1,7,01 00 00 0F 03 94 A8
2026-09-28T15:20:58.652+00:00,4597.170,RX,baseline,0011A894,1,5,01 00 00 94 A8
2026-09-28T15:20:58.656+00:00,4601.905,RX,baseline,0001CB39,1,7,01 00 00 0F 03 39 CB
2026-09-28T15:20:58.657+00:00,4602.065,RX,baseline,0011CB39,1,5,01 00 00 39 CB
2026-09-28T15:20:58.661+00:00,4606.886,RX,baseline,0001DD2A,1,7,01 00 00 0F 03 2A DD
2026-09-28T15:20:58.662+00:00,4607.064,RX,baseline,0011DD2A,1,5,01 00 00 2A DD
2026-09-28T15:20:58.667+00:00,4611.958,RX,baseline,0001EADE,1,7,01 00 00 0F 03 DE EA
2026-09-28T15:20:58.667+00:00,4612.021,RX,baseline,0011EADE,1,5,01 00 00 DE EA
2026-09-28T15:20:58.671+00:00,4616.909,RX,baseline,000115A5,1,7,01 00 00 0F 03 A5 15
2026-09-28T15:20:58.672+00:00,4617.011,RX,baseline,001115A5,1,5,01 00 00 A5 15
2026-09-28T15:20:58.677+00:00,4621.935,RX,baseline,000149FA,1,7,01 00 00 0F 03 FA 49
2026-09-28T15:20:58.677+00:00,4622.008,RX,baseline,001149FA,1,5,01 00 00 FA 49
2026-09-28T15:20:58.681+00:00,4626.867,RX,baseline,0001F0A9,1,7,01 00 00 0F 03 A9 F0
2026-09-28T15:20:58.682+00:00,4627.058,RX,baseline,0011F0A9,1,5,01 00 00 A9 F0
2026-09-28T15:20:58.686+00:00,4631.900,RX,baseline,00017866,1,7,01 00 00 0F 03 66 78
2026-09-28T15:20:58.687+00:00,4632.060,RX,baseline,00117866,1,5,01 00 00 66 78
2026-09-28T15:20:58.692+00:00,4637.073,RX,baseline,00012959,1,7,01 00 00 0F 03 59 29
2026-09-28T15:20:58.692+00:00,4637.142,RX,baseline,00112959,1,5,01 00 00 59 29
2026-09-28T15:20:58.697+00:00,4642.028,RX,baseline,0001668C,1,7,01 00 00 0F 03 8C 66
2026-09-28T15:20:58.697+00:00,4642.101,RX,baseline,0011668C,1,5,01 00 00 8C 66
2026-09-28T15:20:58.702+00:00,4647.059,RX,baseline,0001967A,1,7,01 00 00 0F 03 7A 96
2026-09-28T15:20:58.702+00:00,4647.115,RX,baseline,0011967A,1,5,01 00 00 7A 96
2026-09-28T15:20:58.707+00:00,4651.989,RX,baseline,00011A67,1,7,01 00 00 0F 03 67 1A
2026-09-28T15:20:58.707+00:00,4652.036,RX,baseline,00111A67,1,5,01 00 00 67 1A
2026-09-28T15:20:58.712+00:00,4657.025,RX,baseline,00014B82,1,7,01 00 00 0F 03 82 4B
2026-09-28T15:20:58.712+00:00,4657.081,RX,baseline,00114B82,1,5,01 00 00 82 4B
2026-09-28T15:20:58.717+00:00,4661.989,RX,baseline,000127A5,1,7,01 00 00 0F 03 A5 27
2026-09-28T15:20:58.717+00:00,4662.061,RX,baseline,001127A5,1,5,01 00 00 A5 27
2026-09-28T15:20:58.722+00:00,4667.034,RX,baseline,00018437,1,7,01 00 00 0F 03 37 84
2026-09-28T15:20:58.722+00:00,4667.124,RX,baseline,00118437,1,5,01 00 00 37 84
2026-09-28T15:20:58.727+00:00,4672.021,RX,baseline,000119B7,1,7,01 00 00 0F 03 B7 19
2026-09-28T15:20:58.727+00:00,4672.078,RX,baseline,001119B7,1,5,01 00 00 B7 19
2026-09-28T15:20:58.731+00:00,4676.903,RX,baseline,0001C64B,1,7,01 00 00 0F 03 4B C6
2026-09-28T15:20:58.732+00:00,4677.027,RX,baseline,0011C64B,1,5,01 00 00 4B C6
2026-09-28T15:20:58.736+00:00,4681.820,RX,baseline,0001DC56,1,7,01 00 00 0F 03 56 DC
2026-09-28T15:20:58.737+00:00,4682.052,RX,baseline,0011DC56,1,5,01 00 00 56 DC
2026-09-28T15:20:58.741+00:00,4686.818,RX,baseline,00012D1B,1,7,01 00 00 0F 03 1B 2D
2026-09-28T15:20:58.742+00:00,4687.055,RX,baseline,00112D1B,1,5,01 00 00 1B 2D
2026-09-28T15:20:58.747+00:00,4692.078,RX,baseline,00017ED1,1,7,01 00 00 0F 03 D1 7E
2026-09-28T15:20:58.747+00:00,4692.133,RX,baseline,00117ED1,1,5,01 00 00 D1 7E
2026-09-28T15:20:58.751+00:00,4696.891,RX,baseline,00011E77,1,7,01 00 00 0F 03 77 1E
2026-09-28T15:20:58.752+00:00,4696.983,RX,baseline,00111E77,1,5,01 00 00 77 1E
2026-09-28T15:20:58.757+00:00,4702.002,RX,baseline,0001D015,1,7,01 00 00 0F 03 15 D0
2026-09-28T15:20:58.757+00:00,4702.071,RX,baseline,0011D015,1,5,01 00 00 15 D0
2026-09-28T15:20:58.761+00:00,4706.840,RX,baseline,00017424,1,7,01 00 00 0F 03 24 74
2026-09-28T15:20:58.762+00:00,4707.092,RX,baseline,00117424,1,5,01 00 00 24 74
2026-09-28T15:20:58.767+00:00,4711.927,RX,baseline,0001194F,1,7,01 00 00 0F 03 4F 19
2026-09-28T15:20:58.767+00:00,4712.007,RX,baseline,0011194F,1,5,01 00 00 4F 19
2026-09-28T15:20:58.772+00:00,4717.127,RX,baseline,0001586B,1,7,01 00 00 0F 03 6B 58
2026-09-28T15:20:58.772+00:00,4717.230,RX,baseline,0011586B,1,5,01 00 00 6B 58
2026-09-28T15:20:58.777+00:00,4722.058,RX,baseline,0001AE99,1,7,01 00 00 0F 03 99 AE
2026-09-28T15:20:58.777+00:00,4722.133,RX,baseline,0011AE99,1,5,01 00 00 99 AE
2026-09-28T15:20:58.782+00:00,4727.122,RX,baseline,0001A4FC,1,7,01 00 00 0F 03 FC A4
2026-09-28T15:20:58.782+00:00,4727.217,RX,baseline,0011A4FC,1,5,01 00 00 FC A4
2026-09-28T15:20:58.787+00:00,4732.086,RX,baseline,0001A517,1,7,01 00 00 0F 03 17 A5
2026-09-28T15:20:58.787+00:00,4732.152,RX,baseline,0011A517,1,5,01 00 00 17 A5
2026-09-28T15:20:58.792+00:00,4736.965,RX,baseline,00015DED,1,7,01 00 00 0F 03 ED 5D
2026-09-28T15:20:58.792+00:00,4737.026,RX,baseline,00115DED,1,5,01 00 00 ED 5D
2026-09-28T15:20:58.797+00:00,4741.975,RX,baseline,00012769,1,7,01 00 00 0F 03 69 27
2026-09-28T15:20:58.797+00:00,4742.063,RX,baseline,00112769,1,5,01 00 00 69 27
2026-09-28T15:20:58.802+00:00,4747.033,RX,baseline,00010B97,1,7,01 00 00 0F 03 97 0B
2026-09-28T15:20:58.802+00:00,4747.124,RX,baseline,00110B97,1,5,01 00 00 97 0B
2026-09-28T15:20:58.807+00:00,4752.007,RX,baseline,0001B557,1,7,01 00 00 0F 03 57 B5
2026-09-28T15:20:58.807+00:00,4752.079,RX,baseline,0011B557,1,5,01 00 00 57 B5
2026-09-28T15:20:58.811+00:00,4756.883,RX,baseline,00012CA9,1,7,01 00 00 0F 03 A9 2C
2026-09-28T15:20:58.812+00:00,4757.169,RX,baseline,00112CA9,1,5,01 00 00 A9 2C
2026-09-28T15:20:58.817+00:00,4762.054,RX,baseline,00017D31,1,7,01 00 00 0F 03 31 7D
2026-09-28T15:20:58.817+00:00,4762.132,RX,baseline,00117D31,1,5,01 00 00 31 7D
2026-09-28T15:20:58.821+00:00,4766.837,RX,baseline,0001F69B,1,7,01 00 00 0F 03 9B F6
2026-09-28T15:20:58.822+00:00,4767.095,RX,baseline,0011F69B,1,5,01 00 00 9B F6
2026-09-28T15:20:58.826+00:00,4771.904,RX,baseline,0001E131,1,7,01 00 00 0F 03 31 E1
2026-09-28T15:20:58.827+00:00,4772.150,RX,baseline,0011E131,1,5,01 00 00 31 E1
2026-09-28T15:20:58.832+00:00,4777.143,RX,baseline,00014D77,1,7,01 00 00 0F 03 77 4D
2026-09-28T15:20:58.832+00:00,4777.215,RX,baseline,00114D77,1,5,01 00 00 77 4D
2026-09-28T15:20:58.836+00:00,4781.917,RX,baseline,000120DA,1,7,01 00 00 0F 03 DA 20
2026-09-28T15:20:58.837+00:00,4782.110,RX,baseline,001120DA,1,5,01 00 00 DA 20
2026-09-28T15:20:58.841+00:00,4786.854,RX,baseline,00016883,1,7,01 00 00 0F 03 83 68
2026-09-28T15:20:58.842+00:00,4787.093,RX,baseline,00116883,1,5,01 00 00 83 68
2026-09-28T15:20:58.846+00:00,4791.876,RX,baseline,0001C635,1,7,01 00 00 0F 03 35 C6
2026-09-28T15:20:58.847+00:00,4792.002,RX,baseline,0011C635,1,5,01 00 00 35 C6
2026-09-28T15:20:58.851+00:00,4796.910,RX,baseline,0001FC5D,1,7,01 00 00 0F 03 5D FC
2026-09-28T15:20:58.852+00:00,4797.032,RX,baseline,0011FC5D,1,5,01 00 00 5D FC
2026-09-28T15:20:58.857+00:00,4801.933,RX,baseline,00012C58,1,7,01 00 00 0F 03 58 2C
2026-09-28T15:20:58.857+00:00,4802.044,RX,baseline,00112C58,1,5,01 00 00 58 2C
2026-09-28T15:20:58.862+00:00,4806.945,RX,baseline,00010782,1,7,01 00 00 0F 03 82 07
2026-09-28T15:20:58.862+00:00,4807.174,RX,baseline,00110782,1,5,01 00 00 82 07
2026-09-28T15:20:58.867+00:00,4812.014,RX,baseline,00012092,1,7,01 00 00 0F 03 92 20
2026-09-28T15:20:58.867+00:00,4812.105,RX,baseline,00112092,1,5,01 00 00 92 20
2026-09-28T15:20:58.871+00:00,4816.863,RX,baseline,00019D55,1,7,01 00 00 0F 03 55 9D
2026-09-28T15:20:58.872+00:00,4817.083,RX,baseline,00119D55,1,5,01 00 00 55 9D
2026-09-28T15:20:58.877+00:00,4821.959,RX,baseline,0001FD40,1,7,01 00 00 0F 03 40 FD
2026-09-28T15:20:58.877+00:00,4822.217,RX,baseline,0011FD40,1,5,01 00 00 40 FD
2026-09-28T15:20:58.882+00:00,4826.925,RX,baseline,0001B828,1,7,01 00 00 0F 03 28 B8
2026-09-28T15:20:58.882+00:00,4827.010,RX,baseline,0011B828,1,5,01 00 00 28 B8
2026-09-28T15:20:58.886+00:00,4831.915,RX,baseline,0001DD0B,1,7,01 00 00 0F 03 0B DD
2026-09-28T15:20:58.887+00:00,4831.998,RX,baseline,0011DD0B,1,5,01 00 00 0B DD
2026-09-28T15:20:58.892+00:00,4836.942,RX,baseline,0001F1CE,1,7,01 00 00 0F 03 CE F1
2026-09-28T15:20:58.892+00:00,4836.987,RX,baseline,0011F1CE,1,5,01 00 00 CE F1
2026-09-28T15:20:58.896+00:00,4841.795,RX,baseline,0001C720,1,7,01 00 00 0F 03 20 C7
2026-09-28T15:20:58.897+00:00,4842.038,RX,baseline,0011C720,1,5,01 00 00 20 C7
2026-09-28T15:20:58.902+00:00,4846.925,RX,baseline,0001AEC6,1,7,01 00 00 0F 03 C6 AE
2026-09-28T15:20:58.902+00:00,4846.970,RX,baseline,0011AEC6,1,5,01 00 00 C6 AE
2026-09-28T15:20:58.906+00:00,4851.847,RX,baseline,000118AA,1,7,01 00 00 0F 03 AA 18
2026-09-28T15:20:58.907+00:00,4851.999,RX,baseline,001118AA,1,5,01 00 00 AA 18
2026-09-28T15:20:58.911+00:00,4856.822,RX,baseline,000176F4,1,7,01 00 00 0F 03 F4 76
2026-09-28T15:20:58.912+00:00,4857.032,RX,baseline,001176F4,1,5,01 00 00 F4 76
2026-09-28T15:20:58.916+00:00,4861.824,RX,baseline,00011D8D,1,7,01 00 00 0F 03 8D 1D
2026-09-28T15:20:58.917+00:00,4862.033,RX,baseline,00111D8D,1,5,01 00 00 8D 1D
2026-09-28T15:20:58.921+00:00,4866.888,RX,baseline,00010391,1,7,01 00 00 0F 03 91 03
2026-09-28T15:20:58.922+00:00,4866.981,RX,baseline,00110391,1,5,01 00 00 91 03
2026-09-28T15:20:58.926+00:00,4871.809,RX,baseline,00013E36,1,7,01 00 00 0F 03 36 3E
2026-09-28T15:20:58.927+00:00,4871.988,RX,baseline,00113E36,1,5,01 00 00 36 3E
2026-09-28T15:20:58.931+00:00,4876.880,RX,baseline,0001A8AF,1,7,01 00 00 0F 03 AF A8
2026-09-28T15:20:58.932+00:00,4876.992,RX,baseline,0011A8AF,1,5,01 00 00 AF A8
2026-09-28T15:20:58.937+00:00,4881.947,RX,baseline,000189FC,1,7,01 00 00 0F 03 FC 89
2026-09-28T15:20:58.937+00:00,4881.992,RX,baseline,001189FC,1,5,01 00 00 FC 89
2026-09-28T15:20:58.941+00:00,4886.791,RX,baseline,0001AD87,1,7,01 00 00 0F 03 87 AD
2026-09-28T15:20:58.942+00:00,4887.039,RX,baseline,0011AD87,1,5,01 00 00 87 AD
2026-09-28T15:20:58.946+00:00,4891.827,RX,baseline,00011565,1,7,01 00 00 0F 03 65 15
2026-09-28T15:20:58.947+00:00,4892.037,RX,baseline,00111565,1,5,01 00 00 65 15
2026-09-28T15:20:58.952+00:00,4897.028,RX,baseline,0001656B,1,7,01 00 00 0F 03 6B 65
2026-09-28T15:20:58.952+00:00,4897.123,RX,baseline,0011656B,1,5,01 00 00 6B 65
2026-09-28T15:20:58.957+00:00,4901.970,RX,baseline,00011550,1,7,01 00 00 0F 03 50 15
2026-09-28T15:20:58.957+00:00,4902.029,RX,baseline,00111550,1,5,01 00 00 50 15
2026-09-28T15:20:58.962+00:00,4907.009,RX,baseline,00014414,1,7,01 00 00 0F 03 14 44
2026-09-28T15:20:58.962+00:00,4907.098,RX,baseline,00114414,1,5,01 00 00 14 44
2026-09-28T15:20:58.967+00:00,4911.947,RX,baseline,0001D7D0,1,7,01 00 00 0F 03 D0 D7
2026-09-28T15:20:58.967+00:00,4911.992,RX,baseline,0011D7D0,1,5,01 00 00 D0 D7
2026-09-28T15:20:58.972+00:00,4917.009,RX,baseline,00012A9D,1,7,01 00 00 0F 03 9D 2A
2026-09-28T15:20:58.972+00:00,4917.096,RX,baseline,00112A9D,1,5,01 00 00 9D 2A
2026-09-28T15:20:58.977+00:00,4922.025,RX,baseline,0001DD37,1,7,01 00 00 0F 03 37 DD
2026-09-28T15:20:58.977+00:00,4922.122,RX,baseline,0011DD37,1,5,01 00 00 37 DD
2026-09-28T15:20:58.982+00:00,4927.017,RX,baseline,0001C773,1,7,01 00 00 0F 03 73 C7
2026-09-28T15:20:58.982+00:00,4927.104,RX,baseline,0011C773,1,5,01 00 00 73 C7
2026-09-28T15:20:58.987+00:00,4931.944,RX,baseline,00012BAA,1,7,01 00 00 0F 03 AA 2B
2026-09-28T15:20:58.987+00:00,4931.989,RX,baseline,00112BAA,1,5,01 00 00 AA 2B
2026-09-28T15:20:58.992+00:00,4937.010,RX,baseline,00016E00,1,7,01 00 00 0F 03 00 6E
2026-09-28T15:20:58.992+00:00,4937.090,RX,baseline,00116E00,1,5,01 00 00 00 6E
2026-09-28T15:20:58.996+00:00,4941.798,RX,baseline,0001A534,1,7,01 00 00 0F 03 34 A5
2026-09-28T15:20:58.997+00:00,4942.028,RX,baseline,0011A534,1,5,01 00 00 34 A5
2026-09-28T15:20:59.001+00:00,4946.796,RX,baseline,000173D4,1,7,01 00 00 0F 03 D4 73
2026-09-28T15:20:59.002+00:00,4947.028,RX,baseline,001173D4,1,5,01 00 00 D4 73
2026-09-28T15:20:59.006+00:00,4951.791,RX,baseline,0001482F,1,7,01 00 00 0F 03 2F 48
2026-09-28T15:20:59.007+00:00,4952.025,RX,baseline,0011482F,1,5,01 00 00 2F 48
2026-09-28T15:20:59.011+00:00,4956.788,RX,baseline,0001F3A2,1,7,01 00 00 0F 03 A2 F3
2026-09-28T15:20:59.012+00:00,4957.017,RX,baseline,0011F3A2,1,5,01 00 00 A2 F3
2026-09-28T15:20:59.016+00:00,4961.905,RX,baseline,0001677B,1,7,01 00 00 0F 03 7B 67
2026-09-28T15:20:59.017+00:00,4961.949,RX,baseline,0011677B,1,5,01 00 00 7B 67
2026-09-28T15:20:59.021+00:00,4966.809,RX,baseline,00019742,1,7,01 00 00 0F 03 42 97
2026-09-28T15:20:59.022+00:00,4967.003,RX,baseline,00119742,1,5,01 00 00 42 97
2026-09-28T15:20:59.026+00:00,4971.877,RX,baseline,000107DC,1,7,01 00 00 0F 03 DC 07
2026-09-28T15:20:59.027+00:00,4971.961,RX,baseline,001107DC,1,5,01 00 00 DC 07
2026-09-28T15:20:59.031+00:00,4976.799,RX,baseline,000104A2,1,7,01 00 00 0F 03 A2 04
2026-09-28T15:20:59.032+00:00,4977.040,RX,baseline,001104A2,1,5,01 00 00 A2 04
2026-09-28T15:20:59.037+00:00,4981.946,RX,baseline,0001CD7F,1,7,01 00 00 0F 03 7F CD
2026-09-28T15:20:59.037+00:00,4981.999,RX,baseline,0011CD7F,1,5,01 00 00 7F CD
2026-09-28T15:20:59.041+00:00,4986.863,RX,baseline,00016242,1,7,01 00 00 0F 03 42 62
2026-09-28T15:20:59.042+00:00,4986.985,RX,baseline,00116242,1,5,01 00 00 42 62
2026-09-28T15:20:59.046+00:00,4991.776,RX,baseline,0001E463,1,7,01 00 00 0F 03 63 E4
2026-09-28T15:20:59.047+00:00,4992.017,RX,baseline,0011E463,1,5,01 00 00 63 E4
2026-09-28T15:20:59.051+00:00,4996.766,RX,baseline,0001EAB5,1,7,01 00 00 0F 03 B5 EA
2026-09-28T15:20:59.052+00:00,4997.007,RX,baseline,0011EAB5,1,5,01 00 00 B5 EA
2026-09-28T15:20:59.056+00:00,5001.395,TX,short_only,0011C82D,1,5,01 00 00 2D C8
2026-09-28T15:20:59.056+00:00,5001.825,RX,post,0001E84B,1,7,01 00 00 0F 03 4B E8
2026-09-28T15:20:59.061+00:00,5006.834,RX,post,0011E84B,1,5,01 00 00 4B E8
2026-09-28T15:20:59.061+00:00,5006.896,RX,post,0001B73B,1,7,01 00 00 0F 03 3B B7
2026-09-28T15:20:59.062+00:00,5006.939,RX,post,0011B73B,1,5,01 00 00 3B B7
2026-09-28T15:20:59.066+00:00,5011.780,RX,post,0001185D,1,7,01 00 00 0F 03 5D 18
2026-09-28T15:20:59.067+00:00,5012.021,RX,post,0011185D,1,5,01 00 00 5D 18
2026-09-28T15:20:59.071+00:00,5016.818,RX,post,0001086C,1,7,01 00 00 0F 03 6C 08
2026-09-28T15:20:59.072+00:00,5017.077,RX,post,0011086C,1,5,01 00 00 6C 08
2026-09-28T15:20:59.076+00:00,5021.828,RX,post,0001A493,1,7,01 00 00 0F 03 93 A4
2026-09-28T15:20:59.077+00:00,5022.099,RX,post,0011A493,1,5,01 00 00 93 A4
2026-09-28T15:20:59.081+00:00,5026.888,RX,post,0001E898,1,7,01 00 00 0F 03 98 E8
2026-09-28T15:20:59.082+00:00,5027.089,RX,post,0011E898,1,5,01 00 00 98 E8
2026-09-28T15:20:59.086+00:00,5031.878,RX,post,0001AABC,1,7,01 00 00 0F 03 BC AA
2026-09-28T15:20:59.087+00:00,5032.126,RX,post,0011AABC,1,5,01 00 00 BC AA
2026-09-28T15:20:59.091+00:00,5036.886,RX,post,00016A37,1,7,01 00 00 0F 03 37 6A
2026-09-28T15:20:59.092+00:00,5037.004,RX,post,00116A37,1,5,01 00 00 37 6A
2026-09-28T15:20:59.096+00:00,5041.786,RX,post,00016689,1,7,01 00 00 0F 03 89 66
2026-09-28T15:20:59.097+00:00,5041.949,RX,post,00116689,1,5,01 00 00 89 66
2026-09-28T15:20:59.101+00:00,5046.866,RX,post,0001ADAD,1,7,01 00 00 0F 03 AD AD
2026-09-28T15:20:59.102+00:00,5047.055,RX,post,0011ADAD,1,5,01 00 00 AD AD
2026-09-28T15:20:59.106+00:00,5051.777,RX,post,00017406,1,7,01 00 00 0F 03 06 74
2026-09-28T15:20:59.107+00:00,5052.076,RX,post,00117406,1,5,01 00 00 06 74
2026-09-28T15:20:59.111+00:00,5056.772,RX,post,0001D028,1,7,01 00 00 0F 03 28 D0
2026-09-28T15:20:59.112+00:00,5057.118,RX,post,0011D028,1,5,01 00 00 28 D0
2026-09-28T15:20:59.116+00:00,5061.904,RX,post,00018970,1,7,01 00 00 0F 03 70 89
2026-09-28T15:20:59.117+00:00,5062.090,RX,post,00118970,1,5,01 00 00 70 89
2026-09-28T15:20:59.121+00:00,5066.890,RX,post,0001C65D,1,7,01 00 00 0F 03 5D C6
2026-09-28T15:20:59.122+00:00,5067.055,RX,post,0011C65D,1,5,01 00 00 5D C6
2026-09-28T15:20:59.126+00:00,5071.844,RX,post,00014942,1,7,01 00 00 0F 03 42 49
2026-09-28T15:20:59.127+00:00,5072.113,RX,post,00114942,1,5,01 00 00 42 49
2026-09-28T15:20:59.131+00:00,5076.837,RX,post,00013C78,1,7,01 00 00 0F 03 78 3C
2026-09-28T15:20:59.132+00:00,5077.083,RX,post,00113C78,1,5,01 00 00 78 3C
2026-09-28T15:20:59.136+00:00,5081.841,RX,post,00010AF1,1,7,01 00 00 0F 03 F1 0A
2026-09-28T15:20:59.137+00:00,5082.071,RX,post,00110AF1,1,5,01 00 00 F1 0A
2026-09-28T15:20:59.141+00:00,5086.832,RX,post,0001F177,1,7,01 00 00 0F 03 77 F1
2026-09-28T15:20:59.142+00:00,5087.076,RX,post,0011F177,1,5,01 00 00 77 F1
2026-09-28T15:20:59.146+00:00,5091.842,RX,post,0001E8B0,1,7,01 00 00 0F 03 B0 E8
2026-09-28T15:20:59.147+00:00,5092.172,RX,post,0011E8B0,1,5,01 00 00 B0 E8
2026-09-28T15:20:59.151+00:00,5096.838,RX,post,00011ECA,1,7,01 00 00 0F 03 CA 1E
2026-09-28T15:20:59.152+00:00,5097.212,RX,post,00111ECA,1,5,01 00 00 CA 1E
2026-09-28T15:20:59.156+00:00,5101.841,RX,post,0001FE30,1,7,01 00 00 0F 03 30 FE
2026-09-28T15:20:59.157+00:00,5102.194,RX,post,0011FE30,1,5,01 00 00 30 FE
2026-09-28T15:20:59.161+00:00,5106.843,RX,post,0001A5E4,1,7,01 00 00 0F 03 E4 A5
2026-09-28T15:20:59.162+00:00,5107.225,RX,post,0011A5E4,1,5,01 00 00 E4 A5
2026-09-28T15:20:59.166+00:00,5111.837,RX,post,0001243B,1,7,01 00 00 0F 03 3B 24
2026-09-28T15:20:59.167+00:00,5112.220,RX,post,0011243B,1,5,01 00 00 3B 24
2026-09-28T15:20:59.171+00:00,5116.851,RX,post,0001A430,1,7,01 00 00 0F 03 30 A4
2026-09-28T15:20:59.172+00:00,5117.122,RX,post,0011A430,1,5,01 00 00 30 A4
2026-09-28T15:20:59.176+00:00,5121.786,RX,post,00012E9C,1,7,01 00 00 0F 03 9C 2E
2026-09-28T15:20:59.177+00:00,5122.164,RX,post,00112E9C,1,5,01 00 00 9C 2E
2026-09-28T15:20:59.181+00:00,5126.850,RX,post,0001EA82,1,7,01 00 00 0F 03 82 EA
2026-09-28T15:20:59.182+00:00,5127.119,RX,post,0011EA82,1,5,01 00 00 82 EA
2026-09-28T15:20:59.186+00:00,5131.795,RX,post,0001E9AE,1,7,01 00 00 0F 03 AE E9
2026-09-28T15:20:59.187+00:00,5132.169,RX,post,0011E9AE,1,5,01 00 00 AE E9
2026-09-28T15:20:59.191+00:00,5136.773,RX,post,000123F1,1,7,01 00 00 0F 03 F1 23
2026-09-28T15:20:59.192+00:00,5137.024,RX,post,001123F1,1,5,01 00 00 F1 23
2026-09-28T15:20:59.196+00:00,5141.776,RX,post,0001B289,1,7,01 00 00 0F 03 89 B2
2026-09-28T15:20:59.197+00:00,5142.021,RX,post,0011B289,1,5,01 00 00 89 B2
2026-09-28T15:20:59.201+00:00,5146.881,RX,post,000120CC,1,7,01 00 00 0F 03 CC 20
2026-09-28T15:20:59.202+00:00,5146.974,RX,post,001120CC,1,5,01 00 00 CC 20
2026-09-28T15:20:59.206+00:00,5151.772,RX,post,000148A8,1,7,01 00 00 0F 03 A8 48
2026-09-28T15:20:59.207+00:00,5152.013,RX,post,001148A8,1,5,01 00 00 A8 48
2026-09-28T15:20:59.211+00:00,5156.776,RX,post,00014507,1,7,01 00 00 0F 03 07 45
2026-09-28T15:20:59.212+00:00,5156.970,RX,post,00114507,1,5,01 00 00 07 45
2026-09-28T15:20:59.216+00:00,5161.727,RX,post,0001657F,1,7,01 00 00 0F 03 7F 65
2026-09-28T15:20:59.217+00:00,5161.963,RX,post,0011657F,1,5,01 00 00 7F 65
2026-09-28T15:20:59.221+00:00,5166.801,RX,post,0001EA41,1,7,01 00 00 0F 03 41 EA
2026-09-28T15:20:59.222+00:00,5166.942,RX,post,0011EA41,1,5,01 00 00 41 EA
2026-09-28T15:20:59.226+00:00,5171.851,RX,post,00019E50,1,7,01 00 00 0F 03 50 9E
2026-09-28T15:20:59.227+00:00,5172.117,RX,post,00119E50,1,5,01 00 00 50 9E
2026-09-28T15:20:59.231+00:00,5176.849,RX,post,00017C69,1,7,01 00 00 0F 03 69 7C
2026-09-28T15:20:59.232+00:00,5177.088,RX,post,00117C69,1,5,01 00 00 69 7C
2026-09-28T15:20:59.236+00:00,5181.822,RX,post,00018E4F,1,7,01 00 00 0F 03 4F 8E
2026-09-28T15:20:59.237+00:00,5182.050,RX,post,00118E4F,1,5,01 00 00 4F 8E
2026-09-28T15:20:59.241+00:00,5186.817,RX,post,0001D082,1,7,01 00 00 0F 03 82 D0
2026-09-28T15:20:59.242+00:00,5187.046,RX,post,0011D082,1,5,01 00 00 82 D0
2026-09-28T15:20:59.246+00:00,5191.877,RX,post,00017EC8,1,7,01 00 00 0F 03 C8 7E
2026-09-28T15:20:59.247+00:00,5192.034,RX,post,00117EC8,1,5,01 00 00 C8 7E
2026-09-28T15:20:59.251+00:00,5196.790,RX,post,0001380D,1,7,01 00 00 0F 03 0D 38
2026-09-28T15:20:59.252+00:00,5196.938,RX,post,0011380D,1,5,01 00 00 0D 38
2026-09-28T15:20:59.256+00:00,5201.810,RX,post,000164E9,1,7,01 00 00 0F 03 E9 64
2026-09-28T15:20:59.257+00:00,5202.054,RX,post,001164E9,1,5,01 00 00 E9 64
2026-09-28T15:20:59.261+00:00,5206.819,RX,post,00013C38,1,7,01 00 00 0F 03 38 3C
2026-09-28T15:20:59.262+00:00,5207.007,RX,post,00113C38,1,5,01 00 00 38 3C
2026-09-28T15:20:59.266+00:00,5211.841,RX,post,0001E062,1,7,01 00 00 0F 03 62 E0
2026-09-28T15:20:59.267+00:00,5212.099,RX,post,0011E062,1,5,01 00 00 62 E0
2026-09-28T15:20:59.271+00:00,5216.860,RX,post,000142AB,1,7,01 00 00 0F 03 AB 42
2026-09-28T15:20:59.272+00:00,5216.955,RX,post,001142AB,1,5,01 00 00 AB 42
2026-09-28T15:20:59.276+00:00,5221.792,RX,post,0001A7F0,1,7,01 00 00 0F 03 F0 A7
2026-09-28T15:20:59.277+00:00,5221.966,RX,post,0011A7F0,1,5,01 00 00 F0 A7
2026-09-28T15:20:59.281+00:00,5226.779,RX,post,00012EBA,1,7,01 00 00 0F 03 BA 2E
2026-09-28T15:20:59.282+00:00,5226.992,RX,post,00112EBA,1,5,01 00 00 BA 2E
2026-09-28T15:20:59.286+00:00,5231.789,RX,post,00012C94,1,7,01 00 00 0F 03 94 2C
2026-09-28T15:20:59.287+00:00,5231.945,RX,post,00112C94,1,5,01 00 00 94 2C
2026-09-28T15:20:59.291+00:00,5236.716,RX,post,00010C42,1,7,01 00 00 0F 03 42 0C
2026-09-28T15:20:59.292+00:00,5236.935,RX,post,00110C42,1,5,01 00 00 42 0C
2026-09-28T15:20:59.296+00:00,5241.700,RX,post,00011E09,1,7,01 00 00 0F 03 09 1E
2026-09-28T15:20:59.297+00:00,5241.938,RX,post,00111E09,1,5,01 00 00 09 1E
2026-09-28T15:20:59.302+00:00,5246.971,RX,post,00011672,1,7,01 00 00 0F 03 72 16
2026-09-28T15:20:59.302+00:00,5247.033,RX,post,00111672,1,5,01 00 00 72 16
2026-09-28T15:20:59.306+00:00,5251.825,RX,post,00013EAB,1,7,01 00 00 0F 03 AB 3E
2026-09-28T15:20:59.307+00:00,5252.015,RX,post,00113EAB,1,5,01 00 00 AB 3E
2026-09-28T15:20:59.312+00:00,5256.946,RX,post,0001FB5C,1,7,01 00 00 0F 03 5C FB
2026-09-28T15:20:59.312+00:00,5257.014,RX,post,0011FB5C,1,5,01 00 00 5C FB
2026-09-28T15:20:59.316+00:00,5261.884,RX,post,00013EF6,1,7,01 00 00 0F 03 F6 3E
2026-09-28T15:20:59.317+00:00,5262.100,RX,post,00113EF6,1,5,01 00 00 F6 3E
2026-09-28T15:20:59.322+00:00,5266.971,RX,post,0001A5FA,1,7,01 00 00 0F 03 FA A5
2026-09-28T15:20:59.322+00:00,5267.038,RX,post,0011A5FA,1,5,01 00 00 FA A5
2026-09-28T15:20:59.326+00:00,5271.804,RX,post,00017841,1,7,01 00 00 0F 03 41 78
2026-09-28T15:20:59.327+00:00,5272.077,RX,post,00117841,1,5,01 00 00 41 78
2026-09-28T15:20:59.331+00:00,5276.741,RX,post,0001BB10,1,7,01 00 00 0F 03 10 BB
2026-09-28T15:20:59.332+00:00,5276.990,RX,post,0011BB10,1,5,01 00 00 10 BB
2026-09-28T15:20:59.337+00:00,5282.031,RX,post,0001AC65,1,7,01 00 00 0F 03 65 AC
2026-09-28T15:20:59.337+00:00,5282.122,RX,post,0011AC65,1,5,01 00 00 65 AC
2026-09-28T15:20:59.342+00:00,5286.950,RX,post,00019E09,1,7,01 00 00 0F 03 09 9E
2026-09-28T15:20:59.342+00:00,5287.012,RX,post,00119E09,1,5,01 00 00 09 9E
2026-09-28T15:20:59.346+00:00,5291.777,RX,post,0001E76F,1,7,01 00 00 0F 03 6F E7
2026-09-28T15:20:59.347+00:00,5292.029,RX,post,0011E76F,1,5,01 00 00 6F E7
2026-09-28T15:20:59.352+00:00,5296.935,RX,post,00018DCA,1,7,01 00 00 0F 03 CA 8D
2026-09-28T15:20:59.352+00:00,5296.985,RX,post,00118DCA,1,5,01 00 00 CA 8D
2026-09-28T15:20:59.357+00:00,5301.927,RX,post,0001CE88,1,7,01 00 00 0F 03 88 CE
2026-09-28T15:20:59.357+00:00,5301.975,RX,post,0011CE88,1,5,01 00 00 88 CE
2026-09-28T15:20:59.362+00:00,5306.932,RX,post,00019A10,1,7,01 00 00 0F 03 10 9A
2026-09-28T15:20:59.362+00:00,5306.980,RX,post,00119A10,1,5,01 00 00 10 9A
2026-09-28T15:20:59.367+00:00,5311.929,RX,post,000132C2,1,7,01 00 00 0F 03 C2 32
2026-09-28T15:20:59.367+00:00,5311.977,RX,post,001132C2,1,5,01 00 00 C2 32
2026-09-28T15:20:59.372+00:00,5316.913,RX,post,0001A8CC,1,7,01 00 00 0F 03 CC A8
2026-09-28T15:20:59.372+00:00,5316.958,RX,post,0011A8CC,1,5,01 00 00 CC A8
2026-09-28T15:20:59.377+00:00,5321.916,RX,post,00015C64,1,7,01 00 00 0F 03 64 5C
2026-09-28T15:20:59.377+00:00,5321.961,RX,post,00115C64,1,5,01 00 00 64 5C
2026-09-28T15:20:59.381+00:00,5326.794,RX,post,0001EBA2,1,7,01 00 00 0F 03 A2 EB
2026-09-28T15:20:59.382+00:00,5326.989,RX,post,0011EBA2,1,5,01 00 00 A2 EB
2026-09-28T15:20:59.386+00:00,5331.841,RX,post,0001C6EE,1,7,01 00 00 0F 03 EE C6
2026-09-28T15:20:59.387+00:00,5332.008,RX,post,0011C6EE,1,5,01 00 00 EE C6
2026-09-28T15:20:59.391+00:00,5336.893,RX,post,00016872,1,7,01 00 00 0F 03 72 68
2026-09-28T15:20:59.392+00:00,5336.938,RX,post,00116872,1,5,01 00 00 72 68
2026-09-28T15:20:59.396+00:00,5341.832,RX,post,0001F7E9,1,7,01 00 00 0F 03 E9 F7
2026-09-28T15:20:59.397+00:00,5341.973,RX,post,0011F7E9,1,5,01 00 00 E9 F7
2026-09-28T15:20:59.401+00:00,5346.890,RX,post,00015496,1,7,01 00 00 0F 03 96 54
2026-09-28T15:20:59.402+00:00,5346.980,RX,post,00115496,1,5,01 00 00 96 54
2026-09-28T15:20:59.406+00:00,5351.795,RX,post,0001DA43,1,7,01 00 00 0F 03 43 DA
2026-09-28T15:20:59.407+00:00,5351.999,RX,post,0011DA43,1,5,01 00 00 43 DA
2026-09-28T15:20:59.412+00:00,5357.104,RX,post,0001B938,1,7,01 00 00 0F 03 38 B9
2026-09-28T15:20:59.412+00:00,5357.278,RX,post,0011B938,1,5,01 00 00 38 B9
2026-09-28T15:20:59.416+00:00,5361.860,RX,post,0001A9C5,1,7,01 00 00 0F 03 C5 A9
2026-09-28T15:20:59.417+00:00,5362.011,RX,post,0011A9C5,1,5,01 00 00 C5 A9
2026-09-28T15:20:59.421+00:00,5366.861,RX,post,0001FFEE,1,7,01 00 00 0F 03 EE FF
2026-09-28T15:20:59.422+00:00,5366.970,RX,post,0011FFEE,1,5,01 00 00 EE FF
2026-09-28T15:20:59.426+00:00,5371.843,RX,post,000179E2,1,7,01 00 00 0F 04 E2 79
2026-09-28T15:20:59.427+00:00,5372.010,RX,post,001179E2,1,5,01 00 00 E2 79
2026-09-28T15:20:59.432+00:00,5376.883,RX,post,0001597D,1,7,01 00 00 0F 03 7D 59
2026-09-28T15:20:59.432+00:00,5377.028,RX,post,0011597D,1,5,01 00 00 7D 59
2026-09-28T15:20:59.437+00:00,5381.928,RX,post,000188F7,1,7,01 00 00 0F 03 F7 88
2026-09-28T15:20:59.437+00:00,5382.000,RX,post,001188F7,1,5,01 00 00 F7 88
2026-09-28T15:20:59.441+00:00,5386.869,RX,post,00011975,1,7,01 00 00 0F 03 75 19
2026-09-28T15:20:59.442+00:00,5386.914,RX,post,00111975,1,5,01 00 00 75 19
2026-09-28T15:20:59.446+00:00,5391.738,RX,post,0001A0AF,1,7,01 00 00 0F 03 AF A0
2026-09-28T15:20:59.447+00:00,5391.973,RX,post,0011A0AF,1,5,01 00 00 AF A0
2026-09-28T15:20:59.451+00:00,5396.729,RX,post,00013004,1,7,01 00 00 0F 03 04 30
2026-09-28T15:20:59.452+00:00,5396.964,RX,post,00113004,1,5,01 00 00 04 30
2026-09-28T15:20:59.456+00:00,5401.760,RX,post,00013E25,1,7,01 00 00 0F 03 25 3E
2026-09-28T15:20:59.457+00:00,5401.963,RX,post,00113E25,1,5,01 00 00 25 3E
2026-09-28T15:20:59.461+00:00,5406.838,RX,post,0001D42A,1,7,01 00 00 0F 03 2A D4
2026-09-28T15:20:59.462+00:00,5407.000,RX,post,0011D42A,1,5,01 00 00 2A D4
2026-09-28T15:20:59.466+00:00,5411.851,RX,post,00014404,1,7,01 00 00 0F 03 04 44
2026-09-28T15:20:59.467+00:00,5411.919,RX,post,00114404,1,5,01 00 00 04 44
2026-09-28T15:20:59.471+00:00,5416.726,RX,post,00019F3E,1,7,01 00 00 0F 03 3E 9F
2026-09-28T15:20:59.472+00:00,5416.965,RX,post,00119F3E,1,5,01 00 00 3E 9F
2026-09-28T15:20:59.476+00:00,5421.758,RX,post,000192AD,1,7,01 00 00 0F 03 AD 92
2026-09-28T15:20:59.477+00:00,5421.966,RX,post,001192AD,1,5,01 00 00 AD 92
2026-09-28T15:20:59.481+00:00,5426.761,RX,post,0001175F,1,7,01 00 00 0F 03 5F 17
2026-09-28T15:20:59.482+00:00,5426.975,RX,post,0011175F,1,5,01 00 00 5F 17
2026-09-28T15:20:59.486+00:00,5431.805,RX,post,0001662A,1,7,01 00 00 0F 03 2A 66
2026-09-28T15:20:59.487+00:00,5431.966,RX,post,0011662A,1,5,01 00 00 2A 66
2026-09-28T15:20:59.491+00:00,5436.895,RX,post,0001C948,1,7,01 00 00 0F 03 48 C9
2026-09-28T15:20:59.492+00:00,5437.045,RX,post,0011C948,1,5,01 00 00 48 C9
2026-09-28T15:20:59.496+00:00,5441.732,RX,post,0001FF7D,1,7,01 00 00 0F 03 7D FF
2026-09-28T15:20:59.497+00:00,5442.019,RX,post,0011FF7D,1,5,01 00 00 7D FF
2026-09-28T15:20:59.501+00:00,5446.870,RX,post,0001529F,1,7,01 00 00 0F 03 9F 52
2026-09-28T15:20:59.502+00:00,5446.971,RX,post,0011529F,1,5,01 00 00 9F 52
2026-09-28T15:20:59.506+00:00,5451.865,RX,post,00012288,1,7,01 00 00 0F 03 88 22
2026-09-28T15:20:59.507+00:00,5451.926,RX,post,00112288,1,5,01 00 00 88 22
2026-09-28T15:20:59.511+00:00,5456.874,RX,post,0001F0B5,1,7,01 00 00 0F 03 B5 F0
2026-09-28T15:20:59.512+00:00,5456.976,RX,post,0011F0B5,1,5,01 00 00 B5 F0
2026-09-28T15:20:59.516+00:00,5461.871,RX,post,000143A2,1,7,01 00 00 0F 03 A2 43
2026-09-28T15:20:59.517+00:00,5461.940,RX,post,001143A2,1,5,01 00 00 A2 43
2026-09-28T15:20:59.521+00:00,5466.712,RX,post,00016453,1,7,01 00 00 0F 03 53 64
2026-09-28T15:20:59.522+00:00,5467.065,RX,post,00116453,1,5,01 00 00 53 64
2026-09-28T15:20:59.526+00:00,5471.868,RX,post,0001BB98,1,7,01 00 00 0F 03 98 BB
2026-09-28T15:20:59.527+00:00,5471.912,RX,post,0011BB98,1,5,01 00 00 98 BB
2026-09-28T15:20:59.531+00:00,5476.869,RX,post,0001B60C,1,7,01 00 00 0F 03 0C B6
2026-09-28T15:20:59.532+00:00,5476.914,RX,post,0011B60C,1,5,01 00 00 0C B6
2026-09-28T15:20:59.536+00:00,5481.793,RX,post,0001EEA1,1,7,01 00 00 0F 03 A1 EE
2026-09-28T15:20:59.537+00:00,5481.990,RX,post,0011EEA1,1,5,01 00 00 A1 EE
2026-09-28T15:20:59.541+00:00,5486.751,RX,post,00014F24,1,7,01 00 00 0F 03 24 4F
2026-09-28T15:20:59.542+00:00,5486.962,RX,post,00114F24,1,5,01 00 00 24 4F
2026-09-28T15:20:59.546+00:00,5491.762,RX,post,0001B69D,1,7,01 00 00 0F 03 9D B6
2026-09-28T15:20:59.547+00:00,5491.971,RX,post,0011B69D,1,5,01 00 00 9D B6
2026-09-28T15:20:59.551+00:00,5496.756,RX,post,0001720F,1,7,01 00 00 0F 03 0F 72
2026-09-28T15:20:59.552+00:00,5496.960,RX,post,0011720F,1,5,01 00 00 0F 72
2026-09-28T15:20:59.556+00:00,5501.826,RX,post,0001FA88,1,7,01 00 00 0F 03 88 FA
2026-09-28T15:20:59.557+00:00,5501.959,RX,post,0011FA88,1,5,01 00 00 88 FA
2026-09-28T15:20:59.561+00:00,5506.777,RX,post,0001161D,1,7,01 00 00 0F 03 1D 16
2026-09-28T15:20:59.562+00:00,5507.019,RX,post,0011161D,1,5,01 00 00 1D 16
2026-09-28T15:20:59.566+00:00,5511.837,RX,post,0001DD14,1,7,01 00 00 0F 03 14 DD
2026-09-28T15:20:59.567+00:00,5511.919,RX,post,0011DD14,1,5,01 00 00 14 DD
2026-09-28T15:20:59.571+00:00,5516.761,RX,post,000184C0,1,7,01 00 00 0F 03 C0 84
2026-09-28T15:20:59.572+00:00,5516.957,RX,post,001184C0,1,5,01 00 00 C0 84
2026-09-28T15:20:59.576+00:00,5521.832,RX,post,00014DC3,1,7,01 00 00 0F 03 C3 4D
2026-09-28T15:20:59.576+00:00,5521.888,RX,post,00114DC3,1,5,01 00 00 C3 4D
2026-09-28T15:20:59.581+00:00,5526.883,RX,post,00019397,1,7,01 00 00 0F 03 97 93
2026-09-28T15:20:59.582+00:00,5527.025,RX,post,00119397,1,5,01 00 00 97 93
2026-09-28T15:20:59.587+00:00,5532.156,RX,post,00015FEE,1,7,01 00 00 0F 03 EE 5F
2026-09-28T15:20:59.587+00:00,5532.202,RX,post,00115FEE,1,5,01 00 00 EE 5F
2026-09-28T15:20:59.591+00:00,5536.872,RX,post,0001B124,1,7,01 00 00 0F 03 24 B1
2026-09-28T15:20:59.592+00:00,5536.918,RX,post,0011B124,1,5,01 00 00 24 B1
2026-09-28T15:20:59.596+00:00,5541.807,RX,post,000154AF,1,7,01 00 00 0F 03 AF 54
2026-09-28T15:20:59.597+00:00,5541.968,RX,post,001154AF,1,5,01 00 00 AF 54
2026-09-28T15:20:59.601+00:00,5546.845,RX,post,00012ED4,1,7,01 00 00 0F 03 D4 2E
2026-09-28T15:20:59.601+00:00,5546.891,RX,post,00112ED4,1,5,01 00 00 D4 2E
2026-09-28T15:20:59.606+00:00,5551.806,RX,post,0001C47A,1,7,01 00 00 0F 03 7A C4
2026-09-28T15:20:59.606+00:00,5551.884,RX,post,0011C47A,1,5,01 00 00 7A C4
2026-09-28T15:20:59.611+00:00,5556.868,RX,post,00014DC5,1,7,01 00 00 0F 03 C5 4D
2026-09-28T15:20:59.612+00:00,5556.912,RX,post,00114DC5,1,5,01 00 00 C5 4D
2026-09-28T15:20:59.616+00:00,5561.764,RX,post,00018AEE,1,7,01 00 00 0F 03 EE 8A
2026-09-28T15:20:59.617+00:00,5561.961,RX,post,00118AEE,1,5,01 00 00 EE 8A
2026-09-28T15:20:59.621+00:00,5566.836,RX,post,0001CC68,1,7,01 00 00 0F 03 68 CC
2026-09-28T15:20:59.621+00:00,5566.880,RX,post,0011CC68,1,5,01 00 00 68 CC
2026-09-28T15:20:59.626+00:00,5571.783,RX,post,00012323,1,7,01 00 00 0F 03 23 23
2026-09-28T15:20:59.627+00:00,5571.956,RX,post,00112323,1,5,01 00 00 23 23
2026-09-28T15:20:59.631+00:00,5576.803,RX,post,0001B1F8,1,7,01 00 00 0F 03 F8 B1
2026-09-28T15:20:59.631+00:00,5576.881,RX,post,0011B1F8,1,5,01 00 00 F8 B1
2026-09-28T15:20:59.636+00:00,5581.785,RX,post,0001107F,1,7,01 00 00 0F 03 7F 10
2026-09-28T15:20:59.637+00:00,5581.959,RX,post,0011107F,1,5,01 00 00 7F 10
2026-09-28T15:20:59.641+00:00,5586.824,RX,post,0001915B,1,7,01 00 00 0F 03 5B 91
2026-09-28T15:20:59.641+00:00,5586.869,RX,post,0011915B,1,5,01 00 00 5B 91
2026-09-28T15:20:59.646+00:00,5591.859,RX,post,00010BDE,1,7,01 00 00 0F 03 DE 0B
2026-09-28T15:20:59.647+00:00,5591.950,RX,post,00110BDE,1,5,01 00 00 DE 0B
2026-09-28T15:20:59.651+00:00,5596.868,RX,post,00017FE2,1,7,01 00 00 0F 03 E2 7F
2026-09-28T15:20:59.652+00:00,5596.978,RX,post,00117FE2,1,5,01 00 00 E2 7F
2026-09-28T15:20:59.657+00:00,5601.916,RX,post,0001428C,1,7,01 00 00 0F 03 8C 42
2026-09-28T15:20:59.657+00:00,5602.003,RX,post,0011428C,1,5,01 00 00 8C 42
2026-09-28T15:20:59.661+00:00,5606.788,RX,post,0001A90E,1,7,01 00 00 0F 03 0E A9
2026-09-28T15:20:59.662+00:00,5606.947,RX,post,0011A90E,1,5,01 00 00 0E A9
2026-09-28T15:20:59.666+00:00,5611.852,RX,post,0001B460,1,7,01 00 00 0F 03 60 B4
2026-09-28T15:20:59.667+00:00,5611.940,RX,post,0011B460,1,5,01 00 00 60 B4
2026-09-28T15:20:59.671+00:00,5616.800,RX,post,0001E73A,1,7,01 00 00 0F 03 3A E7
2026-09-28T15:20:59.672+00:00,5616.985,RX,post,0011E73A,1,5,01 00 00 3A E7
2026-09-28T15:20:59.676+00:00,5621.850,RX,post,00012801,1,7,01 00 00 0F 03 01 28
2026-09-28T15:20:59.677+00:00,5621.931,RX,post,00112801,1,5,01 00 00 01 28
2026-09-28T15:20:59.681+00:00,5626.840,RX,post,000125E0,1,7,01 00 00 0F 03 E0 25
2026-09-28T15:20:59.682+00:00,5626.930,RX,post,001125E0,1,5,01 00 00 E0 25
2026-09-28T15:20:59.687+00:00,5631.907,RX,post,00010012,1,7,01 00 00 0F 03 12 00
2026-09-28T15:20:59.687+00:00,5631.998,RX,post,00110012,1,5,01 00 00 12 00
2026-09-28T15:20:59.691+00:00,5636.844,RX,post,000108CF,1,7,01 00 00 0F 03 CF 08
2026-09-28T15:20:59.691+00:00,5636.890,RX,post,001108CF,1,5,01 00 00 CF 08
2026-09-28T15:20:59.696+00:00,5641.832,RX,post,000139E0,1,7,01 00 00 0F 03 E0 39
2026-09-28T15:20:59.696+00:00,5641.877,RX,post,001139E0,1,5,01 00 00 E0 39
2026-09-28T15:20:59.701+00:00,5646.870,RX,post,0001C08F,1,7,01 00 00 0F 03 8F C0
2026-09-28T15:20:59.702+00:00,5646.916,RX,post,0011C08F,1,5,01 00 00 8F C0
2026-09-28T15:20:59.706+00:00,5651.752,RX,post,000189C5,1,7,01 00 00 0F 03 C5 89
2026-09-28T15:20:59.707+00:00,5651.927,RX,post,001189C5,1,5,01 00 00 C5 89
2026-09-28T15:20:59.711+00:00,5656.714,RX,post,000136C8,1,7,01 00 00 0F 03 C8 36
2026-09-28T15:20:59.712+00:00,5656.956,RX,post,001136C8,1,5,01 00 00 C8 36
2026-09-28T15:20:59.716+00:00,5661.772,RX,post,0001BF56,1,7,01 00 00 0F 03 56 BF
2026-09-28T15:20:59.717+00:00,5661.960,RX,post,0011BF56,1,5,01 00 00 56 BF
2026-09-28T15:20:59.721+00:00,5666.692,RX,post,0001B65F,1,7,01 00 00 0F 03 5F B6
2026-09-28T15:20:59.722+00:00,5666.930,RX,post,0011B65F,1,5,01 00 00 5F B6
2026-09-28T15:20:59.726+00:00,5671.753,RX,post,0001AF24,1,7,01 00 00 0F 03 24 AF
2026-09-28T15:20:59.727+00:00,5671.935,RX,post,0011AF24,1,5,01 00 00 24 AF
2026-09-28T15:20:59.731+00:00,5676.744,RX,post,000145AE,1,7,01 00 00 0F 03 AE 45
2026-09-28T15:20:59.732+00:00,5676.928,RX,post,001145AE,1,5,01 00 00 AE 45
2026-09-28T15:20:59.736+00:00,5681.817,RX,post,0001758C,1,7,01 00 00 0F 03 8C 75
2026-09-28T15:20:59.736+00:00,5681.901,RX,post,0011758C,1,5,01 00 00 8C 75
2026-09-28T15:20:59.741+00:00,5686.728,RX,post,000195FD,1,7,01 00 00 0F 03 FD 95
2026-09-28T15:20:59.742+00:00,5686.926,RX,post,001195FD,1,5,01 00 00 FD 95
2026-09-28T15:20:59.747+00:00,5691.924,RX,post,0001B1EC,1,7,01 00 00 0F 03 EC B1
2026-09-28T15:20:59.747+00:00,5692.020,RX,post,0011B1EC,1,5,01 00 00 EC B1
2026-09-28T15:20:59.751+00:00,5696.865,RX,post,0001EE2A,1,7,01 00 00 0F 03 2A EE
2026-09-28T15:20:59.752+00:00,5696.913,RX,post,0011EE2A,1,5,01 00 00 2A EE
2026-09-28T15:20:59.757+00:00,5701.969,RX,post,0001273E,1,7,01 00 00 0F 03 3E 27
2026-09-28T15:20:59.757+00:00,5702.076,RX,post,0011273E,1,5,01 00 00 3E 27
2026-09-28T15:20:59.761+00:00,5706.857,RX,post,00010720,1,7,01 00 00 0F 03 20 07
2026-09-28T15:20:59.762+00:00,5706.927,RX,post,00110720,1,5,01 00 00 20 07
2026-09-28T15:20:59.767+00:00,5711.902,RX,post,0001BADD,1,7,01 00 00 0F 03 DD BA
2026-09-28T15:20:59.767+00:00,5711.984,RX,post,0011BADD,1,5,01 00 00 DD BA
2026-09-28T15:20:59.771+00:00,5716.844,RX,post,0001038C,1,7,01 00 00 0F 03 8C 03
2026-09-28T15:20:59.771+00:00,5716.888,RX,post,0011038C,1,5,01 00 00 8C 03
2026-09-28T15:20:59.776+00:00,5721.885,RX,post,0001200C,1,7,01 00 00 0F 03 0C 20
2026-09-28T15:20:59.777+00:00,5721.981,RX,post,0011200C,1,5,01 00 00 0C 20
2026-09-28T15:20:59.782+00:00,5726.977,RX,post,00019CF3,1,7,01 00 00 0F 03 F3 9C
2026-09-28T15:20:59.782+00:00,5727.057,RX,post,00119CF3,1,5,01 00 00 F3 9C
2026-09-28T15:20:59.787+00:00,5731.954,RX,post,0001F26F,1,7,01 00 00 0F 03 6F F2
2026-09-28T15:20:59.787+00:00,5732.076,RX,post,0011F26F,1,5,01 00 00 6F F2
2026-09-28T15:20:59.791+00:00,5736.843,RX,post,0001CF12,1,7,01 00 00 0F 03 12 CF
2026-09-28T15:20:59.791+00:00,5736.888,RX,post,0011CF12,1,5,01 00 00 12 CF
2026-09-28T15:20:59.796+00:00,5741.693,RX,post,0001E393,1,7,01 00 00 0F 03 93 E3
2026-09-28T15:20:59.797+00:00,5741.926,RX,post,0011E393,1,5,01 00 00 93 E3
2026-09-28T15:20:59.801+00:00,5746.779,RX,post,0001BF35,1,7,01 00 00 0F 03 35 BF
2026-09-28T15:20:59.802+00:00,5746.945,RX,post,0011BF35,1,5,01 00 00 35 BF
2026-09-28T15:20:59.806+00:00,5751.697,RX,post,00018B44,1,7,01 00 00 0F 03 44 8B
2026-09-28T15:20:59.807+00:00,5751.932,RX,post,00118B44,1,5,01 00 00 44 8B
2026-09-28T15:20:59.811+00:00,5756.769,RX,post,000173E5,1,7,01 00 00 0F 03 E5 73
2026-09-28T15:20:59.812+00:00,5756.936,RX,post,001173E5,1,5,01 00 00 E5 73
2026-09-28T15:20:59.816+00:00,5761.694,RX,post,00019439,1,7,01 00 00 0F 03 39 94
2026-09-28T15:20:59.817+00:00,5761.927,RX,post,00119439,1,5,01 00 00 39 94
2026-09-28T15:20:59.821+00:00,5766.760,RX,post,0001461C,1,7,01 00 00 0F 03 1C 46
2026-09-28T15:20:59.822+00:00,5766.929,RX,post,0011461C,1,5,01 00 00 1C 46
2026-09-28T15:20:59.826+00:00,5771.701,RX,post,0001CA60,1,7,01 00 00 0F 03 60 CA
2026-09-28T15:20:59.827+00:00,5771.923,RX,post,0011CA60,1,5,01 00 00 60 CA
2026-09-28T15:20:59.831+00:00,5776.782,RX,post,000113E2,1,7,01 00 00 0F 03 E2 13
2026-09-28T15:20:59.832+00:00,5776.940,RX,post,001113E2,1,5,01 00 00 E2 13
2026-09-28T15:20:59.836+00:00,5781.809,RX,post,0001A9CB,1,7,01 00 00 0F 03 CB A9
2026-09-28T15:20:59.836+00:00,5781.893,RX,post,0011A9CB,1,5,01 00 00 CB A9
2026-09-28T15:20:59.841+00:00,5786.778,RX,post,00017CFD,1,7,01 00 00 0F 03 FD 7C
2026-09-28T15:20:59.842+00:00,5786.937,RX,post,00117CFD,1,5,01 00 00 FD 7C
2026-09-28T15:20:59.847+00:00,5791.910,RX,post,00012D19,1,7,01 00 00 0F 03 19 2D
2026-09-28T15:20:59.847+00:00,5792.018,RX,post,00112D19,1,5,01 00 00 19 2D
2026-09-28T15:20:59.852+00:00,5796.971,RX,post,0001451E,1,7,01 00 00 0F 03 1E 45
2026-09-28T15:20:59.852+00:00,5797.050,RX,post,0011451E,1,5,01 00 00 1E 45
2026-09-28T15:20:59.856+00:00,5801.751,RX,post,000163C8,1,7,01 00 00 0F 03 C8 63
2026-09-28T15:20:59.857+00:00,5802.016,RX,post,001163C8,1,5,01 00 00 C8 63
2026-09-28T15:20:59.861+00:00,5806.748,RX,post,0001DBAD,1,7,01 00 00 0F 03 AD DB
2026-09-28T15:20:59.862+00:00,5807.040,RX,post,0011DBAD,1,5,01 00 00 AD DB
2026-09-28T15:20:59.866+00:00,5811.777,RX,post,000160CE,1,7,01 00 00 0F 03 CE 60
2026-09-28T15:20:59.867+00:00,5812.012,RX,post,001160CE,1,5,01 00 00 CE 60
2026-09-28T15:20:59.871+00:00,5816.751,RX,post,00015426,1,7,01 00 00 0F 03 26 54
2026-09-28T15:20:59.872+00:00,5817.081,RX,post,00115426,1,5,01 00 00 26 54
2026-09-28T15:20:59.876+00:00,5821.734,RX,post,0001637A,1,7,01 00 00 0F 03 7A 63
2026-09-28T15:20:59.877+00:00,5822.045,RX,post,0011637A,1,5,01 00 00 7A 63
2026-09-28T15:20:59.881+00:00,5826.757,RX,post,0001D6A4,1,7,01 00 00 0F 03 A4 D6
2026-09-28T15:20:59.882+00:00,5826.963,RX,post,0011D6A4,1,5,01 00 00 A4 D6
2026-09-28T15:20:59.886+00:00,5831.787,RX,post,0001645A,1,7,01 00 00 0F 03 5A 64
2026-09-28T15:20:59.887+00:00,5832.048,RX,post,0011645A,1,5,01 00 00 5A 64
2026-09-28T15:20:59.891+00:00,5836.753,RX,post,00019708,1,7,01 00 00 0F 03 08 97
2026-09-28T15:20:59.892+00:00,5837.020,RX,post,00119708,1,5,01 00 00 08 97
2026-09-28T15:20:59.896+00:00,5841.749,RX,post,000141C8,1,7,01 00 00 0F 03 C8 41
2026-09-28T15:20:59.897+00:00,5842.006,RX,post,001141C8,1,5,01 00 00 C8 41
2026-09-28T15:20:59.901+00:00,5846.752,RX,post,0001A9E6,1,7,01 00 00 0F 03 E6 A9
2026-09-28T15:20:59.902+00:00,5846.995,RX,post,0011A9E6,1,5,01 00 00 E6 A9
2026-09-28T15:20:59.906+00:00,5851.776,RX,post,00018F47,1,7,01 00 00 0F 03 47 8F
2026-09-28T15:20:59.907+00:00,5852.036,RX,post,00118F47,1,5,01 00 00 47 8F
2026-09-28T15:20:59.911+00:00,5856.777,RX,post,0001AD15,1,7,01 00 00 0F 03 15 AD
2026-09-28T15:20:59.912+00:00,5857.037,RX,post,0011AD15,1,5,01 00 00 15 AD
2026-09-28T15:20:59.916+00:00,5861.742,RX,post,00011CCD,1,7,01 00 00 0F 03 CD 1C
2026-09-28T15:20:59.917+00:00,5861.971,RX,post,00111CCD,1,5,01 00 00 CD 1C
2026-09-28T15:20:59.921+00:00,5866.755,RX,post,000142A1,1,7,01 00 00 0F 03 A1 42
2026-09-28T15:20:59.922+00:00,5866.967,RX,post,001142A1,1,5,01 00 00 A1 42
2026-09-28T15:20:59.926+00:00,5871.733,RX,post,0001A2C1,1,7,01 00 00 0F 03 C1 A2
2026-09-28T15:20:59.927+00:00,5871.946,RX,post,0011A2C1,1,5,01 00 00 C1 A2
2026-09-28T15:20:59.931+00:00,5876.838,RX,post,0001EB64,1,7,01 00 00 0F 03 64 EB
2026-09-28T15:20:59.932+00:00,5876.971,RX,post,0011EB64,1,5,01 00 00 64 EB
2026-09-28T15:20:59.936+00:00,5881.747,RX,post,00012127,1,7,01 00 00 0F 03 27 21
2026-09-28T15:20:59.937+00:00,5881.913,RX,post,00112127,1,5,01 00 00 27 21
2026-09-28T15:20:59.941+00:00,5886.726,RX,post,0001EB94,1,7,01 00 00 0F 03 94 EB
2026-09-28T15:20:59.942+00:00,5886.941,RX,post,0011EB94,1,5,01 00 00 94 EB
2026-09-28T15:20:59.946+00:00,5891.734,RX,post,0001D850,1,7,01 00 00 0F 03 50 D8
2026-09-28T15:20:59.947+00:00,5891.915,RX,post,0011D850,1,5,01 00 00 50 D8
2026-09-28T15:20:59.951+00:00,5896.663,RX,post,00019A15,1,7,01 00 00 0F 03 15 9A
2026-09-28T15:20:59.952+00:00,5896.905,RX,post,00119A15,1,5,01 00 00 15 9A
2026-09-28T15:20:59.956+00:00,5901.724,RX,post,00012310,1,7,01 00 00 0F 03 10 23
2026-09-28T15:20:59.957+00:00,5901.998,RX,post,00112310,1,5,01 00 00 10 23
2026-09-28T15:20:59.961+00:00,5906.664,RX,post,00013436,1,7,01 00 00 0F 03 36 34
2026-09-28T15:20:59.962+00:00,5906.902,RX,post,00113436,1,5,01 00 00 36 34
2026-09-28T15:20:59.966+00:00,5911.659,RX,post,00010244,1,7,01 00 00 0F 03 44 02
2026-09-28T15:20:59.966+00:00,5911.892,RX,post,00110244,1,5,01 00 00 44 02
2026-09-28T15:20:59.971+00:00,5916.884,RX,post,00014259,1,7,01 00 00 0F 03 59 42
2026-09-28T15:20:59.972+00:00,5916.956,RX,post,00114259,1,5,01 00 00 59 42
2026-09-28T15:20:59.977+00:00,5921.910,RX,post,00011F2E,1,7,01 00 00 0F 03 2E 1F
2026-09-28T15:20:59.977+00:00,5921.980,RX,post,00111F2E,1,5,01 00 00 2E 1F
2026-09-28T15:20:59.981+00:00,5926.782,RX,post,0001BE92,1,7,01 00 00 0F 03 92 BE
2026-09-28T15:20:59.982+00:00,5926.903,RX,post,0011BE92,1,5,01 00 00 92 BE
2026-09-28T15:20:59.986+00:00,5931.887,RX,post,00017DEF,1,7,01 00 00 0F 03 EF 7D
2026-09-28T15:20:59.987+00:00,5931.958,RX,post,00117DEF,1,5,01 00 00 EF 7D
2026-09-28T15:20:59.992+00:00,5936.956,RX,post,00010D34,1,7,01 00 00 0F 03 34 0D
2026-09-28T15:20:59.992+00:00,5937.041,RX,post,00110D34,1,5,01 00 00 34 0D
2026-09-28T15:20:59.997+00:00,5942.011,RX,post,0001E329,1,7,01 00 00 0F 03 29 E3
2026-09-28T15:20:59.997+00:00,5942.113,RX,post,0011E329,1,5,01 00 00 29 E3
2026-09-28T15:21:00.002+00:00,5946.974,RX,post,00010BF3,1,7,01 00 00 0F 03 F3 0B
2026-09-28T15:21:00.002+00:00,5947.054,RX,post,00110BF3,1,5,01 00 00 F3 0B
2026-09-28T15:21:00.006+00:00,5951.734,RX,post,00015B94,1,7,01 00 00 0F 03 94 5B
2026-09-28T15:21:00.007+00:00,5952.066,RX,post,00115B94,1,5,01 00 00 94 5B
2026-09-28T15:21:00.011+00:00,5956.726,RX,post,00010AFF,1,7,01 00 00 0F 03 FF 0A
2026-09-28T15:21:00.012+00:00,5957.023,RX,post,00110AFF,1,5,01 00 00 FF 0A
2026-09-28T15:21:00.016+00:00,5961.721,RX,post,00018600,1,7,01 00 00 0F 03 00 86
2026-09-28T15:21:00.017+00:00,5962.079,RX,post,00118600,1,5,01 00 00 00 86
2026-09-28T15:21:00.021+00:00,5966.724,RX,post,00014044,1,7,01 00 00 0F 03 44 40
2026-09-28T15:21:00.022+00:00,5967.061,RX,post,00114044,1,5,01 00 00 44 40
2026-09-28T15:21:00.026+00:00,5971.765,RX,post,00015C21,1,7,01 00 00 0F 03 21 5C
2026-09-28T15:21:00.027+00:00,5972.048,RX,post,00115C21,1,5,01 00 00 21 5C
2026-09-28T15:21:00.032+00:00,5977.024,RX,post,000173B0,1,7,01 00 00 0F 03 B0 73
2026-09-28T15:21:00.032+00:00,5977.121,RX,post,001173B0,1,5,01 00 00 B0 73
2026-09-28T15:21:00.036+00:00,5981.747,RX,post,0001001B,1,7,01 00 00 0F 03 1B 00
2026-09-28T15:21:00.036+00:00,5981.874,RX,post,0011001B,1,5,01 00 00 1B 00
2026-09-28T15:21:00.041+00:00,5986.776,RX,post,00010C33,1,7,01 00 00 0F 03 33 0C
2026-09-28T15:21:00.041+00:00,5986.863,RX,post,00110C33,1,5,01 00 00 33 0C
2026-09-28T15:21:00.046+00:00,5991.787,RX,post,0001249F,1,7,01 00 00 0F 03 9F 24
2026-09-28T15:21:00.047+00:00,5992.021,RX,post,0011249F,1,5,01 00 00 9F 24
2026-09-28T15:21:00.051+00:00,5996.800,RX,post,000113D8,1,7,01 00 00 0F 03 D8 13
2026-09-28T15:21:00.052+00:00,5997.028,RX,post,001113D8,1,5,01 00 00 D8 13
2026-09-28T15:21:00.056+00:00,6001.802,RX,post,0001CF1F,1,7,01 00 00 0F 03 1F CF
2026-09-28T15:21:00.057+00:00,6001.922,RX,post,0011CF1F,1,5,01 00 00 1F CF
2026-09-28T15:21:00.061+00:00,6006.707,RX,post,0001721A,1,7,01 00 00 0F 03 1A 72
2026-09-28T15:21:00.062+00:00,6007.005,RX,post,0011721A,1,5,01 00 00 1A 72
2026-09-28T15:21:00.066+00:00,6011.715,RX,post,00011B64,1,7,01 00 00 0F 03 64 1B
2026-09-28T15:21:00.067+00:00,6012.004,RX,post,00111B64,1,5,01 00 00 64 1B
2026-09-28T15:21:00.071+00:00,6016.812,RX,post,00018E6F,1,7,01 00 00 0F 03 6F 8E
2026-09-28T15:21:00.072+00:00,6016.983,RX,post,00118E6F,1,5,01 00 00 6F 8E
2026-09-28T15:21:00.076+00:00,6021.793,RX,post,00015984,1,7,01 00 00 0F 03 84 59
2026-09-28T15:21:00.076+00:00,6021.885,RX,post,00115984,1,5,01 00 00 84 59
2026-09-28T15:21:00.081+00:00,6026.752,RX,post,0001859E,1,7,01 00 00 0F 03 9E 85
2026-09-28T15:21:00.082+00:00,6026.936,RX,post,0011859E,1,5,01 00 00 9E 85
2026-09-28T15:21:00.086+00:00,6031.801,RX,post,0001970E,1,7,01 00 00 0F 03 0E 97
2026-09-28T15:21:00.087+00:00,6032.028,RX,post,0011970E,1,5,01 00 00 0E 97
2026-09-28T15:21:00.092+00:00,6036.989,RX,post,0001AF52,1,7,01 00 00 0F 03 52 AF
2026-09-28T15:21:00.092+00:00,6037.096,RX,post,0011AF52,1,5,01 00 00 52 AF
2026-09-28T15:21:00.096+00:00,6041.861,RX,post,0001ADE7,1,7,01 00 00 0F 03 E7 AD
2026-09-28T15:21:00.097+00:00,6041.918,RX,post,0011ADE7,1,5,01 00 00 E7 AD
2026-09-28T15:21:00.102+00:00,6046.965,RX,post,00015213,1,7,01 00 00 0F 03 13 52
2026-09-28T15:21:00.102+00:00,6047.117,RX,post,00115213,1,5,01 00 00 13 52
2026-09-28T15:21:00.107+00:00,6051.915,RX,post,0001F72F,1,7,01 00 00 0F 03 2F F7
2026-09-28T15:21:00.107+00:00,6051.988,RX,post,0011F72F,1,5,01 00 00 2F F7
2026-09-28T15:21:00.112+00:00,6056.944,RX,post,0001AE87,1,7,01 00 00 0F 03 87 AE
2026-09-28T15:21:00.112+00:00,6057.042,RX,post,0011AE87,1,5,01 00 00 87 AE
2026-09-28T15:21:00.117+00:00,6061.912,RX,post,0001EE20,1,7,01 00 00 0F 03 20 EE
2026-09-28T15:21:00.117+00:00,6061.971,RX,post,0011EE20,1,5,01 00 00 20 EE
2026-09-28T15:21:00.122+00:00,6067.004,RX,post,00019BA6,1,7,01 00 00 0F 03 A6 9B
2026-09-28T15:21:00.122+00:00,6067.097,RX,post,00119BA6,1,5,01 00 00 A6 9B
2026-09-28T15:21:00.127+00:00,6072.008,RX,post,000192C7,1,7,01 00 00 0F 03 C7 92
2026-09-28T15:21:00.127+00:00,6072.116,RX,post,001192C7,1,5,01 00 00 C7 92
2026-09-28T15:21:00.132+00:00,6076.949,RX,post,00019446,1,7,01 00 00 0F 03 46 94
2026-09-28T15:21:00.132+00:00,6077.048,RX,post,00119446,1,5,01 00 00 46 94
2026-09-28T15:21:00.136+00:00,6081.894,RX,post,0001FA11,1,7,01 00 00 0F 03 11 FA
2026-09-28T15:21:00.137+00:00,6081.960,RX,post,0011FA11,1,5,01 00 00 11 FA
2026-09-28T15:21:00.141+00:00,6086.842,RX,post,0001BF38,1,7,01 00 00 0F 03 38 BF
2026-09-28T15:21:00.142+00:00,6086.910,RX,post,0011BF38,1,5,01 00 00 38 BF
2026-09-28T15:21:00.146+00:00,6091.762,RX,post,0001E875,1,7,01 00 00 0F 03 75 E8
2026-09-28T15:21:00.147+00:00,6092.048,RX,post,0011E875,1,5,01 00 00 75 E8
2026-09-28T15:21:00.151+00:00,6096.806,RX,post,000181B8,1,7,01 00 00 0F 03 B8 81
2026-09-28T15:21:00.152+00:00,6097.046,RX,post,001181B8,1,5,01 00 00 B8 81
2026-09-28T15:21:00.156+00:00,6101.749,RX,post,0001EE43,1,7,01 00 00 0F 03 43 EE
2026-09-28T15:21:00.157+00:00,6101.975,RX,post,0011EE43,1,5,01 00 00 43 EE
2026-09-28T15:21:00.161+00:00,6106.711,RX,post,0001690A,1,7,01 00 00 0F 03 0A 69
2026-09-28T15:21:00.162+00:00,6106.968,RX,post,0011690A,1,5,01 00 00 0A 69
2026-09-28T15:21:00.166+00:00,6111.713,RX,post,0001A06C,1,7,01 00 00 0F 03 6C A0
2026-09-28T15:21:00.167+00:00,6111.970,RX,post,0011A06C,1,5,01 00 00 6C A0
2026-09-28T15:21:00.171+00:00,6116.789,RX,post,0001F27C,1,7,01 00 00 0F 03 7C F2
2026-09-28T15:21:00.171+00:00,6116.866,RX,post,0011F27C,1,5,01 00 00 7C F2
2026-09-28T15:21:00.176+00:00,6121.692,RX,post,0001C232,1,7,01 00 00 0F 03 32 C2
2026-09-28T15:21:00.177+00:00,6121.931,RX,post,0011C232,1,5,01 00 00 32 C2
2026-09-28T15:21:00.181+00:00,6126.719,RX,post,00018E1C,1,7,01 00 00 0F 03 1C 8E
2026-09-28T15:21:00.182+00:00,6126.936,RX,post,00118E1C,1,5,01 00 00 1C 8E
2026-09-28T15:21:00.186+00:00,6131.704,RX,post,0001A026,1,7,01 00 00 0F 03 26 A0
2026-09-28T15:21:00.187+00:00,6131.927,RX,post,0011A026,1,5,01 00 00 26 A0
2026-09-28T15:21:00.191+00:00,6136.757,RX,post,000126ED,1,7,01 00 00 0F 03 ED 26
2026-09-28T15:21:00.191+00:00,6136.859,RX,post,001126ED,1,5,01 00 00 ED 26
2026-09-28T15:21:00.196+00:00,6141.822,RX,post,0001C663,1,7,01 00 00 0F 03 63 C6
2026-09-28T15:21:00.197+00:00,6142.045,RX,post,0011C663,1,5,01 00 00 63 C6
2026-09-28T15:21:00.201+00:00,6146.874,RX,post,00010855,1,7,01 00 00 0F 03 55 08
2026-09-28T15:21:00.202+00:00,6146.972,RX,post,00110855,1,5,01 00 00 55 08
2026-09-28T15:21:00.206+00:00,6151.865,RX,post,00010FDA,1,7,01 00 00 0F 03 DA 0F
2026-09-28T15:21:00.207+00:00,6152.011,RX,post,00110FDA,1,5,01 00 00 DA 0F
2026-09-28T15:21:00.212+00:00,6156.876,RX,post,00016325,1,7,01 00 00 0F 03 25 63
2026-09-28T15:21:00.212+00:00,6157.022,RX,post,00116325,1,5,01 00 00 25 63
2026-09-28T15:21:00.217+00:00,6161.874,RX,post,00014239,1,7,01 00 00 0F 03 39 42
2026-09-28T15:21:00.217+00:00,6162.015,RX,post,00114239,1,5,01 00 00 39 42
2026-09-28T15:21:00.222+00:00,6166.912,RX,post,00018D63,1,7,01 00 00 0F 03 63 8D
2026-09-28T15:21:00.222+00:00,6167.012,RX,post,00118D63,1,5,01 00 00 63 8D
2026-09-28T15:21:00.226+00:00,6171.877,RX,post,000171AD,1,7,01 00 00 0F 03 AD 71
2026-09-28T15:21:00.227+00:00,6171.955,RX,post,001171AD,1,5,01 00 00 AD 71
2026-09-28T15:21:00.231+00:00,6176.870,RX,post,000136BF,1,7,01 00 00 0F 03 BF 36
2026-09-28T15:21:00.232+00:00,6176.970,RX,post,001136BF,1,5,01 00 00 BF 36
2026-09-28T15:21:00.236+00:00,6181.870,RX,post,0001018C,1,7,01 00 00 0F 03 8C 01
2026-09-28T15:21:00.237+00:00,6181.938,RX,post,0011018C,1,5,01 00 00 8C 01
2026-09-28T15:21:00.241+00:00,6186.689,RX,post,00016C60,1,7,01 00 00 0F 03 60 6C
2026-09-28T15:21:00.242+00:00,6186.936,RX,post,00116C60,1,5,01 00 00 60 6C
2026-09-28T15:21:00.246+00:00,6191.831,RX,post,0001BEAB,1,7,01 00 00 0F 03 AB BE
2026-09-28T15:21:00.247+00:00,6191.903,RX,post,0011BEAB,1,5,01 00 00 AB BE
2026-09-28T15:21:00.251+00:00,6196.749,RX,post,0001E95F,1,7,01 00 00 0F 03 5F E9
2026-09-28T15:21:00.252+00:00,6196.986,RX,post,0011E95F,1,5,01 00 00 5F E9
2026-09-28T15:21:00.256+00:00,6201.758,RX,post,0001E1F4,1,7,01 00 00 0F 03 F4 E1
2026-09-28T15:21:00.256+00:00,6201.832,RX,post,0011E1F4,1,5,01 00 00 F4 E1
2026-09-28T15:21:00.261+00:00,6206.662,RX,post,00016E38,1,7,01 00 00 0F 03 38 6E
2026-09-28T15:21:00.262+00:00,6207.039,RX,post,00116E38,1,5,01 00 00 38 6E
2026-09-28T15:21:00.267+00:00,6211.918,RX,post,00016573,1,7,01 00 00 0F 03 73 65
2026-09-28T15:21:00.267+00:00,6211.971,RX,post,00116573,1,5,01 00 00 73 65
2026-09-28T15:21:00.271+00:00,6216.696,RX,post,0001B3F2,1,7,01 00 00 0F 03 F2 B3
2026-09-28T15:21:00.272+00:00,6216.942,RX,post,0011B3F2,1,5,01 00 00 F2 B3
2026-09-28T15:21:00.276+00:00,6221.844,RX,post,00016BE9,1,7,01 00 00 0F 03 E9 6B
2026-09-28T15:21:00.277+00:00,6221.927,RX,post,00116BE9,1,5,01 00 00 E9 6B
2026-09-28T15:21:00.281+00:00,6226.814,RX,post,00018CCC,1,7,01 00 00 0F 03 CC 8C
2026-09-28T15:21:00.282+00:00,6226.907,RX,post,00118CCC,1,5,01 00 00 CC 8C
2026-09-28T15:21:00.286+00:00,6231.841,RX,post,00015AB4,1,7,01 00 00 0F 03 B4 5A
2026-09-28T15:21:00.287+00:00,6231.929,RX,post,00115AB4,1,5,01 00 00 B4 5A
2026-09-28T15:21:00.291+00:00,6236.868,RX,post,000106B5,1,7,01 00 00 0F 03 B5 06
2026-09-28T15:21:00.292+00:00,6236.922,RX,post,001106B5,1,5,01 00 00 B5 06
2026-09-28T15:21:00.296+00:00,6241.875,RX,post,0001478C,1,7,01 00 00 0F 03 8C 47
2026-09-28T15:21:00.297+00:00,6241.931,RX,post,0011478C,1,5,01 00 00 8C 47
2026-09-28T15:21:00.301+00:00,6246.708,RX,post,0001D8D5,1,7,01 00 00 0F 03 D5 D8
2026-09-28T15:21:00.302+00:00,6247.093,RX,post,0011D8D5,1,5,01 00 00 D5 D8
2026-09-28T15:21:00.306+00:00,6251.712,RX,post,0001375B,1,7,01 00 00 0F 03 5B 37
2026-09-28T15:21:00.307+00:00,6251.966,RX,post,0011375B,1,5,01 00 00 5B 37
2026-09-28T15:21:00.311+00:00,6256.702,RX,post,000107F6,1,7,01 00 00 0F 03 F6 07
2026-09-28T15:21:00.312+00:00,6256.960,RX,post,001107F6,1,5,01 00 00 F6 07
2026-09-28T15:21:00.316+00:00,6261.702,RX,post,0001F142,1,7,01 00 00 0F 03 42 F1
2026-09-28T15:21:00.317+00:00,6261.974,RX,post,0011F142,1,5,01 00 00 42 F1
2026-09-28T15:21:00.321+00:00,6266.698,RX,post,00014689,1,7,01 00 00 0F 03 89 46
2026-09-28T15:21:00.322+00:00,6266.970,RX,post,00114689,1,5,01 00 00 89 46
2026-09-28T15:21:00.326+00:00,6271.666,RX,post,00012C88,1,7,01 00 00 0F 03 88 2C
2026-09-28T15:21:00.327+00:00,6271.910,RX,post,00112C88,1,5,01 00 00 88 2C
2026-09-28T15:21:00.331+00:00,6276.701,RX,post,0001A79C,1,7,01 00 00 0F 03 9C A7
2026-09-28T15:21:00.332+00:00,6276.976,RX,post,0011A79C,1,5,01 00 00 9C A7
2026-09-28T15:21:00.336+00:00,6281.772,RX,post,00013A04,1,7,01 00 00 0F 03 04 3A
2026-09-28T15:21:00.336+00:00,6281.841,RX,post,00113A04,1,5,01 00 00 04 3A
2026-09-28T15:21:00.341+00:00,6286.831,RX,post,000164FF,1,7,01 00 00 0F 03 FF 64
2026-09-28T15:21:00.342+00:00,6286.900,RX,post,001164FF,1,5,01 00 00 FF 64
2026-09-28T15:21:00.346+00:00,6291.661,RX,post,00014544,1,7,01 00 00 0F 03 44 45
2026-09-28T15:21:00.347+00:00,6291.914,RX,post,00114544,1,5,01 00 00 44 45
2026-09-28T15:21:00.351+00:00,6296.614,RX,post,00011B67,1,7,01 00 00 0F 03 67 1B
2026-09-28T15:21:00.351+00:00,6296.865,RX,post,00111B67,1,5,01 00 00 67 1B
2026-09-28T15:21:00.356+00:00,6301.640,RX,post,0001C378,1,7,01 00 00 0F 03 78 C3
2026-09-28T15:21:00.356+00:00,6301.886,RX,post,0011C378,1,5,01 00 00 78 C3
2026-09-28T15:21:00.361+00:00,6306.855,RX,post,00015C52,1,7,01 00 00 0F 03 52 5C
2026-09-28T15:21:00.362+00:00,6306.904,RX,post,00115C52,1,5,01 00 00 52 5C
2026-09-28T15:21:00.366+00:00,6311.721,RX,post,00013DF3,1,7,01 00 00 0F 03 F3 3D
2026-09-28T15:21:00.366+00:00,6311.848,RX,post,00113DF3,1,5,01 00 00 F3 3D
2026-09-28T15:21:00.371+00:00,6316.766,RX,post,00011FF7,1,7,01 00 00 0F 03 F7 1F
2026-09-28T15:21:00.371+00:00,6316.886,RX,post,00111FF7,1,5,01 00 00 F7 1F
2026-09-28T15:21:00.376+00:00,6321.783,RX,post,0001B3BE,1,7,01 00 00 0F 03 BE B3
2026-09-28T15:21:00.377+00:00,6321.902,RX,post,0011B3BE,1,5,01 00 00 BE B3
2026-09-28T15:21:00.381+00:00,6326.691,RX,post,00019A87,1,7,01 00 00 0F 03 87 9A
2026-09-28T15:21:00.382+00:00,6326.950,RX,post,00119A87,1,5,01 00 00 87 9A
2026-09-28T15:21:00.386+00:00,6331.774,RX,post,0001B58A,1,7,01 00 00 0F 03 8A B5
2026-09-28T15:21:00.386+00:00,6331.867,RX,post,0011B58A,1,5,01 00 00 8A B5
2026-09-28T15:21:00.391+00:00,6336.668,RX,post,0001428E,1,7,01 00 00 0F 03 8E 42
2026-09-28T15:21:00.392+00:00,6336.908,RX,post,0011428E,1,5,01 00 00 8E 42
2026-09-28T15:21:00.396+00:00,6341.829,RX,post,00012D0B,1,7,01 00 00 0F 03 0B 2D
2026-09-28T15:21:00.396+00:00,6341.886,RX,post,00112D0B,1,5,01 00 00 0B 2D
2026-09-28T15:21:00.401+00:00,6346.685,RX,post,00019F2E,1,7,01 00 00 0F 03 2E 9F
2026-09-28T15:21:00.401+00:00,6346.880,RX,post,00119F2E,1,5,01 00 00 2E 9F
2026-09-28T15:21:00.406+00:00,6351.844,RX,post,00013480,1,7,01 00 00 0F 03 80 34
2026-09-28T15:21:00.407+00:00,6351.901,RX,post,00113480,1,5,01 00 00 80 34
2026-09-28T15:21:00.412+00:00,6356.923,RX,post,00013F94,1,7,01 00 00 0F 03 94 3F
2026-09-28T15:21:00.412+00:00,6357.011,RX,post,00113F94,1,5,01 00 00 94 3F
2026-09-28T15:21:00.416+00:00,6361.860,RX,post,0001E4F6,1,7,01 00 00 0F 03 F6 E4
2026-09-28T15:21:00.417+00:00,6361.918,RX,post,0011E4F6,1,5,01 00 00 F6 E4
2026-09-28T15:21:00.421+00:00,6366.879,RX,post,0001E9CA,1,7,01 00 00 0F 03 CA E9
2026-09-28T15:21:00.422+00:00,6366.983,RX,post,0011E9CA,1,5,01 00 00 CA E9
2026-09-28T15:21:00.426+00:00,6371.875,RX,post,00014985,1,7,01 00 00 0F 03 85 49
2026-09-28T15:21:00.427+00:00,6371.953,RX,post,00114985,1,5,01 00 00 85 49
2026-09-28T15:21:00.432+00:00,6376.942,RX,post,00013DDE,1,7,01 00 00 0F 03 DE 3D
2026-09-28T15:21:00.432+00:00,6377.032,RX,post,00113DDE,1,5,01 00 00 DE 3D
2026-09-28T15:21:00.436+00:00,6381.765,RX,post,0001B794,1,7,01 00 00 0F 03 94 B7
2026-09-28T15:21:00.436+00:00,6381.872,RX,post,0011B794,1,5,01 00 00 94 B7
2026-09-28T15:21:00.441+00:00,6386.663,RX,post,0001AEF1,1,7,01 00 00 0F 03 F1 AE
2026-09-28T15:21:00.442+00:00,6386.904,RX,post,0011AEF1,1,5,01 00 00 F1 AE
2026-09-28T15:21:00.446+00:00,6391.838,RX,post,00017FF4,1,7,01 00 00 0F 03 F4 7F
2026-09-28T15:21:00.447+00:00,6391.930,RX,post,00117FF4,1,5,01 00 00 F4 7F
2026-09-28T15:21:00.451+00:00,6396.838,RX,post,00013AAD,1,7,01 00 00 0F 03 AD 3A
2026-09-28T15:21:00.452+00:00,6396.911,RX,post,00113AAD,1,5,01 00 00 AD 3A
2026-09-28T15:21:00.456+00:00,6401.774,RX,post,00012A45,1,7,01 00 00 0F 03 45 2A
2026-09-28T15:21:00.456+00:00,6401.867,RX,post,00112A45,1,5,01 00 00 45 2A
2026-09-28T15:21:00.462+00:00,6406.943,RX,post,0001B832,1,7,01 00 00 0F 03 32 B8
2026-09-28T15:21:00.462+00:00,6407.000,RX,post,0011B832,1,5,01 00 00 32 B8
2026-09-28T15:21:00.466+00:00,6411.810,RX,post,00017808,1,7,01 00 00 0F 03 08 78
2026-09-28T15:21:00.467+00:00,6411.907,RX,post,00117808,1,5,01 00 00 08 78
2026-09-28T15:21:00.471+00:00,6416.736,RX,post,00013E77,1,7,01 00 00 0F 03 77 3E
2026-09-28T15:21:00.471+00:00,6416.843,RX,post,00113E77,1,5,01 00 00 77 3E
2026-09-28T15:21:00.476+00:00,6421.767,RX,post,00010E4C,1,7,01 00 00 0F 03 4C 0E
2026-09-28T15:21:00.476+00:00,6421.870,RX,post,00110E4C,1,5,01 00 00 4C 0E
2026-09-28T15:21:00.481+00:00,6426.743,RX,post,000132B9,1,7,01 00 00 0F 03 B9 32
2026-09-28T15:21:00.482+00:00,6426.981,RX,post,001132B9,1,5,01 00 00 B9 32
2026-09-28T15:21:00.486+00:00,6431.778,RX,post,00011CD0,1,7,01 00 00 0F 03 D0 1C
2026-09-28T15:21:00.486+00:00,6431.884,RX,post,00111CD0,1,5,01 00 00 D0 1C
2026-09-28T15:21:00.491+00:00,6436.847,RX,post,0001C268,1,7,01 00 00 0F 03 68 C2
2026-09-28T15:21:00.492+00:00,6436.904,RX,post,0011C268,1,5,01 00 00 68 C2
2026-09-28T15:21:00.496+00:00,6441.718,RX,post,00010B20,1,7,01 00 00 0F 03 20 0B
2026-09-28T15:21:00.496+00:00,6441.849,RX,post,00110B20,1,5,01 00 00 20 0B
2026-09-28T15:21:00.501+00:00,6446.757,RX,post,000168B3,1,7,01 00 00 0F 03 B3 68
2026-09-28T15:21:00.501+00:00,6446.859,RX,post,001168B3,1,5,01 00 00 B3 68
2026-09-28T15:21:00.506+00:00,6451.663,RX,post,000173E3,1,7,01 00 00 0F 03 E3 73
2026-09-28T15:21:00.507+00:00,6451.905,RX,post,001173E3,1,5,01 00 00 E3 73
2026-09-28T15:21:00.511+00:00,6456.664,RX,post,0001EAA6,1,7,01 00 00 0F 03 A6 EA
2026-09-28T15:21:00.512+00:00,6456.904,RX,post,0011EAA6,1,5,01 00 00 A6 EA
2026-09-28T15:21:00.516+00:00,6461.744,RX,post,00012083,1,7,01 00 00 0F 03 83 20
2026-09-28T15:21:00.516+00:00,6461.865,RX,post,00112083,1,5,01 00 00 83 20
2026-09-28T15:21:00.521+00:00,6466.841,RX,post,0001B171,1,7,01 00 00 0F 03 71 B1
2026-09-28T15:21:00.522+00:00,6466.897,RX,post,0011B171,1,5,01 00 00 71 B1
2026-09-28T15:21:00.526+00:00,6471.754,RX,post,0001DAD3,1,7,01 00 00 0F 03 D3 DA
2026-09-28T15:21:00.526+00:00,6471.848,RX,post,0011DAD3,1,5,01 00 00 D3 DA
2026-09-28T15:21:00.531+00:00,6476.734,RX,post,0001ED57,1,7,01 00 00 0F 03 57 ED
2026-09-28T15:21:00.531+00:00,6476.839,RX,post,0011ED57,1,5,01 00 00 57 ED
2026-09-28T15:21:00.536+00:00,6481.828,RX,post,00014856,1,7,01 00 00 0F 03 56 48
2026-09-28T15:21:00.537+00:00,6481.982,RX,post,00114856,1,5,01 00 00 56 48
2026-09-28T15:21:00.541+00:00,6486.850,RX,post,0001344F,1,7,01 00 00 0F 03 4F 34
2026-09-28T15:21:00.542+00:00,6486.939,RX,post,0011344F,1,5,01 00 00 4F 34
2026-09-28T15:21:00.547+00:00,6491.890,RX,post,00010662,1,7,01 00 00 0F 03 62 06
2026-09-28T15:21:00.547+00:00,6491.984,RX,post,00110662,1,5,01 00 00 62 06
2026-09-28T15:21:00.551+00:00,6496.808,RX,post,00015262,1,7,01 00 00 0F 03 62 52
2026-09-28T15:21:00.552+00:00,6497.031,RX,post,00115262,1,5,01 00 00 62 52
2026-09-28T15:21:00.557+00:00,6501.885,RX,post,0001FC2A,1,7,01 00 00 0F 03 2A FC
2026-09-28T15:21:00.557+00:00,6501.989,RX,post,0011FC2A,1,5,01 00 00 2A FC
2026-09-28T15:21:00.561+00:00,6506.869,RX,post,0001B252,1,7,01 00 00 0F 03 52 B2
2026-09-28T15:21:00.562+00:00,6506.950,RX,post,0011B252,1,5,01 00 00 52 B2
2026-09-28T15:21:00.567+00:00,6511.890,RX,post,00012376,1,7,01 00 00 0F 03 76 23
2026-09-28T15:21:00.567+00:00,6512.001,RX,post,00112376,1,5,01 00 00 76 23
2026-09-28T15:21:00.572+00:00,6516.912,RX,post,000147F8,1,7,01 00 00 0F 03 F8 47
2026-09-28T15:21:00.572+00:00,6517.004,RX,post,001147F8,1,5,01 00 00 F8 47
2026-09-28T15:21:00.577+00:00,6521.891,RX,post,0001D295,1,7,01 00 00 0F 03 95 D2
2026-09-28T15:21:00.577+00:00,6521.991,RX,post,0011D295,1,5,01 00 00 95 D2
2026-09-28T15:21:00.582+00:00,6526.886,RX,post,00015A92,1,7,01 00 00 0F 03 92 5A
2026-09-28T15:21:00.582+00:00,6527.010,RX,post,00115A92,1,5,01 00 00 92 5A
2026-09-28T15:21:00.586+00:00,6531.680,RX,post,0001C1CC,1,7,01 00 00 0F 03 CC C1
2026-09-28T15:21:00.587+00:00,6532.018,RX,post,0011C1CC,1,5,01 00 00 CC C1
2026-09-28T15:21:00.591+00:00,6536.692,RX,post,0001F7D1,1,7,01 00 00 0F 03 D1 F7
2026-09-28T15:21:00.592+00:00,6537.002,RX,post,0011F7D1,1,5,01 00 00 D1 F7
2026-09-28T15:21:00.597+00:00,6542.069,RX,post,0001EC4A,1,7,01 00 00 0F 03 4A EC
2026-09-28T15:21:00.597+00:00,6542.123,RX,post,0011EC4A,1,5,01 00 00 4A EC
2026-09-28T15:21:00.601+00:00,6546.751,RX,post,00019D5D,1,7,01 00 00 0F 03 5D 9D
2026-09-28T15:21:00.602+00:00,6546.973,RX,post,00119D5D,1,5,01 00 00 5D 9D
2026-09-28T15:21:00.606+00:00,6551.676,RX,post,0001146E,1,7,01 00 00 0F 03 6E 14
2026-09-28T15:21:00.607+00:00,6551.902,RX,post,0011146E,1,5,01 00 00 6E 14
2026-09-28T15:21:00.611+00:00,6556.760,RX,post,0001C936,1,7,01 00 00 0F 03 36 C9
2026-09-28T15:21:00.611+00:00,6556.836,RX,post,0011C936,1,5,01 00 00 36 C9
2026-09-28T15:21:00.616+00:00,6561.699,RX,post,0001B8E6,1,7,01 00 00 0F 03 E6 B8
2026-09-28T15:21:00.617+00:00,6561.959,RX,post,0011B8E6,1,5,01 00 00 E6 B8
2026-09-28T15:21:00.621+00:00,6566.691,RX,post,0001FE16,1,7,01 00 00 0F 03 16 FE
2026-09-28T15:21:00.622+00:00,6566.935,RX,post,0011FE16,1,5,01 00 00 16 FE
2026-09-28T15:21:00.626+00:00,6571.671,RX,post,0001DFE5,1,7,01 00 00 0F 03 E5 DF
2026-09-28T15:21:00.627+00:00,6571.903,RX,post,0011DFE5,1,5,01 00 00 E5 DF
2026-09-28T15:21:00.631+00:00,6576.740,RX,post,0001CBC1,1,7,01 00 00 0F 03 C1 CB
2026-09-28T15:21:00.631+00:00,6576.830,RX,post,0011CBC1,1,5,01 00 00 C1 CB
2026-09-28T15:21:00.636+00:00,6581.592,RX,post,0001638A,1,7,01 00 00 0F 03 8A 63
2026-09-28T15:21:00.636+00:00,6581.837,RX,post,0011638A,1,5,01 00 00 8A 63
2026-09-28T15:21:00.641+00:00,6586.865,RX,post,0001D7E2,1,7,01 00 00 0F 03 E2 D7
2026-09-28T15:21:00.642+00:00,6586.941,RX,post,0011D7E2,1,5,01 00 00 E2 D7
2026-09-28T15:21:00.647+00:00,6591.922,RX,post,00018A2D,1,7,01 00 00 0F 03 2D 8A
2026-09-28T15:21:00.647+00:00,6592.084,RX,post,00118A2D,1,5,01 00 00 2D 8A
2026-09-28T15:21:00.651+00:00,6596.882,RX,post,0001E2E6,1,7,01 00 00 0F 03 E6 E2
2026-09-28T15:21:00.652+00:00,6596.940,RX,post,0011E2E6,1,5,01 00 00 E6 E2
2026-09-28T15:21:00.657+00:00,6601.922,RX,post,00015B2C,1,7,01 00 00 0F 03 2C 5B
2026-09-28T15:21:00.657+00:00,6602.017,RX,post,00115B2C,1,5,01 00 00 2C 5B
2026-09-28T15:21:00.662+00:00,6606.941,RX,post,00013501,1,7,01 00 00 0F 03 01 35
2026-09-28T15:21:00.662+00:00,6607.058,RX,post,00113501,1,5,01 00 00 01 35
2026-09-28T15:21:00.667+00:00,6611.894,RX,post,0001406C,1,7,01 00 00 0F 03 6C 40
2026-09-28T15:21:00.667+00:00,6611.983,RX,post,0011406C,1,5,01 00 00 6C 40
2026-09-28T15:21:00.672+00:00,6616.907,RX,post,00013630,1,7,01 00 00 0F 03 30 36
2026-09-28T15:21:00.672+00:00,6617.026,RX,post,00113630,1,5,01 00 00 30 36
2026-09-28T15:21:00.677+00:00,6621.920,RX,post,0001FEAC,1,7,01 00 00 0F 03 AC FE
2026-09-28T15:21:00.677+00:00,6621.999,RX,post,0011FEAC,1,5,01 00 00 AC FE
2026-09-28T15:21:00.682+00:00,6626.898,RX,post,0001A4FB,1,7,01 00 00 0F 03 FB A4
2026-09-28T15:21:00.682+00:00,6626.989,RX,post,0011A4FB,1,5,01 00 00 FB A4
2026-09-28T15:21:00.686+00:00,6631.876,RX,post,0001FA61,1,7,01 00 00 0F 03 61 FA
2026-09-28T15:21:00.687+00:00,6631.990,RX,post,0011FA61,1,5,01 00 00 61 FA
2026-09-28T15:21:00.692+00:00,6636.917,RX,post,00016A4B,1,7,01 00 00 0F 03 4B 6A
2026-09-28T15:21:00.692+00:00,6637.070,RX,post,00116A4B,1,5,01 00 00 4B 6A
2026-09-28T15:21:00.697+00:00,6641.911,RX,post,000120A9,1,7,01 00 00 0F 03 A9 20
2026-09-28T15:21:00.697+00:00,6642.004,RX,post,001120A9,1,5,01 00 00 A9 20
2026-09-28T15:21:00.702+00:00,6646.885,RX,post,00010582,1,7,01 00 00 0F 03 82 05
2026-09-28T15:21:00.702+00:00,6646.928,RX,post,00110582,1,5,01 00 00 82 05
2026-09-28T15:21:00.707+00:00,6651.917,RX,post,0001879D,1,7,01 00 00 0F 03 9D 87
2026-09-28T15:21:00.707+00:00,6652.009,RX,post,0011879D,1,5,01 00 00 9D 87
2026-09-28T15:21:00.711+00:00,6656.822,RX,post,000102C5,1,7,01 00 00 0F 03 C5 02
2026-09-28T15:21:00.711+00:00,6656.871,RX,post,001102C5,1,5,01 00 00 C5 02
2026-09-28T15:21:00.717+00:00,6661.911,RX,post,00019B11,1,7,01 00 00 0F 03 11 9B
2026-09-28T15:21:00.717+00:00,6662.003,RX,post,00119B11,1,5,01 00 00 11 9B
2026-09-28T15:21:00.721+00:00,6666.848,RX,post,00014E12,1,7,01 00 00 0F 03 12 4E
2026-09-28T15:21:00.722+00:00,6666.931,RX,post,00114E12,1,5,01 00 00 12 4E
2026-09-28T15:21:00.727+00:00,6671.898,RX,post,00019A74,1,7,01 00 00 0F 03 74 9A
2026-09-28T15:21:00.727+00:00,6671.979,RX,post,00119A74,1,5,01 00 00 74 9A
2026-09-28T15:21:00.732+00:00,6676.898,RX,post,0001A893,1,7,01 00 00 0F 03 93 A8
2026-09-28T15:21:00.732+00:00,6676.990,RX,post,0011A893,1,5,01 00 00 93 A8
2026-09-28T15:21:00.736+00:00,6681.702,RX,post,0001C679,1,7,01 00 00 0F 03 79 C6
2026-09-28T15:21:00.737+00:00,6681.927,RX,post,0011C679,1,5,01 00 00 79 C6
2026-09-28T15:21:00.741+00:00,6686.702,RX,post,00016658,1,7,01 00 00 0F 03 58 66
2026-09-28T15:21:00.741+00:00,6686.832,RX,post,00116658,1,5,01 00 00 58 66
2026-09-28T15:21:00.746+00:00,6691.871,RX,post,0001F0B1,1,7,01 00 00 0F 03 B1 F0
2026-09-28T15:21:00.747+00:00,6691.973,RX,post,0011F0B1,1,5,01 00 00 B1 F0
2026-09-28T15:21:00.751+00:00,6696.874,RX,post,00017954,1,7,01 00 00 0F 03 54 79
2026-09-28T15:21:00.752+00:00,6696.953,RX,post,00117954,1,5,01 00 00 54 79
2026-09-28T15:21:00.757+00:00,6701.898,RX,post,00013531,1,7,01 00 00 0F 03 31 35
2026-09-28T15:21:00.757+00:00,6701.980,RX,post,00113531,1,5,01 00 00 31 35
2026-09-28T15:21:00.761+00:00,6706.853,RX,post,0001FB57,1,7,01 00 00 0F 03 57 FB
2026-09-28T15:21:00.762+00:00,6706.950,RX,post,0011FB57,1,5,01 00 00 57 FB
2026-09-28T15:21:00.766+00:00,6711.807,RX,post,00014A0B,1,7,01 00 00 0F 03 0B 4A
2026-09-28T15:21:00.766+00:00,6711.878,RX,post,00114A0B,1,5,01 00 00 0B 4A
2026-09-28T15:21:00.771+00:00,6716.874,RX,post,00015F58,1,7,01 00 00 0F 03 58 5F
2026-09-28T15:21:00.772+00:00,6716.952,RX,post,00115F58,1,5,01 00 00 58 5F
2026-09-28T15:21:00.776+00:00,6721.815,RX,post,00012215,1,7,01 00 00 0F 03 15 22
2026-09-28T15:21:00.776+00:00,6721.873,RX,post,00112215,1,5,01 00 00 15 22
2026-09-28T15:21:00.782+00:00,6726.933,RX,post,0001434B,1,7,01 00 00 0F 03 4B 43
2026-09-28T15:21:00.782+00:00,6727.032,RX,post,0011434B,1,5,01 00 00 4B 43
2026-09-28T15:21:00.786+00:00,6731.818,RX,post,00017C59,1,7,01 00 00 0F 03 59 7C
2026-09-28T15:21:00.786+00:00,6731.877,RX,post,00117C59,1,5,01 00 00 59 7C
2026-09-28T15:21:00.791+00:00,6736.815,RX,post,00014A5E,1,7,01 00 00 0F 03 5E 4A
2026-09-28T15:21:00.791+00:00,6736.872,RX,post,00114A5E,1,5,01 00 00 5E 4A
2026-09-28T15:21:00.796+00:00,6741.689,RX,post,00010B24,1,7,01 00 00 0F 03 24 0B
2026-09-28T15:21:00.796+00:00,6741.830,RX,post,00110B24,1,5,01 00 00 24 0B
2026-09-28T15:21:00.801+00:00,6746.608,RX,post,0001CC4B,1,7,01 00 00 0F 03 4B CC
2026-09-28T15:21:00.801+00:00,6746.851,RX,post,0011CC4B,1,5,01 00 00 4B CC
2026-09-28T15:21:00.806+00:00,6751.740,RX,post,00019987,1,7,01 00 00 0F 03 87 99
2026-09-28T15:21:00.806+00:00,6751.834,RX,post,00119987,1,5,01 00 00 87 99
2026-09-28T15:21:00.811+00:00,6756.632,RX,post,0001AD20,1,7,01 00 00 0F 03 20 AD
2026-09-28T15:21:00.811+00:00,6756.875,RX,post,0011AD20,1,5,01 00 00 20 AD
2026-09-28T15:21:00.816+00:00,6761.622,RX,post,000143D1,1,7,01 00 00 0F 03 D1 43
2026-09-28T15:21:00.816+00:00,6761.859,RX,post,001143D1,1,5,01 00 00 D1 43
2026-09-28T15:21:00.821+00:00,6766.661,RX,post,000169B0,1,7,01 00 00 0F 03 B0 69
2026-09-28T15:21:00.821+00:00,6766.862,RX,post,001169B0,1,5,01 00 00 B0 69
2026-09-28T15:21:00.826+00:00,6771.670,RX,post,0001D746,1,7,01 00 00 0F 03 46 D7
2026-09-28T15:21:00.827+00:00,6771.884,RX,post,0011D746,1,5,01 00 00 46 D7
2026-09-28T15:21:00.831+00:00,6776.628,RX,post,00019B8F,1,7,01 00 00 0F 03 8F 9B
2026-09-28T15:21:00.831+00:00,6776.870,RX,post,00119B8F,1,5,01 00 00 8F 9B
2026-09-28T15:21:00.836+00:00,6781.805,RX,post,00017B1C,1,7,01 00 00 0F 03 1C 7B
2026-09-28T15:21:00.837+00:00,6781.904,RX,post,00117B1C,1,5,01 00 00 1C 7B
2026-09-28T15:21:00.841+00:00,6786.787,RX,post,0001D438,1,7,01 00 00 0F 03 38 D4
2026-09-28T15:21:00.841+00:00,6786.843,RX,post,0011D438,1,5,01 00 00 38 D4
2026-09-28T15:21:00.846+00:00,6791.793,RX,post,0001C486,1,7,01 00 00 0F 03 86 C4
2026-09-28T15:21:00.846+00:00,6791.850,RX,post,0011C486,1,5,01 00 00 86 C4
2026-09-28T15:21:00.851+00:00,6796.636,RX,post,000135DD,1,7,01 00 00 0F 03 DD 35
2026-09-28T15:21:00.852+00:00,6796.950,RX,post,001135DD,1,5,01 00 00 DD 35
2026-09-28T15:21:00.856+00:00,6801.588,RX,post,00015D5F,1,7,01 00 00 0F 03 5F 5D
2026-09-28T15:21:00.856+00:00,6801.866,RX,post,00115D5F,1,5,01 00 00 5F 5D
2026-09-28T15:21:00.861+00:00,6806.855,RX,post,0001A4E9,1,7,01 00 00 0F 03 E9 A4
2026-09-28T15:21:00.862+00:00,6807.008,RX,post,0011A4E9,1,5,01 00 00 E9 A4
2026-09-28T15:21:00.866+00:00,6811.788,RX,post,000150A4,1,7,01 00 00 0F 03 A4 50
2026-09-28T15:21:00.866+00:00,6811.845,RX,post,001150A4,1,5,01 00 00 A4 50
2026-09-28T15:21:00.872+00:00,6816.882,RX,post,0001F83E,1,7,01 00 00 0F 03 3E F8
2026-09-28T15:21:00.872+00:00,6816.982,RX,post,0011F83E,1,5,01 00 00 3E F8
2026-09-28T15:21:00.876+00:00,6821.845,RX,post,000119E8,1,7,01 00 00 0F 04 E8 19
2026-09-28T15:21:00.877+00:00,6821.948,RX,post,001119E8,1,5,01 00 00 E8 19
2026-09-28T15:21:00.881+00:00,6826.855,RX,post,00010EB6,1,7,01 00 00 0F 03 B6 0E
2026-09-28T15:21:00.882+00:00,6826.972,RX,post,00110EB6,1,5,01 00 00 B6 0E
2026-09-28T15:21:00.886+00:00,6831.832,RX,post,0001C463,1,7,01 00 00 0F 03 63 C4
2026-09-28T15:21:00.887+00:00,6831.973,RX,post,0011C463,1,5,01 00 00 63 C4
2026-09-28T15:21:00.891+00:00,6836.797,RX,post,0001036D,1,7,01 00 00 0F 03 6D 03
2026-09-28T15:21:00.891+00:00,6836.854,RX,post,0011036D,1,5,01 00 00 6D 03
2026-09-28T15:21:00.896+00:00,6841.794,RX,post,0001E84A,1,7,01 00 00 0F 03 4A E8
2026-09-28T15:21:00.896+00:00,6841.851,RX,post,0011E84A,1,5,01 00 00 4A E8
2026-09-28T15:21:00.901+00:00,6846.610,RX,post,0001AEE3,1,7,01 00 00 0F 03 E3 AE
2026-09-28T15:21:00.901+00:00,6846.851,RX,post,0011AEE3,1,5,01 00 00 E3 AE
2026-09-28T15:21:00.906+00:00,6851.679,RX,post,0001F49B,1,7,01 00 00 0F 03 9B F4
2026-09-28T15:21:00.907+00:00,6851.896,RX,post,0011F49B,1,5,01 00 00 9B F4
2026-09-28T15:21:00.911+00:00,6856.649,RX,post,000169F0,1,7,01 00 00 0F 03 F0 69
2026-09-28T15:21:00.912+00:00,6856.904,RX,post,001169F0,1,5,01 00 00 F0 69
2026-09-28T15:21:00.916+00:00,6861.607,RX,post,0001AD72,1,7,01 00 00 0F 03 72 AD
2026-09-28T15:21:00.917+00:00,6861.910,RX,post,0011AD72,1,5,01 00 00 72 AD
2026-09-28T15:21:00.921+00:00,6866.661,RX,post,00016428,1,7,01 00 00 0F 03 28 64
2026-09-28T15:21:00.921+00:00,6866.854,RX,post,00116428,1,5,01 00 00 28 64
2026-09-28T15:21:00.926+00:00,6871.705,RX,post,000136B1,1,7,01 00 00 0F 03 B1 36
2026-09-28T15:21:00.926+00:00,6871.792,RX,post,001136B1,1,5,01 00 00 B1 36
2026-09-28T15:21:00.931+00:00,6876.824,RX,post,00018E1B,1,7,01 00 00 0F 03 1B 8E
2026-09-28T15:21:00.932+00:00,6876.917,RX,post,00118E1B,1,5,01 00 00 1B 8E
2026-09-28T15:21:00.936+00:00,6881.795,RX,post,0001787B,1,7,01 00 00 0F 03 7B 78
2026-09-28T15:21:00.936+00:00,6881.851,RX,post,0011787B,1,5,01 00 00 7B 78
2026-09-28T15:21:00.941+00:00,6886.613,RX,post,00012497,1,7,01 00 00 0F 03 97 24
2026-09-28T15:21:00.941+00:00,6886.851,RX,post,00112497,1,5,01 00 00 97 24
2026-09-28T15:21:00.946+00:00,6891.610,RX,post,00017ECD,1,7,01 00 00 0F 03 CD 7E
2026-09-28T15:21:00.946+00:00,6891.849,RX,post,00117ECD,1,5,01 00 00 CD 7E
2026-09-28T15:21:00.951+00:00,6896.683,RX,post,00015CD5,1,7,01 00 00 0F 03 D5 5C
2026-09-28T15:21:00.951+00:00,6896.825,RX,post,00115CD5,1,5,01 00 00 D5 5C
2026-09-28T15:21:00.956+00:00,6901.789,RX,post,00012B41,1,7,01 00 00 0F 03 41 2B
2026-09-28T15:21:00.956+00:00,6901.847,RX,post,00112B41,1,5,01 00 00 41 2B
2026-09-28T15:21:00.961+00:00,6906.684,RX,post,0001BE3D,1,7,01 00 00 0F 03 3D BE
2026-09-28T15:21:00.961+00:00,6906.822,RX,post,0011BE3D,1,5,01 00 00 3D BE
2026-09-28T15:21:00.966+00:00,6911.792,RX,post,000167C5,1,7,01 00 00 0F 03 C5 67
2026-09-28T15:21:00.966+00:00,6911.848,RX,post,001167C5,1,5,01 00 00 C5 67
2026-09-28T15:21:00.971+00:00,6916.614,RX,post,0001BD1C,1,7,01 00 00 0F 03 1C BD
2026-09-28T15:21:00.971+00:00,6916.851,RX,post,0011BD1C,1,5,01 00 00 1C BD
2026-09-28T15:21:00.976+00:00,6921.688,RX,post,0001E2B7,1,7,01 00 00 0F 03 B7 E2
2026-09-28T15:21:00.976+00:00,6921.781,RX,post,0011E2B7,1,5,01 00 00 B7 E2
2026-09-28T15:21:00.981+00:00,6926.610,RX,post,0001AA89,1,7,01 00 00 0F 03 89 AA
2026-09-28T15:21:00.981+00:00,6926.851,RX,post,0011AA89,1,5,01 00 00 89 AA
2026-09-28T15:21:00.986+00:00,6931.793,RX,post,000150DA,1,7,01 00 00 0F 03 DA 50
2026-09-28T15:21:00.986+00:00,6931.850,RX,post,001150DA,1,5,01 00 00 DA 50
2026-09-28T15:21:00.991+00:00,6936.681,RX,post,0001BC49,1,7,01 00 00 0F 03 49 BC
2026-09-28T15:21:00.991+00:00,6936.811,RX,post,0011BC49,1,5,01 00 00 49 BC
2026-09-28T15:21:00.996+00:00,6941.768,RX,post,0001B2F9,1,7,01 00 00 0F 03 F9 B2
2026-09-28T15:21:00.996+00:00,6941.825,RX,post,0011B2F9,1,5,01 00 00 F9 B2
2026-09-28T15:21:01.001+00:00,6946.736,RX,post,0001E070,1,7,01 00 00 0F 03 70 E0
2026-09-28T15:21:01.002+00:00,6946.995,RX,post,0011E070,1,5,01 00 00 70 E0
2026-09-28T15:21:01.006+00:00,6951.797,RX,post,00015929,1,7,01 00 00 0F 03 29 59
2026-09-28T15:21:01.006+00:00,6951.875,RX,post,00115929,1,5,01 00 00 29 59
2026-09-28T15:21:01.011+00:00,6956.800,RX,post,0001F314,1,7,01 00 00 0F 03 14 F3
2026-09-28T15:21:01.012+00:00,6956.884,RX,post,0011F314,1,5,01 00 00 14 F3
2026-09-28T15:21:01.016+00:00,6961.772,RX,post,00011F1F,1,7,01 00 00 0F 03 1F 1F
2026-09-28T15:21:01.016+00:00,6961.839,RX,post,00111F1F,1,5,01 00 00 1F 1F
2026-09-28T15:21:01.021+00:00,6966.833,RX,post,0001B94C,1,7,01 00 00 0F 03 4C B9
2026-09-28T15:21:01.022+00:00,6966.911,RX,post,0011B94C,1,5,01 00 00 4C B9
2026-09-28T15:21:01.026+00:00,6971.789,RX,post,000184DF,1,7,01 00 00 0F 03 DF 84
2026-09-28T15:21:01.026+00:00,6971.845,RX,post,001184DF,1,5,01 00 00 DF 84
2026-09-28T15:21:01.031+00:00,6976.816,RX,post,0001D355,1,7,01 00 00 0F 03 55 D3
2026-09-28T15:21:01.032+00:00,6976.891,RX,post,0011D355,1,5,01 00 00 55 D3
2026-09-28T15:21:01.036+00:00,6981.769,RX,post,00019CD6,1,7,01 00 00 0F 03 D6 9C
2026-09-28T15:21:01.037+00:00,6982.015,RX,post,00119CD6,1,5,01 00 00 D6 9C
2026-09-28T15:21:01.041+00:00,6986.667,RX,post,00019088,1,7,01 00 00 0F 03 88 90
2026-09-28T15:21:01.041+00:00,6986.775,RX,post,00119088,1,5,01 00 00 88 90
2026-09-28T15:21:01.046+00:00,6991.763,RX,post,0001C02A,1,7,01 00 00 0F 03 2A C0
2026-09-28T15:21:01.046+00:00,6991.819,RX,post,0011C02A,1,5,01 00 00 2A C0
2026-09-28T15:21:01.051+00:00,6996.666,RX,post,0001F68F,1,7,01 00 00 0F 03 8F F6
2026-09-28T15:21:01.051+00:00,6996.759,RX,post,0011F68F,1,5,01 00 00 8F F6
2026-09-28T15:21:01.056+00:00,7001.543,RX,post,000157AF,1,7,01 00 00 0F 03 AF 57
