utc,relative_ms,direction,phase,can_id_hex,extended,dlc,data_hex
2026-09-28T15:21:39.743+00:00,1.089,RX,baseline,000118FE,1,7,01 00 00 0F 03 FE 18
2026-09-28T15:21:39.743+00:00,1.204,RX,baseline,001118FE,1,5,01 00 00 FE 18
2026-09-28T15:21:39.748+00:00,5.916,RX,baseline,0001B97C,1,7,01 00 00 0F 03 7C B9
2026-09-28T15:21:39.748+00:00,6.074,RX,baseline,0011B97C,1,5,01 00 00 7C B9
2026-09-28T15:21:39.752+00:00,10.905,RX,baseline,0001F71A,1,7,01 00 00 0F 03 1A F7
2026-09-28T15:21:39.753+00:00,11.091,RX,baseline,0011F71A,1,5,01 00 00 1A F7
2026-09-28T15:21:39.757+00:00,15.906,RX,baseline,000175AD,1,7,01 00 00 0F 03 AD 75
2026-09-28T15:21:39.758+00:00,16.072,RX,baseline,001175AD,1,5,01 00 00 AD 75
2026-09-28T15:21:39.762+00:00,20.897,RX,baseline,0001027B,1,7,01 00 00 0F 03 7B 02
2026-09-28T15:21:39.763+00:00,21.069,RX,baseline,0011027B,1,5,01 00 00 7B 02
2026-09-28T15:21:39.767+00:00,25.868,RX,baseline,0001450E,1,7,01 00 00 0F 03 0E 45
2026-09-28T15:21:39.768+00:00,26.070,RX,baseline,0011450E,1,5,01 00 00 0E 45
2026-09-28T15:21:39.772+00:00,30.872,RX,baseline,00016431,1,7,01 00 00 0F 03 31 64
2026-09-28T15:21:39.773+00:00,31.001,RX,baseline,00116431,1,5,01 00 00 31 64
2026-09-28T15:21:39.777+00:00,35.836,RX,baseline,000156D8,1,7,01 00 00 0F 03 D8 56
2026-09-28T15:21:39.778+00:00,36.043,RX,baseline,001156D8,1,5,01 00 00 D8 56
2026-09-28T15:21:39.783+00:00,40.955,RX,baseline,00018734,1,7,01 00 00 0F 03 34 87
2026-09-28T15:21:39.783+00:00,41.099,RX,baseline,00118734,1,5,01 00 00 34 87
2026-09-28T15:21:39.787+00:00,45.855,RX,baseline,00019AD2,1,7,01 00 00 0F 03 D2 9A
2026-09-28T15:21:39.788+00:00,46.045,RX,baseline,00119AD2,1,5,01 00 00 D2 9A
2026-09-28T15:21:39.793+00:00,50.934,RX,baseline,0001A1C8,1,7,01 00 00 0F 03 C8 A1
2026-09-28T15:21:39.793+00:00,51.056,RX,baseline,0011A1C8,1,5,01 00 00 C8 A1
2026-09-28T15:21:39.797+00:00,55.904,RX,baseline,00014606,1,7,01 00 00 0F 03 06 46
2026-09-28T15:21:39.798+00:00,56.055,RX,baseline,00114606,1,5,01 00 00 06 46
2026-09-28T15:21:39.803+00:00,60.935,RX,baseline,000142B6,1,7,01 00 00 0F 03 B6 42
2026-09-28T15:21:39.803+00:00,61.057,RX,baseline,001142B6,1,5,01 00 00 B6 42
2026-09-28T15:21:39.808+00:00,66.002,RX,baseline,000104CE,1,7,01 00 00 0F 03 CE 04
2026-09-28T15:21:39.808+00:00,66.059,RX,baseline,001104CE,1,5,01 00 00 CE 04
2026-09-28T15:21:39.813+00:00,71.046,RX,baseline,0001C7D3,1,7,01 00 00 0F 03 D3 C7
2026-09-28T15:21:39.813+00:00,71.171,RX,baseline,0011C7D3,1,5,01 00 00 D3 C7
2026-09-28T15:21:39.818+00:00,76.048,RX,baseline,0001DB6A,1,7,01 00 00 0F 03 6A DB
2026-09-28T15:21:39.818+00:00,76.104,RX,baseline,0011DB6A,1,5,01 00 00 6A DB
2026-09-28T15:21:39.822+00:00,80.852,RX,baseline,0001F731,1,7,01 00 00 0F 03 31 F7
2026-09-28T15:21:39.823+00:00,81.094,RX,baseline,0011F731,1,5,01 00 00 31 F7
2026-09-28T15:21:39.827+00:00,85.882,RX,baseline,0001DCFC,1,7,01 00 00 0F 03 FC DC
2026-09-28T15:21:39.828+00:00,86.123,RX,baseline,0011DCFC,1,5,01 00 00 FC DC
2026-09-28T15:21:39.832+00:00,90.894,RX,baseline,00012DEA,1,7,01 00 00 0F 03 EA 2D
2026-09-28T15:21:39.833+00:00,91.116,RX,baseline,00112DEA,1,5,01 00 00 EA 2D
2026-09-28T15:21:39.837+00:00,95.882,RX,baseline,00010596,1,7,01 00 00 0F 03 96 05
2026-09-28T15:21:39.838+00:00,96.106,RX,baseline,00110596,1,5,01 00 00 96 05
2026-09-28T15:21:39.843+00:00,101.093,RX,baseline,00018B67,1,7,01 00 00 0F 03 67 8B
2026-09-28T15:21:39.843+00:00,101.242,RX,baseline,00118B67,1,5,01 00 00 67 8B
2026-09-28T15:21:39.848+00:00,106.035,RX,baseline,0001EACB,1,7,01 00 00 0F 03 CB EA
2026-09-28T15:21:39.848+00:00,106.112,RX,baseline,0011EACB,1,5,01 00 00 CB EA
2026-09-28T15:21:39.853+00:00,111.121,RX,baseline,00010D98,1,7,01 00 00 0F 03 98 0D
2026-09-28T15:21:39.853+00:00,111.239,RX,baseline,00110D98,1,5,01 00 00 98 0D
2026-09-28T15:21:39.858+00:00,116.042,RX,baseline,0001EEDA,1,7,01 00 00 0F 03 DA EE
2026-09-28T15:21:39.858+00:00,116.134,RX,baseline,0011EEDA,1,5,01 00 00 DA EE
2026-09-28T15:21:39.863+00:00,121.097,RX,baseline,00011E65,1,7,01 00 00 0F 03 65 1E
2026-09-28T15:21:39.863+00:00,121.175,RX,baseline,00111E65,1,5,01 00 00 65 1E
2026-09-28T15:21:39.868+00:00,126.115,RX,baseline,0001A567,1,7,01 00 00 0F 03 67 A5
2026-09-28T15:21:39.868+00:00,126.209,RX,baseline,0011A567,1,5,01 00 00 67 A5
2026-09-28T15:21:39.872+00:00,130.857,RX,baseline,0001FC73,1,7,01 00 00 0F 03 73 FC
2026-09-28T15:21:39.873+00:00,131.184,RX,baseline,0011FC73,1,5,01 00 00 73 FC
2026-09-28T15:21:39.877+00:00,135.876,RX,baseline,0001BD6B,1,7,01 00 00 0F 03 6B BD
2026-09-28T15:21:39.878+00:00,136.170,RX,baseline,0011BD6B,1,5,01 00 00 6B BD
2026-09-28T15:21:39.883+00:00,141.047,RX,baseline,000118EF,1,7,01 00 00 0F 03 EF 18
2026-09-28T15:21:39.883+00:00,141.133,RX,baseline,001118EF,1,5,01 00 00 EF 18
2026-09-28T15:21:39.887+00:00,145.814,RX,baseline,000192B8,1,7,01 00 00 0F 03 B8 92
2026-09-28T15:21:39.888+00:00,146.125,RX,baseline,001192B8,1,5,01 00 00 B8 92
2026-09-28T15:21:39.893+00:00,151.091,RX,baseline,000181EF,1,7,01 00 00 0F 03 EF 81
2026-09-28T15:21:39.893+00:00,151.170,RX,baseline,001181EF,1,5,01 00 00 EF 81
2026-09-28T15:21:39.897+00:00,155.853,RX,baseline,00016247,1,7,01 00 00 0F 03 47 62
2026-09-28T15:21:39.898+00:00,156.101,RX,baseline,00116247,1,5,01 00 00 47 62
2026-09-28T15:21:39.902+00:00,160.854,RX,baseline,00014CBB,1,7,01 00 00 0F 03 BB 4C
2026-09-28T15:21:39.903+00:00,161.075,RX,baseline,00114CBB,1,5,01 00 00 BB 4C
2026-09-28T15:21:39.908+00:00,165.929,RX,baseline,0001872B,1,7,01 00 00 0F 03 2B 87
2026-09-28T15:21:39.908+00:00,166.024,RX,baseline,0011872B,1,5,01 00 00 2B 87
2026-09-28T15:21:39.913+00:00,170.939,RX,baseline,0001A4F2,1,7,01 00 00 0F 03 F2 A4
2026-09-28T15:21:39.913+00:00,171.035,RX,baseline,0011A4F2,1,5,01 00 00 F2 A4
2026-09-28T15:21:39.917+00:00,175.896,RX,baseline,000172DA,1,7,01 00 00 0F 03 DA 72
2026-09-28T15:21:39.918+00:00,176.107,RX,baseline,001172DA,1,5,01 00 00 DA 72
2026-09-28T15:21:39.922+00:00,180.837,RX,baseline,0001E165,1,7,01 00 00 0F 03 65 E1
2026-09-28T15:21:39.923+00:00,181.066,RX,baseline,0011E165,1,5,01 00 00 65 E1
2026-09-28T15:21:39.928+00:00,186.099,RX,baseline,00010232,1,7,01 00 00 0F 03 32 02
2026-09-28T15:21:39.928+00:00,186.202,RX,baseline,00110232,1,5,01 00 00 32 02
2026-09-28T15:21:39.932+00:00,190.803,RX,baseline,00018527,1,7,01 00 00 0F 03 27 85
2026-09-28T15:21:39.933+00:00,191.098,RX,baseline,00118527,1,5,01 00 00 27 85
2026-09-28T15:21:39.938+00:00,195.970,RX,baseline,0001E95F,1,7,01 00 00 0F 03 5F E9
2026-09-28T15:21:39.938+00:00,196.107,RX,baseline,0011E95F,1,5,01 00 00 5F E9
2026-09-28T15:21:39.943+00:00,200.912,RX,baseline,00018F1C,1,7,01 00 00 0F 03 1C 8F
2026-09-28T15:21:39.943+00:00,201.035,RX,baseline,00118F1C,1,5,01 00 00 1C 8F
2026-09-28T15:21:39.947+00:00,205.824,RX,baseline,00017F8B,1,7,01 00 00 0F 03 8B 7F
2026-09-28T15:21:39.948+00:00,206.027,RX,baseline,00117F8B,1,5,01 00 00 8B 7F
2026-09-28T15:21:39.952+00:00,210.828,RX,baseline,0001E812,1,7,01 00 00 0F 03 12 E8
2026-09-28T15:21:39.953+00:00,211.083,RX,baseline,0011E812,1,5,01 00 00 12 E8
2026-09-28T15:21:39.957+00:00,215.823,RX,baseline,00010806,1,7,01 00 00 0F 03 06 08
2026-09-28T15:21:39.958+00:00,216.073,RX,baseline,00110806,1,5,01 00 00 06 08
2026-09-28T15:21:39.962+00:00,220.813,RX,baseline,0001871F,1,7,01 00 00 0F 03 1F 87
2026-09-28T15:21:39.963+00:00,221.096,RX,baseline,0011871F,1,5,01 00 00 1F 87
2026-09-28T15:21:39.967+00:00,225.823,RX,baseline,0001B943,1,7,01 00 00 0F 03 43 B9
2026-09-28T15:21:39.968+00:00,226.069,RX,baseline,0011B943,1,5,01 00 00 43 B9
2026-09-28T15:21:39.972+00:00,230.828,RX,baseline,0001BDE6,1,7,01 00 00 0F 03 E6 BD
2026-09-28T15:21:39.973+00:00,231.077,RX,baseline,0011BDE6,1,5,01 00 00 E6 BD
2026-09-28T15:21:39.977+00:00,235.881,RX,baseline,00012ADA,1,7,01 00 00 0F 03 DA 2A
2026-09-28T15:21:39.978+00:00,236.091,RX,baseline,00112ADA,1,5,01 00 00 DA 2A
2026-09-28T15:21:39.983+00:00,241.006,RX,baseline,00019DEB,1,7,01 00 00 0F 03 EB 9D
2026-09-28T15:21:39.983+00:00,241.670,RX,baseline,00119DEB,1,5,01 00 00 EB 9D
2026-09-28T15:21:39.988+00:00,245.998,RX,baseline,00010679,1,7,01 00 00 0F 03 79 06
2026-09-28T15:21:39.988+00:00,246.082,RX,baseline,00110679,1,5,01 00 00 79 06
2026-09-28T15:21:39.993+00:00,250.933,RX,baseline,0001BE18,1,7,01 00 00 0F 03 18 BE
2026-09-28T15:21:39.993+00:00,251.068,RX,baseline,0011BE18,1,5,01 00 00 18 BE
2026-09-28T15:21:39.997+00:00,255.847,RX,baseline,00016C60,1,7,01 00 00 0F 03 60 6C
2026-09-28T15:21:39.998+00:00,256.191,RX,baseline,00116C60,1,5,01 00 00 60 6C
2026-09-28T15:21:40.002+00:00,260.820,RX,baseline,00015330,1,7,01 00 00 0F 03 30 53
2026-09-28T15:21:40.003+00:00,261.099,RX,baseline,00115330,1,5,01 00 00 30 53
2026-09-28T15:21:40.008+00:00,266.115,RX,baseline,00019EE2,1,7,01 00 00 0F 03 E2 9E
2026-09-28T15:21:40.008+00:00,266.193,RX,baseline,00119EE2,1,5,01 00 00 E2 9E
2026-09-28T15:21:40.013+00:00,271.077,RX,baseline,0001F3B3,1,7,01 00 00 0F 03 B3 F3
2026-09-28T15:21:40.013+00:00,271.167,RX,baseline,0011F3B3,1,5,01 00 00 B3 F3
2026-09-28T15:21:40.018+00:00,276.076,RX,baseline,0001B8FF,1,7,01 00 00 0F 03 FF B8
2026-09-28T15:21:40.018+00:00,276.164,RX,baseline,0011B8FF,1,5,01 00 00 FF B8
2026-09-28T15:21:40.022+00:00,280.901,RX,baseline,0001DF87,1,7,01 00 00 0F 03 87 DF
2026-09-28T15:21:40.023+00:00,281.018,RX,baseline,0011DF87,1,5,01 00 00 87 DF
2026-09-28T15:21:40.028+00:00,286.087,RX,baseline,0001FB0F,1,7,01 00 00 0F 03 0F FB
2026-09-28T15:21:40.028+00:00,286.168,RX,baseline,0011FB0F,1,5,01 00 00 0F FB
2026-09-28T15:21:40.033+00:00,291.108,RX,baseline,00014569,1,7,01 00 00 0F 03 69 45
2026-09-28T15:21:40.033+00:00,291.186,RX,baseline,00114569,1,5,01 00 00 69 45
2026-09-28T15:21:40.038+00:00,296.114,RX,baseline,00016522,1,7,01 00 00 0F 03 22 65
2026-09-28T15:21:40.038+00:00,296.196,RX,baseline,00116522,1,5,01 00 00 22 65
2026-09-28T15:21:40.043+00:00,301.051,RX,baseline,000147E5,1,7,01 00 00 0F 03 E5 47
2026-09-28T15:21:40.043+00:00,301.100,RX,baseline,001147E5,1,5,01 00 00 E5 47
2026-09-28T15:21:40.047+00:00,305.851,RX,baseline,00011171,1,7,01 00 00 0F 03 71 11
2026-09-28T15:21:40.048+00:00,306.174,RX,baseline,00111171,1,5,01 00 00 71 11
2026-09-28T15:21:40.052+00:00,310.892,RX,baseline,00011D6D,1,7,01 00 00 0F 03 6D 1D
2026-09-28T15:21:40.053+00:00,311.007,RX,baseline,00111D6D,1,5,01 00 00 6D 1D
2026-09-28T15:21:40.057+00:00,315.855,RX,baseline,00011E1D,1,7,01 00 00 0F 03 1D 1E
2026-09-28T15:21:40.058+00:00,316.113,RX,baseline,00111E1D,1,5,01 00 00 1D 1E
2026-09-28T15:21:40.062+00:00,320.851,RX,baseline,00016ACC,1,7,01 00 00 0F 03 CC 6A
2026-09-28T15:21:40.063+00:00,321.167,RX,baseline,00116ACC,1,5,01 00 00 CC 6A
2026-09-28T15:21:40.067+00:00,325.853,RX,baseline,0001B017,1,7,01 00 00 0F 03 17 B0
2026-09-28T15:21:40.068+00:00,326.168,RX,baseline,0011B017,1,5,01 00 00 17 B0
2026-09-28T15:21:40.072+00:00,330.878,RX,baseline,0001D902,1,7,01 00 00 0F 03 02 D9
2026-09-28T15:21:40.073+00:00,331.130,RX,baseline,0011D902,1,5,01 00 00 02 D9
2026-09-28T15:21:40.077+00:00,335.780,RX,baseline,0001B1D3,1,7,01 00 00 0F 03 D3 B1
2026-09-28T15:21:40.078+00:00,336.032,RX,baseline,0011B1D3,1,5,01 00 00 D3 B1
2026-09-28T15:21:40.082+00:00,340.887,RX,baseline,00011747,1,7,01 00 00 0F 03 47 17
2026-09-28T15:21:40.083+00:00,341.168,RX,baseline,00111747,1,5,01 00 00 47 17
2026-09-28T15:21:40.088+00:00,345.947,RX,baseline,0001D73D,1,7,01 00 00 0F 03 3D D7
2026-09-28T15:21:40.088+00:00,346.042,RX,baseline,0011D73D,1,5,01 00 00 3D D7
2026-09-28T15:21:40.093+00:00,351.031,RX,baseline,000173D1,1,7,01 00 00 0F 03 D1 73
2026-09-28T15:21:40.093+00:00,351.087,RX,baseline,001173D1,1,5,01 00 00 D1 73
2026-09-28T15:21:40.098+00:00,355.999,RX,baseline,0001D113,1,7,01 00 00 0F 03 13 D1
2026-09-28T15:21:40.098+00:00,356.068,RX,baseline,0011D113,1,5,01 00 00 13 D1
2026-09-28T15:21:40.103+00:00,361.036,RX,baseline,00010D92,1,7,01 00 00 0F 03 92 0D
2026-09-28T15:21:40.103+00:00,361.094,RX,baseline,00110D92,1,5,01 00 00 92 0D
2026-09-28T15:21:40.108+00:00,365.916,RX,baseline,0001EC85,1,7,01 00 00 0F 03 85 EC
2026-09-28T15:21:40.108+00:00,366.012,RX,baseline,0011EC85,1,5,01 00 00 85 EC
2026-09-28T15:21:40.113+00:00,371.042,RX,baseline,0001FEFE,1,7,01 00 00 0F 03 FE FE
2026-09-28T15:21:40.113+00:00,371.089,RX,baseline,0011FEFE,1,5,01 00 00 FE FE
2026-09-28T15:21:40.118+00:00,376.044,RX,baseline,0001FCC6,1,7,01 00 00 0F 03 C6 FC
2026-09-28T15:21:40.118+00:00,376.091,RX,baseline,0011FCC6,1,5,01 00 00 C6 FC
2026-09-28T15:21:40.122+00:00,380.839,RX,baseline,0001219B,1,7,01 00 00 0F 03 9B 21
2026-09-28T15:21:40.123+00:00,381.090,RX,baseline,0011219B,1,5,01 00 00 9B 21
2026-09-28T15:21:40.128+00:00,385.999,RX,baseline,00012B01,1,7,01 00 00 0F 03 01 2B
2026-09-28T15:21:40.128+00:00,386.072,RX,baseline,00112B01,1,5,01 00 00 01 2B
2026-09-28T15:21:40.133+00:00,391.014,RX,baseline,00014BF8,1,7,01 00 00 0F 03 F8 4B
2026-09-28T15:21:40.133+00:00,391.061,RX,baseline,00114BF8,1,5,01 00 00 F8 4B
2026-09-28T15:21:40.138+00:00,395.996,RX,baseline,000139CA,1,7,01 00 00 0F 03 CA 39
2026-09-28T15:21:40.138+00:00,396.081,RX,baseline,001139CA,1,5,01 00 00 CA 39
2026-09-28T15:21:40.143+00:00,401.082,RX,baseline,00013F2D,1,7,01 00 00 0F 03 2D 3F
2026-09-28T15:21:40.143+00:00,401.168,RX,baseline,00113F2D,1,5,01 00 00 2D 3F
2026-09-28T15:21:40.148+00:00,406.052,RX,baseline,0001DFF8,1,7,01 00 00 0F 03 F8 DF
2026-09-28T15:21:40.148+00:00,406.139,RX,baseline,0011DFF8,1,5,01 00 00 F8 DF
2026-09-28T15:21:40.153+00:00,411.035,RX,baseline,00016313,1,7,01 00 00 0F 03 13 63
2026-09-28T15:21:40.153+00:00,411.189,RX,baseline,00116313,1,5,01 00 00 13 63
2026-09-28T15:21:40.158+00:00,416.016,RX,baseline,0001EF9B,1,7,01 00 00 0F 03 9B EF
2026-09-28T15:21:40.158+00:00,416.103,RX,baseline,0011EF9B,1,5,01 00 00 9B EF
2026-09-28T15:21:40.162+00:00,420.833,RX,baseline,000177E5,1,7,01 00 00 0F 03 E5 77
2026-09-28T15:21:40.163+00:00,421.137,RX,baseline,001177E5,1,5,01 00 00 E5 77
2026-09-28T15:21:40.167+00:00,425.794,RX,baseline,0001B864,1,7,01 00 00 0F 03 64 B8
2026-09-28T15:21:40.168+00:00,426.111,RX,baseline,0011B864,1,5,01 00 00 64 B8
2026-09-28T15:21:40.173+00:00,431.075,RX,baseline,00012DD7,1,7,01 00 00 0F 03 D7 2D
2026-09-28T15:21:40.173+00:00,431.206,RX,baseline,00112DD7,1,5,01 00 00 D7 2D
2026-09-28T15:21:40.178+00:00,436.062,RX,baseline,0001ADB5,1,7,01 00 00 0F 03 B5 AD
2026-09-28T15:21:40.178+00:00,436.178,RX,baseline,0011ADB5,1,5,01 00 00 B5 AD
2026-09-28T15:21:40.183+00:00,441.063,RX,baseline,000122EB,1,7,01 00 00 0F 03 EB 22
2026-09-28T15:21:40.183+00:00,441.162,RX,baseline,001122EB,1,5,01 00 00 EB 22
2026-09-28T15:21:40.188+00:00,446.080,RX,baseline,00012B3C,1,7,01 00 00 0F 03 3C 2B
2026-09-28T15:21:40.188+00:00,446.186,RX,baseline,00112B3C,1,5,01 00 00 3C 2B
2026-09-28T15:21:40.193+00:00,450.952,RX,baseline,0001ED15,1,7,01 00 00 0F 03 15 ED
2026-09-28T15:21:40.193+00:00,451.193,RX,baseline,0011ED15,1,5,01 00 00 15 ED
2026-09-28T15:21:40.198+00:00,456.073,RX,baseline,00010FBC,1,7,01 00 00 0F 03 BC 0F
2026-09-28T15:21:40.198+00:00,456.155,RX,baseline,00110FBC,1,5,01 00 00 BC 0F
2026-09-28T15:21:40.203+00:00,461.014,RX,baseline,0001DA61,1,7,01 00 00 0F 03 61 DA
2026-09-28T15:21:40.203+00:00,461.105,RX,baseline,0011DA61,1,5,01 00 00 61 DA
2026-09-28T15:21:40.208+00:00,466.005,RX,baseline,00019C76,1,7,01 00 00 0F 03 76 9C
2026-09-28T15:21:40.208+00:00,466.089,RX,baseline,00119C76,1,5,01 00 00 76 9C
2026-09-28T15:21:40.213+00:00,471.086,RX,baseline,0001DEBD,1,7,01 00 00 0F 03 BD DE
2026-09-28T15:21:40.213+00:00,471.181,RX,baseline,0011DEBD,1,5,01 00 00 BD DE
2026-09-28T15:21:40.218+00:00,476.111,RX,baseline,00016C58,1,7,01 00 00 0F 03 58 6C
2026-09-28T15:21:40.218+00:00,476.202,RX,baseline,00116C58,1,5,01 00 00 58 6C
2026-09-28T15:21:40.222+00:00,480.779,RX,baseline,00019699,1,7,01 00 00 0F 03 99 96
2026-09-28T15:21:40.223+00:00,481.078,RX,baseline,00119699,1,5,01 00 00 99 96
2026-09-28T15:21:40.228+00:00,485.990,RX,baseline,0001E0CA,1,7,01 00 00 0F 03 CA E0
2026-09-28T15:21:40.228+00:00,486.037,RX,baseline,0011E0CA,1,5,01 00 00 CA E0
2026-09-28T15:21:40.232+00:00,490.861,RX,baseline,0001B771,1,7,01 00 00 0F 03 71 B7
2026-09-28T15:21:40.233+00:00,491.029,RX,baseline,0011B771,1,5,01 00 00 71 B7
2026-09-28T15:21:40.237+00:00,495.871,RX,baseline,0001DAE1,1,7,01 00 00 0F 03 E1 DA
2026-09-28T15:21:40.238+00:00,495.978,RX,baseline,0011DAE1,1,5,01 00 00 E1 DA
2026-09-28T15:21:40.243+00:00,501.018,RX,baseline,0001BB09,1,7,01 00 00 0F 03 09 BB
2026-09-28T15:21:40.243+00:00,501.094,RX,baseline,0011BB09,1,5,01 00 00 09 BB
2026-09-28T15:21:40.248+00:00,505.987,RX,baseline,00016237,1,7,01 00 00 0F 03 37 62
2026-09-28T15:21:40.248+00:00,506.064,RX,baseline,00116237,1,5,01 00 00 37 62
2026-09-28T15:21:40.253+00:00,511.022,RX,baseline,000147D8,1,7,01 00 00 0F 03 D8 47
2026-09-28T15:21:40.253+00:00,511.122,RX,baseline,001147D8,1,5,01 00 00 D8 47
2026-09-28T15:21:40.258+00:00,515.984,RX,baseline,0001BBBE,1,7,01 00 00 0F 03 BE BB
2026-09-28T15:21:40.258+00:00,516.040,RX,baseline,0011BBBE,1,5,01 00 00 BE BB
2026-09-28T15:21:40.263+00:00,521.114,RX,baseline,000120FE,1,7,01 00 00 0F 03 FE 20
2026-09-28T15:21:40.263+00:00,521.201,RX,baseline,001120FE,1,5,01 00 00 FE 20
2026-09-28T15:21:40.268+00:00,525.998,RX,baseline,00018547,1,7,01 00 00 0F 03 47 85
2026-09-28T15:21:40.268+00:00,526.077,RX,baseline,00118547,1,5,01 00 00 47 85
2026-09-28T15:21:40.273+00:00,531.176,RX,baseline,000101B3,1,7,01 00 00 0F 03 B3 01
2026-09-28T15:21:40.273+00:00,531.257,RX,baseline,001101B3,1,5,01 00 00 B3 01
2026-09-28T15:21:40.278+00:00,536.064,RX,baseline,0001C38C,1,7,01 00 00 0F 03 8C C3
2026-09-28T15:21:40.278+00:00,536.138,RX,baseline,0011C38C,1,5,01 00 00 8C C3
2026-09-28T15:21:40.283+00:00,540.998,RX,baseline,00013412,1,7,01 00 00 0F 03 12 34
2026-09-28T15:21:40.283+00:00,541.139,RX,baseline,00113412,1,5,01 00 00 12 34
2026-09-28T15:21:40.288+00:00,546.019,RX,baseline,0001FF11,1,7,01 00 00 0F 03 11 FF
2026-09-28T15:21:40.288+00:00,546.114,RX,baseline,0011FF11,1,5,01 00 00 11 FF
2026-09-28T15:21:40.293+00:00,550.992,RX,baseline,000184B1,1,7,01 00 00 0F 03 B1 84
2026-09-28T15:21:40.293+00:00,551.048,RX,baseline,001184B1,1,5,01 00 00 B1 84
2026-09-28T15:21:40.297+00:00,555.834,RX,baseline,0001AD01,1,7,01 00 00 0F 03 01 AD
2026-09-28T15:21:40.298+00:00,556.095,RX,baseline,0011AD01,1,5,01 00 00 01 AD
2026-09-28T15:21:40.302+00:00,560.815,RX,baseline,0001F85E,1,7,01 00 00 0F 03 5E F8
2026-09-28T15:21:40.303+00:00,561.044,RX,baseline,0011F85E,1,5,01 00 00 5E F8
2026-09-28T15:21:40.307+00:00,565.786,RX,baseline,00010C01,1,7,01 00 00 0F 03 01 0C
2026-09-28T15:21:40.308+00:00,566.041,RX,baseline,00110C01,1,5,01 00 00 01 0C
2026-09-28T15:21:40.312+00:00,570.796,RX,baseline,00013F01,1,7,01 00 00 0F 03 01 3F
2026-09-28T15:21:40.313+00:00,571.048,RX,baseline,00113F01,1,5,01 00 00 01 3F
2026-09-28T15:21:40.317+00:00,575.871,RX,baseline,0001218E,1,7,01 00 00 0F 03 8E 21
2026-09-28T15:21:40.318+00:00,576.111,RX,baseline,0011218E,1,5,01 00 00 8E 21
2026-09-28T15:21:40.323+00:00,580.919,RX,baseline,00011E6F,1,7,01 00 00 0F 03 6F 1E
2026-09-28T15:21:40.323+00:00,581.022,RX,baseline,00111E6F,1,5,01 00 00 6F 1E
2026-09-28T15:21:40.328+00:00,585.972,RX,baseline,0001DF59,1,7,01 00 00 0F 03 59 DF
2026-09-28T15:21:40.328+00:00,586.036,RX,baseline,0011DF59,1,5,01 00 00 59 DF
2026-09-28T15:21:40.333+00:00,590.999,RX,baseline,0001E5AB,1,7,01 00 00 0F 03 AB E5
2026-09-28T15:21:40.333+00:00,591.095,RX,baseline,0011E5AB,1,5,01 00 00 AB E5
2026-09-28T15:21:40.338+00:00,595.932,RX,baseline,000168C6,1,7,01 00 00 0F 03 C6 68
2026-09-28T15:21:40.338+00:00,595.997,RX,baseline,001168C6,1,5,01 00 00 C6 68
2026-09-28T15:21:40.343+00:00,600.982,RX,baseline,00010CF8,1,7,01 00 00 0F 03 F8 0C
2026-09-28T15:21:40.343+00:00,601.065,RX,baseline,00110CF8,1,5,01 00 00 F8 0C
2026-09-28T15:21:40.347+00:00,605.738,RX,baseline,0001D775,1,7,01 00 00 0F 03 75 D7
2026-09-28T15:21:40.348+00:00,605.995,RX,baseline,0011D775,1,5,01 00 00 75 D7
2026-09-28T15:21:40.352+00:00,610.804,RX,baseline,0001149E,1,7,01 00 00 0F 03 9E 14
2026-09-28T15:21:40.353+00:00,611.028,RX,baseline,0011149E,1,5,01 00 00 9E 14
2026-09-28T15:21:40.358+00:00,615.982,RX,baseline,00015280,1,7,01 00 00 0F 03 80 52
2026-09-28T15:21:40.358+00:00,616.038,RX,baseline,00115280,1,5,01 00 00 80 52
2026-09-28T15:21:40.362+00:00,620.777,RX,baseline,0001F44C,1,7,01 00 00 0F 03 4C F4
2026-09-28T15:21:40.363+00:00,621.040,RX,baseline,0011F44C,1,5,01 00 00 4C F4
2026-09-28T15:21:40.367+00:00,625.775,RX,baseline,0001DED1,1,7,01 00 00 0F 03 D1 DE
2026-09-28T15:21:40.368+00:00,626.033,RX,baseline,0011DED1,1,5,01 00 00 D1 DE
2026-09-28T15:21:40.372+00:00,630.803,RX,baseline,0001E288,1,7,01 00 00 0F 03 88 E2
2026-09-28T15:21:40.373+00:00,631.043,RX,baseline,0011E288,1,5,01 00 00 88 E2
2026-09-28T15:21:40.377+00:00,635.821,RX,baseline,0001F3BE,1,7,01 00 00 0F 03 BE F3
2026-09-28T15:21:40.378+00:00,636.044,RX,baseline,0011F3BE,1,5,01 00 00 BE F3
2026-09-28T15:21:40.382+00:00,640.880,RX,baseline,0001EF89,1,7,01 00 00 0F 03 89 EF
2026-09-28T15:21:40.383+00:00,641.013,RX,baseline,0011EF89,1,5,01 00 00 89 EF
2026-09-28T15:21:40.388+00:00,645.961,RX,baseline,0001B5CC,1,7,01 00 00 0F 03 CC B5
2026-09-28T15:21:40.388+00:00,646.017,RX,baseline,0011B5CC,1,5,01 00 00 CC B5
2026-09-28T15:21:40.393+00:00,650.945,RX,baseline,00015869,1,7,01 00 00 0F 03 69 58
2026-09-28T15:21:40.393+00:00,651.077,RX,baseline,00115869,1,5,01 00 00 69 58
2026-09-28T15:21:40.398+00:00,655.926,RX,baseline,0001864B,1,7,01 00 00 0F 03 4B 86
2026-09-28T15:21:40.398+00:00,656.018,RX,baseline,0011864B,1,5,01 00 00 4B 86
2026-09-28T15:21:40.403+00:00,660.976,RX,baseline,0001EF93,1,7,01 00 00 0F 03 93 EF
2026-09-28T15:21:40.403+00:00,661.054,RX,baseline,0011EF93,1,5,01 00 00 93 EF
2026-09-28T15:21:40.408+00:00,665.994,RX,baseline,00014529,1,7,01 00 00 0F 03 29 45
2026-09-28T15:21:40.408+00:00,666.085,RX,baseline,00114529,1,5,01 00 00 29 45
2026-09-28T15:21:40.413+00:00,670.999,RX,baseline,000128E5,1,7,01 00 00 0F 03 E5 28
2026-09-28T15:21:40.413+00:00,671.081,RX,baseline,001128E5,1,5,01 00 00 E5 28
2026-09-28T15:21:40.417+00:00,675.861,RX,baseline,00013726,1,7,01 00 00 0F 03 26 37
2026-09-28T15:21:40.418+00:00,676.089,RX,baseline,00113726,1,5,01 00 00 26 37
2026-09-28T15:21:40.423+00:00,680.942,RX,baseline,0001EBC7,1,7,01 00 00 0F 03 C7 EB
2026-09-28T15:21:40.423+00:00,680.999,RX,baseline,0011EBC7,1,5,01 00 00 C7 EB
2026-09-28T15:21:40.428+00:00,685.949,RX,baseline,0001ED59,1,7,01 00 00 0F 03 59 ED
2026-09-28T15:21:40.428+00:00,686.006,RX,baseline,0011ED59,1,5,01 00 00 59 ED
2026-09-28T15:21:40.432+00:00,690.776,RX,baseline,0001135B,1,7,01 00 00 0F 03 5B 13
2026-09-28T15:21:40.433+00:00,691.043,RX,baseline,0011135B,1,5,01 00 00 5B 13
2026-09-28T15:21:40.438+00:00,695.951,RX,baseline,0001EFA1,1,7,01 00 00 0F 03 A1 EF
2026-09-28T15:21:40.438+00:00,696.007,RX,baseline,0011EFA1,1,5,01 00 00 A1 EF
2026-09-28T15:21:40.443+00:00,700.952,RX,baseline,0001E06B,1,7,01 00 00 0F 03 6B E0
2026-09-28T15:21:40.443+00:00,701.121,RX,baseline,0011E06B,1,5,01 00 00 6B E0
2026-09-28T15:21:40.447+00:00,705.846,RX,baseline,0001D279,1,7,01 00 00 0F 03 79 D2
2026-09-28T15:21:40.448+00:00,706.072,RX,baseline,0011D279,1,5,01 00 00 79 D2
2026-09-28T15:21:40.452+00:00,710.893,RX,baseline,000196B9,1,7,01 00 00 0F 03 B9 96
2026-09-28T15:21:40.453+00:00,711.129,RX,baseline,001196B9,1,5,01 00 00 B9 96
2026-09-28T15:21:40.457+00:00,715.877,RX,baseline,00012548,1,7,01 00 00 0F 03 48 25
2026-09-28T15:21:40.458+00:00,715.983,RX,baseline,00112548,1,5,01 00 00 48 25
2026-09-28T15:21:40.463+00:00,720.930,RX,baseline,0001F6E7,1,7,01 00 00 0F 03 E7 F6
2026-09-28T15:21:40.463+00:00,720.986,RX,baseline,0011F6E7,1,5,01 00 00 E7 F6
2026-09-28T15:21:40.468+00:00,725.905,RX,baseline,0001311C,1,7,01 00 00 0F 03 1C 31
2026-09-28T15:21:40.468+00:00,726.136,RX,baseline,0011311C,1,5,01 00 00 1C 31
2026-09-28T15:21:40.472+00:00,730.807,RX,baseline,0001700C,1,7,01 00 00 0F 03 0C 70
2026-09-28T15:21:40.473+00:00,730.945,RX,baseline,0011700C,1,5,01 00 00 0C 70
2026-09-28T15:21:40.477+00:00,735.844,RX,baseline,0001AC82,1,7,01 00 00 0F 03 82 AC
2026-09-28T15:21:40.478+00:00,736.071,RX,baseline,0011AC82,1,5,01 00 00 82 AC
2026-09-28T15:21:40.482+00:00,740.895,RX,baseline,000167B4,1,7,01 00 00 0F 03 B4 67
2026-09-28T15:21:40.483+00:00,741.099,RX,baseline,001167B4,1,5,01 00 00 B4 67
2026-09-28T15:21:40.487+00:00,745.846,RX,baseline,0001ABC9,1,7,01 00 00 0F 03 C9 AB
2026-09-28T15:21:40.488+00:00,746.092,RX,baseline,0011ABC9,1,5,01 00 00 C9 AB
2026-09-28T15:21:40.493+00:00,750.953,RX,baseline,000134D9,1,7,01 00 00 0F 03 D9 34
2026-09-28T15:21:40.493+00:00,751.010,RX,baseline,001134D9,1,5,01 00 00 D9 34
2026-09-28T15:21:40.497+00:00,755.856,RX,baseline,000191F8,1,7,01 00 00 0F 03 F8 91
2026-09-28T15:21:40.498+00:00,756.131,RX,baseline,001191F8,1,5,01 00 00 F8 91
2026-09-28T15:21:40.502+00:00,760.850,RX,baseline,0001BA17,1,7,01 00 00 0F 03 17 BA
2026-09-28T15:21:40.503+00:00,761.162,RX,baseline,0011BA17,1,5,01 00 00 17 BA
2026-09-28T15:21:40.507+00:00,765.860,RX,baseline,00019D42,1,7,01 00 00 0F 03 42 9D
2026-09-28T15:21:40.508+00:00,765.997,RX,baseline,00119D42,1,5,01 00 00 42 9D
2026-09-28T15:21:40.513+00:00,770.956,RX,baseline,0001D92E,1,7,01 00 00 0F 03 2E D9
2026-09-28T15:21:40.513+00:00,771.013,RX,baseline,0011D92E,1,5,01 00 00 2E D9
2026-09-28T15:21:40.517+00:00,775.850,RX,baseline,0001D2B8,1,7,01 00 00 0F 03 B8 D2
2026-09-28T15:21:40.518+00:00,776.128,RX,baseline,0011D2B8,1,5,01 00 00 B8 D2
2026-09-28T15:21:40.522+00:00,780.863,RX,baseline,0001BD8D,1,7,01 00 00 0F 03 8D BD
2026-09-28T15:21:40.523+00:00,781.000,RX,baseline,0011BD8D,1,5,01 00 00 8D BD
2026-09-28T15:21:40.527+00:00,785.806,RX,baseline,00016F8A,1,7,01 00 00 0F 03 8A 6F
2026-09-28T15:21:40.528+00:00,786.042,RX,baseline,00116F8A,1,5,01 00 00 8A 6F
2026-09-28T15:21:40.532+00:00,790.777,RX,baseline,00014577,1,7,01 00 00 0F 03 77 45
2026-09-28T15:21:40.533+00:00,791.062,RX,baseline,00114577,1,5,01 00 00 77 45
2026-09-28T15:21:40.537+00:00,795.820,RX,baseline,00014317,1,7,01 00 00 0F 03 17 43
2026-09-28T15:21:40.538+00:00,796.073,RX,baseline,00114317,1,5,01 00 00 17 43
2026-09-28T15:21:40.543+00:00,801.003,RX,baseline,00019104,1,7,01 00 00 0F 03 04 91
2026-09-28T15:21:40.543+00:00,801.102,RX,baseline,00119104,1,5,01 00 00 04 91
2026-09-28T15:21:40.548+00:00,805.959,RX,baseline,0001CFA3,1,7,01 00 00 0F 03 A3 CF
2026-09-28T15:21:40.548+00:00,806.015,RX,baseline,0011CFA3,1,5,01 00 00 A3 CF
2026-09-28T15:21:40.553+00:00,810.899,RX,baseline,0001E410,1,7,01 00 00 0F 03 10 E4
2026-09-28T15:21:40.553+00:00,811.068,RX,baseline,0011E410,1,5,01 00 00 10 E4
2026-09-28T15:21:40.558+00:00,815.924,RX,baseline,0001545A,1,7,01 00 00 0F 03 5A 54
2026-09-28T15:21:40.558+00:00,816.174,RX,baseline,0011545A,1,5,01 00 00 5A 54
2026-09-28T15:21:40.563+00:00,821.098,RX,baseline,0001D3CF,1,7,01 00 00 0F 03 CF D3
2026-09-28T15:21:40.563+00:00,821.188,RX,baseline,0011D3CF,1,5,01 00 00 CF D3
2026-09-28T15:21:40.567+00:00,825.791,RX,baseline,0001221A,1,7,01 00 00 0F 03 1A 22
2026-09-28T15:21:40.568+00:00,826.009,RX,baseline,0011221A,1,5,01 00 00 1A 22
2026-09-28T15:21:40.573+00:00,830.926,RX,baseline,0001329E,1,7,01 00 00 0F 03 9E 32
2026-09-28T15:21:40.573+00:00,831.033,RX,baseline,0011329E,1,5,01 00 00 9E 32
2026-09-28T15:21:40.577+00:00,835.787,RX,baseline,0001ED14,1,7,01 00 00 0F 03 14 ED
2026-09-28T15:21:40.578+00:00,836.068,RX,baseline,0011ED14,1,5,01 00 00 14 ED
2026-09-28T15:21:40.582+00:00,840.744,RX,baseline,00018456,1,7,01 00 00 0F 03 56 84
2026-09-28T15:21:40.583+00:00,841.150,RX,baseline,00118456,1,5,01 00 00 56 84
2026-09-28T15:21:40.587+00:00,845.771,RX,baseline,0001C043,1,7,01 00 00 0F 03 43 C0
2026-09-28T15:21:40.588+00:00,846.106,RX,baseline,0011C043,1,5,01 00 00 43 C0
2026-09-28T15:21:40.592+00:00,850.740,RX,baseline,0001531D,1,7,01 00 00 0F 03 1D 53
2026-09-28T15:21:40.593+00:00,851.038,RX,baseline,0011531D,1,5,01 00 00 1D 53
2026-09-28T15:21:40.597+00:00,855.817,RX,baseline,00012C4D,1,7,01 00 00 0F 03 4D 2C
2026-09-28T15:21:40.598+00:00,856.094,RX,baseline,00112C4D,1,5,01 00 00 4D 2C
2026-09-28T15:21:40.602+00:00,860.798,RX,baseline,0001488F,1,7,01 00 00 0F 03 8F 48
2026-09-28T15:21:40.603+00:00,861.100,RX,baseline,0011488F,1,5,01 00 00 8F 48
2026-09-28T15:21:40.608+00:00,866.024,RX,baseline,00014643,1,7,01 00 00 0F 03 43 46
2026-09-28T15:21:40.608+00:00,866.114,RX,baseline,00114643,1,5,01 00 00 43 46
2026-09-28T15:21:40.613+00:00,871.008,RX,baseline,000198B7,1,7,01 00 00 0F 03 B7 98
2026-09-28T15:21:40.613+00:00,871.056,RX,baseline,001198B7,1,5,01 00 00 B7 98
2026-09-28T15:21:40.618+00:00,875.896,RX,baseline,00013F66,1,7,01 00 00 0F 03 66 3F
2026-09-28T15:21:40.618+00:00,875.975,RX,baseline,00113F66,1,5,01 00 00 66 3F
2026-09-28T15:21:40.622+00:00,880.793,RX,baseline,00014C2F,1,7,01 00 00 0F 03 2F 4C
2026-09-28T15:21:40.623+00:00,881.092,RX,baseline,00114C2F,1,5,01 00 00 2F 4C
2026-09-28T15:21:40.627+00:00,885.876,RX,baseline,0001E5D2,1,7,01 00 00 0F 03 D2 E5
2026-09-28T15:21:40.628+00:00,886.011,RX,baseline,0011E5D2,1,5,01 00 00 D2 E5
2026-09-28T15:21:40.633+00:00,890.942,RX,baseline,0001185A,1,7,01 00 00 0F 03 5A 18
2026-09-28T15:21:40.633+00:00,891.010,RX,baseline,0011185A,1,5,01 00 00 5A 18
2026-09-28T15:21:40.637+00:00,895.819,RX,baseline,000132BE,1,7,01 00 00 0F 03 BE 32
2026-09-28T15:21:40.638+00:00,896.058,RX,baseline,001132BE,1,5,01 00 00 BE 32
2026-09-28T15:21:40.643+00:00,900.986,RX,baseline,0001709F,1,7,01 00 00 0F 03 9F 70
2026-09-28T15:21:40.643+00:00,901.094,RX,baseline,0011709F,1,5,01 00 00 9F 70
2026-09-28T15:21:40.648+00:00,905.946,RX,baseline,0001BDBC,1,7,01 00 00 0F 03 BC BD
2026-09-28T15:21:40.648+00:00,906.002,RX,baseline,0011BDBC,1,5,01 00 00 BC BD
2026-09-28T15:21:40.653+00:00,910.997,RX,baseline,00014108,1,7,01 00 00 0F 03 08 41
2026-09-28T15:21:40.653+00:00,911.091,RX,baseline,00114108,1,5,01 00 00 08 41
2026-09-28T15:21:40.657+00:00,915.836,RX,baseline,0001C113,1,7,01 00 00 0F 03 13 C1
2026-09-28T15:21:40.658+00:00,916.095,RX,baseline,0011C113,1,5,01 00 00 13 C1
2026-09-28T15:21:40.662+00:00,920.740,RX,baseline,00014EAF,1,7,01 00 00 0F 03 AF 4E
2026-09-28T15:21:40.663+00:00,921.129,RX,baseline,00114EAF,1,5,01 00 00 AF 4E
2026-09-28T15:21:40.668+00:00,925.946,RX,baseline,0001222C,1,7,01 00 00 0F 03 2C 22
2026-09-28T15:21:40.668+00:00,926.002,RX,baseline,0011222C,1,5,01 00 00 2C 22
2026-09-28T15:21:40.672+00:00,930.824,RX,baseline,00015FEC,1,7,01 00 00 0F 03 EC 5F
2026-09-28T15:21:40.673+00:00,931.048,RX,baseline,00115FEC,1,5,01 00 00 EC 5F
2026-09-28T15:21:40.678+00:00,935.904,RX,baseline,000131AA,1,7,01 00 00 0F 03 AA 31
2026-09-28T15:21:40.678+00:00,935.983,RX,baseline,001131AA,1,5,01 00 00 AA 31
2026-09-28T15:21:40.683+00:00,940.977,RX,baseline,00014A0D,1,7,01 00 00 0F 03 0D 4A
2026-09-28T15:21:40.683+00:00,941.085,RX,baseline,00114A0D,1,5,01 00 00 0D 4A
2026-09-28T15:21:40.688+00:00,945.951,RX,baseline,0001EDA7,1,7,01 00 00 0F 03 A7 ED
2026-09-28T15:21:40.688+00:00,946.029,RX,baseline,0011EDA7,1,5,01 00 00 A7 ED
2026-09-28T15:21:40.693+00:00,951.069,RX,baseline,00012C30,1,7,01 00 00 0F 03 30 2C
2026-09-28T15:21:40.693+00:00,951.146,RX,baseline,00112C30,1,5,01 00 00 30 2C
2026-09-28T15:21:40.697+00:00,955.755,RX,baseline,0001052D,1,7,01 00 00 0F 03 2D 05
2026-09-28T15:21:40.698+00:00,956.042,RX,baseline,0011052D,1,5,01 00 00 2D 05
2026-09-28T15:21:40.702+00:00,960.852,RX,baseline,0001A673,1,7,01 00 00 0F 03 73 A6
2026-09-28T15:21:40.703+00:00,961.051,RX,baseline,0011A673,1,5,01 00 00 73 A6
2026-09-28T15:21:40.707+00:00,965.749,RX,baseline,0001CAD9,1,7,01 00 00 0F 03 D9 CA
2026-09-28T15:21:40.708+00:00,966.038,RX,baseline,0011CAD9,1,5,01 00 00 D9 CA
2026-09-28T15:21:40.712+00:00,970.770,RX,baseline,0001768F,1,7,01 00 00 0F 03 8F 76
2026-09-28T15:21:40.713+00:00,971.038,RX,baseline,0011768F,1,5,01 00 00 8F 76
2026-09-28T15:21:40.717+00:00,975.783,RX,baseline,0001ED56,1,7,01 00 00 0F 03 56 ED
2026-09-28T15:21:40.718+00:00,976.038,RX,baseline,0011ED56,1,5,01 00 00 56 ED
2026-09-28T15:21:40.722+00:00,980.773,RX,baseline,000186A2,1,7,01 00 00 0F 03 A2 86
2026-09-28T15:21:40.723+00:00,981.040,RX,baseline,001186A2,1,5,01 00 00 A2 86
2026-09-28T15:21:40.728+00:00,985.906,RX,baseline,00019712,1,7,01 00 00 0F 03 12 97
2026-09-28T15:21:40.728+00:00,986.131,RX,baseline,00119712,1,5,01 00 00 12 97
2026-09-28T15:21:40.733+00:00,990.892,RX,baseline,000188AC,1,7,01 00 00 0F 03 AC 88
2026-09-28T15:21:40.733+00:00,991.128,RX,baseline,001188AC,1,5,01 00 00 AC 88
2026-09-28T15:21:40.738+00:00,995.946,RX,baseline,0001834F,1,7,01 00 00 0F 03 4F 83
2026-09-28T15:21:40.738+00:00,996.002,RX,baseline,0011834F,1,5,01 00 00 4F 83
2026-09-28T15:21:40.743+00:00,1000.923,RX,baseline,00011511,1,7,01 00 00 0F 03 11 15
2026-09-28T15:21:40.743+00:00,1000.979,RX,baseline,00111511,1,5,01 00 00 11 15
2026-09-28T15:21:40.747+00:00,1005.812,RX,baseline,00019D8D,1,7,01 00 00 0F 03 8D 9D
2026-09-28T15:21:40.748+00:00,1006.051,RX,baseline,00119D8D,1,5,01 00 00 8D 9D
2026-09-28T15:21:40.753+00:00,1010.899,RX,baseline,0001E020,1,7,01 00 00 0F 03 20 E0
2026-09-28T15:21:40.753+00:00,1010.975,RX,baseline,0011E020,1,5,01 00 00 20 E0
2026-09-28T15:21:40.757+00:00,1015.869,RX,baseline,000114D7,1,7,01 00 00 0F 03 D7 14
2026-09-28T15:21:40.758+00:00,1016.139,RX,baseline,001114D7,1,5,01 00 00 D7 14
2026-09-28T15:21:40.762+00:00,1020.784,RX,baseline,00018664,1,7,01 00 00 0F 03 64 86
2026-09-28T15:21:40.763+00:00,1021.056,RX,baseline,00118664,1,5,01 00 00 64 86
2026-09-28T15:21:40.767+00:00,1025.846,RX,baseline,0001F776,1,7,01 00 00 0F 03 76 F7
2026-09-28T15:21:40.768+00:00,1026.072,RX,baseline,0011F776,1,5,01 00 00 76 F7
2026-09-28T15:21:40.772+00:00,1030.711,RX,baseline,0001AD55,1,7,01 00 00 0F 03 55 AD
2026-09-28T15:21:40.773+00:00,1031.038,RX,baseline,0011AD55,1,5,01 00 00 55 AD
2026-09-28T15:21:40.777+00:00,1035.839,RX,baseline,00019424,1,7,01 00 00 0F 03 24 94
2026-09-28T15:21:40.778+00:00,1036.070,RX,baseline,00119424,1,5,01 00 00 24 94
2026-09-28T15:21:40.782+00:00,1040.766,RX,baseline,0001219E,1,7,01 00 00 0F 03 9E 21
2026-09-28T15:21:40.783+00:00,1041.042,RX,baseline,0011219E,1,5,01 00 00 9E 21
2026-09-28T15:21:40.787+00:00,1045.749,RX,baseline,0001D0A9,1,7,01 00 00 0F 03 A9 D0
2026-09-28T15:21:40.788+00:00,1046.054,RX,baseline,0011D0A9,1,5,01 00 00 A9 D0
2026-09-28T15:21:40.792+00:00,1050.790,RX,baseline,00015A15,1,7,01 00 00 0F 03 15 5A
2026-09-28T15:21:40.793+00:00,1051.024,RX,baseline,00115A15,1,5,01 00 00 15 5A
2026-09-28T15:21:40.798+00:00,1055.944,RX,baseline,0001468B,1,7,01 00 00 0F 03 8B 46
2026-09-28T15:21:40.798+00:00,1056.032,RX,baseline,0011468B,1,5,01 00 00 8B 46
2026-09-28T15:21:40.803+00:00,1060.927,RX,baseline,00015A16,1,7,01 00 00 0F 03 16 5A
2026-09-28T15:21:40.803+00:00,1060.986,RX,baseline,00115A16,1,5,01 00 00 16 5A
2026-09-28T15:21:40.808+00:00,1065.974,RX,baseline,0001B93B,1,7,01 00 00 0F 03 3B B9
2026-09-28T15:21:40.808+00:00,1066.037,RX,baseline,0011B93B,1,5,01 00 00 3B B9
2026-09-28T15:21:40.812+00:00,1070.865,RX,baseline,00012BDF,1,7,01 00 00 0F 03 DF 2B
2026-09-28T15:21:40.813+00:00,1070.994,RX,baseline,00112BDF,1,5,01 00 00 DF 2B
2026-09-28T15:21:40.818+00:00,1075.947,RX,baseline,00019DE1,1,7,01 00 00 0F 03 E1 9D
2026-09-28T15:21:40.818+00:00,1076.194,RX,baseline,00119DE1,1,5,01 00 00 E1 9D
2026-09-28T15:21:40.823+00:00,1081.004,RX,baseline,0001E729,1,7,01 00 00 0F 03 29 E7
2026-09-28T15:21:40.823+00:00,1081.087,RX,baseline,0011E729,1,5,01 00 00 29 E7
2026-09-28T15:21:40.827+00:00,1085.751,RX,baseline,000103B9,1,7,01 00 00 0F 03 B9 03
2026-09-28T15:21:40.828+00:00,1086.045,RX,baseline,001103B9,1,5,01 00 00 B9 03
2026-09-28T15:21:40.832+00:00,1090.754,RX,baseline,0001C1FF,1,7,01 00 00 0F 03 FF C1
2026-09-28T15:21:40.833+00:00,1091.042,RX,baseline,0011C1FF,1,5,01 00 00 FF C1
2026-09-28T15:21:40.837+00:00,1095.750,RX,baseline,00010C9E,1,7,01 00 00 0F 03 9E 0C
2026-09-28T15:21:40.838+00:00,1096.042,RX,baseline,00110C9E,1,5,01 00 00 9E 0C
2026-09-28T15:21:40.843+00:00,1100.961,RX,baseline,0001C1B3,1,7,01 00 00 0F 03 B3 C1
2026-09-28T15:21:40.843+00:00,1101.053,RX,baseline,0011C1B3,1,5,01 00 00 B3 C1
2026-09-28T15:21:40.848+00:00,1105.914,RX,baseline,0001F832,1,7,01 00 00 0F 03 32 F8
2026-09-28T15:21:40.848+00:00,1106.033,RX,baseline,0011F832,1,5,01 00 00 32 F8
2026-09-28T15:21:40.853+00:00,1110.896,RX,baseline,0001BB5C,1,7,01 00 00 0F 03 5C BB
2026-09-28T15:21:40.853+00:00,1111.021,RX,baseline,0011BB5C,1,5,01 00 00 5C BB
2026-09-28T15:21:40.858+00:00,1115.906,RX,baseline,0001DCC6,1,7,01 00 00 0F 03 C6 DC
2026-09-28T15:21:40.858+00:00,1115.963,RX,baseline,0011DCC6,1,5,01 00 00 C6 DC
2026-09-28T15:21:40.863+00:00,1120.931,RX,baseline,0001433D,1,7,01 00 00 0F 03 3D 43
2026-09-28T15:21:40.863+00:00,1121.005,RX,baseline,0011433D,1,5,01 00 00 3D 43
2026-09-28T15:21:40.867+00:00,1125.879,RX,baseline,00014BF4,1,7,01 00 00 0F 03 F4 4B
2026-09-28T15:21:40.868+00:00,1126.105,RX,baseline,00114BF4,1,5,01 00 00 F4 4B
2026-09-28T15:21:40.873+00:00,1130.958,RX,baseline,00012C0F,1,7,01 00 00 0F 03 0F 2C
2026-09-28T15:21:40.873+00:00,1131.041,RX,baseline,00112C0F,1,5,01 00 00 0F 2C
2026-09-28T15:21:40.878+00:00,1135.900,RX,baseline,0001ED87,1,7,01 00 00 0F 03 87 ED
2026-09-28T15:21:40.878+00:00,1136.022,RX,baseline,0011ED87,1,5,01 00 00 87 ED
2026-09-28T15:21:40.882+00:00,1140.869,RX,baseline,00012EF6,1,7,01 00 00 0F 03 F6 2E
2026-09-28T15:21:40.883+00:00,1141.028,RX,baseline,00112EF6,1,5,01 00 00 F6 2E
2026-09-28T15:21:40.887+00:00,1145.769,RX,baseline,00014219,1,7,01 00 00 0F 03 19 42
2026-09-28T15:21:40.888+00:00,1146.108,RX,baseline,00114219,1,5,01 00 00 19 42
2026-09-28T15:21:40.892+00:00,1150.737,RX,baseline,00014AB7,1,7,01 00 00 0F 03 B7 4A
2026-09-28T15:21:40.893+00:00,1151.052,RX,baseline,00114AB7,1,5,01 00 00 B7 4A
2026-09-28T15:21:40.897+00:00,1155.747,RX,baseline,00018FA1,1,7,01 00 00 0F 03 A1 8F
2026-09-28T15:21:40.898+00:00,1156.130,RX,baseline,00118FA1,1,5,01 00 00 A1 8F
2026-09-28T15:21:40.902+00:00,1160.882,RX,baseline,0001BC63,1,7,01 00 00 0F 03 63 BC
2026-09-28T15:21:40.903+00:00,1161.002,RX,baseline,0011BC63,1,5,01 00 00 63 BC
2026-09-28T15:21:40.908+00:00,1165.889,RX,baseline,000124C0,1,7,01 00 00 0F 03 C0 24
2026-09-28T15:21:40.908+00:00,1166.015,RX,baseline,001124C0,1,5,01 00 00 C0 24
2026-09-28T15:21:40.912+00:00,1170.842,RX,baseline,0001E18E,1,7,01 00 00 0F 03 8E E1
2026-09-28T15:21:40.913+00:00,1171.127,RX,baseline,0011E18E,1,5,01 00 00 8E E1
2026-09-28T15:21:40.917+00:00,1175.786,RX,baseline,00014C88,1,7,01 00 00 0F 03 88 4C
2026-09-28T15:21:40.918+00:00,1176.094,RX,baseline,00114C88,1,5,01 00 00 88 4C
2026-09-28T15:21:40.923+00:00,1180.940,RX,baseline,0001BFD5,1,7,01 00 00 0F 03 D5 BF
2026-09-28T15:21:40.923+00:00,1180.988,RX,baseline,0011BFD5,1,5,01 00 00 D5 BF
2026-09-28T15:21:40.927+00:00,1185.783,RX,baseline,00018B1A,1,7,01 00 00 0F 03 1A 8B
2026-09-28T15:21:40.928+00:00,1186.068,RX,baseline,00118B1A,1,5,01 00 00 1A 8B
2026-09-28T15:21:40.932+00:00,1190.757,RX,baseline,0001F73A,1,7,01 00 00 0F 03 3A F7
2026-09-28T15:21:40.933+00:00,1190.968,RX,baseline,0011F73A,1,5,01 00 00 3A F7
2026-09-28T15:21:40.937+00:00,1195.734,RX,baseline,0001D04A,1,7,01 00 00 0F 03 4A D0
2026-09-28T15:21:40.938+00:00,1195.964,RX,baseline,0011D04A,1,5,01 00 00 4A D0
2026-09-28T15:21:40.942+00:00,1200.868,RX,baseline,0001909D,1,7,01 00 00 0F 03 9D 90
2026-09-28T15:21:40.943+00:00,1200.990,RX,baseline,0011909D,1,5,01 00 00 9D 90
2026-09-28T15:21:40.948+00:00,1205.922,RX,baseline,00018C2B,1,7,01 00 00 0F 03 2B 8C
2026-09-28T15:21:40.948+00:00,1205.978,RX,baseline,00118C2B,1,5,01 00 00 2B 8C
2026-09-28T15:21:40.952+00:00,1210.735,RX,baseline,00015363,1,7,01 00 00 0F 03 63 53
2026-09-28T15:21:40.953+00:00,1210.931,RX,baseline,00115363,1,5,01 00 00 63 53
2026-09-28T15:21:40.957+00:00,1215.680,RX,baseline,00019231,1,7,01 00 00 0F 03 31 92
2026-09-28T15:21:40.958+00:00,1215.937,RX,baseline,00119231,1,5,01 00 00 31 92
2026-09-28T15:21:40.962+00:00,1220.862,RX,baseline,00014501,1,7,01 00 00 0F 03 01 45
2026-09-28T15:21:40.963+00:00,1220.962,RX,baseline,00114501,1,5,01 00 00 01 45
2026-09-28T15:21:40.967+00:00,1225.725,RX,baseline,00013E4C,1,7,01 00 00 0F 03 4C 3E
2026-09-28T15:21:40.968+00:00,1226.003,RX,baseline,00113E4C,1,5,01 00 00 4C 3E
2026-09-28T15:21:40.972+00:00,1230.745,RX,baseline,00010F08,1,7,01 00 00 0F 03 08 0F
2026-09-28T15:21:40.973+00:00,1231.108,RX,baseline,00110F08,1,5,01 00 00 08 0F
2026-09-28T15:21:40.977+00:00,1235.720,RX,baseline,0001C028,1,7,01 00 00 0F 03 28 C0
2026-09-28T15:21:40.978+00:00,1236.012,RX,baseline,0011C028,1,5,01 00 00 28 C0
2026-09-28T15:21:40.982+00:00,1240.735,RX,baseline,0001A3EC,1,7,01 00 00 0F 03 EC A3
2026-09-28T15:21:40.983+00:00,1241.075,RX,baseline,0011A3EC,1,5,01 00 00 EC A3
2026-09-28T15:21:40.987+00:00,1245.732,RX,baseline,0001DF73,1,7,01 00 00 0F 03 73 DF
2026-09-28T15:21:40.988+00:00,1246.077,RX,baseline,0011DF73,1,5,01 00 00 73 DF
2026-09-28T15:21:40.993+00:00,1251.088,RX,baseline,00012491,1,7,01 00 00 0F 03 91 24
2026-09-28T15:21:40.993+00:00,1251.142,RX,baseline,00112491,1,5,01 00 00 91 24
2026-09-28T15:21:40.997+00:00,1255.719,RX,baseline,000108DD,1,7,01 00 00 0F 03 DD 08
2026-09-28T15:21:40.998+00:00,1255.982,RX,baseline,001108DD,1,5,01 00 00 DD 08
2026-09-28T15:21:41.002+00:00,1260.866,RX,baseline,00014067,1,7,01 00 00 0F 03 67 40
2026-09-28T15:21:41.003+00:00,1261.028,RX,baseline,00114067,1,5,01 00 00 67 40
2026-09-28T15:21:41.007+00:00,1265.792,RX,baseline,00013A31,1,7,01 00 00 0F 03 31 3A
2026-09-28T15:21:41.008+00:00,1266.070,RX,baseline,00113A31,1,5,01 00 00 31 3A
2026-09-28T15:21:41.013+00:00,1270.950,RX,baseline,00010BA3,1,7,01 00 00 0F 03 A3 0B
2026-09-28T15:21:41.013+00:00,1271.065,RX,baseline,00110BA3,1,5,01 00 00 A3 0B
2026-09-28T15:21:41.017+00:00,1275.751,RX,baseline,000164AB,1,7,01 00 00 0F 03 AB 64
2026-09-28T15:21:41.018+00:00,1276.029,RX,baseline,001164AB,1,5,01 00 00 AB 64
2026-09-28T15:21:41.022+00:00,1280.832,RX,baseline,00018ECB,1,7,01 00 00 0F 03 CB 8E
2026-09-28T15:21:41.023+00:00,1281.074,RX,baseline,00118ECB,1,5,01 00 00 CB 8E
2026-09-28T15:21:41.027+00:00,1285.746,RX,baseline,0001EF7E,1,7,01 00 00 0F 03 7E EF
2026-09-28T15:21:41.028+00:00,1286.027,RX,baseline,0011EF7E,1,5,01 00 00 7E EF
2026-09-28T15:21:41.032+00:00,1290.701,RX,baseline,00012CB6,1,7,01 00 00 0F 03 B6 2C
2026-09-28T15:21:41.033+00:00,1290.998,RX,baseline,00112CB6,1,5,01 00 00 B6 2C
2026-09-28T15:21:41.037+00:00,1295.731,RX,baseline,0001F134,1,7,01 00 00 0F 03 34 F1
2026-09-28T15:21:41.038+00:00,1296.027,RX,baseline,0011F134,1,5,01 00 00 34 F1
2026-09-28T15:21:41.042+00:00,1300.816,RX,baseline,0001E7B3,1,7,01 00 00 0F 03 B3 E7
2026-09-28T15:21:41.043+00:00,1301.057,RX,baseline,0011E7B3,1,5,01 00 00 B3 E7
2026-09-28T15:21:41.047+00:00,1305.735,RX,baseline,0001C537,1,7,01 00 00 0F 03 37 C5
2026-09-28T15:21:41.048+00:00,1305.961,RX,baseline,0011C537,1,5,01 00 00 37 C5
2026-09-28T15:21:41.052+00:00,1310.813,RX,baseline,00019467,1,7,01 00 00 0F 03 67 94
2026-09-28T15:21:41.053+00:00,1311.068,RX,baseline,00119467,1,5,01 00 00 67 94
2026-09-28T15:21:41.057+00:00,1315.814,RX,baseline,0001B3CF,1,7,01 00 00 0F 03 CF B3
2026-09-28T15:21:41.058+00:00,1316.099,RX,baseline,0011B3CF,1,5,01 00 00 CF B3
2026-09-28T15:21:41.063+00:00,1320.886,RX,baseline,000198B2,1,7,01 00 00 0F 03 B2 98
2026-09-28T15:21:41.063+00:00,1320.985,RX,baseline,001198B2,1,5,01 00 00 B2 98
2026-09-28T15:21:41.067+00:00,1325.842,RX,baseline,0001FD63,1,7,01 00 00 0F 03 63 FD
2026-09-28T15:21:41.068+00:00,1325.971,RX,baseline,0011FD63,1,5,01 00 00 63 FD
2026-09-28T15:21:41.073+00:00,1330.944,RX,baseline,00016E8D,1,7,01 00 00 0F 03 8D 6E
2026-09-28T15:21:41.073+00:00,1331.036,RX,baseline,00116E8D,1,5,01 00 00 8D 6E
2026-09-28T15:21:41.078+00:00,1335.915,RX,baseline,000176A8,1,7,01 00 00 0F 03 A8 76
2026-09-28T15:21:41.078+00:00,1335.976,RX,baseline,001176A8,1,5,01 00 00 A8 76
2026-09-28T15:21:41.083+00:00,1340.925,RX,baseline,00010EC8,1,7,01 00 00 0F 03 C8 0E
2026-09-28T15:21:41.083+00:00,1341.013,RX,baseline,00110EC8,1,5,01 00 00 C8 0E
2026-09-28T15:21:41.087+00:00,1345.860,RX,baseline,00019E38,1,7,01 00 00 0F 03 38 9E
2026-09-28T15:21:41.088+00:00,1346.068,RX,baseline,00119E38,1,5,01 00 00 38 9E
2026-09-28T15:21:41.093+00:00,1350.901,RX,baseline,0001910D,1,7,01 00 00 0F 03 0D 91
2026-09-28T15:21:41.093+00:00,1350.967,RX,baseline,0011910D,1,5,01 00 00 0D 91
2026-09-28T15:21:41.097+00:00,1355.823,RX,baseline,00018CA0,1,7,01 00 00 0F 03 A0 8C
2026-09-28T15:21:41.098+00:00,1355.918,RX,baseline,00118CA0,1,5,01 00 00 A0 8C
2026-09-28T15:21:41.103+00:00,1360.918,RX,baseline,0001BE94,1,7,01 00 00 0F 03 94 BE
2026-09-28T15:21:41.103+00:00,1360.965,RX,baseline,0011BE94,1,5,01 00 00 94 BE
2026-09-28T15:21:41.107+00:00,1365.705,RX,baseline,0001BEDF,1,7,01 00 00 0F 03 DF BE
2026-09-28T15:21:41.108+00:00,1365.983,RX,baseline,0011BEDF,1,5,01 00 00 DF BE
2026-09-28T15:21:41.112+00:00,1370.706,RX,baseline,00011E6D,1,7,01 00 00 0F 03 6D 1E
2026-09-28T15:21:41.113+00:00,1371.001,RX,baseline,00111E6D,1,5,01 00 00 6D 1E
2026-09-28T15:21:41.117+00:00,1375.657,RX,baseline,0001B7F8,1,7,01 00 00 0F 03 F8 B7
2026-09-28T15:21:41.118+00:00,1376.000,RX,baseline,0011B7F8,1,5,01 00 00 F8 B7
2026-09-28T15:21:41.122+00:00,1380.731,RX,baseline,00015248,1,7,01 00 00 0F 03 48 52
2026-09-28T15:21:41.123+00:00,1380.990,RX,baseline,00115248,1,5,01 00 00 48 52
2026-09-28T15:21:41.127+00:00,1385.710,RX,baseline,0001E8F9,1,7,01 00 00 0F 03 F9 E8
2026-09-28T15:21:41.128+00:00,1386.116,RX,baseline,0011E8F9,1,5,01 00 00 F9 E8
2026-09-28T15:21:41.132+00:00,1390.707,RX,baseline,00010829,1,7,01 00 00 0F 03 29 08
2026-09-28T15:21:41.133+00:00,1391.117,RX,baseline,00110829,1,5,01 00 00 29 08
2026-09-28T15:21:41.137+00:00,1395.690,RX,baseline,0001D3B1,1,7,01 00 00 0F 03 B1 D3
2026-09-28T15:21:41.138+00:00,1396.165,RX,baseline,0011D3B1,1,5,01 00 00 B1 D3
2026-09-28T15:21:41.142+00:00,1400.707,RX,baseline,0001A561,1,7,01 00 00 0F 03 61 A5
2026-09-28T15:21:41.143+00:00,1401.002,RX,baseline,0011A561,1,5,01 00 00 61 A5
2026-09-28T15:21:41.147+00:00,1405.713,RX,baseline,000156E1,1,7,01 00 00 0F 03 E1 56
2026-09-28T15:21:41.148+00:00,1405.985,RX,baseline,001156E1,1,5,01 00 00 E1 56
2026-09-28T15:21:41.152+00:00,1410.693,RX,baseline,0001A4C8,1,7,01 00 00 0F 03 C8 A4
2026-09-28T15:21:41.153+00:00,1410.984,RX,baseline,0011A4C8,1,5,01 00 00 C8 A4
2026-09-28T15:21:41.157+00:00,1415.693,RX,baseline,0001C3AF,1,7,01 00 00 0F 03 AF C3
2026-09-28T15:21:41.158+00:00,1416.002,RX,baseline,0011C3AF,1,5,01 00 00 AF C3
2026-09-28T15:21:41.162+00:00,1420.691,RX,baseline,0001EA12,1,7,01 00 00 0F 03 12 EA
2026-09-28T15:21:41.163+00:00,1420.986,RX,baseline,0011EA12,1,5,01 00 00 12 EA
2026-09-28T15:21:41.167+00:00,1425.705,RX,baseline,000146AE,1,7,01 00 00 0F 03 AE 46
2026-09-28T15:21:41.168+00:00,1425.996,RX,baseline,001146AE,1,5,01 00 00 AE 46
2026-09-28T15:21:41.172+00:00,1430.716,RX,baseline,000139AD,1,7,01 00 00 0F 03 AD 39
2026-09-28T15:21:41.173+00:00,1431.089,RX,baseline,001139AD,1,5,01 00 00 AD 39
2026-09-28T15:21:41.177+00:00,1435.745,RX,baseline,00013FA3,1,7,01 00 00 0F 03 A3 3F
2026-09-28T15:21:41.178+00:00,1436.016,RX,baseline,00113FA3,1,5,01 00 00 A3 3F
2026-09-28T15:21:41.182+00:00,1440.783,RX,baseline,0001A484,1,7,01 00 00 0F 03 84 A4
2026-09-28T15:21:41.183+00:00,1441.049,RX,baseline,0011A484,1,5,01 00 00 84 A4
2026-09-28T15:21:41.187+00:00,1445.715,RX,baseline,000155FF,1,7,01 00 00 0F 03 FF 55
2026-09-28T15:21:41.188+00:00,1445.984,RX,baseline,001155FF,1,5,01 00 00 FF 55
2026-09-28T15:21:41.192+00:00,1450.691,RX,baseline,000190AD,1,7,01 00 00 0F 03 AD 90
2026-09-28T15:21:41.193+00:00,1451.082,RX,baseline,001190AD,1,5,01 00 00 AD 90
2026-09-28T15:21:41.197+00:00,1455.690,RX,baseline,000198A6,1,7,01 00 00 0F 03 A6 98
2026-09-28T15:21:41.198+00:00,1455.987,RX,baseline,001198A6,1,5,01 00 00 A6 98
2026-09-28T15:21:41.202+00:00,1460.691,RX,baseline,0001CFBF,1,7,01 00 00 0F 03 BF CF
2026-09-28T15:21:41.203+00:00,1460.985,RX,baseline,0011CFBF,1,5,01 00 00 BF CF
2026-09-28T15:21:41.207+00:00,1465.707,RX,baseline,0001C274,1,7,01 00 00 0F 03 74 C2
2026-09-28T15:21:41.208+00:00,1465.985,RX,baseline,0011C274,1,5,01 00 00 74 C2
2026-09-28T15:21:41.212+00:00,1470.691,RX,baseline,00018D64,1,7,01 00 00 0F 03 64 8D
2026-09-28T15:21:41.213+00:00,1470.985,RX,baseline,00118D64,1,5,01 00 00 64 8D
2026-09-28T15:21:41.217+00:00,1475.693,RX,baseline,000191A4,1,7,01 00 00 0F 03 A4 91
2026-09-28T15:21:41.218+00:00,1475.985,RX,baseline,001191A4,1,5,01 00 00 A4 91
2026-09-28T15:21:41.222+00:00,1480.692,RX,baseline,0001C866,1,7,01 00 00 0F 03 66 C8
2026-09-28T15:21:41.223+00:00,1480.985,RX,baseline,0011C866,1,5,01 00 00 66 C8
2026-09-28T15:21:41.227+00:00,1485.780,RX,baseline,0001BEFE,1,7,01 00 00 0F 03 FE BE
2026-09-28T15:21:41.228+00:00,1486.051,RX,baseline,0011BEFE,1,5,01 00 00 FE BE
2026-09-28T15:21:41.232+00:00,1490.780,RX,baseline,0001AA47,1,7,01 00 00 0F 03 47 AA
2026-09-28T15:21:41.233+00:00,1491.133,RX,baseline,0011AA47,1,5,01 00 00 47 AA
2026-09-28T15:21:41.237+00:00,1495.797,RX,baseline,00012A7E,1,7,01 00 00 0F 03 7E 2A
2026-09-28T15:21:41.238+00:00,1496.058,RX,baseline,00112A7E,1,5,01 00 00 7E 2A
2026-09-28T15:21:41.242+00:00,1500.694,RX,baseline,00019525,1,7,01 00 00 0F 03 25 95
2026-09-28T15:21:41.243+00:00,1500.987,RX,baseline,00119525,1,5,01 00 00 25 95
2026-09-28T15:21:41.247+00:00,1505.694,RX,baseline,0001CDD6,1,7,01 00 00 0F 03 D6 CD
2026-09-28T15:21:41.248+00:00,1505.986,RX,baseline,0011CDD6,1,5,01 00 00 D6 CD
2026-09-28T15:21:41.252+00:00,1510.667,RX,baseline,0001A178,1,7,01 00 00 0F 03 78 A1
2026-09-28T15:21:41.253+00:00,1510.986,RX,baseline,0011A178,1,5,01 00 00 78 A1
2026-09-28T15:21:41.257+00:00,1515.694,RX,baseline,00016DED,1,7,01 00 00 0F 03 ED 6D
2026-09-28T15:21:41.258+00:00,1515.986,RX,baseline,00116DED,1,5,01 00 00 ED 6D
2026-09-28T15:21:41.262+00:00,1520.666,RX,baseline,0001C8E9,1,7,01 00 00 0F 03 E9 C8
2026-09-28T15:21:41.263+00:00,1520.954,RX,baseline,0011C8E9,1,5,01 00 00 E9 C8
2026-09-28T15:21:41.267+00:00,1525.690,RX,baseline,0001074D,1,7,01 00 00 0F 03 4D 07
2026-09-28T15:21:41.268+00:00,1525.987,RX,baseline,0011074D,1,5,01 00 00 4D 07
2026-09-28T15:21:41.272+00:00,1530.669,RX,baseline,0001E55B,1,7,01 00 00 0F 03 5B E5
2026-09-28T15:21:41.273+00:00,1530.986,RX,baseline,0011E55B,1,5,01 00 00 5B E5
2026-09-28T15:21:41.277+00:00,1535.682,RX,baseline,00014E27,1,7,01 00 00 0F 03 27 4E
2026-09-28T15:21:41.278+00:00,1536.001,RX,baseline,00114E27,1,5,01 00 00 27 4E
2026-09-28T15:21:41.282+00:00,1540.682,RX,baseline,00019ED4,1,7,01 00 00 0F 03 D4 9E
2026-09-28T15:21:41.283+00:00,1541.001,RX,baseline,00119ED4,1,5,01 00 00 D4 9E
2026-09-28T15:21:41.287+00:00,1545.667,RX,baseline,00015D49,1,7,01 00 00 0F 03 49 5D
2026-09-28T15:21:41.288+00:00,1545.985,RX,baseline,00115D49,1,5,01 00 00 49 5D
2026-09-28T15:21:41.292+00:00,1550.679,RX,baseline,000140EC,1,7,01 00 00 0F 03 EC 40
2026-09-28T15:21:41.293+00:00,1551.063,RX,baseline,001140EC,1,5,01 00 00 EC 40
2026-09-28T15:21:41.297+00:00,1555.676,RX,baseline,00016843,1,7,01 00 00 0F 03 43 68
2026-09-28T15:21:41.297+00:00,1555.859,RX,baseline,00116843,1,5,01 00 00 43 68
2026-09-28T15:21:41.302+00:00,1560.683,RX,baseline,00010BEF,1,7,01 00 00 0F 03 EF 0B
2026-09-28T15:21:41.303+00:00,1561.091,RX,baseline,00110BEF,1,5,01 00 00 EF 0B
2026-09-28T15:21:41.307+00:00,1565.683,RX,baseline,00010B8B,1,7,01 00 00 0F 03 8B 0B
2026-09-28T15:21:41.308+00:00,1566.004,RX,baseline,00110B8B,1,5,01 00 00 8B 0B
2026-09-28T15:21:41.312+00:00,1570.666,RX,baseline,000163CE,1,7,01 00 00 0F 03 CE 63
2026-09-28T15:21:41.313+00:00,1571.073,RX,baseline,001163CE,1,5,01 00 00 CE 63
2026-09-28T15:21:41.317+00:00,1575.617,RX,baseline,0001DA5C,1,7,01 00 00 0F 03 5C DA
2026-09-28T15:21:41.318+00:00,1575.987,RX,baseline,0011DA5C,1,5,01 00 00 5C DA
2026-09-28T15:21:41.322+00:00,1580.616,RX,baseline,0001DA9C,1,7,01 00 00 0F 03 9C DA
2026-09-28T15:21:41.323+00:00,1580.896,RX,baseline,0011DA9C,1,5,01 00 00 9C DA
2026-09-28T15:21:41.327+00:00,1585.640,RX,baseline,0001C4B0,1,7,01 00 00 0F 03 B0 C4
2026-09-28T15:21:41.328+00:00,1585.896,RX,baseline,0011C4B0,1,5,01 00 00 B0 C4
2026-09-28T15:21:41.332+00:00,1590.727,RX,baseline,00016E22,1,7,01 00 00 0F 03 22 6E
2026-09-28T15:21:41.332+00:00,1590.789,RX,baseline,00116E22,1,5,01 00 00 22 6E
2026-09-28T15:21:41.337+00:00,1595.632,RX,baseline,00010877,1,7,01 00 00 0F 03 77 08
2026-09-28T15:21:41.338+00:00,1595.881,RX,baseline,00110877,1,5,01 00 00 77 08
2026-09-28T15:21:41.342+00:00,1600.634,RX,baseline,0001ABD1,1,7,01 00 00 0F 03 D1 AB
2026-09-28T15:21:41.343+00:00,1601.051,RX,baseline,0011ABD1,1,5,01 00 00 D1 AB
2026-09-28T15:21:41.347+00:00,1605.652,RX,baseline,000123FD,1,7,01 00 00 0F 03 FD 23
2026-09-28T15:21:41.348+00:00,1605.968,RX,baseline,001123FD,1,5,01 00 00 FD 23
2026-09-28T15:21:41.352+00:00,1610.772,RX,baseline,00017C1C,1,7,01 00 00 0F 03 1C 7C
2026-09-28T15:21:41.353+00:00,1610.880,RX,baseline,00117C1C,1,5,01 00 00 1C 7C
2026-09-28T15:21:41.357+00:00,1615.695,RX,baseline,00018824,1,7,01 00 00 0F 03 24 88
2026-09-28T15:21:41.358+00:00,1615.938,RX,baseline,00118824,1,5,01 00 00 24 88
2026-09-28T15:21:41.362+00:00,1620.692,RX,baseline,00010605,1,7,01 00 00 0F 03 05 06
2026-09-28T15:21:41.363+00:00,1621.094,RX,baseline,00110605,1,5,01 00 00 05 06
2026-09-28T15:21:41.367+00:00,1625.678,RX,baseline,0001D3D9,1,7,01 00 00 0F 03 D9 D3
2026-09-28T15:21:41.368+00:00,1625.981,RX,baseline,0011D3D9,1,5,01 00 00 D9 D3
2026-09-28T15:21:41.372+00:00,1630.668,RX,baseline,00014D56,1,7,01 00 00 0F 03 56 4D
2026-09-28T15:21:41.373+00:00,1631.144,RX,baseline,00114D56,1,5,01 00 00 56 4D
2026-09-28T15:21:41.377+00:00,1635.668,RX,baseline,0001CAE6,1,7,01 00 00 0F 03 E6 CA
2026-09-28T15:21:41.378+00:00,1636.026,RX,baseline,0011CAE6,1,5,01 00 00 E6 CA
2026-09-28T15:21:41.382+00:00,1640.667,RX,baseline,00016DE8,1,7,01 00 00 0F 03 E8 6D
2026-09-28T15:21:41.383+00:00,1641.086,RX,baseline,00116DE8,1,5,01 00 00 E8 6D
2026-09-28T15:21:41.387+00:00,1645.667,RX,baseline,00010919,1,7,01 00 00 0F 03 19 09
2026-09-28T15:21:41.388+00:00,1645.953,RX,baseline,00110919,1,5,01 00 00 19 09
2026-09-28T15:21:41.392+00:00,1650.874,RX,baseline,0001B7E2,1,7,01 00 00 0F 03 E2 B7
2026-09-28T15:21:41.393+00:00,1650.936,RX,baseline,0011B7E2,1,5,01 00 00 E2 B7
2026-09-28T15:21:41.397+00:00,1655.654,RX,baseline,00010B53,1,7,01 00 00 0F 03 53 0B
2026-09-28T15:21:41.398+00:00,1655.986,RX,baseline,00110B53,1,5,01 00 00 53 0B
2026-09-28T15:21:41.402+00:00,1660.733,RX,baseline,000178D5,1,7,01 00 00 0F 03 D5 78
2026-09-28T15:21:41.403+00:00,1660.950,RX,baseline,001178D5,1,5,01 00 00 D5 78
2026-09-28T15:21:41.407+00:00,1665.771,RX,baseline,0001C2FE,1,7,01 00 00 0F 03 FE C2
2026-09-28T15:21:41.407+00:00,1665.836,RX,baseline,0011C2FE,1,5,01 00 00 FE C2
2026-09-28T15:21:41.412+00:00,1670.667,RX,baseline,00014321,1,7,01 00 00 0F 03 21 43
2026-09-28T15:21:41.413+00:00,1671.061,RX,baseline,00114321,1,5,01 00 00 21 43
2026-09-28T15:21:41.417+00:00,1675.720,RX,baseline,00010CFA,1,7,01 00 00 0F 03 FA 0C
2026-09-28T15:21:41.417+00:00,1675.803,RX,baseline,00110CFA,1,5,01 00 00 FA 0C
2026-09-28T15:21:41.422+00:00,1680.812,RX,baseline,0001CD07,1,7,01 00 00 0F 03 07 CD
2026-09-28T15:21:41.422+00:00,1680.870,RX,baseline,0011CD07,1,5,01 00 00 07 CD
2026-09-28T15:21:41.428+00:00,1685.896,RX,baseline,0001FFFE,1,7,01 00 00 0F 03 FE FF
2026-09-28T15:21:41.428+00:00,1685.971,RX,baseline,0011FFFE,1,5,01 00 00 FE FF
2026-09-28T15:21:41.433+00:00,1690.962,RX,baseline,0001BE55,1,7,01 00 00 0F 03 55 BE
2026-09-28T15:21:41.433+00:00,1691.028,RX,baseline,0011BE55,1,5,01 00 00 55 BE
2026-09-28T15:21:41.438+00:00,1695.880,RX,baseline,0001FF07,1,7,01 00 00 0F 03 07 FF
2026-09-28T15:21:41.438+00:00,1695.948,RX,baseline,0011FF07,1,5,01 00 00 07 FF
2026-09-28T15:21:41.442+00:00,1700.697,RX,baseline,00014B8D,1,7,01 00 00 0F 03 8D 4B
2026-09-28T15:21:41.442+00:00,1700.874,RX,baseline,00114B8D,1,5,01 00 00 8D 4B
2026-09-28T15:21:41.447+00:00,1705.671,RX,baseline,00013745,1,7,01 00 00 0F 03 45 37
2026-09-28T15:21:41.448+00:00,1705.917,RX,baseline,00113745,1,5,01 00 00 45 37
2026-09-28T15:21:41.452+00:00,1710.687,RX,baseline,0001D2F7,1,7,01 00 00 0F 03 F7 D2
2026-09-28T15:21:41.453+00:00,1710.927,RX,baseline,0011D2F7,1,5,01 00 00 F7 D2
2026-09-28T15:21:41.457+00:00,1715.650,RX,baseline,000129A7,1,7,01 00 00 0F 03 A7 29
2026-09-28T15:21:41.458+00:00,1715.895,RX,baseline,001129A7,1,5,01 00 00 A7 29
2026-09-28T15:21:41.462+00:00,1720.669,RX,baseline,0001F7FE,1,7,01 00 00 0F 03 FE F7
2026-09-28T15:21:41.463+00:00,1720.920,RX,baseline,0011F7FE,1,5,01 00 00 FE F7
2026-09-28T15:21:41.467+00:00,1725.666,RX,baseline,00019AF9,1,7,01 00 00 0F 03 F9 9A
2026-09-28T15:21:41.468+00:00,1725.912,RX,baseline,00119AF9,1,5,01 00 00 F9 9A
2026-09-28T15:21:41.472+00:00,1730.704,RX,baseline,000182C9,1,7,01 00 00 0F 03 C9 82
2026-09-28T15:21:41.473+00:00,1730.995,RX,baseline,001182C9,1,5,01 00 00 C9 82
2026-09-28T15:21:41.477+00:00,1735.678,RX,baseline,0001EE2C,1,7,01 00 00 0F 03 2C EE
2026-09-28T15:21:41.478+00:00,1735.911,RX,baseline,0011EE2C,1,5,01 00 00 2C EE
2026-09-28T15:21:41.482+00:00,1740.708,RX,baseline,000135EC,1,7,01 00 00 0F 03 EC 35
2026-09-28T15:21:41.483+00:00,1740.940,RX,baseline,001135EC,1,5,01 00 00 EC 35
2026-09-28T15:21:41.487+00:00,1745.677,RX,baseline,00015340,1,7,01 00 00 0F 03 40 53
2026-09-28T15:21:41.488+00:00,1745.929,RX,baseline,00115340,1,5,01 00 00 40 53
2026-09-28T15:21:41.492+00:00,1750.682,RX,baseline,0001C1AA,1,7,01 00 00 0F 03 AA C1
2026-09-28T15:21:41.493+00:00,1751.077,RX,baseline,0011C1AA,1,5,01 00 00 AA C1
2026-09-28T15:21:41.497+00:00,1755.657,RX,baseline,000169EF,1,7,01 00 00 0F 03 EF 69
2026-09-28T15:21:41.498+00:00,1755.995,RX,baseline,001169EF,1,5,01 00 00 EF 69
2026-09-28T15:21:41.502+00:00,1760.640,RX,baseline,0001B819,1,7,01 00 00 0F 03 19 B8
2026-09-28T15:21:41.503+00:00,1761.051,RX,baseline,0011B819,1,5,01 00 00 19 B8
2026-09-28T15:21:41.507+00:00,1765.677,RX,baseline,0001EE01,1,7,01 00 00 0F 03 01 EE
2026-09-28T15:21:41.508+00:00,1765.901,RX,baseline,0011EE01,1,5,01 00 00 01 EE
2026-09-28T15:21:41.512+00:00,1770.655,RX,baseline,00010F2B,1,7,01 00 00 0F 03 2B 0F
2026-09-28T15:21:41.513+00:00,1770.930,RX,baseline,00110F2B,1,5,01 00 00 2B 0F
2026-09-28T15:21:41.517+00:00,1775.682,RX,baseline,00015FF8,1,7,01 00 00 0F 03 F8 5F
2026-09-28T15:21:41.518+00:00,1776.037,RX,baseline,00115FF8,1,5,01 00 00 F8 5F
2026-09-28T15:21:41.522+00:00,1780.655,RX,baseline,0001AD6A,1,7,01 00 00 0F 03 6A AD
2026-09-28T15:21:41.523+00:00,1780.930,RX,baseline,0011AD6A,1,5,01 00 00 6A AD
2026-09-28T15:21:41.527+00:00,1785.748,RX,baseline,00019F6D,1,7,01 00 00 0F 03 6D 9F
2026-09-28T15:21:41.528+00:00,1786.034,RX,baseline,00119F6D,1,5,01 00 00 6D 9F
2026-09-28T15:21:41.532+00:00,1790.765,RX,baseline,0001FBE5,1,7,01 00 00 0F 03 E5 FB
2026-09-28T15:21:41.533+00:00,1791.037,RX,baseline,0011FBE5,1,5,01 00 00 E5 FB
2026-09-28T15:21:41.537+00:00,1795.739,RX,baseline,0001FD5E,1,7,01 00 00 0F 03 5E FD
2026-09-28T15:21:41.538+00:00,1795.885,RX,baseline,0011FD5E,1,5,01 00 00 5E FD
2026-09-28T15:21:41.542+00:00,1800.657,RX,baseline,0001A79F,1,7,01 00 00 0F 03 9F A7
2026-09-28T15:21:41.543+00:00,1800.945,RX,baseline,0011A79F,1,5,01 00 00 9F A7
2026-09-28T15:21:41.547+00:00,1805.794,RX,baseline,0001873C,1,7,01 00 00 0F 03 3C 87
2026-09-28T15:21:41.548+00:00,1805.993,RX,baseline,0011873C,1,5,01 00 00 3C 87
2026-09-28T15:21:41.552+00:00,1810.634,RX,baseline,0001AE87,1,7,01 00 00 0F 03 87 AE
2026-09-28T15:21:41.553+00:00,1810.938,RX,baseline,0011AE87,1,5,01 00 00 87 AE
2026-09-28T15:21:41.557+00:00,1815.704,RX,baseline,0001B86F,1,7,01 00 00 0F 03 6F B8
2026-09-28T15:21:41.558+00:00,1815.924,RX,baseline,0011B86F,1,5,01 00 00 6F B8
2026-09-28T15:21:41.562+00:00,1820.641,RX,baseline,0001D3BF,1,7,01 00 00 0F 03 BF D3
2026-09-28T15:21:41.563+00:00,1820.982,RX,baseline,0011D3BF,1,5,01 00 00 BF D3
2026-09-28T15:21:41.567+00:00,1825.636,RX,baseline,000112B7,1,7,01 00 00 0F 03 B7 12
2026-09-28T15:21:41.568+00:00,1825.977,RX,baseline,001112B7,1,5,01 00 00 B7 12
2026-09-28T15:21:41.572+00:00,1830.650,RX,baseline,000194B1,1,7,01 00 00 0F 03 B1 94
2026-09-28T15:21:41.573+00:00,1831.041,RX,baseline,001194B1,1,5,01 00 00 B1 94
2026-09-28T15:21:41.577+00:00,1835.634,RX,baseline,0001128F,1,7,01 00 00 0F 03 8F 12
2026-09-28T15:21:41.578+00:00,1835.952,RX,baseline,0011128F,1,5,01 00 00 8F 12
2026-09-28T15:21:41.582+00:00,1840.635,RX,baseline,0001F053,1,7,01 00 00 0F 03 53 F0
2026-09-28T15:21:41.583+00:00,1841.023,RX,baseline,0011F053,1,5,01 00 00 53 F0
2026-09-28T15:21:41.587+00:00,1845.655,RX,baseline,00014B79,1,7,01 00 00 0F 03 79 4B
2026-09-28T15:21:41.588+00:00,1845.939,RX,baseline,00114B79,1,5,01 00 00 79 4B
2026-09-28T15:21:41.592+00:00,1850.658,RX,baseline,0001D383,1,7,01 00 00 0F 03 83 D3
2026-09-28T15:21:41.593+00:00,1850.926,RX,baseline,0011D383,1,5,01 00 00 83 D3
2026-09-28T15:21:41.597+00:00,1855.755,RX,baseline,000160E0,1,7,01 00 00 0F 03 E0 60
2026-09-28T15:21:41.597+00:00,1855.845,RX,baseline,001160E0,1,5,01 00 00 E0 60
2026-09-28T15:21:41.602+00:00,1860.631,RX,baseline,0001755A,1,7,01 00 00 0F 04 5A 75
2026-09-28T15:21:41.603+00:00,1860.898,RX,baseline,0011755A,1,5,01 00 00 5A 75
2026-09-28T15:21:41.607+00:00,1865.730,RX,baseline,00011AF3,1,7,01 00 00 0F 03 F3 1A
2026-09-28T15:21:41.607+00:00,1865.868,RX,baseline,00111AF3,1,5,01 00 00 F3 1A
2026-09-28T15:21:41.612+00:00,1870.674,RX,baseline,0001E3F4,1,7,01 00 00 0F 03 F4 E3
2026-09-28T15:21:41.613+00:00,1870.948,RX,baseline,0011E3F4,1,5,01 00 00 F4 E3
2026-09-28T15:21:41.617+00:00,1875.685,RX,baseline,0001B7A5,1,7,01 00 00 0F 03 A5 B7
2026-09-28T15:21:41.618+00:00,1875.905,RX,baseline,0011B7A5,1,5,01 00 00 A5 B7
2026-09-28T15:21:41.622+00:00,1880.715,RX,baseline,000185F7,1,7,01 00 00 0F 03 F7 85
2026-09-28T15:21:41.623+00:00,1880.950,RX,baseline,001185F7,1,5,01 00 00 F7 85
2026-09-28T15:21:41.627+00:00,1885.674,RX,baseline,0001A2B3,1,7,01 00 00 0F 03 B3 A2
2026-09-28T15:21:41.628+00:00,1886.032,RX,baseline,0011A2B3,1,5,01 00 00 B3 A2
2026-09-28T15:21:41.632+00:00,1890.629,RX,baseline,00011EE2,1,7,01 00 00 0F 03 E2 1E
2026-09-28T15:21:41.633+00:00,1891.051,RX,baseline,00111EE2,1,5,01 00 00 E2 1E
2026-09-28T15:21:41.637+00:00,1895.646,RX,baseline,0001A066,1,7,01 00 00 0F 03 66 A0
2026-09-28T15:21:41.638+00:00,1895.919,RX,baseline,0011A066,1,5,01 00 00 66 A0
2026-09-28T15:21:41.642+00:00,1900.712,RX,baseline,000117EA,1,7,01 00 00 0F 03 EA 17
2026-09-28T15:21:41.642+00:00,1900.790,RX,baseline,001117EA,1,5,01 00 00 EA 17
2026-09-28T15:21:41.647+00:00,1905.713,RX,baseline,00019164,1,7,01 00 00 0F 03 64 91
2026-09-28T15:21:41.647+00:00,1905.793,RX,baseline,00119164,1,5,01 00 00 64 91
2026-09-28T15:21:41.652+00:00,1910.828,RX,baseline,000158ED,1,7,01 00 00 0F 03 ED 58
2026-09-28T15:21:41.653+00:00,1910.909,RX,baseline,001158ED,1,5,01 00 00 ED 58
2026-09-28T15:21:41.657+00:00,1915.735,RX,baseline,0001F6D2,1,7,01 00 00 0F 03 D2 F6
2026-09-28T15:21:41.657+00:00,1915.820,RX,baseline,0011F6D2,1,5,01 00 00 D2 F6
2026-09-28T15:21:41.663+00:00,1920.919,RX,baseline,0001F8C4,1,7,01 00 00 0F 03 C4 F8
2026-09-28T15:21:41.663+00:00,1920.986,RX,baseline,0011F8C4,1,5,01 00 00 C4 F8
2026-09-28T15:21:41.668+00:00,1925.888,RX,baseline,00016094,1,7,01 00 00 0F 03 94 60
2026-09-28T15:21:41.668+00:00,1925.959,RX,baseline,00116094,1,5,01 00 00 94 60
2026-09-28T15:21:41.672+00:00,1930.756,RX,baseline,00016A02,1,7,01 00 00 0F 03 02 6A
2026-09-28T15:21:41.672+00:00,1930.838,RX,baseline,00116A02,1,5,01 00 00 02 6A
2026-09-28T15:21:41.677+00:00,1935.685,RX,baseline,0001B868,1,7,01 00 00 0F 03 68 B8
2026-09-28T15:21:41.678+00:00,1935.923,RX,baseline,0011B868,1,5,01 00 00 68 B8
2026-09-28T15:21:41.682+00:00,1940.644,RX,baseline,0001E4D9,1,7,01 00 00 0F 03 D9 E4
2026-09-28T15:21:41.682+00:00,1940.849,RX,baseline,0011E4D9,1,5,01 00 00 D9 E4
2026-09-28T15:21:41.688+00:00,1945.936,RX,baseline,0001BF38,1,7,01 00 00 0F 03 38 BF
2026-09-28T15:21:41.688+00:00,1946.014,RX,baseline,0011BF38,1,5,01 00 00 38 BF
2026-09-28T15:21:41.692+00:00,1950.609,RX,baseline,0001ACB9,1,7,01 00 00 0F 03 B9 AC
2026-09-28T15:21:41.693+00:00,1950.913,RX,baseline,0011ACB9,1,5,01 00 00 B9 AC
2026-09-28T15:21:41.697+00:00,1955.716,RX,baseline,0001CAD4,1,7,01 00 00 0F 03 D4 CA
2026-09-28T15:21:41.698+00:00,1955.922,RX,baseline,0011CAD4,1,5,01 00 00 D4 CA
2026-09-28T15:21:41.702+00:00,1960.648,RX,baseline,000197F3,1,7,01 00 00 0F 03 F3 97
2026-09-28T15:21:41.703+00:00,1960.927,RX,baseline,001197F3,1,5,01 00 00 F3 97
2026-09-28T15:21:41.707+00:00,1965.612,RX,baseline,0001C8EF,1,7,01 00 00 0F 03 EF C8
2026-09-28T15:21:41.708+00:00,1965.906,RX,baseline,0011C8EF,1,5,01 00 00 EF C8
2026-09-28T15:21:41.712+00:00,1970.609,RX,baseline,0001B55E,1,7,01 00 00 0F 03 5E B5
2026-09-28T15:21:41.713+00:00,1970.901,RX,baseline,0011B55E,1,5,01 00 00 5E B5
2026-09-28T15:21:41.717+00:00,1975.788,RX,baseline,0001D519,1,7,01 00 00 0F 03 19 D5
2026-09-28T15:21:41.717+00:00,1975.848,RX,baseline,0011D519,1,5,01 00 00 19 D5
2026-09-28T15:21:41.722+00:00,1980.655,RX,baseline,0001C7CB,1,7,01 00 00 0F 03 CB C7
2026-09-28T15:21:41.723+00:00,1980.942,RX,baseline,0011C7CB,1,5,01 00 00 CB C7
2026-09-28T15:21:41.727+00:00,1985.723,RX,baseline,00016209,1,7,01 00 00 0F 03 09 62
2026-09-28T15:21:41.727+00:00,1985.839,RX,baseline,00116209,1,5,01 00 00 09 62
2026-09-28T15:21:41.732+00:00,1990.697,RX,baseline,0001B8D1,1,7,01 00 00 0F 03 D1 B8
2026-09-28T15:21:41.732+00:00,1990.814,RX,baseline,0011B8D1,1,5,01 00 00 D1 B8
2026-09-28T15:21:41.737+00:00,1995.725,RX,baseline,00011773,1,7,01 00 00 0F 03 73 17
2026-09-28T15:21:41.737+00:00,1995.841,RX,baseline,00111773,1,5,01 00 00 73 17
2026-09-28T15:21:41.742+00:00,2000.666,RX,baseline,00015038,1,7,01 00 00 0F 03 38 50
2026-09-28T15:21:41.743+00:00,2000.962,RX,baseline,00115038,1,5,01 00 00 38 50
2026-09-28T15:21:41.747+00:00,2005.836,RX,baseline,00018845,1,7,01 00 00 0F 03 45 88
2026-09-28T15:21:41.748+00:00,2005.884,RX,baseline,00118845,1,5,01 00 00 45 88
2026-09-28T15:21:41.752+00:00,2010.634,RX,baseline,00013B0D,1,7,01 00 00 0F 03 0D 3B
2026-09-28T15:21:41.753+00:00,2010.902,RX,baseline,00113B0D,1,5,01 00 00 0D 3B
2026-09-28T15:21:41.757+00:00,2015.786,RX,baseline,000119F9,1,7,01 00 00 0F 03 F9 19
2026-09-28T15:21:41.757+00:00,2015.855,RX,baseline,001119F9,1,5,01 00 00 F9 19
2026-09-28T15:21:41.762+00:00,2020.603,RX,baseline,00014523,1,7,01 00 00 0F 03 23 45
2026-09-28T15:21:41.762+00:00,2020.850,RX,baseline,00114523,1,5,01 00 00 23 45
2026-09-28T15:21:41.767+00:00,2025.596,RX,baseline,0001A05D,1,7,01 00 00 0F 03 5D A0
2026-09-28T15:21:41.768+00:00,2025.878,RX,baseline,0011A05D,1,5,01 00 00 5D A0
2026-09-28T15:21:41.772+00:00,2030.612,RX,baseline,00018989,1,7,01 00 00 0F 03 89 89
2026-09-28T15:21:41.772+00:00,2030.870,RX,baseline,00118989,1,5,01 00 00 89 89
2026-09-28T15:21:41.777+00:00,2035.655,RX,baseline,0001AE04,1,7,01 00 00 0F 03 04 AE
2026-09-28T15:21:41.778+00:00,2035.879,RX,baseline,0011AE04,1,5,01 00 00 04 AE
2026-09-28T15:21:41.782+00:00,2040.621,RX,baseline,0001DA41,1,7,01 00 00 0F 03 41 DA
2026-09-28T15:21:41.783+00:00,2040.963,RX,baseline,0011DA41,1,5,01 00 00 41 DA
2026-09-28T15:21:41.787+00:00,2045.689,RX,baseline,0001C842,1,7,01 00 00 0F 03 42 C8
2026-09-28T15:21:41.787+00:00,2045.823,RX,baseline,0011C842,1,5,01 00 00 42 C8
2026-09-28T15:21:41.792+00:00,2050.812,RX,baseline,00015941,1,7,01 00 00 0F 03 41 59
2026-09-28T15:21:41.793+00:00,2050.910,RX,baseline,00115941,1,5,01 00 00 41 59
2026-09-28T15:21:41.797+00:00,2055.840,RX,baseline,00019252,1,7,01 00 00 0F 03 52 92
2026-09-28T15:21:41.798+00:00,2055.927,RX,baseline,00119252,1,5,01 00 00 52 92
2026-09-28T15:21:41.802+00:00,2060.765,RX,baseline,0001A07F,1,7,01 00 00 0F 03 7F A0
2026-09-28T15:21:41.803+00:00,2060.888,RX,baseline,0011A07F,1,5,01 00 00 7F A0
2026-09-28T15:21:41.807+00:00,2065.752,RX,baseline,00011E26,1,7,01 00 00 0F 03 26 1E
2026-09-28T15:21:41.807+00:00,2065.803,RX,baseline,00111E26,1,5,01 00 00 26 1E
2026-09-28T15:21:41.812+00:00,2070.727,RX,baseline,00015492,1,7,01 00 00 0F 03 92 54
2026-09-28T15:21:41.813+00:00,2070.971,RX,baseline,00115492,1,5,01 00 00 92 54
2026-09-28T15:21:41.817+00:00,2075.631,RX,baseline,000159E9,1,7,01 00 00 0F 03 E9 59
2026-09-28T15:21:41.817+00:00,2075.859,RX,baseline,001159E9,1,5,01 00 00 E9 59
2026-09-28T15:21:41.822+00:00,2080.801,RX,baseline,0001853B,1,7,01 00 00 0F 03 3B 85
2026-09-28T15:21:41.823+00:00,2080.882,RX,baseline,0011853B,1,5,01 00 00 3B 85
2026-09-28T15:21:41.827+00:00,2085.705,RX,baseline,0001143D,1,7,01 00 00 0F 03 3D 14
2026-09-28T15:21:41.827+00:00,2085.763,RX,baseline,0011143D,1,5,01 00 00 3D 14
2026-09-28T15:21:41.832+00:00,2090.635,RX,baseline,0001A8C9,1,7,01 00 00 0F 03 C9 A8
2026-09-28T15:21:41.833+00:00,2090.894,RX,baseline,0011A8C9,1,5,01 00 00 C9 A8
2026-09-28T15:21:41.837+00:00,2095.613,RX,baseline,000139BC,1,7,01 00 00 0F 03 BC 39
2026-09-28T15:21:41.838+00:00,2095.883,RX,baseline,001139BC,1,5,01 00 00 BC 39
2026-09-28T15:21:41.843+00:00,2100.892,RX,baseline,0001D337,1,7,01 00 00 0F 03 37 D3
2026-09-28T15:21:41.843+00:00,2100.983,RX,baseline,0011D337,1,5,01 00 00 37 D3
2026-09-28T15:21:41.847+00:00,2105.803,RX,baseline,0001D942,1,7,01 00 00 0F 03 42 D9
2026-09-28T15:21:41.848+00:00,2105.891,RX,baseline,0011D942,1,5,01 00 00 42 D9
2026-09-28T15:21:41.852+00:00,2110.623,RX,baseline,00019379,1,7,01 00 00 0F 03 79 93
2026-09-28T15:21:41.853+00:00,2110.874,RX,baseline,00119379,1,5,01 00 00 79 93
2026-09-28T15:21:41.857+00:00,2115.674,RX,baseline,0001D10F,1,7,01 00 00 0F 03 0F D1
2026-09-28T15:21:41.858+00:00,2115.905,RX,baseline,0011D10F,1,5,01 00 00 0F D1
2026-09-28T15:21:41.863+00:00,2120.957,RX,baseline,0001594D,1,7,01 00 00 0F 03 4D 59
2026-09-28T15:21:41.863+00:00,2121.164,RX,baseline,0011594D,1,5,01 00 00 4D 59
2026-09-28T15:21:41.867+00:00,2125.606,RX,baseline,000179BB,1,7,01 00 00 0F 03 BB 79
2026-09-28T15:21:41.867+00:00,2125.801,RX,baseline,001179BB,1,5,01 00 00 BB 79
2026-09-28T15:21:41.872+00:00,2130.603,RX,baseline,0001EF90,1,7,01 00 00 0F 03 90 EF
2026-09-28T15:21:41.873+00:00,2130.912,RX,baseline,0011EF90,1,5,01 00 00 90 EF
2026-09-28T15:21:41.877+00:00,2135.729,RX,baseline,0001009A,1,7,01 00 00 0F 03 9A 00
2026-09-28T15:21:41.877+00:00,2135.859,RX,baseline,0011009A,1,5,01 00 00 9A 00
2026-09-28T15:21:41.882+00:00,2140.841,RX,baseline,000172E2,1,7,01 00 00 0F 03 E2 72
2026-09-28T15:21:41.883+00:00,2140.934,RX,baseline,001172E2,1,5,01 00 00 E2 72
2026-09-28T15:21:41.887+00:00,2145.773,RX,baseline,000151FC,1,7,01 00 00 0F 03 FC 51
2026-09-28T15:21:41.887+00:00,2145.850,RX,baseline,001151FC,1,5,01 00 00 FC 51
2026-09-28T15:21:41.892+00:00,2150.805,RX,baseline,0001D227,1,7,01 00 00 0F 03 27 D2
2026-09-28T15:21:41.892+00:00,2150.863,RX,baseline,0011D227,1,5,01 00 00 27 D2
2026-09-28T15:21:41.897+00:00,2155.675,RX,baseline,0001B86F,1,7,01 00 00 0F 03 6F B8
2026-09-28T15:21:41.897+00:00,2155.782,RX,baseline,0011B86F,1,5,01 00 00 6F B8
2026-09-28T15:21:41.902+00:00,2160.639,RX,baseline,0001121B,1,7,01 00 00 0F 03 1B 12
2026-09-28T15:21:41.903+00:00,2160.888,RX,baseline,0011121B,1,5,01 00 00 1B 12
2026-09-28T15:21:41.907+00:00,2165.604,RX,baseline,00015CEC,1,7,01 00 00 0F 03 EC 5C
2026-09-28T15:21:41.907+00:00,2165.843,RX,baseline,00115CEC,1,5,01 00 00 EC 5C
2026-09-28T15:21:41.912+00:00,2170.561,RX,baseline,00011B1B,1,7,01 00 00 0F 03 1B 1B
2026-09-28T15:21:41.913+00:00,2171.031,RX,baseline,00111B1B,1,5,01 00 00 1B 1B
2026-09-28T15:21:41.917+00:00,2175.574,RX,baseline,0001C89B,1,7,01 00 00 0F 03 9B C8
2026-09-28T15:21:41.917+00:00,2175.824,RX,baseline,0011C89B,1,5,01 00 00 9B C8
2026-09-28T15:21:41.922+00:00,2180.606,RX,baseline,0001D3D1,1,7,01 00 00 0F 03 D1 D3
2026-09-28T15:21:41.923+00:00,2180.886,RX,baseline,0011D3D1,1,5,01 00 00 D1 D3
2026-09-28T15:21:41.927+00:00,2185.651,RX,baseline,0001778A,1,7,01 00 00 0F 03 8A 77
2026-09-28T15:21:41.927+00:00,2185.814,RX,baseline,0011778A,1,5,01 00 00 8A 77
2026-09-28T15:21:41.932+00:00,2190.743,RX,baseline,0001E95F,1,7,01 00 00 0F 03 5F E9
2026-09-28T15:21:41.932+00:00,2190.848,RX,baseline,0011E95F,1,5,01 00 00 5F E9
2026-09-28T15:21:41.937+00:00,2195.681,RX,baseline,0001A88E,1,7,01 00 00 0F 03 8E A8
2026-09-28T15:21:41.937+00:00,2195.820,RX,baseline,0011A88E,1,5,01 00 00 8E A8
2026-09-28T15:21:41.942+00:00,2200.614,RX,baseline,00011545,1,7,01 00 00 0F 03 45 15
2026-09-28T15:21:41.943+00:00,2200.902,RX,baseline,00111545,1,5,01 00 00 45 15
2026-09-28T15:21:41.947+00:00,2205.606,RX,baseline,0001A92D,1,7,01 00 00 0F 03 2D A9
2026-09-28T15:21:41.947+00:00,2205.856,RX,baseline,0011A92D,1,5,01 00 00 2D A9
2026-09-28T15:21:41.952+00:00,2210.630,RX,baseline,0001570E,1,7,01 00 00 0F 03 0E 57
2026-09-28T15:21:41.953+00:00,2210.951,RX,baseline,0011570E,1,5,01 00 00 0E 57
2026-09-28T15:21:41.957+00:00,2215.568,RX,baseline,00015D3A,1,7,01 00 00 0F 03 3A 5D
2026-09-28T15:21:41.958+00:00,2215.956,RX,baseline,00115D3A,1,5,01 00 00 3A 5D
2026-09-28T15:21:41.962+00:00,2220.718,RX,baseline,0001F792,1,7,01 00 00 0F 03 92 F7
2026-09-28T15:21:41.962+00:00,2220.852,RX,baseline,0011F792,1,5,01 00 00 92 F7
2026-09-28T15:21:41.967+00:00,2225.591,RX,baseline,0001988D,1,7,01 00 00 0F 03 8D 98
2026-09-28T15:21:41.967+00:00,2225.797,RX,baseline,0011988D,1,5,01 00 00 8D 98
2026-09-28T15:21:41.972+00:00,2230.646,RX,baseline,0001D543,1,7,01 00 00 0F 03 43 D5
2026-09-28T15:21:41.972+00:00,2230.790,RX,baseline,0011D543,1,5,01 00 00 43 D5
2026-09-28T15:21:41.977+00:00,2235.753,RX,baseline,000129FC,1,7,01 00 00 0F 03 FC 29
2026-09-28T15:21:41.977+00:00,2235.863,RX,baseline,001129FC,1,5,01 00 00 FC 29
2026-09-28T15:21:41.982+00:00,2240.738,RX,baseline,00017CE5,1,7,01 00 00 0F 03 E5 7C
2026-09-28T15:21:41.982+00:00,2240.806,RX,baseline,00117CE5,1,5,01 00 00 E5 7C
2026-09-28T15:21:41.987+00:00,2245.757,RX,baseline,0001B184,1,7,01 00 00 0F 03 84 B1
2026-09-28T15:21:41.987+00:00,2245.825,RX,baseline,0011B184,1,5,01 00 00 84 B1
2026-09-28T15:21:41.992+00:00,2250.727,RX,baseline,0001F3A8,1,7,01 00 00 0F 03 A8 F3
2026-09-28T15:21:41.993+00:00,2250.881,RX,baseline,0011F3A8,1,5,01 00 00 A8 F3
2026-09-28T15:21:41.998+00:00,2255.920,RX,baseline,00017C3E,1,7,01 00 00 0F 03 3E 7C
2026-09-28T15:21:41.998+00:00,2255.998,RX,baseline,00117C3E,1,5,01 00 00 3E 7C
2026-09-28T15:21:42.003+00:00,2260.882,RX,baseline,00018F6E,1,7,01 00 00 0F 04 6E 8F
2026-09-28T15:21:42.003+00:00,2261.153,RX,baseline,00118F6E,1,5,01 00 00 6E 8F
2026-09-28T15:21:42.008+00:00,2266.227,RX,baseline,00018B94,1,7,01 00 00 0F 03 94 8B
2026-09-28T15:21:42.008+00:00,2266.320,RX,baseline,00118B94,1,5,01 00 00 94 8B
2026-09-28T15:21:42.012+00:00,2270.617,RX,baseline,0001BFCF,1,7,01 00 00 0F 03 CF BF
2026-09-28T15:21:42.013+00:00,2270.883,RX,baseline,0011BFCF,1,5,01 00 00 CF BF
2026-09-28T15:21:42.017+00:00,2275.764,RX,baseline,0001B1D8,1,7,01 00 00 0F 03 D8 B1
2026-09-28T15:21:42.017+00:00,2275.856,RX,baseline,0011B1D8,1,5,01 00 00 D8 B1
2026-09-28T15:21:42.022+00:00,2280.802,RX,baseline,00011215,1,7,01 00 00 0F 03 15 12
2026-09-28T15:21:42.023+00:00,2280.896,RX,baseline,00111215,1,5,01 00 00 15 12
2026-09-28T15:21:42.027+00:00,2285.734,RX,baseline,00013527,1,7,01 00 00 0F 03 27 35
2026-09-28T15:21:42.027+00:00,2285.806,RX,baseline,00113527,1,5,01 00 00 27 35
2026-09-28T15:21:42.033+00:00,2290.904,RX,baseline,00017043,1,7,01 00 00 0F 03 43 70
2026-09-28T15:21:42.033+00:00,2291.033,RX,baseline,00117043,1,5,01 00 00 43 70
2026-09-28T15:21:42.037+00:00,2295.634,RX,baseline,0001DA3A,1,7,01 00 00 0F 03 3A DA
2026-09-28T15:21:42.037+00:00,2295.729,RX,baseline,0011DA3A,1,5,01 00 00 3A DA
2026-09-28T15:21:42.042+00:00,2300.762,RX,baseline,0001F6EC,1,7,01 00 00 0F 03 EC F6
2026-09-28T15:21:42.042+00:00,2300.824,RX,baseline,0011F6EC,1,5,01 00 00 EC F6
2026-09-28T15:21:42.047+00:00,2305.542,RX,baseline,00018799,1,7,01 00 00 0F 03 99 87
2026-09-28T15:21:42.047+00:00,2305.799,RX,baseline,00118799,1,5,01 00 00 99 87
2026-09-28T15:21:42.052+00:00,2310.655,RX,baseline,0001FF5C,1,7,01 00 00 0F 03 5C FF
2026-09-28T15:21:42.052+00:00,2310.854,RX,baseline,0011FF5C,1,5,01 00 00 5C FF
2026-09-28T15:21:42.057+00:00,2315.542,RX,baseline,0001A24B,1,7,01 00 00 0F 03 4B A2
2026-09-28T15:21:42.057+00:00,2315.785,RX,baseline,0011A24B,1,5,01 00 00 4B A2
2026-09-28T15:21:42.062+00:00,2320.551,RX,baseline,00014B66,1,7,01 00 00 0F 03 66 4B
2026-09-28T15:21:42.062+00:00,2320.829,RX,baseline,00114B66,1,5,01 00 00 66 4B
2026-09-28T15:21:42.067+00:00,2325.591,RX,baseline,000167F6,1,7,01 00 00 0F 03 F6 67
2026-09-28T15:21:42.067+00:00,2325.785,RX,baseline,001167F6,1,5,01 00 00 F6 67
2026-09-28T15:21:42.072+00:00,2330.613,RX,baseline,000191D5,1,7,01 00 00 0F 03 D5 91
2026-09-28T15:21:42.072+00:00,2330.758,RX,baseline,001191D5,1,5,01 00 00 D5 91
2026-09-28T15:21:42.077+00:00,2335.559,RX,baseline,00010F0E,1,7,01 00 00 0F 03 0E 0F
2026-09-28T15:21:42.077+00:00,2335.832,RX,baseline,00110F0E,1,5,01 00 00 0E 0F
2026-09-28T15:21:42.082+00:00,2340.540,RX,baseline,0001424B,1,7,01 00 00 0F 03 4B 42
2026-09-28T15:21:42.082+00:00,2340.771,RX,baseline,0011424B,1,5,01 00 00 4B 42
2026-09-28T15:21:42.087+00:00,2345.532,RX,baseline,00012C82,1,7,01 00 00 0F 03 82 2C
2026-09-28T15:21:42.087+00:00,2345.767,RX,baseline,00112C82,1,5,01 00 00 82 2C
2026-09-28T15:21:42.092+00:00,2350.614,RX,baseline,0001291E,1,7,01 00 00 0F 03 1E 29
2026-09-28T15:21:42.092+00:00,2350.846,RX,baseline,0011291E,1,5,01 00 00 1E 29
2026-09-28T15:21:42.097+00:00,2355.534,RX,baseline,00015708,1,7,01 00 00 0F 03 08 57
2026-09-28T15:21:42.097+00:00,2355.853,RX,baseline,00115708,1,5,01 00 00 08 57
2026-09-28T15:21:42.102+00:00,2360.679,RX,baseline,0001536A,1,7,01 00 00 0F 03 6A 53
2026-09-28T15:21:42.102+00:00,2360.744,RX,baseline,0011536A,1,5,01 00 00 6A 53
2026-09-28T15:21:42.107+00:00,2365.804,RX,baseline,0001EAFC,1,7,01 00 00 0F 03 FC EA
2026-09-28T15:21:42.108+00:00,2365.895,RX,baseline,0011EAFC,1,5,01 00 00 FC EA
2026-09-28T15:21:42.112+00:00,2370.727,RX,baseline,00012D71,1,7,01 00 00 0F 03 71 2D
2026-09-28T15:21:42.112+00:00,2370.786,RX,baseline,00112D71,1,5,01 00 00 71 2D
2026-09-28T15:21:42.117+00:00,2375.816,RX,baseline,0001AA64,1,7,01 00 00 0F 03 64 AA
2026-09-28T15:21:42.118+00:00,2375.924,RX,baseline,0011AA64,1,5,01 00 00 64 AA
2026-09-28T15:21:42.122+00:00,2380.821,RX,baseline,0001350C,1,7,01 00 00 0F 03 0C 35
2026-09-28T15:21:42.123+00:00,2380.926,RX,baseline,0011350C,1,5,01 00 00 0C 35
2026-09-28T15:21:42.127+00:00,2385.528,RX,baseline,0001A7A1,1,7,01 00 00 0F 03 A1 A7
2026-09-28T15:21:42.127+00:00,2385.779,RX,baseline,0011A7A1,1,5,01 00 00 A1 A7
2026-09-28T15:21:42.132+00:00,2390.614,RX,baseline,0001F7A7,1,7,01 00 00 0F 03 A7 F7
2026-09-28T15:21:42.132+00:00,2390.738,RX,baseline,0011F7A7,1,5,01 00 00 A7 F7
2026-09-28T15:21:42.137+00:00,2395.548,RX,baseline,00010DD3,1,7,01 00 00 0F 03 D3 0D
2026-09-28T15:21:42.137+00:00,2395.737,RX,baseline,00110DD3,1,5,01 00 00 D3 0D
2026-09-28T15:21:42.142+00:00,2400.532,RX,baseline,0001032B,1,7,01 00 00 0F 03 2B 03
2026-09-28T15:21:42.142+00:00,2400.831,RX,baseline,0011032B,1,5,01 00 00 2B 03
2026-09-28T15:21:42.147+00:00,2405.711,RX,baseline,0001CCF1,1,7,01 00 00 0F 03 F1 CC
2026-09-28T15:21:42.147+00:00,2405.816,RX,baseline,0011CCF1,1,5,01 00 00 F1 CC
2026-09-28T15:21:42.152+00:00,2410.675,RX,baseline,00015EC7,1,7,01 00 00 0F 03 C7 5E
2026-09-28T15:21:42.152+00:00,2410.844,RX,baseline,00115EC7,1,5,01 00 00 C7 5E
2026-09-28T15:21:42.157+00:00,2415.680,RX,baseline,00012834,1,7,01 00 00 0F 03 34 28
2026-09-28T15:21:42.157+00:00,2415.772,RX,baseline,00112834,1,5,01 00 00 34 28
2026-09-28T15:21:42.162+00:00,2420.716,RX,baseline,00013866,1,7,01 00 00 0F 03 66 38
2026-09-28T15:21:42.163+00:00,2420.867,RX,baseline,00113866,1,5,01 00 00 66 38
2026-09-28T15:21:42.167+00:00,2425.487,RX,baseline,00017434,1,7,01 00 00 0F 03 34 74
2026-09-28T15:21:42.167+00:00,2425.774,RX,baseline,00117434,1,5,01 00 00 34 74
2026-09-28T15:21:42.172+00:00,2430.492,RX,baseline,00015162,1,7,01 00 00 0F 03 62 51
2026-09-28T15:21:42.172+00:00,2430.680,RX,baseline,00115162,1,5,01 00 00 62 51
2026-09-28T15:21:42.177+00:00,2435.785,RX,baseline,00010AF7,1,7,01 00 00 0F 03 F7 0A
2026-09-28T15:21:42.178+00:00,2435.879,RX,baseline,00110AF7,1,5,01 00 00 F7 0A
2026-09-28T15:21:42.182+00:00,2440.585,RX,baseline,0001DCB1,1,7,01 00 00 0F 03 B1 DC
2026-09-28T15:21:42.183+00:00,2440.899,RX,baseline,0011DCB1,1,5,01 00 00 B1 DC
2026-09-28T15:21:42.187+00:00,2445.520,RX,baseline,00019EBB,1,7,01 00 00 0F 03 BB 9E
2026-09-28T15:21:42.188+00:00,2445.984,RX,baseline,00119EBB,1,5,01 00 00 BB 9E
2026-09-28T15:21:42.192+00:00,2450.634,RX,baseline,000166A0,1,7,01 00 00 0F 03 A0 66
2026-09-28T15:21:42.193+00:00,2450.879,RX,baseline,001166A0,1,5,01 00 00 A0 66
2026-09-28T15:21:42.197+00:00,2455.672,RX,baseline,0001FD41,1,7,01 00 00 0F 03 41 FD
2026-09-28T15:21:42.197+00:00,2455.779,RX,baseline,0011FD41,1,5,01 00 00 41 FD
2026-09-28T15:21:42.202+00:00,2460.692,RX,baseline,000175CF,1,7,01 00 00 0F 03 CF 75
2026-09-28T15:21:42.203+00:00,2460.865,RX,baseline,001175CF,1,5,01 00 00 CF 75
2026-09-28T15:21:42.207+00:00,2465.652,RX,baseline,000197E6,1,7,01 00 00 0F 03 E6 97
2026-09-28T15:21:42.208+00:00,2465.975,RX,baseline,001197E6,1,5,01 00 00 E6 97
2026-09-28T15:21:42.212+00:00,2470.646,RX,baseline,00015F18,1,7,01 00 00 0F 03 18 5F
2026-09-28T15:21:42.212+00:00,2470.806,RX,baseline,00115F18,1,5,01 00 00 18 5F
2026-09-28T15:21:42.217+00:00,2475.623,RX,baseline,000169CE,1,7,01 00 00 0F 03 CE 69
2026-09-28T15:21:42.217+00:00,2475.849,RX,baseline,001169CE,1,5,01 00 00 CE 69
2026-09-28T15:21:42.222+00:00,2480.638,RX,baseline,00012181,1,7,01 00 00 0F 03 81 21
2026-09-28T15:21:42.222+00:00,2480.729,RX,baseline,00112181,1,5,01 00 00 81 21
2026-09-28T15:21:42.227+00:00,2485.605,RX,baseline,000143E9,1,7,01 00 00 0F 03 E9 43
2026-09-28T15:21:42.228+00:00,2485.959,RX,baseline,001143E9,1,5,01 00 00 E9 43
2026-09-28T15:21:42.232+00:00,2490.598,RX,baseline,0001BD63,1,7,01 00 00 0F 03 63 BD
2026-09-28T15:21:42.232+00:00,2490.813,RX,baseline,0011BD63,1,5,01 00 00 63 BD
2026-09-28T15:21:42.237+00:00,2495.575,RX,baseline,00018B99,1,7,01 00 00 0F 03 99 8B
2026-09-28T15:21:42.238+00:00,2495.932,RX,baseline,00118B99,1,5,01 00 00 99 8B
2026-09-28T15:21:42.242+00:00,2500.508,RX,baseline,0001B57A,1,7,01 00 00 0F 03 7A B5
2026-09-28T15:21:42.242+00:00,2500.754,RX,baseline,0011B57A,1,5,01 00 00 7A B5
2026-09-28T15:21:42.247+00:00,2505.657,RX,baseline,0001734D,1,7,01 00 00 0F 03 4D 73
2026-09-28T15:21:42.247+00:00,2505.753,RX,baseline,0011734D,1,5,01 00 00 4D 73
2026-09-28T15:21:42.252+00:00,2510.587,RX,baseline,0001626E,1,7,01 00 00 0F 03 6E 62
2026-09-28T15:21:42.252+00:00,2510.841,RX,baseline,0011626E,1,5,01 00 00 6E 62
2026-09-28T15:21:42.257+00:00,2515.628,RX,baseline,0001453D,1,7,01 00 00 0F 03 3D 45
2026-09-28T15:21:42.257+00:00,2515.768,RX,baseline,0011453D,1,5,01 00 00 3D 45
2026-09-28T15:21:42.262+00:00,2520.652,RX,baseline,0001B518,1,7,01 00 00 0F 03 18 B5
2026-09-28T15:21:42.263+00:00,2520.897,RX,baseline,0011B518,1,5,01 00 00 18 B5
2026-09-28T15:21:42.267+00:00,2525.770,RX,baseline,00012337,1,7,01 00 00 0F 03 37 23
2026-09-28T15:21:42.267+00:00,2525.831,RX,baseline,00112337,1,5,01 00 00 37 23
2026-09-28T15:21:42.272+00:00,2530.618,RX,baseline,00010592,1,7,01 00 00 0F 03 92 05
2026-09-28T15:21:42.273+00:00,2530.901,RX,baseline,00110592,1,5,01 00 00 92 05
2026-09-28T15:21:42.277+00:00,2535.646,RX,baseline,00011319,1,7,01 00 00 0F 03 19 13
2026-09-28T15:21:42.277+00:00,2535.830,RX,baseline,00111319,1,5,01 00 00 19 13
2026-09-28T15:21:42.282+00:00,2540.584,RX,baseline,000178D4,1,7,01 00 00 0F 03 D4 78
2026-09-28T15:21:42.282+00:00,2540.833,RX,baseline,001178D4,1,5,01 00 00 D4 78
2026-09-28T15:21:42.287+00:00,2545.616,RX,baseline,0001E26A,1,7,01 00 00 0F 03 6A E2
2026-09-28T15:21:42.287+00:00,2545.743,RX,baseline,0011E26A,1,5,01 00 00 6A E2
2026-09-28T15:21:42.292+00:00,2550.607,RX,baseline,0001D865,1,7,01 00 00 0F 03 65 D8
2026-09-28T15:21:42.292+00:00,2550.841,RX,baseline,0011D865,1,5,01 00 00 65 D8
2026-09-28T15:21:42.297+00:00,2555.564,RX,baseline,0001A435,1,7,01 00 00 0F 03 35 A4
2026-09-28T15:21:42.297+00:00,2555.778,RX,baseline,0011A435,1,5,01 00 00 35 A4
2026-09-28T15:21:42.302+00:00,2560.572,RX,baseline,00013374,1,7,01 00 00 0F 03 74 33
2026-09-28T15:21:42.302+00:00,2560.782,RX,baseline,00113374,1,5,01 00 00 74 33
2026-09-28T15:21:42.307+00:00,2565.570,RX,baseline,0001130D,1,7,01 00 00 0F 03 0D 13
2026-09-28T15:21:42.307+00:00,2565.811,RX,baseline,0011130D,1,5,01 00 00 0D 13
2026-09-28T15:21:42.312+00:00,2570.553,RX,baseline,0001124E,1,7,01 00 00 0F 03 4E 12
2026-09-28T15:21:42.312+00:00,2570.818,RX,baseline,0011124E,1,5,01 00 00 4E 12
2026-09-28T15:21:42.317+00:00,2575.534,RX,baseline,0001D9E7,1,7,01 00 00 0F 03 E7 D9
2026-09-28T15:21:42.317+00:00,2575.828,RX,baseline,0011D9E7,1,5,01 00 00 E7 D9
2026-09-28T15:21:42.322+00:00,2580.673,RX,baseline,0001F506,1,7,01 00 00 0F 03 06 F5
2026-09-28T15:21:42.322+00:00,2580.772,RX,baseline,0011F506,1,5,01 00 00 06 F5
2026-09-28T15:21:42.327+00:00,2585.620,RX,baseline,0001352C,1,7,01 00 00 0F 03 2C 35
2026-09-28T15:21:42.327+00:00,2585.838,RX,baseline,0011352C,1,5,01 00 00 2C 35
2026-09-28T15:21:42.332+00:00,2590.559,RX,baseline,000177D9,1,7,01 00 00 0F 03 D9 77
2026-09-28T15:21:42.332+00:00,2590.769,RX,baseline,001177D9,1,5,01 00 00 D9 77
2026-09-28T15:21:42.337+00:00,2595.574,RX,baseline,00017E33,1,7,01 00 00 0F 03 33 7E
2026-09-28T15:21:42.338+00:00,2595.881,RX,baseline,00117E33,1,5,01 00 00 33 7E
2026-09-28T15:21:42.342+00:00,2600.564,RX,baseline,0001DF8C,1,7,01 00 00 0F 03 8C DF
2026-09-28T15:21:42.342+00:00,2600.782,RX,baseline,0011DF8C,1,5,01 00 00 8C DF
2026-09-28T15:21:42.347+00:00,2605.643,RX,baseline,00014DFF,1,7,01 00 00 0F 03 FF 4D
2026-09-28T15:21:42.347+00:00,2605.751,RX,baseline,00114DFF,1,5,01 00 00 FF 4D
2026-09-28T15:21:42.352+00:00,2610.539,RX,baseline,0001E9CF,1,7,01 00 00 0F 03 CF E9
2026-09-28T15:21:42.352+00:00,2610.838,RX,baseline,0011E9CF,1,5,01 00 00 CF E9
2026-09-28T15:21:42.357+00:00,2615.564,RX,baseline,000110F6,1,7,01 00 00 0F 03 F6 10
2026-09-28T15:21:42.357+00:00,2615.832,RX,baseline,001110F6,1,5,01 00 00 F6 10
2026-09-28T15:21:42.362+00:00,2620.664,RX,baseline,00010976,1,7,01 00 00 0F 03 76 09
2026-09-28T15:21:42.362+00:00,2620.783,RX,baseline,00110976,1,5,01 00 00 76 09
2026-09-28T15:21:42.367+00:00,2625.544,RX,baseline,000127ED,1,7,01 00 00 0F 03 ED 27
2026-09-28T15:21:42.367+00:00,2625.793,RX,baseline,001127ED,1,5,01 00 00 ED 27
2026-09-28T15:21:42.372+00:00,2630.551,RX,baseline,00010C03,1,7,01 00 00 0F 03 03 0C
2026-09-28T15:21:42.372+00:00,2630.792,RX,baseline,00110C03,1,5,01 00 00 03 0C
2026-09-28T15:21:42.377+00:00,2635.545,RX,baseline,0001B7C1,1,7,01 00 00 0F 03 C1 B7
2026-09-28T15:21:42.377+00:00,2635.796,RX,baseline,0011B7C1,1,5,01 00 00 C1 B7
2026-09-28T15:21:42.382+00:00,2640.549,RX,baseline,0001B5D3,1,7,01 00 00 0F 03 D3 B5
2026-09-28T15:21:42.382+00:00,2640.800,RX,baseline,0011B5D3,1,5,01 00 00 D3 B5
2026-09-28T15:21:42.387+00:00,2645.552,RX,baseline,0001934E,1,7,01 00 00 0F 03 4E 93
2026-09-28T15:21:42.388+00:00,2645.903,RX,baseline,0011934E,1,5,01 00 00 4E 93
2026-09-28T15:21:42.392+00:00,2650.626,RX,baseline,0001C3EC,1,7,01 00 00 0F 03 EC C3
2026-09-28T15:21:42.393+00:00,2650.870,RX,baseline,0011C3EC,1,5,01 00 00 EC C3
2026-09-28T15:21:42.397+00:00,2655.613,RX,baseline,0001D885,1,7,01 00 00 0F 03 85 D8
2026-09-28T15:21:42.397+00:00,2655.763,RX,baseline,0011D885,1,5,01 00 00 85 D8
2026-09-28T15:21:42.402+00:00,2660.522,RX,baseline,00014645,1,7,01 00 00 0F 03 45 46
2026-09-28T15:21:42.403+00:00,2660.870,RX,baseline,00114645,1,5,01 00 00 45 46
2026-09-28T15:21:42.407+00:00,2665.601,RX,baseline,0001DBF3,1,7,01 00 00 0F 03 F3 DB
2026-09-28T15:21:42.407+00:00,2665.855,RX,baseline,0011DBF3,1,5,01 00 00 F3 DB
2026-09-28T15:21:42.412+00:00,2670.588,RX,baseline,0001B2F7,1,7,01 00 00 0F 03 F7 B2
2026-09-28T15:21:42.412+00:00,2670.815,RX,baseline,0011B2F7,1,5,01 00 00 F7 B2
2026-09-28T15:21:42.417+00:00,2675.544,RX,baseline,000122F3,1,7,01 00 00 0F 03 F3 22
2026-09-28T15:21:42.418+00:00,2675.904,RX,baseline,001122F3,1,5,01 00 00 F3 22
2026-09-28T15:21:42.422+00:00,2680.526,RX,baseline,00015EB8,1,7,01 00 00 0F 03 B8 5E
2026-09-28T15:21:42.422+00:00,2680.804,RX,baseline,00115EB8,1,5,01 00 00 B8 5E
2026-09-28T15:21:42.427+00:00,2685.489,RX,baseline,0001F766,1,7,01 00 00 0F 03 66 F7
2026-09-28T15:21:42.427+00:00,2685.723,RX,baseline,0011F766,1,5,01 00 00 66 F7
2026-09-28T15:21:42.432+00:00,2690.738,RX,baseline,0001F899,1,7,01 00 00 0F 03 99 F8
2026-09-28T15:21:42.432+00:00,2690.832,RX,baseline,0011F899,1,5,01 00 00 99 F8
2026-09-28T15:21:42.437+00:00,2695.570,RX,baseline,000138A0,1,7,01 00 00 0F 03 A0 38
2026-09-28T15:21:42.437+00:00,2695.841,RX,baseline,001138A0,1,5,01 00 00 A0 38
2026-09-28T15:21:42.442+00:00,2700.561,RX,baseline,0001EAD2,1,7,01 00 00 0F 03 D2 EA
2026-09-28T15:21:42.442+00:00,2700.824,RX,baseline,0011EAD2,1,5,01 00 00 D2 EA
2026-09-28T15:21:42.448+00:00,2705.890,RX,baseline,0001EFF1,1,7,01 00 00 0F 03 F1 EF
2026-09-28T15:21:42.448+00:00,2705.950,RX,baseline,0011EFF1,1,5,01 00 00 F1 EF
2026-09-28T15:21:42.452+00:00,2710.644,RX,baseline,0001A027,1,7,01 00 00 0F 03 27 A0
2026-09-28T15:21:42.452+00:00,2710.804,RX,baseline,0011A027,1,5,01 00 00 27 A0
2026-09-28T15:21:42.457+00:00,2715.819,RX,baseline,00018FEB,1,7,01 00 00 0F 03 EB 8F
2026-09-28T15:21:42.458+00:00,2715.913,RX,baseline,00118FEB,1,5,01 00 00 EB 8F
2026-09-28T15:21:42.462+00:00,2720.753,RX,baseline,00012D29,1,7,01 00 00 0F 03 29 2D
2026-09-28T15:21:42.462+00:00,2720.830,RX,baseline,00112D29,1,5,01 00 00 29 2D
2026-09-28T15:21:42.467+00:00,2725.744,RX,baseline,0001145F,1,7,01 00 00 0F 03 5F 14
2026-09-28T15:21:42.467+00:00,2725.826,RX,baseline,0011145F,1,5,01 00 00 5F 14
2026-09-28T15:21:42.472+00:00,2730.690,RX,baseline,00012E64,1,7,01 00 00 0F 03 64 2E
2026-09-28T15:21:42.472+00:00,2730.764,RX,baseline,00112E64,1,5,01 00 00 64 2E
2026-09-28T15:21:42.477+00:00,2735.753,RX,baseline,0001319E,1,7,01 00 00 0F 03 9E 31
2026-09-28T15:21:42.477+00:00,2735.856,RX,baseline,0011319E,1,5,01 00 00 9E 31
2026-09-28T15:21:42.482+00:00,2740.660,RX,baseline,0001E436,1,7,01 00 00 0F 03 36 E4
2026-09-28T15:21:42.483+00:00,2740.944,RX,baseline,0011E436,1,5,01 00 00 36 E4
2026-09-28T15:21:42.487+00:00,2745.795,RX,baseline,00016C83,1,7,01 00 00 0F 03 83 6C
2026-09-28T15:21:42.488+00:00,2745.938,RX,baseline,00116C83,1,5,01 00 00 83 6C
2026-09-28T15:21:42.492+00:00,2750.719,RX,baseline,000142DE,1,7,01 00 00 0F 03 DE 42
2026-09-28T15:21:42.492+00:00,2750.827,RX,baseline,001142DE,1,5,01 00 00 DE 42
2026-09-28T15:21:42.497+00:00,2755.572,RX,baseline,0001A955,1,7,01 00 00 0F 03 55 A9
2026-09-28T15:21:42.497+00:00,2755.823,RX,baseline,0011A955,1,5,01 00 00 55 A9
2026-09-28T15:21:42.502+00:00,2760.526,RX,baseline,0001350B,1,7,01 00 00 0F 03 0B 35
2026-09-28T15:21:42.502+00:00,2760.811,RX,baseline,0011350B,1,5,01 00 00 0B 35
2026-09-28T15:21:42.507+00:00,2765.558,RX,baseline,0001EE7C,1,7,01 00 00 0F 03 7C EE
2026-09-28T15:21:42.507+00:00,2765.781,RX,baseline,0011EE7C,1,5,01 00 00 7C EE
2026-09-28T15:21:42.512+00:00,2770.559,RX,baseline,00011CF8,1,7,01 00 00 0F 03 F8 1C
2026-09-28T15:21:42.512+00:00,2770.804,RX,baseline,00111CF8,1,5,01 00 00 F8 1C
2026-09-28T15:21:42.517+00:00,2775.526,RX,baseline,0001B4A2,1,7,01 00 00 0F 03 A2 B4
2026-09-28T15:21:42.517+00:00,2775.799,RX,baseline,0011B4A2,1,5,01 00 00 A2 B4
2026-09-28T15:21:42.522+00:00,2780.527,RX,baseline,0001DBC6,1,7,01 00 00 0F 03 C6 DB
2026-09-28T15:21:42.523+00:00,2780.891,RX,baseline,0011DBC6,1,5,01 00 00 C6 DB
2026-09-28T15:21:42.527+00:00,2785.619,RX,baseline,0001D4B5,1,7,01 00 00 0F 03 B5 D4
2026-09-28T15:21:42.528+00:00,2785.949,RX,baseline,0011D4B5,1,5,01 00 00 B5 D4
2026-09-28T15:21:42.532+00:00,2790.841,RX,baseline,000130C5,1,7,01 00 00 0F 03 C5 30
2026-09-28T15:21:42.533+00:00,2790.922,RX,baseline,001130C5,1,5,01 00 00 C5 30
2026-09-28T15:21:42.537+00:00,2795.565,RX,baseline,000120EC,1,7,01 00 00 0F 03 EC 20
2026-09-28T15:21:42.537+00:00,2795.685,RX,baseline,001120EC,1,5,01 00 00 EC 20
2026-09-28T15:21:42.542+00:00,2800.613,RX,baseline,000125C4,1,7,01 00 00 0F 03 C4 25
2026-09-28T15:21:42.542+00:00,2800.742,RX,baseline,001125C4,1,5,01 00 00 C4 25
2026-09-28T15:21:42.547+00:00,2805.497,RX,baseline,0001F4AE,1,7,01 00 00 0F 03 AE F4
2026-09-28T15:21:42.547+00:00,2805.702,RX,baseline,0011F4AE,1,5,01 00 00 AE F4
2026-09-28T15:21:42.552+00:00,2810.549,RX,baseline,0001BB9A,1,7,01 00 00 0F 03 9A BB
2026-09-28T15:21:42.552+00:00,2810.742,RX,baseline,0011BB9A,1,5,01 00 00 9A BB
2026-09-28T15:21:42.557+00:00,2815.602,RX,baseline,00019C1A,1,7,01 00 00 0F 03 1A 9C
2026-09-28T15:21:42.557+00:00,2815.768,RX,baseline,00119C1A,1,5,01 00 00 1A 9C
2026-09-28T15:21:42.562+00:00,2820.606,RX,baseline,00011595,1,7,01 00 00 0F 03 95 15
2026-09-28T15:21:42.562+00:00,2820.802,RX,baseline,00111595,1,5,01 00 00 95 15
2026-09-28T15:21:42.567+00:00,2825.539,RX,baseline,00010A7D,1,7,01 00 00 0F 03 7D 0A
2026-09-28T15:21:42.567+00:00,2825.730,RX,baseline,00110A7D,1,5,01 00 00 7D 0A
2026-09-28T15:21:42.572+00:00,2830.524,RX,baseline,00014061,1,7,01 00 00 0F 03 61 40
2026-09-28T15:21:42.572+00:00,2830.710,RX,baseline,00114061,1,5,01 00 00 61 40
2026-09-28T15:21:42.577+00:00,2835.532,RX,baseline,00018BF3,1,7,01 00 00 0F 03 F3 8B
2026-09-28T15:21:42.577+00:00,2835.718,RX,baseline,00118BF3,1,5,01 00 00 F3 8B
2026-09-28T15:21:42.582+00:00,2840.482,RX,baseline,000168B2,1,7,01 00 00 0F 03 B2 68
2026-09-28T15:21:42.582+00:00,2840.741,RX,baseline,001168B2,1,5,01 00 00 B2 68
2026-09-28T15:21:42.587+00:00,2845.491,RX,baseline,00010912,1,7,01 00 00 0F 03 12 09
2026-09-28T15:21:42.587+00:00,2845.835,RX,baseline,00110912,1,5,01 00 00 12 09
2026-09-28T15:21:42.592+00:00,2850.580,RX,baseline,000133AE,1,7,01 00 00 0F 03 AE 33
2026-09-28T15:21:42.592+00:00,2850.823,RX,baseline,001133AE,1,5,01 00 00 AE 33
2026-09-28T15:21:42.597+00:00,2855.705,RX,baseline,0001BC42,1,7,01 00 00 0F 03 42 BC
2026-09-28T15:21:42.597+00:00,2855.840,RX,baseline,0011BC42,1,5,01 00 00 42 BC
2026-09-28T15:21:42.602+00:00,2860.808,RX,baseline,00019EEF,1,7,01 00 00 0F 03 EF 9E
2026-09-28T15:21:42.603+00:00,2860.882,RX,baseline,00119EEF,1,5,01 00 00 EF 9E
2026-09-28T15:21:42.607+00:00,2865.729,RX,baseline,00016B3C,1,7,01 00 00 0F 03 3C 6B
2026-09-28T15:21:42.607+00:00,2865.807,RX,baseline,00116B3C,1,5,01 00 00 3C 6B
2026-09-28T15:21:42.612+00:00,2870.704,RX,baseline,00016B93,1,7,01 00 00 0F 03 93 6B
2026-09-28T15:21:42.612+00:00,2870.832,RX,baseline,00116B93,1,5,01 00 00 93 6B
2026-09-28T15:21:42.617+00:00,2875.544,RX,baseline,000167BD,1,7,01 00 00 0F 03 BD 67
2026-09-28T15:21:42.618+00:00,2875.892,RX,baseline,001167BD,1,5,01 00 00 BD 67
2026-09-28T15:21:42.622+00:00,2880.521,RX,baseline,00011BB1,1,7,01 00 00 0F 03 B1 1B
2026-09-28T15:21:42.623+00:00,2880.873,RX,baseline,00111BB1,1,5,01 00 00 B1 1B
2026-09-28T15:21:42.627+00:00,2885.709,RX,baseline,00017D6E,1,7,01 00 00 0F 03 6E 7D
2026-09-28T15:21:42.627+00:00,2885.784,RX,baseline,00117D6E,1,5,01 00 00 6E 7D
2026-09-28T15:21:42.632+00:00,2890.520,RX,baseline,0001CF33,1,7,01 00 00 0F 03 33 CF
2026-09-28T15:21:42.632+00:00,2890.799,RX,baseline,0011CF33,1,5,01 00 00 33 CF
2026-09-28T15:21:42.637+00:00,2895.625,RX,baseline,0001D3A2,1,7,01 00 00 0F 03 A2 D3
2026-09-28T15:21:42.637+00:00,2895.775,RX,baseline,0011D3A2,1,5,01 00 00 A2 D3
2026-09-28T15:21:42.642+00:00,2900.557,RX,baseline,000120DF,1,7,01 00 00 0F 03 DF 20
2026-09-28T15:21:42.642+00:00,2900.779,RX,baseline,001120DF,1,5,01 00 00 DF 20
2026-09-28T15:21:42.647+00:00,2905.658,RX,baseline,0001BC41,1,7,01 00 00 0F 03 41 BC
2026-09-28T15:21:42.647+00:00,2905.839,RX,baseline,0011BC41,1,5,01 00 00 41 BC
2026-09-28T15:21:42.652+00:00,2910.766,RX,baseline,0001DA17,1,7,01 00 00 0F 03 17 DA
2026-09-28T15:21:42.652+00:00,2910.819,RX,baseline,0011DA17,1,5,01 00 00 17 DA
2026-09-28T15:21:42.657+00:00,2915.669,RX,baseline,00013225,1,7,01 00 00 0F 03 25 32
2026-09-28T15:21:42.657+00:00,2915.796,RX,baseline,00113225,1,5,01 00 00 25 32
2026-09-28T15:21:42.662+00:00,2920.598,RX,baseline,0001FF99,1,7,01 00 00 0F 03 99 FF
2026-09-28T15:21:42.662+00:00,2920.701,RX,baseline,0011FF99,1,5,01 00 00 99 FF
2026-09-28T15:21:42.667+00:00,2925.619,RX,baseline,00011BB9,1,7,01 00 00 0F 03 B9 1B
2026-09-28T15:21:42.668+00:00,2925.878,RX,baseline,00111BB9,1,5,01 00 00 B9 1B
2026-09-28T15:21:42.672+00:00,2930.591,RX,baseline,00011F42,1,7,01 00 00 0F 03 42 1F
2026-09-28T15:21:42.672+00:00,2930.735,RX,baseline,00111F42,1,5,01 00 00 42 1F
2026-09-28T15:21:42.677+00:00,2935.761,RX,baseline,0001878C,1,7,01 00 00 0F 03 8C 87
2026-09-28T15:21:42.677+00:00,2935.836,RX,baseline,0011878C,1,5,01 00 00 8C 87
2026-09-28T15:21:42.682+00:00,2940.645,RX,baseline,000102AA,1,7,01 00 00 0F 03 AA 02
2026-09-28T15:21:42.682+00:00,2940.734,RX,baseline,001102AA,1,5,01 00 00 AA 02
2026-09-28T15:21:42.687+00:00,2945.792,RX,baseline,00014746,1,7,01 00 00 0F 03 46 47
2026-09-28T15:21:42.688+00:00,2945.881,RX,baseline,00114746,1,5,01 00 00 46 47
2026-09-28T15:21:42.692+00:00,2950.723,RX,baseline,0001E806,1,7,01 00 00 0F 03 06 E8
2026-09-28T15:21:42.692+00:00,2950.783,RX,baseline,0011E806,1,5,01 00 00 06 E8
2026-09-28T15:21:42.697+00:00,2955.565,RX,baseline,00015216,1,7,01 00 00 0F 03 16 52
2026-09-28T15:21:42.697+00:00,2955.766,RX,baseline,00115216,1,5,01 00 00 16 52
2026-09-28T15:21:42.702+00:00,2960.517,RX,baseline,000192BD,1,7,01 00 00 0F 03 BD 92
2026-09-28T15:21:42.702+00:00,2960.786,RX,baseline,001192BD,1,5,01 00 00 BD 92
2026-09-28T15:21:42.707+00:00,2965.524,RX,baseline,00010A90,1,7,01 00 00 0F 03 90 0A
2026-09-28T15:21:42.707+00:00,2965.770,RX,baseline,00110A90,1,5,01 00 00 90 0A
2026-09-28T15:21:42.712+00:00,2970.535,RX,baseline,0001CE94,1,7,01 00 00 0F 03 94 CE
2026-09-28T15:21:42.712+00:00,2970.811,RX,baseline,0011CE94,1,5,01 00 00 94 CE
2026-09-28T15:21:42.717+00:00,2975.506,RX,baseline,0001789F,1,7,01 00 00 0F 03 9F 78
2026-09-28T15:21:42.717+00:00,2975.794,RX,baseline,0011789F,1,5,01 00 00 9F 78
2026-09-28T15:21:42.722+00:00,2980.587,RX,baseline,00014851,1,7,01 00 00 0F 03 51 48
2026-09-28T15:21:42.722+00:00,2980.697,RX,baseline,00114851,1,5,01 00 00 51 48
2026-09-28T15:21:42.727+00:00,2985.536,RX,baseline,0001A2F2,1,7,01 00 00 0F 03 F2 A2
2026-09-28T15:21:42.727+00:00,2985.805,RX,baseline,0011A2F2,1,5,01 00 00 F2 A2
2026-09-28T15:21:42.732+00:00,2990.676,RX,baseline,00012854,1,7,01 00 00 0F 03 54 28
2026-09-28T15:21:42.732+00:00,2990.848,RX,baseline,00112854,1,5,01 00 00 54 28
2026-09-28T15:21:42.737+00:00,2995.677,RX,baseline,00011805,1,7,01 00 00 0F 03 05 18
2026-09-28T15:21:42.737+00:00,2995.756,RX,baseline,00111805,1,5,01 00 00 05 18
2026-09-28T15:21:42.742+00:00,3000.687,RX,baseline,0001FB6D,1,7,01 00 00 0F 03 6D FB
2026-09-28T15:21:42.742+00:00,3000.745,RX,baseline,0011FB6D,1,5,01 00 00 6D FB
2026-09-28T15:21:42.747+00:00,3005.539,RX,baseline,0001F5C1,1,7,01 00 00 0F 03 C1 F5
2026-09-28T15:21:42.747+00:00,3005.793,RX,baseline,0011F5C1,1,5,01 00 00 C1 F5
2026-09-28T15:21:42.752+00:00,3010.500,RX,baseline,0001C7F9,1,7,01 00 00 0F 03 F9 C7
2026-09-28T15:21:42.752+00:00,3010.743,RX,baseline,0011C7F9,1,5,01 00 00 F9 C7
2026-09-28T15:21:42.757+00:00,3015.466,RX,baseline,00013F47,1,7,01 00 00 0F 03 47 3F
2026-09-28T15:21:42.757+00:00,3015.718,RX,baseline,00113F47,1,5,01 00 00 47 3F
2026-09-28T15:21:42.762+00:00,3020.484,RX,baseline,0001BD13,1,7,01 00 00 0F 03 13 BD
2026-09-28T15:21:42.762+00:00,3020.782,RX,baseline,0011BD13,1,5,01 00 00 13 BD
2026-09-28T15:21:42.767+00:00,3025.557,RX,baseline,0001F755,1,7,01 00 00 0F 03 55 F7
2026-09-28T15:21:42.767+00:00,3025.785,RX,baseline,0011F755,1,5,01 00 00 55 F7
2026-09-28T15:21:42.772+00:00,3030.557,RX,baseline,00015752,1,7,01 00 00 0F 03 52 57
2026-09-28T15:21:42.773+00:00,3030.857,RX,baseline,00115752,1,5,01 00 00 52 57
2026-09-28T15:21:42.777+00:00,3035.538,RX,baseline,0001D272,1,7,01 00 00 0F 03 72 D2
2026-09-28T15:21:42.777+00:00,3035.768,RX,baseline,0011D272,1,5,01 00 00 72 D2
2026-09-28T15:21:42.782+00:00,3040.505,RX,baseline,00011274,1,7,01 00 00 0F 03 74 12
2026-09-28T15:21:42.782+00:00,3040.774,RX,baseline,00111274,1,5,01 00 00 74 12
2026-09-28T15:21:42.787+00:00,3045.721,RX,baseline,0001EEC4,1,7,01 00 00 0F 03 C4 EE
2026-09-28T15:21:42.787+00:00,3045.791,RX,baseline,0011EEC4,1,5,01 00 00 C4 EE
2026-09-28T15:21:42.792+00:00,3050.499,RX,baseline,000118E1,1,7,01 00 00 0F 03 E1 18
2026-09-28T15:21:42.792+00:00,3050.807,RX,baseline,001118E1,1,5,01 00 00 E1 18
2026-09-28T15:21:42.797+00:00,3055.499,RX,baseline,0001503B,1,7,01 00 00 0F 03 3B 50
2026-09-28T15:21:42.798+00:00,3055.857,RX,baseline,0011503B,1,5,01 00 00 3B 50
2026-09-28T15:21:42.802+00:00,3060.638,RX,baseline,0001D1E8,1,7,01 00 00 0F 03 E8 D1
2026-09-28T15:21:42.802+00:00,3060.721,RX,baseline,0011D1E8,1,5,01 00 00 E8 D1
2026-09-28T15:21:42.807+00:00,3065.601,RX,baseline,0001CA6F,1,7,01 00 00 0F 03 6F CA
2026-09-28T15:21:42.807+00:00,3065.757,RX,baseline,0011CA6F,1,5,01 00 00 6F CA
2026-09-28T15:21:42.812+00:00,3070.660,RX,baseline,0001592D,1,7,01 00 00 0F 03 2D 59
2026-09-28T15:21:42.812+00:00,3070.754,RX,baseline,0011592D,1,5,01 00 00 2D 59
2026-09-28T15:21:42.817+00:00,3075.661,RX,baseline,0001B26B,1,7,01 00 00 0F 03 6B B2
2026-09-28T15:21:42.817+00:00,3075.847,RX,baseline,0011B26B,1,5,01 00 00 6B B2
2026-09-28T15:21:42.822+00:00,3080.574,RX,baseline,00015D9B,1,7,01 00 00 0F 03 9B 5D
2026-09-28T15:21:42.822+00:00,3080.709,RX,baseline,00115D9B,1,5,01 00 00 9B 5D
2026-09-28T15:21:42.827+00:00,3085.587,RX,baseline,0001713D,1,7,01 00 00 0F 03 3D 71
2026-09-28T15:21:42.827+00:00,3085.666,RX,baseline,0011713D,1,5,01 00 00 3D 71
2026-09-28T15:21:42.832+00:00,3090.564,RX,baseline,00010FD7,1,7,01 00 00 0F 03 D7 0F
2026-09-28T15:21:42.832+00:00,3090.800,RX,baseline,00110FD7,1,5,01 00 00 D7 0F
2026-09-28T15:21:42.837+00:00,3095.580,RX,baseline,000120FD,1,7,01 00 00 0F 03 FD 20
2026-09-28T15:21:42.837+00:00,3095.850,RX,baseline,001120FD,1,5,01 00 00 FD 20
2026-09-28T15:21:42.842+00:00,3100.655,RX,baseline,0001A007,1,7,01 00 00 0F 03 07 A0
2026-09-28T15:21:42.842+00:00,3100.792,RX,baseline,0011A007,1,5,01 00 00 07 A0
2026-09-28T15:21:42.847+00:00,3105.626,RX,baseline,000110A9,1,7,01 00 00 0F 03 A9 10
2026-09-28T15:21:42.847+00:00,3105.717,RX,baseline,001110A9,1,5,01 00 00 A9 10
2026-09-28T15:21:42.852+00:00,3110.615,RX,baseline,0001506E,1,7,01 00 00 0F 03 6E 50
2026-09-28T15:21:42.852+00:00,3110.780,RX,baseline,0011506E,1,5,01 00 00 6E 50
2026-09-28T15:21:42.857+00:00,3115.698,RX,baseline,0001E008,1,7,01 00 00 0F 03 08 E0
2026-09-28T15:21:42.857+00:00,3115.788,RX,baseline,0011E008,1,5,01 00 00 08 E0
2026-09-28T15:21:42.862+00:00,3120.716,RX,baseline,00011A25,1,7,01 00 00 0F 03 25 1A
2026-09-28T15:21:42.862+00:00,3120.796,RX,baseline,00111A25,1,5,01 00 00 25 1A
2026-09-28T15:21:42.867+00:00,3125.780,RX,baseline,0001777C,1,7,01 00 00 0F 03 7C 77
2026-09-28T15:21:42.868+00:00,3125.865,RX,baseline,0011777C,1,5,01 00 00 7C 77
2026-09-28T15:21:42.872+00:00,3130.511,RX,baseline,00011701,1,7,01 00 00 0F 03 01 17
2026-09-28T15:21:42.873+00:00,3130.854,RX,baseline,00111701,1,5,01 00 00 01 17
2026-09-28T15:21:42.877+00:00,3135.698,RX,baseline,00010C5E,1,7,01 00 00 0F 03 5E 0C
2026-09-28T15:21:42.877+00:00,3135.848,RX,baseline,00110C5E,1,5,01 00 00 5E 0C
2026-09-28T15:21:42.882+00:00,3140.510,RX,baseline,0001FF61,1,7,01 00 00 0F 03 61 FF
2026-09-28T15:21:42.883+00:00,3140.856,RX,baseline,0011FF61,1,5,01 00 00 61 FF
2026-09-28T15:21:42.887+00:00,3145.717,RX,baseline,0001415A,1,7,01 00 00 0F 03 5A 41
2026-09-28T15:21:42.887+00:00,3145.784,RX,baseline,0011415A,1,5,01 00 00 5A 41
2026-09-28T15:21:42.892+00:00,3150.478,RX,baseline,00018C78,1,7,01 00 00 0F 03 78 8C
2026-09-28T15:21:42.892+00:00,3150.743,RX,baseline,00118C78,1,5,01 00 00 78 8C
2026-09-28T15:21:42.897+00:00,3155.412,RX,baseline,000172F0,1,7,01 00 00 0F 03 F0 72
2026-09-28T15:21:42.897+00:00,3155.773,RX,baseline,001172F0,1,5,01 00 00 F0 72
2026-09-28T15:21:42.902+00:00,3160.511,RX,baseline,00013351,1,7,01 00 00 0F 03 51 33
2026-09-28T15:21:42.902+00:00,3160.728,RX,baseline,00113351,1,5,01 00 00 51 33
2026-09-28T15:21:42.907+00:00,3165.524,RX,baseline,00015EFD,1,7,01 00 00 0F 03 FD 5E
2026-09-28T15:21:42.907+00:00,3165.742,RX,baseline,00115EFD,1,5,01 00 00 FD 5E
2026-09-28T15:21:42.912+00:00,3170.620,RX,baseline,0001D6A2,1,7,01 00 00 0F 03 A2 D6
2026-09-28T15:21:42.912+00:00,3170.688,RX,baseline,0011D6A2,1,5,01 00 00 A2 D6
2026-09-28T15:21:42.917+00:00,3175.496,RX,baseline,000162F7,1,7,01 00 00 0F 03 F7 62
2026-09-28T15:21:42.917+00:00,3175.721,RX,baseline,001162F7,1,5,01 00 00 F7 62
2026-09-28T15:21:42.922+00:00,3180.494,RX,baseline,00016924,1,7,01 00 00 0F 03 24 69
2026-09-28T15:21:42.922+00:00,3180.736,RX,baseline,00116924,1,5,01 00 00 24 69
2026-09-28T15:21:42.927+00:00,3185.483,RX,baseline,00013343,1,7,01 00 00 0F 03 43 33
2026-09-28T15:21:42.927+00:00,3185.737,RX,baseline,00113343,1,5,01 00 00 43 33
2026-09-28T15:21:42.932+00:00,3190.505,RX,baseline,0001840D,1,7,01 00 00 0F 03 0D 84
2026-09-28T15:21:42.932+00:00,3190.712,RX,baseline,0011840D,1,5,01 00 00 0D 84
2026-09-28T15:21:42.937+00:00,3195.625,RX,baseline,00016ED3,1,7,01 00 00 0F 03 D3 6E
2026-09-28T15:21:42.937+00:00,3195.775,RX,baseline,00116ED3,1,5,01 00 00 D3 6E
2026-09-28T15:21:42.942+00:00,3200.610,RX,baseline,000134DB,1,7,01 00 00 0F 03 DB 34
2026-09-28T15:21:42.942+00:00,3200.709,RX,baseline,001134DB,1,5,01 00 00 DB 34
2026-09-28T15:21:42.947+00:00,3205.624,RX,baseline,0001FCE9,1,7,01 00 00 0F 03 E9 FC
2026-09-28T15:21:42.947+00:00,3205.717,RX,baseline,0011FCE9,1,5,01 00 00 E9 FC
2026-09-28T15:21:42.952+00:00,3210.588,RX,baseline,00012798,1,7,01 00 00 0F 03 98 27
2026-09-28T15:21:42.952+00:00,3210.671,RX,baseline,00112798,1,5,01 00 00 98 27
2026-09-28T15:21:42.957+00:00,3215.562,RX,baseline,00015BB0,1,7,01 00 00 0F 03 B0 5B
2026-09-28T15:21:42.957+00:00,3215.683,RX,baseline,00115BB0,1,5,01 00 00 B0 5B
2026-09-28T15:21:42.962+00:00,3220.595,RX,baseline,0001123A,1,7,01 00 00 0F 03 3A 12
2026-09-28T15:21:42.962+00:00,3220.825,RX,baseline,0011123A,1,5,01 00 00 3A 12
2026-09-28T15:21:42.967+00:00,3225.695,RX,baseline,00012913,1,7,01 00 00 0F 03 13 29
2026-09-28T15:21:42.967+00:00,3225.842,RX,baseline,00112913,1,5,01 00 00 13 29
2026-09-28T15:21:42.972+00:00,3230.539,RX,baseline,0001E7C9,1,7,01 00 00 0F 03 C9 E7
2026-09-28T15:21:42.972+00:00,3230.690,RX,baseline,0011E7C9,1,5,01 00 00 C9 E7
2026-09-28T15:21:42.977+00:00,3235.570,RX,baseline,0001CFEE,1,7,01 00 00 0F 03 EE CF
2026-09-28T15:21:42.978+00:00,3235.895,RX,baseline,0011CFEE,1,5,01 00 00 EE CF
2026-09-28T15:21:42.982+00:00,3240.492,RX,baseline,0001717B,1,7,01 00 00 0F 03 7B 71
2026-09-28T15:21:42.982+00:00,3240.696,RX,baseline,0011717B,1,5,01 00 00 7B 71
2026-09-28T15:21:42.987+00:00,3245.493,RX,baseline,00019292,1,7,01 00 00 0F 03 92 92
2026-09-28T15:21:42.987+00:00,3245.694,RX,baseline,00119292,1,5,01 00 00 92 92
2026-09-28T15:21:42.992+00:00,3250.629,RX,baseline,000109DE,1,7,01 00 00 0F 03 DE 09
2026-09-28T15:21:42.992+00:00,3250.798,RX,baseline,001109DE,1,5,01 00 00 DE 09
2026-09-28T15:21:42.997+00:00,3255.522,RX,baseline,00012C3D,1,7,01 00 00 0F 03 3D 2C
2026-09-28T15:21:42.997+00:00,3255.676,RX,baseline,00112C3D,1,5,01 00 00 3D 2C
2026-09-28T15:21:43.002+00:00,3260.624,RX,baseline,0001D9C7,1,7,01 00 00 0F 03 C7 D9
2026-09-28T15:21:43.002+00:00,3260.713,RX,baseline,0011D9C7,1,5,01 00 00 C7 D9
2026-09-28T15:21:43.007+00:00,3265.564,RX,baseline,0001E1E4,1,7,01 00 00 0F 03 E4 E1
2026-09-28T15:21:43.007+00:00,3265.689,RX,baseline,0011E1E4,1,5,01 00 00 E4 E1
2026-09-28T15:21:43.012+00:00,3270.544,RX,baseline,00018CA4,1,7,01 00 00 0F 03 A4 8C
2026-09-28T15:21:43.012+00:00,3270.662,RX,baseline,00118CA4,1,5,01 00 00 A4 8C
2026-09-28T15:21:43.017+00:00,3275.611,RX,baseline,0001738A,1,7,01 00 00 0F 03 8A 73
2026-09-28T15:21:43.018+00:00,3275.884,RX,baseline,0011738A,1,5,01 00 00 8A 73
2026-09-28T15:21:43.022+00:00,3280.582,RX,baseline,0001E165,1,7,01 00 00 0F 03 65 E1
2026-09-28T15:21:43.022+00:00,3280.637,RX,baseline,0011E165,1,5,01 00 00 65 E1
2026-09-28T15:21:43.027+00:00,3285.497,RX,baseline,0001D5FB,1,7,01 00 00 0F 03 FB D5
2026-09-28T15:21:43.027+00:00,3285.746,RX,baseline,0011D5FB,1,5,01 00 00 FB D5
2026-09-28T15:21:43.032+00:00,3290.680,RX,baseline,0001B70B,1,7,01 00 00 0F 03 0B B7
2026-09-28T15:21:43.032+00:00,3290.804,RX,baseline,0011B70B,1,5,01 00 00 0B B7
2026-09-28T15:21:43.037+00:00,3295.447,RX,baseline,0001F19C,1,7,01 00 00 0F 03 9C F1
2026-09-28T15:21:43.037+00:00,3295.753,RX,baseline,0011F19C,1,5,01 00 00 9C F1
2026-09-28T15:21:43.042+00:00,3300.668,RX,baseline,000153AE,1,7,01 00 00 0F 03 AE 53
2026-09-28T15:21:43.042+00:00,3300.724,RX,baseline,001153AE,1,5,01 00 00 AE 53
2026-09-28T15:21:43.047+00:00,3305.483,RX,baseline,000189BD,1,7,01 00 00 0F 03 BD 89
2026-09-28T15:21:43.047+00:00,3305.729,RX,baseline,001189BD,1,5,01 00 00 BD 89
2026-09-28T15:21:43.052+00:00,3310.694,RX,baseline,00018A75,1,7,01 00 00 0F 03 75 8A
2026-09-28T15:21:43.052+00:00,3310.800,RX,baseline,00118A75,1,5,01 00 00 75 8A
2026-09-28T15:21:43.057+00:00,3315.501,RX,baseline,0001347D,1,7,01 00 00 0F 03 7D 34
2026-09-28T15:21:43.057+00:00,3315.781,RX,baseline,0011347D,1,5,01 00 00 7D 34
2026-09-28T15:21:43.062+00:00,3320.698,RX,baseline,000128C7,1,7,01 00 00 0F 03 C7 28
2026-09-28T15:21:43.062+00:00,3320.769,RX,baseline,001128C7,1,5,01 00 00 C7 28
2026-09-28T15:21:43.067+00:00,3325.506,RX,baseline,0001E24D,1,7,01 00 00 0F 03 4D E2
2026-09-28T15:21:43.067+00:00,3325.713,RX,baseline,0011E24D,1,5,01 00 00 4D E2
2026-09-28T15:21:43.072+00:00,3330.548,RX,baseline,000188D0,1,7,01 00 00 0F 03 D0 88
2026-09-28T15:21:43.072+00:00,3330.812,RX,baseline,001188D0,1,5,01 00 00 D0 88
2026-09-28T15:21:43.077+00:00,3335.431,RX,baseline,0001BC99,1,7,01 00 00 0F 03 99 BC
2026-09-28T15:21:43.077+00:00,3335.772,RX,baseline,0011BC99,1,5,01 00 00 99 BC
2026-09-28T15:21:43.082+00:00,3340.474,RX,baseline,0001BB0D,1,7,01 00 00 0F 03 0D BB
2026-09-28T15:21:43.082+00:00,3340.705,RX,baseline,0011BB0D,1,5,01 00 00 0D BB
2026-09-28T15:21:43.087+00:00,3345.416,RX,baseline,0001BE0E,1,7,01 00 00 0F 03 0E BE
2026-09-28T15:21:43.087+00:00,3345.692,RX,baseline,0011BE0E,1,5,01 00 00 0E BE
2026-09-28T15:21:43.092+00:00,3350.462,RX,baseline,0001166A,1,7,01 00 00 0F 03 6A 16
2026-09-28T15:21:43.092+00:00,3350.656,RX,baseline,0011166A,1,5,01 00 00 6A 16
2026-09-28T15:21:43.097+00:00,3355.580,RX,baseline,0001DFA7,1,7,01 00 00 0F 03 A7 DF
2026-09-28T15:21:43.097+00:00,3355.695,RX,baseline,0011DFA7,1,5,01 00 00 A7 DF
2026-09-28T15:21:43.102+00:00,3360.530,RX,baseline,0001A64E,1,7,01 00 00 0F 03 4E A6
2026-09-28T15:21:43.102+00:00,3360.666,RX,baseline,0011A64E,1,5,01 00 00 4E A6
2026-09-28T15:21:43.107+00:00,3365.452,RX,baseline,00015063,1,7,01 00 00 0F 03 63 50
2026-09-28T15:21:43.107+00:00,3365.790,RX,baseline,00115063,1,5,01 00 00 63 50
2026-09-28T15:21:43.112+00:00,3370.509,RX,baseline,00011F7E,1,7,01 00 00 0F 03 7E 1F
2026-09-28T15:21:43.112+00:00,3370.790,RX,baseline,00111F7E,1,5,01 00 00 7E 1F
2026-09-28T15:21:43.117+00:00,3375.404,RX,baseline,00018A4B,1,7,01 00 00 0F 03 4B 8A
2026-09-28T15:21:43.117+00:00,3375.642,RX,baseline,00118A4B,1,5,01 00 00 4B 8A
2026-09-28T15:21:43.122+00:00,3380.541,RX,baseline,000100BC,1,7,01 00 00 0F 03 BC 00
2026-09-28T15:21:43.122+00:00,3380.697,RX,baseline,001100BC,1,5,01 00 00 BC 00
2026-09-28T15:21:43.127+00:00,3385.620,RX,baseline,00018237,1,7,01 00 00 0F 03 37 82
2026-09-28T15:21:43.127+00:00,3385.768,RX,baseline,00118237,1,5,01 00 00 37 82
2026-09-28T15:21:43.132+00:00,3390.553,RX,baseline,00019D91,1,7,01 00 00 0F 03 91 9D
2026-09-28T15:21:43.132+00:00,3390.618,RX,baseline,00119D91,1,5,01 00 00 91 9D
2026-09-28T15:21:43.137+00:00,3395.602,RX,baseline,00012077,1,7,01 00 00 0F 03 77 20
2026-09-28T15:21:43.137+00:00,3395.668,RX,baseline,00112077,1,5,01 00 00 77 20
2026-09-28T15:21:43.142+00:00,3400.657,RX,baseline,00015DA1,1,7,01 00 00 0F 03 A1 5D
2026-09-28T15:21:43.142+00:00,3400.740,RX,baseline,00115DA1,1,5,01 00 00 A1 5D
2026-09-28T15:21:43.147+00:00,3405.433,RX,baseline,00012340,1,7,01 00 00 0F 03 40 23
2026-09-28T15:21:43.147+00:00,3405.697,RX,baseline,00112340,1,5,01 00 00 40 23
2026-09-28T15:21:43.152+00:00,3410.539,RX,baseline,0001347F,1,7,01 00 00 0F 03 7F 34
2026-09-28T15:21:43.152+00:00,3410.687,RX,baseline,0011347F,1,5,01 00 00 7F 34
2026-09-28T15:21:43.157+00:00,3415.548,RX,baseline,00014494,1,7,01 00 00 0F 03 94 44
2026-09-28T15:21:43.157+00:00,3415.653,RX,baseline,00114494,1,5,01 00 00 94 44
2026-09-28T15:21:43.162+00:00,3420.434,RX,baseline,0001CDD2,1,7,01 00 00 0F 03 D2 CD
2026-09-28T15:21:43.162+00:00,3420.649,RX,baseline,0011CDD2,1,5,01 00 00 D2 CD
2026-09-28T15:21:43.167+00:00,3425.444,RX,baseline,00015001,1,7,01 00 00 0F 03 01 50
2026-09-28T15:21:43.167+00:00,3425.650,RX,baseline,00115001,1,5,01 00 00 01 50
2026-09-28T15:21:43.172+00:00,3430.501,RX,baseline,0001BF52,1,7,01 00 00 0F 03 52 BF
2026-09-28T15:21:43.172+00:00,3430.605,RX,baseline,0011BF52,1,5,01 00 00 52 BF
2026-09-28T15:21:43.177+00:00,3435.461,RX,baseline,0001A564,1,7,01 00 00 0F 03 64 A5
2026-09-28T15:21:43.177+00:00,3435.655,RX,baseline,0011A564,1,5,01 00 00 64 A5
2026-09-28T15:21:43.182+00:00,3440.587,RX,baseline,000105E4,1,7,01 00 00 0F 03 E4 05
2026-09-28T15:21:43.182+00:00,3440.676,RX,baseline,001105E4,1,5,01 00 00 E4 05
2026-09-28T15:21:43.187+00:00,3445.506,RX,baseline,0001C493,1,7,01 00 00 0F 03 93 C4
2026-09-28T15:21:43.187+00:00,3445.720,RX,baseline,0011C493,1,5,01 00 00 93 C4
2026-09-28T15:21:43.192+00:00,3450.562,RX,baseline,0001C8D8,1,7,01 00 00 0F 03 D8 C8
2026-09-28T15:21:43.192+00:00,3450.660,RX,baseline,0011C8D8,1,5,01 00 00 D8 C8
2026-09-28T15:21:43.197+00:00,3455.609,RX,baseline,0001D2A4,1,7,01 00 00 0F 03 A4 D2
2026-09-28T15:21:43.197+00:00,3455.666,RX,baseline,0011D2A4,1,5,01 00 00 A4 D2
2026-09-28T15:21:43.202+00:00,3460.590,RX,baseline,00016620,1,7,01 00 00 0F 03 20 66
2026-09-28T15:21:43.202+00:00,3460.648,RX,baseline,00116620,1,5,01 00 00 20 66
2026-09-28T15:21:43.207+00:00,3465.552,RX,baseline,00011823,1,7,01 00 00 0F 03 23 18
2026-09-28T15:21:43.207+00:00,3465.615,RX,baseline,00111823,1,5,01 00 00 23 18
2026-09-28T15:21:43.212+00:00,3470.488,RX,baseline,000143F2,1,7,01 00 00 0F 03 F2 43
2026-09-28T15:21:43.212+00:00,3470.666,RX,baseline,001143F2,1,5,01 00 00 F2 43
2026-09-28T15:21:43.217+00:00,3475.526,RX,baseline,00010074,1,7,01 00 00 0F 03 74 00
2026-09-28T15:21:43.217+00:00,3475.588,RX,baseline,00110074,1,5,01 00 00 74 00
2026-09-28T15:21:43.222+00:00,3480.536,RX,baseline,00010836,1,7,01 00 00 0F 03 36 08
2026-09-28T15:21:43.222+00:00,3480.617,RX,baseline,00110836,1,5,01 00 00 36 08
2026-09-28T15:21:43.227+00:00,3485.594,RX,baseline,0001213A,1,7,01 00 00 0F 03 3A 21
2026-09-28T15:21:43.227+00:00,3485.639,RX,baseline,0011213A,1,5,01 00 00 3A 21
2026-09-28T15:21:43.232+00:00,3490.459,RX,baseline,0001FBAD,1,7,01 00 00 0F 03 AD FB
2026-09-28T15:21:43.232+00:00,3490.690,RX,baseline,0011FBAD,1,5,01 00 00 AD FB
2026-09-28T15:21:43.237+00:00,3495.428,RX,baseline,0001F976,1,7,01 00 00 0F 03 76 F9
2026-09-28T15:21:43.237+00:00,3495.702,RX,baseline,0011F976,1,5,01 00 00 76 F9
2026-09-28T15:21:43.242+00:00,3500.412,RX,baseline,0001D6B3,1,7,01 00 00 0F 03 B3 D6
2026-09-28T15:21:43.242+00:00,3500.657,RX,baseline,0011D6B3,1,5,01 00 00 B3 D6
2026-09-28T15:21:43.247+00:00,3505.608,RX,baseline,000136BF,1,7,01 00 00 0F 03 BF 36
2026-09-28T15:21:43.247+00:00,3505.668,RX,baseline,001136BF,1,5,01 00 00 BF 36
2026-09-28T15:21:43.252+00:00,3510.413,RX,baseline,00012B12,1,7,01 00 00 0F 03 12 2B
2026-09-28T15:21:43.252+00:00,3510.660,RX,baseline,00112B12,1,5,01 00 00 12 2B
2026-09-28T15:21:43.257+00:00,3515.665,RX,baseline,0001BFB8,1,7,01 00 00 0F 03 B8 BF
2026-09-28T15:21:43.257+00:00,3515.741,RX,baseline,0011BFB8,1,5,01 00 00 B8 BF
2026-09-28T15:21:43.262+00:00,3520.664,RX,baseline,00018233,1,7,01 00 00 0F 03 33 82
2026-09-28T15:21:43.262+00:00,3520.757,RX,baseline,00118233,1,5,01 00 00 33 82
2026-09-28T15:21:43.267+00:00,3525.585,RX,baseline,000189BC,1,7,01 00 00 0F 03 BC 89
2026-09-28T15:21:43.267+00:00,3525.648,RX,baseline,001189BC,1,5,01 00 00 BC 89
2026-09-28T15:21:43.272+00:00,3530.648,RX,baseline,000118BD,1,7,01 00 00 0F 03 BD 18
2026-09-28T15:21:43.272+00:00,3530.748,RX,baseline,001118BD,1,5,01 00 00 BD 18
2026-09-28T15:21:43.277+00:00,3535.671,RX,baseline,00017C51,1,7,01 00 00 0F 03 51 7C
2026-09-28T15:21:43.277+00:00,3535.747,RX,baseline,00117C51,1,5,01 00 00 51 7C
2026-09-28T15:21:43.282+00:00,3540.629,RX,baseline,0001C456,1,7,01 00 00 0F 03 56 C4
2026-09-28T15:21:43.282+00:00,3540.726,RX,baseline,0011C456,1,5,01 00 00 56 C4
2026-09-28T15:21:43.287+00:00,3545.489,RX,baseline,00016FE2,1,7,01 00 00 0F 03 E2 6F
2026-09-28T15:21:43.287+00:00,3545.632,RX,baseline,00116FE2,1,5,01 00 00 E2 6F
2026-09-28T15:21:43.292+00:00,3550.640,RX,baseline,0001A22E,1,7,01 00 00 0F 03 2E A2
2026-09-28T15:21:43.292+00:00,3550.744,RX,baseline,0011A22E,1,5,01 00 00 2E A2
2026-09-28T15:21:43.297+00:00,3555.528,RX,baseline,00014DCD,1,7,01 00 00 0F 03 CD 4D
2026-09-28T15:21:43.297+00:00,3555.659,RX,baseline,00114DCD,1,5,01 00 00 CD 4D
2026-09-28T15:21:43.302+00:00,3560.578,RX,baseline,00013874,1,7,01 00 00 0F 03 74 38
2026-09-28T15:21:43.302+00:00,3560.653,RX,baseline,00113874,1,5,01 00 00 74 38
2026-09-28T15:21:43.307+00:00,3565.494,RX,baseline,0001BACD,1,7,01 00 00 0F 03 CD BA
2026-09-28T15:21:43.307+00:00,3565.733,RX,baseline,0011BACD,1,5,01 00 00 CD BA
2026-09-28T15:21:43.312+00:00,3570.471,RX,baseline,0001B2E1,1,7,01 00 00 0F 03 E1 B2
2026-09-28T15:21:43.312+00:00,3570.700,RX,baseline,0011B2E1,1,5,01 00 00 E1 B2
2026-09-28T15:21:43.317+00:00,3575.458,RX,baseline,00010D49,1,7,01 00 00 0F 03 49 0D
2026-09-28T15:21:43.317+00:00,3575.698,RX,baseline,00110D49,1,5,01 00 00 49 0D
2026-09-28T15:21:43.322+00:00,3580.493,RX,baseline,0001960F,1,7,01 00 00 0F 03 0F 96
2026-09-28T15:21:43.322+00:00,3580.694,RX,baseline,0011960F,1,5,01 00 00 0F 96
2026-09-28T15:21:43.327+00:00,3585.467,RX,baseline,00010007,1,7,01 00 00 0F 03 07 00
2026-09-28T15:21:43.327+00:00,3585.732,RX,baseline,00110007,1,5,01 00 00 07 00
2026-09-28T15:21:43.332+00:00,3590.698,RX,baseline,0001FF1F,1,7,01 00 00 0F 03 1F FF
2026-09-28T15:21:43.332+00:00,3590.773,RX,baseline,0011FF1F,1,5,01 00 00 1F FF
2026-09-28T15:21:43.337+00:00,3595.599,RX,baseline,00011A5D,1,7,01 00 00 0F 03 5D 1A
2026-09-28T15:21:43.337+00:00,3595.679,RX,baseline,00111A5D,1,5,01 00 00 5D 1A
2026-09-28T15:21:43.342+00:00,3600.613,RX,baseline,0001A50A,1,7,01 00 00 0F 03 0A A5
2026-09-28T15:21:43.342+00:00,3600.669,RX,baseline,0011A50A,1,5,01 00 00 0A A5
2026-09-28T15:21:43.347+00:00,3605.397,RX,baseline,0001EDCE,1,7,01 00 00 0F 03 CE ED
2026-09-28T15:21:43.347+00:00,3605.690,RX,baseline,0011EDCE,1,5,01 00 00 CE ED
2026-09-28T15:21:43.352+00:00,3610.440,RX,baseline,00017691,1,7,01 00 00 0F 03 91 76
2026-09-28T15:21:43.352+00:00,3610.683,RX,baseline,00117691,1,5,01 00 00 91 76
2026-09-28T15:21:43.357+00:00,3615.515,RX,baseline,000141BC,1,7,01 00 00 0F 03 BC 41
2026-09-28T15:21:43.357+00:00,3615.608,RX,baseline,001141BC,1,5,01 00 00 BC 41
2026-09-28T15:21:43.362+00:00,3620.455,RX,baseline,00015F9D,1,7,01 00 00 0F 03 9D 5F
2026-09-28T15:21:43.362+00:00,3620.706,RX,baseline,00115F9D,1,5,01 00 00 9D 5F
2026-09-28T15:21:43.367+00:00,3625.397,RX,baseline,00019095,1,7,01 00 00 0F 03 95 90
2026-09-28T15:21:43.367+00:00,3625.676,RX,baseline,00119095,1,5,01 00 00 95 90
2026-09-28T15:21:43.372+00:00,3630.617,RX,baseline,0001D699,1,7,01 00 00 0F 03 99 D6
2026-09-28T15:21:43.372+00:00,3630.691,RX,baseline,0011D699,1,5,01 00 00 99 D6
2026-09-28T15:21:43.377+00:00,3635.487,RX,baseline,00017A9C,1,7,01 00 00 0F 03 9C 7A
2026-09-28T15:21:43.377+00:00,3635.692,RX,baseline,00117A9C,1,5,01 00 00 9C 7A
2026-09-28T15:21:43.382+00:00,3640.501,RX,baseline,0001EE07,1,7,01 00 00 0F 03 07 EE
2026-09-28T15:21:43.382+00:00,3640.603,RX,baseline,0011EE07,1,5,01 00 00 07 EE
2026-09-28T15:21:43.387+00:00,3645.430,RX,baseline,0001BD4A,1,7,01 00 00 0F 03 4A BD
2026-09-28T15:21:43.387+00:00,3645.670,RX,baseline,0011BD4A,1,5,01 00 00 4A BD
2026-09-28T15:21:43.392+00:00,3650.680,RX,baseline,00014860,1,7,01 00 00 0F 03 60 48
2026-09-28T15:21:43.392+00:00,3650.762,RX,baseline,00114860,1,5,01 00 00 60 48
2026-09-28T15:21:43.397+00:00,3655.572,RX,baseline,0001B2D6,1,7,01 00 00 0F 03 D6 B2
2026-09-28T15:21:43.397+00:00,3655.710,RX,baseline,0011B2D6,1,5,01 00 00 D6 B2
2026-09-28T15:21:43.402+00:00,3660.643,RX,baseline,0001D400,1,7,01 00 00 0F 03 00 D4
2026-09-28T15:21:43.402+00:00,3660.740,RX,baseline,0011D400,1,5,01 00 00 00 D4
2026-09-28T15:21:43.407+00:00,3665.617,RX,baseline,0001405C,1,7,01 00 00 0F 03 5C 40
2026-09-28T15:21:43.407+00:00,3665.675,RX,baseline,0011405C,1,5,01 00 00 5C 40
2026-09-28T15:21:43.412+00:00,3670.672,RX,baseline,0001E2AD,1,7,01 00 00 0F 03 AD E2
2026-09-28T15:21:43.412+00:00,3670.772,RX,baseline,0011E2AD,1,5,01 00 00 AD E2
2026-09-28T15:21:43.417+00:00,3675.558,RX,baseline,0001B1CC,1,7,01 00 00 0F 03 CC B1
2026-09-28T15:21:43.417+00:00,3675.642,RX,baseline,0011B1CC,1,5,01 00 00 CC B1
2026-09-28T15:21:43.422+00:00,3680.488,RX,baseline,0001EFF5,1,7,01 00 00 0F 03 F5 EF
2026-09-28T15:21:43.422+00:00,3680.650,RX,baseline,0011EFF5,1,5,01 00 00 F5 EF
2026-09-28T15:21:43.427+00:00,3685.541,RX,baseline,0001457A,1,7,01 00 00 0F 03 7A 45
2026-09-28T15:21:43.427+00:00,3685.785,RX,baseline,0011457A,1,5,01 00 00 7A 45
2026-09-28T15:21:43.432+00:00,3690.510,RX,baseline,00013F7B,1,7,01 00 00 0F 03 7B 3F
2026-09-28T15:21:43.432+00:00,3690.734,RX,baseline,00113F7B,1,5,01 00 00 7B 3F
2026-09-28T15:21:43.437+00:00,3695.446,RX,baseline,0001D60D,1,7,01 00 00 0F 03 0D D6
2026-09-28T15:21:43.437+00:00,3695.685,RX,baseline,0011D60D,1,5,01 00 00 0D D6
2026-09-28T15:21:43.442+00:00,3700.688,RX,baseline,000177F1,1,7,01 00 00 0F 03 F1 77
2026-09-28T15:21:43.442+00:00,3700.793,RX,baseline,001177F1,1,5,01 00 00 F1 77
2026-09-28T15:21:43.447+00:00,3705.615,RX,baseline,0001941C,1,7,01 00 00 0F 03 1C 94
2026-09-28T15:21:43.447+00:00,3705.673,RX,baseline,0011941C,1,5,01 00 00 1C 94
2026-09-28T15:21:43.452+00:00,3710.653,RX,baseline,00010D48,1,7,01 00 00 0F 03 48 0D
2026-09-28T15:21:43.452+00:00,3710.733,RX,baseline,00110D48,1,5,01 00 00 48 0D
2026-09-28T15:21:43.457+00:00,3715.644,RX,baseline,0001F5B9,1,7,01 00 00 0F 03 B9 F5
2026-09-28T15:21:43.457+00:00,3715.753,RX,baseline,0011F5B9,1,5,01 00 00 B9 F5
2026-09-28T15:21:43.462+00:00,3720.637,RX,baseline,00012C5C,1,7,01 00 00 0F 03 5C 2C
2026-09-28T15:21:43.462+00:00,3720.763,RX,baseline,00112C5C,1,5,01 00 00 5C 2C
2026-09-28T15:21:43.467+00:00,3725.441,RX,baseline,000100C3,1,7,01 00 00 0F 03 C3 00
2026-09-28T15:21:43.467+00:00,3725.780,RX,baseline,001100C3,1,5,01 00 00 C3 00
2026-09-28T15:21:43.472+00:00,3730.408,RX,baseline,00019C2E,1,7,01 00 00 0F 03 2E 9C
2026-09-28T15:21:43.472+00:00,3730.818,RX,baseline,00119C2E,1,5,01 00 00 2E 9C
2026-09-28T15:21:43.477+00:00,3735.426,RX,baseline,000121A5,1,7,01 00 00 0F 03 A5 21
2026-09-28T15:21:43.477+00:00,3735.727,RX,baseline,001121A5,1,5,01 00 00 A5 21
2026-09-28T15:21:43.482+00:00,3740.645,RX,baseline,00015866,1,7,01 00 00 0F 03 66 58
2026-09-28T15:21:43.482+00:00,3740.775,RX,baseline,00115866,1,5,01 00 00 66 58
2026-09-28T15:21:43.487+00:00,3745.454,RX,baseline,00018EFE,1,7,01 00 00 0F 03 FE 8E
2026-09-28T15:21:43.487+00:00,3745.734,RX,baseline,00118EFE,1,5,01 00 00 FE 8E
2026-09-28T15:21:43.492+00:00,3750.610,RX,baseline,000176B2,1,7,01 00 00 0F 03 B2 76
2026-09-28T15:21:43.492+00:00,3750.671,RX,baseline,001176B2,1,5,01 00 00 B2 76
2026-09-28T15:21:43.497+00:00,3755.526,RX,baseline,0001733E,1,7,01 00 00 0F 03 3E 73
2026-09-28T15:21:43.497+00:00,3755.602,RX,baseline,0011733E,1,5,01 00 00 3E 73
2026-09-28T15:21:43.502+00:00,3760.449,RX,baseline,0001E040,1,7,01 00 00 0F 03 40 E0
2026-09-28T15:21:43.502+00:00,3760.733,RX,baseline,0011E040,1,5,01 00 00 40 E0
2026-09-28T15:21:43.507+00:00,3765.485,RX,baseline,0001E433,1,7,01 00 00 0F 03 33 E4
2026-09-28T15:21:43.507+00:00,3765.713,RX,baseline,0011E433,1,5,01 00 00 33 E4
2026-09-28T15:21:43.512+00:00,3770.415,RX,baseline,0001DA5E,1,7,01 00 00 0F 03 5E DA
2026-09-28T15:21:43.512+00:00,3770.692,RX,baseline,0011DA5E,1,5,01 00 00 5E DA
2026-09-28T15:21:43.517+00:00,3775.549,RX,baseline,0001ED2D,1,7,01 00 00 0F 03 2D ED
2026-09-28T15:21:43.517+00:00,3775.618,RX,baseline,0011ED2D,1,5,01 00 00 2D ED
2026-09-28T15:21:43.522+00:00,3780.462,RX,baseline,00015110,1,7,01 00 00 0F 03 10 51
2026-09-28T15:21:43.522+00:00,3780.727,RX,baseline,00115110,1,5,01 00 00 10 51
2026-09-28T15:21:43.527+00:00,3785.454,RX,baseline,00019319,1,7,01 00 00 0F 03 19 93
2026-09-28T15:21:43.527+00:00,3785.715,RX,baseline,00119319,1,5,01 00 00 19 93
2026-09-28T15:21:43.532+00:00,3790.623,RX,baseline,00016410,1,7,01 00 00 0F 03 10 64
2026-09-28T15:21:43.532+00:00,3790.689,RX,baseline,00116410,1,5,01 00 00 10 64
2026-09-28T15:21:43.537+00:00,3795.496,RX,baseline,00013ABE,1,7,01 00 00 0F 03 BE 3A
2026-09-28T15:21:43.537+00:00,3795.757,RX,baseline,00113ABE,1,5,01 00 00 BE 3A
2026-09-28T15:21:43.542+00:00,3800.589,RX,baseline,0001F6A1,1,7,01 00 00 0F 03 A1 F6
2026-09-28T15:21:43.542+00:00,3800.651,RX,baseline,0011F6A1,1,5,01 00 00 A1 F6
2026-09-28T15:21:43.547+00:00,3805.436,RX,baseline,00015407,1,7,01 00 00 0F 03 07 54
2026-09-28T15:21:43.547+00:00,3805.727,RX,baseline,00115407,1,5,01 00 00 07 54
2026-09-28T15:21:43.552+00:00,3810.469,RX,baseline,00019410,1,7,01 00 00 0F 03 10 94
2026-09-28T15:21:43.552+00:00,3810.705,RX,baseline,00119410,1,5,01 00 00 10 94
2026-09-28T15:21:43.557+00:00,3815.463,RX,baseline,00018A00,1,7,01 00 00 0F 03 00 8A
2026-09-28T15:21:43.557+00:00,3815.616,RX,baseline,00118A00,1,5,01 00 00 00 8A
2026-09-28T15:21:43.562+00:00,3820.536,RX,baseline,0001E2DC,1,7,01 00 00 0F 03 DC E2
2026-09-28T15:21:43.563+00:00,3820.932,RX,baseline,0011E2DC,1,5,01 00 00 DC E2
2026-09-28T15:21:43.567+00:00,3825.514,RX,baseline,000179EF,1,7,01 00 00 0F 03 EF 79
2026-09-28T15:21:43.567+00:00,3825.755,RX,baseline,001179EF,1,5,01 00 00 EF 79
2026-09-28T15:21:43.572+00:00,3830.400,RX,baseline,000159E3,1,7,01 00 00 0F 03 E3 59
2026-09-28T15:21:43.572+00:00,3830.644,RX,baseline,001159E3,1,5,01 00 00 E3 59
2026-09-28T15:21:43.577+00:00,3835.478,RX,baseline,000154AC,1,7,01 00 00 0F 03 AC 54
2026-09-28T15:21:43.577+00:00,3835.610,RX,baseline,001154AC,1,5,01 00 00 AC 54
2026-09-28T15:21:43.582+00:00,3840.399,RX,baseline,000106F9,1,7,01 00 00 0F 03 F9 06
2026-09-28T15:21:43.582+00:00,3840.643,RX,baseline,001106F9,1,5,01 00 00 F9 06
2026-09-28T15:21:43.587+00:00,3845.436,RX,baseline,00012427,1,7,01 00 00 0F 03 27 24
2026-09-28T15:21:43.587+00:00,3845.667,RX,baseline,00112427,1,5,01 00 00 27 24
2026-09-28T15:21:43.592+00:00,3850.553,RX,baseline,0001ABE1,1,7,01 00 00 0F 03 E1 AB
2026-09-28T15:21:43.592+00:00,3850.621,RX,baseline,0011ABE1,1,5,01 00 00 E1 AB
2026-09-28T15:21:43.597+00:00,3855.519,RX,baseline,000137C5,1,7,01 00 00 0F 03 C5 37
2026-09-28T15:21:43.597+00:00,3855.598,RX,baseline,001137C5,1,5,01 00 00 C5 37
2026-09-28T15:21:43.602+00:00,3860.490,RX,baseline,00013A75,1,7,01 00 00 0F 03 75 3A
2026-09-28T15:21:43.602+00:00,3860.610,RX,baseline,00113A75,1,5,01 00 00 75 3A
2026-09-28T15:21:43.607+00:00,3865.457,RX,baseline,000194ED,1,7,01 00 00 0F 03 ED 94
2026-09-28T15:21:43.607+00:00,3865.575,RX,baseline,001194ED,1,5,01 00 00 ED 94
2026-09-28T15:21:43.612+00:00,3870.532,RX,baseline,00010687,1,7,01 00 00 0F 03 87 06
2026-09-28T15:21:43.612+00:00,3870.762,RX,baseline,00110687,1,5,01 00 00 87 06
2026-09-28T15:21:43.617+00:00,3875.515,RX,baseline,0001BA03,1,7,01 00 00 0F 03 03 BA
2026-09-28T15:21:43.617+00:00,3875.633,RX,baseline,0011BA03,1,5,01 00 00 03 BA
2026-09-28T15:21:43.622+00:00,3880.670,RX,baseline,000153C2,1,7,01 00 00 0F 03 C2 53
2026-09-28T15:21:43.622+00:00,3880.777,RX,baseline,001153C2,1,5,01 00 00 C2 53
2026-09-28T15:21:43.627+00:00,3885.436,RX,baseline,000190A8,1,7,01 00 00 0F 03 A8 90
2026-09-28T15:21:43.627+00:00,3885.709,RX,baseline,001190A8,1,5,01 00 00 A8 90
2026-09-28T15:21:43.632+00:00,3890.580,RX,baseline,0001178C,1,7,01 00 00 0F 03 8C 17
2026-09-28T15:21:43.632+00:00,3890.642,RX,baseline,0011178C,1,5,01 00 00 8C 17
2026-09-28T15:21:43.637+00:00,3895.511,RX,baseline,000120F0,1,7,01 00 00 0F 03 F0 20
2026-09-28T15:21:43.637+00:00,3895.653,RX,baseline,001120F0,1,5,01 00 00 F0 20
2026-09-28T15:21:43.642+00:00,3900.465,RX,baseline,000136C0,1,7,01 00 00 0F 03 C0 36
2026-09-28T15:21:43.642+00:00,3900.578,RX,baseline,001136C0,1,5,01 00 00 C0 36
2026-09-28T15:21:43.647+00:00,3905.485,RX,baseline,00019DEF,1,7,01 00 00 0F 03 EF 9D
2026-09-28T15:21:43.647+00:00,3905.576,RX,baseline,00119DEF,1,5,01 00 00 EF 9D
2026-09-28T15:21:43.652+00:00,3910.636,RX,baseline,000138B5,1,7,01 00 00 0F 03 B5 38
2026-09-28T15:21:43.652+00:00,3910.723,RX,baseline,001138B5,1,5,01 00 00 B5 38
2026-09-28T15:21:43.657+00:00,3915.475,RX,baseline,000148CE,1,7,01 00 00 0F 03 CE 48
2026-09-28T15:21:43.657+00:00,3915.595,RX,baseline,001148CE,1,5,01 00 00 CE 48
2026-09-28T15:21:43.662+00:00,3920.565,RX,baseline,0001D8EE,1,7,01 00 00 0F 03 EE D8
2026-09-28T15:21:43.662+00:00,3920.659,RX,baseline,0011D8EE,1,5,01 00 00 EE D8
2026-09-28T15:21:43.667+00:00,3925.693,RX,baseline,0001524A,1,7,01 00 00 0F 03 4A 52
2026-09-28T15:21:43.667+00:00,3925.769,RX,baseline,0011524A,1,5,01 00 00 4A 52
2026-09-28T15:21:43.672+00:00,3930.499,RX,baseline,00011268,1,7,01 00 00 0F 03 68 12
2026-09-28T15:21:43.672+00:00,3930.636,RX,baseline,00111268,1,5,01 00 00 68 12
2026-09-28T15:21:43.677+00:00,3935.420,RX,baseline,00016B3F,1,7,01 00 00 0F 03 3F 6B
2026-09-28T15:21:43.677+00:00,3935.695,RX,baseline,00116B3F,1,5,01 00 00 3F 6B
2026-09-28T15:21:43.682+00:00,3940.766,RX,baseline,00016B5E,1,7,01 00 00 0F 03 5E 6B
2026-09-28T15:21:43.683+00:00,3940.909,RX,baseline,00116B5E,1,5,01 00 00 5E 6B
2026-09-28T15:21:43.687+00:00,3945.440,RX,baseline,0001BBB9,1,7,01 00 00 0F 03 B9 BB
2026-09-28T15:21:43.687+00:00,3945.597,RX,baseline,0011BBB9,1,5,01 00 00 B9 BB
2026-09-28T15:21:43.692+00:00,3950.465,RX,baseline,00010E01,1,7,01 00 00 0F 03 01 0E
2026-09-28T15:21:43.692+00:00,3950.567,RX,baseline,00110E01,1,5,01 00 00 01 0E
2026-09-28T15:21:43.697+00:00,3955.415,RX,baseline,0001E4A2,1,7,01 00 00 0F 03 A2 E4
2026-09-28T15:21:43.697+00:00,3955.627,RX,baseline,0011E4A2,1,5,01 00 00 A2 E4
2026-09-28T15:21:43.702+00:00,3960.489,RX,baseline,0001466C,1,7,01 00 00 0F 03 6C 46
2026-09-28T15:21:43.702+00:00,3960.583,RX,baseline,0011466C,1,5,01 00 00 6C 46
2026-09-28T15:21:43.707+00:00,3965.470,RX,baseline,00018AF8,1,7,01 00 00 0F 03 F8 8A
2026-09-28T15:21:43.707+00:00,3965.594,RX,baseline,00118AF8,1,5,01 00 00 F8 8A
2026-09-28T15:21:43.712+00:00,3970.418,RX,baseline,000103E7,1,7,01 00 00 0F 03 E7 03
2026-09-28T15:21:43.712+00:00,3970.609,RX,baseline,001103E7,1,5,01 00 00 E7 03
2026-09-28T15:21:43.717+00:00,3975.347,RX,baseline,00011C3D,1,7,01 00 00 0F 03 3D 1C
2026-09-28T15:21:43.717+00:00,3975.579,RX,baseline,00111C3D,1,5,01 00 00 3D 1C
2026-09-28T15:21:43.722+00:00,3980.383,RX,baseline,0001172E,1,7,01 00 00 0F 03 2E 17
2026-09-28T15:21:43.722+00:00,3980.563,RX,baseline,0011172E,1,5,01 00 00 2E 17
2026-09-28T15:21:43.727+00:00,3985.466,RX,baseline,0001867F,1,7,01 00 00 0F 03 7F 86
2026-09-28T15:21:43.727+00:00,3985.645,RX,baseline,0011867F,1,5,01 00 00 7F 86
2026-09-28T15:21:43.732+00:00,3990.565,RX,baseline,0001B95C,1,7,01 00 00 0F 03 5C B9
2026-09-28T15:21:43.732+00:00,3990.706,RX,baseline,0011B95C,1,5,01 00 00 5C B9
2026-09-28T15:21:43.737+00:00,3995.458,RX,baseline,00014B1F,1,7,01 00 00 0F 03 1F 4B
2026-09-28T15:21:43.737+00:00,3995.660,RX,baseline,00114B1F,1,5,01 00 00 1F 4B
2026-09-28T15:21:43.742+00:00,4000.431,RX,baseline,0001EAAA,1,7,01 00 00 0F 03 AA EA
2026-09-28T15:21:43.742+00:00,4000.560,RX,baseline,0011EAAA,1,5,01 00 00 AA EA
2026-09-28T15:21:43.747+00:00,4005.352,RX,baseline,0001C64B,1,7,01 00 00 0F 03 4B C6
2026-09-28T15:21:43.747+00:00,4005.586,RX,baseline,0011C64B,1,5,01 00 00 4B C6
2026-09-28T15:21:43.752+00:00,4010.437,RX,baseline,00017A17,1,7,01 00 00 0F 03 17 7A
2026-09-28T15:21:43.752+00:00,4010.609,RX,baseline,00117A17,1,5,01 00 00 17 7A
2026-09-28T15:21:43.757+00:00,4015.439,RX,baseline,00013DC2,1,7,01 00 00 0F 03 C2 3D
2026-09-28T15:21:43.757+00:00,4015.655,RX,baseline,00113DC2,1,5,01 00 00 C2 3D
2026-09-28T15:21:43.762+00:00,4020.403,RX,baseline,00012EC9,1,7,01 00 00 0F 03 C9 2E
2026-09-28T15:21:43.762+00:00,4020.585,RX,baseline,00112EC9,1,5,01 00 00 C9 2E
2026-09-28T15:21:43.767+00:00,4025.420,RX,baseline,00010C5E,1,7,01 00 00 0F 03 5E 0C
2026-09-28T15:21:43.767+00:00,4025.584,RX,baseline,00110C5E,1,5,01 00 00 5E 0C
2026-09-28T15:21:43.772+00:00,4030.591,RX,baseline,0001A593,1,7,01 00 00 0F 03 93 A5
2026-09-28T15:21:43.772+00:00,4030.703,RX,baseline,0011A593,1,5,01 00 00 93 A5
2026-09-28T15:21:43.777+00:00,4035.446,RX,baseline,00013473,1,7,01 00 00 0F 03 73 34
2026-09-28T15:21:43.777+00:00,4035.676,RX,baseline,00113473,1,5,01 00 00 73 34
2026-09-28T15:21:43.782+00:00,4040.370,RX,baseline,0001CD0D,1,7,01 00 00 0F 03 0D CD
2026-09-28T15:21:43.782+00:00,4040.677,RX,baseline,0011CD0D,1,5,01 00 00 0D CD
2026-09-28T15:21:43.787+00:00,4045.574,RX,baseline,00010E06,1,7,01 00 00 0F 03 06 0E
2026-09-28T15:21:43.787+00:00,4045.701,RX,baseline,00110E06,1,5,01 00 00 06 0E
2026-09-28T15:21:43.792+00:00,4050.445,RX,baseline,00013C24,1,7,01 00 00 0F 03 24 3C
2026-09-28T15:21:43.792+00:00,4050.569,RX,baseline,00113C24,1,5,01 00 00 24 3C
2026-09-28T15:21:43.797+00:00,4055.358,RX,baseline,0001B271,1,7,01 00 00 0F 03 71 B2
2026-09-28T15:21:43.797+00:00,4055.668,RX,baseline,0011B271,1,5,01 00 00 71 B2
2026-09-28T15:21:43.802+00:00,4060.622,RX,baseline,00014B04,1,7,01 00 00 0F 03 04 4B
2026-09-28T15:21:43.802+00:00,4060.725,RX,baseline,00114B04,1,5,01 00 00 04 4B
2026-09-28T15:21:43.807+00:00,4065.646,RX,baseline,0001C9E0,1,7,01 00 00 0F 03 E0 C9
2026-09-28T15:21:43.807+00:00,4065.731,RX,baseline,0011C9E0,1,5,01 00 00 E0 C9
2026-09-28T15:21:43.812+00:00,4070.687,RX,baseline,000177CE,1,7,01 00 00 0F 03 CE 77
2026-09-28T15:21:43.812+00:00,4070.770,RX,baseline,001177CE,1,5,01 00 00 CE 77
2026-09-28T15:21:43.817+00:00,4075.609,RX,baseline,000147D7,1,7,01 00 00 0F 03 D7 47
2026-09-28T15:21:43.817+00:00,4075.737,RX,baseline,001147D7,1,5,01 00 00 D7 47
2026-09-28T15:21:43.822+00:00,4080.391,RX,baseline,0001B07A,1,7,01 00 00 0F 03 7A B0
2026-09-28T15:21:43.822+00:00,4080.741,RX,baseline,0011B07A,1,5,01 00 00 7A B0
2026-09-28T15:21:43.827+00:00,4085.590,RX,baseline,0001D69B,1,7,01 00 00 0F 03 9B D6
2026-09-28T15:21:43.827+00:00,4085.671,RX,baseline,0011D69B,1,5,01 00 00 9B D6
2026-09-28T15:21:43.832+00:00,4090.403,RX,baseline,000140D5,1,7,01 00 00 0F 03 D5 40
2026-09-28T15:21:43.832+00:00,4090.725,RX,baseline,001140D5,1,5,01 00 00 D5 40
2026-09-28T15:21:43.837+00:00,4095.377,RX,baseline,00015E39,1,7,01 00 00 0F 03 39 5E
2026-09-28T15:21:43.837+00:00,4095.757,RX,baseline,00115E39,1,5,01 00 00 39 5E
2026-09-28T15:21:43.842+00:00,4100.630,RX,baseline,0001C371,1,7,01 00 00 0F 03 71 C3
2026-09-28T15:21:43.842+00:00,4100.695,RX,baseline,0011C371,1,5,01 00 00 71 C3
2026-09-28T15:21:43.847+00:00,4105.402,RX,baseline,0001A67C,1,7,01 00 00 0F 03 7C A6
2026-09-28T15:21:43.847+00:00,4105.643,RX,baseline,0011A67C,1,5,01 00 00 7C A6
2026-09-28T15:21:43.852+00:00,4110.532,RX,baseline,0001F212,1,7,01 00 00 0F 03 12 F2
2026-09-28T15:21:43.852+00:00,4110.588,RX,baseline,0011F212,1,5,01 00 00 12 F2
2026-09-28T15:21:43.857+00:00,4115.400,RX,baseline,0001180F,1,7,01 00 00 0F 03 0F 18
2026-09-28T15:21:43.857+00:00,4115.643,RX,baseline,0011180F,1,5,01 00 00 0F 18
2026-09-28T15:21:43.862+00:00,4120.525,RX,baseline,0001F5D1,1,7,01 00 00 0F 03 D1 F5
2026-09-28T15:21:43.862+00:00,4120.612,RX,baseline,0011F5D1,1,5,01 00 00 D1 F5
2026-09-28T15:21:43.867+00:00,4125.417,RX,baseline,0001FBA5,1,7,01 00 00 0F 03 A5 FB
2026-09-28T15:21:43.867+00:00,4125.659,RX,baseline,0011FBA5,1,5,01 00 00 A5 FB
2026-09-28T15:21:43.872+00:00,4130.458,RX,baseline,0001AD0B,1,7,01 00 00 0F 03 0B AD
2026-09-28T15:21:43.872+00:00,4130.671,RX,baseline,0011AD0B,1,5,01 00 00 0B AD
2026-09-28T15:21:43.877+00:00,4135.400,RX,baseline,000112D5,1,7,01 00 00 0F 03 D5 12
2026-09-28T15:21:43.877+00:00,4135.652,RX,baseline,001112D5,1,5,01 00 00 D5 12
2026-09-28T15:21:43.882+00:00,4140.413,RX,baseline,000194DE,1,7,01 00 00 0F 03 DE 94
2026-09-28T15:21:43.882+00:00,4140.569,RX,baseline,001194DE,1,5,01 00 00 DE 94
2026-09-28T15:21:43.887+00:00,4145.371,RX,baseline,0001FD14,1,7,01 00 00 0F 03 14 FD
2026-09-28T15:21:43.887+00:00,4145.617,RX,baseline,0011FD14,1,5,01 00 00 14 FD
2026-09-28T15:21:43.892+00:00,4150.474,RX,baseline,000115C0,1,7,01 00 00 0F 03 C0 15
2026-09-28T15:21:43.892+00:00,4150.586,RX,baseline,001115C0,1,5,01 00 00 C0 15
2026-09-28T15:21:43.897+00:00,4155.527,RX,baseline,000133EE,1,7,01 00 00 0F 03 EE 33
2026-09-28T15:21:43.897+00:00,4155.604,RX,baseline,001133EE,1,5,01 00 00 EE 33
2026-09-28T15:21:43.902+00:00,4160.443,RX,baseline,0001BA6D,1,7,01 00 00 0F 03 6D BA
2026-09-28T15:21:43.902+00:00,4160.581,RX,baseline,0011BA6D,1,5,01 00 00 6D BA
2026-09-28T15:21:43.907+00:00,4165.611,RX,baseline,0001CC6C,1,7,01 00 00 0F 03 6C CC
2026-09-28T15:21:43.908+00:00,4165.852,RX,baseline,0011CC6C,1,5,01 00 00 6C CC
2026-09-28T15:21:43.912+00:00,4170.423,RX,baseline,0001D245,1,7,01 00 00 0F 03 45 D2
2026-09-28T15:21:43.912+00:00,4170.579,RX,baseline,0011D245,1,5,01 00 00 45 D2
2026-09-28T15:21:43.917+00:00,4175.361,RX,baseline,0001844C,1,7,01 00 00 0F 03 4C 84
2026-09-28T15:21:43.917+00:00,4175.578,RX,baseline,0011844C,1,5,01 00 00 4C 84
2026-09-28T15:21:43.922+00:00,4180.341,RX,baseline,000173D5,1,7,01 00 00 0F 03 D5 73
2026-09-28T15:21:43.922+00:00,4180.550,RX,baseline,001173D5,1,5,01 00 00 D5 73
2026-09-28T15:21:43.927+00:00,4185.340,RX,baseline,00019C75,1,7,01 00 00 0F 03 75 9C
2026-09-28T15:21:43.927+00:00,4185.721,RX,baseline,00119C75,1,5,01 00 00 75 9C
2026-09-28T15:21:43.932+00:00,4190.493,RX,baseline,00011214,1,7,01 00 00 0F 03 14 12
2026-09-28T15:21:43.932+00:00,4190.754,RX,baseline,00111214,1,5,01 00 00 14 12
2026-09-28T15:21:43.937+00:00,4195.435,RX,baseline,00010AD0,1,7,01 00 00 0F 03 D0 0A
2026-09-28T15:21:43.937+00:00,4195.632,RX,baseline,00110AD0,1,5,01 00 00 D0 0A
2026-09-28T15:21:43.942+00:00,4200.408,RX,baseline,0001C2A6,1,7,01 00 00 0F 03 A6 C2
2026-09-28T15:21:43.942+00:00,4200.641,RX,baseline,0011C2A6,1,5,01 00 00 A6 C2
2026-09-28T15:21:43.947+00:00,4205.511,RX,baseline,00011864,1,7,01 00 00 0F 03 64 18
2026-09-28T15:21:43.947+00:00,4205.600,RX,baseline,00111864,1,5,01 00 00 64 18
2026-09-28T15:21:43.952+00:00,4210.470,RX,baseline,0001351F,1,7,01 00 00 0F 03 1F 35
2026-09-28T15:21:43.952+00:00,4210.613,RX,baseline,0011351F,1,5,01 00 00 1F 35
2026-09-28T15:21:43.957+00:00,4215.428,RX,baseline,00016D71,1,7,01 00 00 0F 03 71 6D
2026-09-28T15:21:43.957+00:00,4215.570,RX,baseline,00116D71,1,5,01 00 00 71 6D
2026-09-28T15:21:43.962+00:00,4220.572,RX,baseline,0001BB1B,1,7,01 00 00 0F 03 1B BB
2026-09-28T15:21:43.962+00:00,4220.654,RX,baseline,0011BB1B,1,5,01 00 00 1B BB
2026-09-28T15:21:43.967+00:00,4225.375,RX,baseline,0001BBDB,1,7,01 00 00 0F 03 DB BB
2026-09-28T15:21:43.967+00:00,4225.631,RX,baseline,0011BBDB,1,5,01 00 00 DB BB
2026-09-28T15:21:43.972+00:00,4230.444,RX,baseline,000142A7,1,7,01 00 00 0F 03 A7 42
2026-09-28T15:21:43.972+00:00,4230.659,RX,baseline,001142A7,1,5,01 00 00 A7 42
2026-09-28T15:21:43.977+00:00,4235.637,RX,baseline,0001011E,1,7,01 00 00 0F 03 1E 01
2026-09-28T15:21:43.977+00:00,4235.706,RX,baseline,0011011E,1,5,01 00 00 1E 01
2026-09-28T15:21:43.982+00:00,4240.630,RX,baseline,0001844F,1,7,01 00 00 0F 03 4F 84
2026-09-28T15:21:43.982+00:00,4240.725,RX,baseline,0011844F,1,5,01 00 00 4F 84
2026-09-28T15:21:43.987+00:00,4245.628,RX,baseline,00010BAE,1,7,01 00 00 0F 03 AE 0B
2026-09-28T15:21:43.987+00:00,4245.722,RX,baseline,00110BAE,1,5,01 00 00 AE 0B
2026-09-28T15:21:43.992+00:00,4250.381,RX,baseline,00018BCE,1,7,01 00 00 0F 03 CE 8B
2026-09-28T15:21:43.992+00:00,4250.540,RX,baseline,00118BCE,1,5,01 00 00 CE 8B
2026-09-28T15:21:43.997+00:00,4255.376,RX,baseline,00016864,1,7,01 00 00 0F 03 64 68
2026-09-28T15:21:43.997+00:00,4255.573,RX,baseline,00116864,1,5,01 00 00 64 68
2026-09-28T15:21:44.002+00:00,4260.375,RX,baseline,00017A31,1,7,01 00 00 0F 03 31 7A
2026-09-28T15:21:44.002+00:00,4260.597,RX,baseline,00117A31,1,5,01 00 00 31 7A
2026-09-28T15:21:44.007+00:00,4265.378,RX,baseline,0001FF6A,1,7,01 00 00 0F 03 6A FF
2026-09-28T15:21:44.007+00:00,4265.625,RX,baseline,0011FF6A,1,5,01 00 00 6A FF
2026-09-28T15:21:44.012+00:00,4270.378,RX,baseline,000131ED,1,7,01 00 00 0F 03 ED 31
2026-09-28T15:21:44.012+00:00,4270.617,RX,baseline,001131ED,1,5,01 00 00 ED 31
2026-09-28T15:21:44.017+00:00,4275.420,RX,baseline,000174CE,1,7,01 00 00 0F 03 CE 74
2026-09-28T15:21:44.017+00:00,4275.742,RX,baseline,001174CE,1,5,01 00 00 CE 74
2026-09-28T15:21:44.022+00:00,4280.503,RX,baseline,00012D38,1,7,01 00 00 0F 03 38 2D
2026-09-28T15:21:44.022+00:00,4280.608,RX,baseline,00112D38,1,5,01 00 00 38 2D
2026-09-28T15:21:44.027+00:00,4285.608,RX,baseline,00014396,1,7,01 00 00 0F 03 96 43
2026-09-28T15:21:44.027+00:00,4285.672,RX,baseline,00114396,1,5,01 00 00 96 43
2026-09-28T15:21:44.032+00:00,4290.343,RX,baseline,0001B4A5,1,7,01 00 00 0F 03 A5 B4
2026-09-28T15:21:44.032+00:00,4290.685,RX,baseline,0011B4A5,1,5,01 00 00 A5 B4
2026-09-28T15:21:44.037+00:00,4295.589,RX,baseline,0001030F,1,7,01 00 00 0F 03 0F 03
2026-09-28T15:21:44.037+00:00,4295.701,RX,baseline,0011030F,1,5,01 00 00 0F 03
2026-09-28T15:21:44.042+00:00,4300.603,RX,baseline,00017BD5,1,7,01 00 00 0F 03 D5 7B
2026-09-28T15:21:44.042+00:00,4300.680,RX,baseline,00117BD5,1,5,01 00 00 D5 7B
2026-09-28T15:21:44.047+00:00,4305.502,RX,baseline,000188B6,1,7,01 00 00 0F 03 B6 88
2026-09-28T15:21:44.047+00:00,4305.563,RX,baseline,001188B6,1,5,01 00 00 B6 88
2026-09-28T15:21:44.052+00:00,4310.579,RX,baseline,00019BB7,1,7,01 00 00 0F 03 B7 9B
2026-09-28T15:21:44.052+00:00,4310.681,RX,baseline,00119BB7,1,5,01 00 00 B7 9B
2026-09-28T15:21:44.057+00:00,4315.436,RX,baseline,0001A9E1,1,7,01 00 00 0F 03 E1 A9
2026-09-28T15:21:44.057+00:00,4315.569,RX,baseline,0011A9E1,1,5,01 00 00 E1 A9
2026-09-28T15:21:44.062+00:00,4320.387,RX,baseline,000195AC,1,7,01 00 00 0F 03 AC 95
2026-09-28T15:21:44.062+00:00,4320.570,RX,baseline,001195AC,1,5,01 00 00 AC 95
2026-09-28T15:21:44.067+00:00,4325.391,RX,baseline,0001DB13,1,7,01 00 00 0F 03 13 DB
2026-09-28T15:21:44.067+00:00,4325.748,RX,baseline,0011DB13,1,5,01 00 00 13 DB
2026-09-28T15:21:44.072+00:00,4330.577,RX,baseline,0001D093,1,7,01 00 00 0F 03 93 D0
2026-09-28T15:21:44.072+00:00,4330.648,RX,baseline,0011D093,1,5,01 00 00 93 D0
2026-09-28T15:21:44.077+00:00,4335.338,RX,baseline,0001BBAA,1,7,01 00 00 0F 03 AA BB
2026-09-28T15:21:44.077+00:00,4335.554,RX,baseline,0011BBAA,1,5,01 00 00 AA BB
2026-09-28T15:21:44.082+00:00,4340.549,RX,baseline,00012482,1,7,01 00 00 0F 03 82 24
2026-09-28T15:21:44.082+00:00,4340.633,RX,baseline,00112482,1,5,01 00 00 82 24
2026-09-28T15:21:44.087+00:00,4345.399,RX,baseline,0001E33C,1,7,01 00 00 0F 03 3C E3
2026-09-28T15:21:44.087+00:00,4345.501,RX,baseline,0011E33C,1,5,01 00 00 3C E3
2026-09-28T15:21:44.092+00:00,4350.313,RX,baseline,00016BB2,1,7,01 00 00 0F 03 B2 6B
2026-09-28T15:21:44.092+00:00,4350.552,RX,baseline,00116BB2,1,5,01 00 00 B2 6B
2026-09-28T15:21:44.097+00:00,4355.477,RX,baseline,0001D6E3,1,7,01 00 00 0F 03 E3 D6
2026-09-28T15:21:44.097+00:00,4355.523,RX,baseline,0011D6E3,1,5,01 00 00 E3 D6
2026-09-28T15:21:44.102+00:00,4360.310,RX,baseline,000146F4,1,7,01 00 00 0F 03 F4 46
2026-09-28T15:21:44.102+00:00,4360.552,RX,baseline,001146F4,1,5,01 00 00 F4 46
2026-09-28T15:21:44.107+00:00,4365.308,RX,baseline,00014F4B,1,7,01 00 00 0F 03 4B 4F
2026-09-28T15:21:44.107+00:00,4365.555,RX,baseline,00114F4B,1,5,01 00 00 4B 4F
2026-09-28T15:21:44.112+00:00,4370.421,RX,baseline,000119A3,1,7,01 00 00 0F 03 A3 19
2026-09-28T15:21:44.112+00:00,4370.495,RX,baseline,001119A3,1,5,01 00 00 A3 19
2026-09-28T15:21:44.117+00:00,4375.335,RX,baseline,0001F938,1,7,01 00 00 0F 03 38 F9
2026-09-28T15:21:44.117+00:00,4375.620,RX,baseline,0011F938,1,5,01 00 00 38 F9
2026-09-28T15:21:44.122+00:00,4380.317,RX,baseline,00019CEC,1,7,01 00 00 0F 03 EC 9C
2026-09-28T15:21:44.122+00:00,4380.544,RX,baseline,00119CEC,1,5,01 00 00 EC 9C
2026-09-28T15:21:44.127+00:00,4385.357,RX,baseline,000104E7,1,7,01 00 00 0F 03 E7 04
2026-09-28T15:21:44.127+00:00,4385.559,RX,baseline,001104E7,1,5,01 00 00 E7 04
2026-09-28T15:21:44.132+00:00,4390.546,RX,baseline,0001C3E6,1,7,01 00 00 0F 03 E6 C3
2026-09-28T15:21:44.132+00:00,4390.635,RX,baseline,0011C3E6,1,5,01 00 00 E6 C3
2026-09-28T15:21:44.137+00:00,4395.410,RX,baseline,0001216E,1,7,01 00 00 0F 03 6E 21
2026-09-28T15:21:44.137+00:00,4395.596,RX,baseline,0011216E,1,5,01 00 00 6E 21
2026-09-28T15:21:44.142+00:00,4400.444,RX,baseline,000175D2,1,7,01 00 00 0F 03 D2 75
2026-09-28T15:21:44.142+00:00,4400.510,RX,baseline,001175D2,1,5,01 00 00 D2 75
2026-09-28T15:21:44.147+00:00,4405.270,RX,baseline,0001900C,1,7,01 00 00 0F 03 0C 90
2026-09-28T15:21:44.147+00:00,4405.572,RX,baseline,0011900C,1,5,01 00 00 0C 90
2026-09-28T15:21:44.152+00:00,4410.346,RX,baseline,0001097B,1,7,01 00 00 0F 03 7B 09
2026-09-28T15:21:44.152+00:00,4410.542,RX,baseline,0011097B,1,5,01 00 00 7B 09
2026-09-28T15:21:44.157+00:00,4415.325,RX,baseline,00012808,1,7,01 00 00 0F 03 08 28
2026-09-28T15:21:44.157+00:00,4415.548,RX,baseline,00112808,1,5,01 00 00 08 28
2026-09-28T15:21:44.162+00:00,4420.340,RX,baseline,0001B485,1,7,01 00 00 0F 03 85 B4
2026-09-28T15:21:44.162+00:00,4420.613,RX,baseline,0011B485,1,5,01 00 00 85 B4
2026-09-28T15:21:44.167+00:00,4425.364,RX,baseline,00015E8C,1,7,01 00 00 0F 03 8C 5E
2026-09-28T15:21:44.167+00:00,4425.491,RX,baseline,00115E8C,1,5,01 00 00 8C 5E
2026-09-28T15:21:44.172+00:00,4430.311,RX,baseline,0001EB38,1,7,01 00 00 0F 03 38 EB
2026-09-28T15:21:44.172+00:00,4430.507,RX,baseline,0011EB38,1,5,01 00 00 38 EB
2026-09-28T15:21:44.177+00:00,4435.395,RX,baseline,00019EA7,1,7,01 00 00 0F 03 A7 9E
2026-09-28T15:21:44.177+00:00,4435.479,RX,baseline,00119EA7,1,5,01 00 00 A7 9E
2026-09-28T15:21:44.182+00:00,4440.383,RX,baseline,00010907,1,7,01 00 00 0F 03 07 09
2026-09-28T15:21:44.182+00:00,4440.695,RX,baseline,00110907,1,5,01 00 00 07 09
2026-09-28T15:21:44.187+00:00,4445.397,RX,baseline,00010853,1,7,01 00 00 0F 03 53 08
2026-09-28T15:21:44.187+00:00,4445.514,RX,baseline,00110853,1,5,01 00 00 53 08
2026-09-28T15:21:44.192+00:00,4450.395,RX,baseline,000143DD,1,7,01 00 00 0F 03 DD 43
2026-09-28T15:21:44.192+00:00,4450.481,RX,baseline,001143DD,1,5,01 00 00 DD 43
2026-09-28T15:21:44.197+00:00,4455.421,RX,baseline,00018E34,1,7,01 00 00 0F 03 34 8E
2026-09-28T15:21:44.197+00:00,4455.616,RX,baseline,00118E34,1,5,01 00 00 34 8E
2026-09-28T15:21:44.202+00:00,4460.472,RX,baseline,0001EBFB,1,7,01 00 00 0F 03 FB EB
2026-09-28T15:21:44.202+00:00,4460.609,RX,baseline,0011EBFB,1,5,01 00 00 FB EB
2026-09-28T15:21:44.207+00:00,4465.530,RX,baseline,0001C06E,1,7,01 00 00 0F 03 6E C0
2026-09-28T15:21:44.207+00:00,4465.621,RX,baseline,0011C06E,1,5,01 00 00 6E C0
2026-09-28T15:21:44.212+00:00,4470.454,RX,baseline,00015FE9,1,7,01 00 00 0F 03 E9 5F
2026-09-28T15:21:44.212+00:00,4470.588,RX,baseline,00115FE9,1,5,01 00 00 E9 5F
2026-09-28T15:21:44.217+00:00,4475.346,RX,baseline,000157BF,1,7,01 00 00 0F 03 BF 57
2026-09-28T15:21:44.217+00:00,4475.732,RX,baseline,001157BF,1,5,01 00 00 BF 57
2026-09-28T15:21:44.222+00:00,4480.703,RX,baseline,0001A3CE,1,7,01 00 00 0F 03 CE A3
2026-09-28T15:21:44.222+00:00,4480.785,RX,baseline,0011A3CE,1,5,01 00 00 CE A3
2026-09-28T15:21:44.227+00:00,4485.404,RX,baseline,000186C9,1,7,01 00 00 0F 03 C9 86
2026-09-28T15:21:44.227+00:00,4485.687,RX,baseline,001186C9,1,5,01 00 00 C9 86
2026-09-28T15:21:44.232+00:00,4490.415,RX,baseline,00019529,1,7,01 00 00 0F 03 29 95
2026-09-28T15:21:44.232+00:00,4490.517,RX,baseline,00119529,1,5,01 00 00 29 95
2026-09-28T15:21:44.237+00:00,4495.402,RX,baseline,00016C25,1,7,01 00 00 0F 03 25 6C
2026-09-28T15:21:44.237+00:00,4495.553,RX,baseline,00116C25,1,5,01 00 00 25 6C
2026-09-28T15:21:44.242+00:00,4500.413,RX,baseline,00016FB7,1,7,01 00 00 0F 03 B7 6F
2026-09-28T15:21:44.242+00:00,4500.702,RX,baseline,00116FB7,1,5,01 00 00 B7 6F
2026-09-28T15:21:44.247+00:00,4505.346,RX,baseline,000182BA,1,7,01 00 00 0F 03 BA 82
2026-09-28T15:21:44.247+00:00,4505.731,RX,baseline,001182BA,1,5,01 00 00 BA 82
2026-09-28T15:21:44.252+00:00,4510.545,RX,baseline,0001CE15,1,7,01 00 00 0F 03 15 CE
2026-09-28T15:21:44.252+00:00,4510.743,RX,baseline,0011CE15,1,5,01 00 00 15 CE
2026-09-28T15:21:44.257+00:00,4515.391,RX,baseline,00014274,1,7,01 00 00 0F 03 74 42
2026-09-28T15:21:44.257+00:00,4515.589,RX,baseline,00114274,1,5,01 00 00 74 42
2026-09-28T15:21:44.262+00:00,4520.483,RX,baseline,0001805F,1,7,01 00 00 0F 03 5F 80
2026-09-28T15:21:44.262+00:00,4520.579,RX,baseline,0011805F,1,5,01 00 00 5F 80
2026-09-28T15:21:44.267+00:00,4525.420,RX,baseline,00014E41,1,7,01 00 00 0F 03 41 4E
2026-09-28T15:21:44.267+00:00,4525.696,RX,baseline,00114E41,1,5,01 00 00 41 4E
2026-09-28T15:21:44.272+00:00,4530.449,RX,baseline,00010CD9,1,7,01 00 00 0F 03 D9 0C
2026-09-28T15:21:44.272+00:00,4530.544,RX,baseline,00110CD9,1,5,01 00 00 D9 0C
2026-09-28T15:21:44.277+00:00,4535.352,RX,baseline,0001F50D,1,7,01 00 00 0F 03 0D F5
2026-09-28T15:21:44.277+00:00,4535.747,RX,baseline,0011F50D,1,5,01 00 00 0D F5
2026-09-28T15:21:44.282+00:00,4540.326,RX,baseline,00011E5F,1,7,01 00 00 0F 03 5F 1E
2026-09-28T15:21:44.282+00:00,4540.586,RX,baseline,00111E5F,1,5,01 00 00 5F 1E
2026-09-28T15:21:44.287+00:00,4545.576,RX,baseline,0001520C,1,7,01 00 00 0F 03 0C 52
2026-09-28T15:21:44.287+00:00,4545.714,RX,baseline,0011520C,1,5,01 00 00 0C 52
2026-09-28T15:21:44.292+00:00,4550.384,RX,baseline,00011634,1,7,01 00 00 0F 03 34 16
2026-09-28T15:21:44.292+00:00,4550.507,RX,baseline,00111634,1,5,01 00 00 34 16
2026-09-28T15:21:44.297+00:00,4555.494,RX,baseline,0001418D,1,7,01 00 00 0F 03 8D 41
2026-09-28T15:21:44.297+00:00,4555.591,RX,baseline,0011418D,1,5,01 00 00 8D 41
2026-09-28T15:21:44.302+00:00,4560.369,RX,baseline,0001A26D,1,7,01 00 00 0F 03 6D A2
2026-09-28T15:21:44.302+00:00,4560.548,RX,baseline,0011A26D,1,5,01 00 00 6D A2
2026-09-28T15:21:44.307+00:00,4565.538,RX,baseline,00010E3C,1,7,01 00 00 0F 03 3C 0E
2026-09-28T15:21:44.307+00:00,4565.635,RX,baseline,00110E3C,1,5,01 00 00 3C 0E
2026-09-28T15:21:44.312+00:00,4570.297,RX,baseline,0001DC04,1,7,01 00 00 0F 03 04 DC
2026-09-28T15:21:44.312+00:00,4570.497,RX,baseline,0011DC04,1,5,01 00 00 04 DC
2026-09-28T15:21:44.317+00:00,4575.413,RX,baseline,00013F6C,1,7,01 00 00 0F 03 6C 3F
2026-09-28T15:21:44.317+00:00,4575.504,RX,baseline,00113F6C,1,5,01 00 00 6C 3F
2026-09-28T15:21:44.322+00:00,4580.526,RX,baseline,00018F55,1,7,01 00 00 0F 03 55 8F
2026-09-28T15:21:44.322+00:00,4580.670,RX,baseline,00118F55,1,5,01 00 00 55 8F
2026-09-28T15:21:44.327+00:00,4585.318,RX,baseline,000163E9,1,7,01 00 00 0F 03 E9 63
2026-09-28T15:21:44.327+00:00,4585.521,RX,baseline,001163E9,1,5,01 00 00 E9 63
2026-09-28T15:21:44.332+00:00,4590.293,RX,baseline,00013F9C,1,7,01 00 00 0F 03 9C 3F
2026-09-28T15:21:44.332+00:00,4590.529,RX,baseline,00113F9C,1,5,01 00 00 9C 3F
2026-09-28T15:21:44.337+00:00,4595.392,RX,baseline,00013162,1,7,01 00 00 0F 03 62 31
2026-09-28T15:21:44.337+00:00,4595.699,RX,baseline,00113162,1,5,01 00 00 62 31
2026-09-28T15:21:44.342+00:00,4600.389,RX,baseline,0001A9A9,1,7,01 00 00 0F 03 A9 A9
2026-09-28T15:21:44.342+00:00,4600.702,RX,baseline,0011A9A9,1,5,01 00 00 A9 A9
2026-09-28T15:21:44.347+00:00,4605.484,RX,baseline,0001EF65,1,7,01 00 00 0F 03 65 EF
2026-09-28T15:21:44.347+00:00,4605.545,RX,baseline,0011EF65,1,5,01 00 00 65 EF
2026-09-28T15:21:44.352+00:00,4610.315,RX,baseline,00016BDC,1,7,01 00 00 0F 03 DC 6B
2026-09-28T15:21:44.352+00:00,4610.532,RX,baseline,00116BDC,1,5,01 00 00 DC 6B
2026-09-28T15:21:44.357+00:00,4615.368,RX,baseline,0001598C,1,7,01 00 00 0F 03 8C 59
2026-09-28T15:21:44.357+00:00,4615.525,RX,baseline,0011598C,1,5,01 00 00 8C 59
2026-09-28T15:21:44.362+00:00,4620.428,RX,baseline,00010136,1,7,01 00 00 0F 03 36 01
2026-09-28T15:21:44.362+00:00,4620.509,RX,baseline,00110136,1,5,01 00 00 36 01
2026-09-28T15:21:44.367+00:00,4625.435,RX,baseline,00014B42,1,7,01 00 00 0F 03 42 4B
2026-09-28T15:21:44.367+00:00,4625.543,RX,baseline,00114B42,1,5,01 00 00 42 4B
2026-09-28T15:21:44.372+00:00,4630.404,RX,baseline,000186FD,1,7,01 00 00 0F 03 FD 86
2026-09-28T15:21:44.372+00:00,4630.542,RX,baseline,001186FD,1,5,01 00 00 FD 86
2026-09-28T15:21:44.377+00:00,4635.418,RX,baseline,0001D051,1,7,01 00 00 0F 03 51 D0
2026-09-28T15:21:44.377+00:00,4635.520,RX,baseline,0011D051,1,5,01 00 00 51 D0
2026-09-28T15:21:44.382+00:00,4640.475,RX,baseline,0001F83C,1,7,01 00 00 0F 03 3C F8
2026-09-28T15:21:44.382+00:00,4640.554,RX,baseline,0011F83C,1,5,01 00 00 3C F8
2026-09-28T15:21:44.387+00:00,4645.462,RX,baseline,00017815,1,7,01 00 00 0F 03 15 78
2026-09-28T15:21:44.387+00:00,4645.601,RX,baseline,00117815,1,5,01 00 00 15 78
2026-09-28T15:21:44.392+00:00,4650.412,RX,baseline,0001402F,1,7,01 00 00 0F 03 2F 40
2026-09-28T15:21:44.392+00:00,4650.528,RX,baseline,0011402F,1,5,01 00 00 2F 40
2026-09-28T15:21:44.397+00:00,4655.367,RX,baseline,00014A05,1,7,01 00 00 0F 03 05 4A
2026-09-28T15:21:44.397+00:00,4655.568,RX,baseline,00114A05,1,5,01 00 00 05 4A
2026-09-28T15:21:44.402+00:00,4660.367,RX,baseline,0001605C,1,7,01 00 00 0F 03 5C 60
2026-09-28T15:21:44.402+00:00,4660.504,RX,baseline,0011605C,1,5,01 00 00 5C 60
2026-09-28T15:21:44.407+00:00,4665.346,RX,baseline,000114F8,1,7,01 00 00 0F 03 F8 14
2026-09-28T15:21:44.407+00:00,4665.482,RX,baseline,001114F8,1,5,01 00 00 F8 14
2026-09-28T15:21:44.412+00:00,4670.277,RX,baseline,000158E4,1,7,01 00 00 0F 03 E4 58
2026-09-28T15:21:44.412+00:00,4670.518,RX,baseline,001158E4,1,5,01 00 00 E4 58
2026-09-28T15:21:44.417+00:00,4675.416,RX,baseline,0001E34A,1,7,01 00 00 0F 03 4A E3
2026-09-28T15:21:44.417+00:00,4675.526,RX,baseline,0011E34A,1,5,01 00 00 4A E3
2026-09-28T15:21:44.422+00:00,4680.345,RX,baseline,00018D50,1,7,01 00 00 0F 03 50 8D
2026-09-28T15:21:44.422+00:00,4680.522,RX,baseline,00118D50,1,5,01 00 00 50 8D
2026-09-28T15:21:44.427+00:00,4685.321,RX,baseline,0001B8D0,1,7,01 00 00 0F 03 D0 B8
2026-09-28T15:21:44.427+00:00,4685.477,RX,baseline,0011B8D0,1,5,01 00 00 D0 B8
2026-09-28T15:21:44.432+00:00,4690.352,RX,baseline,000131E9,1,7,01 00 00 0F 03 E9 31
2026-09-28T15:21:44.432+00:00,4690.430,RX,baseline,001131E9,1,5,01 00 00 E9 31
2026-09-28T15:21:44.437+00:00,4695.382,RX,baseline,0001F839,1,7,01 00 00 0F 03 39 F8
2026-09-28T15:21:44.437+00:00,4695.493,RX,baseline,0011F839,1,5,01 00 00 39 F8
2026-09-28T15:21:44.442+00:00,4700.281,RX,baseline,0001555D,1,7,01 00 00 0F 03 5D 55
2026-09-28T15:21:44.442+00:00,4700.522,RX,baseline,0011555D,1,5,01 00 00 5D 55
2026-09-28T15:21:44.447+00:00,4705.314,RX,baseline,00013C52,1,7,01 00 00 0F 03 52 3C
2026-09-28T15:21:44.447+00:00,4705.580,RX,baseline,00113C52,1,5,01 00 00 52 3C
2026-09-28T15:21:44.452+00:00,4710.335,RX,baseline,00015839,1,7,01 00 00 0F 03 39 58
2026-09-28T15:21:44.452+00:00,4710.468,RX,baseline,00115839,1,5,01 00 00 39 58
2026-09-28T15:21:44.457+00:00,4715.445,RX,baseline,00010244,1,7,01 00 00 0F 03 44 02
2026-09-28T15:21:44.457+00:00,4715.516,RX,baseline,00110244,1,5,01 00 00 44 02
2026-09-28T15:21:44.462+00:00,4720.287,RX,baseline,00012B88,1,7,01 00 00 0F 03 88 2B
2026-09-28T15:21:44.462+00:00,4720.544,RX,baseline,00112B88,1,5,01 00 00 88 2B
2026-09-28T15:21:44.467+00:00,4725.282,RX,baseline,00011CC6,1,7,01 00 00 0F 03 C6 1C
2026-09-28T15:21:44.467+00:00,4725.526,RX,baseline,00111CC6,1,5,01 00 00 C6 1C
2026-09-28T15:21:44.472+00:00,4730.294,RX,baseline,00012991,1,7,01 00 00 0F 03 91 29
2026-09-28T15:21:44.472+00:00,4730.541,RX,baseline,00112991,1,5,01 00 00 91 29
2026-09-28T15:21:44.477+00:00,4735.265,RX,baseline,000148D9,1,7,01 00 00 0F 03 D9 48
2026-09-28T15:21:44.477+00:00,4735.555,RX,baseline,001148D9,1,5,01 00 00 D9 48
2026-09-28T15:21:44.482+00:00,4740.247,RX,baseline,00012B8A,1,7,01 00 00 0F 03 8A 2B
2026-09-28T15:21:44.482+00:00,4740.484,RX,baseline,00112B8A,1,5,01 00 00 8A 2B
2026-09-28T15:21:44.487+00:00,4745.273,RX,baseline,0001B388,1,7,01 00 00 0F 03 88 B3
2026-09-28T15:21:44.487+00:00,4745.513,RX,baseline,0011B388,1,5,01 00 00 88 B3
2026-09-28T15:21:44.492+00:00,4750.296,RX,baseline,000148C2,1,7,01 00 00 0F 03 C2 48
2026-09-28T15:21:44.492+00:00,4750.510,RX,baseline,001148C2,1,5,01 00 00 C2 48
2026-09-28T15:21:44.497+00:00,4755.385,RX,baseline,0001C8C6,1,7,01 00 00 0F 03 C6 C8
2026-09-28T15:21:44.497+00:00,4755.468,RX,baseline,0011C8C6,1,5,01 00 00 C6 C8
2026-09-28T15:21:44.502+00:00,4760.591,RX,baseline,00013383,1,7,01 00 00 0F 03 83 33
2026-09-28T15:21:44.502+00:00,4760.660,RX,baseline,00113383,1,5,01 00 00 83 33
2026-09-28T15:21:44.507+00:00,4765.447,RX,baseline,00018A53,1,7,01 00 00 0F 03 53 8A
2026-09-28T15:21:44.507+00:00,4765.539,RX,baseline,00118A53,1,5,01 00 00 53 8A
2026-09-28T15:21:44.512+00:00,4770.459,RX,baseline,00014DC8,1,7,01 00 00 0F 03 C8 4D
2026-09-28T15:21:44.512+00:00,4770.564,RX,baseline,00114DC8,1,5,01 00 00 C8 4D
2026-09-28T15:21:44.517+00:00,4775.392,RX,baseline,0001065E,1,7,01 00 00 0F 03 5E 06
2026-09-28T15:21:44.517+00:00,4775.496,RX,baseline,0011065E,1,5,01 00 00 5E 06
2026-09-28T15:21:44.522+00:00,4780.532,RX,baseline,0001E371,1,7,01 00 00 0F 03 71 E3
2026-09-28T15:21:44.522+00:00,4780.616,RX,baseline,0011E371,1,5,01 00 00 71 E3
2026-09-28T15:21:44.527+00:00,4785.551,RX,baseline,0001C43C,1,7,01 00 00 0F 03 3C C4
2026-09-28T15:21:44.527+00:00,4785.619,RX,baseline,0011C43C,1,5,01 00 00 3C C4
2026-09-28T15:21:44.532+00:00,4790.352,RX,baseline,0001319D,1,7,01 00 00 0F 03 9D 31
2026-09-28T15:21:44.532+00:00,4790.674,RX,baseline,0011319D,1,5,01 00 00 9D 31
2026-09-28T15:21:44.537+00:00,4795.401,RX,baseline,0001C25F,1,7,01 00 00 0F 03 5F C2
2026-09-28T15:21:44.537+00:00,4795.584,RX,baseline,0011C25F,1,5,01 00 00 5F C2
2026-09-28T15:21:44.542+00:00,4800.421,RX,baseline,0001BA5E,1,7,01 00 00 0F 03 5E BA
2026-09-28T15:21:44.542+00:00,4800.566,RX,baseline,0011BA5E,1,5,01 00 00 5E BA
2026-09-28T15:21:44.547+00:00,4805.466,RX,baseline,00014F7F,1,7,01 00 00 0F 03 7F 4F
2026-09-28T15:21:44.547+00:00,4805.534,RX,baseline,00114F7F,1,5,01 00 00 7F 4F
2026-09-28T15:21:44.552+00:00,4810.342,RX,baseline,0001F5CD,1,7,01 00 00 0F 03 CD F5
2026-09-28T15:21:44.552+00:00,4810.525,RX,baseline,0011F5CD,1,5,01 00 00 CD F5
2026-09-28T15:21:44.557+00:00,4815.389,RX,baseline,0001ED91,1,7,01 00 00 0F 03 91 ED
2026-09-28T15:21:44.557+00:00,4815.496,RX,baseline,0011ED91,1,5,01 00 00 91 ED
2026-09-28T15:21:44.562+00:00,4820.458,RX,baseline,0001295B,1,7,01 00 00 0F 03 5B 29
2026-09-28T15:21:44.562+00:00,4820.530,RX,baseline,0011295B,1,5,01 00 00 5B 29
2026-09-28T15:21:44.567+00:00,4825.410,RX,baseline,000147FC,1,7,01 00 00 0F 03 FC 47
2026-09-28T15:21:44.567+00:00,4825.487,RX,baseline,001147FC,1,5,01 00 00 FC 47
2026-09-28T15:21:44.572+00:00,4830.518,RX,baseline,000133C9,1,7,01 00 00 0F 03 C9 33
2026-09-28T15:21:44.572+00:00,4830.599,RX,baseline,001133C9,1,5,01 00 00 C9 33
2026-09-28T15:21:44.577+00:00,4835.400,RX,baseline,00015F2E,1,7,01 00 00 0F 03 2E 5F
2026-09-28T15:21:44.577+00:00,4835.548,RX,baseline,00115F2E,1,5,01 00 00 2E 5F
2026-09-28T15:21:44.582+00:00,4840.479,RX,baseline,0001902F,1,7,01 00 00 0F 03 2F 90
2026-09-28T15:21:44.582+00:00,4840.579,RX,baseline,0011902F,1,5,01 00 00 2F 90
2026-09-28T15:21:44.587+00:00,4845.398,RX,baseline,0001327F,1,7,01 00 00 0F 03 7F 32
2026-09-28T15:21:44.587+00:00,4845.674,RX,baseline,0011327F,1,5,01 00 00 7F 32
2026-09-28T15:21:44.592+00:00,4850.450,RX,baseline,0001A3FC,1,7,01 00 00 0F 03 FC A3
2026-09-28T15:21:44.592+00:00,4850.550,RX,baseline,0011A3FC,1,5,01 00 00 FC A3
2026-09-28T15:21:44.597+00:00,4855.365,RX,baseline,0001AE04,1,7,01 00 00 0F 03 04 AE
2026-09-28T15:21:44.597+00:00,4855.537,RX,baseline,0011AE04,1,5,01 00 00 04 AE
2026-09-28T15:21:44.602+00:00,4860.375,RX,baseline,000167CE,1,7,01 00 00 0F 03 CE 67
2026-09-28T15:21:44.602+00:00,4860.449,RX,baseline,001167CE,1,5,01 00 00 CE 67
2026-09-28T15:21:44.607+00:00,4865.345,RX,baseline,00016CC2,1,7,01 00 00 0F 03 C2 6C
2026-09-28T15:21:44.607+00:00,4865.573,RX,baseline,00116CC2,1,5,01 00 00 C2 6C
2026-09-28T15:21:44.612+00:00,4870.486,RX,baseline,0001B09E,1,7,01 00 00 0F 03 9E B0
2026-09-28T15:21:44.612+00:00,4870.551,RX,baseline,0011B09E,1,5,01 00 00 9E B0
2026-09-28T15:21:44.617+00:00,4875.296,RX,baseline,0001045B,1,7,01 00 00 0F 03 5B 04
2026-09-28T15:21:44.617+00:00,4875.512,RX,baseline,0011045B,1,5,01 00 00 5B 04
2026-09-28T15:21:44.622+00:00,4880.455,RX,baseline,0001328A,1,7,01 00 00 0F 03 8A 32
2026-09-28T15:21:44.622+00:00,4880.552,RX,baseline,0011328A,1,5,01 00 00 8A 32
2026-09-28T15:21:44.627+00:00,4885.405,RX,baseline,00016232,1,7,01 00 00 0F 03 32 62
2026-09-28T15:21:44.627+00:00,4885.491,RX,baseline,00116232,1,5,01 00 00 32 62
2026-09-28T15:21:44.632+00:00,4890.353,RX,baseline,0001084A,1,7,01 00 00 0F 03 4A 08
2026-09-28T15:21:44.632+00:00,4890.521,RX,baseline,0011084A,1,5,01 00 00 4A 08
2026-09-28T15:21:44.637+00:00,4895.383,RX,baseline,0001EA97,1,7,01 00 00 0F 03 97 EA
2026-09-28T15:21:44.637+00:00,4895.613,RX,baseline,0011EA97,1,5,01 00 00 97 EA
2026-09-28T15:21:44.642+00:00,4900.330,RX,baseline,0001A60B,1,7,01 00 00 0F 03 0B A6
2026-09-28T15:21:44.642+00:00,4900.671,RX,baseline,0011A60B,1,5,01 00 00 0B A6
2026-09-28T15:21:44.647+00:00,4905.298,RX,baseline,0001E573,1,7,01 00 00 0F 03 73 E5
2026-09-28T15:21:44.647+00:00,4905.544,RX,baseline,0011E573,1,5,01 00 00 73 E5
2026-09-28T15:21:44.652+00:00,4910.287,RX,baseline,00013450,1,7,01 00 00 0F 03 50 34
2026-09-28T15:21:44.652+00:00,4910.701,RX,baseline,00113450,1,5,01 00 00 50 34
2026-09-28T15:21:44.657+00:00,4915.489,RX,baseline,0001109C,1,7,01 00 00 0F 03 9C 10
2026-09-28T15:21:44.657+00:00,4915.568,RX,baseline,0011109C,1,5,01 00 00 9C 10
2026-09-28T15:21:44.662+00:00,4920.325,RX,baseline,0001BAFF,1,7,01 00 00 0F 03 FF BA
2026-09-28T15:21:44.662+00:00,4920.708,RX,baseline,0011BAFF,1,5,01 00 00 FF BA
2026-09-28T15:21:44.667+00:00,4925.469,RX,baseline,000182A5,1,7,01 00 00 0F 03 A5 82
2026-09-28T15:21:44.667+00:00,4925.522,RX,baseline,001182A5,1,5,01 00 00 A5 82
2026-09-28T15:21:44.672+00:00,4930.319,RX,baseline,000112CA,1,7,01 00 00 0F 03 CA 12
2026-09-28T15:21:44.672+00:00,4930.673,RX,baseline,001112CA,1,5,01 00 00 CA 12
2026-09-28T15:21:44.677+00:00,4935.333,RX,baseline,00012DF4,1,7,01 00 00 0F 03 F4 2D
2026-09-28T15:21:44.677+00:00,4935.573,RX,baseline,00112DF4,1,5,01 00 00 F4 2D
2026-09-28T15:21:44.682+00:00,4940.467,RX,baseline,0001AA91,1,7,01 00 00 0F 03 91 AA
2026-09-28T15:21:44.682+00:00,4940.704,RX,baseline,0011AA91,1,5,01 00 00 91 AA
2026-09-28T15:21:44.687+00:00,4945.325,RX,baseline,0001CE63,1,7,01 00 00 0F 03 63 CE
2026-09-28T15:21:44.687+00:00,4945.634,RX,baseline,0011CE63,1,5,01 00 00 63 CE
2026-09-28T15:21:44.692+00:00,4950.301,RX,baseline,00017C70,1,7,01 00 00 0F 03 70 7C
2026-09-28T15:21:44.692+00:00,4950.648,RX,baseline,00117C70,1,5,01 00 00 70 7C
2026-09-28T15:21:44.697+00:00,4955.292,RX,baseline,0001C0B1,1,7,01 00 00 0F 03 B1 C0
2026-09-28T15:21:44.697+00:00,4955.563,RX,baseline,0011C0B1,1,5,01 00 00 B1 C0
2026-09-28T15:21:44.702+00:00,4960.410,RX,baseline,0001099A,1,7,01 00 00 0F 03 9A 09
2026-09-28T15:21:44.702+00:00,4960.480,RX,baseline,0011099A,1,5,01 00 00 9A 09
2026-09-28T15:21:44.707+00:00,4965.457,RX,baseline,0001A98F,1,7,01 00 00 0F 03 8F A9
2026-09-28T15:21:44.707+00:00,4965.542,RX,baseline,0011A98F,1,5,01 00 00 8F A9
2026-09-28T15:21:44.712+00:00,4970.317,RX,baseline,0001CE2B,1,7,01 00 00 0F 03 2B CE
2026-09-28T15:21:44.712+00:00,4970.448,RX,baseline,0011CE2B,1,5,01 00 00 2B CE
2026-09-28T15:21:44.717+00:00,4975.360,RX,baseline,0001F712,1,7,01 00 00 0F 03 12 F7
2026-09-28T15:21:44.717+00:00,4975.478,RX,baseline,0011F712,1,5,01 00 00 12 F7
2026-09-28T15:21:44.722+00:00,4980.449,RX,baseline,0001E199,1,7,01 00 00 0F 03 99 E1
2026-09-28T15:21:44.722+00:00,4980.526,RX,baseline,0011E199,1,5,01 00 00 99 E1
2026-09-28T15:21:44.727+00:00,4985.441,RX,baseline,0001A9D0,1,7,01 00 00 0F 03 D0 A9
2026-09-28T15:21:44.727+00:00,4985.512,RX,baseline,0011A9D0,1,5,01 00 00 D0 A9
2026-09-28T15:21:44.732+00:00,4990.268,RX,baseline,0001766B,1,7,01 00 00 0F 03 6B 76
2026-09-28T15:21:44.732+00:00,4990.584,RX,baseline,0011766B,1,5,01 00 00 6B 76
2026-09-28T15:21:44.737+00:00,4995.369,RX,baseline,000157E8,1,7,01 00 00 0F 03 E8 57
2026-09-28T15:21:44.737+00:00,4995.525,RX,baseline,001157E8,1,5,01 00 00 E8 57
2026-09-28T15:21:44.742+00:00,5000.310,RX,baseline,0001AB63,1,7,01 00 00 0F 03 63 AB
2026-09-28T15:21:44.742+00:00,5000.512,RX,baseline,0011AB63,1,5,01 00 00 63 AB
2026-09-28T15:21:44.743+00:00,5001.012,TX,short_only,0015C82D,1,5,01 00 00 2D C8
2026-09-28T15:21:44.747+00:00,5005.310,RX,post,000156D6,1,7,01 00 00 0F 03 D6 56
2026-09-28T15:21:44.747+00:00,5005.603,RX,post,001156D6,1,5,01 00 00 D6 56
2026-09-28T15:21:44.752+00:00,5010.332,RX,post,00018238,1,7,01 00 00 0F 03 38 82
2026-09-28T15:21:44.752+00:00,5010.520,RX,post,00118238,1,5,01 00 00 38 82
2026-09-28T15:21:44.754+00:00,5012.314,RX,post,103C0401,1,4,00 00 00 01
2026-09-28T15:21:44.754+00:00,5012.573,RX,post,103C0481,1,8,00 00 00 00 00 10 62 14
2026-09-28T15:21:44.757+00:00,5015.342,RX,post,0001B1B6,1,7,01 00 00 0F 03 B6 B1
2026-09-28T15:21:44.757+00:00,5015.621,RX,post,0011B1B6,1,5,01 00 00 B6 B1
2026-09-28T15:21:44.759+00:00,5017.322,RX,post,103C0401,1,4,00 00 00 01
2026-09-28T15:21:44.759+00:00,5017.619,RX,post,103C0481,1,8,00 00 00 00 00 10 62 14
2026-09-28T15:21:44.762+00:00,5020.352,RX,post,00017398,1,7,01 00 00 0F 03 98 73
2026-09-28T15:21:44.762+00:00,5020.492,RX,post,00117398,1,5,01 00 00 98 73
2026-09-28T15:21:44.764+00:00,5022.295,RX,post,103C0401,1,4,00 00 00 01
2026-09-28T15:21:44.764+00:00,5022.492,RX,post,103C0481,1,8,00 00 00 00 00 10 62 14
2026-09-28T15:21:44.767+00:00,5025.302,RX,post,00017862,1,7,01 00 00 0F 03 62 78
2026-09-28T15:21:44.767+00:00,5025.527,RX,post,00117862,1,5,01 00 00 62 78
2026-09-28T15:21:44.769+00:00,5027.272,RX,post,103C0401,1,4,00 00 00 01
2026-09-28T15:21:44.769+00:00,5027.490,RX,post,103C0481,1,8,00 00 00 00 00 10 63 14
2026-09-28T15:21:44.772+00:00,5030.351,RX,post,00013A09,1,7,01 00 00 0F 03 09 3A
2026-09-28T15:21:44.772+00:00,5030.649,RX,post,00113A09,1,5,01 00 00 09 3A
2026-09-28T15:21:44.774+00:00,5032.223,RX,post,103C0401,1,4,00 00 00 01
2026-09-28T15:21:44.774+00:00,5032.508,RX,post,103C0481,1,8,00 00 00 00 00 10 62 14
2026-09-28T15:21:44.777+00:00,5035.309,RX,post,0001E899,1,7,01 00 00 0F 03 99 E8
2026-09-28T15:21:44.777+00:00,5035.561,RX,post,0011E899,1,5,01 00 00 99 E8
2026-09-28T15:21:44.779+00:00,5037.272,RX,post,103C0401,1,4,00 00 00 01
2026-09-28T15:21:44.779+00:00,5037.480,RX,post,103C0481,1,8,00 00 00 00 00 10 62 14
2026-09-28T15:21:44.782+00:00,5040.311,RX,post,0001D0DC,1,7,01 00 00 0F 03 DC D0
2026-09-28T15:21:44.782+00:00,5040.538,RX,post,0011D0DC,1,5,01 00 00 DC D0
2026-09-28T15:21:44.784+00:00,5042.265,RX,post,103C0401,1,4,00 00 00 01
2026-09-28T15:21:44.784+00:00,5042.473,RX,post,103C0481,1,8,00 00 00 00 00 10 63 14
2026-09-28T15:21:44.787+00:00,5045.329,RX,post,00017908,1,7,01 00 00 0F 03 08 79
2026-09-28T15:21:44.787+00:00,5045.497,RX,post,00117908,1,5,01 00 00 08 79
2026-09-28T15:21:44.789+00:00,5047.290,RX,post,103C0401,1,4,00 00 00 01
2026-09-28T15:21:44.789+00:00,5047.532,RX,post,103C0481,1,8,00 00 00 00 00 10 63 14
2026-09-28T15:21:44.792+00:00,5050.327,RX,post,0001A656,1,7,01 00 00 0F 03 56 A6
2026-09-28T15:21:44.792+00:00,5050.410,RX,post,0011A656,1,5,01 00 00 56 A6
2026-09-28T15:21:44.794+00:00,5052.209,RX,post,103C0401,1,4,00 00 00 01
2026-09-28T15:21:44.794+00:00,5052.404,RX,post,103C0481,1,8,00 00 00 00 00 10 62 14
2026-09-28T15:21:44.797+00:00,5055.391,RX,post,0001C2ED,1,7,01 00 00 0F 03 ED C2
2026-09-28T15:21:44.797+00:00,5055.495,RX,post,0011C2ED,1,5,01 00 00 ED C2
2026-09-28T15:21:44.799+00:00,5057.319,RX,post,103C0401,1,4,00 00 00 01
2026-09-28T15:21:44.799+00:00,5057.610,RX,post,103C0481,1,8,00 00 00 00 00 10 62 14
2026-09-28T15:21:44.802+00:00,5060.250,RX,post,000123C1,1,7,01 00 00 0F 03 C1 23
2026-09-28T15:21:44.802+00:00,5060.617,RX,post,001123C1,1,5,01 00 00 C1 23
2026-09-28T15:21:44.804+00:00,5062.290,RX,post,103C0401,1,4,00 00 00 01
2026-09-28T15:21:44.804+00:00,5062.532,RX,post,103C0481,1,8,00 00 00 00 00 10 63 14
2026-09-28T15:21:44.807+00:00,5065.253,RX,post,0001A1B2,1,7,01 00 00 0F 03 B2 A1
2026-09-28T15:21:44.807+00:00,5065.574,RX,post,0011A1B2,1,5,01 00 00 B2 A1
2026-09-28T15:21:44.809+00:00,5067.239,RX,post,103C0401,1,4,00 00 00 01
2026-09-28T15:21:44.809+00:00,5067.543,RX,post,103C0481,1,8,00 00 00 00 00 10 62 14
2026-09-28T15:21:44.812+00:00,5070.300,RX,post,00011BEF,1,7,01 00 00 0F 03 EF 1B
2026-09-28T15:21:44.812+00:00,5070.546,RX,post,00111BEF,1,5,01 00 00 EF 1B
2026-09-28T15:21:44.814+00:00,5072.218,RX,post,103C0401,1,4,00 00 00 01
2026-09-28T15:21:44.814+00:00,5072.484,RX,post,103C0481,1,8,00 00 00 00 00 10 62 14
2026-09-28T15:21:44.817+00:00,5075.396,RX,post,00019CAB,1,7,01 00 00 0F 03 AB 9C
2026-09-28T15:21:44.817+00:00,5075.462,RX,post,00119CAB,1,5,01 00 00 AB 9C
2026-09-28T15:21:44.819+00:00,5077.376,RX,post,103C0401,1,4,00 00 00 01
2026-09-28T15:21:44.819+00:00,5077.604,RX,post,103C0481,1,8,00 00 00 00 00 10 63 14
2026-09-28T15:21:44.822+00:00,5080.324,RX,post,00016885,1,7,01 00 00 0F 03 85 68
2026-09-28T15:21:44.822+00:00,5080.505,RX,post,00116885,1,5,01 00 00 85 68
2026-09-28T15:21:44.824+00:00,5082.379,RX,post,103C0401,1,4,00 00 00 01
2026-09-28T15:21:44.824+00:00,5082.607,RX,post,103C0481,1,8,00 00 00 00 00 10 63 14
2026-09-28T15:21:44.827+00:00,5085.198,RX,post,000179E3,1,7,01 00 00 0F 03 E3 79
2026-09-28T15:21:44.827+00:00,5085.406,RX,post,001179E3,1,5,01 00 00 E3 79
2026-09-28T15:21:44.829+00:00,5087.205,RX,post,103C0401,1,4,00 00 00 01
2026-09-28T15:21:44.829+00:00,5087.377,RX,post,103C0481,1,8,00 00 00 00 00 10 63 14
2026-09-28T15:21:44.832+00:00,5090.278,RX,post,0001D40A,1,7,01 00 00 0F 03 0A D4
2026-09-28T15:21:44.832+00:00,5090.470,RX,post,0011D40A,1,5,01 00 00 0A D4
2026-09-28T15:21:44.834+00:00,5092.256,RX,post,103C0401,1,4,00 00 00 01
2026-09-28T15:21:44.834+00:00,5092.416,RX,post,103C0481,1,8,00 00 00 00 00 10 63 14
2026-09-28T15:21:44.837+00:00,5095.258,RX,post,00017193,1,7,01 00 00 0F 03 93 71
2026-09-28T15:21:44.837+00:00,5095.505,RX,post,00117193,1,5,01 00 00 93 71
2026-09-28T15:21:44.842+00:00,5100.419,RX,post,00017A80,1,7,01 00 00 0F 03 80 7A
2026-09-28T15:21:44.842+00:00,5100.537,RX,post,00117A80,1,5,01 00 00 80 7A
2026-09-28T15:21:44.847+00:00,5105.251,RX,post,000104C0,1,7,01 00 00 0F 03 C0 04
2026-09-28T15:21:44.847+00:00,5105.542,RX,post,001104C0,1,5,01 00 00 C0 04
2026-09-28T15:21:44.852+00:00,5110.232,RX,post,00018C1D,1,7,01 00 00 0F 03 1D 8C
2026-09-28T15:21:44.852+00:00,5110.498,RX,post,00118C1D,1,5,01 00 00 1D 8C
2026-09-28T15:21:44.857+00:00,5115.430,RX,post,0001760E,1,7,01 00 00 0F 03 0E 76
2026-09-28T15:21:44.857+00:00,5115.534,RX,post,0011760E,1,5,01 00 00 0E 76
2026-09-28T15:21:44.862+00:00,5120.326,RX,post,0001095B,1,7,01 00 00 0F 03 5B 09
2026-09-28T15:21:44.862+00:00,5120.398,RX,post,0011095B,1,5,01 00 00 5B 09
2026-09-28T15:21:44.867+00:00,5125.339,RX,post,000126CE,1,7,01 00 00 0F 03 CE 26
2026-09-28T15:21:44.867+00:00,5125.534,RX,post,001126CE,1,5,01 00 00 CE 26
2026-09-28T15:21:44.872+00:00,5130.232,RX,post,0001ED71,1,7,01 00 00 0F 03 71 ED
2026-09-28T15:21:44.872+00:00,5130.504,RX,post,0011ED71,1,5,01 00 00 71 ED
2026-09-28T15:21:44.877+00:00,5135.314,RX,post,000102D0,1,7,01 00 00 0F 03 D0 02
2026-09-28T15:21:44.877+00:00,5135.585,RX,post,001102D0,1,5,01 00 00 D0 02
2026-09-28T15:21:44.882+00:00,5140.399,RX,post,0001A800,1,7,01 00 00 0F 03 00 A8
2026-09-28T15:21:44.882+00:00,5140.453,RX,post,0011A800,1,5,01 00 00 00 A8
2026-09-28T15:21:44.887+00:00,5145.422,RX,post,0001E47A,1,7,01 00 00 0F 03 7A E4
2026-09-28T15:21:44.887+00:00,5145.653,RX,post,0011E47A,1,5,01 00 00 7A E4
2026-09-28T15:21:44.892+00:00,5150.353,RX,post,00014071,1,7,01 00 00 0F 03 71 40
2026-09-28T15:21:44.892+00:00,5150.494,RX,post,00114071,1,5,01 00 00 71 40
2026-09-28T15:21:44.897+00:00,5155.246,RX,post,0001633F,1,7,01 00 00 0F 03 3F 63
2026-09-28T15:21:44.897+00:00,5155.457,RX,post,0011633F,1,5,01 00 00 3F 63
2026-09-28T15:21:44.902+00:00,5160.453,RX,post,0001F954,1,7,01 00 00 0F 03 54 F9
2026-09-28T15:21:44.902+00:00,5160.527,RX,post,0011F954,1,5,01 00 00 54 F9
2026-09-28T15:21:44.907+00:00,5165.362,RX,post,0001C55D,1,7,01 00 00 0F 03 5D C5
2026-09-28T15:21:44.907+00:00,5165.484,RX,post,0011C55D,1,5,01 00 00 5D C5
2026-09-28T15:21:44.912+00:00,5170.352,RX,post,0001F3C6,1,7,01 00 00 0F 03 C6 F3
2026-09-28T15:21:44.912+00:00,5170.475,RX,post,0011F3C6,1,5,01 00 00 C6 F3
2026-09-28T15:21:44.917+00:00,5175.301,RX,post,0001A296,1,7,01 00 00 0F 03 96 A2
2026-09-28T15:21:44.917+00:00,5175.505,RX,post,0011A296,1,5,01 00 00 96 A2
2026-09-28T15:21:44.922+00:00,5180.302,RX,post,000192A6,1,7,01 00 00 0F 03 A6 92
2026-09-28T15:21:44.922+00:00,5180.399,RX,post,001192A6,1,5,01 00 00 A6 92
2026-09-28T15:21:44.927+00:00,5185.311,RX,post,0001043C,1,7,01 00 00 0F 03 3C 04
2026-09-28T15:21:44.927+00:00,5185.558,RX,post,0011043C,1,5,01 00 00 3C 04
2026-09-28T15:21:44.932+00:00,5190.282,RX,post,00011B23,1,7,01 00 00 0F 03 23 1B
2026-09-28T15:21:44.932+00:00,5190.495,RX,post,00111B23,1,5,01 00 00 23 1B
2026-09-28T15:21:44.937+00:00,5195.378,RX,post,000153C8,1,7,01 00 00 0F 03 C8 53
2026-09-28T15:21:44.937+00:00,5195.534,RX,post,001153C8,1,5,01 00 00 C8 53
2026-09-28T15:21:44.942+00:00,5200.315,RX,post,000133E4,1,7,01 00 00 0F 03 E4 33
2026-09-28T15:21:44.942+00:00,5200.504,RX,post,001133E4,1,5,01 00 00 E4 33
2026-09-28T15:21:44.947+00:00,5205.297,RX,post,000107D1,1,7,01 00 00 0F 03 D1 07
2026-09-28T15:21:44.947+00:00,5205.525,RX,post,001107D1,1,5,01 00 00 D1 07
2026-09-28T15:21:44.952+00:00,5210.401,RX,post,000115DF,1,7,01 00 00 0F 03 DF 15
2026-09-28T15:21:44.952+00:00,5210.499,RX,post,001115DF,1,5,01 00 00 DF 15
2026-09-28T15:21:44.957+00:00,5215.424,RX,post,00016C24,1,7,01 00 00 0F 03 24 6C
2026-09-28T15:21:44.957+00:00,5215.529,RX,post,00116C24,1,5,01 00 00 24 6C
2026-09-28T15:21:44.962+00:00,5220.328,RX,post,0001C193,1,7,01 00 00 0F 03 93 C1
2026-09-28T15:21:44.962+00:00,5220.470,RX,post,0011C193,1,5,01 00 00 93 C1
2026-09-28T15:21:44.967+00:00,5225.280,RX,post,0001884B,1,7,01 00 00 0F 03 4B 88
2026-09-28T15:21:44.967+00:00,5225.459,RX,post,0011884B,1,5,01 00 00 4B 88
2026-09-28T15:21:44.972+00:00,5230.488,RX,post,00011947,1,7,01 00 00 0F 03 47 19
2026-09-28T15:21:44.972+00:00,5230.574,RX,post,00111947,1,5,01 00 00 47 19
2026-09-28T15:21:44.977+00:00,5235.320,RX,post,000114BC,1,7,01 00 00 0F 03 BC 14
2026-09-28T15:21:44.977+00:00,5235.581,RX,post,001114BC,1,5,01 00 00 BC 14
2026-09-28T15:21:44.982+00:00,5240.508,RX,post,00015C7C,1,7,01 00 00 0F 03 7C 5C
2026-09-28T15:21:44.982+00:00,5240.573,RX,post,00115C7C,1,5,01 00 00 7C 5C
2026-09-28T15:21:44.987+00:00,5245.318,RX,post,00010995,1,7,01 00 00 0F 03 95 09
2026-09-28T15:21:44.987+00:00,5245.435,RX,post,00110995,1,5,01 00 00 95 09
2026-09-28T15:21:44.992+00:00,5250.506,RX,post,0001BAB0,1,7,01 00 00 0F 03 B0 BA
2026-09-28T15:21:44.992+00:00,5250.586,RX,post,0011BAB0,1,5,01 00 00 B0 BA
2026-09-28T15:21:44.997+00:00,5255.341,RX,post,00017686,1,7,01 00 00 0F 03 86 76
2026-09-28T15:21:44.997+00:00,5255.482,RX,post,00117686,1,5,01 00 00 86 76
2026-09-28T15:21:45.002+00:00,5260.400,RX,post,00017726,1,7,01 00 00 0F 03 26 77
2026-09-28T15:21:45.002+00:00,5260.457,RX,post,00117726,1,5,01 00 00 26 77
2026-09-28T15:21:45.007+00:00,5265.290,RX,post,00010E59,1,7,01 00 00 0F 03 59 0E
2026-09-28T15:21:45.007+00:00,5265.424,RX,post,00110E59,1,5,01 00 00 59 0E
2026-09-28T15:21:45.012+00:00,5270.293,RX,post,0001814E,1,7,01 00 00 0F 03 4E 81
2026-09-28T15:21:45.012+00:00,5270.496,RX,post,0011814E,1,5,01 00 00 4E 81
2026-09-28T15:21:45.017+00:00,5275.312,RX,post,0001793F,1,7,01 00 00 0F 03 3F 79
2026-09-28T15:21:45.017+00:00,5275.535,RX,post,0011793F,1,5,01 00 00 3F 79
2026-09-28T15:21:45.022+00:00,5280.355,RX,post,0001D106,1,7,01 00 00 0F 03 06 D1
2026-09-28T15:21:45.022+00:00,5280.446,RX,post,0011D106,1,5,01 00 00 06 D1
2026-09-28T15:21:45.027+00:00,5285.514,RX,post,00016BC2,1,7,01 00 00 0F 03 C2 6B
2026-09-28T15:21:45.027+00:00,5285.628,RX,post,00116BC2,1,5,01 00 00 C2 6B
2026-09-28T15:21:45.032+00:00,5290.769,RX,post,000177C6,1,7,01 00 00 0F 03 C6 77
2026-09-28T15:21:45.033+00:00,5290.822,RX,post,001177C6,1,5,01 00 00 C6 77
2026-09-28T15:21:45.037+00:00,5295.807,RX,post,0001B512,1,7,01 00 00 0F 03 12 B5
2026-09-28T15:21:45.038+00:00,5295.905,RX,post,0011B512,1,5,01 00 00 12 B5
2026-09-28T15:21:45.042+00:00,5300.216,RX,post,0001A777,1,7,01 00 00 0F 03 77 A7
2026-09-28T15:21:45.042+00:00,5300.542,RX,post,0011A777,1,5,01 00 00 77 A7
2026-09-28T15:21:45.047+00:00,5305.249,RX,post,00019E04,1,7,01 00 00 0F 03 04 9E
2026-09-28T15:21:45.047+00:00,5305.510,RX,post,00119E04,1,5,01 00 00 04 9E
2026-09-28T15:21:45.052+00:00,5310.462,RX,post,0001B985,1,7,01 00 00 0F 03 85 B9
2026-09-28T15:21:45.052+00:00,5310.543,RX,post,0011B985,1,5,01 00 00 85 B9
2026-09-28T15:21:45.057+00:00,5315.346,RX,post,00012EFC,1,7,01 00 00 0F 03 FC 2E
2026-09-28T15:21:45.057+00:00,5315.435,RX,post,00112EFC,1,5,01 00 00 FC 2E
2026-09-28T15:21:45.062+00:00,5320.298,RX,post,0001986B,1,7,01 00 00 0F 03 6B 98
2026-09-28T15:21:45.062+00:00,5320.479,RX,post,0011986B,1,5,01 00 00 6B 98
2026-09-28T15:21:45.067+00:00,5325.290,RX,post,00011D9D,1,7,01 00 00 0F 03 9D 1D
2026-09-28T15:21:45.067+00:00,5325.550,RX,post,00111D9D,1,5,01 00 00 9D 1D
2026-09-28T15:21:45.072+00:00,5330.171,RX,post,000113CD,1,7,01 00 00 0F 03 CD 13
2026-09-28T15:21:45.072+00:00,5330.458,RX,post,001113CD,1,5,01 00 00 CD 13
2026-09-28T15:21:45.077+00:00,5335.343,RX,post,00011FED,1,7,01 00 00 0F 03 ED 1F
2026-09-28T15:21:45.077+00:00,5335.408,RX,post,00111FED,1,5,01 00 00 ED 1F
2026-09-28T15:21:45.082+00:00,5340.203,RX,post,0001EEDD,1,7,01 00 00 0F 03 DD EE
2026-09-28T15:21:45.082+00:00,5340.440,RX,post,0011EEDD,1,5,01 00 00 DD EE
2026-09-28T15:21:45.087+00:00,5345.202,RX,post,0001B157,1,7,01 00 00 0F 03 57 B1
2026-09-28T15:21:45.087+00:00,5345.490,RX,post,0011B157,1,5,01 00 00 57 B1
2026-09-28T15:21:45.092+00:00,5350.488,RX,post,00016A94,1,7,01 00 00 0F 03 94 6A
2026-09-28T15:21:45.092+00:00,5350.542,RX,post,00116A94,1,5,01 00 00 94 6A
2026-09-28T15:21:45.097+00:00,5355.528,RX,post,0001DAAD,1,7,01 00 00 0F 03 AD DA
2026-09-28T15:21:45.097+00:00,5355.615,RX,post,0011DAAD,1,5,01 00 00 AD DA
2026-09-28T15:21:45.102+00:00,5360.418,RX,post,00016D0D,1,7,01 00 00 0F 03 0D 6D
2026-09-28T15:21:45.102+00:00,5360.500,RX,post,00116D0D,1,5,01 00 00 0D 6D
2026-09-28T15:21:45.107+00:00,5365.459,RX,post,0001A514,1,7,01 00 00 0F 03 14 A5
2026-09-28T15:21:45.107+00:00,5365.548,RX,post,0011A514,1,5,01 00 00 14 A5
2026-09-28T15:21:45.112+00:00,5370.423,RX,post,0001790C,1,7,01 00 00 0F 03 0C 79
2026-09-28T15:21:45.112+00:00,5370.545,RX,post,0011790C,1,5,01 00 00 0C 79
2026-09-28T15:21:45.117+00:00,5375.353,RX,post,00018C84,1,7,01 00 00 0F 03 84 8C
2026-09-28T15:21:45.117+00:00,5375.568,RX,post,00118C84,1,5,01 00 00 84 8C
2026-09-28T15:21:45.122+00:00,5380.327,RX,post,00019C6A,1,7,01 00 00 0F 03 6A 9C
2026-09-28T15:21:45.122+00:00,5380.430,RX,post,00119C6A,1,5,01 00 00 6A 9C
2026-09-28T15:21:45.127+00:00,5385.472,RX,post,00013548,1,7,01 00 00 0F 03 48 35
2026-09-28T15:21:45.127+00:00,5385.548,RX,post,00113548,1,5,01 00 00 48 35
2026-09-28T15:21:45.132+00:00,5390.253,RX,post,00015200,1,7,01 00 00 0F 03 00 52
2026-09-28T15:21:45.132+00:00,5390.519,RX,post,00115200,1,5,01 00 00 00 52
2026-09-28T15:21:45.137+00:00,5395.236,RX,post,00011897,1,7,01 00 00 0F 03 97 18
2026-09-28T15:21:45.137+00:00,5395.484,RX,post,00111897,1,5,01 00 00 97 18
2026-09-28T15:21:45.142+00:00,5400.482,RX,post,0001B74C,1,7,01 00 00 0F 03 4C B7
2026-09-28T15:21:45.142+00:00,5400.549,RX,post,0011B74C,1,5,01 00 00 4C B7
2026-09-28T15:21:45.147+00:00,5405.470,RX,post,0001D744,1,7,01 00 00 0F 03 44 D7
2026-09-28T15:21:45.147+00:00,5405.565,RX,post,0011D744,1,5,01 00 00 44 D7
2026-09-28T15:21:45.152+00:00,5410.533,RX,post,0001DBE4,1,7,01 00 00 0F 03 E4 DB
2026-09-28T15:21:45.152+00:00,5410.612,RX,post,0011DBE4,1,5,01 00 00 E4 DB
2026-09-28T15:21:45.157+00:00,5415.442,RX,post,0001D613,1,7,01 00 00 0F 03 13 D6
2026-09-28T15:21:45.157+00:00,5415.545,RX,post,0011D613,1,5,01 00 00 13 D6
2026-09-28T15:21:45.162+00:00,5420.440,RX,post,0001B86A,1,7,01 00 00 0F 03 6A B8
2026-09-28T15:21:45.162+00:00,5420.534,RX,post,0011B86A,1,5,01 00 00 6A B8
2026-09-28T15:21:45.167+00:00,5425.177,RX,post,00018638,1,7,01 00 00 0F 03 38 86
2026-09-28T15:21:45.167+00:00,5425.421,RX,post,00118638,1,5,01 00 00 38 86
2026-09-28T15:21:45.172+00:00,5430.492,RX,post,000174A9,1,7,01 00 00 0F 03 A9 74
2026-09-28T15:21:45.172+00:00,5430.592,RX,post,001174A9,1,5,01 00 00 A9 74
2026-09-28T15:21:45.177+00:00,5435.216,RX,post,00016D0C,1,7,01 00 00 0F 03 0C 6D
2026-09-28T15:21:45.177+00:00,5435.404,RX,post,00116D0C,1,5,01 00 00 0C 6D
2026-09-28T15:21:45.182+00:00,5440.578,RX,post,00018805,1,7,01 00 00 0F 03 05 88
2026-09-28T15:21:45.182+00:00,5440.681,RX,post,00118805,1,5,01 00 00 05 88
2026-09-28T15:21:45.187+00:00,5445.382,RX,post,00010CF5,1,7,01 00 00 0F 03 F5 0C
2026-09-28T15:21:45.187+00:00,5445.445,RX,post,00110CF5,1,5,01 00 00 F5 0C
2026-09-28T15:21:45.192+00:00,5450.345,RX,post,00018554,1,7,01 00 00 0F 03 54 85
2026-09-28T15:21:45.192+00:00,5450.392,RX,post,00118554,1,5,01 00 00 54 85
2026-09-28T15:21:45.197+00:00,5455.252,RX,post,0001AE22,1,7,01 00 00 0F 03 22 AE
2026-09-28T15:21:45.197+00:00,5455.427,RX,post,0011AE22,1,5,01 00 00 22 AE
2026-09-28T15:21:45.202+00:00,5460.498,RX,post,0001EEE7,1,7,01 00 00 0F 03 E7 EE
2026-09-28T15:21:45.202+00:00,5460.539,RX,post,0011EEE7,1,5,01 00 00 E7 EE
2026-09-28T15:21:45.207+00:00,5465.175,RX,post,00016876,1,7,01 00 00 0F 03 76 68
2026-09-28T15:21:45.207+00:00,5465.489,RX,post,00116876,1,5,01 00 00 76 68
2026-09-28T15:21:45.212+00:00,5470.198,RX,post,0001FD4D,1,7,01 00 00 0F 03 4D FD
2026-09-28T15:21:45.212+00:00,5470.417,RX,post,0011FD4D,1,5,01 00 00 4D FD
2026-09-28T15:21:45.217+00:00,5475.188,RX,post,000150E7,1,7,01 00 00 0F 03 E7 50
2026-09-28T15:21:45.217+00:00,5475.485,RX,post,001150E7,1,5,01 00 00 E7 50
2026-09-28T15:21:45.222+00:00,5480.609,RX,post,0001B30F,1,7,01 00 00 0F 03 0F B3
2026-09-28T15:21:45.222+00:00,5480.692,RX,post,0011B30F,1,5,01 00 00 0F B3
2026-09-28T15:21:45.227+00:00,5485.245,RX,post,0001071C,1,7,01 00 00 0F 03 1C 07
2026-09-28T15:21:45.227+00:00,5485.433,RX,post,0011071C,1,5,01 00 00 1C 07
2026-09-28T15:21:45.232+00:00,5490.457,RX,post,0001FD77,1,7,01 00 00 0F 03 77 FD
2026-09-28T15:21:45.232+00:00,5490.555,RX,post,0011FD77,1,5,01 00 00 77 FD
2026-09-28T15:21:45.237+00:00,5495.321,RX,post,0001C902,1,7,01 00 00 0F 03 02 C9
2026-09-28T15:21:45.237+00:00,5495.386,RX,post,0011C902,1,5,01 00 00 02 C9
2026-09-28T15:21:45.242+00:00,5500.330,RX,post,0001A228,1,7,01 00 00 0F 03 28 A2
2026-09-28T15:21:45.242+00:00,5500.394,RX,post,0011A228,1,5,01 00 00 28 A2
2026-09-28T15:21:45.247+00:00,5505.171,RX,post,00011CBB,1,7,01 00 00 0F 03 BB 1C
2026-09-28T15:21:45.247+00:00,5505.417,RX,post,00111CBB,1,5,01 00 00 BB 1C
2026-09-28T15:21:45.252+00:00,5510.201,RX,post,00014B04,1,7,01 00 00 0F 03 04 4B
2026-09-28T15:21:45.252+00:00,5510.454,RX,post,00114B04,1,5,01 00 00 04 4B
2026-09-28T15:21:45.257+00:00,5515.181,RX,post,00012613,1,7,01 00 00 0F 03 13 26
2026-09-28T15:21:45.257+00:00,5515.427,RX,post,00112613,1,5,01 00 00 13 26
2026-09-28T15:21:45.262+00:00,5520.344,RX,post,0001A5BD,1,7,01 00 00 0F 03 BD A5
2026-09-28T15:21:45.262+00:00,5520.392,RX,post,0011A5BD,1,5,01 00 00 BD A5
2026-09-28T15:21:45.267+00:00,5525.210,RX,post,0001F759,1,7,01 00 00 0F 03 59 F7
2026-09-28T15:21:45.267+00:00,5525.442,RX,post,0011F759,1,5,01 00 00 59 F7
2026-09-28T15:21:45.272+00:00,5530.403,RX,post,0001FA04,1,7,01 00 00 0F 03 04 FA
2026-09-28T15:21:45.272+00:00,5530.448,RX,post,0011FA04,1,5,01 00 00 04 FA
2026-09-28T15:21:45.277+00:00,5535.143,RX,post,0001C654,1,7,01 00 00 0F 03 54 C6
2026-09-28T15:21:45.277+00:00,5535.430,RX,post,0011C654,1,5,01 00 00 54 C6
2026-09-28T15:21:45.282+00:00,5540.180,RX,post,0001DD2D,1,7,01 00 00 0F 03 2D DD
2026-09-28T15:21:45.282+00:00,5540.429,RX,post,0011DD2D,1,5,01 00 00 2D DD
2026-09-28T15:21:45.287+00:00,5545.262,RX,post,000148AF,1,7,01 00 00 0F 03 AF 48
2026-09-28T15:21:45.287+00:00,5545.525,RX,post,001148AF,1,5,01 00 00 AF 48
2026-09-28T15:21:45.292+00:00,5550.181,RX,post,0001E7C2,1,7,01 00 00 0F 03 C2 E7
2026-09-28T15:21:45.292+00:00,5550.422,RX,post,0011E7C2,1,5,01 00 00 C2 E7
2026-09-28T15:21:45.297+00:00,5555.418,RX,post,00014404,1,7,01 00 00 0F 03 04 44
2026-09-28T15:21:45.297+00:00,5555.498,RX,post,00114404,1,5,01 00 00 04 44
2026-09-28T15:21:45.302+00:00,5560.394,RX,post,0001915E,1,7,01 00 00 0F 03 5E 91
2026-09-28T15:21:45.302+00:00,5560.462,RX,post,0011915E,1,5,01 00 00 5E 91
2026-09-28T15:21:45.307+00:00,5565.441,RX,post,00018077,1,7,01 00 00 0F 03 77 80
2026-09-28T15:21:45.307+00:00,5565.539,RX,post,00118077,1,5,01 00 00 77 80
2026-09-28T15:21:45.312+00:00,5570.232,RX,post,000158CD,1,7,01 00 00 0F 03 CD 58
2026-09-28T15:21:45.312+00:00,5570.351,RX,post,001158CD,1,5,01 00 00 CD 58
2026-09-28T15:21:45.317+00:00,5575.211,RX,post,00013183,1,7,01 00 00 0F 03 83 31
2026-09-28T15:21:45.317+00:00,5575.489,RX,post,00113183,1,5,01 00 00 83 31
2026-09-28T15:21:45.322+00:00,5580.264,RX,post,00016634,1,7,01 00 00 0F 03 34 66
2026-09-28T15:21:45.322+00:00,5580.418,RX,post,00116634,1,5,01 00 00 34 66
2026-09-28T15:21:45.327+00:00,5585.341,RX,post,00010F64,1,7,01 00 00 0F 03 64 0F
2026-09-28T15:21:45.327+00:00,5585.412,RX,post,00110F64,1,5,01 00 00 64 0F
2026-09-28T15:21:45.332+00:00,5590.319,RX,post,00018ED8,1,7,01 00 00 0F 03 D8 8E
2026-09-28T15:21:45.332+00:00,5590.366,RX,post,00118ED8,1,5,01 00 00 D8 8E
2026-09-28T15:21:45.337+00:00,5595.326,RX,post,0001F43C,1,7,01 00 00 0F 03 3C F4
2026-09-28T15:21:45.337+00:00,5595.391,RX,post,0011F43C,1,5,01 00 00 3C F4
2026-09-28T15:21:45.342+00:00,5600.279,RX,post,00014DC0,1,7,01 00 00 0F 03 C0 4D
2026-09-28T15:21:45.342+00:00,5600.392,RX,post,00114DC0,1,5,01 00 00 C0 4D
2026-09-28T15:21:45.347+00:00,5605.238,RX,post,0001B6EE,1,7,01 00 00 0F 03 EE B6
2026-09-28T15:21:45.347+00:00,5605.414,RX,post,0011B6EE,1,5,01 00 00 EE B6
2026-09-28T15:21:45.352+00:00,5610.300,RX,post,00013A41,1,7,01 00 00 0F 03 41 3A
2026-09-28T15:21:45.352+00:00,5610.386,RX,post,00113A41,1,5,01 00 00 41 3A
2026-09-28T15:21:45.357+00:00,5615.255,RX,post,00018E45,1,7,01 00 00 0F 03 45 8E
2026-09-28T15:21:45.357+00:00,5615.409,RX,post,00118E45,1,5,01 00 00 45 8E
2026-09-28T15:21:45.362+00:00,5620.187,RX,post,0001A937,1,7,01 00 00 0F 03 37 A9
2026-09-28T15:21:45.362+00:00,5620.394,RX,post,0011A937,1,5,01 00 00 37 A9
2026-09-28T15:21:45.367+00:00,5625.311,RX,post,0001EDD6,1,7,01 00 00 0F 03 D6 ED
2026-09-28T15:21:45.367+00:00,5625.397,RX,post,0011EDD6,1,5,01 00 00 D6 ED
2026-09-28T15:21:45.372+00:00,5630.179,RX,post,00012F72,1,7,01 00 00 0F 03 72 2F
2026-09-28T15:21:45.372+00:00,5630.393,RX,post,00112F72,1,5,01 00 00 72 2F
2026-09-28T15:21:45.377+00:00,5635.258,RX,post,00016EC7,1,7,01 00 00 0F 03 C7 6E
2026-09-28T15:21:45.377+00:00,5635.359,RX,post,00116EC7,1,5,01 00 00 C7 6E
2026-09-28T15:21:45.382+00:00,5640.221,RX,post,00015FA8,1,7,01 00 00 0F 03 A8 5F
2026-09-28T15:21:45.382+00:00,5640.401,RX,post,00115FA8,1,5,01 00 00 A8 5F
2026-09-28T15:21:45.387+00:00,5645.374,RX,post,00011964,1,7,01 00 00 0F 03 64 19
2026-09-28T15:21:45.387+00:00,5645.441,RX,post,00111964,1,5,01 00 00 64 19
2026-09-28T15:21:45.392+00:00,5650.151,RX,post,0001DBEB,1,7,01 00 00 0F 03 EB DB
2026-09-28T15:21:45.392+00:00,5650.396,RX,post,0011DBEB,1,5,01 00 00 EB DB
2026-09-28T15:21:45.397+00:00,5655.162,RX,post,0001411E,1,7,01 00 00 0F 03 1E 41
2026-09-28T15:21:45.397+00:00,5655.414,RX,post,0011411E,1,5,01 00 00 1E 41
2026-09-28T15:21:45.402+00:00,5660.285,RX,post,0001CE6C,1,7,01 00 00 0F 03 6C CE
2026-09-28T15:21:45.402+00:00,5660.350,RX,post,0011CE6C,1,5,01 00 00 6C CE
2026-09-28T15:21:45.407+00:00,5665.230,RX,post,0001EB71,1,7,01 00 00 0F 03 71 EB
2026-09-28T15:21:45.407+00:00,5665.349,RX,post,0011EB71,1,5,01 00 00 71 EB
2026-09-28T15:21:45.412+00:00,5670.149,RX,post,0001E31A,1,7,01 00 00 0F 03 1A E3
2026-09-28T15:21:45.412+00:00,5670.388,RX,post,0011E31A,1,5,01 00 00 1A E3
2026-09-28T15:21:45.417+00:00,5675.291,RX,post,0001D2C0,1,7,01 00 00 0F 03 C0 D2
2026-09-28T15:21:45.417+00:00,5675.354,RX,post,0011D2C0,1,5,01 00 00 C0 D2
2026-09-28T15:21:45.422+00:00,5680.276,RX,post,0001FF5C,1,7,01 00 00 0F 03 5C FF
2026-09-28T15:21:45.422+00:00,5680.343,RX,post,0011FF5C,1,5,01 00 00 5C FF
2026-09-28T15:21:45.427+00:00,5685.149,RX,post,00019D28,1,7,01 00 00 0F 03 28 9D
2026-09-28T15:21:45.427+00:00,5685.377,RX,post,00119D28,1,5,01 00 00 28 9D
2026-09-28T15:21:45.432+00:00,5690.127,RX,post,0001AEF1,1,7,01 00 00 0F 03 F1 AE
2026-09-28T15:21:45.432+00:00,5690.390,RX,post,0011AEF1,1,5,01 00 00 F1 AE
2026-09-28T15:21:45.437+00:00,5695.355,RX,post,0001B7DD,1,7,01 00 00 0F 03 DD B7
2026-09-28T15:21:45.437+00:00,5695.401,RX,post,0011B7DD,1,5,01 00 00 DD B7
2026-09-28T15:21:45.442+00:00,5700.220,RX,post,00019CC4,1,7,01 00 00 0F 03 C4 9C
2026-09-28T15:21:45.442+00:00,5700.395,RX,post,00119CC4,1,5,01 00 00 C4 9C
2026-09-28T15:21:45.447+00:00,5705.367,RX,post,0001668A,1,7,01 00 00 0F 03 8A 66
2026-09-28T15:21:45.447+00:00,5705.412,RX,post,0011668A,1,5,01 00 00 8A 66
2026-09-28T15:21:45.452+00:00,5710.434,RX,post,0001F434,1,7,01 00 00 0F 03 34 F4
2026-09-28T15:21:45.452+00:00,5710.475,RX,post,0011F434,1,5,01 00 00 34 F4
2026-09-28T15:21:45.457+00:00,5715.438,RX,post,00013ACA,1,7,01 00 00 0F 03 CA 3A
2026-09-28T15:21:45.457+00:00,5715.530,RX,post,00113ACA,1,5,01 00 00 CA 3A
2026-09-28T15:21:45.462+00:00,5720.249,RX,post,0001171A,1,7,01 00 00 0F 03 1A 17
2026-09-28T15:21:45.462+00:00,5720.335,RX,post,0011171A,1,5,01 00 00 1A 17
2026-09-28T15:21:45.467+00:00,5725.291,RX,post,0001A6B6,1,7,01 00 00 0F 03 B6 A6
2026-09-28T15:21:45.467+00:00,5725.355,RX,post,0011A6B6,1,5,01 00 00 B6 A6
2026-09-28T15:21:45.472+00:00,5730.463,RX,post,00015A95,1,7,01 00 00 0F 03 95 5A
2026-09-28T15:21:45.472+00:00,5730.531,RX,post,00115A95,1,5,01 00 00 95 5A
2026-09-28T15:21:45.477+00:00,5735.188,RX,post,00012E1E,1,7,01 00 00 0F 03 1E 2E
2026-09-28T15:21:45.477+00:00,5735.439,RX,post,00112E1E,1,5,01 00 00 1E 2E
2026-09-28T15:21:45.482+00:00,5740.256,RX,post,0001986D,1,7,01 00 00 0F 03 6D 98
2026-09-28T15:21:45.482+00:00,5740.390,RX,post,0011986D,1,5,01 00 00 6D 98
2026-09-28T15:21:45.487+00:00,5745.391,RX,post,000140E5,1,7,01 00 00 0F 03 E5 40
2026-09-28T15:21:45.487+00:00,5745.447,RX,post,001140E5,1,5,01 00 00 E5 40
2026-09-28T15:21:45.492+00:00,5750.275,RX,post,0001E881,1,7,01 00 00 0F 03 81 E8
2026-09-28T15:21:45.492+00:00,5750.368,RX,post,0011E881,1,5,01 00 00 81 E8
2026-09-28T15:21:45.497+00:00,5755.316,RX,post,0001AD98,1,7,01 00 00 0F 03 98 AD
2026-09-28T15:21:45.497+00:00,5755.422,RX,post,0011AD98,1,5,01 00 00 98 AD
2026-09-28T15:21:45.502+00:00,5760.459,RX,post,00013D9E,1,7,01 00 00 0F 03 9E 3D
2026-09-28T15:21:45.502+00:00,5760.551,RX,post,00113D9E,1,5,01 00 00 9E 3D
2026-09-28T15:21:45.507+00:00,5765.316,RX,post,00010236,1,7,01 00 00 0F 03 36 02
2026-09-28T15:21:45.507+00:00,5765.422,RX,post,00110236,1,5,01 00 00 36 02
2026-09-28T15:21:45.512+00:00,5770.406,RX,post,0001B6B7,1,7,01 00 00 0F 03 B7 B6
2026-09-28T15:21:45.512+00:00,5770.471,RX,post,0011B6B7,1,5,01 00 00 B7 B6
2026-09-28T15:21:45.517+00:00,5775.320,RX,post,0001F1C6,1,7,01 00 00 0F 03 C6 F1
2026-09-28T15:21:45.517+00:00,5775.549,RX,post,0011F1C6,1,5,01 00 00 C6 F1
2026-09-28T15:21:45.522+00:00,5780.423,RX,post,0001F550,1,7,01 00 00 0F 03 50 F5
2026-09-28T15:21:45.522+00:00,5780.489,RX,post,0011F550,1,5,01 00 00 50 F5
2026-09-28T15:21:45.527+00:00,5785.390,RX,post,0001C82E,1,7,01 00 00 0F 03 2E C8
2026-09-28T15:21:45.527+00:00,5785.462,RX,post,0011C82E,1,5,01 00 00 2E C8
2026-09-28T15:21:45.532+00:00,5790.172,RX,post,0001679D,1,7,01 00 00 0F 03 9D 67
2026-09-28T15:21:45.532+00:00,5790.443,RX,post,0011679D,1,5,01 00 00 9D 67
2026-09-28T15:21:45.537+00:00,5795.384,RX,post,00012266,1,7,01 00 00 0F 03 66 22
2026-09-28T15:21:45.537+00:00,5795.440,RX,post,00112266,1,5,01 00 00 66 22
2026-09-28T15:21:45.542+00:00,5800.298,RX,post,0001BC9F,1,7,01 00 00 0F 03 9F BC
2026-09-28T15:21:45.542+00:00,5800.390,RX,post,0011BC9F,1,5,01 00 00 9F BC
2026-09-28T15:21:45.547+00:00,5805.306,RX,post,0001F7FC,1,7,01 00 00 0F 03 FC F7
2026-09-28T15:21:45.547+00:00,5805.390,RX,post,0011F7FC,1,5,01 00 00 FC F7
2026-09-28T15:21:45.552+00:00,5810.403,RX,post,0001C251,1,7,01 00 00 0F 03 51 C2
2026-09-28T15:21:45.552+00:00,5810.497,RX,post,0011C251,1,5,01 00 00 51 C2
2026-09-28T15:21:45.557+00:00,5815.383,RX,post,00012B89,1,7,01 00 00 0F 03 89 2B
2026-09-28T15:21:45.557+00:00,5815.480,RX,post,00112B89,1,5,01 00 00 89 2B
2026-09-28T15:21:45.562+00:00,5820.407,RX,post,00019193,1,7,01 00 00 0F 03 93 91
2026-09-28T15:21:45.562+00:00,5820.496,RX,post,00119193,1,5,01 00 00 93 91
2026-09-28T15:21:45.567+00:00,5825.407,RX,post,0001B27F,1,7,01 00 00 0F 03 7F B2
2026-09-28T15:21:45.567+00:00,5825.492,RX,post,0011B27F,1,5,01 00 00 7F B2
2026-09-28T15:21:45.572+00:00,5830.373,RX,post,00014980,1,7,01 00 00 0F 03 80 49
2026-09-28T15:21:45.572+00:00,5830.430,RX,post,00114980,1,5,01 00 00 80 49
2026-09-28T15:21:45.577+00:00,5835.455,RX,post,00017D7D,1,7,01 00 00 0F 03 7D 7D
2026-09-28T15:21:45.577+00:00,5835.547,RX,post,00117D7D,1,5,01 00 00 7D 7D
2026-09-28T15:21:45.582+00:00,5840.471,RX,post,00018F52,1,7,01 00 00 0F 03 52 8F
2026-09-28T15:21:45.582+00:00,5840.550,RX,post,00118F52,1,5,01 00 00 52 8F
2026-09-28T15:21:45.587+00:00,5845.323,RX,post,00013909,1,7,01 00 00 0F 03 09 39
2026-09-28T15:21:45.587+00:00,5845.425,RX,post,00113909,1,5,01 00 00 09 39
2026-09-28T15:21:45.592+00:00,5850.362,RX,post,0001B5F9,1,7,01 00 00 0F 03 F9 B5
2026-09-28T15:21:45.592+00:00,5850.419,RX,post,0011B5F9,1,5,01 00 00 F9 B5
2026-09-28T15:21:45.597+00:00,5855.178,RX,post,0001FB67,1,7,01 00 00 0F 03 67 FB
2026-09-28T15:21:45.597+00:00,5855.423,RX,post,0011FB67,1,5,01 00 00 67 FB
2026-09-28T15:21:45.602+00:00,5860.359,RX,post,0001FC18,1,7,01 00 00 0F 03 18 FC
2026-09-28T15:21:45.602+00:00,5860.415,RX,post,0011FC18,1,5,01 00 00 18 FC
2026-09-28T15:21:45.607+00:00,5865.173,RX,post,00012AE1,1,7,01 00 00 0F 03 E1 2A
2026-09-28T15:21:45.607+00:00,5865.420,RX,post,00112AE1,1,5,01 00 00 E1 2A
2026-09-28T15:21:45.612+00:00,5870.176,RX,post,00019D00,1,7,01 00 00 0F 03 00 9D
2026-09-28T15:21:45.612+00:00,5870.422,RX,post,00119D00,1,5,01 00 00 00 9D
2026-09-28T15:21:45.617+00:00,5875.175,RX,post,000198B2,1,7,01 00 00 0F 03 B2 98
2026-09-28T15:21:45.617+00:00,5875.413,RX,post,001198B2,1,5,01 00 00 B2 98
2026-09-28T15:21:45.622+00:00,5880.187,RX,post,000158E6,1,7,01 00 00 0F 03 E6 58
2026-09-28T15:21:45.622+00:00,5880.398,RX,post,001158E6,1,5,01 00 00 E6 58
2026-09-28T15:21:45.627+00:00,5885.177,RX,post,0001E789,1,7,01 00 00 0F 03 89 E7
2026-09-28T15:21:45.627+00:00,5885.421,RX,post,0011E789,1,5,01 00 00 89 E7
2026-09-28T15:21:45.632+00:00,5890.184,RX,post,0001F663,1,7,01 00 00 0F 03 63 F6
2026-09-28T15:21:45.632+00:00,5890.413,RX,post,0011F663,1,5,01 00 00 63 F6
2026-09-28T15:21:45.637+00:00,5895.223,RX,post,0001692B,1,7,01 00 00 0F 03 2B 69
2026-09-28T15:21:45.637+00:00,5895.462,RX,post,0011692B,1,5,01 00 00 2B 69
2026-09-28T15:21:45.642+00:00,5900.177,RX,post,000176FC,1,7,01 00 00 0F 03 FC 76
2026-09-28T15:21:45.642+00:00,5900.426,RX,post,001176FC,1,5,01 00 00 FC 76
2026-09-28T15:21:45.647+00:00,5905.343,RX,post,0001C9C3,1,7,01 00 00 0F 03 C3 C9
2026-09-28T15:21:45.647+00:00,5905.399,RX,post,0011C9C3,1,5,01 00 00 C3 C9
2026-09-28T15:21:45.652+00:00,5910.359,RX,post,0001A64D,1,7,01 00 00 0F 03 4D A6
2026-09-28T15:21:45.652+00:00,5910.415,RX,post,0011A64D,1,5,01 00 00 4D A6
2026-09-28T15:21:45.657+00:00,5915.359,RX,post,00013BE7,1,7,01 00 00 0F 03 E7 3B
2026-09-28T15:21:45.657+00:00,5915.416,RX,post,00113BE7,1,5,01 00 00 E7 3B
2026-09-28T15:21:45.662+00:00,5920.352,RX,post,00017B07,1,7,01 00 00 0F 03 07 7B
2026-09-28T15:21:45.662+00:00,5920.408,RX,post,00117B07,1,5,01 00 00 07 7B
2026-09-28T15:21:45.667+00:00,5925.359,RX,post,00019353,1,7,01 00 00 0F 03 53 93
2026-09-28T15:21:45.667+00:00,5925.416,RX,post,00119353,1,5,01 00 00 53 93
2026-09-28T15:21:45.672+00:00,5930.344,RX,post,000116DC,1,7,01 00 00 0F 03 DC 16
2026-09-28T15:21:45.672+00:00,5930.400,RX,post,001116DC,1,5,01 00 00 DC 16
2026-09-28T15:21:45.677+00:00,5935.358,RX,post,00017CEB,1,7,01 00 00 0F 03 EB 7C
2026-09-28T15:21:45.677+00:00,5935.414,RX,post,00117CEB,1,5,01 00 00 EB 7C
2026-09-28T15:21:45.682+00:00,5940.224,RX,post,0001F219,1,7,01 00 00 0F 03 19 F2
2026-09-28T15:21:45.682+00:00,5940.568,RX,post,0011F219,1,5,01 00 00 19 F2
2026-09-28T15:21:45.687+00:00,5945.358,RX,post,00019D84,1,7,01 00 00 0F 03 84 9D
2026-09-28T15:21:45.687+00:00,5945.414,RX,post,00119D84,1,5,01 00 00 84 9D
2026-09-28T15:21:45.692+00:00,5950.355,RX,post,0001C974,1,7,01 00 00 0F 03 74 C9
2026-09-28T15:21:45.692+00:00,5950.411,RX,post,0011C974,1,5,01 00 00 74 C9
2026-09-28T15:21:45.697+00:00,5955.341,RX,post,00011189,1,7,01 00 00 0F 03 89 11
2026-09-28T15:21:45.697+00:00,5955.418,RX,post,00111189,1,5,01 00 00 89 11
2026-09-28T15:21:45.702+00:00,5960.236,RX,post,0001F05C,1,7,01 00 00 0F 03 5C F0
2026-09-28T15:21:45.702+00:00,5960.373,RX,post,0011F05C,1,5,01 00 00 5C F0
2026-09-28T15:21:45.707+00:00,5965.317,RX,post,0001426C,1,7,01 00 00 0F 03 6C 42
2026-09-28T15:21:45.707+00:00,5965.449,RX,post,0011426C,1,5,01 00 00 6C 42
2026-09-28T15:21:45.712+00:00,5970.240,RX,post,0001DBD0,1,7,01 00 00 0F 03 D0 DB
2026-09-28T15:21:45.712+00:00,5970.373,RX,post,0011DBD0,1,5,01 00 00 D0 DB
2026-09-28T15:21:45.717+00:00,5975.335,RX,post,00011F8B,1,7,01 00 00 0F 03 8B 1F
2026-09-28T15:21:45.717+00:00,5975.406,RX,post,00111F8B,1,5,01 00 00 8B 1F
2026-09-28T15:21:45.722+00:00,5980.319,RX,post,00010D85,1,7,01 00 00 0F 03 85 0D
2026-09-28T15:21:45.722+00:00,5980.377,RX,post,00110D85,1,5,01 00 00 85 0D
2026-09-28T15:21:45.727+00:00,5985.371,RX,post,00011EEF,1,7,01 00 00 0F 03 EF 1E
2026-09-28T15:21:45.727+00:00,5985.427,RX,post,00111EEF,1,5,01 00 00 EF 1E
2026-09-28T15:21:45.732+00:00,5990.310,RX,post,0001A0DD,1,7,01 00 00 0F 03 DD A0
2026-09-28T15:21:45.732+00:00,5990.391,RX,post,0011A0DD,1,5,01 00 00 DD A0
2026-09-28T15:21:45.737+00:00,5995.370,RX,post,0001CF11,1,7,01 00 00 0F 03 11 CF
2026-09-28T15:21:45.737+00:00,5995.426,RX,post,0011CF11,1,5,01 00 00 11 CF
2026-09-28T15:21:45.742+00:00,6000.189,RX,post,00017F09,1,7,01 00 00 0F 03 09 7F
2026-09-28T15:21:45.742+00:00,6000.439,RX,post,00117F09,1,5,01 00 00 09 7F
2026-09-28T15:21:45.747+00:00,6005.175,RX,post,00016585,1,7,01 00 00 0F 03 85 65
2026-09-28T15:21:45.747+00:00,6005.422,RX,post,00116585,1,5,01 00 00 85 65
2026-09-28T15:21:45.752+00:00,6010.284,RX,post,00013946,1,7,01 00 00 0F 03 46 39
2026-09-28T15:21:45.752+00:00,6010.342,RX,post,00113946,1,5,01 00 00 46 39
2026-09-28T15:21:45.757+00:00,6015.176,RX,post,0001333A,1,7,01 00 00 0F 03 3A 33
2026-09-28T15:21:45.757+00:00,6015.421,RX,post,0011333A,1,5,01 00 00 3A 33
2026-09-28T15:21:45.762+00:00,6020.175,RX,post,00011C10,1,7,01 00 00 0F 03 10 1C
2026-09-28T15:21:45.762+00:00,6020.411,RX,post,00111C10,1,5,01 00 00 10 1C
2026-09-28T15:21:45.767+00:00,6025.238,RX,post,000135BA,1,7,01 00 00 0F 03 BA 35
2026-09-28T15:21:45.767+00:00,6025.370,RX,post,001135BA,1,5,01 00 00 BA 35
2026-09-28T15:21:45.772+00:00,6030.171,RX,post,000107CD,1,7,01 00 00 0F 03 CD 07
2026-09-28T15:21:45.772+00:00,6030.415,RX,post,001107CD,1,5,01 00 00 CD 07
2026-09-28T15:21:45.777+00:00,6035.304,RX,post,00010184,1,7,01 00 00 0F 03 84 01
2026-09-28T15:21:45.777+00:00,6035.379,RX,post,00110184,1,5,01 00 00 84 01
2026-09-28T15:21:45.782+00:00,6040.126,RX,post,0001872D,1,7,01 00 00 0F 03 2D 87
2026-09-28T15:21:45.782+00:00,6040.390,RX,post,0011872D,1,5,01 00 00 2D 87
2026-09-28T15:21:45.787+00:00,6045.208,RX,post,0001E078,1,7,01 00 00 0F 03 78 E0
2026-09-28T15:21:45.787+00:00,6045.300,RX,post,0011E078,1,5,01 00 00 78 E0
2026-09-28T15:21:45.792+00:00,6050.212,RX,post,0001515E,1,7,01 00 00 0F 03 5E 51
2026-09-28T15:21:45.792+00:00,6050.423,RX,post,0011515E,1,5,01 00 00 5E 51
2026-09-28T15:21:45.797+00:00,6055.416,RX,post,000183F3,1,7,01 00 00 0F 03 F3 83
2026-09-28T15:21:45.797+00:00,6055.562,RX,post,001183F3,1,5,01 00 00 F3 83
2026-09-28T15:21:45.802+00:00,6060.364,RX,post,00011DCA,1,7,01 00 00 0F 03 CA 1D
2026-09-28T15:21:45.802+00:00,6060.443,RX,post,00111DCA,1,5,01 00 00 CA 1D
2026-09-28T15:21:45.807+00:00,6065.367,RX,post,00014106,1,7,01 00 00 0F 03 06 41
2026-09-28T15:21:45.807+00:00,6065.458,RX,post,00114106,1,5,01 00 00 06 41
2026-09-28T15:21:45.812+00:00,6070.140,RX,post,0001E4E4,1,7,01 00 00 0F 03 E4 E4
2026-09-28T15:21:45.812+00:00,6070.405,RX,post,0011E4E4,1,5,01 00 00 E4 E4
2026-09-28T15:21:45.817+00:00,6075.379,RX,post,000135F3,1,7,01 00 00 0F 03 F3 35
2026-09-28T15:21:45.817+00:00,6075.478,RX,post,001135F3,1,5,01 00 00 F3 35
2026-09-28T15:21:45.822+00:00,6080.313,RX,post,00012164,1,7,01 00 00 0F 03 64 21
2026-09-28T15:21:45.822+00:00,6080.370,RX,post,00112164,1,5,01 00 00 64 21
2026-09-28T15:21:45.827+00:00,6085.392,RX,post,000106CF,1,7,01 00 00 0F 03 CF 06
2026-09-28T15:21:45.827+00:00,6085.485,RX,post,001106CF,1,5,01 00 00 CF 06
2026-09-28T15:21:45.832+00:00,6090.369,RX,post,00017EDA,1,7,01 00 00 0F 03 DA 7E
2026-09-28T15:21:45.832+00:00,6090.517,RX,post,00117EDA,1,5,01 00 00 DA 7E
2026-09-28T15:21:45.837+00:00,6095.150,RX,post,0001CFFD,1,7,01 00 00 0F 03 FD CF
2026-09-28T15:21:45.837+00:00,6095.396,RX,post,0011CFFD,1,5,01 00 00 FD CF
2026-09-28T15:21:45.842+00:00,6100.150,RX,post,0001C27B,1,7,01 00 00 0F 03 7B C2
2026-09-28T15:21:45.842+00:00,6100.395,RX,post,0011C27B,1,5,01 00 00 7B C2
2026-09-28T15:21:45.847+00:00,6105.342,RX,post,00010BE2,1,7,01 00 00 0F 03 E2 0B
2026-09-28T15:21:45.847+00:00,6105.417,RX,post,00110BE2,1,5,01 00 00 E2 0B
2026-09-28T15:21:45.852+00:00,6110.384,RX,post,000174A0,1,7,01 00 00 0F 03 A0 74
2026-09-28T15:21:45.852+00:00,6110.460,RX,post,001174A0,1,5,01 00 00 A0 74
2026-09-28T15:21:45.857+00:00,6115.362,RX,post,0001DDFB,1,7,01 00 00 0F 03 FB DD
2026-09-28T15:21:45.857+00:00,6115.457,RX,post,0011DDFB,1,5,01 00 00 FB DD
2026-09-28T15:21:45.862+00:00,6120.386,RX,post,00011D46,1,7,01 00 00 0F 03 46 1D
2026-09-28T15:21:45.862+00:00,6120.463,RX,post,00111D46,1,5,01 00 00 46 1D
2026-09-28T15:21:45.867+00:00,6125.307,RX,post,0001983D,1,7,01 00 00 0F 03 3D 98
2026-09-28T15:21:45.867+00:00,6125.402,RX,post,0011983D,1,5,01 00 00 3D 98
2026-09-28T15:21:45.872+00:00,6130.403,RX,post,00014392,1,7,01 00 00 0F 03 92 43
2026-09-28T15:21:45.872+00:00,6130.491,RX,post,00114392,1,5,01 00 00 92 43
2026-09-28T15:21:45.877+00:00,6135.150,RX,post,0001C06B,1,7,01 00 00 0F 03 6B C0
2026-09-28T15:21:45.877+00:00,6135.445,RX,post,0011C06B,1,5,01 00 00 6B C0
2026-09-28T15:21:45.882+00:00,6140.400,RX,post,00016429,1,7,01 00 00 0F 03 29 64
2026-09-28T15:21:45.882+00:00,6140.484,RX,post,00116429,1,5,01 00 00 29 64
2026-09-28T15:21:45.887+00:00,6145.346,RX,post,0001C9C8,1,7,01 00 00 0F 03 C8 C9
2026-09-28T15:21:45.887+00:00,6145.427,RX,post,0011C9C8,1,5,01 00 00 C8 C9
2026-09-28T15:21:45.892+00:00,6150.332,RX,post,000113D8,1,7,01 00 00 0F 03 D8 13
2026-09-28T15:21:45.892+00:00,6150.388,RX,post,001113D8,1,5,01 00 00 D8 13
2026-09-28T15:21:45.897+00:00,6155.150,RX,post,00016045,1,7,01 00 00 0F 03 45 60
2026-09-28T15:21:45.897+00:00,6155.395,RX,post,00116045,1,5,01 00 00 45 60
2026-09-28T15:21:45.902+00:00,6160.285,RX,post,0001EBE6,1,7,01 00 00 0F 03 E6 EB
2026-09-28T15:21:45.902+00:00,6160.362,RX,post,0011EBE6,1,5,01 00 00 E6 EB
2026-09-28T15:21:45.907+00:00,6165.201,RX,post,0001C922,1,7,01 00 00 0F 03 22 C9
2026-09-28T15:21:45.907+00:00,6165.464,RX,post,0011C922,1,5,01 00 00 22 C9
2026-09-28T15:21:45.912+00:00,6170.287,RX,post,000152FE,1,7,01 00 00 0F 03 FE 52
2026-09-28T15:21:45.912+00:00,6170.343,RX,post,001152FE,1,5,01 00 00 FE 52
2026-09-28T15:21:45.917+00:00,6175.242,RX,post,0001019D,1,7,01 00 00 0F 03 9D 01
2026-09-28T15:21:45.917+00:00,6175.351,RX,post,0011019D,1,5,01 00 00 9D 01
2026-09-28T15:21:45.922+00:00,6180.277,RX,post,00011D95,1,7,01 00 00 0F 03 95 1D
2026-09-28T15:21:45.922+00:00,6180.352,RX,post,00111D95,1,5,01 00 00 95 1D
2026-09-28T15:21:45.927+00:00,6185.156,RX,post,00012B1E,1,7,01 00 00 0F 03 1E 2B
2026-09-28T15:21:45.927+00:00,6185.394,RX,post,00112B1E,1,5,01 00 00 1E 2B
2026-09-28T15:21:45.932+00:00,6190.146,RX,post,00014242,1,7,01 00 00 0F 03 42 42
2026-09-28T15:21:45.932+00:00,6190.405,RX,post,00114242,1,5,01 00 00 42 42
2026-09-28T15:21:45.937+00:00,6195.237,RX,post,00011507,1,7,01 00 00 0F 03 07 15
2026-09-28T15:21:45.937+00:00,6195.348,RX,post,00111507,1,5,01 00 00 07 15
2026-09-28T15:21:45.942+00:00,6200.174,RX,post,0001B654,1,7,01 00 00 0F 03 54 B6
2026-09-28T15:21:45.942+00:00,6200.574,RX,post,0011B654,1,5,01 00 00 54 B6
2026-09-28T15:21:45.947+00:00,6205.151,RX,post,00013B0B,1,7,01 00 00 0F 03 0B 3B
2026-09-28T15:21:45.947+00:00,6205.423,RX,post,00113B0B,1,5,01 00 00 0B 3B
2026-09-28T15:21:45.952+00:00,6210.149,RX,post,00018CB0,1,7,01 00 00 0F 03 B0 8C
2026-09-28T15:21:45.952+00:00,6210.483,RX,post,00118CB0,1,5,01 00 00 B0 8C
2026-09-28T15:21:45.957+00:00,6215.214,RX,post,000117BD,1,7,01 00 00 0F 03 BD 17
2026-09-28T15:21:45.957+00:00,6215.366,RX,post,001117BD,1,5,01 00 00 BD 17
2026-09-28T15:21:45.962+00:00,6220.227,RX,post,0001ACBE,1,7,01 00 00 0F 03 BE AC
2026-09-28T15:21:45.962+00:00,6220.356,RX,post,0011ACBE,1,5,01 00 00 BE AC
2026-09-28T15:21:45.967+00:00,6225.366,RX,post,000145B7,1,7,01 00 00 0F 03 B7 45
2026-09-28T15:21:45.967+00:00,6225.447,RX,post,001145B7,1,5,01 00 00 B7 45
2026-09-28T15:21:45.972+00:00,6230.339,RX,post,0001C8EE,1,7,01 00 00 0F 03 EE C8
2026-09-28T15:21:45.972+00:00,6230.501,RX,post,0011C8EE,1,5,01 00 00 EE C8
2026-09-28T15:21:45.977+00:00,6235.258,RX,post,00014682,1,7,01 00 00 0F 03 82 46
2026-09-28T15:21:45.977+00:00,6235.405,RX,post,00114682,1,5,01 00 00 82 46
2026-09-28T15:21:45.982+00:00,6240.305,RX,post,0001581C,1,7,01 00 00 0F 03 1C 58
2026-09-28T15:21:45.982+00:00,6240.361,RX,post,0011581C,1,5,01 00 00 1C 58
2026-09-28T15:21:45.987+00:00,6245.348,RX,post,0001FD30,1,7,01 00 00 0F 03 30 FD
2026-09-28T15:21:45.987+00:00,6245.404,RX,post,0011FD30,1,5,01 00 00 30 FD
2026-09-28T15:21:45.992+00:00,6250.310,RX,post,00010ED7,1,7,01 00 00 0F 03 D7 0E
2026-09-28T15:21:45.992+00:00,6250.367,RX,post,00110ED7,1,5,01 00 00 D7 0E
2026-09-28T15:21:45.997+00:00,6255.141,RX,post,00018343,1,7,01 00 00 0F 03 43 83
2026-09-28T15:21:45.997+00:00,6255.381,RX,post,00118343,1,5,01 00 00 43 83
2026-09-28T15:21:46.002+00:00,6260.181,RX,post,00017D5D,1,7,01 00 00 0F 03 5D 7D
2026-09-28T15:21:46.002+00:00,6260.359,RX,post,00117D5D,1,5,01 00 00 5D 7D
2026-09-28T15:21:46.007+00:00,6265.211,RX,post,0001AD4F,1,7,01 00 00 0F 03 4F AD
2026-09-28T15:21:46.007+00:00,6265.443,RX,post,0011AD4F,1,5,01 00 00 4F AD
2026-09-28T15:21:46.012+00:00,6270.238,RX,post,00018CC9,1,7,01 00 00 0F 03 C9 8C
2026-09-28T15:21:46.012+00:00,6270.372,RX,post,00118CC9,1,5,01 00 00 C9 8C
2026-09-28T15:21:46.017+00:00,6275.164,RX,post,00012182,1,7,01 00 00 0F 03 82 21
2026-09-28T15:21:46.017+00:00,6275.401,RX,post,00112182,1,5,01 00 00 82 21
2026-09-28T15:21:46.022+00:00,6280.294,RX,post,000159C5,1,7,01 00 00 0F 03 C5 59
2026-09-28T15:21:46.022+00:00,6280.373,RX,post,001159C5,1,5,01 00 00 C5 59
2026-09-28T15:21:46.027+00:00,6285.178,RX,post,000198F5,1,7,01 00 00 0F 03 F5 98
2026-09-28T15:21:46.027+00:00,6285.407,RX,post,001198F5,1,5,01 00 00 F5 98
2026-09-28T15:21:46.032+00:00,6290.262,RX,post,000118BD,1,7,01 00 00 0F 03 BD 18
2026-09-28T15:21:46.032+00:00,6290.326,RX,post,001118BD,1,5,01 00 00 BD 18
2026-09-28T15:21:46.037+00:00,6295.364,RX,post,0001B172,1,7,01 00 00 0F 03 72 B1
2026-09-28T15:21:46.037+00:00,6295.494,RX,post,0011B172,1,5,01 00 00 72 B1
2026-09-28T15:21:46.042+00:00,6300.230,RX,post,0001B767,1,7,01 00 00 0F 03 67 B7
2026-09-28T15:21:46.042+00:00,6300.287,RX,post,0011B767,1,5,01 00 00 67 B7
2026-09-28T15:21:46.047+00:00,6305.165,RX,post,00015012,1,7,01 00 00 0F 03 12 50
2026-09-28T15:21:46.047+00:00,6305.527,RX,post,00115012,1,5,01 00 00 12 50
2026-09-28T15:21:46.052+00:00,6310.231,RX,post,0001B11B,1,7,01 00 00 0F 03 1B B1
2026-09-28T15:21:46.052+00:00,6310.278,RX,post,0011B11B,1,5,01 00 00 1B B1
2026-09-28T15:21:46.057+00:00,6315.074,RX,post,0001D5E1,1,7,01 00 00 0F 03 E1 D5
2026-09-28T15:21:46.057+00:00,6315.392,RX,post,0011D5E1,1,5,01 00 00 E1 D5
2026-09-28T15:21:46.062+00:00,6320.087,RX,post,0001F353,1,7,01 00 00 0F 03 53 F3
2026-09-28T15:21:46.062+00:00,6320.332,RX,post,0011F353,1,5,01 00 00 53 F3
2026-09-28T15:21:46.067+00:00,6325.135,RX,post,0001FE6A,1,7,01 00 00 0F 03 6A FE
2026-09-28T15:21:46.067+00:00,6325.408,RX,post,0011FE6A,1,5,01 00 00 6A FE
2026-09-28T15:21:46.072+00:00,6330.120,RX,post,0001214A,1,7,01 00 00 0F 03 4A 21
2026-09-28T15:21:46.072+00:00,6330.359,RX,post,0011214A,1,5,01 00 00 4A 21
2026-09-28T15:21:46.077+00:00,6335.161,RX,post,000104D9,1,7,01 00 00 0F 03 D9 04
2026-09-28T15:21:46.077+00:00,6335.433,RX,post,001104D9,1,5,01 00 00 D9 04
2026-09-28T15:21:46.082+00:00,6340.143,RX,post,0001218E,1,7,01 00 00 0F 03 8E 21
2026-09-28T15:21:46.082+00:00,6340.284,RX,post,0011218E,1,5,01 00 00 8E 21
2026-09-28T15:21:46.087+00:00,6345.092,RX,post,0001A716,1,7,01 00 00 0F 03 16 A7
2026-09-28T15:21:46.087+00:00,6345.327,RX,post,0011A716,1,5,01 00 00 16 A7
2026-09-28T15:21:46.092+00:00,6350.080,RX,post,00017E09,1,7,01 00 00 0F 03 09 7E
2026-09-28T15:21:46.092+00:00,6350.313,RX,post,00117E09,1,5,01 00 00 09 7E
2026-09-28T15:21:46.097+00:00,6355.072,RX,post,00017304,1,7,01 00 00 0F 03 04 73
2026-09-28T15:21:46.097+00:00,6355.332,RX,post,00117304,1,5,01 00 00 04 73
2026-09-28T15:21:46.102+00:00,6360.069,RX,post,00010AC5,1,7,01 00 00 0F 03 C5 0A
2026-09-28T15:21:46.102+00:00,6360.318,RX,post,00110AC5,1,5,01 00 00 C5 0A
2026-09-28T15:21:46.107+00:00,6365.078,RX,post,00018CCB,1,7,01 00 00 0F 03 CB 8C
2026-09-28T15:21:46.107+00:00,6365.384,RX,post,00118CCB,1,5,01 00 00 CB 8C
2026-09-28T15:21:46.112+00:00,6370.083,RX,post,0001C97F,1,7,01 00 00 0F 03 7F C9
2026-09-28T15:21:46.112+00:00,6370.292,RX,post,0011C97F,1,5,01 00 00 7F C9
2026-09-28T15:21:46.117+00:00,6375.159,RX,post,0001C9D3,1,7,01 00 00 0F 03 D3 C9
2026-09-28T15:21:46.117+00:00,6375.360,RX,post,0011C9D3,1,5,01 00 00 D3 C9
2026-09-28T15:21:46.122+00:00,6380.080,RX,post,000147C1,1,7,01 00 00 0F 03 C1 47
2026-09-28T15:21:46.122+00:00,6380.282,RX,post,001147C1,1,5,01 00 00 C1 47
2026-09-28T15:21:46.127+00:00,6385.067,RX,post,00017EDC,1,7,01 00 00 0F 03 DC 7E
2026-09-28T15:21:46.127+00:00,6385.345,RX,post,00117EDC,1,5,01 00 00 DC 7E
2026-09-28T15:21:46.132+00:00,6390.077,RX,post,00016F13,1,7,01 00 00 0F 03 13 6F
2026-09-28T15:21:46.132+00:00,6390.314,RX,post,00116F13,1,5,01 00 00 13 6F
2026-09-28T15:21:46.137+00:00,6395.062,RX,post,0001045D,1,7,01 00 00 0F 03 5D 04
2026-09-28T15:21:46.137+00:00,6395.272,RX,post,0011045D,1,5,01 00 00 5D 04
2026-09-28T15:21:46.142+00:00,6400.092,RX,post,00013E98,1,7,01 00 00 0F 03 98 3E
2026-09-28T15:21:46.142+00:00,6400.338,RX,post,00113E98,1,5,01 00 00 98 3E
2026-09-28T15:21:46.147+00:00,6405.132,RX,post,00011B00,1,7,01 00 00 0F 03 00 1B
2026-09-28T15:21:46.147+00:00,6405.397,RX,post,00111B00,1,5,01 00 00 00 1B
2026-09-28T15:21:46.152+00:00,6410.276,RX,post,0001E6FC,1,7,01 00 00 0F 03 FC E6
2026-09-28T15:21:46.152+00:00,6410.352,RX,post,0011E6FC,1,5,01 00 00 FC E6
2026-09-28T15:21:46.157+00:00,6415.292,RX,post,00013F07,1,7,01 00 00 0F 03 07 3F
2026-09-28T15:21:46.157+00:00,6415.360,RX,post,00113F07,1,5,01 00 00 07 3F
2026-09-28T15:21:46.162+00:00,6420.330,RX,post,00014DA7,1,7,01 00 00 0F 03 A7 4D
2026-09-28T15:21:46.162+00:00,6420.390,RX,post,00114DA7,1,5,01 00 00 A7 4D
2026-09-28T15:21:46.167+00:00,6425.316,RX,post,00012BD4,1,7,01 00 00 0F 03 D4 2B
2026-09-28T15:21:46.167+00:00,6425.375,RX,post,00112BD4,1,5,01 00 00 D4 2B
2026-09-28T15:21:46.172+00:00,6430.307,RX,post,00013197,1,7,01 00 00 0F 03 97 31
2026-09-28T15:21:46.172+00:00,6430.365,RX,post,00113197,1,5,01 00 00 97 31
2026-09-28T15:21:46.177+00:00,6435.225,RX,post,00017DE7,1,7,01 00 00 0F 03 E7 7D
2026-09-28T15:21:46.177+00:00,6435.302,RX,post,00117DE7,1,5,01 00 00 E7 7D
2026-09-28T15:21:46.182+00:00,6440.295,RX,post,0001CC42,1,7,01 00 00 0F 03 42 CC
2026-09-28T15:21:46.182+00:00,6440.367,RX,post,0011CC42,1,5,01 00 00 42 CC
2026-09-28T15:21:46.187+00:00,6445.117,RX,post,0001E41E,1,7,01 00 00 0F 03 1E E4
2026-09-28T15:21:46.187+00:00,6445.406,RX,post,0011E41E,1,5,01 00 00 1E E4
2026-09-28T15:21:46.192+00:00,6450.088,RX,post,00017E7B,1,7,01 00 00 0F 03 7B 7E
2026-09-28T15:21:46.192+00:00,6450.371,RX,post,00117E7B,1,5,01 00 00 7B 7E
2026-09-28T15:21:46.197+00:00,6455.252,RX,post,000191E8,1,7,01 00 00 0F 03 E8 91
2026-09-28T15:21:46.197+00:00,6455.325,RX,post,001191E8,1,5,01 00 00 E8 91
2026-09-28T15:21:46.202+00:00,6460.293,RX,post,00011D28,1,7,01 00 00 0F 03 28 1D
2026-09-28T15:21:46.202+00:00,6460.357,RX,post,00111D28,1,5,01 00 00 28 1D
2026-09-28T15:21:46.207+00:00,6465.437,RX,post,00015ED6,1,7,01 00 00 0F 03 D6 5E
2026-09-28T15:21:46.207+00:00,6465.520,RX,post,00115ED6,1,5,01 00 00 D6 5E
2026-09-28T15:21:46.212+00:00,6470.325,RX,post,0001A74D,1,7,01 00 00 0F 03 4D A7
2026-09-28T15:21:46.212+00:00,6470.420,RX,post,0011A74D,1,5,01 00 00 4D A7
2026-09-28T15:21:46.217+00:00,6475.344,RX,post,0001C8AD,1,7,01 00 00 0F 03 AD C8
2026-09-28T15:21:46.217+00:00,6475.404,RX,post,0011C8AD,1,5,01 00 00 AD C8
2026-09-28T15:21:46.222+00:00,6480.301,RX,post,0001BAB7,1,7,01 00 00 0F 03 B7 BA
2026-09-28T15:21:46.222+00:00,6480.378,RX,post,0011BAB7,1,5,01 00 00 B7 BA
2026-09-28T15:21:46.227+00:00,6485.354,RX,post,0001A7E4,1,7,01 00 00 0F 03 E4 A7
2026-09-28T15:21:46.227+00:00,6485.449,RX,post,0011A7E4,1,5,01 00 00 E4 A7
2026-09-28T15:21:46.232+00:00,6490.316,RX,post,0001C652,1,7,01 00 00 0F 03 52 C6
2026-09-28T15:21:46.232+00:00,6490.443,RX,post,0011C652,1,5,01 00 00 52 C6
2026-09-28T15:21:46.237+00:00,6495.270,RX,post,0001DF36,1,7,01 00 00 0F 03 36 DF
2026-09-28T15:21:46.237+00:00,6495.334,RX,post,0011DF36,1,5,01 00 00 36 DF
2026-09-28T15:21:46.242+00:00,6500.175,RX,post,000144E4,1,7,01 00 00 0F 03 E4 44
2026-09-28T15:21:46.242+00:00,6500.295,RX,post,001144E4,1,5,01 00 00 E4 44
2026-09-28T15:21:46.247+00:00,6505.409,RX,post,000149A9,1,7,01 00 00 0F 03 A9 49
2026-09-28T15:21:46.247+00:00,6505.505,RX,post,001149A9,1,5,01 00 00 A9 49
2026-09-28T15:21:46.252+00:00,6510.365,RX,post,0001D0C8,1,7,01 00 00 0F 03 C8 D0
2026-09-28T15:21:46.252+00:00,6510.461,RX,post,0011D0C8,1,5,01 00 00 C8 D0
2026-09-28T15:21:46.257+00:00,6515.369,RX,post,0001BB43,1,7,01 00 00 0F 03 43 BB
2026-09-28T15:21:46.257+00:00,6515.470,RX,post,0011BB43,1,5,01 00 00 43 BB
2026-09-28T15:21:46.262+00:00,6520.365,RX,post,0001A4E8,1,7,01 00 00 0F 03 E8 A4
2026-09-28T15:21:46.262+00:00,6520.460,RX,post,0011A4E8,1,5,01 00 00 E8 A4
2026-09-28T15:21:46.267+00:00,6525.369,RX,post,00017F3F,1,7,01 00 00 0F 03 3F 7F
2026-09-28T15:21:46.267+00:00,6525.468,RX,post,00117F3F,1,5,01 00 00 3F 7F
2026-09-28T15:21:46.272+00:00,6530.396,RX,post,000120F5,1,7,01 00 00 0F 03 F5 20
2026-09-28T15:21:46.272+00:00,6530.529,RX,post,001120F5,1,5,01 00 00 F5 20
2026-09-28T15:21:46.277+00:00,6535.109,RX,post,00013B7B,1,7,01 00 00 0F 03 7B 3B
2026-09-28T15:21:46.277+00:00,6535.438,RX,post,00113B7B,1,5,01 00 00 7B 3B
2026-09-28T15:21:46.282+00:00,6540.155,RX,post,000106BA,1,7,01 00 00 0F 03 BA 06
2026-09-28T15:21:46.282+00:00,6540.327,RX,post,001106BA,1,5,01 00 00 BA 06
2026-09-28T15:21:46.287+00:00,6545.182,RX,post,0001877F,1,7,01 00 00 0F 03 7F 87
2026-09-28T15:21:46.287+00:00,6545.433,RX,post,0011877F,1,5,01 00 00 7F 87
2026-09-28T15:21:46.292+00:00,6550.351,RX,post,0001F7FB,1,7,01 00 00 0F 03 FB F7
2026-09-28T15:21:46.292+00:00,6550.432,RX,post,0011F7FB,1,5,01 00 00 FB F7
2026-09-28T15:21:46.297+00:00,6555.120,RX,post,0001164B,1,7,01 00 00 0F 03 4B 16
2026-09-28T15:21:46.297+00:00,6555.368,RX,post,0011164B,1,5,01 00 00 4B 16
2026-09-28T15:21:46.302+00:00,6560.163,RX,post,0001EC3F,1,7,01 00 00 0F 03 3F EC
2026-09-28T15:21:46.302+00:00,6560.233,RX,post,0011EC3F,1,5,01 00 00 3F EC
2026-09-28T15:21:46.307+00:00,6565.107,RX,post,0001F8C6,1,7,01 00 00 0F 03 C6 F8
2026-09-28T15:21:46.307+00:00,6565.411,RX,post,0011F8C6,1,5,01 00 00 C6 F8
2026-09-28T15:21:46.312+00:00,6570.204,RX,post,00012371,1,7,01 00 00 0F 03 71 23
2026-09-28T15:21:46.312+00:00,6570.288,RX,post,00112371,1,5,01 00 00 71 23
2026-09-28T15:21:46.317+00:00,6575.061,RX,post,00019F8F,1,7,01 00 00 0F 03 8F 9F
2026-09-28T15:21:46.317+00:00,6575.372,RX,post,00119F8F,1,5,01 00 00 8F 9F
2026-09-28T15:21:46.322+00:00,6580.138,RX,post,00014E42,1,7,01 00 00 0F 03 42 4E
2026-09-28T15:21:46.322+00:00,6580.359,RX,post,00114E42,1,5,01 00 00 42 4E
2026-09-28T15:21:46.327+00:00,6585.094,RX,post,00011977,1,7,01 00 00 0F 03 77 19
2026-09-28T15:21:46.327+00:00,6585.337,RX,post,00111977,1,5,01 00 00 77 19
2026-09-28T15:21:46.332+00:00,6590.171,RX,post,000182B2,1,7,01 00 00 0F 03 B2 82
2026-09-28T15:21:46.332+00:00,6590.307,RX,post,001182B2,1,5,01 00 00 B2 82
2026-09-28T15:21:46.337+00:00,6595.276,RX,post,000194F2,1,7,01 00 00 0F 03 F2 94
2026-09-28T15:21:46.337+00:00,6595.333,RX,post,001194F2,1,5,01 00 00 F2 94
2026-09-28T15:21:46.342+00:00,6600.283,RX,post,00019724,1,7,01 00 00 0F 03 24 97
2026-09-28T15:21:46.342+00:00,6600.339,RX,post,00119724,1,5,01 00 00 24 97
2026-09-28T15:21:46.347+00:00,6605.114,RX,post,0001213F,1,7,01 00 00 0F 03 3F 21
2026-09-28T15:21:46.347+00:00,6605.363,RX,post,0011213F,1,5,01 00 00 3F 21
2026-09-28T15:21:46.352+00:00,6610.210,RX,post,000193F2,1,7,01 00 00 0F 03 F2 93
2026-09-28T15:21:46.352+00:00,6610.483,RX,post,001193F2,1,5,01 00 00 F2 93
2026-09-28T15:21:46.357+00:00,6615.186,RX,post,0001FD14,1,7,01 00 00 0F 03 14 FD
2026-09-28T15:21:46.357+00:00,6615.433,RX,post,0011FD14,1,5,01 00 00 14 FD
2026-09-28T15:21:46.362+00:00,6620.195,RX,post,0001BF53,1,7,01 00 00 0F 03 53 BF
2026-09-28T15:21:46.362+00:00,6620.292,RX,post,0011BF53,1,5,01 00 00 53 BF
2026-09-28T15:21:46.367+00:00,6625.102,RX,post,0001871A,1,7,01 00 00 0F 03 1A 87
2026-09-28T15:21:46.367+00:00,6625.366,RX,post,0011871A,1,5,01 00 00 1A 87
2026-09-28T15:21:46.372+00:00,6630.216,RX,post,00010915,1,7,01 00 00 0F 03 15 09
2026-09-28T15:21:46.372+00:00,6630.410,RX,post,00110915,1,5,01 00 00 15 09
2026-09-28T15:21:46.377+00:00,6635.157,RX,post,0001DD70,1,7,01 00 00 0F 03 70 DD
2026-09-28T15:21:46.377+00:00,6635.410,RX,post,0011DD70,1,5,01 00 00 70 DD
2026-09-28T15:21:46.382+00:00,6640.225,RX,post,00015B7B,1,7,01 00 00 0F 03 7B 5B
2026-09-28T15:21:46.382+00:00,6640.372,RX,post,00115B7B,1,5,01 00 00 7B 5B
2026-09-28T15:21:46.387+00:00,6645.126,RX,post,00016418,1,7,01 00 00 0F 03 18 64
2026-09-28T15:21:46.387+00:00,6645.354,RX,post,00116418,1,5,01 00 00 18 64
2026-09-28T15:21:46.392+00:00,6650.207,RX,post,0001603E,1,7,01 00 00 0F 03 3E 60
2026-09-28T15:21:46.392+00:00,6650.478,RX,post,0011603E,1,5,01 00 00 3E 60
2026-09-28T15:21:46.397+00:00,6655.172,RX,post,00012EFB,1,7,01 00 00 0F 03 FB 2E
2026-09-28T15:21:46.397+00:00,6655.279,RX,post,00112EFB,1,5,01 00 00 FB 2E
2026-09-28T15:21:46.402+00:00,6660.139,RX,post,0001A87E,1,7,01 00 00 0F 03 7E A8
2026-09-28T15:21:46.402+00:00,6660.229,RX,post,0011A87E,1,5,01 00 00 7E A8
2026-09-28T15:21:46.407+00:00,6665.223,RX,post,0001B2DF,1,7,01 00 00 0F 03 DF B2
2026-09-28T15:21:46.407+00:00,6665.299,RX,post,0011B2DF,1,5,01 00 00 DF B2
2026-09-28T15:21:46.412+00:00,6670.283,RX,post,00016029,1,7,01 00 00 0F 03 29 60
2026-09-28T15:21:46.412+00:00,6670.339,RX,post,00116029,1,5,01 00 00 29 60
2026-09-28T15:21:46.417+00:00,6675.228,RX,post,0001898B,1,7,01 00 00 0F 03 8B 89
2026-09-28T15:21:46.417+00:00,6675.305,RX,post,0011898B,1,5,01 00 00 8B 89
2026-09-28T15:21:46.422+00:00,6680.249,RX,post,0001A524,1,7,01 00 00 0F 03 24 A5
2026-09-28T15:21:46.422+00:00,6680.305,RX,post,0011A524,1,5,01 00 00 24 A5
2026-09-28T15:21:46.427+00:00,6685.108,RX,post,0001A7EF,1,7,01 00 00 0F 03 EF A7
2026-09-28T15:21:46.427+00:00,6685.435,RX,post,0011A7EF,1,5,01 00 00 EF A7
2026-09-28T15:21:46.432+00:00,6690.268,RX,post,0001B438,1,7,01 00 00 0F 03 38 B4
2026-09-28T15:21:46.432+00:00,6690.324,RX,post,0011B438,1,5,01 00 00 38 B4
2026-09-28T15:21:46.437+00:00,6695.090,RX,post,000109FD,1,7,01 00 00 0F 03 FD 09
2026-09-28T15:21:46.437+00:00,6695.340,RX,post,001109FD,1,5,01 00 00 FD 09
2026-09-28T15:21:46.442+00:00,6700.139,RX,post,00010D91,1,7,01 00 00 0F 03 91 0D
2026-09-28T15:21:46.442+00:00,6700.273,RX,post,00110D91,1,5,01 00 00 91 0D
2026-09-28T15:21:46.447+00:00,6705.265,RX,post,0001FAA7,1,7,01 00 00 0F 03 A7 FA
2026-09-28T15:21:46.447+00:00,6705.333,RX,post,0011FAA7,1,5,01 00 00 A7 FA
2026-09-28T15:21:46.452+00:00,6710.219,RX,post,0001804E,1,7,01 00 00 0F 03 4E 80
2026-09-28T15:21:46.452+00:00,6710.283,RX,post,0011804E,1,5,01 00 00 4E 80
2026-09-28T15:21:46.457+00:00,6715.234,RX,post,00011B15,1,7,01 00 00 0F 03 15 1B
2026-09-28T15:21:46.457+00:00,6715.290,RX,post,00111B15,1,5,01 00 00 15 1B
2026-09-28T15:21:46.462+00:00,6720.245,RX,post,00018879,1,7,01 00 00 0F 03 79 88
2026-09-28T15:21:46.462+00:00,6720.334,RX,post,00118879,1,5,01 00 00 79 88
2026-09-28T15:21:46.467+00:00,6725.224,RX,post,00013F0B,1,7,01 00 00 0F 03 0B 3F
2026-09-28T15:21:46.467+00:00,6725.478,RX,post,00113F0B,1,5,01 00 00 0B 3F
2026-09-28T15:21:46.472+00:00,6730.175,RX,post,0001E45E,1,7,01 00 00 0F 03 5E E4
2026-09-28T15:21:46.472+00:00,6730.270,RX,post,0011E45E,1,5,01 00 00 5E E4
2026-09-28T15:21:46.477+00:00,6735.223,RX,post,00014523,1,7,01 00 00 0F 03 23 45
2026-09-28T15:21:46.477+00:00,6735.470,RX,post,00114523,1,5,01 00 00 23 45
2026-09-28T15:21:46.482+00:00,6740.235,RX,post,00019E15,1,7,01 00 00 0F 03 15 9E
2026-09-28T15:21:46.482+00:00,6740.308,RX,post,00119E15,1,5,01 00 00 15 9E
2026-09-28T15:21:46.487+00:00,6745.298,RX,post,00012442,1,7,01 00 00 0F 03 42 24
2026-09-28T15:21:46.487+00:00,6745.366,RX,post,00112442,1,5,01 00 00 42 24
2026-09-28T15:21:46.492+00:00,6750.189,RX,post,00019BC2,1,7,01 00 00 0F 03 C2 9B
2026-09-28T15:21:46.492+00:00,6750.293,RX,post,00119BC2,1,5,01 00 00 C2 9B
2026-09-28T15:21:46.497+00:00,6755.068,RX,post,0001046A,1,7,01 00 00 0F 03 6A 04
2026-09-28T15:21:46.497+00:00,6755.315,RX,post,0011046A,1,5,01 00 00 6A 04
2026-09-28T15:21:46.502+00:00,6760.051,RX,post,0001D0D4,1,7,01 00 00 0F 03 D4 D0
2026-09-28T15:21:46.502+00:00,6760.327,RX,post,0011D0D4,1,5,01 00 00 D4 D0
2026-09-28T15:21:46.507+00:00,6765.071,RX,post,0001E7E0,1,7,01 00 00 0F 03 E0 E7
2026-09-28T15:21:46.507+00:00,6765.334,RX,post,0011E7E0,1,5,01 00 00 E0 E7
2026-09-28T15:21:46.512+00:00,6770.071,RX,post,0001744C,1,7,01 00 00 0F 03 4C 74
2026-09-28T15:21:46.512+00:00,6770.310,RX,post,0011744C,1,5,01 00 00 4C 74
2026-09-28T15:21:46.517+00:00,6775.157,RX,post,0001963F,1,7,01 00 00 0F 03 3F 96
2026-09-28T15:21:46.517+00:00,6775.250,RX,post,0011963F,1,5,01 00 00 3F 96
2026-09-28T15:21:46.522+00:00,6780.064,RX,post,0001BBD1,1,7,01 00 00 0F 03 D1 BB
2026-09-28T15:21:46.522+00:00,6780.335,RX,post,0011BBD1,1,5,01 00 00 D1 BB
2026-09-28T15:21:46.527+00:00,6785.083,RX,post,000171E8,1,7,01 00 00 0F 03 E8 71
2026-09-28T15:21:46.527+00:00,6785.354,RX,post,001171E8,1,5,01 00 00 E8 71
2026-09-28T15:21:46.532+00:00,6790.145,RX,post,0001011C,1,7,01 00 00 0F 03 1C 01
2026-09-28T15:21:46.532+00:00,6790.274,RX,post,0011011C,1,5,01 00 00 1C 01
2026-09-28T15:21:46.537+00:00,6795.147,RX,post,0001B8F3,1,7,01 00 00 0F 03 F3 B8
2026-09-28T15:21:46.537+00:00,6795.246,RX,post,0011B8F3,1,5,01 00 00 F3 B8
2026-09-28T15:21:46.542+00:00,6800.092,RX,post,0001FB07,1,7,01 00 00 0F 03 07 FB
2026-09-28T15:21:46.542+00:00,6800.310,RX,post,0011FB07,1,5,01 00 00 07 FB
2026-09-28T15:21:46.547+00:00,6805.273,RX,post,0001D58F,1,7,01 00 00 0F 03 8F D5
2026-09-28T15:21:46.547+00:00,6805.342,RX,post,0011D58F,1,5,01 00 00 8F D5
2026-09-28T15:21:46.552+00:00,6810.163,RX,post,00011536,1,7,01 00 00 0F 03 36 15
2026-09-28T15:21:46.552+00:00,6810.275,RX,post,00111536,1,5,01 00 00 36 15
2026-09-28T15:21:46.557+00:00,6815.277,RX,post,00019671,1,7,01 00 00 0F 03 71 96
2026-09-28T15:21:46.557+00:00,6815.348,RX,post,00119671,1,5,01 00 00 71 96
2026-09-28T15:21:46.562+00:00,6820.195,RX,post,00016D45,1,7,01 00 00 0F 03 45 6D
2026-09-28T15:21:46.562+00:00,6820.337,RX,post,00116D45,1,5,01 00 00 45 6D
2026-09-28T15:21:46.567+00:00,6825.286,RX,post,000186C0,1,7,01 00 00 0F 03 C0 86
2026-09-28T15:21:46.567+00:00,6825.355,RX,post,001186C0,1,5,01 00 00 C0 86
2026-09-28T15:21:46.572+00:00,6830.202,RX,post,00014DD2,1,7,01 00 00 0F 03 D2 4D
2026-09-28T15:21:46.572+00:00,6830.296,RX,post,00114DD2,1,5,01 00 00 D2 4D
2026-09-28T15:21:46.577+00:00,6835.324,RX,post,000181A6,1,7,01 00 00 0F 03 A6 81
2026-09-28T15:21:46.577+00:00,6835.380,RX,post,001181A6,1,5,01 00 00 A6 81
2026-09-28T15:21:46.582+00:00,6840.267,RX,post,000127E1,1,7,01 00 00 0F 03 E1 27
2026-09-28T15:21:46.582+00:00,6840.335,RX,post,001127E1,1,5,01 00 00 E1 27
2026-09-28T15:21:46.587+00:00,6845.268,RX,post,0001AC63,1,7,01 00 00 0F 03 63 AC
2026-09-28T15:21:46.587+00:00,6845.333,RX,post,0011AC63,1,5,01 00 00 63 AC
2026-09-28T15:21:46.592+00:00,6850.196,RX,post,0001AC72,1,7,01 00 00 0F 03 72 AC
2026-09-28T15:21:46.592+00:00,6850.302,RX,post,0011AC72,1,5,01 00 00 72 AC
2026-09-28T15:21:46.597+00:00,6855.178,RX,post,0001D6A3,1,7,01 00 00 0F 03 A3 D6
2026-09-28T15:21:46.597+00:00,6855.380,RX,post,0011D6A3,1,5,01 00 00 A3 D6
2026-09-28T15:21:46.602+00:00,6860.031,RX,post,0001802F,1,7,01 00 00 0F 03 2F 80
2026-09-28T15:21:46.602+00:00,6860.299,RX,post,0011802F,1,5,01 00 00 2F 80
2026-09-28T15:21:46.607+00:00,6865.115,RX,post,00017F5D,1,7,01 00 00 0F 03 5D 7F
2026-09-28T15:21:46.607+00:00,6865.333,RX,post,00117F5D,1,5,01 00 00 5D 7F
2026-09-28T15:21:46.612+00:00,6870.072,RX,post,000130B4,1,7,01 00 00 0F 03 B4 30
2026-09-28T15:21:46.612+00:00,6870.309,RX,post,001130B4,1,5,01 00 00 B4 30
2026-09-28T15:21:46.617+00:00,6875.249,RX,post,0001AD83,1,7,01 00 00 0F 03 83 AD
2026-09-28T15:21:46.617+00:00,6875.305,RX,post,0011AD83,1,5,01 00 00 83 AD
2026-09-28T15:21:46.622+00:00,6880.043,RX,post,000132AF,1,7,01 00 00 0F 03 AF 32
2026-09-28T15:21:46.622+00:00,6880.317,RX,post,001132AF,1,5,01 00 00 AF 32
2026-09-28T15:21:46.627+00:00,6885.088,RX,post,00018255,1,7,01 00 00 0F 03 55 82
2026-09-28T15:21:46.627+00:00,6885.407,RX,post,00118255,1,5,01 00 00 55 82
2026-09-28T15:21:46.632+00:00,6890.058,RX,post,000151EC,1,7,01 00 00 0F 03 EC 51
2026-09-28T15:21:46.632+00:00,6890.355,RX,post,001151EC,1,5,01 00 00 EC 51
2026-09-28T15:21:46.637+00:00,6895.236,RX,post,0001D00D,1,7,01 00 00 0F 03 0D D0
2026-09-28T15:21:46.637+00:00,6895.310,RX,post,0011D00D,1,5,01 00 00 0D D0
2026-09-28T15:21:46.642+00:00,6900.263,RX,post,00015C09,1,7,01 00 00 0F 03 09 5C
2026-09-28T15:21:46.642+00:00,6900.345,RX,post,00115C09,1,5,01 00 00 09 5C
2026-09-28T15:21:46.647+00:00,6905.066,RX,post,0001EA3C,1,7,01 00 00 0F 03 3C EA
2026-09-28T15:21:46.647+00:00,6905.307,RX,post,0011EA3C,1,5,01 00 00 3C EA
2026-09-28T15:21:46.652+00:00,6910.021,RX,post,00019C6F,1,7,01 00 00 0F 03 6F 9C
2026-09-28T15:21:46.652+00:00,6910.285,RX,post,00119C6F,1,5,01 00 00 6F 9C
2026-09-28T15:21:46.657+00:00,6915.046,RX,post,00017218,1,7,01 00 00 0F 03 18 72
2026-09-28T15:21:46.657+00:00,6915.292,RX,post,00117218,1,5,01 00 00 18 72
2026-09-28T15:21:46.662+00:00,6920.060,RX,post,0001A7B9,1,7,01 00 00 0F 03 B9 A7
2026-09-28T15:21:46.662+00:00,6920.287,RX,post,0011A7B9,1,5,01 00 00 B9 A7
2026-09-28T15:21:46.667+00:00,6925.047,RX,post,0001D789,1,7,01 00 00 0F 03 89 D7
2026-09-28T15:21:46.667+00:00,6925.285,RX,post,0011D789,1,5,01 00 00 89 D7
2026-09-28T15:21:46.672+00:00,6930.066,RX,post,000146AF,1,7,01 00 00 0F 03 AF 46
2026-09-28T15:21:46.672+00:00,6930.296,RX,post,001146AF,1,5,01 00 00 AF 46
2026-09-28T15:21:46.677+00:00,6935.120,RX,post,0001FCB1,1,7,01 00 00 0F 03 B1 FC
2026-09-28T15:21:46.677+00:00,6935.356,RX,post,0011FCB1,1,5,01 00 00 B1 FC
2026-09-28T15:21:46.682+00:00,6940.048,RX,post,00012889,1,7,01 00 00 0F 03 89 28
2026-09-28T15:21:46.682+00:00,6940.291,RX,post,00112889,1,5,01 00 00 89 28
2026-09-28T15:21:46.687+00:00,6945.042,RX,post,0001B847,1,7,01 00 00 0F 03 47 B8
2026-09-28T15:21:46.687+00:00,6945.286,RX,post,0011B847,1,5,01 00 00 47 B8
2026-09-28T15:21:46.692+00:00,6950.069,RX,post,0001AE0B,1,7,01 00 00 0F 03 0B AE
2026-09-28T15:21:46.692+00:00,6950.288,RX,post,0011AE0B,1,5,01 00 00 0B AE
2026-09-28T15:21:46.697+00:00,6955.228,RX,post,0001F3FE,1,7,01 00 00 0F 03 FE F3
2026-09-28T15:21:46.697+00:00,6955.285,RX,post,0011F3FE,1,5,01 00 00 FE F3
2026-09-28T15:21:46.702+00:00,6960.077,RX,post,0001B6C1,1,7,01 00 00 0F 03 C1 B6
2026-09-28T15:21:46.702+00:00,6960.291,RX,post,0011B6C1,1,5,01 00 00 C1 B6
2026-09-28T15:21:46.707+00:00,6965.227,RX,post,00019ACF,1,7,01 00 00 0F 03 CF 9A
2026-09-28T15:21:46.707+00:00,6965.283,RX,post,00119ACF,1,5,01 00 00 CF 9A
2026-09-28T15:21:46.712+00:00,6970.299,RX,post,0001FF62,1,7,01 00 00 0F 03 62 FF
2026-09-28T15:21:46.712+00:00,6970.377,RX,post,0011FF62,1,5,01 00 00 62 FF
2026-09-28T15:21:46.717+00:00,6975.230,RX,post,0001B3DF,1,7,01 00 00 0F 03 DF B3
2026-09-28T15:21:46.717+00:00,6975.286,RX,post,0011B3DF,1,5,01 00 00 DF B3
2026-09-28T15:21:46.722+00:00,6980.182,RX,post,0001B420,1,7,01 00 00 0F 03 20 B4
2026-09-28T15:21:46.722+00:00,6980.264,RX,post,0011B420,1,5,01 00 00 20 B4
2026-09-28T15:21:46.727+00:00,6985.206,RX,post,00016155,1,7,01 00 00 0F 03 55 61
2026-09-28T15:21:46.727+00:00,6985.283,RX,post,00116155,1,5,01 00 00 55 61
2026-09-28T15:21:46.732+00:00,6990.317,RX,post,0001B36D,1,7,01 00 00 0F 03 6D B3
2026-09-28T15:21:46.732+00:00,6990.441,RX,post,0011B36D,1,5,01 00 00 6D B3
2026-09-28T15:21:46.737+00:00,6995.046,RX,post,00014759,1,7,01 00 00 0F 03 59 47
2026-09-28T15:21:46.737+00:00,6995.315,RX,post,00114759,1,5,01 00 00 59 47
2026-09-28T15:21:46.742+00:00,7000.090,RX,post,00014D88,1,7,01 00 00 0F 03 88 4D
2026-09-28T15:21:46.742+00:00,7000.198,RX,post,00114D88,1,5,01 00 00 88 4D
