utc,relative_ms,direction,phase,can_id_hex,extended,dlc,data_hex
2026-09-28T15:22:26.079+00:00,1.308,RX,baseline,000198A2,1,7,01 00 00 0F 03 A2 98
2026-09-28T15:22:26.079+00:00,1.403,RX,baseline,001198A2,1,5,01 00 00 A2 98
2026-09-28T15:22:26.079+00:00,1.457,RX,baseline,00010936,1,7,01 00 00 0F 03 36 09
2026-09-28T15:22:26.079+00:00,1.604,RX,baseline,00110936,1,5,01 00 00 36 09
2026-09-28T15:22:26.083+00:00,5.372,RX,baseline,0001EF75,1,7,01 00 00 0F 03 75 EF
2026-09-28T15:22:26.083+00:00,5.694,RX,baseline,0011EF75,1,5,01 00 00 75 EF
2026-09-28T15:22:26.088+00:00,10.349,RX,baseline,00015B67,1,7,01 00 00 0F 03 67 5B
2026-09-28T15:22:26.088+00:00,10.604,RX,baseline,00115B67,1,5,01 00 00 67 5B
2026-09-28T15:22:26.093+00:00,15.353,RX,baseline,0001185B,1,7,01 00 00 0F 03 5B 18
2026-09-28T15:22:26.093+00:00,15.613,RX,baseline,0011185B,1,5,01 00 00 5B 18
2026-09-28T15:22:26.098+00:00,20.360,RX,baseline,00017877,1,7,01 00 00 0F 03 77 78
2026-09-28T15:22:26.098+00:00,20.621,RX,baseline,00117877,1,5,01 00 00 77 78
2026-09-28T15:22:26.103+00:00,25.430,RX,baseline,0001C7E7,1,7,01 00 00 0F 03 E7 C7
2026-09-28T15:22:26.103+00:00,25.557,RX,baseline,0011C7E7,1,5,01 00 00 E7 C7
2026-09-28T15:22:26.108+00:00,30.371,RX,baseline,00017AB9,1,7,01 00 00 0F 03 B9 7A
2026-09-28T15:22:26.108+00:00,30.649,RX,baseline,00117AB9,1,5,01 00 00 B9 7A
2026-09-28T15:22:26.113+00:00,35.553,RX,baseline,00014C9D,1,7,01 00 00 0F 03 9D 4C
2026-09-28T15:22:26.113+00:00,35.616,RX,baseline,00114C9D,1,5,01 00 00 9D 4C
2026-09-28T15:22:26.118+00:00,40.440,RX,baseline,00015792,1,7,01 00 00 0F 03 92 57
2026-09-28T15:22:26.118+00:00,40.595,RX,baseline,00115792,1,5,01 00 00 92 57
2026-09-28T15:22:26.123+00:00,45.392,RX,baseline,00012B71,1,7,01 00 00 0F 03 71 2B
2026-09-28T15:22:26.123+00:00,45.726,RX,baseline,00112B71,1,5,01 00 00 71 2B
2026-09-28T15:22:26.128+00:00,50.408,RX,baseline,00012D8D,1,7,01 00 00 0F 03 8D 2D
2026-09-28T15:22:26.128+00:00,50.726,RX,baseline,00112D8D,1,5,01 00 00 8D 2D
2026-09-28T15:22:26.133+00:00,55.414,RX,baseline,0001E37C,1,7,01 00 00 0F 03 7C E3
2026-09-28T15:22:26.133+00:00,55.732,RX,baseline,0011E37C,1,5,01 00 00 7C E3
2026-09-28T15:22:26.138+00:00,60.426,RX,baseline,00017CCC,1,7,01 00 00 0F 03 CC 7C
2026-09-28T15:22:26.138+00:00,60.688,RX,baseline,00117CCC,1,5,01 00 00 CC 7C
2026-09-28T15:22:26.143+00:00,65.403,RX,baseline,0001EAE4,1,7,01 00 00 0F 03 E4 EA
2026-09-28T15:22:26.143+00:00,65.684,RX,baseline,0011EAE4,1,5,01 00 00 E4 EA
2026-09-28T15:22:26.148+00:00,70.400,RX,baseline,0001D6E6,1,7,01 00 00 0F 03 E6 D6
2026-09-28T15:22:26.148+00:00,70.689,RX,baseline,0011D6E6,1,5,01 00 00 E6 D6
2026-09-28T15:22:26.153+00:00,75.379,RX,baseline,00019B98,1,7,01 00 00 0F 03 98 9B
2026-09-28T15:22:26.153+00:00,75.615,RX,baseline,00119B98,1,5,01 00 00 98 9B
2026-09-28T15:22:26.158+00:00,80.401,RX,baseline,0001BEEC,1,7,01 00 00 0F 03 EC BE
2026-09-28T15:22:26.158+00:00,80.723,RX,baseline,0011BEEC,1,5,01 00 00 EC BE
2026-09-28T15:22:26.163+00:00,85.425,RX,baseline,0001FD3B,1,7,01 00 00 0F 03 3B FD
2026-09-28T15:22:26.163+00:00,85.622,RX,baseline,0011FD3B,1,5,01 00 00 3B FD
2026-09-28T15:22:26.168+00:00,90.406,RX,baseline,0001642D,1,7,01 00 00 0F 03 2D 64
2026-09-28T15:22:26.168+00:00,90.580,RX,baseline,0011642D,1,5,01 00 00 2D 64
2026-09-28T15:22:26.173+00:00,95.397,RX,baseline,00013283,1,7,01 00 00 0F 03 83 32
2026-09-28T15:22:26.173+00:00,95.650,RX,baseline,00113283,1,5,01 00 00 83 32
2026-09-28T15:22:26.178+00:00,100.379,RX,baseline,0001D5F1,1,7,01 00 00 0F 03 F1 D5
2026-09-28T15:22:26.178+00:00,100.637,RX,baseline,0011D5F1,1,5,01 00 00 F1 D5
2026-09-28T15:22:26.183+00:00,105.410,RX,baseline,0001D6D7,1,7,01 00 00 0F 03 D7 D6
2026-09-28T15:22:26.183+00:00,105.631,RX,baseline,0011D6D7,1,5,01 00 00 D7 D6
2026-09-28T15:22:26.188+00:00,110.405,RX,baseline,0001FC45,1,7,01 00 00 0F 03 45 FC
2026-09-28T15:22:26.188+00:00,110.733,RX,baseline,0011FC45,1,5,01 00 00 45 FC
2026-09-28T15:22:26.193+00:00,115.402,RX,baseline,000125E4,1,7,01 00 00 0F 03 E4 25
2026-09-28T15:22:26.193+00:00,115.684,RX,baseline,001125E4,1,5,01 00 00 E4 25
2026-09-28T15:22:26.198+00:00,120.401,RX,baseline,00019D88,1,7,01 00 00 0F 03 88 9D
2026-09-28T15:22:26.198+00:00,120.678,RX,baseline,00119D88,1,5,01 00 00 88 9D
2026-09-28T15:22:26.203+00:00,125.404,RX,baseline,0001A18D,1,7,01 00 00 0F 03 8D A1
2026-09-28T15:22:26.203+00:00,125.683,RX,baseline,0011A18D,1,5,01 00 00 8D A1
2026-09-28T15:22:26.208+00:00,130.406,RX,baseline,0001625F,1,7,01 00 00 0F 03 5F 62
2026-09-28T15:22:26.208+00:00,130.688,RX,baseline,0011625F,1,5,01 00 00 5F 62
2026-09-28T15:22:26.213+00:00,135.421,RX,baseline,00017B5B,1,7,01 00 00 0F 03 5B 7B
2026-09-28T15:22:26.213+00:00,135.641,RX,baseline,00117B5B,1,5,01 00 00 5B 7B
2026-09-28T15:22:26.218+00:00,140.396,RX,baseline,0001FD3B,1,7,01 00 00 0F 03 3B FD
2026-09-28T15:22:26.218+00:00,140.648,RX,baseline,0011FD3B,1,5,01 00 00 3B FD
2026-09-28T15:22:26.223+00:00,145.379,RX,baseline,0001B560,1,7,01 00 00 0F 03 60 B5
2026-09-28T15:22:26.223+00:00,145.782,RX,baseline,0011B560,1,5,01 00 00 60 B5
2026-09-28T15:22:26.228+00:00,150.378,RX,baseline,0001A88E,1,7,01 00 00 0F 03 8E A8
2026-09-28T15:22:26.228+00:00,150.692,RX,baseline,0011A88E,1,5,01 00 00 8E A8
2026-09-28T15:22:26.233+00:00,155.641,RX,baseline,00019322,1,7,01 00 00 0F 03 22 93
2026-09-28T15:22:26.233+00:00,155.730,RX,baseline,00119322,1,5,01 00 00 22 93
2026-09-28T15:22:26.238+00:00,160.660,RX,baseline,00010A69,1,7,01 00 00 0F 03 69 0A
2026-09-28T15:22:26.238+00:00,160.764,RX,baseline,00110A69,1,5,01 00 00 69 0A
2026-09-28T15:22:26.243+00:00,165.614,RX,baseline,0001C20D,1,7,01 00 00 0F 03 0D C2
2026-09-28T15:22:26.243+00:00,165.703,RX,baseline,0011C20D,1,5,01 00 00 0D C2
2026-09-28T15:22:26.248+00:00,170.576,RX,baseline,0001AE19,1,7,01 00 00 0F 03 19 AE
2026-09-28T15:22:26.248+00:00,170.634,RX,baseline,0011AE19,1,5,01 00 00 19 AE
2026-09-28T15:22:26.253+00:00,175.454,RX,baseline,00010578,1,7,01 00 00 0F 03 78 05
2026-09-28T15:22:26.253+00:00,175.678,RX,baseline,00110578,1,5,01 00 00 78 05
2026-09-28T15:22:26.258+00:00,180.439,RX,baseline,000117F9,1,7,01 00 00 0F 03 F9 17
2026-09-28T15:22:26.258+00:00,180.683,RX,baseline,001117F9,1,5,01 00 00 F9 17
2026-09-28T15:22:26.263+00:00,185.439,RX,baseline,00012D4A,1,7,01 00 00 0F 03 4A 2D
2026-09-28T15:22:26.263+00:00,185.709,RX,baseline,00112D4A,1,5,01 00 00 4A 2D
2026-09-28T15:22:26.268+00:00,190.493,RX,baseline,0001B993,1,7,01 00 00 0F 03 93 B9
2026-09-28T15:22:26.268+00:00,190.553,RX,baseline,0011B993,1,5,01 00 00 93 B9
2026-09-28T15:22:26.273+00:00,195.432,RX,baseline,00016EBD,1,7,01 00 00 0F 03 BD 6E
2026-09-28T15:22:26.273+00:00,195.658,RX,baseline,00116EBD,1,5,01 00 00 BD 6E
2026-09-28T15:22:26.278+00:00,200.473,RX,baseline,0001C3CD,1,7,01 00 00 0F 03 CD C3
2026-09-28T15:22:26.278+00:00,200.696,RX,baseline,0011C3CD,1,5,01 00 00 CD C3
2026-09-28T15:22:26.283+00:00,205.418,RX,baseline,000171CD,1,7,01 00 00 0F 03 CD 71
2026-09-28T15:22:26.283+00:00,205.685,RX,baseline,001171CD,1,5,01 00 00 CD 71
2026-09-28T15:22:26.288+00:00,210.519,RX,baseline,000106AB,1,7,01 00 00 0F 03 AB 06
2026-09-28T15:22:26.288+00:00,210.605,RX,baseline,001106AB,1,5,01 00 00 AB 06
2026-09-28T15:22:26.293+00:00,215.375,RX,baseline,00012A5C,1,7,01 00 00 0F 03 5C 2A
2026-09-28T15:22:26.293+00:00,215.647,RX,baseline,00112A5C,1,5,01 00 00 5C 2A
2026-09-28T15:22:26.298+00:00,220.442,RX,baseline,000101F6,1,7,01 00 00 0F 03 F6 01
2026-09-28T15:22:26.298+00:00,220.561,RX,baseline,001101F6,1,5,01 00 00 F6 01
2026-09-28T15:22:26.303+00:00,225.437,RX,baseline,0001570D,1,7,01 00 00 0F 03 0D 57
2026-09-28T15:22:26.303+00:00,225.556,RX,baseline,0011570D,1,5,01 00 00 0D 57
2026-09-28T15:22:26.308+00:00,230.420,RX,baseline,00014BC3,1,7,01 00 00 0F 03 C3 4B
2026-09-28T15:22:26.308+00:00,230.532,RX,baseline,00114BC3,1,5,01 00 00 C3 4B
2026-09-28T15:22:26.313+00:00,235.391,RX,baseline,0001386B,1,7,01 00 00 0F 03 6B 38
2026-09-28T15:22:26.313+00:00,235.696,RX,baseline,0011386B,1,5,01 00 00 6B 38
2026-09-28T15:22:26.318+00:00,240.473,RX,baseline,000135AC,1,7,01 00 00 0F 03 AC 35
2026-09-28T15:22:26.318+00:00,240.569,RX,baseline,001135AC,1,5,01 00 00 AC 35
2026-09-28T15:22:26.323+00:00,245.552,RX,baseline,000141CB,1,7,01 00 00 0F 03 CB 41
2026-09-28T15:22:26.323+00:00,245.646,RX,baseline,001141CB,1,5,01 00 00 CB 41
2026-09-28T15:22:26.328+00:00,250.562,RX,baseline,00015742,1,7,01 00 00 0F 03 42 57
2026-09-28T15:22:26.328+00:00,250.657,RX,baseline,00115742,1,5,01 00 00 42 57
2026-09-28T15:22:26.333+00:00,255.606,RX,baseline,00010E14,1,7,01 00 00 0F 03 14 0E
2026-09-28T15:22:26.333+00:00,255.702,RX,baseline,00110E14,1,5,01 00 00 14 0E
2026-09-28T15:22:26.338+00:00,260.560,RX,baseline,000143FB,1,7,01 00 00 0F 03 FB 43
2026-09-28T15:22:26.338+00:00,260.641,RX,baseline,001143FB,1,5,01 00 00 FB 43
2026-09-28T15:22:26.343+00:00,265.554,RX,baseline,0001A94F,1,7,01 00 00 0F 03 4F A9
2026-09-28T15:22:26.343+00:00,265.611,RX,baseline,0011A94F,1,5,01 00 00 4F A9
2026-09-28T15:22:26.348+00:00,270.413,RX,baseline,000198A9,1,7,01 00 00 0F 03 A9 98
2026-09-28T15:22:26.348+00:00,270.595,RX,baseline,001198A9,1,5,01 00 00 A9 98
2026-09-28T15:22:26.353+00:00,275.315,RX,baseline,00015CB1,1,7,01 00 00 0F 03 B1 5C
2026-09-28T15:22:26.353+00:00,275.551,RX,baseline,00115CB1,1,5,01 00 00 B1 5C
2026-09-28T15:22:26.358+00:00,280.375,RX,baseline,0001883D,1,7,01 00 00 0F 03 3D 88
2026-09-28T15:22:26.358+00:00,280.647,RX,baseline,0011883D,1,5,01 00 00 3D 88
2026-09-28T15:22:26.363+00:00,285.375,RX,baseline,00012D72,1,7,01 00 00 0F 03 72 2D
2026-09-28T15:22:26.363+00:00,285.632,RX,baseline,00112D72,1,5,01 00 00 72 2D
2026-09-28T15:22:26.368+00:00,290.378,RX,baseline,0001B966,1,7,01 00 00 0F 03 66 B9
2026-09-28T15:22:26.368+00:00,290.651,RX,baseline,0011B966,1,5,01 00 00 66 B9
2026-09-28T15:22:26.373+00:00,295.374,RX,baseline,0001E7B8,1,7,01 00 00 0F 03 B8 E7
2026-09-28T15:22:26.373+00:00,295.668,RX,baseline,0011E7B8,1,5,01 00 00 B8 E7
2026-09-28T15:22:26.378+00:00,300.362,RX,baseline,0001124A,1,7,01 00 00 0F 03 4A 12
2026-09-28T15:22:26.378+00:00,300.658,RX,baseline,0011124A,1,5,01 00 00 4A 12
2026-09-28T15:22:26.383+00:00,305.375,RX,baseline,00011D5F,1,7,01 00 00 0F 03 5F 1D
2026-09-28T15:22:26.383+00:00,305.655,RX,baseline,00111D5F,1,5,01 00 00 5F 1D
2026-09-28T15:22:26.388+00:00,310.377,RX,baseline,00011D6A,1,7,01 00 00 0F 03 6A 1D
2026-09-28T15:22:26.388+00:00,310.636,RX,baseline,00111D6A,1,5,01 00 00 6A 1D
2026-09-28T15:22:26.393+00:00,315.376,RX,baseline,00013D5C,1,7,01 00 00 0F 03 5C 3D
2026-09-28T15:22:26.393+00:00,315.658,RX,baseline,00113D5C,1,5,01 00 00 5C 3D
2026-09-28T15:22:26.398+00:00,320.365,RX,baseline,00018A71,1,7,01 00 00 0F 03 71 8A
2026-09-28T15:22:26.398+00:00,320.668,RX,baseline,00118A71,1,5,01 00 00 71 8A
2026-09-28T15:22:26.403+00:00,325.358,RX,baseline,00019F17,1,7,01 00 00 0F 03 17 9F
2026-09-28T15:22:26.403+00:00,325.728,RX,baseline,00119F17,1,5,01 00 00 17 9F
2026-09-28T15:22:26.408+00:00,330.363,RX,baseline,00017F7C,1,7,01 00 00 0F 03 7C 7F
2026-09-28T15:22:26.408+00:00,330.692,RX,baseline,00117F7C,1,5,01 00 00 7C 7F
2026-09-28T15:22:26.413+00:00,335.390,RX,baseline,0001BDEE,1,7,01 00 00 0F 03 EE BD
2026-09-28T15:22:26.413+00:00,335.668,RX,baseline,0011BDEE,1,5,01 00 00 EE BD
2026-09-28T15:22:26.418+00:00,340.358,RX,baseline,00015B24,1,7,01 00 00 0F 03 24 5B
2026-09-28T15:22:26.418+00:00,340.704,RX,baseline,00115B24,1,5,01 00 00 24 5B
2026-09-28T15:22:26.423+00:00,345.380,RX,baseline,000113B9,1,7,01 00 00 0F 03 B9 13
2026-09-28T15:22:26.423+00:00,345.664,RX,baseline,001113B9,1,5,01 00 00 B9 13
2026-09-28T15:22:26.428+00:00,350.385,RX,baseline,0001794B,1,7,01 00 00 0F 03 4B 79
2026-09-28T15:22:26.428+00:00,350.481,RX,baseline,0011794B,1,5,01 00 00 4B 79
2026-09-28T15:22:26.433+00:00,355.420,RX,baseline,00012A08,1,7,01 00 00 0F 03 08 2A
2026-09-28T15:22:26.433+00:00,355.663,RX,baseline,00112A08,1,5,01 00 00 08 2A
2026-09-28T15:22:26.438+00:00,360.435,RX,baseline,0001B475,1,7,01 00 00 0F 03 75 B4
2026-09-28T15:22:26.438+00:00,360.533,RX,baseline,0011B475,1,5,01 00 00 75 B4
2026-09-28T15:22:26.443+00:00,365.337,RX,baseline,0001687E,1,7,01 00 00 0F 03 7E 68
2026-09-28T15:22:26.443+00:00,365.780,RX,baseline,0011687E,1,5,01 00 00 7E 68
2026-09-28T15:22:26.448+00:00,370.382,RX,baseline,00012344,1,7,01 00 00 0F 03 44 23
2026-09-28T15:22:26.448+00:00,370.749,RX,baseline,00112344,1,5,01 00 00 44 23
2026-09-28T15:22:26.453+00:00,375.402,RX,baseline,0001A368,1,7,01 00 00 0F 03 68 A3
2026-09-28T15:22:26.453+00:00,375.870,RX,baseline,0011A368,1,5,01 00 00 68 A3
2026-09-28T15:22:26.458+00:00,380.355,RX,baseline,0001B144,1,7,01 00 00 0F 03 44 B1
2026-09-28T15:22:26.458+00:00,380.758,RX,baseline,0011B144,1,5,01 00 00 44 B1
2026-09-28T15:22:26.463+00:00,385.372,RX,baseline,00016085,1,7,01 00 00 0F 03 85 60
2026-09-28T15:22:26.463+00:00,385.720,RX,baseline,00116085,1,5,01 00 00 85 60
2026-09-28T15:22:26.468+00:00,390.336,RX,baseline,00018429,1,7,01 00 00 0F 03 29 84
2026-09-28T15:22:26.468+00:00,390.707,RX,baseline,00118429,1,5,01 00 00 29 84
2026-09-28T15:22:26.473+00:00,395.335,RX,baseline,00015C9C,1,7,01 00 00 0F 03 9C 5C
2026-09-28T15:22:26.473+00:00,395.693,RX,baseline,00115C9C,1,5,01 00 00 9C 5C
2026-09-28T15:22:26.478+00:00,400.337,RX,baseline,00014235,1,7,01 00 00 0F 03 35 42
2026-09-28T15:22:26.478+00:00,400.722,RX,baseline,00114235,1,5,01 00 00 35 42
2026-09-28T15:22:26.483+00:00,405.338,RX,baseline,0001E353,1,7,01 00 00 0F 03 53 E3
2026-09-28T15:22:26.483+00:00,405.734,RX,baseline,0011E353,1,5,01 00 00 53 E3
2026-09-28T15:22:26.488+00:00,410.338,RX,baseline,00014C5C,1,7,01 00 00 0F 03 5C 4C
2026-09-28T15:22:26.488+00:00,410.665,RX,baseline,00114C5C,1,5,01 00 00 5C 4C
2026-09-28T15:22:26.493+00:00,415.349,RX,baseline,00018762,1,7,01 00 00 0F 03 62 87
2026-09-28T15:22:26.493+00:00,415.603,RX,baseline,00118762,1,5,01 00 00 62 87
2026-09-28T15:22:26.498+00:00,420.407,RX,baseline,00016262,1,7,01 00 00 0F 03 62 62
2026-09-28T15:22:26.498+00:00,420.514,RX,baseline,00116262,1,5,01 00 00 62 62
2026-09-28T15:22:26.503+00:00,425.366,RX,baseline,00014417,1,7,01 00 00 0F 03 17 44
2026-09-28T15:22:26.503+00:00,425.618,RX,baseline,00114417,1,5,01 00 00 17 44
2026-09-28T15:22:26.508+00:00,430.452,RX,baseline,000140FE,1,7,01 00 00 0F 03 FE 40
2026-09-28T15:22:26.508+00:00,430.708,RX,baseline,001140FE,1,5,01 00 00 FE 40
2026-09-28T15:22:26.513+00:00,435.381,RX,baseline,000105CB,1,7,01 00 00 0F 03 CB 05
2026-09-28T15:22:26.513+00:00,435.634,RX,baseline,001105CB,1,5,01 00 00 CB 05
2026-09-28T15:22:26.518+00:00,440.451,RX,baseline,00010DD4,1,7,01 00 00 0F 03 D4 0D
2026-09-28T15:22:26.518+00:00,440.710,RX,baseline,00110DD4,1,5,01 00 00 D4 0D
2026-09-28T15:22:26.523+00:00,445.324,RX,baseline,0001B9B1,1,7,01 00 00 0F 03 B1 B9
2026-09-28T15:22:26.523+00:00,445.610,RX,baseline,0011B9B1,1,5,01 00 00 B1 B9
2026-09-28T15:22:26.528+00:00,450.350,RX,baseline,0001E2BC,1,7,01 00 00 0F 03 BC E2
2026-09-28T15:22:26.528+00:00,450.586,RX,baseline,0011E2BC,1,5,01 00 00 BC E2
2026-09-28T15:22:26.533+00:00,455.369,RX,baseline,00015225,1,7,01 00 00 0F 03 25 52
2026-09-28T15:22:26.533+00:00,455.620,RX,baseline,00115225,1,5,01 00 00 25 52
2026-09-28T15:22:26.538+00:00,460.349,RX,baseline,000165B1,1,7,01 00 00 0F 03 B1 65
2026-09-28T15:22:26.538+00:00,460.600,RX,baseline,001165B1,1,5,01 00 00 B1 65
2026-09-28T15:22:26.543+00:00,465.340,RX,baseline,00017770,1,7,01 00 00 0F 03 70 77
2026-09-28T15:22:26.543+00:00,465.598,RX,baseline,00117770,1,5,01 00 00 70 77
2026-09-28T15:22:26.548+00:00,470.344,RX,baseline,0001E463,1,7,01 00 00 0F 03 63 E4
2026-09-28T15:22:26.548+00:00,470.620,RX,baseline,0011E463,1,5,01 00 00 63 E4
2026-09-28T15:22:26.553+00:00,475.348,RX,baseline,00014195,1,7,01 00 00 0F 03 95 41
2026-09-28T15:22:26.553+00:00,475.565,RX,baseline,00114195,1,5,01 00 00 95 41
2026-09-28T15:22:26.558+00:00,480.326,RX,baseline,0001AA35,1,7,01 00 00 0F 03 35 AA
2026-09-28T15:22:26.558+00:00,480.622,RX,baseline,0011AA35,1,5,01 00 00 35 AA
2026-09-28T15:22:26.563+00:00,485.349,RX,baseline,0001229E,1,7,01 00 00 0F 03 9E 22
2026-09-28T15:22:26.563+00:00,485.613,RX,baseline,0011229E,1,5,01 00 00 9E 22
2026-09-28T15:22:26.568+00:00,490.336,RX,baseline,0001E938,1,7,01 00 00 0F 03 38 E9
2026-09-28T15:22:26.568+00:00,490.579,RX,baseline,0011E938,1,5,01 00 00 38 E9
2026-09-28T15:22:26.573+00:00,495.378,RX,baseline,0001DD86,1,7,01 00 00 0F 03 86 DD
2026-09-28T15:22:26.573+00:00,495.515,RX,baseline,0011DD86,1,5,01 00 00 86 DD
2026-09-28T15:22:26.578+00:00,500.375,RX,baseline,00016261,1,7,01 00 00 0F 03 61 62
2026-09-28T15:22:26.578+00:00,500.588,RX,baseline,00116261,1,5,01 00 00 61 62
2026-09-28T15:22:26.583+00:00,505.307,RX,baseline,000114BC,1,7,01 00 00 0F 03 BC 14
2026-09-28T15:22:26.583+00:00,505.498,RX,baseline,001114BC,1,5,01 00 00 BC 14
2026-09-28T15:22:26.588+00:00,510.353,RX,baseline,0001D708,1,7,01 00 00 0F 03 08 D7
2026-09-28T15:22:26.588+00:00,510.510,RX,baseline,0011D708,1,5,01 00 00 08 D7
2026-09-28T15:22:26.593+00:00,515.372,RX,baseline,000127C5,1,7,01 00 00 0F 03 C5 27
2026-09-28T15:22:26.593+00:00,515.474,RX,baseline,001127C5,1,5,01 00 00 C5 27
2026-09-28T15:22:26.598+00:00,520.329,RX,baseline,00015575,1,7,01 00 00 0F 03 75 55
2026-09-28T15:22:26.598+00:00,520.630,RX,baseline,00115575,1,5,01 00 00 75 55
2026-09-28T15:22:26.603+00:00,525.426,RX,baseline,0001B28C,1,7,01 00 00 0F 03 8C B2
2026-09-28T15:22:26.603+00:00,525.560,RX,baseline,0011B28C,1,5,01 00 00 8C B2
2026-09-28T15:22:26.608+00:00,530.343,RX,baseline,00019C01,1,7,01 00 00 0F 03 01 9C
2026-09-28T15:22:26.608+00:00,530.624,RX,baseline,00119C01,1,5,01 00 00 01 9C
2026-09-28T15:22:26.613+00:00,535.521,RX,baseline,0001E968,1,7,01 00 00 0F 03 68 E9
2026-09-28T15:22:26.613+00:00,535.670,RX,baseline,0011E968,1,5,01 00 00 68 E9
2026-09-28T15:22:26.618+00:00,540.302,RX,baseline,0001AE1E,1,7,01 00 00 0F 03 1E AE
2026-09-28T15:22:26.618+00:00,540.590,RX,baseline,0011AE1E,1,5,01 00 00 1E AE
2026-09-28T15:22:26.623+00:00,545.341,RX,baseline,0001B3D2,1,7,01 00 00 0F 03 D2 B3
2026-09-28T15:22:26.623+00:00,545.598,RX,baseline,0011B3D2,1,5,01 00 00 D2 B3
2026-09-28T15:22:26.628+00:00,550.317,RX,baseline,0001A43E,1,7,01 00 00 0F 03 3E A4
2026-09-28T15:22:26.628+00:00,550.574,RX,baseline,0011A43E,1,5,01 00 00 3E A4
2026-09-28T15:22:26.633+00:00,555.346,RX,baseline,0001A471,1,7,01 00 00 0F 03 71 A4
2026-09-28T15:22:26.633+00:00,555.493,RX,baseline,0011A471,1,5,01 00 00 71 A4
2026-09-28T15:22:26.638+00:00,560.332,RX,baseline,0001FF6E,1,7,01 00 00 0F 03 6E FF
2026-09-28T15:22:26.638+00:00,560.553,RX,baseline,0011FF6E,1,5,01 00 00 6E FF
2026-09-28T15:22:26.643+00:00,565.437,RX,baseline,000177D9,1,7,01 00 00 0F 03 D9 77
2026-09-28T15:22:26.643+00:00,565.498,RX,baseline,001177D9,1,5,01 00 00 D9 77
2026-09-28T15:22:26.648+00:00,570.448,RX,baseline,00017323,1,7,01 00 00 0F 03 23 73
2026-09-28T15:22:26.648+00:00,570.494,RX,baseline,00117323,1,5,01 00 00 23 73
2026-09-28T15:22:26.653+00:00,575.448,RX,baseline,00013435,1,7,01 00 00 0F 03 35 34
2026-09-28T15:22:26.653+00:00,575.493,RX,baseline,00113435,1,5,01 00 00 35 34
2026-09-28T15:22:26.658+00:00,580.299,RX,baseline,0001578F,1,7,01 00 00 0F 03 8F 57
2026-09-28T15:22:26.658+00:00,580.503,RX,baseline,0011578F,1,5,01 00 00 8F 57
2026-09-28T15:22:26.663+00:00,585.425,RX,baseline,000152B7,1,7,01 00 00 0F 03 B7 52
2026-09-28T15:22:26.663+00:00,585.470,RX,baseline,001152B7,1,5,01 00 00 B7 52
2026-09-28T15:22:26.668+00:00,590.447,RX,baseline,0001186E,1,7,01 00 00 0F 03 6E 18
2026-09-28T15:22:26.668+00:00,590.491,RX,baseline,0011186E,1,5,01 00 00 6E 18
2026-09-28T15:22:26.673+00:00,595.446,RX,baseline,0001B87D,1,7,01 00 00 0F 03 7D B8
2026-09-28T15:22:26.673+00:00,595.491,RX,baseline,0011B87D,1,5,01 00 00 7D B8
2026-09-28T15:22:26.678+00:00,600.280,RX,baseline,00014C35,1,7,01 00 00 0F 03 35 4C
2026-09-28T15:22:26.678+00:00,600.516,RX,baseline,00114C35,1,5,01 00 00 35 4C
2026-09-28T15:22:26.683+00:00,605.258,RX,baseline,0001E750,1,7,01 00 00 0F 03 50 E7
2026-09-28T15:22:26.683+00:00,605.576,RX,baseline,0011E750,1,5,01 00 00 50 E7
2026-09-28T15:22:26.688+00:00,610.285,RX,baseline,0001FD08,1,7,01 00 00 0F 03 08 FD
2026-09-28T15:22:26.688+00:00,610.520,RX,baseline,0011FD08,1,5,01 00 00 08 FD
2026-09-28T15:22:26.693+00:00,615.278,RX,baseline,00016369,1,7,01 00 00 0F 03 69 63
2026-09-28T15:22:26.693+00:00,615.544,RX,baseline,00116369,1,5,01 00 00 69 63
2026-09-28T15:22:26.698+00:00,620.408,RX,baseline,000110D7,1,7,01 00 00 0F 03 D7 10
2026-09-28T15:22:26.698+00:00,620.580,RX,baseline,001110D7,1,5,01 00 00 D7 10
2026-09-28T15:22:26.703+00:00,625.304,RX,baseline,0001661C,1,7,01 00 00 0F 03 1C 66
2026-09-28T15:22:26.703+00:00,625.522,RX,baseline,0011661C,1,5,01 00 00 1C 66
2026-09-28T15:22:26.708+00:00,630.374,RX,baseline,00012B9F,1,7,01 00 00 0F 03 9F 2B
2026-09-28T15:22:26.708+00:00,630.506,RX,baseline,00112B9F,1,5,01 00 00 9F 2B
2026-09-28T15:22:26.713+00:00,635.283,RX,baseline,00013E18,1,7,01 00 00 0F 03 18 3E
2026-09-28T15:22:26.713+00:00,635.519,RX,baseline,00113E18,1,5,01 00 00 18 3E
2026-09-28T15:22:26.718+00:00,640.252,RX,baseline,00018A9D,1,7,01 00 00 0F 03 9D 8A
2026-09-28T15:22:26.718+00:00,640.623,RX,baseline,00118A9D,1,5,01 00 00 9D 8A
2026-09-28T15:22:26.723+00:00,645.281,RX,baseline,0001ECA7,1,7,01 00 00 0F 03 A7 EC
2026-09-28T15:22:26.723+00:00,645.506,RX,baseline,0011ECA7,1,5,01 00 00 A7 EC
2026-09-28T15:22:26.728+00:00,650.246,RX,baseline,00010CF4,1,7,01 00 00 0F 03 F4 0C
2026-09-28T15:22:26.728+00:00,650.494,RX,baseline,00110CF4,1,5,01 00 00 F4 0C
2026-09-28T15:22:26.733+00:00,655.248,RX,baseline,00010408,1,7,01 00 00 0F 03 08 04
2026-09-28T15:22:26.733+00:00,655.491,RX,baseline,00110408,1,5,01 00 00 08 04
2026-09-28T15:22:26.738+00:00,660.247,RX,baseline,00014A17,1,7,01 00 00 0F 03 17 4A
2026-09-28T15:22:26.738+00:00,660.492,RX,baseline,00114A17,1,5,01 00 00 17 4A
2026-09-28T15:22:26.743+00:00,665.246,RX,baseline,0001D1DB,1,7,01 00 00 0F 03 DB D1
2026-09-28T15:22:26.743+00:00,665.547,RX,baseline,0011D1DB,1,5,01 00 00 DB D1
2026-09-28T15:22:26.748+00:00,670.249,RX,baseline,0001F3F4,1,7,01 00 00 0F 03 F4 F3
2026-09-28T15:22:26.748+00:00,670.556,RX,baseline,0011F3F4,1,5,01 00 00 F4 F3
2026-09-28T15:22:26.753+00:00,675.299,RX,baseline,0001F93D,1,7,01 00 00 0F 03 3D F9
2026-09-28T15:22:26.753+00:00,675.625,RX,baseline,0011F93D,1,5,01 00 00 3D F9
2026-09-28T15:22:26.758+00:00,680.258,RX,baseline,0001BAB2,1,7,01 00 00 0F 03 B2 BA
2026-09-28T15:22:26.758+00:00,680.577,RX,baseline,0011BAB2,1,5,01 00 00 B2 BA
2026-09-28T15:22:26.763+00:00,685.258,RX,baseline,0001E6FF,1,7,01 00 00 0F 03 FF E6
2026-09-28T15:22:26.763+00:00,685.616,RX,baseline,0011E6FF,1,5,01 00 00 FF E6
2026-09-28T15:22:26.768+00:00,690.254,RX,baseline,00019D88,1,7,01 00 00 0F 03 88 9D
2026-09-28T15:22:26.768+00:00,690.612,RX,baseline,00119D88,1,5,01 00 00 88 9D
2026-09-28T15:22:26.773+00:00,695.297,RX,baseline,0001AB23,1,7,01 00 00 0F 03 23 AB
2026-09-28T15:22:26.773+00:00,695.607,RX,baseline,0011AB23,1,5,01 00 00 23 AB
2026-09-28T15:22:26.778+00:00,700.297,RX,baseline,000117EB,1,7,01 00 00 0F 03 EB 17
2026-09-28T15:22:26.778+00:00,700.618,RX,baseline,001117EB,1,5,01 00 00 EB 17
2026-09-28T15:22:26.783+00:00,705.298,RX,baseline,0001E57E,1,7,01 00 00 0F 03 7E E5
2026-09-28T15:22:26.783+00:00,705.640,RX,baseline,0011E57E,1,5,01 00 00 7E E5
2026-09-28T15:22:26.788+00:00,710.327,RX,baseline,0001D02B,1,7,01 00 00 0F 03 2B D0
2026-09-28T15:22:26.788+00:00,710.640,RX,baseline,0011D02B,1,5,01 00 00 2B D0
2026-09-28T15:22:26.793+00:00,715.331,RX,baseline,0001B433,1,7,01 00 00 0F 03 33 B4
2026-09-28T15:22:26.793+00:00,715.709,RX,baseline,0011B433,1,5,01 00 00 33 B4
2026-09-28T15:22:26.798+00:00,720.345,RX,baseline,00018C3F,1,7,01 00 00 0F 03 3F 8C
2026-09-28T15:22:26.798+00:00,720.628,RX,baseline,00118C3F,1,5,01 00 00 3F 8C
2026-09-28T15:22:26.803+00:00,725.364,RX,baseline,00019D67,1,7,01 00 00 0F 03 67 9D
2026-09-28T15:22:26.803+00:00,725.580,RX,baseline,00119D67,1,5,01 00 00 67 9D
2026-09-28T15:22:26.808+00:00,730.305,RX,baseline,0001DF40,1,7,01 00 00 0F 03 40 DF
2026-09-28T15:22:26.808+00:00,730.600,RX,baseline,0011DF40,1,5,01 00 00 40 DF
2026-09-28T15:22:26.813+00:00,735.320,RX,baseline,0001C257,1,7,01 00 00 0F 03 57 C2
2026-09-28T15:22:26.813+00:00,735.591,RX,baseline,0011C257,1,5,01 00 00 57 C2
2026-09-28T15:22:26.818+00:00,740.324,RX,baseline,000141E8,1,7,01 00 00 0F 03 E8 41
2026-09-28T15:22:26.818+00:00,740.613,RX,baseline,001141E8,1,5,01 00 00 E8 41
2026-09-28T15:22:26.823+00:00,745.303,RX,baseline,000164B8,1,7,01 00 00 0F 03 B8 64
2026-09-28T15:22:26.823+00:00,745.611,RX,baseline,001164B8,1,5,01 00 00 B8 64
2026-09-28T15:22:26.828+00:00,750.330,RX,baseline,00014220,1,7,01 00 00 0F 03 20 42
2026-09-28T15:22:26.828+00:00,750.699,RX,baseline,00114220,1,5,01 00 00 20 42
2026-09-28T15:22:26.833+00:00,755.309,RX,baseline,00011C0D,1,7,01 00 00 0F 03 0D 1C
2026-09-28T15:22:26.833+00:00,755.672,RX,baseline,00111C0D,1,5,01 00 00 0D 1C
2026-09-28T15:22:26.838+00:00,760.287,RX,baseline,00016149,1,7,01 00 00 0F 03 49 61
2026-09-28T15:22:26.838+00:00,760.689,RX,baseline,00116149,1,5,01 00 00 49 61
2026-09-28T15:22:26.843+00:00,765.321,RX,baseline,00014F59,1,7,01 00 00 0F 03 59 4F
2026-09-28T15:22:26.843+00:00,765.629,RX,baseline,00114F59,1,5,01 00 00 59 4F
2026-09-28T15:22:26.848+00:00,770.323,RX,baseline,00012AF4,1,7,01 00 00 0F 03 F4 2A
2026-09-28T15:22:26.848+00:00,770.592,RX,baseline,00112AF4,1,5,01 00 00 F4 2A
2026-09-28T15:22:26.853+00:00,775.373,RX,baseline,0001B04D,1,7,01 00 00 0F 03 4D B0
2026-09-28T15:22:26.853+00:00,775.602,RX,baseline,0011B04D,1,5,01 00 00 4D B0
2026-09-28T15:22:26.858+00:00,780.385,RX,baseline,00013D25,1,7,01 00 00 0F 03 25 3D
2026-09-28T15:22:26.858+00:00,780.495,RX,baseline,00113D25,1,5,01 00 00 25 3D
2026-09-28T15:22:26.863+00:00,785.328,RX,baseline,000187E9,1,7,01 00 00 0F 03 E9 87
2026-09-28T15:22:26.863+00:00,785.578,RX,baseline,001187E9,1,5,01 00 00 E9 87
2026-09-28T15:22:26.868+00:00,790.333,RX,baseline,00010147,1,7,01 00 00 0F 03 47 01
2026-09-28T15:22:26.868+00:00,790.605,RX,baseline,00110147,1,5,01 00 00 47 01
2026-09-28T15:22:26.873+00:00,795.327,RX,baseline,0001C92B,1,7,01 00 00 0F 03 2B C9
2026-09-28T15:22:26.873+00:00,795.542,RX,baseline,0011C92B,1,5,01 00 00 2B C9
2026-09-28T15:22:26.878+00:00,800.328,RX,baseline,00014C92,1,7,01 00 00 0F 03 92 4C
2026-09-28T15:22:26.878+00:00,800.592,RX,baseline,00114C92,1,5,01 00 00 92 4C
2026-09-28T15:22:26.883+00:00,805.389,RX,baseline,0001A13B,1,7,01 00 00 0F 03 3B A1
2026-09-28T15:22:26.883+00:00,805.500,RX,baseline,0011A13B,1,5,01 00 00 3B A1
2026-09-28T15:22:26.888+00:00,810.280,RX,baseline,00010C5A,1,7,01 00 00 0F 03 5A 0C
2026-09-28T15:22:26.888+00:00,810.584,RX,baseline,00110C5A,1,5,01 00 00 5A 0C
2026-09-28T15:22:26.893+00:00,815.476,RX,baseline,0001D93B,1,7,01 00 00 0F 03 3B D9
2026-09-28T15:22:26.893+00:00,815.564,RX,baseline,0011D93B,1,5,01 00 00 3B D9
2026-09-28T15:22:26.898+00:00,820.488,RX,baseline,00013AAF,1,7,01 00 00 0F 03 AF 3A
2026-09-28T15:22:26.898+00:00,820.577,RX,baseline,00113AAF,1,5,01 00 00 AF 3A
2026-09-28T15:22:26.903+00:00,825.559,RX,baseline,0001E49F,1,7,01 00 00 0F 03 9F E4
2026-09-28T15:22:26.903+00:00,825.642,RX,baseline,0011E49F,1,5,01 00 00 9F E4
2026-09-28T15:22:26.908+00:00,830.480,RX,baseline,0001ED36,1,7,01 00 00 0F 03 36 ED
2026-09-28T15:22:26.908+00:00,830.550,RX,baseline,0011ED36,1,5,01 00 00 36 ED
2026-09-28T15:22:26.913+00:00,835.478,RX,baseline,000153B8,1,7,01 00 00 0F 03 B8 53
2026-09-28T15:22:26.913+00:00,835.536,RX,baseline,001153B8,1,5,01 00 00 B8 53
2026-09-28T15:22:26.918+00:00,840.485,RX,baseline,00010817,1,7,01 00 00 0F 03 17 08
2026-09-28T15:22:26.918+00:00,840.554,RX,baseline,00110817,1,5,01 00 00 17 08
2026-09-28T15:22:26.923+00:00,845.573,RX,baseline,0001ACE0,1,7,01 00 00 0F 03 E0 AC
2026-09-28T15:22:26.923+00:00,845.697,RX,baseline,0011ACE0,1,5,01 00 00 E0 AC
2026-09-28T15:22:26.928+00:00,850.567,RX,baseline,00014082,1,7,01 00 00 0F 03 82 40
2026-09-28T15:22:26.928+00:00,850.678,RX,baseline,00114082,1,5,01 00 00 82 40
2026-09-28T15:22:26.933+00:00,855.452,RX,baseline,00017762,1,7,01 00 00 0F 03 62 77
2026-09-28T15:22:26.933+00:00,855.557,RX,baseline,00117762,1,5,01 00 00 62 77
2026-09-28T15:22:26.938+00:00,860.567,RX,baseline,00010E13,1,7,01 00 00 0F 03 13 0E
2026-09-28T15:22:26.938+00:00,860.657,RX,baseline,00110E13,1,5,01 00 00 13 0E
2026-09-28T15:22:26.943+00:00,865.297,RX,baseline,00019E0F,1,7,01 00 00 0F 03 0F 9E
2026-09-28T15:22:26.943+00:00,865.734,RX,baseline,00119E0F,1,5,01 00 00 0F 9E
2026-09-28T15:22:26.948+00:00,870.321,RX,baseline,00012019,1,7,01 00 00 0F 03 19 20
2026-09-28T15:22:26.948+00:00,870.555,RX,baseline,00112019,1,5,01 00 00 19 20
2026-09-28T15:22:26.953+00:00,875.438,RX,baseline,00012C2A,1,7,01 00 00 0F 03 2A 2C
2026-09-28T15:22:26.953+00:00,875.579,RX,baseline,00112C2A,1,5,01 00 00 2A 2C
2026-09-28T15:22:26.958+00:00,880.372,RX,baseline,00010B91,1,7,01 00 00 0F 03 91 0B
2026-09-28T15:22:26.958+00:00,880.507,RX,baseline,00110B91,1,5,01 00 00 91 0B
2026-09-28T15:22:26.963+00:00,885.385,RX,baseline,00010204,1,7,01 00 00 0F 03 04 02
2026-09-28T15:22:26.963+00:00,885.556,RX,baseline,00110204,1,5,01 00 00 04 02
2026-09-28T15:22:26.968+00:00,890.408,RX,baseline,0001B459,1,7,01 00 00 0F 03 59 B4
2026-09-28T15:22:26.968+00:00,890.502,RX,baseline,0011B459,1,5,01 00 00 59 B4
2026-09-28T15:22:26.973+00:00,895.398,RX,baseline,0001C38E,1,7,01 00 00 0F 03 8E C3
2026-09-28T15:22:26.973+00:00,895.698,RX,baseline,0011C38E,1,5,01 00 00 8E C3
2026-09-28T15:22:26.978+00:00,900.468,RX,baseline,00013FD8,1,7,01 00 00 0F 03 D8 3F
2026-09-28T15:22:26.978+00:00,900.564,RX,baseline,00113FD8,1,5,01 00 00 D8 3F
2026-09-28T15:22:26.983+00:00,905.449,RX,baseline,000129A0,1,7,01 00 00 0F 03 A0 29
2026-09-28T15:22:26.983+00:00,905.526,RX,baseline,001129A0,1,5,01 00 00 A0 29
2026-09-28T15:22:26.988+00:00,910.521,RX,baseline,0001D93B,1,7,01 00 00 0F 03 3B D9
2026-09-28T15:22:26.988+00:00,910.616,RX,baseline,0011D93B,1,5,01 00 00 3B D9
2026-09-28T15:22:26.993+00:00,915.459,RX,baseline,0001CFC4,1,7,01 00 00 0F 03 C4 CF
2026-09-28T15:22:26.993+00:00,915.534,RX,baseline,0011CFC4,1,5,01 00 00 C4 CF
2026-09-28T15:22:26.998+00:00,920.363,RX,baseline,000172F8,1,7,01 00 00 0F 03 F8 72
2026-09-28T15:22:26.998+00:00,920.591,RX,baseline,001172F8,1,5,01 00 00 F8 72
2026-09-28T15:22:27.003+00:00,925.271,RX,baseline,00019AD4,1,7,01 00 00 0F 03 D4 9A
2026-09-28T15:22:27.003+00:00,925.521,RX,baseline,00119AD4,1,5,01 00 00 D4 9A
2026-09-28T15:22:27.008+00:00,930.319,RX,baseline,00018B27,1,7,01 00 00 0F 03 27 8B
2026-09-28T15:22:27.008+00:00,930.553,RX,baseline,00118B27,1,5,01 00 00 27 8B
2026-09-28T15:22:27.013+00:00,935.356,RX,baseline,0001E599,1,7,01 00 00 0F 03 99 E5
2026-09-28T15:22:27.013+00:00,935.586,RX,baseline,0011E599,1,5,01 00 00 99 E5
2026-09-28T15:22:27.018+00:00,940.367,RX,baseline,00010802,1,7,01 00 00 0F 03 02 08
2026-09-28T15:22:27.018+00:00,940.457,RX,baseline,00110802,1,5,01 00 00 02 08
2026-09-28T15:22:27.023+00:00,945.307,RX,baseline,00017F61,1,7,01 00 00 0F 03 61 7F
2026-09-28T15:22:27.023+00:00,945.526,RX,baseline,00117F61,1,5,01 00 00 61 7F
2026-09-28T15:22:27.028+00:00,950.355,RX,baseline,00019384,1,7,01 00 00 0F 03 84 93
2026-09-28T15:22:27.028+00:00,950.595,RX,baseline,00119384,1,5,01 00 00 84 93
2026-09-28T15:22:27.033+00:00,955.351,RX,baseline,00018D17,1,7,01 00 00 0F 03 17 8D
2026-09-28T15:22:27.033+00:00,955.457,RX,baseline,00118D17,1,5,01 00 00 17 8D
2026-09-28T15:22:27.038+00:00,960.339,RX,baseline,00010CFB,1,7,01 00 00 0F 03 FB 0C
2026-09-28T15:22:27.038+00:00,960.464,RX,baseline,00110CFB,1,5,01 00 00 FB 0C
2026-09-28T15:22:27.043+00:00,965.312,RX,baseline,0001D863,1,7,01 00 00 0F 03 63 D8
2026-09-28T15:22:27.043+00:00,965.544,RX,baseline,0011D863,1,5,01 00 00 63 D8
2026-09-28T15:22:27.048+00:00,970.303,RX,baseline,00010511,1,7,01 00 00 0F 03 11 05
2026-09-28T15:22:27.048+00:00,970.551,RX,baseline,00110511,1,5,01 00 00 11 05
2026-09-28T15:22:27.053+00:00,975.279,RX,baseline,0001F4E8,1,7,01 00 00 0F 03 E8 F4
2026-09-28T15:22:27.053+00:00,975.577,RX,baseline,0011F4E8,1,5,01 00 00 E8 F4
2026-09-28T15:22:27.058+00:00,980.293,RX,baseline,00015090,1,7,01 00 00 0F 03 90 50
2026-09-28T15:22:27.058+00:00,980.578,RX,baseline,00115090,1,5,01 00 00 90 50
2026-09-28T15:22:27.063+00:00,985.405,RX,baseline,0001FA8E,1,7,01 00 00 0F 03 8E FA
2026-09-28T15:22:27.063+00:00,985.541,RX,baseline,0011FA8E,1,5,01 00 00 8E FA
2026-09-28T15:22:27.068+00:00,990.433,RX,baseline,0001EBF5,1,7,01 00 00 0F 03 F5 EB
2026-09-28T15:22:27.068+00:00,990.508,RX,baseline,0011EBF5,1,5,01 00 00 F5 EB
2026-09-28T15:22:27.073+00:00,995.478,RX,baseline,0001C47D,1,7,01 00 00 0F 03 7D C4
2026-09-28T15:22:27.073+00:00,995.525,RX,baseline,0011C47D,1,5,01 00 00 7D C4
2026-09-28T15:22:27.078+00:00,1000.312,RX,baseline,00016189,1,7,01 00 00 0F 03 89 61
2026-09-28T15:22:27.078+00:00,1000.497,RX,baseline,00116189,1,5,01 00 00 89 61
2026-09-28T15:22:27.083+00:00,1005.376,RX,baseline,0001A736,1,7,01 00 00 0F 03 36 A7
2026-09-28T15:22:27.083+00:00,1005.472,RX,baseline,0011A736,1,5,01 00 00 36 A7
2026-09-28T15:22:27.088+00:00,1010.345,RX,baseline,0001A597,1,7,01 00 00 0F 03 97 A5
2026-09-28T15:22:27.088+00:00,1010.556,RX,baseline,0011A597,1,5,01 00 00 97 A5
2026-09-28T15:22:27.093+00:00,1015.523,RX,baseline,0001F4ED,1,7,01 00 00 0F 03 ED F4
2026-09-28T15:22:27.093+00:00,1015.603,RX,baseline,0011F4ED,1,5,01 00 00 ED F4
2026-09-28T15:22:27.098+00:00,1020.469,RX,baseline,0001B3FE,1,7,01 00 00 0F 03 FE B3
2026-09-28T15:22:27.098+00:00,1020.526,RX,baseline,0011B3FE,1,5,01 00 00 FE B3
2026-09-28T15:22:27.103+00:00,1025.509,RX,baseline,00017A0F,1,7,01 00 00 0F 03 0F 7A
2026-09-28T15:22:27.103+00:00,1025.612,RX,baseline,00117A0F,1,5,01 00 00 0F 7A
2026-09-28T15:22:27.108+00:00,1030.478,RX,baseline,0001B42E,1,7,01 00 00 0F 03 2E B4
2026-09-28T15:22:27.108+00:00,1030.560,RX,baseline,0011B42E,1,5,01 00 00 2E B4
2026-09-28T15:22:27.113+00:00,1035.496,RX,baseline,0001A89D,1,7,01 00 00 0F 03 9D A8
2026-09-28T15:22:27.113+00:00,1035.593,RX,baseline,0011A89D,1,5,01 00 00 9D A8
2026-09-28T15:22:27.118+00:00,1040.273,RX,baseline,0001984C,1,7,01 00 00 0F 03 4C 98
2026-09-28T15:22:27.118+00:00,1040.515,RX,baseline,0011984C,1,5,01 00 00 4C 98
2026-09-28T15:22:27.123+00:00,1045.308,RX,baseline,00013FB9,1,7,01 00 00 0F 03 B9 3F
2026-09-28T15:22:27.123+00:00,1045.588,RX,baseline,00113FB9,1,5,01 00 00 B9 3F
2026-09-28T15:22:27.128+00:00,1050.379,RX,baseline,00011A17,1,7,01 00 00 0F 03 17 1A
2026-09-28T15:22:27.128+00:00,1050.627,RX,baseline,00111A17,1,5,01 00 00 17 1A
2026-09-28T15:22:27.133+00:00,1055.355,RX,baseline,0001E1A3,1,7,01 00 00 0F 03 A3 E1
2026-09-28T15:22:27.133+00:00,1055.555,RX,baseline,0011E1A3,1,5,01 00 00 A3 E1
2026-09-28T15:22:27.138+00:00,1060.262,RX,baseline,000173C5,1,7,01 00 00 0F 03 C5 73
2026-09-28T15:22:27.138+00:00,1060.532,RX,baseline,001173C5,1,5,01 00 00 C5 73
2026-09-28T15:22:27.143+00:00,1065.522,RX,baseline,000134F9,1,7,01 00 00 0F 03 F9 34
2026-09-28T15:22:27.143+00:00,1065.644,RX,baseline,001134F9,1,5,01 00 00 F9 34
2026-09-28T15:22:27.148+00:00,1070.500,RX,baseline,0001FCE9,1,7,01 00 00 0F 03 E9 FC
2026-09-28T15:22:27.148+00:00,1070.568,RX,baseline,0011FCE9,1,5,01 00 00 E9 FC
2026-09-28T15:22:27.153+00:00,1075.521,RX,baseline,00016AEA,1,7,01 00 00 0F 03 EA 6A
2026-09-28T15:22:27.153+00:00,1075.635,RX,baseline,00116AEA,1,5,01 00 00 EA 6A
2026-09-28T15:22:27.158+00:00,1080.492,RX,baseline,00019B28,1,7,01 00 00 0F 03 28 9B
2026-09-28T15:22:27.158+00:00,1080.573,RX,baseline,00119B28,1,5,01 00 00 28 9B
2026-09-28T15:22:27.163+00:00,1085.524,RX,baseline,000162C7,1,7,01 00 00 0F 03 C7 62
2026-09-28T15:22:27.163+00:00,1085.621,RX,baseline,001162C7,1,5,01 00 00 C7 62
2026-09-28T15:22:27.168+00:00,1090.362,RX,baseline,00013C48,1,7,01 00 00 0F 03 48 3C
2026-09-28T15:22:27.168+00:00,1090.469,RX,baseline,00113C48,1,5,01 00 00 48 3C
2026-09-28T15:22:27.173+00:00,1095.590,RX,baseline,00019815,1,7,01 00 00 0F 03 15 98
2026-09-28T15:22:27.173+00:00,1095.671,RX,baseline,00119815,1,5,01 00 00 15 98
2026-09-28T15:22:27.178+00:00,1100.469,RX,baseline,00018ED6,1,7,01 00 00 0F 03 D6 8E
2026-09-28T15:22:27.178+00:00,1100.558,RX,baseline,00118ED6,1,5,01 00 00 D6 8E
2026-09-28T15:22:27.183+00:00,1105.515,RX,baseline,0001E70B,1,7,01 00 00 0F 03 0B E7
2026-09-28T15:22:27.183+00:00,1105.620,RX,baseline,0011E70B,1,5,01 00 00 0B E7
2026-09-28T15:22:27.188+00:00,1110.470,RX,baseline,0001F47C,1,7,01 00 00 0F 03 7C F4
2026-09-28T15:22:27.188+00:00,1110.526,RX,baseline,0011F47C,1,5,01 00 00 7C F4
2026-09-28T15:22:27.193+00:00,1115.507,RX,baseline,00012824,1,7,01 00 00 0F 03 24 28
2026-09-28T15:22:27.193+00:00,1115.601,RX,baseline,00112824,1,5,01 00 00 24 28
2026-09-28T15:22:27.198+00:00,1120.302,RX,baseline,0001F0C1,1,7,01 00 00 0F 03 C1 F0
2026-09-28T15:22:27.198+00:00,1120.563,RX,baseline,0011F0C1,1,5,01 00 00 C1 F0
2026-09-28T15:22:27.203+00:00,1125.337,RX,baseline,00013E26,1,7,01 00 00 0F 03 26 3E
2026-09-28T15:22:27.203+00:00,1125.458,RX,baseline,00113E26,1,5,01 00 00 26 3E
2026-09-28T15:22:27.208+00:00,1130.356,RX,baseline,000118C0,1,7,01 00 00 0F 03 C0 18
2026-09-28T15:22:27.208+00:00,1130.445,RX,baseline,001118C0,1,5,01 00 00 C0 18
2026-09-28T15:22:27.213+00:00,1135.324,RX,baseline,0001FAD7,1,7,01 00 00 0F 03 D7 FA
2026-09-28T15:22:27.213+00:00,1135.550,RX,baseline,0011FAD7,1,5,01 00 00 D7 FA
2026-09-28T15:22:27.218+00:00,1140.273,RX,baseline,0001A823,1,7,01 00 00 0F 03 23 A8
2026-09-28T15:22:27.218+00:00,1140.548,RX,baseline,0011A823,1,5,01 00 00 23 A8
2026-09-28T15:22:27.223+00:00,1145.271,RX,baseline,0001A932,1,7,01 00 00 0F 03 32 A9
2026-09-28T15:22:27.223+00:00,1145.539,RX,baseline,0011A932,1,5,01 00 00 32 A9
2026-09-28T15:22:27.228+00:00,1150.349,RX,baseline,0001015B,1,7,01 00 00 0F 03 5B 01
2026-09-28T15:22:27.228+00:00,1150.409,RX,baseline,0011015B,1,5,01 00 00 5B 01
2026-09-28T15:22:27.233+00:00,1155.429,RX,baseline,0001F4D5,1,7,01 00 00 0F 03 D5 F4
2026-09-28T15:22:27.233+00:00,1155.560,RX,baseline,0011F4D5,1,5,01 00 00 D5 F4
2026-09-28T15:22:27.238+00:00,1160.507,RX,baseline,0001E2F2,1,7,01 00 00 0F 03 F2 E2
2026-09-28T15:22:27.238+00:00,1160.638,RX,baseline,0011E2F2,1,5,01 00 00 F2 E2
2026-09-28T15:22:27.243+00:00,1165.427,RX,baseline,00016908,1,7,01 00 00 0F 03 08 69
2026-09-28T15:22:27.243+00:00,1165.509,RX,baseline,00116908,1,5,01 00 00 08 69
2026-09-28T15:22:27.248+00:00,1170.551,RX,baseline,0001F16F,1,7,01 00 00 0F 03 6F F1
2026-09-28T15:22:27.248+00:00,1170.644,RX,baseline,0011F16F,1,5,01 00 00 6F F1
2026-09-28T15:22:27.253+00:00,1175.363,RX,baseline,0001CA8B,1,7,01 00 00 0F 03 8B CA
2026-09-28T15:22:27.253+00:00,1175.546,RX,baseline,0011CA8B,1,5,01 00 00 8B CA
2026-09-28T15:22:27.258+00:00,1180.554,RX,baseline,00012116,1,7,01 00 00 0F 03 16 21
2026-09-28T15:22:27.258+00:00,1180.644,RX,baseline,00112116,1,5,01 00 00 16 21
2026-09-28T15:22:27.263+00:00,1185.559,RX,baseline,00011606,1,7,01 00 00 0F 03 06 16
2026-09-28T15:22:27.263+00:00,1185.634,RX,baseline,00111606,1,5,01 00 00 06 16
2026-09-28T15:22:27.268+00:00,1190.477,RX,baseline,0001B093,1,7,01 00 00 0F 03 93 B0
2026-09-28T15:22:27.268+00:00,1190.558,RX,baseline,0011B093,1,5,01 00 00 93 B0
2026-09-28T15:22:27.273+00:00,1195.533,RX,baseline,0001C9D5,1,7,01 00 00 0F 03 D5 C9
2026-09-28T15:22:27.273+00:00,1195.616,RX,baseline,0011C9D5,1,5,01 00 00 D5 C9
2026-09-28T15:22:27.278+00:00,1200.456,RX,baseline,00015957,1,7,01 00 00 0F 03 57 59
2026-09-28T15:22:27.278+00:00,1200.503,RX,baseline,00115957,1,5,01 00 00 57 59
2026-09-28T15:22:27.283+00:00,1205.559,RX,baseline,0001F08C,1,7,01 00 00 0F 03 8C F0
2026-09-28T15:22:27.283+00:00,1205.649,RX,baseline,0011F08C,1,5,01 00 00 8C F0
2026-09-28T15:22:27.288+00:00,1210.461,RX,baseline,00012822,1,7,01 00 00 0F 03 22 28
2026-09-28T15:22:27.288+00:00,1210.563,RX,baseline,00112822,1,5,01 00 00 22 28
2026-09-28T15:22:27.293+00:00,1215.482,RX,baseline,0001BA5E,1,7,01 00 00 0F 03 5E BA
2026-09-28T15:22:27.293+00:00,1215.530,RX,baseline,0011BA5E,1,5,01 00 00 5E BA
2026-09-28T15:22:27.298+00:00,1220.415,RX,baseline,0001F817,1,7,01 00 00 0F 03 17 F8
2026-09-28T15:22:27.298+00:00,1220.499,RX,baseline,0011F817,1,5,01 00 00 17 F8
2026-09-28T15:22:27.303+00:00,1225.477,RX,baseline,00012E4A,1,7,01 00 00 0F 03 4A 2E
2026-09-28T15:22:27.303+00:00,1225.550,RX,baseline,00112E4A,1,5,01 00 00 4A 2E
2026-09-28T15:22:27.308+00:00,1230.298,RX,baseline,0001D050,1,7,01 00 00 0F 03 50 D0
2026-09-28T15:22:27.308+00:00,1230.503,RX,baseline,0011D050,1,5,01 00 00 50 D0
2026-09-28T15:22:27.313+00:00,1235.410,RX,baseline,000194C6,1,7,01 00 00 0F 03 C6 94
2026-09-28T15:22:27.313+00:00,1235.499,RX,baseline,001194C6,1,5,01 00 00 C6 94
2026-09-28T15:22:27.318+00:00,1240.437,RX,baseline,0001FBC4,1,7,01 00 00 0F 03 C4 FB
2026-09-28T15:22:27.318+00:00,1240.553,RX,baseline,0011FBC4,1,5,01 00 00 C4 FB
2026-09-28T15:22:27.323+00:00,1245.463,RX,baseline,00014C3B,1,7,01 00 00 0F 03 3B 4C
2026-09-28T15:22:27.323+00:00,1245.541,RX,baseline,00114C3B,1,5,01 00 00 3B 4C
2026-09-28T15:22:27.328+00:00,1250.346,RX,baseline,00016101,1,7,01 00 00 0F 03 01 61
2026-09-28T15:22:27.328+00:00,1250.475,RX,baseline,00116101,1,5,01 00 00 01 61
2026-09-28T15:22:27.333+00:00,1255.599,RX,baseline,00017088,1,7,01 00 00 0F 03 88 70
2026-09-28T15:22:27.333+00:00,1255.673,RX,baseline,00117088,1,5,01 00 00 88 70
2026-09-28T15:22:27.338+00:00,1260.423,RX,baseline,0001EF0A,1,7,01 00 00 0F 03 0A EF
2026-09-28T15:22:27.338+00:00,1260.479,RX,baseline,0011EF0A,1,5,01 00 00 0A EF
2026-09-28T15:22:27.343+00:00,1265.444,RX,baseline,0001616F,1,7,01 00 00 0F 03 6F 61
2026-09-28T15:22:27.343+00:00,1265.522,RX,baseline,0011616F,1,5,01 00 00 6F 61
2026-09-28T15:22:27.348+00:00,1270.278,RX,baseline,00015258,1,7,01 00 00 0F 03 58 52
2026-09-28T15:22:27.348+00:00,1270.502,RX,baseline,00115258,1,5,01 00 00 58 52
2026-09-28T15:22:27.353+00:00,1275.295,RX,baseline,00013899,1,7,01 00 00 0F 03 99 38
2026-09-28T15:22:27.353+00:00,1275.518,RX,baseline,00113899,1,5,01 00 00 99 38
2026-09-28T15:22:27.358+00:00,1280.434,RX,baseline,000114CB,1,7,01 00 00 0F 03 CB 14
2026-09-28T15:22:27.358+00:00,1280.517,RX,baseline,001114CB,1,5,01 00 00 CB 14
2026-09-28T15:22:27.363+00:00,1285.346,RX,baseline,00016A8C,1,7,01 00 00 0F 03 8C 6A
2026-09-28T15:22:27.363+00:00,1285.445,RX,baseline,00116A8C,1,5,01 00 00 8C 6A
2026-09-28T15:22:27.368+00:00,1290.254,RX,baseline,00016910,1,7,01 00 00 0F 03 10 69
2026-09-28T15:22:27.368+00:00,1290.520,RX,baseline,00116910,1,5,01 00 00 10 69
2026-09-28T15:22:27.373+00:00,1295.230,RX,baseline,00018AD0,1,7,01 00 00 0F 03 D0 8A
2026-09-28T15:22:27.373+00:00,1295.472,RX,baseline,00118AD0,1,5,01 00 00 D0 8A
2026-09-28T15:22:27.378+00:00,1300.311,RX,baseline,000169CE,1,7,01 00 00 0F 03 CE 69
2026-09-28T15:22:27.378+00:00,1300.416,RX,baseline,001169CE,1,5,01 00 00 CE 69
2026-09-28T15:22:27.383+00:00,1305.226,RX,baseline,00019612,1,7,01 00 00 0F 03 12 96
2026-09-28T15:22:27.383+00:00,1305.497,RX,baseline,00119612,1,5,01 00 00 12 96
2026-09-28T15:22:27.388+00:00,1310.226,RX,baseline,00015A8E,1,7,01 00 00 0F 03 8E 5A
2026-09-28T15:22:27.388+00:00,1310.501,RX,baseline,00115A8E,1,5,01 00 00 8E 5A
2026-09-28T15:22:27.393+00:00,1315.233,RX,baseline,00018208,1,7,01 00 00 0F 03 08 82
2026-09-28T15:22:27.393+00:00,1315.494,RX,baseline,00118208,1,5,01 00 00 08 82
2026-09-28T15:22:27.398+00:00,1320.417,RX,baseline,0001A83A,1,7,01 00 00 0F 03 3A A8
2026-09-28T15:22:27.398+00:00,1320.473,RX,baseline,0011A83A,1,5,01 00 00 3A A8
2026-09-28T15:22:27.403+00:00,1325.382,RX,baseline,0001A161,1,7,01 00 00 0F 03 61 A1
2026-09-28T15:22:27.403+00:00,1325.493,RX,baseline,0011A161,1,5,01 00 00 61 A1
2026-09-28T15:22:27.408+00:00,1330.407,RX,baseline,000138B2,1,7,01 00 00 0F 03 B2 38
2026-09-28T15:22:27.408+00:00,1330.494,RX,baseline,001138B2,1,5,01 00 00 B2 38
2026-09-28T15:22:27.413+00:00,1335.381,RX,baseline,00018F05,1,7,01 00 00 0F 03 05 8F
2026-09-28T15:22:27.413+00:00,1335.500,RX,baseline,00118F05,1,5,01 00 00 05 8F
2026-09-28T15:22:27.418+00:00,1340.371,RX,baseline,00017CC0,1,7,01 00 00 0F 03 C0 7C
2026-09-28T15:22:27.418+00:00,1340.446,RX,baseline,00117CC0,1,5,01 00 00 C0 7C
2026-09-28T15:22:27.423+00:00,1345.433,RX,baseline,00011A7A,1,7,01 00 00 0F 04 7A 1A
2026-09-28T15:22:27.423+00:00,1345.491,RX,baseline,00111A7A,1,5,01 00 00 7A 1A
2026-09-28T15:22:27.428+00:00,1350.449,RX,baseline,00013570,1,7,01 00 00 0F 03 70 35
2026-09-28T15:22:27.428+00:00,1350.573,RX,baseline,00113570,1,5,01 00 00 70 35
2026-09-28T15:22:27.433+00:00,1355.418,RX,baseline,00013019,1,7,01 00 00 0F 03 19 30
2026-09-28T15:22:27.433+00:00,1355.475,RX,baseline,00113019,1,5,01 00 00 19 30
2026-09-28T15:22:27.438+00:00,1360.390,RX,baseline,0001699A,1,7,01 00 00 0F 03 9A 69
2026-09-28T15:22:27.438+00:00,1360.447,RX,baseline,0011699A,1,5,01 00 00 9A 69
2026-09-28T15:22:27.443+00:00,1365.415,RX,baseline,0001BE87,1,7,01 00 00 0F 03 87 BE
2026-09-28T15:22:27.443+00:00,1365.471,RX,baseline,0011BE87,1,5,01 00 00 87 BE
2026-09-28T15:22:27.448+00:00,1370.297,RX,baseline,00010222,1,7,01 00 00 0F 03 22 02
2026-09-28T15:22:27.448+00:00,1370.428,RX,baseline,00110222,1,5,01 00 00 22 02
2026-09-28T15:22:27.453+00:00,1375.358,RX,baseline,0001EB86,1,7,01 00 00 0F 03 86 EB
2026-09-28T15:22:27.453+00:00,1375.491,RX,baseline,0011EB86,1,5,01 00 00 86 EB
2026-09-28T15:22:27.458+00:00,1380.351,RX,baseline,0001F736,1,7,01 00 00 0F 03 36 F7
2026-09-28T15:22:27.458+00:00,1380.603,RX,baseline,0011F736,1,5,01 00 00 36 F7
2026-09-28T15:22:27.463+00:00,1385.348,RX,baseline,0001B11B,1,7,01 00 00 0F 03 1B B1
2026-09-28T15:22:27.463+00:00,1385.502,RX,baseline,0011B11B,1,5,01 00 00 1B B1
2026-09-28T15:22:27.468+00:00,1390.458,RX,baseline,00017699,1,7,01 00 00 0F 03 99 76
2026-09-28T15:22:27.468+00:00,1390.521,RX,baseline,00117699,1,5,01 00 00 99 76
2026-09-28T15:22:27.473+00:00,1395.335,RX,baseline,0001ECA1,1,7,01 00 00 0F 03 A1 EC
2026-09-28T15:22:27.473+00:00,1395.428,RX,baseline,0011ECA1,1,5,01 00 00 A1 EC
2026-09-28T15:22:27.478+00:00,1400.428,RX,baseline,0001B6B1,1,7,01 00 00 0F 03 B1 B6
2026-09-28T15:22:27.478+00:00,1400.505,RX,baseline,0011B6B1,1,5,01 00 00 B1 B6
2026-09-28T15:22:27.483+00:00,1405.381,RX,baseline,0001F439,1,7,01 00 00 0F 03 39 F4
2026-09-28T15:22:27.483+00:00,1405.466,RX,baseline,0011F439,1,5,01 00 00 39 F4
2026-09-28T15:22:27.488+00:00,1410.486,RX,baseline,00011FF8,1,7,01 00 00 0F 03 F8 1F
2026-09-28T15:22:27.488+00:00,1410.545,RX,baseline,00111FF8,1,5,01 00 00 F8 1F
2026-09-28T15:22:27.493+00:00,1415.403,RX,baseline,00010BBB,1,7,01 00 00 0F 03 BB 0B
2026-09-28T15:22:27.493+00:00,1415.477,RX,baseline,00110BBB,1,5,01 00 00 BB 0B
2026-09-28T15:22:27.498+00:00,1420.288,RX,baseline,00014E05,1,7,01 00 00 0F 03 05 4E
2026-09-28T15:22:27.498+00:00,1420.565,RX,baseline,00114E05,1,5,01 00 00 05 4E
2026-09-28T15:22:27.503+00:00,1425.233,RX,baseline,00019116,1,7,01 00 00 0F 03 16 91
2026-09-28T15:22:27.503+00:00,1425.461,RX,baseline,00119116,1,5,01 00 00 16 91
2026-09-28T15:22:27.508+00:00,1430.243,RX,baseline,0001C740,1,7,01 00 00 0F 03 40 C7
2026-09-28T15:22:27.508+00:00,1430.484,RX,baseline,0011C740,1,5,01 00 00 40 C7
2026-09-28T15:22:27.513+00:00,1435.274,RX,baseline,000160BF,1,7,01 00 00 0F 03 BF 60
2026-09-28T15:22:27.513+00:00,1435.534,RX,baseline,001160BF,1,5,01 00 00 BF 60
2026-09-28T15:22:27.518+00:00,1440.286,RX,baseline,00019A01,1,7,01 00 00 0F 03 01 9A
2026-09-28T15:22:27.518+00:00,1440.425,RX,baseline,00119A01,1,5,01 00 00 01 9A
2026-09-28T15:22:27.523+00:00,1445.435,RX,baseline,0001FD9D,1,7,01 00 00 0F 03 9D FD
2026-09-28T15:22:27.523+00:00,1445.526,RX,baseline,0011FD9D,1,5,01 00 00 9D FD
2026-09-28T15:22:27.528+00:00,1450.506,RX,baseline,000117AA,1,7,01 00 00 0F 03 AA 17
2026-09-28T15:22:27.528+00:00,1450.569,RX,baseline,001117AA,1,5,01 00 00 AA 17
2026-09-28T15:22:27.533+00:00,1455.456,RX,baseline,0001449A,1,7,01 00 00 0F 03 9A 44
2026-09-28T15:22:27.533+00:00,1455.531,RX,baseline,0011449A,1,5,01 00 00 9A 44
2026-09-28T15:22:27.538+00:00,1460.441,RX,baseline,0001A9FC,1,7,01 00 00 0F 03 FC A9
2026-09-28T15:22:27.538+00:00,1460.530,RX,baseline,0011A9FC,1,5,01 00 00 FC A9
2026-09-28T15:22:27.543+00:00,1465.362,RX,baseline,00015EB6,1,7,01 00 00 0F 03 B6 5E
2026-09-28T15:22:27.543+00:00,1465.467,RX,baseline,00115EB6,1,5,01 00 00 B6 5E
2026-09-28T15:22:27.548+00:00,1470.281,RX,baseline,00010CB7,1,7,01 00 00 0F 03 B7 0C
2026-09-28T15:22:27.548+00:00,1470.513,RX,baseline,00110CB7,1,5,01 00 00 B7 0C
2026-09-28T15:22:27.553+00:00,1475.469,RX,baseline,00010D5D,1,7,01 00 00 0F 03 5D 0D
2026-09-28T15:22:27.553+00:00,1475.540,RX,baseline,00110D5D,1,5,01 00 00 5D 0D
2026-09-28T15:22:27.558+00:00,1480.277,RX,baseline,0001DD47,1,7,01 00 00 0F 03 47 DD
2026-09-28T15:22:27.558+00:00,1480.536,RX,baseline,0011DD47,1,5,01 00 00 47 DD
2026-09-28T15:22:27.563+00:00,1485.323,RX,baseline,0001E746,1,7,01 00 00 0F 03 46 E7
2026-09-28T15:22:27.563+00:00,1485.410,RX,baseline,0011E746,1,5,01 00 00 46 E7
2026-09-28T15:22:27.568+00:00,1490.292,RX,baseline,0001A808,1,7,01 00 00 0F 03 08 A8
2026-09-28T15:22:27.568+00:00,1490.539,RX,baseline,0011A808,1,5,01 00 00 08 A8
2026-09-28T15:22:27.573+00:00,1495.206,RX,baseline,0001E123,1,7,01 00 00 0F 03 23 E1
2026-09-28T15:22:27.573+00:00,1495.450,RX,baseline,0011E123,1,5,01 00 00 23 E1
2026-09-28T15:22:27.578+00:00,1500.250,RX,baseline,0001E666,1,7,01 00 00 0F 03 66 E6
2026-09-28T15:22:27.578+00:00,1500.487,RX,baseline,0011E666,1,5,01 00 00 66 E6
2026-09-28T15:22:27.583+00:00,1505.225,RX,baseline,000123F4,1,7,01 00 00 0F 03 F4 23
2026-09-28T15:22:27.583+00:00,1505.483,RX,baseline,001123F4,1,5,01 00 00 F4 23
2026-09-28T15:22:27.588+00:00,1510.209,RX,baseline,000162ED,1,7,01 00 00 0F 03 ED 62
2026-09-28T15:22:27.588+00:00,1510.446,RX,baseline,001162ED,1,5,01 00 00 ED 62
2026-09-28T15:22:27.593+00:00,1515.230,RX,baseline,00017FB3,1,7,01 00 00 0F 03 B3 7F
2026-09-28T15:22:27.593+00:00,1515.488,RX,baseline,00117FB3,1,5,01 00 00 B3 7F
2026-09-28T15:22:27.598+00:00,1520.421,RX,baseline,0001EBFE,1,7,01 00 00 0F 03 FE EB
2026-09-28T15:22:27.598+00:00,1520.502,RX,baseline,0011EBFE,1,5,01 00 00 FE EB
2026-09-28T15:22:27.603+00:00,1525.434,RX,baseline,00013FB1,1,7,01 00 00 0F 03 B1 3F
2026-09-28T15:22:27.603+00:00,1525.539,RX,baseline,00113FB1,1,5,01 00 00 B1 3F
2026-09-28T15:22:27.608+00:00,1530.433,RX,baseline,0001C7BE,1,7,01 00 00 0F 03 BE C7
2026-09-28T15:22:27.608+00:00,1530.492,RX,baseline,0011C7BE,1,5,01 00 00 BE C7
2026-09-28T15:22:27.613+00:00,1535.447,RX,baseline,000116E4,1,7,01 00 00 0F 03 E4 16
2026-09-28T15:22:27.613+00:00,1535.554,RX,baseline,001116E4,1,5,01 00 00 E4 16
2026-09-28T15:22:27.618+00:00,1540.399,RX,baseline,00018B8C,1,7,01 00 00 0F 03 8C 8B
2026-09-28T15:22:27.618+00:00,1540.455,RX,baseline,00118B8C,1,5,01 00 00 8C 8B
2026-09-28T15:22:27.623+00:00,1545.415,RX,baseline,000164F4,1,7,01 00 00 0F 03 F4 64
2026-09-28T15:22:27.623+00:00,1545.472,RX,baseline,001164F4,1,5,01 00 00 F4 64
2026-09-28T15:22:27.628+00:00,1550.243,RX,baseline,000106ED,1,7,01 00 00 0F 03 ED 06
2026-09-28T15:22:27.628+00:00,1550.486,RX,baseline,001106ED,1,5,01 00 00 ED 06
2026-09-28T15:22:27.633+00:00,1555.260,RX,baseline,000115C3,1,7,01 00 00 0F 03 C3 15
2026-09-28T15:22:27.633+00:00,1555.500,RX,baseline,001115C3,1,5,01 00 00 C3 15
2026-09-28T15:22:27.638+00:00,1560.201,RX,baseline,0001E5D9,1,7,01 00 00 0F 03 D9 E5
2026-09-28T15:22:27.638+00:00,1560.548,RX,baseline,0011E5D9,1,5,01 00 00 D9 E5
2026-09-28T15:22:27.643+00:00,1565.403,RX,baseline,000103C8,1,7,01 00 00 0F 03 C8 03
2026-09-28T15:22:27.643+00:00,1565.459,RX,baseline,001103C8,1,5,01 00 00 C8 03
2026-09-28T15:22:27.648+00:00,1570.414,RX,baseline,000187D6,1,7,01 00 00 0F 03 D6 87
2026-09-28T15:22:27.648+00:00,1570.483,RX,baseline,001187D6,1,5,01 00 00 D6 87
2026-09-28T15:22:27.653+00:00,1575.453,RX,baseline,00010676,1,7,01 00 00 0F 03 76 06
2026-09-28T15:22:27.653+00:00,1575.497,RX,baseline,00110676,1,5,01 00 00 76 06
2026-09-28T15:22:27.658+00:00,1580.349,RX,baseline,0001C930,1,7,01 00 00 0F 03 30 C9
2026-09-28T15:22:27.658+00:00,1580.405,RX,baseline,0011C930,1,5,01 00 00 30 C9
2026-09-28T15:22:27.663+00:00,1585.456,RX,baseline,00011887,1,7,01 00 00 0F 03 87 18
2026-09-28T15:22:27.663+00:00,1585.501,RX,baseline,00111887,1,5,01 00 00 87 18
2026-09-28T15:22:27.668+00:00,1590.377,RX,baseline,0001715C,1,7,01 00 00 0F 03 5C 71
2026-09-28T15:22:27.668+00:00,1590.448,RX,baseline,0011715C,1,5,01 00 00 5C 71
2026-09-28T15:22:27.673+00:00,1595.455,RX,baseline,00013ADE,1,7,01 00 00 0F 03 DE 3A
2026-09-28T15:22:27.673+00:00,1595.500,RX,baseline,00113ADE,1,5,01 00 00 DE 3A
2026-09-28T15:22:27.678+00:00,1600.303,RX,baseline,0001A14C,1,7,01 00 00 0F 03 4C A1
2026-09-28T15:22:27.678+00:00,1600.583,RX,baseline,0011A14C,1,5,01 00 00 4C A1
2026-09-28T15:22:27.683+00:00,1605.443,RX,baseline,00019762,1,7,01 00 00 0F 03 62 97
2026-09-28T15:22:27.683+00:00,1605.510,RX,baseline,00119762,1,5,01 00 00 62 97
2026-09-28T15:22:27.688+00:00,1610.352,RX,baseline,00013A34,1,7,01 00 00 0F 03 34 3A
2026-09-28T15:22:27.688+00:00,1610.424,RX,baseline,00113A34,1,5,01 00 00 34 3A
2026-09-28T15:22:27.693+00:00,1615.390,RX,baseline,0001CBFD,1,7,01 00 00 0F 03 FD CB
2026-09-28T15:22:27.693+00:00,1615.447,RX,baseline,0011CBFD,1,5,01 00 00 FD CB
2026-09-28T15:22:27.698+00:00,1620.271,RX,baseline,00019113,1,7,01 00 00 0F 03 13 91
2026-09-28T15:22:27.698+00:00,1620.483,RX,baseline,00119113,1,5,01 00 00 13 91
2026-09-28T15:22:27.703+00:00,1625.206,RX,baseline,00019CA7,1,7,01 00 00 0F 03 A7 9C
2026-09-28T15:22:27.703+00:00,1625.443,RX,baseline,00119CA7,1,5,01 00 00 A7 9C
2026-09-28T15:22:27.708+00:00,1630.250,RX,baseline,000140FE,1,7,01 00 00 0F 03 FE 40
2026-09-28T15:22:27.708+00:00,1630.488,RX,baseline,001140FE,1,5,01 00 00 FE 40
2026-09-28T15:22:27.713+00:00,1635.397,RX,baseline,0001381D,1,7,01 00 00 0F 03 1D 38
2026-09-28T15:22:27.713+00:00,1635.453,RX,baseline,0011381D,1,5,01 00 00 1D 38
2026-09-28T15:22:27.718+00:00,1640.200,RX,baseline,00019604,1,7,01 00 00 0F 03 04 96
2026-09-28T15:22:27.718+00:00,1640.473,RX,baseline,00119604,1,5,01 00 00 04 96
2026-09-28T15:22:27.723+00:00,1645.340,RX,baseline,0001D9C0,1,7,01 00 00 0F 03 C0 D9
2026-09-28T15:22:27.723+00:00,1645.478,RX,baseline,0011D9C0,1,5,01 00 00 C0 D9
2026-09-28T15:22:27.728+00:00,1650.288,RX,baseline,00015819,1,7,01 00 00 0F 03 19 58
2026-09-28T15:22:27.728+00:00,1650.544,RX,baseline,00115819,1,5,01 00 00 19 58
2026-09-28T15:22:27.733+00:00,1655.386,RX,baseline,00016BAC,1,7,01 00 00 0F 03 AC 6B
2026-09-28T15:22:27.733+00:00,1655.481,RX,baseline,00116BAC,1,5,01 00 00 AC 6B
2026-09-28T15:22:27.738+00:00,1660.405,RX,baseline,00017D70,1,7,01 00 00 0F 03 70 7D
2026-09-28T15:22:27.738+00:00,1660.464,RX,baseline,00117D70,1,5,01 00 00 70 7D
2026-09-28T15:22:27.743+00:00,1665.403,RX,baseline,0001CAFD,1,7,01 00 00 0F 03 FD CA
2026-09-28T15:22:27.743+00:00,1665.459,RX,baseline,0011CAFD,1,5,01 00 00 FD CA
2026-09-28T15:22:27.748+00:00,1670.209,RX,baseline,00015132,1,7,01 00 00 0F 03 32 51
2026-09-28T15:22:27.748+00:00,1670.445,RX,baseline,00115132,1,5,01 00 00 32 51
2026-09-28T15:22:27.753+00:00,1675.200,RX,baseline,00014CE9,1,7,01 00 00 0F 03 E9 4C
2026-09-28T15:22:27.753+00:00,1675.474,RX,baseline,00114CE9,1,5,01 00 00 E9 4C
2026-09-28T15:22:27.758+00:00,1680.225,RX,baseline,0001FF6A,1,7,01 00 00 0F 03 6A FF
2026-09-28T15:22:27.758+00:00,1680.448,RX,baseline,0011FF6A,1,5,01 00 00 6A FF
2026-09-28T15:22:27.763+00:00,1685.206,RX,baseline,00011A12,1,7,01 00 00 0F 03 12 1A
2026-09-28T15:22:27.763+00:00,1685.464,RX,baseline,00111A12,1,5,01 00 00 12 1A
2026-09-28T15:22:27.768+00:00,1690.206,RX,baseline,000194A0,1,7,01 00 00 0F 03 A0 94
2026-09-28T15:22:27.768+00:00,1690.447,RX,baseline,001194A0,1,5,01 00 00 A0 94
2026-09-28T15:22:27.773+00:00,1695.407,RX,baseline,0001DA40,1,7,01 00 00 0F 03 40 DA
2026-09-28T15:22:27.773+00:00,1695.464,RX,baseline,0011DA40,1,5,01 00 00 40 DA
2026-09-28T15:22:27.778+00:00,1700.194,RX,baseline,0001CF7E,1,7,01 00 00 0F 03 7E CF
2026-09-28T15:22:27.778+00:00,1700.477,RX,baseline,0011CF7E,1,5,01 00 00 7E CF
2026-09-28T15:22:27.783+00:00,1705.225,RX,baseline,0001E15E,1,7,01 00 00 0F 03 5E E1
2026-09-28T15:22:27.783+00:00,1705.444,RX,baseline,0011E15E,1,5,01 00 00 5E E1
2026-09-28T15:22:27.788+00:00,1710.203,RX,baseline,0001A472,1,7,01 00 00 0F 03 72 A4
2026-09-28T15:22:27.788+00:00,1710.446,RX,baseline,0011A472,1,5,01 00 00 72 A4
2026-09-28T15:22:27.793+00:00,1715.221,RX,baseline,0001AF74,1,7,01 00 00 0F 03 74 AF
2026-09-28T15:22:27.793+00:00,1715.448,RX,baseline,0011AF74,1,5,01 00 00 74 AF
2026-09-28T15:22:27.798+00:00,1720.400,RX,baseline,0001B324,1,7,01 00 00 0F 03 24 B3
2026-09-28T15:22:27.798+00:00,1720.477,RX,baseline,0011B324,1,5,01 00 00 24 B3
2026-09-28T15:22:27.803+00:00,1725.374,RX,baseline,00010BF0,1,7,01 00 00 0F 03 F0 0B
2026-09-28T15:22:27.803+00:00,1725.483,RX,baseline,00110BF0,1,5,01 00 00 F0 0B
2026-09-28T15:22:27.808+00:00,1730.452,RX,baseline,0001C744,1,7,01 00 00 0F 03 44 C7
2026-09-28T15:22:27.808+00:00,1730.542,RX,baseline,0011C744,1,5,01 00 00 44 C7
2026-09-28T15:22:27.813+00:00,1735.401,RX,baseline,00010180,1,7,01 00 00 0F 03 80 01
2026-09-28T15:22:27.813+00:00,1735.500,RX,baseline,00110180,1,5,01 00 00 80 01
2026-09-28T15:22:27.818+00:00,1740.389,RX,baseline,000181F2,1,7,01 00 00 0F 03 F2 81
2026-09-28T15:22:27.818+00:00,1740.447,RX,baseline,001181F2,1,5,01 00 00 F2 81
2026-09-28T15:22:27.823+00:00,1745.194,RX,baseline,00019249,1,7,01 00 00 0F 03 49 92
2026-09-28T15:22:27.823+00:00,1745.444,RX,baseline,00119249,1,5,01 00 00 49 92
2026-09-28T15:22:27.828+00:00,1750.207,RX,baseline,000172D4,1,7,01 00 00 0F 03 D4 72
2026-09-28T15:22:27.828+00:00,1750.432,RX,baseline,001172D4,1,5,01 00 00 D4 72
2026-09-28T15:22:27.833+00:00,1755.225,RX,baseline,00016D3D,1,7,01 00 00 0F 03 3D 6D
2026-09-28T15:22:27.833+00:00,1755.513,RX,baseline,00116D3D,1,5,01 00 00 3D 6D
2026-09-28T15:22:27.838+00:00,1760.228,RX,baseline,00014794,1,7,01 00 00 0F 03 94 47
2026-09-28T15:22:27.838+00:00,1760.468,RX,baseline,00114794,1,5,01 00 00 94 47
2026-09-28T15:22:27.843+00:00,1765.222,RX,baseline,0001DBE2,1,7,01 00 00 0F 03 E2 DB
2026-09-28T15:22:27.843+00:00,1765.467,RX,baseline,0011DBE2,1,5,01 00 00 E2 DB
2026-09-28T15:22:27.848+00:00,1770.393,RX,baseline,0001FA57,1,7,01 00 00 0F 03 57 FA
2026-09-28T15:22:27.848+00:00,1770.488,RX,baseline,0011FA57,1,5,01 00 00 57 FA
2026-09-28T15:22:27.853+00:00,1775.429,RX,baseline,0001B4C3,1,7,01 00 00 0F 03 C3 B4
2026-09-28T15:22:27.853+00:00,1775.505,RX,baseline,0011B4C3,1,5,01 00 00 C3 B4
2026-09-28T15:22:27.858+00:00,1780.366,RX,baseline,0001437B,1,7,01 00 00 0F 03 7B 43
2026-09-28T15:22:27.858+00:00,1780.423,RX,baseline,0011437B,1,5,01 00 00 7B 43
2026-09-28T15:22:27.863+00:00,1785.404,RX,baseline,0001FD6B,1,7,01 00 00 0F 03 6B FD
2026-09-28T15:22:27.863+00:00,1785.488,RX,baseline,0011FD6B,1,5,01 00 00 6B FD
2026-09-28T15:22:27.868+00:00,1790.364,RX,baseline,0001148C,1,7,01 00 00 0F 03 8C 14
2026-09-28T15:22:27.868+00:00,1790.421,RX,baseline,0011148C,1,5,01 00 00 8C 14
2026-09-28T15:22:27.873+00:00,1795.390,RX,baseline,0001A390,1,7,01 00 00 0F 03 90 A3
2026-09-28T15:22:27.873+00:00,1795.484,RX,baseline,0011A390,1,5,01 00 00 90 A3
2026-09-28T15:22:27.878+00:00,1800.185,RX,baseline,0001FA57,1,7,01 00 00 0F 03 57 FA
2026-09-28T15:22:27.878+00:00,1800.427,RX,baseline,0011FA57,1,5,01 00 00 57 FA
2026-09-28T15:22:27.883+00:00,1805.435,RX,baseline,000123D8,1,7,01 00 00 0F 03 D8 23
2026-09-28T15:22:27.883+00:00,1805.535,RX,baseline,001123D8,1,5,01 00 00 D8 23
2026-09-28T15:22:27.888+00:00,1810.364,RX,baseline,00016D8C,1,7,01 00 00 0F 03 8C 6D
2026-09-28T15:22:27.888+00:00,1810.421,RX,baseline,00116D8C,1,5,01 00 00 8C 6D
2026-09-28T15:22:27.893+00:00,1815.362,RX,baseline,0001C16A,1,7,01 00 00 0F 03 6A C1
2026-09-28T15:22:27.893+00:00,1815.418,RX,baseline,0011C16A,1,5,01 00 00 6A C1
2026-09-28T15:22:27.898+00:00,1820.305,RX,baseline,00015D44,1,7,01 00 00 0F 03 44 5D
2026-09-28T15:22:27.898+00:00,1820.361,RX,baseline,00115D44,1,5,01 00 00 44 5D
2026-09-28T15:22:27.903+00:00,1825.257,RX,baseline,0001B81C,1,7,01 00 00 0F 03 1C B8
2026-09-28T15:22:27.903+00:00,1825.362,RX,baseline,0011B81C,1,5,01 00 00 1C B8
2026-09-28T15:22:27.908+00:00,1830.240,RX,baseline,00012C67,1,7,01 00 00 0F 03 67 2C
2026-09-28T15:22:27.908+00:00,1830.472,RX,baseline,00112C67,1,5,01 00 00 67 2C
2026-09-28T15:22:27.913+00:00,1835.198,RX,baseline,00014803,1,7,01 00 00 0F 03 03 48
2026-09-28T15:22:27.913+00:00,1835.427,RX,baseline,00114803,1,5,01 00 00 03 48
2026-09-28T15:22:27.918+00:00,1840.248,RX,baseline,0001C2C6,1,7,01 00 00 0F 03 C6 C2
2026-09-28T15:22:27.918+00:00,1840.365,RX,baseline,0011C2C6,1,5,01 00 00 C6 C2
2026-09-28T15:22:27.923+00:00,1845.184,RX,baseline,0001EBB2,1,7,01 00 00 0F 03 B2 EB
2026-09-28T15:22:27.923+00:00,1845.421,RX,baseline,0011EBB2,1,5,01 00 00 B2 EB
2026-09-28T15:22:27.928+00:00,1850.232,RX,baseline,00018C6F,1,7,01 00 00 0F 03 6F 8C
2026-09-28T15:22:27.928+00:00,1850.355,RX,baseline,00118C6F,1,5,01 00 00 6F 8C
2026-09-28T15:22:27.933+00:00,1855.301,RX,baseline,0001D761,1,7,01 00 00 0F 03 61 D7
2026-09-28T15:22:27.933+00:00,1855.369,RX,baseline,0011D761,1,5,01 00 00 61 D7
2026-09-28T15:22:27.938+00:00,1860.380,RX,baseline,0001E976,1,7,01 00 00 0F 03 76 E9
2026-09-28T15:22:27.938+00:00,1860.437,RX,baseline,0011E976,1,5,01 00 00 76 E9
2026-09-28T15:22:27.943+00:00,1865.382,RX,baseline,0001C9E0,1,7,01 00 00 0F 03 E0 C9
2026-09-28T15:22:27.943+00:00,1865.438,RX,baseline,0011C9E0,1,5,01 00 00 E0 C9
2026-09-28T15:22:27.948+00:00,1870.179,RX,baseline,00017651,1,7,01 00 00 0F 03 51 76
2026-09-28T15:22:27.948+00:00,1870.426,RX,baseline,00117651,1,5,01 00 00 51 76
2026-09-28T15:22:27.953+00:00,1875.224,RX,baseline,00014CFB,1,7,01 00 00 0F 03 FB 4C
2026-09-28T15:22:27.953+00:00,1875.420,RX,baseline,00114CFB,1,5,01 00 00 FB 4C
2026-09-28T15:22:27.958+00:00,1880.181,RX,baseline,00013479,1,7,01 00 00 0F 03 79 34
2026-09-28T15:22:27.958+00:00,1880.461,RX,baseline,00113479,1,5,01 00 00 79 34
2026-09-28T15:22:27.963+00:00,1885.278,RX,baseline,0001B1B9,1,7,01 00 00 0F 03 B9 B1
2026-09-28T15:22:27.963+00:00,1885.363,RX,baseline,0011B1B9,1,5,01 00 00 B9 B1
2026-09-28T15:22:27.968+00:00,1890.263,RX,baseline,0001F4E8,1,7,01 00 00 0F 03 E8 F4
2026-09-28T15:22:27.968+00:00,1890.431,RX,baseline,0011F4E8,1,5,01 00 00 E8 F4
2026-09-28T15:22:27.973+00:00,1895.375,RX,baseline,00019DA2,1,7,01 00 00 0F 03 A2 9D
2026-09-28T15:22:27.973+00:00,1895.424,RX,baseline,00119DA2,1,5,01 00 00 A2 9D
2026-09-28T15:22:27.978+00:00,1900.203,RX,baseline,000199B4,1,7,01 00 00 0F 03 B4 99
2026-09-28T15:22:27.978+00:00,1900.448,RX,baseline,001199B4,1,5,01 00 00 B4 99
2026-09-28T15:22:27.983+00:00,1905.456,RX,baseline,00019CE6,1,7,01 00 00 0F 03 E6 9C
2026-09-28T15:22:27.983+00:00,1905.553,RX,baseline,00119CE6,1,5,01 00 00 E6 9C
2026-09-28T15:22:27.988+00:00,1910.274,RX,baseline,0001E9D0,1,7,01 00 00 0F 03 D0 E9
2026-09-28T15:22:27.988+00:00,1910.361,RX,baseline,0011E9D0,1,5,01 00 00 D0 E9
2026-09-28T15:22:27.993+00:00,1915.271,RX,baseline,00019625,1,7,01 00 00 0F 03 25 96
2026-09-28T15:22:27.993+00:00,1915.375,RX,baseline,00119625,1,5,01 00 00 25 96
2026-09-28T15:22:27.998+00:00,1920.403,RX,baseline,0001ADBF,1,7,01 00 00 0F 03 BF AD
2026-09-28T15:22:27.998+00:00,1920.476,RX,baseline,0011ADBF,1,5,01 00 00 BF AD
2026-09-28T15:22:28.003+00:00,1925.333,RX,baseline,00016324,1,7,01 00 00 0F 03 24 63
2026-09-28T15:22:28.003+00:00,1925.404,RX,baseline,00116324,1,5,01 00 00 24 63
2026-09-28T15:22:28.008+00:00,1930.394,RX,baseline,000175BC,1,7,01 00 00 0F 03 BC 75
2026-09-28T15:22:28.008+00:00,1930.468,RX,baseline,001175BC,1,5,01 00 00 BC 75
2026-09-28T15:22:28.013+00:00,1935.297,RX,baseline,0001AEB2,1,7,01 00 00 0F 03 B2 AE
2026-09-28T15:22:28.013+00:00,1935.397,RX,baseline,0011AEB2,1,5,01 00 00 B2 AE
2026-09-28T15:22:28.018+00:00,1940.309,RX,baseline,0001D19D,1,7,01 00 00 0F 03 9D D1
2026-09-28T15:22:28.018+00:00,1940.746,RX,baseline,0011D19D,1,5,01 00 00 9D D1
2026-09-28T15:22:28.023+00:00,1945.292,RX,baseline,0001168C,1,7,01 00 00 0F 03 8C 16
2026-09-28T15:22:28.023+00:00,1945.343,RX,baseline,0011168C,1,5,01 00 00 8C 16
2026-09-28T15:22:28.028+00:00,1950.155,RX,baseline,0001A887,1,7,01 00 00 0F 03 87 A8
2026-09-28T15:22:28.028+00:00,1950.441,RX,baseline,0011A887,1,5,01 00 00 87 A8
2026-09-28T15:22:28.033+00:00,1955.388,RX,baseline,0001E4FD,1,7,01 00 00 0F 03 FD E4
2026-09-28T15:22:28.033+00:00,1955.485,RX,baseline,0011E4FD,1,5,01 00 00 FD E4
2026-09-28T15:22:28.038+00:00,1960.403,RX,baseline,00012628,1,7,01 00 00 0F 03 28 26
2026-09-28T15:22:28.038+00:00,1960.485,RX,baseline,00112628,1,5,01 00 00 28 26
2026-09-28T15:22:28.043+00:00,1965.184,RX,baseline,00015495,1,7,01 00 00 0F 03 95 54
2026-09-28T15:22:28.043+00:00,1965.405,RX,baseline,00115495,1,5,01 00 00 95 54
2026-09-28T15:22:28.048+00:00,1970.241,RX,baseline,0001050B,1,7,01 00 00 0F 03 0B 05
2026-09-28T15:22:28.048+00:00,1970.467,RX,baseline,0011050B,1,5,01 00 00 0B 05
2026-09-28T15:22:28.053+00:00,1975.191,RX,baseline,00018D22,1,7,01 00 00 0F 03 22 8D
2026-09-28T15:22:28.053+00:00,1975.424,RX,baseline,00118D22,1,5,01 00 00 22 8D
2026-09-28T15:22:28.058+00:00,1980.251,RX,baseline,0001AD4D,1,7,01 00 00 0F 03 4D AD
2026-09-28T15:22:28.058+00:00,1980.328,RX,baseline,0011AD4D,1,5,01 00 00 4D AD
2026-09-28T15:22:28.063+00:00,1985.166,RX,baseline,00018FD9,1,7,01 00 00 0F 03 D9 8F
2026-09-28T15:22:28.063+00:00,1985.405,RX,baseline,00118FD9,1,5,01 00 00 D9 8F
2026-09-28T15:22:28.068+00:00,1990.161,RX,baseline,000108B4,1,7,01 00 00 0F 03 B4 08
2026-09-28T15:22:28.068+00:00,1990.429,RX,baseline,001108B4,1,5,01 00 00 B4 08
2026-09-28T15:22:28.073+00:00,1995.167,RX,baseline,0001054B,1,7,01 00 00 0F 03 4B 05
2026-09-28T15:22:28.073+00:00,1995.421,RX,baseline,0011054B,1,5,01 00 00 4B 05
2026-09-28T15:22:28.078+00:00,2000.175,RX,baseline,000150FB,1,7,01 00 00 0F 03 FB 50
2026-09-28T15:22:28.078+00:00,2000.395,RX,baseline,001150FB,1,5,01 00 00 FB 50
2026-09-28T15:22:28.083+00:00,2005.207,RX,baseline,00015699,1,7,01 00 00 0F 03 99 56
2026-09-28T15:22:28.083+00:00,2005.427,RX,baseline,00115699,1,5,01 00 00 99 56
2026-09-28T15:22:28.088+00:00,2010.110,RX,baseline,0001D2D3,1,7,01 00 00 0F 03 D3 D2
2026-09-28T15:22:28.088+00:00,2010.433,RX,baseline,0011D2D3,1,5,01 00 00 D3 D2
2026-09-28T15:22:28.093+00:00,2015.182,RX,baseline,0001AC10,1,7,01 00 00 0F 03 10 AC
2026-09-28T15:22:28.093+00:00,2015.413,RX,baseline,0011AC10,1,5,01 00 00 10 AC
2026-09-28T15:22:28.098+00:00,2020.397,RX,baseline,0001FBDC,1,7,01 00 00 0F 03 DC FB
2026-09-28T15:22:28.098+00:00,2020.529,RX,baseline,0011FBDC,1,5,01 00 00 DC FB
2026-09-28T15:22:28.103+00:00,2025.390,RX,baseline,0001BE02,1,7,01 00 00 0F 03 02 BE
2026-09-28T15:22:28.103+00:00,2025.471,RX,baseline,0011BE02,1,5,01 00 00 02 BE
2026-09-28T15:22:28.108+00:00,2030.372,RX,baseline,000193B2,1,7,01 00 00 0F 03 B2 93
2026-09-28T15:22:28.108+00:00,2030.465,RX,baseline,001193B2,1,5,01 00 00 B2 93
2026-09-28T15:22:28.113+00:00,2035.383,RX,baseline,00019DA0,1,7,01 00 00 0F 03 A0 9D
2026-09-28T15:22:28.113+00:00,2035.518,RX,baseline,00119DA0,1,5,01 00 00 A0 9D
2026-09-28T15:22:28.118+00:00,2040.394,RX,baseline,000193C0,1,7,01 00 00 0F 03 C0 93
2026-09-28T15:22:28.118+00:00,2040.487,RX,baseline,001193C0,1,5,01 00 00 C0 93
2026-09-28T15:22:28.123+00:00,2045.381,RX,baseline,00019A2C,1,7,01 00 00 0F 03 2C 9A
2026-09-28T15:22:28.123+00:00,2045.469,RX,baseline,00119A2C,1,5,01 00 00 2C 9A
2026-09-28T15:22:28.128+00:00,2050.158,RX,baseline,00013B6B,1,7,01 00 00 0F 03 6B 3B
2026-09-28T15:22:28.128+00:00,2050.402,RX,baseline,00113B6B,1,5,01 00 00 6B 3B
2026-09-28T15:22:28.133+00:00,2055.185,RX,baseline,00017FA4,1,7,01 00 00 0F 03 A4 7F
2026-09-28T15:22:28.133+00:00,2055.436,RX,baseline,00117FA4,1,5,01 00 00 A4 7F
2026-09-28T15:22:28.138+00:00,2060.155,RX,baseline,000129DD,1,7,01 00 00 0F 03 DD 29
2026-09-28T15:22:28.138+00:00,2060.389,RX,baseline,001129DD,1,5,01 00 00 DD 29
2026-09-28T15:22:28.143+00:00,2065.154,RX,baseline,0001DEE6,1,7,01 00 00 0F 03 E6 DE
2026-09-28T15:22:28.143+00:00,2065.402,RX,baseline,0011DEE6,1,5,01 00 00 E6 DE
2026-09-28T15:22:28.148+00:00,2070.307,RX,baseline,0001F478,1,7,01 00 00 0F 03 78 F4
2026-09-28T15:22:28.148+00:00,2070.365,RX,baseline,0011F478,1,5,01 00 00 78 F4
2026-09-28T15:22:28.153+00:00,2075.398,RX,baseline,000153DE,1,7,01 00 00 0F 03 DE 53
2026-09-28T15:22:28.153+00:00,2075.488,RX,baseline,001153DE,1,5,01 00 00 DE 53
2026-09-28T15:22:28.158+00:00,2080.369,RX,baseline,0001F4B8,1,7,01 00 00 0F 03 B8 F4
2026-09-28T15:22:28.158+00:00,2080.461,RX,baseline,0011F4B8,1,5,01 00 00 B8 F4
2026-09-28T15:22:28.163+00:00,2085.400,RX,baseline,0001D532,1,7,01 00 00 0F 03 32 D5
2026-09-28T15:22:28.163+00:00,2085.474,RX,baseline,0011D532,1,5,01 00 00 32 D5
2026-09-28T15:22:28.168+00:00,2090.306,RX,baseline,0001CA09,1,7,01 00 00 0F 03 09 CA
2026-09-28T15:22:28.168+00:00,2090.360,RX,baseline,0011CA09,1,5,01 00 00 09 CA
2026-09-28T15:22:28.173+00:00,2095.410,RX,baseline,00014D93,1,7,01 00 00 0F 03 93 4D
2026-09-28T15:22:28.173+00:00,2095.503,RX,baseline,00114D93,1,5,01 00 00 93 4D
2026-09-28T15:22:28.178+00:00,2100.205,RX,baseline,000167E0,1,7,01 00 00 0F 03 E0 67
2026-09-28T15:22:28.178+00:00,2100.459,RX,baseline,001167E0,1,5,01 00 00 E0 67
2026-09-28T15:22:28.183+00:00,2105.309,RX,baseline,00018D91,1,7,01 00 00 0F 03 91 8D
2026-09-28T15:22:28.183+00:00,2105.436,RX,baseline,00118D91,1,5,01 00 00 91 8D
2026-09-28T15:22:28.188+00:00,2110.387,RX,baseline,00011A18,1,7,01 00 00 0F 03 18 1A
2026-09-28T15:22:28.188+00:00,2110.478,RX,baseline,00111A18,1,5,01 00 00 18 1A
2026-09-28T15:22:28.193+00:00,2115.341,RX,baseline,0001A9AD,1,7,01 00 00 0F 03 AD A9
2026-09-28T15:22:28.193+00:00,2115.398,RX,baseline,0011A9AD,1,5,01 00 00 AD A9
2026-09-28T15:22:28.198+00:00,2120.155,RX,baseline,00013D5F,1,7,01 00 00 0F 03 5F 3D
2026-09-28T15:22:28.198+00:00,2120.401,RX,baseline,00113D5F,1,5,01 00 00 5F 3D
2026-09-28T15:22:28.203+00:00,2125.337,RX,baseline,00011AFF,1,7,01 00 00 0F 03 FF 1A
2026-09-28T15:22:28.203+00:00,2125.393,RX,baseline,00111AFF,1,5,01 00 00 FF 1A
2026-09-28T15:22:28.208+00:00,2130.158,RX,baseline,00013F3D,1,7,01 00 00 0F 03 3D 3F
2026-09-28T15:22:28.208+00:00,2130.402,RX,baseline,00113F3D,1,5,01 00 00 3D 3F
2026-09-28T15:22:28.213+00:00,2135.219,RX,baseline,0001699F,1,7,01 00 00 0F 03 9F 69
2026-09-28T15:22:28.213+00:00,2135.448,RX,baseline,0011699F,1,5,01 00 00 9F 69
2026-09-28T15:22:28.218+00:00,2140.155,RX,baseline,000188F0,1,7,01 00 00 0F 03 F0 88
2026-09-28T15:22:28.218+00:00,2140.403,RX,baseline,001188F0,1,5,01 00 00 F0 88
2026-09-28T15:22:28.223+00:00,2145.155,RX,baseline,0001E2BC,1,7,01 00 00 0F 03 BC E2
2026-09-28T15:22:28.223+00:00,2145.394,RX,baseline,0011E2BC,1,5,01 00 00 BC E2
2026-09-28T15:22:28.228+00:00,2150.235,RX,baseline,00011241,1,7,01 00 00 0F 03 41 12
2026-09-28T15:22:28.228+00:00,2150.330,RX,baseline,00111241,1,5,01 00 00 41 12
2026-09-28T15:22:28.233+00:00,2155.249,RX,baseline,00012907,1,7,01 00 00 0F 03 07 29
2026-09-28T15:22:28.233+00:00,2155.341,RX,baseline,00112907,1,5,01 00 00 07 29
2026-09-28T15:22:28.238+00:00,2160.158,RX,baseline,0001D4F1,1,7,01 00 00 0F 03 F1 D4
2026-09-28T15:22:28.238+00:00,2160.396,RX,baseline,0011D4F1,1,5,01 00 00 F1 D4
2026-09-28T15:22:28.243+00:00,2165.214,RX,baseline,0001F4D0,1,7,01 00 00 0F 03 D0 F4
2026-09-28T15:22:28.243+00:00,2165.305,RX,baseline,0011F4D0,1,5,01 00 00 D0 F4
2026-09-28T15:22:28.248+00:00,2170.382,RX,baseline,00018373,1,7,01 00 00 0F 03 73 83
2026-09-28T15:22:28.248+00:00,2170.478,RX,baseline,00118373,1,5,01 00 00 73 83
2026-09-28T15:22:28.253+00:00,2175.358,RX,baseline,00010215,1,7,01 00 00 0F 03 15 02
2026-09-28T15:22:28.253+00:00,2175.455,RX,baseline,00110215,1,5,01 00 00 15 02
2026-09-28T15:22:28.258+00:00,2180.355,RX,baseline,00011D16,1,7,01 00 00 0F 03 16 1D
2026-09-28T15:22:28.258+00:00,2180.452,RX,baseline,00111D16,1,5,01 00 00 16 1D
2026-09-28T15:22:28.263+00:00,2185.319,RX,baseline,00015D4C,1,7,01 00 00 0F 03 4C 5D
2026-09-28T15:22:28.263+00:00,2185.375,RX,baseline,00115D4C,1,5,01 00 00 4C 5D
2026-09-28T15:22:28.268+00:00,2190.370,RX,baseline,00011FBD,1,7,01 00 00 0F 03 BD 1F
2026-09-28T15:22:28.268+00:00,2190.468,RX,baseline,00111FBD,1,5,01 00 00 BD 1F
2026-09-28T15:22:28.273+00:00,2195.323,RX,baseline,00013CAD,1,7,01 00 00 0F 03 AD 3C
2026-09-28T15:22:28.273+00:00,2195.379,RX,baseline,00113CAD,1,5,01 00 00 AD 3C
2026-09-28T15:22:28.278+00:00,2200.288,RX,baseline,0001EAE2,1,7,01 00 00 0F 03 E2 EA
2026-09-28T15:22:28.278+00:00,2200.428,RX,baseline,0011EAE2,1,5,01 00 00 E2 EA
2026-09-28T15:22:28.283+00:00,2205.370,RX,baseline,00016250,1,7,01 00 00 0F 03 50 62
2026-09-28T15:22:28.283+00:00,2205.457,RX,baseline,00116250,1,5,01 00 00 50 62
2026-09-28T15:22:28.288+00:00,2210.152,RX,baseline,0001B175,1,7,01 00 00 0F 03 75 B1
2026-09-28T15:22:28.288+00:00,2210.505,RX,baseline,0011B175,1,5,01 00 00 75 B1
2026-09-28T15:22:28.293+00:00,2215.150,RX,baseline,00013C4D,1,7,01 00 00 0F 03 4D 3C
2026-09-28T15:22:28.293+00:00,2215.466,RX,baseline,00113C4D,1,5,01 00 00 4D 3C
2026-09-28T15:22:28.298+00:00,2220.136,RX,baseline,00015BD5,1,7,01 00 00 0F 03 D5 5B
2026-09-28T15:22:28.298+00:00,2220.374,RX,baseline,00115BD5,1,5,01 00 00 D5 5B
2026-09-28T15:22:28.303+00:00,2225.128,RX,baseline,0001F2CF,1,7,01 00 00 0F 03 CF F2
2026-09-28T15:22:28.303+00:00,2225.348,RX,baseline,0011F2CF,1,5,01 00 00 CF F2
2026-09-28T15:22:28.308+00:00,2230.135,RX,baseline,0001BCF4,1,7,01 00 00 0F 03 F4 BC
2026-09-28T15:22:28.308+00:00,2230.383,RX,baseline,0011BCF4,1,5,01 00 00 F4 BC
2026-09-28T15:22:28.313+00:00,2235.216,RX,baseline,000144AF,1,7,01 00 00 0F 03 AF 44
2026-09-28T15:22:28.313+00:00,2235.329,RX,baseline,001144AF,1,5,01 00 00 AF 44
2026-09-28T15:22:28.318+00:00,2240.131,RX,baseline,00013D64,1,7,01 00 00 0F 03 64 3D
2026-09-28T15:22:28.318+00:00,2240.377,RX,baseline,00113D64,1,5,01 00 00 64 3D
2026-09-28T15:22:28.323+00:00,2245.178,RX,baseline,0001CE14,1,7,01 00 00 0F 03 14 CE
2026-09-28T15:22:28.323+00:00,2245.436,RX,baseline,0011CE14,1,5,01 00 00 14 CE
2026-09-28T15:22:28.328+00:00,2250.132,RX,baseline,000118E7,1,7,01 00 00 0F 03 E7 18
2026-09-28T15:22:28.328+00:00,2250.392,RX,baseline,001118E7,1,5,01 00 00 E7 18
2026-09-28T15:22:28.333+00:00,2255.385,RX,baseline,0001392E,1,7,01 00 00 0F 03 2E 39
2026-09-28T15:22:28.333+00:00,2255.462,RX,baseline,0011392E,1,5,01 00 00 2E 39
2026-09-28T15:22:28.338+00:00,2260.314,RX,baseline,000122AC,1,7,01 00 00 0F 03 AC 22
2026-09-28T15:22:28.338+00:00,2260.386,RX,baseline,001122AC,1,5,01 00 00 AC 22
2026-09-28T15:22:28.343+00:00,2265.314,RX,baseline,0001FC02,1,7,01 00 00 0F 03 02 FC
2026-09-28T15:22:28.343+00:00,2265.370,RX,baseline,0011FC02,1,5,01 00 00 02 FC
2026-09-28T15:22:28.348+00:00,2270.146,RX,baseline,00018A67,1,7,01 00 00 0F 03 67 8A
2026-09-28T15:22:28.348+00:00,2270.389,RX,baseline,00118A67,1,5,01 00 00 67 8A
2026-09-28T15:22:28.353+00:00,2275.296,RX,baseline,00018AE8,1,7,01 00 00 0F 03 E8 8A
2026-09-28T15:22:28.353+00:00,2275.367,RX,baseline,00118AE8,1,5,01 00 00 E8 8A
2026-09-28T15:22:28.358+00:00,2280.129,RX,baseline,00015BE5,1,7,01 00 00 0F 03 E5 5B
2026-09-28T15:22:28.358+00:00,2280.372,RX,baseline,00115BE5,1,5,01 00 00 E5 5B
2026-09-28T15:22:28.363+00:00,2285.132,RX,baseline,00010E1E,1,7,01 00 00 0F 03 1E 0E
2026-09-28T15:22:28.363+00:00,2285.391,RX,baseline,00110E1E,1,5,01 00 00 1E 0E
2026-09-28T15:22:28.368+00:00,2290.192,RX,baseline,000138C9,1,7,01 00 00 0F 03 C9 38
2026-09-28T15:22:28.368+00:00,2290.412,RX,baseline,001138C9,1,5,01 00 00 C9 38
2026-09-28T15:22:28.373+00:00,2295.129,RX,baseline,0001F5A7,1,7,01 00 00 0F 03 A7 F5
2026-09-28T15:22:28.373+00:00,2295.373,RX,baseline,0011F5A7,1,5,01 00 00 A7 F5
2026-09-28T15:22:28.378+00:00,2300.200,RX,baseline,00011798,1,7,01 00 00 0F 03 98 17
2026-09-28T15:22:28.378+00:00,2300.451,RX,baseline,00111798,1,5,01 00 00 98 17
2026-09-28T15:22:28.383+00:00,2305.132,RX,baseline,0001594E,1,7,01 00 00 0F 03 4E 59
2026-09-28T15:22:28.383+00:00,2305.394,RX,baseline,0011594E,1,5,01 00 00 4E 59
2026-09-28T15:22:28.388+00:00,2310.197,RX,baseline,00015D35,1,7,01 00 00 0F 03 35 5D
2026-09-28T15:22:28.388+00:00,2310.328,RX,baseline,00115D35,1,5,01 00 00 35 5D
2026-09-28T15:22:28.393+00:00,2315.121,RX,baseline,0001537F,1,7,01 00 00 0F 03 7F 53
2026-09-28T15:22:28.393+00:00,2315.389,RX,baseline,0011537F,1,5,01 00 00 7F 53
2026-09-28T15:22:28.398+00:00,2320.325,RX,baseline,00016D8F,1,7,01 00 00 0F 03 8F 6D
2026-09-28T15:22:28.398+00:00,2320.403,RX,baseline,00116D8F,1,5,01 00 00 8F 6D
2026-09-28T15:22:28.403+00:00,2325.298,RX,baseline,00016C5E,1,7,01 00 00 0F 03 5E 6C
2026-09-28T15:22:28.403+00:00,2325.428,RX,baseline,00116C5E,1,5,01 00 00 5E 6C
2026-09-28T15:22:28.408+00:00,2330.274,RX,baseline,0001B9F9,1,7,01 00 00 0F 03 F9 B9
2026-09-28T15:22:28.408+00:00,2330.327,RX,baseline,0011B9F9,1,5,01 00 00 F9 B9
2026-09-28T15:22:28.413+00:00,2335.349,RX,baseline,00016F37,1,7,01 00 00 0F 03 37 6F
2026-09-28T15:22:28.413+00:00,2335.431,RX,baseline,00116F37,1,5,01 00 00 37 6F
2026-09-28T15:22:28.418+00:00,2340.286,RX,baseline,0001778F,1,7,01 00 00 0F 03 8F 77
2026-09-28T15:22:28.418+00:00,2340.340,RX,baseline,0011778F,1,5,01 00 00 8F 77
2026-09-28T15:22:28.423+00:00,2345.393,RX,baseline,00014B46,1,7,01 00 00 0F 03 46 4B
2026-09-28T15:22:28.423+00:00,2345.483,RX,baseline,00114B46,1,5,01 00 00 46 4B
2026-09-28T15:22:28.428+00:00,2350.262,RX,baseline,0001399A,1,7,01 00 00 0F 03 9A 39
2026-09-28T15:22:28.428+00:00,2350.430,RX,baseline,0011399A,1,5,01 00 00 9A 39
2026-09-28T15:22:28.433+00:00,2355.351,RX,baseline,0001C968,1,7,01 00 00 0F 03 68 C9
2026-09-28T15:22:28.433+00:00,2355.463,RX,baseline,0011C968,1,5,01 00 00 68 C9
2026-09-28T15:22:28.438+00:00,2360.187,RX,baseline,000157C6,1,7,01 00 00 0F 03 C6 57
2026-09-28T15:22:28.438+00:00,2360.266,RX,baseline,001157C6,1,5,01 00 00 C6 57
2026-09-28T15:22:28.443+00:00,2365.387,RX,baseline,0001AB2C,1,7,01 00 00 0F 03 2C AB
2026-09-28T15:22:28.443+00:00,2365.501,RX,baseline,0011AB2C,1,5,01 00 00 2C AB
2026-09-28T15:22:28.448+00:00,2370.128,RX,baseline,000179AE,1,7,01 00 00 0F 03 AE 79
2026-09-28T15:22:28.448+00:00,2370.367,RX,baseline,001179AE,1,5,01 00 00 AE 79
2026-09-28T15:22:28.453+00:00,2375.187,RX,baseline,00018066,1,7,01 00 00 0F 03 66 80
2026-09-28T15:22:28.453+00:00,2375.425,RX,baseline,00118066,1,5,01 00 00 66 80
2026-09-28T15:22:28.458+00:00,2380.216,RX,baseline,00014505,1,7,01 00 00 0F 03 05 45
2026-09-28T15:22:28.458+00:00,2380.303,RX,baseline,00114505,1,5,01 00 00 05 45
2026-09-28T15:22:28.463+00:00,2385.182,RX,baseline,0001772A,1,7,01 00 00 0F 03 2A 77
2026-09-28T15:22:28.463+00:00,2385.290,RX,baseline,0011772A,1,5,01 00 00 2A 77
2026-09-28T15:22:28.468+00:00,2390.177,RX,baseline,0001556B,1,7,01 00 00 0F 03 6B 55
2026-09-28T15:22:28.468+00:00,2390.407,RX,baseline,0011556B,1,5,01 00 00 6B 55
2026-09-28T15:22:28.473+00:00,2395.134,RX,baseline,00010EE1,1,7,01 00 00 0F 03 E1 0E
2026-09-28T15:22:28.473+00:00,2395.354,RX,baseline,00110EE1,1,5,01 00 00 E1 0E
2026-09-28T15:22:28.478+00:00,2400.155,RX,baseline,0001A4AD,1,7,01 00 00 0F 03 AD A4
2026-09-28T15:22:28.478+00:00,2400.362,RX,baseline,0011A4AD,1,5,01 00 00 AD A4
2026-09-28T15:22:28.483+00:00,2405.182,RX,baseline,0001EDD0,1,7,01 00 00 0F 03 D0 ED
2026-09-28T15:22:28.483+00:00,2405.374,RX,baseline,0011EDD0,1,5,01 00 00 D0 ED
2026-09-28T15:22:28.488+00:00,2410.181,RX,baseline,000187FE,1,7,01 00 00 0F 03 FE 87
2026-09-28T15:22:28.488+00:00,2410.413,RX,baseline,001187FE,1,5,01 00 00 FE 87
2026-09-28T15:22:28.493+00:00,2415.286,RX,baseline,00010D4A,1,7,01 00 00 0F 03 4A 0D
2026-09-28T15:22:28.493+00:00,2415.342,RX,baseline,00110D4A,1,5,01 00 00 4A 0D
2026-09-28T15:22:28.498+00:00,2420.164,RX,baseline,0001226A,1,7,01 00 00 0F 03 6A 22
2026-09-28T15:22:28.498+00:00,2420.298,RX,baseline,0011226A,1,5,01 00 00 6A 22
2026-09-28T15:22:28.503+00:00,2425.286,RX,baseline,00010F68,1,7,01 00 00 0F 03 68 0F
2026-09-28T15:22:28.503+00:00,2425.559,RX,baseline,00110F68,1,5,01 00 00 68 0F
2026-09-28T15:22:28.508+00:00,2430.307,RX,baseline,00011A9C,1,7,01 00 00 0F 03 9C 1A
2026-09-28T15:22:28.508+00:00,2430.397,RX,baseline,00111A9C,1,5,01 00 00 9C 1A
2026-09-28T15:22:28.513+00:00,2435.100,RX,baseline,000129F6,1,7,01 00 00 0F 03 F6 29
2026-09-28T15:22:28.513+00:00,2435.346,RX,baseline,001129F6,1,5,01 00 00 F6 29
2026-09-28T15:22:28.518+00:00,2440.309,RX,baseline,0001A1A2,1,7,01 00 00 0F 03 A2 A1
2026-09-28T15:22:28.518+00:00,2440.378,RX,baseline,0011A1A2,1,5,01 00 00 A2 A1
2026-09-28T15:22:28.523+00:00,2445.287,RX,baseline,0001D0FB,1,7,01 00 00 0F 03 FB D0
2026-09-28T15:22:28.523+00:00,2445.345,RX,baseline,0011D0FB,1,5,01 00 00 FB D0
2026-09-28T15:22:28.528+00:00,2450.102,RX,baseline,00011A59,1,7,01 00 00 0F 03 59 1A
2026-09-28T15:22:28.528+00:00,2450.347,RX,baseline,00111A59,1,5,01 00 00 59 1A
2026-09-28T15:22:28.533+00:00,2455.103,RX,baseline,0001D403,1,7,01 00 00 0F 03 03 D4
2026-09-28T15:22:28.533+00:00,2455.365,RX,baseline,0011D403,1,5,01 00 00 03 D4
2026-09-28T15:22:28.538+00:00,2460.142,RX,baseline,000168AA,1,7,01 00 00 0F 03 AA 68
2026-09-28T15:22:28.538+00:00,2460.393,RX,baseline,001168AA,1,5,01 00 00 AA 68
2026-09-28T15:22:28.543+00:00,2465.103,RX,baseline,00019816,1,7,01 00 00 0F 03 16 98
2026-09-28T15:22:28.543+00:00,2465.350,RX,baseline,00119816,1,5,01 00 00 16 98
2026-09-28T15:22:28.548+00:00,2470.358,RX,baseline,000111BA,1,7,01 00 00 0F 03 BA 11
2026-09-28T15:22:28.548+00:00,2470.430,RX,baseline,001111BA,1,5,01 00 00 BA 11
2026-09-28T15:22:28.553+00:00,2475.350,RX,baseline,000120FD,1,7,01 00 00 0F 03 FD 20
2026-09-28T15:22:28.553+00:00,2475.444,RX,baseline,001120FD,1,5,01 00 00 FD 20
2026-09-28T15:22:28.558+00:00,2480.165,RX,baseline,000131BD,1,7,01 00 00 0F 03 BD 31
2026-09-28T15:22:28.558+00:00,2480.295,RX,baseline,001131BD,1,5,01 00 00 BD 31
2026-09-28T15:22:28.563+00:00,2485.250,RX,baseline,0001634B,1,7,01 00 00 0F 03 4B 63
2026-09-28T15:22:28.563+00:00,2485.420,RX,baseline,0011634B,1,5,01 00 00 4B 63
2026-09-28T15:22:28.568+00:00,2490.148,RX,baseline,00019E0B,1,7,01 00 00 0F 03 0B 9E
2026-09-28T15:22:28.568+00:00,2490.407,RX,baseline,00119E0B,1,5,01 00 00 0B 9E
2026-09-28T15:22:28.573+00:00,2495.146,RX,baseline,0001913F,1,7,01 00 00 0F 03 3F 91
2026-09-28T15:22:28.573+00:00,2495.348,RX,baseline,0011913F,1,5,01 00 00 3F 91
2026-09-28T15:22:28.578+00:00,2500.060,RX,baseline,000125AC,1,7,01 00 00 0F 03 AC 25
2026-09-28T15:22:28.578+00:00,2500.323,RX,baseline,001125AC,1,5,01 00 00 AC 25
2026-09-28T15:22:28.583+00:00,2505.156,RX,baseline,00011F78,1,7,01 00 00 0F 03 78 1F
2026-09-28T15:22:28.583+00:00,2505.445,RX,baseline,00111F78,1,5,01 00 00 78 1F
2026-09-28T15:22:28.588+00:00,2510.225,RX,baseline,00010471,1,7,01 00 00 0F 03 71 04
2026-09-28T15:22:28.588+00:00,2510.363,RX,baseline,00110471,1,5,01 00 00 71 04
2026-09-28T15:22:28.593+00:00,2515.393,RX,baseline,0001E31A,1,7,01 00 00 0F 03 1A E3
2026-09-28T15:22:28.593+00:00,2515.475,RX,baseline,0011E31A,1,5,01 00 00 1A E3
2026-09-28T15:22:28.598+00:00,2520.307,RX,baseline,0001FC55,1,7,01 00 00 0F 03 55 FC
2026-09-28T15:22:28.598+00:00,2520.401,RX,baseline,0011FC55,1,5,01 00 00 55 FC
2026-09-28T15:22:28.603+00:00,2525.273,RX,baseline,000111CA,1,7,01 00 00 0F 03 CA 11
2026-09-28T15:22:28.603+00:00,2525.374,RX,baseline,001111CA,1,5,01 00 00 CA 11
2026-09-28T15:22:28.608+00:00,2530.198,RX,baseline,0001B6BE,1,7,01 00 00 0F 03 BE B6
2026-09-28T15:22:28.608+00:00,2530.299,RX,baseline,0011B6BE,1,5,01 00 00 BE B6
2026-09-28T15:22:28.613+00:00,2535.298,RX,baseline,0001E4B7,1,7,01 00 00 0F 03 B7 E4
2026-09-28T15:22:28.613+00:00,2535.382,RX,baseline,0011E4B7,1,5,01 00 00 B7 E4
2026-09-28T15:22:28.618+00:00,2540.360,RX,baseline,00010ED4,1,7,01 00 00 0F 03 D4 0E
2026-09-28T15:22:28.618+00:00,2540.445,RX,baseline,00110ED4,1,5,01 00 00 D4 0E
2026-09-28T15:22:28.623+00:00,2545.338,RX,baseline,00011280,1,7,01 00 00 0F 03 80 12
2026-09-28T15:22:28.623+00:00,2545.430,RX,baseline,00111280,1,5,01 00 00 80 12
2026-09-28T15:22:28.628+00:00,2550.187,RX,baseline,0001E807,1,7,01 00 00 0F 03 07 E8
2026-09-28T15:22:28.628+00:00,2550.279,RX,baseline,0011E807,1,5,01 00 00 07 E8
2026-09-28T15:22:28.633+00:00,2555.372,RX,baseline,000148BC,1,7,01 00 00 0F 03 BC 48
2026-09-28T15:22:28.633+00:00,2555.454,RX,baseline,001148BC,1,5,01 00 00 BC 48
2026-09-28T15:22:28.638+00:00,2560.185,RX,baseline,0001537B,1,7,01 00 00 0F 03 7B 53
2026-09-28T15:22:28.638+00:00,2560.277,RX,baseline,0011537B,1,5,01 00 00 7B 53
2026-09-28T15:22:28.643+00:00,2565.233,RX,baseline,0001D470,1,7,01 00 00 0F 03 70 D4
2026-09-28T15:22:28.643+00:00,2565.468,RX,baseline,0011D470,1,5,01 00 00 70 D4
2026-09-28T15:22:28.648+00:00,2570.230,RX,baseline,000128F6,1,7,01 00 00 0F 03 F6 28
2026-09-28T15:22:28.648+00:00,2570.307,RX,baseline,001128F6,1,5,01 00 00 F6 28
2026-09-28T15:22:28.653+00:00,2575.115,RX,baseline,00016DB0,1,7,01 00 00 0F 03 B0 6D
2026-09-28T15:22:28.653+00:00,2575.355,RX,baseline,00116DB0,1,5,01 00 00 B0 6D
2026-09-28T15:22:28.658+00:00,2580.221,RX,baseline,00018782,1,7,01 00 00 0F 03 82 87
2026-09-28T15:22:28.658+00:00,2580.297,RX,baseline,00118782,1,5,01 00 00 82 87
2026-09-28T15:22:28.663+00:00,2585.181,RX,baseline,00015549,1,7,01 00 00 0F 03 49 55
2026-09-28T15:22:28.663+00:00,2585.311,RX,baseline,00115549,1,5,01 00 00 49 55
2026-09-28T15:22:28.668+00:00,2590.104,RX,baseline,0001E7DF,1,7,01 00 00 0F 03 DF E7
2026-09-28T15:22:28.668+00:00,2590.342,RX,baseline,0011E7DF,1,5,01 00 00 DF E7
2026-09-28T15:22:28.673+00:00,2595.092,RX,baseline,0001241E,1,7,01 00 00 0F 03 1E 24
2026-09-28T15:22:28.673+00:00,2595.364,RX,baseline,0011241E,1,5,01 00 00 1E 24
2026-09-28T15:22:28.678+00:00,2600.183,RX,baseline,0001327D,1,7,01 00 00 0F 03 7D 32
2026-09-28T15:22:28.678+00:00,2600.280,RX,baseline,0011327D,1,5,01 00 00 7D 32
2026-09-28T15:22:28.683+00:00,2605.092,RX,baseline,0001069C,1,7,01 00 00 0F 03 9C 06
2026-09-28T15:22:28.683+00:00,2605.363,RX,baseline,0011069C,1,5,01 00 00 9C 06
2026-09-28T15:22:28.688+00:00,2610.223,RX,baseline,0001F893,1,7,01 00 00 0F 03 93 F8
2026-09-28T15:22:28.688+00:00,2610.300,RX,baseline,0011F893,1,5,01 00 00 93 F8
2026-09-28T15:22:28.693+00:00,2615.096,RX,baseline,0001A77B,1,7,01 00 00 0F 03 7B A7
2026-09-28T15:22:28.693+00:00,2615.375,RX,baseline,0011A77B,1,5,01 00 00 7B A7
2026-09-28T15:22:28.698+00:00,2620.225,RX,baseline,0001AF90,1,7,01 00 00 0F 03 90 AF
2026-09-28T15:22:28.698+00:00,2620.317,RX,baseline,0011AF90,1,5,01 00 00 90 AF
2026-09-28T15:22:28.703+00:00,2625.319,RX,baseline,00013B9B,1,7,01 00 00 0F 03 9B 3B
2026-09-28T15:22:28.703+00:00,2625.385,RX,baseline,00113B9B,1,5,01 00 00 9B 3B
2026-09-28T15:22:28.708+00:00,2630.223,RX,baseline,00014BF7,1,7,01 00 00 0F 03 F7 4B
2026-09-28T15:22:28.708+00:00,2630.315,RX,baseline,00114BF7,1,5,01 00 00 F7 4B
2026-09-28T15:22:28.713+00:00,2635.300,RX,baseline,000135C7,1,7,01 00 00 0F 03 C7 35
2026-09-28T15:22:28.713+00:00,2635.357,RX,baseline,001135C7,1,5,01 00 00 C7 35
2026-09-28T15:22:28.718+00:00,2640.243,RX,baseline,00014864,1,7,01 00 00 0F 03 64 48
2026-09-28T15:22:28.718+00:00,2640.313,RX,baseline,00114864,1,5,01 00 00 64 48
2026-09-28T15:22:28.723+00:00,2645.300,RX,baseline,00016B9F,1,7,01 00 00 0F 03 9F 6B
2026-09-28T15:22:28.723+00:00,2645.358,RX,baseline,00116B9F,1,5,01 00 00 9F 6B
2026-09-28T15:22:28.728+00:00,2650.362,RX,baseline,00014F53,1,7,01 00 00 0F 03 53 4F
2026-09-28T15:22:28.728+00:00,2650.462,RX,baseline,00114F53,1,5,01 00 00 53 4F
2026-09-28T15:22:28.733+00:00,2655.327,RX,baseline,000111F5,1,7,01 00 00 0F 03 F5 11
2026-09-28T15:22:28.733+00:00,2655.433,RX,baseline,001111F5,1,5,01 00 00 F5 11
2026-09-28T15:22:28.738+00:00,2660.297,RX,baseline,000149D8,1,7,01 00 00 0F 03 D8 49
2026-09-28T15:22:28.738+00:00,2660.390,RX,baseline,001149D8,1,5,01 00 00 D8 49
2026-09-28T15:22:28.743+00:00,2665.289,RX,baseline,0001816B,1,7,01 00 00 0F 03 6B 81
2026-09-28T15:22:28.743+00:00,2665.345,RX,baseline,0011816B,1,5,01 00 00 6B 81
2026-09-28T15:22:28.748+00:00,2670.095,RX,baseline,00019F6A,1,7,01 00 00 0F 03 6A 9F
2026-09-28T15:22:28.748+00:00,2670.317,RX,baseline,00119F6A,1,5,01 00 00 6A 9F
2026-09-28T15:22:28.753+00:00,2675.110,RX,baseline,0001290A,1,7,01 00 00 0F 03 0A 29
2026-09-28T15:22:28.753+00:00,2675.339,RX,baseline,0011290A,1,5,01 00 00 0A 29
2026-09-28T15:22:28.758+00:00,2680.099,RX,baseline,0001FE76,1,7,01 00 00 0F 03 76 FE
2026-09-28T15:22:28.758+00:00,2680.319,RX,baseline,0011FE76,1,5,01 00 00 76 FE
2026-09-28T15:22:28.763+00:00,2685.093,RX,baseline,00013B32,1,7,01 00 00 0F 03 32 3B
2026-09-28T15:22:28.763+00:00,2685.285,RX,baseline,00113B32,1,5,01 00 00 32 3B
2026-09-28T15:22:28.768+00:00,2690.077,RX,baseline,0001874D,1,7,01 00 00 0F 03 4D 87
2026-09-28T15:22:28.768+00:00,2690.319,RX,baseline,0011874D,1,5,01 00 00 4D 87
2026-09-28T15:22:28.773+00:00,2695.094,RX,baseline,00010E07,1,7,01 00 00 0F 03 07 0E
2026-09-28T15:22:28.773+00:00,2695.287,RX,baseline,00110E07,1,5,01 00 00 07 0E
2026-09-28T15:22:28.778+00:00,2700.079,RX,baseline,0001D2AB,1,7,01 00 00 0F 03 AB D2
2026-09-28T15:22:28.778+00:00,2700.318,RX,baseline,0011D2AB,1,5,01 00 00 AB D2
2026-09-28T15:22:28.783+00:00,2705.106,RX,baseline,00016358,1,7,01 00 00 0F 03 58 63
2026-09-28T15:22:28.783+00:00,2705.344,RX,baseline,00116358,1,5,01 00 00 58 63
2026-09-28T15:22:28.788+00:00,2710.118,RX,baseline,000192EE,1,7,01 00 00 0F 03 EE 92
2026-09-28T15:22:28.788+00:00,2710.219,RX,baseline,001192EE,1,5,01 00 00 EE 92
2026-09-28T15:22:28.793+00:00,2715.162,RX,baseline,00019C87,1,7,01 00 00 0F 03 87 9C
2026-09-28T15:22:28.793+00:00,2715.238,RX,baseline,00119C87,1,5,01 00 00 87 9C
2026-09-28T15:22:28.798+00:00,2720.287,RX,baseline,00015EB5,1,7,01 00 00 0F 03 B5 5E
2026-09-28T15:22:28.798+00:00,2720.456,RX,baseline,00115EB5,1,5,01 00 00 B5 5E
2026-09-28T15:22:28.803+00:00,2725.289,RX,baseline,000129FA,1,7,01 00 00 0F 03 FA 29
2026-09-28T15:22:28.803+00:00,2725.387,RX,baseline,001129FA,1,5,01 00 00 FA 29
2026-09-28T15:22:28.808+00:00,2730.260,RX,baseline,00012977,1,7,01 00 00 0F 03 77 29
2026-09-28T15:22:28.808+00:00,2730.408,RX,baseline,00112977,1,5,01 00 00 77 29
2026-09-28T15:22:28.813+00:00,2735.261,RX,baseline,0001F227,1,7,01 00 00 0F 03 27 F2
2026-09-28T15:22:28.813+00:00,2735.393,RX,baseline,0011F227,1,5,01 00 00 27 F2
2026-09-28T15:22:28.818+00:00,2740.260,RX,baseline,00016E5B,1,7,01 00 00 0F 03 5B 6E
2026-09-28T15:22:28.818+00:00,2740.317,RX,baseline,00116E5B,1,5,01 00 00 5B 6E
2026-09-28T15:22:28.823+00:00,2745.264,RX,baseline,00017B2F,1,7,01 00 00 0F 03 2F 7B
2026-09-28T15:22:28.823+00:00,2745.321,RX,baseline,00117B2F,1,5,01 00 00 2F 7B
2026-09-28T15:22:28.828+00:00,2750.095,RX,baseline,00011357,1,7,01 00 00 0F 03 57 13
2026-09-28T15:22:28.828+00:00,2750.316,RX,baseline,00111357,1,5,01 00 00 57 13
2026-09-28T15:22:28.833+00:00,2755.075,RX,baseline,000122A9,1,7,01 00 00 0F 03 A9 22
2026-09-28T15:22:28.833+00:00,2755.317,RX,baseline,001122A9,1,5,01 00 00 A9 22
2026-09-28T15:22:28.838+00:00,2760.093,RX,baseline,0001265E,1,7,01 00 00 0F 03 5E 26
2026-09-28T15:22:28.838+00:00,2760.333,RX,baseline,0011265E,1,5,01 00 00 5E 26
2026-09-28T15:22:28.843+00:00,2765.108,RX,baseline,00014A0B,1,7,01 00 00 0F 03 0B 4A
2026-09-28T15:22:28.843+00:00,2765.322,RX,baseline,00114A0B,1,5,01 00 00 0B 4A
2026-09-28T15:22:28.848+00:00,2770.317,RX,baseline,0001FC20,1,7,01 00 00 0F 03 20 FC
2026-09-28T15:22:28.848+00:00,2770.412,RX,baseline,0011FC20,1,5,01 00 00 20 FC
2026-09-28T15:22:28.853+00:00,2775.325,RX,baseline,00010AD6,1,7,01 00 00 0F 03 D6 0A
2026-09-28T15:22:28.853+00:00,2775.402,RX,baseline,00110AD6,1,5,01 00 00 D6 0A
2026-09-28T15:22:28.858+00:00,2780.223,RX,baseline,0001FFB2,1,7,01 00 00 0F 03 B2 FF
2026-09-28T15:22:28.858+00:00,2780.333,RX,baseline,0011FFB2,1,5,01 00 00 B2 FF
2026-09-28T15:22:28.863+00:00,2785.328,RX,baseline,0001DC67,1,7,01 00 00 0F 03 67 DC
2026-09-28T15:22:28.863+00:00,2785.419,RX,baseline,0011DC67,1,5,01 00 00 67 DC
2026-09-28T15:22:28.868+00:00,2790.277,RX,baseline,00012813,1,7,01 00 00 0F 03 13 28
2026-09-28T15:22:28.868+00:00,2790.355,RX,baseline,00112813,1,5,01 00 00 13 28
2026-09-28T15:22:28.873+00:00,2795.273,RX,baseline,00013226,1,7,01 00 00 0F 03 26 32
2026-09-28T15:22:28.873+00:00,2795.372,RX,baseline,00113226,1,5,01 00 00 26 32
2026-09-28T15:22:28.878+00:00,2800.223,RX,baseline,0001D06B,1,7,01 00 00 0F 03 6B D0
2026-09-28T15:22:28.878+00:00,2800.277,RX,baseline,0011D06B,1,5,01 00 00 6B D0
2026-09-28T15:22:28.883+00:00,2805.339,RX,baseline,00012B62,1,7,01 00 00 0F 03 62 2B
2026-09-28T15:22:28.883+00:00,2805.429,RX,baseline,00112B62,1,5,01 00 00 62 2B
2026-09-28T15:22:28.888+00:00,2810.320,RX,baseline,0001E577,1,7,01 00 00 0F 03 77 E5
2026-09-28T15:22:28.888+00:00,2810.413,RX,baseline,0011E577,1,5,01 00 00 77 E5
2026-09-28T15:22:28.893+00:00,2815.257,RX,baseline,00018B20,1,7,01 00 00 0F 03 20 8B
2026-09-28T15:22:28.893+00:00,2815.313,RX,baseline,00118B20,1,5,01 00 00 20 8B
2026-09-28T15:22:28.898+00:00,2820.075,RX,baseline,00010278,1,7,01 00 00 0F 03 78 02
2026-09-28T15:22:28.898+00:00,2820.314,RX,baseline,00110278,1,5,01 00 00 78 02
2026-09-28T15:22:28.903+00:00,2825.074,RX,baseline,000110A6,1,7,01 00 00 0F 03 A6 10
2026-09-28T15:22:28.903+00:00,2825.339,RX,baseline,001110A6,1,5,01 00 00 A6 10
2026-09-28T15:22:28.908+00:00,2830.074,RX,baseline,000125AC,1,7,01 00 00 0F 03 AC 25
2026-09-28T15:22:28.908+00:00,2830.320,RX,baseline,001125AC,1,5,01 00 00 AC 25
2026-09-28T15:22:28.913+00:00,2835.248,RX,baseline,00014282,1,7,01 00 00 0F 03 82 42
2026-09-28T15:22:28.913+00:00,2835.304,RX,baseline,00114282,1,5,01 00 00 82 42
2026-09-28T15:22:28.918+00:00,2840.102,RX,baseline,00017412,1,7,01 00 00 0F 03 12 74
2026-09-28T15:22:28.918+00:00,2840.330,RX,baseline,00117412,1,5,01 00 00 12 74
2026-09-28T15:22:28.923+00:00,2845.213,RX,baseline,0001C06A,1,7,01 00 00 0F 03 6A C0
2026-09-28T15:22:28.923+00:00,2845.306,RX,baseline,0011C06A,1,5,01 00 00 6A C0
2026-09-28T15:22:28.928+00:00,2850.301,RX,baseline,00010603,1,7,01 00 00 0F 03 03 06
2026-09-28T15:22:28.928+00:00,2850.371,RX,baseline,00110603,1,5,01 00 00 03 06
2026-09-28T15:22:28.933+00:00,2855.275,RX,baseline,0001951F,1,7,01 00 00 0F 03 1F 95
2026-09-28T15:22:28.933+00:00,2855.354,RX,baseline,0011951F,1,5,01 00 00 1F 95
2026-09-28T15:22:28.938+00:00,2860.227,RX,baseline,0001B1F1,1,7,01 00 00 0F 03 F1 B1
2026-09-28T15:22:28.938+00:00,2860.299,RX,baseline,0011B1F1,1,5,01 00 00 F1 B1
2026-09-28T15:22:28.943+00:00,2865.232,RX,baseline,0001043A,1,7,01 00 00 0F 03 3A 04
2026-09-28T15:22:28.943+00:00,2865.288,RX,baseline,0011043A,1,5,01 00 00 3A 04
2026-09-28T15:22:28.948+00:00,2870.173,RX,baseline,0001704A,1,7,01 00 00 0F 03 4A 70
2026-09-28T15:22:28.948+00:00,2870.352,RX,baseline,0011704A,1,5,01 00 00 4A 70
2026-09-28T15:22:28.953+00:00,2875.057,RX,baseline,0001A88B,1,7,01 00 00 0F 03 8B A8
2026-09-28T15:22:28.953+00:00,2875.291,RX,baseline,0011A88B,1,5,01 00 00 8B A8
2026-09-28T15:22:28.958+00:00,2880.052,RX,baseline,0001E744,1,7,01 00 00 0F 03 44 E7
2026-09-28T15:22:28.958+00:00,2880.309,RX,baseline,0011E744,1,5,01 00 00 44 E7
2026-09-28T15:22:28.963+00:00,2885.136,RX,baseline,00018278,1,7,01 00 00 0F 03 78 82
2026-09-28T15:22:28.963+00:00,2885.266,RX,baseline,00118278,1,5,01 00 00 78 82
2026-09-28T15:22:28.968+00:00,2890.131,RX,baseline,0001A728,1,7,01 00 00 0F 03 28 A7
2026-09-28T15:22:28.968+00:00,2890.260,RX,baseline,0011A728,1,5,01 00 00 28 A7
2026-09-28T15:22:28.973+00:00,2895.002,RX,baseline,00014679,1,7,01 00 00 0F 03 79 46
2026-09-28T15:22:28.973+00:00,2895.296,RX,baseline,00114679,1,5,01 00 00 79 46
2026-09-28T15:22:28.978+00:00,2900.076,RX,baseline,0001FF5D,1,7,01 00 00 0F 03 5D FF
2026-09-28T15:22:28.978+00:00,2900.409,RX,baseline,0011FF5D,1,5,01 00 00 5D FF
2026-09-28T15:22:28.983+00:00,2905.080,RX,baseline,00011AA1,1,7,01 00 00 0F 03 A1 1A
2026-09-28T15:22:28.983+00:00,2905.310,RX,baseline,00111AA1,1,5,01 00 00 A1 1A
2026-09-28T15:22:28.988+00:00,2910.129,RX,baseline,0001BE2E,1,7,01 00 00 0F 03 2E BE
2026-09-28T15:22:28.988+00:00,2910.223,RX,baseline,0011BE2E,1,5,01 00 00 2E BE
2026-09-28T15:22:28.993+00:00,2915.074,RX,baseline,0001BADE,1,7,01 00 00 0F 03 DE BA
2026-09-28T15:22:28.993+00:00,2915.301,RX,baseline,0011BADE,1,5,01 00 00 DE BA
2026-09-28T15:22:28.998+00:00,2920.227,RX,baseline,0001A92E,1,7,01 00 00 0F 03 2E A9
2026-09-28T15:22:28.998+00:00,2920.284,RX,baseline,0011A92E,1,5,01 00 00 2E A9
2026-09-28T15:22:29.003+00:00,2925.214,RX,baseline,00013E4F,1,7,01 00 00 0F 03 4F 3E
2026-09-28T15:22:29.003+00:00,2925.323,RX,baseline,00113E4F,1,5,01 00 00 4F 3E
2026-09-28T15:22:29.008+00:00,2930.175,RX,baseline,000145A9,1,7,01 00 00 0F 03 A9 45
2026-09-28T15:22:29.008+00:00,2930.252,RX,baseline,001145A9,1,5,01 00 00 A9 45
2026-09-28T15:22:29.013+00:00,2935.203,RX,baseline,0001A0DD,1,7,01 00 00 0F 03 DD A0
2026-09-28T15:22:29.013+00:00,2935.302,RX,baseline,0011A0DD,1,5,01 00 00 DD A0
2026-09-28T15:22:29.018+00:00,2940.235,RX,baseline,00017877,1,7,01 00 00 0F 03 77 78
2026-09-28T15:22:29.018+00:00,2940.293,RX,baseline,00117877,1,5,01 00 00 77 78
2026-09-28T15:22:29.023+00:00,2945.257,RX,baseline,00012702,1,7,01 00 00 0F 03 02 27
2026-09-28T15:22:29.023+00:00,2945.340,RX,baseline,00112702,1,5,01 00 00 02 27
2026-09-28T15:22:29.028+00:00,2950.235,RX,baseline,0001D238,1,7,01 00 00 0F 03 38 D2
2026-09-28T15:22:29.028+00:00,2950.291,RX,baseline,0011D238,1,5,01 00 00 38 D2
2026-09-28T15:22:29.033+00:00,2955.286,RX,baseline,0001B261,1,7,01 00 00 0F 03 61 B2
2026-09-28T15:22:29.033+00:00,2955.402,RX,baseline,0011B261,1,5,01 00 00 61 B2
2026-09-28T15:22:29.038+00:00,2960.272,RX,baseline,0001E8BB,1,7,01 00 00 0F 03 BB E8
2026-09-28T15:22:29.038+00:00,2960.373,RX,baseline,0011E8BB,1,5,01 00 00 BB E8
2026-09-28T15:22:29.043+00:00,2965.289,RX,baseline,0001409D,1,7,01 00 00 0F 03 9D 40
2026-09-28T15:22:29.043+00:00,2965.422,RX,baseline,0011409D,1,5,01 00 00 9D 40
2026-09-28T15:22:29.048+00:00,2970.053,RX,baseline,00018C20,1,7,01 00 00 0F 03 20 8C
2026-09-28T15:22:29.048+00:00,2970.297,RX,baseline,00118C20,1,5,01 00 00 20 8C
2026-09-28T15:22:29.053+00:00,2975.184,RX,baseline,00019E89,1,7,01 00 00 0F 03 89 9E
2026-09-28T15:22:29.053+00:00,2975.240,RX,baseline,00119E89,1,5,01 00 00 89 9E
2026-09-28T15:22:29.058+00:00,2980.155,RX,baseline,00016DF6,1,7,01 00 00 0F 03 F6 6D
2026-09-28T15:22:29.058+00:00,2980.247,RX,baseline,00116DF6,1,5,01 00 00 F6 6D
2026-09-28T15:22:29.063+00:00,2985.109,RX,baseline,000168B1,1,7,01 00 00 0F 03 B1 68
2026-09-28T15:22:29.063+00:00,2985.327,RX,baseline,001168B1,1,5,01 00 00 B1 68
2026-09-28T15:22:29.068+00:00,2990.029,RX,baseline,0001BA61,1,7,01 00 00 0F 03 61 BA
2026-09-28T15:22:29.068+00:00,2990.222,RX,baseline,0011BA61,1,5,01 00 00 61 BA
2026-09-28T15:22:29.073+00:00,2995.113,RX,baseline,0001C2C8,1,7,01 00 00 0F 03 C8 C2
2026-09-28T15:22:29.073+00:00,2995.270,RX,baseline,0011C2C8,1,5,01 00 00 C8 C2
2026-09-28T15:22:29.078+00:00,3000.041,RX,baseline,00018710,1,7,01 00 00 0F 03 10 87
2026-09-28T15:22:29.078+00:00,3000.282,RX,baseline,00118710,1,5,01 00 00 10 87
2026-09-28T15:22:29.083+00:00,3005.096,RX,baseline,00014A7C,1,7,01 00 00 0F 03 7C 4A
2026-09-28T15:22:29.083+00:00,3005.323,RX,baseline,00114A7C,1,5,01 00 00 7C 4A
2026-09-28T15:22:29.088+00:00,3010.097,RX,baseline,00015987,1,7,01 00 00 0F 03 87 59
2026-09-28T15:22:29.088+00:00,3010.331,RX,baseline,00115987,1,5,01 00 00 87 59
2026-09-28T15:22:29.093+00:00,3015.100,RX,baseline,00011EC7,1,7,01 00 00 0F 03 C7 1E
2026-09-28T15:22:29.093+00:00,3015.371,RX,baseline,00111EC7,1,5,01 00 00 C7 1E
2026-09-28T15:22:29.098+00:00,3020.128,RX,baseline,0001D20F,1,7,01 00 00 0F 03 0F D2
2026-09-28T15:22:29.098+00:00,3020.249,RX,baseline,0011D20F,1,5,01 00 00 0F D2
2026-09-28T15:22:29.103+00:00,3025.229,RX,baseline,00019BAF,1,7,01 00 00 0F 03 AF 9B
2026-09-28T15:22:29.103+00:00,3025.285,RX,baseline,00119BAF,1,5,01 00 00 AF 9B
2026-09-28T15:22:29.108+00:00,3030.100,RX,baseline,0001AA41,1,7,01 00 00 0F 03 41 AA
2026-09-28T15:22:29.108+00:00,3030.425,RX,baseline,0011AA41,1,5,01 00 00 41 AA
2026-09-28T15:22:29.113+00:00,3035.224,RX,baseline,00010710,1,7,01 00 00 0F 03 10 07
2026-09-28T15:22:29.113+00:00,3035.281,RX,baseline,00110710,1,5,01 00 00 10 07
2026-09-28T15:22:29.118+00:00,3040.223,RX,baseline,0001160E,1,7,01 00 00 0F 03 0E 16
2026-09-28T15:22:29.118+00:00,3040.280,RX,baseline,0011160E,1,5,01 00 00 0E 16
2026-09-28T15:22:29.123+00:00,3045.209,RX,baseline,000181F1,1,7,01 00 00 0F 03 F1 81
2026-09-28T15:22:29.123+00:00,3045.265,RX,baseline,001181F1,1,5,01 00 00 F1 81
2026-09-28T15:22:29.128+00:00,3050.054,RX,baseline,0001BFB3,1,7,01 00 00 0F 03 B3 BF
2026-09-28T15:22:29.128+00:00,3050.301,RX,baseline,0011BFB3,1,5,01 00 00 B3 BF
2026-09-28T15:22:29.133+00:00,3055.072,RX,baseline,0001026C,1,7,01 00 00 0F 03 6C 02
2026-09-28T15:22:29.133+00:00,3055.298,RX,baseline,0011026C,1,5,01 00 00 6C 02
2026-09-28T15:22:29.138+00:00,3060.056,RX,baseline,000152F1,1,7,01 00 00 0F 03 F1 52
2026-09-28T15:22:29.138+00:00,3060.286,RX,baseline,001152F1,1,5,01 00 00 F1 52
2026-09-28T15:22:29.143+00:00,3065.090,RX,baseline,0001D527,1,7,01 00 00 0F 03 27 D5
2026-09-28T15:22:29.143+00:00,3065.318,RX,baseline,0011D527,1,5,01 00 00 27 D5
2026-09-28T15:22:29.148+00:00,3070.205,RX,baseline,0001058B,1,7,01 00 00 0F 03 8B 05
2026-09-28T15:22:29.148+00:00,3070.283,RX,baseline,0011058B,1,5,01 00 00 8B 05
2026-09-28T15:22:29.153+00:00,3075.298,RX,baseline,00018E07,1,7,01 00 00 0F 03 07 8E
2026-09-28T15:22:29.153+00:00,3075.389,RX,baseline,00118E07,1,5,01 00 00 07 8E
2026-09-28T15:22:29.158+00:00,3080.210,RX,baseline,0001D2D4,1,7,01 00 00 0F 03 D4 D2
2026-09-28T15:22:29.158+00:00,3080.266,RX,baseline,0011D2D4,1,5,01 00 00 D4 D2
2026-09-28T15:22:29.163+00:00,3085.293,RX,baseline,00017E70,1,7,01 00 00 0F 03 70 7E
2026-09-28T15:22:29.163+00:00,3085.373,RX,baseline,00117E70,1,5,01 00 00 70 7E
2026-09-28T15:22:29.168+00:00,3090.239,RX,baseline,0001EDD4,1,7,01 00 00 0F 03 D4 ED
2026-09-28T15:22:29.168+00:00,3090.331,RX,baseline,0011EDD4,1,5,01 00 00 D4 ED
2026-09-28T15:22:29.173+00:00,3095.276,RX,baseline,00010458,1,7,01 00 00 0F 03 58 04
2026-09-28T15:22:29.173+00:00,3095.371,RX,baseline,00110458,1,5,01 00 00 58 04
2026-09-28T15:22:29.178+00:00,3100.237,RX,baseline,00014147,1,7,01 00 00 0F 03 47 41
2026-09-28T15:22:29.178+00:00,3100.296,RX,baseline,00114147,1,5,01 00 00 47 41
2026-09-28T15:22:29.183+00:00,3105.319,RX,baseline,0001B3F2,1,7,01 00 00 0F 03 F2 B3
2026-09-28T15:22:29.183+00:00,3105.432,RX,baseline,0011B3F2,1,5,01 00 00 F2 B3
2026-09-28T15:22:29.188+00:00,3110.209,RX,baseline,0001628C,1,7,01 00 00 0F 03 8C 62
2026-09-28T15:22:29.188+00:00,3110.266,RX,baseline,0011628C,1,5,01 00 00 8C 62
2026-09-28T15:22:29.193+00:00,3115.207,RX,baseline,00015AC2,1,7,01 00 00 0F 03 C2 5A
2026-09-28T15:22:29.193+00:00,3115.263,RX,baseline,00115AC2,1,5,01 00 00 C2 5A
2026-09-28T15:22:29.198+00:00,3120.118,RX,baseline,0001B03B,1,7,01 00 00 0F 03 3B B0
2026-09-28T15:22:29.198+00:00,3120.211,RX,baseline,0011B03B,1,5,01 00 00 3B B0
2026-09-28T15:22:29.203+00:00,3125.040,RX,baseline,00015157,1,7,01 00 00 0F 03 57 51
2026-09-28T15:22:29.203+00:00,3125.310,RX,baseline,00115157,1,5,01 00 00 57 51
2026-09-28T15:22:29.208+00:00,3130.110,RX,baseline,00015AF6,1,7,01 00 00 0F 03 F6 5A
2026-09-28T15:22:29.208+00:00,3130.231,RX,baseline,00115AF6,1,5,01 00 00 F6 5A
2026-09-28T15:22:29.213+00:00,3135.027,RX,baseline,0001E9F8,1,7,01 00 00 0F 03 F8 E9
2026-09-28T15:22:29.213+00:00,3135.275,RX,baseline,0011E9F8,1,5,01 00 00 F8 E9
2026-09-28T15:22:29.218+00:00,3140.040,RX,baseline,0001AEBA,1,7,01 00 00 0F 03 BA AE
2026-09-28T15:22:29.218+00:00,3140.284,RX,baseline,0011AEBA,1,5,01 00 00 BA AE
2026-09-28T15:22:29.223+00:00,3145.031,RX,baseline,00013114,1,7,01 00 00 0F 03 14 31
2026-09-28T15:22:29.223+00:00,3145.274,RX,baseline,00113114,1,5,01 00 00 14 31
2026-09-28T15:22:29.228+00:00,3150.173,RX,baseline,00017CB0,1,7,01 00 00 0F 03 B0 7C
2026-09-28T15:22:29.228+00:00,3150.279,RX,baseline,00117CB0,1,5,01 00 00 B0 7C
2026-09-28T15:22:29.233+00:00,3155.300,RX,baseline,00015124,1,7,01 00 00 0F 03 24 51
2026-09-28T15:22:29.233+00:00,3155.381,RX,baseline,00115124,1,5,01 00 00 24 51
2026-09-28T15:22:29.238+00:00,3160.191,RX,baseline,00015158,1,7,01 00 00 0F 03 58 51
2026-09-28T15:22:29.238+00:00,3160.260,RX,baseline,00115158,1,5,01 00 00 58 51
2026-09-28T15:22:29.243+00:00,3165.212,RX,baseline,0001726E,1,7,01 00 00 0F 03 6E 72
2026-09-28T15:22:29.243+00:00,3165.272,RX,baseline,0011726E,1,5,01 00 00 6E 72
2026-09-28T15:22:29.248+00:00,3170.026,RX,baseline,0001A083,1,7,01 00 00 0F 03 83 A0
2026-09-28T15:22:29.248+00:00,3170.269,RX,baseline,0011A083,1,5,01 00 00 83 A0
2026-09-28T15:22:29.253+00:00,3175.045,RX,baseline,00014BC7,1,7,01 00 00 0F 03 C7 4B
2026-09-28T15:22:29.253+00:00,3175.274,RX,baseline,00114BC7,1,5,01 00 00 C7 4B
2026-09-28T15:22:29.258+00:00,3180.026,RX,baseline,00014C6C,1,7,01 00 00 0F 03 6C 4C
2026-09-28T15:22:29.258+00:00,3180.273,RX,baseline,00114C6C,1,5,01 00 00 6C 4C
2026-09-28T15:22:29.263+00:00,3185.022,RX,baseline,0001C43D,1,7,01 00 00 0F 03 3D C4
2026-09-28T15:22:29.263+00:00,3185.265,RX,baseline,0011C43D,1,5,01 00 00 3D C4
2026-09-28T15:22:29.268+00:00,3190.029,RX,baseline,00015AFD,1,7,01 00 00 0F 03 FD 5A
2026-09-28T15:22:29.268+00:00,3190.272,RX,baseline,00115AFD,1,5,01 00 00 FD 5A
2026-09-28T15:22:29.273+00:00,3195.028,RX,baseline,00015E5E,1,7,01 00 00 0F 03 5E 5E
2026-09-28T15:22:29.273+00:00,3195.272,RX,baseline,00115E5E,1,5,01 00 00 5E 5E
2026-09-28T15:22:29.278+00:00,3200.137,RX,baseline,000103FE,1,7,01 00 00 0F 03 FE 03
2026-09-28T15:22:29.278+00:00,3200.244,RX,baseline,001103FE,1,5,01 00 00 FE 03
2026-09-28T15:22:29.283+00:00,3205.021,RX,baseline,0001C86E,1,7,01 00 00 0F 03 6E C8
2026-09-28T15:22:29.283+00:00,3205.289,RX,baseline,0011C86E,1,5,01 00 00 6E C8
2026-09-28T15:22:29.288+00:00,3210.019,RX,baseline,00018CBF,1,7,01 00 00 0F 03 BF 8C
2026-09-28T15:22:29.288+00:00,3210.288,RX,baseline,00118CBF,1,5,01 00 00 BF 8C
2026-09-28T15:22:29.293+00:00,3215.022,RX,baseline,0001C5C8,1,7,01 00 00 0F 03 C8 C5
2026-09-28T15:22:29.293+00:00,3215.263,RX,baseline,0011C5C8,1,5,01 00 00 C8 C5
2026-09-28T15:22:29.298+00:00,3220.108,RX,baseline,0001857E,1,7,01 00 00 0F 03 7E 85
2026-09-28T15:22:29.298+00:00,3220.274,RX,baseline,0011857E,1,5,01 00 00 7E 85
2026-09-28T15:22:29.303+00:00,3225.233,RX,baseline,00014C49,1,7,01 00 00 0F 03 49 4C
2026-09-28T15:22:29.303+00:00,3225.330,RX,baseline,00114C49,1,5,01 00 00 49 4C
2026-09-28T15:22:29.308+00:00,3230.222,RX,baseline,00010E95,1,7,01 00 00 0F 03 95 0E
2026-09-28T15:22:29.308+00:00,3230.297,RX,baseline,00110E95,1,5,01 00 00 95 0E
2026-09-28T15:22:29.313+00:00,3235.275,RX,baseline,0001416A,1,7,01 00 00 0F 03 6A 41
2026-09-28T15:22:29.313+00:00,3235.352,RX,baseline,0011416A,1,5,01 00 00 6A 41
2026-09-28T15:22:29.318+00:00,3240.231,RX,baseline,0001C739,1,7,01 00 00 0F 03 39 C7
2026-09-28T15:22:29.318+00:00,3240.316,RX,baseline,0011C739,1,5,01 00 00 39 C7
2026-09-28T15:22:29.323+00:00,3245.212,RX,baseline,0001B177,1,7,01 00 00 0F 03 77 B1
2026-09-28T15:22:29.323+00:00,3245.303,RX,baseline,0011B177,1,5,01 00 00 77 B1
2026-09-28T15:22:29.328+00:00,3250.187,RX,baseline,0001194A,1,7,01 00 00 0F 03 4A 19
2026-09-28T15:22:29.328+00:00,3250.245,RX,baseline,0011194A,1,5,01 00 00 4A 19
2026-09-28T15:22:29.333+00:00,3255.258,RX,baseline,0001DC0E,1,7,01 00 00 0F 03 0E DC
2026-09-28T15:22:29.333+00:00,3255.330,RX,baseline,0011DC0E,1,5,01 00 00 0E DC
2026-09-28T15:22:29.338+00:00,3260.023,RX,baseline,0001758B,1,7,01 00 00 0F 03 8B 75
2026-09-28T15:22:29.338+00:00,3260.291,RX,baseline,0011758B,1,5,01 00 00 8B 75
2026-09-28T15:22:29.343+00:00,3265.112,RX,baseline,000123C1,1,7,01 00 00 0F 03 C1 23
2026-09-28T15:22:29.343+00:00,3265.217,RX,baseline,001123C1,1,5,01 00 00 C1 23
2026-09-28T15:22:29.348+00:00,3270.065,RX,baseline,0001F538,1,7,01 00 00 0F 03 38 F5
2026-09-28T15:22:29.348+00:00,3270.288,RX,baseline,0011F538,1,5,01 00 00 38 F5
2026-09-28T15:22:29.353+00:00,3275.263,RX,baseline,0001C78E,1,7,01 00 00 0F 03 8E C7
2026-09-28T15:22:29.353+00:00,3275.319,RX,baseline,0011C78E,1,5,01 00 00 8E C7
2026-09-28T15:22:29.358+00:00,3280.256,RX,baseline,000149D4,1,7,01 00 00 0F 03 D4 49
2026-09-28T15:22:29.358+00:00,3280.312,RX,baseline,001149D4,1,5,01 00 00 D4 49
2026-09-28T15:22:29.363+00:00,3285.168,RX,baseline,0001FB98,1,7,01 00 00 0F 03 98 FB
2026-09-28T15:22:29.363+00:00,3285.260,RX,baseline,0011FB98,1,5,01 00 00 98 FB
2026-09-28T15:22:29.368+00:00,3290.244,RX,baseline,000175A2,1,7,01 00 00 0F 03 A2 75
2026-09-28T15:22:29.368+00:00,3290.316,RX,baseline,001175A2,1,5,01 00 00 A2 75
2026-09-28T15:22:29.373+00:00,3295.229,RX,baseline,00010F35,1,7,01 00 00 0F 03 35 0F
2026-09-28T15:22:29.373+00:00,3295.273,RX,baseline,00110F35,1,5,01 00 00 35 0F
2026-09-28T15:22:29.378+00:00,3300.222,RX,baseline,0001E32B,1,7,01 00 00 0F 03 2B E3
2026-09-28T15:22:29.378+00:00,3300.278,RX,baseline,0011E32B,1,5,01 00 00 2B E3
2026-09-28T15:22:29.383+00:00,3305.221,RX,baseline,00010157,1,7,01 00 00 0F 03 57 01
2026-09-28T15:22:29.383+00:00,3305.316,RX,baseline,00110157,1,5,01 00 00 57 01
2026-09-28T15:22:29.388+00:00,3310.088,RX,baseline,000193C0,1,7,01 00 00 0F 03 C0 93
2026-09-28T15:22:29.388+00:00,3310.190,RX,baseline,001193C0,1,5,01 00 00 C0 93
2026-09-28T15:22:29.393+00:00,3315.116,RX,baseline,000190E0,1,7,01 00 00 0F 03 E0 90
2026-09-28T15:22:29.393+00:00,3315.170,RX,baseline,001190E0,1,5,01 00 00 E0 90
2026-09-28T15:22:29.398+00:00,3320.031,RX,baseline,0001F0D3,1,7,01 00 00 0F 03 D3 F0
2026-09-28T15:22:29.398+00:00,3320.254,RX,baseline,0011F0D3,1,5,01 00 00 D3 F0
2026-09-28T15:22:29.403+00:00,3325.259,RX,baseline,0001D54A,1,7,01 00 00 0F 03 4A D5
2026-09-28T15:22:29.403+00:00,3325.330,RX,baseline,0011D54A,1,5,01 00 00 4A D5
2026-09-28T15:22:29.408+00:00,3330.044,RX,baseline,0001F99E,1,7,01 00 00 0F 03 9E F9
2026-09-28T15:22:29.408+00:00,3330.280,RX,baseline,0011F99E,1,5,01 00 00 9E F9
2026-09-28T15:22:29.413+00:00,3335.179,RX,baseline,0001B8E6,1,7,01 00 00 0F 03 E6 B8
2026-09-28T15:22:29.413+00:00,3335.236,RX,baseline,0011B8E6,1,5,01 00 00 E6 B8
2026-09-28T15:22:29.418+00:00,3339.998,RX,baseline,00014671,1,7,01 00 00 0F 03 71 46
2026-09-28T15:22:29.418+00:00,3340.237,RX,baseline,00114671,1,5,01 00 00 71 46
2026-09-28T15:22:29.423+00:00,3345.069,RX,baseline,0001206E,1,7,01 00 00 0F 03 6E 20
2026-09-28T15:22:29.423+00:00,3345.199,RX,baseline,0011206E,1,5,01 00 00 6E 20
2026-09-28T15:22:29.428+00:00,3350.164,RX,baseline,00019CA4,1,7,01 00 00 0F 03 A4 9C
2026-09-28T15:22:29.428+00:00,3350.221,RX,baseline,00119CA4,1,5,01 00 00 A4 9C
2026-09-28T15:22:29.433+00:00,3355.052,RX,baseline,000144BC,1,7,01 00 00 0F 03 BC 44
2026-09-28T15:22:29.433+00:00,3355.293,RX,baseline,001144BC,1,5,01 00 00 BC 44
2026-09-28T15:22:29.438+00:00,3359.997,RX,baseline,0001CDFA,1,7,01 00 00 0F 03 FA CD
2026-09-28T15:22:29.438+00:00,3360.243,RX,baseline,0011CDFA,1,5,01 00 00 FA CD
2026-09-28T15:22:29.443+00:00,3364.997,RX,baseline,0001F9F5,1,7,01 00 00 0F 03 F5 F9
2026-09-28T15:22:29.443+00:00,3365.260,RX,baseline,0011F9F5,1,5,01 00 00 F5 F9
2026-09-28T15:22:29.448+00:00,3370.184,RX,baseline,00013BF3,1,7,01 00 00 0F 03 F3 3B
2026-09-28T15:22:29.448+00:00,3370.264,RX,baseline,00113BF3,1,5,01 00 00 F3 3B
2026-09-28T15:22:29.453+00:00,3375.232,RX,baseline,00013457,1,7,01 00 00 0F 03 57 34
2026-09-28T15:22:29.453+00:00,3375.337,RX,baseline,00113457,1,5,01 00 00 57 34
2026-09-28T15:22:29.458+00:00,3380.193,RX,baseline,0001C36D,1,7,01 00 00 0F 03 6D C3
2026-09-28T15:22:29.458+00:00,3380.251,RX,baseline,0011C36D,1,5,01 00 00 6D C3
2026-09-28T15:22:29.463+00:00,3385.256,RX,baseline,00012190,1,7,01 00 00 0F 03 90 21
2026-09-28T15:22:29.463+00:00,3385.336,RX,baseline,00112190,1,5,01 00 00 90 21
2026-09-28T15:22:29.468+00:00,3390.197,RX,baseline,0001F676,1,7,01 00 00 0F 03 76 F6
2026-09-28T15:22:29.468+00:00,3390.277,RX,baseline,0011F676,1,5,01 00 00 76 F6
2026-09-28T15:22:29.473+00:00,3395.252,RX,baseline,0001764F,1,7,01 00 00 0F 03 4F 76
2026-09-28T15:22:29.473+00:00,3395.331,RX,baseline,0011764F,1,5,01 00 00 4F 76
2026-09-28T15:22:29.478+00:00,3400.211,RX,baseline,00019E44,1,7,01 00 00 0F 03 44 9E
2026-09-28T15:22:29.478+00:00,3400.297,RX,baseline,00119E44,1,5,01 00 00 44 9E
2026-09-28T15:22:29.483+00:00,3405.194,RX,baseline,0001766A,1,7,01 00 00 0F 03 6A 76
2026-09-28T15:22:29.483+00:00,3405.882,RX,baseline,0011766A,1,5,01 00 00 6A 76
2026-09-28T15:22:29.488+00:00,3409.992,RX,baseline,0001E8B3,1,7,01 00 00 0F 03 B3 E8
2026-09-28T15:22:29.488+00:00,3410.285,RX,baseline,0011E8B3,1,5,01 00 00 B3 E8
2026-09-28T15:22:29.493+00:00,3415.252,RX,baseline,0001CAC8,1,7,01 00 00 0F 03 C8 CA
2026-09-28T15:22:29.493+00:00,3415.347,RX,baseline,0011CAC8,1,5,01 00 00 C8 CA
2026-09-28T15:22:29.498+00:00,3420.270,RX,baseline,000138AA,1,7,01 00 00 0F 03 AA 38
2026-09-28T15:22:29.498+00:00,3420.340,RX,baseline,001138AA,1,5,01 00 00 AA 38
2026-09-28T15:22:29.503+00:00,3425.079,RX,baseline,000116F5,1,7,01 00 00 0F 03 F5 16
2026-09-28T15:22:29.503+00:00,3425.185,RX,baseline,001116F5,1,5,01 00 00 F5 16
2026-09-28T15:22:29.508+00:00,3430.077,RX,baseline,0001B265,1,7,01 00 00 0F 03 65 B2
2026-09-28T15:22:29.508+00:00,3430.169,RX,baseline,0011B265,1,5,01 00 00 65 B2
2026-09-28T15:22:29.513+00:00,3435.081,RX,baseline,00019510,1,7,01 00 00 0F 03 10 95
2026-09-28T15:22:29.513+00:00,3435.213,RX,baseline,00119510,1,5,01 00 00 10 95
2026-09-28T15:22:29.518+00:00,3440.044,RX,baseline,0001D46D,1,7,01 00 00 0F 03 6D D4
2026-09-28T15:22:29.518+00:00,3440.296,RX,baseline,0011D46D,1,5,01 00 00 6D D4
2026-09-28T15:22:29.523+00:00,3445.059,RX,baseline,0001D968,1,7,01 00 00 0F 03 68 D9
2026-09-28T15:22:29.523+00:00,3445.292,RX,baseline,0011D968,1,5,01 00 00 68 D9
2026-09-28T15:22:29.528+00:00,3450.002,RX,baseline,0001FBCA,1,7,01 00 00 0F 03 CA FB
2026-09-28T15:22:29.528+00:00,3450.231,RX,baseline,0011FBCA,1,5,01 00 00 CA FB
2026-09-28T15:22:29.533+00:00,3455.233,RX,baseline,0001AC07,1,7,01 00 00 0F 03 07 AC
2026-09-28T15:22:29.533+00:00,3455.293,RX,baseline,0011AC07,1,5,01 00 00 07 AC
2026-09-28T15:22:29.538+00:00,3460.134,RX,baseline,00012DB1,1,7,01 00 00 0F 03 B1 2D
2026-09-28T15:22:29.538+00:00,3460.205,RX,baseline,00112DB1,1,5,01 00 00 B1 2D
2026-09-28T15:22:29.543+00:00,3465.157,RX,baseline,00018103,1,7,01 00 00 0F 03 03 81
2026-09-28T15:22:29.543+00:00,3465.233,RX,baseline,00118103,1,5,01 00 00 03 81
2026-09-28T15:22:29.548+00:00,3470.000,RX,baseline,000116BB,1,7,01 00 00 0F 03 BB 16
2026-09-28T15:22:29.548+00:00,3470.264,RX,baseline,001116BB,1,5,01 00 00 BB 16
2026-09-28T15:22:29.553+00:00,3475.070,RX,baseline,00011D41,1,7,01 00 00 0F 03 41 1D
2026-09-28T15:22:29.553+00:00,3475.199,RX,baseline,00111D41,1,5,01 00 00 41 1D
2026-09-28T15:22:29.558+00:00,3480.255,RX,baseline,00018F69,1,7,01 00 00 0F 03 69 8F
2026-09-28T15:22:29.558+00:00,3480.326,RX,baseline,00118F69,1,5,01 00 00 69 8F
2026-09-28T15:22:29.563+00:00,3484.998,RX,baseline,00011C18,1,7,01 00 00 0F 03 18 1C
2026-09-28T15:22:29.563+00:00,3485.258,RX,baseline,00111C18,1,5,01 00 00 18 1C
2026-09-28T15:22:29.568+00:00,3490.184,RX,baseline,0001877F,1,7,01 00 00 0F 03 7F 87
2026-09-28T15:22:29.568+00:00,3490.240,RX,baseline,0011877F,1,5,01 00 00 7F 87
2026-09-28T15:22:29.573+00:00,3495.048,RX,baseline,000106ED,1,7,01 00 00 0F 03 ED 06
2026-09-28T15:22:29.573+00:00,3495.282,RX,baseline,001106ED,1,5,01 00 00 ED 06
2026-09-28T15:22:29.578+00:00,3500.179,RX,baseline,0001D985,1,7,01 00 00 0F 03 85 D9
2026-09-28T15:22:29.578+00:00,3500.236,RX,baseline,0011D985,1,5,01 00 00 85 D9
2026-09-28T15:22:29.583+00:00,3504.993,RX,baseline,000156C9,1,7,01 00 00 0F 03 C9 56
2026-09-28T15:22:29.583+00:00,3505.261,RX,baseline,001156C9,1,5,01 00 00 C9 56
2026-09-28T15:22:29.588+00:00,3510.082,RX,baseline,0001955F,1,7,01 00 00 0F 03 5F 95
2026-09-28T15:22:29.588+00:00,3510.175,RX,baseline,0011955F,1,5,01 00 00 5F 95
2026-09-28T15:22:29.593+00:00,3514.978,RX,baseline,00016873,1,7,01 00 00 0F 03 73 68
2026-09-28T15:22:29.593+00:00,3515.239,RX,baseline,00116873,1,5,01 00 00 73 68
2026-09-28T15:22:29.598+00:00,3520.164,RX,baseline,00019CEA,1,7,01 00 00 0F 03 EA 9C
2026-09-28T15:22:29.598+00:00,3520.235,RX,baseline,00119CEA,1,5,01 00 00 EA 9C
2026-09-28T15:22:29.603+00:00,3525.170,RX,baseline,0001AE90,1,7,01 00 00 0F 03 90 AE
2026-09-28T15:22:29.603+00:00,3525.262,RX,baseline,0011AE90,1,5,01 00 00 90 AE
2026-09-28T15:22:29.608+00:00,3530.142,RX,baseline,0001DEF9,1,7,01 00 00 0F 03 F9 DE
2026-09-28T15:22:29.608+00:00,3530.242,RX,baseline,0011DEF9,1,5,01 00 00 F9 DE
2026-09-28T15:22:29.613+00:00,3535.183,RX,baseline,0001EDDF,1,7,01 00 00 0F 03 DF ED
2026-09-28T15:22:29.613+00:00,3535.267,RX,baseline,0011EDDF,1,5,01 00 00 DF ED
2026-09-28T15:22:29.618+00:00,3540.142,RX,baseline,00012525,1,7,01 00 00 0F 03 25 25
2026-09-28T15:22:29.618+00:00,3540.232,RX,baseline,00112525,1,5,01 00 00 25 25
2026-09-28T15:22:29.623+00:00,3545.205,RX,baseline,0001F282,1,7,01 00 00 0F 03 82 F2
2026-09-28T15:22:29.623+00:00,3545.294,RX,baseline,0011F282,1,5,01 00 00 82 F2
2026-09-28T15:22:29.628+00:00,3550.141,RX,baseline,0001DA54,1,7,01 00 00 0F 03 54 DA
2026-09-28T15:22:29.628+00:00,3550.217,RX,baseline,0011DA54,1,5,01 00 00 54 DA
2026-09-28T15:22:29.633+00:00,3555.168,RX,baseline,0001C1FF,1,7,01 00 00 0F 03 FF C1
2026-09-28T15:22:29.633+00:00,3555.224,RX,baseline,0011C1FF,1,5,01 00 00 FF C1
2026-09-28T15:22:29.638+00:00,3560.003,RX,baseline,000183DE,1,7,01 00 00 0F 03 DE 83
2026-09-28T15:22:29.638+00:00,3560.251,RX,baseline,001183DE,1,5,01 00 00 DE 83
2026-09-28T15:22:29.643+00:00,3565.073,RX,baseline,00016453,1,7,01 00 00 0F 03 53 64
2026-09-28T15:22:29.643+00:00,3565.167,RX,baseline,00116453,1,5,01 00 00 53 64
2026-09-28T15:22:29.648+00:00,3570.149,RX,baseline,000178B7,1,7,01 00 00 0F 03 B7 78
2026-09-28T15:22:29.648+00:00,3570.233,RX,baseline,001178B7,1,5,01 00 00 B7 78
2026-09-28T15:22:29.653+00:00,3575.224,RX,baseline,0001674E,1,7,01 00 00 0F 03 4E 67
2026-09-28T15:22:29.653+00:00,3575.283,RX,baseline,0011674E,1,5,01 00 00 4E 67
2026-09-28T15:22:29.658+00:00,3580.123,RX,baseline,0001AA0D,1,7,01 00 00 0F 03 0D AA
2026-09-28T15:22:29.658+00:00,3580.216,RX,baseline,0011AA0D,1,5,01 00 00 0D AA
2026-09-28T15:22:29.663+00:00,3585.167,RX,baseline,00012E18,1,7,01 00 00 0F 03 18 2E
2026-09-28T15:22:29.663+00:00,3585.225,RX,baseline,00112E18,1,5,01 00 00 18 2E
2026-09-28T15:22:29.668+00:00,3590.203,RX,baseline,0001B239,1,7,01 00 00 0F 03 39 B2
2026-09-28T15:22:29.668+00:00,3590.260,RX,baseline,0011B239,1,5,01 00 00 39 B2
2026-09-28T15:22:29.673+00:00,3595.245,RX,baseline,00016F8E,1,7,01 00 00 0F 03 8E 6F
2026-09-28T15:22:29.673+00:00,3595.290,RX,baseline,00116F8E,1,5,01 00 00 8E 6F
2026-09-28T15:22:29.678+00:00,3600.175,RX,baseline,00016EEE,1,7,01 00 00 0F 03 EE 6E
2026-09-28T15:22:29.678+00:00,3600.243,RX,baseline,00116EEE,1,5,01 00 00 EE 6E
2026-09-28T15:22:29.683+00:00,3605.204,RX,baseline,00018CCF,1,7,01 00 00 0F 03 CF 8C
2026-09-28T15:22:29.683+00:00,3605.262,RX,baseline,00118CCF,1,5,01 00 00 CF 8C
2026-09-28T15:22:29.688+00:00,3610.165,RX,baseline,00010917,1,7,01 00 00 0F 03 17 09
2026-09-28T15:22:29.688+00:00,3610.256,RX,baseline,00110917,1,5,01 00 00 17 09
2026-09-28T15:22:29.693+00:00,3615.119,RX,baseline,00016637,1,7,01 00 00 0F 03 37 66
2026-09-28T15:22:29.693+00:00,3615.214,RX,baseline,00116637,1,5,01 00 00 37 66
2026-09-28T15:22:29.698+00:00,3619.978,RX,baseline,0001ACB5,1,7,01 00 00 0F 03 B5 AC
2026-09-28T15:22:29.698+00:00,3620.222,RX,baseline,0011ACB5,1,5,01 00 00 B5 AC
2026-09-28T15:22:29.703+00:00,3624.974,RX,baseline,00014B9F,1,7,01 00 00 0F 03 9F 4B
2026-09-28T15:22:29.703+00:00,3625.232,RX,baseline,00114B9F,1,5,01 00 00 9F 4B
2026-09-28T15:22:29.708+00:00,3629.975,RX,baseline,000124C7,1,7,01 00 00 0F 03 C7 24
2026-09-28T15:22:29.708+00:00,3630.223,RX,baseline,001124C7,1,5,01 00 00 C7 24
2026-09-28T15:22:29.713+00:00,3635.156,RX,baseline,00019992,1,7,01 00 00 0F 03 92 99
2026-09-28T15:22:29.713+00:00,3635.212,RX,baseline,00119992,1,5,01 00 00 92 99
2026-09-28T15:22:29.718+00:00,3639.975,RX,baseline,00014300,1,7,01 00 00 0F 03 00 43
2026-09-28T15:22:29.718+00:00,3640.220,RX,baseline,00114300,1,5,01 00 00 00 43
2026-09-28T15:22:29.723+00:00,3644.930,RX,baseline,0001E7DE,1,7,01 00 00 0F 03 DE E7
2026-09-28T15:22:29.723+00:00,3645.180,RX,baseline,0011E7DE,1,5,01 00 00 DE E7
2026-09-28T15:22:29.728+00:00,3649.930,RX,baseline,000164D0,1,7,01 00 00 0F 03 D0 64
2026-09-28T15:22:29.728+00:00,3650.347,RX,baseline,001164D0,1,5,01 00 00 D0 64
2026-09-28T15:22:29.733+00:00,3654.993,RX,baseline,0001DAA3,1,7,01 00 00 0F 03 A3 DA
2026-09-28T15:22:29.733+00:00,3655.106,RX,baseline,0011DAA3,1,5,01 00 00 A3 DA
2026-09-28T15:22:29.738+00:00,3660.007,RX,baseline,00012B10,1,7,01 00 00 0F 03 10 2B
2026-09-28T15:22:29.738+00:00,3660.119,RX,baseline,00112B10,1,5,01 00 00 10 2B
2026-09-28T15:22:29.743+00:00,3664.940,RX,baseline,0001F9D6,1,7,01 00 00 0F 03 D6 F9
2026-09-28T15:22:29.743+00:00,3665.179,RX,baseline,0011F9D6,1,5,01 00 00 D6 F9
2026-09-28T15:22:29.748+00:00,3669.954,RX,baseline,00016B57,1,7,01 00 00 0F 03 57 6B
2026-09-28T15:22:29.748+00:00,3670.186,RX,baseline,00116B57,1,5,01 00 00 57 6B
2026-09-28T15:22:29.753+00:00,3674.934,RX,baseline,00015FCB,1,7,01 00 00 0F 03 CB 5F
2026-09-28T15:22:29.753+00:00,3675.181,RX,baseline,00115FCB,1,5,01 00 00 CB 5F
2026-09-28T15:22:29.758+00:00,3679.920,RX,baseline,00018DB6,1,7,01 00 00 0F 03 B6 8D
2026-09-28T15:22:29.758+00:00,3680.156,RX,baseline,00118DB6,1,5,01 00 00 B6 8D
2026-09-28T15:22:29.763+00:00,3685.039,RX,baseline,00018E46,1,7,01 00 00 0F 03 46 8E
2026-09-28T15:22:29.763+00:00,3685.162,RX,baseline,00118E46,1,5,01 00 00 46 8E
2026-09-28T15:22:29.768+00:00,3690.152,RX,baseline,00019F78,1,7,01 00 00 0F 03 78 9F
2026-09-28T15:22:29.768+00:00,3690.235,RX,baseline,00119F78,1,5,01 00 00 78 9F
2026-09-28T15:22:29.773+00:00,3695.088,RX,baseline,00019228,1,7,01 00 00 0F 03 28 92
2026-09-28T15:22:29.773+00:00,3695.217,RX,baseline,00119228,1,5,01 00 00 28 92
2026-09-28T15:22:29.778+00:00,3700.044,RX,baseline,0001CB0E,1,7,01 00 00 0F 03 0E CB
2026-09-28T15:22:29.778+00:00,3700.275,RX,baseline,0011CB0E,1,5,01 00 00 0E CB
2026-09-28T15:22:29.783+00:00,3705.002,RX,baseline,00015CA9,1,7,01 00 00 0F 03 A9 5C
2026-09-28T15:22:29.783+00:00,3705.274,RX,baseline,00115CA9,1,5,01 00 00 A9 5C
2026-09-28T15:22:29.788+00:00,3709.997,RX,baseline,0001DF59,1,7,01 00 00 0F 03 59 DF
2026-09-28T15:22:29.788+00:00,3710.219,RX,baseline,0011DF59,1,5,01 00 00 59 DF
2026-09-28T15:22:29.793+00:00,3715.157,RX,baseline,0001D1C2,1,7,01 00 00 0F 03 C2 D1
2026-09-28T15:22:29.793+00:00,3715.229,RX,baseline,0011D1C2,1,5,01 00 00 C2 D1
2026-09-28T15:22:29.798+00:00,3720.158,RX,baseline,00018FEE,1,7,01 00 00 0F 03 EE 8F
2026-09-28T15:22:29.798+00:00,3720.276,RX,baseline,00118FEE,1,5,01 00 00 EE 8F
2026-09-28T15:22:29.803+00:00,3725.205,RX,baseline,00012A39,1,7,01 00 00 0F 03 39 2A
2026-09-28T15:22:29.803+00:00,3725.295,RX,baseline,00112A39,1,5,01 00 00 39 2A
2026-09-28T15:22:29.808+00:00,3730.173,RX,baseline,0001EDFE,1,7,01 00 00 0F 03 FE ED
2026-09-28T15:22:29.808+00:00,3730.249,RX,baseline,0011EDFE,1,5,01 00 00 FE ED
2026-09-28T15:22:29.813+00:00,3735.195,RX,baseline,00015067,1,7,01 00 00 0F 03 67 50
2026-09-28T15:22:29.813+00:00,3735.288,RX,baseline,00115067,1,5,01 00 00 67 50
2026-09-28T15:22:29.818+00:00,3740.132,RX,baseline,0001E51B,1,7,01 00 00 0F 03 1B E5
2026-09-28T15:22:29.818+00:00,3740.200,RX,baseline,0011E51B,1,5,01 00 00 1B E5
2026-09-28T15:22:29.823+00:00,3745.204,RX,baseline,000109B2,1,7,01 00 00 0F 03 B2 09
2026-09-28T15:22:29.823+00:00,3745.283,RX,baseline,001109B2,1,5,01 00 00 B2 09
2026-09-28T15:22:29.828+00:00,3750.156,RX,baseline,00011CDD,1,7,01 00 00 0F 03 DD 1C
2026-09-28T15:22:29.828+00:00,3750.213,RX,baseline,00111CDD,1,5,01 00 00 DD 1C
2026-09-28T15:22:29.833+00:00,3754.972,RX,baseline,0001EF51,1,7,01 00 00 0F 03 51 EF
2026-09-28T15:22:29.833+00:00,3755.241,RX,baseline,0011EF51,1,5,01 00 00 51 EF
2026-09-28T15:22:29.838+00:00,3759.963,RX,baseline,00013840,1,7,01 00 00 0F 03 40 38
2026-09-28T15:22:29.838+00:00,3760.202,RX,baseline,00113840,1,5,01 00 00 40 38
2026-09-28T15:22:29.843+00:00,3764.957,RX,baseline,0001BFD6,1,7,01 00 00 0F 03 D6 BF
2026-09-28T15:22:29.843+00:00,3765.222,RX,baseline,0011BFD6,1,5,01 00 00 D6 BF
2026-09-28T15:22:29.848+00:00,3770.132,RX,baseline,0001C531,1,7,01 00 00 0F 03 31 C5
2026-09-28T15:22:29.848+00:00,3770.188,RX,baseline,0011C531,1,5,01 00 00 31 C5
2026-09-28T15:22:29.853+00:00,3775.186,RX,baseline,0001DB8C,1,7,01 00 00 0F 03 8C DB
2026-09-28T15:22:29.853+00:00,3775.265,RX,baseline,0011DB8C,1,5,01 00 00 8C DB
2026-09-28T15:22:29.858+00:00,3780.142,RX,baseline,0001829E,1,7,01 00 00 0F 03 9E 82
2026-09-28T15:22:29.858+00:00,3780.225,RX,baseline,0011829E,1,5,01 00 00 9E 82
2026-09-28T15:22:29.863+00:00,3785.187,RX,baseline,0001FCB3,1,7,01 00 00 0F 03 B3 FC
2026-09-28T15:22:29.863+00:00,3785.280,RX,baseline,0011FCB3,1,5,01 00 00 B3 FC
2026-09-28T15:22:29.868+00:00,3790.168,RX,baseline,0001E50E,1,7,01 00 00 0F 03 0E E5
2026-09-28T15:22:29.868+00:00,3790.265,RX,baseline,0011E50E,1,5,01 00 00 0E E5
2026-09-28T15:22:29.873+00:00,3795.238,RX,baseline,0001A11A,1,7,01 00 00 0F 03 1A A1
2026-09-28T15:22:29.873+00:00,3795.330,RX,baseline,0011A11A,1,5,01 00 00 1A A1
2026-09-28T15:22:29.878+00:00,3800.161,RX,baseline,00012D83,1,7,01 00 00 0F 03 83 2D
2026-09-28T15:22:29.878+00:00,3800.252,RX,baseline,00112D83,1,5,01 00 00 83 2D
2026-09-28T15:22:29.883+00:00,3804.907,RX,baseline,0001C9A5,1,7,01 00 00 0F 03 A5 C9
2026-09-28T15:22:29.883+00:00,3805.233,RX,baseline,0011C9A5,1,5,01 00 00 A5 C9
2026-09-28T15:22:29.888+00:00,3810.132,RX,baseline,0001B837,1,7,01 00 00 0F 03 37 B8
2026-09-28T15:22:29.888+00:00,3810.189,RX,baseline,0011B837,1,5,01 00 00 37 B8
2026-09-28T15:22:29.893+00:00,3815.183,RX,baseline,0001C8D2,1,7,01 00 00 0F 03 D2 C8
2026-09-28T15:22:29.893+00:00,3815.262,RX,baseline,0011C8D2,1,5,01 00 00 D2 C8
2026-09-28T15:22:29.898+00:00,3819.949,RX,baseline,0001587B,1,7,01 00 00 0F 03 7B 58
2026-09-28T15:22:29.898+00:00,3820.205,RX,baseline,0011587B,1,5,01 00 00 7B 58
2026-09-28T15:22:29.903+00:00,3825.043,RX,baseline,0001B01D,1,7,01 00 00 0F 03 1D B0
2026-09-28T15:22:29.903+00:00,3825.121,RX,baseline,0011B01D,1,5,01 00 00 1D B0
2026-09-28T15:22:29.908+00:00,3830.025,RX,baseline,000130B2,1,7,01 00 00 0F 03 B2 30
2026-09-28T15:22:29.908+00:00,3830.130,RX,baseline,001130B2,1,5,01 00 00 B2 30
2026-09-28T15:22:29.913+00:00,3834.992,RX,baseline,0001C90B,1,7,01 00 00 0F 03 0B C9
2026-09-28T15:22:29.913+00:00,3835.195,RX,baseline,0011C90B,1,5,01 00 00 0B C9
2026-09-28T15:22:29.918+00:00,3839.954,RX,baseline,0001BD47,1,7,01 00 00 0F 03 47 BD
2026-09-28T15:22:29.918+00:00,3840.191,RX,baseline,0011BD47,1,5,01 00 00 47 BD
2026-09-28T15:22:29.923+00:00,3844.974,RX,baseline,0001351F,1,7,01 00 00 0F 03 1F 35
2026-09-28T15:22:29.923+00:00,3845.196,RX,baseline,0011351F,1,5,01 00 00 1F 35
2026-09-28T15:22:29.928+00:00,3849.955,RX,baseline,00019B17,1,7,01 00 00 0F 03 17 9B
2026-09-28T15:22:29.928+00:00,3850.194,RX,baseline,00119B17,1,5,01 00 00 17 9B
2026-09-28T15:22:29.933+00:00,3855.065,RX,baseline,0001BCFC,1,7,01 00 00 0F 03 FC BC
2026-09-28T15:22:29.933+00:00,3855.222,RX,baseline,0011BCFC,1,5,01 00 00 FC BC
2026-09-28T15:22:29.938+00:00,3860.114,RX,baseline,0001D591,1,7,01 00 00 0F 03 91 D5
2026-09-28T15:22:29.938+00:00,3860.172,RX,baseline,0011D591,1,5,01 00 00 91 D5
2026-09-28T15:22:29.943+00:00,3865.025,RX,baseline,0001058C,1,7,01 00 00 0F 03 8C 05
2026-09-28T15:22:29.943+00:00,3865.166,RX,baseline,0011058C,1,5,01 00 00 8C 05
2026-09-28T15:22:29.948+00:00,3869.971,RX,baseline,000122AB,1,7,01 00 00 0F 03 AB 22
2026-09-28T15:22:29.948+00:00,3870.206,RX,baseline,001122AB,1,5,01 00 00 AB 22
2026-09-28T15:22:29.953+00:00,3874.947,RX,baseline,00013AE0,1,7,01 00 00 0F 03 E0 3A
2026-09-28T15:22:29.953+00:00,3875.183,RX,baseline,00113AE0,1,5,01 00 00 E0 3A
2026-09-28T15:22:29.958+00:00,3879.950,RX,baseline,0001E65C,1,7,01 00 00 0F 03 5C E6
2026-09-28T15:22:29.958+00:00,3880.238,RX,baseline,0011E65C,1,5,01 00 00 5C E6
2026-09-28T15:22:29.963+00:00,3885.027,RX,baseline,00015B24,1,7,01 00 00 0F 03 24 5B
2026-09-28T15:22:29.963+00:00,3885.115,RX,baseline,00115B24,1,5,01 00 00 24 5B
2026-09-28T15:22:29.968+00:00,3890.029,RX,baseline,00016530,1,7,01 00 00 0F 03 30 65
2026-09-28T15:22:29.968+00:00,3890.119,RX,baseline,00116530,1,5,01 00 00 30 65
2026-09-28T15:22:29.973+00:00,3895.145,RX,baseline,000130DC,1,7,01 00 00 0F 03 DC 30
2026-09-28T15:22:29.973+00:00,3895.237,RX,baseline,001130DC,1,5,01 00 00 DC 30
2026-09-28T15:22:29.978+00:00,3900.110,RX,baseline,00010D3D,1,7,01 00 00 0F 03 3D 0D
2026-09-28T15:22:29.978+00:00,3900.166,RX,baseline,00110D3D,1,5,01 00 00 3D 0D
2026-09-28T15:22:29.983+00:00,3905.013,RX,baseline,00014A49,1,7,01 00 00 0F 03 49 4A
2026-09-28T15:22:29.983+00:00,3905.144,RX,baseline,00114A49,1,5,01 00 00 49 4A
2026-09-28T15:22:29.988+00:00,3910.086,RX,baseline,00010E79,1,7,01 00 00 0F 03 79 0E
2026-09-28T15:22:29.988+00:00,3910.164,RX,baseline,00110E79,1,5,01 00 00 79 0E
2026-09-28T15:22:29.993+00:00,3915.021,RX,baseline,0001ACA1,1,7,01 00 00 0F 03 A1 AC
2026-09-28T15:22:29.993+00:00,3915.127,RX,baseline,0011ACA1,1,5,01 00 00 A1 AC
2026-09-28T15:22:29.998+00:00,3920.145,RX,baseline,0001574A,1,7,01 00 00 0F 03 4A 57
2026-09-28T15:22:29.998+00:00,3920.202,RX,baseline,0011574A,1,5,01 00 00 4A 57
2026-09-28T15:22:30.003+00:00,3925.154,RX,baseline,00010483,1,7,01 00 00 0F 03 83 04
2026-09-28T15:22:30.003+00:00,3925.222,RX,baseline,00110483,1,5,01 00 00 83 04
2026-09-28T15:22:30.008+00:00,3930.081,RX,baseline,00014BC0,1,7,01 00 00 0F 03 C0 4B
2026-09-28T15:22:30.008+00:00,3930.188,RX,baseline,00114BC0,1,5,01 00 00 C0 4B
2026-09-28T15:22:30.013+00:00,3935.146,RX,baseline,0001A5D0,1,7,01 00 00 0F 03 D0 A5
2026-09-28T15:22:30.013+00:00,3935.204,RX,baseline,0011A5D0,1,5,01 00 00 D0 A5
2026-09-28T15:22:30.018+00:00,3940.111,RX,baseline,0001C9D5,1,7,01 00 00 0F 03 D5 C9
2026-09-28T15:22:30.018+00:00,3940.181,RX,baseline,0011C9D5,1,5,01 00 00 D5 C9
2026-09-28T15:22:30.023+00:00,3945.177,RX,baseline,000143C7,1,7,01 00 00 0F 03 C7 43
2026-09-28T15:22:30.023+00:00,3945.267,RX,baseline,001143C7,1,5,01 00 00 C7 43
2026-09-28T15:22:30.028+00:00,3950.188,RX,baseline,000176B6,1,7,01 00 00 0F 03 B6 76
2026-09-28T15:22:30.028+00:00,3950.234,RX,baseline,001176B6,1,5,01 00 00 B6 76
2026-09-28T15:22:30.033+00:00,3955.187,RX,baseline,0001D720,1,7,01 00 00 0F 03 20 D7
2026-09-28T15:22:30.033+00:00,3955.291,RX,baseline,0011D720,1,5,01 00 00 20 D7
2026-09-28T15:22:30.038+00:00,3960.167,RX,baseline,000174D7,1,7,01 00 00 0F 03 D7 74
2026-09-28T15:22:30.038+00:00,3960.287,RX,baseline,001174D7,1,5,01 00 00 D7 74
2026-09-28T15:22:30.043+00:00,3965.129,RX,baseline,00016E76,1,7,01 00 00 0F 03 76 6E
2026-09-28T15:22:30.043+00:00,3965.185,RX,baseline,00116E76,1,5,01 00 00 76 6E
2026-09-28T15:22:30.048+00:00,3969.984,RX,baseline,00019C5E,1,7,01 00 00 0F 03 5E 9C
2026-09-28T15:22:30.048+00:00,3970.197,RX,baseline,00119C5E,1,5,01 00 00 5E 9C
2026-09-28T15:22:30.053+00:00,3974.949,RX,baseline,00017E40,1,7,01 00 00 0F 03 40 7E
2026-09-28T15:22:30.053+00:00,3975.188,RX,baseline,00117E40,1,5,01 00 00 40 7E
2026-09-28T15:22:30.058+00:00,3979.966,RX,baseline,0001832D,1,7,01 00 00 0F 03 2D 83
2026-09-28T15:22:30.058+00:00,3980.161,RX,baseline,0011832D,1,5,01 00 00 2D 83
2026-09-28T15:22:30.063+00:00,3984.960,RX,baseline,00011C26,1,7,01 00 00 0F 03 26 1C
2026-09-28T15:22:30.063+00:00,3985.209,RX,baseline,00111C26,1,5,01 00 00 26 1C
2026-09-28T15:22:30.068+00:00,3990.182,RX,baseline,00011399,1,7,01 00 00 0F 03 99 13
2026-09-28T15:22:30.068+00:00,3990.232,RX,baseline,00111399,1,5,01 00 00 99 13
2026-09-28T15:22:30.073+00:00,3994.943,RX,baseline,00014E7C,1,7,01 00 00 0F 03 7C 4E
2026-09-28T15:22:30.073+00:00,3995.191,RX,baseline,00114E7C,1,5,01 00 00 7C 4E
2026-09-28T15:22:30.078+00:00,3999.997,RX,baseline,00014C85,1,7,01 00 00 0F 03 85 4C
2026-09-28T15:22:30.078+00:00,4000.120,RX,baseline,00114C85,1,5,01 00 00 85 4C
2026-09-28T15:22:30.083+00:00,4004.946,RX,baseline,00014323,1,7,01 00 00 0F 03 23 43
2026-09-28T15:22:30.083+00:00,4005.178,RX,baseline,00114323,1,5,01 00 00 23 43
2026-09-28T15:22:30.088+00:00,4009.990,RX,baseline,0001F37F,1,7,01 00 00 0F 03 7F F3
2026-09-28T15:22:30.088+00:00,4010.220,RX,baseline,0011F37F,1,5,01 00 00 7F F3
2026-09-28T15:22:30.093+00:00,4014.998,RX,baseline,00011221,1,7,01 00 00 0F 03 21 12
2026-09-28T15:22:30.093+00:00,4015.110,RX,baseline,00111221,1,5,01 00 00 21 12
2026-09-28T15:22:30.098+00:00,4019.921,RX,baseline,00016116,1,7,01 00 00 0F 03 16 61
2026-09-28T15:22:30.098+00:00,4020.201,RX,baseline,00116116,1,5,01 00 00 16 61
2026-09-28T15:22:30.103+00:00,4025.092,RX,baseline,000186B4,1,7,01 00 00 0F 03 B4 86
2026-09-28T15:22:30.103+00:00,4025.324,RX,baseline,001186B4,1,5,01 00 00 B4 86
2026-09-28T15:22:30.108+00:00,4030.097,RX,baseline,0001C574,1,7,01 00 00 0F 03 74 C5
2026-09-28T15:22:30.108+00:00,4030.206,RX,baseline,0011C574,1,5,01 00 00 74 C5
2026-09-28T15:22:30.113+00:00,4035.101,RX,baseline,0001A2A1,1,7,01 00 00 0F 03 A1 A2
2026-09-28T15:22:30.113+00:00,4035.209,RX,baseline,0011A2A1,1,5,01 00 00 A1 A2
2026-09-28T15:22:30.118+00:00,4039.960,RX,baseline,0001A311,1,7,01 00 00 0F 03 11 A3
2026-09-28T15:22:30.118+00:00,4040.219,RX,baseline,0011A311,1,5,01 00 00 11 A3
2026-09-28T15:22:30.123+00:00,4044.970,RX,baseline,00019E1D,1,7,01 00 00 0F 03 1D 9E
2026-09-28T15:22:30.123+00:00,4045.195,RX,baseline,00119E1D,1,5,01 00 00 1D 9E
2026-09-28T15:22:30.128+00:00,4049.985,RX,baseline,000102F5,1,7,01 00 00 0F 03 F5 02
2026-09-28T15:22:30.128+00:00,4050.177,RX,baseline,001102F5,1,5,01 00 00 F5 02
2026-09-28T15:22:30.133+00:00,4055.090,RX,baseline,0001A775,1,7,01 00 00 0F 03 75 A7
2026-09-28T15:22:30.133+00:00,4055.149,RX,baseline,0011A775,1,5,01 00 00 75 A7
2026-09-28T15:22:30.138+00:00,4060.133,RX,baseline,000141DA,1,7,01 00 00 0F 03 DA 41
2026-09-28T15:22:30.138+00:00,4060.192,RX,baseline,001141DA,1,5,01 00 00 DA 41
2026-09-28T15:22:30.143+00:00,4065.131,RX,baseline,00018866,1,7,01 00 00 0F 03 66 88
2026-09-28T15:22:30.143+00:00,4065.190,RX,baseline,00118866,1,5,01 00 00 66 88
2026-09-28T15:22:30.148+00:00,4070.250,RX,baseline,0001A335,1,7,01 00 00 0F 03 35 A3
2026-09-28T15:22:30.148+00:00,4070.341,RX,baseline,0011A335,1,5,01 00 00 35 A3
2026-09-28T15:22:30.153+00:00,4075.132,RX,baseline,00015BC5,1,7,01 00 00 0F 03 C5 5B
2026-09-28T15:22:30.153+00:00,4075.215,RX,baseline,00115BC5,1,5,01 00 00 C5 5B
2026-09-28T15:22:30.158+00:00,4080.193,RX,baseline,0001E6F5,1,7,01 00 00 0F 03 F5 E6
2026-09-28T15:22:30.158+00:00,4080.283,RX,baseline,0011E6F5,1,5,01 00 00 F5 E6
2026-09-28T15:22:30.163+00:00,4085.158,RX,baseline,000104E0,1,7,01 00 00 0F 03 E0 04
2026-09-28T15:22:30.163+00:00,4085.250,RX,baseline,001104E0,1,5,01 00 00 E0 04
2026-09-28T15:22:30.168+00:00,4090.158,RX,baseline,0001B86B,1,7,01 00 00 0F 03 6B B8
2026-09-28T15:22:30.168+00:00,4090.250,RX,baseline,0011B86B,1,5,01 00 00 6B B8
2026-09-28T15:22:30.173+00:00,4095.179,RX,baseline,00016EC9,1,7,01 00 00 0F 03 C9 6E
2026-09-28T15:22:30.173+00:00,4095.251,RX,baseline,00116EC9,1,5,01 00 00 C9 6E
2026-09-28T15:22:30.178+00:00,4100.066,RX,baseline,0001A4C1,1,7,01 00 00 0F 03 C1 A4
2026-09-28T15:22:30.178+00:00,4100.159,RX,baseline,0011A4C1,1,5,01 00 00 C1 A4
2026-09-28T15:22:30.183+00:00,4105.121,RX,baseline,0001AC63,1,7,01 00 00 0F 03 63 AC
2026-09-28T15:22:30.183+00:00,4105.222,RX,baseline,0011AC63,1,5,01 00 00 63 AC
2026-09-28T15:22:30.188+00:00,4110.142,RX,baseline,0001F0E8,1,7,01 00 00 0F 03 E8 F0
2026-09-28T15:22:30.188+00:00,4110.226,RX,baseline,0011F0E8,1,5,01 00 00 E8 F0
2026-09-28T15:22:30.193+00:00,4115.107,RX,baseline,0001DAEC,1,7,01 00 00 0F 03 EC DA
2026-09-28T15:22:30.193+00:00,4115.165,RX,baseline,0011DAEC,1,5,01 00 00 EC DA
2026-09-28T15:22:30.198+00:00,4119.924,RX,baseline,000132E6,1,7,01 00 00 0F 03 E6 32
2026-09-28T15:22:30.198+00:00,4120.172,RX,baseline,001132E6,1,5,01 00 00 E6 32
2026-09-28T15:22:30.203+00:00,4125.135,RX,baseline,00017758,1,7,01 00 00 0F 03 58 77
2026-09-28T15:22:30.203+00:00,4125.199,RX,baseline,00117758,1,5,01 00 00 58 77
2026-09-28T15:22:30.208+00:00,4130.011,RX,baseline,000137EB,1,7,01 00 00 0F 03 EB 37
2026-09-28T15:22:30.208+00:00,4130.090,RX,baseline,001137EB,1,5,01 00 00 EB 37
2026-09-28T15:22:30.213+00:00,4134.949,RX,baseline,000197B5,1,7,01 00 00 0F 03 B5 97
2026-09-28T15:22:30.213+00:00,4135.185,RX,baseline,001197B5,1,5,01 00 00 B5 97
2026-09-28T15:22:30.218+00:00,4139.941,RX,baseline,0001C88F,1,7,01 00 00 0F 03 8F C8
2026-09-28T15:22:30.218+00:00,4140.178,RX,baseline,0011C88F,1,5,01 00 00 8F C8
2026-09-28T15:22:30.223+00:00,4144.982,RX,baseline,0001E07A,1,7,01 00 00 0F 03 7A E0
2026-09-28T15:22:30.223+00:00,4145.106,RX,baseline,0011E07A,1,5,01 00 00 7A E0
2026-09-28T15:22:30.228+00:00,4149.932,RX,baseline,00012634,1,7,01 00 00 0F 03 34 26
2026-09-28T15:22:30.228+00:00,4150.174,RX,baseline,00112634,1,5,01 00 00 34 26
2026-09-28T15:22:30.233+00:00,4155.031,RX,baseline,00018665,1,7,01 00 00 0F 03 65 86
2026-09-28T15:22:30.233+00:00,4155.104,RX,baseline,00118665,1,5,01 00 00 65 86
2026-09-28T15:22:30.238+00:00,4160.082,RX,baseline,00015C57,1,7,01 00 00 0F 03 57 5C
2026-09-28T15:22:30.238+00:00,4160.154,RX,baseline,00115C57,1,5,01 00 00 57 5C
2026-09-28T15:22:30.243+00:00,4164.981,RX,baseline,0001585B,1,7,01 00 00 0F 03 5B 58
2026-09-28T15:22:30.243+00:00,4165.170,RX,baseline,0011585B,1,5,01 00 00 5B 58
2026-09-28T15:22:30.248+00:00,4170.093,RX,baseline,0001C259,1,7,01 00 00 0F 03 59 C2
2026-09-28T15:22:30.248+00:00,4170.179,RX,baseline,0011C259,1,5,01 00 00 59 C2
2026-09-28T15:22:30.253+00:00,4174.983,RX,baseline,00013160,1,7,01 00 00 0F 03 60 31
2026-09-28T15:22:30.253+00:00,4175.216,RX,baseline,00113160,1,5,01 00 00 60 31
2026-09-28T15:22:30.258+00:00,4179.952,RX,baseline,00019603,1,7,01 00 00 0F 03 03 96
2026-09-28T15:22:30.258+00:00,4180.255,RX,baseline,00119603,1,5,01 00 00 03 96
2026-09-28T15:22:30.263+00:00,4184.936,RX,baseline,000185A7,1,7,01 00 00 0F 03 A7 85
2026-09-28T15:22:30.263+00:00,4185.213,RX,baseline,001185A7,1,5,01 00 00 A7 85
2026-09-28T15:22:30.268+00:00,4190.020,RX,baseline,0001E4DA,1,7,01 00 00 0F 03 DA E4
2026-09-28T15:22:30.268+00:00,4190.095,RX,baseline,0011E4DA,1,5,01 00 00 DA E4
2026-09-28T15:22:30.273+00:00,4194.918,RX,baseline,0001AA4C,1,7,01 00 00 0F 03 4C AA
2026-09-28T15:22:30.273+00:00,4195.159,RX,baseline,0011AA4C,1,5,01 00 00 4C AA
2026-09-28T15:22:30.278+00:00,4200.013,RX,baseline,0001E9F4,1,7,01 00 00 0F 03 F4 E9
2026-09-28T15:22:30.278+00:00,4200.100,RX,baseline,0011E9F4,1,5,01 00 00 F4 E9
2026-09-28T15:22:30.283+00:00,4204.879,RX,baseline,00018E2A,1,7,01 00 00 0F 03 2A 8E
2026-09-28T15:22:30.283+00:00,4205.147,RX,baseline,00118E2A,1,5,01 00 00 2A 8E
2026-09-28T15:22:30.288+00:00,4210.072,RX,baseline,0001DFF5,1,7,01 00 00 0F 03 F5 DF
2026-09-28T15:22:30.288+00:00,4210.163,RX,baseline,0011DFF5,1,5,01 00 00 F5 DF
2026-09-28T15:22:30.293+00:00,4214.957,RX,baseline,000146F9,1,7,01 00 00 0F 03 F9 46
2026-09-28T15:22:30.293+00:00,4215.181,RX,baseline,001146F9,1,5,01 00 00 F9 46
2026-09-28T15:22:30.298+00:00,4220.062,RX,baseline,0001A65A,1,7,01 00 00 0F 03 5A A6
2026-09-28T15:22:30.298+00:00,4220.720,RX,baseline,0011A65A,1,5,01 00 00 5A A6
2026-09-28T15:22:30.303+00:00,4225.130,RX,baseline,00017092,1,7,01 00 00 0F 03 92 70
2026-09-28T15:22:30.303+00:00,4225.214,RX,baseline,00117092,1,5,01 00 00 92 70
2026-09-28T15:22:30.308+00:00,4230.100,RX,baseline,00010339,1,7,01 00 00 0F 03 39 03
2026-09-28T15:22:30.308+00:00,4230.183,RX,baseline,00110339,1,5,01 00 00 39 03
2026-09-28T15:22:30.313+00:00,4234.971,RX,baseline,00018506,1,7,01 00 00 0F 03 06 85
2026-09-28T15:22:30.313+00:00,4235.280,RX,baseline,00118506,1,5,01 00 00 06 85
2026-09-28T15:22:30.318+00:00,4240.096,RX,baseline,00010228,1,7,01 00 00 0F 03 28 02
2026-09-28T15:22:30.318+00:00,4240.215,RX,baseline,00110228,1,5,01 00 00 28 02
2026-09-28T15:22:30.323+00:00,4245.088,RX,baseline,00015AF4,1,7,01 00 00 0F 03 F4 5A
2026-09-28T15:22:30.323+00:00,4245.222,RX,baseline,00115AF4,1,5,01 00 00 F4 5A
2026-09-28T15:22:30.328+00:00,4249.973,RX,baseline,000132DC,1,7,01 00 00 0F 03 DC 32
2026-09-28T15:22:30.328+00:00,4250.261,RX,baseline,001132DC,1,5,01 00 00 DC 32
2026-09-28T15:22:30.333+00:00,4255.199,RX,baseline,0001CC3F,1,7,01 00 00 0F 03 3F CC
2026-09-28T15:22:30.333+00:00,4255.300,RX,baseline,0011CC3F,1,5,01 00 00 3F CC
2026-09-28T15:22:30.338+00:00,4260.144,RX,baseline,000139CA,1,7,01 00 00 0F 03 CA 39
2026-09-28T15:22:30.338+00:00,4260.218,RX,baseline,001139CA,1,5,01 00 00 CA 39
2026-09-28T15:22:30.343+00:00,4265.119,RX,baseline,0001E610,1,7,01 00 00 0F 03 10 E6
2026-09-28T15:22:30.343+00:00,4265.194,RX,baseline,0011E610,1,5,01 00 00 10 E6
2026-09-28T15:22:30.348+00:00,4269.914,RX,baseline,00017ECD,1,7,01 00 00 0F 03 CD 7E
2026-09-28T15:22:30.348+00:00,4270.160,RX,baseline,00117ECD,1,5,01 00 00 CD 7E
2026-09-28T15:22:30.353+00:00,4275.073,RX,baseline,00014BC8,1,7,01 00 00 0F 03 C8 4B
2026-09-28T15:22:30.353+00:00,4275.121,RX,baseline,00114BC8,1,5,01 00 00 C8 4B
2026-09-28T15:22:30.358+00:00,4280.007,RX,baseline,00018998,1,7,01 00 00 0F 03 98 89
2026-09-28T15:22:30.358+00:00,4280.075,RX,baseline,00118998,1,5,01 00 00 98 89
2026-09-28T15:22:30.363+00:00,4284.957,RX,baseline,00017953,1,7,01 00 00 0F 03 53 79
2026-09-28T15:22:30.363+00:00,4285.224,RX,baseline,00117953,1,5,01 00 00 53 79
2026-09-28T15:22:30.368+00:00,4289.901,RX,baseline,00019D87,1,7,01 00 00 0F 03 87 9D
2026-09-28T15:22:30.368+00:00,4290.207,RX,baseline,00119D87,1,5,01 00 00 87 9D
2026-09-28T15:22:30.373+00:00,4294.957,RX,baseline,0001ADFB,1,7,01 00 00 0F 03 FB AD
2026-09-28T15:22:30.373+00:00,4295.182,RX,baseline,0011ADFB,1,5,01 00 00 FB AD
2026-09-28T15:22:30.378+00:00,4299.990,RX,baseline,00015208,1,7,01 00 00 0F 03 08 52
2026-09-28T15:22:30.378+00:00,4300.083,RX,baseline,00115208,1,5,01 00 00 08 52
2026-09-28T15:22:30.383+00:00,4305.004,RX,baseline,000197A0,1,7,01 00 00 0F 03 A0 97
2026-09-28T15:22:30.383+00:00,4305.096,RX,baseline,001197A0,1,5,01 00 00 A0 97
2026-09-28T15:22:30.388+00:00,4309.970,RX,baseline,000196AB,1,7,01 00 00 0F 03 AB 96
2026-09-28T15:22:30.388+00:00,4310.190,RX,baseline,001196AB,1,5,01 00 00 AB 96
2026-09-28T15:22:30.393+00:00,4314.944,RX,baseline,00011310,1,7,01 00 00 0F 03 10 13
2026-09-28T15:22:30.393+00:00,4315.161,RX,baseline,00111310,1,5,01 00 00 10 13
2026-09-28T15:22:30.398+00:00,4320.082,RX,baseline,000111A5,1,7,01 00 00 0F 03 A5 11
2026-09-28T15:22:30.398+00:00,4320.139,RX,baseline,001111A5,1,5,01 00 00 A5 11
2026-09-28T15:22:30.403+00:00,4324.964,RX,baseline,000118CD,1,7,01 00 00 0F 03 CD 18
2026-09-28T15:22:30.403+00:00,4325.205,RX,baseline,001118CD,1,5,01 00 00 CD 18
2026-09-28T15:22:30.408+00:00,4330.101,RX,baseline,00012D4B,1,7,01 00 00 0F 03 4B 2D
2026-09-28T15:22:30.408+00:00,4330.182,RX,baseline,00112D4B,1,5,01 00 00 4B 2D
2026-09-28T15:22:30.413+00:00,4335.123,RX,baseline,0001BA80,1,7,01 00 00 0F 03 80 BA
2026-09-28T15:22:30.413+00:00,4335.234,RX,baseline,0011BA80,1,5,01 00 00 80 BA
2026-09-28T15:22:30.418+00:00,4340.076,RX,baseline,000190C3,1,7,01 00 00 0F 03 C3 90
2026-09-28T15:22:30.418+00:00,4340.132,RX,baseline,001190C3,1,5,01 00 00 C3 90
2026-09-28T15:22:30.423+00:00,4345.144,RX,baseline,0001A3EF,1,7,01 00 00 0F 03 EF A3
2026-09-28T15:22:30.423+00:00,4345.244,RX,baseline,0011A3EF,1,5,01 00 00 EF A3
2026-09-28T15:22:30.428+00:00,4350.109,RX,baseline,0001A606,1,7,01 00 00 0F 03 06 A6
2026-09-28T15:22:30.428+00:00,4350.210,RX,baseline,0011A606,1,5,01 00 00 06 A6
2026-09-28T15:22:30.433+00:00,4354.896,RX,baseline,0001EF29,1,7,01 00 00 0F 03 29 EF
2026-09-28T15:22:30.433+00:00,4355.157,RX,baseline,0011EF29,1,5,01 00 00 29 EF
2026-09-28T15:22:30.438+00:00,4359.890,RX,baseline,0001DAEE,1,7,01 00 00 0F 03 EE DA
2026-09-28T15:22:30.438+00:00,4360.158,RX,baseline,0011DAEE,1,5,01 00 00 EE DA
2026-09-28T15:22:30.443+00:00,4365.077,RX,baseline,0001CE55,1,7,01 00 00 0F 03 55 CE
2026-09-28T15:22:30.443+00:00,4365.133,RX,baseline,0011CE55,1,5,01 00 00 55 CE
2026-09-28T15:22:30.448+00:00,4370.079,RX,baseline,00011CD8,1,7,01 00 00 0F 03 D8 1C
2026-09-28T15:22:30.448+00:00,4370.136,RX,baseline,00111CD8,1,5,01 00 00 D8 1C
2026-09-28T15:22:30.453+00:00,4375.151,RX,baseline,0001BE32,1,7,01 00 00 0F 03 32 BE
2026-09-28T15:22:30.453+00:00,4375.243,RX,baseline,0011BE32,1,5,01 00 00 32 BE
2026-09-28T15:22:30.458+00:00,4380.172,RX,baseline,00015226,1,7,01 00 00 0F 03 26 52
2026-09-28T15:22:30.458+00:00,4380.278,RX,baseline,00115226,1,5,01 00 00 26 52
2026-09-28T15:22:30.463+00:00,4385.109,RX,baseline,00019F54,1,7,01 00 00 0F 03 54 9F
2026-09-28T15:22:30.463+00:00,4385.192,RX,baseline,00119F54,1,5,01 00 00 54 9F
2026-09-28T15:22:30.468+00:00,4390.101,RX,baseline,000146AD,1,7,01 00 00 0F 03 AD 46
2026-09-28T15:22:30.468+00:00,4390.180,RX,baseline,001146AD,1,5,01 00 00 AD 46
2026-09-28T15:22:30.473+00:00,4395.176,RX,baseline,0001D8AC,1,7,01 00 00 0F 03 AC D8
2026-09-28T15:22:30.473+00:00,4395.308,RX,baseline,0011D8AC,1,5,01 00 00 AC D8
2026-09-28T15:22:30.478+00:00,4400.054,RX,baseline,0001D3CC,1,7,01 00 00 0F 03 CC D3
2026-09-28T15:22:30.478+00:00,4400.110,RX,baseline,0011D3CC,1,5,01 00 00 CC D3
2026-09-28T15:22:30.483+00:00,4405.106,RX,baseline,0001A8C7,1,7,01 00 00 0F 03 C7 A8
2026-09-28T15:22:30.483+00:00,4405.184,RX,baseline,0011A8C7,1,5,01 00 00 C7 A8
2026-09-28T15:22:30.488+00:00,4410.082,RX,baseline,0001DABA,1,7,01 00 00 0F 03 BA DA
2026-09-28T15:22:30.488+00:00,4410.140,RX,baseline,0011DABA,1,5,01 00 00 BA DA
2026-09-28T15:22:30.493+00:00,4414.961,RX,baseline,00016BFC,1,7,01 00 00 0F 03 FC 6B
2026-09-28T15:22:30.493+00:00,4415.307,RX,baseline,00116BFC,1,5,01 00 00 FC 6B
2026-09-28T15:22:30.498+00:00,4420.004,RX,baseline,0001A359,1,7,01 00 00 0F 03 59 A3
2026-09-28T15:22:30.498+00:00,4420.067,RX,baseline,0011A359,1,5,01 00 00 59 A3
2026-09-28T15:22:30.503+00:00,4424.885,RX,baseline,00018854,1,7,01 00 00 0F 03 54 88
2026-09-28T15:22:30.503+00:00,4425.132,RX,baseline,00118854,1,5,01 00 00 54 88
2026-09-28T15:22:30.508+00:00,4429.913,RX,baseline,00013B8B,1,7,01 00 00 0F 03 8B 3B
2026-09-28T15:22:30.508+00:00,4430.123,RX,baseline,00113B8B,1,5,01 00 00 8B 3B
2026-09-28T15:22:30.512+00:00,4434.857,RX,baseline,0001C8FA,1,7,01 00 00 0F 03 FA C8
2026-09-28T15:22:30.513+00:00,4435.096,RX,baseline,0011C8FA,1,5,01 00 00 FA C8
2026-09-28T15:22:30.517+00:00,4439.824,RX,baseline,00019AD4,1,7,01 00 00 0F 03 D4 9A
2026-09-28T15:22:30.518+00:00,4440.075,RX,baseline,00119AD4,1,5,01 00 00 D4 9A
2026-09-28T15:22:30.523+00:00,4444.877,RX,baseline,00011D6F,1,7,01 00 00 0F 03 6F 1D
2026-09-28T15:22:30.523+00:00,4445.114,RX,baseline,00111D6F,1,5,01 00 00 6F 1D
2026-09-28T15:22:30.528+00:00,4450.054,RX,baseline,0001FFDB,1,7,01 00 00 0F 03 DB FF
2026-09-28T15:22:30.528+00:00,4450.111,RX,baseline,0011FFDB,1,5,01 00 00 DB FF
2026-09-28T15:22:30.532+00:00,4454.849,RX,baseline,000165D8,1,7,01 00 00 0F 03 D8 65
2026-09-28T15:22:30.533+00:00,4455.120,RX,baseline,001165D8,1,5,01 00 00 D8 65
2026-09-28T15:22:30.538+00:00,4460.131,RX,baseline,00013101,1,7,01 00 00 0F 03 01 31
2026-09-28T15:22:30.538+00:00,4460.187,RX,baseline,00113101,1,5,01 00 00 01 31
2026-09-28T15:22:30.543+00:00,4465.189,RX,baseline,0001DC20,1,7,01 00 00 0F 03 20 DC
2026-09-28T15:22:30.543+00:00,4465.266,RX,baseline,0011DC20,1,5,01 00 00 20 DC
2026-09-28T15:22:30.548+00:00,4470.065,RX,baseline,00017726,1,7,01 00 00 0F 03 26 77
2026-09-28T15:22:30.548+00:00,4470.121,RX,baseline,00117726,1,5,01 00 00 26 77
2026-09-28T15:22:30.553+00:00,4474.939,RX,baseline,000196C3,1,7,01 00 00 0F 03 C3 96
2026-09-28T15:22:30.553+00:00,4475.043,RX,baseline,001196C3,1,5,01 00 00 C3 96
2026-09-28T15:22:30.557+00:00,4479.871,RX,baseline,00018558,1,7,01 00 00 0F 03 58 85
2026-09-28T15:22:30.558+00:00,4480.117,RX,baseline,00118558,1,5,01 00 00 58 85
2026-09-28T15:22:30.563+00:00,4485.137,RX,baseline,00011C83,1,7,01 00 00 0F 03 83 1C
2026-09-28T15:22:30.563+00:00,4485.208,RX,baseline,00111C83,1,5,01 00 00 83 1C
2026-09-28T15:22:30.568+00:00,4489.877,RX,baseline,000155FE,1,7,01 00 00 0F 03 FE 55
2026-09-28T15:22:30.568+00:00,4490.114,RX,baseline,001155FE,1,5,01 00 00 FE 55
2026-09-28T15:22:30.573+00:00,4494.927,RX,baseline,00014D4A,1,7,01 00 00 0F 03 4A 4D
2026-09-28T15:22:30.573+00:00,4495.166,RX,baseline,00114D4A,1,5,01 00 00 4A 4D
2026-09-28T15:22:30.578+00:00,4499.951,RX,baseline,00016DBB,1,7,01 00 00 0F 03 BB 6D
2026-09-28T15:22:30.578+00:00,4500.044,RX,baseline,00116DBB,1,5,01 00 00 BB 6D
2026-09-28T15:22:30.583+00:00,4504.944,RX,baseline,00017712,1,7,01 00 00 0F 03 12 77
2026-09-28T15:22:30.583+00:00,4505.051,RX,baseline,00117712,1,5,01 00 00 12 77
2026-09-28T15:22:30.588+00:00,4510.053,RX,baseline,00012220,1,7,01 00 00 0F 03 20 22
2026-09-28T15:22:30.588+00:00,4510.110,RX,baseline,00112220,1,5,01 00 00 20 22
2026-09-28T15:22:30.593+00:00,4514.949,RX,baseline,00010E82,1,7,01 00 00 0F 03 82 0E
2026-09-28T15:22:30.593+00:00,4515.202,RX,baseline,00110E82,1,5,01 00 00 82 0E
2026-09-28T15:22:30.598+00:00,4520.016,RX,baseline,000191E6,1,7,01 00 00 0F 03 E6 91
2026-09-28T15:22:30.598+00:00,4520.109,RX,baseline,001191E6,1,5,01 00 00 E6 91
2026-09-28T15:22:30.603+00:00,4525.094,RX,baseline,0001FDA5,1,7,01 00 00 0F 03 A5 FD
2026-09-28T15:22:30.603+00:00,4525.162,RX,baseline,0011FDA5,1,5,01 00 00 A5 FD
2026-09-28T15:22:30.608+00:00,4530.045,RX,baseline,0001E245,1,7,01 00 00 0F 03 45 E2
2026-09-28T15:22:30.608+00:00,4530.115,RX,baseline,0011E245,1,5,01 00 00 45 E2
2026-09-28T15:22:30.613+00:00,4535.130,RX,baseline,0001A3E5,1,7,01 00 00 0F 03 E5 A3
2026-09-28T15:22:30.613+00:00,4535.200,RX,baseline,0011A3E5,1,5,01 00 00 E5 A3
2026-09-28T15:22:30.618+00:00,4540.006,RX,baseline,00016CA5,1,7,01 00 00 0F 03 A5 6C
2026-09-28T15:22:30.618+00:00,4540.080,RX,baseline,00116CA5,1,5,01 00 00 A5 6C
2026-09-28T15:22:30.623+00:00,4545.055,RX,baseline,0001A934,1,7,01 00 00 0F 03 34 A9
2026-09-28T15:22:30.623+00:00,4545.150,RX,baseline,0011A934,1,5,01 00 00 34 A9
2026-09-28T15:22:30.628+00:00,4550.008,RX,baseline,000191B9,1,7,01 00 00 0F 03 B9 91
2026-09-28T15:22:30.628+00:00,4550.086,RX,baseline,001191B9,1,5,01 00 00 B9 91
2026-09-28T15:22:30.633+00:00,4555.085,RX,baseline,0001F6FE,1,7,01 00 00 0F 03 FE F6
2026-09-28T15:22:30.633+00:00,4555.212,RX,baseline,0011F6FE,1,5,01 00 00 FE F6
2026-09-28T15:22:30.638+00:00,4560.006,RX,baseline,000172C8,1,7,01 00 00 0F 03 C8 72
2026-09-28T15:22:30.638+00:00,4560.068,RX,baseline,001172C8,1,5,01 00 00 C8 72
2026-09-28T15:22:30.643+00:00,4565.082,RX,baseline,00018C62,1,7,01 00 00 0F 03 62 8C
2026-09-28T15:22:30.643+00:00,4565.175,RX,baseline,00118C62,1,5,01 00 00 62 8C
2026-09-28T15:22:30.647+00:00,4569.865,RX,baseline,0001CBAD,1,7,01 00 00 0F 03 AD CB
2026-09-28T15:22:30.648+00:00,4570.119,RX,baseline,0011CBAD,1,5,01 00 00 AD CB
2026-09-28T15:22:30.652+00:00,4574.849,RX,baseline,0001DFC6,1,7,01 00 00 0F 03 C6 DF
2026-09-28T15:22:30.653+00:00,4575.093,RX,baseline,0011DFC6,1,5,01 00 00 C6 DF
2026-09-28T15:22:30.658+00:00,4579.883,RX,baseline,0001FFD6,1,7,01 00 00 0F 03 D6 FF
2026-09-28T15:22:30.658+00:00,4580.096,RX,baseline,0011FFD6,1,5,01 00 00 D6 FF
2026-09-28T15:22:30.663+00:00,4584.945,RX,baseline,00013AB9,1,7,01 00 00 0F 03 B9 3A
2026-09-28T15:22:30.663+00:00,4584.989,RX,baseline,00113AB9,1,5,01 00 00 B9 3A
2026-09-28T15:22:30.667+00:00,4589.814,RX,baseline,0001424B,1,7,01 00 00 0F 03 4B 42
2026-09-28T15:22:30.668+00:00,4590.059,RX,baseline,0011424B,1,5,01 00 00 4B 42
2026-09-28T15:22:30.673+00:00,4594.923,RX,baseline,0001F5CB,1,7,01 00 00 0F 03 CB F5
2026-09-28T15:22:30.673+00:00,4595.112,RX,baseline,0011F5CB,1,5,01 00 00 CB F5
2026-09-28T15:22:30.677+00:00,4599.823,RX,baseline,00018082,1,7,01 00 00 0F 03 82 80
2026-09-28T15:22:30.678+00:00,4600.065,RX,baseline,00118082,1,5,01 00 00 82 80
2026-09-28T15:22:30.682+00:00,4604.847,RX,baseline,000100B5,1,7,01 00 00 0F 03 B5 00
2026-09-28T15:22:30.683+00:00,4605.039,RX,baseline,001100B5,1,5,01 00 00 B5 00
2026-09-28T15:22:30.687+00:00,4609.826,RX,baseline,00016D8D,1,7,01 00 00 0F 03 8D 6D
2026-09-28T15:22:30.688+00:00,4610.065,RX,baseline,00116D8D,1,5,01 00 00 8D 6D
2026-09-28T15:22:30.692+00:00,4614.847,RX,baseline,00016014,1,7,01 00 00 0F 03 14 60
2026-09-28T15:22:30.693+00:00,4615.066,RX,baseline,00116014,1,5,01 00 00 14 60
2026-09-28T15:22:30.698+00:00,4619.896,RX,baseline,00018EE1,1,7,01 00 00 0F 03 E1 8E
2026-09-28T15:22:30.698+00:00,4620.120,RX,baseline,00118EE1,1,5,01 00 00 E1 8E
2026-09-28T15:22:30.703+00:00,4624.972,RX,baseline,00015882,1,7,01 00 00 0F 03 82 58
2026-09-28T15:22:30.703+00:00,4625.017,RX,baseline,00115882,1,5,01 00 00 82 58
2026-09-28T15:22:30.708+00:00,4629.954,RX,baseline,0001F1CC,1,7,01 00 00 0F 03 CC F1
2026-09-28T15:22:30.708+00:00,4629.998,RX,baseline,0011F1CC,1,5,01 00 00 CC F1
2026-09-28T15:22:30.713+00:00,4634.950,RX,baseline,0001AFC7,1,7,01 00 00 0F 03 C7 AF
2026-09-28T15:22:30.713+00:00,4634.995,RX,baseline,0011AFC7,1,5,01 00 00 C7 AF
2026-09-28T15:22:30.718+00:00,4639.944,RX,baseline,0001D857,1,7,01 00 00 0F 03 57 D8
2026-09-28T15:22:30.718+00:00,4639.989,RX,baseline,0011D857,1,5,01 00 00 57 D8
2026-09-28T15:22:30.723+00:00,4644.954,RX,baseline,00010B84,1,7,01 00 00 0F 03 84 0B
2026-09-28T15:22:30.723+00:00,4644.998,RX,baseline,00110B84,1,5,01 00 00 84 0B
2026-09-28T15:22:30.728+00:00,4649.949,RX,baseline,0001561A,1,7,01 00 00 0F 03 1A 56
2026-09-28T15:22:30.728+00:00,4649.996,RX,baseline,0011561A,1,5,01 00 00 1A 56
2026-09-28T15:22:30.733+00:00,4654.874,RX,baseline,00018986,1,7,01 00 00 0F 03 86 89
2026-09-28T15:22:30.733+00:00,4655.068,RX,baseline,00118986,1,5,01 00 00 86 89
2026-09-28T15:22:30.738+00:00,4659.872,RX,baseline,00015155,1,7,01 00 00 0F 03 55 51
2026-09-28T15:22:30.738+00:00,4660.039,RX,baseline,00115155,1,5,01 00 00 55 51
2026-09-28T15:22:30.742+00:00,4664.815,RX,baseline,0001A89A,1,7,01 00 00 0F 03 9A A8
2026-09-28T15:22:30.743+00:00,4665.041,RX,baseline,0011A89A,1,5,01 00 00 9A A8
2026-09-28T15:22:30.748+00:00,4669.969,RX,baseline,00017E50,1,7,01 00 00 0F 03 50 7E
2026-09-28T15:22:30.748+00:00,4670.014,RX,baseline,00117E50,1,5,01 00 00 50 7E
2026-09-28T15:22:30.753+00:00,4675.017,RX,baseline,0001AD9D,1,7,01 00 00 0F 03 9D AD
2026-09-28T15:22:30.753+00:00,4675.109,RX,baseline,0011AD9D,1,5,01 00 00 9D AD
2026-09-28T15:22:30.758+00:00,4679.944,RX,baseline,000132C5,1,7,01 00 00 0F 03 C5 32
2026-09-28T15:22:30.758+00:00,4679.989,RX,baseline,001132C5,1,5,01 00 00 C5 32
2026-09-28T15:22:30.763+00:00,4685.019,RX,baseline,0001C322,1,7,01 00 00 0F 03 22 C3
2026-09-28T15:22:30.763+00:00,4685.110,RX,baseline,0011C322,1,5,01 00 00 22 C3
2026-09-28T15:22:30.768+00:00,4690.009,RX,baseline,000144E6,1,7,01 00 00 0F 03 E6 44
2026-09-28T15:22:30.768+00:00,4690.111,RX,baseline,001144E6,1,5,01 00 00 E6 44
2026-09-28T15:22:30.772+00:00,4694.789,RX,baseline,00019ADD,1,7,01 00 00 0F 03 DD 9A
2026-09-28T15:22:30.773+00:00,4695.098,RX,baseline,00119ADD,1,5,01 00 00 DD 9A
2026-09-28T15:22:30.778+00:00,4699.983,RX,baseline,00011540,1,7,01 00 00 0F 03 40 15
2026-09-28T15:22:30.778+00:00,4700.062,RX,baseline,00111540,1,5,01 00 00 40 15
2026-09-28T15:22:30.783+00:00,4705.062,RX,baseline,00013ABA,1,7,01 00 00 0F 03 BA 3A
2026-09-28T15:22:30.783+00:00,4705.186,RX,baseline,00113ABA,1,5,01 00 00 BA 3A
2026-09-28T15:22:30.787+00:00,4709.794,RX,baseline,00010085,1,7,01 00 00 0F 03 85 00
2026-09-28T15:22:30.788+00:00,4710.037,RX,baseline,00110085,1,5,01 00 00 85 00
2026-09-28T15:22:30.793+00:00,4714.966,RX,baseline,00017445,1,7,01 00 00 0F 03 45 74
2026-09-28T15:22:30.793+00:00,4715.029,RX,baseline,00117445,1,5,01 00 00 45 74
2026-09-28T15:22:30.798+00:00,4719.901,RX,baseline,00010204,1,7,01 00 00 0F 03 04 02
2026-09-28T15:22:30.798+00:00,4719.967,RX,baseline,00110204,1,5,01 00 00 04 02
2026-09-28T15:22:30.802+00:00,4724.810,RX,baseline,0001ABCB,1,7,01 00 00 0F 03 CB AB
2026-09-28T15:22:30.803+00:00,4725.039,RX,baseline,0011ABCB,1,5,01 00 00 CB AB
2026-09-28T15:22:30.808+00:00,4729.928,RX,baseline,0001215C,1,7,01 00 00 0F 03 5C 21
2026-09-28T15:22:30.808+00:00,4729.972,RX,baseline,0011215C,1,5,01 00 00 5C 21
2026-09-28T15:22:30.812+00:00,4734.795,RX,baseline,0001C965,1,7,01 00 00 0F 03 65 C9
2026-09-28T15:22:30.813+00:00,4735.039,RX,baseline,0011C965,1,5,01 00 00 65 C9
2026-09-28T15:22:30.818+00:00,4739.879,RX,baseline,00016DA8,1,7,01 00 00 0F 03 A8 6D
2026-09-28T15:22:30.818+00:00,4740.075,RX,baseline,00116DA8,1,5,01 00 00 A8 6D
2026-09-28T15:22:30.822+00:00,4744.811,RX,baseline,000194C6,1,7,01 00 00 0F 03 C6 94
2026-09-28T15:22:30.823+00:00,4745.014,RX,baseline,001194C6,1,5,01 00 00 C6 94
2026-09-28T15:22:30.827+00:00,4749.805,RX,baseline,0001BA35,1,7,01 00 00 0F 03 35 BA
2026-09-28T15:22:30.828+00:00,4750.033,RX,baseline,0011BA35,1,5,01 00 00 35 BA
2026-09-28T15:22:30.833+00:00,4755.031,RX,baseline,00016D82,1,7,01 00 00 0F 03 82 6D
2026-09-28T15:22:30.833+00:00,4755.147,RX,baseline,00116D82,1,5,01 00 00 82 6D
2026-09-28T15:22:30.838+00:00,4759.963,RX,baseline,0001648B,1,7,01 00 00 0F 03 8B 64
2026-09-28T15:22:30.838+00:00,4760.034,RX,baseline,0011648B,1,5,01 00 00 8B 64
2026-09-28T15:22:30.843+00:00,4765.022,RX,baseline,0001C82C,1,7,01 00 00 0F 03 2C C8
2026-09-28T15:22:30.843+00:00,4765.122,RX,baseline,0011C82C,1,5,01 00 00 2C C8
2026-09-28T15:22:30.847+00:00,4769.795,RX,baseline,00010D46,1,7,01 00 00 0F 03 46 0D
2026-09-28T15:22:30.848+00:00,4770.038,RX,baseline,00110D46,1,5,01 00 00 46 0D
2026-09-28T15:22:30.852+00:00,4774.803,RX,baseline,00014179,1,7,01 00 00 0F 03 79 41
2026-09-28T15:22:30.853+00:00,4775.028,RX,baseline,00114179,1,5,01 00 00 79 41
2026-09-28T15:22:30.857+00:00,4779.797,RX,baseline,00018910,1,7,01 00 00 0F 03 10 89
2026-09-28T15:22:30.858+00:00,4780.043,RX,baseline,00118910,1,5,01 00 00 10 89
2026-09-28T15:22:30.862+00:00,4784.794,RX,baseline,0001AB4E,1,7,01 00 00 0F 03 4E AB
2026-09-28T15:22:30.863+00:00,4785.020,RX,baseline,0011AB4E,1,5,01 00 00 4E AB
2026-09-28T15:22:30.867+00:00,4789.804,RX,baseline,000120C7,1,7,01 00 00 0F 03 C7 20
2026-09-28T15:22:30.868+00:00,4790.021,RX,baseline,001120C7,1,5,01 00 00 C7 20
2026-09-28T15:22:30.872+00:00,4794.813,RX,baseline,0001FC63,1,7,01 00 00 0F 03 63 FC
2026-09-28T15:22:30.873+00:00,4795.053,RX,baseline,0011FC63,1,5,01 00 00 63 FC
2026-09-28T15:22:30.878+00:00,4799.932,RX,baseline,00012F8B,1,7,01 00 00 0F 03 8B 2F
2026-09-28T15:22:30.878+00:00,4800.068,RX,baseline,00112F8B,1,5,01 00 00 8B 2F
2026-09-28T15:22:30.882+00:00,4804.798,RX,baseline,000181D8,1,7,01 00 00 0F 03 D8 81
2026-09-28T15:22:30.883+00:00,4805.013,RX,baseline,001181D8,1,5,01 00 00 D8 81
2026-09-28T15:22:30.887+00:00,4809.791,RX,baseline,00015347,1,7,01 00 00 0F 03 47 53
2026-09-28T15:22:30.888+00:00,4810.028,RX,baseline,00115347,1,5,01 00 00 47 53
2026-09-28T15:22:30.892+00:00,4814.818,RX,baseline,000112FC,1,7,01 00 00 0F 03 FC 12
2026-09-28T15:22:30.893+00:00,4815.024,RX,baseline,001112FC,1,5,01 00 00 FC 12
2026-09-28T15:22:30.898+00:00,4819.966,RX,baseline,000157F9,1,7,01 00 00 0F 03 F9 57
2026-09-28T15:22:30.898+00:00,4820.035,RX,baseline,001157F9,1,5,01 00 00 F9 57
2026-09-28T15:22:30.903+00:00,4825.082,RX,baseline,0001D60E,1,7,01 00 00 0F 03 0E D6
2026-09-28T15:22:30.903+00:00,4825.161,RX,baseline,0011D60E,1,5,01 00 00 0E D6
2026-09-28T15:22:30.908+00:00,4829.962,RX,baseline,0001DBBE,1,7,01 00 00 0F 03 BE DB
2026-09-28T15:22:30.908+00:00,4830.034,RX,baseline,0011DBBE,1,5,01 00 00 BE DB
2026-09-28T15:22:30.913+00:00,4835.008,RX,baseline,000169C3,1,7,01 00 00 0F 03 C3 69
2026-09-28T15:22:30.913+00:00,4835.083,RX,baseline,001169C3,1,5,01 00 00 C3 69
2026-09-28T15:22:30.918+00:00,4839.964,RX,baseline,0001DD72,1,7,01 00 00 0F 03 72 DD
2026-09-28T15:22:30.918+00:00,4840.035,RX,baseline,0011DD72,1,5,01 00 00 72 DD
2026-09-28T15:22:30.923+00:00,4845.025,RX,baseline,0001B1D4,1,7,01 00 00 0F 03 D4 B1
2026-09-28T15:22:30.923+00:00,4845.106,RX,baseline,0011B1D4,1,5,01 00 00 D4 B1
2026-09-28T15:22:30.928+00:00,4849.963,RX,baseline,00016D61,1,7,01 00 00 0F 03 61 6D
2026-09-28T15:22:30.928+00:00,4850.034,RX,baseline,00116D61,1,5,01 00 00 61 6D
2026-09-28T15:22:30.933+00:00,4854.950,RX,baseline,000145E0,1,7,01 00 00 0F 03 E0 45
2026-09-28T15:22:30.933+00:00,4854.995,RX,baseline,001145E0,1,5,01 00 00 E0 45
2026-09-28T15:22:30.937+00:00,4859.860,RX,baseline,00016F5E,1,7,01 00 00 0F 03 5E 6F
2026-09-28T15:22:30.938+00:00,4860.054,RX,baseline,00116F5E,1,5,01 00 00 5E 6F
2026-09-28T15:22:30.943+00:00,4864.929,RX,baseline,0001F06F,1,7,01 00 00 0F 03 6F F0
2026-09-28T15:22:30.943+00:00,4864.991,RX,baseline,0011F06F,1,5,01 00 00 6F F0
2026-09-28T15:22:30.947+00:00,4869.841,RX,baseline,0001BB38,1,7,01 00 00 0F 03 38 BB
2026-09-28T15:22:30.948+00:00,4869.963,RX,baseline,0011BB38,1,5,01 00 00 38 BB
2026-09-28T15:22:30.952+00:00,4874.804,RX,baseline,0001F8C9,1,7,01 00 00 0F 03 C9 F8
2026-09-28T15:22:30.953+00:00,4874.981,RX,baseline,0011F8C9,1,5,01 00 00 C9 F8
2026-09-28T15:22:30.957+00:00,4879.795,RX,baseline,0001A069,1,7,01 00 00 0F 03 69 A0
2026-09-28T15:22:30.958+00:00,4880.008,RX,baseline,0011A069,1,5,01 00 00 69 A0
2026-09-28T15:22:30.962+00:00,4884.842,RX,baseline,0001A10C,1,7,01 00 00 0F 03 0C A1
2026-09-28T15:22:30.963+00:00,4884.967,RX,baseline,0011A10C,1,5,01 00 00 0C A1
2026-09-28T15:22:30.967+00:00,4889.854,RX,baseline,00010B71,1,7,01 00 00 0F 03 71 0B
2026-09-28T15:22:30.968+00:00,4889.959,RX,baseline,00110B71,1,5,01 00 00 71 0B
2026-09-28T15:22:30.973+00:00,4894.932,RX,baseline,0001D2A3,1,7,01 00 00 0F 03 A3 D2
2026-09-28T15:22:30.973+00:00,4895.011,RX,baseline,0011D2A3,1,5,01 00 00 A3 D2
2026-09-28T15:22:30.978+00:00,4899.887,RX,baseline,00011337,1,7,01 00 00 0F 03 37 13
2026-09-28T15:22:30.978+00:00,4899.965,RX,baseline,00111337,1,5,01 00 00 37 13
2026-09-28T15:22:30.983+00:00,4904.898,RX,baseline,00013E04,1,7,01 00 00 0F 03 04 3E
2026-09-28T15:22:30.983+00:00,4904.992,RX,baseline,00113E04,1,5,01 00 00 04 3E
2026-09-28T15:22:30.988+00:00,4909.891,RX,baseline,0001C271,1,7,01 00 00 0F 03 71 C2
2026-09-28T15:22:30.988+00:00,4910.042,RX,baseline,0011C271,1,5,01 00 00 71 C2
2026-09-28T15:22:30.993+00:00,4914.886,RX,baseline,0001D768,1,7,01 00 00 0F 03 68 D7
2026-09-28T15:22:30.993+00:00,4914.999,RX,baseline,0011D768,1,5,01 00 00 68 D7
2026-09-28T15:22:30.997+00:00,4919.855,RX,baseline,00015CD6,1,7,01 00 00 0F 03 D6 5C
2026-09-28T15:22:30.998+00:00,4920.023,RX,baseline,00115CD6,1,5,01 00 00 D6 5C
2026-09-28T15:22:31.002+00:00,4924.828,RX,baseline,00010CDB,1,7,01 00 00 0F 03 DB 0C
2026-09-28T15:22:31.003+00:00,4925.008,RX,baseline,00110CDB,1,5,01 00 00 DB 0C
2026-09-28T15:22:31.007+00:00,4929.835,RX,baseline,000101AE,1,7,01 00 00 0F 03 AE 01
2026-09-28T15:22:31.008+00:00,4930.007,RX,baseline,001101AE,1,5,01 00 00 AE 01
2026-09-28T15:22:31.012+00:00,4934.830,RX,baseline,00019ECD,1,7,01 00 00 0F 03 CD 9E
2026-09-28T15:22:31.013+00:00,4935.003,RX,baseline,00119ECD,1,5,01 00 00 CD 9E
2026-09-28T15:22:31.018+00:00,4939.926,RX,baseline,000140F7,1,7,01 00 00 0F 03 F7 40
2026-09-28T15:22:31.018+00:00,4939.971,RX,baseline,001140F7,1,5,01 00 00 F7 40
2026-09-28T15:22:31.022+00:00,4944.773,RX,baseline,00016B0D,1,7,01 00 00 0F 03 0D 6B
2026-09-28T15:22:31.023+00:00,4945.003,RX,baseline,00116B0D,1,5,01 00 00 0D 6B
2026-09-28T15:22:31.027+00:00,4949.818,RX,baseline,00012A3E,1,7,01 00 00 0F 03 3E 2A
2026-09-28T15:22:31.028+00:00,4950.007,RX,baseline,00112A3E,1,5,01 00 00 3E 2A
2026-09-28T15:22:31.032+00:00,4954.813,RX,baseline,000122E0,1,7,01 00 00 0F 03 E0 22
2026-09-28T15:22:31.033+00:00,4955.043,RX,baseline,001122E0,1,5,01 00 00 E0 22
2026-09-28T15:22:31.038+00:00,4959.991,RX,baseline,0001A3DB,1,7,01 00 00 0F 03 DB A3
2026-09-28T15:22:31.038+00:00,4960.075,RX,baseline,0011A3DB,1,5,01 00 00 DB A3
2026-09-28T15:22:31.043+00:00,4964.867,RX,baseline,00011F88,1,7,01 00 00 0F 03 88 1F
2026-09-28T15:22:31.043+00:00,4965.017,RX,baseline,00111F88,1,5,01 00 00 88 1F
2026-09-28T15:22:31.047+00:00,4969.765,RX,baseline,00016B2D,1,7,01 00 00 0F 03 2D 6B
2026-09-28T15:22:31.048+00:00,4970.008,RX,baseline,00116B2D,1,5,01 00 00 2D 6B
2026-09-28T15:22:31.052+00:00,4974.771,RX,baseline,00018173,1,7,01 00 00 0F 03 73 81
2026-09-28T15:22:31.053+00:00,4975.007,RX,baseline,00118173,1,5,01 00 00 73 81
2026-09-28T15:22:31.057+00:00,4979.768,RX,baseline,0001A20E,1,7,01 00 00 0F 03 0E A2
2026-09-28T15:22:31.058+00:00,4979.999,RX,baseline,0011A20E,1,5,01 00 00 0E A2
2026-09-28T15:22:31.062+00:00,4984.770,RX,baseline,00019CF7,1,7,01 00 00 0F 03 F7 9C
2026-09-28T15:22:31.063+00:00,4985.002,RX,baseline,00119CF7,1,5,01 00 00 F7 9C
2026-09-28T15:22:31.068+00:00,4989.921,RX,baseline,00015792,1,7,01 00 00 0F 03 92 57
2026-09-28T15:22:31.068+00:00,4989.966,RX,baseline,00115792,1,5,01 00 00 92 57
2026-09-28T15:22:31.072+00:00,4994.768,RX,baseline,0001E43B,1,7,01 00 00 0F 03 3B E4
2026-09-28T15:22:31.073+00:00,4995.006,RX,baseline,0011E43B,1,5,01 00 00 3B E4
2026-09-28T15:22:31.077+00:00,4999.767,RX,baseline,0001ADD5,1,7,01 00 00 0F 03 D5 AD
2026-09-28T15:22:31.078+00:00,5000.029,RX,baseline,0011ADD5,1,5,01 00 00 D5 AD
2026-09-28T15:22:31.079+00:00,5001.575,TX,peer_00000_short,0012C82D,1,5,01 00 00 2D C8
2026-09-28T15:22:31.082+00:00,5004.766,RX,peer_observation,000170C3,1,7,01 00 00 0F 03 C3 70
2026-09-28T15:22:31.083+00:00,5005.023,RX,peer_observation,001170C3,1,5,01 00 00 C3 70
2026-09-28T15:22:31.088+00:00,5009.922,RX,peer_observation,00017460,1,7,01 00 00 0F 03 60 74
2026-09-28T15:22:31.088+00:00,5009.967,RX,peer_observation,00117460,1,5,01 00 00 60 74
2026-09-28T15:22:31.089+00:00,5011.854,RX,peer_observation,103C0401,1,4,00 00 00 01
2026-09-28T15:22:31.090+00:00,5012.023,RX,peer_observation,103C0481,1,8,00 00 00 00 00 10 63 14
2026-09-28T15:22:31.092+00:00,5014.768,RX,peer_observation,000143B7,1,7,01 00 00 0F 03 B7 43
2026-09-28T15:22:31.093+00:00,5015.036,RX,peer_observation,001143B7,1,5,01 00 00 B7 43
2026-09-28T15:22:31.095+00:00,5016.956,RX,peer_observation,103C0401,1,4,00 00 00 01
2026-09-28T15:22:31.095+00:00,5017.161,RX,peer_observation,103C0481,1,8,00 00 00 00 00 10 63 14
2026-09-28T15:22:31.098+00:00,5019.987,RX,peer_observation,00018E68,1,7,01 00 00 0F 03 68 8E
2026-09-28T15:22:31.098+00:00,5020.068,RX,peer_observation,00118E68,1,5,01 00 00 68 8E
2026-09-28T15:22:31.100+00:00,5021.898,RX,peer_observation,103C0401,1,4,00 00 00 01
2026-09-28T15:22:31.100+00:00,5022.082,RX,peer_observation,103C0481,1,8,00 00 00 00 00 10 63 14
2026-09-28T15:22:31.103+00:00,5024.984,RX,peer_observation,00016ADA,1,7,01 00 00 0F 03 DA 6A
2026-09-28T15:22:31.103+00:00,5025.072,RX,peer_observation,00116ADA,1,5,01 00 00 DA 6A
2026-09-28T15:22:31.105+00:00,5026.943,RX,peer_observation,103C0401,1,4,00 00 00 01
2026-09-28T15:22:31.105+00:00,5027.159,RX,peer_observation,103C0481,1,8,00 00 00 00 00 10 63 14
2026-09-28T15:22:31.108+00:00,5030.014,RX,peer_observation,0001D9FC,1,7,01 00 00 0F 03 FC D9
2026-09-28T15:22:31.108+00:00,5030.105,RX,peer_observation,0011D9FC,1,5,01 00 00 FC D9
2026-09-28T15:22:31.109+00:00,5031.803,RX,peer_observation,103C0401,1,4,00 00 00 01
2026-09-28T15:22:31.110+00:00,5032.058,RX,peer_observation,103C0481,1,8,00 00 00 00 00 10 63 14
2026-09-28T15:22:31.113+00:00,5034.969,RX,peer_observation,000124D1,1,7,01 00 00 0F 03 D1 24
2026-09-28T15:22:31.113+00:00,5035.053,RX,peer_observation,001124D1,1,5,01 00 00 D1 24
2026-09-28T15:22:31.115+00:00,5037.043,RX,peer_observation,103C0401,1,4,00 00 00 01
2026-09-28T15:22:31.115+00:00,5037.215,RX,peer_observation,103C0481,1,8,00 00 00 00 00 10 63 14
2026-09-28T15:22:31.118+00:00,5040.090,RX,peer_observation,000170DF,1,7,01 00 00 0F 03 DF 70
2026-09-28T15:22:31.118+00:00,5040.179,RX,peer_observation,001170DF,1,5,01 00 00 DF 70
2026-09-28T15:22:31.120+00:00,5041.920,RX,peer_observation,103C0401,1,4,00 00 00 01
2026-09-28T15:22:31.120+00:00,5042.145,RX,peer_observation,103C0481,1,8,00 00 00 00 00 10 63 14
2026-09-28T15:22:31.123+00:00,5044.992,RX,peer_observation,00010E2C,1,7,01 00 00 0F 03 2C 0E
2026-09-28T15:22:31.123+00:00,5045.074,RX,peer_observation,00110E2C,1,5,01 00 00 2C 0E
2026-09-28T15:22:31.125+00:00,5046.978,RX,peer_observation,103C0401,1,4,00 00 00 01
2026-09-28T15:22:31.125+00:00,5047.199,RX,peer_observation,103C0481,1,8,00 00 00 00 00 10 63 14
2026-09-28T15:22:31.128+00:00,5049.944,RX,peer_observation,00019992,1,7,01 00 00 0F 03 92 99
2026-09-28T15:22:31.128+00:00,5050.080,RX,peer_observation,00119992,1,5,01 00 00 92 99
2026-09-28T15:22:31.129+00:00,5051.802,RX,peer_observation,103C0401,1,4,00 00 00 01
2026-09-28T15:22:31.130+00:00,5052.125,RX,peer_observation,103C0481,1,8,00 00 00 00 00 10 63 14
2026-09-28T15:22:31.132+00:00,5054.763,RX,peer_observation,00019146,1,7,01 00 00 0F 03 46 91
2026-09-28T15:22:31.133+00:00,5054.997,RX,peer_observation,00119146,1,5,01 00 00 46 91
2026-09-28T15:22:31.134+00:00,5056.736,RX,peer_observation,103C0401,1,4,00 00 00 01
2026-09-28T15:22:31.135+00:00,5056.951,RX,peer_observation,103C0481,1,8,00 00 00 00 00 10 63 14
2026-09-28T15:22:31.137+00:00,5059.785,RX,peer_observation,00010EEC,1,7,01 00 00 0F 03 EC 0E
2026-09-28T15:22:31.138+00:00,5060.005,RX,peer_observation,00110EEC,1,5,01 00 00 EC 0E
2026-09-28T15:22:31.139+00:00,5061.722,RX,peer_observation,103C0401,1,4,00 00 00 01
2026-09-28T15:22:31.140+00:00,5062.043,RX,peer_observation,103C0481,1,8,00 00 00 00 00 10 63 14
2026-09-28T15:22:31.143+00:00,5064.870,RX,peer_observation,0001D1F9,1,7,01 00 00 0F 03 F9 D1
2026-09-28T15:22:31.143+00:00,5065.015,RX,peer_observation,0011D1F9,1,5,01 00 00 F9 D1
2026-09-28T15:22:31.145+00:00,5066.925,RX,peer_observation,103C0401,1,4,00 00 00 01
2026-09-28T15:22:31.145+00:00,5067.116,RX,peer_observation,103C0481,1,8,00 00 00 00 00 10 63 14
2026-09-28T15:22:31.147+00:00,5069.740,RX,peer_observation,00017A27,1,7,01 00 00 0F 03 27 7A
2026-09-28T15:22:31.148+00:00,5070.112,RX,peer_observation,00117A27,1,5,01 00 00 27 7A
2026-09-28T15:22:31.150+00:00,5071.939,RX,peer_observation,103C0401,1,4,00 00 00 01
2026-09-28T15:22:31.150+00:00,5072.145,RX,peer_observation,103C0481,1,8,00 00 00 00 00 10 63 14
2026-09-28T15:22:31.153+00:00,5074.949,RX,peer_observation,0001CEC5,1,7,01 00 00 0F 03 C5 CE
2026-09-28T15:22:31.153+00:00,5075.006,RX,peer_observation,0011CEC5,1,5,01 00 00 C5 CE
2026-09-28T15:22:31.155+00:00,5076.954,RX,peer_observation,103C0401,1,4,00 00 00 01
2026-09-28T15:22:31.155+00:00,5077.186,RX,peer_observation,103C0481,1,8,00 00 00 00 00 10 63 14
2026-09-28T15:22:31.158+00:00,5079.988,RX,peer_observation,0001934C,1,7,01 00 00 0F 03 4C 93
2026-09-28T15:22:31.158+00:00,5080.104,RX,peer_observation,0011934C,1,5,01 00 00 4C 93
2026-09-28T15:22:31.159+00:00,5081.787,RX,peer_observation,103C0401,1,4,00 00 00 01
2026-09-28T15:22:31.160+00:00,5082.106,RX,peer_observation,103C0481,1,8,00 00 00 00 00 10 63 14
2026-09-28T15:22:31.163+00:00,5084.899,RX,peer_observation,000173CD,1,7,01 00 00 0F 03 CD 73
2026-09-28T15:22:31.163+00:00,5084.947,RX,peer_observation,001173CD,1,5,01 00 00 CD 73
2026-09-28T15:22:31.164+00:00,5086.719,RX,peer_observation,103C0401,1,4,00 00 00 01
2026-09-28T15:22:31.165+00:00,5086.940,RX,peer_observation,103C0481,1,8,00 00 00 00 00 10 62 14
2026-09-28T15:22:31.168+00:00,5089.871,RX,peer_observation,0001696D,1,7,01 00 00 0F 03 6D 69
2026-09-28T15:22:31.168+00:00,5089.994,RX,peer_observation,0011696D,1,5,01 00 00 6D 69
2026-09-28T15:22:31.170+00:00,5091.943,RX,peer_observation,103C0401,1,4,00 00 00 01
2026-09-28T15:22:31.170+00:00,5092.155,RX,peer_observation,103C0481,1,8,00 00 00 00 00 10 63 14
2026-09-28T15:22:31.173+00:00,5094.920,RX,peer_observation,000120D8,1,7,01 00 00 0F 03 D8 20
2026-09-28T15:22:31.173+00:00,5094.973,RX,peer_observation,001120D8,1,5,01 00 00 D8 20
2026-09-28T15:22:31.177+00:00,5099.839,RX,peer_observation,0001D7FD,1,7,01 00 00 0F 03 FD D7
2026-09-28T15:22:31.178+00:00,5100.108,RX,peer_observation,0011D7FD,1,5,01 00 00 FD D7
2026-09-28T15:22:31.183+00:00,5104.974,RX,peer_observation,00014246,1,7,01 00 00 0F 03 46 42
2026-09-28T15:22:31.183+00:00,5105.059,RX,peer_observation,00114246,1,5,01 00 00 46 42
2026-09-28T15:22:31.188+00:00,5109.998,RX,peer_observation,00012858,1,7,01 00 00 0F 03 58 28
2026-09-28T15:22:31.188+00:00,5110.096,RX,peer_observation,00112858,1,5,01 00 00 58 28
2026-09-28T15:22:31.193+00:00,5114.892,RX,peer_observation,0001B986,1,7,01 00 00 0F 03 86 B9
2026-09-28T15:22:31.193+00:00,5115.046,RX,peer_observation,0011B986,1,5,01 00 00 86 B9
2026-09-28T15:22:31.197+00:00,5119.801,RX,peer_observation,00015A30,1,7,01 00 00 0F 03 30 5A
2026-09-28T15:22:31.198+00:00,5119.983,RX,peer_observation,00115A30,1,5,01 00 00 30 5A
2026-09-28T15:22:31.202+00:00,5124.801,RX,peer_observation,0001809A,1,7,01 00 00 0F 03 9A 80
2026-09-28T15:22:31.203+00:00,5124.987,RX,peer_observation,0011809A,1,5,01 00 00 9A 80
2026-09-28T15:22:31.207+00:00,5129.839,RX,peer_observation,0001BB74,1,7,01 00 00 0F 03 74 BB
2026-09-28T15:22:31.208+00:00,5130.108,RX,peer_observation,0011BB74,1,5,01 00 00 74 BB
2026-09-28T15:22:31.213+00:00,5134.858,RX,peer_observation,00017CB4,1,7,01 00 00 0F 03 B4 7C
2026-09-28T15:22:31.213+00:00,5135.010,RX,peer_observation,00117CB4,1,5,01 00 00 B4 7C
2026-09-28T15:22:31.217+00:00,5139.849,RX,peer_observation,000153FC,1,7,01 00 00 0F 03 FC 53
2026-09-28T15:22:31.218+00:00,5140.085,RX,peer_observation,001153FC,1,5,01 00 00 FC 53
2026-09-28T15:22:31.223+00:00,5144.896,RX,peer_observation,0001A6DB,1,7,01 00 00 0F 03 DB A6
2026-09-28T15:22:31.223+00:00,5145.010,RX,peer_observation,0011A6DB,1,5,01 00 00 DB A6
2026-09-28T15:22:31.227+00:00,5149.852,RX,peer_observation,00010EF4,1,7,01 00 00 0F 03 F4 0E
2026-09-28T15:22:31.228+00:00,5150.076,RX,peer_observation,00110EF4,1,5,01 00 00 F4 0E
2026-09-28T15:22:31.233+00:00,5154.902,RX,peer_observation,0001BE4F,1,7,01 00 00 0F 03 4F BE
2026-09-28T15:22:31.233+00:00,5155.066,RX,peer_observation,0011BE4F,1,5,01 00 00 4F BE
2026-09-28T15:22:31.238+00:00,5159.894,RX,peer_observation,0001CBD7,1,7,01 00 00 0F 03 D7 CB
2026-09-28T15:22:31.238+00:00,5160.007,RX,peer_observation,0011CBD7,1,5,01 00 00 D7 CB
2026-09-28T15:22:31.242+00:00,5164.824,RX,peer_observation,0001A2F8,1,7,01 00 00 0F 03 F8 A2
2026-09-28T15:22:31.243+00:00,5165.109,RX,peer_observation,0011A2F8,1,5,01 00 00 F8 A2
2026-09-28T15:22:31.247+00:00,5169.823,RX,peer_observation,00018689,1,7,01 00 00 0F 03 89 86
2026-09-28T15:22:31.248+00:00,5170.138,RX,peer_observation,00118689,1,5,01 00 00 89 86
2026-09-28T15:22:31.252+00:00,5174.838,RX,peer_observation,00012F2A,1,7,01 00 00 0F 03 2A 2F
2026-09-28T15:22:31.253+00:00,5175.103,RX,peer_observation,00112F2A,1,5,01 00 00 2A 2F
2026-09-28T15:22:31.258+00:00,5179.936,RX,peer_observation,00019DC5,1,7,01 00 00 0F 03 C5 9D
2026-09-28T15:22:31.258+00:00,5180.072,RX,peer_observation,00119DC5,1,5,01 00 00 C5 9D
2026-09-28T15:22:31.262+00:00,5184.840,RX,peer_observation,00014682,1,7,01 00 00 0F 03 82 46
2026-09-28T15:22:31.263+00:00,5185.008,RX,peer_observation,00114682,1,5,01 00 00 82 46
2026-09-28T15:22:31.268+00:00,5189.889,RX,peer_observation,00017CF8,1,7,01 00 00 0F 03 F8 7C
2026-09-28T15:22:31.268+00:00,5190.051,RX,peer_observation,00117CF8,1,5,01 00 00 F8 7C
2026-09-28T15:22:31.272+00:00,5194.837,RX,peer_observation,000194A6,1,7,01 00 00 0F 03 A6 94
2026-09-28T15:22:31.273+00:00,5195.107,RX,peer_observation,001194A6,1,5,01 00 00 A6 94
2026-09-28T15:22:31.277+00:00,5199.828,RX,peer_observation,0001964C,1,7,01 00 00 0F 03 4C 96
2026-09-28T15:22:31.278+00:00,5200.093,RX,peer_observation,0011964C,1,5,01 00 00 4C 96
2026-09-28T15:22:31.282+00:00,5204.827,RX,peer_observation,00019133,1,7,01 00 00 0F 03 33 91
2026-09-28T15:22:31.283+00:00,5205.096,RX,peer_observation,00119133,1,5,01 00 00 33 91
2026-09-28T15:22:31.287+00:00,5209.826,RX,peer_observation,0001F769,1,7,01 00 00 0F 03 69 F7
2026-09-28T15:22:31.288+00:00,5210.064,RX,peer_observation,0011F769,1,5,01 00 00 69 F7
2026-09-28T15:22:31.292+00:00,5214.823,RX,peer_observation,0001AF17,1,7,01 00 00 0F 03 17 AF
2026-09-28T15:22:31.293+00:00,5215.083,RX,peer_observation,0011AF17,1,5,01 00 00 17 AF
2026-09-28T15:22:31.297+00:00,5219.810,RX,peer_observation,00017B2E,1,7,01 00 00 0F 03 2E 7B
2026-09-28T15:22:31.298+00:00,5220.056,RX,peer_observation,00117B2E,1,5,01 00 00 2E 7B
2026-09-28T15:22:31.302+00:00,5224.801,RX,peer_observation,0001EC2F,1,7,01 00 00 0F 03 2F EC
2026-09-28T15:22:31.303+00:00,5225.117,RX,peer_observation,0011EC2F,1,5,01 00 00 2F EC
2026-09-28T15:22:31.307+00:00,5229.805,RX,peer_observation,0001FC7F,1,7,01 00 00 0F 03 7F FC
2026-09-28T15:22:31.308+00:00,5230.079,RX,peer_observation,0011FC7F,1,5,01 00 00 7F FC
2026-09-28T15:22:31.312+00:00,5234.746,RX,peer_observation,0001F2E1,1,7,01 00 00 0F 03 E1 F2
2026-09-28T15:22:31.313+00:00,5234.983,RX,peer_observation,0011F2E1,1,5,01 00 00 E1 F2
2026-09-28T15:22:31.317+00:00,5239.776,RX,peer_observation,00011DD4,1,7,01 00 00 0F 03 D4 1D
2026-09-28T15:22:31.318+00:00,5240.045,RX,peer_observation,00111DD4,1,5,01 00 00 D4 1D
2026-09-28T15:22:31.322+00:00,5244.787,RX,peer_observation,00019207,1,7,01 00 00 0F 03 07 92
2026-09-28T15:22:31.323+00:00,5245.059,RX,peer_observation,00119207,1,5,01 00 00 07 92
2026-09-28T15:22:31.327+00:00,5249.778,RX,peer_observation,0001672B,1,7,01 00 00 0F 03 2B 67
2026-09-28T15:22:31.328+00:00,5250.212,RX,peer_observation,0011672B,1,5,01 00 00 2B 67
2026-09-28T15:22:31.332+00:00,5254.802,RX,peer_observation,00016064,1,7,01 00 00 0F 03 64 60
2026-09-28T15:22:31.333+00:00,5255.055,RX,peer_observation,00116064,1,5,01 00 00 64 60
2026-09-28T15:22:31.337+00:00,5259.789,RX,peer_observation,0001678B,1,7,01 00 00 0F 03 8B 67
2026-09-28T15:22:31.338+00:00,5260.046,RX,peer_observation,0011678B,1,5,01 00 00 8B 67
2026-09-28T15:22:31.342+00:00,5264.769,RX,peer_observation,0001CF81,1,7,01 00 00 0F 03 81 CF
2026-09-28T15:22:31.343+00:00,5265.021,RX,peer_observation,0011CF81,1,5,01 00 00 81 CF
2026-09-28T15:22:31.348+00:00,5269.857,RX,peer_observation,00013D3F,1,7,01 00 00 0F 03 3F 3D
2026-09-28T15:22:31.348+00:00,5270.114,RX,peer_observation,00113D3F,1,5,01 00 00 3F 3D
2026-09-28T15:22:31.352+00:00,5274.711,RX,peer_observation,00016A9C,1,7,01 00 00 0F 03 9C 6A
2026-09-28T15:22:31.353+00:00,5274.907,RX,peer_observation,00116A9C,1,5,01 00 00 9C 6A
2026-09-28T15:22:31.357+00:00,5279.736,RX,peer_observation,00016F71,1,7,01 00 00 0F 03 71 6F
2026-09-28T15:22:31.358+00:00,5280.002,RX,peer_observation,00116F71,1,5,01 00 00 71 6F
2026-09-28T15:22:31.362+00:00,5284.710,RX,peer_observation,00014D18,1,7,01 00 00 0F 03 18 4D
2026-09-28T15:22:31.363+00:00,5284.908,RX,peer_observation,00114D18,1,5,01 00 00 18 4D
2026-09-28T15:22:31.367+00:00,5289.735,RX,peer_observation,000169C4,1,7,01 00 00 0F 03 C4 69
2026-09-28T15:22:31.368+00:00,5290.000,RX,peer_observation,001169C4,1,5,01 00 00 C4 69
2026-09-28T15:22:31.372+00:00,5294.750,RX,peer_observation,0001A087,1,7,01 00 00 0F 03 87 A0
2026-09-28T15:22:31.373+00:00,5294.972,RX,peer_observation,0011A087,1,5,01 00 00 87 A0
2026-09-28T15:22:31.377+00:00,5299.711,RX,peer_observation,00018A2C,1,7,01 00 00 0F 03 2C 8A
2026-09-28T15:22:31.378+00:00,5299.907,RX,peer_observation,00118A2C,1,5,01 00 00 2C 8A
2026-09-28T15:22:31.382+00:00,5304.739,RX,peer_observation,00018544,1,7,01 00 00 0F 03 44 85
2026-09-28T15:22:31.383+00:00,5305.019,RX,peer_observation,00118544,1,5,01 00 00 44 85
2026-09-28T15:22:31.387+00:00,5309.738,RX,peer_observation,0001270C,1,7,01 00 00 0F 03 0C 27
2026-09-28T15:22:31.388+00:00,5310.020,RX,peer_observation,0011270C,1,5,01 00 00 0C 27
2026-09-28T15:22:31.392+00:00,5314.717,RX,peer_observation,00019544,1,7,01 00 00 0F 03 44 95
2026-09-28T15:22:31.393+00:00,5314.917,RX,peer_observation,00119544,1,5,01 00 00 44 95
2026-09-28T15:22:31.397+00:00,5319.762,RX,peer_observation,00014F60,1,7,01 00 00 0F 03 60 4F
2026-09-28T15:22:31.398+00:00,5319.976,RX,peer_observation,00114F60,1,5,01 00 00 60 4F
2026-09-28T15:22:31.402+00:00,5324.792,RX,peer_observation,0001DF7A,1,7,01 00 00 0F 03 7A DF
2026-09-28T15:22:31.403+00:00,5325.009,RX,peer_observation,0011DF7A,1,5,01 00 00 7A DF
2026-09-28T15:22:31.407+00:00,5329.723,RX,peer_observation,0001B486,1,7,01 00 00 0F 03 86 B4
2026-09-28T15:22:31.408+00:00,5329.963,RX,peer_observation,0011B486,1,5,01 00 00 86 B4
2026-09-28T15:22:31.412+00:00,5334.767,RX,peer_observation,0001AF00,1,7,01 00 00 0F 03 00 AF
2026-09-28T15:22:31.413+00:00,5334.988,RX,peer_observation,0011AF00,1,5,01 00 00 00 AF
2026-09-28T15:22:31.417+00:00,5339.717,RX,peer_observation,0001B4DD,1,7,01 00 00 0F 03 DD B4
2026-09-28T15:22:31.418+00:00,5339.964,RX,peer_observation,0011B4DD,1,5,01 00 00 DD B4
2026-09-28T15:22:31.422+00:00,5344.804,RX,peer_observation,00012BF1,1,7,01 00 00 0F 03 F1 2B
2026-09-28T15:22:31.423+00:00,5345.004,RX,peer_observation,00112BF1,1,5,01 00 00 F1 2B
2026-09-28T15:22:31.427+00:00,5349.723,RX,peer_observation,0001C853,1,7,01 00 00 0F 03 53 C8
2026-09-28T15:22:31.428+00:00,5349.957,RX,peer_observation,0011C853,1,5,01 00 00 53 C8
2026-09-28T15:22:31.432+00:00,5354.831,RX,peer_observation,0001EC90,1,7,01 00 00 0F 03 90 EC
2026-09-28T15:22:31.433+00:00,5354.920,RX,peer_observation,0011EC90,1,5,01 00 00 90 EC
2026-09-28T15:22:31.437+00:00,5359.745,RX,peer_observation,00012B9B,1,7,01 00 00 0F 03 9B 2B
2026-09-28T15:22:31.438+00:00,5359.957,RX,peer_observation,00112B9B,1,5,01 00 00 9B 2B
2026-09-28T15:22:31.442+00:00,5364.853,RX,peer_observation,0001CC2A,1,7,01 00 00 0F 03 2A CC
2026-09-28T15:22:31.443+00:00,5364.945,RX,peer_observation,0011CC2A,1,5,01 00 00 2A CC
2026-09-28T15:22:31.448+00:00,5370.003,RX,peer_observation,0001389C,1,7,01 00 00 0F 03 9C 38
2026-09-28T15:22:31.448+00:00,5370.094,RX,peer_observation,0011389C,1,5,01 00 00 9C 38
2026-09-28T15:22:31.453+00:00,5374.926,RX,peer_observation,0001C1DD,1,7,01 00 00 0F 03 DD C1
2026-09-28T15:22:31.453+00:00,5374.995,RX,peer_observation,0011C1DD,1,5,01 00 00 DD C1
2026-09-28T15:22:31.458+00:00,5380.000,RX,peer_observation,00017E65,1,7,01 00 00 0F 03 65 7E
2026-09-28T15:22:31.458+00:00,5380.078,RX,peer_observation,00117E65,1,5,01 00 00 65 7E
2026-09-28T15:22:31.463+00:00,5384.924,RX,peer_observation,0001382D,1,7,01 00 00 0F 03 2D 38
2026-09-28T15:22:31.463+00:00,5384.993,RX,peer_observation,0011382D,1,5,01 00 00 2D 38
2026-09-28T15:22:31.468+00:00,5390.007,RX,peer_observation,000170A0,1,7,01 00 00 0F 03 A0 70
2026-09-28T15:22:31.468+00:00,5390.094,RX,peer_observation,001170A0,1,5,01 00 00 A0 70
2026-09-28T15:22:31.473+00:00,5394.967,RX,peer_observation,0001E303,1,7,01 00 00 0F 03 03 E3
2026-09-28T15:22:31.473+00:00,5395.055,RX,peer_observation,0011E303,1,5,01 00 00 03 E3
2026-09-28T15:22:31.478+00:00,5400.031,RX,peer_observation,00012257,1,7,01 00 00 0F 03 57 22
2026-09-28T15:22:31.478+00:00,5400.117,RX,peer_observation,00112257,1,5,01 00 00 57 22
2026-09-28T15:22:31.483+00:00,5404.973,RX,peer_observation,00011492,1,7,01 00 00 0F 03 92 14
2026-09-28T15:22:31.483+00:00,5405.052,RX,peer_observation,00111492,1,5,01 00 00 92 14
2026-09-28T15:22:31.488+00:00,5409.895,RX,peer_observation,0001158F,1,7,01 00 00 0F 03 8F 15
2026-09-28T15:22:31.488+00:00,5409.989,RX,peer_observation,0011158F,1,5,01 00 00 8F 15
2026-09-28T15:22:31.492+00:00,5414.709,RX,peer_observation,00010637,1,7,01 00 00 0F 03 37 06
2026-09-28T15:22:31.493+00:00,5414.991,RX,peer_observation,00110637,1,5,01 00 00 37 06
2026-09-28T15:22:31.497+00:00,5419.709,RX,peer_observation,00011508,1,7,01 00 00 0F 03 08 15
2026-09-28T15:22:31.498+00:00,5419.925,RX,peer_observation,00111508,1,5,01 00 00 08 15
2026-09-28T15:22:31.502+00:00,5424.710,RX,peer_observation,0001AD46,1,7,01 00 00 0F 03 46 AD
2026-09-28T15:22:31.503+00:00,5424.985,RX,peer_observation,0011AD46,1,5,01 00 00 46 AD
2026-09-28T15:22:31.507+00:00,5429.782,RX,peer_observation,00018B1A,1,7,01 00 00 0F 03 1A 8B
2026-09-28T15:22:31.508+00:00,5429.978,RX,peer_observation,00118B1A,1,5,01 00 00 1A 8B
2026-09-28T15:22:31.512+00:00,5434.745,RX,peer_observation,0001D06B,1,7,01 00 00 0F 03 6B D0
2026-09-28T15:22:31.513+00:00,5434.964,RX,peer_observation,0011D06B,1,5,01 00 00 6B D0
2026-09-28T15:22:31.517+00:00,5439.828,RX,peer_observation,00010486,1,7,01 00 00 0F 03 86 04
2026-09-28T15:22:31.518+00:00,5439.915,RX,peer_observation,00110486,1,5,01 00 00 86 04
2026-09-28T15:22:31.522+00:00,5444.710,RX,peer_observation,00012109,1,7,01 00 00 0F 03 09 21
2026-09-28T15:22:31.523+00:00,5444.927,RX,peer_observation,00112109,1,5,01 00 00 09 21
2026-09-28T15:22:31.527+00:00,5449.704,RX,peer_observation,00018FC5,1,7,01 00 00 0F 03 C5 8F
2026-09-28T15:22:31.528+00:00,5449.945,RX,peer_observation,00118FC5,1,5,01 00 00 C5 8F
2026-09-28T15:22:31.533+00:00,5454.970,RX,peer_observation,00018CB3,1,7,01 00 00 0F 03 B3 8C
2026-09-28T15:22:31.533+00:00,5455.063,RX,peer_observation,00118CB3,1,5,01 00 00 B3 8C
2026-09-28T15:22:31.538+00:00,5459.872,RX,peer_observation,00016106,1,7,01 00 00 0F 03 06 61
2026-09-28T15:22:31.538+00:00,5459.918,RX,peer_observation,00116106,1,5,01 00 00 06 61
2026-09-28T15:22:31.542+00:00,5464.707,RX,peer_observation,0001E1B9,1,7,01 00 00 0F 03 B9 E1
2026-09-28T15:22:31.543+00:00,5464.969,RX,peer_observation,0011E1B9,1,5,01 00 00 B9 E1
2026-09-28T15:22:31.547+00:00,5469.838,RX,peer_observation,0001BD01,1,7,01 00 00 0F 03 01 BD
2026-09-28T15:22:31.548+00:00,5469.894,RX,peer_observation,0011BD01,1,5,01 00 00 01 BD
2026-09-28T15:22:31.552+00:00,5474.786,RX,peer_observation,00010A65,1,7,01 00 00 0F 03 65 0A
2026-09-28T15:22:31.553+00:00,5474.954,RX,peer_observation,00110A65,1,5,01 00 00 65 0A
2026-09-28T15:22:31.557+00:00,5479.756,RX,peer_observation,00015857,1,7,01 00 00 0F 03 57 58
2026-09-28T15:22:31.558+00:00,5479.994,RX,peer_observation,00115857,1,5,01 00 00 57 58
2026-09-28T15:22:31.562+00:00,5484.800,RX,peer_observation,0001CD51,1,7,01 00 00 0F 03 51 CD
2026-09-28T15:22:31.563+00:00,5484.971,RX,peer_observation,0011CD51,1,5,01 00 00 51 CD
2026-09-28T15:22:31.567+00:00,5489.759,RX,peer_observation,000126FD,1,7,01 00 00 0F 03 FD 26
2026-09-28T15:22:31.568+00:00,5489.957,RX,peer_observation,001126FD,1,5,01 00 00 FD 26
2026-09-28T15:22:31.573+00:00,5494.865,RX,peer_observation,00015E02,1,7,01 00 00 0F 03 02 5E
2026-09-28T15:22:31.573+00:00,5494.913,RX,peer_observation,00115E02,1,5,01 00 00 02 5E
2026-09-28T15:22:31.577+00:00,5499.706,RX,peer_observation,0001FF19,1,7,01 00 00 0F 03 19 FF
2026-09-28T15:22:31.578+00:00,5499.947,RX,peer_observation,0011FF19,1,5,01 00 00 19 FF
2026-09-28T15:22:31.582+00:00,5504.773,RX,peer_observation,0001AFAF,1,7,01 00 00 0F 03 AF AF
2026-09-28T15:22:31.583+00:00,5504.971,RX,peer_observation,0011AFAF,1,5,01 00 00 AF AF
2026-09-28T15:22:31.587+00:00,5509.733,RX,peer_observation,0001DC37,1,7,01 00 00 0F 03 37 DC
2026-09-28T15:22:31.588+00:00,5510.006,RX,peer_observation,0011DC37,1,5,01 00 00 37 DC
2026-09-28T15:22:31.592+00:00,5514.733,RX,peer_observation,0001C8D7,1,7,01 00 00 0F 03 D7 C8
2026-09-28T15:22:31.593+00:00,5514.975,RX,peer_observation,0011C8D7,1,5,01 00 00 D7 C8
2026-09-28T15:22:31.597+00:00,5519.767,RX,peer_observation,00014FB1,1,7,01 00 00 0F 03 B1 4F
2026-09-28T15:22:31.598+00:00,5520.051,RX,peer_observation,00114FB1,1,5,01 00 00 B1 4F
2026-09-28T15:22:31.602+00:00,5524.783,RX,peer_observation,00016117,1,7,01 00 00 0F 03 17 61
2026-09-28T15:22:31.603+00:00,5525.040,RX,peer_observation,00116117,1,5,01 00 00 17 61
2026-09-28T15:22:31.607+00:00,5529.770,RX,peer_observation,000188D4,1,7,01 00 00 0F 03 D4 88
2026-09-28T15:22:31.608+00:00,5530.057,RX,peer_observation,001188D4,1,5,01 00 00 D4 88
2026-09-28T15:22:31.613+00:00,5535.006,RX,peer_observation,00017361,1,7,01 00 00 0F 03 61 73
2026-09-28T15:22:31.613+00:00,5535.096,RX,peer_observation,00117361,1,5,01 00 00 61 73
2026-09-28T15:22:31.618+00:00,5539.994,RX,peer_observation,000136FA,1,7,01 00 00 0F 03 FA 36
2026-09-28T15:22:31.618+00:00,5540.086,RX,peer_observation,001136FA,1,5,01 00 00 FA 36
2026-09-28T15:22:31.623+00:00,5545.001,RX,peer_observation,0001517B,1,7,01 00 00 0F 03 7B 51
2026-09-28T15:22:31.623+00:00,5545.076,RX,peer_observation,0011517B,1,5,01 00 00 7B 51
2026-09-28T15:22:31.627+00:00,5549.763,RX,peer_observation,0001F1B4,1,7,01 00 00 0F 03 B4 F1
2026-09-28T15:22:31.628+00:00,5550.091,RX,peer_observation,0011F1B4,1,5,01 00 00 B4 F1
2026-09-28T15:22:31.632+00:00,5554.760,RX,peer_observation,00014274,1,7,01 00 00 0F 03 74 42
2026-09-28T15:22:31.633+00:00,5555.070,RX,peer_observation,00114274,1,5,01 00 00 74 42
2026-09-28T15:22:31.637+00:00,5559.783,RX,peer_observation,0001BEBC,1,7,01 00 00 0F 03 BC BE
2026-09-28T15:22:31.638+00:00,5559.986,RX,peer_observation,0011BEBC,1,5,01 00 00 BC BE
2026-09-28T15:22:31.642+00:00,5564.817,RX,peer_observation,00019877,1,7,01 00 00 0F 03 77 98
2026-09-28T15:22:31.643+00:00,5565.019,RX,peer_observation,00119877,1,5,01 00 00 77 98
2026-09-28T15:22:31.648+00:00,5569.886,RX,peer_observation,00019743,1,7,01 00 00 0F 03 43 97
2026-09-28T15:22:31.648+00:00,5569.955,RX,peer_observation,00119743,1,5,01 00 00 43 97
2026-09-28T15:22:31.652+00:00,5574.829,RX,peer_observation,0001AF1A,1,7,01 00 00 0F 03 1A AF
2026-09-28T15:22:31.653+00:00,5575.021,RX,peer_observation,0011AF1A,1,5,01 00 00 1A AF
2026-09-28T15:22:31.658+00:00,5579.852,RX,peer_observation,0001FDDD,1,7,01 00 00 0F 03 DD FD
2026-09-28T15:22:31.658+00:00,5579.952,RX,peer_observation,0011FDDD,1,5,01 00 00 DD FD
2026-09-28T15:22:31.662+00:00,5584.754,RX,peer_observation,00017E1D,1,7,01 00 00 0F 03 1D 7E
2026-09-28T15:22:31.663+00:00,5584.953,RX,peer_observation,00117E1D,1,5,01 00 00 1D 7E
2026-09-28T15:22:31.667+00:00,5589.716,RX,peer_observation,00012C10,1,7,01 00 00 0F 03 10 2C
2026-09-28T15:22:31.668+00:00,5589.960,RX,peer_observation,00112C10,1,5,01 00 00 10 2C
2026-09-28T15:22:31.672+00:00,5594.745,RX,peer_observation,00018D3B,1,7,01 00 00 0F 03 3B 8D
2026-09-28T15:22:31.673+00:00,5594.952,RX,peer_observation,00118D3B,1,5,01 00 00 3B 8D
2026-09-28T15:22:31.677+00:00,5599.787,RX,peer_observation,00013E58,1,7,01 00 00 0F 03 58 3E
2026-09-28T15:22:31.678+00:00,5599.961,RX,peer_observation,00113E58,1,5,01 00 00 58 3E
2026-09-28T15:22:31.682+00:00,5604.707,RX,peer_observation,00019C75,1,7,01 00 00 0F 03 75 9C
2026-09-28T15:22:31.683+00:00,5604.963,RX,peer_observation,00119C75,1,5,01 00 00 75 9C
2026-09-28T15:22:31.687+00:00,5609.715,RX,peer_observation,0001531F,1,7,01 00 00 0F 03 1F 53
2026-09-28T15:22:31.688+00:00,5609.962,RX,peer_observation,0011531F,1,5,01 00 00 1F 53
2026-09-28T15:22:31.692+00:00,5614.719,RX,peer_observation,0001E501,1,7,01 00 00 0F 03 01 E5
2026-09-28T15:22:31.693+00:00,5614.958,RX,peer_observation,0011E501,1,5,01 00 00 01 E5
2026-09-28T15:22:31.697+00:00,5619.723,RX,peer_observation,000100F0,1,7,01 00 00 0F 03 F0 00
2026-09-28T15:22:31.698+00:00,5620.024,RX,peer_observation,001100F0,1,5,01 00 00 F0 00
2026-09-28T15:22:31.703+00:00,5624.869,RX,peer_observation,000159C2,1,7,01 00 00 0F 03 C2 59
2026-09-28T15:22:31.703+00:00,5624.915,RX,peer_observation,001159C2,1,5,01 00 00 C2 59
2026-09-28T15:22:31.708+00:00,5629.945,RX,peer_observation,0001F1FD,1,7,01 00 00 0F 03 FD F1
2026-09-28T15:22:31.708+00:00,5630.036,RX,peer_observation,0011F1FD,1,5,01 00 00 FD F1
2026-09-28T15:22:31.713+00:00,5634.878,RX,peer_observation,0001BAF8,1,7,01 00 00 0F 03 F8 BA
2026-09-28T15:22:31.713+00:00,5634.923,RX,peer_observation,0011BAF8,1,5,01 00 00 F8 BA
2026-09-28T15:22:31.718+00:00,5640.054,RX,peer_observation,00010EA4,1,7,01 00 00 0F 03 A4 0E
2026-09-28T15:22:31.718+00:00,5640.133,RX,peer_observation,00110EA4,1,5,01 00 00 A4 0E
2026-09-28T15:22:31.723+00:00,5644.865,RX,peer_observation,00010F85,1,7,01 00 00 0F 03 85 0F
2026-09-28T15:22:31.723+00:00,5644.910,RX,peer_observation,00110F85,1,5,01 00 00 85 0F
2026-09-28T15:22:31.727+00:00,5649.713,RX,peer_observation,0001FE97,1,7,01 00 00 0F 03 97 FE
2026-09-28T15:22:31.728+00:00,5650.018,RX,peer_observation,0011FE97,1,5,01 00 00 97 FE
2026-09-28T15:22:31.733+00:00,5654.941,RX,peer_observation,0001E2F8,1,7,01 00 00 0F 03 F8 E2
2026-09-28T15:22:31.733+00:00,5655.034,RX,peer_observation,0011E2F8,1,5,01 00 00 F8 E2
2026-09-28T15:22:31.738+00:00,5659.864,RX,peer_observation,000197E1,1,7,01 00 00 0F 03 E1 97
2026-09-28T15:22:31.738+00:00,5659.952,RX,peer_observation,001197E1,1,5,01 00 00 E1 97
2026-09-28T15:22:31.743+00:00,5664.872,RX,peer_observation,00017642,1,7,01 00 00 0F 03 42 76
2026-09-28T15:22:31.743+00:00,5664.975,RX,peer_observation,00117642,1,5,01 00 00 42 76
2026-09-28T15:22:31.747+00:00,5669.722,RX,peer_observation,0001D8CA,1,7,01 00 00 0F 03 CA D8
2026-09-28T15:22:31.748+00:00,5669.979,RX,peer_observation,0011D8CA,1,5,01 00 00 CA D8
2026-09-28T15:22:31.752+00:00,5674.751,RX,peer_observation,0001CDC2,1,7,01 00 00 0F 03 C2 CD
2026-09-28T15:22:31.753+00:00,5674.962,RX,peer_observation,0011CDC2,1,5,01 00 00 C2 CD
2026-09-28T15:22:31.757+00:00,5679.740,RX,peer_observation,00012178,1,7,01 00 00 0F 03 78 21
2026-09-28T15:22:31.758+00:00,5679.935,RX,peer_observation,00112178,1,5,01 00 00 78 21
2026-09-28T15:22:31.762+00:00,5684.724,RX,peer_observation,0001EE04,1,7,01 00 00 0F 03 04 EE
2026-09-28T15:22:31.763+00:00,5684.950,RX,peer_observation,0011EE04,1,5,01 00 00 04 EE
2026-09-28T15:22:31.767+00:00,5689.767,RX,peer_observation,000107B9,1,7,01 00 00 0F 03 B9 07
2026-09-28T15:22:31.768+00:00,5689.981,RX,peer_observation,001107B9,1,5,01 00 00 B9 07
2026-09-28T15:22:31.772+00:00,5694.751,RX,peer_observation,0001596B,1,7,01 00 00 0F 03 6B 59
2026-09-28T15:22:31.773+00:00,5694.995,RX,peer_observation,0011596B,1,5,01 00 00 6B 59
2026-09-28T15:22:31.777+00:00,5699.787,RX,peer_observation,0001C355,1,7,01 00 00 0F 03 55 C3
2026-09-28T15:22:31.778+00:00,5699.974,RX,peer_observation,0011C355,1,5,01 00 00 55 C3
2026-09-28T15:22:31.782+00:00,5704.786,RX,peer_observation,0001D3A1,1,7,01 00 00 0F 03 A1 D3
2026-09-28T15:22:31.783+00:00,5704.992,RX,peer_observation,0011D3A1,1,5,01 00 00 A1 D3
2026-09-28T15:22:31.787+00:00,5709.729,RX,peer_observation,0001A2E2,1,7,01 00 00 0F 03 E2 A2
2026-09-28T15:22:31.788+00:00,5709.960,RX,peer_observation,0011A2E2,1,5,01 00 00 E2 A2
2026-09-28T15:22:31.792+00:00,5714.751,RX,peer_observation,0001AC7B,1,7,01 00 00 0F 03 7B AC
2026-09-28T15:22:31.793+00:00,5714.961,RX,peer_observation,0011AC7B,1,5,01 00 00 7B AC
2026-09-28T15:22:31.798+00:00,5719.864,RX,peer_observation,000114EB,1,7,01 00 00 0F 03 EB 14
2026-09-28T15:22:31.798+00:00,5719.908,RX,peer_observation,001114EB,1,5,01 00 00 EB 14
2026-09-28T15:22:31.803+00:00,5724.871,RX,peer_observation,0001BEBD,1,7,01 00 00 0F 03 BD BE
2026-09-28T15:22:31.803+00:00,5724.916,RX,peer_observation,0011BEBD,1,5,01 00 00 BD BE
2026-09-28T15:22:31.807+00:00,5729.711,RX,peer_observation,000106EE,1,7,01 00 00 0F 03 EE 06
2026-09-28T15:22:31.808+00:00,5730.015,RX,peer_observation,001106EE,1,5,01 00 00 EE 06
2026-09-28T15:22:31.813+00:00,5734.908,RX,peer_observation,0001F7D4,1,7,01 00 00 0F 03 D4 F7
2026-09-28T15:22:31.813+00:00,5735.024,RX,peer_observation,0011F7D4,1,5,01 00 00 D4 F7
2026-09-28T15:22:31.817+00:00,5739.788,RX,peer_observation,00014771,1,7,01 00 00 0F 03 71 47
2026-09-28T15:22:31.818+00:00,5739.995,RX,peer_observation,00114771,1,5,01 00 00 71 47
2026-09-28T15:22:31.823+00:00,5744.918,RX,peer_observation,0001E48F,1,7,01 00 00 0F 03 8F E4
2026-09-28T15:22:31.823+00:00,5744.986,RX,peer_observation,0011E48F,1,5,01 00 00 8F E4
2026-09-28T15:22:31.828+00:00,5749.889,RX,peer_observation,0001464A,1,7,01 00 00 0F 03 4A 46
2026-09-28T15:22:31.828+00:00,5749.957,RX,peer_observation,0011464A,1,5,01 00 00 4A 46
2026-09-28T15:22:31.833+00:00,5755.015,RX,peer_observation,00013F54,1,7,01 00 00 0F 03 54 3F
2026-09-28T15:22:31.833+00:00,5755.114,RX,peer_observation,00113F54,1,5,01 00 00 54 3F
2026-09-28T15:22:31.838+00:00,5760.003,RX,peer_observation,000139CF,1,7,01 00 00 0F 03 CF 39
2026-09-28T15:22:31.838+00:00,5760.081,RX,peer_observation,001139CF,1,5,01 00 00 CF 39
2026-09-28T15:22:31.842+00:00,5764.722,RX,peer_observation,00016365,1,7,01 00 00 0F 03 65 63
2026-09-28T15:22:31.843+00:00,5764.983,RX,peer_observation,00116365,1,5,01 00 00 65 63
2026-09-28T15:22:31.847+00:00,5769.710,RX,peer_observation,0001CD79,1,7,01 00 00 0F 03 79 CD
2026-09-28T15:22:31.848+00:00,5769.927,RX,peer_observation,0011CD79,1,5,01 00 00 79 CD
2026-09-28T15:22:31.852+00:00,5774.763,RX,peer_observation,00014539,1,7,01 00 00 0F 03 39 45
2026-09-28T15:22:31.853+00:00,5774.955,RX,peer_observation,00114539,1,5,01 00 00 39 45
2026-09-28T15:22:31.857+00:00,5779.715,RX,peer_observation,00018655,1,7,01 00 00 0F 03 55 86
2026-09-28T15:22:31.858+00:00,5779.965,RX,peer_observation,00118655,1,5,01 00 00 55 86
2026-09-28T15:22:31.862+00:00,5784.830,RX,peer_observation,00018EE7,1,7,01 00 00 0F 03 E7 8E
2026-09-28T15:22:31.863+00:00,5784.886,RX,peer_observation,00118EE7,1,5,01 00 00 E7 8E
2026-09-28T15:22:31.867+00:00,5789.713,RX,peer_observation,0001E727,1,7,01 00 00 0F 03 27 E7
2026-09-28T15:22:31.868+00:00,5789.938,RX,peer_observation,0011E727,1,5,01 00 00 27 E7
2026-09-28T15:22:31.872+00:00,5794.776,RX,peer_observation,00014846,1,7,01 00 00 0F 03 46 48
2026-09-28T15:22:31.873+00:00,5794.963,RX,peer_observation,00114846,1,5,01 00 00 46 48
2026-09-28T15:22:31.877+00:00,5799.717,RX,peer_observation,00018E30,1,7,01 00 00 0F 03 30 8E
2026-09-28T15:22:31.878+00:00,5799.964,RX,peer_observation,00118E30,1,5,01 00 00 30 8E
2026-09-28T15:22:31.882+00:00,5804.717,RX,peer_observation,00013D1E,1,7,01 00 00 0F 03 1E 3D
2026-09-28T15:22:31.883+00:00,5804.928,RX,peer_observation,00113D1E,1,5,01 00 00 1E 3D
2026-09-28T15:22:31.887+00:00,5809.833,RX,peer_observation,000157FC,1,7,01 00 00 0F 03 FC 57
2026-09-28T15:22:31.888+00:00,5809.878,RX,peer_observation,001157FC,1,5,01 00 00 FC 57
2026-09-28T15:22:31.892+00:00,5814.714,RX,peer_observation,0001D4A9,1,7,01 00 00 0F 03 A9 D4
2026-09-28T15:22:31.893+00:00,5814.960,RX,peer_observation,0011D4A9,1,5,01 00 00 A9 D4
2026-09-28T15:22:31.898+00:00,5819.869,RX,peer_observation,0001969B,1,7,01 00 00 0F 03 9B 96
2026-09-28T15:22:31.898+00:00,5820.010,RX,peer_observation,0011969B,1,5,01 00 00 9B 96
2026-09-28T15:22:31.902+00:00,5824.718,RX,peer_observation,00012034,1,7,01 00 00 0F 03 34 20
2026-09-28T15:22:31.903+00:00,5825.009,RX,peer_observation,00112034,1,5,01 00 00 34 20
2026-09-28T15:22:31.908+00:00,5829.867,RX,peer_observation,0001DA36,1,7,01 00 00 0F 03 36 DA
2026-09-28T15:22:31.908+00:00,5829.975,RX,peer_observation,0011DA36,1,5,01 00 00 36 DA
2026-09-28T15:22:31.913+00:00,5834.867,RX,peer_observation,0001979A,1,7,01 00 00 0F 03 9A 97
2026-09-28T15:22:31.913+00:00,5834.938,RX,peer_observation,0011979A,1,5,01 00 00 9A 97
2026-09-28T15:22:31.918+00:00,5839.868,RX,peer_observation,0001C7D8,1,7,01 00 00 0F 03 D8 C7
2026-09-28T15:22:31.918+00:00,5839.974,RX,peer_observation,0011C7D8,1,5,01 00 00 D8 C7
2026-09-28T15:22:31.923+00:00,5844.872,RX,peer_observation,000110F8,1,7,01 00 00 0F 03 F8 10
2026-09-28T15:22:31.923+00:00,5844.945,RX,peer_observation,001110F8,1,5,01 00 00 F8 10
2026-09-28T15:22:31.928+00:00,5849.868,RX,peer_observation,0001CCF4,1,7,01 00 00 0F 03 F4 CC
2026-09-28T15:22:31.928+00:00,5849.971,RX,peer_observation,0011CCF4,1,5,01 00 00 F4 CC
2026-09-28T15:22:31.933+00:00,5854.867,RX,peer_observation,00011DC3,1,7,01 00 00 0F 03 C3 1D
2026-09-28T15:22:31.933+00:00,5854.966,RX,peer_observation,00111DC3,1,5,01 00 00 C3 1D
2026-09-28T15:22:31.938+00:00,5859.870,RX,peer_observation,000145DD,1,7,01 00 00 0F 03 DD 45
2026-09-28T15:22:31.938+00:00,5859.914,RX,peer_observation,001145DD,1,5,01 00 00 DD 45
2026-09-28T15:22:31.942+00:00,5864.774,RX,peer_observation,00016227,1,7,01 00 00 0F 03 27 62
2026-09-28T15:22:31.943+00:00,5864.944,RX,peer_observation,00116227,1,5,01 00 00 27 62
2026-09-28T15:22:31.948+00:00,5869.864,RX,peer_observation,0001A351,1,7,01 00 00 0F 03 51 A3
2026-09-28T15:22:31.948+00:00,5869.934,RX,peer_observation,0011A351,1,5,01 00 00 51 A3
2026-09-28T15:22:31.953+00:00,5874.850,RX,peer_observation,0001C462,1,7,01 00 00 0F 03 62 C4
2026-09-28T15:22:31.953+00:00,5874.950,RX,peer_observation,0011C462,1,5,01 00 00 62 C4
2026-09-28T15:22:31.958+00:00,5879.950,RX,peer_observation,000142CD,1,7,01 00 00 0F 03 CD 42
2026-09-28T15:22:31.958+00:00,5880.031,RX,peer_observation,001142CD,1,5,01 00 00 CD 42
2026-09-28T15:22:31.963+00:00,5884.954,RX,peer_observation,0001206C,1,7,01 00 00 0F 03 6C 20
2026-09-28T15:22:31.963+00:00,5885.015,RX,peer_observation,0011206C,1,5,01 00 00 6C 20
2026-09-28T15:22:31.968+00:00,5889.951,RX,peer_observation,00018F38,1,7,01 00 00 0F 03 38 8F
2026-09-28T15:22:31.968+00:00,5890.029,RX,peer_observation,00118F38,1,5,01 00 00 38 8F
2026-09-28T15:22:31.972+00:00,5894.817,RX,peer_observation,00017D2E,1,7,01 00 00 0F 03 2E 7D
2026-09-28T15:22:31.973+00:00,5894.894,RX,peer_observation,00117D2E,1,5,01 00 00 2E 7D
2026-09-28T15:22:31.977+00:00,5899.771,RX,peer_observation,00010B2D,1,7,01 00 00 0F 03 2D 0B
2026-09-28T15:22:31.978+00:00,5899.903,RX,peer_observation,00110B2D,1,5,01 00 00 2D 0B
2026-09-28T15:22:31.983+00:00,5904.950,RX,peer_observation,00017F22,1,7,01 00 00 0F 03 22 7F
2026-09-28T15:22:31.983+00:00,5905.041,RX,peer_observation,00117F22,1,5,01 00 00 22 7F
2026-09-28T15:22:31.988+00:00,5909.895,RX,peer_observation,0001F7F1,1,7,01 00 00 0F 03 F1 F7
2026-09-28T15:22:31.988+00:00,5909.981,RX,peer_observation,0011F7F1,1,5,01 00 00 F1 F7
2026-09-28T15:22:31.993+00:00,5914.986,RX,peer_observation,000184FD,1,7,01 00 00 0F 03 FD 84
2026-09-28T15:22:31.993+00:00,5915.072,RX,peer_observation,001184FD,1,5,01 00 00 FD 84
2026-09-28T15:22:31.997+00:00,5919.723,RX,peer_observation,000113D1,1,7,01 00 00 0F 03 D1 13
2026-09-28T15:22:31.998+00:00,5919.958,RX,peer_observation,001113D1,1,5,01 00 00 D1 13
2026-09-28T15:22:32.002+00:00,5924.711,RX,peer_observation,00010DDF,1,7,01 00 00 0F 03 DF 0D
2026-09-28T15:22:32.003+00:00,5924.958,RX,peer_observation,00110DDF,1,5,01 00 00 DF 0D
2026-09-28T15:22:32.008+00:00,5929.870,RX,peer_observation,0001247D,1,7,01 00 00 0F 03 7D 24
2026-09-28T15:22:32.008+00:00,5929.915,RX,peer_observation,0011247D,1,5,01 00 00 7D 24
2026-09-28T15:22:32.012+00:00,5934.716,RX,peer_observation,00015122,1,7,01 00 00 0F 03 22 51
2026-09-28T15:22:32.013+00:00,5934.939,RX,peer_observation,00115122,1,5,01 00 00 22 51
2026-09-28T15:22:32.017+00:00,5939.713,RX,peer_observation,00010D9A,1,7,01 00 00 0F 03 9A 0D
2026-09-28T15:22:32.018+00:00,5939.948,RX,peer_observation,00110D9A,1,5,01 00 00 9A 0D
2026-09-28T15:22:32.022+00:00,5944.713,RX,peer_observation,00011EB1,1,7,01 00 00 0F 03 B1 1E
2026-09-28T15:22:32.023+00:00,5944.936,RX,peer_observation,00111EB1,1,5,01 00 00 B1 1E
2026-09-28T15:22:32.027+00:00,5949.732,RX,peer_observation,0001B9A6,1,7,01 00 00 0F 03 A6 B9
2026-09-28T15:22:32.028+00:00,5949.980,RX,peer_observation,0011B9A6,1,5,01 00 00 A6 B9
2026-09-28T15:22:32.032+00:00,5954.714,RX,peer_observation,00015B97,1,7,01 00 00 0F 03 97 5B
2026-09-28T15:22:32.033+00:00,5954.959,RX,peer_observation,00115B97,1,5,01 00 00 97 5B
2026-09-28T15:22:32.038+00:00,5959.933,RX,peer_observation,0001F6E2,1,7,01 00 00 0F 03 E2 F6
2026-09-28T15:22:32.038+00:00,5960.021,RX,peer_observation,0011F6E2,1,5,01 00 00 E2 F6
2026-09-28T15:22:32.043+00:00,5964.870,RX,peer_observation,0001F925,1,7,01 00 00 0F 03 25 F9
2026-09-28T15:22:32.043+00:00,5964.914,RX,peer_observation,0011F925,1,5,01 00 00 25 F9
2026-09-28T15:22:32.047+00:00,5969.733,RX,peer_observation,000153D4,1,7,01 00 00 0F 03 D4 53
2026-09-28T15:22:32.048+00:00,5969.934,RX,peer_observation,001153D4,1,5,01 00 00 D4 53
2026-09-28T15:22:32.052+00:00,5974.712,RX,peer_observation,0001DDDE,1,7,01 00 00 0F 03 DE DD
2026-09-28T15:22:32.053+00:00,5974.956,RX,peer_observation,0011DDDE,1,5,01 00 00 DE DD
2026-09-28T15:22:32.057+00:00,5979.712,RX,peer_observation,000126B2,1,7,01 00 00 0F 03 B2 26
2026-09-28T15:22:32.058+00:00,5979.932,RX,peer_observation,001126B2,1,5,01 00 00 B2 26
2026-09-28T15:22:32.062+00:00,5984.711,RX,peer_observation,0001520B,1,7,01 00 00 0F 03 0B 52
2026-09-28T15:22:32.063+00:00,5984.956,RX,peer_observation,0011520B,1,5,01 00 00 0B 52
2026-09-28T15:22:32.067+00:00,5989.829,RX,peer_observation,000100A1,1,7,01 00 00 0F 03 A1 00
2026-09-28T15:22:32.068+00:00,5989.875,RX,peer_observation,001100A1,1,5,01 00 00 A1 00
2026-09-28T15:22:32.072+00:00,5994.743,RX,peer_observation,0001C2A6,1,7,01 00 00 0F 03 A6 C2
2026-09-28T15:22:32.073+00:00,5994.963,RX,peer_observation,0011C2A6,1,5,01 00 00 A6 C2
2026-09-28T15:22:32.077+00:00,5999.712,RX,peer_observation,00015DB8,1,7,01 00 00 0F 03 B8 5D
2026-09-28T15:22:32.078+00:00,5999.953,RX,peer_observation,00115DB8,1,5,01 00 00 B8 5D
2026-09-28T15:22:32.082+00:00,6004.737,RX,peer_observation,00016FFB,1,7,01 00 00 0F 03 FB 6F
2026-09-28T15:22:32.083+00:00,6004.943,RX,peer_observation,00116FFB,1,5,01 00 00 FB 6F
2026-09-28T15:22:32.087+00:00,6009.797,RX,peer_observation,0001FC2B,1,7,01 00 00 0F 03 2B FC
2026-09-28T15:22:32.088+00:00,6009.959,RX,peer_observation,0011FC2B,1,5,01 00 00 2B FC
2026-09-28T15:22:32.092+00:00,6014.771,RX,peer_observation,00015A30,1,7,01 00 00 0F 03 30 5A
2026-09-28T15:22:32.093+00:00,6014.960,RX,peer_observation,00115A30,1,5,01 00 00 30 5A
2026-09-28T15:22:32.098+00:00,6019.941,RX,peer_observation,0001D8FA,1,7,01 00 00 0F 03 FA D8
2026-09-28T15:22:32.098+00:00,6020.042,RX,peer_observation,0011D8FA,1,5,01 00 00 FA D8
2026-09-28T15:22:32.103+00:00,6024.951,RX,peer_observation,00019896,1,7,01 00 00 0F 03 96 98
2026-09-28T15:22:32.103+00:00,6025.057,RX,peer_observation,00119896,1,5,01 00 00 96 98
2026-09-28T15:22:32.108+00:00,6029.979,RX,peer_observation,0001122B,1,7,01 00 00 0F 03 2B 12
2026-09-28T15:22:32.108+00:00,6030.137,RX,peer_observation,0011122B,1,5,01 00 00 2B 12
2026-09-28T15:22:32.113+00:00,6034.977,RX,peer_observation,0001316F,1,7,01 00 00 0F 03 6F 31
2026-09-28T15:22:32.113+00:00,6035.071,RX,peer_observation,0011316F,1,5,01 00 00 6F 31
2026-09-28T15:22:32.118+00:00,6039.868,RX,peer_observation,00016A4A,1,7,01 00 00 0F 03 4A 6A
2026-09-28T15:22:32.118+00:00,6039.912,RX,peer_observation,00116A4A,1,5,01 00 00 4A 6A
2026-09-28T15:22:32.123+00:00,6045.017,RX,peer_observation,0001628C,1,7,01 00 00 0F 03 8C 62
2026-09-28T15:22:32.123+00:00,6045.131,RX,peer_observation,0011628C,1,5,01 00 00 8C 62
2026-09-28T15:22:32.128+00:00,6049.865,RX,peer_observation,000146C8,1,7,01 00 00 0F 03 C8 46
2026-09-28T15:22:32.128+00:00,6049.910,RX,peer_observation,001146C8,1,5,01 00 00 C8 46
2026-09-28T15:22:32.133+00:00,6054.862,RX,peer_observation,0001EBF0,1,7,01 00 00 0F 03 F0 EB
2026-09-28T15:22:32.133+00:00,6054.907,RX,peer_observation,0011EBF0,1,5,01 00 00 F0 EB
2026-09-28T15:22:32.137+00:00,6059.778,RX,peer_observation,00016A77,1,7,01 00 00 0F 03 77 6A
2026-09-28T15:22:32.138+00:00,6059.949,RX,peer_observation,00116A77,1,5,01 00 00 77 6A
2026-09-28T15:22:32.142+00:00,6064.705,RX,peer_observation,0001EC60,1,7,01 00 00 0F 03 60 EC
2026-09-28T15:22:32.143+00:00,6064.942,RX,peer_observation,0011EC60,1,5,01 00 00 60 EC
2026-09-28T15:22:32.147+00:00,6069.826,RX,peer_observation,00015F2B,1,7,01 00 00 0F 03 2B 5F
2026-09-28T15:22:32.148+00:00,6070.014,RX,peer_observation,00115F2B,1,5,01 00 00 2B 5F
2026-09-28T15:22:32.153+00:00,6074.863,RX,peer_observation,0001007F,1,7,01 00 00 0F 03 7F 00
2026-09-28T15:22:32.153+00:00,6074.953,RX,peer_observation,0011007F,1,5,01 00 00 7F 00
2026-09-28T15:22:32.158+00:00,6079.890,RX,peer_observation,0001ED49,1,7,01 00 00 0F 03 49 ED
2026-09-28T15:22:32.158+00:00,6080.042,RX,peer_observation,0011ED49,1,5,01 00 00 49 ED
2026-09-28T15:22:32.163+00:00,6084.887,RX,peer_observation,000143ED,1,7,01 00 00 0F 03 ED 43
2026-09-28T15:22:32.163+00:00,6084.944,RX,peer_observation,001143ED,1,5,01 00 00 ED 43
2026-09-28T15:22:32.168+00:00,6089.863,RX,peer_observation,000175D2,1,7,01 00 00 0F 03 D2 75
2026-09-28T15:22:32.168+00:00,6090.026,RX,peer_observation,001175D2,1,5,01 00 00 D2 75
2026-09-28T15:22:32.173+00:00,6094.889,RX,peer_observation,0001A485,1,7,01 00 00 0F 03 85 A4
2026-09-28T15:22:32.173+00:00,6094.946,RX,peer_observation,0011A485,1,5,01 00 00 85 A4
2026-09-28T15:22:32.178+00:00,6099.930,RX,peer_observation,0001BB29,1,7,01 00 00 0F 03 29 BB
2026-09-28T15:22:32.178+00:00,6100.025,RX,peer_observation,0011BB29,1,5,01 00 00 29 BB
2026-09-28T15:22:32.183+00:00,6104.866,RX,peer_observation,0001AAA7,1,7,01 00 00 0F 03 A7 AA
2026-09-28T15:22:32.183+00:00,6105.027,RX,peer_observation,0011AAA7,1,5,01 00 00 A7 AA
2026-09-28T15:22:32.188+00:00,6109.893,RX,peer_observation,00018EA4,1,7,01 00 00 0F 03 A4 8E
2026-09-28T15:22:32.188+00:00,6110.065,RX,peer_observation,00118EA4,1,5,01 00 00 A4 8E
2026-09-28T15:22:32.192+00:00,6114.750,RX,peer_observation,00018232,1,7,01 00 00 0F 03 32 82
2026-09-28T15:22:32.193+00:00,6114.946,RX,peer_observation,00118232,1,5,01 00 00 32 82
2026-09-28T15:22:32.197+00:00,6119.692,RX,peer_observation,000164A2,1,7,01 00 00 0F 03 A2 64
2026-09-28T15:22:32.198+00:00,6119.909,RX,peer_observation,001164A2,1,5,01 00 00 A2 64
2026-09-28T15:22:32.202+00:00,6124.755,RX,peer_observation,0001EAA1,1,7,01 00 00 0F 03 A1 EA
2026-09-28T15:22:32.203+00:00,6124.991,RX,peer_observation,0011EAA1,1,5,01 00 00 A1 EA
2026-09-28T15:22:32.207+00:00,6129.755,RX,peer_observation,00010EC7,1,7,01 00 00 0F 03 C7 0E
2026-09-28T15:22:32.208+00:00,6130.038,RX,peer_observation,00110EC7,1,5,01 00 00 C7 0E
2026-09-28T15:22:32.212+00:00,6134.722,RX,peer_observation,0001955F,1,7,01 00 00 0F 03 5F 95
2026-09-28T15:22:32.213+00:00,6134.974,RX,peer_observation,0011955F,1,5,01 00 00 5F 95
2026-09-28T15:22:32.217+00:00,6139.729,RX,peer_observation,00015F8B,1,7,01 00 00 0F 03 8B 5F
2026-09-28T15:22:32.218+00:00,6139.953,RX,peer_observation,00115F8B,1,5,01 00 00 8B 5F
2026-09-28T15:22:32.222+00:00,6144.706,RX,peer_observation,0001A451,1,7,01 00 00 0F 03 51 A4
2026-09-28T15:22:32.223+00:00,6144.919,RX,peer_observation,0011A451,1,5,01 00 00 51 A4
2026-09-28T15:22:32.227+00:00,6149.736,RX,peer_observation,00017034,1,7,01 00 00 0F 03 34 70
2026-09-28T15:22:32.228+00:00,6149.934,RX,peer_observation,00117034,1,5,01 00 00 34 70
2026-09-28T15:22:32.232+00:00,6154.799,RX,peer_observation,0001F730,1,7,01 00 00 0F 03 30 F7
2026-09-28T15:22:32.233+00:00,6154.896,RX,peer_observation,0011F730,1,5,01 00 00 30 F7
2026-09-28T15:22:32.237+00:00,6159.757,RX,peer_observation,00010600,1,7,01 00 00 0F 03 00 06
2026-09-28T15:22:32.238+00:00,6160.066,RX,peer_observation,00110600,1,5,01 00 00 00 06
2026-09-28T15:22:32.242+00:00,6164.733,RX,peer_observation,0001A115,1,7,01 00 00 0F 03 15 A1
2026-09-28T15:22:32.243+00:00,6165.090,RX,peer_observation,0011A115,1,5,01 00 00 15 A1
2026-09-28T15:22:32.247+00:00,6169.708,RX,peer_observation,0001B907,1,7,01 00 00 0F 03 07 B9
2026-09-28T15:22:32.248+00:00,6170.019,RX,peer_observation,0011B907,1,5,01 00 00 07 B9
2026-09-28T15:22:32.252+00:00,6174.764,RX,peer_observation,0001AC7B,1,7,01 00 00 0F 03 7B AC
2026-09-28T15:22:32.253+00:00,6174.977,RX,peer_observation,0011AC7B,1,5,01 00 00 7B AC
2026-09-28T15:22:32.257+00:00,6179.782,RX,peer_observation,0001A715,1,7,01 00 00 0F 03 15 A7
2026-09-28T15:22:32.258+00:00,6180.049,RX,peer_observation,0011A715,1,5,01 00 00 15 A7
2026-09-28T15:22:32.262+00:00,6184.775,RX,peer_observation,00011E74,1,7,01 00 00 0F 03 74 1E
2026-09-28T15:22:32.263+00:00,6184.922,RX,peer_observation,00111E74,1,5,01 00 00 74 1E
2026-09-28T15:22:32.267+00:00,6189.698,RX,peer_observation,00010E96,1,7,01 00 00 0F 03 96 0E
2026-09-28T15:22:32.268+00:00,6189.973,RX,peer_observation,00110E96,1,5,01 00 00 96 0E
2026-09-28T15:22:32.272+00:00,6194.769,RX,peer_observation,000186EA,1,7,01 00 00 0F 03 EA 86
2026-09-28T15:22:32.273+00:00,6194.916,RX,peer_observation,001186EA,1,5,01 00 00 EA 86
2026-09-28T15:22:32.277+00:00,6199.722,RX,peer_observation,0001A948,1,7,01 00 00 0F 03 48 A9
2026-09-28T15:22:32.278+00:00,6199.873,RX,peer_observation,0011A948,1,5,01 00 00 48 A9
2026-09-28T15:22:32.282+00:00,6204.737,RX,peer_observation,00012625,1,7,01 00 00 0F 03 25 26
2026-09-28T15:22:32.283+00:00,6204.960,RX,peer_observation,00112625,1,5,01 00 00 25 26
2026-09-28T15:22:32.287+00:00,6209.758,RX,peer_observation,00015048,1,7,01 00 00 0F 03 48 50
2026-09-28T15:22:32.288+00:00,6210.014,RX,peer_observation,00115048,1,5,01 00 00 48 50
2026-09-28T15:22:32.292+00:00,6214.765,RX,peer_observation,0001D4E2,1,7,01 00 00 0F 03 E2 D4
2026-09-28T15:22:32.293+00:00,6214.930,RX,peer_observation,0011D4E2,1,5,01 00 00 E2 D4
2026-09-28T15:22:32.297+00:00,6219.676,RX,peer_observation,00018ABA,1,7,01 00 00 0F 03 BA 8A
2026-09-28T15:22:32.298+00:00,6219.918,RX,peer_observation,00118ABA,1,5,01 00 00 BA 8A
2026-09-28T15:22:32.302+00:00,6224.726,RX,peer_observation,0001CED0,1,7,01 00 00 0F 03 D0 CE
2026-09-28T15:22:32.303+00:00,6224.983,RX,peer_observation,0011CED0,1,5,01 00 00 D0 CE
2026-09-28T15:22:32.307+00:00,6229.737,RX,peer_observation,00019E21,1,7,01 00 00 0F 03 21 9E
2026-09-28T15:22:32.308+00:00,6230.007,RX,peer_observation,00119E21,1,5,01 00 00 21 9E
2026-09-28T15:22:32.312+00:00,6234.750,RX,peer_observation,00015021,1,7,01 00 00 0F 03 21 50
2026-09-28T15:22:32.313+00:00,6235.009,RX,peer_observation,00115021,1,5,01 00 00 21 50
2026-09-28T15:22:32.317+00:00,6239.665,RX,peer_observation,0001E71C,1,7,01 00 00 0F 03 1C E7
2026-09-28T15:22:32.318+00:00,6239.908,RX,peer_observation,0011E71C,1,5,01 00 00 1C E7
2026-09-28T15:22:32.322+00:00,6244.663,RX,peer_observation,00019D96,1,7,01 00 00 0F 03 96 9D
2026-09-28T15:22:32.323+00:00,6244.908,RX,peer_observation,00119D96,1,5,01 00 00 96 9D
2026-09-28T15:22:32.327+00:00,6249.666,RX,peer_observation,0001E71F,1,7,01 00 00 0F 03 1F E7
2026-09-28T15:22:32.328+00:00,6249.905,RX,peer_observation,0011E71F,1,5,01 00 00 1F E7
2026-09-28T15:22:32.332+00:00,6254.663,RX,peer_observation,0001E72A,1,7,01 00 00 0F 03 2A E7
2026-09-28T15:22:32.333+00:00,6254.907,RX,peer_observation,0011E72A,1,5,01 00 00 2A E7
2026-09-28T15:22:32.337+00:00,6259.736,RX,peer_observation,0001AB6A,1,7,01 00 00 0F 03 6A AB
2026-09-28T15:22:32.338+00:00,6259.889,RX,peer_observation,0011AB6A,1,5,01 00 00 6A AB
2026-09-28T15:22:32.342+00:00,6264.686,RX,peer_observation,0001D050,1,7,01 00 00 0F 03 50 D0
2026-09-28T15:22:32.343+00:00,6264.930,RX,peer_observation,0011D050,1,5,01 00 00 50 D0
2026-09-28T15:22:32.347+00:00,6269.690,RX,peer_observation,00017F47,1,7,01 00 00 0F 03 47 7F
2026-09-28T15:22:32.348+00:00,6269.965,RX,peer_observation,00117F47,1,5,01 00 00 47 7F
2026-09-28T15:22:32.352+00:00,6274.725,RX,peer_observation,00016D60,1,7,01 00 00 0F 03 60 6D
2026-09-28T15:22:32.353+00:00,6275.001,RX,peer_observation,00116D60,1,5,01 00 00 60 6D
2026-09-28T15:22:32.357+00:00,6279.724,RX,peer_observation,0001FF59,1,7,01 00 00 0F 03 59 FF
2026-09-28T15:22:32.358+00:00,6280.000,RX,peer_observation,0011FF59,1,5,01 00 00 59 FF
2026-09-28T15:22:32.362+00:00,6284.723,RX,peer_observation,0001A49A,1,7,01 00 00 0F 03 9A A4
2026-09-28T15:22:32.363+00:00,6284.998,RX,peer_observation,0011A49A,1,5,01 00 00 9A A4
2026-09-28T15:22:32.367+00:00,6289.663,RX,peer_observation,0001AD7D,1,7,01 00 00 0F 03 7D AD
2026-09-28T15:22:32.368+00:00,6289.898,RX,peer_observation,0011AD7D,1,5,01 00 00 7D AD
2026-09-28T15:22:32.372+00:00,6294.661,RX,peer_observation,00019DF3,1,7,01 00 00 0F 03 F3 9D
2026-09-28T15:22:32.373+00:00,6294.907,RX,peer_observation,00119DF3,1,5,01 00 00 F3 9D
2026-09-28T15:22:32.377+00:00,6299.661,RX,peer_observation,00016490,1,7,01 00 00 0F 03 90 64
2026-09-28T15:22:32.378+00:00,6299.906,RX,peer_observation,00116490,1,5,01 00 00 90 64
2026-09-28T15:22:32.382+00:00,6304.660,RX,peer_observation,0001BB8D,1,7,01 00 00 0F 03 8D BB
2026-09-28T15:22:32.383+00:00,6304.896,RX,peer_observation,0011BB8D,1,5,01 00 00 8D BB
2026-09-28T15:22:32.387+00:00,6309.662,RX,peer_observation,00014517,1,7,01 00 00 0F 03 17 45
2026-09-28T15:22:32.388+00:00,6309.903,RX,peer_observation,00114517,1,5,01 00 00 17 45
2026-09-28T15:22:32.392+00:00,6314.662,RX,peer_observation,0001CD7D,1,7,01 00 00 0F 03 7D CD
2026-09-28T15:22:32.393+00:00,6314.908,RX,peer_observation,0011CD7D,1,5,01 00 00 7D CD
2026-09-28T15:22:32.397+00:00,6319.664,RX,peer_observation,0001DB99,1,7,01 00 00 0F 03 99 DB
2026-09-28T15:22:32.398+00:00,6319.913,RX,peer_observation,0011DB99,1,5,01 00 00 99 DB
2026-09-28T15:22:32.402+00:00,6324.664,RX,peer_observation,00014E4F,1,7,01 00 00 0F 03 4F 4E
2026-09-28T15:22:32.403+00:00,6324.899,RX,peer_observation,00114E4F,1,5,01 00 00 4F 4E
2026-09-28T15:22:32.407+00:00,6329.665,RX,peer_observation,00011F30,1,7,01 00 00 0F 03 30 1F
2026-09-28T15:22:32.408+00:00,6329.921,RX,peer_observation,00111F30,1,5,01 00 00 30 1F
2026-09-28T15:22:32.413+00:00,6334.892,RX,peer_observation,0001BE6B,1,7,01 00 00 0F 03 6B BE
2026-09-28T15:22:32.413+00:00,6334.983,RX,peer_observation,0011BE6B,1,5,01 00 00 6B BE
2026-09-28T15:22:32.417+00:00,6339.820,RX,peer_observation,0001C695,1,7,01 00 00 0F 03 95 C6
2026-09-28T15:22:32.418+00:00,6339.865,RX,peer_observation,0011C695,1,5,01 00 00 95 C6
2026-09-28T15:22:32.423+00:00,6344.892,RX,peer_observation,0001934B,1,7,01 00 00 0F 03 4B 93
2026-09-28T15:22:32.423+00:00,6344.981,RX,peer_observation,0011934B,1,5,01 00 00 4B 93
2026-09-28T15:22:32.427+00:00,6349.832,RX,peer_observation,0001BBBC,1,7,01 00 00 0F 03 BC BB
2026-09-28T15:22:32.428+00:00,6349.889,RX,peer_observation,0011BBBC,1,5,01 00 00 BC BB
2026-09-28T15:22:32.433+00:00,6354.937,RX,peer_observation,0001681D,1,7,01 00 00 0F 03 1D 68
2026-09-28T15:22:32.433+00:00,6355.007,RX,peer_observation,0011681D,1,5,01 00 00 1D 68
2026-09-28T15:22:32.437+00:00,6359.659,RX,peer_observation,000121B2,1,7,01 00 00 0F 03 B2 21
2026-09-28T15:22:32.438+00:00,6359.899,RX,peer_observation,001121B2,1,5,01 00 00 B2 21
2026-09-28T15:22:32.442+00:00,6364.819,RX,peer_observation,00010440,1,7,01 00 00 0F 03 40 04
2026-09-28T15:22:32.443+00:00,6364.865,RX,peer_observation,00110440,1,5,01 00 00 40 04
2026-09-28T15:22:32.447+00:00,6369.781,RX,peer_observation,0001CE5E,1,7,01 00 00 0F 03 5E CE
2026-09-28T15:22:32.448+00:00,6369.862,RX,peer_observation,0011CE5E,1,5,01 00 00 5E CE
2026-09-28T15:22:32.452+00:00,6374.827,RX,peer_observation,0001E4CB,1,7,01 00 00 0F 03 CB E4
2026-09-28T15:22:32.453+00:00,6374.895,RX,peer_observation,0011E4CB,1,5,01 00 00 CB E4
2026-09-28T15:22:32.457+00:00,6379.798,RX,peer_observation,0001815C,1,7,01 00 00 0F 03 5C 81
2026-09-28T15:22:32.458+00:00,6379.916,RX,peer_observation,0011815C,1,5,01 00 00 5C 81
2026-09-28T15:22:32.462+00:00,6384.825,RX,peer_observation,0001C0FA,1,7,01 00 00 0F 03 FA C0
2026-09-28T15:22:32.463+00:00,6384.893,RX,peer_observation,0011C0FA,1,5,01 00 00 FA C0
2026-09-28T15:22:32.467+00:00,6389.740,RX,peer_observation,0001D2FB,1,7,01 00 00 0F 03 FB D2
2026-09-28T15:22:32.468+00:00,6389.926,RX,peer_observation,0011D2FB,1,5,01 00 00 FB D2
2026-09-28T15:22:32.472+00:00,6394.751,RX,peer_observation,00011A2D,1,7,01 00 00 0F 03 2D 1A
2026-09-28T15:22:32.473+00:00,6394.999,RX,peer_observation,00111A2D,1,5,01 00 00 2D 1A
2026-09-28T15:22:32.477+00:00,6399.696,RX,peer_observation,00012234,1,7,01 00 00 0F 03 34 22
2026-09-28T15:22:32.478+00:00,6399.898,RX,peer_observation,00112234,1,5,01 00 00 34 22
2026-09-28T15:22:32.482+00:00,6404.683,RX,peer_observation,0001C2E2,1,7,01 00 00 0F 03 E2 C2
2026-09-28T15:22:32.483+00:00,6404.908,RX,peer_observation,0011C2E2,1,5,01 00 00 E2 C2
2026-09-28T15:22:32.487+00:00,6409.723,RX,peer_observation,00018A0D,1,7,01 00 00 0F 03 0D 8A
2026-09-28T15:22:32.488+00:00,6409.897,RX,peer_observation,00118A0D,1,5,01 00 00 0D 8A
2026-09-28T15:22:32.492+00:00,6414.653,RX,peer_observation,0001ACD8,1,7,01 00 00 0F 03 D8 AC
2026-09-28T15:22:32.493+00:00,6414.899,RX,peer_observation,0011ACD8,1,5,01 00 00 D8 AC
2026-09-28T15:22:32.498+00:00,6419.883,RX,peer_observation,000102C4,1,7,01 00 00 0F 03 C4 02
2026-09-28T15:22:32.498+00:00,6419.977,RX,peer_observation,001102C4,1,5,01 00 00 C4 02
2026-09-28T15:22:32.502+00:00,6424.816,RX,peer_observation,00013136,1,7,01 00 00 0F 03 36 31
2026-09-28T15:22:32.503+00:00,6424.864,RX,peer_observation,00113136,1,5,01 00 00 36 31
2026-09-28T15:22:32.508+00:00,6429.907,RX,peer_observation,0001ACB9,1,7,01 00 00 0F 03 B9 AC
2026-09-28T15:22:32.508+00:00,6430.064,RX,peer_observation,0011ACB9,1,5,01 00 00 B9 AC
2026-09-28T15:22:32.512+00:00,6434.668,RX,peer_observation,0001B269,1,7,01 00 00 0F 03 69 B2
2026-09-28T15:22:32.513+00:00,6435.051,RX,peer_observation,0011B269,1,5,01 00 00 69 B2
2026-09-28T15:22:32.517+00:00,6439.667,RX,peer_observation,0001DEEF,1,7,01 00 00 0F 03 EF DE
2026-09-28T15:22:32.518+00:00,6440.006,RX,peer_observation,0011DEEF,1,5,01 00 00 EF DE
2026-09-28T15:22:32.522+00:00,6444.659,RX,peer_observation,0001D618,1,7,01 00 00 0F 03 18 D6
2026-09-28T15:22:32.523+00:00,6444.924,RX,peer_observation,0011D618,1,5,01 00 00 18 D6
2026-09-28T15:22:32.527+00:00,6449.756,RX,peer_observation,0001509E,1,7,01 00 00 0F 03 9E 50
2026-09-28T15:22:32.528+00:00,6450.021,RX,peer_observation,0011509E,1,5,01 00 00 9E 50
2026-09-28T15:22:32.533+00:00,6454.925,RX,peer_observation,00019A63,1,7,01 00 00 0F 03 63 9A
2026-09-28T15:22:32.533+00:00,6455.040,RX,peer_observation,00119A63,1,5,01 00 00 63 9A
2026-09-28T15:22:32.537+00:00,6459.703,RX,peer_observation,00015D29,1,7,01 00 00 0F 03 29 5D
2026-09-28T15:22:32.538+00:00,6459.921,RX,peer_observation,00115D29,1,5,01 00 00 29 5D
2026-09-28T15:22:32.542+00:00,6464.668,RX,peer_observation,00013448,1,7,01 00 00 0F 03 48 34
2026-09-28T15:22:32.543+00:00,6464.933,RX,peer_observation,00113448,1,5,01 00 00 48 34
2026-09-28T15:22:32.548+00:00,6469.893,RX,peer_observation,0001A372,1,7,01 00 00 0F 03 72 A3
2026-09-28T15:22:32.548+00:00,6469.982,RX,peer_observation,0011A372,1,5,01 00 00 72 A3
2026-09-28T15:22:32.552+00:00,6474.684,RX,peer_observation,0001EDD8,1,7,01 00 00 0F 03 D8 ED
2026-09-28T15:22:32.553+00:00,6474.966,RX,peer_observation,0011EDD8,1,5,01 00 00 D8 ED
2026-09-28T15:22:32.558+00:00,6479.906,RX,peer_observation,0001056A,1,7,01 00 00 0F 03 6A 05
2026-09-28T15:22:32.558+00:00,6479.993,RX,peer_observation,0011056A,1,5,01 00 00 6A 05
2026-09-28T15:22:32.562+00:00,6484.828,RX,peer_observation,00010DB0,1,7,01 00 00 0F 03 B0 0D
2026-09-28T15:22:32.563+00:00,6484.898,RX,peer_observation,00110DB0,1,5,01 00 00 B0 0D
2026-09-28T15:22:32.568+00:00,6489.933,RX,peer_observation,00014E4E,1,7,01 00 00 0F 03 4E 4E
2026-09-28T15:22:32.568+00:00,6490.016,RX,peer_observation,00114E4E,1,5,01 00 00 4E 4E
2026-09-28T15:22:32.572+00:00,6494.830,RX,peer_observation,000125C9,1,7,01 00 00 0F 03 C9 25
2026-09-28T15:22:32.573+00:00,6494.900,RX,peer_observation,001125C9,1,5,01 00 00 C9 25
2026-09-28T15:22:32.578+00:00,6499.892,RX,peer_observation,00015DE3,1,7,01 00 00 0F 03 E3 5D
2026-09-28T15:22:32.578+00:00,6499.971,RX,peer_observation,00115DE3,1,5,01 00 00 E3 5D
2026-09-28T15:22:32.583+00:00,6504.946,RX,peer_observation,00018EA3,1,7,01 00 00 0F 03 A3 8E
2026-09-28T15:22:32.583+00:00,6505.042,RX,peer_observation,00118EA3,1,5,01 00 00 A3 8E
2026-09-28T15:22:32.588+00:00,6509.898,RX,peer_observation,000134C3,1,7,01 00 00 0F 03 C3 34
2026-09-28T15:22:32.588+00:00,6509.989,RX,peer_observation,001134C3,1,5,01 00 00 C3 34
2026-09-28T15:22:32.593+00:00,6514.979,RX,peer_observation,0001784E,1,7,01 00 00 0F 03 4E 78
2026-09-28T15:22:32.593+00:00,6515.055,RX,peer_observation,0011784E,1,5,01 00 00 4E 78
2026-09-28T15:22:32.597+00:00,6519.751,RX,peer_observation,0001F56D,1,7,01 00 00 0F 03 6D F5
2026-09-28T15:22:32.598+00:00,6519.913,RX,peer_observation,0011F56D,1,5,01 00 00 6D F5
2026-09-28T15:22:32.602+00:00,6524.712,RX,peer_observation,0001A9E3,1,7,01 00 00 0F 03 E3 A9
2026-09-28T15:22:32.603+00:00,6524.981,RX,peer_observation,0011A9E3,1,5,01 00 00 E3 A9
2026-09-28T15:22:32.607+00:00,6529.747,RX,peer_observation,0001DFB3,1,7,01 00 00 0F 03 B3 DF
2026-09-28T15:22:32.608+00:00,6529.915,RX,peer_observation,0011DFB3,1,5,01 00 00 B3 DF
2026-09-28T15:22:32.612+00:00,6534.667,RX,peer_observation,0001B474,1,7,01 00 00 0F 03 74 B4
2026-09-28T15:22:32.613+00:00,6534.906,RX,peer_observation,0011B474,1,5,01 00 00 74 B4
2026-09-28T15:22:32.617+00:00,6539.736,RX,peer_observation,00017BC5,1,7,01 00 00 0F 03 C5 7B
2026-09-28T15:22:32.618+00:00,6539.935,RX,peer_observation,00117BC5,1,5,01 00 00 C5 7B
2026-09-28T15:22:32.622+00:00,6544.684,RX,peer_observation,00016967,1,7,01 00 00 0F 03 67 69
2026-09-28T15:22:32.623+00:00,6544.898,RX,peer_observation,00116967,1,5,01 00 00 67 69
2026-09-28T15:22:32.627+00:00,6549.729,RX,peer_observation,00011FE1,1,7,01 00 00 0F 03 E1 1F
2026-09-28T15:22:32.628+00:00,6549.919,RX,peer_observation,00111FE1,1,5,01 00 00 E1 1F
2026-09-28T15:22:32.632+00:00,6554.696,RX,peer_observation,0001F8E9,1,7,01 00 00 0F 03 E9 F8
2026-09-28T15:22:32.633+00:00,6554.896,RX,peer_observation,0011F8E9,1,5,01 00 00 E9 F8
2026-09-28T15:22:32.637+00:00,6559.805,RX,peer_observation,0001C379,1,7,01 00 00 0F 03 79 C3
2026-09-28T15:22:32.638+00:00,6559.896,RX,peer_observation,0011C379,1,5,01 00 00 79 C3
2026-09-28T15:22:32.642+00:00,6564.736,RX,peer_observation,00014BD9,1,7,01 00 00 0F 03 D9 4B
2026-09-28T15:22:32.643+00:00,6564.904,RX,peer_observation,00114BD9,1,5,01 00 00 D9 4B
2026-09-28T15:22:32.647+00:00,6569.825,RX,peer_observation,00018C45,1,7,01 00 00 0F 03 45 8C
2026-09-28T15:22:32.648+00:00,6569.894,RX,peer_observation,00118C45,1,5,01 00 00 45 8C
2026-09-28T15:22:32.653+00:00,6574.972,RX,peer_observation,00019D58,1,7,01 00 00 0F 03 58 9D
2026-09-28T15:22:32.653+00:00,6575.055,RX,peer_observation,00119D58,1,5,01 00 00 58 9D
2026-09-28T15:22:32.658+00:00,6579.969,RX,peer_observation,0001DD9F,1,7,01 00 00 0F 03 9F DD
2026-09-28T15:22:32.658+00:00,6580.053,RX,peer_observation,0011DD9F,1,5,01 00 00 9F DD
2026-09-28T15:22:32.663+00:00,6584.929,RX,peer_observation,000172E1,1,7,01 00 00 0F 03 E1 72
2026-09-28T15:22:32.663+00:00,6585.011,RX,peer_observation,001172E1,1,5,01 00 00 E1 72
2026-09-28T15:22:32.668+00:00,6589.992,RX,peer_observation,00013820,1,7,01 00 00 0F 03 20 38
2026-09-28T15:22:32.668+00:00,6590.086,RX,peer_observation,00113820,1,5,01 00 00 20 38
2026-09-28T15:22:32.673+00:00,6594.930,RX,peer_observation,0001F694,1,7,01 00 00 0F 03 94 F6
2026-09-28T15:22:32.673+00:00,6595.018,RX,peer_observation,0011F694,1,5,01 00 00 94 F6
2026-09-28T15:22:32.678+00:00,6599.905,RX,peer_observation,00012B4B,1,7,01 00 00 0F 03 4B 2B
2026-09-28T15:22:32.678+00:00,6600.002,RX,peer_observation,00112B4B,1,5,01 00 00 4B 2B
2026-09-28T15:22:32.683+00:00,6604.988,RX,peer_observation,00011223,1,7,01 00 00 0F 03 23 12
2026-09-28T15:22:32.683+00:00,6605.081,RX,peer_observation,00111223,1,5,01 00 00 23 12
2026-09-28T15:22:32.687+00:00,6609.761,RX,peer_observation,000118D2,1,7,01 00 00 0F 03 D2 18
2026-09-28T15:22:32.688+00:00,6610.020,RX,peer_observation,001118D2,1,5,01 00 00 D2 18
2026-09-28T15:22:32.693+00:00,6614.963,RX,peer_observation,00012577,1,7,01 00 00 0F 03 77 25
2026-09-28T15:22:32.693+00:00,6615.050,RX,peer_observation,00112577,1,5,01 00 00 77 25
2026-09-28T15:22:32.698+00:00,6619.890,RX,peer_observation,00015CBD,1,7,01 00 00 0F 03 BD 5C
2026-09-28T15:22:32.698+00:00,6619.977,RX,peer_observation,00115CBD,1,5,01 00 00 BD 5C
2026-09-28T15:22:32.702+00:00,6624.823,RX,peer_observation,0001B708,1,7,01 00 00 0F 03 08 B7
2026-09-28T15:22:32.703+00:00,6624.908,RX,peer_observation,0011B708,1,5,01 00 00 08 B7
2026-09-28T15:22:32.707+00:00,6629.798,RX,peer_observation,0001A76D,1,7,01 00 00 0F 03 6D A7
2026-09-28T15:22:32.708+00:00,6629.881,RX,peer_observation,0011A76D,1,5,01 00 00 6D A7
2026-09-28T15:22:32.712+00:00,6634.820,RX,peer_observation,0001F087,1,7,01 00 00 0F 03 87 F0
2026-09-28T15:22:32.713+00:00,6634.905,RX,peer_observation,0011F087,1,5,01 00 00 87 F0
2026-09-28T15:22:32.717+00:00,6639.759,RX,peer_observation,00019E5C,1,7,01 00 00 0F 03 5C 9E
2026-09-28T15:22:32.718+00:00,6639.865,RX,peer_observation,00119E5C,1,5,01 00 00 5C 9E
2026-09-28T15:22:32.722+00:00,6644.776,RX,peer_observation,0001893F,1,7,01 00 00 0F 03 3F 89
2026-09-28T15:22:32.723+00:00,6644.880,RX,peer_observation,0011893F,1,5,01 00 00 3F 89
2026-09-28T15:22:32.727+00:00,6649.813,RX,peer_observation,00016A08,1,7,01 00 00 0F 03 08 6A
2026-09-28T15:22:32.728+00:00,6649.901,RX,peer_observation,00116A08,1,5,01 00 00 08 6A
2026-09-28T15:22:32.732+00:00,6654.804,RX,peer_observation,0001885D,1,7,01 00 00 0F 03 5D 88
2026-09-28T15:22:32.733+00:00,6654.897,RX,peer_observation,0011885D,1,5,01 00 00 5D 88
2026-09-28T15:22:32.738+00:00,6659.858,RX,peer_observation,00018766,1,7,01 00 00 0F 03 66 87
2026-09-28T15:22:32.738+00:00,6659.960,RX,peer_observation,00118766,1,5,01 00 00 66 87
2026-09-28T15:22:32.742+00:00,6664.809,RX,peer_observation,0001B402,1,7,01 00 00 0F 03 02 B4
2026-09-28T15:22:32.743+00:00,6664.874,RX,peer_observation,0011B402,1,5,01 00 00 02 B4
2026-09-28T15:22:32.747+00:00,6669.771,RX,peer_observation,00019CD4,1,7,01 00 00 0F 03 D4 9C
2026-09-28T15:22:32.748+00:00,6669.842,RX,peer_observation,00119CD4,1,5,01 00 00 D4 9C
2026-09-28T15:22:32.752+00:00,6674.616,RX,peer_observation,00015AC5,1,7,01 00 00 0F 03 C5 5A
2026-09-28T15:22:32.753+00:00,6674.871,RX,peer_observation,00115AC5,1,5,01 00 00 C5 5A
2026-09-28T15:22:32.757+00:00,6679.609,RX,peer_observation,00013E63,1,7,01 00 00 0F 03 63 3E
2026-09-28T15:22:32.758+00:00,6679.846,RX,peer_observation,00113E63,1,5,01 00 00 63 3E
2026-09-28T15:22:32.762+00:00,6684.620,RX,peer_observation,0001A818,1,7,01 00 00 0F 03 18 A8
2026-09-28T15:22:32.763+00:00,6684.865,RX,peer_observation,0011A818,1,5,01 00 00 18 A8
2026-09-28T15:22:32.767+00:00,6689.644,RX,peer_observation,0001A2F0,1,7,01 00 00 0F 03 F0 A2
2026-09-28T15:22:32.768+00:00,6689.949,RX,peer_observation,0011A2F0,1,5,01 00 00 F0 A2
2026-09-28T15:22:32.772+00:00,6694.637,RX,peer_observation,0001E4A5,1,7,01 00 00 0F 03 A5 E4
2026-09-28T15:22:32.773+00:00,6694.881,RX,peer_observation,0011E4A5,1,5,01 00 00 A5 E4
2026-09-28T15:22:32.777+00:00,6699.767,RX,peer_observation,00018F5E,1,7,01 00 00 0F 03 5E 8F
2026-09-28T15:22:32.778+00:00,6699.857,RX,peer_observation,00118F5E,1,5,01 00 00 5E 8F
2026-09-28T15:22:32.782+00:00,6704.648,RX,peer_observation,00016A9D,1,7,01 00 00 0F 03 9D 6A
2026-09-28T15:22:32.783+00:00,6704.891,RX,peer_observation,00116A9D,1,5,01 00 00 9D 6A
2026-09-28T15:22:32.787+00:00,6709.645,RX,peer_observation,00019EFB,1,7,01 00 00 0F 03 FB 9E
2026-09-28T15:22:32.788+00:00,6709.961,RX,peer_observation,00119EFB,1,5,01 00 00 FB 9E
2026-09-28T15:22:32.792+00:00,6714.649,RX,peer_observation,00018E9D,1,7,01 00 00 0F 03 9D 8E
2026-09-28T15:22:32.793+00:00,6714.895,RX,peer_observation,00118E9D,1,5,01 00 00 9D 8E
2026-09-28T15:22:32.797+00:00,6719.625,RX,peer_observation,0001DFD2,1,7,01 00 00 0F 03 D2 DF
2026-09-28T15:22:32.798+00:00,6719.920,RX,peer_observation,0011DFD2,1,5,01 00 00 D2 DF
2026-09-28T15:22:32.802+00:00,6724.574,RX,peer_observation,0001DC84,1,7,01 00 00 0F 03 84 DC
2026-09-28T15:22:32.803+00:00,6724.840,RX,peer_observation,0011DC84,1,5,01 00 00 84 DC
2026-09-28T15:22:32.808+00:00,6729.912,RX,peer_observation,00010B6D,1,7,01 00 00 0F 03 6D 0B
2026-09-28T15:22:32.808+00:00,6729.984,RX,peer_observation,00110B6D,1,5,01 00 00 6D 0B
2026-09-28T15:22:32.812+00:00,6734.826,RX,peer_observation,00015872,1,7,01 00 00 0F 03 72 58
2026-09-28T15:22:32.813+00:00,6734.912,RX,peer_observation,00115872,1,5,01 00 00 72 58
2026-09-28T15:22:32.818+00:00,6739.896,RX,peer_observation,00015C64,1,7,01 00 00 0F 03 64 5C
2026-09-28T15:22:32.818+00:00,6739.998,RX,peer_observation,00115C64,1,5,01 00 00 64 5C
2026-09-28T15:22:32.822+00:00,6744.788,RX,peer_observation,00012ED7,1,7,01 00 00 0F 03 D7 2E
2026-09-28T15:22:32.823+00:00,6744.900,RX,peer_observation,00112ED7,1,5,01 00 00 D7 2E
2026-09-28T15:22:32.828+00:00,6749.901,RX,peer_observation,000146A5,1,7,01 00 00 0F 03 A5 46
2026-09-28T15:22:32.828+00:00,6749.997,RX,peer_observation,001146A5,1,5,01 00 00 A5 46
2026-09-28T15:22:32.833+00:00,6754.888,RX,peer_observation,0001DB2A,1,7,01 00 00 0F 03 2A DB
2026-09-28T15:22:32.833+00:00,6755.011,RX,peer_observation,0011DB2A,1,5,01 00 00 2A DB
2026-09-28T15:22:32.837+00:00,6759.646,RX,peer_observation,0001F855,1,7,01 00 00 0F 03 55 F8
2026-09-28T15:22:32.838+00:00,6759.912,RX,peer_observation,0011F855,1,5,01 00 00 55 F8
2026-09-28T15:22:32.842+00:00,6764.703,RX,peer_observation,000103C4,1,7,01 00 00 0F 03 C4 03
2026-09-28T15:22:32.842+00:00,6764.781,RX,peer_observation,001103C4,1,5,01 00 00 C4 03
2026-09-28T15:22:32.847+00:00,6769.825,RX,peer_observation,000122C1,1,7,01 00 00 0F 03 C1 22
2026-09-28T15:22:32.848+00:00,6769.899,RX,peer_observation,001122C1,1,5,01 00 00 C1 22
2026-09-28T15:22:32.852+00:00,6774.813,RX,peer_observation,0001E5F6,1,7,01 00 00 0F 03 F6 E5
2026-09-28T15:22:32.853+00:00,6774.870,RX,peer_observation,0011E5F6,1,5,01 00 00 F6 E5
2026-09-28T15:22:32.858+00:00,6779.864,RX,peer_observation,00018AB4,1,7,01 00 00 0F 03 B4 8A
2026-09-28T15:22:32.858+00:00,6779.956,RX,peer_observation,00118AB4,1,5,01 00 00 B4 8A
2026-09-28T15:22:32.862+00:00,6784.775,RX,peer_observation,0001D457,1,7,01 00 00 0F 03 57 D4
2026-09-28T15:22:32.863+00:00,6784.832,RX,peer_observation,0011D457,1,5,01 00 00 57 D4
2026-09-28T15:22:32.867+00:00,6789.824,RX,peer_observation,00016D30,1,7,01 00 00 0F 03 30 6D
2026-09-28T15:22:32.868+00:00,6789.898,RX,peer_observation,00116D30,1,5,01 00 00 30 6D
2026-09-28T15:22:32.872+00:00,6794.817,RX,peer_observation,00017DD3,1,7,01 00 00 0F 03 D3 7D
2026-09-28T15:22:32.873+00:00,6794.895,RX,peer_observation,00117DD3,1,5,01 00 00 D3 7D
2026-09-28T15:22:32.878+00:00,6799.813,RX,peer_observation,0001C556,1,7,01 00 00 0F 03 56 C5
2026-09-28T15:22:32.878+00:00,6799.902,RX,peer_observation,0011C556,1,5,01 00 00 56 C5
2026-09-28T15:22:32.883+00:00,6804.849,RX,peer_observation,00015B06,1,7,01 00 00 0F 03 06 5B
2026-09-28T15:22:32.883+00:00,6804.944,RX,peer_observation,00115B06,1,5,01 00 00 06 5B
2026-09-28T15:22:32.887+00:00,6809.815,RX,peer_observation,00019208,1,7,01 00 00 0F 03 08 92
2026-09-28T15:22:32.888+00:00,6809.900,RX,peer_observation,00119208,1,5,01 00 00 08 92
2026-09-28T15:22:32.892+00:00,6814.571,RX,peer_observation,000187EF,1,7,01 00 00 0F 03 EF 87
2026-09-28T15:22:32.892+00:00,6814.808,RX,peer_observation,001187EF,1,5,01 00 00 EF 87
2026-09-28T15:22:32.897+00:00,6819.676,RX,peer_observation,00016186,1,7,01 00 00 0F 03 86 61
2026-09-28T15:22:32.897+00:00,6819.783,RX,peer_observation,00116186,1,5,01 00 00 86 61
2026-09-28T15:22:32.902+00:00,6824.636,RX,peer_observation,0001AAF1,1,7,01 00 00 0F 03 F1 AA
2026-09-28T15:22:32.903+00:00,6824.883,RX,peer_observation,0011AAF1,1,5,01 00 00 F1 AA
2026-09-28T15:22:32.907+00:00,6829.600,RX,peer_observation,00011717,1,7,01 00 00 0F 03 17 17
2026-09-28T15:22:32.908+00:00,6829.861,RX,peer_observation,00111717,1,5,01 00 00 17 17
2026-09-28T15:22:32.912+00:00,6834.645,RX,peer_observation,0001A6CC,1,7,01 00 00 0F 03 CC A6
2026-09-28T15:22:32.913+00:00,6834.871,RX,peer_observation,0011A6CC,1,5,01 00 00 CC A6
2026-09-28T15:22:32.917+00:00,6839.773,RX,peer_observation,0001227C,1,7,01 00 00 0F 03 7C 22
2026-09-28T15:22:32.918+00:00,6839.832,RX,peer_observation,0011227C,1,5,01 00 00 7C 22
2026-09-28T15:22:32.922+00:00,6844.593,RX,peer_observation,0001ABE6,1,7,01 00 00 0F 03 E6 AB
2026-09-28T15:22:32.923+00:00,6844.845,RX,peer_observation,0011ABE6,1,5,01 00 00 E6 AB
2026-09-28T15:22:32.927+00:00,6849.664,RX,peer_observation,00013ABB,1,7,01 00 00 0F 03 BB 3A
2026-09-28T15:22:32.927+00:00,6849.770,RX,peer_observation,00113ABB,1,5,01 00 00 BB 3A
2026-09-28T15:22:32.932+00:00,6854.628,RX,peer_observation,00011A25,1,7,01 00 00 0F 03 25 1A
2026-09-28T15:22:32.933+00:00,6854.849,RX,peer_observation,00111A25,1,5,01 00 00 25 1A
2026-09-28T15:22:32.937+00:00,6859.639,RX,peer_observation,0001DD8E,1,7,01 00 00 0F 03 8E DD
2026-09-28T15:22:32.938+00:00,6859.863,RX,peer_observation,0011DD8E,1,5,01 00 00 8E DD
2026-09-28T15:22:32.942+00:00,6864.574,RX,peer_observation,00015B26,1,7,01 00 00 0F 03 26 5B
2026-09-28T15:22:32.943+00:00,6864.904,RX,peer_observation,00115B26,1,5,01 00 00 26 5B
2026-09-28T15:22:32.947+00:00,6869.566,RX,peer_observation,00017671,1,7,01 00 00 0F 03 71 76
2026-09-28T15:22:32.948+00:00,6869.876,RX,peer_observation,00117671,1,5,01 00 00 71 76
2026-09-28T15:22:32.952+00:00,6874.562,RX,peer_observation,00017593,1,7,01 00 00 0F 03 93 75
2026-09-28T15:22:32.953+00:00,6874.968,RX,peer_observation,00117593,1,5,01 00 00 93 75
2026-09-28T15:22:32.957+00:00,6879.689,RX,peer_observation,00019C27,1,7,01 00 00 0F 03 27 9C
2026-09-28T15:22:32.958+00:00,6879.846,RX,peer_observation,00119C27,1,5,01 00 00 27 9C
2026-09-28T15:22:32.962+00:00,6884.674,RX,peer_observation,000114E9,1,7,01 00 00 0F 03 E9 14
2026-09-28T15:22:32.962+00:00,6884.801,RX,peer_observation,001114E9,1,5,01 00 00 E9 14
2026-09-28T15:22:32.967+00:00,6889.670,RX,peer_observation,0001212E,1,7,01 00 00 0F 03 2E 21
2026-09-28T15:22:32.967+00:00,6889.775,RX,peer_observation,0011212E,1,5,01 00 00 2E 21
2026-09-28T15:22:32.972+00:00,6894.807,RX,peer_observation,00017DED,1,7,01 00 00 0F 03 ED 7D
2026-09-28T15:22:32.973+00:00,6894.864,RX,peer_observation,00117DED,1,5,01 00 00 ED 7D
2026-09-28T15:22:32.977+00:00,6899.799,RX,peer_observation,0001A37A,1,7,01 00 00 0F 03 7A A3
2026-09-28T15:22:32.978+00:00,6899.894,RX,peer_observation,0011A37A,1,5,01 00 00 7A A3
2026-09-28T15:22:32.982+00:00,6904.677,RX,peer_observation,000102A2,1,7,01 00 00 0F 03 A2 02
2026-09-28T15:22:32.982+00:00,6904.807,RX,peer_observation,001102A2,1,5,01 00 00 A2 02
2026-09-28T15:22:32.988+00:00,6909.843,RX,peer_observation,0001F170,1,7,01 00 00 0F 03 70 F1
2026-09-28T15:22:32.988+00:00,6909.950,RX,peer_observation,0011F170,1,5,01 00 00 70 F1
2026-09-28T15:22:32.992+00:00,6914.783,RX,peer_observation,0001F973,1,7,01 00 00 0F 03 73 F9
2026-09-28T15:22:32.993+00:00,6914.849,RX,peer_observation,0011F973,1,5,01 00 00 73 F9
2026-09-28T15:22:32.997+00:00,6919.741,RX,peer_observation,000175F6,1,7,01 00 00 0F 03 F6 75
2026-09-28T15:22:32.998+00:00,6919.837,RX,peer_observation,001175F6,1,5,01 00 00 F6 75
2026-09-28T15:22:33.002+00:00,6924.742,RX,peer_observation,00013E01,1,7,01 00 00 0F 03 01 3E
2026-09-28T15:22:33.002+00:00,6924.814,RX,peer_observation,00113E01,1,5,01 00 00 01 3E
2026-09-28T15:22:33.007+00:00,6929.707,RX,peer_observation,00018F13,1,7,01 00 00 0F 03 13 8F
2026-09-28T15:22:33.008+00:00,6929.952,RX,peer_observation,00118F13,1,5,01 00 00 13 8F
2026-09-28T15:22:33.012+00:00,6934.777,RX,peer_observation,000176AA,1,7,01 00 00 0F 03 AA 76
2026-09-28T15:22:33.013+00:00,6934.846,RX,peer_observation,001176AA,1,5,01 00 00 AA 76
2026-09-28T15:22:33.017+00:00,6939.681,RX,peer_observation,00010677,1,7,01 00 00 0F 03 77 06
2026-09-28T15:22:33.018+00:00,6939.918,RX,peer_observation,00110677,1,5,01 00 00 77 06
2026-09-28T15:22:33.022+00:00,6944.773,RX,peer_observation,00013CBC,1,7,01 00 00 0F 03 BC 3C
2026-09-28T15:22:33.023+00:00,6944.831,RX,peer_observation,00113CBC,1,5,01 00 00 BC 3C
2026-09-28T15:22:33.027+00:00,6949.729,RX,peer_observation,00011CE3,1,7,01 00 00 0F 03 E3 1C
2026-09-28T15:22:33.027+00:00,6949.821,RX,peer_observation,00111CE3,1,5,01 00 00 E3 1C
2026-09-28T15:22:33.032+00:00,6954.800,RX,peer_observation,00012E04,1,7,01 00 00 0F 03 04 2E
2026-09-28T15:22:33.033+00:00,6954.860,RX,peer_observation,00112E04,1,5,01 00 00 04 2E
2026-09-28T15:22:33.037+00:00,6959.779,RX,peer_observation,0001A141,1,7,01 00 00 0F 03 41 A1
2026-09-28T15:22:33.038+00:00,6959.854,RX,peer_observation,0011A141,1,5,01 00 00 41 A1
2026-09-28T15:22:33.043+00:00,6964.824,RX,peer_observation,0001250D,1,7,01 00 00 0F 03 0D 25
2026-09-28T15:22:33.043+00:00,6964.922,RX,peer_observation,0011250D,1,5,01 00 00 0D 25
2026-09-28T15:22:33.047+00:00,6969.594,RX,peer_observation,0001E1F5,1,7,01 00 00 0F 03 F5 E1
2026-09-28T15:22:33.048+00:00,6969.839,RX,peer_observation,0011E1F5,1,5,01 00 00 F5 E1
2026-09-28T15:22:33.052+00:00,6974.772,RX,peer_observation,0001BA46,1,7,01 00 00 0F 03 46 BA
2026-09-28T15:22:33.053+00:00,6974.828,RX,peer_observation,0011BA46,1,5,01 00 00 46 BA
2026-09-28T15:22:33.057+00:00,6979.691,RX,peer_observation,000116AC,1,7,01 00 00 0F 03 AC 16
2026-09-28T15:22:33.057+00:00,6979.766,RX,peer_observation,001116AC,1,5,01 00 00 AC 16
2026-09-28T15:22:33.063+00:00,6984.840,RX,peer_observation,00010AF9,1,7,01 00 00 0F 03 F9 0A
2026-09-28T15:22:33.063+00:00,6984.901,RX,peer_observation,00110AF9,1,5,01 00 00 F9 0A
2026-09-28T15:22:33.068+00:00,6989.844,RX,peer_observation,0001BEB5,1,7,01 00 00 0F 03 B5 BE
2026-09-28T15:22:33.068+00:00,6989.914,RX,peer_observation,0011BEB5,1,5,01 00 00 B5 BE
2026-09-28T15:22:33.072+00:00,6994.592,RX,peer_observation,000103A9,1,7,01 00 00 0F 03 A9 03
2026-09-28T15:22:33.073+00:00,6994.842,RX,peer_observation,001103A9,1,5,01 00 00 A9 03
2026-09-28T15:22:33.077+00:00,6999.580,RX,peer_observation,0001BF9F,1,7,01 00 00 0F 03 9F BF
2026-09-28T15:22:33.078+00:00,6999.846,RX,peer_observation,0011BF9F,1,5,01 00 00 9F BF
2026-09-28T15:22:33.079+00:00,7001.509,TX,peer_00001_short,0012C82D,1,5,01 00 00 2D C8
2026-09-28T15:22:33.082+00:00,7004.661,RX,peer_observation,00014A56,1,7,01 00 00 0F 03 56 4A
2026-09-28T15:22:33.082+00:00,7004.768,RX,peer_observation,00114A56,1,5,01 00 00 56 4A
2026-09-28T15:22:33.087+00:00,7009.592,RX,peer_observation,0001C1BD,1,7,01 00 00 0F 03 BD C1
2026-09-28T15:22:33.088+00:00,7009.847,RX,peer_observation,0011C1BD,1,5,01 00 00 BD C1
2026-09-28T15:22:33.089+00:00,7011.563,RX,peer_observation,103C0401,1,4,00 00 00 01
2026-09-28T15:22:33.089+00:00,7011.808,RX,peer_observation,103C0481,1,8,00 00 00 00 00 10 63 14
2026-09-28T15:22:33.092+00:00,7014.683,RX,peer_observation,0001F1BD,1,7,01 00 00 0F 03 BD F1
2026-09-28T15:22:33.092+00:00,7014.777,RX,peer_observation,0011F1BD,1,5,01 00 00 BD F1
2026-09-28T15:22:33.094+00:00,7016.775,RX,peer_observation,103C0401,1,4,00 00 00 01
2026-09-28T15:22:33.095+00:00,7016.980,RX,peer_observation,103C0481,1,8,00 00 00 00 00 10 63 14
2026-09-28T15:22:33.097+00:00,7019.788,RX,peer_observation,00018BBD,1,7,01 00 00 0F 03 BD 8B
2026-09-28T15:22:33.098+00:00,7019.885,RX,peer_observation,00118BBD,1,5,01 00 00 BD 8B
2026-09-28T15:22:33.100+00:00,7021.836,RX,peer_observation,103C0401,1,4,00 00 00 01
2026-09-28T15:22:33.100+00:00,7022.064,RX,peer_observation,103C0481,1,8,00 00 00 00 00 10 63 14
2026-09-28T15:22:33.102+00:00,7024.618,RX,peer_observation,0001DD89,1,7,01 00 00 0F 03 89 DD
2026-09-28T15:22:33.103+00:00,7024.957,RX,peer_observation,0011DD89,1,5,01 00 00 89 DD
2026-09-28T15:22:33.104+00:00,7026.703,RX,peer_observation,103C0401,1,4,00 00 00 01
2026-09-28T15:22:33.105+00:00,7026.908,RX,peer_observation,103C0481,1,8,00 00 00 00 00 10 62 14
2026-09-28T15:22:33.107+00:00,7029.624,RX,peer_observation,0001C46B,1,7,01 00 00 0F 03 6B C4
2026-09-28T15:22:33.108+00:00,7029.883,RX,peer_observation,0011C46B,1,5,01 00 00 6B C4
2026-09-28T15:22:33.109+00:00,7031.720,RX,peer_observation,103C0401,1,4,00 00 00 01
2026-09-28T15:22:33.110+00:00,7031.971,RX,peer_observation,103C0481,1,8,00 00 00 00 00 10 63 14
2026-09-28T15:22:33.112+00:00,7034.659,RX,peer_observation,00015411,1,7,01 00 00 0F 03 11 54
2026-09-28T15:22:33.113+00:00,7034.907,RX,peer_observation,00115411,1,5,01 00 00 11 54
2026-09-28T15:22:33.114+00:00,7036.551,RX,peer_observation,103C0401,1,4,00 00 00 01
2026-09-28T15:22:33.114+00:00,7036.724,RX,peer_observation,103C0481,1,8,00 00 00 00 00 10 63 14
2026-09-28T15:22:33.117+00:00,7039.630,RX,peer_observation,00011961,1,7,01 00 00 0F 03 61 19
2026-09-28T15:22:33.117+00:00,7039.745,RX,peer_observation,00111961,1,5,01 00 00 61 19
2026-09-28T15:22:33.119+00:00,7041.622,RX,peer_observation,103C0401,1,4,00 00 00 01
2026-09-28T15:22:33.120+00:00,7041.843,RX,peer_observation,103C0481,1,8,00 00 00 00 00 10 63 14
2026-09-28T15:22:33.122+00:00,7044.558,RX,peer_observation,00019912,1,7,01 00 00 0F 03 12 99
2026-09-28T15:22:33.122+00:00,7044.800,RX,peer_observation,00119912,1,5,01 00 00 12 99
2026-09-28T15:22:33.124+00:00,7046.571,RX,peer_observation,103C0401,1,4,00 00 00 01
2026-09-28T15:22:33.125+00:00,7047.055,RX,peer_observation,103C0481,1,8,00 00 00 00 00 10 63 14
2026-09-28T15:22:33.127+00:00,7049.774,RX,peer_observation,0001F731,1,7,01 00 00 0F 03 31 F7
2026-09-28T15:22:33.128+00:00,7049.873,RX,peer_observation,0011F731,1,5,01 00 00 31 F7
2026-09-28T15:22:33.129+00:00,7051.659,RX,peer_observation,103C0401,1,4,00 00 00 01
2026-09-28T15:22:33.130+00:00,7051.938,RX,peer_observation,103C0481,1,8,00 00 00 00 00 10 63 14
2026-09-28T15:22:33.132+00:00,7054.631,RX,peer_observation,0001AD93,1,7,01 00 00 0F 03 93 AD
2026-09-28T15:22:33.133+00:00,7054.900,RX,peer_observation,0011AD93,1,5,01 00 00 93 AD
2026-09-28T15:22:33.134+00:00,7056.637,RX,peer_observation,103C0401,1,4,00 00 00 01
2026-09-28T15:22:33.135+00:00,7056.883,RX,peer_observation,103C0481,1,8,00 00 00 00 00 10 63 14
2026-09-28T15:22:33.137+00:00,7059.575,RX,peer_observation,0001CB4A,1,7,01 00 00 0F 03 4A CB
2026-09-28T15:22:33.137+00:00,7059.762,RX,peer_observation,0011CB4A,1,5,01 00 00 4A CB
2026-09-28T15:22:33.139+00:00,7061.517,RX,peer_observation,103C0401,1,4,00 00 00 01
2026-09-28T15:22:33.139+00:00,7061.779,RX,peer_observation,103C0481,1,8,00 00 00 00 00 10 63 14
2026-09-28T15:22:33.142+00:00,7064.715,RX,peer_observation,000197C9,1,7,01 00 00 0F 03 C9 97
2026-09-28T15:22:33.143+00:00,7064.837,RX,peer_observation,001197C9,1,5,01 00 00 C9 97
2026-09-28T15:22:33.144+00:00,7066.504,RX,peer_observation,103C0401,1,4,00 00 00 01
2026-09-28T15:22:33.144+00:00,7066.747,RX,peer_observation,103C0481,1,8,00 00 00 00 00 10 63 14
2026-09-28T15:22:33.147+00:00,7069.575,RX,peer_observation,00015DA9,1,7,01 00 00 0F 03 A9 5D
2026-09-28T15:22:33.148+00:00,7069.866,RX,peer_observation,00115DA9,1,5,01 00 00 A9 5D
2026-09-28T15:22:33.149+00:00,7071.570,RX,peer_observation,103C0401,1,4,00 00 00 01
2026-09-28T15:22:33.149+00:00,7071.808,RX,peer_observation,103C0481,1,8,00 00 00 00 00 10 63 14
2026-09-28T15:22:33.152+00:00,7074.516,RX,peer_observation,0001F6B6,1,7,01 00 00 0F 03 B6 F6
2026-09-28T15:22:33.153+00:00,7074.855,RX,peer_observation,0011F6B6,1,5,01 00 00 B6 F6
2026-09-28T15:22:33.154+00:00,7076.818,RX,peer_observation,103C0401,1,4,00 00 00 01
2026-09-28T15:22:33.155+00:00,7076.999,RX,peer_observation,103C0481,1,8,00 00 00 00 00 10 63 14
2026-09-28T15:22:33.158+00:00,7079.849,RX,peer_observation,0001B815,1,7,01 00 00 0F 03 15 B8
2026-09-28T15:22:33.158+00:00,7079.931,RX,peer_observation,0011B815,1,5,01 00 00 15 B8
2026-09-28T15:22:33.159+00:00,7081.529,RX,peer_observation,103C0401,1,4,00 00 00 01
2026-09-28T15:22:33.160+00:00,7081.828,RX,peer_observation,103C0481,1,8,00 00 00 00 00 10 63 14
2026-09-28T15:22:33.162+00:00,7084.818,RX,peer_observation,00016BE4,1,7,01 00 00 0F 03 E4 6B
2026-09-28T15:22:33.163+00:00,7084.889,RX,peer_observation,00116BE4,1,5,01 00 00 E4 6B
2026-09-28T15:22:33.164+00:00,7086.814,RX,peer_observation,103C0401,1,4,00 00 00 01
2026-09-28T15:22:33.165+00:00,7087.015,RX,peer_observation,103C0481,1,8,00 00 00 00 00 10 63 14
2026-09-28T15:22:33.168+00:00,7089.886,RX,peer_observation,00017A6F,1,7,01 00 00 0F 03 6F 7A
2026-09-28T15:22:33.168+00:00,7089.946,RX,peer_observation,00117A6F,1,5,01 00 00 6F 7A
2026-09-28T15:22:33.169+00:00,7091.702,RX,peer_observation,103C0401,1,4,00 00 00 01
2026-09-28T15:22:33.170+00:00,7091.884,RX,peer_observation,103C0481,1,8,00 00 00 00 00 10 63 14
2026-09-28T15:22:33.172+00:00,7094.525,RX,peer_observation,00017A58,1,7,01 00 00 0F 03 58 7A
2026-09-28T15:22:33.173+00:00,7094.898,RX,peer_observation,00117A58,1,5,01 00 00 58 7A
2026-09-28T15:22:33.177+00:00,7099.668,RX,peer_observation,0001EF6E,1,7,01 00 00 0F 03 6E EF
2026-09-28T15:22:33.178+00:00,7099.893,RX,peer_observation,0011EF6E,1,5,01 00 00 6E EF
2026-09-28T15:22:33.183+00:00,7104.862,RX,peer_observation,000188BF,1,7,01 00 00 0F 03 BF 88
2026-09-28T15:22:33.183+00:00,7104.949,RX,peer_observation,001188BF,1,5,01 00 00 BF 88
2026-09-28T15:22:33.188+00:00,7109.825,RX,peer_observation,0001D6AE,1,7,01 00 00 0F 03 AE D6
2026-09-28T15:22:33.188+00:00,7109.910,RX,peer_observation,0011D6AE,1,5,01 00 00 AE D6
2026-09-28T15:22:33.192+00:00,7114.611,RX,peer_observation,0001A161,1,7,01 00 00 0F 03 61 A1
2026-09-28T15:22:33.192+00:00,7114.801,RX,peer_observation,0011A161,1,5,01 00 00 61 A1
2026-09-28T15:22:33.197+00:00,7119.693,RX,peer_observation,00014D04,1,7,01 00 00 0F 03 04 4D
2026-09-28T15:22:33.197+00:00,7119.740,RX,peer_observation,00114D04,1,5,01 00 00 04 4D
2026-09-28T15:22:33.202+00:00,7124.673,RX,peer_observation,0001855A,1,7,01 00 00 0F 03 5A 85
2026-09-28T15:22:33.203+00:00,7124.937,RX,peer_observation,0011855A,1,5,01 00 00 5A 85
2026-09-28T15:22:33.207+00:00,7129.540,RX,peer_observation,00017D77,1,7,01 00 00 0F 03 77 7D
2026-09-28T15:22:33.207+00:00,7129.816,RX,peer_observation,00117D77,1,5,01 00 00 77 7D
2026-09-28T15:22:33.212+00:00,7134.645,RX,peer_observation,0001C92B,1,7,01 00 00 0F 03 2B C9
2026-09-28T15:22:33.212+00:00,7134.725,RX,peer_observation,0011C92B,1,5,01 00 00 2B C9
2026-09-28T15:22:33.217+00:00,7139.671,RX,peer_observation,0001BD40,1,7,01 00 00 0F 03 40 BD
2026-09-28T15:22:33.218+00:00,7139.925,RX,peer_observation,0011BD40,1,5,01 00 00 40 BD
2026-09-28T15:22:33.222+00:00,7144.814,RX,peer_observation,000177A1,1,7,01 00 00 0F 03 A1 77
2026-09-28T15:22:33.223+00:00,7144.870,RX,peer_observation,001177A1,1,5,01 00 00 A1 77
2026-09-28T15:22:33.228+00:00,7149.879,RX,peer_observation,0001B2D4,1,7,01 00 00 0F 03 D4 B2
2026-09-28T15:22:33.228+00:00,7149.975,RX,peer_observation,0011B2D4,1,5,01 00 00 D4 B2
2026-09-28T15:22:33.232+00:00,7154.817,RX,peer_observation,000108A5,1,7,01 00 00 0F 03 A5 08
2026-09-28T15:22:33.233+00:00,7154.915,RX,peer_observation,001108A5,1,5,01 00 00 A5 08
2026-09-28T15:22:33.237+00:00,7159.573,RX,peer_observation,000133B4,1,7,01 00 00 0F 03 B4 33
2026-09-28T15:22:33.237+00:00,7159.796,RX,peer_observation,001133B4,1,5,01 00 00 B4 33
2026-09-28T15:22:33.242+00:00,7164.675,RX,peer_observation,00012C6E,1,7,01 00 00 0F 03 6E 2C
2026-09-28T15:22:33.242+00:00,7164.766,RX,peer_observation,00112C6E,1,5,01 00 00 6E 2C
2026-09-28T15:22:33.247+00:00,7169.586,RX,peer_observation,00015E9E,1,7,01 00 00 0F 03 9E 5E
2026-09-28T15:22:33.248+00:00,7169.913,RX,peer_observation,00115E9E,1,5,01 00 00 9E 5E
2026-09-28T15:22:33.252+00:00,7174.558,RX,peer_observation,00010835,1,7,01 00 00 0F 03 35 08
2026-09-28T15:22:33.252+00:00,7174.758,RX,peer_observation,00110835,1,5,01 00 00 35 08
2026-09-28T15:22:33.257+00:00,7179.664,RX,peer_observation,0001B754,1,7,01 00 00 0F 03 54 B7
2026-09-28T15:22:33.257+00:00,7179.754,RX,peer_observation,0011B754,1,5,01 00 00 54 B7
2026-09-28T15:22:33.262+00:00,7184.626,RX,peer_observation,0001944E,1,7,01 00 00 0F 03 4E 94
2026-09-28T15:22:33.263+00:00,7184.877,RX,peer_observation,0011944E,1,5,01 00 00 4E 94
2026-09-28T15:22:33.267+00:00,7189.568,RX,peer_observation,0001AF11,1,7,01 00 00 0F 03 11 AF
2026-09-28T15:22:33.267+00:00,7189.816,RX,peer_observation,0011AF11,1,5,01 00 00 11 AF
2026-09-28T15:22:33.272+00:00,7194.650,RX,peer_observation,0001C85F,1,7,01 00 00 0F 03 5F C8
2026-09-28T15:22:33.273+00:00,7194.846,RX,peer_observation,0011C85F,1,5,01 00 00 5F C8
2026-09-28T15:22:33.277+00:00,7199.662,RX,peer_observation,00017867,1,7,01 00 00 0F 03 67 78
2026-09-28T15:22:33.277+00:00,7199.801,RX,peer_observation,00117867,1,5,01 00 00 67 78
2026-09-28T15:22:33.282+00:00,7204.588,RX,peer_observation,00010106,1,7,01 00 00 0F 03 06 01
2026-09-28T15:22:33.282+00:00,7204.815,RX,peer_observation,00110106,1,5,01 00 00 06 01
2026-09-28T15:22:33.287+00:00,7209.715,RX,peer_observation,0001A31C,1,7,01 00 00 0F 03 1C A3
2026-09-28T15:22:33.287+00:00,7209.792,RX,peer_observation,0011A31C,1,5,01 00 00 1C A3
2026-09-28T15:22:33.292+00:00,7214.710,RX,peer_observation,0001872A,1,7,01 00 00 0F 03 2A 87
2026-09-28T15:22:33.292+00:00,7214.816,RX,peer_observation,0011872A,1,5,01 00 00 2A 87
2026-09-28T15:22:33.297+00:00,7219.727,RX,peer_observation,0001F83B,1,7,01 00 00 0F 03 3B F8
2026-09-28T15:22:33.298+00:00,7219.900,RX,peer_observation,0011F83B,1,5,01 00 00 3B F8
2026-09-28T15:22:33.302+00:00,7224.579,RX,peer_observation,000183D3,1,7,01 00 00 0F 03 D3 83
2026-09-28T15:22:33.303+00:00,7224.974,RX,peer_observation,001183D3,1,5,01 00 00 D3 83
2026-09-28T15:22:33.307+00:00,7229.664,RX,peer_observation,0001A478,1,7,01 00 00 0F 03 78 A4
2026-09-28T15:22:33.307+00:00,7229.792,RX,peer_observation,0011A478,1,5,01 00 00 78 A4
2026-09-28T15:22:33.312+00:00,7234.646,RX,peer_observation,0001703D,1,7,01 00 00 0F 03 3D 70
2026-09-28T15:22:33.312+00:00,7234.781,RX,peer_observation,0011703D,1,5,01 00 00 3D 70
2026-09-28T15:22:33.317+00:00,7239.666,RX,peer_observation,0001EA9A,1,7,01 00 00 0F 03 9A EA
2026-09-28T15:22:33.317+00:00,7239.792,RX,peer_observation,0011EA9A,1,5,01 00 00 9A EA
2026-09-28T15:22:33.322+00:00,7244.593,RX,peer_observation,00012474,1,7,01 00 00 0F 03 74 24
2026-09-28T15:22:33.322+00:00,7244.782,RX,peer_observation,00112474,1,5,01 00 00 74 24
2026-09-28T15:22:33.327+00:00,7249.573,RX,peer_observation,00010D7F,1,7,01 00 00 0F 03 7F 0D
2026-09-28T15:22:33.328+00:00,7249.843,RX,peer_observation,00110D7F,1,5,01 00 00 7F 0D
2026-09-28T15:22:33.332+00:00,7254.576,RX,peer_observation,00018FCB,1,7,01 00 00 0F 03 CB 8F
2026-09-28T15:22:33.333+00:00,7254.869,RX,peer_observation,00118FCB,1,5,01 00 00 CB 8F
2026-09-28T15:22:33.337+00:00,7259.513,RX,peer_observation,000160FF,1,7,01 00 00 0F 03 FF 60
2026-09-28T15:22:33.338+00:00,7259.837,RX,peer_observation,001160FF,1,5,01 00 00 FF 60
2026-09-28T15:22:33.342+00:00,7264.577,RX,peer_observation,000154E8,1,7,01 00 00 0F 03 E8 54
2026-09-28T15:22:33.343+00:00,7264.944,RX,peer_observation,001154E8,1,5,01 00 00 E8 54
2026-09-28T15:22:33.347+00:00,7269.536,RX,peer_observation,0001B2B9,1,7,01 00 00 0F 03 B9 B2
2026-09-28T15:22:33.348+00:00,7269.858,RX,peer_observation,0011B2B9,1,5,01 00 00 B9 B2
2026-09-28T15:22:33.352+00:00,7274.512,RX,peer_observation,00017C34,1,7,01 00 00 0F 03 34 7C
2026-09-28T15:22:33.353+00:00,7274.880,RX,peer_observation,00117C34,1,5,01 00 00 34 7C
2026-09-28T15:22:33.357+00:00,7279.533,RX,peer_observation,0001EB88,1,7,01 00 00 0F 03 88 EB
2026-09-28T15:22:33.358+00:00,7279.886,RX,peer_observation,0011EB88,1,5,01 00 00 88 EB
2026-09-28T15:22:33.362+00:00,7284.580,RX,peer_observation,000121F7,1,7,01 00 00 0F 03 F7 21
2026-09-28T15:22:33.363+00:00,7284.938,RX,peer_observation,001121F7,1,5,01 00 00 F7 21
2026-09-28T15:22:33.367+00:00,7289.634,RX,peer_observation,00018435,1,7,01 00 00 0F 03 35 84
2026-09-28T15:22:33.367+00:00,7289.810,RX,peer_observation,00118435,1,5,01 00 00 35 84
2026-09-28T15:22:33.372+00:00,7294.549,RX,peer_observation,00015666,1,7,01 00 00 0F 03 66 56
2026-09-28T15:22:33.373+00:00,7294.901,RX,peer_observation,00115666,1,5,01 00 00 66 56
2026-09-28T15:22:33.377+00:00,7299.574,RX,peer_observation,00017BA9,1,7,01 00 00 0F 03 A9 7B
2026-09-28T15:22:33.377+00:00,7299.665,RX,peer_observation,00117BA9,1,5,01 00 00 A9 7B
2026-09-28T15:22:33.382+00:00,7304.590,RX,peer_observation,00018C71,1,7,01 00 00 0F 03 71 8C
2026-09-28T15:22:33.382+00:00,7304.739,RX,peer_observation,00118C71,1,5,01 00 00 71 8C
2026-09-28T15:22:33.387+00:00,7309.646,RX,peer_observation,0001169D,1,7,01 00 00 0F 03 9D 16
2026-09-28T15:22:33.387+00:00,7309.744,RX,peer_observation,0011169D,1,5,01 00 00 9D 16
2026-09-28T15:22:33.392+00:00,7314.639,RX,peer_observation,00016107,1,7,01 00 00 0F 03 07 61
2026-09-28T15:22:33.392+00:00,7314.734,RX,peer_observation,00116107,1,5,01 00 00 07 61
2026-09-28T15:22:33.397+00:00,7319.612,RX,peer_observation,00019CA4,1,7,01 00 00 0F 03 A4 9C
2026-09-28T15:22:33.397+00:00,7319.745,RX,peer_observation,00119CA4,1,5,01 00 00 A4 9C
2026-09-28T15:22:33.402+00:00,7324.611,RX,peer_observation,0001EF38,1,7,01 00 00 0F 03 38 EF
2026-09-28T15:22:33.402+00:00,7324.694,RX,peer_observation,0011EF38,1,5,01 00 00 38 EF
2026-09-28T15:22:33.407+00:00,7329.598,RX,peer_observation,00012C06,1,7,01 00 00 0F 03 06 2C
2026-09-28T15:22:33.407+00:00,7329.691,RX,peer_observation,00112C06,1,5,01 00 00 06 2C
2026-09-28T15:22:33.412+00:00,7334.649,RX,peer_observation,00010254,1,7,01 00 00 0F 03 54 02
2026-09-28T15:22:33.412+00:00,7334.792,RX,peer_observation,00110254,1,5,01 00 00 54 02
2026-09-28T15:22:33.417+00:00,7339.608,RX,peer_observation,000179BB,1,7,01 00 00 0F 03 BB 79
2026-09-28T15:22:33.417+00:00,7339.713,RX,peer_observation,001179BB,1,5,01 00 00 BB 79
2026-09-28T15:22:33.422+00:00,7344.563,RX,peer_observation,000121FE,1,7,01 00 00 0F 03 FE 21
2026-09-28T15:22:33.422+00:00,7344.788,RX,peer_observation,001121FE,1,5,01 00 00 FE 21
2026-09-28T15:22:33.427+00:00,7349.572,RX,peer_observation,0001488B,1,7,01 00 00 0F 03 8B 48
2026-09-28T15:22:33.427+00:00,7349.778,RX,peer_observation,0011488B,1,5,01 00 00 8B 48
2026-09-28T15:22:33.432+00:00,7354.623,RX,peer_observation,000174C7,1,7,01 00 00 0F 03 C7 74
2026-09-28T15:22:33.432+00:00,7354.740,RX,peer_observation,001174C7,1,5,01 00 00 C7 74
2026-09-28T15:22:33.437+00:00,7359.513,RX,peer_observation,0001DA22,1,7,01 00 00 0F 03 22 DA
2026-09-28T15:22:33.437+00:00,7359.795,RX,peer_observation,0011DA22,1,5,01 00 00 22 DA
2026-09-28T15:22:33.442+00:00,7364.525,RX,peer_observation,0001F4CD,1,7,01 00 00 0F 03 CD F4
2026-09-28T15:22:33.442+00:00,7364.777,RX,peer_observation,0011F4CD,1,5,01 00 00 CD F4
2026-09-28T15:22:33.447+00:00,7369.570,RX,peer_observation,00014A98,1,7,01 00 00 0F 03 98 4A
2026-09-28T15:22:33.447+00:00,7369.769,RX,peer_observation,00114A98,1,5,01 00 00 98 4A
2026-09-28T15:22:33.452+00:00,7374.545,RX,peer_observation,0001AA7A,1,7,01 00 00 0F 03 7A AA
2026-09-28T15:22:33.452+00:00,7374.761,RX,peer_observation,0011AA7A,1,5,01 00 00 7A AA
2026-09-28T15:22:33.457+00:00,7379.559,RX,peer_observation,00014AB6,1,7,01 00 00 0F 03 B6 4A
2026-09-28T15:22:33.457+00:00,7379.784,RX,peer_observation,00114AB6,1,5,01 00 00 B6 4A
2026-09-28T15:22:33.462+00:00,7384.577,RX,peer_observation,00016C4B,1,7,01 00 00 0F 03 4B 6C
2026-09-28T15:22:33.463+00:00,7384.858,RX,peer_observation,00116C4B,1,5,01 00 00 4B 6C
2026-09-28T15:22:33.467+00:00,7389.571,RX,peer_observation,0001EF05,1,7,01 00 00 0F 03 05 EF
2026-09-28T15:22:33.468+00:00,7389.905,RX,peer_observation,0011EF05,1,5,01 00 00 05 EF
2026-09-28T15:22:33.472+00:00,7394.631,RX,peer_observation,00010B4D,1,7,01 00 00 0F 03 4D 0B
2026-09-28T15:22:33.472+00:00,7394.758,RX,peer_observation,00110B4D,1,5,01 00 00 4D 0B
2026-09-28T15:22:33.477+00:00,7399.562,RX,peer_observation,00011D6E,1,7,01 00 00 0F 03 6E 1D
2026-09-28T15:22:33.478+00:00,7399.853,RX,peer_observation,00111D6E,1,5,01 00 00 6E 1D
2026-09-28T15:22:33.482+00:00,7404.578,RX,peer_observation,000112B9,1,7,01 00 00 0F 03 B9 12
2026-09-28T15:22:33.483+00:00,7404.824,RX,peer_observation,001112B9,1,5,01 00 00 B9 12
2026-09-28T15:22:33.487+00:00,7409.576,RX,peer_observation,000160EA,1,7,01 00 00 0F 03 EA 60
2026-09-28T15:22:33.488+00:00,7409.862,RX,peer_observation,001160EA,1,5,01 00 00 EA 60
2026-09-28T15:22:33.492+00:00,7414.659,RX,peer_observation,000155C9,1,7,01 00 00 0F 03 C9 55
2026-09-28T15:22:33.492+00:00,7414.774,RX,peer_observation,001155C9,1,5,01 00 00 C9 55
2026-09-28T15:22:33.497+00:00,7419.582,RX,peer_observation,00018294,1,7,01 00 00 0F 03 94 82
2026-09-28T15:22:33.497+00:00,7419.734,RX,peer_observation,00118294,1,5,01 00 00 94 82
2026-09-28T15:22:33.502+00:00,7424.509,RX,peer_observation,000145C0,1,7,01 00 00 0F 03 C0 45
2026-09-28T15:22:33.502+00:00,7424.755,RX,peer_observation,001145C0,1,5,01 00 00 C0 45
2026-09-28T15:22:33.507+00:00,7429.569,RX,peer_observation,0001D52C,1,7,01 00 00 0F 03 2C D5
2026-09-28T15:22:33.508+00:00,7429.866,RX,peer_observation,0011D52C,1,5,01 00 00 2C D5
2026-09-28T15:22:33.512+00:00,7434.572,RX,peer_observation,000162C2,1,7,01 00 00 0F 03 C2 62
2026-09-28T15:22:33.513+00:00,7434.944,RX,peer_observation,001162C2,1,5,01 00 00 C2 62
2026-09-28T15:22:33.517+00:00,7439.569,RX,peer_observation,000197B3,1,7,01 00 00 0F 03 B3 97
2026-09-28T15:22:33.518+00:00,7439.861,RX,peer_observation,001197B3,1,5,01 00 00 B3 97
2026-09-28T15:22:33.522+00:00,7444.696,RX,peer_observation,000190EB,1,7,01 00 00 0F 03 EB 90
2026-09-28T15:22:33.522+00:00,7444.776,RX,peer_observation,001190EB,1,5,01 00 00 EB 90
2026-09-28T15:22:33.527+00:00,7449.564,RX,peer_observation,000115D9,1,7,01 00 00 0F 03 D9 15
2026-09-28T15:22:33.528+00:00,7449.894,RX,peer_observation,001115D9,1,5,01 00 00 D9 15
2026-09-28T15:22:33.532+00:00,7454.573,RX,peer_observation,0001FBBE,1,7,01 00 00 0F 03 BE FB
2026-09-28T15:22:33.533+00:00,7454.860,RX,peer_observation,0011FBBE,1,5,01 00 00 BE FB
2026-09-28T15:22:33.537+00:00,7459.554,RX,peer_observation,00016C4F,1,7,01 00 00 0F 03 4F 6C
2026-09-28T15:22:33.538+00:00,7459.823,RX,peer_observation,00116C4F,1,5,01 00 00 4F 6C
2026-09-28T15:22:33.542+00:00,7464.578,RX,peer_observation,0001F0F1,1,7,01 00 00 0F 03 F1 F0
2026-09-28T15:22:33.543+00:00,7464.841,RX,peer_observation,0011F0F1,1,5,01 00 00 F1 F0
2026-09-28T15:22:33.547+00:00,7469.537,RX,peer_observation,00010938,1,7,01 00 00 0F 03 38 09
2026-09-28T15:22:33.548+00:00,7469.853,RX,peer_observation,00110938,1,5,01 00 00 38 09
2026-09-28T15:22:33.552+00:00,7474.581,RX,peer_observation,0001A418,1,7,01 00 00 0F 03 18 A4
2026-09-28T15:22:33.552+00:00,7474.811,RX,peer_observation,0011A418,1,5,01 00 00 18 A4
2026-09-28T15:22:33.557+00:00,7479.526,RX,peer_observation,00012456,1,7,01 00 00 0F 03 56 24
2026-09-28T15:22:33.557+00:00,7479.769,RX,peer_observation,00112456,1,5,01 00 00 56 24
2026-09-28T15:22:33.562+00:00,7484.606,RX,peer_observation,00012FBB,1,7,01 00 00 0F 03 BB 2F
2026-09-28T15:22:33.563+00:00,7484.882,RX,peer_observation,00112FBB,1,5,01 00 00 BB 2F
2026-09-28T15:22:33.567+00:00,7489.555,RX,peer_observation,00014C9D,1,7,01 00 00 0F 03 9D 4C
2026-09-28T15:22:33.567+00:00,7489.799,RX,peer_observation,00114C9D,1,5,01 00 00 9D 4C
2026-09-28T15:22:33.572+00:00,7494.546,RX,peer_observation,00017CE3,1,7,01 00 00 0F 03 E3 7C
2026-09-28T15:22:33.572+00:00,7494.810,RX,peer_observation,00117CE3,1,5,01 00 00 E3 7C
2026-09-28T15:22:33.577+00:00,7499.561,RX,peer_observation,0001FC59,1,7,01 00 00 0F 03 59 FC
2026-09-28T15:22:33.577+00:00,7499.704,RX,peer_observation,0011FC59,1,5,01 00 00 59 FC
2026-09-28T15:22:33.582+00:00,7504.661,RX,peer_observation,00011D1F,1,7,01 00 00 0F 03 1F 1D
2026-09-28T15:22:33.583+00:00,7504.846,RX,peer_observation,00111D1F,1,5,01 00 00 1F 1D
2026-09-28T15:22:33.587+00:00,7509.609,RX,peer_observation,0001BF00,1,7,01 00 00 0F 03 00 BF
2026-09-28T15:22:33.588+00:00,7509.964,RX,peer_observation,0011BF00,1,5,01 00 00 00 BF
2026-09-28T15:22:33.592+00:00,7514.522,RX,peer_observation,0001F78F,1,7,01 00 00 0F 03 8F F7
2026-09-28T15:22:33.593+00:00,7514.897,RX,peer_observation,0011F78F,1,5,01 00 00 8F F7
2026-09-28T15:22:33.597+00:00,7519.536,RX,peer_observation,00015F79,1,7,01 00 00 0F 03 79 5F
2026-09-28T15:22:33.598+00:00,7519.940,RX,peer_observation,00115F79,1,5,01 00 00 79 5F
2026-09-28T15:22:33.602+00:00,7524.595,RX,peer_observation,00010C70,1,7,01 00 00 0F 03 70 0C
2026-09-28T15:22:33.602+00:00,7524.726,RX,peer_observation,00110C70,1,5,01 00 00 70 0C
2026-09-28T15:22:33.607+00:00,7529.533,RX,peer_observation,00010F4D,1,7,01 00 00 0F 03 4D 0F
2026-09-28T15:22:33.608+00:00,7529.928,RX,peer_observation,00110F4D,1,5,01 00 00 4D 0F
2026-09-28T15:22:33.612+00:00,7534.533,RX,peer_observation,0001B74C,1,7,01 00 00 0F 03 4C B7
2026-09-28T15:22:33.613+00:00,7534.795,RX,peer_observation,0011B74C,1,5,01 00 00 4C B7
2026-09-28T15:22:33.617+00:00,7539.535,RX,peer_observation,0001E322,1,7,01 00 00 0F 03 22 E3
2026-09-28T15:22:33.618+00:00,7539.888,RX,peer_observation,0011E322,1,5,01 00 00 22 E3
2026-09-28T15:22:33.622+00:00,7544.505,RX,peer_observation,0001F2B6,1,7,01 00 00 0F 03 B6 F2
2026-09-28T15:22:33.622+00:00,7544.749,RX,peer_observation,0011F2B6,1,5,01 00 00 B6 F2
2026-09-28T15:22:33.627+00:00,7549.502,RX,peer_observation,00015678,1,7,01 00 00 0F 03 78 56
2026-09-28T15:22:33.627+00:00,7549.744,RX,peer_observation,00115678,1,5,01 00 00 78 56
2026-09-28T15:22:33.632+00:00,7554.597,RX,peer_observation,00016131,1,7,01 00 00 0F 03 31 61
2026-09-28T15:22:33.632+00:00,7554.696,RX,peer_observation,00116131,1,5,01 00 00 31 61
2026-09-28T15:22:33.637+00:00,7559.579,RX,peer_observation,00017C79,1,7,01 00 00 0F 03 79 7C
2026-09-28T15:22:33.637+00:00,7559.810,RX,peer_observation,00117C79,1,5,01 00 00 79 7C
2026-09-28T15:22:33.642+00:00,7564.553,RX,peer_observation,0001CDBC,1,7,01 00 00 0F 03 BC CD
2026-09-28T15:22:33.642+00:00,7564.798,RX,peer_observation,0011CDBC,1,5,01 00 00 BC CD
2026-09-28T15:22:33.647+00:00,7569.541,RX,peer_observation,00019557,1,7,01 00 00 0F 03 57 95
2026-09-28T15:22:33.648+00:00,7569.856,RX,peer_observation,00119557,1,5,01 00 00 57 95
2026-09-28T15:22:33.652+00:00,7574.737,RX,peer_observation,00016F1B,1,7,01 00 00 0F 03 1B 6F
2026-09-28T15:22:33.653+00:00,7574.839,RX,peer_observation,00116F1B,1,5,01 00 00 1B 6F
2026-09-28T15:22:33.657+00:00,7579.523,RX,peer_observation,00017395,1,7,01 00 00 0F 03 95 73
2026-09-28T15:22:33.657+00:00,7579.773,RX,peer_observation,00117395,1,5,01 00 00 95 73
2026-09-28T15:22:33.662+00:00,7584.578,RX,peer_observation,0001FFCD,1,7,01 00 00 0F 03 CD FF
2026-09-28T15:22:33.662+00:00,7584.679,RX,peer_observation,0011FFCD,1,5,01 00 00 CD FF
2026-09-28T15:22:33.667+00:00,7589.533,RX,peer_observation,0001622E,1,7,01 00 00 0F 03 2E 62
2026-09-28T15:22:33.668+00:00,7589.814,RX,peer_observation,0011622E,1,5,01 00 00 2E 62
2026-09-28T15:22:33.672+00:00,7594.578,RX,peer_observation,0001E956,1,7,01 00 00 0F 03 56 E9
2026-09-28T15:22:33.672+00:00,7594.707,RX,peer_observation,0011E956,1,5,01 00 00 56 E9
2026-09-28T15:22:33.677+00:00,7599.529,RX,peer_observation,00017470,1,7,01 00 00 0F 03 70 74
2026-09-28T15:22:33.678+00:00,7599.831,RX,peer_observation,00117470,1,5,01 00 00 70 74
2026-09-28T15:22:33.682+00:00,7604.579,RX,peer_observation,0001783E,1,7,01 00 00 0F 03 3E 78
2026-09-28T15:22:33.682+00:00,7604.685,RX,peer_observation,0011783E,1,5,01 00 00 3E 78
2026-09-28T15:22:33.687+00:00,7609.587,RX,peer_observation,00015209,1,7,01 00 00 0F 03 09 52
2026-09-28T15:22:33.687+00:00,7609.728,RX,peer_observation,00115209,1,5,01 00 00 09 52
2026-09-28T15:22:33.692+00:00,7614.556,RX,peer_observation,000156FD,1,7,01 00 00 0F 03 FD 56
2026-09-28T15:22:33.693+00:00,7614.878,RX,peer_observation,001156FD,1,5,01 00 00 FD 56
2026-09-28T15:22:33.697+00:00,7619.544,RX,peer_observation,0001B19B,1,7,01 00 00 0F 03 9B B1
2026-09-28T15:22:33.698+00:00,7619.912,RX,peer_observation,0011B19B,1,5,01 00 00 9B B1
2026-09-28T15:22:33.702+00:00,7624.558,RX,peer_observation,000140AA,1,7,01 00 00 0F 03 AA 40
2026-09-28T15:22:33.703+00:00,7624.879,RX,peer_observation,001140AA,1,5,01 00 00 AA 40
2026-09-28T15:22:33.707+00:00,7629.525,RX,peer_observation,0001ADCD,1,7,01 00 00 0F 03 CD AD
2026-09-28T15:22:33.708+00:00,7629.887,RX,peer_observation,0011ADCD,1,5,01 00 00 CD AD
2026-09-28T15:22:33.712+00:00,7634.537,RX,peer_observation,00017520,1,7,01 00 00 0F 03 20 75
2026-09-28T15:22:33.713+00:00,7634.931,RX,peer_observation,00117520,1,5,01 00 00 20 75
2026-09-28T15:22:33.717+00:00,7639.533,RX,peer_observation,0001E4B3,1,7,01 00 00 0F 03 B3 E4
2026-09-28T15:22:33.718+00:00,7639.857,RX,peer_observation,0011E4B3,1,5,01 00 00 B3 E4
2026-09-28T15:22:33.722+00:00,7644.510,RX,peer_observation,00018EFF,1,7,01 00 00 0F 03 FF 8E
2026-09-28T15:22:33.723+00:00,7644.907,RX,peer_observation,00118EFF,1,5,01 00 00 FF 8E
2026-09-28T15:22:33.727+00:00,7649.525,RX,peer_observation,0001E30B,1,7,01 00 00 0F 03 0B E3
2026-09-28T15:22:33.728+00:00,7649.874,RX,peer_observation,0011E30B,1,5,01 00 00 0B E3
2026-09-28T15:22:33.732+00:00,7654.548,RX,peer_observation,000118AA,1,7,01 00 00 0F 03 AA 18
2026-09-28T15:22:33.733+00:00,7654.920,RX,peer_observation,001118AA,1,5,01 00 00 AA 18
2026-09-28T15:22:33.737+00:00,7659.471,RX,peer_observation,00015C96,1,7,01 00 00 0F 03 96 5C
2026-09-28T15:22:33.737+00:00,7659.724,RX,peer_observation,00115C96,1,5,01 00 00 96 5C
2026-09-28T15:22:33.742+00:00,7664.598,RX,peer_observation,0001303B,1,7,01 00 00 0F 03 3B 30
2026-09-28T15:22:33.743+00:00,7664.861,RX,peer_observation,0011303B,1,5,01 00 00 3B 30
2026-09-28T15:22:33.747+00:00,7669.686,RX,peer_observation,0001289A,1,7,01 00 00 0F 03 9A 28
2026-09-28T15:22:33.747+00:00,7669.733,RX,peer_observation,0011289A,1,5,01 00 00 9A 28
2026-09-28T15:22:33.752+00:00,7674.625,RX,peer_observation,0001EB00,1,7,01 00 00 0F 03 00 EB
2026-09-28T15:22:33.752+00:00,7674.721,RX,peer_observation,0011EB00,1,5,01 00 00 00 EB
2026-09-28T15:22:33.757+00:00,7679.612,RX,peer_observation,00011D55,1,7,01 00 00 0F 03 55 1D
2026-09-28T15:22:33.757+00:00,7679.744,RX,peer_observation,00111D55,1,5,01 00 00 55 1D
2026-09-28T15:22:33.762+00:00,7684.619,RX,peer_observation,0001EFF5,1,7,01 00 00 0F 03 F5 EF
2026-09-28T15:22:33.762+00:00,7684.695,RX,peer_observation,0011EFF5,1,5,01 00 00 F5 EF
2026-09-28T15:22:33.767+00:00,7689.502,RX,peer_observation,00010EE3,1,7,01 00 00 0F 03 E3 0E
2026-09-28T15:22:33.767+00:00,7689.745,RX,peer_observation,00110EE3,1,5,01 00 00 E3 0E
2026-09-28T15:22:33.772+00:00,7694.584,RX,peer_observation,00014D68,1,7,01 00 00 0F 03 68 4D
2026-09-28T15:22:33.772+00:00,7694.717,RX,peer_observation,00114D68,1,5,01 00 00 68 4D
2026-09-28T15:22:33.777+00:00,7699.503,RX,peer_observation,0001DDE7,1,7,01 00 00 0F 03 E7 DD
2026-09-28T15:22:33.777+00:00,7699.746,RX,peer_observation,0011DDE7,1,5,01 00 00 E7 DD
2026-09-28T15:22:33.782+00:00,7704.617,RX,peer_observation,0001B09E,1,7,01 00 00 0F 03 9E B0
2026-09-28T15:22:33.782+00:00,7704.749,RX,peer_observation,0011B09E,1,5,01 00 00 9E B0
2026-09-28T15:22:33.787+00:00,7709.699,RX,peer_observation,0001FBF9,1,7,01 00 00 0F 03 F9 FB
2026-09-28T15:22:33.787+00:00,7709.755,RX,peer_observation,0011FBF9,1,5,01 00 00 F9 FB
2026-09-28T15:22:33.792+00:00,7714.654,RX,peer_observation,0001172F,1,7,01 00 00 0F 03 2F 17
2026-09-28T15:22:33.792+00:00,7714.711,RX,peer_observation,0011172F,1,5,01 00 00 2F 17
2026-09-28T15:22:33.797+00:00,7719.698,RX,peer_observation,000123A2,1,7,01 00 00 0F 03 A2 23
2026-09-28T15:22:33.797+00:00,7719.755,RX,peer_observation,001123A2,1,5,01 00 00 A2 23
2026-09-28T15:22:33.802+00:00,7724.644,RX,peer_observation,0001F884,1,7,01 00 00 0F 03 84 F8
2026-09-28T15:22:33.802+00:00,7724.701,RX,peer_observation,0011F884,1,5,01 00 00 84 F8
2026-09-28T15:22:33.807+00:00,7729.494,RX,peer_observation,0001D370,1,7,01 00 00 0F 03 70 D3
2026-09-28T15:22:33.808+00:00,7729.911,RX,peer_observation,0011D370,1,5,01 00 00 70 D3
2026-09-28T15:22:33.812+00:00,7734.704,RX,peer_observation,00017689,1,7,01 00 00 0F 03 89 76
2026-09-28T15:22:33.812+00:00,7734.798,RX,peer_observation,00117689,1,5,01 00 00 89 76
2026-09-28T15:22:33.817+00:00,7739.566,RX,peer_observation,00014B69,1,7,01 00 00 0F 03 69 4B
2026-09-28T15:22:33.817+00:00,7739.784,RX,peer_observation,00114B69,1,5,01 00 00 69 4B
2026-09-28T15:22:33.822+00:00,7744.646,RX,peer_observation,00011799,1,7,01 00 00 0F 03 99 17
2026-09-28T15:22:33.822+00:00,7744.703,RX,peer_observation,00111799,1,5,01 00 00 99 17
2026-09-28T15:22:33.827+00:00,7749.721,RX,peer_observation,000175E9,1,7,01 00 00 0F 03 E9 75
2026-09-28T15:22:33.828+00:00,7749.827,RX,peer_observation,001175E9,1,5,01 00 00 E9 75
2026-09-28T15:22:33.832+00:00,7754.485,RX,peer_observation,0001B436,1,7,01 00 00 0F 03 36 B4
2026-09-28T15:22:33.832+00:00,7754.776,RX,peer_observation,0011B436,1,5,01 00 00 36 B4
2026-09-28T15:22:33.837+00:00,7759.502,RX,peer_observation,0001A0A5,1,7,01 00 00 0F 03 A5 A0
2026-09-28T15:22:33.837+00:00,7759.770,RX,peer_observation,0011A0A5,1,5,01 00 00 A5 A0
2026-09-28T15:22:33.842+00:00,7764.527,RX,peer_observation,000179F8,1,7,01 00 00 0F 03 F8 79
2026-09-28T15:22:33.842+00:00,7764.757,RX,peer_observation,001179F8,1,5,01 00 00 F8 79
2026-09-28T15:22:33.847+00:00,7769.485,RX,peer_observation,0001586F,1,7,01 00 00 0F 03 6F 58
2026-09-28T15:22:33.847+00:00,7769.757,RX,peer_observation,0011586F,1,5,01 00 00 6F 58
2026-09-28T15:22:33.852+00:00,7774.712,RX,peer_observation,00010DE8,1,7,01 00 00 0F 03 E8 0D
2026-09-28T15:22:33.852+00:00,7774.768,RX,peer_observation,00110DE8,1,5,01 00 00 E8 0D
2026-09-28T15:22:33.857+00:00,7779.488,RX,peer_observation,00016DF4,1,7,01 00 00 0F 03 F4 6D
2026-09-28T15:22:33.857+00:00,7779.766,RX,peer_observation,00116DF4,1,5,01 00 00 F4 6D
2026-09-28T15:22:33.862+00:00,7784.727,RX,peer_observation,00011F22,1,7,01 00 00 0F 03 22 1F
2026-09-28T15:22:33.862+00:00,7784.783,RX,peer_observation,00111F22,1,5,01 00 00 22 1F
2026-09-28T15:22:33.867+00:00,7789.496,RX,peer_observation,00011F83,1,7,01 00 00 0F 03 83 1F
2026-09-28T15:22:33.867+00:00,7789.758,RX,peer_observation,00111F83,1,5,01 00 00 83 1F
2026-09-28T15:22:33.872+00:00,7794.668,RX,peer_observation,00017767,1,7,01 00 00 0F 03 67 77
2026-09-28T15:22:33.872+00:00,7794.725,RX,peer_observation,00117767,1,5,01 00 00 67 77
2026-09-28T15:22:33.877+00:00,7799.509,RX,peer_observation,0001FFA2,1,7,01 00 00 0F 03 A2 FF
2026-09-28T15:22:33.877+00:00,7799.779,RX,peer_observation,0011FFA2,1,5,01 00 00 A2 FF
2026-09-28T15:22:33.882+00:00,7804.666,RX,peer_observation,0001AE0C,1,7,01 00 00 0F 03 0C AE
2026-09-28T15:22:33.882+00:00,7804.722,RX,peer_observation,0011AE0C,1,5,01 00 00 0C AE
2026-09-28T15:22:33.887+00:00,7809.693,RX,peer_observation,000109F8,1,7,01 00 00 0F 03 F8 09
2026-09-28T15:22:33.887+00:00,7809.789,RX,peer_observation,001109F8,1,5,01 00 00 F8 09
2026-09-28T15:22:33.892+00:00,7814.712,RX,peer_observation,00017670,1,7,01 00 00 0F 03 70 76
2026-09-28T15:22:33.893+00:00,7814.814,RX,peer_observation,00117670,1,5,01 00 00 70 76
2026-09-28T15:22:33.897+00:00,7819.581,RX,peer_observation,0001BBDB,1,7,01 00 00 0F 03 DB BB
2026-09-28T15:22:33.897+00:00,7819.795,RX,peer_observation,0011BBDB,1,5,01 00 00 DB BB
2026-09-28T15:22:33.902+00:00,7824.529,RX,peer_observation,0001F9D9,1,7,01 00 00 0F 03 D9 F9
2026-09-28T15:22:33.903+00:00,7824.861,RX,peer_observation,0011F9D9,1,5,01 00 00 D9 F9
2026-09-28T15:22:33.907+00:00,7829.670,RX,peer_observation,0001AB80,1,7,01 00 00 0F 03 80 AB
2026-09-28T15:22:33.907+00:00,7829.743,RX,peer_observation,0011AB80,1,5,01 00 00 80 AB
2026-09-28T15:22:33.912+00:00,7834.706,RX,peer_observation,0001F561,1,7,01 00 00 0F 03 61 F5
2026-09-28T15:22:33.912+00:00,7834.800,RX,peer_observation,0011F561,1,5,01 00 00 61 F5
2026-09-28T15:22:33.917+00:00,7839.722,RX,peer_observation,0001409D,1,7,01 00 00 0F 03 9D 40
2026-09-28T15:22:33.918+00:00,7839.816,RX,peer_observation,0011409D,1,5,01 00 00 9D 40
2026-09-28T15:22:33.922+00:00,7844.732,RX,peer_observation,00013766,1,7,01 00 00 0F 03 66 37
2026-09-28T15:22:33.923+00:00,7844.879,RX,peer_observation,00113766,1,5,01 00 00 66 37
2026-09-28T15:22:33.927+00:00,7849.677,RX,peer_observation,00016702,1,7,01 00 00 0F 03 02 67
2026-09-28T15:22:33.927+00:00,7849.733,RX,peer_observation,00116702,1,5,01 00 00 02 67
2026-09-28T15:22:33.932+00:00,7854.725,RX,peer_observation,00010C96,1,7,01 00 00 0F 03 96 0C
2026-09-28T15:22:33.933+00:00,7854.847,RX,peer_observation,00110C96,1,5,01 00 00 96 0C
2026-09-28T15:22:33.937+00:00,7859.672,RX,peer_observation,0001636E,1,7,01 00 00 0F 03 6E 63
2026-09-28T15:22:33.937+00:00,7859.789,RX,peer_observation,0011636E,1,5,01 00 00 6E 63
2026-09-28T15:22:33.942+00:00,7864.706,RX,peer_observation,00014F89,1,7,01 00 00 0F 03 89 4F
2026-09-28T15:22:33.942+00:00,7864.795,RX,peer_observation,00114F89,1,5,01 00 00 89 4F
2026-09-28T15:22:33.947+00:00,7869.653,RX,peer_observation,0001FCB0,1,7,01 00 00 0F 03 B0 FC
2026-09-28T15:22:33.947+00:00,7869.717,RX,peer_observation,0011FCB0,1,5,01 00 00 B0 FC
2026-09-28T15:22:33.952+00:00,7874.704,RX,peer_observation,0001CA90,1,7,01 00 00 0F 03 90 CA
2026-09-28T15:22:33.952+00:00,7874.792,RX,peer_observation,0011CA90,1,5,01 00 00 90 CA
2026-09-28T15:22:33.957+00:00,7879.514,RX,peer_observation,000132D1,1,7,01 00 00 0F 03 D1 32
2026-09-28T15:22:33.958+00:00,7879.837,RX,peer_observation,001132D1,1,5,01 00 00 D1 32
2026-09-28T15:22:33.962+00:00,7884.462,RX,peer_observation,00013618,1,7,01 00 00 0F 03 18 36
2026-09-28T15:22:33.963+00:00,7884.816,RX,peer_observation,00113618,1,5,01 00 00 18 36
2026-09-28T15:22:33.967+00:00,7889.547,RX,peer_observation,00012FDB,1,7,01 00 00 0F 03 DB 2F
2026-09-28T15:22:33.967+00:00,7889.761,RX,peer_observation,00112FDB,1,5,01 00 00 DB 2F
2026-09-28T15:22:33.972+00:00,7894.566,RX,peer_observation,000112DA,1,7,01 00 00 0F 03 DA 12
2026-09-28T15:22:33.972+00:00,7894.739,RX,peer_observation,001112DA,1,5,01 00 00 DA 12
2026-09-28T15:22:33.977+00:00,7899.770,RX,peer_observation,00013179,1,7,01 00 00 0F 03 79 31
2026-09-28T15:22:33.978+00:00,7899.855,RX,peer_observation,00113179,1,5,01 00 00 79 31
2026-09-28T15:22:33.982+00:00,7904.700,RX,peer_observation,000131AB,1,7,01 00 00 0F 03 AB 31
2026-09-28T15:22:33.982+00:00,7904.794,RX,peer_observation,001131AB,1,5,01 00 00 AB 31
2026-09-28T15:22:33.987+00:00,7909.503,RX,peer_observation,00012C83,1,7,01 00 00 0F 03 83 2C
2026-09-28T15:22:33.987+00:00,7909.778,RX,peer_observation,00112C83,1,5,01 00 00 83 2C
2026-09-28T15:22:33.992+00:00,7914.503,RX,peer_observation,00016BAB,1,7,01 00 00 0F 03 AB 6B
2026-09-28T15:22:33.992+00:00,7914.754,RX,peer_observation,00116BAB,1,5,01 00 00 AB 6B
2026-09-28T15:22:33.997+00:00,7919.576,RX,peer_observation,0001433A,1,7,01 00 00 0F 03 3A 43
2026-09-28T15:22:33.997+00:00,7919.784,RX,peer_observation,0011433A,1,5,01 00 00 3A 43
2026-09-28T15:22:34.002+00:00,7924.551,RX,peer_observation,00013421,1,7,01 00 00 0F 03 21 34
2026-09-28T15:22:34.002+00:00,7924.781,RX,peer_observation,00113421,1,5,01 00 00 21 34
2026-09-28T15:22:34.007+00:00,7929.462,RX,peer_observation,00014CB1,1,7,01 00 00 0F 03 B1 4C
2026-09-28T15:22:34.007+00:00,7929.767,RX,peer_observation,00114CB1,1,5,01 00 00 B1 4C
2026-09-28T15:22:34.012+00:00,7934.506,RX,peer_observation,0001BE4A,1,7,01 00 00 0F 03 4A BE
2026-09-28T15:22:34.012+00:00,7934.758,RX,peer_observation,0011BE4A,1,5,01 00 00 4A BE
2026-09-28T15:22:34.017+00:00,7939.491,RX,peer_observation,0001BFC2,1,7,01 00 00 0F 03 C2 BF
2026-09-28T15:22:34.017+00:00,7939.782,RX,peer_observation,0011BFC2,1,5,01 00 00 C2 BF
2026-09-28T15:22:34.022+00:00,7944.536,RX,peer_observation,000123E3,1,7,01 00 00 0F 03 E3 23
2026-09-28T15:22:34.022+00:00,7944.804,RX,peer_observation,001123E3,1,5,01 00 00 E3 23
2026-09-28T15:22:34.027+00:00,7949.472,RX,peer_observation,00017D84,1,7,01 00 00 0F 03 84 7D
2026-09-28T15:22:34.027+00:00,7949.758,RX,peer_observation,00117D84,1,5,01 00 00 84 7D
2026-09-28T15:22:34.032+00:00,7954.539,RX,peer_observation,00014234,1,7,01 00 00 0F 03 34 42
2026-09-28T15:22:34.032+00:00,7954.788,RX,peer_observation,00114234,1,5,01 00 00 34 42
2026-09-28T15:22:34.037+00:00,7959.695,RX,peer_observation,00018F0C,1,7,01 00 00 0F 03 0C 8F
2026-09-28T15:22:34.037+00:00,7959.752,RX,peer_observation,00118F0C,1,5,01 00 00 0C 8F
2026-09-28T15:22:34.042+00:00,7964.485,RX,peer_observation,000129EA,1,7,01 00 00 0F 03 EA 29
2026-09-28T15:22:34.042+00:00,7964.797,RX,peer_observation,001129EA,1,5,01 00 00 EA 29
2026-09-28T15:22:34.047+00:00,7969.482,RX,peer_observation,0001E00C,1,7,01 00 00 0F 03 0C E0
2026-09-28T15:22:34.047+00:00,7969.772,RX,peer_observation,0011E00C,1,5,01 00 00 0C E0
2026-09-28T15:22:34.052+00:00,7974.488,RX,peer_observation,000136FE,1,7,01 00 00 0F 03 FE 36
2026-09-28T15:22:34.052+00:00,7974.756,RX,peer_observation,001136FE,1,5,01 00 00 FE 36
2026-09-28T15:22:34.057+00:00,7979.539,RX,peer_observation,0001378F,1,7,01 00 00 0F 03 8F 37
2026-09-28T15:22:34.057+00:00,7979.777,RX,peer_observation,0011378F,1,5,01 00 00 8F 37
2026-09-28T15:22:34.062+00:00,7984.437,RX,peer_observation,00011081,1,7,01 00 00 0F 03 81 10
2026-09-28T15:22:34.062+00:00,7984.758,RX,peer_observation,00111081,1,5,01 00 00 81 10
2026-09-28T15:22:34.067+00:00,7989.520,RX,peer_observation,000161D9,1,7,01 00 00 0F 03 D9 61
2026-09-28T15:22:34.067+00:00,7989.759,RX,peer_observation,001161D9,1,5,01 00 00 D9 61
2026-09-28T15:22:34.072+00:00,7994.489,RX,peer_observation,0001B8FB,1,7,01 00 00 0F 03 FB B8
2026-09-28T15:22:34.072+00:00,7994.759,RX,peer_observation,0011B8FB,1,5,01 00 00 FB B8
2026-09-28T15:22:34.077+00:00,7999.528,RX,peer_observation,0001E639,1,7,01 00 00 0F 03 39 E6
2026-09-28T15:22:34.077+00:00,7999.746,RX,peer_observation,0011E639,1,5,01 00 00 39 E6
2026-09-28T15:22:34.082+00:00,8004.483,RX,peer_observation,000186CA,1,7,01 00 00 0F 03 CA 86
2026-09-28T15:22:34.082+00:00,8004.800,RX,peer_observation,001186CA,1,5,01 00 00 CA 86
2026-09-28T15:22:34.087+00:00,8009.482,RX,peer_observation,00013551,1,7,01 00 00 0F 03 51 35
2026-09-28T15:22:34.087+00:00,8009.770,RX,peer_observation,00113551,1,5,01 00 00 51 35
2026-09-28T15:22:34.092+00:00,8014.492,RX,peer_observation,0001949D,1,7,01 00 00 0F 03 9D 94
2026-09-28T15:22:34.093+00:00,8014.842,RX,peer_observation,0011949D,1,5,01 00 00 9D 94
2026-09-28T15:22:34.097+00:00,8019.614,RX,peer_observation,0001841E,1,7,01 00 00 0F 03 1E 84
2026-09-28T15:22:34.097+00:00,8019.716,RX,peer_observation,0011841E,1,5,01 00 00 1E 84
2026-09-28T15:22:34.102+00:00,8024.659,RX,peer_observation,00016901,1,7,01 00 00 0F 03 01 69
2026-09-28T15:22:34.103+00:00,8024.809,RX,peer_observation,00116901,1,5,01 00 00 01 69
2026-09-28T15:22:34.107+00:00,8029.587,RX,peer_observation,000181C5,1,7,01 00 00 0F 03 C5 81
2026-09-28T15:22:34.107+00:00,8029.675,RX,peer_observation,001181C5,1,5,01 00 00 C5 81
2026-09-28T15:22:34.112+00:00,8034.615,RX,peer_observation,0001189C,1,7,01 00 00 0F 03 9C 18
2026-09-28T15:22:34.112+00:00,8034.751,RX,peer_observation,0011189C,1,5,01 00 00 9C 18
2026-09-28T15:22:34.117+00:00,8039.678,RX,peer_observation,0001CDEF,1,7,01 00 00 0F 03 EF CD
2026-09-28T15:22:34.117+00:00,8039.773,RX,peer_observation,0011CDEF,1,5,01 00 00 EF CD
2026-09-28T15:22:34.122+00:00,8044.618,RX,peer_observation,00012182,1,7,01 00 00 0F 03 82 21
2026-09-28T15:22:34.122+00:00,8044.750,RX,peer_observation,00112182,1,5,01 00 00 82 21
2026-09-28T15:22:34.127+00:00,8049.663,RX,peer_observation,0001CB41,1,7,01 00 00 0F 03 41 CB
2026-09-28T15:22:34.127+00:00,8049.721,RX,peer_observation,0011CB41,1,5,01 00 00 41 CB
2026-09-28T15:22:34.132+00:00,8054.642,RX,peer_observation,0001DED7,1,7,01 00 00 0F 03 D7 DE
2026-09-28T15:22:34.132+00:00,8054.756,RX,peer_observation,0011DED7,1,5,01 00 00 D7 DE
2026-09-28T15:22:34.137+00:00,8059.613,RX,peer_observation,0001452C,1,7,01 00 00 0F 03 2C 45
2026-09-28T15:22:34.137+00:00,8059.691,RX,peer_observation,0011452C,1,5,01 00 00 2C 45
2026-09-28T15:22:34.142+00:00,8064.459,RX,peer_observation,0001F28C,1,7,01 00 00 0F 03 8C F2
2026-09-28T15:22:34.142+00:00,8064.755,RX,peer_observation,0011F28C,1,5,01 00 00 8C F2
2026-09-28T15:22:34.147+00:00,8069.646,RX,peer_observation,0001AE26,1,7,01 00 00 0F 03 26 AE
2026-09-28T15:22:34.147+00:00,8069.703,RX,peer_observation,0011AE26,1,5,01 00 00 26 AE
2026-09-28T15:22:34.152+00:00,8074.530,RX,peer_observation,0001A3FC,1,7,01 00 00 0F 03 FC A3
2026-09-28T15:22:34.153+00:00,8074.816,RX,peer_observation,0011A3FC,1,5,01 00 00 FC A3
2026-09-28T15:22:34.157+00:00,8079.544,RX,peer_observation,00017318,1,7,01 00 00 0F 03 18 73
2026-09-28T15:22:34.157+00:00,8079.733,RX,peer_observation,00117318,1,5,01 00 00 18 73
2026-09-28T15:22:34.162+00:00,8084.455,RX,peer_observation,000144C2,1,7,01 00 00 0F 03 C2 44
2026-09-28T15:22:34.162+00:00,8084.773,RX,peer_observation,001144C2,1,5,01 00 00 C2 44
2026-09-28T15:22:34.167+00:00,8089.598,RX,peer_observation,00014A78,1,7,01 00 00 0F 03 78 4A
2026-09-28T15:22:34.167+00:00,8089.686,RX,peer_observation,00114A78,1,5,01 00 00 78 4A
2026-09-28T15:22:34.172+00:00,8094.466,RX,peer_observation,000109E9,1,7,01 00 00 0F 03 E9 09
2026-09-28T15:22:34.172+00:00,8094.759,RX,peer_observation,001109E9,1,5,01 00 00 E9 09
2026-09-28T15:22:34.177+00:00,8099.489,RX,peer_observation,0001C16F,1,7,01 00 00 0F 03 6F C1
2026-09-28T15:22:34.177+00:00,8099.756,RX,peer_observation,0011C16F,1,5,01 00 00 6F C1
2026-09-28T15:22:34.182+00:00,8104.469,RX,peer_observation,0001F674,1,7,01 00 00 0F 03 74 F6
2026-09-28T15:22:34.182+00:00,8104.756,RX,peer_observation,0011F674,1,5,01 00 00 74 F6
2026-09-28T15:22:34.187+00:00,8109.763,RX,peer_observation,0001EAF7,1,7,01 00 00 0F 03 F7 EA
2026-09-28T15:22:34.188+00:00,8109.858,RX,peer_observation,0011EAF7,1,5,01 00 00 F7 EA
2026-09-28T15:22:34.192+00:00,8114.657,RX,peer_observation,00017CD0,1,7,01 00 00 0F 03 D0 7C
2026-09-28T15:22:34.192+00:00,8114.713,RX,peer_observation,00117CD0,1,5,01 00 00 D0 7C
2026-09-28T15:22:34.197+00:00,8119.719,RX,peer_observation,0001B4D8,1,7,01 00 00 0F 03 D8 B4
2026-09-28T15:22:34.197+00:00,8119.799,RX,peer_observation,0011B4D8,1,5,01 00 00 D8 B4
2026-09-28T15:22:34.202+00:00,8124.678,RX,peer_observation,0001ABA2,1,7,01 00 00 0F 03 A2 AB
2026-09-28T15:22:34.202+00:00,8124.788,RX,peer_observation,0011ABA2,1,5,01 00 00 A2 AB
2026-09-28T15:22:34.208+00:00,8129.854,RX,peer_observation,00018FEF,1,7,01 00 00 0F 03 EF 8F
2026-09-28T15:22:34.208+00:00,8129.946,RX,peer_observation,00118FEF,1,5,01 00 00 EF 8F
2026-09-28T15:22:34.212+00:00,8134.748,RX,peer_observation,0001FB1C,1,7,01 00 00 0F 03 1C FB
2026-09-28T15:22:34.213+00:00,8134.837,RX,peer_observation,0011FB1C,1,5,01 00 00 1C FB
2026-09-28T15:22:34.217+00:00,8139.645,RX,peer_observation,0001ED1B,1,7,01 00 00 0F 03 1B ED
2026-09-28T15:22:34.217+00:00,8139.747,RX,peer_observation,0011ED1B,1,5,01 00 00 1B ED
2026-09-28T15:22:34.222+00:00,8144.641,RX,peer_observation,000122BB,1,7,01 00 00 0F 03 BB 22
2026-09-28T15:22:34.222+00:00,8144.709,RX,peer_observation,001122BB,1,5,01 00 00 BB 22
2026-09-28T15:22:34.227+00:00,8149.715,RX,peer_observation,000171CF,1,7,01 00 00 0F 03 CF 71
2026-09-28T15:22:34.228+00:00,8149.817,RX,peer_observation,001171CF,1,5,01 00 00 CF 71
2026-09-28T15:22:34.232+00:00,8154.669,RX,peer_observation,0001D016,1,7,01 00 00 0F 03 16 D0
2026-09-28T15:22:34.232+00:00,8154.776,RX,peer_observation,0011D016,1,5,01 00 00 16 D0
2026-09-28T15:22:34.237+00:00,8159.514,RX,peer_observation,00012B12,1,7,01 00 00 0F 03 12 2B
2026-09-28T15:22:34.237+00:00,8159.781,RX,peer_observation,00112B12,1,5,01 00 00 12 2B
2026-09-28T15:22:34.242+00:00,8164.437,RX,peer_observation,00017E29,1,7,01 00 00 0F 03 29 7E
2026-09-28T15:22:34.242+00:00,8164.796,RX,peer_observation,00117E29,1,5,01 00 00 29 7E
2026-09-28T15:22:34.247+00:00,8169.642,RX,peer_observation,0001A77A,1,7,01 00 00 0F 03 7A A7
2026-09-28T15:22:34.247+00:00,8169.753,RX,peer_observation,0011A77A,1,5,01 00 00 7A A7
2026-09-28T15:22:34.252+00:00,8174.674,RX,peer_observation,00018946,1,7,01 00 00 0F 03 46 89
2026-09-28T15:22:34.253+00:00,8174.840,RX,peer_observation,00118946,1,5,01 00 00 46 89
2026-09-28T15:22:34.257+00:00,8179.543,RX,peer_observation,00017060,1,7,01 00 00 0F 03 60 70
2026-09-28T15:22:34.257+00:00,8179.721,RX,peer_observation,00117060,1,5,01 00 00 60 70
2026-09-28T15:22:34.262+00:00,8184.614,RX,peer_observation,00019E8D,1,7,01 00 00 0F 03 8D 9E
2026-09-28T15:22:34.262+00:00,8184.672,RX,peer_observation,00119E8D,1,5,01 00 00 8D 9E
2026-09-28T15:22:34.267+00:00,8189.620,RX,peer_observation,0001A05F,1,7,01 00 00 0F 03 5F A0
2026-09-28T15:22:34.267+00:00,8189.768,RX,peer_observation,0011A05F,1,5,01 00 00 5F A0
2026-09-28T15:22:34.272+00:00,8194.508,RX,peer_observation,0001A69A,1,7,01 00 00 0F 03 9A A6
2026-09-28T15:22:34.273+00:00,8194.863,RX,peer_observation,0011A69A,1,5,01 00 00 9A A6
2026-09-28T15:22:34.277+00:00,8199.592,RX,peer_observation,00010CE3,1,7,01 00 00 0F 03 E3 0C
2026-09-28T15:22:34.278+00:00,8199.836,RX,peer_observation,00110CE3,1,5,01 00 00 E3 0C
2026-09-28T15:22:34.282+00:00,8204.619,RX,peer_observation,00015DCA,1,7,01 00 00 0F 03 CA 5D
2026-09-28T15:22:34.282+00:00,8204.676,RX,peer_observation,00115DCA,1,5,01 00 00 CA 5D
2026-09-28T15:22:34.287+00:00,8209.630,RX,peer_observation,0001CE4A,1,7,01 00 00 0F 03 4A CE
2026-09-28T15:22:34.287+00:00,8209.706,RX,peer_observation,0011CE4A,1,5,01 00 00 4A CE
2026-09-28T15:22:34.292+00:00,8214.491,RX,peer_observation,00017D48,1,7,01 00 00 0F 03 48 7D
2026-09-28T15:22:34.292+00:00,8214.772,RX,peer_observation,00117D48,1,5,01 00 00 48 7D
2026-09-28T15:22:34.297+00:00,8219.461,RX,peer_observation,0001A9EA,1,7,01 00 00 0F 03 EA A9
2026-09-28T15:22:34.297+00:00,8219.756,RX,peer_observation,0011A9EA,1,5,01 00 00 EA A9
2026-09-28T15:22:34.302+00:00,8224.665,RX,peer_observation,0001F6C2,1,7,01 00 00 0F 03 C2 F6
2026-09-28T15:22:34.302+00:00,8224.736,RX,peer_observation,0011F6C2,1,5,01 00 00 C2 F6
2026-09-28T15:22:34.307+00:00,8229.756,RX,peer_observation,000112F8,1,7,01 00 00 0F 03 F8 12
2026-09-28T15:22:34.308+00:00,8229.842,RX,peer_observation,001112F8,1,5,01 00 00 F8 12
2026-09-28T15:22:34.312+00:00,8234.595,RX,peer_observation,0001FD72,1,7,01 00 00 0F 03 72 FD
2026-09-28T15:22:34.313+00:00,8234.803,RX,peer_observation,0011FD72,1,5,01 00 00 72 FD
2026-09-28T15:22:34.317+00:00,8239.684,RX,peer_observation,00015326,1,7,01 00 00 0F 03 26 53
2026-09-28T15:22:34.317+00:00,8239.764,RX,peer_observation,00115326,1,5,01 00 00 26 53
2026-09-28T15:22:34.322+00:00,8244.704,RX,peer_observation,00014DE1,1,7,01 00 00 0F 03 E1 4D
2026-09-28T15:22:34.322+00:00,8244.795,RX,peer_observation,00114DE1,1,5,01 00 00 E1 4D
2026-09-28T15:22:34.327+00:00,8249.709,RX,peer_observation,0001716C,1,7,01 00 00 0F 03 6C 71
2026-09-28T15:22:34.327+00:00,8249.799,RX,peer_observation,0011716C,1,5,01 00 00 6C 71
2026-09-28T15:22:34.332+00:00,8254.728,RX,peer_observation,00018E8E,1,7,01 00 00 0F 03 8E 8E
2026-09-28T15:22:34.333+00:00,8254.860,RX,peer_observation,00118E8E,1,5,01 00 00 8E 8E
2026-09-28T15:22:34.337+00:00,8259.657,RX,peer_observation,00019960,1,7,01 00 00 0F 03 60 99
2026-09-28T15:22:34.337+00:00,8259.705,RX,peer_observation,00119960,1,5,01 00 00 60 99
2026-09-28T15:22:34.342+00:00,8264.695,RX,peer_observation,0001325D,1,7,01 00 00 0F 03 5D 32
2026-09-28T15:22:34.343+00:00,8264.820,RX,peer_observation,0011325D,1,5,01 00 00 5D 32
2026-09-28T15:22:34.347+00:00,8269.468,RX,peer_observation,00018704,1,7,01 00 00 0F 03 04 87
2026-09-28T15:22:34.348+00:00,8269.854,RX,peer_observation,00118704,1,5,01 00 00 04 87
2026-09-28T15:22:34.352+00:00,8274.708,RX,peer_observation,0001C682,1,7,01 00 00 0F 03 82 C6
2026-09-28T15:22:34.353+00:00,8274.819,RX,peer_observation,0011C682,1,5,01 00 00 82 C6
2026-09-28T15:22:34.357+00:00,8279.725,RX,peer_observation,000196EE,1,7,01 00 00 0F 03 EE 96
2026-09-28T15:22:34.358+00:00,8279.819,RX,peer_observation,001196EE,1,5,01 00 00 EE 96
2026-09-28T15:22:34.362+00:00,8284.645,RX,peer_observation,0001C83B,1,7,01 00 00 0F 03 3B C8
2026-09-28T15:22:34.362+00:00,8284.744,RX,peer_observation,0011C83B,1,5,01 00 00 3B C8
2026-09-28T15:22:34.367+00:00,8289.702,RX,peer_observation,00012C49,1,7,01 00 00 0F 03 49 2C
2026-09-28T15:22:34.368+00:00,8289.819,RX,peer_observation,00112C49,1,5,01 00 00 49 2C
2026-09-28T15:22:34.372+00:00,8294.603,RX,peer_observation,00015F92,1,7,01 00 00 0F 03 92 5F
2026-09-28T15:22:34.372+00:00,8294.700,RX,peer_observation,00115F92,1,5,01 00 00 92 5F
2026-09-28T15:22:34.377+00:00,8299.729,RX,peer_observation,0001FDE6,1,7,01 00 00 0F 03 E6 FD
2026-09-28T15:22:34.378+00:00,8299.830,RX,peer_observation,0011FDE6,1,5,01 00 00 E6 FD
2026-09-28T15:22:34.382+00:00,8304.684,RX,peer_observation,0001C710,1,7,01 00 00 0F 03 10 C7
2026-09-28T15:22:34.382+00:00,8304.743,RX,peer_observation,0011C710,1,5,01 00 00 10 C7
2026-09-28T15:22:34.387+00:00,8309.715,RX,peer_observation,0001F588,1,7,01 00 00 0F 03 88 F5
2026-09-28T15:22:34.388+00:00,8309.813,RX,peer_observation,0011F588,1,5,01 00 00 88 F5
2026-09-28T15:22:34.392+00:00,8314.707,RX,peer_observation,0001DCFA,1,7,01 00 00 0F 03 FA DC
2026-09-28T15:22:34.393+00:00,8314.804,RX,peer_observation,0011DCFA,1,5,01 00 00 FA DC
2026-09-28T15:22:34.397+00:00,8319.696,RX,peer_observation,00012C0F,1,7,01 00 00 0F 03 0F 2C
2026-09-28T15:22:34.398+00:00,8319.814,RX,peer_observation,00112C0F,1,5,01 00 00 0F 2C
2026-09-28T15:22:34.402+00:00,8324.689,RX,peer_observation,0001BD8B,1,7,01 00 00 0F 03 8B BD
2026-09-28T15:22:34.403+00:00,8324.811,RX,peer_observation,0011BD8B,1,5,01 00 00 8B BD
2026-09-28T15:22:34.407+00:00,8329.591,RX,peer_observation,0001CF24,1,7,01 00 00 0F 03 24 CF
2026-09-28T15:22:34.407+00:00,8329.669,RX,peer_observation,0011CF24,1,5,01 00 00 24 CF
2026-09-28T15:22:34.412+00:00,8334.647,RX,peer_observation,00018659,1,7,01 00 00 0F 03 59 86
2026-09-28T15:22:34.412+00:00,8334.718,RX,peer_observation,00118659,1,5,01 00 00 59 86
2026-09-28T15:22:34.417+00:00,8339.684,RX,peer_observation,0001409B,1,7,01 00 00 0F 03 9B 40
2026-09-28T15:22:34.417+00:00,8339.744,RX,peer_observation,0011409B,1,5,01 00 00 9B 40
2026-09-28T15:22:34.422+00:00,8344.684,RX,peer_observation,00018DB6,1,7,01 00 00 0F 03 B6 8D
2026-09-28T15:22:34.423+00:00,8344.802,RX,peer_observation,00118DB6,1,5,01 00 00 B6 8D
2026-09-28T15:22:34.427+00:00,8349.521,RX,peer_observation,000181A8,1,7,01 00 00 0F 03 A8 81
2026-09-28T15:22:34.427+00:00,8349.762,RX,peer_observation,001181A8,1,5,01 00 00 A8 81
2026-09-28T15:22:34.432+00:00,8354.477,RX,peer_observation,000111D3,1,7,01 00 00 0F 03 D3 11
2026-09-28T15:22:34.432+00:00,8354.706,RX,peer_observation,001111D3,1,5,01 00 00 D3 11
2026-09-28T15:22:34.437+00:00,8359.641,RX,peer_observation,00011B96,1,7,01 00 00 0F 03 96 1B
2026-09-28T15:22:34.437+00:00,8359.716,RX,peer_observation,00111B96,1,5,01 00 00 96 1B
2026-09-28T15:22:34.442+00:00,8364.438,RX,peer_observation,000185F6,1,7,01 00 00 0F 03 F6 85
2026-09-28T15:22:34.442+00:00,8364.757,RX,peer_observation,001185F6,1,5,01 00 00 F6 85
2026-09-28T15:22:34.447+00:00,8369.515,RX,peer_observation,0001519F,1,7,01 00 00 0F 03 9F 51
2026-09-28T15:22:34.447+00:00,8369.757,RX,peer_observation,0011519F,1,5,01 00 00 9F 51
2026-09-28T15:22:34.452+00:00,8374.412,RX,peer_observation,00018CF4,1,7,01 00 00 0F 03 F4 8C
2026-09-28T15:22:34.452+00:00,8374.704,RX,peer_observation,00118CF4,1,5,01 00 00 F4 8C
2026-09-28T15:22:34.457+00:00,8379.447,RX,peer_observation,0001771C,1,7,01 00 00 0F 03 1C 77
2026-09-28T15:22:34.457+00:00,8379.754,RX,peer_observation,0011771C,1,5,01 00 00 1C 77
2026-09-28T15:22:34.462+00:00,8384.413,RX,peer_observation,0001DED7,1,7,01 00 00 0F 03 D7 DE
2026-09-28T15:22:34.462+00:00,8384.704,RX,peer_observation,0011DED7,1,5,01 00 00 D7 DE
2026-09-28T15:22:34.467+00:00,8389.510,RX,peer_observation,00017F23,1,7,01 00 00 0F 03 23 7F
2026-09-28T15:22:34.467+00:00,8389.741,RX,peer_observation,00117F23,1,5,01 00 00 23 7F
2026-09-28T15:22:34.472+00:00,8394.433,RX,peer_observation,00012055,1,7,01 00 00 0F 03 55 20
2026-09-28T15:22:34.472+00:00,8394.707,RX,peer_observation,00112055,1,5,01 00 00 55 20
2026-09-28T15:22:34.477+00:00,8399.430,RX,peer_observation,0001024C,1,7,01 00 00 0F 03 4C 02
2026-09-28T15:22:34.477+00:00,8399.698,RX,peer_observation,0011024C,1,5,01 00 00 4C 02
2026-09-28T15:22:34.482+00:00,8404.433,RX,peer_observation,0001ED88,1,7,01 00 00 0F 03 88 ED
2026-09-28T15:22:34.482+00:00,8404.752,RX,peer_observation,0011ED88,1,5,01 00 00 88 ED
2026-09-28T15:22:34.487+00:00,8409.565,RX,peer_observation,0001E135,1,7,01 00 00 0F 03 35 E1
2026-09-28T15:22:34.487+00:00,8409.757,RX,peer_observation,0011E135,1,5,01 00 00 35 E1
2026-09-28T15:22:34.492+00:00,8414.561,RX,peer_observation,0001EA00,1,7,01 00 00 0F 03 00 EA
2026-09-28T15:22:34.492+00:00,8414.653,RX,peer_observation,0011EA00,1,5,01 00 00 00 EA
2026-09-28T15:22:34.497+00:00,8419.598,RX,peer_observation,000165FF,1,7,01 00 00 0F 03 FF 65
2026-09-28T15:22:34.497+00:00,8419.788,RX,peer_observation,001165FF,1,5,01 00 00 FF 65
2026-09-28T15:22:34.502+00:00,8424.526,RX,peer_observation,00017F27,1,7,01 00 00 0F 03 27 7F
2026-09-28T15:22:34.503+00:00,8424.801,RX,peer_observation,00117F27,1,5,01 00 00 27 7F
2026-09-28T15:22:34.507+00:00,8429.483,RX,peer_observation,000170D2,1,7,01 00 00 0F 03 D2 70
2026-09-28T15:22:34.507+00:00,8429.694,RX,peer_observation,001170D2,1,5,01 00 00 D2 70
2026-09-28T15:22:34.512+00:00,8434.677,RX,peer_observation,0001BE94,1,7,01 00 00 0F 03 94 BE
2026-09-28T15:22:34.512+00:00,8434.785,RX,peer_observation,0011BE94,1,5,01 00 00 94 BE
2026-09-28T15:22:34.517+00:00,8439.629,RX,peer_observation,00015337,1,7,01 00 00 0F 03 37 53
2026-09-28T15:22:34.517+00:00,8439.748,RX,peer_observation,00115337,1,5,01 00 00 37 53
2026-09-28T15:22:34.522+00:00,8444.564,RX,peer_observation,000128BD,1,7,01 00 00 0F 03 BD 28
2026-09-28T15:22:34.522+00:00,8444.704,RX,peer_observation,001128BD,1,5,01 00 00 BD 28
2026-09-28T15:22:34.527+00:00,8449.458,RX,peer_observation,0001DFC1,1,7,01 00 00 0F 03 C1 DF
2026-09-28T15:22:34.528+00:00,8449.817,RX,peer_observation,0011DFC1,1,5,01 00 00 C1 DF
2026-09-28T15:22:34.532+00:00,8454.635,RX,peer_observation,00010127,1,7,01 00 00 0F 03 27 01
2026-09-28T15:22:34.533+00:00,8454.926,RX,peer_observation,00110127,1,5,01 00 00 27 01
2026-09-28T15:22:34.537+00:00,8459.491,RX,peer_observation,00018F58,1,7,01 00 00 0F 03 58 8F
2026-09-28T15:22:34.538+00:00,8460.516,RX,peer_observation,00118F58,1,5,01 00 00 58 8F
2026-09-28T15:22:34.542+00:00,8464.525,RX,peer_observation,00019807,1,7,01 00 00 0F 03 07 98
2026-09-28T15:22:34.542+00:00,8464.647,RX,peer_observation,00119807,1,5,01 00 00 07 98
2026-09-28T15:22:34.547+00:00,8469.487,RX,peer_observation,0001132D,1,7,01 00 00 0F 03 2D 13
2026-09-28T15:22:34.548+00:00,8469.806,RX,peer_observation,0011132D,1,5,01 00 00 2D 13
2026-09-28T15:22:34.552+00:00,8474.473,RX,peer_observation,000181EE,1,7,01 00 00 0F 03 EE 81
2026-09-28T15:22:34.552+00:00,8474.796,RX,peer_observation,001181EE,1,5,01 00 00 EE 81
2026-09-28T15:22:34.557+00:00,8479.450,RX,peer_observation,00011619,1,7,01 00 00 0F 03 19 16
2026-09-28T15:22:34.557+00:00,8479.706,RX,peer_observation,00111619,1,5,01 00 00 19 16
2026-09-28T15:22:34.562+00:00,8484.438,RX,peer_observation,0001E4F9,1,7,01 00 00 0F 03 F9 E4
2026-09-28T15:22:34.562+00:00,8484.717,RX,peer_observation,0011E4F9,1,5,01 00 00 F9 E4
2026-09-28T15:22:34.567+00:00,8489.565,RX,peer_observation,0001D1F6,1,7,01 00 00 0F 03 F6 D1
2026-09-28T15:22:34.567+00:00,8489.644,RX,peer_observation,0011D1F6,1,5,01 00 00 F6 D1
2026-09-28T15:22:34.572+00:00,8494.452,RX,peer_observation,00012F9D,1,7,01 00 00 0F 03 9D 2F
2026-09-28T15:22:34.572+00:00,8494.753,RX,peer_observation,00112F9D,1,5,01 00 00 9D 2F
2026-09-28T15:22:34.577+00:00,8499.596,RX,peer_observation,00011538,1,7,01 00 00 0F 03 38 15
2026-09-28T15:22:34.577+00:00,8499.653,RX,peer_observation,00111538,1,5,01 00 00 38 15
2026-09-28T15:22:34.582+00:00,8504.675,RX,peer_observation,0001D802,1,7,01 00 00 0F 03 02 D8
2026-09-28T15:22:34.582+00:00,8504.731,RX,peer_observation,0011D802,1,5,01 00 00 02 D8
2026-09-28T15:22:34.587+00:00,8509.703,RX,peer_observation,000142C7,1,7,01 00 00 0F 03 C7 42
2026-09-28T15:22:34.587+00:00,8509.777,RX,peer_observation,001142C7,1,5,01 00 00 C7 42
2026-09-28T15:22:34.592+00:00,8514.635,RX,peer_observation,0001FB8E,1,7,01 00 00 0F 03 8E FB
2026-09-28T15:22:34.592+00:00,8514.721,RX,peer_observation,0011FB8E,1,5,01 00 00 8E FB
2026-09-28T15:22:34.597+00:00,8519.681,RX,peer_observation,000109EF,1,7,01 00 00 0F 03 EF 09
2026-09-28T15:22:34.597+00:00,8519.779,RX,peer_observation,001109EF,1,5,01 00 00 EF 09
2026-09-28T15:22:34.602+00:00,8524.596,RX,peer_observation,00014110,1,7,01 00 00 0F 03 10 41
2026-09-28T15:22:34.602+00:00,8524.677,RX,peer_observation,00114110,1,5,01 00 00 10 41
2026-09-28T15:22:34.607+00:00,8529.436,RX,peer_observation,000179E6,1,7,01 00 00 0F 03 E6 79
2026-09-28T15:22:34.607+00:00,8529.738,RX,peer_observation,001179E6,1,5,01 00 00 E6 79
2026-09-28T15:22:34.612+00:00,8534.434,RX,peer_observation,0001B0A4,1,7,01 00 00 0F 03 A4 B0
2026-09-28T15:22:34.612+00:00,8534.729,RX,peer_observation,0011B0A4,1,5,01 00 00 A4 B0
2026-09-28T15:22:34.617+00:00,8539.369,RX,peer_observation,0001CC29,1,7,01 00 00 0F 03 29 CC
2026-09-28T15:22:34.617+00:00,8539.703,RX,peer_observation,0011CC29,1,5,01 00 00 29 CC
2026-09-28T15:22:34.622+00:00,8544.400,RX,peer_observation,00014B51,1,7,01 00 00 0F 03 51 4B
2026-09-28T15:22:34.622+00:00,8544.721,RX,peer_observation,00114B51,1,5,01 00 00 51 4B
2026-09-28T15:22:34.627+00:00,8549.372,RX,peer_observation,000112CD,1,7,01 00 00 0F 03 CD 12
2026-09-28T15:22:34.627+00:00,8549.724,RX,peer_observation,001112CD,1,5,01 00 00 CD 12
2026-09-28T15:22:34.632+00:00,8554.341,RX,peer_observation,0001ACED,1,7,01 00 00 0F 03 ED AC
2026-09-28T15:22:34.632+00:00,8554.710,RX,peer_observation,0011ACED,1,5,01 00 00 ED AC
2026-09-28T15:22:34.637+00:00,8559.387,RX,peer_observation,0001A773,1,7,01 00 00 0F 03 73 A7
2026-09-28T15:22:34.637+00:00,8559.659,RX,peer_observation,0011A773,1,5,01 00 00 73 A7
2026-09-28T15:22:34.642+00:00,8564.563,RX,peer_observation,0001C1BE,1,7,01 00 00 0F 03 BE C1
2026-09-28T15:22:34.642+00:00,8564.640,RX,peer_observation,0011C1BE,1,5,01 00 00 BE C1
2026-09-28T15:22:34.647+00:00,8569.507,RX,peer_observation,0001BD7C,1,7,01 00 00 0F 03 7C BD
2026-09-28T15:22:34.647+00:00,8569.713,RX,peer_observation,0011BD7C,1,5,01 00 00 7C BD
2026-09-28T15:22:34.652+00:00,8574.515,RX,peer_observation,0001C208,1,7,01 00 00 0F 03 08 C2
2026-09-28T15:22:34.653+00:00,8574.804,RX,peer_observation,0011C208,1,5,01 00 00 08 C2
2026-09-28T15:22:34.657+00:00,8579.385,RX,peer_observation,000149B3,1,7,01 00 00 0F 03 B3 49
2026-09-28T15:22:34.657+00:00,8579.706,RX,peer_observation,001149B3,1,5,01 00 00 B3 49
2026-09-28T15:22:34.662+00:00,8584.542,RX,peer_observation,00017058,1,7,01 00 00 0F 03 58 70
2026-09-28T15:22:34.662+00:00,8584.655,RX,peer_observation,00117058,1,5,01 00 00 58 70
2026-09-28T15:22:34.667+00:00,8589.463,RX,peer_observation,0001CF8B,1,7,01 00 00 0F 03 8B CF
2026-09-28T15:22:34.667+00:00,8589.555,RX,peer_observation,0011CF8B,1,5,01 00 00 8B CF
2026-09-28T15:22:34.672+00:00,8594.563,RX,peer_observation,0001004C,1,7,01 00 00 0F 03 4C 00
2026-09-28T15:22:34.672+00:00,8594.640,RX,peer_observation,0011004C,1,5,01 00 00 4C 00
2026-09-28T15:22:34.677+00:00,8599.478,RX,peer_observation,0001079B,1,7,01 00 00 0F 03 9B 07
2026-09-28T15:22:34.677+00:00,8599.717,RX,peer_observation,0011079B,1,5,01 00 00 9B 07
2026-09-28T15:22:34.682+00:00,8604.555,RX,peer_observation,00016630,1,7,01 00 00 0F 03 30 66
2026-09-28T15:22:34.682+00:00,8604.631,RX,peer_observation,00116630,1,5,01 00 00 30 66
2026-09-28T15:22:34.687+00:00,8609.405,RX,peer_observation,0001C101,1,7,01 00 00 0F 03 01 C1
2026-09-28T15:22:34.687+00:00,8609.723,RX,peer_observation,0011C101,1,5,01 00 00 01 C1
2026-09-28T15:22:34.692+00:00,8614.480,RX,peer_observation,000188A4,1,7,01 00 00 0F 03 A4 88
2026-09-28T15:22:34.692+00:00,8614.633,RX,peer_observation,001188A4,1,5,01 00 00 A4 88
2026-09-28T15:22:34.697+00:00,8619.566,RX,peer_observation,0001BADA,1,7,01 00 00 0F 03 DA BA
2026-09-28T15:22:34.697+00:00,8619.644,RX,peer_observation,0011BADA,1,5,01 00 00 DA BA
2026-09-28T15:22:34.702+00:00,8624.682,RX,peer_observation,00014028,1,7,01 00 00 0F 03 28 40
2026-09-28T15:22:34.702+00:00,8624.740,RX,peer_observation,00114028,1,5,01 00 00 28 40
2026-09-28T15:22:34.707+00:00,8629.384,RX,peer_observation,0001E4E7,1,7,01 00 00 0F 03 E7 E4
2026-09-28T15:22:34.707+00:00,8629.626,RX,peer_observation,0011E4E7,1,5,01 00 00 E7 E4
2026-09-28T15:22:34.712+00:00,8634.628,RX,peer_observation,0001593B,1,7,01 00 00 0F 03 3B 59
2026-09-28T15:22:34.712+00:00,8634.708,RX,peer_observation,0011593B,1,5,01 00 00 3B 59
2026-09-28T15:22:34.717+00:00,8639.493,RX,peer_observation,0001FA17,1,7,01 00 00 0F 03 17 FA
2026-09-28T15:22:34.717+00:00,8639.646,RX,peer_observation,0011FA17,1,5,01 00 00 17 FA
2026-09-28T15:22:34.722+00:00,8644.596,RX,peer_observation,0001947A,1,7,01 00 00 0F 03 7A 94
2026-09-28T15:22:34.722+00:00,8644.697,RX,peer_observation,0011947A,1,5,01 00 00 7A 94
2026-09-28T15:22:34.727+00:00,8649.555,RX,peer_observation,0001CD9A,1,7,01 00 00 0F 03 9A CD
2026-09-28T15:22:34.727+00:00,8649.668,RX,peer_observation,0011CD9A,1,5,01 00 00 9A CD
2026-09-28T15:22:34.732+00:00,8654.619,RX,peer_observation,00011CDB,1,7,01 00 00 0F 03 DB 1C
2026-09-28T15:22:34.732+00:00,8654.780,RX,peer_observation,00111CDB,1,5,01 00 00 DB 1C
2026-09-28T15:22:34.737+00:00,8659.626,RX,peer_observation,00010E9E,1,7,01 00 00 0F 03 9E 0E
2026-09-28T15:22:34.737+00:00,8659.754,RX,peer_observation,00110E9E,1,5,01 00 00 9E 0E
2026-09-28T15:22:34.742+00:00,8664.579,RX,peer_observation,000122FB,1,7,01 00 00 0F 03 FB 22
2026-09-28T15:22:34.742+00:00,8664.636,RX,peer_observation,001122FB,1,5,01 00 00 FB 22
2026-09-28T15:22:34.747+00:00,8669.386,RX,peer_observation,0001FCE3,1,7,01 00 00 0F 03 E3 FC
2026-09-28T15:22:34.747+00:00,8669.704,RX,peer_observation,0011FCE3,1,5,01 00 00 E3 FC
2026-09-28T15:22:34.752+00:00,8674.386,RX,peer_observation,00010115,1,7,01 00 00 0F 03 15 01
2026-09-28T15:22:34.752+00:00,8674.632,RX,peer_observation,00110115,1,5,01 00 00 15 01
2026-09-28T15:22:34.757+00:00,8679.449,RX,peer_observation,000107D7,1,7,01 00 00 0F 03 D7 07
2026-09-28T15:22:34.757+00:00,8679.748,RX,peer_observation,001107D7,1,5,01 00 00 D7 07
2026-09-28T15:22:34.762+00:00,8684.543,RX,peer_observation,00012A1E,1,7,01 00 00 0F 03 1E 2A
2026-09-28T15:22:34.762+00:00,8684.766,RX,peer_observation,00112A1E,1,5,01 00 00 1E 2A
2026-09-28T15:22:34.767+00:00,8689.380,RX,peer_observation,000163C8,1,7,01 00 00 0F 03 C8 63
2026-09-28T15:22:34.767+00:00,8689.627,RX,peer_observation,001163C8,1,5,01 00 00 C8 63
2026-09-28T15:22:34.772+00:00,8694.555,RX,peer_observation,00018720,1,7,01 00 00 0F 03 20 87
2026-09-28T15:22:34.772+00:00,8694.612,RX,peer_observation,00118720,1,5,01 00 00 20 87
2026-09-28T15:22:34.777+00:00,8699.379,RX,peer_observation,0001D47A,1,7,01 00 00 0F 03 7A D4
2026-09-28T15:22:34.777+00:00,8699.640,RX,peer_observation,0011D47A,1,5,01 00 00 7A D4
2026-09-28T15:22:34.782+00:00,8704.563,RX,peer_observation,0001D8BA,1,7,01 00 00 0F 03 BA D8
2026-09-28T15:22:34.782+00:00,8704.620,RX,peer_observation,0011D8BA,1,5,01 00 00 BA D8
2026-09-28T15:22:34.787+00:00,8709.519,RX,peer_observation,0001EE1F,1,7,01 00 00 0F 03 1F EE
2026-09-28T15:22:34.787+00:00,8709.616,RX,peer_observation,0011EE1F,1,5,01 00 00 1F EE
2026-09-28T15:22:34.792+00:00,8714.589,RX,peer_observation,00013F81,1,7,01 00 00 0F 03 81 3F
2026-09-28T15:22:34.792+00:00,8714.710,RX,peer_observation,00113F81,1,5,01 00 00 81 3F
2026-09-28T15:22:34.797+00:00,8719.592,RX,peer_observation,00015983,1,7,01 00 00 0F 03 83 59
2026-09-28T15:22:34.797+00:00,8719.673,RX,peer_observation,00115983,1,5,01 00 00 83 59
2026-09-28T15:22:34.802+00:00,8724.587,RX,peer_observation,0001708C,1,7,01 00 00 0F 03 8C 70
2026-09-28T15:22:34.802+00:00,8724.707,RX,peer_observation,0011708C,1,5,01 00 00 8C 70
2026-09-28T15:22:34.807+00:00,8729.387,RX,peer_observation,000125E7,1,7,01 00 00 0F 03 E7 25
2026-09-28T15:22:34.807+00:00,8729.730,RX,peer_observation,001125E7,1,5,01 00 00 E7 25
2026-09-28T15:22:34.812+00:00,8734.636,RX,peer_observation,0001B06E,1,7,01 00 00 0F 03 6E B0
2026-09-28T15:22:34.812+00:00,8734.730,RX,peer_observation,0011B06E,1,5,01 00 00 6E B0
2026-09-28T15:22:34.817+00:00,8739.590,RX,peer_observation,000162E5,1,7,01 00 00 0F 03 E5 62
2026-09-28T15:22:34.817+00:00,8739.672,RX,peer_observation,001162E5,1,5,01 00 00 E5 62
2026-09-28T15:22:34.822+00:00,8744.589,RX,peer_observation,0001B57A,1,7,01 00 00 0F 03 7A B5
2026-09-28T15:22:34.822+00:00,8744.777,RX,peer_observation,0011B57A,1,5,01 00 00 7A B5
2026-09-28T15:22:34.827+00:00,8749.337,RX,peer_observation,0001B655,1,7,01 00 00 0F 03 55 B6
2026-09-28T15:22:34.827+00:00,8749.610,RX,peer_observation,0011B655,1,5,01 00 00 55 B6
2026-09-28T15:22:34.832+00:00,8754.557,RX,peer_observation,000132F2,1,7,01 00 00 0F 03 F2 32
2026-09-28T15:22:34.832+00:00,8754.713,RX,peer_observation,001132F2,1,5,01 00 00 F2 32
2026-09-28T15:22:34.837+00:00,8759.381,RX,peer_observation,0001D200,1,7,01 00 00 0F 03 00 D2
2026-09-28T15:22:34.837+00:00,8759.744,RX,peer_observation,0011D200,1,5,01 00 00 00 D2
2026-09-28T15:22:34.842+00:00,8764.338,RX,peer_observation,0001259C,1,7,01 00 00 0F 03 9C 25
2026-09-28T15:22:34.842+00:00,8764.572,RX,peer_observation,0011259C,1,5,01 00 00 9C 25
2026-09-28T15:22:34.847+00:00,8769.416,RX,peer_observation,0001FAAF,1,7,01 00 00 0F 03 AF FA
2026-09-28T15:22:34.847+00:00,8769.661,RX,peer_observation,0011FAAF,1,5,01 00 00 AF FA
2026-09-28T15:22:34.852+00:00,8774.557,RX,peer_observation,000192D0,1,7,01 00 00 0F 03 D0 92
2026-09-28T15:22:34.852+00:00,8774.611,RX,peer_observation,001192D0,1,5,01 00 00 D0 92
2026-09-28T15:22:34.857+00:00,8779.401,RX,peer_observation,0001A5D4,1,7,01 00 00 0F 03 D4 A5
2026-09-28T15:22:34.857+00:00,8779.648,RX,peer_observation,0011A5D4,1,5,01 00 00 D4 A5
2026-09-28T15:22:34.862+00:00,8784.553,RX,peer_observation,000161FB,1,7,01 00 00 0F 03 FB 61
2026-09-28T15:22:34.862+00:00,8784.610,RX,peer_observation,001161FB,1,5,01 00 00 FB 61
2026-09-28T15:22:34.867+00:00,8789.382,RX,peer_observation,00018CDC,1,7,01 00 00 0F 03 DC 8C
2026-09-28T15:22:34.867+00:00,8789.627,RX,peer_observation,00118CDC,1,5,01 00 00 DC 8C
2026-09-28T15:22:34.872+00:00,8794.429,RX,peer_observation,00010928,1,7,01 00 00 0F 03 28 09
2026-09-28T15:22:34.872+00:00,8794.665,RX,peer_observation,00110928,1,5,01 00 00 28 09
2026-09-28T15:22:34.877+00:00,8799.438,RX,peer_observation,000100F2,1,7,01 00 00 0F 03 F2 00
2026-09-28T15:22:34.877+00:00,8799.564,RX,peer_observation,001100F2,1,5,01 00 00 F2 00
2026-09-28T15:22:34.882+00:00,8804.382,RX,peer_observation,00016C16,1,7,01 00 00 0F 03 16 6C
2026-09-28T15:22:34.882+00:00,8804.624,RX,peer_observation,00116C16,1,5,01 00 00 16 6C
2026-09-28T15:22:34.887+00:00,8809.428,RX,peer_observation,0001EBB6,1,7,01 00 00 0F 03 B6 EB
2026-09-28T15:22:34.887+00:00,8809.534,RX,peer_observation,0011EBB6,1,5,01 00 00 B6 EB
2026-09-28T15:22:34.892+00:00,8814.451,RX,peer_observation,0001F9DB,1,7,01 00 00 0F 03 DB F9
2026-09-28T15:22:34.892+00:00,8814.558,RX,peer_observation,0011F9DB,1,5,01 00 00 DB F9
2026-09-28T15:22:34.897+00:00,8819.349,RX,peer_observation,00014936,1,7,01 00 00 0F 03 36 49
2026-09-28T15:22:34.897+00:00,8819.616,RX,peer_observation,00114936,1,5,01 00 00 36 49
2026-09-28T15:22:34.902+00:00,8824.547,RX,peer_observation,00010028,1,7,01 00 00 0F 03 28 00
2026-09-28T15:22:34.902+00:00,8824.633,RX,peer_observation,00110028,1,5,01 00 00 28 00
2026-09-28T15:22:34.907+00:00,8829.363,RX,peer_observation,0001D926,1,7,01 00 00 0F 03 26 D9
2026-09-28T15:22:34.907+00:00,8829.607,RX,peer_observation,0011D926,1,5,01 00 00 26 D9
2026-09-28T15:22:34.912+00:00,8834.385,RX,peer_observation,0001C7AE,1,7,01 00 00 0F 03 AE C7
2026-09-28T15:22:34.912+00:00,8834.687,RX,peer_observation,0011C7AE,1,5,01 00 00 AE C7
2026-09-28T15:22:34.917+00:00,8839.418,RX,peer_observation,00012935,1,7,01 00 00 0F 03 35 29
2026-09-28T15:22:34.917+00:00,8839.567,RX,peer_observation,00112935,1,5,01 00 00 35 29
2026-09-28T15:22:34.922+00:00,8844.460,RX,peer_observation,0001E42A,1,7,01 00 00 0F 03 2A E4
2026-09-28T15:22:34.922+00:00,8844.550,RX,peer_observation,0011E42A,1,5,01 00 00 2A E4
2026-09-28T15:22:34.927+00:00,8849.363,RX,peer_observation,00012FED,1,7,01 00 00 0F 03 ED 2F
2026-09-28T15:22:34.927+00:00,8849.601,RX,peer_observation,00112FED,1,5,01 00 00 ED 2F
2026-09-28T15:22:34.932+00:00,8854.428,RX,peer_observation,0001AB2F,1,7,01 00 00 0F 03 2F AB
2026-09-28T15:22:34.932+00:00,8854.670,RX,peer_observation,0011AB2F,1,5,01 00 00 2F AB
2026-09-28T15:22:34.937+00:00,8859.381,RX,peer_observation,0001AB76,1,7,01 00 00 0F 03 76 AB
2026-09-28T15:22:34.937+00:00,8859.662,RX,peer_observation,0011AB76,1,5,01 00 00 76 AB
2026-09-28T15:22:34.942+00:00,8864.355,RX,peer_observation,00012F99,1,7,01 00 00 0F 03 99 2F
2026-09-28T15:22:34.942+00:00,8864.602,RX,peer_observation,00112F99,1,5,01 00 00 99 2F
2026-09-28T15:22:34.947+00:00,8869.380,RX,peer_observation,00012D41,1,7,01 00 00 0F 03 41 2D
2026-09-28T15:22:34.947+00:00,8869.620,RX,peer_observation,00112D41,1,5,01 00 00 41 2D
2026-09-28T15:22:34.952+00:00,8874.388,RX,peer_observation,0001705A,1,7,01 00 00 0F 03 5A 70
2026-09-28T15:22:34.952+00:00,8874.632,RX,peer_observation,0011705A,1,5,01 00 00 5A 70
2026-09-28T15:22:34.957+00:00,8879.396,RX,peer_observation,00013F62,1,7,01 00 00 0F 03 62 3F
2026-09-28T15:22:34.957+00:00,8879.651,RX,peer_observation,00113F62,1,5,01 00 00 62 3F
2026-09-28T15:22:34.962+00:00,8884.326,RX,peer_observation,00019BF8,1,7,01 00 00 0F 03 F8 9B
2026-09-28T15:22:34.962+00:00,8884.564,RX,peer_observation,00119BF8,1,5,01 00 00 F8 9B
2026-09-28T15:22:34.967+00:00,8889.340,RX,peer_observation,00013A1F,1,7,01 00 00 0F 03 1F 3A
2026-09-28T15:22:34.967+00:00,8889.561,RX,peer_observation,00113A1F,1,5,01 00 00 1F 3A
2026-09-28T15:22:34.972+00:00,8894.442,RX,peer_observation,00015EFA,1,7,01 00 00 0F 03 FA 5E
2026-09-28T15:22:34.972+00:00,8894.548,RX,peer_observation,00115EFA,1,5,01 00 00 FA 5E
2026-09-28T15:22:34.977+00:00,8899.376,RX,peer_observation,0001CFFC,1,7,01 00 00 0F 03 FC CF
2026-09-28T15:22:34.977+00:00,8899.617,RX,peer_observation,0011CFFC,1,5,01 00 00 FC CF
2026-09-28T15:22:34.982+00:00,8904.443,RX,peer_observation,0001E214,1,7,01 00 00 0F 03 14 E2
2026-09-28T15:22:34.982+00:00,8904.538,RX,peer_observation,0011E214,1,5,01 00 00 14 E2
2026-09-28T15:22:34.987+00:00,8909.523,RX,peer_observation,00014C5A,1,7,01 00 00 0F 03 5A 4C
2026-09-28T15:22:34.987+00:00,8909.580,RX,peer_observation,00114C5A,1,5,01 00 00 5A 4C
2026-09-28T15:22:34.992+00:00,8914.542,RX,peer_observation,0001F1D0,1,7,01 00 00 0F 03 D0 F1
2026-09-28T15:22:34.992+00:00,8914.599,RX,peer_observation,0011F1D0,1,5,01 00 00 D0 F1
2026-09-28T15:22:34.997+00:00,8919.497,RX,peer_observation,0001D451,1,7,01 00 00 0F 03 51 D4
2026-09-28T15:22:34.997+00:00,8919.576,RX,peer_observation,0011D451,1,5,01 00 00 51 D4
2026-09-28T15:22:35.002+00:00,8924.552,RX,peer_observation,0001000A,1,7,01 00 00 0F 03 0A 00
2026-09-28T15:22:35.002+00:00,8924.643,RX,peer_observation,0011000A,1,5,01 00 00 0A 00
2026-09-28T15:22:35.007+00:00,8929.352,RX,peer_observation,0001A775,1,7,01 00 00 0F 03 75 A7
2026-09-28T15:22:35.007+00:00,8929.620,RX,peer_observation,0011A775,1,5,01 00 00 75 A7
2026-09-28T15:22:35.012+00:00,8934.542,RX,peer_observation,0001BC75,1,7,01 00 00 0F 03 75 BC
2026-09-28T15:22:35.012+00:00,8934.599,RX,peer_observation,0011BC75,1,5,01 00 00 75 BC
2026-09-28T15:22:35.017+00:00,8939.500,RX,peer_observation,000169AD,1,7,01 00 00 0F 03 AD 69
2026-09-28T15:22:35.017+00:00,8939.578,RX,peer_observation,001169AD,1,5,01 00 00 AD 69
2026-09-28T15:22:35.022+00:00,8944.545,RX,peer_observation,00019008,1,7,01 00 00 0F 03 08 90
2026-09-28T15:22:35.022+00:00,8944.601,RX,peer_observation,00119008,1,5,01 00 00 08 90
2026-09-28T15:22:35.027+00:00,8949.480,RX,peer_observation,00013135,1,7,01 00 00 0F 03 35 31
2026-09-28T15:22:35.027+00:00,8949.556,RX,peer_observation,00113135,1,5,01 00 00 35 31
2026-09-28T15:22:35.032+00:00,8954.448,RX,peer_observation,00012FFF,1,7,01 00 00 0F 03 FF 2F
2026-09-28T15:22:35.032+00:00,8954.536,RX,peer_observation,00112FFF,1,5,01 00 00 FF 2F
2026-09-28T15:22:35.037+00:00,8959.584,RX,peer_observation,00014B91,1,7,01 00 00 0F 03 91 4B
2026-09-28T15:22:35.037+00:00,8959.660,RX,peer_observation,00114B91,1,5,01 00 00 91 4B
2026-09-28T15:22:35.042+00:00,8964.447,RX,peer_observation,00010FD5,1,7,01 00 00 0F 03 D5 0F
2026-09-28T15:22:35.042+00:00,8964.606,RX,peer_observation,00110FD5,1,5,01 00 00 D5 0F
2026-09-28T15:22:35.047+00:00,8969.372,RX,peer_observation,00013DF4,1,7,01 00 00 0F 03 F4 3D
2026-09-28T15:22:35.047+00:00,8969.689,RX,peer_observation,00113DF4,1,5,01 00 00 F4 3D
2026-09-28T15:22:35.052+00:00,8974.597,RX,peer_observation,00015E64,1,7,01 00 00 0F 03 64 5E
2026-09-28T15:22:35.052+00:00,8974.695,RX,peer_observation,00115E64,1,5,01 00 00 64 5E
2026-09-28T15:22:35.057+00:00,8979.434,RX,peer_observation,0001ED66,1,7,01 00 00 0F 03 66 ED
2026-09-28T15:22:35.057+00:00,8979.658,RX,peer_observation,0011ED66,1,5,01 00 00 66 ED
2026-09-28T15:22:35.062+00:00,8984.607,RX,peer_observation,00012111,1,7,01 00 00 0F 03 11 21
2026-09-28T15:22:35.062+00:00,8984.716,RX,peer_observation,00112111,1,5,01 00 00 11 21
2026-09-28T15:22:35.067+00:00,8989.477,RX,peer_observation,0001F4B6,1,7,01 00 00 0F 03 B6 F4
2026-09-28T15:22:35.067+00:00,8989.572,RX,peer_observation,0011F4B6,1,5,01 00 00 B6 F4
2026-09-28T15:22:35.072+00:00,8994.592,RX,peer_observation,0001E8A1,1,7,01 00 00 0F 03 A1 E8
2026-09-28T15:22:35.072+00:00,8994.685,RX,peer_observation,0011E8A1,1,5,01 00 00 A1 E8
2026-09-28T15:22:35.077+00:00,8999.565,RX,peer_observation,000199F1,1,7,01 00 00 0F 03 F1 99
2026-09-28T15:22:35.077+00:00,8999.647,RX,peer_observation,001199F1,1,5,01 00 00 F1 99
2026-09-28T15:22:35.079+00:00,9001.510,TX,peer_00002_short,0012C82D,1,5,01 00 00 2D C8
2026-09-28T15:22:35.082+00:00,9004.334,RX,peer_observation,00010E3B,1,7,01 00 00 0F 03 3B 0E
2026-09-28T15:22:35.082+00:00,9004.730,RX,peer_observation,00110E3B,1,5,01 00 00 3B 0E
2026-09-28T15:22:35.087+00:00,9009.543,RX,peer_observation,0001FEFD,1,7,01 00 00 0F 03 FD FE
2026-09-28T15:22:35.087+00:00,9009.600,RX,peer_observation,0011FEFD,1,5,01 00 00 FD FE
2026-09-28T15:22:35.089+00:00,9011.485,RX,peer_observation,103C0401,1,4,00 00 00 01
2026-09-28T15:22:35.089+00:00,9011.674,RX,peer_observation,103C0481,1,8,00 00 00 00 00 10 62 14
2026-09-28T15:22:35.092+00:00,9014.434,RX,peer_observation,0001C39A,1,7,01 00 00 0F 03 9A C3
2026-09-28T15:22:35.092+00:00,9014.530,RX,peer_observation,0011C39A,1,5,01 00 00 9A C3
2026-09-28T15:22:35.094+00:00,9016.459,RX,peer_observation,103C0401,1,4,00 00 00 01
2026-09-28T15:22:35.094+00:00,9016.667,RX,peer_observation,103C0481,1,8,00 00 00 00 00 10 63 14
2026-09-28T15:22:35.097+00:00,9019.539,RX,peer_observation,00016885,1,7,01 00 00 0F 03 85 68
2026-09-28T15:22:35.097+00:00,9019.662,RX,peer_observation,00116885,1,5,01 00 00 85 68
2026-09-28T15:22:35.099+00:00,9021.507,RX,peer_observation,103C0401,1,4,00 00 00 01
2026-09-28T15:22:35.099+00:00,9021.718,RX,peer_observation,103C0481,1,8,00 00 00 00 00 10 63 14
2026-09-28T15:22:35.102+00:00,9024.560,RX,peer_observation,0001E477,1,7,01 00 00 0F 03 77 E4
2026-09-28T15:22:35.102+00:00,9024.648,RX,peer_observation,0011E477,1,5,01 00 00 77 E4
2026-09-28T15:22:35.104+00:00,9026.516,RX,peer_observation,103C0401,1,4,00 00 00 01
2026-09-28T15:22:35.104+00:00,9026.743,RX,peer_observation,103C0481,1,8,00 00 00 00 00 10 62 14
2026-09-28T15:22:35.107+00:00,9029.431,RX,peer_observation,0001F45B,1,7,01 00 00 0F 03 5B F4
2026-09-28T15:22:35.107+00:00,9029.593,RX,peer_observation,0011F45B,1,5,01 00 00 5B F4
2026-09-28T15:22:35.109+00:00,9031.512,RX,peer_observation,103C0401,1,4,00 00 00 01
2026-09-28T15:22:35.109+00:00,9031.719,RX,peer_observation,103C0481,1,8,00 00 00 00 00 10 62 14
2026-09-28T15:22:35.112+00:00,9034.569,RX,peer_observation,0001EFBF,1,7,01 00 00 0F 03 BF EF
2026-09-28T15:22:35.112+00:00,9034.663,RX,peer_observation,0011EFBF,1,5,01 00 00 BF EF
2026-09-28T15:22:35.114+00:00,9036.541,RX,peer_observation,103C0401,1,4,00 00 00 01
2026-09-28T15:22:35.114+00:00,9036.739,RX,peer_observation,103C0481,1,8,00 00 00 00 00 10 62 14
2026-09-28T15:22:35.117+00:00,9039.491,RX,peer_observation,000173FB,1,7,01 00 00 0F 03 FB 73
2026-09-28T15:22:35.117+00:00,9039.575,RX,peer_observation,001173FB,1,5,01 00 00 FB 73
2026-09-28T15:22:35.119+00:00,9041.456,RX,peer_observation,103C0401,1,4,00 00 00 01
2026-09-28T15:22:35.119+00:00,9041.639,RX,peer_observation,103C0481,1,8,00 00 00 00 00 10 63 14
2026-09-28T15:22:35.122+00:00,9044.661,RX,peer_observation,0001DA0C,1,7,01 00 00 0F 03 0C DA
2026-09-28T15:22:35.122+00:00,9044.727,RX,peer_observation,0011DA0C,1,5,01 00 00 0C DA
2026-09-28T15:22:35.124+00:00,9046.521,RX,peer_observation,103C0401,1,4,00 00 00 01
2026-09-28T15:22:35.125+00:00,9046.874,RX,peer_observation,103C0481,1,8,00 00 00 00 00 10 62 14
2026-09-28T15:22:35.127+00:00,9049.476,RX,peer_observation,000115CB,1,7,01 00 00 0F 03 CB 15
2026-09-28T15:22:35.127+00:00,9049.605,RX,peer_observation,001115CB,1,5,01 00 00 CB 15
2026-09-28T15:22:35.129+00:00,9051.344,RX,peer_observation,103C0401,1,4,00 00 00 01
2026-09-28T15:22:35.129+00:00,9051.571,RX,peer_observation,103C0481,1,8,00 00 00 00 00 10 62 14
2026-09-28T15:22:35.132+00:00,9054.492,RX,peer_observation,00016773,1,7,01 00 00 0F 03 73 67
2026-09-28T15:22:35.132+00:00,9054.611,RX,peer_observation,00116773,1,5,01 00 00 73 67
2026-09-28T15:22:35.134+00:00,9056.345,RX,peer_observation,103C0401,1,4,00 00 00 01
2026-09-28T15:22:35.134+00:00,9056.562,RX,peer_observation,103C0481,1,8,00 00 00 00 00 10 62 14
2026-09-28T15:22:35.137+00:00,9059.351,RX,peer_observation,0001AF61,1,7,01 00 00 0F 03 61 AF
2026-09-28T15:22:35.137+00:00,9059.594,RX,peer_observation,0011AF61,1,5,01 00 00 61 AF
2026-09-28T15:22:35.139+00:00,9061.511,RX,peer_observation,103C0401,1,4,00 00 00 01
2026-09-28T15:22:35.140+00:00,9061.822,RX,peer_observation,103C0481,1,8,00 00 00 00 00 10 63 14
2026-09-28T15:22:35.142+00:00,9064.489,RX,peer_observation,000199AE,1,7,01 00 00 0F 03 AE 99
2026-09-28T15:22:35.142+00:00,9064.604,RX,peer_observation,001199AE,1,5,01 00 00 AE 99
2026-09-28T15:22:35.144+00:00,9066.403,RX,peer_observation,103C0401,1,4,00 00 00 01
2026-09-28T15:22:35.144+00:00,9066.657,RX,peer_observation,103C0481,1,8,00 00 00 00 00 10 62 14
2026-09-28T15:22:35.147+00:00,9069.381,RX,peer_observation,0001B4C0,1,7,01 00 00 0F 03 C0 B4
2026-09-28T15:22:35.147+00:00,9069.710,RX,peer_observation,0011B4C0,1,5,01 00 00 C0 B4
2026-09-28T15:22:35.149+00:00,9071.508,RX,peer_observation,103C0401,1,4,00 00 00 01
2026-09-28T15:22:35.150+00:00,9071.811,RX,peer_observation,103C0481,1,8,00 00 00 00 00 10 62 14
2026-09-28T15:22:35.152+00:00,9074.523,RX,peer_observation,0001E02C,1,7,01 00 00 0F 03 2C E0
2026-09-28T15:22:35.152+00:00,9074.580,RX,peer_observation,0011E02C,1,5,01 00 00 2C E0
2026-09-28T15:22:35.154+00:00,9076.502,RX,peer_observation,103C0401,1,4,00 00 00 01
2026-09-28T15:22:35.154+00:00,9076.667,RX,peer_observation,103C0481,1,8,00 00 00 00 00 10 62 14
2026-09-28T15:22:35.157+00:00,9079.443,RX,peer_observation,00013473,1,7,01 00 00 0F 03 73 34
2026-09-28T15:22:35.157+00:00,9079.558,RX,peer_observation,00113473,1,5,01 00 00 73 34
2026-09-28T15:22:35.159+00:00,9081.328,RX,peer_observation,103C0401,1,4,00 00 00 01
2026-09-28T15:22:35.159+00:00,9081.573,RX,peer_observation,103C0481,1,8,00 00 00 00 00 10 62 14
2026-09-28T15:22:35.162+00:00,9084.410,RX,peer_observation,0001A280,1,7,01 00 00 0F 03 80 A2
2026-09-28T15:22:35.162+00:00,9084.749,RX,peer_observation,0011A280,1,5,01 00 00 80 A2
2026-09-28T15:22:35.164+00:00,9086.488,RX,peer_observation,103C0401,1,4,00 00 00 01
2026-09-28T15:22:35.164+00:00,9086.680,RX,peer_observation,103C0481,1,8,00 00 00 00 00 10 62 14
2026-09-28T15:22:35.167+00:00,9089.518,RX,peer_observation,0001E1F9,1,7,01 00 00 0F 03 F9 E1
2026-09-28T15:22:35.167+00:00,9089.575,RX,peer_observation,0011E1F9,1,5,01 00 00 F9 E1
2026-09-28T15:22:35.169+00:00,9091.522,RX,peer_observation,103C0401,1,4,00 00 00 01
2026-09-28T15:22:35.169+00:00,9091.704,RX,peer_observation,103C0481,1,8,00 00 00 00 00 10 62 14
2026-09-28T15:22:35.172+00:00,9094.523,RX,peer_observation,0001AA59,1,7,01 00 00 0F 03 59 AA
2026-09-28T15:22:35.172+00:00,9094.582,RX,peer_observation,0011AA59,1,5,01 00 00 59 AA
2026-09-28T15:22:35.177+00:00,9099.546,RX,peer_observation,00012FCD,1,7,01 00 00 0F 03 CD 2F
2026-09-28T15:22:35.177+00:00,9099.725,RX,peer_observation,00112FCD,1,5,01 00 00 CD 2F
2026-09-28T15:22:35.182+00:00,9104.344,RX,peer_observation,000174D7,1,7,01 00 00 0F 03 D7 74
2026-09-28T15:22:35.182+00:00,9104.570,RX,peer_observation,001174D7,1,5,01 00 00 D7 74
2026-09-28T15:22:35.187+00:00,9109.543,RX,peer_observation,0001E41A,1,7,01 00 00 0F 03 1A E4
2026-09-28T15:22:35.187+00:00,9109.639,RX,peer_observation,0011E41A,1,5,01 00 00 1A E4
2026-09-28T15:22:35.192+00:00,9114.508,RX,peer_observation,00016406,1,7,01 00 00 0F 03 06 64
2026-09-28T15:22:35.192+00:00,9114.566,RX,peer_observation,00116406,1,5,01 00 00 06 64
2026-09-28T15:22:35.197+00:00,9119.543,RX,peer_observation,0001F2DD,1,7,01 00 00 0F 03 DD F2
2026-09-28T15:22:35.197+00:00,9119.623,RX,peer_observation,0011F2DD,1,5,01 00 00 DD F2
2026-09-28T15:22:35.202+00:00,9124.510,RX,peer_observation,000113BF,1,7,01 00 00 0F 03 BF 13
2026-09-28T15:22:35.202+00:00,9124.568,RX,peer_observation,001113BF,1,5,01 00 00 BF 13
2026-09-28T15:22:35.207+00:00,9129.363,RX,peer_observation,0001E9FA,1,7,01 00 00 0F 03 FA E9
2026-09-28T15:22:35.207+00:00,9129.554,RX,peer_observation,0011E9FA,1,5,01 00 00 FA E9
2026-09-28T15:22:35.212+00:00,9134.550,RX,peer_observation,0001EA3F,1,7,01 00 00 0F 03 3F EA
2026-09-28T15:22:35.212+00:00,9134.639,RX,peer_observation,0011EA3F,1,5,01 00 00 3F EA
2026-09-28T15:22:35.217+00:00,9139.593,RX,peer_observation,00011799,1,7,01 00 00 0F 03 99 17
2026-09-28T15:22:35.217+00:00,9139.684,RX,peer_observation,00111799,1,5,01 00 00 99 17
2026-09-28T15:22:35.222+00:00,9144.561,RX,peer_observation,00011F3E,1,7,01 00 00 0F 03 3E 1F
2026-09-28T15:22:35.222+00:00,9144.659,RX,peer_observation,00111F3E,1,5,01 00 00 3E 1F
2026-09-28T15:22:35.227+00:00,9149.605,RX,peer_observation,000170BC,1,7,01 00 00 0F 03 BC 70
2026-09-28T15:22:35.227+00:00,9149.695,RX,peer_observation,001170BC,1,5,01 00 00 BC 70
2026-09-28T15:22:35.232+00:00,9154.578,RX,peer_observation,00010938,1,7,01 00 00 0F 03 38 09
2026-09-28T15:22:35.232+00:00,9154.670,RX,peer_observation,00110938,1,5,01 00 00 38 09
2026-09-28T15:22:35.237+00:00,9159.414,RX,peer_observation,00016DF4,1,7,01 00 00 0F 03 F4 6D
2026-09-28T15:22:35.237+00:00,9159.558,RX,peer_observation,00116DF4,1,5,01 00 00 F4 6D
2026-09-28T15:22:35.242+00:00,9164.490,RX,peer_observation,00014B5A,1,7,01 00 00 0F 03 5A 4B
2026-09-28T15:22:35.242+00:00,9164.560,RX,peer_observation,00114B5A,1,5,01 00 00 5A 4B
2026-09-28T15:22:35.247+00:00,9169.616,RX,peer_observation,0001F19F,1,7,01 00 00 0F 03 9F F1
2026-09-28T15:22:35.247+00:00,9169.683,RX,peer_observation,0011F19F,1,5,01 00 00 9F F1
2026-09-28T15:22:35.252+00:00,9174.596,RX,peer_observation,00016B29,1,7,01 00 00 0F 03 29 6B
2026-09-28T15:22:35.252+00:00,9174.653,RX,peer_observation,00116B29,1,5,01 00 00 29 6B
2026-09-28T15:22:35.257+00:00,9179.401,RX,peer_observation,00013B10,1,7,01 00 00 0F 03 10 3B
2026-09-28T15:22:35.257+00:00,9179.652,RX,peer_observation,00113B10,1,5,01 00 00 10 3B
2026-09-28T15:22:35.262+00:00,9184.487,RX,peer_observation,00019FDA,1,7,01 00 00 0F 03 DA 9F
2026-09-28T15:22:35.262+00:00,9184.556,RX,peer_observation,00119FDA,1,5,01 00 00 DA 9F
2026-09-28T15:22:35.267+00:00,9189.545,RX,peer_observation,00016795,1,7,01 00 00 0F 03 95 67
2026-09-28T15:22:35.267+00:00,9189.614,RX,peer_observation,00116795,1,5,01 00 00 95 67
2026-09-28T15:22:35.272+00:00,9194.488,RX,peer_observation,00014DFA,1,7,01 00 00 0F 03 FA 4D
2026-09-28T15:22:35.272+00:00,9194.558,RX,peer_observation,00114DFA,1,5,01 00 00 FA 4D
2026-09-28T15:22:35.277+00:00,9199.608,RX,peer_observation,00011633,1,7,01 00 00 0F 03 33 16
2026-09-28T15:22:35.277+00:00,9199.684,RX,peer_observation,00111633,1,5,01 00 00 33 16
2026-09-28T15:22:35.282+00:00,9204.573,RX,peer_observation,0001CCCF,1,7,01 00 00 0F 03 CF CC
2026-09-28T15:22:35.282+00:00,9204.642,RX,peer_observation,0011CCCF,1,5,01 00 00 CF CC
2026-09-28T15:22:35.287+00:00,9209.416,RX,peer_observation,0001DC95,1,7,01 00 00 0F 03 95 DC
2026-09-28T15:22:35.287+00:00,9209.510,RX,peer_observation,0011DC95,1,5,01 00 00 95 DC
2026-09-28T15:22:35.292+00:00,9214.335,RX,peer_observation,000163A2,1,7,01 00 00 0F 03 A2 63
2026-09-28T15:22:35.292+00:00,9214.574,RX,peer_observation,001163A2,1,5,01 00 00 A2 63
2026-09-28T15:22:35.297+00:00,9219.425,RX,peer_observation,0001237B,1,7,01 00 00 0F 03 7B 23
2026-09-28T15:22:35.297+00:00,9219.521,RX,peer_observation,0011237B,1,5,01 00 00 7B 23
2026-09-28T15:22:35.302+00:00,9224.331,RX,peer_observation,00017FD1,1,7,01 00 00 0F 03 D1 7F
2026-09-28T15:22:35.302+00:00,9224.596,RX,peer_observation,00117FD1,1,5,01 00 00 D1 7F
2026-09-28T15:22:35.307+00:00,9229.315,RX,peer_observation,00010AB0,1,7,01 00 00 0F 03 B0 0A
2026-09-28T15:22:35.307+00:00,9229.732,RX,peer_observation,00110AB0,1,5,01 00 00 B0 0A
2026-09-28T15:22:35.312+00:00,9234.346,RX,peer_observation,00019D4F,1,7,01 00 00 0F 03 4F 9D
2026-09-28T15:22:35.312+00:00,9234.586,RX,peer_observation,00119D4F,1,5,01 00 00 4F 9D
2026-09-28T15:22:35.317+00:00,9239.412,RX,peer_observation,00010850,1,7,01 00 00 0F 03 50 08
2026-09-28T15:22:35.317+00:00,9239.519,RX,peer_observation,00110850,1,5,01 00 00 50 08
2026-09-28T15:22:35.322+00:00,9244.335,RX,peer_observation,00019E08,1,7,01 00 00 0F 03 08 9E
2026-09-28T15:22:35.322+00:00,9244.577,RX,peer_observation,00119E08,1,5,01 00 00 08 9E
2026-09-28T15:22:35.327+00:00,9249.299,RX,peer_observation,0001D0E5,1,7,01 00 00 0F 03 E5 D0
2026-09-28T15:22:35.327+00:00,9249.576,RX,peer_observation,0011D0E5,1,5,01 00 00 E5 D0
2026-09-28T15:22:35.332+00:00,9254.337,RX,peer_observation,0001F944,1,7,01 00 00 0F 03 44 F9
2026-09-28T15:22:35.332+00:00,9254.561,RX,peer_observation,0011F944,1,5,01 00 00 44 F9
2026-09-28T15:22:35.337+00:00,9259.397,RX,peer_observation,00010D9D,1,7,01 00 00 0F 03 9D 0D
2026-09-28T15:22:35.337+00:00,9259.534,RX,peer_observation,00110D9D,1,5,01 00 00 9D 0D
2026-09-28T15:22:35.342+00:00,9264.389,RX,peer_observation,0001AEF1,1,7,01 00 00 0F 03 F1 AE
2026-09-28T15:22:35.342+00:00,9264.633,RX,peer_observation,0011AEF1,1,5,01 00 00 F1 AE
2026-09-28T15:22:35.347+00:00,9269.318,RX,peer_observation,0001D7B3,1,7,01 00 00 0F 03 B3 D7
2026-09-28T15:22:35.347+00:00,9269.544,RX,peer_observation,0011D7B3,1,5,01 00 00 B3 D7
2026-09-28T15:22:35.352+00:00,9274.521,RX,peer_observation,00015785,1,7,01 00 00 0F 03 85 57
2026-09-28T15:22:35.352+00:00,9274.613,RX,peer_observation,00115785,1,5,01 00 00 85 57
2026-09-28T15:22:35.357+00:00,9279.381,RX,peer_observation,00011FBD,1,7,01 00 00 0F 03 BD 1F
2026-09-28T15:22:35.357+00:00,9279.624,RX,peer_observation,00111FBD,1,5,01 00 00 BD 1F
2026-09-28T15:22:35.362+00:00,9284.469,RX,peer_observation,000123DC,1,7,01 00 00 0F 03 DC 23
2026-09-28T15:22:35.362+00:00,9284.724,RX,peer_observation,001123DC,1,5,01 00 00 DC 23
2026-09-28T15:22:35.367+00:00,9289.486,RX,peer_observation,00011172,1,7,01 00 00 0F 03 72 11
2026-09-28T15:22:35.367+00:00,9289.542,RX,peer_observation,00111172,1,5,01 00 00 72 11
2026-09-28T15:22:35.372+00:00,9294.514,RX,peer_observation,00014134,1,7,01 00 00 0F 03 34 41
2026-09-28T15:22:35.372+00:00,9294.599,RX,peer_observation,00114134,1,5,01 00 00 34 41
2026-09-28T15:22:35.377+00:00,9299.443,RX,peer_observation,0001E035,1,7,01 00 00 0F 03 35 E0
2026-09-28T15:22:35.377+00:00,9299.538,RX,peer_observation,0011E035,1,5,01 00 00 35 E0
2026-09-28T15:22:35.382+00:00,9304.467,RX,peer_observation,00019037,1,7,01 00 00 0F 03 37 90
2026-09-28T15:22:35.382+00:00,9304.578,RX,peer_observation,00119037,1,5,01 00 00 37 90
2026-09-28T15:22:35.387+00:00,9309.302,RX,peer_observation,00016A60,1,7,01 00 00 0F 03 60 6A
2026-09-28T15:22:35.387+00:00,9309.557,RX,peer_observation,00116A60,1,5,01 00 00 60 6A
2026-09-28T15:22:35.392+00:00,9314.328,RX,peer_observation,0001CAB9,1,7,01 00 00 0F 03 B9 CA
2026-09-28T15:22:35.392+00:00,9314.579,RX,peer_observation,0011CAB9,1,5,01 00 00 B9 CA
2026-09-28T15:22:35.397+00:00,9319.299,RX,peer_observation,0001CD25,1,7,01 00 00 0F 03 25 CD
2026-09-28T15:22:35.397+00:00,9319.541,RX,peer_observation,0011CD25,1,5,01 00 00 25 CD
2026-09-28T15:22:35.402+00:00,9324.322,RX,peer_observation,0001328D,1,7,01 00 00 0F 03 8D 32
2026-09-28T15:22:35.402+00:00,9324.545,RX,peer_observation,0011328D,1,5,01 00 00 8D 32
2026-09-28T15:22:35.407+00:00,9329.303,RX,peer_observation,0001247D,1,7,01 00 00 0F 03 7D 24
2026-09-28T15:22:35.407+00:00,9329.545,RX,peer_observation,0011247D,1,5,01 00 00 7D 24
2026-09-28T15:22:35.412+00:00,9334.371,RX,peer_observation,000144A3,1,7,01 00 00 0F 03 A3 44
2026-09-28T15:22:35.412+00:00,9334.503,RX,peer_observation,001144A3,1,5,01 00 00 A3 44
2026-09-28T15:22:35.417+00:00,9339.358,RX,peer_observation,0001327F,1,7,01 00 00 0F 03 7F 32
2026-09-28T15:22:35.417+00:00,9339.558,RX,peer_observation,0011327F,1,5,01 00 00 7F 32
2026-09-28T15:22:35.422+00:00,9344.337,RX,peer_observation,0001FE4C,1,7,01 00 00 0F 03 4C FE
2026-09-28T15:22:35.422+00:00,9344.532,RX,peer_observation,0011FE4C,1,5,01 00 00 4C FE
2026-09-28T15:22:35.427+00:00,9349.456,RX,peer_observation,00019B17,1,7,01 00 00 0F 03 17 9B
2026-09-28T15:22:35.427+00:00,9349.513,RX,peer_observation,00119B17,1,5,01 00 00 17 9B
2026-09-28T15:22:35.432+00:00,9354.355,RX,peer_observation,00013351,1,7,01 00 00 0F 03 51 33
2026-09-28T15:22:35.432+00:00,9354.593,RX,peer_observation,00113351,1,5,01 00 00 51 33
2026-09-28T15:22:35.437+00:00,9359.341,RX,peer_observation,000148F5,1,7,01 00 00 0F 03 F5 48
2026-09-28T15:22:35.437+00:00,9359.582,RX,peer_observation,001148F5,1,5,01 00 00 F5 48
2026-09-28T15:22:35.442+00:00,9364.514,RX,peer_observation,00011E49,1,7,01 00 00 0F 03 49 1E
2026-09-28T15:22:35.442+00:00,9364.606,RX,peer_observation,00111E49,1,5,01 00 00 49 1E
2026-09-28T15:22:35.447+00:00,9369.501,RX,peer_observation,0001B224,1,7,01 00 00 0F 03 24 B2
2026-09-28T15:22:35.447+00:00,9369.595,RX,peer_observation,0011B224,1,5,01 00 00 24 B2
2026-09-28T15:22:35.452+00:00,9374.540,RX,peer_observation,0001F94F,1,7,01 00 00 0F 03 4F F9
2026-09-28T15:22:35.452+00:00,9374.630,RX,peer_observation,0011F94F,1,5,01 00 00 4F F9
2026-09-28T15:22:35.457+00:00,9379.495,RX,peer_observation,00014EB3,1,7,01 00 00 0F 03 B3 4E
2026-09-28T15:22:35.457+00:00,9379.552,RX,peer_observation,00114EB3,1,5,01 00 00 B3 4E
2026-09-28T15:22:35.462+00:00,9384.537,RX,peer_observation,00012C03,1,7,01 00 00 0F 03 03 2C
2026-09-28T15:22:35.462+00:00,9384.620,RX,peer_observation,00112C03,1,5,01 00 00 03 2C
2026-09-28T15:22:35.467+00:00,9389.498,RX,peer_observation,00016D52,1,7,01 00 00 0F 03 52 6D
2026-09-28T15:22:35.467+00:00,9389.555,RX,peer_observation,00116D52,1,5,01 00 00 52 6D
2026-09-28T15:22:35.472+00:00,9394.511,RX,peer_observation,0001C480,1,7,01 00 00 0F 03 80 C4
2026-09-28T15:22:35.472+00:00,9394.589,RX,peer_observation,0011C480,1,5,01 00 00 80 C4
2026-09-28T15:22:35.477+00:00,9399.484,RX,peer_observation,000179D0,1,7,01 00 00 0F 03 D0 79
2026-09-28T15:22:35.477+00:00,9399.541,RX,peer_observation,001179D0,1,5,01 00 00 D0 79
2026-09-28T15:22:35.482+00:00,9404.549,RX,peer_observation,00019BA9,1,7,01 00 00 0F 03 A9 9B
2026-09-28T15:22:35.482+00:00,9404.625,RX,peer_observation,00119BA9,1,5,01 00 00 A9 9B
2026-09-28T15:22:35.487+00:00,9409.495,RX,peer_observation,000192DF,1,7,01 00 00 0F 03 DF 92
2026-09-28T15:22:35.487+00:00,9409.551,RX,peer_observation,001192DF,1,5,01 00 00 DF 92
2026-09-28T15:22:35.492+00:00,9414.391,RX,peer_observation,00014A00,1,7,01 00 00 0F 03 00 4A
2026-09-28T15:22:35.492+00:00,9414.502,RX,peer_observation,00114A00,1,5,01 00 00 00 4A
2026-09-28T15:22:35.497+00:00,9419.357,RX,peer_observation,00012884,1,7,01 00 00 0F 03 84 28
2026-09-28T15:22:35.497+00:00,9419.465,RX,peer_observation,00112884,1,5,01 00 00 84 28
2026-09-28T15:22:35.502+00:00,9424.371,RX,peer_observation,0001DCDD,1,7,01 00 00 0F 03 DD DC
2026-09-28T15:22:35.502+00:00,9424.492,RX,peer_observation,0011DCDD,1,5,01 00 00 DD DC
2026-09-28T15:22:35.507+00:00,9429.348,RX,peer_observation,00011A28,1,7,01 00 00 0F 03 28 1A
2026-09-28T15:22:35.507+00:00,9429.584,RX,peer_observation,00111A28,1,5,01 00 00 28 1A
2026-09-28T15:22:35.512+00:00,9434.372,RX,peer_observation,000198C6,1,7,01 00 00 0F 03 C6 98
2026-09-28T15:22:35.512+00:00,9434.466,RX,peer_observation,001198C6,1,5,01 00 00 C6 98
2026-09-28T15:22:35.517+00:00,9439.369,RX,peer_observation,0001E719,1,7,01 00 00 0F 03 19 E7
2026-09-28T15:22:35.517+00:00,9439.473,RX,peer_observation,0011E719,1,5,01 00 00 19 E7
2026-09-28T15:22:35.522+00:00,9444.294,RX,peer_observation,0001D435,1,7,01 00 00 0F 03 35 D4
2026-09-28T15:22:35.522+00:00,9444.571,RX,peer_observation,0011D435,1,5,01 00 00 35 D4
2026-09-28T15:22:35.527+00:00,9449.264,RX,peer_observation,0001D602,1,7,01 00 00 0F 03 02 D6
2026-09-28T15:22:35.527+00:00,9449.535,RX,peer_observation,0011D602,1,5,01 00 00 02 D6
2026-09-28T15:22:35.532+00:00,9454.296,RX,peer_observation,0001030B,1,7,01 00 00 0F 03 0B 03
2026-09-28T15:22:35.532+00:00,9454.582,RX,peer_observation,0011030B,1,5,01 00 00 0B 03
2026-09-28T15:22:35.537+00:00,9459.528,RX,peer_observation,000173A2,1,7,01 00 00 0F 03 A2 73
2026-09-28T15:22:35.537+00:00,9459.625,RX,peer_observation,001173A2,1,5,01 00 00 A2 73
2026-09-28T15:22:35.542+00:00,9464.547,RX,peer_observation,00012585,1,7,01 00 00 0F 03 85 25
2026-09-28T15:22:35.542+00:00,9464.601,RX,peer_observation,00112585,1,5,01 00 00 85 25
2026-09-28T15:22:35.548+00:00,9469.886,RX,peer_observation,000102CB,1,7,01 00 00 0F 03 CB 02
2026-09-28T15:22:35.548+00:00,9469.982,RX,peer_observation,001102CB,1,5,01 00 00 CB 02
2026-09-28T15:22:35.552+00:00,9474.348,RX,peer_observation,0001C66D,1,7,01 00 00 0F 03 6D C6
2026-09-28T15:22:35.552+00:00,9474.445,RX,peer_observation,0011C66D,1,5,01 00 00 6D C6
2026-09-28T15:22:35.557+00:00,9479.384,RX,peer_observation,0001D76D,1,7,01 00 00 0F 03 6D D7
2026-09-28T15:22:35.557+00:00,9479.476,RX,peer_observation,0011D76D,1,5,01 00 00 6D D7
2026-09-28T15:22:35.562+00:00,9484.288,RX,peer_observation,00016ADE,1,7,01 00 00 0F 03 DE 6A
2026-09-28T15:22:35.562+00:00,9484.603,RX,peer_observation,00116ADE,1,5,01 00 00 DE 6A
2026-09-28T15:22:35.567+00:00,9489.307,RX,peer_observation,0001BC3E,1,7,01 00 00 0F 03 3E BC
2026-09-28T15:22:35.567+00:00,9489.552,RX,peer_observation,0011BC3E,1,5,01 00 00 3E BC
2026-09-28T15:22:35.572+00:00,9494.372,RX,peer_observation,0001F2D2,1,7,01 00 00 0F 03 D2 F2
2026-09-28T15:22:35.572+00:00,9494.583,RX,peer_observation,0011F2D2,1,5,01 00 00 D2 F2
2026-09-28T15:22:35.577+00:00,9499.338,RX,peer_observation,00017A39,1,7,01 00 00 0F 03 39 7A
2026-09-28T15:22:35.577+00:00,9499.550,RX,peer_observation,00117A39,1,5,01 00 00 39 7A
2026-09-28T15:22:35.582+00:00,9504.363,RX,peer_observation,00019C54,1,7,01 00 00 0F 03 54 9C
2026-09-28T15:22:35.582+00:00,9504.475,RX,peer_observation,00119C54,1,5,01 00 00 54 9C
2026-09-28T15:22:35.587+00:00,9509.486,RX,peer_observation,0001B709,1,7,01 00 00 0F 03 09 B7
2026-09-28T15:22:35.587+00:00,9509.543,RX,peer_observation,0011B709,1,5,01 00 00 09 B7
2026-09-28T15:22:35.592+00:00,9514.279,RX,peer_observation,0001400C,1,7,01 00 00 0F 03 0C 40
2026-09-28T15:22:35.592+00:00,9514.524,RX,peer_observation,0011400C,1,5,01 00 00 0C 40
2026-09-28T15:22:35.597+00:00,9519.460,RX,peer_observation,00013326,1,7,01 00 00 0F 03 26 33
2026-09-28T15:22:35.597+00:00,9519.517,RX,peer_observation,00113326,1,5,01 00 00 26 33
2026-09-28T15:22:35.602+00:00,9524.304,RX,peer_observation,00016082,1,7,01 00 00 0F 03 82 60
2026-09-28T15:22:35.602+00:00,9524.541,RX,peer_observation,00116082,1,5,01 00 00 82 60
2026-09-28T15:22:35.607+00:00,9529.458,RX,peer_observation,0001AE20,1,7,01 00 00 0F 03 20 AE
2026-09-28T15:22:35.607+00:00,9529.514,RX,peer_observation,0011AE20,1,5,01 00 00 20 AE
2026-09-28T15:22:35.612+00:00,9534.327,RX,peer_observation,0001CE41,1,7,01 00 00 0F 03 41 CE
2026-09-28T15:22:35.612+00:00,9534.549,RX,peer_observation,0011CE41,1,5,01 00 00 41 CE
2026-09-28T15:22:35.617+00:00,9539.302,RX,peer_observation,00014F70,1,7,01 00 00 0F 03 70 4F
2026-09-28T15:22:35.617+00:00,9539.545,RX,peer_observation,00114F70,1,5,01 00 00 70 4F
2026-09-28T15:22:35.622+00:00,9544.273,RX,peer_observation,000149CE,1,7,01 00 00 0F 03 CE 49
2026-09-28T15:22:35.622+00:00,9544.520,RX,peer_observation,001149CE,1,5,01 00 00 CE 49
2026-09-28T15:22:35.627+00:00,9549.315,RX,peer_observation,000103CE,1,7,01 00 00 0F 03 CE 03
2026-09-28T15:22:35.627+00:00,9549.581,RX,peer_observation,001103CE,1,5,01 00 00 CE 03
2026-09-28T15:22:35.632+00:00,9554.283,RX,peer_observation,0001F908,1,7,01 00 00 0F 03 08 F9
2026-09-28T15:22:35.632+00:00,9554.542,RX,peer_observation,0011F908,1,5,01 00 00 08 F9
2026-09-28T15:22:35.637+00:00,9559.460,RX,peer_observation,0001A2DA,1,7,01 00 00 0F 03 DA A2
2026-09-28T15:22:35.637+00:00,9559.517,RX,peer_observation,0011A2DA,1,5,01 00 00 DA A2
2026-09-28T15:22:35.642+00:00,9564.284,RX,peer_observation,0001386C,1,7,01 00 00 0F 03 6C 38
2026-09-28T15:22:35.642+00:00,9564.528,RX,peer_observation,0011386C,1,5,01 00 00 6C 38
2026-09-28T15:22:35.647+00:00,9569.461,RX,peer_observation,00014690,1,7,01 00 00 0F 03 90 46
2026-09-28T15:22:35.647+00:00,9569.517,RX,peer_observation,00114690,1,5,01 00 00 90 46
2026-09-28T15:22:35.652+00:00,9574.273,RX,peer_observation,00013953,1,7,01 00 00 0F 03 53 39
2026-09-28T15:22:35.652+00:00,9574.522,RX,peer_observation,00113953,1,5,01 00 00 53 39
2026-09-28T15:22:35.657+00:00,9579.455,RX,peer_observation,0001A1EA,1,7,01 00 00 0F 03 EA A1
2026-09-28T15:22:35.657+00:00,9579.511,RX,peer_observation,0011A1EA,1,5,01 00 00 EA A1
2026-09-28T15:22:35.662+00:00,9584.277,RX,peer_observation,00019D23,1,7,01 00 00 0F 03 23 9D
2026-09-28T15:22:35.662+00:00,9584.523,RX,peer_observation,00119D23,1,5,01 00 00 23 9D
2026-09-28T15:22:35.667+00:00,9589.274,RX,peer_observation,0001D5A1,1,7,01 00 00 0F 03 A1 D5
2026-09-28T15:22:35.667+00:00,9589.524,RX,peer_observation,0011D5A1,1,5,01 00 00 A1 D5
2026-09-28T15:22:35.672+00:00,9594.301,RX,peer_observation,0001D60F,1,7,01 00 00 0F 03 0F D6
2026-09-28T15:22:35.672+00:00,9594.523,RX,peer_observation,0011D60F,1,5,01 00 00 0F D6
2026-09-28T15:22:35.677+00:00,9599.277,RX,peer_observation,000171DA,1,7,01 00 00 0F 03 DA 71
2026-09-28T15:22:35.677+00:00,9599.530,RX,peer_observation,001171DA,1,5,01 00 00 DA 71
2026-09-28T15:22:35.682+00:00,9604.273,RX,peer_observation,0001D4D1,1,7,01 00 00 0F 03 D1 D4
2026-09-28T15:22:35.682+00:00,9604.519,RX,peer_observation,0011D4D1,1,5,01 00 00 D1 D4
2026-09-28T15:22:35.687+00:00,9609.460,RX,peer_observation,00015553,1,7,01 00 00 0F 03 53 55
2026-09-28T15:22:35.687+00:00,9609.517,RX,peer_observation,00115553,1,5,01 00 00 53 55
2026-09-28T15:22:35.692+00:00,9614.349,RX,peer_observation,0001CF8B,1,7,01 00 00 0F 03 8B CF
2026-09-28T15:22:35.692+00:00,9614.455,RX,peer_observation,0011CF8B,1,5,01 00 00 8B CF
2026-09-28T15:22:35.697+00:00,9619.269,RX,peer_observation,0001E649,1,7,01 00 00 0F 03 49 E6
2026-09-28T15:22:35.697+00:00,9619.535,RX,peer_observation,0011E649,1,5,01 00 00 49 E6
2026-09-28T15:22:35.702+00:00,9624.461,RX,peer_observation,000174AF,1,7,01 00 00 0F 03 AF 74
2026-09-28T15:22:35.702+00:00,9624.517,RX,peer_observation,001174AF,1,5,01 00 00 AF 74
2026-09-28T15:22:35.707+00:00,9629.460,RX,peer_observation,00015723,1,7,01 00 00 0F 03 23 57
2026-09-28T15:22:35.707+00:00,9629.517,RX,peer_observation,00115723,1,5,01 00 00 23 57
2026-09-28T15:22:35.712+00:00,9634.464,RX,peer_observation,00019D9B,1,7,01 00 00 0F 03 9B 9D
2026-09-28T15:22:35.712+00:00,9634.521,RX,peer_observation,00119D9B,1,5,01 00 00 9B 9D
2026-09-28T15:22:35.717+00:00,9639.455,RX,peer_observation,0001A4B3,1,7,01 00 00 0F 03 B3 A4
2026-09-28T15:22:35.717+00:00,9639.511,RX,peer_observation,0011A4B3,1,5,01 00 00 B3 A4
2026-09-28T15:22:35.722+00:00,9644.404,RX,peer_observation,00019754,1,7,01 00 00 0F 03 54 97
2026-09-28T15:22:35.722+00:00,9644.482,RX,peer_observation,00119754,1,5,01 00 00 54 97
2026-09-28T15:22:35.727+00:00,9649.461,RX,peer_observation,0001D58A,1,7,01 00 00 0F 03 8A D5
2026-09-28T15:22:35.727+00:00,9649.519,RX,peer_observation,0011D58A,1,5,01 00 00 8A D5
2026-09-28T15:22:35.732+00:00,9654.374,RX,peer_observation,0001107B,1,7,01 00 00 0F 03 7B 10
2026-09-28T15:22:35.732+00:00,9654.452,RX,peer_observation,0011107B,1,5,01 00 00 7B 10
2026-09-28T15:22:35.737+00:00,9659.525,RX,peer_observation,00012DA6,1,7,01 00 00 0F 03 A6 2D
2026-09-28T15:22:35.737+00:00,9659.620,RX,peer_observation,00112DA6,1,5,01 00 00 A6 2D
2026-09-28T15:22:35.742+00:00,9664.279,RX,peer_observation,0001267A,1,7,01 00 00 0F 03 7A 26
2026-09-28T15:22:35.742+00:00,9664.525,RX,peer_observation,0011267A,1,5,01 00 00 7A 26
2026-09-28T15:22:35.747+00:00,9669.312,RX,peer_observation,0001DB93,1,7,01 00 00 0F 03 93 DB
2026-09-28T15:22:35.747+00:00,9669.451,RX,peer_observation,0011DB93,1,5,01 00 00 93 DB
2026-09-28T15:22:35.752+00:00,9674.289,RX,peer_observation,00011075,1,7,01 00 00 0F 03 75 10
2026-09-28T15:22:35.752+00:00,9674.545,RX,peer_observation,00111075,1,5,01 00 00 75 10
2026-09-28T15:22:35.757+00:00,9679.270,RX,peer_observation,0001EBB0,1,7,01 00 00 0F 03 B0 EB
2026-09-28T15:22:35.757+00:00,9679.537,RX,peer_observation,0011EBB0,1,5,01 00 00 B0 EB
2026-09-28T15:22:35.762+00:00,9684.268,RX,peer_observation,00014182,1,7,01 00 00 0F 03 82 41
2026-09-28T15:22:35.762+00:00,9684.526,RX,peer_observation,00114182,1,5,01 00 00 82 41
2026-09-28T15:22:35.767+00:00,9689.422,RX,peer_observation,0001F430,1,7,01 00 00 0F 03 30 F4
2026-09-28T15:22:35.767+00:00,9689.528,RX,peer_observation,0011F430,1,5,01 00 00 30 F4
2026-09-28T15:22:35.772+00:00,9694.325,RX,peer_observation,00017841,1,7,01 00 00 0F 03 41 78
2026-09-28T15:22:35.772+00:00,9694.556,RX,peer_observation,00117841,1,5,01 00 00 41 78
2026-09-28T15:22:35.777+00:00,9699.332,RX,peer_observation,0001401A,1,7,01 00 00 0F 03 1A 40
2026-09-28T15:22:35.777+00:00,9699.424,RX,peer_observation,0011401A,1,5,01 00 00 1A 40
2026-09-28T15:22:35.782+00:00,9704.355,RX,peer_observation,000170B9,1,7,01 00 00 0F 03 B9 70
2026-09-28T15:22:35.782+00:00,9704.460,RX,peer_observation,001170B9,1,5,01 00 00 B9 70
2026-09-28T15:22:35.787+00:00,9709.452,RX,peer_observation,0001E14D,1,7,01 00 00 0F 03 4D E1
2026-09-28T15:22:35.787+00:00,9709.530,RX,peer_observation,0011E14D,1,5,01 00 00 4D E1
2026-09-28T15:22:35.792+00:00,9714.427,RX,peer_observation,0001E22F,1,7,01 00 00 0F 03 2F E2
2026-09-28T15:22:35.792+00:00,9714.521,RX,peer_observation,0011E22F,1,5,01 00 00 2F E2
2026-09-28T15:22:35.797+00:00,9719.416,RX,peer_observation,0001A156,1,7,01 00 00 0F 03 56 A1
2026-09-28T15:22:35.797+00:00,9719.486,RX,peer_observation,0011A156,1,5,01 00 00 56 A1
2026-09-28T15:22:35.802+00:00,9724.467,RX,peer_observation,00011557,1,7,01 00 00 0F 03 57 15
2026-09-28T15:22:35.802+00:00,9724.542,RX,peer_observation,00111557,1,5,01 00 00 57 15
2026-09-28T15:22:35.807+00:00,9729.266,RX,peer_observation,00010EA0,1,7,01 00 00 0F 03 A0 0E
2026-09-28T15:22:35.807+00:00,9729.491,RX,peer_observation,00110EA0,1,5,01 00 00 A0 0E
2026-09-28T15:22:35.812+00:00,9734.326,RX,peer_observation,00016C05,1,7,01 00 00 0F 03 05 6C
2026-09-28T15:22:35.812+00:00,9734.403,RX,peer_observation,00116C05,1,5,01 00 00 05 6C
2026-09-28T15:22:35.817+00:00,9739.208,RX,peer_observation,00019B38,1,7,01 00 00 0F 03 38 9B
2026-09-28T15:22:35.817+00:00,9739.452,RX,peer_observation,00119B38,1,5,01 00 00 38 9B
2026-09-28T15:22:35.822+00:00,9744.304,RX,peer_observation,0001924B,1,7,01 00 00 0F 03 4B 92
2026-09-28T15:22:35.822+00:00,9744.470,RX,peer_observation,0011924B,1,5,01 00 00 4B 92
2026-09-28T15:22:35.827+00:00,9749.268,RX,peer_observation,00012846,1,7,01 00 00 0F 03 46 28
2026-09-28T15:22:35.827+00:00,9749.522,RX,peer_observation,00112846,1,5,01 00 00 46 28
2026-09-28T15:22:35.832+00:00,9754.309,RX,peer_observation,0001A5A8,1,7,01 00 00 0F 03 A8 A5
2026-09-28T15:22:35.832+00:00,9754.497,RX,peer_observation,0011A5A8,1,5,01 00 00 A8 A5
2026-09-28T15:22:35.837+00:00,9759.207,RX,peer_observation,0001DCE7,1,7,01 00 00 0F 03 E7 DC
2026-09-28T15:22:35.837+00:00,9759.450,RX,peer_observation,0011DCE7,1,5,01 00 00 E7 DC
2026-09-28T15:22:35.842+00:00,9764.231,RX,peer_observation,0001B9B8,1,7,01 00 00 0F 03 B8 B9
2026-09-28T15:22:35.842+00:00,9764.460,RX,peer_observation,0011B9B8,1,5,01 00 00 B8 B9
2026-09-28T15:22:35.847+00:00,9769.474,RX,peer_observation,0001AD0D,1,7,01 00 00 0F 03 0D AD
2026-09-28T15:22:35.847+00:00,9769.544,RX,peer_observation,0011AD0D,1,5,01 00 00 0D AD
2026-09-28T15:22:35.852+00:00,9774.520,RX,peer_observation,0001427D,1,7,01 00 00 0F 03 7D 42
2026-09-28T15:22:35.852+00:00,9774.603,RX,peer_observation,0011427D,1,5,01 00 00 7D 42
2026-09-28T15:22:35.857+00:00,9779.291,RX,peer_observation,00016091,1,7,01 00 00 0F 03 91 60
2026-09-28T15:22:35.857+00:00,9779.620,RX,peer_observation,00116091,1,5,01 00 00 91 60
2026-09-28T15:22:35.862+00:00,9784.549,RX,peer_observation,00011F3D,1,7,01 00 00 0F 03 3D 1F
2026-09-28T15:22:35.862+00:00,9784.623,RX,peer_observation,00111F3D,1,5,01 00 00 3D 1F
2026-09-28T15:22:35.867+00:00,9789.460,RX,peer_observation,00018891,1,7,01 00 00 0F 03 91 88
2026-09-28T15:22:35.867+00:00,9789.533,RX,peer_observation,00118891,1,5,01 00 00 91 88
2026-09-28T15:22:35.872+00:00,9794.449,RX,peer_observation,0001F58C,1,7,01 00 00 0F 03 8C F5
2026-09-28T15:22:35.872+00:00,9794.531,RX,peer_observation,0011F58C,1,5,01 00 00 8C F5
2026-09-28T15:22:35.877+00:00,9799.435,RX,peer_observation,00015CE0,1,7,01 00 00 0F 03 E0 5C
2026-09-28T15:22:35.877+00:00,9799.492,RX,peer_observation,00115CE0,1,5,01 00 00 E0 5C
2026-09-28T15:22:35.882+00:00,9804.431,RX,peer_observation,00014EF7,1,7,01 00 00 0F 03 F7 4E
2026-09-28T15:22:35.882+00:00,9804.558,RX,peer_observation,00114EF7,1,5,01 00 00 F7 4E
2026-09-28T15:22:35.887+00:00,9809.319,RX,peer_observation,00019508,1,7,01 00 00 0F 03 08 95
2026-09-28T15:22:35.887+00:00,9809.558,RX,peer_observation,00119508,1,5,01 00 00 08 95
2026-09-28T15:22:35.892+00:00,9814.275,RX,peer_observation,00014069,1,7,01 00 00 0F 03 69 40
2026-09-28T15:22:35.892+00:00,9814.507,RX,peer_observation,00114069,1,5,01 00 00 69 40
2026-09-28T15:22:35.897+00:00,9819.404,RX,peer_observation,00016C2F,1,7,01 00 00 0F 03 2F 6C
2026-09-28T15:22:35.897+00:00,9819.460,RX,peer_observation,00116C2F,1,5,01 00 00 2F 6C
2026-09-28T15:22:35.902+00:00,9824.245,RX,peer_observation,00012D46,1,7,01 00 00 0F 03 46 2D
2026-09-28T15:22:35.902+00:00,9824.501,RX,peer_observation,00112D46,1,5,01 00 00 46 2D
2026-09-28T15:22:35.907+00:00,9829.299,RX,peer_observation,000120DD,1,7,01 00 00 0F 03 DD 20
2026-09-28T15:22:35.907+00:00,9829.532,RX,peer_observation,001120DD,1,5,01 00 00 DD 20
2026-09-28T15:22:35.912+00:00,9834.245,RX,peer_observation,000148D2,1,7,01 00 00 0F 03 D2 48
2026-09-28T15:22:35.912+00:00,9834.502,RX,peer_observation,001148D2,1,5,01 00 00 D2 48
2026-09-28T15:22:35.917+00:00,9839.297,RX,peer_observation,0001917B,1,7,01 00 00 0F 03 7B 91
2026-09-28T15:22:35.917+00:00,9839.521,RX,peer_observation,0011917B,1,5,01 00 00 7B 91
2026-09-28T15:22:35.922+00:00,9844.311,RX,peer_observation,00015752,1,7,01 00 00 0F 03 52 57
2026-09-28T15:22:35.922+00:00,9844.564,RX,peer_observation,00115752,1,5,01 00 00 52 57
2026-09-28T15:22:35.927+00:00,9849.285,RX,peer_observation,0001ABFE,1,7,01 00 00 0F 03 FE AB
2026-09-28T15:22:35.927+00:00,9849.553,RX,peer_observation,0011ABFE,1,5,01 00 00 FE AB
2026-09-28T15:22:35.932+00:00,9854.278,RX,peer_observation,00019D17,1,7,01 00 00 0F 03 17 9D
2026-09-28T15:22:35.932+00:00,9854.510,RX,peer_observation,00119D17,1,5,01 00 00 17 9D
2026-09-28T15:22:35.937+00:00,9859.373,RX,peer_observation,00014B1A,1,7,01 00 00 0F 03 1A 4B
2026-09-28T15:22:35.937+00:00,9859.452,RX,peer_observation,00114B1A,1,5,01 00 00 1A 4B
2026-09-28T15:22:35.942+00:00,9864.257,RX,peer_observation,0001444C,1,7,01 00 00 0F 03 4C 44
2026-09-28T15:22:35.942+00:00,9864.501,RX,peer_observation,0011444C,1,5,01 00 00 4C 44
2026-09-28T15:22:35.947+00:00,9869.332,RX,peer_observation,000134F5,1,7,01 00 00 0F 03 F5 34
2026-09-28T15:22:35.947+00:00,9869.469,RX,peer_observation,001134F5,1,5,01 00 00 F5 34
2026-09-28T15:22:35.952+00:00,9874.279,RX,peer_observation,0001133C,1,7,01 00 00 0F 03 3C 13
2026-09-28T15:22:35.952+00:00,9874.486,RX,peer_observation,0011133C,1,5,01 00 00 3C 13
2026-09-28T15:22:35.957+00:00,9879.264,RX,peer_observation,00019B2D,1,7,01 00 00 0F 03 2D 9B
2026-09-28T15:22:35.957+00:00,9879.471,RX,peer_observation,00119B2D,1,5,01 00 00 2D 9B
2026-09-28T15:22:35.962+00:00,9884.218,RX,peer_observation,0001D374,1,7,01 00 00 0F 03 74 D3
2026-09-28T15:22:35.962+00:00,9884.432,RX,peer_observation,0011D374,1,5,01 00 00 74 D3
2026-09-28T15:22:35.967+00:00,9889.185,RX,peer_observation,000109B7,1,7,01 00 00 0F 03 B7 09
2026-09-28T15:22:35.967+00:00,9889.455,RX,peer_observation,001109B7,1,5,01 00 00 B7 09
2026-09-28T15:22:35.972+00:00,9894.496,RX,peer_observation,000182E0,1,7,01 00 00 0F 03 E0 82
2026-09-28T15:22:35.972+00:00,9894.606,RX,peer_observation,001182E0,1,5,01 00 00 E0 82
2026-09-28T15:22:35.977+00:00,9899.497,RX,peer_observation,00012DD6,1,7,01 00 00 0F 03 D6 2D
2026-09-28T15:22:35.977+00:00,9899.559,RX,peer_observation,00112DD6,1,5,01 00 00 D6 2D
2026-09-28T15:22:35.982+00:00,9904.348,RX,peer_observation,000156DD,1,7,01 00 00 0F 03 DD 56
2026-09-28T15:22:35.982+00:00,9904.443,RX,peer_observation,001156DD,1,5,01 00 00 DD 56
2026-09-28T15:22:35.987+00:00,9909.500,RX,peer_observation,0001303E,1,7,01 00 00 0F 03 3E 30
2026-09-28T15:22:35.987+00:00,9909.562,RX,peer_observation,0011303E,1,5,01 00 00 3E 30
2026-09-28T15:22:35.992+00:00,9914.436,RX,peer_observation,0001ADDB,1,7,01 00 00 0F 03 DB AD
2026-09-28T15:22:35.992+00:00,9914.493,RX,peer_observation,0011ADDB,1,5,01 00 00 DB AD
2026-09-28T15:22:35.997+00:00,9919.487,RX,peer_observation,00014929,1,7,01 00 00 0F 03 29 49
2026-09-28T15:22:35.997+00:00,9919.560,RX,peer_observation,00114929,1,5,01 00 00 29 49
2026-09-28T15:22:36.002+00:00,9924.394,RX,peer_observation,000126F2,1,7,01 00 00 0F 03 F2 26
2026-09-28T15:22:36.002+00:00,9924.460,RX,peer_observation,001126F2,1,5,01 00 00 F2 26
2026-09-28T15:22:36.007+00:00,9929.480,RX,peer_observation,000106D8,1,7,01 00 00 0F 03 D8 06
2026-09-28T15:22:36.007+00:00,9929.561,RX,peer_observation,001106D8,1,5,01 00 00 D8 06
2026-09-28T15:22:36.012+00:00,9934.430,RX,peer_observation,000103A8,1,7,01 00 00 0F 03 A8 03
2026-09-28T15:22:36.012+00:00,9934.487,RX,peer_observation,001103A8,1,5,01 00 00 A8 03
2026-09-28T15:22:36.017+00:00,9939.497,RX,peer_observation,0001FEE2,1,7,01 00 00 0F 03 E2 FE
2026-09-28T15:22:36.017+00:00,9939.581,RX,peer_observation,0011FEE2,1,5,01 00 00 E2 FE
2026-09-28T15:22:36.022+00:00,9944.460,RX,peer_observation,0001C2B7,1,7,01 00 00 0F 03 B7 C2
2026-09-28T15:22:36.022+00:00,9944.547,RX,peer_observation,0011C2B7,1,5,01 00 00 B7 C2
2026-09-28T15:22:36.027+00:00,9949.461,RX,peer_observation,0001BC3D,1,7,01 00 00 0F 03 3D BC
2026-09-28T15:22:36.027+00:00,9949.569,RX,peer_observation,0011BC3D,1,5,01 00 00 3D BC
2026-09-28T15:22:36.032+00:00,9954.293,RX,peer_observation,00016B88,1,7,01 00 00 0F 03 88 6B
2026-09-28T15:22:36.032+00:00,9954.561,RX,peer_observation,00116B88,1,5,01 00 00 88 6B
2026-09-28T15:22:36.037+00:00,9959.566,RX,peer_observation,00011FDB,1,7,01 00 00 0F 03 DB 1F
2026-09-28T15:22:36.037+00:00,9959.657,RX,peer_observation,00111FDB,1,5,01 00 00 DB 1F
2026-09-28T15:22:36.042+00:00,9964.414,RX,peer_observation,000134CF,1,7,01 00 00 0F 03 CF 34
2026-09-28T15:22:36.042+00:00,9964.470,RX,peer_observation,001134CF,1,5,01 00 00 CF 34
2026-09-28T15:22:36.047+00:00,9969.422,RX,peer_observation,00011762,1,7,01 00 00 0F 03 62 17
2026-09-28T15:22:36.047+00:00,9969.479,RX,peer_observation,00111762,1,5,01 00 00 62 17
2026-09-28T15:22:36.052+00:00,9974.352,RX,peer_observation,00012162,1,7,01 00 00 0F 03 62 21
2026-09-28T15:22:36.052+00:00,9974.594,RX,peer_observation,00112162,1,5,01 00 00 62 21
2026-09-28T15:22:36.057+00:00,9979.285,RX,peer_observation,0001593B,1,7,01 00 00 0F 03 3B 59
2026-09-28T15:22:36.057+00:00,9979.526,RX,peer_observation,0011593B,1,5,01 00 00 3B 59
2026-09-28T15:22:36.062+00:00,9984.268,RX,peer_observation,00015D41,1,7,01 00 00 0F 03 41 5D
2026-09-28T15:22:36.062+00:00,9984.526,RX,peer_observation,00115D41,1,5,01 00 00 41 5D
2026-09-28T15:22:36.067+00:00,9989.347,RX,peer_observation,0001B70F,1,7,01 00 00 0F 03 0F B7
2026-09-28T15:22:36.067+00:00,9989.434,RX,peer_observation,0011B70F,1,5,01 00 00 0F B7
2026-09-28T15:22:36.072+00:00,9994.304,RX,peer_observation,0001856C,1,7,01 00 00 0F 03 6C 85
2026-09-28T15:22:36.072+00:00,9994.523,RX,peer_observation,0011856C,1,5,01 00 00 6C 85
2026-09-28T15:22:36.077+00:00,9999.391,RX,peer_observation,00014B6E,1,7,01 00 00 0F 03 6E 4B
2026-09-28T15:22:36.077+00:00,9999.473,RX,peer_observation,00114B6E,1,5,01 00 00 6E 4B
2026-09-28T15:22:36.082+00:00,10004.268,RX,peer_observation,000143F9,1,7,01 00 00 0F 03 F9 43
2026-09-28T15:22:36.082+00:00,10004.512,RX,peer_observation,001143F9,1,5,01 00 00 F9 43
2026-09-28T15:22:36.087+00:00,10009.325,RX,peer_observation,0001E531,1,7,01 00 00 0F 03 31 E5
2026-09-28T15:22:36.087+00:00,10009.579,RX,peer_observation,0011E531,1,5,01 00 00 31 E5
2026-09-28T15:22:36.092+00:00,10014.403,RX,peer_observation,0001DE8A,1,7,01 00 00 0F 03 8A DE
2026-09-28T15:22:36.092+00:00,10014.460,RX,peer_observation,0011DE8A,1,5,01 00 00 8A DE
2026-09-28T15:22:36.097+00:00,10019.410,RX,peer_observation,000186D7,1,7,01 00 00 0F 03 D7 86
2026-09-28T15:22:36.097+00:00,10019.467,RX,peer_observation,001186D7,1,5,01 00 00 D7 86
2026-09-28T15:22:36.102+00:00,10024.215,RX,peer_observation,0001640F,1,7,01 00 00 0F 03 0F 64
2026-09-28T15:22:36.102+00:00,10024.503,RX,peer_observation,0011640F,1,5,01 00 00 0F 64
2026-09-28T15:22:36.107+00:00,10029.406,RX,peer_observation,000111EF,1,7,01 00 00 0F 03 EF 11
2026-09-28T15:22:36.107+00:00,10029.463,RX,peer_observation,001111EF,1,5,01 00 00 EF 11
2026-09-28T15:22:36.112+00:00,10034.324,RX,peer_observation,00013378,1,7,01 00 00 0F 03 78 33
2026-09-28T15:22:36.112+00:00,10034.416,RX,peer_observation,00113378,1,5,01 00 00 78 33
2026-09-28T15:22:36.117+00:00,10039.214,RX,peer_observation,0001AE46,1,7,01 00 00 0F 03 46 AE
2026-09-28T15:22:36.117+00:00,10039.480,RX,peer_observation,0011AE46,1,5,01 00 00 46 AE
2026-09-28T15:22:36.122+00:00,10044.309,RX,peer_observation,00010FCA,1,7,01 00 00 0F 03 CA 0F
2026-09-28T15:22:36.122+00:00,10044.414,RX,peer_observation,00110FCA,1,5,01 00 00 CA 0F
2026-09-28T15:22:36.127+00:00,10049.309,RX,peer_observation,0001567D,1,7,01 00 00 0F 03 7D 56
2026-09-28T15:22:36.127+00:00,10049.415,RX,peer_observation,0011567D,1,5,01 00 00 7D 56
2026-09-28T15:22:36.132+00:00,10054.307,RX,peer_observation,00011AAA,1,7,01 00 00 0F 03 AA 1A
2026-09-28T15:22:36.132+00:00,10054.413,RX,peer_observation,00111AAA,1,5,01 00 00 AA 1A
2026-09-28T15:22:36.137+00:00,10059.222,RX,peer_observation,00017B2B,1,7,01 00 00 0F 03 2B 7B
2026-09-28T15:22:36.137+00:00,10059.469,RX,peer_observation,00117B2B,1,5,01 00 00 2B 7B
2026-09-28T15:22:36.142+00:00,10064.241,RX,peer_observation,00019162,1,7,01 00 00 0F 03 62 91
2026-09-28T15:22:36.142+00:00,10064.487,RX,peer_observation,00119162,1,5,01 00 00 62 91
2026-09-28T15:22:36.147+00:00,10069.481,RX,peer_observation,000113B3,1,7,01 00 00 0F 03 B3 13
2026-09-28T15:22:36.147+00:00,10069.572,RX,peer_observation,001113B3,1,5,01 00 00 B3 13
2026-09-28T15:22:36.152+00:00,10074.479,RX,peer_observation,000188EE,1,7,01 00 00 0F 03 EE 88
2026-09-28T15:22:36.152+00:00,10074.558,RX,peer_observation,001188EE,1,5,01 00 00 EE 88
2026-09-28T15:22:36.157+00:00,10079.312,RX,peer_observation,0001D787,1,7,01 00 00 0F 03 87 D7
2026-09-28T15:22:36.157+00:00,10079.395,RX,peer_observation,0011D787,1,5,01 00 00 87 D7
2026-09-28T15:22:36.162+00:00,10084.360,RX,peer_observation,0001BC87,1,7,01 00 00 0F 03 87 BC
2026-09-28T15:22:36.162+00:00,10084.470,RX,peer_observation,0011BC87,1,5,01 00 00 87 BC
2026-09-28T15:22:36.167+00:00,10089.270,RX,peer_observation,0001705C,1,7,01 00 00 0F 03 5C 70
2026-09-28T15:22:36.167+00:00,10089.516,RX,peer_observation,0011705C,1,5,01 00 00 5C 70
2026-09-28T15:22:36.172+00:00,10094.345,RX,peer_observation,0001AAD6,1,7,01 00 00 0F 03 D6 AA
2026-09-28T15:22:36.172+00:00,10094.467,RX,peer_observation,0011AAD6,1,5,01 00 00 D6 AA
2026-09-28T15:22:36.177+00:00,10099.355,RX,peer_observation,0001E1A5,1,7,01 00 00 0F 03 A5 E1
2026-09-28T15:22:36.177+00:00,10099.437,RX,peer_observation,0011E1A5,1,5,01 00 00 A5 E1
2026-09-28T15:22:36.182+00:00,10104.341,RX,peer_observation,000104A5,1,7,01 00 00 0F 03 A5 04
2026-09-28T15:22:36.182+00:00,10104.452,RX,peer_observation,001104A5,1,5,01 00 00 A5 04
2026-09-28T15:22:36.187+00:00,10109.289,RX,peer_observation,0001134F,1,7,01 00 00 0F 03 4F 13
2026-09-28T15:22:36.187+00:00,10109.425,RX,peer_observation,0011134F,1,5,01 00 00 4F 13
2026-09-28T15:22:36.192+00:00,10114.328,RX,peer_observation,00019CD7,1,7,01 00 00 0F 03 D7 9C
2026-09-28T15:22:36.192+00:00,10114.438,RX,peer_observation,00119CD7,1,5,01 00 00 D7 9C
2026-09-28T15:22:36.197+00:00,10119.400,RX,peer_observation,0001098D,1,7,01 00 00 0F 03 8D 09
2026-09-28T15:22:36.197+00:00,10119.559,RX,peer_observation,0011098D,1,5,01 00 00 8D 09
2026-09-28T15:22:36.202+00:00,10124.231,RX,peer_observation,0001EFE4,1,7,01 00 00 0F 03 E4 EF
2026-09-28T15:22:36.202+00:00,10124.474,RX,peer_observation,0011EFE4,1,5,01 00 00 E4 EF
2026-09-28T15:22:36.207+00:00,10129.208,RX,peer_observation,0001753E,1,7,01 00 00 0F 03 3E 75
2026-09-28T15:22:36.207+00:00,10129.454,RX,peer_observation,0011753E,1,5,01 00 00 3E 75
2026-09-28T15:22:36.212+00:00,10134.258,RX,peer_observation,0001562F,1,7,01 00 00 0F 03 2F 56
2026-09-28T15:22:36.212+00:00,10134.493,RX,peer_observation,0011562F,1,5,01 00 00 2F 56
2026-09-28T15:22:36.217+00:00,10139.207,RX,peer_observation,00011432,1,7,01 00 00 0F 03 32 14
2026-09-28T15:22:36.217+00:00,10139.480,RX,peer_observation,00111432,1,5,01 00 00 32 14
2026-09-28T15:22:36.222+00:00,10144.364,RX,peer_observation,00014EF1,1,7,01 00 00 0F 03 F1 4E
2026-09-28T15:22:36.222+00:00,10144.421,RX,peer_observation,00114EF1,1,5,01 00 00 F1 4E
2026-09-28T15:22:36.227+00:00,10149.297,RX,peer_observation,0001AA50,1,7,01 00 00 0F 03 50 AA
2026-09-28T15:22:36.227+00:00,10149.428,RX,peer_observation,0011AA50,1,5,01 00 00 50 AA
2026-09-28T15:22:36.232+00:00,10154.291,RX,peer_observation,00016A8A,1,7,01 00 00 0F 03 8A 6A
2026-09-28T15:22:36.232+00:00,10154.490,RX,peer_observation,00116A8A,1,5,01 00 00 8A 6A
2026-09-28T15:22:36.237+00:00,10159.243,RX,peer_observation,00013471,1,7,01 00 00 0F 03 71 34
2026-09-28T15:22:36.237+00:00,10159.445,RX,peer_observation,00113471,1,5,01 00 00 71 34
2026-09-28T15:22:36.242+00:00,10164.357,RX,peer_observation,0001A97F,1,7,01 00 00 0F 03 7F A9
2026-09-28T15:22:36.242+00:00,10164.434,RX,peer_observation,0011A97F,1,5,01 00 00 7F A9
2026-09-28T15:22:36.247+00:00,10169.403,RX,peer_observation,0001CF70,1,7,01 00 00 0F 03 70 CF
2026-09-28T15:22:36.247+00:00,10169.460,RX,peer_observation,0011CF70,1,5,01 00 00 70 CF
2026-09-28T15:22:36.252+00:00,10174.331,RX,peer_observation,0001DA63,1,7,01 00 00 0F 03 63 DA
2026-09-28T15:22:36.252+00:00,10174.408,RX,peer_observation,0011DA63,1,5,01 00 00 63 DA
2026-09-28T15:22:36.257+00:00,10179.404,RX,peer_observation,000119BA,1,7,01 00 00 0F 03 BA 19
2026-09-28T15:22:36.257+00:00,10179.461,RX,peer_observation,001119BA,1,5,01 00 00 BA 19
2026-09-28T15:22:36.262+00:00,10184.354,RX,peer_observation,0001738A,1,7,01 00 00 0F 03 8A 73
2026-09-28T15:22:36.262+00:00,10184.433,RX,peer_observation,0011738A,1,5,01 00 00 8A 73
2026-09-28T15:22:36.267+00:00,10189.278,RX,peer_observation,0001A362,1,7,01 00 00 0F 03 62 A3
2026-09-28T15:22:36.267+00:00,10189.594,RX,peer_observation,0011A362,1,5,01 00 00 62 A3
2026-09-28T15:22:36.272+00:00,10194.401,RX,peer_observation,0001E22B,1,7,01 00 00 0F 03 2B E2
2026-09-28T15:22:36.272+00:00,10194.457,RX,peer_observation,0011E22B,1,5,01 00 00 2B E2
2026-09-28T15:22:36.277+00:00,10199.409,RX,peer_observation,0001F88A,1,7,01 00 00 0F 03 8A F8
2026-09-28T15:22:36.277+00:00,10199.465,RX,peer_observation,0011F88A,1,5,01 00 00 8A F8
2026-09-28T15:22:36.282+00:00,10204.396,RX,peer_observation,00016B61,1,7,01 00 00 0F 03 61 6B
2026-09-28T15:22:36.282+00:00,10204.453,RX,peer_observation,00116B61,1,5,01 00 00 61 6B
2026-09-28T15:22:36.287+00:00,10209.415,RX,peer_observation,0001179A,1,7,01 00 00 0F 03 9A 17
2026-09-28T15:22:36.287+00:00,10209.471,RX,peer_observation,0011179A,1,5,01 00 00 9A 17
2026-09-28T15:22:36.292+00:00,10214.243,RX,peer_observation,0001D02B,1,7,01 00 00 0F 03 2B D0
2026-09-28T15:22:36.292+00:00,10214.530,RX,peer_observation,0011D02B,1,5,01 00 00 2B D0
2026-09-28T15:22:36.297+00:00,10219.302,RX,peer_observation,0001A89F,1,7,01 00 00 0F 03 9F A8
2026-09-28T15:22:36.297+00:00,10219.467,RX,peer_observation,0011A89F,1,5,01 00 00 9F A8
2026-09-28T15:22:36.302+00:00,10224.437,RX,peer_observation,0001E061,1,7,01 00 00 0F 03 61 E0
2026-09-28T15:22:36.302+00:00,10224.510,RX,peer_observation,0011E061,1,5,01 00 00 61 E0
2026-09-28T15:22:36.307+00:00,10229.372,RX,peer_observation,0001E4CC,1,7,01 00 00 0F 03 CC E4
2026-09-28T15:22:36.307+00:00,10229.453,RX,peer_observation,0011E4CC,1,5,01 00 00 CC E4
2026-09-28T15:22:36.312+00:00,10234.433,RX,peer_observation,0001DD2A,1,7,01 00 00 0F 03 2A DD
2026-09-28T15:22:36.312+00:00,10234.503,RX,peer_observation,0011DD2A,1,5,01 00 00 2A DD
2026-09-28T15:22:36.317+00:00,10239.222,RX,peer_observation,0001A4E9,1,7,01 00 00 0F 03 E9 A4
2026-09-28T15:22:36.317+00:00,10239.608,RX,peer_observation,0011A4E9,1,5,01 00 00 E9 A4
2026-09-28T15:22:36.322+00:00,10244.386,RX,peer_observation,00011A80,1,7,01 00 00 0F 03 80 1A
2026-09-28T15:22:36.322+00:00,10244.462,RX,peer_observation,00111A80,1,5,01 00 00 80 1A
2026-09-28T15:22:36.327+00:00,10249.343,RX,peer_observation,00011F41,1,7,01 00 00 0F 03 41 1F
2026-09-28T15:22:36.327+00:00,10249.440,RX,peer_observation,00111F41,1,5,01 00 00 41 1F
2026-09-28T15:22:36.332+00:00,10254.437,RX,peer_observation,0001DFCC,1,7,01 00 00 0F 03 CC DF
2026-09-28T15:22:36.332+00:00,10254.535,RX,peer_observation,0011DFCC,1,5,01 00 00 CC DF
2026-09-28T15:22:36.337+00:00,10259.476,RX,peer_observation,00012942,1,7,01 00 00 0F 03 42 29
2026-09-28T15:22:36.337+00:00,10259.543,RX,peer_observation,00112942,1,5,01 00 00 42 29
2026-09-28T15:22:36.342+00:00,10264.428,RX,peer_observation,00018290,1,7,01 00 00 0F 03 90 82
2026-09-28T15:22:36.342+00:00,10264.509,RX,peer_observation,00118290,1,5,01 00 00 90 82
2026-09-28T15:22:36.347+00:00,10269.256,RX,peer_observation,0001A2EF,1,7,01 00 00 0F 03 EF A2
2026-09-28T15:22:36.347+00:00,10269.476,RX,peer_observation,0011A2EF,1,5,01 00 00 EF A2
2026-09-28T15:22:36.352+00:00,10274.443,RX,peer_observation,00012EC0,1,7,01 00 00 0F 03 C0 2E
2026-09-28T15:22:36.352+00:00,10274.574,RX,peer_observation,00112EC0,1,5,01 00 00 C0 2E
2026-09-28T15:22:36.357+00:00,10279.243,RX,peer_observation,00013DDC,1,7,01 00 00 0F 03 DC 3D
2026-09-28T15:22:36.357+00:00,10279.552,RX,peer_observation,00113DDC,1,5,01 00 00 DC 3D
2026-09-28T15:22:36.362+00:00,10284.215,RX,peer_observation,0001173F,1,7,01 00 00 0F 03 3F 17
2026-09-28T15:22:36.362+00:00,10284.581,RX,peer_observation,0011173F,1,5,01 00 00 3F 17
2026-09-28T15:22:36.367+00:00,10289.372,RX,peer_observation,0001DF46,1,7,01 00 00 0F 03 46 DF
2026-09-28T15:22:36.367+00:00,10289.431,RX,peer_observation,0011DF46,1,5,01 00 00 46 DF
2026-09-28T15:22:36.372+00:00,10294.464,RX,peer_observation,00017D98,1,7,01 00 00 0F 03 98 7D
2026-09-28T15:22:36.372+00:00,10294.572,RX,peer_observation,00117D98,1,5,01 00 00 98 7D
2026-09-28T15:22:36.377+00:00,10299.477,RX,peer_observation,0001B87E,1,7,01 00 00 0F 03 7E B8
2026-09-28T15:22:36.377+00:00,10299.578,RX,peer_observation,0011B87E,1,5,01 00 00 7E B8
2026-09-28T15:22:36.382+00:00,10304.446,RX,peer_observation,0001A2E0,1,7,01 00 00 0F 03 E0 A2
2026-09-28T15:22:36.382+00:00,10304.528,RX,peer_observation,0011A2E0,1,5,01 00 00 E0 A2
2026-09-28T15:22:36.387+00:00,10309.501,RX,peer_observation,00012ACA,1,7,01 00 00 0F 03 CA 2A
2026-09-28T15:22:36.387+00:00,10309.613,RX,peer_observation,00112ACA,1,5,01 00 00 CA 2A
2026-09-28T15:22:36.392+00:00,10314.453,RX,peer_observation,00019075,1,7,01 00 00 0F 03 75 90
2026-09-28T15:22:36.392+00:00,10314.540,RX,peer_observation,00119075,1,5,01 00 00 75 90
2026-09-28T15:22:36.397+00:00,10319.292,RX,peer_observation,00016F6D,1,7,01 00 00 0F 03 6D 6F
2026-09-28T15:22:36.397+00:00,10319.378,RX,peer_observation,00116F6D,1,5,01 00 00 6D 6F
2026-09-28T15:22:36.402+00:00,10324.413,RX,peer_observation,000125EC,1,7,01 00 00 0F 03 EC 25
2026-09-28T15:22:36.402+00:00,10324.493,RX,peer_observation,001125EC,1,5,01 00 00 EC 25
2026-09-28T15:22:36.407+00:00,10329.230,RX,peer_observation,00018264,1,7,01 00 00 0F 03 64 82
2026-09-28T15:22:36.407+00:00,10329.500,RX,peer_observation,00118264,1,5,01 00 00 64 82
2026-09-28T15:22:36.412+00:00,10334.439,RX,peer_observation,00012A6A,1,7,01 00 00 0F 03 6A 2A
2026-09-28T15:22:36.412+00:00,10334.548,RX,peer_observation,00112A6A,1,5,01 00 00 6A 2A
2026-09-28T15:22:36.417+00:00,10339.374,RX,peer_observation,00011E2A,1,7,01 00 00 0F 03 2A 1E
2026-09-28T15:22:36.417+00:00,10339.438,RX,peer_observation,00111E2A,1,5,01 00 00 2A 1E
2026-09-28T15:22:36.422+00:00,10344.471,RX,peer_observation,00010A46,1,7,01 00 00 0F 03 46 0A
2026-09-28T15:22:36.422+00:00,10344.567,RX,peer_observation,00110A46,1,5,01 00 00 46 0A
2026-09-28T15:22:36.427+00:00,10349.424,RX,peer_observation,0001FC78,1,7,01 00 00 0F 03 78 FC
2026-09-28T15:22:36.427+00:00,10349.498,RX,peer_observation,0011FC78,1,5,01 00 00 78 FC
2026-09-28T15:22:36.432+00:00,10354.443,RX,peer_observation,0001BA9D,1,7,01 00 00 0F 03 9D BA
2026-09-28T15:22:36.432+00:00,10354.528,RX,peer_observation,0011BA9D,1,5,01 00 00 9D BA
2026-09-28T15:22:36.437+00:00,10359.381,RX,peer_observation,00019FE0,1,7,01 00 00 0F 03 E0 9F
2026-09-28T15:22:36.437+00:00,10359.463,RX,peer_observation,00119FE0,1,5,01 00 00 E0 9F
2026-09-28T15:22:36.442+00:00,10364.449,RX,peer_observation,00018741,1,7,01 00 00 0F 03 41 87
2026-09-28T15:22:36.442+00:00,10364.531,RX,peer_observation,00118741,1,5,01 00 00 41 87
2026-09-28T15:22:36.447+00:00,10369.219,RX,peer_observation,00016BB6,1,7,01 00 00 0F 03 B6 6B
2026-09-28T15:22:36.447+00:00,10369.449,RX,peer_observation,00116BB6,1,5,01 00 00 B6 6B
2026-09-28T15:22:36.452+00:00,10374.208,RX,peer_observation,00014C2D,1,7,01 00 00 0F 03 2D 4C
2026-09-28T15:22:36.452+00:00,10374.338,RX,peer_observation,00114C2D,1,5,01 00 00 2D 4C
2026-09-28T15:22:36.457+00:00,10379.198,RX,peer_observation,0001D39B,1,7,01 00 00 0F 03 9B D3
2026-09-28T15:22:36.457+00:00,10379.464,RX,peer_observation,0011D39B,1,5,01 00 00 9B D3
2026-09-28T15:22:36.462+00:00,10384.191,RX,peer_observation,0001E661,1,7,01 00 00 0F 03 61 E6
2026-09-28T15:22:36.462+00:00,10384.462,RX,peer_observation,0011E661,1,5,01 00 00 61 E6
2026-09-28T15:22:36.467+00:00,10389.165,RX,peer_observation,0001D5B0,1,7,01 00 00 0F 03 B0 D5
2026-09-28T15:22:36.467+00:00,10389.422,RX,peer_observation,0011D5B0,1,5,01 00 00 B0 D5
2026-09-28T15:22:36.472+00:00,10394.194,RX,peer_observation,000144D6,1,7,01 00 00 0F 03 D6 44
2026-09-28T15:22:36.472+00:00,10394.530,RX,peer_observation,001144D6,1,5,01 00 00 D6 44
2026-09-28T15:22:36.477+00:00,10399.177,RX,peer_observation,0001D638,1,7,01 00 00 0F 03 38 D6
2026-09-28T15:22:36.477+00:00,10399.438,RX,peer_observation,0011D638,1,5,01 00 00 38 D6
2026-09-28T15:22:36.482+00:00,10404.197,RX,peer_observation,0001DCE4,1,7,01 00 00 0F 03 E4 DC
2026-09-28T15:22:36.482+00:00,10404.477,RX,peer_observation,0011DCE4,1,5,01 00 00 E4 DC
2026-09-28T15:22:36.487+00:00,10409.198,RX,peer_observation,0001212F,1,7,01 00 00 0F 03 2F 21
2026-09-28T15:22:36.487+00:00,10409.459,RX,peer_observation,0011212F,1,5,01 00 00 2F 21
2026-09-28T15:22:36.492+00:00,10414.260,RX,peer_observation,00013A55,1,7,01 00 00 0F 03 55 3A
2026-09-28T15:22:36.492+00:00,10414.372,RX,peer_observation,00113A55,1,5,01 00 00 55 3A
2026-09-28T15:22:36.497+00:00,10419.434,RX,peer_observation,0001FA20,1,7,01 00 00 0F 03 20 FA
2026-09-28T15:22:36.497+00:00,10419.535,RX,peer_observation,0011FA20,1,5,01 00 00 20 FA
2026-09-28T15:22:36.502+00:00,10424.378,RX,peer_observation,0001D9FE,1,7,01 00 00 0F 03 FE D9
2026-09-28T15:22:36.502+00:00,10424.434,RX,peer_observation,0011D9FE,1,5,01 00 00 FE D9
2026-09-28T15:22:36.507+00:00,10429.328,RX,peer_observation,00019044,1,7,01 00 00 0F 03 44 90
2026-09-28T15:22:36.507+00:00,10429.501,RX,peer_observation,00119044,1,5,01 00 00 44 90
2026-09-28T15:22:36.512+00:00,10434.353,RX,peer_observation,0001BE8C,1,7,01 00 00 0F 03 8C BE
2026-09-28T15:22:36.512+00:00,10434.410,RX,peer_observation,0011BE8C,1,5,01 00 00 8C BE
2026-09-28T15:22:36.517+00:00,10439.357,RX,peer_observation,0001D8B3,1,7,01 00 00 0F 03 B3 D8
2026-09-28T15:22:36.517+00:00,10439.458,RX,peer_observation,0011D8B3,1,5,01 00 00 B3 D8
2026-09-28T15:22:36.522+00:00,10444.357,RX,peer_observation,00014DE7,1,7,01 00 00 0F 03 E7 4D
2026-09-28T15:22:36.522+00:00,10444.414,RX,peer_observation,00114DE7,1,5,01 00 00 E7 4D
2026-09-28T15:22:36.527+00:00,10449.454,RX,peer_observation,00016620,1,7,01 00 00 0F 03 20 66
2026-09-28T15:22:36.527+00:00,10449.570,RX,peer_observation,00116620,1,5,01 00 00 20 66
2026-09-28T15:22:36.532+00:00,10454.175,RX,peer_observation,00013664,1,7,01 00 00 0F 03 64 36
2026-09-28T15:22:36.532+00:00,10454.487,RX,peer_observation,00113664,1,5,01 00 00 64 36
2026-09-28T15:22:36.537+00:00,10459.361,RX,peer_observation,00016D84,1,7,01 00 00 0F 03 84 6D
2026-09-28T15:22:36.537+00:00,10459.418,RX,peer_observation,00116D84,1,5,01 00 00 84 6D
2026-09-28T15:22:36.542+00:00,10464.314,RX,peer_observation,0001FD95,1,7,01 00 00 0F 03 95 FD
2026-09-28T15:22:36.542+00:00,10464.414,RX,peer_observation,0011FD95,1,5,01 00 00 95 FD
2026-09-28T15:22:36.547+00:00,10469.415,RX,peer_observation,00014CA3,1,7,01 00 00 0F 03 A3 4C
2026-09-28T15:22:36.547+00:00,10469.496,RX,peer_observation,00114CA3,1,5,01 00 00 A3 4C
2026-09-28T15:22:36.552+00:00,10474.382,RX,peer_observation,0001A375,1,7,01 00 00 0F 03 75 A3
2026-09-28T15:22:36.552+00:00,10474.441,RX,peer_observation,0011A375,1,5,01 00 00 75 A3
2026-09-28T15:22:36.557+00:00,10479.234,RX,peer_observation,00011B49,1,7,01 00 00 0F 03 49 1B
2026-09-28T15:22:36.558+00:00,10480.259,RX,peer_observation,00111B49,1,5,01 00 00 49 1B
2026-09-28T15:22:36.562+00:00,10484.376,RX,peer_observation,00015B48,1,7,01 00 00 0F 03 48 5B
2026-09-28T15:22:36.562+00:00,10484.461,RX,peer_observation,00115B48,1,5,01 00 00 48 5B
2026-09-28T15:22:36.567+00:00,10489.445,RX,peer_observation,00011DB6,1,7,01 00 00 0F 03 B6 1D
2026-09-28T15:22:36.567+00:00,10489.535,RX,peer_observation,00111DB6,1,5,01 00 00 B6 1D
2026-09-28T15:22:36.572+00:00,10494.310,RX,peer_observation,00017867,1,7,01 00 00 0F 03 67 78
2026-09-28T15:22:36.572+00:00,10494.388,RX,peer_observation,00117867,1,5,01 00 00 67 78
2026-09-28T15:22:36.577+00:00,10499.369,RX,peer_observation,0001BA90,1,7,01 00 00 0F 03 90 BA
2026-09-28T15:22:36.577+00:00,10499.485,RX,peer_observation,0011BA90,1,5,01 00 00 90 BA
2026-09-28T15:22:36.582+00:00,10504.347,RX,peer_observation,0001CBCA,1,7,01 00 00 0F 03 CA CB
2026-09-28T15:22:36.582+00:00,10504.428,RX,peer_observation,0011CBCA,1,5,01 00 00 CA CB
2026-09-28T15:22:36.587+00:00,10509.301,RX,peer_observation,00014858,1,7,01 00 00 0F 03 58 48
2026-09-28T15:22:36.587+00:00,10509.413,RX,peer_observation,00114858,1,5,01 00 00 58 48
2026-09-28T15:22:36.592+00:00,10514.334,RX,peer_observation,00016415,1,7,01 00 00 0F 03 15 64
2026-09-28T15:22:36.592+00:00,10514.392,RX,peer_observation,00116415,1,5,01 00 00 15 64
2026-09-28T15:22:36.597+00:00,10519.191,RX,peer_observation,0001BA31,1,7,01 00 00 0F 03 31 BA
2026-09-28T15:22:36.597+00:00,10519.424,RX,peer_observation,0011BA31,1,5,01 00 00 31 BA
2026-09-28T15:22:36.602+00:00,10524.355,RX,peer_observation,00010072,1,7,01 00 00 0F 03 72 00
2026-09-28T15:22:36.602+00:00,10524.413,RX,peer_observation,00110072,1,5,01 00 00 72 00
2026-09-28T15:22:36.607+00:00,10529.200,RX,peer_observation,00016D79,1,7,01 00 00 0F 03 79 6D
2026-09-28T15:22:36.607+00:00,10529.437,RX,peer_observation,00116D79,1,5,01 00 00 79 6D
2026-09-28T15:22:36.612+00:00,10534.164,RX,peer_observation,00012B76,1,7,01 00 00 0F 03 76 2B
2026-09-28T15:22:36.612+00:00,10534.433,RX,peer_observation,00112B76,1,5,01 00 00 76 2B
2026-09-28T15:22:36.617+00:00,10539.177,RX,peer_observation,00011586,1,7,01 00 00 0F 03 86 15
2026-09-28T15:22:36.617+00:00,10539.413,RX,peer_observation,00111586,1,5,01 00 00 86 15
2026-09-28T15:22:36.622+00:00,10544.367,RX,peer_observation,000139ED,1,7,01 00 00 0F 03 ED 39
2026-09-28T15:22:36.622+00:00,10544.424,RX,peer_observation,001139ED,1,5,01 00 00 ED 39
2026-09-28T15:22:36.627+00:00,10549.202,RX,peer_observation,0001F889,1,7,01 00 00 0F 03 89 F8
2026-09-28T15:22:36.627+00:00,10549.468,RX,peer_observation,0011F889,1,5,01 00 00 89 F8
2026-09-28T15:22:36.632+00:00,10554.193,RX,peer_observation,0001623B,1,7,01 00 00 0F 03 3B 62
2026-09-28T15:22:36.632+00:00,10554.513,RX,peer_observation,0011623B,1,5,01 00 00 3B 62
2026-09-28T15:22:36.637+00:00,10559.195,RX,peer_observation,0001845C,1,7,01 00 00 0F 03 5C 84
2026-09-28T15:22:36.637+00:00,10559.487,RX,peer_observation,0011845C,1,5,01 00 00 5C 84
2026-09-28T15:22:36.642+00:00,10564.352,RX,peer_observation,0001ABBB,1,7,01 00 00 0F 03 BB AB
2026-09-28T15:22:36.642+00:00,10564.409,RX,peer_observation,0011ABBB,1,5,01 00 00 BB AB
2026-09-28T15:22:36.647+00:00,10569.335,RX,peer_observation,0001A3CE,1,7,01 00 00 0F 03 CE A3
2026-09-28T15:22:36.647+00:00,10569.413,RX,peer_observation,0011A3CE,1,5,01 00 00 CE A3
2026-09-28T15:22:36.652+00:00,10574.417,RX,peer_observation,00015E37,1,7,01 00 00 0F 03 37 5E
2026-09-28T15:22:36.652+00:00,10574.497,RX,peer_observation,00115E37,1,5,01 00 00 37 5E
2026-09-28T15:22:36.657+00:00,10579.355,RX,peer_observation,000168A7,1,7,01 00 00 0F 03 A7 68
2026-09-28T15:22:36.657+00:00,10579.435,RX,peer_observation,001168A7,1,5,01 00 00 A7 68
2026-09-28T15:22:36.662+00:00,10584.424,RX,peer_observation,0001AC79,1,7,01 00 00 0F 03 79 AC
2026-09-28T15:22:36.662+00:00,10584.520,RX,peer_observation,0011AC79,1,5,01 00 00 79 AC
2026-09-28T15:22:36.667+00:00,10589.388,RX,peer_observation,00010078,1,7,01 00 00 0F 03 78 00
2026-09-28T15:22:36.667+00:00,10589.474,RX,peer_observation,00110078,1,5,01 00 00 78 00
2026-09-28T15:22:36.672+00:00,10594.417,RX,peer_observation,0001E982,1,7,01 00 00 0F 03 82 E9
2026-09-28T15:22:36.672+00:00,10594.497,RX,peer_observation,0011E982,1,5,01 00 00 82 E9
2026-09-28T15:22:36.677+00:00,10599.357,RX,peer_observation,0001FDF8,1,7,01 00 00 0F 03 F8 FD
2026-09-28T15:22:36.677+00:00,10599.515,RX,peer_observation,0011FDF8,1,5,01 00 00 F8 FD
2026-09-28T15:22:36.682+00:00,10604.447,RX,peer_observation,000132E4,1,7,01 00 00 0F 03 E4 32
2026-09-28T15:22:36.682+00:00,10604.540,RX,peer_observation,001132E4,1,5,01 00 00 E4 32
2026-09-28T15:22:36.687+00:00,10609.360,RX,peer_observation,00012E75,1,7,01 00 00 0F 03 75 2E
2026-09-28T15:22:36.687+00:00,10609.461,RX,peer_observation,00112E75,1,5,01 00 00 75 2E
2026-09-28T15:22:36.692+00:00,10614.427,RX,peer_observation,00011F5C,1,7,01 00 00 0F 03 5C 1F
2026-09-28T15:22:36.692+00:00,10614.527,RX,peer_observation,00111F5C,1,5,01 00 00 5C 1F
2026-09-28T15:22:36.697+00:00,10619.235,RX,peer_observation,00014EAE,1,7,01 00 00 0F 03 AE 4E
2026-09-28T15:22:36.697+00:00,10619.472,RX,peer_observation,00114EAE,1,5,01 00 00 AE 4E
2026-09-28T15:22:36.702+00:00,10624.173,RX,peer_observation,0001FB98,1,7,01 00 00 0F 03 98 FB
2026-09-28T15:22:36.702+00:00,10624.417,RX,peer_observation,0011FB98,1,5,01 00 00 98 FB
2026-09-28T15:22:36.707+00:00,10629.265,RX,peer_observation,00013805,1,7,01 00 00 0F 03 05 38
2026-09-28T15:22:36.707+00:00,10629.358,RX,peer_observation,00113805,1,5,01 00 00 05 38
2026-09-28T15:22:36.712+00:00,10634.240,RX,peer_observation,000137D1,1,7,01 00 00 0F 03 D1 37
2026-09-28T15:22:36.712+00:00,10634.461,RX,peer_observation,001137D1,1,5,01 00 00 D1 37
2026-09-28T15:22:36.717+00:00,10639.257,RX,peer_observation,000156EE,1,7,01 00 00 0F 03 EE 56
2026-09-28T15:22:36.717+00:00,10639.364,RX,peer_observation,001156EE,1,5,01 00 00 EE 56
2026-09-28T15:22:36.722+00:00,10644.147,RX,peer_observation,0001E79C,1,7,01 00 00 0F 03 9C E7
2026-09-28T15:22:36.722+00:00,10644.387,RX,peer_observation,0011E79C,1,5,01 00 00 9C E7
2026-09-28T15:22:36.727+00:00,10649.235,RX,peer_observation,0001C50C,1,7,01 00 00 0F 03 0C C5
2026-09-28T15:22:36.727+00:00,10649.352,RX,peer_observation,0011C50C,1,5,01 00 00 0C C5
2026-09-28T15:22:36.732+00:00,10654.152,RX,peer_observation,00015E21,1,7,01 00 00 0F 03 21 5E
2026-09-28T15:22:36.732+00:00,10654.391,RX,peer_observation,00115E21,1,5,01 00 00 21 5E
2026-09-28T15:22:36.737+00:00,10659.147,RX,peer_observation,00010953,1,7,01 00 00 0F 03 53 09
2026-09-28T15:22:36.737+00:00,10659.389,RX,peer_observation,00110953,1,5,01 00 00 53 09
2026-09-28T15:22:36.742+00:00,10664.210,RX,peer_observation,00015B9E,1,7,01 00 00 0F 03 9E 5B
2026-09-28T15:22:36.742+00:00,10664.369,RX,peer_observation,00115B9E,1,5,01 00 00 9E 5B
2026-09-28T15:22:36.747+00:00,10669.398,RX,peer_observation,0001A22A,1,7,01 00 00 0F 03 2A A2
2026-09-28T15:22:36.747+00:00,10669.468,RX,peer_observation,0011A22A,1,5,01 00 00 2A A2
2026-09-28T15:22:36.752+00:00,10674.331,RX,peer_observation,00017DDC,1,7,01 00 00 0F 03 DC 7D
2026-09-28T15:22:36.752+00:00,10674.388,RX,peer_observation,00117DDC,1,5,01 00 00 DC 7D
2026-09-28T15:22:36.757+00:00,10679.263,RX,peer_observation,00016D64,1,7,01 00 00 0F 03 64 6D
2026-09-28T15:22:36.757+00:00,10679.342,RX,peer_observation,00116D64,1,5,01 00 00 64 6D
2026-09-28T15:22:36.762+00:00,10684.319,RX,peer_observation,00017BFD,1,7,01 00 00 0F 03 FD 7B
2026-09-28T15:22:36.762+00:00,10684.376,RX,peer_observation,00117BFD,1,5,01 00 00 FD 7B
2026-09-28T15:22:36.767+00:00,10689.140,RX,peer_observation,0001478B,1,7,01 00 00 0F 03 8B 47
2026-09-28T15:22:36.767+00:00,10689.413,RX,peer_observation,0011478B,1,5,01 00 00 8B 47
2026-09-28T15:22:36.772+00:00,10694.236,RX,peer_observation,000106CF,1,7,01 00 00 0F 03 CF 06
2026-09-28T15:22:36.772+00:00,10694.342,RX,peer_observation,001106CF,1,5,01 00 00 CF 06
2026-09-28T15:22:36.777+00:00,10699.278,RX,peer_observation,00019BC9,1,7,01 00 00 0F 03 C9 9B
2026-09-28T15:22:36.777+00:00,10699.354,RX,peer_observation,00119BC9,1,5,01 00 00 C9 9B
2026-09-28T15:22:36.782+00:00,10704.326,RX,peer_observation,0001858A,1,7,01 00 00 0F 03 8A 85
2026-09-28T15:22:36.782+00:00,10704.383,RX,peer_observation,0011858A,1,5,01 00 00 8A 85
2026-09-28T15:22:36.787+00:00,10709.256,RX,peer_observation,0001737D,1,7,01 00 00 0F 03 7D 73
2026-09-28T15:22:36.787+00:00,10709.362,RX,peer_observation,0011737D,1,5,01 00 00 7D 73
2026-09-28T15:22:36.792+00:00,10714.234,RX,peer_observation,0001D7A1,1,7,01 00 00 0F 03 A1 D7
2026-09-28T15:22:36.792+00:00,10714.340,RX,peer_observation,0011D7A1,1,5,01 00 00 A1 D7
2026-09-28T15:22:36.797+00:00,10719.332,RX,peer_observation,0001D43C,1,7,01 00 00 0F 03 3C D4
2026-09-28T15:22:36.797+00:00,10719.407,RX,peer_observation,0011D43C,1,5,01 00 00 3C D4
2026-09-28T15:22:36.802+00:00,10724.417,RX,peer_observation,00011F0D,1,7,01 00 00 0F 03 0D 1F
2026-09-28T15:22:36.802+00:00,10724.510,RX,peer_observation,00111F0D,1,5,01 00 00 0D 1F
2026-09-28T15:22:36.807+00:00,10729.371,RX,peer_observation,0001B8C6,1,7,01 00 00 0F 03 C6 B8
2026-09-28T15:22:36.807+00:00,10729.428,RX,peer_observation,0011B8C6,1,5,01 00 00 C6 B8
2026-09-28T15:22:36.812+00:00,10734.276,RX,peer_observation,0001EF3B,1,7,01 00 00 0F 03 3B EF
2026-09-28T15:22:36.812+00:00,10734.522,RX,peer_observation,0011EF3B,1,5,01 00 00 3B EF
2026-09-28T15:22:36.817+00:00,10739.334,RX,peer_observation,0001A140,1,7,01 00 00 0F 03 40 A1
2026-09-28T15:22:36.817+00:00,10739.404,RX,peer_observation,0011A140,1,5,01 00 00 40 A1
2026-09-28T15:22:36.822+00:00,10744.250,RX,peer_observation,00019F89,1,7,01 00 00 0F 03 89 9F
2026-09-28T15:22:36.822+00:00,10744.344,RX,peer_observation,00119F89,1,5,01 00 00 89 9F
2026-09-28T15:22:36.827+00:00,10749.326,RX,peer_observation,00010CB2,1,7,01 00 00 0F 03 B2 0C
2026-09-28T15:22:36.827+00:00,10749.397,RX,peer_observation,00110CB2,1,5,01 00 00 B2 0C
2026-09-28T15:22:36.832+00:00,10754.277,RX,peer_observation,000150EB,1,7,01 00 00 0F 03 EB 50
2026-09-28T15:22:36.832+00:00,10754.385,RX,peer_observation,001150EB,1,5,01 00 00 EB 50
2026-09-28T15:22:36.837+00:00,10759.367,RX,peer_observation,0001C993,1,7,01 00 00 0F 03 93 C9
2026-09-28T15:22:36.837+00:00,10759.455,RX,peer_observation,0011C993,1,5,01 00 00 93 C9
2026-09-28T15:22:36.842+00:00,10764.264,RX,peer_observation,0001693E,1,7,01 00 00 0F 03 3E 69
2026-09-28T15:22:36.842+00:00,10764.397,RX,peer_observation,0011693E,1,5,01 00 00 3E 69
2026-09-28T15:22:36.847+00:00,10769.144,RX,peer_observation,00015CEE,1,7,01 00 00 0F 03 EE 5C
2026-09-28T15:22:36.847+00:00,10769.388,RX,peer_observation,00115CEE,1,5,01 00 00 EE 5C
2026-09-28T15:22:36.852+00:00,10774.337,RX,peer_observation,0001DB48,1,7,01 00 00 0F 03 48 DB
2026-09-28T15:22:36.852+00:00,10774.394,RX,peer_observation,0011DB48,1,5,01 00 00 48 DB
2026-09-28T15:22:36.857+00:00,10779.234,RX,peer_observation,00017B63,1,7,01 00 00 0F 03 63 7B
2026-09-28T15:22:36.857+00:00,10779.321,RX,peer_observation,00117B63,1,5,01 00 00 63 7B
2026-09-28T15:22:36.862+00:00,10784.330,RX,peer_observation,00013972,1,7,01 00 00 0F 03 72 39
2026-09-28T15:22:36.862+00:00,10784.387,RX,peer_observation,00113972,1,5,01 00 00 72 39
2026-09-28T15:22:36.867+00:00,10789.151,RX,peer_observation,00010916,1,7,01 00 00 0F 03 16 09
2026-09-28T15:22:36.867+00:00,10789.395,RX,peer_observation,00110916,1,5,01 00 00 16 09
2026-09-28T15:22:36.872+00:00,10794.145,RX,peer_observation,0001F1D3,1,7,01 00 00 0F 03 D3 F1
2026-09-28T15:22:36.872+00:00,10794.407,RX,peer_observation,0011F1D3,1,5,01 00 00 D3 F1
2026-09-28T15:22:36.877+00:00,10799.127,RX,peer_observation,00014143,1,7,01 00 00 0F 03 43 41
2026-09-28T15:22:36.877+00:00,10799.369,RX,peer_observation,00114143,1,5,01 00 00 43 41
2026-09-28T15:22:36.882+00:00,10804.235,RX,peer_observation,000168EF,1,7,01 00 00 0F 03 EF 68
2026-09-28T15:22:36.882+00:00,10804.327,RX,peer_observation,001168EF,1,5,01 00 00 EF 68
2026-09-28T15:22:36.887+00:00,10809.212,RX,peer_observation,0001980F,1,7,01 00 00 0F 03 0F 98
2026-09-28T15:22:36.887+00:00,10809.344,RX,peer_observation,0011980F,1,5,01 00 00 0F 98
2026-09-28T15:22:36.892+00:00,10814.230,RX,peer_observation,00017D61,1,7,01 00 00 0F 03 61 7D
2026-09-28T15:22:36.892+00:00,10814.336,RX,peer_observation,00117D61,1,5,01 00 00 61 7D
2026-09-28T15:22:36.897+00:00,10819.358,RX,peer_observation,000130DB,1,7,01 00 00 0F 03 DB 30
2026-09-28T15:22:36.897+00:00,10819.453,RX,peer_observation,001130DB,1,5,01 00 00 DB 30
2026-09-28T15:22:36.902+00:00,10824.368,RX,peer_observation,0001554A,1,7,01 00 00 0F 03 4A 55
2026-09-28T15:22:36.902+00:00,10824.433,RX,peer_observation,0011554A,1,5,01 00 00 4A 55
2026-09-28T15:22:36.907+00:00,10829.305,RX,peer_observation,00012D15,1,7,01 00 00 0F 03 15 2D
2026-09-28T15:22:36.907+00:00,10829.375,RX,peer_observation,00112D15,1,5,01 00 00 15 2D
2026-09-28T15:22:36.912+00:00,10834.394,RX,peer_observation,0001A33A,1,7,01 00 00 0F 03 3A A3
2026-09-28T15:22:36.912+00:00,10834.444,RX,peer_observation,0011A33A,1,5,01 00 00 3A A3
2026-09-28T15:22:36.917+00:00,10839.305,RX,peer_observation,0001DB61,1,7,01 00 00 0F 03 61 DB
2026-09-28T15:22:36.917+00:00,10839.375,RX,peer_observation,0011DB61,1,5,01 00 00 61 DB
2026-09-28T15:22:36.922+00:00,10844.355,RX,peer_observation,000196E9,1,7,01 00 00 0F 03 E9 96
2026-09-28T15:22:36.922+00:00,10844.470,RX,peer_observation,001196E9,1,5,01 00 00 E9 96
2026-09-28T15:22:36.927+00:00,10849.305,RX,peer_observation,00011093,1,7,01 00 00 0F 03 93 10
2026-09-28T15:22:36.927+00:00,10849.371,RX,peer_observation,00111093,1,5,01 00 00 93 10
2026-09-28T15:22:36.932+00:00,10854.308,RX,peer_observation,000186FF,1,7,01 00 00 0F 03 FF 86
2026-09-28T15:22:36.932+00:00,10854.427,RX,peer_observation,001186FF,1,5,01 00 00 FF 86
2026-09-28T15:22:36.937+00:00,10859.218,RX,peer_observation,00017BCB,1,7,01 00 00 0F 03 CB 7B
2026-09-28T15:22:36.937+00:00,10859.414,RX,peer_observation,00117BCB,1,5,01 00 00 CB 7B
2026-09-28T15:22:36.942+00:00,10864.395,RX,peer_observation,000167C1,1,7,01 00 00 0F 03 C1 67
2026-09-28T15:22:36.942+00:00,10864.502,RX,peer_observation,001167C1,1,5,01 00 00 C1 67
2026-09-28T15:22:36.947+00:00,10869.126,RX,peer_observation,000164B6,1,7,01 00 00 0F 03 B6 64
2026-09-28T15:22:36.947+00:00,10869.496,RX,peer_observation,001164B6,1,5,01 00 00 B6 64
2026-09-28T15:22:36.952+00:00,10874.154,RX,peer_observation,00013F50,1,7,01 00 00 0F 03 50 3F
2026-09-28T15:22:36.952+00:00,10874.442,RX,peer_observation,00113F50,1,5,01 00 00 50 3F
2026-09-28T15:22:36.957+00:00,10879.220,RX,peer_observation,0001E6C0,1,7,01 00 00 0F 03 C0 E6
2026-09-28T15:22:36.957+00:00,10879.364,RX,peer_observation,0011E6C0,1,5,01 00 00 C0 E6
2026-09-28T15:22:36.962+00:00,10884.204,RX,peer_observation,0001DAE2,1,7,01 00 00 0F 03 E2 DA
2026-09-28T15:22:36.962+00:00,10884.358,RX,peer_observation,0011DAE2,1,5,01 00 00 E2 DA
2026-09-28T15:22:36.967+00:00,10889.167,RX,peer_observation,00018DBE,1,7,01 00 00 0F 03 BE 8D
2026-09-28T15:22:36.967+00:00,10889.399,RX,peer_observation,00118DBE,1,5,01 00 00 BE 8D
2026-09-28T15:22:36.972+00:00,10894.136,RX,peer_observation,00018529,1,7,01 00 00 0F 03 29 85
2026-09-28T15:22:36.972+00:00,10894.409,RX,peer_observation,00118529,1,5,01 00 00 29 85
2026-09-28T15:22:36.977+00:00,10899.167,RX,peer_observation,0001BC52,1,7,01 00 00 0F 03 52 BC
2026-09-28T15:22:36.977+00:00,10899.415,RX,peer_observation,0011BC52,1,5,01 00 00 52 BC
2026-09-28T15:22:36.982+00:00,10904.369,RX,peer_observation,000148B4,1,7,01 00 00 0F 03 B4 48
2026-09-28T15:22:36.982+00:00,10904.418,RX,peer_observation,001148B4,1,5,01 00 00 B4 48
2026-09-28T15:22:36.987+00:00,10909.312,RX,peer_observation,0001DA19,1,7,01 00 00 0F 03 19 DA
2026-09-28T15:22:36.987+00:00,10909.360,RX,peer_observation,0011DA19,1,5,01 00 00 19 DA
2026-09-28T15:22:36.992+00:00,10914.323,RX,peer_observation,00019A0F,1,7,01 00 00 0F 03 0F 9A
2026-09-28T15:22:36.992+00:00,10914.396,RX,peer_observation,00119A0F,1,5,01 00 00 0F 9A
2026-09-28T15:22:36.997+00:00,10919.423,RX,peer_observation,0001636D,1,7,01 00 00 0F 03 6D 63
2026-09-28T15:22:36.997+00:00,10919.527,RX,peer_observation,0011636D,1,5,01 00 00 6D 63
2026-09-28T15:22:37.002+00:00,10924.325,RX,peer_observation,000193FE,1,7,01 00 00 0F 03 FE 93
2026-09-28T15:22:37.002+00:00,10924.410,RX,peer_observation,001193FE,1,5,01 00 00 FE 93
2026-09-28T15:22:37.007+00:00,10929.437,RX,peer_observation,00010E31,1,7,01 00 00 0F 03 31 0E
2026-09-28T15:22:37.007+00:00,10929.527,RX,peer_observation,00110E31,1,5,01 00 00 31 0E
2026-09-28T15:22:37.012+00:00,10934.314,RX,peer_observation,000104EF,1,7,01 00 00 0F 03 EF 04
2026-09-28T15:22:37.012+00:00,10934.371,RX,peer_observation,001104EF,1,5,01 00 00 EF 04
2026-09-28T15:22:37.017+00:00,10939.341,RX,peer_observation,0001170C,1,7,01 00 00 0F 03 0C 17
2026-09-28T15:22:37.017+00:00,10939.435,RX,peer_observation,0011170C,1,5,01 00 00 0C 17
2026-09-28T15:22:37.022+00:00,10944.303,RX,peer_observation,00015FA9,1,7,01 00 00 0F 03 A9 5F
2026-09-28T15:22:37.022+00:00,10944.360,RX,peer_observation,00115FA9,1,5,01 00 00 A9 5F
2026-09-28T15:22:37.027+00:00,10949.342,RX,peer_observation,0001E400,1,7,01 00 00 0F 03 00 E4
2026-09-28T15:22:37.027+00:00,10949.440,RX,peer_observation,0011E400,1,5,01 00 00 00 E4
2026-09-28T15:22:37.032+00:00,10954.338,RX,peer_observation,000171C1,1,7,01 00 00 0F 03 C1 71
2026-09-28T15:22:37.032+00:00,10954.467,RX,peer_observation,001171C1,1,5,01 00 00 C1 71
2026-09-28T15:22:37.037+00:00,10959.350,RX,peer_observation,00010130,1,7,01 00 00 0F 03 30 01
2026-09-28T15:22:37.037+00:00,10959.473,RX,peer_observation,00110130,1,5,01 00 00 30 01
2026-09-28T15:22:37.042+00:00,10964.321,RX,peer_observation,00018549,1,7,01 00 00 0F 03 49 85
2026-09-28T15:22:37.042+00:00,10964.387,RX,peer_observation,00118549,1,5,01 00 00 49 85
2026-09-28T15:22:37.047+00:00,10969.191,RX,peer_observation,0001BA67,1,7,01 00 00 0F 03 67 BA
2026-09-28T15:22:37.047+00:00,10969.426,RX,peer_observation,0011BA67,1,5,01 00 00 67 BA
2026-09-28T15:22:37.052+00:00,10974.121,RX,peer_observation,00017BEE,1,7,01 00 00 0F 03 EE 7B
2026-09-28T15:22:37.052+00:00,10974.376,RX,peer_observation,00117BEE,1,5,01 00 00 EE 7B
2026-09-28T15:22:37.057+00:00,10979.268,RX,peer_observation,00014B91,1,7,01 00 00 0F 03 91 4B
2026-09-28T15:22:37.057+00:00,10979.324,RX,peer_observation,00114B91,1,5,01 00 00 91 4B
2026-09-28T15:22:37.062+00:00,10984.160,RX,peer_observation,00015857,1,7,01 00 00 0F 03 57 58
2026-09-28T15:22:37.062+00:00,10984.385,RX,peer_observation,00115857,1,5,01 00 00 57 58
2026-09-28T15:22:37.067+00:00,10989.135,RX,peer_observation,00010043,1,7,01 00 00 0F 03 43 00
2026-09-28T15:22:37.067+00:00,10989.408,RX,peer_observation,00110043,1,5,01 00 00 43 00
2026-09-28T15:22:37.072+00:00,10994.144,RX,peer_observation,00017376,1,7,01 00 00 0F 03 76 73
2026-09-28T15:22:37.072+00:00,10994.375,RX,peer_observation,00117376,1,5,01 00 00 76 73
2026-09-28T15:22:37.077+00:00,10999.097,RX,peer_observation,00012211,1,7,01 00 00 0F 03 11 22
2026-09-28T15:22:37.077+00:00,10999.370,RX,peer_observation,00112211,1,5,01 00 00 11 22
2026-09-28T15:22:37.079+00:00,11001.516,TX,peer_00003_short,0012C82D,1,5,01 00 00 2D C8
2026-09-28T15:22:37.082+00:00,11004.063,RX,peer_observation,0001F23E,1,7,01 00 00 0F 03 3E F2
2026-09-28T15:22:37.082+00:00,11004.391,RX,peer_observation,0011F23E,1,5,01 00 00 3E F2
2026-09-28T15:22:37.087+00:00,11009.237,RX,peer_observation,0001F33B,1,7,01 00 00 0F 03 3B F3
2026-09-28T15:22:37.087+00:00,11009.315,RX,peer_observation,0011F33B,1,5,01 00 00 3B F3
2026-09-28T15:22:37.089+00:00,11011.169,RX,peer_observation,103C0401,1,4,00 00 00 01
2026-09-28T15:22:37.089+00:00,11011.443,RX,peer_observation,103C0481,1,8,00 00 00 00 00 10 62 14
2026-09-28T15:22:37.092+00:00,11014.115,RX,peer_observation,000148CF,1,7,01 00 00 0F 03 CF 48
2026-09-28T15:22:37.092+00:00,11014.367,RX,peer_observation,001148CF,1,5,01 00 00 CF 48
2026-09-28T15:22:37.094+00:00,11016.094,RX,peer_observation,103C0401,1,4,00 00 00 01
2026-09-28T15:22:37.094+00:00,11016.388,RX,peer_observation,103C0481,1,8,00 00 00 00 00 10 62 14
2026-09-28T15:22:37.097+00:00,11019.212,RX,peer_observation,0001D6F4,1,7,01 00 00 0F 03 F4 D6
2026-09-28T15:22:37.097+00:00,11019.298,RX,peer_observation,0011D6F4,1,5,01 00 00 F4 D6
2026-09-28T15:22:37.099+00:00,11021.090,RX,peer_observation,103C0401,1,4,00 00 00 01
2026-09-28T15:22:37.099+00:00,11021.288,RX,peer_observation,103C0481,1,8,00 00 00 00 00 10 63 14
2026-09-28T15:22:37.102+00:00,11024.218,RX,peer_observation,0001771B,1,7,01 00 00 0F 03 1B 77
2026-09-28T15:22:37.102+00:00,11024.298,RX,peer_observation,0011771B,1,5,01 00 00 1B 77
2026-09-28T15:22:37.104+00:00,11026.274,RX,peer_observation,103C0401,1,4,00 00 00 01
2026-09-28T15:22:37.104+00:00,11026.493,RX,peer_observation,103C0481,1,8,00 00 00 00 00 10 62 14
2026-09-28T15:22:37.107+00:00,11029.104,RX,peer_observation,0001EE5A,1,7,01 00 00 0F 03 5A EE
2026-09-28T15:22:37.107+00:00,11029.442,RX,peer_observation,0011EE5A,1,5,01 00 00 5A EE
2026-09-28T15:22:37.109+00:00,11031.275,RX,peer_observation,103C0401,1,4,00 00 00 01
2026-09-28T15:22:37.109+00:00,11031.449,RX,peer_observation,103C0481,1,8,00 00 00 00 00 10 62 14
2026-09-28T15:22:37.112+00:00,11034.308,RX,peer_observation,00013F8F,1,7,01 00 00 0F 03 8F 3F
2026-09-28T15:22:37.112+00:00,11034.452,RX,peer_observation,00113F8F,1,5,01 00 00 8F 3F
2026-09-28T15:22:37.114+00:00,11036.291,RX,peer_observation,103C0401,1,4,00 00 00 01
2026-09-28T15:22:37.114+00:00,11036.539,RX,peer_observation,103C0481,1,8,00 00 00 00 00 10 62 14
2026-09-28T15:22:37.117+00:00,11039.307,RX,peer_observation,0001D4D1,1,7,01 00 00 0F 03 D1 D4
2026-09-28T15:22:37.117+00:00,11039.414,RX,peer_observation,0011D4D1,1,5,01 00 00 D1 D4
2026-09-28T15:22:37.119+00:00,11041.282,RX,peer_observation,103C0401,1,4,00 00 00 01
2026-09-28T15:22:37.119+00:00,11041.451,RX,peer_observation,103C0481,1,8,00 00 00 00 00 10 62 14
2026-09-28T15:22:37.122+00:00,11044.306,RX,peer_observation,00017F43,1,7,01 00 00 0F 03 43 7F
2026-09-28T15:22:37.122+00:00,11044.481,RX,peer_observation,00117F43,1,5,01 00 00 43 7F
2026-09-28T15:22:37.124+00:00,11046.108,RX,peer_observation,103C0401,1,4,00 00 00 01
2026-09-28T15:22:37.124+00:00,11046.353,RX,peer_observation,103C0481,1,8,00 00 00 00 00 10 62 14
2026-09-28T15:22:37.127+00:00,11049.218,RX,peer_observation,00013C60,1,7,01 00 00 0F 03 60 3C
2026-09-28T15:22:37.127+00:00,11049.466,RX,peer_observation,00113C60,1,5,01 00 00 60 3C
2026-09-28T15:22:37.129+00:00,11051.193,RX,peer_observation,103C0401,1,4,00 00 00 01
2026-09-28T15:22:37.129+00:00,11051.419,RX,peer_observation,103C0481,1,8,00 00 00 00 00 10 62 14
2026-09-28T15:22:37.132+00:00,11054.285,RX,peer_observation,0001CBC8,1,7,01 00 00 0F 03 C8 CB
2026-09-28T15:22:37.132+00:00,11054.344,RX,peer_observation,0011CBC8,1,5,01 00 00 C8 CB
2026-09-28T15:22:37.134+00:00,11056.195,RX,peer_observation,103C0401,1,4,00 00 00 01
2026-09-28T15:22:37.134+00:00,11056.361,RX,peer_observation,103C0481,1,8,00 00 00 00 00 10 62 14
2026-09-28T15:22:37.137+00:00,11059.081,RX,peer_observation,0001DE46,1,7,01 00 00 0F 03 46 DE
2026-09-28T15:22:37.137+00:00,11059.318,RX,peer_observation,0011DE46,1,5,01 00 00 46 DE
2026-09-28T15:22:37.139+00:00,11061.343,RX,peer_observation,103C0401,1,4,00 00 00 01
2026-09-28T15:22:37.140+00:00,11061.768,RX,peer_observation,103C0481,1,8,00 00 00 00 00 10 63 14
2026-09-28T15:22:37.142+00:00,11064.153,RX,peer_observation,00015183,1,7,01 00 00 0F 03 83 51
2026-09-28T15:22:37.142+00:00,11064.482,RX,peer_observation,00115183,1,5,01 00 00 83 51
2026-09-28T15:22:37.144+00:00,11066.129,RX,peer_observation,103C0401,1,4,00 00 00 01
2026-09-28T15:22:37.144+00:00,11066.353,RX,peer_observation,103C0481,1,8,00 00 00 00 00 10 63 14
2026-09-28T15:22:37.147+00:00,11069.140,RX,peer_observation,000185D7,1,7,01 00 00 0F 03 D7 85
2026-09-28T15:22:37.147+00:00,11069.386,RX,peer_observation,001185D7,1,5,01 00 00 D7 85
2026-09-28T15:22:37.149+00:00,11071.170,RX,peer_observation,103C0401,1,4,00 00 00 01
2026-09-28T15:22:37.149+00:00,11071.315,RX,peer_observation,103C0481,1,8,00 00 00 00 00 10 62 14
2026-09-28T15:22:37.152+00:00,11074.214,RX,peer_observation,00015E36,1,7,01 00 00 0F 03 36 5E
2026-09-28T15:22:37.152+00:00,11074.409,RX,peer_observation,00115E36,1,5,01 00 00 36 5E
2026-09-28T15:22:37.154+00:00,11076.229,RX,peer_observation,103C0401,1,4,00 00 00 01
2026-09-28T15:22:37.154+00:00,11076.412,RX,peer_observation,103C0481,1,8,00 00 00 00 00 10 62 14
2026-09-28T15:22:37.157+00:00,11079.245,RX,peer_observation,0001E36D,1,7,01 00 00 0F 03 6D E3
2026-09-28T15:22:37.157+00:00,11079.322,RX,peer_observation,0011E36D,1,5,01 00 00 6D E3
2026-09-28T15:22:37.159+00:00,11081.155,RX,peer_observation,103C0401,1,4,00 00 00 01
2026-09-28T15:22:37.159+00:00,11081.318,RX,peer_observation,103C0481,1,8,00 00 00 00 00 10 63 14
2026-09-28T15:22:37.162+00:00,11084.263,RX,peer_observation,00014A2A,1,7,01 00 00 0F 03 2A 4A
2026-09-28T15:22:37.162+00:00,11084.343,RX,peer_observation,00114A2A,1,5,01 00 00 2A 4A
2026-09-28T15:22:37.164+00:00,11086.276,RX,peer_observation,103C0401,1,4,00 00 00 01
2026-09-28T15:22:37.164+00:00,11086.411,RX,peer_observation,103C0481,1,8,00 00 00 00 00 10 63 14
2026-09-28T15:22:37.167+00:00,11089.138,RX,peer_observation,00015EE7,1,7,01 00 00 0F 03 E7 5E
2026-09-28T15:22:37.167+00:00,11089.372,RX,peer_observation,00115EE7,1,5,01 00 00 E7 5E
2026-09-28T15:22:37.169+00:00,11091.186,RX,peer_observation,103C0401,1,4,00 00 00 01
2026-09-28T15:22:37.169+00:00,11091.369,RX,peer_observation,103C0481,1,8,00 00 00 00 00 10 62 14
2026-09-28T15:22:37.172+00:00,11094.276,RX,peer_observation,0001431A,1,7,01 00 00 0F 03 1A 43
2026-09-28T15:22:37.172+00:00,11094.380,RX,peer_observation,0011431A,1,5,01 00 00 1A 43
2026-09-28T15:22:37.177+00:00,11099.227,RX,peer_observation,00013910,1,7,01 00 00 0F 03 10 39
2026-09-28T15:22:37.177+00:00,11099.394,RX,peer_observation,00113910,1,5,01 00 00 10 39
2026-09-28T15:22:37.182+00:00,11104.229,RX,peer_observation,000106C7,1,7,01 00 00 0F 03 C7 06
2026-09-28T15:22:37.182+00:00,11104.299,RX,peer_observation,001106C7,1,5,01 00 00 C7 06
2026-09-28T15:22:37.187+00:00,11109.258,RX,peer_observation,0001E4E9,1,7,01 00 00 0F 03 E9 E4
2026-09-28T15:22:37.187+00:00,11109.351,RX,peer_observation,0011E4E9,1,5,01 00 00 E9 E4
2026-09-28T15:22:37.192+00:00,11114.283,RX,peer_observation,000157E3,1,7,01 00 00 0F 03 E3 57
2026-09-28T15:22:37.192+00:00,11114.342,RX,peer_observation,001157E3,1,5,01 00 00 E3 57
2026-09-28T15:22:37.197+00:00,11119.307,RX,peer_observation,0001AD9E,1,7,01 00 00 0F 03 9E AD
2026-09-28T15:22:37.197+00:00,11119.364,RX,peer_observation,0011AD9E,1,5,01 00 00 9E AD
2026-09-28T15:22:37.202+00:00,11124.222,RX,peer_observation,0001DAB2,1,7,01 00 00 0F 03 B2 DA
2026-09-28T15:22:37.202+00:00,11124.293,RX,peer_observation,0011DAB2,1,5,01 00 00 B2 DA
2026-09-28T15:22:37.207+00:00,11129.132,RX,peer_observation,000143BD,1,7,01 00 00 0F 03 BD 43
2026-09-28T15:22:37.207+00:00,11129.385,RX,peer_observation,001143BD,1,5,01 00 00 BD 43
2026-09-28T15:22:37.212+00:00,11134.135,RX,peer_observation,0001EF91,1,7,01 00 00 0F 03 91 EF
2026-09-28T15:22:37.212+00:00,11134.425,RX,peer_observation,0011EF91,1,5,01 00 00 91 EF
2026-09-28T15:22:37.217+00:00,11139.116,RX,peer_observation,00017BDC,1,7,01 00 00 0F 03 DC 7B
2026-09-28T15:22:37.217+00:00,11139.397,RX,peer_observation,00117BDC,1,5,01 00 00 DC 7B
2026-09-28T15:22:37.222+00:00,11144.108,RX,peer_observation,0001084B,1,7,01 00 00 0F 03 4B 08
2026-09-28T15:22:37.222+00:00,11144.487,RX,peer_observation,0011084B,1,5,01 00 00 4B 08
2026-09-28T15:22:37.227+00:00,11149.111,RX,peer_observation,00014ADB,1,7,01 00 00 0F 03 DB 4A
2026-09-28T15:22:37.227+00:00,11149.392,RX,peer_observation,00114ADB,1,5,01 00 00 DB 4A
2026-09-28T15:22:37.232+00:00,11154.150,RX,peer_observation,000191D9,1,7,01 00 00 0F 03 D9 91
2026-09-28T15:22:37.232+00:00,11154.425,RX,peer_observation,001191D9,1,5,01 00 00 D9 91
2026-09-28T15:22:37.237+00:00,11159.120,RX,peer_observation,0001635C,1,7,01 00 00 0F 03 5C 63
2026-09-28T15:22:37.237+00:00,11159.459,RX,peer_observation,0011635C,1,5,01 00 00 5C 63
2026-09-28T15:22:37.242+00:00,11164.144,RX,peer_observation,00012B04,1,7,01 00 00 0F 03 04 2B
2026-09-28T15:22:37.242+00:00,11164.496,RX,peer_observation,00112B04,1,5,01 00 00 04 2B
2026-09-28T15:22:37.247+00:00,11169.201,RX,peer_observation,0001022A,1,7,01 00 00 0F 03 2A 02
2026-09-28T15:22:37.247+00:00,11169.322,RX,peer_observation,0011022A,1,5,01 00 00 2A 02
2026-09-28T15:22:37.252+00:00,11174.182,RX,peer_observation,0001E907,1,7,01 00 00 0F 03 07 E9
2026-09-28T15:22:37.252+00:00,11174.291,RX,peer_observation,0011E907,1,5,01 00 00 07 E9
2026-09-28T15:22:37.257+00:00,11179.230,RX,peer_observation,0001CEAD,1,7,01 00 00 0F 03 AD CE
2026-09-28T15:22:37.257+00:00,11179.320,RX,peer_observation,0011CEAD,1,5,01 00 00 AD CE
2026-09-28T15:22:37.262+00:00,11184.203,RX,peer_observation,00015A1F,1,7,01 00 00 0F 03 1F 5A
2026-09-28T15:22:37.262+00:00,11184.428,RX,peer_observation,00115A1F,1,5,01 00 00 1F 5A
2026-09-28T15:22:37.267+00:00,11189.249,RX,peer_observation,00012E92,1,7,01 00 00 0F 03 92 2E
2026-09-28T15:22:37.267+00:00,11189.344,RX,peer_observation,00112E92,1,5,01 00 00 92 2E
2026-09-28T15:22:37.272+00:00,11194.160,RX,peer_observation,000172A7,1,7,01 00 00 0F 03 A7 72
2026-09-28T15:22:37.272+00:00,11194.411,RX,peer_observation,001172A7,1,5,01 00 00 A7 72
2026-09-28T15:22:37.277+00:00,11199.164,RX,peer_observation,0001CB56,1,7,01 00 00 0F 03 56 CB
2026-09-28T15:22:37.277+00:00,11199.331,RX,peer_observation,0011CB56,1,5,01 00 00 56 CB
2026-09-28T15:22:37.282+00:00,11204.164,RX,peer_observation,0001A836,1,7,01 00 00 0F 03 36 A8
2026-09-28T15:22:37.282+00:00,11204.288,RX,peer_observation,0011A836,1,5,01 00 00 36 A8
2026-09-28T15:22:37.287+00:00,11209.177,RX,peer_observation,0001EA52,1,7,01 00 00 0F 03 52 EA
2026-09-28T15:22:37.287+00:00,11209.302,RX,peer_observation,0011EA52,1,5,01 00 00 52 EA
2026-09-28T15:22:37.292+00:00,11214.089,RX,peer_observation,000156E1,1,7,01 00 00 0F 03 E1 56
2026-09-28T15:22:37.292+00:00,11214.364,RX,peer_observation,001156E1,1,5,01 00 00 E1 56
2026-09-28T15:22:37.297+00:00,11219.126,RX,peer_observation,00012383,1,7,01 00 00 0F 03 83 23
2026-09-28T15:22:37.297+00:00,11219.390,RX,peer_observation,00112383,1,5,01 00 00 83 23
2026-09-28T15:22:37.302+00:00,11224.089,RX,peer_observation,0001577F,1,7,01 00 00 0F 03 7F 57
2026-09-28T15:22:37.302+00:00,11224.380,RX,peer_observation,0011577F,1,5,01 00 00 7F 57
2026-09-28T15:22:37.307+00:00,11229.085,RX,peer_observation,00013112,1,7,01 00 00 0F 03 12 31
2026-09-28T15:22:37.307+00:00,11229.376,RX,peer_observation,00113112,1,5,01 00 00 12 31
2026-09-28T15:22:37.312+00:00,11234.085,RX,peer_observation,000142A7,1,7,01 00 00 0F 03 A7 42
2026-09-28T15:22:37.312+00:00,11234.359,RX,peer_observation,001142A7,1,5,01 00 00 A7 42
2026-09-28T15:22:37.317+00:00,11239.102,RX,peer_observation,0001697B,1,7,01 00 00 0F 03 7B 69
2026-09-28T15:22:37.317+00:00,11239.359,RX,peer_observation,0011697B,1,5,01 00 00 7B 69
2026-09-28T15:22:37.322+00:00,11244.106,RX,peer_observation,00012ECC,1,7,01 00 00 0F 03 CC 2E
2026-09-28T15:22:37.322+00:00,11244.323,RX,peer_observation,00112ECC,1,5,01 00 00 CC 2E
2026-09-28T15:22:37.327+00:00,11249.108,RX,peer_observation,000177B8,1,7,01 00 00 0F 03 B8 77
2026-09-28T15:22:37.327+00:00,11249.384,RX,peer_observation,001177B8,1,5,01 00 00 B8 77
2026-09-28T15:22:37.332+00:00,11254.120,RX,peer_observation,00013091,1,7,01 00 00 0F 03 91 30
2026-09-28T15:22:37.332+00:00,11254.401,RX,peer_observation,00113091,1,5,01 00 00 91 30
2026-09-28T15:22:37.337+00:00,11259.113,RX,peer_observation,00010CD8,1,7,01 00 00 0F 03 D8 0C
2026-09-28T15:22:37.337+00:00,11259.370,RX,peer_observation,00110CD8,1,5,01 00 00 D8 0C
2026-09-28T15:22:37.342+00:00,11264.108,RX,peer_observation,0001D353,1,7,01 00 00 0F 03 53 D3
2026-09-28T15:22:37.342+00:00,11264.378,RX,peer_observation,0011D353,1,5,01 00 00 53 D3
2026-09-28T15:22:37.347+00:00,11269.090,RX,peer_observation,00012BFA,1,7,01 00 00 0F 03 FA 2B
2026-09-28T15:22:37.347+00:00,11269.409,RX,peer_observation,00112BFA,1,5,01 00 00 FA 2B
2026-09-28T15:22:37.352+00:00,11274.093,RX,peer_observation,00014082,1,7,01 00 00 0F 03 82 40
2026-09-28T15:22:37.352+00:00,11274.427,RX,peer_observation,00114082,1,5,01 00 00 82 40
2026-09-28T15:22:37.357+00:00,11279.090,RX,peer_observation,00016D75,1,7,01 00 00 0F 03 75 6D
2026-09-28T15:22:37.357+00:00,11279.402,RX,peer_observation,00116D75,1,5,01 00 00 75 6D
2026-09-28T15:22:37.362+00:00,11284.106,RX,peer_observation,00010732,1,7,01 00 00 0F 03 32 07
2026-09-28T15:22:37.362+00:00,11284.367,RX,peer_observation,00110732,1,5,01 00 00 32 07
2026-09-28T15:22:37.367+00:00,11289.018,RX,peer_observation,000157B7,1,7,01 00 00 0F 03 B7 57
2026-09-28T15:22:37.367+00:00,11289.367,RX,peer_observation,001157B7,1,5,01 00 00 B7 57
2026-09-28T15:22:37.372+00:00,11294.044,RX,peer_observation,00017A12,1,7,01 00 00 0F 03 12 7A
2026-09-28T15:22:37.372+00:00,11294.469,RX,peer_observation,00117A12,1,5,01 00 00 12 7A
2026-09-28T15:22:37.377+00:00,11299.106,RX,peer_observation,0001D825,1,7,01 00 00 0F 03 25 D8
2026-09-28T15:22:37.377+00:00,11299.490,RX,peer_observation,0011D825,1,5,01 00 00 25 D8
2026-09-28T15:22:37.382+00:00,11304.108,RX,peer_observation,000108B0,1,7,01 00 00 0F 03 B0 08
2026-09-28T15:22:37.382+00:00,11304.428,RX,peer_observation,001108B0,1,5,01 00 00 B0 08
2026-09-28T15:22:37.387+00:00,11309.108,RX,peer_observation,00011C04,1,7,01 00 00 0F 03 04 1C
2026-09-28T15:22:37.387+00:00,11309.340,RX,peer_observation,00111C04,1,5,01 00 00 04 1C
2026-09-28T15:22:37.392+00:00,11314.135,RX,peer_observation,0001A1AB,1,7,01 00 00 0F 03 AB A1
2026-09-28T15:22:37.392+00:00,11314.385,RX,peer_observation,0011A1AB,1,5,01 00 00 AB A1
2026-09-28T15:22:37.397+00:00,11319.168,RX,peer_observation,0001B928,1,7,01 00 00 0F 03 28 B9
2026-09-28T15:22:37.397+00:00,11319.260,RX,peer_observation,0011B928,1,5,01 00 00 28 B9
2026-09-28T15:22:37.402+00:00,11324.044,RX,peer_observation,0001E643,1,7,01 00 00 0F 03 43 E6
2026-09-28T15:22:37.402+00:00,11324.270,RX,peer_observation,0011E643,1,5,01 00 00 43 E6
2026-09-28T15:22:37.407+00:00,11329.064,RX,peer_observation,00016007,1,7,01 00 00 0F 03 07 60
2026-09-28T15:22:37.407+00:00,11329.267,RX,peer_observation,00116007,1,5,01 00 00 07 60
2026-09-28T15:22:37.412+00:00,11334.082,RX,peer_observation,0001106F,1,7,01 00 00 0F 03 6F 10
2026-09-28T15:22:37.412+00:00,11334.364,RX,peer_observation,0011106F,1,5,01 00 00 6F 10
2026-09-28T15:22:37.417+00:00,11339.228,RX,peer_observation,0001805E,1,7,01 00 00 0F 03 5E 80
2026-09-28T15:22:37.417+00:00,11339.309,RX,peer_observation,0011805E,1,5,01 00 00 5E 80
2026-09-28T15:22:37.422+00:00,11344.130,RX,peer_observation,0001B755,1,7,01 00 00 0F 03 55 B7
2026-09-28T15:22:37.422+00:00,11344.394,RX,peer_observation,0011B755,1,5,01 00 00 55 B7
2026-09-28T15:22:37.427+00:00,11349.188,RX,peer_observation,00014386,1,7,01 00 00 0F 03 86 43
2026-09-28T15:22:37.427+00:00,11349.286,RX,peer_observation,00114386,1,5,01 00 00 86 43
2026-09-28T15:22:37.432+00:00,11354.081,RX,peer_observation,00017EDF,1,7,01 00 00 0F 03 DF 7E
2026-09-28T15:22:37.432+00:00,11354.344,RX,peer_observation,00117EDF,1,5,01 00 00 DF 7E
2026-09-28T15:22:37.437+00:00,11359.057,RX,peer_observation,0001DF38,1,7,01 00 00 0F 03 38 DF
2026-09-28T15:22:37.437+00:00,11359.373,RX,peer_observation,0011DF38,1,5,01 00 00 38 DF
2026-09-28T15:22:37.442+00:00,11364.107,RX,peer_observation,0001FDC5,1,7,01 00 00 0F 03 C5 FD
2026-09-28T15:22:37.442+00:00,11364.295,RX,peer_observation,0011FDC5,1,5,01 00 00 C5 FD
2026-09-28T15:22:37.447+00:00,11369.039,RX,peer_observation,0001AD3E,1,7,01 00 00 0F 03 3E AD
2026-09-28T15:22:37.447+00:00,11369.269,RX,peer_observation,0011AD3E,1,5,01 00 00 3E AD
2026-09-28T15:22:37.452+00:00,11374.097,RX,peer_observation,0001CE3C,1,7,01 00 00 0F 03 3C CE
2026-09-28T15:22:37.452+00:00,11374.290,RX,peer_observation,0011CE3C,1,5,01 00 00 3C CE
2026-09-28T15:22:37.457+00:00,11379.166,RX,peer_observation,0001A871,1,7,01 00 00 0F 03 71 A8
2026-09-28T15:22:37.457+00:00,11379.247,RX,peer_observation,0011A871,1,5,01 00 00 71 A8
2026-09-28T15:22:37.462+00:00,11384.076,RX,peer_observation,0001F42F,1,7,01 00 00 0F 03 2F F4
2026-09-28T15:22:37.462+00:00,11384.284,RX,peer_observation,0011F42F,1,5,01 00 00 2F F4
2026-09-28T15:22:37.467+00:00,11389.079,RX,peer_observation,0001F8F4,1,7,01 00 00 0F 03 F4 F8
2026-09-28T15:22:37.467+00:00,11389.300,RX,peer_observation,0011F8F4,1,5,01 00 00 F4 F8
2026-09-28T15:22:37.472+00:00,11394.060,RX,peer_observation,0001E0AB,1,7,01 00 00 0F 03 AB E0
2026-09-28T15:22:37.472+00:00,11394.295,RX,peer_observation,0011E0AB,1,5,01 00 00 AB E0
2026-09-28T15:22:37.477+00:00,11399.064,RX,peer_observation,00011980,1,7,01 00 00 0F 03 80 19
2026-09-28T15:22:37.477+00:00,11399.384,RX,peer_observation,00111980,1,5,01 00 00 80 19
2026-09-28T15:22:37.482+00:00,11404.064,RX,peer_observation,0001E4EB,1,7,01 00 00 0F 03 EB E4
2026-09-28T15:22:37.482+00:00,11404.331,RX,peer_observation,0011E4EB,1,5,01 00 00 EB E4
2026-09-28T15:22:37.487+00:00,11409.148,RX,peer_observation,00016D4C,1,7,01 00 00 0F 03 4C 6D
2026-09-28T15:22:37.487+00:00,11409.355,RX,peer_observation,00116D4C,1,5,01 00 00 4C 6D
2026-09-28T15:22:37.492+00:00,11414.092,RX,peer_observation,0001741B,1,7,01 00 00 0F 03 1B 74
2026-09-28T15:22:37.492+00:00,11414.338,RX,peer_observation,0011741B,1,5,01 00 00 1B 74
2026-09-28T15:22:37.497+00:00,11419.267,RX,peer_observation,0001ADCB,1,7,01 00 00 0F 03 CB AD
2026-09-28T15:22:37.497+00:00,11419.324,RX,peer_observation,0011ADCB,1,5,01 00 00 CB AD
2026-09-28T15:22:37.502+00:00,11424.332,RX,peer_observation,00015DD5,1,7,01 00 00 0F 03 D5 5D
2026-09-28T15:22:37.502+00:00,11424.432,RX,peer_observation,00115DD5,1,5,01 00 00 D5 5D
2026-09-28T15:22:37.507+00:00,11429.277,RX,peer_observation,0001D55B,1,7,01 00 00 0F 03 5B D5
2026-09-28T15:22:37.507+00:00,11429.358,RX,peer_observation,0011D55B,1,5,01 00 00 5B D5
2026-09-28T15:22:37.512+00:00,11434.312,RX,peer_observation,0001D7E6,1,7,01 00 00 0F 03 E6 D7
2026-09-28T15:22:37.512+00:00,11434.443,RX,peer_observation,0011D7E6,1,5,01 00 00 E6 D7
2026-09-28T15:22:37.517+00:00,11439.253,RX,peer_observation,00015F9C,1,7,01 00 00 0F 03 9C 5F
2026-09-28T15:22:37.517+00:00,11439.310,RX,peer_observation,00115F9C,1,5,01 00 00 9C 5F
2026-09-28T15:22:37.522+00:00,11444.374,RX,peer_observation,0001A4D2,1,7,01 00 00 0F 03 D2 A4
2026-09-28T15:22:37.522+00:00,11444.494,RX,peer_observation,0011A4D2,1,5,01 00 00 D2 A4
2026-09-28T15:22:37.527+00:00,11449.258,RX,peer_observation,000111FE,1,7,01 00 00 0F 03 FE 11
2026-09-28T15:22:37.527+00:00,11449.317,RX,peer_observation,001111FE,1,5,01 00 00 FE 11
2026-09-28T15:22:37.532+00:00,11454.110,RX,peer_observation,0001C139,1,7,01 00 00 0F 03 39 C1
2026-09-28T15:22:37.532+00:00,11454.344,RX,peer_observation,0011C139,1,5,01 00 00 39 C1
2026-09-28T15:22:37.537+00:00,11459.263,RX,peer_observation,000192D3,1,7,01 00 00 0F 03 D3 92
2026-09-28T15:22:37.537+00:00,11459.319,RX,peer_observation,001192D3,1,5,01 00 00 D3 92
2026-09-28T15:22:37.542+00:00,11464.313,RX,peer_observation,0001F10D,1,7,01 00 00 0F 03 0D F1
2026-09-28T15:22:37.542+00:00,11464.407,RX,peer_observation,0011F10D,1,5,01 00 00 0D F1
2026-09-28T15:22:37.547+00:00,11469.294,RX,peer_observation,0001A2E7,1,7,01 00 00 0F 03 E7 A2
2026-09-28T15:22:37.547+00:00,11469.411,RX,peer_observation,0011A2E7,1,5,01 00 00 E7 A2
2026-09-28T15:22:37.552+00:00,11474.257,RX,peer_observation,00013E33,1,7,01 00 00 0F 03 33 3E
2026-09-28T15:22:37.552+00:00,11474.325,RX,peer_observation,00113E33,1,5,01 00 00 33 3E
2026-09-28T15:22:37.557+00:00,11479.065,RX,peer_observation,00014960,1,7,01 00 00 0F 03 60 49
2026-09-28T15:22:37.557+00:00,11479.302,RX,peer_observation,00114960,1,5,01 00 00 60 49
2026-09-28T15:22:37.562+00:00,11484.084,RX,peer_observation,0001BD04,1,7,01 00 00 0F 03 04 BD
2026-09-28T15:22:37.562+00:00,11484.314,RX,peer_observation,0011BD04,1,5,01 00 00 04 BD
2026-09-28T15:22:37.567+00:00,11489.512,RX,peer_observation,00013B7C,1,7,01 00 00 0F 03 7C 3B
2026-09-28T15:22:37.567+00:00,11489.581,RX,peer_observation,00113B7C,1,5,01 00 00 7C 3B
2026-09-28T15:22:37.572+00:00,11494.301,RX,peer_observation,000157CE,1,7,01 00 00 0F 03 CE 57
2026-09-28T15:22:37.572+00:00,11494.423,RX,peer_observation,001157CE,1,5,01 00 00 CE 57
2026-09-28T15:22:37.577+00:00,11499.270,RX,peer_observation,0001156E,1,7,01 00 00 0F 03 6E 15
2026-09-28T15:22:37.577+00:00,11499.324,RX,peer_observation,0011156E,1,5,01 00 00 6E 15
2026-09-28T15:22:37.582+00:00,11504.253,RX,peer_observation,00012145,1,7,01 00 00 0F 03 45 21
2026-09-28T15:22:37.582+00:00,11504.344,RX,peer_observation,00112145,1,5,01 00 00 45 21
2026-09-28T15:22:37.587+00:00,11509.248,RX,peer_observation,00014F5E,1,7,01 00 00 0F 03 5E 4F
2026-09-28T15:22:37.587+00:00,11509.302,RX,peer_observation,00114F5E,1,5,01 00 00 5E 4F
2026-09-28T15:22:37.592+00:00,11514.305,RX,peer_observation,0001FE80,1,7,01 00 00 0F 03 80 FE
2026-09-28T15:22:37.592+00:00,11514.378,RX,peer_observation,0011FE80,1,5,01 00 00 80 FE
2026-09-28T15:22:37.597+00:00,11519.187,RX,peer_observation,0001315E,1,7,01 00 00 0F 03 5E 31
2026-09-28T15:22:37.597+00:00,11519.428,RX,peer_observation,0011315E,1,5,01 00 00 5E 31
2026-09-28T15:22:37.602+00:00,11524.211,RX,peer_observation,000117F7,1,7,01 00 00 0F 03 F7 17
2026-09-28T15:22:37.602+00:00,11524.284,RX,peer_observation,001117F7,1,5,01 00 00 F7 17
2026-09-28T15:22:37.607+00:00,11529.285,RX,peer_observation,0001AECA,1,7,01 00 00 0F 03 CA AE
2026-09-28T15:22:37.607+00:00,11529.395,RX,peer_observation,0011AECA,1,5,01 00 00 CA AE
2026-09-28T15:22:37.612+00:00,11534.188,RX,peer_observation,0001CDA1,1,7,01 00 00 0F 03 A1 CD
2026-09-28T15:22:37.612+00:00,11534.433,RX,peer_observation,0011CDA1,1,5,01 00 00 A1 CD
2026-09-28T15:22:37.617+00:00,11539.172,RX,peer_observation,00019979,1,7,01 00 00 0F 03 79 99
2026-09-28T15:22:37.617+00:00,11539.229,RX,peer_observation,00119979,1,5,01 00 00 79 99
2026-09-28T15:22:37.622+00:00,11544.227,RX,peer_observation,0001D11B,1,7,01 00 00 0F 03 1B D1
2026-09-28T15:22:37.622+00:00,11544.296,RX,peer_observation,0011D11B,1,5,01 00 00 1B D1
2026-09-28T15:22:37.627+00:00,11549.160,RX,peer_observation,000102A3,1,7,01 00 00 0F 03 A3 02
2026-09-28T15:22:37.627+00:00,11549.404,RX,peer_observation,001102A3,1,5,01 00 00 A3 02
2026-09-28T15:22:37.632+00:00,11554.224,RX,peer_observation,0001E18A,1,7,01 00 00 0F 03 8A E1
2026-09-28T15:22:37.632+00:00,11554.297,RX,peer_observation,0011E18A,1,5,01 00 00 8A E1
2026-09-28T15:22:37.637+00:00,11559.177,RX,peer_observation,00011364,1,7,01 00 00 0F 03 64 13
2026-09-28T15:22:37.637+00:00,11559.419,RX,peer_observation,00111364,1,5,01 00 00 64 13
2026-09-28T15:22:37.642+00:00,11564.211,RX,peer_observation,00010B8F,1,7,01 00 00 0F 03 8F 0B
2026-09-28T15:22:37.642+00:00,11564.287,RX,peer_observation,00110B8F,1,5,01 00 00 8F 0B
2026-09-28T15:22:37.647+00:00,11569.071,RX,peer_observation,0001684B,1,7,01 00 00 0F 03 4B 68
2026-09-28T15:22:37.647+00:00,11569.307,RX,peer_observation,0011684B,1,5,01 00 00 4B 68
2026-09-28T15:22:37.652+00:00,11574.068,RX,peer_observation,0001A881,1,7,01 00 00 0F 03 81 A8
2026-09-28T15:22:37.652+00:00,11574.389,RX,peer_observation,0011A881,1,5,01 00 00 81 A8
2026-09-28T15:22:37.657+00:00,11579.064,RX,peer_observation,00013B52,1,7,01 00 00 0F 03 52 3B
2026-09-28T15:22:37.657+00:00,11579.384,RX,peer_observation,00113B52,1,5,01 00 00 52 3B
2026-09-28T15:22:37.662+00:00,11584.069,RX,peer_observation,000152D6,1,7,01 00 00 0F 03 D6 52
2026-09-28T15:22:37.662+00:00,11584.426,RX,peer_observation,001152D6,1,5,01 00 00 D6 52
2026-09-28T15:22:37.667+00:00,11589.112,RX,peer_observation,00010934,1,7,01 00 00 0F 03 34 09
2026-09-28T15:22:37.667+00:00,11589.231,RX,peer_observation,00110934,1,5,01 00 00 34 09
2026-09-28T15:22:37.672+00:00,11594.192,RX,peer_observation,0001AA57,1,7,01 00 00 0F 03 57 AA
2026-09-28T15:22:37.672+00:00,11594.253,RX,peer_observation,0011AA57,1,5,01 00 00 57 AA
2026-09-28T15:22:37.677+00:00,11599.212,RX,peer_observation,00019EFB,1,7,01 00 00 0F 03 FB 9E
2026-09-28T15:22:37.677+00:00,11599.287,RX,peer_observation,00119EFB,1,5,01 00 00 FB 9E
2026-09-28T15:22:37.682+00:00,11604.251,RX,peer_observation,00016198,1,7,01 00 00 0F 03 98 61
2026-09-28T15:22:37.682+00:00,11604.312,RX,peer_observation,00116198,1,5,01 00 00 98 61
2026-09-28T15:22:37.687+00:00,11609.216,RX,peer_observation,00019E39,1,7,01 00 00 0F 03 39 9E
2026-09-28T15:22:37.687+00:00,11609.287,RX,peer_observation,00119E39,1,5,01 00 00 39 9E
2026-09-28T15:22:37.692+00:00,11614.138,RX,peer_observation,000162CD,1,7,01 00 00 0F 03 CD 62
2026-09-28T15:22:37.692+00:00,11614.394,RX,peer_observation,001162CD,1,5,01 00 00 CD 62
2026-09-28T15:22:37.697+00:00,11619.302,RX,peer_observation,0001C24F,1,7,01 00 00 0F 03 4F C2
2026-09-28T15:22:37.697+00:00,11619.385,RX,peer_observation,0011C24F,1,5,01 00 00 4F C2
2026-09-28T15:22:37.702+00:00,11624.345,RX,peer_observation,000164EA,1,7,01 00 00 0F 03 EA 64
2026-09-28T15:22:37.702+00:00,11624.428,RX,peer_observation,001164EA,1,5,01 00 00 EA 64
2026-09-28T15:22:37.707+00:00,11629.314,RX,peer_observation,0001F6AD,1,7,01 00 00 0F 03 AD F6
2026-09-28T15:22:37.707+00:00,11629.382,RX,peer_observation,0011F6AD,1,5,01 00 00 AD F6
2026-09-28T15:22:37.712+00:00,11634.265,RX,peer_observation,000106BA,1,7,01 00 00 0F 03 BA 06
2026-09-28T15:22:37.712+00:00,11634.339,RX,peer_observation,001106BA,1,5,01 00 00 BA 06
2026-09-28T15:22:37.717+00:00,11639.324,RX,peer_observation,000135E9,1,7,01 00 00 0F 03 E9 35
2026-09-28T15:22:37.717+00:00,11639.417,RX,peer_observation,001135E9,1,5,01 00 00 E9 35
2026-09-28T15:22:37.722+00:00,11644.258,RX,peer_observation,0001584D,1,7,01 00 00 0F 03 4D 58
2026-09-28T15:22:37.722+00:00,11644.362,RX,peer_observation,0011584D,1,5,01 00 00 4D 58
2026-09-28T15:22:37.727+00:00,11649.317,RX,peer_observation,0001A32F,1,7,01 00 00 0F 03 2F A3
2026-09-28T15:22:37.727+00:00,11649.407,RX,peer_observation,0011A32F,1,5,01 00 00 2F A3
2026-09-28T15:22:37.732+00:00,11654.247,RX,peer_observation,00015FED,1,7,01 00 00 0F 03 ED 5F
2026-09-28T15:22:37.732+00:00,11654.398,RX,peer_observation,00115FED,1,5,01 00 00 ED 5F
2026-09-28T15:22:37.737+00:00,11659.214,RX,peer_observation,0001A345,1,7,01 00 00 0F 03 45 A3
2026-09-28T15:22:37.737+00:00,11659.347,RX,peer_observation,0011A345,1,5,01 00 00 45 A3
2026-09-28T15:22:37.742+00:00,11664.259,RX,peer_observation,00014278,1,7,01 00 00 0F 03 78 42
2026-09-28T15:22:37.742+00:00,11664.415,RX,peer_observation,00114278,1,5,01 00 00 78 42
2026-09-28T15:22:37.747+00:00,11669.308,RX,peer_observation,00017043,1,7,01 00 00 0F 03 43 70
2026-09-28T15:22:37.747+00:00,11669.389,RX,peer_observation,00117043,1,5,01 00 00 43 70
2026-09-28T15:22:37.752+00:00,11674.255,RX,peer_observation,000193D2,1,7,01 00 00 0F 03 D2 93
2026-09-28T15:22:37.752+00:00,11674.338,RX,peer_observation,001193D2,1,5,01 00 00 D2 93
2026-09-28T15:22:37.757+00:00,11679.299,RX,peer_observation,0001E6B0,1,7,01 00 00 0F 03 B0 E6
2026-09-28T15:22:37.757+00:00,11679.396,RX,peer_observation,0011E6B0,1,5,01 00 00 B0 E6
2026-09-28T15:22:37.762+00:00,11684.265,RX,peer_observation,00019AD5,1,7,01 00 00 0F 03 D5 9A
2026-09-28T15:22:37.762+00:00,11684.348,RX,peer_observation,00119AD5,1,5,01 00 00 D5 9A
2026-09-28T15:22:37.767+00:00,11689.280,RX,peer_observation,000104A0,1,7,01 00 00 0F 03 A0 04
2026-09-28T15:22:37.767+00:00,11689.349,RX,peer_observation,001104A0,1,5,01 00 00 A0 04
2026-09-28T15:22:37.772+00:00,11694.240,RX,peer_observation,0001F4D7,1,7,01 00 00 0F 03 D7 F4
2026-09-28T15:22:37.772+00:00,11694.299,RX,peer_observation,0011F4D7,1,5,01 00 00 D7 F4
2026-09-28T15:22:37.777+00:00,11699.369,RX,peer_observation,00010F02,1,7,01 00 00 0F 03 02 0F
2026-09-28T15:22:37.777+00:00,11699.445,RX,peer_observation,00110F02,1,5,01 00 00 02 0F
2026-09-28T15:22:37.782+00:00,11704.221,RX,peer_observation,00018BCB,1,7,01 00 00 0F 03 CB 8B
2026-09-28T15:22:37.782+00:00,11704.320,RX,peer_observation,00118BCB,1,5,01 00 00 CB 8B
2026-09-28T15:22:37.787+00:00,11709.302,RX,peer_observation,00016749,1,7,01 00 00 0F 03 49 67
2026-09-28T15:22:37.787+00:00,11709.405,RX,peer_observation,00116749,1,5,01 00 00 49 67
2026-09-28T15:22:37.792+00:00,11714.227,RX,peer_observation,0001DE8B,1,7,01 00 00 0F 03 8B DE
2026-09-28T15:22:37.792+00:00,11714.287,RX,peer_observation,0011DE8B,1,5,01 00 00 8B DE
2026-09-28T15:22:37.797+00:00,11719.307,RX,peer_observation,0001770E,1,7,01 00 00 0F 03 0E 77
2026-09-28T15:22:37.797+00:00,11719.389,RX,peer_observation,0011770E,1,5,01 00 00 0E 77
2026-09-28T15:22:37.802+00:00,11724.224,RX,peer_observation,00013DC0,1,7,01 00 00 0F 03 C0 3D
2026-09-28T15:22:37.802+00:00,11724.287,RX,peer_observation,00113DC0,1,5,01 00 00 C0 3D
2026-09-28T15:22:37.807+00:00,11729.277,RX,peer_observation,0001855D,1,7,01 00 00 0F 03 5D 85
2026-09-28T15:22:37.807+00:00,11729.358,RX,peer_observation,0011855D,1,5,01 00 00 5D 85
2026-09-28T15:22:37.812+00:00,11734.213,RX,peer_observation,00016C8B,1,7,01 00 00 0F 03 8B 6C
2026-09-28T15:22:37.812+00:00,11734.294,RX,peer_observation,00116C8B,1,5,01 00 00 8B 6C
2026-09-28T15:22:37.817+00:00,11739.271,RX,peer_observation,0001D4D4,1,7,01 00 00 0F 03 D4 D4
2026-09-28T15:22:37.817+00:00,11739.345,RX,peer_observation,0011D4D4,1,5,01 00 00 D4 D4
2026-09-28T15:22:37.822+00:00,11744.261,RX,peer_observation,00014ADC,1,7,01 00 00 0F 03 DC 4A
2026-09-28T15:22:37.822+00:00,11744.343,RX,peer_observation,00114ADC,1,5,01 00 00 DC 4A
2026-09-28T15:22:37.827+00:00,11749.312,RX,peer_observation,0001E7AE,1,7,01 00 00 0F 03 AE E7
2026-09-28T15:22:37.827+00:00,11749.400,RX,peer_observation,0011E7AE,1,5,01 00 00 AE E7
2026-09-28T15:22:37.832+00:00,11754.262,RX,peer_observation,0001681C,1,7,01 00 00 0F 03 1C 68
2026-09-28T15:22:37.832+00:00,11754.344,RX,peer_observation,0011681C,1,5,01 00 00 1C 68
2026-09-28T15:22:37.837+00:00,11759.310,RX,peer_observation,00014E7B,1,7,01 00 00 0F 03 7B 4E
2026-09-28T15:22:37.837+00:00,11759.418,RX,peer_observation,00114E7B,1,5,01 00 00 7B 4E
2026-09-28T15:22:37.842+00:00,11764.216,RX,peer_observation,0001D78E,1,7,01 00 00 0F 03 8E D7
2026-09-28T15:22:37.842+00:00,11764.308,RX,peer_observation,0011D78E,1,5,01 00 00 8E D7
2026-09-28T15:22:37.847+00:00,11769.342,RX,peer_observation,00011012,1,7,01 00 00 0F 03 12 10
2026-09-28T15:22:37.847+00:00,11769.425,RX,peer_observation,00111012,1,5,01 00 00 12 10
2026-09-28T15:22:37.852+00:00,11774.218,RX,peer_observation,0001FC97,1,7,01 00 00 0F 03 97 FC
2026-09-28T15:22:37.852+00:00,11774.313,RX,peer_observation,0011FC97,1,5,01 00 00 97 FC
2026-09-28T15:22:37.857+00:00,11779.294,RX,peer_observation,00018100,1,7,01 00 00 0F 03 00 81
2026-09-28T15:22:37.857+00:00,11779.379,RX,peer_observation,00118100,1,5,01 00 00 00 81
2026-09-28T15:22:37.862+00:00,11783.974,RX,peer_observation,00010BCF,1,7,01 00 00 0F 03 CF 0B
2026-09-28T15:22:37.862+00:00,11784.225,RX,peer_observation,00110BCF,1,5,01 00 00 CF 0B
2026-09-28T15:22:37.867+00:00,11789.282,RX,peer_observation,0001367C,1,7,01 00 00 0F 03 7C 36
2026-09-28T15:22:37.867+00:00,11789.378,RX,peer_observation,0011367C,1,5,01 00 00 7C 36
2026-09-28T15:22:37.872+00:00,11794.195,RX,peer_observation,00019E88,1,7,01 00 00 0F 03 88 9E
2026-09-28T15:22:37.872+00:00,11794.281,RX,peer_observation,00119E88,1,5,01 00 00 88 9E
2026-09-28T15:22:37.877+00:00,11799.223,RX,peer_observation,000194AD,1,7,01 00 00 0F 03 AD 94
2026-09-28T15:22:37.877+00:00,11799.315,RX,peer_observation,001194AD,1,5,01 00 00 AD 94
2026-09-28T15:22:37.882+00:00,11804.145,RX,peer_observation,00015128,1,7,01 00 00 0F 03 28 51
2026-09-28T15:22:37.882+00:00,11804.252,RX,peer_observation,00115128,1,5,01 00 00 28 51
2026-09-28T15:22:37.887+00:00,11809.226,RX,peer_observation,0001BDC9,1,7,01 00 00 0F 03 C9 BD
2026-09-28T15:22:37.887+00:00,11809.318,RX,peer_observation,0011BDC9,1,5,01 00 00 C9 BD
2026-09-28T15:22:37.892+00:00,11814.218,RX,peer_observation,0001C994,1,7,01 00 00 0F 03 94 C9
2026-09-28T15:22:37.892+00:00,11814.303,RX,peer_observation,0011C994,1,5,01 00 00 94 C9
2026-09-28T15:22:37.897+00:00,11819.028,RX,peer_observation,00014F4C,1,7,01 00 00 0F 03 4C 4F
2026-09-28T15:22:37.897+00:00,11819.265,RX,peer_observation,00114F4C,1,5,01 00 00 4C 4F
2026-09-28T15:22:37.902+00:00,11824.073,RX,peer_observation,0001B574,1,7,01 00 00 0F 03 74 B5
2026-09-28T15:22:37.902+00:00,11824.273,RX,peer_observation,0011B574,1,5,01 00 00 74 B5
2026-09-28T15:22:37.907+00:00,11829.006,RX,peer_observation,0001CC5B,1,7,01 00 00 0F 03 5B CC
2026-09-28T15:22:37.907+00:00,11829.265,RX,peer_observation,0011CC5B,1,5,01 00 00 5B CC
2026-09-28T15:22:37.912+00:00,11834.071,RX,peer_observation,0001DD1D,1,7,01 00 00 0F 03 1D DD
2026-09-28T15:22:37.912+00:00,11834.272,RX,peer_observation,0011DD1D,1,5,01 00 00 1D DD
2026-09-28T15:22:37.917+00:00,11838.981,RX,peer_observation,00011817,1,7,01 00 00 0F 03 17 18
2026-09-28T15:22:37.917+00:00,11839.269,RX,peer_observation,00111817,1,5,01 00 00 17 18
2026-09-28T15:22:37.922+00:00,11843.998,RX,peer_observation,00012665,1,7,01 00 00 0F 03 65 26
2026-09-28T15:22:37.922+00:00,11844.259,RX,peer_observation,00112665,1,5,01 00 00 65 26
2026-09-28T15:22:37.927+00:00,11849.019,RX,peer_observation,0001DC66,1,7,01 00 00 0F 03 66 DC
2026-09-28T15:22:37.927+00:00,11849.262,RX,peer_observation,0011DC66,1,5,01 00 00 66 DC
2026-09-28T15:22:37.932+00:00,11853.980,RX,peer_observation,0001EBA7,1,7,01 00 00 0F 03 A7 EB
2026-09-28T15:22:37.932+00:00,11854.265,RX,peer_observation,0011EBA7,1,5,01 00 00 A7 EB
2026-09-28T15:22:37.937+00:00,11859.024,RX,peer_observation,00012575,1,7,01 00 00 0F 03 75 25
2026-09-28T15:22:37.937+00:00,11859.232,RX,peer_observation,00112575,1,5,01 00 00 75 25
2026-09-28T15:22:37.942+00:00,11864.072,RX,peer_observation,0001B9C8,1,7,01 00 00 0F 03 C8 B9
2026-09-28T15:22:37.942+00:00,11864.316,RX,peer_observation,0011B9C8,1,5,01 00 00 C8 B9
2026-09-28T15:22:37.947+00:00,11869.246,RX,peer_observation,0001480C,1,7,01 00 00 0F 03 0C 48
2026-09-28T15:22:37.947+00:00,11869.337,RX,peer_observation,0011480C,1,5,01 00 00 0C 48
2026-09-28T15:22:37.952+00:00,11874.056,RX,peer_observation,000178F8,1,7,01 00 00 0F 03 F8 78
2026-09-28T15:22:37.952+00:00,11874.379,RX,peer_observation,001178F8,1,5,01 00 00 F8 78
2026-09-28T15:22:37.957+00:00,11879.052,RX,peer_observation,00015C66,1,7,01 00 00 0F 03 66 5C
2026-09-28T15:22:37.957+00:00,11879.283,RX,peer_observation,00115C66,1,5,01 00 00 66 5C
2026-09-28T15:22:37.962+00:00,11884.031,RX,peer_observation,00012687,1,7,01 00 00 0F 03 87 26
2026-09-28T15:22:37.962+00:00,11884.297,RX,peer_observation,00112687,1,5,01 00 00 87 26
2026-09-28T15:22:37.967+00:00,11889.028,RX,peer_observation,0001E929,1,7,01 00 00 0F 03 29 E9
2026-09-28T15:22:37.967+00:00,11889.296,RX,peer_observation,0011E929,1,5,01 00 00 29 E9
2026-09-28T15:22:37.972+00:00,11894.058,RX,peer_observation,00016700,1,7,01 00 00 0F 03 00 67
2026-09-28T15:22:37.972+00:00,11894.216,RX,peer_observation,00116700,1,5,01 00 00 00 67
2026-09-28T15:22:37.977+00:00,11898.968,RX,peer_observation,000199B9,1,7,01 00 00 0F 03 B9 99
2026-09-28T15:22:37.977+00:00,11899.205,RX,peer_observation,001199B9,1,5,01 00 00 B9 99
2026-09-28T15:22:37.982+00:00,11904.106,RX,peer_observation,0001E271,1,7,01 00 00 0F 03 71 E2
2026-09-28T15:22:37.982+00:00,11904.204,RX,peer_observation,0011E271,1,5,01 00 00 71 E2
2026-09-28T15:22:37.987+00:00,11909.197,RX,peer_observation,000184EF,1,7,01 00 00 0F 03 EF 84
2026-09-28T15:22:37.987+00:00,11909.266,RX,peer_observation,001184EF,1,5,01 00 00 EF 84
2026-09-28T15:22:37.992+00:00,11914.191,RX,peer_observation,0001A97E,1,7,01 00 00 0F 03 7E A9
2026-09-28T15:22:37.992+00:00,11914.259,RX,peer_observation,0011A97E,1,5,01 00 00 7E A9
2026-09-28T15:22:37.997+00:00,11919.051,RX,peer_observation,00019103,1,7,01 00 00 0F 03 03 91
2026-09-28T15:22:37.997+00:00,11919.300,RX,peer_observation,00119103,1,5,01 00 00 03 91
2026-09-28T15:22:38.002+00:00,11924.073,RX,peer_observation,00019CBB,1,7,01 00 00 0F 03 BB 9C
2026-09-28T15:22:38.002+00:00,11924.369,RX,peer_observation,00119CBB,1,5,01 00 00 BB 9C
2026-09-28T15:22:38.007+00:00,11928.987,RX,peer_observation,00018F30,1,7,01 00 00 0F 03 30 8F
2026-09-28T15:22:38.007+00:00,11929.205,RX,peer_observation,00118F30,1,5,01 00 00 30 8F
2026-09-28T15:22:38.012+00:00,11934.115,RX,peer_observation,0001305F,1,7,01 00 00 0F 03 5F 30
2026-09-28T15:22:38.012+00:00,11934.209,RX,peer_observation,0011305F,1,5,01 00 00 5F 30
2026-09-28T15:22:38.017+00:00,11939.166,RX,peer_observation,0001F94F,1,7,01 00 00 0F 03 4F F9
2026-09-28T15:22:38.017+00:00,11939.232,RX,peer_observation,0011F94F,1,5,01 00 00 4F F9
2026-09-28T15:22:38.022+00:00,11944.031,RX,peer_observation,00017545,1,7,01 00 00 0F 03 45 75
2026-09-28T15:22:38.022+00:00,11944.315,RX,peer_observation,00117545,1,5,01 00 00 45 75
2026-09-28T15:22:38.027+00:00,11949.038,RX,peer_observation,0001857D,1,7,01 00 00 0F 03 7D 85
2026-09-28T15:22:38.027+00:00,11949.387,RX,peer_observation,0011857D,1,5,01 00 00 7D 85
2026-09-28T15:22:38.032+00:00,11954.130,RX,peer_observation,0001A0E4,1,7,01 00 00 0F 03 E4 A0
2026-09-28T15:22:38.032+00:00,11954.334,RX,peer_observation,0011A0E4,1,5,01 00 00 E4 A0
2026-09-28T15:22:38.037+00:00,11959.090,RX,peer_observation,00019394,1,7,01 00 00 0F 03 94 93
2026-09-28T15:22:38.037+00:00,11959.227,RX,peer_observation,00119394,1,5,01 00 00 94 93
2026-09-28T15:22:38.042+00:00,11963.996,RX,peer_observation,0001489C,1,7,01 00 00 0F 03 9C 48
2026-09-28T15:22:38.042+00:00,11964.345,RX,peer_observation,0011489C,1,5,01 00 00 9C 48
2026-09-28T15:22:38.047+00:00,11969.184,RX,peer_observation,0001ADF2,1,7,01 00 00 0F 03 F2 AD
2026-09-28T15:22:38.047+00:00,11969.262,RX,peer_observation,0011ADF2,1,5,01 00 00 F2 AD
2026-09-28T15:22:38.052+00:00,11974.158,RX,peer_observation,0001358A,1,7,01 00 00 0F 03 8A 35
2026-09-28T15:22:38.052+00:00,11974.232,RX,peer_observation,0011358A,1,5,01 00 00 8A 35
2026-09-28T15:22:38.057+00:00,11979.241,RX,peer_observation,000136EA,1,7,01 00 00 0F 03 EA 36
2026-09-28T15:22:38.057+00:00,11979.320,RX,peer_observation,001136EA,1,5,01 00 00 EA 36
2026-09-28T15:22:38.062+00:00,11984.255,RX,peer_observation,000120C3,1,7,01 00 00 0F 03 C3 20
2026-09-28T15:22:38.062+00:00,11984.334,RX,peer_observation,001120C3,1,5,01 00 00 C3 20
2026-09-28T15:22:38.067+00:00,11989.284,RX,peer_observation,00017DCE,1,7,01 00 00 0F 03 CE 7D
2026-09-28T15:22:38.067+00:00,11989.355,RX,peer_observation,00117DCE,1,5,01 00 00 CE 7D
2026-09-28T15:22:38.072+00:00,11994.048,RX,peer_observation,00017CA8,1,7,01 00 00 0F 03 A8 7C
2026-09-28T15:22:38.072+00:00,11994.183,RX,peer_observation,00117CA8,1,5,01 00 00 A8 7C
2026-09-28T15:22:38.077+00:00,11999.218,RX,peer_observation,0001F27B,1,7,01 00 00 0F 03 7B F2
2026-09-28T15:22:38.077+00:00,11999.305,RX,peer_observation,0011F27B,1,5,01 00 00 7B F2
2026-09-28T15:22:38.082+00:00,12004.291,RX,peer_observation,000156B1,1,7,01 00 00 0F 03 B1 56
2026-09-28T15:22:38.082+00:00,12004.374,RX,peer_observation,001156B1,1,5,01 00 00 B1 56
2026-09-28T15:22:38.087+00:00,12009.207,RX,peer_observation,00014FC5,1,7,01 00 00 0F 03 C5 4F
2026-09-28T15:22:38.087+00:00,12009.288,RX,peer_observation,00114FC5,1,5,01 00 00 C5 4F
2026-09-28T15:22:38.092+00:00,12014.314,RX,peer_observation,000145D8,1,7,01 00 00 0F 03 D8 45
2026-09-28T15:22:38.092+00:00,12014.384,RX,peer_observation,001145D8,1,5,01 00 00 D8 45
2026-09-28T15:22:38.097+00:00,12019.111,RX,peer_observation,0001013A,1,7,01 00 00 0F 03 3A 01
2026-09-28T15:22:38.097+00:00,12019.405,RX,peer_observation,0011013A,1,5,01 00 00 3A 01
2026-09-28T15:22:38.102+00:00,12024.034,RX,peer_observation,00010898,1,7,01 00 00 0F 03 98 08
2026-09-28T15:22:38.102+00:00,12024.297,RX,peer_observation,00110898,1,5,01 00 00 98 08
2026-09-28T15:22:38.107+00:00,12029.079,RX,peer_observation,0001CE15,1,7,01 00 00 0F 03 15 CE
2026-09-28T15:22:38.107+00:00,12029.164,RX,peer_observation,0011CE15,1,5,01 00 00 15 CE
2026-09-28T15:22:38.112+00:00,12034.000,RX,peer_observation,00015216,1,7,01 00 00 0F 03 16 52
2026-09-28T15:22:38.112+00:00,12034.263,RX,peer_observation,00115216,1,5,01 00 00 16 52
2026-09-28T15:22:38.117+00:00,12039.181,RX,peer_observation,0001F355,1,7,01 00 00 0F 03 55 F3
2026-09-28T15:22:38.117+00:00,12039.238,RX,peer_observation,0011F355,1,5,01 00 00 55 F3
2026-09-28T15:22:38.122+00:00,12044.043,RX,peer_observation,000158EA,1,7,01 00 00 0F 03 EA 58
2026-09-28T15:22:38.122+00:00,12044.299,RX,peer_observation,001158EA,1,5,01 00 00 EA 58
2026-09-28T15:22:38.127+00:00,12049.061,RX,peer_observation,0001AC59,1,7,01 00 00 0F 03 59 AC
2026-09-28T15:22:38.127+00:00,12049.300,RX,peer_observation,0011AC59,1,5,01 00 00 59 AC
2026-09-28T15:22:38.132+00:00,12054.094,RX,peer_observation,00012EAA,1,7,01 00 00 0F 03 AA 2E
2026-09-28T15:22:38.132+00:00,12054.335,RX,peer_observation,00112EAA,1,5,01 00 00 AA 2E
2026-09-28T15:22:38.137+00:00,12059.126,RX,peer_observation,0001AD6A,1,7,01 00 00 0F 03 6A AD
2026-09-28T15:22:38.137+00:00,12059.204,RX,peer_observation,0011AD6A,1,5,01 00 00 6A AD
2026-09-28T15:22:38.142+00:00,12064.028,RX,peer_observation,0001C21C,1,7,01 00 00 0F 03 1C C2
2026-09-28T15:22:38.142+00:00,12064.244,RX,peer_observation,0011C21C,1,5,01 00 00 1C C2
2026-09-28T15:22:38.147+00:00,12069.056,RX,peer_observation,0001111F,1,7,01 00 00 0F 03 1F 11
2026-09-28T15:22:38.147+00:00,12069.187,RX,peer_observation,0011111F,1,5,01 00 00 1F 11
2026-09-28T15:22:38.152+00:00,12073.989,RX,peer_observation,000112C5,1,7,01 00 00 0F 03 C5 12
2026-09-28T15:22:38.152+00:00,12074.228,RX,peer_observation,001112C5,1,5,01 00 00 C5 12
2026-09-28T15:22:38.157+00:00,12079.095,RX,peer_observation,0001817C,1,7,01 00 00 0F 03 7C 81
2026-09-28T15:22:38.157+00:00,12079.201,RX,peer_observation,0011817C,1,5,01 00 00 7C 81
2026-09-28T15:22:38.162+00:00,12084.063,RX,peer_observation,00016327,1,7,01 00 00 0F 03 27 63
2026-09-28T15:22:38.162+00:00,12084.193,RX,peer_observation,00116327,1,5,01 00 00 27 63
2026-09-28T15:22:38.167+00:00,12089.036,RX,peer_observation,00013B3B,1,7,01 00 00 0F 03 3B 3B
2026-09-28T15:22:38.167+00:00,12089.165,RX,peer_observation,00113B3B,1,5,01 00 00 3B 3B
2026-09-28T15:22:38.172+00:00,12093.987,RX,peer_observation,00019FEC,1,7,01 00 00 0F 03 EC 9F
2026-09-28T15:22:38.172+00:00,12094.228,RX,peer_observation,00119FEC,1,5,01 00 00 EC 9F
2026-09-28T15:22:38.177+00:00,12099.048,RX,peer_observation,000141A3,1,7,01 00 00 0F 03 A3 41
2026-09-28T15:22:38.177+00:00,12099.279,RX,peer_observation,001141A3,1,5,01 00 00 A3 41
2026-09-28T15:22:38.182+00:00,12104.063,RX,peer_observation,00014CD2,1,7,01 00 00 0F 03 D2 4C
2026-09-28T15:22:38.182+00:00,12104.195,RX,peer_observation,00114CD2,1,5,01 00 00 D2 4C
2026-09-28T15:22:38.187+00:00,12109.074,RX,peer_observation,000106D8,1,7,01 00 00 0F 03 D8 06
2026-09-28T15:22:38.187+00:00,12109.184,RX,peer_observation,001106D8,1,5,01 00 00 D8 06
2026-09-28T15:22:38.192+00:00,12114.070,RX,peer_observation,0001B517,1,7,01 00 00 0F 03 17 B5
2026-09-28T15:22:38.192+00:00,12114.174,RX,peer_observation,0011B517,1,5,01 00 00 17 B5
2026-09-28T15:22:38.197+00:00,12119.212,RX,peer_observation,00014485,1,7,01 00 00 0F 03 85 44
2026-09-28T15:22:38.197+00:00,12119.312,RX,peer_observation,00114485,1,5,01 00 00 85 44
2026-09-28T15:22:38.202+00:00,12124.276,RX,peer_observation,0001E7B2,1,7,01 00 00 0F 03 B2 E7
2026-09-28T15:22:38.202+00:00,12124.404,RX,peer_observation,0011E7B2,1,5,01 00 00 B2 E7
2026-09-28T15:22:38.207+00:00,12129.205,RX,peer_observation,00018E53,1,7,01 00 00 0F 03 53 8E
2026-09-28T15:22:38.207+00:00,12129.304,RX,peer_observation,00118E53,1,5,01 00 00 53 8E
2026-09-28T15:22:38.212+00:00,12134.175,RX,peer_observation,00014098,1,7,01 00 00 0F 03 98 40
2026-09-28T15:22:38.212+00:00,12134.232,RX,peer_observation,00114098,1,5,01 00 00 98 40
2026-09-28T15:22:38.217+00:00,12139.263,RX,peer_observation,00017F87,1,7,01 00 00 0F 03 87 7F
2026-09-28T15:22:38.217+00:00,12139.347,RX,peer_observation,00117F87,1,5,01 00 00 87 7F
2026-09-28T15:22:38.222+00:00,12144.009,RX,peer_observation,00011EEC,1,7,01 00 00 0F 03 EC 1E
2026-09-28T15:22:38.222+00:00,12144.241,RX,peer_observation,00111EEC,1,5,01 00 00 EC 1E
2026-09-28T15:22:38.227+00:00,12149.208,RX,peer_observation,0001A6C6,1,7,01 00 00 0F 03 C6 A6
2026-09-28T15:22:38.227+00:00,12149.314,RX,peer_observation,0011A6C6,1,5,01 00 00 C6 A6
2026-09-28T15:22:38.232+00:00,12154.182,RX,peer_observation,000114BC,1,7,01 00 00 0F 03 BC 14
2026-09-28T15:22:38.232+00:00,12154.261,RX,peer_observation,001114BC,1,5,01 00 00 BC 14
2026-09-28T15:22:38.237+00:00,12159.200,RX,peer_observation,00018AC3,1,7,01 00 00 0F 03 C3 8A
2026-09-28T15:22:38.237+00:00,12159.292,RX,peer_observation,00118AC3,1,5,01 00 00 C3 8A
2026-09-28T15:22:38.242+00:00,12164.234,RX,peer_observation,0001D3C0,1,7,01 00 00 0F 03 C0 D3
2026-09-28T15:22:38.242+00:00,12164.303,RX,peer_observation,0011D3C0,1,5,01 00 00 C0 D3
2026-09-28T15:22:38.247+00:00,12169.208,RX,peer_observation,00017466,1,7,01 00 00 0F 03 66 74
2026-09-28T15:22:38.247+00:00,12169.360,RX,peer_observation,00117466,1,5,01 00 00 66 74
2026-09-28T15:22:38.252+00:00,12174.227,RX,peer_observation,0001AF33,1,7,01 00 00 0F 03 33 AF
2026-09-28T15:22:38.252+00:00,12174.316,RX,peer_observation,0011AF33,1,5,01 00 00 33 AF
2026-09-28T15:22:38.257+00:00,12179.098,RX,peer_observation,0001C2B7,1,7,01 00 00 0F 03 B7 C2
2026-09-28T15:22:38.257+00:00,12179.338,RX,peer_observation,0011C2B7,1,5,01 00 00 B7 C2
2026-09-28T15:22:38.262+00:00,12184.152,RX,peer_observation,000111C5,1,7,01 00 00 0F 03 C5 11
2026-09-28T15:22:38.262+00:00,12184.266,RX,peer_observation,001111C5,1,5,01 00 00 C5 11
2026-09-28T15:22:38.267+00:00,12189.124,RX,peer_observation,0001128C,1,7,01 00 00 0F 03 8C 12
2026-09-28T15:22:38.267+00:00,12189.243,RX,peer_observation,0011128C,1,5,01 00 00 8C 12
2026-09-28T15:22:38.272+00:00,12193.901,RX,peer_observation,00010730,1,7,01 00 00 0F 03 30 07
2026-09-28T15:22:38.272+00:00,12194.224,RX,peer_observation,00110730,1,5,01 00 00 30 07
2026-09-28T15:22:38.277+00:00,12199.249,RX,peer_observation,00014FC2,1,7,01 00 00 0F 03 C2 4F
2026-09-28T15:22:38.277+00:00,12199.340,RX,peer_observation,00114FC2,1,5,01 00 00 C2 4F
2026-09-28T15:22:38.282+00:00,12204.159,RX,peer_observation,00017FF3,1,7,01 00 00 0F 03 F3 7F
2026-09-28T15:22:38.282+00:00,12204.217,RX,peer_observation,00117FF3,1,5,01 00 00 F3 7F
2026-09-28T15:22:38.287+00:00,12209.145,RX,peer_observation,0001F394,1,7,01 00 00 0F 03 94 F3
2026-09-28T15:22:38.287+00:00,12209.243,RX,peer_observation,0011F394,1,5,01 00 00 94 F3
2026-09-28T15:22:38.292+00:00,12214.085,RX,peer_observation,00016A4E,1,7,01 00 00 0F 03 4E 6A
2026-09-28T15:22:38.292+00:00,12214.154,RX,peer_observation,00116A4E,1,5,01 00 00 4E 6A
2026-09-28T15:22:38.297+00:00,12218.988,RX,peer_observation,00012F4E,1,7,01 00 00 0F 03 4E 2F
2026-09-28T15:22:38.297+00:00,12219.215,RX,peer_observation,00112F4E,1,5,01 00 00 4E 2F
2026-09-28T15:22:38.302+00:00,12223.990,RX,peer_observation,00018265,1,7,01 00 00 0F 03 65 82
2026-09-28T15:22:38.302+00:00,12224.216,RX,peer_observation,00118265,1,5,01 00 00 65 82
2026-09-28T15:22:38.307+00:00,12228.989,RX,peer_observation,00019C68,1,7,01 00 00 0F 03 68 9C
2026-09-28T15:22:38.307+00:00,12229.307,RX,peer_observation,00119C68,1,5,01 00 00 68 9C
2026-09-28T15:22:38.312+00:00,12233.989,RX,peer_observation,00014038,1,7,01 00 00 0F 03 38 40
2026-09-28T15:22:38.312+00:00,12234.311,RX,peer_observation,00114038,1,5,01 00 00 38 40
2026-09-28T15:22:38.317+00:00,12239.025,RX,peer_observation,000146CD,1,7,01 00 00 0F 03 CD 46
2026-09-28T15:22:38.317+00:00,12239.273,RX,peer_observation,001146CD,1,5,01 00 00 CD 46
2026-09-28T15:22:38.322+00:00,12244.035,RX,peer_observation,0001B8DB,1,7,01 00 00 0F 03 DB B8
2026-09-28T15:22:38.322+00:00,12244.238,RX,peer_observation,0011B8DB,1,5,01 00 00 DB B8
2026-09-28T15:22:38.327+00:00,12249.152,RX,peer_observation,00012FDA,1,7,01 00 00 0F 03 DA 2F
2026-09-28T15:22:38.327+00:00,12249.210,RX,peer_observation,00112FDA,1,5,01 00 00 DA 2F
2026-09-28T15:22:38.332+00:00,12254.020,RX,peer_observation,0001E507,1,7,01 00 00 0F 03 07 E5
2026-09-28T15:22:38.332+00:00,12254.249,RX,peer_observation,0011E507,1,5,01 00 00 07 E5
2026-09-28T15:22:38.337+00:00,12259.177,RX,peer_observation,00018064,1,7,01 00 00 0F 03 64 80
2026-09-28T15:22:38.337+00:00,12259.242,RX,peer_observation,00118064,1,5,01 00 00 64 80
2026-09-28T15:22:38.342+00:00,12263.973,RX,peer_observation,00013200,1,7,01 00 00 0F 03 00 32
2026-09-28T15:22:38.342+00:00,12264.244,RX,peer_observation,00113200,1,5,01 00 00 00 32
2026-09-28T15:22:38.347+00:00,12269.161,RX,peer_observation,0001D1B5,1,7,01 00 00 0F 03 B5 D1
2026-09-28T15:22:38.347+00:00,12269.217,RX,peer_observation,0011D1B5,1,5,01 00 00 B5 D1
2026-09-28T15:22:38.352+00:00,12273.956,RX,peer_observation,00017669,1,7,01 00 00 0F 03 69 76
2026-09-28T15:22:38.352+00:00,12274.199,RX,peer_observation,00117669,1,5,01 00 00 69 76
2026-09-28T15:22:38.357+00:00,12278.961,RX,peer_observation,0001D168,1,7,01 00 00 0F 03 68 D1
2026-09-28T15:22:38.357+00:00,12279.234,RX,peer_observation,0011D168,1,5,01 00 00 68 D1
2026-09-28T15:22:38.362+00:00,12283.969,RX,peer_observation,0001BF70,1,7,01 00 00 0F 03 70 BF
2026-09-28T15:22:38.362+00:00,12284.213,RX,peer_observation,0011BF70,1,5,01 00 00 70 BF
2026-09-28T15:22:38.367+00:00,12288.968,RX,peer_observation,00018192,1,7,01 00 00 0F 03 92 81
2026-09-28T15:22:38.367+00:00,12289.240,RX,peer_observation,00118192,1,5,01 00 00 92 81
2026-09-28T15:22:38.372+00:00,12294.016,RX,peer_observation,00019386,1,7,01 00 00 0F 03 86 93
2026-09-28T15:22:38.372+00:00,12294.221,RX,peer_observation,00119386,1,5,01 00 00 86 93
2026-09-28T15:22:38.377+00:00,12298.967,RX,peer_observation,00013E8C,1,7,01 00 00 0F 03 8C 3E
2026-09-28T15:22:38.377+00:00,12299.212,RX,peer_observation,00113E8C,1,5,01 00 00 8C 3E
2026-09-28T15:22:38.382+00:00,12303.967,RX,peer_observation,00014E77,1,7,01 00 00 0F 03 77 4E
2026-09-28T15:22:38.382+00:00,12304.210,RX,peer_observation,00114E77,1,5,01 00 00 77 4E
2026-09-28T15:22:38.387+00:00,12308.967,RX,peer_observation,0001616A,1,7,01 00 00 0F 03 6A 61
2026-09-28T15:22:38.387+00:00,12309.213,RX,peer_observation,0011616A,1,5,01 00 00 6A 61
2026-09-28T15:22:38.392+00:00,12313.960,RX,peer_observation,000147A1,1,7,01 00 00 0F 03 A1 47
2026-09-28T15:22:38.392+00:00,12314.229,RX,peer_observation,001147A1,1,5,01 00 00 A1 47
2026-09-28T15:22:38.397+00:00,12319.124,RX,peer_observation,000101D7,1,7,01 00 00 0F 03 D7 01
2026-09-28T15:22:38.397+00:00,12319.191,RX,peer_observation,001101D7,1,5,01 00 00 D7 01
2026-09-28T15:22:38.402+00:00,12324.173,RX,peer_observation,0001319A,1,7,01 00 00 0F 03 9A 31
2026-09-28T15:22:38.402+00:00,12324.257,RX,peer_observation,0011319A,1,5,01 00 00 9A 31
2026-09-28T15:22:38.407+00:00,12329.149,RX,peer_observation,00017FEF,1,7,01 00 00 0F 03 EF 7F
2026-09-28T15:22:38.407+00:00,12329.206,RX,peer_observation,00117FEF,1,5,01 00 00 EF 7F
2026-09-28T15:22:38.412+00:00,12334.148,RX,peer_observation,0001BF80,1,7,01 00 00 0F 03 80 BF
2026-09-28T15:22:38.412+00:00,12334.280,RX,peer_observation,0011BF80,1,5,01 00 00 80 BF
2026-09-28T15:22:38.417+00:00,12339.127,RX,peer_observation,00018A56,1,7,01 00 00 0F 03 56 8A
2026-09-28T15:22:38.417+00:00,12339.238,RX,peer_observation,00118A56,1,5,01 00 00 56 8A
2026-09-28T15:22:38.422+00:00,12344.015,RX,peer_observation,00017AD6,1,7,01 00 00 0F 03 D6 7A
2026-09-28T15:22:38.422+00:00,12344.287,RX,peer_observation,00117AD6,1,5,01 00 00 D6 7A
2026-09-28T15:22:38.427+00:00,12349.164,RX,peer_observation,00013299,1,7,01 00 00 0F 03 99 32
2026-09-28T15:22:38.427+00:00,12349.243,RX,peer_observation,00113299,1,5,01 00 00 99 32
2026-09-28T15:22:38.432+00:00,12354.108,RX,peer_observation,0001398C,1,7,01 00 00 0F 03 8C 39
2026-09-28T15:22:38.432+00:00,12354.203,RX,peer_observation,0011398C,1,5,01 00 00 8C 39
2026-09-28T15:22:38.437+00:00,12359.152,RX,peer_observation,00019195,1,7,01 00 00 0F 03 95 91
2026-09-28T15:22:38.437+00:00,12359.210,RX,peer_observation,00119195,1,5,01 00 00 95 91
2026-09-28T15:22:38.442+00:00,12364.106,RX,peer_observation,000132A9,1,7,01 00 00 0F 03 A9 32
2026-09-28T15:22:38.442+00:00,12364.233,RX,peer_observation,001132A9,1,5,01 00 00 A9 32
2026-09-28T15:22:38.447+00:00,12368.970,RX,peer_observation,0001DB82,1,7,01 00 00 0F 03 82 DB
2026-09-28T15:22:38.447+00:00,12369.216,RX,peer_observation,0011DB82,1,5,01 00 00 82 DB
2026-09-28T15:22:38.452+00:00,12374.032,RX,peer_observation,0001B4B7,1,7,01 00 00 0F 03 B7 B4
2026-09-28T15:22:38.452+00:00,12374.124,RX,peer_observation,0011B4B7,1,5,01 00 00 B7 B4
2026-09-28T15:22:38.457+00:00,12378.985,RX,peer_observation,00013ACE,1,7,01 00 00 0F 03 CE 3A
2026-09-28T15:22:38.457+00:00,12379.207,RX,peer_observation,00113ACE,1,5,01 00 00 CE 3A
2026-09-28T15:22:38.462+00:00,12384.024,RX,peer_observation,0001CBD4,1,7,01 00 00 0F 03 D4 CB
2026-09-28T15:22:38.462+00:00,12384.111,RX,peer_observation,0011CBD4,1,5,01 00 00 D4 CB
2026-09-28T15:22:38.467+00:00,12388.963,RX,peer_observation,000156F1,1,7,01 00 00 0F 03 F1 56
2026-09-28T15:22:38.467+00:00,12389.229,RX,peer_observation,001156F1,1,5,01 00 00 F1 56
2026-09-28T15:22:38.472+00:00,12394.064,RX,peer_observation,0001D620,1,7,01 00 00 0F 03 20 D6
2026-09-28T15:22:38.472+00:00,12394.170,RX,peer_observation,0011D620,1,5,01 00 00 20 D6
2026-09-28T15:22:38.477+00:00,12399.028,RX,peer_observation,0001FBDE,1,7,01 00 00 0F 03 DE FB
2026-09-28T15:22:38.477+00:00,12399.267,RX,peer_observation,0011FBDE,1,5,01 00 00 DE FB
2026-09-28T15:22:38.482+00:00,12404.003,RX,peer_observation,00014BDD,1,7,01 00 00 0F 03 DD 4B
2026-09-28T15:22:38.482+00:00,12404.126,RX,peer_observation,00114BDD,1,5,01 00 00 DD 4B
2026-09-28T15:22:38.487+00:00,12409.005,RX,peer_observation,000188B7,1,7,01 00 00 0F 03 B7 88
2026-09-28T15:22:38.487+00:00,12409.149,RX,peer_observation,001188B7,1,5,01 00 00 B7 88
2026-09-28T15:22:38.492+00:00,12414.097,RX,peer_observation,0001A978,1,7,01 00 00 0F 03 78 A9
2026-09-28T15:22:38.492+00:00,12414.154,RX,peer_observation,0011A978,1,5,01 00 00 78 A9
2026-09-28T15:22:38.497+00:00,12418.996,RX,peer_observation,0001D7FB,1,7,01 00 00 0F 03 FB D7
2026-09-28T15:22:38.497+00:00,12419.222,RX,peer_observation,0011D7FB,1,5,01 00 00 FB D7
2026-09-28T15:22:38.502+00:00,12424.040,RX,peer_observation,0001C056,1,7,01 00 00 0F 03 56 C0
2026-09-28T15:22:38.502+00:00,12424.148,RX,peer_observation,0011C056,1,5,01 00 00 56 C0
2026-09-28T15:22:38.507+00:00,12429.110,RX,peer_observation,0001113C,1,7,01 00 00 0F 03 3C 11
2026-09-28T15:22:38.507+00:00,12429.167,RX,peer_observation,0011113C,1,5,01 00 00 3C 11
2026-09-28T15:22:38.512+00:00,12433.963,RX,peer_observation,00018421,1,7,01 00 00 0F 03 21 84
2026-09-28T15:22:38.512+00:00,12434.210,RX,peer_observation,00118421,1,5,01 00 00 21 84
2026-09-28T15:22:38.517+00:00,12439.077,RX,peer_observation,00015426,1,7,01 00 00 0F 03 26 54
2026-09-28T15:22:38.517+00:00,12439.154,RX,peer_observation,00115426,1,5,01 00 00 26 54
2026-09-28T15:22:38.522+00:00,12444.041,RX,peer_observation,000174E0,1,7,01 00 00 0F 03 E0 74
2026-09-28T15:22:38.522+00:00,12444.135,RX,peer_observation,001174E0,1,5,01 00 00 E0 74
2026-09-28T15:22:38.527+00:00,12449.123,RX,peer_observation,0001A658,1,7,01 00 00 0F 03 58 A6
2026-09-28T15:22:38.527+00:00,12449.180,RX,peer_observation,0011A658,1,5,01 00 00 58 A6
2026-09-28T15:22:38.532+00:00,12453.941,RX,peer_observation,0001C31B,1,7,01 00 00 0F 03 1B C3
2026-09-28T15:22:38.532+00:00,12454.189,RX,peer_observation,0011C31B,1,5,01 00 00 1B C3
2026-09-28T15:22:38.537+00:00,12458.959,RX,peer_observation,00019D61,1,7,01 00 00 0F 03 61 9D
2026-09-28T15:22:38.537+00:00,12459.183,RX,peer_observation,00119D61,1,5,01 00 00 61 9D
2026-09-28T15:22:38.542+00:00,12464.073,RX,peer_observation,00014DED,1,7,01 00 00 0F 03 ED 4D
2026-09-28T15:22:38.542+00:00,12464.151,RX,peer_observation,00114DED,1,5,01 00 00 ED 4D
2026-09-28T15:22:38.547+00:00,12469.128,RX,peer_observation,0001DBE2,1,7,01 00 00 0F 03 E2 DB
2026-09-28T15:22:38.547+00:00,12469.228,RX,peer_observation,0011DBE2,1,5,01 00 00 E2 DB
2026-09-28T15:22:38.552+00:00,12474.125,RX,peer_observation,0001A79F,1,7,01 00 00 0F 03 9F A7
2026-09-28T15:22:38.552+00:00,12474.183,RX,peer_observation,0011A79F,1,5,01 00 00 9F A7
2026-09-28T15:22:38.557+00:00,12479.004,RX,peer_observation,000178A0,1,7,01 00 00 0F 03 A0 78
2026-09-28T15:22:38.557+00:00,12479.247,RX,peer_observation,001178A0,1,5,01 00 00 A0 78
2026-09-28T15:22:38.562+00:00,12484.123,RX,peer_observation,00011847,1,7,01 00 00 0F 03 47 18
2026-09-28T15:22:38.562+00:00,12484.180,RX,peer_observation,00111847,1,5,01 00 00 47 18
2026-09-28T15:22:38.567+00:00,12488.944,RX,peer_observation,00017C09,1,7,01 00 00 0F 03 09 7C
2026-09-28T15:22:38.567+00:00,12489.188,RX,peer_observation,00117C09,1,5,01 00 00 09 7C
2026-09-28T15:22:38.572+00:00,12494.356,RX,peer_observation,00011A87,1,7,01 00 00 0F 03 87 1A
2026-09-28T15:22:38.572+00:00,12494.470,RX,peer_observation,00111A87,1,5,01 00 00 87 1A
2026-09-28T15:22:38.577+00:00,12499.013,RX,peer_observation,0001707F,1,7,01 00 00 0F 03 7F 70
2026-09-28T15:22:38.577+00:00,12499.359,RX,peer_observation,0011707F,1,5,01 00 00 7F 70
2026-09-28T15:22:38.582+00:00,12504.023,RX,peer_observation,0001D953,1,7,01 00 00 0F 03 53 D9
2026-09-28T15:22:38.582+00:00,12504.144,RX,peer_observation,0011D953,1,5,01 00 00 53 D9
2026-09-28T15:22:38.587+00:00,12508.967,RX,peer_observation,00015364,1,7,01 00 00 0F 03 64 53
2026-09-28T15:22:38.587+00:00,12509.318,RX,peer_observation,00115364,1,5,01 00 00 64 53
2026-09-28T15:22:38.592+00:00,12513.954,RX,peer_observation,00018A73,1,7,01 00 00 0F 03 73 8A
2026-09-28T15:22:38.592+00:00,12514.228,RX,peer_observation,00118A73,1,5,01 00 00 73 8A
2026-09-28T15:22:38.597+00:00,12519.023,RX,peer_observation,0001E0B8,1,7,01 00 00 0F 03 B8 E0
2026-09-28T15:22:38.597+00:00,12519.163,RX,peer_observation,0011E0B8,1,5,01 00 00 B8 E0
2026-09-28T15:22:38.602+00:00,12524.058,RX,peer_observation,00011415,1,7,01 00 00 0F 03 15 14
2026-09-28T15:22:38.602+00:00,12524.135,RX,peer_observation,00111415,1,5,01 00 00 15 14
2026-09-28T15:22:38.607+00:00,12528.943,RX,peer_observation,000184CA,1,7,01 00 00 0F 03 CA 84
2026-09-28T15:22:38.607+00:00,12529.213,RX,peer_observation,001184CA,1,5,01 00 00 CA 84
2026-09-28T15:22:38.612+00:00,12534.021,RX,peer_observation,0001B0AB,1,7,01 00 00 0F 03 AB B0
2026-09-28T15:22:38.612+00:00,12534.156,RX,peer_observation,0011B0AB,1,5,01 00 00 AB B0
2026-09-28T15:22:38.617+00:00,12539.230,RX,peer_observation,0001F351,1,7,01 00 00 0F 03 51 F3
2026-09-28T15:22:38.617+00:00,12539.306,RX,peer_observation,0011F351,1,5,01 00 00 51 F3
2026-09-28T15:22:38.622+00:00,12544.010,RX,peer_observation,000132F2,1,7,01 00 00 0F 03 F2 32
2026-09-28T15:22:38.622+00:00,12544.252,RX,peer_observation,001132F2,1,5,01 00 00 F2 32
2026-09-28T15:22:38.627+00:00,12549.226,RX,peer_observation,000150E2,1,7,01 00 00 0F 03 E2 50
2026-09-28T15:22:38.627+00:00,12549.300,RX,peer_observation,001150E2,1,5,01 00 00 E2 50
2026-09-28T15:22:38.632+00:00,12554.114,RX,peer_observation,00016CC5,1,7,01 00 00 0F 03 C5 6C
2026-09-28T15:22:38.632+00:00,12554.200,RX,peer_observation,00116CC5,1,5,01 00 00 C5 6C
2026-09-28T15:22:38.637+00:00,12559.231,RX,peer_observation,0001BF98,1,7,01 00 00 0F 03 98 BF
2026-09-28T15:22:38.637+00:00,12559.329,RX,peer_observation,0011BF98,1,5,01 00 00 98 BF
2026-09-28T15:22:38.642+00:00,12564.186,RX,peer_observation,0001B637,1,7,01 00 00 0F 03 37 B6
2026-09-28T15:22:38.642+00:00,12564.268,RX,peer_observation,0011B637,1,5,01 00 00 37 B6
2026-09-28T15:22:38.647+00:00,12569.228,RX,peer_observation,00017579,1,7,01 00 00 0F 03 79 75
2026-09-28T15:22:38.647+00:00,12569.325,RX,peer_observation,00117579,1,5,01 00 00 79 75
2026-09-28T15:22:38.652+00:00,12574.031,RX,peer_observation,00018706,1,7,01 00 00 0F 03 06 87
2026-09-28T15:22:38.652+00:00,12574.258,RX,peer_observation,00118706,1,5,01 00 00 06 87
2026-09-28T15:22:38.657+00:00,12579.105,RX,peer_observation,000162CF,1,7,01 00 00 0F 03 CF 62
2026-09-28T15:22:38.657+00:00,12579.164,RX,peer_observation,001162CF,1,5,01 00 00 CF 62
2026-09-28T15:22:38.662+00:00,12583.952,RX,peer_observation,00019B5D,1,7,01 00 00 0F 03 5D 9B
2026-09-28T15:22:38.662+00:00,12584.215,RX,peer_observation,00119B5D,1,5,01 00 00 5D 9B
2026-09-28T15:22:38.667+00:00,12588.982,RX,peer_observation,0001D895,1,7,01 00 00 0F 03 95 D8
2026-09-28T15:22:38.667+00:00,12589.208,RX,peer_observation,0011D895,1,5,01 00 00 95 D8
2026-09-28T15:22:38.672+00:00,12593.970,RX,peer_observation,00018189,1,7,01 00 00 0F 03 89 81
2026-09-28T15:22:38.672+00:00,12594.241,RX,peer_observation,00118189,1,5,01 00 00 89 81
2026-09-28T15:22:38.677+00:00,12598.940,RX,peer_observation,0001F6A7,1,7,01 00 00 0F 03 A7 F6
2026-09-28T15:22:38.677+00:00,12599.170,RX,peer_observation,0011F6A7,1,5,01 00 00 A7 F6
2026-09-28T15:22:38.682+00:00,12603.937,RX,peer_observation,0001AD09,1,7,01 00 00 0F 03 09 AD
2026-09-28T15:22:38.682+00:00,12604.183,RX,peer_observation,0011AD09,1,5,01 00 00 09 AD
2026-09-28T15:22:38.687+00:00,12608.953,RX,peer_observation,0001234D,1,7,01 00 00 0F 03 4D 23
2026-09-28T15:22:38.687+00:00,12609.223,RX,peer_observation,0011234D,1,5,01 00 00 4D 23
2026-09-28T15:22:38.692+00:00,12614.112,RX,peer_observation,00017420,1,7,01 00 00 0F 03 20 74
2026-09-28T15:22:38.692+00:00,12614.169,RX,peer_observation,00117420,1,5,01 00 00 20 74
2026-09-28T15:22:38.697+00:00,12619.114,RX,peer_observation,0001B96D,1,7,01 00 00 0F 03 6D B9
2026-09-28T15:22:38.697+00:00,12619.172,RX,peer_observation,0011B96D,1,5,01 00 00 6D B9
2026-09-28T15:22:38.702+00:00,12624.170,RX,peer_observation,0001C7D4,1,7,01 00 00 0F 03 D4 C7
2026-09-28T15:22:38.702+00:00,12624.245,RX,peer_observation,0011C7D4,1,5,01 00 00 D4 C7
2026-09-28T15:22:38.707+00:00,12629.136,RX,peer_observation,00012056,1,7,01 00 00 0F 03 56 20
2026-09-28T15:22:38.707+00:00,12629.193,RX,peer_observation,00112056,1,5,01 00 00 56 20
2026-09-28T15:22:38.712+00:00,12634.165,RX,peer_observation,0001DEFD,1,7,01 00 00 0F 03 FD DE
2026-09-28T15:22:38.712+00:00,12634.256,RX,peer_observation,0011DEFD,1,5,01 00 00 FD DE
2026-09-28T15:22:38.717+00:00,12639.123,RX,peer_observation,00011005,1,7,01 00 00 0F 03 05 10
2026-09-28T15:22:38.717+00:00,12639.207,RX,peer_observation,00111005,1,5,01 00 00 05 10
2026-09-28T15:22:38.722+00:00,12644.144,RX,peer_observation,00012FCF,1,7,01 00 00 0F 03 CF 2F
2026-09-28T15:22:38.722+00:00,12644.239,RX,peer_observation,00112FCF,1,5,01 00 00 CF 2F
2026-09-28T15:22:38.727+00:00,12649.142,RX,peer_observation,0001965C,1,7,01 00 00 0F 03 5C 96
2026-09-28T15:22:38.727+00:00,12649.220,RX,peer_observation,0011965C,1,5,01 00 00 5C 96
2026-09-28T15:22:38.732+00:00,12654.189,RX,peer_observation,00015C0F,1,7,01 00 00 0F 03 0F 5C
2026-09-28T15:22:38.732+00:00,12654.266,RX,peer_observation,00115C0F,1,5,01 00 00 0F 5C
2026-09-28T15:22:38.737+00:00,12659.156,RX,peer_observation,0001A199,1,7,01 00 00 0F 03 99 A1
2026-09-28T15:22:38.737+00:00,12659.250,RX,peer_observation,0011A199,1,5,01 00 00 99 A1
2026-09-28T15:22:38.742+00:00,12664.202,RX,peer_observation,0001D6C4,1,7,01 00 00 0F 03 C4 D6
2026-09-28T15:22:38.742+00:00,12664.291,RX,peer_observation,0011D6C4,1,5,01 00 00 C4 D6
2026-09-28T15:22:38.747+00:00,12669.209,RX,peer_observation,00019215,1,7,01 00 00 0F 03 15 92
2026-09-28T15:22:38.747+00:00,12669.305,RX,peer_observation,00119215,1,5,01 00 00 15 92
2026-09-28T15:22:38.752+00:00,12674.131,RX,peer_observation,00019B2C,1,7,01 00 00 0F 03 2C 9B
2026-09-28T15:22:38.752+00:00,12674.210,RX,peer_observation,00119B2C,1,5,01 00 00 2C 9B
2026-09-28T15:22:38.757+00:00,12679.147,RX,peer_observation,00015510,1,7,01 00 00 0F 03 10 55
2026-09-28T15:22:38.757+00:00,12679.249,RX,peer_observation,00115510,1,5,01 00 00 10 55
2026-09-28T15:22:38.762+00:00,12683.916,RX,peer_observation,0001CB3D,1,7,01 00 00 0F 03 3D CB
2026-09-28T15:22:38.762+00:00,12684.156,RX,peer_observation,0011CB3D,1,5,01 00 00 3D CB
2026-09-28T15:22:38.767+00:00,12689.148,RX,peer_observation,00011416,1,7,01 00 00 0F 03 16 14
2026-09-28T15:22:38.767+00:00,12689.259,RX,peer_observation,00111416,1,5,01 00 00 16 14
2026-09-28T15:22:38.772+00:00,12694.122,RX,peer_observation,000100F3,1,7,01 00 00 0F 03 F3 00
2026-09-28T15:22:38.772+00:00,12694.178,RX,peer_observation,001100F3,1,5,01 00 00 F3 00
2026-09-28T15:22:38.777+00:00,12699.137,RX,peer_observation,00017440,1,7,01 00 00 0F 03 40 74
2026-09-28T15:22:38.777+00:00,12699.237,RX,peer_observation,00117440,1,5,01 00 00 40 74
2026-09-28T15:22:38.782+00:00,12704.110,RX,peer_observation,00016045,1,7,01 00 00 0F 03 45 60
2026-09-28T15:22:38.782+00:00,12704.188,RX,peer_observation,00116045,1,5,01 00 00 45 60
2026-09-28T15:22:38.787+00:00,12709.144,RX,peer_observation,0001B662,1,7,01 00 00 0F 03 62 B6
2026-09-28T15:22:38.787+00:00,12709.250,RX,peer_observation,0011B662,1,5,01 00 00 62 B6
2026-09-28T15:22:38.792+00:00,12714.123,RX,peer_observation,0001AC6E,1,7,01 00 00 0F 03 6E AC
2026-09-28T15:22:38.792+00:00,12714.180,RX,peer_observation,0011AC6E,1,5,01 00 00 6E AC
2026-09-28T15:22:38.797+00:00,12718.919,RX,peer_observation,0001B4E2,1,7,01 00 00 0F 03 E2 B4
2026-09-28T15:22:38.797+00:00,12719.155,RX,peer_observation,0011B4E2,1,5,01 00 00 E2 B4
2026-09-28T15:22:38.802+00:00,12723.928,RX,peer_observation,000195F0,1,7,01 00 00 0F 03 F0 95
2026-09-28T15:22:38.802+00:00,12724.175,RX,peer_observation,001195F0,1,5,01 00 00 F0 95
2026-09-28T15:22:38.807+00:00,12728.941,RX,peer_observation,000109C7,1,7,01 00 00 0F 03 C7 09
2026-09-28T15:22:38.807+00:00,12729.175,RX,peer_observation,001109C7,1,5,01 00 00 C7 09
2026-09-28T15:22:38.812+00:00,12733.987,RX,peer_observation,00011B7A,1,7,01 00 00 0F 03 7A 1B
2026-09-28T15:22:38.812+00:00,12734.212,RX,peer_observation,00111B7A,1,5,01 00 00 7A 1B
2026-09-28T15:22:38.817+00:00,12738.872,RX,peer_observation,00013F49,1,7,01 00 00 0F 03 49 3F
2026-09-28T15:22:38.817+00:00,12739.171,RX,peer_observation,00113F49,1,5,01 00 00 49 3F
2026-09-28T15:22:38.822+00:00,12743.962,RX,peer_observation,0001629B,1,7,01 00 00 0F 03 9B 62
2026-09-28T15:22:38.822+00:00,12744.192,RX,peer_observation,0011629B,1,5,01 00 00 9B 62
2026-09-28T15:22:38.827+00:00,12748.951,RX,peer_observation,000156E8,1,7,01 00 00 0F 03 E8 56
2026-09-28T15:22:38.827+00:00,12749.163,RX,peer_observation,001156E8,1,5,01 00 00 E8 56
2026-09-28T15:22:38.832+00:00,12753.927,RX,peer_observation,000109E6,1,7,01 00 00 0F 03 E6 09
2026-09-28T15:22:38.832+00:00,12754.180,RX,peer_observation,001109E6,1,5,01 00 00 E6 09
2026-09-28T15:22:38.837+00:00,12759.030,RX,peer_observation,0001CED1,1,7,01 00 00 0F 03 D1 CE
2026-09-28T15:22:38.837+00:00,12759.088,RX,peer_observation,0011CED1,1,5,01 00 00 D1 CE
2026-09-28T15:22:38.842+00:00,12763.928,RX,peer_observation,000104F3,1,7,01 00 00 0F 03 F3 04
2026-09-28T15:22:38.842+00:00,12764.153,RX,peer_observation,001104F3,1,5,01 00 00 F3 04
2026-09-28T15:22:38.847+00:00,12768.868,RX,peer_observation,00010F19,1,7,01 00 00 0F 03 19 0F
2026-09-28T15:22:38.847+00:00,12769.148,RX,peer_observation,00110F19,1,5,01 00 00 19 0F
2026-09-28T15:22:38.852+00:00,12773.937,RX,peer_observation,00014B5D,1,7,01 00 00 0F 03 5D 4B
2026-09-28T15:22:38.852+00:00,12774.161,RX,peer_observation,00114B5D,1,5,01 00 00 5D 4B
2026-09-28T15:22:38.857+00:00,12778.956,RX,peer_observation,0001B018,1,7,01 00 00 0F 03 18 B0
2026-09-28T15:22:38.857+00:00,12779.064,RX,peer_observation,0011B018,1,5,01 00 00 18 B0
2026-09-28T15:22:38.862+00:00,12783.951,RX,peer_observation,000152B6,1,7,01 00 00 0F 03 B6 52
2026-09-28T15:22:38.862+00:00,12784.078,RX,peer_observation,001152B6,1,5,01 00 00 B6 52
2026-09-28T15:22:38.867+00:00,12788.875,RX,peer_observation,000164ED,1,7,01 00 00 0F 03 ED 64
2026-09-28T15:22:38.867+00:00,12789.125,RX,peer_observation,001164ED,1,5,01 00 00 ED 64
2026-09-28T15:22:38.872+00:00,12793.949,RX,peer_observation,00018C03,1,7,01 00 00 0F 03 03 8C
2026-09-28T15:22:38.872+00:00,12794.117,RX,peer_observation,00118C03,1,5,01 00 00 03 8C
2026-09-28T15:22:38.877+00:00,12798.868,RX,peer_observation,0001ECEE,1,7,01 00 00 0F 03 EE EC
2026-09-28T15:22:38.877+00:00,12799.098,RX,peer_observation,0011ECEE,1,5,01 00 00 EE EC
2026-09-28T15:22:38.882+00:00,12803.917,RX,peer_observation,0001043B,1,7,01 00 00 0F 03 3B 04
2026-09-28T15:22:38.882+00:00,12804.126,RX,peer_observation,0011043B,1,5,01 00 00 3B 04
2026-09-28T15:22:38.887+00:00,12808.997,RX,peer_observation,0001EC90,1,7,01 00 00 0F 03 90 EC
2026-09-28T15:22:38.887+00:00,12809.104,RX,peer_observation,0011EC90,1,5,01 00 00 90 EC
2026-09-28T15:22:38.892+00:00,12814.024,RX,peer_observation,00012FE1,1,7,01 00 00 0F 03 E1 2F
2026-09-28T15:22:38.892+00:00,12814.323,RX,peer_observation,00112FE1,1,5,01 00 00 E1 2F
2026-09-28T15:22:38.897+00:00,12819.143,RX,peer_observation,0001360C,1,7,01 00 00 0F 03 0C 36
2026-09-28T15:22:38.897+00:00,12819.231,RX,peer_observation,0011360C,1,5,01 00 00 0C 36
2026-09-28T15:22:38.902+00:00,12824.179,RX,peer_observation,000110B2,1,7,01 00 00 0F 03 B2 10
2026-09-28T15:22:38.902+00:00,12824.278,RX,peer_observation,001110B2,1,5,01 00 00 B2 10
2026-09-28T15:22:38.907+00:00,12829.132,RX,peer_observation,00010FD4,1,7,01 00 00 0F 03 D4 0F
2026-09-28T15:22:38.907+00:00,12829.215,RX,peer_observation,00110FD4,1,5,01 00 00 D4 0F
2026-09-28T15:22:38.912+00:00,12834.176,RX,peer_observation,00010500,1,7,01 00 00 0F 03 00 05
2026-09-28T15:22:38.912+00:00,12834.256,RX,peer_observation,00110500,1,5,01 00 00 00 05
2026-09-28T15:22:38.917+00:00,12839.099,RX,peer_observation,00011687,1,7,01 00 00 0F 03 87 16
2026-09-28T15:22:38.917+00:00,12839.180,RX,peer_observation,00111687,1,5,01 00 00 87 16
2026-09-28T15:22:38.922+00:00,12844.157,RX,peer_observation,0001EF2B,1,7,01 00 00 0F 03 2B EF
2026-09-28T15:22:38.922+00:00,12844.226,RX,peer_observation,0011EF2B,1,5,01 00 00 2B EF
2026-09-28T15:22:38.927+00:00,12848.993,RX,peer_observation,0001A60C,1,7,01 00 00 0F 03 0C A6
2026-09-28T15:22:38.927+00:00,12849.190,RX,peer_observation,0011A60C,1,5,01 00 00 0C A6
2026-09-28T15:22:38.932+00:00,12854.083,RX,peer_observation,00014457,1,7,01 00 00 0F 03 57 44
2026-09-28T15:22:38.932+00:00,12854.165,RX,peer_observation,00114457,1,5,01 00 00 57 44
2026-09-28T15:22:38.937+00:00,12859.201,RX,peer_observation,0001E902,1,7,01 00 00 0F 03 02 E9
2026-09-28T15:22:38.937+00:00,12859.279,RX,peer_observation,0011E902,1,5,01 00 00 02 E9
2026-09-28T15:22:38.942+00:00,12864.097,RX,peer_observation,0001F057,1,7,01 00 00 0F 03 57 F0
2026-09-28T15:22:38.942+00:00,12864.189,RX,peer_observation,0011F057,1,5,01 00 00 57 F0
2026-09-28T15:22:38.947+00:00,12868.922,RX,peer_observation,00019F9B,1,7,01 00 00 0F 03 9B 9F
2026-09-28T15:22:38.947+00:00,12869.167,RX,peer_observation,00119F9B,1,5,01 00 00 9B 9F
2026-09-28T15:22:38.952+00:00,12873.969,RX,peer_observation,00013165,1,7,01 00 00 0F 03 65 31
2026-09-28T15:22:38.952+00:00,12874.198,RX,peer_observation,00113165,1,5,01 00 00 65 31
2026-09-28T15:22:38.957+00:00,12878.953,RX,peer_observation,0001FEA5,1,7,01 00 00 0F 03 A5 FE
2026-09-28T15:22:38.957+00:00,12879.219,RX,peer_observation,0011FEA5,1,5,01 00 00 A5 FE
2026-09-28T15:22:38.962+00:00,12883.909,RX,peer_observation,00018D10,1,7,01 00 00 0F 03 10 8D
2026-09-28T15:22:38.962+00:00,12884.120,RX,peer_observation,00118D10,1,5,01 00 00 10 8D
2026-09-28T15:22:38.967+00:00,12888.939,RX,peer_observation,0001694A,1,7,01 00 00 0F 03 4A 69
2026-09-28T15:22:38.967+00:00,12889.116,RX,peer_observation,0011694A,1,5,01 00 00 4A 69
2026-09-28T15:22:38.972+00:00,12893.881,RX,peer_observation,0001089C,1,7,01 00 00 0F 03 9C 08
2026-09-28T15:22:38.972+00:00,12894.105,RX,peer_observation,0011089C,1,5,01 00 00 9C 08
2026-09-28T15:22:38.977+00:00,12898.969,RX,peer_observation,000193D0,1,7,01 00 00 0F 03 D0 93
2026-09-28T15:22:38.977+00:00,12899.217,RX,peer_observation,001193D0,1,5,01 00 00 D0 93
2026-09-28T15:22:38.982+00:00,12903.966,RX,peer_observation,0001B59A,1,7,01 00 00 0F 03 9A B5
2026-09-28T15:22:38.982+00:00,12904.200,RX,peer_observation,0011B59A,1,5,01 00 00 9A B5
2026-09-28T15:22:38.987+00:00,12908.976,RX,peer_observation,00019F5D,1,7,01 00 00 0F 03 5D 9F
2026-09-28T15:22:38.987+00:00,12909.064,RX,peer_observation,00119F5D,1,5,01 00 00 5D 9F
2026-09-28T15:22:38.992+00:00,12913.941,RX,peer_observation,0001C083,1,7,01 00 00 0F 03 83 C0
2026-09-28T15:22:38.992+00:00,12914.078,RX,peer_observation,0011C083,1,5,01 00 00 83 C0
2026-09-28T15:22:38.997+00:00,12918.937,RX,peer_observation,0001FE8E,1,7,01 00 00 0F 03 8E FE
2026-09-28T15:22:38.997+00:00,12919.246,RX,peer_observation,0011FE8E,1,5,01 00 00 8E FE
2026-09-28T15:22:39.002+00:00,12924.072,RX,peer_observation,00011DA6,1,7,01 00 00 0F 03 A6 1D
2026-09-28T15:22:39.002+00:00,12924.131,RX,peer_observation,00111DA6,1,5,01 00 00 A6 1D
2026-09-28T15:22:39.007+00:00,12928.907,RX,peer_observation,00018864,1,7,01 00 00 0F 03 64 88
2026-09-28T15:22:39.007+00:00,12929.265,RX,peer_observation,00118864,1,5,01 00 00 64 88
2026-09-28T15:22:39.012+00:00,12934.092,RX,peer_observation,0001E199,1,7,01 00 00 0F 03 99 E1
2026-09-28T15:22:39.012+00:00,12934.194,RX,peer_observation,0011E199,1,5,01 00 00 99 E1
2026-09-28T15:22:39.017+00:00,12939.069,RX,peer_observation,0001A6CB,1,7,01 00 00 0F 03 CB A6
2026-09-28T15:22:39.017+00:00,12939.126,RX,peer_observation,0011A6CB,1,5,01 00 00 CB A6
2026-09-28T15:22:39.022+00:00,12944.069,RX,peer_observation,0001911A,1,7,01 00 00 0F 03 1A 91
2026-09-28T15:22:39.022+00:00,12944.126,RX,peer_observation,0011911A,1,5,01 00 00 1A 91
2026-09-28T15:22:39.027+00:00,12949.070,RX,peer_observation,0001BFD1,1,7,01 00 00 0F 03 D1 BF
2026-09-28T15:22:39.027+00:00,12949.126,RX,peer_observation,0011BFD1,1,5,01 00 00 D1 BF
2026-09-28T15:22:39.032+00:00,12954.069,RX,peer_observation,000150FB,1,7,01 00 00 0F 03 FB 50
2026-09-28T15:22:39.032+00:00,12954.128,RX,peer_observation,001150FB,1,5,01 00 00 FB 50
2026-09-28T15:22:39.037+00:00,12959.068,RX,peer_observation,00012444,1,7,01 00 00 0F 03 44 24
2026-09-28T15:22:39.037+00:00,12959.125,RX,peer_observation,00112444,1,5,01 00 00 44 24
2026-09-28T15:22:39.042+00:00,12964.069,RX,peer_observation,00014592,1,7,01 00 00 0F 03 92 45
2026-09-28T15:22:39.042+00:00,12964.125,RX,peer_observation,00114592,1,5,01 00 00 92 45
2026-09-28T15:22:39.047+00:00,12968.891,RX,peer_observation,00019C4D,1,7,01 00 00 0F 03 4D 9C
2026-09-28T15:22:39.047+00:00,12969.136,RX,peer_observation,00119C4D,1,5,01 00 00 4D 9C
2026-09-28T15:22:39.052+00:00,12974.111,RX,peer_observation,000125C4,1,7,01 00 00 0F 03 C4 25
2026-09-28T15:22:39.052+00:00,12974.203,RX,peer_observation,001125C4,1,5,01 00 00 C4 25
2026-09-28T15:22:39.057+00:00,12979.055,RX,peer_observation,00015241,1,7,01 00 00 0F 03 41 52
2026-09-28T15:22:39.057+00:00,12979.125,RX,peer_observation,00115241,1,5,01 00 00 41 52
2026-09-28T15:22:39.062+00:00,12984.176,RX,peer_observation,000124A4,1,7,01 00 00 0F 03 A4 24
2026-09-28T15:22:39.062+00:00,12984.261,RX,peer_observation,001124A4,1,5,01 00 00 A4 24
2026-09-28T15:22:39.067+00:00,12989.117,RX,peer_observation,0001E9C9,1,7,01 00 00 0F 03 C9 E9
2026-09-28T15:22:39.067+00:00,12989.203,RX,peer_observation,0011E9C9,1,5,01 00 00 C9 E9
2026-09-28T15:22:39.072+00:00,12994.222,RX,peer_observation,00017137,1,7,01 00 00 0F 03 37 71
2026-09-28T15:22:39.072+00:00,12994.280,RX,peer_observation,00117137,1,5,01 00 00 37 71
2026-09-28T15:22:39.077+00:00,12998.930,RX,peer_observation,00013D04,1,7,01 00 00 0F 03 04 3D
2026-09-28T15:22:39.077+00:00,12999.186,RX,peer_observation,00113D04,1,5,01 00 00 04 3D
2026-09-28T15:22:39.079+00:00,13001.522,TX,peer_00004_short,0012C82D,1,5,01 00 00 2D C8
2026-09-28T15:22:39.082+00:00,13004.084,RX,peer_observation,000122E6,1,7,01 00 00 0F 03 E6 22
2026-09-28T15:22:39.082+00:00,13004.166,RX,peer_observation,001122E6,1,5,01 00 00 E6 22
2026-09-28T15:22:39.087+00:00,13009.087,RX,peer_observation,00015B55,1,7,01 00 00 0F 03 55 5B
2026-09-28T15:22:39.087+00:00,13009.155,RX,peer_observation,00115B55,1,5,01 00 00 55 5B
2026-09-28T15:22:39.089+00:00,13010.948,RX,peer_observation,103C0401,1,4,00 00 00 01
2026-09-28T15:22:39.089+00:00,13011.149,RX,peer_observation,103C0481,1,8,00 00 00 00 00 10 63 14
2026-09-28T15:22:39.092+00:00,13014.198,RX,peer_observation,0001159E,1,7,01 00 00 0F 03 9E 15
2026-09-28T15:22:39.092+00:00,13014.315,RX,peer_observation,0011159E,1,5,01 00 00 9E 15
2026-09-28T15:22:39.094+00:00,13016.035,RX,peer_observation,103C0401,1,4,00 00 00 01
2026-09-28T15:22:39.094+00:00,13016.297,RX,peer_observation,103C0481,1,8,00 00 00 00 00 10 62 14
2026-09-28T15:22:39.097+00:00,13018.926,RX,peer_observation,000168FF,1,7,01 00 00 0F 03 FF 68
2026-09-28T15:22:39.097+00:00,13019.201,RX,peer_observation,001168FF,1,5,01 00 00 FF 68
2026-09-28T15:22:39.099+00:00,13020.888,RX,peer_observation,103C0401,1,4,00 00 00 01
2026-09-28T15:22:39.099+00:00,13021.123,RX,peer_observation,103C0481,1,8,00 00 00 00 00 10 63 14
2026-09-28T15:22:39.102+00:00,13023.911,RX,peer_observation,000187AF,1,7,01 00 00 0F 03 AF 87
2026-09-28T15:22:39.102+00:00,13024.224,RX,peer_observation,001187AF,1,5,01 00 00 AF 87
2026-09-28T15:22:39.104+00:00,13025.897,RX,peer_observation,103C0401,1,4,00 00 00 01
2026-09-28T15:22:39.104+00:00,13026.134,RX,peer_observation,103C0481,1,8,00 00 00 00 00 10 63 14
2026-09-28T15:22:39.107+00:00,13028.923,RX,peer_observation,00012CB4,1,7,01 00 00 0F 03 B4 2C
2026-09-28T15:22:39.107+00:00,13029.180,RX,peer_observation,00112CB4,1,5,01 00 00 B4 2C
2026-09-28T15:22:39.109+00:00,13030.856,RX,peer_observation,103C0401,1,4,00 00 00 01
2026-09-28T15:22:39.109+00:00,13031.228,RX,peer_observation,103C0481,1,8,00 00 00 00 00 10 62 14
2026-09-28T15:22:39.112+00:00,13033.880,RX,peer_observation,00019FEF,1,7,01 00 00 0F 03 EF 9F
2026-09-28T15:22:39.112+00:00,13034.147,RX,peer_observation,00119FEF,1,5,01 00 00 EF 9F
2026-09-28T15:22:39.114+00:00,13035.858,RX,peer_observation,103C0401,1,4,00 00 00 01
2026-09-28T15:22:39.114+00:00,13036.222,RX,peer_observation,103C0481,1,8,00 00 00 00 00 10 62 14
2026-09-28T15:22:39.117+00:00,13038.906,RX,peer_observation,0001B3C8,1,7,01 00 00 0F 03 C8 B3
2026-09-28T15:22:39.117+00:00,13039.152,RX,peer_observation,0011B3C8,1,5,01 00 00 C8 B3
2026-09-28T15:22:39.119+00:00,13040.885,RX,peer_observation,103C0401,1,4,00 00 00 01
2026-09-28T15:22:39.119+00:00,13041.089,RX,peer_observation,103C0481,1,8,00 00 00 00 00 10 63 14
2026-09-28T15:22:39.122+00:00,13044.015,RX,peer_observation,00013DA0,1,7,01 00 00 0F 03 A0 3D
2026-09-28T15:22:39.122+00:00,13044.123,RX,peer_observation,00113DA0,1,5,01 00 00 A0 3D
2026-09-28T15:22:39.124+00:00,13045.916,RX,peer_observation,103C0401,1,4,00 00 00 01
2026-09-28T15:22:39.124+00:00,13046.098,RX,peer_observation,103C0481,1,8,00 00 00 00 00 10 63 14
2026-09-28T15:22:39.127+00:00,13049.184,RX,peer_observation,0001B3AB,1,7,01 00 00 0F 03 AB B3
2026-09-28T15:22:39.127+00:00,13049.357,RX,peer_observation,0011B3AB,1,5,01 00 00 AB B3
2026-09-28T15:22:39.129+00:00,13050.874,RX,peer_observation,103C0401,1,4,00 00 00 01
2026-09-28T15:22:39.129+00:00,13051.088,RX,peer_observation,103C0481,1,8,00 00 00 00 00 10 63 14
2026-09-28T15:22:39.132+00:00,13053.889,RX,peer_observation,0001F033,1,7,01 00 00 0F 03 33 F0
2026-09-28T15:22:39.132+00:00,13054.135,RX,peer_observation,0011F033,1,5,01 00 00 33 F0
2026-09-28T15:22:39.134+00:00,13055.851,RX,peer_observation,103C0401,1,4,00 00 00 01
2026-09-28T15:22:39.134+00:00,13056.233,RX,peer_observation,103C0481,1,8,00 00 00 00 00 10 62 14
2026-09-28T15:22:39.137+00:00,13058.936,RX,peer_observation,00017ACD,1,7,01 00 00 0F 03 CD 7A
2026-09-28T15:22:39.137+00:00,13059.155,RX,peer_observation,00117ACD,1,5,01 00 00 CD 7A
2026-09-28T15:22:39.139+00:00,13060.871,RX,peer_observation,103C0401,1,4,00 00 00 01
2026-09-28T15:22:39.139+00:00,13061.062,RX,peer_observation,103C0481,1,8,00 00 00 00 00 10 63 14
2026-09-28T15:22:39.142+00:00,13063.882,RX,peer_observation,000137E1,1,7,01 00 00 0F 03 E1 37
2026-09-28T15:22:39.142+00:00,13064.133,RX,peer_observation,001137E1,1,5,01 00 00 E1 37
2026-09-28T15:22:39.144+00:00,13066.027,RX,peer_observation,103C0401,1,4,00 00 00 01
2026-09-28T15:22:39.144+00:00,13066.248,RX,peer_observation,103C0481,1,8,00 00 00 00 00 10 63 14
2026-09-28T15:22:39.147+00:00,13069.068,RX,peer_observation,0001D51C,1,7,01 00 00 0F 03 1C D5
2026-09-28T15:22:39.147+00:00,13069.158,RX,peer_observation,0011D51C,1,5,01 00 00 1C D5
2026-09-28T15:22:39.149+00:00,13071.022,RX,peer_observation,103C0401,1,4,00 00 00 01
2026-09-28T15:22:39.149+00:00,13071.210,RX,peer_observation,103C0481,1,8,00 00 00 00 00 10 62 14
2026-09-28T15:22:39.152+00:00,13074.069,RX,peer_observation,000144A6,1,7,01 00 00 0F 03 A6 44
2026-09-28T15:22:39.152+00:00,13074.126,RX,peer_observation,001144A6,1,5,01 00 00 A6 44
2026-09-28T15:22:39.154+00:00,13076.028,RX,peer_observation,103C0401,1,4,00 00 00 01
2026-09-28T15:22:39.154+00:00,13076.233,RX,peer_observation,103C0481,1,8,00 00 00 00 00 10 62 14
2026-09-28T15:22:39.157+00:00,13078.971,RX,peer_observation,0001A7C6,1,7,01 00 00 0F 03 C6 A7
2026-09-28T15:22:39.157+00:00,13079.178,RX,peer_observation,0011A7C6,1,5,01 00 00 C6 A7
2026-09-28T15:22:39.159+00:00,13080.832,RX,peer_observation,103C0401,1,4,00 00 00 01
2026-09-28T15:22:39.159+00:00,13081.136,RX,peer_observation,103C0481,1,8,00 00 00 00 00 10 63 14
2026-09-28T15:22:39.162+00:00,13084.111,RX,peer_observation,0001942A,1,7,01 00 00 0F 03 2A 94
2026-09-28T15:22:39.162+00:00,13084.212,RX,peer_observation,0011942A,1,5,01 00 00 2A 94
2026-09-28T15:22:39.164+00:00,13086.028,RX,peer_observation,103C0401,1,4,00 00 00 01
2026-09-28T15:22:39.164+00:00,13086.184,RX,peer_observation,103C0481,1,8,00 00 00 00 00 10 62 14
2026-09-28T15:22:39.167+00:00,13089.150,RX,peer_observation,0001BDD6,1,7,01 00 00 0F 03 D6 BD
2026-09-28T15:22:39.167+00:00,13089.273,RX,peer_observation,0011BDD6,1,5,01 00 00 D6 BD
2026-09-28T15:22:39.169+00:00,13091.026,RX,peer_observation,103C0401,1,4,00 00 00 01
2026-09-28T15:22:39.169+00:00,13091.351,RX,peer_observation,103C0481,1,8,00 00 00 00 00 10 62 14
2026-09-28T15:22:39.172+00:00,13093.795,RX,peer_observation,0001DB9D,1,7,01 00 00 0F 03 9D DB
2026-09-28T15:22:39.172+00:00,13094.189,RX,peer_observation,0011DB9D,1,5,01 00 00 9D DB
2026-09-28T15:22:39.177+00:00,13099.052,RX,peer_observation,0001BAED,1,7,01 00 00 0F 03 ED BA
2026-09-28T15:22:39.177+00:00,13099.112,RX,peer_observation,0011BAED,1,5,01 00 00 ED BA
2026-09-28T15:22:39.182+00:00,13104.045,RX,peer_observation,00012188,1,7,01 00 00 0F 03 88 21
2026-09-28T15:22:39.182+00:00,13104.133,RX,peer_observation,00112188,1,5,01 00 00 88 21
2026-09-28T15:22:39.187+00:00,13108.877,RX,peer_observation,00014F28,1,7,01 00 00 0F 03 28 4F
2026-09-28T15:22:39.187+00:00,13109.263,RX,peer_observation,00114F28,1,5,01 00 00 28 4F
2026-09-28T15:22:39.192+00:00,13114.071,RX,peer_observation,0001C82B,1,7,01 00 00 0F 03 2B C8
2026-09-28T15:22:39.192+00:00,13114.129,RX,peer_observation,0011C82B,1,5,01 00 00 2B C8
2026-09-28T15:22:39.197+00:00,13118.951,RX,peer_observation,0001E2EF,1,7,01 00 00 0F 03 EF E2
2026-09-28T15:22:39.197+00:00,13119.040,RX,peer_observation,0011E2EF,1,5,01 00 00 EF E2
2026-09-28T15:22:39.202+00:00,13123.931,RX,peer_observation,00018FDC,1,7,01 00 00 0F 03 DC 8F
2026-09-28T15:22:39.202+00:00,13124.067,RX,peer_observation,00118FDC,1,5,01 00 00 DC 8F
2026-09-28T15:22:39.207+00:00,13128.921,RX,peer_observation,0001CB3A,1,7,01 00 00 0F 03 3A CB
2026-09-28T15:22:39.207+00:00,13129.136,RX,peer_observation,0011CB3A,1,5,01 00 00 3A CB
2026-09-28T15:22:39.212+00:00,13133.981,RX,peer_observation,0001E582,1,7,01 00 00 0F 03 82 E5
2026-09-28T15:22:39.212+00:00,13134.053,RX,peer_observation,0011E582,1,5,01 00 00 82 E5
2026-09-28T15:22:39.217+00:00,13138.942,RX,peer_observation,00010EA0,1,7,01 00 00 0F 03 A0 0E
2026-09-28T15:22:39.217+00:00,13139.070,RX,peer_observation,00110EA0,1,5,01 00 00 A0 0E
2026-09-28T15:22:39.222+00:00,13143.957,RX,peer_observation,0001B422,1,7,01 00 00 0F 03 22 B4
2026-09-28T15:22:39.222+00:00,13144.057,RX,peer_observation,0011B422,1,5,01 00 00 22 B4
2026-09-28T15:22:39.227+00:00,13148.940,RX,peer_observation,0001451C,1,7,01 00 00 0F 03 1C 45
2026-09-28T15:22:39.227+00:00,13149.075,RX,peer_observation,0011451C,1,5,01 00 00 1C 45
2026-09-28T15:22:39.232+00:00,13153.858,RX,peer_observation,00017919,1,7,01 00 00 0F 03 19 79
2026-09-28T15:22:39.232+00:00,13154.141,RX,peer_observation,00117919,1,5,01 00 00 19 79
2026-09-28T15:22:39.237+00:00,13158.917,RX,peer_observation,0001EC70,1,7,01 00 00 0F 03 70 EC
2026-09-28T15:22:39.237+00:00,13159.159,RX,peer_observation,0011EC70,1,5,01 00 00 70 EC
2026-09-28T15:22:39.242+00:00,13163.999,RX,peer_observation,00010576,1,7,01 00 00 0F 03 76 05
2026-09-28T15:22:39.242+00:00,13164.067,RX,peer_observation,00110576,1,5,01 00 00 76 05
2026-09-28T15:22:39.247+00:00,13169.087,RX,peer_observation,0001509A,1,7,01 00 00 0F 03 9A 50
2026-09-28T15:22:39.247+00:00,13169.199,RX,peer_observation,0011509A,1,5,01 00 00 9A 50
2026-09-28T15:22:39.252+00:00,13173.969,RX,peer_observation,00011F91,1,7,01 00 00 0F 03 91 1F
2026-09-28T15:22:39.252+00:00,13174.013,RX,peer_observation,00111F91,1,5,01 00 00 91 1F
2026-09-28T15:22:39.257+00:00,13178.889,RX,peer_observation,000117A0,1,7,01 00 00 0F 03 A0 17
2026-09-28T15:22:39.257+00:00,13179.094,RX,peer_observation,001117A0,1,5,01 00 00 A0 17
2026-09-28T15:22:39.262+00:00,13183.925,RX,peer_observation,0001BED5,1,7,01 00 00 0F 03 D5 BE
2026-09-28T15:22:39.262+00:00,13184.160,RX,peer_observation,0011BED5,1,5,01 00 00 D5 BE
2026-09-28T15:22:39.267+00:00,13188.901,RX,peer_observation,000185D4,1,7,01 00 00 0F 03 D4 85
2026-09-28T15:22:39.267+00:00,13189.123,RX,peer_observation,001185D4,1,5,01 00 00 D4 85
2026-09-28T15:22:39.272+00:00,13193.869,RX,peer_observation,00018C57,1,7,01 00 00 0F 03 57 8C
2026-09-28T15:22:39.272+00:00,13194.134,RX,peer_observation,00118C57,1,5,01 00 00 57 8C
2026-09-28T15:22:39.277+00:00,13198.874,RX,peer_observation,0001FB34,1,7,01 00 00 0F 03 34 FB
2026-09-28T15:22:39.277+00:00,13199.107,RX,peer_observation,0011FB34,1,5,01 00 00 34 FB
2026-09-28T15:22:39.282+00:00,13203.939,RX,peer_observation,000145A6,1,7,01 00 00 0F 03 A6 45
2026-09-28T15:22:39.282+00:00,13204.029,RX,peer_observation,001145A6,1,5,01 00 00 A6 45
2026-09-28T15:22:39.287+00:00,13208.898,RX,peer_observation,00010490,1,7,01 00 00 0F 03 90 04
2026-09-28T15:22:39.287+00:00,13209.112,RX,peer_observation,00110490,1,5,01 00 00 90 04
2026-09-28T15:22:39.292+00:00,13213.841,RX,peer_observation,00017408,1,7,01 00 00 0F 03 08 74
2026-09-28T15:22:39.292+00:00,13214.083,RX,peer_observation,00117408,1,5,01 00 00 08 74
2026-09-28T15:22:39.297+00:00,13219.055,RX,peer_observation,000116A7,1,7,01 00 00 0F 03 A7 16
2026-09-28T15:22:39.297+00:00,13219.108,RX,peer_observation,001116A7,1,5,01 00 00 A7 16
2026-09-28T15:22:39.302+00:00,13224.091,RX,peer_observation,00017CF8,1,7,01 00 00 0F 03 F8 7C
2026-09-28T15:22:39.302+00:00,13224.226,RX,peer_observation,00117CF8,1,5,01 00 00 F8 7C
2026-09-28T15:22:39.307+00:00,13229.055,RX,peer_observation,00011B4D,1,7,01 00 00 0F 03 4D 1B
2026-09-28T15:22:39.307+00:00,13229.109,RX,peer_observation,00111B4D,1,5,01 00 00 4D 1B
2026-09-28T15:22:39.312+00:00,13234.084,RX,peer_observation,00013998,1,7,01 00 00 0F 03 98 39
2026-09-28T15:22:39.312+00:00,13234.185,RX,peer_observation,00113998,1,5,01 00 00 98 39
2026-09-28T15:22:39.317+00:00,13238.860,RX,peer_observation,0001E460,1,7,01 00 00 0F 03 60 E4
2026-09-28T15:22:39.317+00:00,13239.157,RX,peer_observation,0011E460,1,5,01 00 00 60 E4
2026-09-28T15:22:39.322+00:00,13243.878,RX,peer_observation,00010988,1,7,01 00 00 0F 03 88 09
2026-09-28T15:22:39.322+00:00,13244.192,RX,peer_observation,00110988,1,5,01 00 00 88 09
2026-09-28T15:22:39.327+00:00,13249.063,RX,peer_observation,0001C216,1,7,01 00 00 0F 03 16 C2
2026-09-28T15:22:39.327+00:00,13249.126,RX,peer_observation,0011C216,1,5,01 00 00 16 C2
2026-09-28T15:22:39.332+00:00,13254.088,RX,peer_observation,0001D631,1,7,01 00 00 0F 03 31 D6
2026-09-28T15:22:39.332+00:00,13254.202,RX,peer_observation,0011D631,1,5,01 00 00 31 D6
2026-09-28T15:22:39.337+00:00,13259.042,RX,peer_observation,000105E7,1,7,01 00 00 0F 03 E7 05
2026-09-28T15:22:39.337+00:00,13259.096,RX,peer_observation,001105E7,1,5,01 00 00 E7 05
2026-09-28T15:22:39.342+00:00,13264.089,RX,peer_observation,0001AA88,1,7,01 00 00 0F 03 88 AA
2026-09-28T15:22:39.342+00:00,13264.188,RX,peer_observation,0011AA88,1,5,01 00 00 88 AA
2026-09-28T15:22:39.347+00:00,13268.864,RX,peer_observation,0001351C,1,7,01 00 00 0F 03 1C 35
2026-09-28T15:22:39.347+00:00,13269.101,RX,peer_observation,0011351C,1,5,01 00 00 1C 35
2026-09-28T15:22:39.352+00:00,13274.019,RX,peer_observation,00019BDC,1,7,01 00 00 0F 03 DC 9B
2026-09-28T15:22:39.352+00:00,13274.122,RX,peer_observation,00119BDC,1,5,01 00 00 DC 9B
2026-09-28T15:22:39.357+00:00,13279.108,RX,peer_observation,00013DD6,1,7,01 00 00 0F 03 D6 3D
2026-09-28T15:22:39.357+00:00,13279.241,RX,peer_observation,00113DD6,1,5,01 00 00 D6 3D
2026-09-28T15:22:39.362+00:00,13284.046,RX,peer_observation,00017F21,1,7,01 00 00 0F 03 21 7F
2026-09-28T15:22:39.362+00:00,13284.100,RX,peer_observation,00117F21,1,5,01 00 00 21 7F
2026-09-28T15:22:39.367+00:00,13289.013,RX,peer_observation,00018F01,1,7,01 00 00 0F 03 01 8F
2026-09-28T15:22:39.367+00:00,13289.128,RX,peer_observation,00118F01,1,5,01 00 00 01 8F
2026-09-28T15:22:39.372+00:00,13293.950,RX,peer_observation,000112E1,1,7,01 00 00 0F 03 E1 12
2026-09-28T15:22:39.372+00:00,13294.072,RX,peer_observation,001112E1,1,5,01 00 00 E1 12
2026-09-28T15:22:39.377+00:00,13299.110,RX,peer_observation,0001938F,1,7,01 00 00 0F 03 8F 93
2026-09-28T15:22:39.377+00:00,13299.206,RX,peer_observation,0011938F,1,5,01 00 00 8F 93
2026-09-28T15:22:39.382+00:00,13303.863,RX,peer_observation,000160B4,1,7,01 00 00 0F 03 B4 60
2026-09-28T15:22:39.382+00:00,13304.105,RX,peer_observation,001160B4,1,5,01 00 00 B4 60
2026-09-28T15:22:39.387+00:00,13309.103,RX,peer_observation,00013EF4,1,7,01 00 00 0F 03 F4 3E
2026-09-28T15:22:39.387+00:00,13309.229,RX,peer_observation,00113EF4,1,5,01 00 00 F4 3E
2026-09-28T15:22:39.392+00:00,13314.082,RX,peer_observation,0001BDED,1,7,01 00 00 0F 03 ED BD
2026-09-28T15:22:39.392+00:00,13314.200,RX,peer_observation,0011BDED,1,5,01 00 00 ED BD
2026-09-28T15:22:39.397+00:00,13318.883,RX,peer_observation,000148B2,1,7,01 00 00 0F 03 B2 48
2026-09-28T15:22:39.397+00:00,13319.147,RX,peer_observation,001148B2,1,5,01 00 00 B2 48
2026-09-28T15:22:39.402+00:00,13323.911,RX,peer_observation,000139E3,1,7,01 00 00 0F 03 E3 39
2026-09-28T15:22:39.402+00:00,13324.034,RX,peer_observation,001139E3,1,5,01 00 00 E3 39
2026-09-28T15:22:39.407+00:00,13328.863,RX,peer_observation,0001AE81,1,7,01 00 00 0F 03 81 AE
2026-09-28T15:22:39.407+00:00,13329.106,RX,peer_observation,0011AE81,1,5,01 00 00 81 AE
2026-09-28T15:22:39.412+00:00,13333.911,RX,peer_observation,0001F0F8,1,7,01 00 00 0F 03 F8 F0
2026-09-28T15:22:39.412+00:00,13334.033,RX,peer_observation,0011F0F8,1,5,01 00 00 F8 F0
2026-09-28T15:22:39.417+00:00,13339.026,RX,peer_observation,00010C4D,1,7,01 00 00 0F 03 4D 0C
2026-09-28T15:22:39.417+00:00,13339.113,RX,peer_observation,00110C4D,1,5,01 00 00 4D 0C
2026-09-28T15:22:39.422+00:00,13343.909,RX,peer_observation,00013A52,1,7,01 00 00 0F 03 52 3A
2026-09-28T15:22:39.422+00:00,13344.148,RX,peer_observation,00113A52,1,5,01 00 00 52 3A
2026-09-28T15:22:39.427+00:00,13348.895,RX,peer_observation,0001C724,1,7,01 00 00 0F 03 24 C7
2026-09-28T15:22:39.427+00:00,13349.156,RX,peer_observation,0011C724,1,5,01 00 00 24 C7
2026-09-28T15:22:39.432+00:00,13353.965,RX,peer_observation,0001A6E3,1,7,01 00 00 0F 03 E3 A6
2026-09-28T15:22:39.432+00:00,13354.039,RX,peer_observation,0011A6E3,1,5,01 00 00 E3 A6
2026-09-28T15:22:39.437+00:00,13358.911,RX,peer_observation,0001F3D0,1,7,01 00 00 0F 03 D0 F3
2026-09-28T15:22:39.437+00:00,13359.012,RX,peer_observation,0011F3D0,1,5,01 00 00 D0 F3
2026-09-28T15:22:39.442+00:00,13363.939,RX,peer_observation,0001472C,1,7,01 00 00 0F 03 2C 47
2026-09-28T15:22:39.442+00:00,13364.173,RX,peer_observation,0011472C,1,5,01 00 00 2C 47
2026-09-28T15:22:39.447+00:00,13369.017,RX,peer_observation,000187A2,1,7,01 00 00 0F 03 A2 87
2026-09-28T15:22:39.447+00:00,13369.074,RX,peer_observation,001187A2,1,5,01 00 00 A2 87
2026-09-28T15:22:39.452+00:00,13374.053,RX,peer_observation,000131E3,1,7,01 00 00 0F 03 E3 31
2026-09-28T15:22:39.452+00:00,13374.109,RX,peer_observation,001131E3,1,5,01 00 00 E3 31
2026-09-28T15:22:39.457+00:00,13379.084,RX,peer_observation,000185C6,1,7,01 00 00 0F 03 C6 85
2026-09-28T15:22:39.457+00:00,13379.142,RX,peer_observation,001185C6,1,5,01 00 00 C6 85
2026-09-28T15:22:39.462+00:00,13384.009,RX,peer_observation,00013467,1,7,01 00 00 0F 03 67 34
2026-09-28T15:22:39.462+00:00,13384.066,RX,peer_observation,00113467,1,5,01 00 00 67 34
2026-09-28T15:22:39.467+00:00,13389.046,RX,peer_observation,00019117,1,7,01 00 00 0F 03 17 91
2026-09-28T15:22:39.467+00:00,13389.111,RX,peer_observation,00119117,1,5,01 00 00 17 91
2026-09-28T15:22:39.472+00:00,13393.946,RX,peer_observation,00013AA1,1,7,01 00 00 0F 03 A1 3A
2026-09-28T15:22:39.472+00:00,13394.039,RX,peer_observation,00113AA1,1,5,01 00 00 A1 3A
2026-09-28T15:22:39.477+00:00,13399.031,RX,peer_observation,0001DE44,1,7,01 00 00 0F 03 44 DE
2026-09-28T15:22:39.477+00:00,13399.087,RX,peer_observation,0011DE44,1,5,01 00 00 44 DE
2026-09-28T15:22:39.482+00:00,13403.988,RX,peer_observation,000122C7,1,7,01 00 00 0F 03 C7 22
2026-09-28T15:22:39.482+00:00,13404.045,RX,peer_observation,001122C7,1,5,01 00 00 C7 22
2026-09-28T15:22:39.487+00:00,13409.024,RX,peer_observation,0001B7CE,1,7,01 00 00 0F 03 CE B7
2026-09-28T15:22:39.487+00:00,13409.103,RX,peer_observation,0011B7CE,1,5,01 00 00 CE B7
2026-09-28T15:22:39.492+00:00,13413.975,RX,peer_observation,00016E1D,1,7,01 00 00 0F 03 1D 6E
2026-09-28T15:22:39.492+00:00,13414.211,RX,peer_observation,00116E1D,1,5,01 00 00 1D 6E
2026-09-28T15:22:39.497+00:00,13418.836,RX,peer_observation,0001B120,1,7,01 00 00 0F 03 20 B1
2026-09-28T15:22:39.497+00:00,13419.102,RX,peer_observation,0011B120,1,5,01 00 00 20 B1
2026-09-28T15:22:39.502+00:00,13423.838,RX,peer_observation,0001C6A3,1,7,01 00 00 0F 03 A3 C6
2026-09-28T15:22:39.502+00:00,13424.084,RX,peer_observation,0011C6A3,1,5,01 00 00 A3 C6
2026-09-28T15:22:39.507+00:00,13428.886,RX,peer_observation,000197D3,1,7,01 00 00 0F 03 D3 97
2026-09-28T15:22:39.507+00:00,13429.110,RX,peer_observation,001197D3,1,5,01 00 00 D3 97
2026-09-28T15:22:39.512+00:00,13433.838,RX,peer_observation,00015E55,1,7,01 00 00 0F 03 55 5E
2026-09-28T15:22:39.512+00:00,13434.080,RX,peer_observation,00115E55,1,5,01 00 00 55 5E
2026-09-28T15:22:39.517+00:00,13439.020,RX,peer_observation,00015DE1,1,7,01 00 00 0F 03 E1 5D
2026-09-28T15:22:39.517+00:00,13439.077,RX,peer_observation,00115DE1,1,5,01 00 00 E1 5D
2026-09-28T15:22:39.522+00:00,13444.033,RX,peer_observation,0001B769,1,7,01 00 00 0F 03 69 B7
2026-09-28T15:22:39.522+00:00,13444.090,RX,peer_observation,0011B769,1,5,01 00 00 69 B7
2026-09-28T15:22:39.527+00:00,13449.017,RX,peer_observation,00010D49,1,7,01 00 00 0F 03 49 0D
2026-09-28T15:22:39.527+00:00,13449.073,RX,peer_observation,00110D49,1,5,01 00 00 49 0D
2026-09-28T15:22:39.532+00:00,13453.816,RX,peer_observation,000145A9,1,7,01 00 00 0F 03 A9 45
2026-09-28T15:22:39.532+00:00,13454.058,RX,peer_observation,001145A9,1,5,01 00 00 A9 45
2026-09-28T15:22:39.537+00:00,13458.971,RX,peer_observation,0001F979,1,7,01 00 00 0F 03 79 F9
2026-09-28T15:22:39.537+00:00,13459.064,RX,peer_observation,0011F979,1,5,01 00 00 79 F9
2026-09-28T15:22:39.542+00:00,13463.818,RX,peer_observation,0001CBE2,1,7,01 00 00 0F 03 E2 CB
2026-09-28T15:22:39.542+00:00,13464.058,RX,peer_observation,0011CBE2,1,5,01 00 00 E2 CB
2026-09-28T15:22:39.547+00:00,13469.023,RX,peer_observation,0001F47B,1,7,01 00 00 0F 03 7B F4
2026-09-28T15:22:39.547+00:00,13469.102,RX,peer_observation,0011F47B,1,5,01 00 00 7B F4
2026-09-28T15:22:39.552+00:00,13474.019,RX,peer_observation,0001E0FC,1,7,01 00 00 0F 03 FC E0
2026-09-28T15:22:39.552+00:00,13474.075,RX,peer_observation,0011E0FC,1,5,01 00 00 FC E0
2026-09-28T15:22:39.557+00:00,13478.889,RX,peer_observation,000169B3,1,7,01 00 00 0F 03 B3 69
2026-09-28T15:22:39.557+00:00,13479.130,RX,peer_observation,001169B3,1,5,01 00 00 B3 69
2026-09-28T15:22:39.562+00:00,13484.010,RX,peer_observation,00015B35,1,7,01 00 00 0F 03 35 5B
2026-09-28T15:22:39.562+00:00,13484.067,RX,peer_observation,00115B35,1,5,01 00 00 35 5B
2026-09-28T15:22:39.567+00:00,13488.962,RX,peer_observation,000189B3,1,7,01 00 00 0F 03 B3 89
2026-09-28T15:22:39.567+00:00,13489.038,RX,peer_observation,001189B3,1,5,01 00 00 B3 89
2026-09-28T15:22:39.572+00:00,13494.029,RX,peer_observation,00013C9A,1,7,01 00 00 0F 03 9A 3C
2026-09-28T15:22:39.572+00:00,13494.086,RX,peer_observation,00113C9A,1,5,01 00 00 9A 3C
2026-09-28T15:22:39.577+00:00,13498.897,RX,peer_observation,0001766D,1,7,01 00 00 0F 03 6D 76
2026-09-28T15:22:39.577+00:00,13499.002,RX,peer_observation,0011766D,1,5,01 00 00 6D 76
2026-09-28T15:22:39.582+00:00,13503.967,RX,peer_observation,00019AAC,1,7,01 00 00 0F 03 AC 9A
2026-09-28T15:22:39.582+00:00,13504.247,RX,peer_observation,00119AAC,1,5,01 00 00 AC 9A
2026-09-28T15:22:39.587+00:00,13508.919,RX,peer_observation,000108CD,1,7,01 00 00 0F 03 CD 08
2026-09-28T15:22:39.587+00:00,13509.015,RX,peer_observation,001108CD,1,5,01 00 00 CD 08
2026-09-28T15:22:39.592+00:00,13514.026,RX,peer_observation,000183DC,1,7,01 00 00 0F 03 DC 83
2026-09-28T15:22:39.592+00:00,13514.084,RX,peer_observation,001183DC,1,5,01 00 00 DC 83
2026-09-28T15:22:39.597+00:00,13519.074,RX,peer_observation,0001BC85,1,7,01 00 00 0F 03 85 BC
2026-09-28T15:22:39.597+00:00,13519.155,RX,peer_observation,0011BC85,1,5,01 00 00 85 BC
2026-09-28T15:22:39.602+00:00,13524.061,RX,peer_observation,0001DC39,1,7,01 00 00 0F 03 39 DC
2026-09-28T15:22:39.602+00:00,13524.155,RX,peer_observation,0011DC39,1,5,01 00 00 39 DC
2026-09-28T15:22:39.607+00:00,13529.086,RX,peer_observation,00014C89,1,7,01 00 00 0F 03 89 4C
2026-09-28T15:22:39.607+00:00,13529.165,RX,peer_observation,00114C89,1,5,01 00 00 89 4C
2026-09-28T15:22:39.612+00:00,13534.061,RX,peer_observation,0001C78C,1,7,01 00 00 0F 03 8C C7
2026-09-28T15:22:39.612+00:00,13534.133,RX,peer_observation,0011C78C,1,5,01 00 00 8C C7
2026-09-28T15:22:39.617+00:00,13539.051,RX,peer_observation,0001EE93,1,7,01 00 00 0F 03 93 EE
2026-09-28T15:22:39.617+00:00,13539.140,RX,peer_observation,0011EE93,1,5,01 00 00 93 EE
2026-09-28T15:22:39.622+00:00,13544.055,RX,peer_observation,0001F5B6,1,7,01 00 00 0F 03 B6 F5
2026-09-28T15:22:39.622+00:00,13544.132,RX,peer_observation,0011F5B6,1,5,01 00 00 B6 F5
2026-09-28T15:22:39.627+00:00,13549.006,RX,peer_observation,000151A4,1,7,01 00 00 0F 03 A4 51
2026-09-28T15:22:39.627+00:00,13549.063,RX,peer_observation,001151A4,1,5,01 00 00 A4 51
2026-09-28T15:22:39.632+00:00,13554.053,RX,peer_observation,0001EB08,1,7,01 00 00 0F 03 08 EB
2026-09-28T15:22:39.632+00:00,13554.144,RX,peer_observation,0011EB08,1,5,01 00 00 08 EB
2026-09-28T15:22:39.637+00:00,13559.011,RX,peer_observation,0001B35B,1,7,01 00 00 0F 03 5B B3
2026-09-28T15:22:39.637+00:00,13559.088,RX,peer_observation,0011B35B,1,5,01 00 00 5B B3
2026-09-28T15:22:39.642+00:00,13564.064,RX,peer_observation,000178EF,1,7,01 00 00 0F 03 EF 78
2026-09-28T15:22:39.642+00:00,13564.143,RX,peer_observation,001178EF,1,5,01 00 00 EF 78
2026-09-28T15:22:39.647+00:00,13568.874,RX,peer_observation,0001C1A5,1,7,01 00 00 0F 03 A5 C1
2026-09-28T15:22:39.647+00:00,13569.115,RX,peer_observation,0011C1A5,1,5,01 00 00 A5 C1
2026-09-28T15:22:39.652+00:00,13573.980,RX,peer_observation,00014C28,1,7,01 00 00 0F 03 28 4C
2026-09-28T15:22:39.652+00:00,13574.064,RX,peer_observation,00114C28,1,5,01 00 00 28 4C
2026-09-28T15:22:39.657+00:00,13579.092,RX,peer_observation,0001DA00,1,7,01 00 00 0F 03 00 DA
2026-09-28T15:22:39.657+00:00,13579.174,RX,peer_observation,0011DA00,1,5,01 00 00 00 DA
2026-09-28T15:22:39.662+00:00,13584.001,RX,peer_observation,00011060,1,7,01 00 00 0F 03 60 10
2026-09-28T15:22:39.662+00:00,13584.064,RX,peer_observation,00111060,1,5,01 00 00 60 10
2026-09-28T15:22:39.667+00:00,13589.027,RX,peer_observation,00018976,1,7,01 00 00 0F 03 76 89
2026-09-28T15:22:39.667+00:00,13589.125,RX,peer_observation,00118976,1,5,01 00 00 76 89
2026-09-28T15:22:39.672+00:00,13594.012,RX,peer_observation,0001B9E0,1,7,01 00 00 0F 03 E0 B9
2026-09-28T15:22:39.672+00:00,13594.098,RX,peer_observation,0011B9E0,1,5,01 00 00 E0 B9
2026-09-28T15:22:39.677+00:00,13598.942,RX,peer_observation,00015BF9,1,7,01 00 00 0F 03 F9 5B
2026-09-28T15:22:39.677+00:00,13599.100,RX,peer_observation,00115BF9,1,5,01 00 00 F9 5B
2026-09-28T15:22:39.682+00:00,13603.995,RX,peer_observation,0001D4BD,1,7,01 00 00 0F 03 BD D4
2026-09-28T15:22:39.682+00:00,13604.093,RX,peer_observation,0011D4BD,1,5,01 00 00 BD D4
2026-09-28T15:22:39.687+00:00,13609.020,RX,peer_observation,00016BB9,1,7,01 00 00 0F 03 B9 6B
2026-09-28T15:22:39.687+00:00,13609.148,RX,peer_observation,00116BB9,1,5,01 00 00 B9 6B
2026-09-28T15:22:39.692+00:00,13614.003,RX,peer_observation,000125A4,1,7,01 00 00 0F 03 A4 25
2026-09-28T15:22:39.692+00:00,13614.098,RX,peer_observation,001125A4,1,5,01 00 00 A4 25
2026-09-28T15:22:39.697+00:00,13618.813,RX,peer_observation,000164C3,1,7,01 00 00 0F 03 C3 64
2026-09-28T15:22:39.697+00:00,13619.059,RX,peer_observation,001164C3,1,5,01 00 00 C3 64
2026-09-28T15:22:39.702+00:00,13623.883,RX,peer_observation,00018F34,1,7,01 00 00 0F 03 34 8F
2026-09-28T15:22:39.702+00:00,13624.095,RX,peer_observation,00118F34,1,5,01 00 00 34 8F
2026-09-28T15:22:39.707+00:00,13628.860,RX,peer_observation,00018ED7,1,7,01 00 00 0F 03 D7 8E
2026-09-28T15:22:39.707+00:00,13628.965,RX,peer_observation,00118ED7,1,5,01 00 00 D7 8E
2026-09-28T15:22:39.712+00:00,13633.794,RX,peer_observation,0001838E,1,7,01 00 00 0F 03 8E 83
2026-09-28T15:22:39.712+00:00,13634.066,RX,peer_observation,0011838E,1,5,01 00 00 8E 83
2026-09-28T15:22:39.717+00:00,13638.860,RX,peer_observation,0001775A,1,7,01 00 00 0F 03 5A 77
2026-09-28T15:22:39.717+00:00,13638.964,RX,peer_observation,0011775A,1,5,01 00 00 5A 77
2026-09-28T15:22:39.722+00:00,13643.855,RX,peer_observation,00010C75,1,7,01 00 00 0F 03 75 0C
2026-09-28T15:22:39.722+00:00,13644.075,RX,peer_observation,00110C75,1,5,01 00 00 75 0C
2026-09-28T15:22:39.727+00:00,13648.876,RX,peer_observation,000106D8,1,7,01 00 00 0F 03 D8 06
2026-09-28T15:22:39.727+00:00,13648.968,RX,peer_observation,001106D8,1,5,01 00 00 D8 06
2026-09-28T15:22:39.732+00:00,13653.914,RX,peer_observation,00019540,1,7,01 00 00 0F 03 40 95
2026-09-28T15:22:39.732+00:00,13653.989,RX,peer_observation,00119540,1,5,01 00 00 40 95
2026-09-28T15:22:39.737+00:00,13658.806,RX,peer_observation,00016568,1,7,01 00 00 0F 03 68 65
2026-09-28T15:22:39.737+00:00,13659.062,RX,peer_observation,00116568,1,5,01 00 00 68 65
2026-09-28T15:22:39.742+00:00,13663.886,RX,peer_observation,00017C6D,1,7,01 00 00 0F 03 6D 7C
2026-09-28T15:22:39.742+00:00,13664.104,RX,peer_observation,00117C6D,1,5,01 00 00 6D 7C
2026-09-28T15:22:39.747+00:00,13669.032,RX,peer_observation,000176F5,1,7,01 00 00 0F 03 F5 76
2026-09-28T15:22:39.747+00:00,13669.159,RX,peer_observation,001176F5,1,5,01 00 00 F5 76
2026-09-28T15:22:39.752+00:00,13673.813,RX,peer_observation,0001C389,1,7,01 00 00 0F 03 89 C3
2026-09-28T15:22:39.752+00:00,13674.059,RX,peer_observation,0011C389,1,5,01 00 00 89 C3
2026-09-28T15:22:39.757+00:00,13678.812,RX,peer_observation,0001743A,1,7,01 00 00 0F 03 3A 74
2026-09-28T15:22:39.757+00:00,13679.055,RX,peer_observation,0011743A,1,5,01 00 00 3A 74
2026-09-28T15:22:39.762+00:00,13683.814,RX,peer_observation,0001AED5,1,7,01 00 00 0F 03 D5 AE
2026-09-28T15:22:39.762+00:00,13684.044,RX,peer_observation,0011AED5,1,5,01 00 00 D5 AE
2026-09-28T15:22:39.767+00:00,13688.814,RX,peer_observation,000186EE,1,7,01 00 00 0F 03 EE 86
2026-09-28T15:22:39.767+00:00,13689.055,RX,peer_observation,001186EE,1,5,01 00 00 EE 86
2026-09-28T15:22:39.772+00:00,13693.781,RX,peer_observation,0001D6CA,1,7,01 00 00 0F 03 CA D6
2026-09-28T15:22:39.772+00:00,13694.013,RX,peer_observation,0011D6CA,1,5,01 00 00 CA D6
2026-09-28T15:22:39.777+00:00,13698.813,RX,peer_observation,00016776,1,7,01 00 00 0F 03 76 67
2026-09-28T15:22:39.777+00:00,13699.043,RX,peer_observation,00116776,1,5,01 00 00 76 67
2026-09-28T15:22:39.782+00:00,13703.858,RX,peer_observation,0001646E,1,7,01 00 00 0F 03 6E 64
2026-09-28T15:22:39.782+00:00,13704.086,RX,peer_observation,0011646E,1,5,01 00 00 6E 64
2026-09-28T15:22:39.787+00:00,13708.813,RX,peer_observation,0001841A,1,7,01 00 00 0F 03 1A 84
2026-09-28T15:22:39.787+00:00,13709.059,RX,peer_observation,0011841A,1,5,01 00 00 1A 84
2026-09-28T15:22:39.792+00:00,13713.813,RX,peer_observation,0001E616,1,7,01 00 00 0F 03 16 E6
2026-09-28T15:22:39.792+00:00,13714.075,RX,peer_observation,0011E616,1,5,01 00 00 16 E6
2026-09-28T15:22:39.797+00:00,13718.995,RX,peer_observation,00017D8D,1,7,01 00 00 0F 03 8D 7D
2026-09-28T15:22:39.797+00:00,13719.052,RX,peer_observation,00117D8D,1,5,01 00 00 8D 7D
2026-09-28T15:22:39.802+00:00,13724.019,RX,peer_observation,0001AD08,1,7,01 00 00 0F 03 08 AD
2026-09-28T15:22:39.802+00:00,13724.096,RX,peer_observation,0011AD08,1,5,01 00 00 08 AD
2026-09-28T15:22:39.807+00:00,13728.953,RX,peer_observation,0001FE42,1,7,01 00 00 0F 03 42 FE
2026-09-28T15:22:39.807+00:00,13729.054,RX,peer_observation,0011FE42,1,5,01 00 00 42 FE
2026-09-28T15:22:39.812+00:00,13733.986,RX,peer_observation,00010D1B,1,7,01 00 00 0F 03 1B 0D
2026-09-28T15:22:39.812+00:00,13734.076,RX,peer_observation,00110D1B,1,5,01 00 00 1B 0D
2026-09-28T15:22:39.817+00:00,13738.997,RX,peer_observation,00019DF0,1,7,01 00 00 0F 03 F0 9D
2026-09-28T15:22:39.817+00:00,13739.054,RX,peer_observation,00119DF0,1,5,01 00 00 F0 9D
2026-09-28T15:22:39.822+00:00,13743.983,RX,peer_observation,00013246,1,7,01 00 00 0F 03 46 32
2026-09-28T15:22:39.822+00:00,13744.071,RX,peer_observation,00113246,1,5,01 00 00 46 32
2026-09-28T15:22:39.827+00:00,13748.974,RX,peer_observation,0001302E,1,7,01 00 00 0F 03 2E 30
2026-09-28T15:22:39.827+00:00,13749.060,RX,peer_observation,0011302E,1,5,01 00 00 2E 30
2026-09-28T15:22:39.832+00:00,13754.031,RX,peer_observation,000148C3,1,7,01 00 00 0F 03 C3 48
2026-09-28T15:22:39.832+00:00,13754.109,RX,peer_observation,001148C3,1,5,01 00 00 C3 48
2026-09-28T15:22:39.837+00:00,13759.004,RX,peer_observation,00015905,1,7,01 00 00 0F 03 05 59
2026-09-28T15:22:39.837+00:00,13759.082,RX,peer_observation,00115905,1,5,01 00 00 05 59
2026-09-28T15:22:39.842+00:00,13763.953,RX,peer_observation,00017F23,1,7,01 00 00 0F 03 23 7F
2026-09-28T15:22:39.842+00:00,13764.075,RX,peer_observation,00117F23,1,5,01 00 00 23 7F
2026-09-28T15:22:39.847+00:00,13768.920,RX,peer_observation,0001C3FB,1,7,01 00 00 0F 03 FB C3
2026-09-28T15:22:39.847+00:00,13768.977,RX,peer_observation,0011C3FB,1,5,01 00 00 FB C3
2026-09-28T15:22:39.852+00:00,13773.881,RX,peer_observation,00014E98,1,7,01 00 00 0F 03 98 4E
2026-09-28T15:22:39.852+00:00,13774.143,RX,peer_observation,00114E98,1,5,01 00 00 98 4E
2026-09-28T15:22:39.857+00:00,13778.846,RX,peer_observation,0001F5D7,1,7,01 00 00 0F 03 D7 F5
2026-09-28T15:22:39.857+00:00,13779.062,RX,peer_observation,0011F5D7,1,5,01 00 00 D7 F5
2026-09-28T15:22:39.862+00:00,13783.943,RX,peer_observation,00014C33,1,7,01 00 00 0F 03 33 4C
2026-09-28T15:22:39.862+00:00,13784.011,RX,peer_observation,00114C33,1,5,01 00 00 33 4C
2026-09-28T15:22:39.867+00:00,13788.860,RX,peer_observation,00012332,1,7,01 00 00 0F 03 32 23
2026-09-28T15:22:39.867+00:00,13789.099,RX,peer_observation,00112332,1,5,01 00 00 32 23
2026-09-28T15:22:39.872+00:00,13793.931,RX,peer_observation,000142EA,1,7,01 00 00 0F 03 EA 42
2026-09-28T15:22:39.872+00:00,13794.025,RX,peer_observation,001142EA,1,5,01 00 00 EA 42
2026-09-28T15:22:39.877+00:00,13798.885,RX,peer_observation,00018990,1,7,01 00 00 0F 03 90 89
2026-09-28T15:22:39.877+00:00,13799.082,RX,peer_observation,00118990,1,5,01 00 00 90 89
2026-09-28T15:22:39.882+00:00,13803.872,RX,peer_observation,0001F0A9,1,7,01 00 00 0F 03 A9 F0
2026-09-28T15:22:39.882+00:00,13803.954,RX,peer_observation,0011F0A9,1,5,01 00 00 A9 F0
2026-09-28T15:22:39.887+00:00,13808.891,RX,peer_observation,00014A98,1,7,01 00 00 0F 03 98 4A
2026-09-28T15:22:39.887+00:00,13808.982,RX,peer_observation,00114A98,1,5,01 00 00 98 4A
2026-09-28T15:22:39.892+00:00,13813.862,RX,peer_observation,0001A1B2,1,7,01 00 00 0F 03 B2 A1
2026-09-28T15:22:39.892+00:00,13813.941,RX,peer_observation,0011A1B2,1,5,01 00 00 B2 A1
2026-09-28T15:22:39.897+00:00,13818.889,RX,peer_observation,000104A6,1,7,01 00 00 0F 03 A6 04
2026-09-28T15:22:39.897+00:00,13818.934,RX,peer_observation,001104A6,1,5,01 00 00 A6 04
2026-09-28T15:22:39.902+00:00,13823.797,RX,peer_observation,0001841C,1,7,01 00 00 0F 03 1C 84
2026-09-28T15:22:39.902+00:00,13823.980,RX,peer_observation,0011841C,1,5,01 00 00 1C 84
2026-09-28T15:22:39.907+00:00,13828.890,RX,peer_observation,000125C5,1,7,01 00 00 0F 03 C5 25
2026-09-28T15:22:39.907+00:00,13828.935,RX,peer_observation,001125C5,1,5,01 00 00 C5 25
2026-09-28T15:22:39.912+00:00,13833.797,RX,peer_observation,00010A34,1,7,01 00 00 0F 03 34 0A
2026-09-28T15:22:39.912+00:00,13833.986,RX,peer_observation,00110A34,1,5,01 00 00 34 0A
2026-09-28T15:22:39.917+00:00,13838.836,RX,peer_observation,000141D7,1,7,01 00 00 0F 03 D7 41
2026-09-28T15:22:39.917+00:00,13838.987,RX,peer_observation,001141D7,1,5,01 00 00 D7 41
2026-09-28T15:22:39.922+00:00,13843.823,RX,peer_observation,00015508,1,7,01 00 00 0F 03 08 55
2026-09-28T15:22:39.922+00:00,13843.991,RX,peer_observation,00115508,1,5,01 00 00 08 55
2026-09-28T15:22:39.927+00:00,13848.793,RX,peer_observation,00014677,1,7,01 00 00 0F 03 77 46
2026-09-28T15:22:39.927+00:00,13848.973,RX,peer_observation,00114677,1,5,01 00 00 77 46
2026-09-28T15:22:39.932+00:00,13853.811,RX,peer_observation,00010166,1,7,01 00 00 0F 03 66 01
2026-09-28T15:22:39.932+00:00,13853.979,RX,peer_observation,00110166,1,5,01 00 00 66 01
2026-09-28T15:22:39.937+00:00,13858.841,RX,peer_observation,000116D5,1,7,01 00 00 0F 03 D5 16
2026-09-28T15:22:39.937+00:00,13858.926,RX,peer_observation,001116D5,1,5,01 00 00 D5 16
2026-09-28T15:22:39.942+00:00,13863.813,RX,peer_observation,00011C16,1,7,01 00 00 0F 03 16 1C
2026-09-28T15:22:39.942+00:00,13863.983,RX,peer_observation,00111C16,1,5,01 00 00 16 1C
2026-09-28T15:22:39.947+00:00,13868.832,RX,peer_observation,000147A3,1,7,01 00 00 0F 03 A3 47
2026-09-28T15:22:39.947+00:00,13868.990,RX,peer_observation,001147A3,1,5,01 00 00 A3 47
2026-09-28T15:22:39.952+00:00,13873.778,RX,peer_observation,0001CF13,1,7,01 00 00 0F 03 13 CF
2026-09-28T15:22:39.952+00:00,13873.947,RX,peer_observation,0011CF13,1,5,01 00 00 13 CF
2026-09-28T15:22:39.957+00:00,13878.711,RX,peer_observation,000162C1,1,7,01 00 00 0F 03 C1 62
2026-09-28T15:22:39.957+00:00,13878.991,RX,peer_observation,001162C1,1,5,01 00 00 C1 62
2026-09-28T15:22:39.962+00:00,13883.717,RX,peer_observation,0001641A,1,7,01 00 00 0F 03 1A 64
2026-09-28T15:22:39.962+00:00,13883.954,RX,peer_observation,0011641A,1,5,01 00 00 1A 64
2026-09-28T15:22:39.967+00:00,13888.836,RX,peer_observation,00018C4F,1,7,01 00 00 0F 03 4F 8C
2026-09-28T15:22:39.967+00:00,13888.981,RX,peer_observation,00118C4F,1,5,01 00 00 4F 8C
2026-09-28T15:22:39.972+00:00,13893.756,RX,peer_observation,00014DBD,1,7,01 00 00 0F 03 BD 4D
2026-09-28T15:22:39.972+00:00,13893.990,RX,peer_observation,00114DBD,1,5,01 00 00 BD 4D
2026-09-28T15:22:39.977+00:00,13898.794,RX,peer_observation,00011E58,1,7,01 00 00 0F 03 58 1E
2026-09-28T15:22:39.977+00:00,13898.969,RX,peer_observation,00111E58,1,5,01 00 00 58 1E
2026-09-28T15:22:39.982+00:00,13903.885,RX,peer_observation,0001CADF,1,7,01 00 00 0F 03 DF CA
2026-09-28T15:22:39.982+00:00,13903.930,RX,peer_observation,0011CADF,1,5,01 00 00 DF CA
2026-09-28T15:22:39.987+00:00,13908.735,RX,peer_observation,0001B621,1,7,01 00 00 0F 03 21 B6
2026-09-28T15:22:39.987+00:00,13908.971,RX,peer_observation,0011B621,1,5,01 00 00 21 B6
2026-09-28T15:22:39.992+00:00,13913.889,RX,peer_observation,0001B146,1,7,01 00 00 0F 03 46 B1
2026-09-28T15:22:39.992+00:00,13913.934,RX,peer_observation,0011B146,1,5,01 00 00 46 B1
2026-09-28T15:22:39.997+00:00,13918.885,RX,peer_observation,000179EE,1,7,01 00 00 0F 03 EE 79
2026-09-28T15:22:39.997+00:00,13918.978,RX,peer_observation,001179EE,1,5,01 00 00 EE 79
2026-09-28T15:22:40.002+00:00,13923.940,RX,peer_observation,00014EA5,1,7,01 00 00 0F 03 A5 4E
2026-09-28T15:22:40.002+00:00,13924.026,RX,peer_observation,00114EA5,1,5,01 00 00 A5 4E
2026-09-28T15:22:40.007+00:00,13928.894,RX,peer_observation,000133B5,1,7,01 00 00 0F 03 B5 33
2026-09-28T15:22:40.007+00:00,13928.951,RX,peer_observation,001133B5,1,5,01 00 00 B5 33
2026-09-28T15:22:40.012+00:00,13933.940,RX,peer_observation,0001604D,1,7,01 00 00 0F 03 4D 60
2026-09-28T15:22:40.012+00:00,13934.018,RX,peer_observation,0011604D,1,5,01 00 00 4D 60
2026-09-28T15:22:40.017+00:00,13938.904,RX,peer_observation,0001C91D,1,7,01 00 00 0F 03 1D C9
2026-09-28T15:22:40.017+00:00,13938.978,RX,peer_observation,0011C91D,1,5,01 00 00 1D C9
2026-09-28T15:22:40.022+00:00,13943.941,RX,peer_observation,0001A866,1,7,01 00 00 0F 03 66 A8
2026-09-28T15:22:40.022+00:00,13944.024,RX,peer_observation,0011A866,1,5,01 00 00 66 A8
2026-09-28T15:22:40.027+00:00,13948.903,RX,peer_observation,0001D6B2,1,7,01 00 00 0F 03 B2 D6
2026-09-28T15:22:40.027+00:00,13948.990,RX,peer_observation,0011D6B2,1,5,01 00 00 B2 D6
2026-09-28T15:22:40.032+00:00,13953.989,RX,peer_observation,0001BC59,1,7,01 00 00 0F 03 59 BC
2026-09-28T15:22:40.032+00:00,13954.087,RX,peer_observation,0011BC59,1,5,01 00 00 59 BC
2026-09-28T15:22:40.037+00:00,13958.852,RX,peer_observation,0001C43C,1,7,01 00 00 0F 03 3C C4
2026-09-28T15:22:40.037+00:00,13958.947,RX,peer_observation,0011C43C,1,5,01 00 00 3C C4
2026-09-28T15:22:40.042+00:00,13963.874,RX,peer_observation,0001A2DB,1,7,01 00 00 0F 03 DB A2
2026-09-28T15:22:40.042+00:00,13963.999,RX,peer_observation,0011A2DB,1,5,01 00 00 DB A2
2026-09-28T15:22:40.047+00:00,13968.744,RX,peer_observation,00016D9B,1,7,01 00 00 0F 03 9B 6D
2026-09-28T15:22:40.047+00:00,13968.996,RX,peer_observation,00116D9B,1,5,01 00 00 9B 6D
2026-09-28T15:22:40.052+00:00,13973.962,RX,peer_observation,000100B7,1,7,01 00 00 0F 03 B7 00
2026-09-28T15:22:40.052+00:00,13974.051,RX,peer_observation,001100B7,1,5,01 00 00 B7 00
2026-09-28T15:22:40.057+00:00,13978.897,RX,peer_observation,00017391,1,7,01 00 00 0F 03 91 73
2026-09-28T15:22:40.057+00:00,13978.942,RX,peer_observation,00117391,1,5,01 00 00 91 73
2026-09-28T15:22:40.062+00:00,13983.962,RX,peer_observation,00015241,1,7,01 00 00 0F 03 41 52
2026-09-28T15:22:40.062+00:00,13984.051,RX,peer_observation,00115241,1,5,01 00 00 41 52
2026-09-28T15:22:40.067+00:00,13988.888,RX,peer_observation,00014165,1,7,01 00 00 0F 03 65 41
2026-09-28T15:22:40.067+00:00,13988.933,RX,peer_observation,00114165,1,5,01 00 00 65 41
2026-09-28T15:22:40.072+00:00,13993.961,RX,peer_observation,0001F423,1,7,01 00 00 0F 03 23 F4
2026-09-28T15:22:40.072+00:00,13994.040,RX,peer_observation,0011F423,1,5,01 00 00 23 F4
2026-09-28T15:22:40.077+00:00,13998.860,RX,peer_observation,00013C45,1,7,01 00 00 0F 03 45 3C
2026-09-28T15:22:40.077+00:00,13998.905,RX,peer_observation,00113C45,1,5,01 00 00 45 3C
2026-09-28T15:22:40.082+00:00,14003.766,RX,peer_observation,000174DB,1,7,01 00 00 0F 03 DB 74
2026-09-28T15:22:40.082+00:00,14004.095,RX,peer_observation,001174DB,1,5,01 00 00 DB 74
2026-09-28T15:22:40.087+00:00,14008.898,RX,peer_observation,0001AECD,1,7,01 00 00 0F 03 CD AE
2026-09-28T15:22:40.087+00:00,14008.981,RX,peer_observation,0011AECD,1,5,01 00 00 CD AE
2026-09-28T15:22:40.092+00:00,14014.021,RX,peer_observation,0001E127,1,7,01 00 00 0F 03 27 E1
2026-09-28T15:22:40.092+00:00,14014.097,RX,peer_observation,0011E127,1,5,01 00 00 27 E1
2026-09-28T15:22:40.097+00:00,14018.712,RX,peer_observation,00011B1B,1,7,01 00 00 0F 03 1B 1B
2026-09-28T15:22:40.097+00:00,14018.956,RX,peer_observation,00111B1B,1,5,01 00 00 1B 1B
2026-09-28T15:22:40.102+00:00,14023.792,RX,peer_observation,0001C036,1,7,01 00 00 0F 03 36 C0
2026-09-28T15:22:40.102+00:00,14023.902,RX,peer_observation,0011C036,1,5,01 00 00 36 C0
2026-09-28T15:22:40.107+00:00,14028.790,RX,peer_observation,0001B765,1,7,01 00 00 0F 03 65 B7
2026-09-28T15:22:40.107+00:00,14028.957,RX,peer_observation,0011B765,1,5,01 00 00 65 B7
2026-09-28T15:22:40.112+00:00,14033.724,RX,peer_observation,00014546,1,7,01 00 00 0F 03 46 45
2026-09-28T15:22:40.112+00:00,14033.942,RX,peer_observation,00114546,1,5,01 00 00 46 45
2026-09-28T15:22:40.117+00:00,14038.755,RX,peer_observation,00017CDF,1,7,01 00 00 0F 03 DF 7C
2026-09-28T15:22:40.117+00:00,14038.945,RX,peer_observation,00117CDF,1,5,01 00 00 DF 7C
2026-09-28T15:22:40.122+00:00,14043.727,RX,peer_observation,00013B2E,1,7,01 00 00 0F 03 2E 3B
2026-09-28T15:22:40.122+00:00,14043.955,RX,peer_observation,00113B2E,1,5,01 00 00 2E 3B
2026-09-28T15:22:40.127+00:00,14048.782,RX,peer_observation,00018E72,1,7,01 00 00 0F 03 72 8E
2026-09-28T15:22:40.127+00:00,14048.954,RX,peer_observation,00118E72,1,5,01 00 00 72 8E
2026-09-28T15:22:40.132+00:00,14053.733,RX,peer_observation,0001B2D8,1,7,01 00 00 0F 03 D8 B2
2026-09-28T15:22:40.132+00:00,14053.948,RX,peer_observation,0011B2D8,1,5,01 00 00 D8 B2
2026-09-28T15:22:40.137+00:00,14058.781,RX,peer_observation,00017C9E,1,7,01 00 00 0F 03 9E 7C
2026-09-28T15:22:40.137+00:00,14058.954,RX,peer_observation,00117C9E,1,5,01 00 00 9E 7C
2026-09-28T15:22:40.142+00:00,14063.729,RX,peer_observation,000170B3,1,7,01 00 00 0F 03 B3 70
2026-09-28T15:22:40.142+00:00,14063.950,RX,peer_observation,001170B3,1,5,01 00 00 B3 70
2026-09-28T15:22:40.147+00:00,14068.942,RX,peer_observation,00012D78,1,7,01 00 00 0F 03 78 2D
2026-09-28T15:22:40.147+00:00,14069.034,RX,peer_observation,00112D78,1,5,01 00 00 78 2D
2026-09-28T15:22:40.152+00:00,14073.719,RX,peer_observation,00018DB2,1,7,01 00 00 0F 03 B2 8D
2026-09-28T15:22:40.152+00:00,14073.968,RX,peer_observation,00118DB2,1,5,01 00 00 B2 8D
2026-09-28T15:22:40.157+00:00,14078.864,RX,peer_observation,0001DB9B,1,7,01 00 00 0F 03 9B DB
2026-09-28T15:22:40.157+00:00,14078.910,RX,peer_observation,0011DB9B,1,5,01 00 00 9B DB
2026-09-28T15:22:40.162+00:00,14083.763,RX,peer_observation,0001E34A,1,7,01 00 00 0F 03 4A E3
2026-09-28T15:22:40.162+00:00,14083.952,RX,peer_observation,0011E34A,1,5,01 00 00 4A E3
2026-09-28T15:22:40.167+00:00,14088.864,RX,peer_observation,0001DC91,1,7,01 00 00 0F 03 91 DC
2026-09-28T15:22:40.167+00:00,14088.909,RX,peer_observation,0011DC91,1,5,01 00 00 91 DC
2026-09-28T15:22:40.172+00:00,14093.760,RX,peer_observation,0001FE8D,1,7,01 00 00 0F 03 8D FE
2026-09-28T15:22:40.172+00:00,14093.950,RX,peer_observation,0011FE8D,1,5,01 00 00 8D FE
2026-09-28T15:22:40.177+00:00,14098.708,RX,peer_observation,000106FC,1,7,01 00 00 0F 03 FC 06
2026-09-28T15:22:40.177+00:00,14098.940,RX,peer_observation,001106FC,1,5,01 00 00 FC 06
2026-09-28T15:22:40.182+00:00,14103.769,RX,peer_observation,00014155,1,7,01 00 00 0F 03 55 41
2026-09-28T15:22:40.182+00:00,14103.950,RX,peer_observation,00114155,1,5,01 00 00 55 41
2026-09-28T15:22:40.187+00:00,14108.859,RX,peer_observation,0001CA81,1,7,01 00 00 0F 03 81 CA
2026-09-28T15:22:40.187+00:00,14108.904,RX,peer_observation,0011CA81,1,5,01 00 00 81 CA
2026-09-28T15:22:40.192+00:00,14113.710,RX,peer_observation,00019923,1,7,01 00 00 0F 03 23 99
2026-09-28T15:22:40.192+00:00,14113.942,RX,peer_observation,00119923,1,5,01 00 00 23 99
2026-09-28T15:22:40.197+00:00,14118.838,RX,peer_observation,00014F46,1,7,01 00 00 0F 03 46 4F
2026-09-28T15:22:40.197+00:00,14118.894,RX,peer_observation,00114F46,1,5,01 00 00 46 4F
2026-09-28T15:22:40.202+00:00,14123.952,RX,peer_observation,0001C612,1,7,01 00 00 0F 03 12 C6
2026-09-28T15:22:40.202+00:00,14124.027,RX,peer_observation,0011C612,1,5,01 00 00 12 C6
2026-09-28T15:22:40.207+00:00,14128.861,RX,peer_observation,00019489,1,7,01 00 00 0F 03 89 94
2026-09-28T15:22:40.207+00:00,14128.936,RX,peer_observation,00119489,1,5,01 00 00 89 94
2026-09-28T15:22:40.212+00:00,14133.860,RX,peer_observation,00015118,1,7,01 00 00 0F 03 18 51
2026-09-28T15:22:40.212+00:00,14134.015,RX,peer_observation,00115118,1,5,01 00 00 18 51
2026-09-28T15:22:40.217+00:00,14138.855,RX,peer_observation,0001C98E,1,7,01 00 00 0F 03 8E C9
2026-09-28T15:22:40.217+00:00,14138.928,RX,peer_observation,0011C98E,1,5,01 00 00 8E C9
2026-09-28T15:22:40.222+00:00,14143.908,RX,peer_observation,00018365,1,7,01 00 00 0F 03 65 83
2026-09-28T15:22:40.222+00:00,14144.000,RX,peer_observation,00118365,1,5,01 00 00 65 83
2026-09-28T15:22:40.227+00:00,14148.851,RX,peer_observation,0001E1FE,1,7,01 00 00 0F 03 FE E1
2026-09-28T15:22:40.227+00:00,14148.925,RX,peer_observation,0011E1FE,1,5,01 00 00 FE E1
2026-09-28T15:22:40.232+00:00,14153.903,RX,peer_observation,0001299E,1,7,01 00 00 0F 03 9E 29
2026-09-28T15:22:40.232+00:00,14153.990,RX,peer_observation,0011299E,1,5,01 00 00 9E 29
2026-09-28T15:22:40.237+00:00,14158.919,RX,peer_observation,00018A6B,1,7,01 00 00 0F 03 6B 8A
2026-09-28T15:22:40.237+00:00,14159.017,RX,peer_observation,00118A6B,1,5,01 00 00 6B 8A
2026-09-28T15:22:40.242+00:00,14163.908,RX,peer_observation,0001A855,1,7,01 00 00 0F 03 55 A8
2026-09-28T15:22:40.242+00:00,14163.998,RX,peer_observation,0011A855,1,5,01 00 00 55 A8
2026-09-28T15:22:40.246+00:00,14168.684,RX,peer_observation,0001E397,1,7,01 00 00 0F 03 97 E3
2026-09-28T15:22:40.247+00:00,14168.930,RX,peer_observation,0011E397,1,5,01 00 00 97 E3
2026-09-28T15:22:40.252+00:00,14173.719,RX,peer_observation,000123D7,1,7,01 00 00 0F 03 D7 23
2026-09-28T15:22:40.252+00:00,14173.979,RX,peer_observation,001123D7,1,5,01 00 00 D7 23
2026-09-28T15:22:40.257+00:00,14178.720,RX,peer_observation,000192AD,1,7,01 00 00 0F 03 AD 92
2026-09-28T15:22:40.257+00:00,14178.955,RX,peer_observation,001192AD,1,5,01 00 00 AD 92
2026-09-28T15:22:40.262+00:00,14183.752,RX,peer_observation,0001F456,1,7,01 00 00 0F 03 56 F4
2026-09-28T15:22:40.262+00:00,14183.945,RX,peer_observation,0011F456,1,5,01 00 00 56 F4
2026-09-28T15:22:40.267+00:00,14188.711,RX,peer_observation,0001F68A,1,7,01 00 00 0F 03 8A F6
2026-09-28T15:22:40.267+00:00,14188.951,RX,peer_observation,0011F68A,1,5,01 00 00 8A F6
2026-09-28T15:22:40.272+00:00,14193.760,RX,peer_observation,0001EFF8,1,7,01 00 00 0F 03 F8 EF
2026-09-28T15:22:40.272+00:00,14193.973,RX,peer_observation,0011EFF8,1,5,01 00 00 F8 EF
2026-09-28T15:22:40.276+00:00,14198.683,RX,peer_observation,0001F1CF,1,7,01 00 00 0F 03 CF F1
2026-09-28T15:22:40.277+00:00,14198.929,RX,peer_observation,0011F1CF,1,5,01 00 00 CF F1
2026-09-28T15:22:40.282+00:00,14203.753,RX,peer_observation,0001D34A,1,7,01 00 00 0F 03 4A D3
2026-09-28T15:22:40.282+00:00,14203.961,RX,peer_observation,0011D34A,1,5,01 00 00 4A D3
2026-09-28T15:22:40.287+00:00,14208.858,RX,peer_observation,00012755,1,7,01 00 00 0F 03 55 27
2026-09-28T15:22:40.287+00:00,14209.035,RX,peer_observation,00112755,1,5,01 00 00 55 27
2026-09-28T15:22:40.292+00:00,14213.791,RX,peer_observation,0001D532,1,7,01 00 00 0F 03 32 D5
2026-09-28T15:22:40.292+00:00,14213.920,RX,peer_observation,0011D532,1,5,01 00 00 32 D5
2026-09-28T15:22:40.297+00:00,14218.876,RX,peer_observation,0001DA2D,1,7,01 00 00 0F 03 2D DA
2026-09-28T15:22:40.297+00:00,14218.931,RX,peer_observation,0011DA2D,1,5,01 00 00 2D DA
2026-09-28T15:22:40.302+00:00,14223.833,RX,peer_observation,0001CE48,1,7,01 00 00 0F 03 48 CE
2026-09-28T15:22:40.302+00:00,14223.878,RX,peer_observation,0011CE48,1,5,01 00 00 48 CE
2026-09-28T15:22:40.307+00:00,14228.772,RX,peer_observation,0001BC5B,1,7,01 00 00 0F 03 5B BC
2026-09-28T15:22:40.307+00:00,14228.968,RX,peer_observation,0011BC5B,1,5,01 00 00 5B BC
2026-09-28T15:22:40.312+00:00,14233.833,RX,peer_observation,00017C4F,1,7,01 00 00 0F 03 4F 7C
2026-09-28T15:22:40.312+00:00,14233.878,RX,peer_observation,00117C4F,1,5,01 00 00 4F 7C
2026-09-28T15:22:40.317+00:00,14238.814,RX,peer_observation,00019AF4,1,7,01 00 00 0F 03 F4 9A
2026-09-28T15:22:40.317+00:00,14238.859,RX,peer_observation,00119AF4,1,5,01 00 00 F4 9A
2026-09-28T15:22:40.321+00:00,14243.686,RX,peer_observation,0001E11B,1,7,01 00 00 0F 03 1B E1
2026-09-28T15:22:40.322+00:00,14243.923,RX,peer_observation,0011E11B,1,5,01 00 00 1B E1
2026-09-28T15:22:40.326+00:00,14248.679,RX,peer_observation,0001E035,1,7,01 00 00 0F 03 35 E0
2026-09-28T15:22:40.327+00:00,14248.920,RX,peer_observation,0011E035,1,5,01 00 00 35 E0
2026-09-28T15:22:40.332+00:00,14253.872,RX,peer_observation,0001C11E,1,7,01 00 00 0F 03 1E C1
2026-09-28T15:22:40.332+00:00,14253.920,RX,peer_observation,0011C11E,1,5,01 00 00 1E C1
2026-09-28T15:22:40.337+00:00,14258.869,RX,peer_observation,0001C7DC,1,7,01 00 00 0F 03 DC C7
2026-09-28T15:22:40.337+00:00,14258.917,RX,peer_observation,0011C7DC,1,5,01 00 00 DC C7
2026-09-28T15:22:40.342+00:00,14263.869,RX,peer_observation,0001B088,1,7,01 00 00 0F 03 88 B0
2026-09-28T15:22:40.342+00:00,14263.916,RX,peer_observation,0011B088,1,5,01 00 00 88 B0
2026-09-28T15:22:40.347+00:00,14269.028,RX,peer_observation,00011FC5,1,7,01 00 00 0F 03 C5 1F
2026-09-28T15:22:40.347+00:00,14269.148,RX,peer_observation,00111FC5,1,5,01 00 00 C5 1F
2026-09-28T15:22:40.352+00:00,14273.756,RX,peer_observation,0001728F,1,7,01 00 00 0F 03 8F 72
2026-09-28T15:22:40.352+00:00,14273.974,RX,peer_observation,0011728F,1,5,01 00 00 8F 72
2026-09-28T15:22:40.357+00:00,14278.782,RX,peer_observation,00013A97,1,7,01 00 00 0F 03 97 3A
2026-09-28T15:22:40.357+00:00,14278.968,RX,peer_observation,00113A97,1,5,01 00 00 97 3A
2026-09-28T15:22:40.362+00:00,14283.817,RX,peer_observation,0001F557,1,7,01 00 00 0F 03 57 F5
2026-09-28T15:22:40.362+00:00,14284.028,RX,peer_observation,0011F557,1,5,01 00 00 57 F5
2026-09-28T15:22:40.367+00:00,14288.768,RX,peer_observation,0001DC0A,1,7,01 00 00 0F 03 0A DC
2026-09-28T15:22:40.367+00:00,14288.999,RX,peer_observation,0011DC0A,1,5,01 00 00 0A DC
2026-09-28T15:22:40.372+00:00,14293.890,RX,peer_observation,0001319D,1,7,01 00 00 0F 03 9D 31
2026-09-28T15:22:40.372+00:00,14293.935,RX,peer_observation,0011319D,1,5,01 00 00 9D 31
2026-09-28T15:22:40.376+00:00,14298.680,RX,peer_observation,00012E07,1,7,01 00 00 0F 03 07 2E
2026-09-28T15:22:40.377+00:00,14298.921,RX,peer_observation,00112E07,1,5,01 00 00 07 2E
2026-09-28T15:22:40.382+00:00,14303.711,RX,peer_observation,0001B00E,1,7,01 00 00 0F 03 0E B0
2026-09-28T15:22:40.382+00:00,14303.918,RX,peer_observation,0011B00E,1,5,01 00 00 0E B0
2026-09-28T15:22:40.386+00:00,14308.685,RX,peer_observation,000127B6,1,7,01 00 00 0F 03 B6 27
2026-09-28T15:22:40.387+00:00,14308.928,RX,peer_observation,001127B6,1,5,01 00 00 B6 27
2026-09-28T15:22:40.392+00:00,14313.749,RX,peer_observation,000142EF,1,7,01 00 00 0F 03 EF 42
2026-09-28T15:22:40.392+00:00,14313.928,RX,peer_observation,001142EF,1,5,01 00 00 EF 42
2026-09-28T15:22:40.397+00:00,14318.823,RX,peer_observation,00014732,1,7,01 00 00 0F 03 32 47
2026-09-28T15:22:40.397+00:00,14318.868,RX,peer_observation,00114732,1,5,01 00 00 32 47
2026-09-28T15:22:40.402+00:00,14323.768,RX,peer_observation,0001997D,1,7,01 00 00 0F 03 7D 99
2026-09-28T15:22:40.402+00:00,14323.936,RX,peer_observation,0011997D,1,5,01 00 00 7D 99
2026-09-28T15:22:40.407+00:00,14328.812,RX,peer_observation,0001007F,1,7,01 00 00 0F 03 7F 00
2026-09-28T15:22:40.407+00:00,14328.857,RX,peer_observation,0011007F,1,5,01 00 00 7F 00
2026-09-28T15:22:40.412+00:00,14333.837,RX,peer_observation,0001573C,1,7,01 00 00 0F 03 3C 57
2026-09-28T15:22:40.412+00:00,14333.882,RX,peer_observation,0011573C,1,5,01 00 00 3C 57
2026-09-28T15:22:40.417+00:00,14338.781,RX,peer_observation,0001A3F5,1,7,01 00 00 0F 03 F5 A3
2026-09-28T15:22:40.417+00:00,14338.866,RX,peer_observation,0011A3F5,1,5,01 00 00 F5 A3
2026-09-28T15:22:40.422+00:00,14343.836,RX,peer_observation,000153FE,1,7,01 00 00 0F 03 FE 53
2026-09-28T15:22:40.422+00:00,14343.881,RX,peer_observation,001153FE,1,5,01 00 00 FE 53
2026-09-28T15:22:40.427+00:00,14348.737,RX,peer_observation,00012038,1,7,01 00 00 0F 03 38 20
2026-09-28T15:22:40.427+00:00,14348.930,RX,peer_observation,00112038,1,5,01 00 00 38 20
2026-09-28T15:22:40.432+00:00,14353.837,RX,peer_observation,00015E71,1,7,01 00 00 0F 03 71 5E
2026-09-28T15:22:40.432+00:00,14353.882,RX,peer_observation,00115E71,1,5,01 00 00 71 5E
2026-09-28T15:22:40.437+00:00,14358.817,RX,peer_observation,0001E37B,1,7,01 00 00 0F 03 7B E3
2026-09-28T15:22:40.437+00:00,14358.862,RX,peer_observation,0011E37B,1,5,01 00 00 7B E3
2026-09-28T15:22:40.442+00:00,14363.840,RX,peer_observation,0001C578,1,7,01 00 00 0F 03 78 C5
2026-09-28T15:22:40.442+00:00,14363.885,RX,peer_observation,0011C578,1,5,01 00 00 78 C5
2026-09-28T15:22:40.447+00:00,14368.745,RX,peer_observation,0001699E,1,7,01 00 00 0F 03 9E 69
2026-09-28T15:22:40.447+00:00,14368.934,RX,peer_observation,0011699E,1,5,01 00 00 9E 69
2026-09-28T15:22:40.452+00:00,14373.905,RX,peer_observation,00015993,1,7,01 00 00 0F 03 93 59
2026-09-28T15:22:40.452+00:00,14374.003,RX,peer_observation,00115993,1,5,01 00 00 93 59
2026-09-28T15:22:40.457+00:00,14378.873,RX,peer_observation,0001506A,1,7,01 00 00 0F 03 6A 50
2026-09-28T15:22:40.457+00:00,14378.946,RX,peer_observation,0011506A,1,5,01 00 00 6A 50
2026-09-28T15:22:40.462+00:00,14383.941,RX,peer_observation,00017E28,1,7,01 00 00 0F 03 28 7E
2026-09-28T15:22:40.462+00:00,14384.053,RX,peer_observation,00117E28,1,5,01 00 00 28 7E
2026-09-28T15:22:40.467+00:00,14388.837,RX,peer_observation,000180F2,1,7,01 00 00 0F 03 F2 80
2026-09-28T15:22:40.467+00:00,14388.881,RX,peer_observation,001180F2,1,5,01 00 00 F2 80
2026-09-28T15:22:40.472+00:00,14393.985,RX,peer_observation,00012765,1,7,01 00 00 0F 03 65 27
2026-09-28T15:22:40.472+00:00,14394.103,RX,peer_observation,00112765,1,5,01 00 00 65 27
2026-09-28T15:22:40.477+00:00,14398.834,RX,peer_observation,0001D8E2,1,7,01 00 00 0F 03 E2 D8
2026-09-28T15:22:40.477+00:00,14398.879,RX,peer_observation,0011D8E2,1,5,01 00 00 E2 D8
2026-09-28T15:22:40.482+00:00,14403.893,RX,peer_observation,0001E41E,1,7,01 00 00 0F 03 1E E4
2026-09-28T15:22:40.482+00:00,14403.996,RX,peer_observation,0011E41E,1,5,01 00 00 1E E4
2026-09-28T15:22:40.487+00:00,14408.870,RX,peer_observation,0001644B,1,7,01 00 00 0F 03 4B 64
2026-09-28T15:22:40.487+00:00,14408.942,RX,peer_observation,0011644B,1,5,01 00 00 4B 64
2026-09-28T15:22:40.492+00:00,14413.893,RX,peer_observation,000153C9,1,7,01 00 00 0F 03 C9 53
2026-09-28T15:22:40.492+00:00,14413.985,RX,peer_observation,001153C9,1,5,01 00 00 C9 53
2026-09-28T15:22:40.497+00:00,14418.735,RX,peer_observation,00012826,1,7,01 00 00 0F 03 26 28
2026-09-28T15:22:40.497+00:00,14418.917,RX,peer_observation,00112826,1,5,01 00 00 26 28
2026-09-28T15:22:40.502+00:00,14423.707,RX,peer_observation,0001A388,1,7,01 00 00 0F 03 88 A3
2026-09-28T15:22:40.502+00:00,14423.924,RX,peer_observation,0011A388,1,5,01 00 00 88 A3
2026-09-28T15:22:40.506+00:00,14428.682,RX,peer_observation,0001EFA7,1,7,01 00 00 0F 03 A7 EF
2026-09-28T15:22:40.507+00:00,14428.925,RX,peer_observation,0011EFA7,1,5,01 00 00 A7 EF
2026-09-28T15:22:40.512+00:00,14433.735,RX,peer_observation,0001E9E6,1,7,01 00 00 0F 03 E6 E9
2026-09-28T15:22:40.512+00:00,14433.933,RX,peer_observation,0011E9E6,1,5,01 00 00 E6 E9
2026-09-28T15:22:40.517+00:00,14438.744,RX,peer_observation,0001B216,1,7,01 00 00 0F 03 16 B2
2026-09-28T15:22:40.517+00:00,14438.929,RX,peer_observation,0011B216,1,5,01 00 00 16 B2
2026-09-28T15:22:40.522+00:00,14443.740,RX,peer_observation,0001D7B0,1,7,01 00 00 0F 03 B0 D7
2026-09-28T15:22:40.522+00:00,14443.929,RX,peer_observation,0011D7B0,1,5,01 00 00 B0 D7
2026-09-28T15:22:40.527+00:00,14448.690,RX,peer_observation,00016CC6,1,7,01 00 00 0F 03 C6 6C
2026-09-28T15:22:40.527+00:00,14448.928,RX,peer_observation,00116CC6,1,5,01 00 00 C6 6C
2026-09-28T15:22:40.532+00:00,14453.758,RX,peer_observation,0001450D,1,7,01 00 00 0F 03 0D 45
2026-09-28T15:22:40.532+00:00,14453.947,RX,peer_observation,0011450D,1,5,01 00 00 0D 45
2026-09-28T15:22:40.537+00:00,14458.725,RX,peer_observation,0001C064,1,7,01 00 00 0F 03 64 C0
2026-09-28T15:22:40.537+00:00,14458.924,RX,peer_observation,0011C064,1,5,01 00 00 64 C0
2026-09-28T15:22:40.542+00:00,14463.705,RX,peer_observation,000188C6,1,7,01 00 00 0F 03 C6 88
2026-09-28T15:22:40.542+00:00,14463.929,RX,peer_observation,001188C6,1,5,01 00 00 C6 88
2026-09-28T15:22:40.547+00:00,14468.906,RX,peer_observation,000136B6,1,7,01 00 00 0F 03 B6 36
2026-09-28T15:22:40.547+00:00,14468.998,RX,peer_observation,001136B6,1,5,01 00 00 B6 36
2026-09-28T15:22:40.552+00:00,14473.774,RX,peer_observation,0001E05C,1,7,01 00 00 0F 03 5C E0
2026-09-28T15:22:40.552+00:00,14473.891,RX,peer_observation,0011E05C,1,5,01 00 00 5C E0
2026-09-28T15:22:40.557+00:00,14478.844,RX,peer_observation,00019581,1,7,01 00 00 0F 03 81 95
2026-09-28T15:22:40.557+00:00,14478.924,RX,peer_observation,00119581,1,5,01 00 00 81 95
2026-09-28T15:22:40.562+00:00,14483.783,RX,peer_observation,0001DE5D,1,7,01 00 00 0F 03 5D DE
2026-09-28T15:22:40.562+00:00,14483.942,RX,peer_observation,0011DE5D,1,5,01 00 00 5D DE
2026-09-28T15:22:40.567+00:00,14488.846,RX,peer_observation,00012D2C,1,7,01 00 00 0F 03 2C 2D
2026-09-28T15:22:40.567+00:00,14488.931,RX,peer_observation,00112D2C,1,5,01 00 00 2C 2D
2026-09-28T15:22:40.572+00:00,14493.797,RX,peer_observation,0001251E,1,7,01 00 00 0F 03 1E 25
2026-09-28T15:22:40.572+00:00,14493.868,RX,peer_observation,0011251E,1,5,01 00 00 1E 25
2026-09-28T15:22:40.577+00:00,14498.861,RX,peer_observation,0001615B,1,7,01 00 00 0F 03 5B 61
2026-09-28T15:22:40.577+00:00,14498.952,RX,peer_observation,0011615B,1,5,01 00 00 5B 61
2026-09-28T15:22:40.582+00:00,14503.783,RX,peer_observation,00017AB6,1,7,01 00 00 0F 03 B6 7A
2026-09-28T15:22:40.582+00:00,14503.945,RX,peer_observation,00117AB6,1,5,01 00 00 B6 7A
2026-09-28T15:22:40.587+00:00,14508.857,RX,peer_observation,00015F98,1,7,01 00 00 0F 03 98 5F
2026-09-28T15:22:40.587+00:00,14508.950,RX,peer_observation,00115F98,1,5,01 00 00 98 5F
2026-09-28T15:22:40.592+00:00,14513.831,RX,peer_observation,000143F8,1,7,01 00 00 0F 03 F8 43
2026-09-28T15:22:40.592+00:00,14513.921,RX,peer_observation,001143F8,1,5,01 00 00 F8 43
2026-09-28T15:22:40.597+00:00,14518.769,RX,peer_observation,00016BC8,1,7,01 00 00 0F 03 C8 6B
2026-09-28T15:22:40.597+00:00,14519.237,RX,peer_observation,00116BC8,1,5,01 00 00 C8 6B
2026-09-28T15:22:40.602+00:00,14523.813,RX,peer_observation,0001BABF,1,7,01 00 00 0F 03 BF BA
2026-09-28T15:22:40.602+00:00,14523.892,RX,peer_observation,0011BABF,1,5,01 00 00 BF BA
2026-09-28T15:22:40.606+00:00,14528.680,RX,peer_observation,000187F6,1,7,01 00 00 0F 03 F6 87
2026-09-28T15:22:40.607+00:00,14528.911,RX,peer_observation,001187F6,1,5,01 00 00 F6 87
2026-09-28T15:22:40.612+00:00,14533.729,RX,peer_observation,0001E0C5,1,7,01 00 00 0F 03 C5 E0
2026-09-28T15:22:40.612+00:00,14533.925,RX,peer_observation,0011E0C5,1,5,01 00 00 C5 E0
2026-09-28T15:22:40.617+00:00,14538.839,RX,peer_observation,000104C0,1,7,01 00 00 0F 03 C0 04
2026-09-28T15:22:40.617+00:00,14538.884,RX,peer_observation,001104C0,1,5,01 00 00 C0 04
2026-09-28T15:22:40.621+00:00,14543.682,RX,peer_observation,000126DA,1,7,01 00 00 0F 03 DA 26
2026-09-28T15:22:40.622+00:00,14543.941,RX,peer_observation,001126DA,1,5,01 00 00 DA 26
2026-09-28T15:22:40.627+00:00,14548.746,RX,peer_observation,0001A165,1,7,01 00 00 0F 03 65 A1
2026-09-28T15:22:40.627+00:00,14548.927,RX,peer_observation,0011A165,1,5,01 00 00 65 A1
2026-09-28T15:22:40.632+00:00,14553.738,RX,peer_observation,0001253B,1,7,01 00 00 0F 03 3B 25
2026-09-28T15:22:40.632+00:00,14553.920,RX,peer_observation,0011253B,1,5,01 00 00 3B 25
2026-09-28T15:22:40.637+00:00,14558.835,RX,peer_observation,0001BE4C,1,7,01 00 00 0F 03 4C BE
2026-09-28T15:22:40.637+00:00,14558.880,RX,peer_observation,0011BE4C,1,5,01 00 00 4C BE
2026-09-28T15:22:40.642+00:00,14563.685,RX,peer_observation,0001945D,1,7,01 00 00 0F 03 5D 94
2026-09-28T15:22:40.642+00:00,14563.932,RX,peer_observation,0011945D,1,5,01 00 00 5D 94
2026-09-28T15:22:40.647+00:00,14568.817,RX,peer_observation,00018279,1,7,01 00 00 0F 03 79 82
2026-09-28T15:22:40.647+00:00,14568.862,RX,peer_observation,00118279,1,5,01 00 00 79 82
2026-09-28T15:22:40.651+00:00,14573.677,RX,peer_observation,00014A55,1,7,01 00 00 0F 03 55 4A
2026-09-28T15:22:40.652+00:00,14573.922,RX,peer_observation,00114A55,1,5,01 00 00 55 4A
2026-09-28T15:22:40.657+00:00,14578.835,RX,peer_observation,00015041,1,7,01 00 00 0F 03 41 50
2026-09-28T15:22:40.657+00:00,14578.880,RX,peer_observation,00115041,1,5,01 00 00 41 50
2026-09-28T15:22:40.661+00:00,14583.682,RX,peer_observation,0001AFDB,1,7,01 00 00 0F 03 DB AF
2026-09-28T15:22:40.662+00:00,14583.915,RX,peer_observation,0011AFDB,1,5,01 00 00 DB AF
2026-09-28T15:22:40.666+00:00,14588.680,RX,peer_observation,00015F4F,1,7,01 00 00 0F 03 4F 5F
2026-09-28T15:22:40.667+00:00,14588.922,RX,peer_observation,00115F4F,1,5,01 00 00 4F 5F
2026-09-28T15:22:40.672+00:00,14593.690,RX,peer_observation,00019C70,1,7,01 00 00 0F 03 70 9C
2026-09-28T15:22:40.672+00:00,14593.963,RX,peer_observation,00119C70,1,5,01 00 00 70 9C
2026-09-28T15:22:40.677+00:00,14598.694,RX,peer_observation,0001D1AC,1,7,01 00 00 0F 03 AC D1
2026-09-28T15:22:40.677+00:00,14598.952,RX,peer_observation,0011D1AC,1,5,01 00 00 AC D1
2026-09-28T15:22:40.682+00:00,14603.684,RX,peer_observation,00010827,1,7,01 00 00 0F 03 27 08
2026-09-28T15:22:40.682+00:00,14603.927,RX,peer_observation,00110827,1,5,01 00 00 27 08
2026-09-28T15:22:40.687+00:00,14608.752,RX,peer_observation,00015B64,1,7,01 00 00 0F 03 64 5B
2026-09-28T15:22:40.687+00:00,14608.976,RX,peer_observation,00115B64,1,5,01 00 00 64 5B
2026-09-28T15:22:40.692+00:00,14613.760,RX,peer_observation,00012A32,1,7,01 00 00 0F 03 32 2A
2026-09-28T15:22:40.692+00:00,14614.056,RX,peer_observation,00112A32,1,5,01 00 00 32 2A
2026-09-28T15:22:40.697+00:00,14618.973,RX,peer_observation,0001A00B,1,7,01 00 00 0F 03 0B A0
2026-09-28T15:22:40.697+00:00,14619.057,RX,peer_observation,0011A00B,1,5,01 00 00 0B A0
2026-09-28T15:22:40.702+00:00,14623.964,RX,peer_observation,0001A214,1,7,01 00 00 0F 03 14 A2
2026-09-28T15:22:40.702+00:00,14624.058,RX,peer_observation,0011A214,1,5,01 00 00 14 A2
2026-09-28T15:22:40.707+00:00,14628.978,RX,peer_observation,00012B26,1,7,01 00 00 0F 03 26 2B
2026-09-28T15:22:40.707+00:00,14629.069,RX,peer_observation,00112B26,1,5,01 00 00 26 2B
2026-09-28T15:22:40.712+00:00,14633.895,RX,peer_observation,0001A62D,1,7,01 00 00 0F 03 2D A6
2026-09-28T15:22:40.712+00:00,14633.954,RX,peer_observation,0011A62D,1,5,01 00 00 2D A6
2026-09-28T15:22:40.717+00:00,14638.975,RX,peer_observation,00019441,1,7,01 00 00 0F 03 41 94
2026-09-28T15:22:40.717+00:00,14639.062,RX,peer_observation,00119441,1,5,01 00 00 41 94
2026-09-28T15:22:40.722+00:00,14643.897,RX,peer_observation,00011CFD,1,7,01 00 00 0F 03 FD 1C
2026-09-28T15:22:40.722+00:00,14643.955,RX,peer_observation,00111CFD,1,5,01 00 00 FD 1C
2026-09-28T15:22:40.727+00:00,14648.962,RX,peer_observation,00018146,1,7,01 00 00 0F 03 46 81
2026-09-28T15:22:40.727+00:00,14649.063,RX,peer_observation,00118146,1,5,01 00 00 46 81
2026-09-28T15:22:40.732+00:00,14653.931,RX,peer_observation,00013347,1,7,01 00 00 0F 03 47 33
2026-09-28T15:22:40.732+00:00,14653.997,RX,peer_observation,00113347,1,5,01 00 00 47 33
2026-09-28T15:22:40.737+00:00,14658.873,RX,peer_observation,0001F946,1,7,01 00 00 0F 03 46 F9
2026-09-28T15:22:40.737+00:00,14658.969,RX,peer_observation,0011F946,1,5,01 00 00 46 F9
2026-09-28T15:22:40.742+00:00,14663.851,RX,peer_observation,00010C07,1,7,01 00 00 0F 03 07 0C
2026-09-28T15:22:40.742+00:00,14663.921,RX,peer_observation,00110C07,1,5,01 00 00 07 0C
2026-09-28T15:22:40.747+00:00,14668.683,RX,peer_observation,0001CBD2,1,7,01 00 00 0F 03 D2 CB
2026-09-28T15:22:40.747+00:00,14668.919,RX,peer_observation,0011CBD2,1,5,01 00 00 D2 CB
2026-09-28T15:22:40.752+00:00,14673.731,RX,peer_observation,00012FD6,1,7,01 00 00 0F 03 D6 2F
2026-09-28T15:22:40.752+00:00,14673.926,RX,peer_observation,00112FD6,1,5,01 00 00 D6 2F
2026-09-28T15:22:40.757+00:00,14678.777,RX,peer_observation,0001A8A0,1,7,01 00 00 0F 03 A0 A8
2026-09-28T15:22:40.757+00:00,14678.981,RX,peer_observation,0011A8A0,1,5,01 00 00 A0 A8
2026-09-28T15:22:40.762+00:00,14683.720,RX,peer_observation,00015028,1,7,01 00 00 0F 03 28 50
2026-09-28T15:22:40.762+00:00,14683.919,RX,peer_observation,00115028,1,5,01 00 00 28 50
2026-09-28T15:22:40.767+00:00,14688.802,RX,peer_observation,00019105,1,7,01 00 00 0F 03 05 91
2026-09-28T15:22:40.767+00:00,14688.925,RX,peer_observation,00119105,1,5,01 00 00 05 91
2026-09-28T15:22:40.772+00:00,14693.808,RX,peer_observation,00010F8E,1,7,01 00 00 0F 03 8E 0F
2026-09-28T15:22:40.772+00:00,14693.855,RX,peer_observation,00110F8E,1,5,01 00 00 8E 0F
2026-09-28T15:22:40.777+00:00,14698.904,RX,peer_observation,00011494,1,7,01 00 00 0F 03 94 14
2026-09-28T15:22:40.777+00:00,14699.001,RX,peer_observation,00111494,1,5,01 00 00 94 14
2026-09-28T15:22:40.782+00:00,14703.818,RX,peer_observation,00015EE6,1,7,01 00 00 0F 03 E6 5E
2026-09-28T15:22:40.782+00:00,14703.891,RX,peer_observation,00115EE6,1,5,01 00 00 E6 5E
2026-09-28T15:22:40.787+00:00,14708.803,RX,peer_observation,000133DC,1,7,01 00 00 0F 03 DC 33
2026-09-28T15:22:40.787+00:00,14708.896,RX,peer_observation,001133DC,1,5,01 00 00 DC 33
2026-09-28T15:22:40.792+00:00,14713.854,RX,peer_observation,0001141A,1,7,01 00 00 0F 03 1A 14
2026-09-28T15:22:40.792+00:00,14713.934,RX,peer_observation,0011141A,1,5,01 00 00 1A 14
2026-09-28T15:22:40.797+00:00,14718.683,RX,peer_observation,00015C1B,1,7,01 00 00 0F 03 1B 5C
2026-09-28T15:22:40.797+00:00,14718.928,RX,peer_observation,00115C1B,1,5,01 00 00 1B 5C
2026-09-28T15:22:40.802+00:00,14723.739,RX,peer_observation,000189DE,1,7,01 00 00 0F 03 DE 89
2026-09-28T15:22:40.802+00:00,14723.926,RX,peer_observation,001189DE,1,5,01 00 00 DE 89
2026-09-28T15:22:40.806+00:00,14728.677,RX,peer_observation,00015468,1,7,01 00 00 0F 03 68 54
2026-09-28T15:22:40.807+00:00,14728.918,RX,peer_observation,00115468,1,5,01 00 00 68 54
2026-09-28T15:22:40.812+00:00,14733.680,RX,peer_observation,00014C8B,1,7,01 00 00 0F 03 8B 4C
2026-09-28T15:22:40.812+00:00,14733.925,RX,peer_observation,00114C8B,1,5,01 00 00 8B 4C
2026-09-28T15:22:40.817+00:00,14738.683,RX,peer_observation,00015C96,1,7,01 00 00 0F 03 96 5C
2026-09-28T15:22:40.817+00:00,14738.927,RX,peer_observation,00115C96,1,5,01 00 00 96 5C
2026-09-28T15:22:40.822+00:00,14743.682,RX,peer_observation,0001730B,1,7,01 00 00 0F 03 0B 73
2026-09-28T15:22:40.822+00:00,14743.922,RX,peer_observation,0011730B,1,5,01 00 00 0B 73
2026-09-28T15:22:40.827+00:00,14748.683,RX,peer_observation,00018BE5,1,7,01 00 00 0F 03 E5 8B
2026-09-28T15:22:40.827+00:00,14748.924,RX,peer_observation,00118BE5,1,5,01 00 00 E5 8B
2026-09-28T15:22:40.831+00:00,14753.679,RX,peer_observation,00012F74,1,7,01 00 00 0F 03 74 2F
2026-09-28T15:22:40.832+00:00,14753.927,RX,peer_observation,00112F74,1,5,01 00 00 74 2F
2026-09-28T15:22:40.836+00:00,14758.680,RX,peer_observation,0001B940,1,7,01 00 00 0F 03 40 B9
2026-09-28T15:22:40.837+00:00,14758.977,RX,peer_observation,0011B940,1,5,01 00 00 40 B9
2026-09-28T15:22:40.842+00:00,14763.751,RX,peer_observation,000129C3,1,7,01 00 00 0F 03 C3 29
2026-09-28T15:22:40.842+00:00,14763.927,RX,peer_observation,001129C3,1,5,01 00 00 C3 29
2026-09-28T15:22:40.847+00:00,14768.952,RX,peer_observation,0001CC8E,1,7,01 00 00 0F 03 8E CC
2026-09-28T15:22:40.847+00:00,14769.036,RX,peer_observation,0011CC8E,1,5,01 00 00 8E CC
2026-09-28T15:22:40.852+00:00,14773.918,RX,peer_observation,00017FD1,1,7,01 00 00 0F 03 D1 7F
2026-09-28T15:22:40.852+00:00,14774.007,RX,peer_observation,00117FD1,1,5,01 00 00 D1 7F
2026-09-28T15:22:40.857+00:00,14778.831,RX,peer_observation,0001E867,1,7,01 00 00 0F 03 67 E8
2026-09-28T15:22:40.857+00:00,14779.036,RX,peer_observation,0011E867,1,5,01 00 00 67 E8
2026-09-28T15:22:40.862+00:00,14783.686,RX,peer_observation,0001A080,1,7,01 00 00 0F 03 80 A0
2026-09-28T15:22:40.862+00:00,14783.930,RX,peer_observation,0011A080,1,5,01 00 00 80 A0
2026-09-28T15:22:40.867+00:00,14788.834,RX,peer_observation,0001252D,1,7,01 00 00 0F 03 2D 25
2026-09-28T15:22:40.867+00:00,14788.940,RX,peer_observation,0011252D,1,5,01 00 00 2D 25
2026-09-28T15:22:40.872+00:00,14793.835,RX,peer_observation,00012CAC,1,7,01 00 00 0F 03 AC 2C
2026-09-28T15:22:40.872+00:00,14793.880,RX,peer_observation,00112CAC,1,5,01 00 00 AC 2C
2026-09-28T15:22:40.877+00:00,14798.833,RX,peer_observation,00016259,1,7,01 00 00 0F 03 59 62
2026-09-28T15:22:40.877+00:00,14798.944,RX,peer_observation,00116259,1,5,01 00 00 59 62
2026-09-28T15:22:40.882+00:00,14803.841,RX,peer_observation,0001F363,1,7,01 00 00 0F 03 63 F3
2026-09-28T15:22:40.882+00:00,14803.919,RX,peer_observation,0011F363,1,5,01 00 00 63 F3
2026-09-28T15:22:40.887+00:00,14808.889,RX,peer_observation,00012074,1,7,01 00 00 0F 03 74 20
2026-09-28T15:22:40.887+00:00,14809.013,RX,peer_observation,00112074,1,5,01 00 00 74 20
2026-09-28T15:22:40.892+00:00,14813.838,RX,peer_observation,0001177D,1,7,01 00 00 0F 03 7D 17
2026-09-28T15:22:40.892+00:00,14813.932,RX,peer_observation,0011177D,1,5,01 00 00 7D 17
2026-09-28T15:22:40.897+00:00,14818.685,RX,peer_observation,0001861E,1,7,01 00 00 0F 03 1E 86
2026-09-28T15:22:40.897+00:00,14818.924,RX,peer_observation,0011861E,1,5,01 00 00 1E 86
2026-09-28T15:22:40.902+00:00,14823.683,RX,peer_observation,0001AF78,1,7,01 00 00 0F 03 78 AF
2026-09-28T15:22:40.902+00:00,14823.934,RX,peer_observation,0011AF78,1,5,01 00 00 78 AF
2026-09-28T15:22:40.907+00:00,14828.719,RX,peer_observation,0001800E,1,7,01 00 00 0F 03 0E 80
2026-09-28T15:22:40.907+00:00,14828.939,RX,peer_observation,0011800E,1,5,01 00 00 0E 80
2026-09-28T15:22:40.912+00:00,14833.683,RX,peer_observation,0001C953,1,7,01 00 00 0F 03 53 C9
2026-09-28T15:22:40.912+00:00,14833.926,RX,peer_observation,0011C953,1,5,01 00 00 53 C9
2026-09-28T15:22:40.917+00:00,14838.725,RX,peer_observation,0001C3EA,1,7,01 00 00 0F 03 EA C3
2026-09-28T15:22:40.917+00:00,14838.900,RX,peer_observation,0011C3EA,1,5,01 00 00 EA C3
2026-09-28T15:22:40.922+00:00,14843.721,RX,peer_observation,000126B9,1,7,01 00 00 0F 03 B9 26
2026-09-28T15:22:40.922+00:00,14843.969,RX,peer_observation,001126B9,1,5,01 00 00 B9 26
2026-09-28T15:22:40.927+00:00,14848.684,RX,peer_observation,0001B374,1,7,01 00 00 0F 03 74 B3
2026-09-28T15:22:40.927+00:00,14848.924,RX,peer_observation,0011B374,1,5,01 00 00 74 B3
2026-09-28T15:22:40.932+00:00,14853.697,RX,peer_observation,000176B6,1,7,01 00 00 0F 03 B6 76
2026-09-28T15:22:40.932+00:00,14853.941,RX,peer_observation,001176B6,1,5,01 00 00 B6 76
2026-09-28T15:22:40.936+00:00,14858.670,RX,peer_observation,0001A550,1,7,01 00 00 0F 03 50 A5
2026-09-28T15:22:40.937+00:00,14858.917,RX,peer_observation,0011A550,1,5,01 00 00 50 A5
2026-09-28T15:22:40.942+00:00,14863.697,RX,peer_observation,0001C8D4,1,7,01 00 00 0F 03 D4 C8
2026-09-28T15:22:40.942+00:00,14863.917,RX,peer_observation,0011C8D4,1,5,01 00 00 D4 C8
2026-09-28T15:22:40.947+00:00,14868.835,RX,peer_observation,00015E7F,1,7,01 00 00 0F 03 7F 5E
2026-09-28T15:22:40.947+00:00,14868.881,RX,peer_observation,00115E7F,1,5,01 00 00 7F 5E
2026-09-28T15:22:40.951+00:00,14873.662,RX,peer_observation,0001A24A,1,7,01 00 00 0F 03 4A A2
2026-09-28T15:22:40.952+00:00,14874.009,RX,peer_observation,0011A24A,1,5,01 00 00 4A A2
2026-09-28T15:22:40.956+00:00,14878.670,RX,peer_observation,0001E337,1,7,01 00 00 0F 03 37 E3
2026-09-28T15:22:40.957+00:00,14878.895,RX,peer_observation,0011E337,1,5,01 00 00 37 E3
2026-09-28T15:22:40.962+00:00,14883.717,RX,peer_observation,000168AB,1,7,01 00 00 0F 03 AB 68
2026-09-28T15:22:40.962+00:00,14883.888,RX,peer_observation,001168AB,1,5,01 00 00 AB 68
2026-09-28T15:22:40.967+00:00,14888.695,RX,peer_observation,00010BC0,1,7,01 00 00 0F 03 C0 0B
2026-09-28T15:22:40.967+00:00,14888.939,RX,peer_observation,00110BC0,1,5,01 00 00 C0 0B
2026-09-28T15:22:40.972+00:00,14893.749,RX,peer_observation,0001FA33,1,7,01 00 00 0F 03 33 FA
2026-09-28T15:22:40.972+00:00,14893.990,RX,peer_observation,0011FA33,1,5,01 00 00 33 FA
2026-09-28T15:22:40.977+00:00,14898.750,RX,peer_observation,0001718C,1,7,01 00 00 0F 03 8C 71
2026-09-28T15:22:40.977+00:00,14898.934,RX,peer_observation,0011718C,1,5,01 00 00 8C 71
2026-09-28T15:22:40.982+00:00,14903.752,RX,peer_observation,0001929F,1,7,01 00 00 0F 03 9F 92
2026-09-28T15:22:40.982+00:00,14903.942,RX,peer_observation,0011929F,1,5,01 00 00 9F 92
2026-09-28T15:22:40.987+00:00,14908.736,RX,peer_observation,00019A92,1,7,01 00 00 0F 03 92 9A
2026-09-28T15:22:40.987+00:00,14908.960,RX,peer_observation,00119A92,1,5,01 00 00 92 9A
2026-09-28T15:22:40.992+00:00,14913.733,RX,peer_observation,00013C3C,1,7,01 00 00 0F 03 3C 3C
2026-09-28T15:22:40.992+00:00,14913.934,RX,peer_observation,00113C3C,1,5,01 00 00 3C 3C
2026-09-28T15:22:40.997+00:00,14918.835,RX,peer_observation,000188BB,1,7,01 00 00 0F 03 BB 88
2026-09-28T15:22:40.997+00:00,14918.880,RX,peer_observation,001188BB,1,5,01 00 00 BB 88
2026-09-28T15:22:41.002+00:00,14923.814,RX,peer_observation,0001DB8C,1,7,01 00 00 0F 03 8C DB
2026-09-28T15:22:41.002+00:00,14923.867,RX,peer_observation,0011DB8C,1,5,01 00 00 8C DB
2026-09-28T15:22:41.007+00:00,14928.837,RX,peer_observation,0001E0EB,1,7,01 00 00 0F 03 EB E0
2026-09-28T15:22:41.007+00:00,14928.882,RX,peer_observation,0011E0EB,1,5,01 00 00 EB E0
2026-09-28T15:22:41.012+00:00,14933.816,RX,peer_observation,0001E8B5,1,7,01 00 00 0F 03 B5 E8
2026-09-28T15:22:41.012+00:00,14933.861,RX,peer_observation,0011E8B5,1,5,01 00 00 B5 E8
2026-09-28T15:22:41.017+00:00,14938.837,RX,peer_observation,0001C4DE,1,7,01 00 00 0F 03 DE C4
2026-09-28T15:22:41.017+00:00,14938.881,RX,peer_observation,0011C4DE,1,5,01 00 00 DE C4
2026-09-28T15:22:41.022+00:00,14943.682,RX,peer_observation,00012092,1,7,01 00 00 0F 03 92 20
2026-09-28T15:22:41.022+00:00,14943.910,RX,peer_observation,00112092,1,5,01 00 00 92 20
2026-09-28T15:22:41.027+00:00,14948.837,RX,peer_observation,000144F5,1,7,01 00 00 0F 03 F5 44
2026-09-28T15:22:41.027+00:00,14948.881,RX,peer_observation,001144F5,1,5,01 00 00 F5 44
2026-09-28T15:22:41.032+00:00,14953.811,RX,peer_observation,00011C1F,1,7,01 00 00 0F 03 1F 1C
2026-09-28T15:22:41.032+00:00,14953.867,RX,peer_observation,00111C1F,1,5,01 00 00 1F 1C
2026-09-28T15:22:41.037+00:00,14958.862,RX,peer_observation,000122B1,1,7,01 00 00 0F 03 B1 22
2026-09-28T15:22:41.037+00:00,14958.986,RX,peer_observation,001122B1,1,5,01 00 00 B1 22
2026-09-28T15:22:41.042+00:00,14963.823,RX,peer_observation,00010399,1,7,01 00 00 0F 03 99 03
2026-09-28T15:22:41.042+00:00,14963.869,RX,peer_observation,00110399,1,5,01 00 00 99 03
2026-09-28T15:22:41.047+00:00,14968.796,RX,peer_observation,00012E60,1,7,01 00 00 0F 03 60 2E
2026-09-28T15:22:41.047+00:00,14968.923,RX,peer_observation,00112E60,1,5,01 00 00 60 2E
2026-09-28T15:22:41.052+00:00,14973.836,RX,peer_observation,00017388,1,7,01 00 00 0F 03 88 73
2026-09-28T15:22:41.052+00:00,14973.882,RX,peer_observation,00117388,1,5,01 00 00 88 73
2026-09-28T15:22:41.057+00:00,14978.774,RX,peer_observation,0001264C,1,7,01 00 00 0F 03 4C 26
2026-09-28T15:22:41.057+00:00,14978.851,RX,peer_observation,0011264C,1,5,01 00 00 4C 26
2026-09-28T15:22:41.062+00:00,14983.829,RX,peer_observation,0001F891,1,7,01 00 00 0F 03 91 F8
2026-09-28T15:22:41.062+00:00,14983.874,RX,peer_observation,0011F891,1,5,01 00 00 91 F8
2026-09-28T15:22:41.067+00:00,14988.679,RX,peer_observation,0001AF74,1,7,01 00 00 0F 03 74 AF
2026-09-28T15:22:41.067+00:00,14988.923,RX,peer_observation,0011AF74,1,5,01 00 00 74 AF
2026-09-28T15:22:41.072+00:00,14993.712,RX,peer_observation,0001B7B7,1,7,01 00 00 0F 03 B7 B7
2026-09-28T15:22:41.072+00:00,14993.882,RX,peer_observation,0011B7B7,1,5,01 00 00 B7 B7
2026-09-28T15:22:41.077+00:00,14998.680,RX,peer_observation,0001D38F,1,7,01 00 00 0F 03 8F D3
2026-09-28T15:22:41.077+00:00,14998.875,RX,peer_observation,0011D38F,1,5,01 00 00 8F D3
2026-09-28T15:22:41.079+00:00,15001.529,TX,peer_00005_short,0012C82D,1,5,01 00 00 2D C8
2026-09-28T15:22:41.082+00:00,15003.747,RX,peer_observation,0001DB7C,1,7,01 00 00 0F 03 7C DB
2026-09-28T15:22:41.082+00:00,15004.082,RX,peer_observation,0011DB7C,1,5,01 00 00 7C DB
2026-09-28T15:22:41.087+00:00,15008.740,RX,peer_observation,000105E9,1,7,01 00 00 0F 03 E9 05
2026-09-28T15:22:41.087+00:00,15008.861,RX,peer_observation,001105E9,1,5,01 00 00 E9 05
2026-09-28T15:22:41.088+00:00,15010.606,RX,peer_observation,103C0401,1,4,00 00 00 01
2026-09-28T15:22:41.089+00:00,15010.989,RX,peer_observation,103C0481,1,8,00 00 00 00 00 10 63 14
2026-09-28T15:22:41.092+00:00,15013.838,RX,peer_observation,0001C707,1,7,01 00 00 0F 03 07 C7
2026-09-28T15:22:41.092+00:00,15013.887,RX,peer_observation,0011C707,1,5,01 00 00 07 C7
2026-09-28T15:22:41.094+00:00,15015.877,RX,peer_observation,103C0401,1,4,00 00 00 01
2026-09-28T15:22:41.094+00:00,15016.100,RX,peer_observation,103C0481,1,8,00 00 00 00 00 10 62 14
2026-09-28T15:22:41.097+00:00,15018.780,RX,peer_observation,0001CC5C,1,7,01 00 00 0F 03 5C CC
2026-09-28T15:22:41.097+00:00,15018.859,RX,peer_observation,0011CC5C,1,5,01 00 00 5C CC
2026-09-28T15:22:41.099+00:00,15020.752,RX,peer_observation,103C0401,1,4,00 00 00 01
2026-09-28T15:22:41.099+00:00,15020.911,RX,peer_observation,103C0481,1,8,00 00 00 00 00 10 63 14
2026-09-28T15:22:41.102+00:00,15023.876,RX,peer_observation,0001072C,1,7,01 00 00 0F 03 2C 07
2026-09-28T15:22:41.102+00:00,15024.020,RX,peer_observation,0011072C,1,5,01 00 00 2C 07
2026-09-28T15:22:41.104+00:00,15025.792,RX,peer_observation,103C0401,1,4,00 00 00 01
2026-09-28T15:22:41.104+00:00,15026.012,RX,peer_observation,103C0481,1,8,00 00 00 00 00 10 63 14
2026-09-28T15:22:41.107+00:00,15028.893,RX,peer_observation,00013F76,1,7,01 00 00 0F 03 76 3F
2026-09-28T15:22:41.107+00:00,15028.956,RX,peer_observation,00113F76,1,5,01 00 00 76 3F
2026-09-28T15:22:41.108+00:00,15030.630,RX,peer_observation,103C0401,1,4,00 00 00 01
2026-09-28T15:22:41.109+00:00,15030.879,RX,peer_observation,103C0481,1,8,00 00 00 00 00 10 62 14
2026-09-28T15:22:41.112+00:00,15033.822,RX,peer_observation,00015E12,1,7,01 00 00 0F 03 12 5E
2026-09-28T15:22:41.112+00:00,15033.909,RX,peer_observation,00115E12,1,5,01 00 00 12 5E
2026-09-28T15:22:41.114+00:00,15035.835,RX,peer_observation,103C0401,1,4,00 00 00 01
2026-09-28T15:22:41.114+00:00,15035.991,RX,peer_observation,103C0481,1,8,00 00 00 00 00 10 62 14
2026-09-28T15:22:41.117+00:00,15038.878,RX,peer_observation,00016886,1,7,01 00 00 0F 03 86 68
2026-09-28T15:22:41.117+00:00,15038.956,RX,peer_observation,00116886,1,5,01 00 00 86 68
2026-09-28T15:22:41.119+00:00,15040.887,RX,peer_observation,103C0401,1,4,00 00 00 01
2026-09-28T15:22:41.119+00:00,15041.075,RX,peer_observation,103C0481,1,8,00 00 00 00 00 10 63 14
2026-09-28T15:22:41.122+00:00,15043.740,RX,peer_observation,0001CCCC,1,7,01 00 00 0F 03 CC CC
2026-09-28T15:22:41.122+00:00,15043.956,RX,peer_observation,0011CCCC,1,5,01 00 00 CC CC
2026-09-28T15:22:41.124+00:00,15045.727,RX,peer_observation,103C0401,1,4,00 00 00 01
2026-09-28T15:22:41.124+00:00,15045.939,RX,peer_observation,103C0481,1,8,00 00 00 00 00 10 63 14
2026-09-28T15:22:41.127+00:00,15048.724,RX,peer_observation,0001B629,1,7,01 00 00 0F 03 29 B6
2026-09-28T15:22:41.127+00:00,15048.845,RX,peer_observation,0011B629,1,5,01 00 00 29 B6
2026-09-28T15:22:41.128+00:00,15050.637,RX,peer_observation,103C0401,1,4,00 00 00 01
2026-09-28T15:22:41.129+00:00,15050.813,RX,peer_observation,103C0481,1,8,00 00 00 00 00 10 62 14
2026-09-28T15:22:41.132+00:00,15053.831,RX,peer_observation,0001F315,1,7,01 00 00 0F 03 15 F3
2026-09-28T15:22:41.132+00:00,15053.917,RX,peer_observation,0011F315,1,5,01 00 00 15 F3
2026-09-28T15:22:41.134+00:00,15055.871,RX,peer_observation,103C0401,1,4,00 00 00 01
2026-09-28T15:22:41.134+00:00,15056.073,RX,peer_observation,103C0481,1,8,00 00 00 00 00 10 62 14
2026-09-28T15:22:41.137+00:00,15058.850,RX,peer_observation,0001AB8C,1,7,01 00 00 0F 03 8C AB
2026-09-28T15:22:41.137+00:00,15058.989,RX,peer_observation,0011AB8C,1,5,01 00 00 8C AB
2026-09-28T15:22:41.138+00:00,15060.625,RX,peer_observation,103C0401,1,4,00 00 00 01
2026-09-28T15:22:41.139+00:00,15060.958,RX,peer_observation,103C0481,1,8,00 00 00 00 00 10 63 14
2026-09-28T15:22:41.142+00:00,15063.876,RX,peer_observation,0001B01F,1,7,01 00 00 0F 03 1F B0
2026-09-28T15:22:41.142+00:00,15063.980,RX,peer_observation,0011B01F,1,5,01 00 00 1F B0
2026-09-28T15:22:41.144+00:00,15065.784,RX,peer_observation,103C0401,1,4,00 00 00 01
2026-09-28T15:22:41.144+00:00,15065.943,RX,peer_observation,103C0481,1,8,00 00 00 00 00 10 63 14
2026-09-28T15:22:41.146+00:00,15068.635,RX,peer_observation,0001A07C,1,7,01 00 00 0F 03 7C A0
2026-09-28T15:22:41.147+00:00,15068.878,RX,peer_observation,0011A07C,1,5,01 00 00 7C A0
2026-09-28T15:22:41.148+00:00,15070.631,RX,peer_observation,103C0401,1,4,00 00 00 01
2026-09-28T15:22:41.149+00:00,15070.859,RX,peer_observation,103C0481,1,8,00 00 00 00 00 10 63 14
2026-09-28T15:22:41.152+00:00,15073.744,RX,peer_observation,0001680D,1,7,01 00 00 0F 03 0D 68
2026-09-28T15:22:41.152+00:00,15073.908,RX,peer_observation,0011680D,1,5,01 00 00 0D 68
2026-09-28T15:22:41.154+00:00,15075.776,RX,peer_observation,103C0401,1,4,00 00 00 01
2026-09-28T15:22:41.154+00:00,15076.055,RX,peer_observation,103C0481,1,8,00 00 00 00 00 10 63 14
2026-09-28T15:22:41.157+00:00,15078.710,RX,peer_observation,00016004,1,7,01 00 00 0F 03 04 60
2026-09-28T15:22:41.157+00:00,15078.961,RX,peer_observation,00116004,1,5,01 00 00 04 60
2026-09-28T15:22:41.159+00:00,15080.674,RX,peer_observation,103C0401,1,4,00 00 00 01
2026-09-28T15:22:41.159+00:00,15080.806,RX,peer_observation,103C0481,1,8,00 00 00 00 00 10 63 14
2026-09-28T15:22:41.161+00:00,15083.636,RX,peer_observation,0001B88A,1,7,01 00 00 0F 03 8A B8
2026-09-28T15:22:41.162+00:00,15083.885,RX,peer_observation,0011B88A,1,5,01 00 00 8A B8
2026-09-28T15:22:41.163+00:00,15085.632,RX,peer_observation,103C0401,1,4,00 00 00 01
2026-09-28T15:22:41.164+00:00,15085.975,RX,peer_observation,103C0481,1,8,00 00 00 00 00 10 63 14
2026-09-28T15:22:41.166+00:00,15088.640,RX,peer_observation,0001B922,1,7,01 00 00 0F 03 22 B9
2026-09-28T15:22:41.167+00:00,15088.889,RX,peer_observation,0011B922,1,5,01 00 00 22 B9
2026-09-28T15:22:41.168+00:00,15090.638,RX,peer_observation,103C0401,1,4,00 00 00 01
2026-09-28T15:22:41.169+00:00,15090.924,RX,peer_observation,103C0481,1,8,00 00 00 00 00 10 63 14
2026-09-28T15:22:41.172+00:00,15093.744,RX,peer_observation,000103A4,1,7,01 00 00 0F 03 A4 03
2026-09-28T15:22:41.172+00:00,15093.978,RX,peer_observation,001103A4,1,5,01 00 00 A4 03
2026-09-28T15:22:41.176+00:00,15098.669,RX,peer_observation,000148D8,1,7,01 00 00 0F 03 D8 48
2026-09-28T15:22:41.177+00:00,15098.892,RX,peer_observation,001148D8,1,5,01 00 00 D8 48
2026-09-28T15:22:41.182+00:00,15103.685,RX,peer_observation,0001CAD3,1,7,01 00 00 0F 03 D3 CA
2026-09-28T15:22:41.182+00:00,15103.918,RX,peer_observation,0011CAD3,1,5,01 00 00 D3 CA
2026-09-28T15:22:41.187+00:00,15108.774,RX,peer_observation,0001AEA5,1,7,01 00 00 0F 03 A5 AE
2026-09-28T15:22:41.187+00:00,15108.953,RX,peer_observation,0011AEA5,1,5,01 00 00 A5 AE
2026-09-28T15:22:41.192+00:00,15113.731,RX,peer_observation,000114CE,1,7,01 00 00 0F 03 CE 14
2026-09-28T15:22:41.192+00:00,15113.963,RX,peer_observation,001114CE,1,5,01 00 00 CE 14
2026-09-28T15:22:41.197+00:00,15118.863,RX,peer_observation,0001F432,1,7,01 00 00 0F 03 32 F4
2026-09-28T15:22:41.197+00:00,15118.919,RX,peer_observation,0011F432,1,5,01 00 00 32 F4
2026-09-28T15:22:41.202+00:00,15123.931,RX,peer_observation,0001E7A5,1,7,01 00 00 0F 03 A5 E7
2026-09-28T15:22:41.202+00:00,15124.019,RX,peer_observation,0011E7A5,1,5,01 00 00 A5 E7
2026-09-28T15:22:41.206+00:00,15128.663,RX,peer_observation,0001C2B1,1,7,01 00 00 0F 03 B1 C2
2026-09-28T15:22:41.207+00:00,15128.920,RX,peer_observation,0011C2B1,1,5,01 00 00 B1 C2
2026-09-28T15:22:41.212+00:00,15133.874,RX,peer_observation,0001E932,1,7,01 00 00 0F 03 32 E9
2026-09-28T15:22:41.212+00:00,15133.963,RX,peer_observation,0011E932,1,5,01 00 00 32 E9
2026-09-28T15:22:41.217+00:00,15138.879,RX,peer_observation,0001F837,1,7,01 00 00 0F 03 37 F8
2026-09-28T15:22:41.217+00:00,15138.955,RX,peer_observation,0011F837,1,5,01 00 00 37 F8
2026-09-28T15:22:41.222+00:00,15143.938,RX,peer_observation,000192DA,1,7,01 00 00 0F 03 DA 92
2026-09-28T15:22:41.222+00:00,15144.029,RX,peer_observation,001192DA,1,5,01 00 00 DA 92
2026-09-28T15:22:41.227+00:00,15148.903,RX,peer_observation,0001612C,1,7,01 00 00 0F 03 2C 61
2026-09-28T15:22:41.227+00:00,15148.978,RX,peer_observation,0011612C,1,5,01 00 00 2C 61
2026-09-28T15:22:41.232+00:00,15153.879,RX,peer_observation,00018E49,1,7,01 00 00 0F 03 49 8E
2026-09-28T15:22:41.232+00:00,15153.967,RX,peer_observation,00118E49,1,5,01 00 00 49 8E
2026-09-28T15:22:41.237+00:00,15158.891,RX,peer_observation,0001FD77,1,7,01 00 00 0F 03 77 FD
2026-09-28T15:22:41.237+00:00,15158.972,RX,peer_observation,0011FD77,1,5,01 00 00 77 FD
2026-09-28T15:22:41.242+00:00,15163.735,RX,peer_observation,00010F78,1,7,01 00 00 0F 03 78 0F
2026-09-28T15:22:41.242+00:00,15163.900,RX,peer_observation,00110F78,1,5,01 00 00 78 0F
2026-09-28T15:22:41.247+00:00,15168.703,RX,peer_observation,0001AB0D,1,7,01 00 00 0F 03 0D AB
2026-09-28T15:22:41.247+00:00,15169.012,RX,peer_observation,0011AB0D,1,5,01 00 00 0D AB
2026-09-28T15:22:41.252+00:00,15173.687,RX,peer_observation,00019147,1,7,01 00 00 0F 03 47 91
2026-09-28T15:22:41.252+00:00,15173.960,RX,peer_observation,00119147,1,5,01 00 00 47 91
2026-09-28T15:22:41.257+00:00,15178.690,RX,peer_observation,0001B71F,1,7,01 00 00 0F 03 1F B7
2026-09-28T15:22:41.257+00:00,15179.000,RX,peer_observation,0011B71F,1,5,01 00 00 1F B7
2026-09-28T15:22:41.262+00:00,15183.674,RX,peer_observation,0001B877,1,7,01 00 00 0F 03 77 B8
2026-09-28T15:22:41.262+00:00,15184.025,RX,peer_observation,0011B877,1,5,01 00 00 77 B8
2026-09-28T15:22:41.267+00:00,15188.692,RX,peer_observation,0001F4E8,1,7,01 00 00 0F 03 E8 F4
2026-09-28T15:22:41.267+00:00,15189.017,RX,peer_observation,0011F4E8,1,5,01 00 00 E8 F4
2026-09-28T15:22:41.272+00:00,15193.903,RX,peer_observation,0001F1BC,1,7,01 00 00 0F 03 BC F1
2026-09-28T15:22:41.272+00:00,15193.994,RX,peer_observation,0011F1BC,1,5,01 00 00 BC F1
2026-09-28T15:22:41.277+00:00,15198.967,RX,peer_observation,00010CF2,1,7,01 00 00 0F 03 F2 0C
2026-09-28T15:22:41.277+00:00,15199.040,RX,peer_observation,00110CF2,1,5,01 00 00 F2 0C
2026-09-28T15:22:41.282+00:00,15203.890,RX,peer_observation,00015A47,1,7,01 00 00 0F 03 47 5A
2026-09-28T15:22:41.282+00:00,15203.974,RX,peer_observation,00115A47,1,5,01 00 00 47 5A
2026-09-28T15:22:41.287+00:00,15208.754,RX,peer_observation,00017D4B,1,7,01 00 00 0F 03 4B 7D
2026-09-28T15:22:41.287+00:00,15208.924,RX,peer_observation,00117D4B,1,5,01 00 00 4B 7D
2026-09-28T15:22:41.292+00:00,15213.923,RX,peer_observation,0001D2F8,1,7,01 00 00 0F 03 F8 D2
2026-09-28T15:22:41.292+00:00,15214.006,RX,peer_observation,0011D2F8,1,5,01 00 00 F8 D2
2026-09-28T15:22:41.297+00:00,15218.903,RX,peer_observation,000122FD,1,7,01 00 00 0F 03 FD 22
2026-09-28T15:22:41.297+00:00,15219.000,RX,peer_observation,001122FD,1,5,01 00 00 FD 22
2026-09-28T15:22:41.302+00:00,15223.821,RX,peer_observation,00016914,1,7,01 00 00 0F 03 14 69
2026-09-28T15:22:41.302+00:00,15223.883,RX,peer_observation,00116914,1,5,01 00 00 14 69
2026-09-28T15:22:41.307+00:00,15228.889,RX,peer_observation,0001CECB,1,7,01 00 00 0F 03 CB CE
2026-09-28T15:22:41.307+00:00,15228.984,RX,peer_observation,0011CECB,1,5,01 00 00 CB CE
2026-09-28T15:22:41.312+00:00,15233.856,RX,peer_observation,00015432,1,7,01 00 00 0F 03 32 54
2026-09-28T15:22:41.312+00:00,15233.936,RX,peer_observation,00115432,1,5,01 00 00 32 54
2026-09-28T15:22:41.317+00:00,15238.917,RX,peer_observation,00016704,1,7,01 00 00 0F 03 04 67
2026-09-28T15:22:41.317+00:00,15238.999,RX,peer_observation,00116704,1,5,01 00 00 04 67
2026-09-28T15:22:41.322+00:00,15243.887,RX,peer_observation,00016BC6,1,7,01 00 00 0F 03 C6 6B
2026-09-28T15:22:41.322+00:00,15243.981,RX,peer_observation,00116BC6,1,5,01 00 00 C6 6B
2026-09-28T15:22:41.327+00:00,15248.912,RX,peer_observation,000175DD,1,7,01 00 00 0F 03 DD 75
2026-09-28T15:22:41.327+00:00,15248.983,RX,peer_observation,001175DD,1,5,01 00 00 DD 75
2026-09-28T15:22:41.332+00:00,15253.858,RX,peer_observation,00016F67,1,7,01 00 00 0F 03 67 6F
2026-09-28T15:22:41.332+00:00,15253.924,RX,peer_observation,00116F67,1,5,01 00 00 67 6F
2026-09-28T15:22:41.337+00:00,15258.858,RX,peer_observation,00019BBD,1,7,01 00 00 0F 03 BD 9B
2026-09-28T15:22:41.337+00:00,15258.940,RX,peer_observation,00119BBD,1,5,01 00 00 BD 9B
2026-09-28T15:22:41.342+00:00,15263.862,RX,peer_observation,000133C9,1,7,01 00 00 0F 03 C9 33
2026-09-28T15:22:41.342+00:00,15263.925,RX,peer_observation,001133C9,1,5,01 00 00 C9 33
2026-09-28T15:22:41.347+00:00,15268.766,RX,peer_observation,00017E65,1,7,01 00 00 0F 03 65 7E
2026-09-28T15:22:41.347+00:00,15268.846,RX,peer_observation,00117E65,1,5,01 00 00 65 7E
2026-09-28T15:22:41.352+00:00,15273.890,RX,peer_observation,0001B303,1,7,01 00 00 0F 03 03 B3
2026-09-28T15:22:41.352+00:00,15273.951,RX,peer_observation,0011B303,1,5,01 00 00 03 B3
2026-09-28T15:22:41.357+00:00,15278.712,RX,peer_observation,0001F5C4,1,7,01 00 00 0F 03 C4 F5
2026-09-28T15:22:41.357+00:00,15278.981,RX,peer_observation,0011F5C4,1,5,01 00 00 C4 F5
2026-09-28T15:22:41.362+00:00,15283.875,RX,peer_observation,00014191,1,7,01 00 00 0F 03 91 41
2026-09-28T15:22:41.362+00:00,15283.962,RX,peer_observation,00114191,1,5,01 00 00 91 41
2026-09-28T15:22:41.367+00:00,15288.718,RX,peer_observation,0001010E,1,7,01 00 00 0F 03 0E 01
2026-09-28T15:22:41.367+00:00,15288.988,RX,peer_observation,0011010E,1,5,01 00 00 0E 01
2026-09-28T15:22:41.371+00:00,15293.667,RX,peer_observation,00011E41,1,7,01 00 00 0F 03 41 1E
2026-09-28T15:22:41.372+00:00,15293.910,RX,peer_observation,00111E41,1,5,01 00 00 41 1E
2026-09-28T15:22:41.376+00:00,15298.666,RX,peer_observation,00012648,1,7,01 00 00 0F 03 48 26
2026-09-28T15:22:41.377+00:00,15298.913,RX,peer_observation,00112648,1,5,01 00 00 48 26
2026-09-28T15:22:41.382+00:00,15303.859,RX,peer_observation,000111DC,1,7,01 00 00 0F 03 DC 11
2026-09-28T15:22:41.382+00:00,15303.913,RX,peer_observation,001111DC,1,5,01 00 00 DC 11
2026-09-28T15:22:41.387+00:00,15308.683,RX,peer_observation,0001C85E,1,7,01 00 00 0F 03 5E C8
2026-09-28T15:22:41.387+00:00,15308.927,RX,peer_observation,0011C85E,1,5,01 00 00 5E C8
2026-09-28T15:22:41.392+00:00,15313.864,RX,peer_observation,0001F052,1,7,01 00 00 0F 03 52 F0
2026-09-28T15:22:41.392+00:00,15313.921,RX,peer_observation,0011F052,1,5,01 00 00 52 F0
2026-09-28T15:22:41.397+00:00,15318.873,RX,peer_observation,00016388,1,7,01 00 00 0F 03 88 63
2026-09-28T15:22:41.397+00:00,15318.940,RX,peer_observation,00116388,1,5,01 00 00 88 63
2026-09-28T15:22:41.402+00:00,15323.883,RX,peer_observation,000163B5,1,7,01 00 00 0F 03 B5 63
2026-09-28T15:22:41.402+00:00,15323.977,RX,peer_observation,001163B5,1,5,01 00 00 B5 63
2026-09-28T15:22:41.407+00:00,15328.849,RX,peer_observation,0001C188,1,7,01 00 00 0F 03 88 C1
2026-09-28T15:22:41.407+00:00,15328.953,RX,peer_observation,0011C188,1,5,01 00 00 88 C1
2026-09-28T15:22:41.412+00:00,15333.809,RX,peer_observation,0001863E,1,7,01 00 00 0F 03 3E 86
2026-09-28T15:22:41.412+00:00,15333.899,RX,peer_observation,0011863E,1,5,01 00 00 3E 86
2026-09-28T15:22:41.417+00:00,15338.822,RX,peer_observation,00017B01,1,7,01 00 00 0F 03 01 7B
2026-09-28T15:22:41.417+00:00,15338.952,RX,peer_observation,00117B01,1,5,01 00 00 01 7B
2026-09-28T15:22:41.422+00:00,15343.899,RX,peer_observation,0001833B,1,7,01 00 00 0F 03 3B 83
2026-09-28T15:22:41.422+00:00,15343.974,RX,peer_observation,0011833B,1,5,01 00 00 3B 83
2026-09-28T15:22:41.427+00:00,15348.770,RX,peer_observation,0001A4FF,1,7,01 00 00 0F 03 FF A4
2026-09-28T15:22:41.427+00:00,15348.859,RX,peer_observation,0011A4FF,1,5,01 00 00 FF A4
2026-09-28T15:22:41.432+00:00,15353.836,RX,peer_observation,0001FF8D,1,7,01 00 00 0F 03 8D FF
2026-09-28T15:22:41.432+00:00,15353.979,RX,peer_observation,0011FF8D,1,5,01 00 00 8D FF
2026-09-28T15:22:41.437+00:00,15358.668,RX,peer_observation,0001F163,1,7,01 00 00 0F 03 63 F1
2026-09-28T15:22:41.437+00:00,15358.937,RX,peer_observation,0011F163,1,5,01 00 00 63 F1
2026-09-28T15:22:41.442+00:00,15363.852,RX,peer_observation,0001B126,1,7,01 00 00 0F 03 26 B1
2026-09-28T15:22:41.442+00:00,15363.927,RX,peer_observation,0011B126,1,5,01 00 00 26 B1
2026-09-28T15:22:41.447+00:00,15368.704,RX,peer_observation,00017ECE,1,7,01 00 00 0F 03 CE 7E
2026-09-28T15:22:41.447+00:00,15368.930,RX,peer_observation,00117ECE,1,5,01 00 00 CE 7E
2026-09-28T15:22:41.452+00:00,15373.679,RX,peer_observation,00013DA5,1,7,01 00 00 0F 03 A5 3D
2026-09-28T15:22:41.452+00:00,15373.915,RX,peer_observation,00113DA5,1,5,01 00 00 A5 3D
2026-09-28T15:22:41.457+00:00,15378.699,RX,peer_observation,00010447,1,7,01 00 00 0F 03 47 04
2026-09-28T15:22:41.457+00:00,15378.939,RX,peer_observation,00110447,1,5,01 00 00 47 04
2026-09-28T15:22:41.462+00:00,15383.733,RX,peer_observation,00015F04,1,7,01 00 00 0F 03 04 5F
2026-09-28T15:22:41.462+00:00,15383.936,RX,peer_observation,00115F04,1,5,01 00 00 04 5F
2026-09-28T15:22:41.467+00:00,15388.685,RX,peer_observation,000136A9,1,7,01 00 00 0F 03 A9 36
2026-09-28T15:22:41.467+00:00,15388.923,RX,peer_observation,001136A9,1,5,01 00 00 A9 36
2026-09-28T15:22:41.472+00:00,15393.754,RX,peer_observation,00019DF1,1,7,01 00 00 0F 03 F1 9D
2026-09-28T15:22:41.472+00:00,15393.886,RX,peer_observation,00119DF1,1,5,01 00 00 F1 9D
2026-09-28T15:22:41.477+00:00,15398.786,RX,peer_observation,0001B1A2,1,7,01 00 00 0F 03 A2 B1
2026-09-28T15:22:41.477+00:00,15398.865,RX,peer_observation,0011B1A2,1,5,01 00 00 A2 B1
2026-09-28T15:22:41.482+00:00,15403.778,RX,peer_observation,00018846,1,7,01 00 00 0F 03 46 88
2026-09-28T15:22:41.482+00:00,15403.910,RX,peer_observation,00118846,1,5,01 00 00 46 88
2026-09-28T15:22:41.487+00:00,15408.734,RX,peer_observation,000133C2,1,7,01 00 00 0F 03 C2 33
2026-09-28T15:22:41.487+00:00,15408.967,RX,peer_observation,001133C2,1,5,01 00 00 C2 33
2026-09-28T15:22:41.492+00:00,15413.735,RX,peer_observation,0001CAC6,1,7,01 00 00 0F 03 C6 CA
2026-09-28T15:22:41.492+00:00,15413.972,RX,peer_observation,0011CAC6,1,5,01 00 00 C6 CA
2026-09-28T15:22:41.497+00:00,15418.909,RX,peer_observation,0001D8F6,1,7,01 00 00 0F 03 F6 D8
2026-09-28T15:22:41.497+00:00,15419.018,RX,peer_observation,0011D8F6,1,5,01 00 00 F6 D8
2026-09-28T15:22:41.502+00:00,15423.810,RX,peer_observation,0001FFFE,1,7,01 00 00 0F 03 FE FF
2026-09-28T15:22:41.502+00:00,15423.905,RX,peer_observation,0011FFFE,1,5,01 00 00 FE FF
2026-09-28T15:22:41.507+00:00,15428.905,RX,peer_observation,0001D05C,1,7,01 00 00 0F 03 5C D0
2026-09-28T15:22:41.507+00:00,15429.002,RX,peer_observation,0011D05C,1,5,01 00 00 5C D0
2026-09-28T15:22:41.512+00:00,15433.929,RX,peer_observation,00019304,1,7,01 00 00 0F 03 04 93
2026-09-28T15:22:41.512+00:00,15434.036,RX,peer_observation,00119304,1,5,01 00 00 04 93
2026-09-28T15:22:41.517+00:00,15438.904,RX,peer_observation,00014A4D,1,7,01 00 00 0F 03 4D 4A
2026-09-28T15:22:41.517+00:00,15439.003,RX,peer_observation,00114A4D,1,5,01 00 00 4D 4A
2026-09-28T15:22:41.522+00:00,15443.672,RX,peer_observation,0001B765,1,7,01 00 00 0F 03 65 B7
2026-09-28T15:22:41.522+00:00,15443.994,RX,peer_observation,0011B765,1,5,01 00 00 65 B7
2026-09-28T15:22:41.527+00:00,15448.927,RX,peer_observation,00010D20,1,7,01 00 00 0F 03 20 0D
2026-09-28T15:22:41.527+00:00,15449.031,RX,peer_observation,00110D20,1,5,01 00 00 20 0D
2026-09-28T15:22:41.532+00:00,15453.861,RX,peer_observation,0001A47E,1,7,01 00 00 0F 03 7E A4
2026-09-28T15:22:41.532+00:00,15453.919,RX,peer_observation,0011A47E,1,5,01 00 00 7E A4
2026-09-28T15:22:41.537+00:00,15458.676,RX,peer_observation,0001C6E6,1,7,01 00 00 0F 03 E6 C6
2026-09-28T15:22:41.537+00:00,15459.059,RX,peer_observation,0011C6E6,1,5,01 00 00 E6 C6
2026-09-28T15:22:41.542+00:00,15463.771,RX,peer_observation,0001211D,1,7,01 00 00 0F 03 1D 21
2026-09-28T15:22:41.542+00:00,15463.828,RX,peer_observation,0011211D,1,5,01 00 00 1D 21
2026-09-28T15:22:41.547+00:00,15468.701,RX,peer_observation,0001FC32,1,7,01 00 00 0F 03 32 FC
2026-09-28T15:22:41.547+00:00,15468.936,RX,peer_observation,0011FC32,1,5,01 00 00 32 FC
2026-09-28T15:22:41.551+00:00,15473.624,RX,peer_observation,00018519,1,7,01 00 00 0F 03 19 85
2026-09-28T15:22:41.552+00:00,15473.871,RX,peer_observation,00118519,1,5,01 00 00 19 85
2026-09-28T15:22:41.557+00:00,15478.863,RX,peer_observation,00011BAC,1,7,01 00 00 0F 03 AC 1B
2026-09-28T15:22:41.557+00:00,15478.921,RX,peer_observation,00111BAC,1,5,01 00 00 AC 1B
2026-09-28T15:22:41.562+00:00,15483.832,RX,peer_observation,0001753B,1,7,01 00 00 0F 03 3B 75
2026-09-28T15:22:41.562+00:00,15483.911,RX,peer_observation,0011753B,1,5,01 00 00 3B 75
2026-09-28T15:22:41.567+00:00,15488.908,RX,peer_observation,00016C01,1,7,01 00 00 0F 03 01 6C
2026-09-28T15:22:41.567+00:00,15489.000,RX,peer_observation,00116C01,1,5,01 00 00 01 6C
2026-09-28T15:22:41.572+00:00,15493.843,RX,peer_observation,000136B6,1,7,01 00 00 0F 03 B6 36
2026-09-28T15:22:41.572+00:00,15493.936,RX,peer_observation,001136B6,1,5,01 00 00 B6 36
2026-09-28T15:22:41.577+00:00,15498.841,RX,peer_observation,0001396B,1,7,01 00 00 0F 03 6B 39
2026-09-28T15:22:41.577+00:00,15498.908,RX,peer_observation,0011396B,1,5,01 00 00 6B 39
2026-09-28T15:22:41.582+00:00,15503.826,RX,peer_observation,0001FE02,1,7,01 00 00 0F 03 02 FE
2026-09-28T15:22:41.582+00:00,15503.910,RX,peer_observation,0011FE02,1,5,01 00 00 02 FE
2026-09-28T15:22:41.587+00:00,15508.728,RX,peer_observation,000169E1,1,7,01 00 00 0F 03 E1 69
2026-09-28T15:22:41.587+00:00,15508.965,RX,peer_observation,001169E1,1,5,01 00 00 E1 69
2026-09-28T15:22:41.592+00:00,15513.785,RX,peer_observation,00011DD0,1,7,01 00 00 0F 03 D0 1D
2026-09-28T15:22:41.592+00:00,15513.870,RX,peer_observation,00111DD0,1,5,01 00 00 D0 1D
2026-09-28T15:22:41.597+00:00,15518.679,RX,peer_observation,00013AC0,1,7,01 00 00 0F 03 C0 3A
2026-09-28T15:22:41.597+00:00,15518.919,RX,peer_observation,00113AC0,1,5,01 00 00 C0 3A
2026-09-28T15:22:41.601+00:00,15523.634,RX,peer_observation,00016D6F,1,7,01 00 00 0F 03 6F 6D
2026-09-28T15:22:41.602+00:00,15524.245,RX,peer_observation,00116D6F,1,5,01 00 00 6F 6D
2026-09-28T15:22:41.606+00:00,15528.584,RX,peer_observation,0001D85A,1,7,01 00 00 0F 03 5A D8
2026-09-28T15:22:41.607+00:00,15528.873,RX,peer_observation,0011D85A,1,5,01 00 00 5A D8
2026-09-28T15:22:41.612+00:00,15533.765,RX,peer_observation,0001D2E4,1,7,01 00 00 0F 03 E4 D2
2026-09-28T15:22:41.612+00:00,15533.814,RX,peer_observation,0011D2E4,1,5,01 00 00 E4 D2
2026-09-28T15:22:41.617+00:00,15538.690,RX,peer_observation,00016BD3,1,7,01 00 00 0F 03 D3 6B
2026-09-28T15:22:41.617+00:00,15538.777,RX,peer_observation,00116BD3,1,5,01 00 00 D3 6B
2026-09-28T15:22:41.621+00:00,15543.579,RX,peer_observation,00013379,1,7,01 00 00 0F 03 79 33
2026-09-28T15:22:41.622+00:00,15543.819,RX,peer_observation,00113379,1,5,01 00 00 79 33
2026-09-28T15:22:41.626+00:00,15548.615,RX,peer_observation,0001FD3D,1,7,01 00 00 0F 03 3D FD
2026-09-28T15:22:41.627+00:00,15548.835,RX,peer_observation,0011FD3D,1,5,01 00 00 3D FD
2026-09-28T15:22:41.632+00:00,15553.737,RX,peer_observation,0001E693,1,7,01 00 00 0F 03 93 E6
2026-09-28T15:22:41.632+00:00,15553.839,RX,peer_observation,0011E693,1,5,01 00 00 93 E6
2026-09-28T15:22:41.636+00:00,15558.626,RX,peer_observation,000167C6,1,7,01 00 00 0F 03 C6 67
2026-09-28T15:22:41.637+00:00,15558.872,RX,peer_observation,001167C6,1,5,01 00 00 C6 67
2026-09-28T15:22:41.641+00:00,15563.611,RX,peer_observation,0001B914,1,7,01 00 00 0F 03 14 B9
2026-09-28T15:22:41.642+00:00,15563.856,RX,peer_observation,0011B914,1,5,01 00 00 14 B9
2026-09-28T15:22:41.647+00:00,15568.834,RX,peer_observation,0001137B,1,7,01 00 00 0F 03 7B 13
2026-09-28T15:22:41.647+00:00,15568.924,RX,peer_observation,0011137B,1,5,01 00 00 7B 13
2026-09-28T15:22:41.652+00:00,15573.719,RX,peer_observation,0001B888,1,7,01 00 00 0F 03 88 B8
2026-09-28T15:22:41.652+00:00,15573.827,RX,peer_observation,0011B888,1,5,01 00 00 88 B8
2026-09-28T15:22:41.656+00:00,15578.583,RX,peer_observation,000127EB,1,7,01 00 00 0F 03 EB 27
2026-09-28T15:22:41.657+00:00,15578.816,RX,peer_observation,001127EB,1,5,01 00 00 EB 27
2026-09-28T15:22:41.662+00:00,15583.764,RX,peer_observation,0001CFF9,1,7,01 00 00 0F 03 F9 CF
2026-09-28T15:22:41.662+00:00,15583.821,RX,peer_observation,0011CFF9,1,5,01 00 00 F9 CF
2026-09-28T15:22:41.666+00:00,15588.618,RX,peer_observation,0001D0B4,1,7,01 00 00 0F 03 B4 D0
2026-09-28T15:22:41.667+00:00,15588.887,RX,peer_observation,0011D0B4,1,5,01 00 00 B4 D0
2026-09-28T15:22:41.671+00:00,15593.610,RX,peer_observation,0001551A,1,7,01 00 00 0F 03 1A 55
2026-09-28T15:22:41.672+00:00,15593.864,RX,peer_observation,0011551A,1,5,01 00 00 1A 55
2026-09-28T15:22:41.676+00:00,15598.592,RX,peer_observation,00010CB8,1,7,01 00 00 0F 03 B8 0C
2026-09-28T15:22:41.677+00:00,15598.856,RX,peer_observation,00110CB8,1,5,01 00 00 B8 0C
2026-09-28T15:22:41.681+00:00,15603.591,RX,peer_observation,0001E727,1,7,01 00 00 0F 03 27 E7
2026-09-28T15:22:41.682+00:00,15603.849,RX,peer_observation,0011E727,1,5,01 00 00 27 E7
2026-09-28T15:22:41.686+00:00,15608.595,RX,peer_observation,00010690,1,7,01 00 00 0F 03 90 06
2026-09-28T15:22:41.687+00:00,15608.871,RX,peer_observation,00110690,1,5,01 00 00 90 06
2026-09-28T15:22:41.691+00:00,15613.595,RX,peer_observation,00012DB0,1,7,01 00 00 0F 03 B0 2D
2026-09-28T15:22:41.692+00:00,15613.877,RX,peer_observation,00112DB0,1,5,01 00 00 B0 2D
2026-09-28T15:22:41.697+00:00,15618.669,RX,peer_observation,0001F47A,1,7,01 00 00 0F 03 7A F4
2026-09-28T15:22:41.697+00:00,15618.753,RX,peer_observation,0011F47A,1,5,01 00 00 7A F4
2026-09-28T15:22:41.702+00:00,15623.845,RX,peer_observation,00015C27,1,7,01 00 00 0F 03 27 5C
2026-09-28T15:22:41.702+00:00,15623.925,RX,peer_observation,00115C27,1,5,01 00 00 27 5C
2026-09-28T15:22:41.707+00:00,15628.764,RX,peer_observation,000123D0,1,7,01 00 00 0F 03 D0 23
2026-09-28T15:22:41.707+00:00,15628.824,RX,peer_observation,001123D0,1,5,01 00 00 D0 23
2026-09-28T15:22:41.712+00:00,15633.834,RX,peer_observation,0001EBE7,1,7,01 00 00 0F 03 E7 EB
2026-09-28T15:22:41.712+00:00,15633.927,RX,peer_observation,0011EBE7,1,5,01 00 00 E7 EB
2026-09-28T15:22:41.717+00:00,15638.804,RX,peer_observation,000153CB,1,7,01 00 00 0F 03 CB 53
2026-09-28T15:22:41.717+00:00,15638.914,RX,peer_observation,001153CB,1,5,01 00 00 CB 53
2026-09-28T15:22:41.722+00:00,15643.854,RX,peer_observation,0001E912,1,7,01 00 00 0F 03 12 E9
2026-09-28T15:22:41.722+00:00,15643.955,RX,peer_observation,0011E912,1,5,01 00 00 12 E9
2026-09-28T15:22:41.727+00:00,15648.798,RX,peer_observation,0001C922,1,7,01 00 00 0F 03 22 C9
2026-09-28T15:22:41.727+00:00,15648.882,RX,peer_observation,0011C922,1,5,01 00 00 22 C9
2026-09-28T15:22:41.732+00:00,15653.856,RX,peer_observation,00014B75,1,7,01 00 00 0F 03 75 4B
2026-09-28T15:22:41.732+00:00,15653.953,RX,peer_observation,00114B75,1,5,01 00 00 75 4B
2026-09-28T15:22:41.736+00:00,15658.580,RX,peer_observation,00011BC4,1,7,01 00 00 0F 03 C4 1B
2026-09-28T15:22:41.737+00:00,15658.876,RX,peer_observation,00111BC4,1,5,01 00 00 C4 1B
2026-09-28T15:22:41.742+00:00,15663.875,RX,peer_observation,0001CB53,1,7,01 00 00 0F 03 53 CB
2026-09-28T15:22:41.742+00:00,15663.948,RX,peer_observation,0011CB53,1,5,01 00 00 53 CB
2026-09-28T15:22:41.747+00:00,15668.900,RX,peer_observation,000165B8,1,7,01 00 00 0F 03 B8 65
2026-09-28T15:22:41.747+00:00,15668.980,RX,peer_observation,001165B8,1,5,01 00 00 B8 65
2026-09-28T15:22:41.751+00:00,15673.658,RX,peer_observation,0001F2CB,1,7,01 00 00 0F 03 CB F2
2026-09-28T15:22:41.752+00:00,15673.737,RX,peer_observation,0011F2CB,1,5,01 00 00 CB F2
2026-09-28T15:22:41.756+00:00,15678.593,RX,peer_observation,000101F1,1,7,01 00 00 0F 03 F1 01
2026-09-28T15:22:41.757+00:00,15678.867,RX,peer_observation,001101F1,1,5,01 00 00 F1 01
2026-09-28T15:22:41.761+00:00,15683.579,RX,peer_observation,0001332C,1,7,01 00 00 0F 03 2C 33
2026-09-28T15:22:41.762+00:00,15683.873,RX,peer_observation,0011332C,1,5,01 00 00 2C 33
2026-09-28T15:22:41.766+00:00,15688.556,RX,peer_observation,0001B397,1,7,01 00 00 0F 03 97 B3
2026-09-28T15:22:41.767+00:00,15688.841,RX,peer_observation,0011B397,1,5,01 00 00 97 B3
2026-09-28T15:22:41.771+00:00,15693.610,RX,peer_observation,00012E7C,1,7,01 00 00 0F 03 7C 2E
2026-09-28T15:22:41.772+00:00,15693.953,RX,peer_observation,00112E7C,1,5,01 00 00 7C 2E
2026-09-28T15:22:41.776+00:00,15698.602,RX,peer_observation,00017208,1,7,01 00 00 0F 03 08 72
2026-09-28T15:22:41.777+00:00,15698.888,RX,peer_observation,00117208,1,5,01 00 00 08 72
2026-09-28T15:22:41.781+00:00,15703.591,RX,peer_observation,00017FFA,1,7,01 00 00 0F 03 FA 7F
2026-09-28T15:22:41.782+00:00,15703.870,RX,peer_observation,00117FFA,1,5,01 00 00 FA 7F
2026-09-28T15:22:41.786+00:00,15708.597,RX,peer_observation,000147AF,1,7,01 00 00 0F 03 AF 47
2026-09-28T15:22:41.787+00:00,15708.857,RX,peer_observation,001147AF,1,5,01 00 00 AF 47
2026-09-28T15:22:41.791+00:00,15713.579,RX,peer_observation,0001CB5F,1,7,01 00 00 0F 03 5F CB
2026-09-28T15:22:41.792+00:00,15713.869,RX,peer_observation,0011CB5F,1,5,01 00 00 5F CB
2026-09-28T15:22:41.796+00:00,15718.596,RX,peer_observation,0001A159,1,7,01 00 00 0F 03 59 A1
2026-09-28T15:22:41.797+00:00,15718.850,RX,peer_observation,0011A159,1,5,01 00 00 59 A1
2026-09-28T15:22:41.802+00:00,15723.665,RX,peer_observation,00019937,1,7,01 00 00 0F 03 37 99
2026-09-28T15:22:41.802+00:00,15723.763,RX,peer_observation,00119937,1,5,01 00 00 37 99
2026-09-28T15:22:41.806+00:00,15728.576,RX,peer_observation,000135AE,1,7,01 00 00 0F 03 AE 35
2026-09-28T15:22:41.807+00:00,15728.844,RX,peer_observation,001135AE,1,5,01 00 00 AE 35
2026-09-28T15:22:41.812+00:00,15733.668,RX,peer_observation,0001DF76,1,7,01 00 00 0F 03 76 DF
2026-09-28T15:22:41.812+00:00,15733.812,RX,peer_observation,0011DF76,1,5,01 00 00 76 DF
2026-09-28T15:22:41.816+00:00,15738.620,RX,peer_observation,00019C03,1,7,01 00 00 0F 03 03 9C
2026-09-28T15:22:41.817+00:00,15738.720,RX,peer_observation,00119C03,1,5,01 00 00 03 9C
2026-09-28T15:22:41.821+00:00,15743.645,RX,peer_observation,00014442,1,7,01 00 00 0F 03 42 44
2026-09-28T15:22:41.822+00:00,15743.906,RX,peer_observation,00114442,1,5,01 00 00 42 44
2026-09-28T15:22:41.826+00:00,15748.558,RX,peer_observation,00019393,1,7,01 00 00 0F 03 93 93
2026-09-28T15:22:41.827+00:00,15748.887,RX,peer_observation,00119393,1,5,01 00 00 93 93
2026-09-28T15:22:41.832+00:00,15753.686,RX,peer_observation,0001A58C,1,7,01 00 00 0F 03 8C A5
2026-09-28T15:22:41.832+00:00,15753.843,RX,peer_observation,0011A58C,1,5,01 00 00 8C A5
2026-09-28T15:22:41.836+00:00,15758.574,RX,peer_observation,00015FEA,1,7,01 00 00 0F 03 EA 5F
2026-09-28T15:22:41.837+00:00,15758.844,RX,peer_observation,00115FEA,1,5,01 00 00 EA 5F
2026-09-28T15:22:41.842+00:00,15763.649,RX,peer_observation,00016AE1,1,7,01 00 00 0F 03 E1 6A
2026-09-28T15:22:41.842+00:00,15763.744,RX,peer_observation,00116AE1,1,5,01 00 00 E1 6A
2026-09-28T15:22:41.846+00:00,15768.553,RX,peer_observation,00010504,1,7,01 00 00 0F 03 04 05
2026-09-28T15:22:41.847+00:00,15768.841,RX,peer_observation,00110504,1,5,01 00 00 04 05
2026-09-28T15:22:41.851+00:00,15773.556,RX,peer_observation,00014BA0,1,7,01 00 00 0F 04 A0 4B
2026-09-28T15:22:41.852+00:00,15773.847,RX,peer_observation,00114BA0,1,5,01 00 00 A0 4B
2026-09-28T15:22:41.856+00:00,15778.618,RX,peer_observation,0001DD6B,1,7,01 00 00 0F 03 6B DD
2026-09-28T15:22:41.857+00:00,15778.855,RX,peer_observation,0011DD6B,1,5,01 00 00 6B DD
2026-09-28T15:22:41.862+00:00,15783.718,RX,peer_observation,00016281,1,7,01 00 00 0F 03 81 62
2026-09-28T15:22:41.862+00:00,15783.780,RX,peer_observation,00116281,1,5,01 00 00 81 62
2026-09-28T15:22:41.866+00:00,15788.596,RX,peer_observation,0001525F,1,7,01 00 00 0F 03 5F 52
2026-09-28T15:22:41.867+00:00,15788.845,RX,peer_observation,0011525F,1,5,01 00 00 5F 52
2026-09-28T15:22:41.871+00:00,15793.589,RX,peer_observation,0001B404,1,7,01 00 00 0F 03 04 B4
2026-09-28T15:22:41.872+00:00,15793.866,RX,peer_observation,0011B404,1,5,01 00 00 04 B4
2026-09-28T15:22:41.876+00:00,15798.598,RX,peer_observation,00011DCC,1,7,01 00 00 0F 03 CC 1D
2026-09-28T15:22:41.877+00:00,15798.842,RX,peer_observation,00111DCC,1,5,01 00 00 CC 1D
2026-09-28T15:22:41.881+00:00,15803.656,RX,peer_observation,00015C43,1,7,01 00 00 0F 03 43 5C
2026-09-28T15:22:41.882+00:00,15803.908,RX,peer_observation,00115C43,1,5,01 00 00 43 5C
2026-09-28T15:22:41.886+00:00,15808.622,RX,peer_observation,0001FB92,1,7,01 00 00 0F 03 92 FB
2026-09-28T15:22:41.887+00:00,15808.706,RX,peer_observation,0011FB92,1,5,01 00 00 92 FB
2026-09-28T15:22:41.891+00:00,15813.589,RX,peer_observation,00016144,1,7,01 00 00 0F 03 44 61
2026-09-28T15:22:41.892+00:00,15813.708,RX,peer_observation,00116144,1,5,01 00 00 44 61
2026-09-28T15:22:41.896+00:00,15818.569,RX,peer_observation,00013375,1,7,01 00 00 0F 03 75 33
2026-09-28T15:22:41.897+00:00,15818.704,RX,peer_observation,00113375,1,5,01 00 00 75 33
2026-09-28T15:22:41.901+00:00,15823.526,RX,peer_observation,00018DB7,1,7,01 00 00 0F 03 B7 8D
2026-09-28T15:22:41.902+00:00,15823.766,RX,peer_observation,00118DB7,1,5,01 00 00 B7 8D
2026-09-28T15:22:41.906+00:00,15828.527,RX,peer_observation,0001BAAA,1,7,01 00 00 0F 03 AA BA
2026-09-28T15:22:41.907+00:00,15828.770,RX,peer_observation,0011BAAA,1,5,01 00 00 AA BA
2026-09-28T15:22:41.911+00:00,15833.521,RX,peer_observation,00011CC7,1,7,01 00 00 0F 03 C7 1C
2026-09-28T15:22:41.912+00:00,15833.762,RX,peer_observation,00111CC7,1,5,01 00 00 C7 1C
2026-09-28T15:22:41.916+00:00,15838.521,RX,peer_observation,00016BDF,1,7,01 00 00 0F 03 DF 6B
2026-09-28T15:22:41.917+00:00,15838.770,RX,peer_observation,00116BDF,1,5,01 00 00 DF 6B
2026-09-28T15:22:41.921+00:00,15843.514,RX,peer_observation,00019E65,1,7,01 00 00 0F 03 65 9E
2026-09-28T15:22:41.922+00:00,15843.760,RX,peer_observation,00119E65,1,5,01 00 00 65 9E
2026-09-28T15:22:41.926+00:00,15848.522,RX,peer_observation,0001222D,1,7,01 00 00 0F 03 2D 22
2026-09-28T15:22:41.927+00:00,15848.769,RX,peer_observation,0011222D,1,5,01 00 00 2D 22
2026-09-28T15:22:41.931+00:00,15853.567,RX,peer_observation,0001F436,1,7,01 00 00 0F 03 36 F4
2026-09-28T15:22:41.932+00:00,15853.829,RX,peer_observation,0011F436,1,5,01 00 00 36 F4
2026-09-28T15:22:41.936+00:00,15858.556,RX,peer_observation,0001434F,1,7,01 00 00 0F 03 4F 43
2026-09-28T15:22:41.937+00:00,15858.845,RX,peer_observation,0011434F,1,5,01 00 00 4F 43
2026-09-28T15:22:41.941+00:00,15863.549,RX,peer_observation,0001E60F,1,7,01 00 00 0F 03 0F E6
2026-09-28T15:22:41.942+00:00,15863.843,RX,peer_observation,0011E60F,1,5,01 00 00 0F E6
2026-09-28T15:22:41.946+00:00,15868.634,RX,peer_observation,00012B27,1,7,01 00 00 0F 03 27 2B
2026-09-28T15:22:41.947+00:00,15868.915,RX,peer_observation,00112B27,1,5,01 00 00 27 2B
2026-09-28T15:22:41.951+00:00,15873.628,RX,peer_observation,0001E99F,1,7,01 00 00 0F 03 9F E9
2026-09-28T15:22:41.952+00:00,15873.798,RX,peer_observation,0011E99F,1,5,01 00 00 9F E9
2026-09-28T15:22:41.956+00:00,15878.617,RX,peer_observation,00018642,1,7,01 00 00 0F 03 42 86
2026-09-28T15:22:41.957+00:00,15878.811,RX,peer_observation,00118642,1,5,01 00 00 42 86
2026-09-28T15:22:41.961+00:00,15883.552,RX,peer_observation,0001C7B7,1,7,01 00 00 0F 03 B7 C7
2026-09-28T15:22:41.962+00:00,15883.775,RX,peer_observation,0011C7B7,1,5,01 00 00 B7 C7
2026-09-28T15:22:41.966+00:00,15888.566,RX,peer_observation,0001BB04,1,7,01 00 00 0F 03 04 BB
2026-09-28T15:22:41.967+00:00,15888.776,RX,peer_observation,0011BB04,1,5,01 00 00 04 BB
2026-09-28T15:22:41.971+00:00,15893.580,RX,peer_observation,0001CE58,1,7,01 00 00 0F 03 58 CE
2026-09-28T15:22:41.972+00:00,15893.748,RX,peer_observation,0011CE58,1,5,01 00 00 58 CE
2026-09-28T15:22:41.976+00:00,15898.529,RX,peer_observation,000160A6,1,7,01 00 00 0F 03 A6 60
2026-09-28T15:22:41.977+00:00,15898.825,RX,peer_observation,001160A6,1,5,01 00 00 A6 60
2026-09-28T15:22:41.981+00:00,15903.562,RX,peer_observation,0001FD62,1,7,01 00 00 0F 03 62 FD
2026-09-28T15:22:41.982+00:00,15903.850,RX,peer_observation,0011FD62,1,5,01 00 00 62 FD
2026-09-28T15:22:41.986+00:00,15908.570,RX,peer_observation,00013D23,1,7,01 00 00 0F 03 23 3D
2026-09-28T15:22:41.987+00:00,15908.699,RX,peer_observation,00113D23,1,5,01 00 00 23 3D
2026-09-28T15:22:41.991+00:00,15913.546,RX,peer_observation,000114A3,1,7,01 00 00 0F 03 A3 14
2026-09-28T15:22:41.992+00:00,15913.829,RX,peer_observation,001114A3,1,5,01 00 00 A3 14
2026-09-28T15:22:41.996+00:00,15918.545,RX,peer_observation,000166CD,1,7,01 00 00 0F 03 CD 66
2026-09-28T15:22:41.997+00:00,15918.809,RX,peer_observation,001166CD,1,5,01 00 00 CD 66
2026-09-28T15:22:42.001+00:00,15923.537,RX,peer_observation,0001E499,1,7,01 00 00 0F 03 99 E4
2026-09-28T15:22:42.002+00:00,15923.859,RX,peer_observation,0011E499,1,5,01 00 00 99 E4
2026-09-28T15:22:42.006+00:00,15928.567,RX,peer_observation,00013025,1,7,01 00 00 0F 03 25 30
2026-09-28T15:22:42.007+00:00,15928.873,RX,peer_observation,00113025,1,5,01 00 00 25 30
2026-09-28T15:22:42.011+00:00,15933.561,RX,peer_observation,0001A016,1,7,01 00 00 0F 03 16 A0
2026-09-28T15:22:42.012+00:00,15933.847,RX,peer_observation,0011A016,1,5,01 00 00 16 A0
2026-09-28T15:22:42.016+00:00,15938.543,RX,peer_observation,00019C21,1,7,01 00 00 0F 03 21 9C
2026-09-28T15:22:42.017+00:00,15938.835,RX,peer_observation,00119C21,1,5,01 00 00 21 9C
2026-09-28T15:22:42.021+00:00,15943.546,RX,peer_observation,0001D7B4,1,7,01 00 00 0F 03 B4 D7
2026-09-28T15:22:42.022+00:00,15943.851,RX,peer_observation,0011D7B4,1,5,01 00 00 B4 D7
2026-09-28T15:22:42.026+00:00,15948.571,RX,peer_observation,0001B709,1,7,01 00 00 0F 03 09 B7
2026-09-28T15:22:42.027+00:00,15948.864,RX,peer_observation,0011B709,1,5,01 00 00 09 B7
2026-09-28T15:22:42.031+00:00,15953.549,RX,peer_observation,000194B8,1,7,01 00 00 0F 03 B8 94
2026-09-28T15:22:42.032+00:00,15953.825,RX,peer_observation,001194B8,1,5,01 00 00 B8 94
2026-09-28T15:22:42.037+00:00,15958.761,RX,peer_observation,0001A398,1,7,01 00 00 0F 03 98 A3
2026-09-28T15:22:42.037+00:00,15958.819,RX,peer_observation,0011A398,1,5,01 00 00 98 A3
2026-09-28T15:22:42.042+00:00,15963.764,RX,peer_observation,00016FD5,1,7,01 00 00 0F 03 D5 6F
2026-09-28T15:22:42.042+00:00,15963.874,RX,peer_observation,00116FD5,1,5,01 00 00 D5 6F
2026-09-28T15:22:42.046+00:00,15968.636,RX,peer_observation,00011DF9,1,7,01 00 00 0F 03 F9 1D
2026-09-28T15:22:42.047+00:00,15968.702,RX,peer_observation,00111DF9,1,5,01 00 00 F9 1D
2026-09-28T15:22:42.051+00:00,15973.616,RX,peer_observation,000118EA,1,7,01 00 00 0F 03 EA 18
2026-09-28T15:22:42.052+00:00,15973.867,RX,peer_observation,001118EA,1,5,01 00 00 EA 18
2026-09-28T15:22:42.057+00:00,15978.667,RX,peer_observation,0001A9E5,1,7,01 00 00 0F 03 E5 A9
2026-09-28T15:22:42.057+00:00,15978.770,RX,peer_observation,0011A9E5,1,5,01 00 00 E5 A9
2026-09-28T15:22:42.062+00:00,15983.711,RX,peer_observation,0001E7B4,1,7,01 00 00 0F 03 B4 E7
2026-09-28T15:22:42.062+00:00,15983.768,RX,peer_observation,0011E7B4,1,5,01 00 00 B4 E7
2026-09-28T15:22:42.067+00:00,15988.684,RX,peer_observation,000182E1,1,7,01 00 00 0F 03 E1 82
2026-09-28T15:22:42.067+00:00,15988.774,RX,peer_observation,001182E1,1,5,01 00 00 E1 82
2026-09-28T15:22:42.072+00:00,15993.657,RX,peer_observation,0001420B,1,7,01 00 00 0F 03 0B 42
2026-09-28T15:22:42.072+00:00,15993.724,RX,peer_observation,0011420B,1,5,01 00 00 0B 42
2026-09-28T15:22:42.077+00:00,15998.695,RX,peer_observation,00019172,1,7,01 00 00 0F 03 72 91
2026-09-28T15:22:42.077+00:00,15998.914,RX,peer_observation,00119172,1,5,01 00 00 72 91
2026-09-28T15:22:42.081+00:00,16003.611,RX,peer_observation,00015320,1,7,01 00 00 0F 03 20 53
2026-09-28T15:22:42.082+00:00,16003.892,RX,peer_observation,00115320,1,5,01 00 00 20 53
2026-09-28T15:22:42.086+00:00,16008.591,RX,peer_observation,00014DC3,1,7,01 00 00 0F 03 C3 4D
2026-09-28T15:22:42.087+00:00,16008.836,RX,peer_observation,00114DC3,1,5,01 00 00 C3 4D
2026-09-28T15:22:42.092+00:00,16013.717,RX,peer_observation,0001C7DA,1,7,01 00 00 0F 03 DA C7
2026-09-28T15:22:42.092+00:00,16013.784,RX,peer_observation,0011C7DA,1,5,01 00 00 DA C7
2026-09-28T15:22:42.096+00:00,16018.545,RX,peer_observation,0001F40F,1,7,01 00 00 0F 03 0F F4
2026-09-28T15:22:42.097+00:00,16018.820,RX,peer_observation,0011F40F,1,5,01 00 00 0F F4
2026-09-28T15:22:42.101+00:00,16023.532,RX,peer_observation,00010B40,1,7,01 00 00 0F 03 40 0B
2026-09-28T15:22:42.102+00:00,16023.839,RX,peer_observation,00110B40,1,5,01 00 00 40 0B
2026-09-28T15:22:42.106+00:00,16028.529,RX,peer_observation,0001D0CC,1,7,01 00 00 0F 03 CC D0
2026-09-28T15:22:42.107+00:00,16028.832,RX,peer_observation,0011D0CC,1,5,01 00 00 CC D0
2026-09-28T15:22:42.111+00:00,16033.529,RX,peer_observation,0001EA99,1,7,01 00 00 0F 03 99 EA
2026-09-28T15:22:42.112+00:00,16033.816,RX,peer_observation,0011EA99,1,5,01 00 00 99 EA
2026-09-28T15:22:42.116+00:00,16038.531,RX,peer_observation,0001366A,1,7,01 00 00 0F 03 6A 36
2026-09-28T15:22:42.117+00:00,16038.818,RX,peer_observation,0011366A,1,5,01 00 00 6A 36
2026-09-28T15:22:42.121+00:00,16043.525,RX,peer_observation,0001E79D,1,7,01 00 00 0F 03 9D E7
2026-09-28T15:22:42.122+00:00,16043.813,RX,peer_observation,0011E79D,1,5,01 00 00 9D E7
2026-09-28T15:22:42.126+00:00,16048.532,RX,peer_observation,0001C025,1,7,01 00 00 0F 03 25 C0
2026-09-28T15:22:42.127+00:00,16048.821,RX,peer_observation,0011C025,1,5,01 00 00 25 C0
2026-09-28T15:22:42.131+00:00,16053.529,RX,peer_observation,000133F5,1,7,01 00 00 0F 03 F5 33
2026-09-28T15:22:42.132+00:00,16053.817,RX,peer_observation,001133F5,1,5,01 00 00 F5 33
2026-09-28T15:22:42.136+00:00,16058.531,RX,peer_observation,0001913D,1,7,01 00 00 0F 03 3D 91
2026-09-28T15:22:42.137+00:00,16058.818,RX,peer_observation,0011913D,1,5,01 00 00 3D 91
2026-09-28T15:22:42.141+00:00,16063.529,RX,peer_observation,00019BDF,1,7,01 00 00 0F 03 DF 9B
2026-09-28T15:22:42.142+00:00,16063.816,RX,peer_observation,00119BDF,1,5,01 00 00 DF 9B
2026-09-28T15:22:42.146+00:00,16068.569,RX,peer_observation,0001ED8A,1,7,01 00 00 0F 03 8A ED
2026-09-28T15:22:42.147+00:00,16068.795,RX,peer_observation,0011ED8A,1,5,01 00 00 8A ED
2026-09-28T15:22:42.151+00:00,16073.630,RX,peer_observation,00014EA7,1,7,01 00 00 0F 03 A7 4E
2026-09-28T15:22:42.152+00:00,16073.747,RX,peer_observation,00114EA7,1,5,01 00 00 A7 4E
2026-09-28T15:22:42.156+00:00,16078.528,RX,peer_observation,00013849,1,7,01 00 00 0F 03 49 38
2026-09-28T15:22:42.157+00:00,16078.824,RX,peer_observation,00113849,1,5,01 00 00 49 38
2026-09-28T15:22:42.161+00:00,16083.548,RX,peer_observation,0001FA59,1,7,01 00 00 0F 03 59 FA
2026-09-28T15:22:42.162+00:00,16083.826,RX,peer_observation,0011FA59,1,5,01 00 00 59 FA
2026-09-28T15:22:42.166+00:00,16088.528,RX,peer_observation,0001A79B,1,7,01 00 00 0F 03 9B A7
2026-09-28T15:22:42.167+00:00,16088.824,RX,peer_observation,0011A79B,1,5,01 00 00 9B A7
2026-09-28T15:22:42.171+00:00,16093.546,RX,peer_observation,0001D4DA,1,7,01 00 00 0F 03 DA D4
2026-09-28T15:22:42.172+00:00,16093.828,RX,peer_observation,0011D4DA,1,5,01 00 00 DA D4
2026-09-28T15:22:42.176+00:00,16098.548,RX,peer_observation,00014F05,1,7,01 00 00 0F 03 05 4F
2026-09-28T15:22:42.177+00:00,16098.826,RX,peer_observation,00114F05,1,5,01 00 00 05 4F
2026-09-28T15:22:42.181+00:00,16103.530,RX,peer_observation,00015746,1,7,01 00 00 0F 03 46 57
2026-09-28T15:22:42.182+00:00,16103.825,RX,peer_observation,00115746,1,5,01 00 00 46 57
2026-09-28T15:22:42.186+00:00,16108.526,RX,peer_observation,000160F5,1,7,01 00 00 0F 03 F5 60
2026-09-28T15:22:42.187+00:00,16108.823,RX,peer_observation,001160F5,1,5,01 00 00 F5 60
2026-09-28T15:22:42.191+00:00,16113.530,RX,peer_observation,00011D4A,1,7,01 00 00 0F 03 4A 1D
2026-09-28T15:22:42.192+00:00,16113.826,RX,peer_observation,00111D4A,1,5,01 00 00 4A 1D
2026-09-28T15:22:42.196+00:00,16118.528,RX,peer_observation,00010315,1,7,01 00 00 0F 03 15 03
2026-09-28T15:22:42.197+00:00,16118.828,RX,peer_observation,00110315,1,5,01 00 00 15 03
2026-09-28T15:22:42.201+00:00,16123.546,RX,peer_observation,0001C0D0,1,7,01 00 00 0F 03 D0 C0
2026-09-28T15:22:42.202+00:00,16123.884,RX,peer_observation,0011C0D0,1,5,01 00 00 D0 C0
2026-09-28T15:22:42.206+00:00,16128.573,RX,peer_observation,000152FE,1,7,01 00 00 0F 03 FE 52
2026-09-28T15:22:42.207+00:00,16128.926,RX,peer_observation,001152FE,1,5,01 00 00 FE 52
2026-09-28T15:22:42.211+00:00,16133.568,RX,peer_observation,00011330,1,7,01 00 00 0F 03 30 13
2026-09-28T15:22:42.212+00:00,16133.759,RX,peer_observation,00111330,1,5,01 00 00 30 13
2026-09-28T15:22:42.216+00:00,16138.517,RX,peer_observation,00019C7C,1,7,01 00 00 0F 03 7C 9C
2026-09-28T15:22:42.217+00:00,16138.754,RX,peer_observation,00119C7C,1,5,01 00 00 7C 9C
2026-09-28T15:22:42.221+00:00,16143.488,RX,peer_observation,00016FD4,1,7,01 00 00 0F 03 D4 6F
2026-09-28T15:22:42.222+00:00,16143.844,RX,peer_observation,00116FD4,1,5,01 00 00 D4 6F
2026-09-28T15:22:42.226+00:00,16148.559,RX,peer_observation,0001E083,1,7,01 00 00 0F 03 83 E0
2026-09-28T15:22:42.227+00:00,16148.869,RX,peer_observation,0011E083,1,5,01 00 00 83 E0
2026-09-28T15:22:42.231+00:00,16153.558,RX,peer_observation,0001F4E0,1,7,01 00 00 0F 03 E0 F4
2026-09-28T15:22:42.232+00:00,16153.872,RX,peer_observation,0011F4E0,1,5,01 00 00 E0 F4
2026-09-28T15:22:42.236+00:00,16158.519,RX,peer_observation,00019F90,1,7,01 00 00 0F 03 90 9F
2026-09-28T15:22:42.237+00:00,16158.850,RX,peer_observation,00119F90,1,5,01 00 00 90 9F
2026-09-28T15:22:42.241+00:00,16163.531,RX,peer_observation,0001ED66,1,7,01 00 00 0F 03 66 ED
2026-09-28T15:22:42.242+00:00,16163.802,RX,peer_observation,0011ED66,1,5,01 00 00 66 ED
2026-09-28T15:22:42.246+00:00,16168.493,RX,peer_observation,00015403,1,7,01 00 00 0F 03 03 54
2026-09-28T15:22:42.247+00:00,16168.739,RX,peer_observation,00115403,1,5,01 00 00 03 54
2026-09-28T15:22:42.251+00:00,16173.474,RX,peer_observation,0001412F,1,7,01 00 00 0F 03 2F 41
2026-09-28T15:22:42.252+00:00,16173.721,RX,peer_observation,0011412F,1,5,01 00 00 2F 41
2026-09-28T15:22:42.256+00:00,16178.500,RX,peer_observation,0001ACB1,1,7,01 00 00 0F 03 B1 AC
2026-09-28T15:22:42.257+00:00,16178.820,RX,peer_observation,0011ACB1,1,5,01 00 00 B1 AC
2026-09-28T15:22:42.261+00:00,16183.507,RX,peer_observation,00018916,1,7,01 00 00 0F 03 16 89
2026-09-28T15:22:42.262+00:00,16183.846,RX,peer_observation,00118916,1,5,01 00 00 16 89
2026-09-28T15:22:42.266+00:00,16188.469,RX,peer_observation,000151C8,1,7,01 00 00 0F 03 C8 51
2026-09-28T15:22:42.267+00:00,16188.782,RX,peer_observation,001151C8,1,5,01 00 00 C8 51
2026-09-28T15:22:42.271+00:00,16193.470,RX,peer_observation,00016795,1,7,01 00 00 0F 03 95 67
2026-09-28T15:22:42.272+00:00,16193.760,RX,peer_observation,00116795,1,5,01 00 00 95 67
2026-09-28T15:22:42.276+00:00,16198.470,RX,peer_observation,0001CDB8,1,7,01 00 00 0F 03 B8 CD
2026-09-28T15:22:42.277+00:00,16198.760,RX,peer_observation,0011CDB8,1,5,01 00 00 B8 CD
2026-09-28T15:22:42.281+00:00,16203.468,RX,peer_observation,000197EF,1,7,01 00 00 0F 03 EF 97
2026-09-28T15:22:42.282+00:00,16203.763,RX,peer_observation,001197EF,1,5,01 00 00 EF 97
2026-09-28T15:22:42.286+00:00,16208.525,RX,peer_observation,00016DB9,1,7,01 00 00 0F 03 B9 6D
2026-09-28T15:22:42.287+00:00,16208.883,RX,peer_observation,00116DB9,1,5,01 00 00 B9 6D
2026-09-28T15:22:42.291+00:00,16213.519,RX,peer_observation,0001AB16,1,7,01 00 00 0F 03 16 AB
2026-09-28T15:22:42.292+00:00,16213.871,RX,peer_observation,0011AB16,1,5,01 00 00 16 AB
2026-09-28T15:22:42.296+00:00,16218.522,RX,peer_observation,0001512F,1,7,01 00 00 0F 03 2F 51
2026-09-28T15:22:42.297+00:00,16218.764,RX,peer_observation,0011512F,1,5,01 00 00 2F 51
2026-09-28T15:22:42.302+00:00,16223.642,RX,peer_observation,0001B843,1,7,01 00 00 0F 03 43 B8
2026-09-28T15:22:42.302+00:00,16223.722,RX,peer_observation,0011B843,1,5,01 00 00 43 B8
2026-09-28T15:22:42.307+00:00,16228.691,RX,peer_observation,0001C4F1,1,7,01 00 00 0F 03 F1 C4
2026-09-28T15:22:42.307+00:00,16228.788,RX,peer_observation,0011C4F1,1,5,01 00 00 F1 C4
2026-09-28T15:22:42.312+00:00,16233.851,RX,peer_observation,0001EFE0,1,7,01 00 00 0F 03 E0 EF
2026-09-28T15:22:42.312+00:00,16233.898,RX,peer_observation,0011EFE0,1,5,01 00 00 E0 EF
2026-09-28T15:22:42.317+00:00,16238.693,RX,peer_observation,00010345,1,7,01 00 00 0F 03 45 03
2026-09-28T15:22:42.317+00:00,16238.771,RX,peer_observation,00110345,1,5,01 00 00 45 03
2026-09-28T15:22:42.321+00:00,16243.541,RX,peer_observation,00014228,1,7,01 00 00 0F 03 28 42
2026-09-28T15:22:42.322+00:00,16243.770,RX,peer_observation,00114228,1,5,01 00 00 28 42
2026-09-28T15:22:42.326+00:00,16248.510,RX,peer_observation,0001870F,1,7,01 00 00 0F 03 0F 87
2026-09-28T15:22:42.327+00:00,16248.663,RX,peer_observation,0011870F,1,5,01 00 00 0F 87
2026-09-28T15:22:42.332+00:00,16253.671,RX,peer_observation,000183B3,1,7,01 00 00 0F 03 B3 83
2026-09-28T15:22:42.332+00:00,16253.716,RX,peer_observation,001183B3,1,5,01 00 00 B3 83
2026-09-28T15:22:42.337+00:00,16258.672,RX,peer_observation,0001147F,1,7,01 00 00 0F 03 7F 14
2026-09-28T15:22:42.337+00:00,16258.766,RX,peer_observation,0011147F,1,5,01 00 00 7F 14
2026-09-28T15:22:42.341+00:00,16263.630,RX,peer_observation,00017CC0,1,7,01 00 00 0F 03 C0 7C
2026-09-28T15:22:42.342+00:00,16263.931,RX,peer_observation,00117CC0,1,5,01 00 00 C0 7C
2026-09-28T15:22:42.347+00:00,16268.716,RX,peer_observation,0001834A,1,7,01 00 00 0F 04 4A 83
2026-09-28T15:22:42.347+00:00,16268.791,RX,peer_observation,0011834A,1,5,01 00 00 4A 83
2026-09-28T15:22:42.351+00:00,16273.560,RX,peer_observation,0001F503,1,7,01 00 00 0F 03 03 F5
2026-09-28T15:22:42.352+00:00,16273.736,RX,peer_observation,0011F503,1,5,01 00 00 03 F5
2026-09-28T15:22:42.356+00:00,16278.496,RX,peer_observation,00015A2E,1,7,01 00 00 0F 03 2E 5A
2026-09-28T15:22:42.357+00:00,16278.742,RX,peer_observation,00115A2E,1,5,01 00 00 2E 5A
2026-09-28T15:22:42.361+00:00,16283.510,RX,peer_observation,0001F43C,1,7,01 00 00 0F 03 3C F4
2026-09-28T15:22:42.362+00:00,16283.758,RX,peer_observation,0011F43C,1,5,01 00 00 3C F4
2026-09-28T15:22:42.366+00:00,16288.513,RX,peer_observation,0001B94B,1,7,01 00 00 0F 03 4B B9
2026-09-28T15:22:42.367+00:00,16288.741,RX,peer_observation,0011B94B,1,5,01 00 00 4B B9
2026-09-28T15:22:42.372+00:00,16293.659,RX,peer_observation,0001ECDE,1,7,01 00 00 0F 03 DE EC
2026-09-28T15:22:42.372+00:00,16293.721,RX,peer_observation,0011ECDE,1,5,01 00 00 DE EC
2026-09-28T15:22:42.377+00:00,16298.719,RX,peer_observation,00012CA3,1,7,01 00 00 0F 03 A3 2C
2026-09-28T15:22:42.377+00:00,16298.781,RX,peer_observation,00112CA3,1,5,01 00 00 A3 2C
2026-09-28T15:22:42.382+00:00,16303.716,RX,peer_observation,0001C89E,1,7,01 00 00 0F 03 9E C8
2026-09-28T15:22:42.382+00:00,16303.778,RX,peer_observation,0011C89E,1,5,01 00 00 9E C8
2026-09-28T15:22:42.387+00:00,16308.719,RX,peer_observation,0001F9B9,1,7,01 00 00 0F 03 B9 F9
2026-09-28T15:22:42.387+00:00,16308.786,RX,peer_observation,0011F9B9,1,5,01 00 00 B9 F9
2026-09-28T15:22:42.392+00:00,16313.671,RX,peer_observation,0001E38E,1,7,01 00 00 0F 03 8E E3
2026-09-28T15:22:42.392+00:00,16313.719,RX,peer_observation,0011E38E,1,5,01 00 00 8E E3
2026-09-28T15:22:42.397+00:00,16318.808,RX,peer_observation,0001A724,1,7,01 00 00 0F 03 24 A7
2026-09-28T15:22:42.397+00:00,16318.894,RX,peer_observation,0011A724,1,5,01 00 00 24 A7
2026-09-28T15:22:42.402+00:00,16323.785,RX,peer_observation,00011140,1,7,01 00 00 0F 03 40 11
2026-09-28T15:22:42.402+00:00,16323.882,RX,peer_observation,00111140,1,5,01 00 00 40 11
2026-09-28T15:22:42.407+00:00,16328.713,RX,peer_observation,00015A93,1,7,01 00 00 0F 03 93 5A
2026-09-28T15:22:42.407+00:00,16328.796,RX,peer_observation,00115A93,1,5,01 00 00 93 5A
2026-09-28T15:22:42.412+00:00,16333.777,RX,peer_observation,000107FE,1,7,01 00 00 0F 03 FE 07
2026-09-28T15:22:42.412+00:00,16333.866,RX,peer_observation,001107FE,1,5,01 00 00 FE 07
2026-09-28T15:22:42.417+00:00,16338.812,RX,peer_observation,0001899C,1,7,01 00 00 0F 03 9C 89
2026-09-28T15:22:42.417+00:00,16338.902,RX,peer_observation,0011899C,1,5,01 00 00 9C 89
2026-09-28T15:22:42.422+00:00,16343.756,RX,peer_observation,00010517,1,7,01 00 00 0F 03 17 05
2026-09-28T15:22:42.422+00:00,16343.848,RX,peer_observation,00110517,1,5,01 00 00 17 05
2026-09-28T15:22:42.427+00:00,16348.751,RX,peer_observation,0001D741,1,7,01 00 00 0F 03 41 D7
2026-09-28T15:22:42.427+00:00,16348.838,RX,peer_observation,0011D741,1,5,01 00 00 41 D7
2026-09-28T15:22:42.432+00:00,16353.793,RX,peer_observation,000101DD,1,7,01 00 00 0F 03 DD 01
2026-09-28T15:22:42.432+00:00,16353.877,RX,peer_observation,001101DD,1,5,01 00 00 DD 01
2026-09-28T15:22:42.437+00:00,16358.790,RX,peer_observation,00016C14,1,7,01 00 00 0F 03 14 6C
2026-09-28T15:22:42.437+00:00,16358.883,RX,peer_observation,00116C14,1,5,01 00 00 14 6C
2026-09-28T15:22:42.442+00:00,16363.772,RX,peer_observation,000173B7,1,7,01 00 00 0F 03 B7 73
2026-09-28T15:22:42.442+00:00,16363.854,RX,peer_observation,001173B7,1,5,01 00 00 B7 73
2026-09-28T15:22:42.446+00:00,16368.637,RX,peer_observation,0001DC68,1,7,01 00 00 0F 03 68 DC
2026-09-28T15:22:42.447+00:00,16368.701,RX,peer_observation,0011DC68,1,5,01 00 00 68 DC
2026-09-28T15:22:42.452+00:00,16373.731,RX,peer_observation,0001D283,1,7,01 00 00 0F 03 83 D2
2026-09-28T15:22:42.452+00:00,16373.813,RX,peer_observation,0011D283,1,5,01 00 00 83 D2
2026-09-28T15:22:42.457+00:00,16378.658,RX,peer_observation,0001BFE5,1,7,01 00 00 0F 03 E5 BF
2026-09-28T15:22:42.457+00:00,16378.709,RX,peer_observation,0011BFE5,1,5,01 00 00 E5 BF
2026-09-28T15:22:42.462+00:00,16383.754,RX,peer_observation,0001FB15,1,7,01 00 00 0F 03 15 FB
2026-09-28T15:22:42.462+00:00,16383.835,RX,peer_observation,0011FB15,1,5,01 00 00 15 FB
2026-09-28T15:22:42.466+00:00,16388.647,RX,peer_observation,0001E780,1,7,01 00 00 0F 03 80 E7
2026-09-28T15:22:42.467+00:00,16388.735,RX,peer_observation,0011E780,1,5,01 00 00 80 E7
2026-09-28T15:22:42.472+00:00,16393.651,RX,peer_observation,00019095,1,7,01 00 00 0F 03 95 90
2026-09-28T15:22:42.472+00:00,16393.732,RX,peer_observation,00119095,1,5,01 00 00 95 90
2026-09-28T15:22:42.477+00:00,16398.759,RX,peer_observation,0001D6A9,1,7,01 00 00 0F 03 A9 D6
2026-09-28T15:22:42.477+00:00,16398.829,RX,peer_observation,0011D6A9,1,5,01 00 00 A9 D6
2026-09-28T15:22:42.482+00:00,16403.727,RX,peer_observation,0001660F,1,7,01 00 00 0F 03 0F 66
2026-09-28T15:22:42.482+00:00,16403.814,RX,peer_observation,0011660F,1,5,01 00 00 0F 66
2026-09-28T15:22:42.486+00:00,16408.619,RX,peer_observation,0001F227,1,7,01 00 00 0F 03 27 F2
2026-09-28T15:22:42.487+00:00,16408.731,RX,peer_observation,0011F227,1,5,01 00 00 27 F2
2026-09-28T15:22:42.492+00:00,16413.765,RX,peer_observation,0001466A,1,7,01 00 00 0F 03 6A 46
2026-09-28T15:22:42.492+00:00,16413.854,RX,peer_observation,0011466A,1,5,01 00 00 6A 46
2026-09-28T15:22:42.496+00:00,16418.584,RX,peer_observation,000112F6,1,7,01 00 00 0F 03 F6 12
2026-09-28T15:22:42.497+00:00,16418.680,RX,peer_observation,001112F6,1,5,01 00 00 F6 12
2026-09-28T15:22:42.501+00:00,16423.647,RX,peer_observation,0001F3AB,1,7,01 00 00 0F 03 AB F3
2026-09-28T15:22:42.502+00:00,16423.868,RX,peer_observation,0011F3AB,1,5,01 00 00 AB F3
2026-09-28T15:22:42.506+00:00,16428.621,RX,peer_observation,00012D32,1,7,01 00 00 0F 03 32 2D
2026-09-28T15:22:42.507+00:00,16428.915,RX,peer_observation,00112D32,1,5,01 00 00 32 2D
2026-09-28T15:22:42.511+00:00,16433.585,RX,peer_observation,0001BF2B,1,7,01 00 00 0F 03 2B BF
2026-09-28T15:22:42.512+00:00,16433.825,RX,peer_observation,0011BF2B,1,5,01 00 00 2B BF
2026-09-28T15:22:42.516+00:00,16438.575,RX,peer_observation,0001CAC9,1,7,01 00 00 0F 03 C9 CA
2026-09-28T15:22:42.517+00:00,16438.670,RX,peer_observation,0011CAC9,1,5,01 00 00 C9 CA
2026-09-28T15:22:42.521+00:00,16443.529,RX,peer_observation,0001A721,1,7,01 00 00 0F 03 21 A7
2026-09-28T15:22:42.522+00:00,16443.785,RX,peer_observation,0011A721,1,5,01 00 00 21 A7
2026-09-28T15:22:42.527+00:00,16448.679,RX,peer_observation,00017787,1,7,01 00 00 0F 03 87 77
2026-09-28T15:22:42.527+00:00,16448.801,RX,peer_observation,00117787,1,5,01 00 00 87 77
2026-09-28T15:22:42.531+00:00,16453.550,RX,peer_observation,00014ABC,1,7,01 00 00 0F 03 BC 4A
2026-09-28T15:22:42.532+00:00,16453.800,RX,peer_observation,00114ABC,1,5,01 00 00 BC 4A
2026-09-28T15:22:42.536+00:00,16458.576,RX,peer_observation,00017FC2,1,7,01 00 00 0F 03 C2 7F
2026-09-28T15:22:42.537+00:00,16458.832,RX,peer_observation,00117FC2,1,5,01 00 00 C2 7F
2026-09-28T15:22:42.541+00:00,16463.526,RX,peer_observation,00019C9A,1,7,01 00 00 0F 03 9A 9C
2026-09-28T15:22:42.541+00:00,16463.613,RX,peer_observation,00119C9A,1,5,01 00 00 9A 9C
2026-09-28T15:22:42.546+00:00,16468.642,RX,peer_observation,0001E8AC,1,7,01 00 00 0F 03 AC E8
2026-09-28T15:22:42.547+00:00,16468.712,RX,peer_observation,0011E8AC,1,5,01 00 00 AC E8
2026-09-28T15:22:42.552+00:00,16473.735,RX,peer_observation,0001A45D,1,7,01 00 00 0F 03 5D A4
2026-09-28T15:22:42.552+00:00,16473.780,RX,peer_observation,0011A45D,1,5,01 00 00 5D A4
2026-09-28T15:22:42.557+00:00,16478.741,RX,peer_observation,0001D113,1,7,01 00 00 0F 03 13 D1
2026-09-28T15:22:42.557+00:00,16478.798,RX,peer_observation,0011D113,1,5,01 00 00 13 D1
2026-09-28T15:22:42.561+00:00,16483.586,RX,peer_observation,00015AB5,1,7,01 00 00 0F 03 B5 5A
2026-09-28T15:22:42.562+00:00,16483.718,RX,peer_observation,00115AB5,1,5,01 00 00 B5 5A
2026-09-28T15:22:42.567+00:00,16488.709,RX,peer_observation,0001771D,1,7,01 00 00 0F 03 1D 77
2026-09-28T15:22:42.567+00:00,16488.793,RX,peer_observation,0011771D,1,5,01 00 00 1D 77
2026-09-28T15:22:42.571+00:00,16493.522,RX,peer_observation,0001B40F,1,7,01 00 00 0F 03 0F B4
2026-09-28T15:22:42.572+00:00,16493.665,RX,peer_observation,0011B40F,1,5,01 00 00 0F B4
2026-09-28T15:22:42.577+00:00,16498.664,RX,peer_observation,0001AB38,1,7,01 00 00 0F 03 38 AB
2026-09-28T15:22:42.577+00:00,16498.755,RX,peer_observation,0011AB38,1,5,01 00 00 38 AB
2026-09-28T15:22:42.581+00:00,16503.531,RX,peer_observation,00011CCD,1,7,01 00 00 0F 03 CD 1C
2026-09-28T15:22:42.582+00:00,16503.784,RX,peer_observation,00111CCD,1,5,01 00 00 CD 1C
2026-09-28T15:22:42.587+00:00,16508.695,RX,peer_observation,00017661,1,7,01 00 00 0F 03 61 76
2026-09-28T15:22:42.587+00:00,16508.751,RX,peer_observation,00117661,1,5,01 00 00 61 76
2026-09-28T15:22:42.591+00:00,16513.576,RX,peer_observation,00015AB7,1,7,01 00 00 0F 03 B7 5A
2026-09-28T15:22:42.592+00:00,16513.664,RX,peer_observation,00115AB7,1,5,01 00 00 B7 5A
2026-09-28T15:22:42.596+00:00,16518.478,RX,peer_observation,00013567,1,7,01 00 00 0F 03 67 35
2026-09-28T15:22:42.597+00:00,16518.727,RX,peer_observation,00113567,1,5,01 00 00 67 35
2026-09-28T15:22:42.602+00:00,16523.674,RX,peer_observation,000121FC,1,7,01 00 00 0F 03 FC 21
2026-09-28T15:22:42.602+00:00,16523.731,RX,peer_observation,001121FC,1,5,01 00 00 FC 21
2026-09-28T15:22:42.606+00:00,16528.472,RX,peer_observation,00012CDA,1,7,01 00 00 0F 03 DA 2C
2026-09-28T15:22:42.607+00:00,16528.742,RX,peer_observation,00112CDA,1,5,01 00 00 DA 2C
2026-09-28T15:22:42.612+00:00,16533.804,RX,peer_observation,00014903,1,7,01 00 00 0F 03 03 49
2026-09-28T15:22:42.612+00:00,16534.018,RX,peer_observation,00114903,1,5,01 00 00 03 49
2026-09-28T15:22:42.616+00:00,16538.521,RX,peer_observation,0001F4C6,1,7,01 00 00 0F 03 C6 F4
2026-09-28T15:22:42.617+00:00,16538.754,RX,peer_observation,0011F4C6,1,5,01 00 00 C6 F4
2026-09-28T15:22:42.622+00:00,16543.715,RX,peer_observation,000100DD,1,7,01 00 00 0F 03 DD 00
2026-09-28T15:22:42.622+00:00,16543.786,RX,peer_observation,001100DD,1,5,01 00 00 DD 00
2026-09-28T15:22:42.627+00:00,16548.665,RX,peer_observation,00016960,1,7,01 00 00 0F 03 60 69
2026-09-28T15:22:42.627+00:00,16548.714,RX,peer_observation,00116960,1,5,01 00 00 60 69
2026-09-28T15:22:42.631+00:00,16553.504,RX,peer_observation,0001D90F,1,7,01 00 00 0F 03 0F D9
2026-09-28T15:22:42.632+00:00,16553.725,RX,peer_observation,0011D90F,1,5,01 00 00 0F D9
2026-09-28T15:22:42.637+00:00,16558.694,RX,peer_observation,0001DD5E,1,7,01 00 00 0F 03 5E DD
2026-09-28T15:22:42.637+00:00,16558.759,RX,peer_observation,0011DD5E,1,5,01 00 00 5E DD
2026-09-28T15:22:42.641+00:00,16563.552,RX,peer_observation,00010014,1,7,01 00 00 0F 03 14 00
2026-09-28T15:22:42.642+00:00,16563.658,RX,peer_observation,00110014,1,5,01 00 00 14 00
2026-09-28T15:22:42.646+00:00,16568.605,RX,peer_observation,0001088C,1,7,01 00 00 0F 03 8C 08
2026-09-28T15:22:42.647+00:00,16568.769,RX,peer_observation,0011088C,1,5,01 00 00 8C 08
2026-09-28T15:22:42.652+00:00,16573.648,RX,peer_observation,0001C6C6,1,7,01 00 00 0F 03 C6 C6
2026-09-28T15:22:42.652+00:00,16573.732,RX,peer_observation,0011C6C6,1,5,01 00 00 C6 C6
2026-09-28T15:22:42.657+00:00,16578.735,RX,peer_observation,000160D2,1,7,01 00 00 0F 03 D2 60
2026-09-28T15:22:42.657+00:00,16578.781,RX,peer_observation,001160D2,1,5,01 00 00 D2 60
2026-09-28T15:22:42.662+00:00,16583.648,RX,peer_observation,0001578E,1,7,01 00 00 0F 03 8E 57
2026-09-28T15:22:42.662+00:00,16583.707,RX,peer_observation,0011578E,1,5,01 00 00 8E 57
2026-09-28T15:22:42.667+00:00,16588.665,RX,peer_observation,000189D3,1,7,01 00 00 0F 03 D3 89
2026-09-28T15:22:42.667+00:00,16588.797,RX,peer_observation,001189D3,1,5,01 00 00 D3 89
2026-09-28T15:22:42.671+00:00,16593.638,RX,peer_observation,00011309,1,7,01 00 00 0F 03 09 13
2026-09-28T15:22:42.672+00:00,16593.695,RX,peer_observation,00111309,1,5,01 00 00 09 13
2026-09-28T15:22:42.677+00:00,16598.676,RX,peer_observation,000172CE,1,7,01 00 00 0F 03 CE 72
2026-09-28T15:22:42.677+00:00,16598.732,RX,peer_observation,001172CE,1,5,01 00 00 CE 72
2026-09-28T15:22:42.682+00:00,16603.648,RX,peer_observation,00017A88,1,7,01 00 00 0F 03 88 7A
2026-09-28T15:22:42.682+00:00,16603.708,RX,peer_observation,00117A88,1,5,01 00 00 88 7A
2026-09-28T15:22:42.686+00:00,16608.562,RX,peer_observation,0001A459,1,7,01 00 00 0F 03 59 A4
2026-09-28T15:22:42.687+00:00,16608.657,RX,peer_observation,0011A459,1,5,01 00 00 59 A4
2026-09-28T15:22:42.692+00:00,16613.674,RX,peer_observation,0001C991,1,7,01 00 00 0F 03 91 C9
2026-09-28T15:22:42.692+00:00,16613.795,RX,peer_observation,0011C991,1,5,01 00 00 91 C9
2026-09-28T15:22:42.696+00:00,16618.518,RX,peer_observation,0001A73F,1,7,01 00 00 0F 03 3F A7
2026-09-28T15:22:42.697+00:00,16618.736,RX,peer_observation,0011A73F,1,5,01 00 00 3F A7
2026-09-28T15:22:42.701+00:00,16623.598,RX,peer_observation,00018250,1,7,01 00 00 0F 03 50 82
2026-09-28T15:22:42.702+00:00,16623.708,RX,peer_observation,00118250,1,5,01 00 00 50 82
2026-09-28T15:22:42.706+00:00,16628.498,RX,peer_observation,0001CF82,1,7,01 00 00 0F 03 82 CF
2026-09-28T15:22:42.707+00:00,16628.745,RX,peer_observation,0011CF82,1,5,01 00 00 82 CF
2026-09-28T15:22:42.711+00:00,16633.634,RX,peer_observation,0001DD94,1,7,01 00 00 0F 03 94 DD
2026-09-28T15:22:42.712+00:00,16633.712,RX,peer_observation,0011DD94,1,5,01 00 00 94 DD
2026-09-28T15:22:42.716+00:00,16638.521,RX,peer_observation,00013E47,1,7,01 00 00 0F 03 47 3E
2026-09-28T15:22:42.717+00:00,16638.742,RX,peer_observation,00113E47,1,5,01 00 00 47 3E
2026-09-28T15:22:42.721+00:00,16643.643,RX,peer_observation,00016DCD,1,7,01 00 00 0F 03 CD 6D
2026-09-28T15:22:42.722+00:00,16643.701,RX,peer_observation,00116DCD,1,5,01 00 00 CD 6D
2026-09-28T15:22:42.726+00:00,16648.575,RX,peer_observation,0001CF47,1,7,01 00 00 0F 03 47 CF
2026-09-28T15:22:42.727+00:00,16648.818,RX,peer_observation,0011CF47,1,5,01 00 00 47 CF
2026-09-28T15:22:42.732+00:00,16653.686,RX,peer_observation,0001ED29,1,7,01 00 00 0F 03 29 ED
2026-09-28T15:22:42.732+00:00,16653.743,RX,peer_observation,0011ED29,1,5,01 00 00 29 ED
2026-09-28T15:22:42.736+00:00,16658.621,RX,peer_observation,000131EE,1,7,01 00 00 0F 03 EE 31
2026-09-28T15:22:42.737+00:00,16658.679,RX,peer_observation,001131EE,1,5,01 00 00 EE 31
2026-09-28T15:22:42.741+00:00,16663.638,RX,peer_observation,00016DBF,1,7,01 00 00 0F 03 BF 6D
2026-09-28T15:22:42.742+00:00,16663.694,RX,peer_observation,00116DBF,1,5,01 00 00 BF 6D
2026-09-28T15:22:42.747+00:00,16668.651,RX,peer_observation,0001544E,1,7,01 00 00 0F 03 4E 54
2026-09-28T15:22:42.747+00:00,16668.708,RX,peer_observation,0011544E,1,5,01 00 00 4E 54
2026-09-28T15:22:42.751+00:00,16673.458,RX,peer_observation,0001136B,1,7,01 00 00 0F 03 6B 13
2026-09-28T15:22:42.752+00:00,16673.725,RX,peer_observation,0011136B,1,5,01 00 00 6B 13
2026-09-28T15:22:42.757+00:00,16678.700,RX,peer_observation,00014599,1,7,01 00 00 0F 03 99 45
2026-09-28T15:22:42.757+00:00,16678.786,RX,peer_observation,00114599,1,5,01 00 00 99 45
2026-09-28T15:22:42.761+00:00,16683.577,RX,peer_observation,00013DC6,1,7,01 00 00 0F 03 C6 3D
2026-09-28T15:22:42.762+00:00,16683.746,RX,peer_observation,00113DC6,1,5,01 00 00 C6 3D
2026-09-28T15:22:42.766+00:00,16688.477,RX,peer_observation,000183B7,1,7,01 00 00 0F 03 B7 83
2026-09-28T15:22:42.767+00:00,16688.779,RX,peer_observation,001183B7,1,5,01 00 00 B7 83
2026-09-28T15:22:42.772+00:00,16693.650,RX,peer_observation,0001B55F,1,7,01 00 00 0F 03 5F B5
2026-09-28T15:22:42.772+00:00,16693.699,RX,peer_observation,0011B55F,1,5,01 00 00 5F B5
2026-09-28T15:22:42.777+00:00,16698.652,RX,peer_observation,00011B3B,1,7,01 00 00 0F 03 3B 1B
2026-09-28T15:22:42.777+00:00,16698.701,RX,peer_observation,00111B3B,1,5,01 00 00 3B 1B
2026-09-28T15:22:42.782+00:00,16703.648,RX,peer_observation,00016E24,1,7,01 00 00 0F 03 24 6E
2026-09-28T15:22:42.782+00:00,16703.696,RX,peer_observation,00116E24,1,5,01 00 00 24 6E
2026-09-28T15:22:42.786+00:00,16708.510,RX,peer_observation,000176B7,1,7,01 00 00 0F 03 B7 76
2026-09-28T15:22:42.787+00:00,16708.734,RX,peer_observation,001176B7,1,5,01 00 00 B7 76
2026-09-28T15:22:42.791+00:00,16713.485,RX,peer_observation,00016996,1,7,01 00 00 0F 03 96 69
2026-09-28T15:22:42.792+00:00,16713.724,RX,peer_observation,00116996,1,5,01 00 00 96 69
2026-09-28T15:22:42.796+00:00,16718.635,RX,peer_observation,0001364C,1,7,01 00 00 0F 03 4C 36
2026-09-28T15:22:42.797+00:00,16718.693,RX,peer_observation,0011364C,1,5,01 00 00 4C 36
2026-09-28T15:22:42.802+00:00,16723.672,RX,peer_observation,0001B641,1,7,01 00 00 0F 03 41 B6
2026-09-28T15:22:42.802+00:00,16723.768,RX,peer_observation,0011B641,1,5,01 00 00 41 B6
2026-09-28T15:22:42.806+00:00,16728.624,RX,peer_observation,0001E9E5,1,7,01 00 00 0F 03 E5 E9
2026-09-28T15:22:42.807+00:00,16728.705,RX,peer_observation,0011E9E5,1,5,01 00 00 E5 E9
2026-09-28T15:22:42.812+00:00,16733.709,RX,peer_observation,00019E90,1,7,01 00 00 0F 03 90 9E
2026-09-28T15:22:42.812+00:00,16733.792,RX,peer_observation,00119E90,1,5,01 00 00 90 9E
2026-09-28T15:22:42.817+00:00,16738.651,RX,peer_observation,0001247B,1,7,01 00 00 0F 03 7B 24
2026-09-28T15:22:42.817+00:00,16738.709,RX,peer_observation,0011247B,1,5,01 00 00 7B 24
2026-09-28T15:22:42.822+00:00,16743.774,RX,peer_observation,000143F1,1,7,01 00 00 0F 03 F1 43
2026-09-28T15:22:42.822+00:00,16743.844,RX,peer_observation,001143F1,1,5,01 00 00 F1 43
2026-09-28T15:22:42.827+00:00,16748.655,RX,peer_observation,0001B456,1,7,01 00 00 0F 03 56 B4
2026-09-28T15:22:42.827+00:00,16748.712,RX,peer_observation,0011B456,1,5,01 00 00 56 B4
2026-09-28T15:22:42.832+00:00,16753.681,RX,peer_observation,000193E6,1,7,01 00 00 0F 03 E6 93
2026-09-28T15:22:42.832+00:00,16753.755,RX,peer_observation,001193E6,1,5,01 00 00 E6 93
2026-09-28T15:22:42.837+00:00,16758.652,RX,peer_observation,00017025,1,7,01 00 00 0F 03 25 70
2026-09-28T15:22:42.837+00:00,16758.735,RX,peer_observation,00117025,1,5,01 00 00 25 70
2026-09-28T15:22:42.842+00:00,16763.687,RX,peer_observation,00010B78,1,7,01 00 00 0F 03 78 0B
2026-09-28T15:22:42.842+00:00,16763.780,RX,peer_observation,00110B78,1,5,01 00 00 78 0B
2026-09-28T15:22:42.846+00:00,16768.501,RX,peer_observation,0001666A,1,7,01 00 00 0F 03 6A 66
2026-09-28T15:22:42.847+00:00,16768.771,RX,peer_observation,0011666A,1,5,01 00 00 6A 66
2026-09-28T15:22:42.851+00:00,16773.458,RX,peer_observation,00010A26,1,7,01 00 00 0F 03 26 0A
2026-09-28T15:22:42.852+00:00,16773.727,RX,peer_observation,00110A26,1,5,01 00 00 26 0A
2026-09-28T15:22:42.856+00:00,16778.634,RX,peer_observation,0001CC85,1,7,01 00 00 0F 03 85 CC
2026-09-28T15:22:42.857+00:00,16778.883,RX,peer_observation,0011CC85,1,5,01 00 00 85 CC
2026-09-28T15:22:42.861+00:00,16783.609,RX,peer_observation,00011849,1,7,01 00 00 0F 03 49 18
2026-09-28T15:22:42.862+00:00,16783.683,RX,peer_observation,00111849,1,5,01 00 00 49 18
2026-09-28T15:22:42.866+00:00,16788.568,RX,peer_observation,0001C864,1,7,01 00 00 0F 03 64 C8
2026-09-28T15:22:42.867+00:00,16788.651,RX,peer_observation,0011C864,1,5,01 00 00 64 C8
2026-09-28T15:22:42.871+00:00,16793.617,RX,peer_observation,00012D7C,1,7,01 00 00 0F 03 7C 2D
2026-09-28T15:22:42.872+00:00,16793.855,RX,peer_observation,00112D7C,1,5,01 00 00 7C 2D
2026-09-28T15:22:42.876+00:00,16798.622,RX,peer_observation,00010BA8,1,7,01 00 00 0F 03 A8 0B
2026-09-28T15:22:42.877+00:00,16798.680,RX,peer_observation,00110BA8,1,5,01 00 00 A8 0B
2026-09-28T15:22:42.881+00:00,16803.552,RX,peer_observation,0001EA90,1,7,01 00 00 0F 03 90 EA
2026-09-28T15:22:42.882+00:00,16803.658,RX,peer_observation,0011EA90,1,5,01 00 00 90 EA
2026-09-28T15:22:42.886+00:00,16808.636,RX,peer_observation,000180BB,1,7,01 00 00 0F 03 BB 80
2026-09-28T15:22:42.887+00:00,16808.702,RX,peer_observation,001180BB,1,5,01 00 00 BB 80
2026-09-28T15:22:42.891+00:00,16813.568,RX,peer_observation,00014F15,1,7,01 00 00 0F 03 15 4F
2026-09-28T15:22:42.892+00:00,16813.656,RX,peer_observation,00114F15,1,5,01 00 00 15 4F
2026-09-28T15:22:42.896+00:00,16818.513,RX,peer_observation,00013E26,1,7,01 00 00 0F 03 26 3E
2026-09-28T15:22:42.897+00:00,16818.756,RX,peer_observation,00113E26,1,5,01 00 00 26 3E
2026-09-28T15:22:42.901+00:00,16823.580,RX,peer_observation,00019D75,1,7,01 00 00 0F 03 75 9D
2026-09-28T15:22:42.902+00:00,16823.658,RX,peer_observation,00119D75,1,5,01 00 00 75 9D
2026-09-28T15:22:42.906+00:00,16828.445,RX,peer_observation,00019231,1,7,01 00 00 0F 03 31 92
2026-09-28T15:22:42.907+00:00,16828.712,RX,peer_observation,00119231,1,5,01 00 00 31 92
2026-09-28T15:22:42.911+00:00,16833.490,RX,peer_observation,0001C543,1,7,01 00 00 0F 03 43 C5
2026-09-28T15:22:42.912+00:00,16833.729,RX,peer_observation,0011C543,1,5,01 00 00 43 C5
2026-09-28T15:22:42.916+00:00,16838.428,RX,peer_observation,0001BC91,1,7,01 00 00 0F 03 91 BC
2026-09-28T15:22:42.917+00:00,16838.726,RX,peer_observation,0011BC91,1,5,01 00 00 91 BC
2026-09-28T15:22:42.921+00:00,16843.485,RX,peer_observation,00016E1D,1,7,01 00 00 0F 03 1D 6E
2026-09-28T15:22:42.922+00:00,16843.722,RX,peer_observation,00116E1D,1,5,01 00 00 1D 6E
2026-09-28T15:22:42.926+00:00,16848.456,RX,peer_observation,0001F5A7,1,7,01 00 00 0F 03 A7 F5
2026-09-28T15:22:42.927+00:00,16848.723,RX,peer_observation,0011F5A7,1,5,01 00 00 A7 F5
2026-09-28T15:22:42.931+00:00,16853.450,RX,peer_observation,0001B65F,1,7,01 00 00 0F 03 5F B6
2026-09-28T15:22:42.932+00:00,16853.726,RX,peer_observation,0011B65F,1,5,01 00 00 5F B6
2026-09-28T15:22:42.936+00:00,16858.585,RX,peer_observation,00014AAB,1,7,01 00 00 0F 03 AB 4A
2026-09-28T15:22:42.937+00:00,16858.663,RX,peer_observation,00114AAB,1,5,01 00 00 AB 4A
2026-09-28T15:22:42.941+00:00,16863.508,RX,peer_observation,0001DF70,1,7,01 00 00 0F 03 70 DF
2026-09-28T15:22:42.942+00:00,16863.749,RX,peer_observation,0011DF70,1,5,01 00 00 70 DF
2026-09-28T15:22:42.946+00:00,16868.588,RX,peer_observation,00012BAE,1,7,01 00 00 0F 03 AE 2B
2026-09-28T15:22:42.947+00:00,16868.709,RX,peer_observation,00112BAE,1,5,01 00 00 AE 2B
2026-09-28T15:22:42.951+00:00,16873.510,RX,peer_observation,0001DE71,1,7,01 00 00 0F 03 71 DE
2026-09-28T15:22:42.952+00:00,16873.737,RX,peer_observation,0011DE71,1,5,01 00 00 71 DE
2026-09-28T15:22:42.956+00:00,16878.408,RX,peer_observation,00010059,1,7,01 00 00 0F 03 59 00
2026-09-28T15:22:42.957+00:00,16878.697,RX,peer_observation,00110059,1,5,01 00 00 59 00
2026-09-28T15:22:42.961+00:00,16883.432,RX,peer_observation,00011E9D,1,7,01 00 00 0F 03 9D 1E
2026-09-28T15:22:42.962+00:00,16883.721,RX,peer_observation,00111E9D,1,5,01 00 00 9D 1E
2026-09-28T15:22:42.966+00:00,16888.398,RX,peer_observation,0001B5DC,1,7,01 00 00 0F 03 DC B5
2026-09-28T15:22:42.967+00:00,16888.689,RX,peer_observation,0011B5DC,1,5,01 00 00 DC B5
2026-09-28T15:22:42.971+00:00,16893.489,RX,peer_observation,00017390,1,7,01 00 00 0F 03 90 73
2026-09-28T15:22:42.972+00:00,16893.711,RX,peer_observation,00117390,1,5,01 00 00 90 73
2026-09-28T15:22:42.976+00:00,16898.515,RX,peer_observation,00017C5B,1,7,01 00 00 0F 03 5B 7C
2026-09-28T15:22:42.977+00:00,16898.774,RX,peer_observation,00117C5B,1,5,01 00 00 5B 7C
2026-09-28T15:22:42.981+00:00,16903.421,RX,peer_observation,0001585D,1,7,01 00 00 0F 03 5D 58
2026-09-28T15:22:42.982+00:00,16903.731,RX,peer_observation,0011585D,1,5,01 00 00 5D 58
2026-09-28T15:22:42.986+00:00,16908.439,RX,peer_observation,0001CFE4,1,7,01 00 00 0F 03 E4 CF
2026-09-28T15:22:42.987+00:00,16908.722,RX,peer_observation,0011CFE4,1,5,01 00 00 E4 CF
2026-09-28T15:22:42.991+00:00,16913.470,RX,peer_observation,0001E10A,1,7,01 00 00 0F 03 0A E1
2026-09-28T15:22:42.992+00:00,16913.718,RX,peer_observation,0011E10A,1,5,01 00 00 0A E1
2026-09-28T15:22:42.996+00:00,16918.482,RX,peer_observation,0001ECB8,1,7,01 00 00 0F 03 B8 EC
2026-09-28T15:22:42.997+00:00,16918.762,RX,peer_observation,0011ECB8,1,5,01 00 00 B8 EC
2026-09-28T15:22:43.002+00:00,16923.685,RX,peer_observation,0001FAF8,1,7,01 00 00 0F 03 F8 FA
2026-09-28T15:22:43.002+00:00,16923.756,RX,peer_observation,0011FAF8,1,5,01 00 00 F8 FA
2026-09-28T15:22:43.007+00:00,16928.671,RX,peer_observation,0001D863,1,7,01 00 00 0F 03 63 D8
2026-09-28T15:22:43.007+00:00,16928.729,RX,peer_observation,0011D863,1,5,01 00 00 63 D8
2026-09-28T15:22:43.012+00:00,16933.649,RX,peer_observation,0001A943,1,7,01 00 00 0F 03 43 A9
2026-09-28T15:22:43.012+00:00,16933.734,RX,peer_observation,0011A943,1,5,01 00 00 43 A9
2026-09-28T15:22:43.017+00:00,16938.661,RX,peer_observation,000110F9,1,7,01 00 00 0F 03 F9 10
2026-09-28T15:22:43.017+00:00,16938.789,RX,peer_observation,001110F9,1,5,01 00 00 F9 10
2026-09-28T15:22:43.022+00:00,16943.726,RX,peer_observation,0001050B,1,7,01 00 00 0F 03 0B 05
2026-09-28T15:22:43.022+00:00,16943.808,RX,peer_observation,0011050B,1,5,01 00 00 0B 05
2026-09-28T15:22:43.026+00:00,16948.617,RX,peer_observation,0001F97A,1,7,01 00 00 0F 03 7A F9
2026-09-28T15:22:43.027+00:00,16948.673,RX,peer_observation,0011F97A,1,5,01 00 00 7A F9
2026-09-28T15:22:43.032+00:00,16953.660,RX,peer_observation,00012E5D,1,7,01 00 00 0F 03 5D 2E
2026-09-28T15:22:43.032+00:00,16953.750,RX,peer_observation,00112E5D,1,5,01 00 00 5D 2E
2026-09-28T15:22:43.037+00:00,16958.679,RX,peer_observation,00015A1D,1,7,01 00 00 0F 03 1D 5A
2026-09-28T15:22:43.037+00:00,16958.762,RX,peer_observation,00115A1D,1,5,01 00 00 1D 5A
2026-09-28T15:22:43.042+00:00,16963.689,RX,peer_observation,00016907,1,7,01 00 00 0F 03 07 69
2026-09-28T15:22:43.042+00:00,16963.768,RX,peer_observation,00116907,1,5,01 00 00 07 69
2026-09-28T15:22:43.046+00:00,16968.432,RX,peer_observation,0001AD1F,1,7,01 00 00 0F 03 1F AD
2026-09-28T15:22:43.047+00:00,16968.720,RX,peer_observation,0011AD1F,1,5,01 00 00 1F AD
2026-09-28T15:22:43.051+00:00,16973.537,RX,peer_observation,0001799B,1,7,01 00 00 0F 03 9B 79
2026-09-28T15:22:43.052+00:00,16973.749,RX,peer_observation,0011799B,1,5,01 00 00 9B 79
2026-09-28T15:22:43.056+00:00,16978.609,RX,peer_observation,0001EC47,1,7,01 00 00 0F 03 47 EC
2026-09-28T15:22:43.057+00:00,16978.666,RX,peer_observation,0011EC47,1,5,01 00 00 47 EC
2026-09-28T15:22:43.062+00:00,16983.728,RX,peer_observation,00014978,1,7,01 00 00 0F 03 78 49
2026-09-28T15:22:43.062+00:00,16983.806,RX,peer_observation,00114978,1,5,01 00 00 78 49
2026-09-28T15:22:43.066+00:00,16988.614,RX,peer_observation,00014D33,1,7,01 00 00 0F 03 33 4D
2026-09-28T15:22:43.067+00:00,16988.672,RX,peer_observation,00114D33,1,5,01 00 00 33 4D
2026-09-28T15:22:43.072+00:00,16993.683,RX,peer_observation,00011585,1,7,01 00 00 0F 03 85 15
2026-09-28T15:22:43.072+00:00,16993.803,RX,peer_observation,00111585,1,5,01 00 00 85 15
2026-09-28T15:22:43.076+00:00,16998.567,RX,peer_observation,0001C237,1,7,01 00 00 0F 03 37 C2
2026-09-28T15:22:43.077+00:00,16998.673,RX,peer_observation,0011C237,1,5,01 00 00 37 C2
2026-09-28T15:22:43.079+00:00,17001.588,TX,peer_00006_short,0012C82D,1,5,01 00 00 2D C8
2026-09-28T15:22:43.082+00:00,17003.700,RX,peer_observation,00014A0A,1,7,01 00 00 0F 03 0A 4A
2026-09-28T15:22:43.082+00:00,17003.800,RX,peer_observation,00114A0A,1,5,01 00 00 0A 4A
2026-09-28T15:22:43.086+00:00,17008.470,RX,peer_observation,0001AF52,1,7,01 00 00 0F 03 52 AF
2026-09-28T15:22:43.087+00:00,17008.718,RX,peer_observation,0011AF52,1,5,01 00 00 52 AF
2026-09-28T15:22:43.088+00:00,17010.456,RX,peer_observation,103C0401,1,4,00 00 00 01
2026-09-28T15:22:43.089+00:00,17010.763,RX,peer_observation,103C0481,1,8,00 00 00 00 00 10 62 14
2026-09-28T15:22:43.091+00:00,17013.627,RX,peer_observation,0001E2CA,1,7,01 00 00 0F 03 CA E2
2026-09-28T15:22:43.092+00:00,17013.774,RX,peer_observation,0011E2CA,1,5,01 00 00 CA E2
2026-09-28T15:22:43.093+00:00,17015.421,RX,peer_observation,103C0401,1,4,00 00 00 01
2026-09-28T15:22:43.094+00:00,17015.692,RX,peer_observation,103C0481,1,8,00 00 00 00 00 10 62 14
2026-09-28T15:22:43.096+00:00,17018.397,RX,peer_observation,0001AA7E,1,7,01 00 00 0F 03 7E AA
2026-09-28T15:22:43.097+00:00,17018.714,RX,peer_observation,0011AA7E,1,5,01 00 00 7E AA
2026-09-28T15:22:43.098+00:00,17020.429,RX,peer_observation,103C0401,1,4,00 00 00 01
2026-09-28T15:22:43.099+00:00,17020.656,RX,peer_observation,103C0481,1,8,00 00 00 00 00 10 62 14
2026-09-28T15:22:43.101+00:00,17023.508,RX,peer_observation,0001ED4B,1,7,01 00 00 0F 03 4B ED
2026-09-28T15:22:43.102+00:00,17023.728,RX,peer_observation,0011ED4B,1,5,01 00 00 4B ED
2026-09-28T15:22:43.103+00:00,17025.472,RX,peer_observation,103C0401,1,4,00 00 00 01
2026-09-28T15:22:43.104+00:00,17025.692,RX,peer_observation,103C0481,1,8,00 00 00 00 00 10 63 14
2026-09-28T15:22:43.106+00:00,17028.544,RX,peer_observation,0001A06D,1,7,01 00 00 0F 03 6D A0
2026-09-28T15:22:43.107+00:00,17028.793,RX,peer_observation,0011A06D,1,5,01 00 00 6D A0
2026-09-28T15:22:43.108+00:00,17030.457,RX,peer_observation,103C0401,1,4,00 00 00 01
2026-09-28T15:22:43.109+00:00,17030.668,RX,peer_observation,103C0481,1,8,00 00 00 00 00 10 63 14
2026-09-28T15:22:43.111+00:00,17033.430,RX,peer_observation,0001D7E9,1,7,01 00 00 0F 03 E9 D7
2026-09-28T15:22:43.112+00:00,17033.724,RX,peer_observation,0011D7E9,1,5,01 00 00 E9 D7
2026-09-28T15:22:43.113+00:00,17035.420,RX,peer_observation,103C0401,1,4,00 00 00 01
2026-09-28T15:22:43.114+00:00,17035.702,RX,peer_observation,103C0481,1,8,00 00 00 00 00 10 62 14
2026-09-28T15:22:43.116+00:00,17038.519,RX,peer_observation,00015A70,1,7,01 00 00 0F 03 70 5A
2026-09-28T15:22:43.117+00:00,17038.746,RX,peer_observation,00115A70,1,5,01 00 00 70 5A
2026-09-28T15:22:43.118+00:00,17040.424,RX,peer_observation,103C0401,1,4,00 00 00 01
2026-09-28T15:22:43.119+00:00,17040.882,RX,peer_observation,103C0481,1,8,00 00 00 00 00 10 62 14
2026-09-28T15:22:43.121+00:00,17043.427,RX,peer_observation,0001E330,1,7,01 00 00 0F 03 30 E3
2026-09-28T15:22:43.122+00:00,17043.715,RX,peer_observation,0011E330,1,5,01 00 00 30 E3
2026-09-28T15:22:43.123+00:00,17045.496,RX,peer_observation,103C0401,1,4,00 00 00 01
2026-09-28T15:22:43.124+00:00,17045.825,RX,peer_observation,103C0481,1,8,00 00 00 00 00 10 63 14
2026-09-28T15:22:43.126+00:00,17048.452,RX,peer_observation,00018C18,1,7,01 00 00 0F 03 18 8C
2026-09-28T15:22:43.127+00:00,17048.770,RX,peer_observation,00118C18,1,5,01 00 00 18 8C
2026-09-28T15:22:43.128+00:00,17050.364,RX,peer_observation,103C0401,1,4,00 00 00 01
2026-09-28T15:22:43.129+00:00,17050.749,RX,peer_observation,103C0481,1,8,00 00 00 00 00 10 63 14
2026-09-28T15:22:43.131+00:00,17053.444,RX,peer_observation,0001DF8E,1,7,01 00 00 0F 03 8E DF
2026-09-28T15:22:43.132+00:00,17053.722,RX,peer_observation,0011DF8E,1,5,01 00 00 8E DF
2026-09-28T15:22:43.133+00:00,17055.380,RX,peer_observation,103C0401,1,4,00 00 00 01
2026-09-28T15:22:43.134+00:00,17055.760,RX,peer_observation,103C0481,1,8,00 00 00 00 00 10 63 14
2026-09-28T15:22:43.136+00:00,17058.472,RX,peer_observation,00018ED7,1,7,01 00 00 0F 03 D7 8E
2026-09-28T15:22:43.137+00:00,17058.659,RX,peer_observation,00118ED7,1,5,01 00 00 D7 8E
2026-09-28T15:22:43.138+00:00,17060.471,RX,peer_observation,103C0401,1,4,00 00 00 01
2026-09-28T15:22:43.139+00:00,17060.712,RX,peer_observation,103C0481,1,8,00 00 00 00 00 10 63 14
2026-09-28T15:22:43.141+00:00,17063.411,RX,peer_observation,00013C58,1,7,01 00 00 0F 03 58 3C
2026-09-28T15:22:43.142+00:00,17063.674,RX,peer_observation,00113C58,1,5,01 00 00 58 3C
2026-09-28T15:22:43.144+00:00,17065.651,RX,peer_observation,103C0401,1,4,00 00 00 01
2026-09-28T15:22:43.144+00:00,17065.865,RX,peer_observation,103C0481,1,8,00 00 00 00 00 10 63 14
2026-09-28T15:22:43.146+00:00,17068.406,RX,peer_observation,0001F7A3,1,7,01 00 00 0F 03 A3 F7
2026-09-28T15:22:43.147+00:00,17068.758,RX,peer_observation,0011F7A3,1,5,01 00 00 A3 F7
2026-09-28T15:22:43.148+00:00,17070.630,RX,peer_observation,103C0401,1,4,00 00 00 01
2026-09-28T15:22:43.149+00:00,17070.835,RX,peer_observation,103C0481,1,8,00 00 00 00 00 10 62 14
2026-09-28T15:22:43.152+00:00,17073.669,RX,peer_observation,00019DBC,1,7,01 00 00 0F 03 BC 9D
2026-09-28T15:22:43.152+00:00,17073.774,RX,peer_observation,00119DBC,1,5,01 00 00 BC 9D
2026-09-28T15:22:43.153+00:00,17075.402,RX,peer_observation,103C0401,1,4,00 00 00 01
2026-09-28T15:22:43.154+00:00,17075.721,RX,peer_observation,103C0481,1,8,00 00 00 00 00 10 62 14
2026-09-28T15:22:43.156+00:00,17078.577,RX,peer_observation,0001026C,1,7,01 00 00 0F 03 6C 02
2026-09-28T15:22:43.157+00:00,17078.659,RX,peer_observation,0011026C,1,5,01 00 00 6C 02
2026-09-28T15:22:43.158+00:00,17080.595,RX,peer_observation,103C0401,1,4,00 00 00 01
2026-09-28T15:22:43.159+00:00,17080.791,RX,peer_observation,103C0481,1,8,00 00 00 00 00 10 62 14
2026-09-28T15:22:43.161+00:00,17083.448,RX,peer_observation,0001EE13,1,7,01 00 00 0F 03 13 EE
2026-09-28T15:22:43.162+00:00,17083.742,RX,peer_observation,0011EE13,1,5,01 00 00 13 EE
2026-09-28T15:22:43.163+00:00,17085.375,RX,peer_observation,103C0401,1,4,00 00 00 01
2026-09-28T15:22:43.164+00:00,17085.767,RX,peer_observation,103C0481,1,8,00 00 00 00 00 10 62 14
2026-09-28T15:22:43.166+00:00,17088.406,RX,peer_observation,00011CEA,1,7,01 00 00 0F 03 EA 1C
2026-09-28T15:22:43.167+00:00,17088.720,RX,peer_observation,00111CEA,1,5,01 00 00 EA 1C
2026-09-28T15:22:43.168+00:00,17090.397,RX,peer_observation,103C0401,1,4,00 00 00 01
2026-09-28T15:22:43.169+00:00,17090.675,RX,peer_observation,103C0481,1,8,00 00 00 00 00 10 62 14
2026-09-28T15:22:43.171+00:00,17093.393,RX,peer_observation,00014FAF,1,7,01 00 00 0F 03 AF 4F
2026-09-28T15:22:43.172+00:00,17093.664,RX,peer_observation,00114FAF,1,5,01 00 00 AF 4F
2026-09-28T15:22:43.176+00:00,17098.573,RX,peer_observation,00019206,1,7,01 00 00 0F 03 06 92
2026-09-28T15:22:43.177+00:00,17098.662,RX,peer_observation,00119206,1,5,01 00 00 06 92
2026-09-28T15:22:43.181+00:00,17103.419,RX,peer_observation,0001EB20,1,7,01 00 00 0F 03 20 EB
2026-09-28T15:22:43.182+00:00,17103.676,RX,peer_observation,0011EB20,1,5,01 00 00 20 EB
2026-09-28T15:22:43.186+00:00,17108.458,RX,peer_observation,000180EC,1,7,01 00 00 0F 03 EC 80
2026-09-28T15:22:43.187+00:00,17108.640,RX,peer_observation,001180EC,1,5,01 00 00 EC 80
2026-09-28T15:22:43.191+00:00,17113.479,RX,peer_observation,00018A7E,1,7,01 00 00 0F 03 7E 8A
2026-09-28T15:22:43.192+00:00,17113.740,RX,peer_observation,00118A7E,1,5,01 00 00 7E 8A
2026-09-28T15:22:43.197+00:00,17118.656,RX,peer_observation,0001468E,1,7,01 00 00 0F 03 8E 46
2026-09-28T15:22:43.197+00:00,17118.742,RX,peer_observation,0011468E,1,5,01 00 00 8E 46
2026-09-28T15:22:43.201+00:00,17123.588,RX,peer_observation,00019538,1,7,01 00 00 0F 03 38 95
2026-09-28T15:22:43.202+00:00,17123.644,RX,peer_observation,00119538,1,5,01 00 00 38 95
2026-09-28T15:22:43.206+00:00,17128.528,RX,peer_observation,0001761C,1,7,01 00 00 0F 03 1C 76
2026-09-28T15:22:43.207+00:00,17128.702,RX,peer_observation,0011761C,1,5,01 00 00 1C 76
2026-09-28T15:22:43.211+00:00,17133.536,RX,peer_observation,00010C83,1,7,01 00 00 0F 03 83 0C
2026-09-28T15:22:43.211+00:00,17133.622,RX,peer_observation,00110C83,1,5,01 00 00 83 0C
2026-09-28T15:22:43.216+00:00,17138.575,RX,peer_observation,000160B9,1,7,01 00 00 0F 03 B9 60
2026-09-28T15:22:43.217+00:00,17138.674,RX,peer_observation,001160B9,1,5,01 00 00 B9 60
2026-09-28T15:22:43.222+00:00,17143.691,RX,peer_observation,00010F4F,1,7,01 00 00 0F 03 4F 0F
2026-09-28T15:22:43.222+00:00,17143.749,RX,peer_observation,00110F4F,1,5,01 00 00 4F 0F
2026-09-28T15:22:43.227+00:00,17148.661,RX,peer_observation,0001AA7A,1,7,01 00 00 0F 03 7A AA
2026-09-28T15:22:43.227+00:00,17148.735,RX,peer_observation,0011AA7A,1,5,01 00 00 7A AA
2026-09-28T15:22:43.231+00:00,17153.551,RX,peer_observation,0001A57A,1,7,01 00 00 0F 03 7A A5
2026-09-28T15:22:43.232+00:00,17153.675,RX,peer_observation,0011A57A,1,5,01 00 00 7A A5
2026-09-28T15:22:43.236+00:00,17158.510,RX,peer_observation,00016E74,1,7,01 00 00 0F 03 74 6E
2026-09-28T15:22:43.237+00:00,17158.776,RX,peer_observation,00116E74,1,5,01 00 00 74 6E
2026-09-28T15:22:43.241+00:00,17163.600,RX,peer_observation,00017494,1,7,01 00 00 0F 03 94 74
2026-09-28T15:22:43.242+00:00,17163.714,RX,peer_observation,00117494,1,5,01 00 00 94 74
2026-09-28T15:22:43.246+00:00,17168.406,RX,peer_observation,0001C960,1,7,01 00 00 0F 03 60 C9
2026-09-28T15:22:43.247+00:00,17168.722,RX,peer_observation,0011C960,1,5,01 00 00 60 C9
2026-09-28T15:22:43.251+00:00,17173.418,RX,peer_observation,0001E56A,1,7,01 00 00 0F 03 6A E5
2026-09-28T15:22:43.252+00:00,17173.672,RX,peer_observation,0011E56A,1,5,01 00 00 6A E5
2026-09-28T15:22:43.256+00:00,17178.445,RX,peer_observation,0001521D,1,7,01 00 00 0F 03 1D 52
2026-09-28T15:22:43.257+00:00,17178.721,RX,peer_observation,0011521D,1,5,01 00 00 1D 52
2026-09-28T15:22:43.261+00:00,17183.565,RX,peer_observation,0001443C,1,7,01 00 00 0F 03 3C 44
2026-09-28T15:22:43.262+00:00,17183.657,RX,peer_observation,0011443C,1,5,01 00 00 3C 44
2026-09-28T15:22:43.266+00:00,17188.415,RX,peer_observation,0001011C,1,7,01 00 00 0F 03 1C 01
2026-09-28T15:22:43.267+00:00,17188.680,RX,peer_observation,0011011C,1,5,01 00 00 1C 01
2026-09-28T15:22:43.271+00:00,17193.508,RX,peer_observation,0001FA46,1,7,01 00 00 0F 03 46 FA
2026-09-28T15:22:43.271+00:00,17193.592,RX,peer_observation,0011FA46,1,5,01 00 00 46 FA
2026-09-28T15:22:43.276+00:00,17198.490,RX,peer_observation,00016776,1,7,01 00 00 0F 03 76 67
2026-09-28T15:22:43.277+00:00,17198.735,RX,peer_observation,00116776,1,5,01 00 00 76 67
2026-09-28T15:22:43.281+00:00,17203.532,RX,peer_observation,00019A02,1,7,01 00 00 0F 03 02 9A
2026-09-28T15:22:43.282+00:00,17203.668,RX,peer_observation,00119A02,1,5,01 00 00 02 9A
2026-09-28T15:22:43.286+00:00,17208.500,RX,peer_observation,00018C41,1,7,01 00 00 0F 03 41 8C
2026-09-28T15:22:43.287+00:00,17208.750,RX,peer_observation,00118C41,1,5,01 00 00 41 8C
2026-09-28T15:22:43.291+00:00,17213.563,RX,peer_observation,00018451,1,7,01 00 00 0F 03 51 84
2026-09-28T15:22:43.292+00:00,17213.787,RX,peer_observation,00118451,1,5,01 00 00 51 84
2026-09-28T15:22:43.296+00:00,17218.492,RX,peer_observation,00016E59,1,7,01 00 00 0F 03 59 6E
2026-09-28T15:22:43.297+00:00,17218.731,RX,peer_observation,00116E59,1,5,01 00 00 59 6E
2026-09-28T15:22:43.301+00:00,17223.418,RX,peer_observation,00018F6C,1,7,01 00 00 0F 03 6C 8F
2026-09-28T15:22:43.302+00:00,17223.669,RX,peer_observation,00118F6C,1,5,01 00 00 6C 8F
2026-09-28T15:22:43.307+00:00,17228.670,RX,peer_observation,00014EBC,1,7,01 00 00 0F 03 BC 4E
2026-09-28T15:22:43.307+00:00,17228.789,RX,peer_observation,00114EBC,1,5,01 00 00 BC 4E
2026-09-28T15:22:43.311+00:00,17233.581,RX,peer_observation,00016945,1,7,01 00 00 0F 03 45 69
2026-09-28T15:22:43.312+00:00,17233.638,RX,peer_observation,00116945,1,5,01 00 00 45 69
2026-09-28T15:22:43.316+00:00,17238.484,RX,peer_observation,0001CF2B,1,7,01 00 00 0F 03 2B CF
2026-09-28T15:22:43.317+00:00,17238.733,RX,peer_observation,0011CF2B,1,5,01 00 00 2B CF
2026-09-28T15:22:43.321+00:00,17243.528,RX,peer_observation,00017DCE,1,7,01 00 00 0F 03 CE 7D
2026-09-28T15:22:43.321+00:00,17243.605,RX,peer_observation,00117DCE,1,5,01 00 00 CE 7D
2026-09-28T15:22:43.326+00:00,17248.458,RX,peer_observation,00015AA8,1,7,01 00 00 0F 03 A8 5A
2026-09-28T15:22:43.327+00:00,17248.727,RX,peer_observation,00115AA8,1,5,01 00 00 A8 5A
2026-09-28T15:22:43.331+00:00,17253.530,RX,peer_observation,00019633,1,7,01 00 00 0F 03 33 96
2026-09-28T15:22:43.331+00:00,17253.607,RX,peer_observation,00119633,1,5,01 00 00 33 96
2026-09-28T15:22:43.336+00:00,17258.435,RX,peer_observation,00016D11,1,7,01 00 00 0F 03 11 6D
2026-09-28T15:22:43.337+00:00,17258.680,RX,peer_observation,00116D11,1,5,01 00 00 11 6D
2026-09-28T15:22:43.341+00:00,17263.530,RX,peer_observation,00015D0F,1,7,01 00 00 0F 03 0F 5D
2026-09-28T15:22:43.341+00:00,17263.608,RX,peer_observation,00115D0F,1,5,01 00 00 0F 5D
2026-09-28T15:22:43.347+00:00,17268.659,RX,peer_observation,000180E2,1,7,01 00 00 0F 03 E2 80
2026-09-28T15:22:43.347+00:00,17268.768,RX,peer_observation,001180E2,1,5,01 00 00 E2 80
2026-09-28T15:22:43.351+00:00,17273.613,RX,peer_observation,0001D828,1,7,01 00 00 0F 03 28 D8
2026-09-28T15:22:43.352+00:00,17273.678,RX,peer_observation,0011D828,1,5,01 00 00 28 D8
2026-09-28T15:22:43.357+00:00,17278.667,RX,peer_observation,0001F5E4,1,7,01 00 00 0F 03 E4 F5
2026-09-28T15:22:43.357+00:00,17278.725,RX,peer_observation,0011F5E4,1,5,01 00 00 E4 F5
2026-09-28T15:22:43.362+00:00,17283.677,RX,peer_observation,0001072D,1,7,01 00 00 0F 03 2D 07
2026-09-28T15:22:43.362+00:00,17283.775,RX,peer_observation,0011072D,1,5,01 00 00 2D 07
2026-09-28T15:22:43.366+00:00,17288.620,RX,peer_observation,0001F95A,1,7,01 00 00 0F 03 5A F9
2026-09-28T15:22:43.367+00:00,17288.719,RX,peer_observation,0011F95A,1,5,01 00 00 5A F9
2026-09-28T15:22:43.371+00:00,17293.599,RX,peer_observation,0001AF94,1,7,01 00 00 0F 03 94 AF
2026-09-28T15:22:43.372+00:00,17293.699,RX,peer_observation,0011AF94,1,5,01 00 00 94 AF
2026-09-28T15:22:43.376+00:00,17298.555,RX,peer_observation,0001BBE5,1,7,01 00 00 0F 03 E5 BB
2026-09-28T15:22:43.376+00:00,17298.612,RX,peer_observation,0011BBE5,1,5,01 00 00 E5 BB
2026-09-28T15:22:43.381+00:00,17303.603,RX,peer_observation,00019081,1,7,01 00 00 0F 03 81 90
2026-09-28T15:22:43.382+00:00,17303.704,RX,peer_observation,00119081,1,5,01 00 00 81 90
2026-09-28T15:22:43.386+00:00,17308.519,RX,peer_observation,0001C72F,1,7,01 00 00 0F 03 2F C7
2026-09-28T15:22:43.387+00:00,17308.690,RX,peer_observation,0011C72F,1,5,01 00 00 2F C7
2026-09-28T15:22:43.391+00:00,17313.600,RX,peer_observation,00011669,1,7,01 00 00 0F 03 69 16
2026-09-28T15:22:43.392+00:00,17313.698,RX,peer_observation,00111669,1,5,01 00 00 69 16
2026-09-28T15:22:43.396+00:00,17318.363,RX,peer_observation,0001E12F,1,7,01 00 00 0F 03 2F E1
2026-09-28T15:22:43.397+00:00,17318.692,RX,peer_observation,0011E12F,1,5,01 00 00 2F E1
2026-09-28T15:22:43.401+00:00,17323.378,RX,peer_observation,000190C2,1,7,01 00 00 0F 03 C2 90
2026-09-28T15:22:43.402+00:00,17323.671,RX,peer_observation,001190C2,1,5,01 00 00 C2 90
2026-09-28T15:22:43.406+00:00,17328.400,RX,peer_observation,00016878,1,7,01 00 00 0F 03 78 68
2026-09-28T15:22:43.407+00:00,17328.670,RX,peer_observation,00116878,1,5,01 00 00 78 68
2026-09-28T15:22:43.411+00:00,17333.374,RX,peer_observation,00015504,1,7,01 00 00 0F 03 04 55
2026-09-28T15:22:43.412+00:00,17333.671,RX,peer_observation,00115504,1,5,01 00 00 04 55
2026-09-28T15:22:43.416+00:00,17338.378,RX,peer_observation,000168EF,1,7,01 00 00 0F 03 EF 68
2026-09-28T15:22:43.417+00:00,17338.674,RX,peer_observation,001168EF,1,5,01 00 00 EF 68
2026-09-28T15:22:43.421+00:00,17343.402,RX,peer_observation,00017CCB,1,7,01 00 00 0F 03 CB 7C
2026-09-28T15:22:43.422+00:00,17343.668,RX,peer_observation,00117CCB,1,5,01 00 00 CB 7C
2026-09-28T15:22:43.426+00:00,17348.385,RX,peer_observation,000169E2,1,7,01 00 00 0F 03 E2 69
2026-09-28T15:22:43.427+00:00,17348.673,RX,peer_observation,001169E2,1,5,01 00 00 E2 69
2026-09-28T15:22:43.431+00:00,17353.391,RX,peer_observation,0001DDCF,1,7,01 00 00 0F 03 CF DD
2026-09-28T15:22:43.432+00:00,17353.672,RX,peer_observation,0011DDCF,1,5,01 00 00 CF DD
2026-09-28T15:22:43.436+00:00,17358.399,RX,peer_observation,00014255,1,7,01 00 00 0F 03 55 42
2026-09-28T15:22:43.437+00:00,17358.672,RX,peer_observation,00114255,1,5,01 00 00 55 42
2026-09-28T15:22:43.441+00:00,17363.446,RX,peer_observation,0001ED1B,1,7,01 00 00 0F 03 1B ED
2026-09-28T15:22:43.442+00:00,17363.673,RX,peer_observation,0011ED1B,1,5,01 00 00 1B ED
2026-09-28T15:22:43.446+00:00,17368.534,RX,peer_observation,0001D9FE,1,7,01 00 00 0F 03 FE D9
2026-09-28T15:22:43.447+00:00,17368.708,RX,peer_observation,0011D9FE,1,5,01 00 00 FE D9
2026-09-28T15:22:43.451+00:00,17373.533,RX,peer_observation,000107A2,1,7,01 00 00 0F 03 A2 07
2026-09-28T15:22:43.452+00:00,17373.646,RX,peer_observation,001107A2,1,5,01 00 00 A2 07
2026-09-28T15:22:43.456+00:00,17378.564,RX,peer_observation,00014548,1,7,01 00 00 0F 03 48 45
2026-09-28T15:22:43.457+00:00,17378.819,RX,peer_observation,00114548,1,5,01 00 00 48 45
2026-09-28T15:22:43.461+00:00,17383.378,RX,peer_observation,0001E920,1,7,01 00 00 0F 03 20 E9
2026-09-28T15:22:43.462+00:00,17383.672,RX,peer_observation,0011E920,1,5,01 00 00 20 E9
2026-09-28T15:22:43.466+00:00,17388.396,RX,peer_observation,0001F057,1,7,01 00 00 0F 03 57 F0
2026-09-28T15:22:43.467+00:00,17388.672,RX,peer_observation,0011F057,1,5,01 00 00 57 F0
2026-09-28T15:22:43.471+00:00,17393.502,RX,peer_observation,0001E2ED,1,7,01 00 00 0F 03 ED E2
2026-09-28T15:22:43.472+00:00,17393.723,RX,peer_observation,0011E2ED,1,5,01 00 00 ED E2
2026-09-28T15:22:43.476+00:00,17398.475,RX,peer_observation,000170DC,1,7,01 00 00 0F 03 DC 70
2026-09-28T15:22:43.477+00:00,17398.657,RX,peer_observation,001170DC,1,5,01 00 00 DC 70
2026-09-28T15:22:43.481+00:00,17403.439,RX,peer_observation,00014F32,1,7,01 00 00 0F 03 32 4F
2026-09-28T15:22:43.482+00:00,17403.671,RX,peer_observation,00114F32,1,5,01 00 00 32 4F
2026-09-28T15:22:43.486+00:00,17408.409,RX,peer_observation,0001A045,1,7,01 00 00 0F 03 45 A0
2026-09-28T15:22:43.487+00:00,17408.671,RX,peer_observation,0011A045,1,5,01 00 00 45 A0
2026-09-28T15:22:43.491+00:00,17413.380,RX,peer_observation,00011D97,1,7,01 00 00 0F 03 97 1D
2026-09-28T15:22:43.492+00:00,17413.671,RX,peer_observation,00111D97,1,5,01 00 00 97 1D
2026-09-28T15:22:43.496+00:00,17418.587,RX,peer_observation,0001CB84,1,7,01 00 00 0F 03 84 CB
2026-09-28T15:22:43.497+00:00,17418.646,RX,peer_observation,0011CB84,1,5,01 00 00 84 CB
2026-09-28T15:22:43.502+00:00,17423.635,RX,peer_observation,00010560,1,7,01 00 00 0F 03 60 05
2026-09-28T15:22:43.502+00:00,17423.706,RX,peer_observation,00110560,1,5,01 00 00 60 05
2026-09-28T15:22:43.506+00:00,17428.524,RX,peer_observation,00011B83,1,7,01 00 00 0F 03 83 1B
2026-09-28T15:22:43.507+00:00,17428.631,RX,peer_observation,00111B83,1,5,01 00 00 83 1B
2026-09-28T15:22:43.511+00:00,17433.606,RX,peer_observation,0001BDA3,1,7,01 00 00 0F 03 A3 BD
2026-09-28T15:22:43.512+00:00,17433.689,RX,peer_observation,0011BDA3,1,5,01 00 00 A3 BD
2026-09-28T15:22:43.517+00:00,17438.637,RX,peer_observation,00018506,1,7,01 00 00 0F 03 06 85
2026-09-28T15:22:43.517+00:00,17438.717,RX,peer_observation,00118506,1,5,01 00 00 06 85
2026-09-28T15:22:43.522+00:00,17443.642,RX,peer_observation,000162ED,1,7,01 00 00 0F 03 ED 62
2026-09-28T15:22:43.522+00:00,17443.713,RX,peer_observation,001162ED,1,5,01 00 00 ED 62
2026-09-28T15:22:43.526+00:00,17448.556,RX,peer_observation,00015482,1,7,01 00 00 0F 03 82 54
2026-09-28T15:22:43.527+00:00,17448.796,RX,peer_observation,00115482,1,5,01 00 00 82 54
2026-09-28T15:22:43.531+00:00,17453.617,RX,peer_observation,0001F697,1,7,01 00 00 0F 03 97 F6
2026-09-28T15:22:43.532+00:00,17453.698,RX,peer_observation,0011F697,1,5,01 00 00 97 F6
2026-09-28T15:22:43.536+00:00,17458.529,RX,peer_observation,00011A32,1,7,01 00 00 0F 03 32 1A
2026-09-28T15:22:43.536+00:00,17458.607,RX,peer_observation,00111A32,1,5,01 00 00 32 1A
2026-09-28T15:22:43.541+00:00,17463.406,RX,peer_observation,00016E98,1,7,01 00 00 0F 03 98 6E
2026-09-28T15:22:43.541+00:00,17463.554,RX,peer_observation,00116E98,1,5,01 00 00 98 6E
2026-09-28T15:22:43.546+00:00,17468.446,RX,peer_observation,0001BC7A,1,7,01 00 00 0F 03 7A BC
2026-09-28T15:22:43.547+00:00,17468.700,RX,peer_observation,0011BC7A,1,5,01 00 00 7A BC
2026-09-28T15:22:43.551+00:00,17473.462,RX,peer_observation,0001019B,1,7,01 00 00 0F 03 9B 01
2026-09-28T15:22:43.552+00:00,17473.681,RX,peer_observation,0011019B,1,5,01 00 00 9B 01
2026-09-28T15:22:43.556+00:00,17478.379,RX,peer_observation,00013E51,1,7,01 00 00 0F 03 51 3E
2026-09-28T15:22:43.557+00:00,17478.671,RX,peer_observation,00113E51,1,5,01 00 00 51 3E
2026-09-28T15:22:43.561+00:00,17483.468,RX,peer_observation,0001419F,1,7,01 00 00 0F 03 9F 41
2026-09-28T15:22:43.562+00:00,17483.638,RX,peer_observation,0011419F,1,5,01 00 00 9F 41
2026-09-28T15:22:43.566+00:00,17488.434,RX,peer_observation,0001A944,1,7,01 00 00 0F 03 44 A9
2026-09-28T15:22:43.566+00:00,17488.532,RX,peer_observation,0011A944,1,5,01 00 00 44 A9
2026-09-28T15:22:43.571+00:00,17493.496,RX,peer_observation,0001D863,1,7,01 00 00 0F 03 63 D8
2026-09-28T15:22:43.572+00:00,17493.687,RX,peer_observation,0011D863,1,5,01 00 00 63 D8
2026-09-28T15:22:43.576+00:00,17498.467,RX,peer_observation,00010E5D,1,7,01 00 00 0F 03 5D 0E
2026-09-28T15:22:43.577+00:00,17498.710,RX,peer_observation,00110E5D,1,5,01 00 00 5D 0E
2026-09-28T15:22:43.581+00:00,17503.479,RX,peer_observation,00013F80,1,7,01 00 00 0F 03 80 3F
2026-09-28T15:22:43.582+00:00,17503.683,RX,peer_observation,00113F80,1,5,01 00 00 80 3F
2026-09-28T15:22:43.586+00:00,17508.366,RX,peer_observation,0001F6E9,1,7,01 00 00 0F 03 E9 F6
2026-09-28T15:22:43.586+00:00,17508.613,RX,peer_observation,0011F6E9,1,5,01 00 00 E9 F6
2026-09-28T15:22:43.591+00:00,17513.346,RX,peer_observation,00012ACD,1,7,01 00 00 0F 03 CD 2A
2026-09-28T15:22:43.591+00:00,17513.609,RX,peer_observation,00112ACD,1,5,01 00 00 CD 2A
2026-09-28T15:22:43.596+00:00,17518.471,RX,peer_observation,00010DF5,1,7,01 00 00 0F 03 F5 0D
2026-09-28T15:22:43.596+00:00,17518.534,RX,peer_observation,00110DF5,1,5,01 00 00 F5 0D
2026-09-28T15:22:43.601+00:00,17523.466,RX,peer_observation,00017684,1,7,01 00 00 0F 03 84 76
2026-09-28T15:22:43.601+00:00,17523.532,RX,peer_observation,00117684,1,5,01 00 00 84 76
2026-09-28T15:22:43.606+00:00,17528.487,RX,peer_observation,000190F9,1,7,01 00 00 0F 03 F9 90
2026-09-28T15:22:43.607+00:00,17528.732,RX,peer_observation,001190F9,1,5,01 00 00 F9 90
2026-09-28T15:22:43.611+00:00,17533.495,RX,peer_observation,0001FF49,1,7,01 00 00 0F 03 49 FF
2026-09-28T15:22:43.612+00:00,17533.661,RX,peer_observation,0011FF49,1,5,01 00 00 49 FF
2026-09-28T15:22:43.616+00:00,17538.495,RX,peer_observation,0001360D,1,7,01 00 00 0F 03 0D 36
2026-09-28T15:22:43.616+00:00,17538.544,RX,peer_observation,0011360D,1,5,01 00 00 0D 36
2026-09-28T15:22:43.622+00:00,17543.940,RX,peer_observation,0001F0FC,1,7,01 00 00 0F 03 FC F0
2026-09-28T15:22:43.622+00:00,17543.994,RX,peer_observation,0011F0FC,1,5,01 00 00 FC F0
2026-09-28T15:22:43.626+00:00,17548.352,RX,peer_observation,00010B9C,1,7,01 00 00 0F 03 9C 0B
2026-09-28T15:22:43.627+00:00,17548.744,RX,peer_observation,00110B9C,1,5,01 00 00 9C 0B
2026-09-28T15:22:43.631+00:00,17553.449,RX,peer_observation,0001A5FC,1,7,01 00 00 0F 03 FC A5
2026-09-28T15:22:43.632+00:00,17553.720,RX,peer_observation,0011A5FC,1,5,01 00 00 FC A5
2026-09-28T15:22:43.636+00:00,17558.467,RX,peer_observation,00010D68,1,7,01 00 00 0F 03 68 0D
2026-09-28T15:22:43.636+00:00,17558.531,RX,peer_observation,00110D68,1,5,01 00 00 68 0D
2026-09-28T15:22:43.641+00:00,17563.454,RX,peer_observation,0001FF48,1,7,01 00 00 0F 03 48 FF
2026-09-28T15:22:43.641+00:00,17563.608,RX,peer_observation,0011FF48,1,5,01 00 00 48 FF
2026-09-28T15:22:43.646+00:00,17568.376,RX,peer_observation,00012069,1,7,01 00 00 0F 03 69 20
2026-09-28T15:22:43.646+00:00,17568.609,RX,peer_observation,00112069,1,5,01 00 00 69 20
2026-09-28T15:22:43.651+00:00,17573.396,RX,peer_observation,000186A2,1,7,01 00 00 0F 03 A2 86
2026-09-28T15:22:43.651+00:00,17573.565,RX,peer_observation,001186A2,1,5,01 00 00 A2 86
2026-09-28T15:22:43.656+00:00,17578.431,RX,peer_observation,0001C2C7,1,7,01 00 00 0F 03 C7 C2
2026-09-28T15:22:43.656+00:00,17578.606,RX,peer_observation,0011C2C7,1,5,01 00 00 C7 C2
2026-09-28T15:22:43.661+00:00,17583.488,RX,peer_observation,00017E9C,1,7,01 00 00 0F 03 9C 7E
2026-09-28T15:22:43.661+00:00,17583.609,RX,peer_observation,00117E9C,1,5,01 00 00 9C 7E
2026-09-28T15:22:43.666+00:00,17588.518,RX,peer_observation,000166F9,1,7,01 00 00 0F 03 F9 66
2026-09-28T15:22:43.666+00:00,17588.607,RX,peer_observation,001166F9,1,5,01 00 00 F9 66
2026-09-28T15:22:43.671+00:00,17593.500,RX,peer_observation,0001D936,1,7,01 00 00 0F 03 36 D9
2026-09-28T15:22:43.671+00:00,17593.547,RX,peer_observation,0011D936,1,5,01 00 00 36 D9
2026-09-28T15:22:43.676+00:00,17598.500,RX,peer_observation,000114DD,1,7,01 00 00 0F 03 DD 14
2026-09-28T15:22:43.676+00:00,17598.581,RX,peer_observation,001114DD,1,5,01 00 00 DD 14
2026-09-28T15:22:43.681+00:00,17603.462,RX,peer_observation,00014081,1,7,01 00 00 0F 03 81 40
2026-09-28T15:22:43.681+00:00,17603.608,RX,peer_observation,00114081,1,5,01 00 00 81 40
2026-09-28T15:22:43.686+00:00,17608.510,RX,peer_observation,0001AD3A,1,7,01 00 00 0F 03 3A AD
2026-09-28T15:22:43.686+00:00,17608.592,RX,peer_observation,0011AD3A,1,5,01 00 00 3A AD
2026-09-28T15:22:43.691+00:00,17613.527,RX,peer_observation,00018953,1,7,01 00 00 0F 03 53 89
2026-09-28T15:22:43.691+00:00,17613.623,RX,peer_observation,00118953,1,5,01 00 00 53 89
2026-09-28T15:22:43.696+00:00,17618.442,RX,peer_observation,00019C08,1,7,01 00 00 0F 03 08 9C
2026-09-28T15:22:43.697+00:00,17618.733,RX,peer_observation,00119C08,1,5,01 00 00 08 9C
2026-09-28T15:22:43.701+00:00,17623.369,RX,peer_observation,00014B1B,1,7,01 00 00 0F 03 1B 4B
2026-09-28T15:22:43.702+00:00,17623.649,RX,peer_observation,00114B1B,1,5,01 00 00 1B 4B
2026-09-28T15:22:43.706+00:00,17628.307,RX,peer_observation,0001B783,1,7,01 00 00 0F 03 83 B7
2026-09-28T15:22:43.706+00:00,17628.542,RX,peer_observation,0011B783,1,5,01 00 00 83 B7
2026-09-28T15:22:43.711+00:00,17633.328,RX,peer_observation,00010858,1,7,01 00 00 0F 03 58 08
2026-09-28T15:22:43.711+00:00,17633.543,RX,peer_observation,00110858,1,5,01 00 00 58 08
2026-09-28T15:22:43.716+00:00,17638.320,RX,peer_observation,0001A5C1,1,7,01 00 00 0F 03 C1 A5
2026-09-28T15:22:43.716+00:00,17638.537,RX,peer_observation,0011A5C1,1,5,01 00 00 C1 A5
2026-09-28T15:22:43.721+00:00,17643.341,RX,peer_observation,00011E30,1,7,01 00 00 0F 03 30 1E
2026-09-28T15:22:43.721+00:00,17643.609,RX,peer_observation,00111E30,1,5,01 00 00 30 1E
2026-09-28T15:22:43.726+00:00,17648.385,RX,peer_observation,0001AC6B,1,7,01 00 00 0F 03 6B AC
2026-09-28T15:22:43.726+00:00,17648.603,RX,peer_observation,0011AC6B,1,5,01 00 00 6B AC
2026-09-28T15:22:43.731+00:00,17653.464,RX,peer_observation,0001124D,1,7,01 00 00 0F 03 4D 12
2026-09-28T15:22:43.732+00:00,17653.680,RX,peer_observation,0011124D,1,5,01 00 00 4D 12
2026-09-28T15:22:43.736+00:00,17658.469,RX,peer_observation,000161CE,1,7,01 00 00 0F 03 CE 61
2026-09-28T15:22:43.737+00:00,17658.684,RX,peer_observation,001161CE,1,5,01 00 00 CE 61
2026-09-28T15:22:43.741+00:00,17663.448,RX,peer_observation,00011CE4,1,7,01 00 00 0F 03 E4 1C
2026-09-28T15:22:43.742+00:00,17663.680,RX,peer_observation,00111CE4,1,5,01 00 00 E4 1C
2026-09-28T15:22:43.746+00:00,17668.507,RX,peer_observation,0001C858,1,7,01 00 00 0F 03 58 C8
2026-09-28T15:22:43.747+00:00,17668.692,RX,peer_observation,0011C858,1,5,01 00 00 58 C8
2026-09-28T15:22:43.751+00:00,17673.415,RX,peer_observation,00017988,1,7,01 00 00 0F 03 88 79
2026-09-28T15:22:43.752+00:00,17673.716,RX,peer_observation,00117988,1,5,01 00 00 88 79
2026-09-28T15:22:43.756+00:00,17678.492,RX,peer_observation,0001E93D,1,7,01 00 00 0F 03 3D E9
2026-09-28T15:22:43.756+00:00,17678.553,RX,peer_observation,0011E93D,1,5,01 00 00 3D E9
2026-09-28T15:22:43.761+00:00,17683.493,RX,peer_observation,0001D444,1,7,01 00 00 0F 03 44 D4
2026-09-28T15:22:43.761+00:00,17683.554,RX,peer_observation,0011D444,1,5,01 00 00 44 D4
2026-09-28T15:22:43.766+00:00,17688.555,RX,peer_observation,0001D0D9,1,7,01 00 00 0F 03 D9 D0
2026-09-28T15:22:43.767+00:00,17688.658,RX,peer_observation,0011D0D9,1,5,01 00 00 D9 D0
2026-09-28T15:22:43.771+00:00,17693.552,RX,peer_observation,0001110E,1,7,01 00 00 0F 03 0E 11
2026-09-28T15:22:43.772+00:00,17693.647,RX,peer_observation,0011110E,1,5,01 00 00 0E 11
2026-09-28T15:22:43.776+00:00,17698.537,RX,peer_observation,00015710,1,7,01 00 00 0F 03 10 57
2026-09-28T15:22:43.777+00:00,17698.708,RX,peer_observation,00115710,1,5,01 00 00 10 57
2026-09-28T15:22:43.781+00:00,17703.500,RX,peer_observation,00014688,1,7,01 00 00 0F 03 88 46
2026-09-28T15:22:43.782+00:00,17703.628,RX,peer_observation,00114688,1,5,01 00 00 88 46
2026-09-28T15:22:43.786+00:00,17708.465,RX,peer_observation,0001ABB3,1,7,01 00 00 0F 03 B3 AB
2026-09-28T15:22:43.786+00:00,17708.592,RX,peer_observation,0011ABB3,1,5,01 00 00 B3 AB
2026-09-28T15:22:43.791+00:00,17713.495,RX,peer_observation,000159B9,1,7,01 00 00 0F 03 B9 59
2026-09-28T15:22:43.791+00:00,17713.611,RX,peer_observation,001159B9,1,5,01 00 00 B9 59
2026-09-28T15:22:43.796+00:00,17718.484,RX,peer_observation,0001C6B7,1,7,01 00 00 0F 03 B7 C6
2026-09-28T15:22:43.796+00:00,17718.546,RX,peer_observation,0011C6B7,1,5,01 00 00 B7 C6
2026-09-28T15:22:43.801+00:00,17723.551,RX,peer_observation,00012F17,1,7,01 00 00 0F 03 17 2F
2026-09-28T15:22:43.802+00:00,17723.626,RX,peer_observation,00112F17,1,5,01 00 00 17 2F
2026-09-28T15:22:43.806+00:00,17728.555,RX,peer_observation,0001F1BC,1,7,01 00 00 0F 03 BC F1
2026-09-28T15:22:43.807+00:00,17728.649,RX,peer_observation,0011F1BC,1,5,01 00 00 BC F1
2026-09-28T15:22:43.811+00:00,17733.555,RX,peer_observation,0001721D,1,7,01 00 00 0F 03 1D 72
2026-09-28T15:22:43.812+00:00,17733.637,RX,peer_observation,0011721D,1,5,01 00 00 1D 72
2026-09-28T15:22:43.816+00:00,17738.523,RX,peer_observation,00017041,1,7,01 00 00 0F 03 41 70
2026-09-28T15:22:43.816+00:00,17738.609,RX,peer_observation,00117041,1,5,01 00 00 41 70
2026-09-28T15:22:43.821+00:00,17743.579,RX,peer_observation,00016F49,1,7,01 00 00 0F 03 49 6F
2026-09-28T15:22:43.822+00:00,17743.646,RX,peer_observation,00116F49,1,5,01 00 00 49 6F
2026-09-28T15:22:43.826+00:00,17748.521,RX,peer_observation,0001896B,1,7,01 00 00 0F 03 6B 89
2026-09-28T15:22:43.826+00:00,17748.607,RX,peer_observation,0011896B,1,5,01 00 00 6B 89
2026-09-28T15:22:43.831+00:00,17753.519,RX,peer_observation,0001C92A,1,7,01 00 00 0F 03 2A C9
2026-09-28T15:22:43.831+00:00,17753.605,RX,peer_observation,0011C92A,1,5,01 00 00 2A C9
2026-09-28T15:22:43.836+00:00,17758.526,RX,peer_observation,0001CA50,1,7,01 00 00 0F 03 50 CA
2026-09-28T15:22:43.836+00:00,17758.612,RX,peer_observation,0011CA50,1,5,01 00 00 50 CA
2026-09-28T15:22:43.841+00:00,17763.520,RX,peer_observation,00014BEF,1,7,01 00 00 0F 03 EF 4B
2026-09-28T15:22:43.841+00:00,17763.607,RX,peer_observation,00114BEF,1,5,01 00 00 EF 4B
2026-09-28T15:22:43.846+00:00,17768.488,RX,peer_observation,0001212B,1,7,01 00 00 0F 03 2B 21
2026-09-28T15:22:43.846+00:00,17768.559,RX,peer_observation,0011212B,1,5,01 00 00 2B 21
2026-09-28T15:22:43.851+00:00,17773.503,RX,peer_observation,00010791,1,7,01 00 00 0F 03 91 07
2026-09-28T15:22:43.851+00:00,17773.580,RX,peer_observation,00110791,1,5,01 00 00 91 07
2026-09-28T15:22:43.856+00:00,17778.500,RX,peer_observation,000161D0,1,7,01 00 00 0F 03 D0 61
2026-09-28T15:22:43.856+00:00,17778.581,RX,peer_observation,001161D0,1,5,01 00 00 D0 61
2026-09-28T15:22:43.861+00:00,17783.363,RX,peer_observation,0001BF93,1,7,01 00 00 0F 03 93 BF
2026-09-28T15:22:43.861+00:00,17783.584,RX,peer_observation,0011BF93,1,5,01 00 00 93 BF
2026-09-28T15:22:43.866+00:00,17788.470,RX,peer_observation,0001CD72,1,7,01 00 00 0F 03 72 CD
2026-09-28T15:22:43.866+00:00,17788.530,RX,peer_observation,0011CD72,1,5,01 00 00 72 CD
2026-09-28T15:22:43.871+00:00,17793.482,RX,peer_observation,0001D3E7,1,7,01 00 00 0F 03 E7 D3
2026-09-28T15:22:43.871+00:00,17793.543,RX,peer_observation,0011D3E7,1,5,01 00 00 E7 D3
2026-09-28T15:22:43.876+00:00,17798.328,RX,peer_observation,00013367,1,7,01 00 00 0F 03 67 33
2026-09-28T15:22:43.876+00:00,17798.570,RX,peer_observation,00113367,1,5,01 00 00 67 33
2026-09-28T15:22:43.881+00:00,17803.369,RX,peer_observation,0001C97E,1,7,01 00 00 0F 03 7E C9
2026-09-28T15:22:43.881+00:00,17803.572,RX,peer_observation,0011C97E,1,5,01 00 00 7E C9
2026-09-28T15:22:43.886+00:00,17808.466,RX,peer_observation,00019694,1,7,01 00 00 0F 03 94 96
2026-09-28T15:22:43.886+00:00,17808.529,RX,peer_observation,00119694,1,5,01 00 00 94 96
2026-09-28T15:22:43.891+00:00,17813.459,RX,peer_observation,0001998B,1,7,01 00 00 0F 03 8B 99
2026-09-28T15:22:43.891+00:00,17813.555,RX,peer_observation,0011998B,1,5,01 00 00 8B 99
2026-09-28T15:22:43.896+00:00,17818.532,RX,peer_observation,00017EAB,1,7,01 00 00 0F 03 AB 7E
2026-09-28T15:22:43.896+00:00,17818.619,RX,peer_observation,00117EAB,1,5,01 00 00 AB 7E
2026-09-28T15:22:43.901+00:00,17823.524,RX,peer_observation,0001C57D,1,7,01 00 00 0F 03 7D C5
2026-09-28T15:22:43.902+00:00,17823.628,RX,peer_observation,0011C57D,1,5,01 00 00 7D C5
2026-09-28T15:22:43.906+00:00,17828.523,RX,peer_observation,00010657,1,7,01 00 00 0F 03 57 06
2026-09-28T15:22:43.906+00:00,17828.610,RX,peer_observation,00110657,1,5,01 00 00 57 06
2026-09-28T15:22:43.911+00:00,17833.525,RX,peer_observation,00017247,1,7,01 00 00 0F 03 47 72
2026-09-28T15:22:43.911+00:00,17833.612,RX,peer_observation,00117247,1,5,01 00 00 47 72
2026-09-28T15:22:43.916+00:00,17838.524,RX,peer_observation,0001F715,1,7,01 00 00 0F 03 15 F7
2026-09-28T15:22:43.916+00:00,17838.611,RX,peer_observation,0011F715,1,5,01 00 00 15 F7
2026-09-28T15:22:43.921+00:00,17843.499,RX,peer_observation,0001B063,1,7,01 00 00 0F 03 63 B0
2026-09-28T15:22:43.921+00:00,17843.578,RX,peer_observation,0011B063,1,5,01 00 00 63 B0
2026-09-28T15:22:43.926+00:00,17848.550,RX,peer_observation,0001BD45,1,7,01 00 00 0F 03 45 BD
2026-09-28T15:22:43.927+00:00,17848.658,RX,peer_observation,0011BD45,1,5,01 00 00 45 BD
2026-09-28T15:22:43.931+00:00,17853.569,RX,peer_observation,0001DEB8,1,7,01 00 00 0F 03 B8 DE
2026-09-28T15:22:43.932+00:00,17853.659,RX,peer_observation,0011DEB8,1,5,01 00 00 B8 DE
2026-09-28T15:22:43.936+00:00,17858.525,RX,peer_observation,0001CAB7,1,7,01 00 00 0F 03 B7 CA
2026-09-28T15:22:43.936+00:00,17858.610,RX,peer_observation,0011CAB7,1,5,01 00 00 B7 CA
2026-09-28T15:22:43.941+00:00,17863.595,RX,peer_observation,0001854D,1,7,01 00 00 0F 03 4D 85
2026-09-28T15:22:43.942+00:00,17863.692,RX,peer_observation,0011854D,1,5,01 00 00 4D 85
2026-09-28T15:22:43.946+00:00,17868.427,RX,peer_observation,0001FFC4,1,7,01 00 00 0F 03 C4 FF
2026-09-28T15:22:43.946+00:00,17868.535,RX,peer_observation,0011FFC4,1,5,01 00 00 C4 FF
2026-09-28T15:22:43.951+00:00,17873.359,RX,peer_observation,00019D6D,1,7,01 00 00 0F 03 6D 9D
2026-09-28T15:22:43.951+00:00,17873.592,RX,peer_observation,00119D6D,1,5,01 00 00 6D 9D
2026-09-28T15:22:43.956+00:00,17878.423,RX,peer_observation,0001B2AF,1,7,01 00 00 0F 03 AF B2
2026-09-28T15:22:43.956+00:00,17878.521,RX,peer_observation,0011B2AF,1,5,01 00 00 AF B2
2026-09-28T15:22:43.961+00:00,17883.404,RX,peer_observation,00017FA7,1,7,01 00 00 0F 03 A7 7F
2026-09-28T15:22:43.961+00:00,17883.526,RX,peer_observation,00117FA7,1,5,01 00 00 A7 7F
2026-09-28T15:22:43.966+00:00,17888.469,RX,peer_observation,000136E6,1,7,01 00 00 0F 03 E6 36
2026-09-28T15:22:43.966+00:00,17888.517,RX,peer_observation,001136E6,1,5,01 00 00 E6 36
2026-09-28T15:22:43.971+00:00,17893.300,RX,peer_observation,00017CD0,1,7,01 00 00 0F 03 D0 7C
2026-09-28T15:22:43.971+00:00,17893.505,RX,peer_observation,00117CD0,1,5,01 00 00 D0 7C
2026-09-28T15:22:43.976+00:00,17898.506,RX,peer_observation,0001055A,1,7,01 00 00 0F 03 5A 05
2026-09-28T15:22:43.976+00:00,17898.563,RX,peer_observation,0011055A,1,5,01 00 00 5A 05
2026-09-28T15:22:43.981+00:00,17903.423,RX,peer_observation,000171F1,1,7,01 00 00 0F 03 F1 71
2026-09-28T15:22:43.981+00:00,17903.491,RX,peer_observation,001171F1,1,5,01 00 00 F1 71
2026-09-28T15:22:43.986+00:00,17908.406,RX,peer_observation,0001A500,1,7,01 00 00 0F 03 00 A5
2026-09-28T15:22:43.986+00:00,17908.504,RX,peer_observation,0011A500,1,5,01 00 00 00 A5
2026-09-28T15:22:43.991+00:00,17913.444,RX,peer_observation,00012FC7,1,7,01 00 00 0F 03 C7 2F
2026-09-28T15:22:43.991+00:00,17913.505,RX,peer_observation,00112FC7,1,5,01 00 00 C7 2F
2026-09-28T15:22:43.996+00:00,17918.475,RX,peer_observation,0001BA48,1,7,01 00 00 0F 03 48 BA
2026-09-28T15:22:43.996+00:00,17918.550,RX,peer_observation,0011BA48,1,5,01 00 00 48 BA
2026-09-28T15:22:44.001+00:00,17923.457,RX,peer_observation,00011D40,1,7,01 00 00 0F 03 40 1D
2026-09-28T15:22:44.002+00:00,17923.624,RX,peer_observation,00111D40,1,5,01 00 00 40 1D
2026-09-28T15:22:44.006+00:00,17928.405,RX,peer_observation,0001CDFD,1,7,01 00 00 0F 03 FD CD
2026-09-28T15:22:44.006+00:00,17928.537,RX,peer_observation,0011CDFD,1,5,01 00 00 FD CD
2026-09-28T15:22:44.011+00:00,17933.493,RX,peer_observation,00010D19,1,7,01 00 00 0F 03 19 0D
2026-09-28T15:22:44.011+00:00,17933.565,RX,peer_observation,00110D19,1,5,01 00 00 19 0D
2026-09-28T15:22:44.016+00:00,17938.315,RX,peer_observation,000193F2,1,7,01 00 00 0F 03 F2 93
2026-09-28T15:22:44.016+00:00,17938.512,RX,peer_observation,001193F2,1,5,01 00 00 F2 93
2026-09-28T15:22:44.021+00:00,17943.483,RX,peer_observation,00016D86,1,7,01 00 00 0F 03 86 6D
2026-09-28T15:22:44.021+00:00,17943.549,RX,peer_observation,00116D86,1,5,01 00 00 86 6D
2026-09-28T15:22:44.026+00:00,17948.401,RX,peer_observation,0001236F,1,7,01 00 00 0F 03 6F 23
2026-09-28T15:22:44.026+00:00,17948.563,RX,peer_observation,0011236F,1,5,01 00 00 6F 23
2026-09-28T15:22:44.031+00:00,17953.435,RX,peer_observation,0001F592,1,7,01 00 00 0F 03 92 F5
2026-09-28T15:22:44.032+00:00,17953.626,RX,peer_observation,0011F592,1,5,01 00 00 92 F5
2026-09-28T15:22:44.036+00:00,17958.404,RX,peer_observation,00010B2C,1,7,01 00 00 0F 03 2C 0B
2026-09-28T15:22:44.036+00:00,17958.562,RX,peer_observation,00110B2C,1,5,01 00 00 2C 0B
2026-09-28T15:22:44.041+00:00,17963.450,RX,peer_observation,0001E692,1,7,01 00 00 0F 03 92 E6
2026-09-28T15:22:44.041+00:00,17963.601,RX,peer_observation,0011E692,1,5,01 00 00 92 E6
2026-09-28T15:22:44.046+00:00,17968.303,RX,peer_observation,00017C68,1,7,01 00 00 0F 03 68 7C
2026-09-28T15:22:44.046+00:00,17968.505,RX,peer_observation,00117C68,1,5,01 00 00 68 7C
2026-09-28T15:22:44.051+00:00,17973.296,RX,peer_observation,000110E5,1,7,01 00 00 0F 03 E5 10
2026-09-28T15:22:44.051+00:00,17973.494,RX,peer_observation,001110E5,1,5,01 00 00 E5 10
2026-09-28T15:22:44.056+00:00,17978.243,RX,peer_observation,0001885B,1,7,01 00 00 0F 03 5B 88
2026-09-28T15:22:44.056+00:00,17978.483,RX,peer_observation,0011885B,1,5,01 00 00 5B 88
2026-09-28T15:22:44.061+00:00,17983.336,RX,peer_observation,0001CDD5,1,7,01 00 00 0F 03 D5 CD
2026-09-28T15:22:44.061+00:00,17983.484,RX,peer_observation,0011CDD5,1,5,01 00 00 D5 CD
2026-09-28T15:22:44.066+00:00,17988.244,RX,peer_observation,0001C90D,1,7,01 00 00 0F 03 0D C9
2026-09-28T15:22:44.066+00:00,17988.484,RX,peer_observation,0011C90D,1,5,01 00 00 0D C9
2026-09-28T15:22:44.071+00:00,17993.317,RX,peer_observation,0001AD53,1,7,01 00 00 0F 03 53 AD
2026-09-28T15:22:44.071+00:00,17993.482,RX,peer_observation,0011AD53,1,5,01 00 00 53 AD
2026-09-28T15:22:44.076+00:00,17998.257,RX,peer_observation,00015666,1,7,01 00 00 0F 03 66 56
2026-09-28T15:22:44.076+00:00,17998.481,RX,peer_observation,00115666,1,5,01 00 00 66 56
2026-09-28T15:22:44.081+00:00,18003.311,RX,peer_observation,0001A0E9,1,7,01 00 00 0F 03 E9 A0
2026-09-28T15:22:44.081+00:00,18003.477,RX,peer_observation,0011A0E9,1,5,01 00 00 E9 A0
2026-09-28T15:22:44.086+00:00,18008.279,RX,peer_observation,000175E6,1,7,01 00 00 0F 03 E6 75
2026-09-28T15:22:44.086+00:00,18008.473,RX,peer_observation,001175E6,1,5,01 00 00 E6 75
2026-09-28T15:22:44.091+00:00,18013.308,RX,peer_observation,0001060F,1,7,01 00 00 0F 03 0F 06
2026-09-28T15:22:44.091+00:00,18013.469,RX,peer_observation,0011060F,1,5,01 00 00 0F 06
2026-09-28T15:22:44.096+00:00,18018.414,RX,peer_observation,0001B76D,1,7,01 00 00 0F 03 6D B7
2026-09-28T15:22:44.096+00:00,18018.475,RX,peer_observation,0011B76D,1,5,01 00 00 6D B7
2026-09-28T15:22:44.101+00:00,18023.416,RX,peer_observation,00014CD1,1,7,01 00 00 0F 03 D1 4C
2026-09-28T15:22:44.101+00:00,18023.518,RX,peer_observation,00114CD1,1,5,01 00 00 D1 4C
2026-09-28T15:22:44.106+00:00,18028.439,RX,peer_observation,00011EF7,1,7,01 00 00 0F 03 F7 1E
2026-09-28T15:22:44.106+00:00,18028.481,RX,peer_observation,00111EF7,1,5,01 00 00 F7 1E
2026-09-28T15:22:44.111+00:00,18033.425,RX,peer_observation,00010C5F,1,7,01 00 00 0F 03 5F 0C
2026-09-28T15:22:44.111+00:00,18033.493,RX,peer_observation,00110C5F,1,5,01 00 00 5F 0C
2026-09-28T15:22:44.116+00:00,18038.317,RX,peer_observation,0001FB3A,1,7,01 00 00 0F 03 3A FB
2026-09-28T15:22:44.116+00:00,18038.548,RX,peer_observation,0011FB3A,1,5,01 00 00 3A FB
2026-09-28T15:22:44.121+00:00,18043.287,RX,peer_observation,00018E00,1,7,01 00 00 0F 03 00 8E
2026-09-28T15:22:44.121+00:00,18043.527,RX,peer_observation,00118E00,1,5,01 00 00 00 8E
2026-09-28T15:22:44.126+00:00,18048.309,RX,peer_observation,00010E8F,1,7,01 00 00 0F 03 8F 0E
2026-09-28T15:22:44.126+00:00,18048.591,RX,peer_observation,00110E8F,1,5,01 00 00 8F 0E
2026-09-28T15:22:44.131+00:00,18053.435,RX,peer_observation,00014F82,1,7,01 00 00 0F 03 82 4F
2026-09-28T15:22:44.131+00:00,18053.599,RX,peer_observation,00114F82,1,5,01 00 00 82 4F
2026-09-28T15:22:44.136+00:00,18058.440,RX,peer_observation,0001937B,1,7,01 00 00 0F 03 7B 93
2026-09-28T15:22:44.136+00:00,18058.540,RX,peer_observation,0011937B,1,5,01 00 00 7B 93
2026-09-28T15:22:44.141+00:00,18063.437,RX,peer_observation,0001291B,1,7,01 00 00 0F 03 1B 29
2026-09-28T15:22:44.141+00:00,18063.497,RX,peer_observation,0011291B,1,5,01 00 00 1B 29
2026-09-28T15:22:44.146+00:00,18068.438,RX,peer_observation,0001D7E2,1,7,01 00 00 0F 03 E2 D7
2026-09-28T15:22:44.146+00:00,18068.498,RX,peer_observation,0011D7E2,1,5,01 00 00 E2 D7
2026-09-28T15:22:44.151+00:00,18073.585,RX,peer_observation,0001AB55,1,7,01 00 00 0F 03 55 AB
2026-09-28T15:22:44.152+00:00,18073.698,RX,peer_observation,0011AB55,1,5,01 00 00 55 AB
2026-09-28T15:22:44.156+00:00,18078.463,RX,peer_observation,00010DAC,1,7,01 00 00 0F 03 AC 0D
2026-09-28T15:22:44.156+00:00,18078.596,RX,peer_observation,00110DAC,1,5,01 00 00 AC 0D
2026-09-28T15:22:44.161+00:00,18083.532,RX,peer_observation,0001547D,1,7,01 00 00 0F 03 7D 54
2026-09-28T15:22:44.162+00:00,18083.628,RX,peer_observation,0011547D,1,5,01 00 00 7D 54
2026-09-28T15:22:44.166+00:00,18088.464,RX,peer_observation,0001D557,1,7,01 00 00 0F 03 57 D5
2026-09-28T15:22:44.166+00:00,18088.530,RX,peer_observation,0011D557,1,5,01 00 00 57 D5
2026-09-28T15:22:44.171+00:00,18093.471,RX,peer_observation,00013DB3,1,7,01 00 00 0F 03 B3 3D
2026-09-28T15:22:44.171+00:00,18093.535,RX,peer_observation,00113DB3,1,5,01 00 00 B3 3D
2026-09-28T15:22:44.176+00:00,18098.511,RX,peer_observation,000142D5,1,7,01 00 00 0F 03 D5 42
2026-09-28T15:22:44.177+00:00,18098.632,RX,peer_observation,001142D5,1,5,01 00 00 D5 42
2026-09-28T15:22:44.181+00:00,18103.452,RX,peer_observation,0001FA7E,1,7,01 00 00 0F 03 7E FA
2026-09-28T15:22:44.181+00:00,18103.513,RX,peer_observation,0011FA7E,1,5,01 00 00 7E FA
2026-09-28T15:22:44.186+00:00,18108.546,RX,peer_observation,0001D6A1,1,7,01 00 00 0F 03 A1 D6
2026-09-28T15:22:44.187+00:00,18108.630,RX,peer_observation,0011D6A1,1,5,01 00 00 A1 D6
2026-09-28T15:22:44.191+00:00,18113.436,RX,peer_observation,0001169F,1,7,01 00 00 0F 03 9F 16
2026-09-28T15:22:44.191+00:00,18113.523,RX,peer_observation,0011169F,1,5,01 00 00 9F 16
2026-09-28T15:22:44.196+00:00,18118.332,RX,peer_observation,000148F7,1,7,01 00 00 0F 03 F7 48
2026-09-28T15:22:44.196+00:00,18118.519,RX,peer_observation,001148F7,1,5,01 00 00 F7 48
2026-09-28T15:22:44.201+00:00,18123.364,RX,peer_observation,00010C73,1,7,01 00 00 0F 03 73 0C
2026-09-28T15:22:44.201+00:00,18123.560,RX,peer_observation,00110C73,1,5,01 00 00 73 0C
2026-09-28T15:22:44.206+00:00,18128.311,RX,peer_observation,00018A90,1,7,01 00 00 0F 03 90 8A
2026-09-28T15:22:44.206+00:00,18128.482,RX,peer_observation,00118A90,1,5,01 00 00 90 8A
2026-09-28T15:22:44.211+00:00,18133.273,RX,peer_observation,00011F22,1,7,01 00 00 0F 03 22 1F
2026-09-28T15:22:44.211+00:00,18133.452,RX,peer_observation,00111F22,1,5,01 00 00 22 1F
2026-09-28T15:22:44.216+00:00,18138.302,RX,peer_observation,0001A246,1,7,01 00 00 0F 03 46 A2
2026-09-28T15:22:44.216+00:00,18138.477,RX,peer_observation,0011A246,1,5,01 00 00 46 A2
2026-09-28T15:22:44.221+00:00,18143.271,RX,peer_observation,0001DA73,1,7,01 00 00 0F 03 73 DA
2026-09-28T15:22:44.221+00:00,18143.475,RX,peer_observation,0011DA73,1,5,01 00 00 73 DA
2026-09-28T15:22:44.226+00:00,18148.339,RX,peer_observation,000130A4,1,7,01 00 00 0F 03 A4 30
2026-09-28T15:22:44.226+00:00,18148.502,RX,peer_observation,001130A4,1,5,01 00 00 A4 30
2026-09-28T15:22:44.231+00:00,18153.303,RX,peer_observation,0001D2F4,1,7,01 00 00 0F 03 F4 D2
2026-09-28T15:22:44.231+00:00,18153.508,RX,peer_observation,0011D2F4,1,5,01 00 00 F4 D2
2026-09-28T15:22:44.236+00:00,18158.314,RX,peer_observation,00012617,1,7,01 00 00 0F 03 17 26
2026-09-28T15:22:44.236+00:00,18158.500,RX,peer_observation,00112617,1,5,01 00 00 17 26
2026-09-28T15:22:44.241+00:00,18163.297,RX,peer_observation,00014BDE,1,7,01 00 00 0F 03 DE 4B
2026-09-28T15:22:44.241+00:00,18163.460,RX,peer_observation,00114BDE,1,5,01 00 00 DE 4B
2026-09-28T15:22:44.246+00:00,18168.411,RX,peer_observation,00011665,1,7,01 00 00 0F 03 65 16
2026-09-28T15:22:44.246+00:00,18168.472,RX,peer_observation,00111665,1,5,01 00 00 65 16
2026-09-28T15:22:44.251+00:00,18173.355,RX,peer_observation,000124DD,1,7,01 00 00 0F 03 DD 24
2026-09-28T15:22:44.251+00:00,18173.499,RX,peer_observation,001124DD,1,5,01 00 00 DD 24
2026-09-28T15:22:44.256+00:00,18178.419,RX,peer_observation,00013797,1,7,01 00 00 0F 03 97 37
2026-09-28T15:22:44.256+00:00,18178.481,RX,peer_observation,00113797,1,5,01 00 00 97 37
2026-09-28T15:22:44.261+00:00,18183.352,RX,peer_observation,0001449E,1,7,01 00 00 0F 03 9E 44
2026-09-28T15:22:44.261+00:00,18183.514,RX,peer_observation,0011449E,1,5,01 00 00 9E 44
2026-09-28T15:22:44.266+00:00,18188.398,RX,peer_observation,00012C74,1,7,01 00 00 0F 03 74 2C
2026-09-28T15:22:44.266+00:00,18188.540,RX,peer_observation,00112C74,1,5,01 00 00 74 2C
2026-09-28T15:22:44.271+00:00,18193.353,RX,peer_observation,000149D9,1,7,01 00 00 0F 03 D9 49
2026-09-28T15:22:44.271+00:00,18193.453,RX,peer_observation,001149D9,1,5,01 00 00 D9 49
2026-09-28T15:22:44.276+00:00,18198.384,RX,peer_observation,0001BA40,1,7,01 00 00 0F 03 40 BA
2026-09-28T15:22:44.276+00:00,18198.551,RX,peer_observation,0011BA40,1,5,01 00 00 40 BA
2026-09-28T15:22:44.281+00:00,18203.344,RX,peer_observation,0001FF2A,1,7,01 00 00 0F 03 2A FF
2026-09-28T15:22:44.281+00:00,18203.507,RX,peer_observation,0011FF2A,1,5,01 00 00 2A FF
2026-09-28T15:22:44.286+00:00,18208.384,RX,peer_observation,0001975F,1,7,01 00 00 0F 03 5F 97
2026-09-28T15:22:44.286+00:00,18208.551,RX,peer_observation,0011975F,1,5,01 00 00 5F 97
2026-09-28T15:22:44.291+00:00,18213.337,RX,peer_observation,00017EFC,1,7,01 00 00 0F 03 FC 7E
2026-09-28T15:22:44.291+00:00,18213.463,RX,peer_observation,00117EFC,1,5,01 00 00 FC 7E
2026-09-28T15:22:44.296+00:00,18218.337,RX,peer_observation,0001380B,1,7,01 00 00 0F 03 0B 38
2026-09-28T15:22:44.296+00:00,18218.481,RX,peer_observation,0011380B,1,5,01 00 00 0B 38
2026-09-28T15:22:44.301+00:00,18223.330,RX,peer_observation,0001334F,1,7,01 00 00 0F 03 4F 33
2026-09-28T15:22:44.301+00:00,18223.480,RX,peer_observation,0011334F,1,5,01 00 00 4F 33
2026-09-28T15:22:44.306+00:00,18228.285,RX,peer_observation,00013C38,1,7,01 00 00 0F 03 38 3C
2026-09-28T15:22:44.306+00:00,18228.474,RX,peer_observation,00113C38,1,5,01 00 00 38 3C
2026-09-28T15:22:44.311+00:00,18233.331,RX,peer_observation,0001DE1B,1,7,01 00 00 0F 03 1B DE
2026-09-28T15:22:44.311+00:00,18233.468,RX,peer_observation,0011DE1B,1,5,01 00 00 1B DE
2026-09-28T15:22:44.316+00:00,18238.342,RX,peer_observation,0001E164,1,7,01 00 00 0F 03 64 E1
2026-09-28T15:22:44.316+00:00,18238.475,RX,peer_observation,0011E164,1,5,01 00 00 64 E1
2026-09-28T15:22:44.321+00:00,18243.292,RX,peer_observation,000195AD,1,7,01 00 00 0F 03 AD 95
2026-09-28T15:22:44.321+00:00,18243.504,RX,peer_observation,001195AD,1,5,01 00 00 AD 95
2026-09-28T15:22:44.326+00:00,18248.306,RX,peer_observation,000158E3,1,7,01 00 00 0F 03 E3 58
2026-09-28T15:22:44.326+00:00,18248.569,RX,peer_observation,001158E3,1,5,01 00 00 E3 58
2026-09-28T15:22:44.331+00:00,18253.464,RX,peer_observation,00013526,1,7,01 00 00 0F 03 26 35
2026-09-28T15:22:44.331+00:00,18253.513,RX,peer_observation,00113526,1,5,01 00 00 26 35
2026-09-28T15:22:44.336+00:00,18258.328,RX,peer_observation,000196E1,1,7,01 00 00 0F 03 E1 96
2026-09-28T15:22:44.336+00:00,18258.586,RX,peer_observation,001196E1,1,5,01 00 00 E1 96
2026-09-28T15:22:44.341+00:00,18263.453,RX,peer_observation,00010402,1,7,01 00 00 0F 03 02 04
2026-09-28T15:22:44.341+00:00,18263.521,RX,peer_observation,00110402,1,5,01 00 00 02 04
2026-09-28T15:22:44.346+00:00,18268.414,RX,peer_observation,00010832,1,7,01 00 00 0F 03 32 08
2026-09-28T15:22:44.346+00:00,18268.580,RX,peer_observation,00110832,1,5,01 00 00 32 08
2026-09-28T15:22:44.351+00:00,18273.515,RX,peer_observation,0001D456,1,7,01 00 00 0F 03 56 D4
2026-09-28T15:22:44.351+00:00,18273.612,RX,peer_observation,0011D456,1,5,01 00 00 56 D4
2026-09-28T15:22:44.356+00:00,18278.273,RX,peer_observation,000110B1,1,7,01 00 00 0F 03 B1 10
2026-09-28T15:22:44.356+00:00,18278.459,RX,peer_observation,001110B1,1,5,01 00 00 B1 10
2026-09-28T15:22:44.361+00:00,18283.423,RX,peer_observation,0001EA29,1,7,01 00 00 0F 03 29 EA
2026-09-28T15:22:44.361+00:00,18283.552,RX,peer_observation,0011EA29,1,5,01 00 00 29 EA
2026-09-28T15:22:44.366+00:00,18288.441,RX,peer_observation,0001D9B2,1,7,01 00 00 0F 03 B2 D9
2026-09-28T15:22:44.366+00:00,18288.581,RX,peer_observation,0011D9B2,1,5,01 00 00 B2 D9
2026-09-28T15:22:44.371+00:00,18293.421,RX,peer_observation,00015B0B,1,7,01 00 00 0F 03 0B 5B
2026-09-28T15:22:44.371+00:00,18293.540,RX,peer_observation,00115B0B,1,5,01 00 00 0B 5B
2026-09-28T15:22:44.376+00:00,18298.319,RX,peer_observation,0001E7D5,1,7,01 00 00 0F 03 D5 E7
2026-09-28T15:22:44.377+00:00,18298.692,RX,peer_observation,0011E7D5,1,5,01 00 00 D5 E7
2026-09-28T15:22:44.381+00:00,18303.347,RX,peer_observation,00018BDF,1,7,01 00 00 0F 03 DF 8B
2026-09-28T15:22:44.381+00:00,18303.401,RX,peer_observation,00118BDF,1,5,01 00 00 DF 8B
2026-09-28T15:22:44.386+00:00,18308.371,RX,peer_observation,00016142,1,7,01 00 00 0F 03 42 61
2026-09-28T15:22:44.386+00:00,18308.554,RX,peer_observation,00116142,1,5,01 00 00 42 61
2026-09-28T15:22:44.391+00:00,18313.382,RX,peer_observation,00017B72,1,7,01 00 00 0F 03 72 7B
2026-09-28T15:22:44.391+00:00,18313.451,RX,peer_observation,00117B72,1,5,01 00 00 72 7B
2026-09-28T15:22:44.396+00:00,18318.359,RX,peer_observation,00018511,1,7,01 00 00 0F 03 11 85
2026-09-28T15:22:44.396+00:00,18318.551,RX,peer_observation,00118511,1,5,01 00 00 11 85
2026-09-28T15:22:44.401+00:00,18323.289,RX,peer_observation,00014B4B,1,7,01 00 00 0F 03 4B 4B
2026-09-28T15:22:44.401+00:00,18323.531,RX,peer_observation,00114B4B,1,5,01 00 00 4B 4B
2026-09-28T15:22:44.406+00:00,18328.377,RX,peer_observation,0001C268,1,7,01 00 00 0F 03 68 C2
2026-09-28T15:22:44.406+00:00,18328.558,RX,peer_observation,0011C268,1,5,01 00 00 68 C2
2026-09-28T15:22:44.411+00:00,18333.357,RX,peer_observation,0001E0E8,1,7,01 00 00 0F 03 E8 E0
2026-09-28T15:22:44.411+00:00,18333.498,RX,peer_observation,0011E0E8,1,5,01 00 00 E8 E0
2026-09-28T15:22:44.416+00:00,18338.384,RX,peer_observation,0001699F,1,7,01 00 00 0F 03 9F 69
2026-09-28T15:22:44.416+00:00,18338.594,RX,peer_observation,0011699F,1,5,01 00 00 9F 69
2026-09-28T15:22:44.421+00:00,18343.342,RX,peer_observation,0001083B,1,7,01 00 00 0F 03 3B 08
2026-09-28T15:22:44.421+00:00,18343.583,RX,peer_observation,0011083B,1,5,01 00 00 3B 08
2026-09-28T15:22:44.426+00:00,18348.369,RX,peer_observation,00014B62,1,7,01 00 00 0F 03 62 4B
2026-09-28T15:22:44.427+00:00,18348.666,RX,peer_observation,00114B62,1,5,01 00 00 62 4B
2026-09-28T15:22:44.431+00:00,18353.281,RX,peer_observation,0001F520,1,7,01 00 00 0F 03 20 F5
2026-09-28T15:22:44.431+00:00,18353.453,RX,peer_observation,0011F520,1,5,01 00 00 20 F5
2026-09-28T15:22:44.436+00:00,18358.286,RX,peer_observation,000115A8,1,7,01 00 00 0F 03 A8 15
2026-09-28T15:22:44.436+00:00,18358.452,RX,peer_observation,001115A8,1,5,01 00 00 A8 15
2026-09-28T15:22:44.441+00:00,18363.244,RX,peer_observation,00016C2E,1,7,01 00 00 0F 03 2E 6C
2026-09-28T15:22:44.441+00:00,18363.447,RX,peer_observation,00116C2E,1,5,01 00 00 2E 6C
2026-09-28T15:22:44.446+00:00,18368.389,RX,peer_observation,0001F7FE,1,7,01 00 00 0F 03 FE F7
2026-09-28T15:22:44.446+00:00,18368.452,RX,peer_observation,0011F7FE,1,5,01 00 00 FE F7
2026-09-28T15:22:44.451+00:00,18373.412,RX,peer_observation,0001AC06,1,7,01 00 00 0F 03 06 AC
2026-09-28T15:22:44.451+00:00,18373.463,RX,peer_observation,0011AC06,1,5,01 00 00 06 AC
2026-09-28T15:22:44.456+00:00,18378.383,RX,peer_observation,00012072,1,7,01 00 00 0F 03 72 20
2026-09-28T15:22:44.456+00:00,18378.452,RX,peer_observation,00112072,1,5,01 00 00 72 20
2026-09-28T15:22:44.461+00:00,18383.287,RX,peer_observation,00013315,1,7,01 00 00 0F 03 15 33
2026-09-28T15:22:44.461+00:00,18383.575,RX,peer_observation,00113315,1,5,01 00 00 15 33
2026-09-28T15:22:44.466+00:00,18388.323,RX,peer_observation,0001FC29,1,7,01 00 00 0F 03 29 FC
2026-09-28T15:22:44.466+00:00,18388.565,RX,peer_observation,0011FC29,1,5,01 00 00 29 FC
2026-09-28T15:22:44.471+00:00,18393.351,RX,peer_observation,00016262,1,7,01 00 00 0F 03 62 62
2026-09-28T15:22:44.471+00:00,18393.471,RX,peer_observation,00116262,1,5,01 00 00 62 62
2026-09-28T15:22:44.476+00:00,18398.487,RX,peer_observation,00015659,1,7,01 00 00 0F 03 59 56
2026-09-28T15:22:44.476+00:00,18398.535,RX,peer_observation,00115659,1,5,01 00 00 59 56
2026-09-28T15:22:44.481+00:00,18403.332,RX,peer_observation,00017CD8,1,7,01 00 00 0F 03 D8 7C
2026-09-28T15:22:44.481+00:00,18403.561,RX,peer_observation,00117CD8,1,5,01 00 00 D8 7C
2026-09-28T15:22:44.486+00:00,18408.247,RX,peer_observation,00017648,1,7,01 00 00 0F 03 48 76
2026-09-28T15:22:44.486+00:00,18408.495,RX,peer_observation,00117648,1,5,01 00 00 48 76
2026-09-28T15:22:44.491+00:00,18413.266,RX,peer_observation,00019B3B,1,7,01 00 00 0F 03 3B 9B
2026-09-28T15:22:44.491+00:00,18413.532,RX,peer_observation,00119B3B,1,5,01 00 00 3B 9B
2026-09-28T15:22:44.496+00:00,18418.477,RX,peer_observation,0001B07F,1,7,01 00 00 0F 03 7F B0
2026-09-28T15:22:44.496+00:00,18418.567,RX,peer_observation,0011B07F,1,5,01 00 00 7F B0
2026-09-28T15:22:44.501+00:00,18423.486,RX,peer_observation,00012B9A,1,7,01 00 00 0F 03 9A 2B
2026-09-28T15:22:44.501+00:00,18423.585,RX,peer_observation,00112B9A,1,5,01 00 00 9A 2B
2026-09-28T15:22:44.506+00:00,18428.206,RX,peer_observation,0001D949,1,7,01 00 00 0F 03 49 D9
2026-09-28T15:22:44.506+00:00,18428.476,RX,peer_observation,0011D949,1,5,01 00 00 49 D9
2026-09-28T15:22:44.511+00:00,18433.484,RX,peer_observation,0001D400,1,7,01 00 00 0F 03 00 D4
2026-09-28T15:22:44.511+00:00,18433.562,RX,peer_observation,0011D400,1,5,01 00 00 00 D4
2026-09-28T15:22:44.516+00:00,18438.499,RX,peer_observation,00018642,1,7,01 00 00 0F 03 42 86
2026-09-28T15:22:44.516+00:00,18438.569,RX,peer_observation,00118642,1,5,01 00 00 42 86
2026-09-28T15:22:44.521+00:00,18443.438,RX,peer_observation,000116BC,1,7,01 00 00 0F 03 BC 16
2026-09-28T15:22:44.521+00:00,18443.527,RX,peer_observation,001116BC,1,5,01 00 00 BC 16
2026-09-28T15:22:44.526+00:00,18448.423,RX,peer_observation,00018A77,1,7,01 00 00 0F 03 77 8A
2026-09-28T15:22:44.526+00:00,18448.480,RX,peer_observation,00118A77,1,5,01 00 00 77 8A
2026-09-28T15:22:44.531+00:00,18453.437,RX,peer_observation,00016B68,1,7,01 00 00 0F 03 68 6B
2026-09-28T15:22:44.531+00:00,18453.527,RX,peer_observation,00116B68,1,5,01 00 00 68 6B
2026-09-28T15:22:44.536+00:00,18458.429,RX,peer_observation,00017470,1,7,01 00 00 0F 03 70 74
2026-09-28T15:22:44.536+00:00,18458.485,RX,peer_observation,00117470,1,5,01 00 00 70 74
2026-09-28T15:22:44.541+00:00,18463.400,RX,peer_observation,00017EA2,1,7,01 00 00 0F 03 A2 7E
2026-09-28T15:22:44.541+00:00,18463.485,RX,peer_observation,00117EA2,1,5,01 00 00 A2 7E
2026-09-28T15:22:44.546+00:00,18468.314,RX,peer_observation,00017711,1,7,01 00 00 0F 03 11 77
2026-09-28T15:22:44.546+00:00,18468.444,RX,peer_observation,00117711,1,5,01 00 00 11 77
2026-09-28T15:22:44.551+00:00,18473.312,RX,peer_observation,00014B14,1,7,01 00 00 0F 03 14 4B
2026-09-28T15:22:44.551+00:00,18473.412,RX,peer_observation,00114B14,1,5,01 00 00 14 4B
2026-09-28T15:22:44.556+00:00,18478.271,RX,peer_observation,0001963B,1,7,01 00 00 0F 03 3B 96
2026-09-28T15:22:44.556+00:00,18478.501,RX,peer_observation,0011963B,1,5,01 00 00 3B 96
2026-09-28T15:22:44.561+00:00,18483.482,RX,peer_observation,00014137,1,7,01 00 00 0F 03 37 41
2026-09-28T15:22:44.561+00:00,18483.562,RX,peer_observation,00114137,1,5,01 00 00 37 41
2026-09-28T15:22:44.566+00:00,18488.426,RX,peer_observation,00019998,1,7,01 00 00 0F 03 98 99
2026-09-28T15:22:44.566+00:00,18488.538,RX,peer_observation,00119998,1,5,01 00 00 98 99
2026-09-28T15:22:44.571+00:00,18493.416,RX,peer_observation,0001D7F9,1,7,01 00 00 0F 03 F9 D7
2026-09-28T15:22:44.571+00:00,18493.474,RX,peer_observation,0011D7F9,1,5,01 00 00 F9 D7
2026-09-28T15:22:44.576+00:00,18498.458,RX,peer_observation,000173ED,1,7,01 00 00 0F 03 ED 73
2026-09-28T15:22:44.576+00:00,18498.514,RX,peer_observation,001173ED,1,5,01 00 00 ED 73
2026-09-28T15:22:44.581+00:00,18503.443,RX,peer_observation,00013730,1,7,01 00 00 0F 03 30 37
2026-09-28T15:22:44.581+00:00,18503.521,RX,peer_observation,00113730,1,5,01 00 00 30 37
2026-09-28T15:22:44.586+00:00,18508.413,RX,peer_observation,00019AEB,1,7,01 00 00 0F 03 EB 9A
2026-09-28T15:22:44.586+00:00,18508.530,RX,peer_observation,00119AEB,1,5,01 00 00 EB 9A
2026-09-28T15:22:44.591+00:00,18513.432,RX,peer_observation,0001AD7F,1,7,01 00 00 0F 03 7F AD
2026-09-28T15:22:44.591+00:00,18513.490,RX,peer_observation,0011AD7F,1,5,01 00 00 7F AD
2026-09-28T15:22:44.596+00:00,18518.247,RX,peer_observation,0001275B,1,7,01 00 00 0F 03 5B 27
2026-09-28T15:22:44.596+00:00,18518.492,RX,peer_observation,0011275B,1,5,01 00 00 5B 27
2026-09-28T15:22:44.601+00:00,18523.400,RX,peer_observation,00017A13,1,7,01 00 00 0F 03 13 7A
2026-09-28T15:22:44.601+00:00,18523.466,RX,peer_observation,00117A13,1,5,01 00 00 13 7A
2026-09-28T15:22:44.606+00:00,18528.244,RX,peer_observation,00014314,1,7,01 00 00 0F 03 14 43
2026-09-28T15:22:44.606+00:00,18528.480,RX,peer_observation,00114314,1,5,01 00 00 14 43
2026-09-28T15:22:44.611+00:00,18533.240,RX,peer_observation,00018368,1,7,01 00 00 0F 03 68 83
2026-09-28T15:22:44.611+00:00,18533.484,RX,peer_observation,00118368,1,5,01 00 00 68 83
2026-09-28T15:22:44.616+00:00,18538.245,RX,peer_observation,0001661A,1,7,01 00 00 0F 03 1A 66
2026-09-28T15:22:44.616+00:00,18538.473,RX,peer_observation,0011661A,1,5,01 00 00 1A 66
2026-09-28T15:22:44.621+00:00,18543.426,RX,peer_observation,0001C6F6,1,7,01 00 00 0F 03 F6 C6
2026-09-28T15:22:44.621+00:00,18543.482,RX,peer_observation,0011C6F6,1,5,01 00 00 F6 C6
2026-09-28T15:22:44.626+00:00,18548.238,RX,peer_observation,000131DE,1,7,01 00 00 0F 03 DE 31
2026-09-28T15:22:44.626+00:00,18548.451,RX,peer_observation,001131DE,1,5,01 00 00 DE 31
2026-09-28T15:22:44.631+00:00,18553.401,RX,peer_observation,0001E271,1,7,01 00 00 0F 03 71 E2
2026-09-28T15:22:44.631+00:00,18553.483,RX,peer_observation,0011E271,1,5,01 00 00 71 E2
2026-09-28T15:22:44.636+00:00,18558.450,RX,peer_observation,00018972,1,7,01 00 00 0F 03 72 89
2026-09-28T15:22:44.636+00:00,18558.512,RX,peer_observation,00118972,1,5,01 00 00 72 89
2026-09-28T15:22:44.641+00:00,18563.407,RX,peer_observation,0001AE07,1,7,01 00 00 0F 03 07 AE
2026-09-28T15:22:44.641+00:00,18563.490,RX,peer_observation,0011AE07,1,5,01 00 00 07 AE
2026-09-28T15:22:44.646+00:00,18568.464,RX,peer_observation,0001532E,1,7,01 00 00 0F 03 2E 53
2026-09-28T15:22:44.646+00:00,18568.539,RX,peer_observation,0011532E,1,5,01 00 00 2E 53
2026-09-28T15:22:44.651+00:00,18573.468,RX,peer_observation,000107BA,1,7,01 00 00 0F 03 BA 07
2026-09-28T15:22:44.651+00:00,18573.540,RX,peer_observation,001107BA,1,5,01 00 00 BA 07
2026-09-28T15:22:44.656+00:00,18578.426,RX,peer_observation,0001B016,1,7,01 00 00 0F 03 16 B0
2026-09-28T15:22:44.656+00:00,18578.494,RX,peer_observation,0011B016,1,5,01 00 00 16 B0
2026-09-28T15:22:44.661+00:00,18583.235,RX,peer_observation,00010ACE,1,7,01 00 00 0F 03 CE 0A
2026-09-28T15:22:44.661+00:00,18583.551,RX,peer_observation,00110ACE,1,5,01 00 00 CE 0A
2026-09-28T15:22:44.666+00:00,18588.434,RX,peer_observation,00016B0E,1,7,01 00 00 0F 03 0E 6B
2026-09-28T15:22:44.666+00:00,18588.491,RX,peer_observation,00116B0E,1,5,01 00 00 0E 6B
2026-09-28T15:22:44.671+00:00,18593.286,RX,peer_observation,0001B2E5,1,7,01 00 00 0F 03 E5 B2
2026-09-28T15:22:44.671+00:00,18593.402,RX,peer_observation,0011B2E5,1,5,01 00 00 E5 B2
2026-09-28T15:22:44.676+00:00,18598.401,RX,peer_observation,0001BD90,1,7,01 00 00 0F 03 90 BD
2026-09-28T15:22:44.676+00:00,18598.470,RX,peer_observation,0011BD90,1,5,01 00 00 90 BD
2026-09-28T15:22:44.681+00:00,18603.374,RX,peer_observation,00013134,1,7,01 00 00 0F 03 34 31
2026-09-28T15:22:44.681+00:00,18603.450,RX,peer_observation,00113134,1,5,01 00 00 34 31
2026-09-28T15:22:44.686+00:00,18608.517,RX,peer_observation,0001BD87,1,7,01 00 00 0F 03 87 BD
2026-09-28T15:22:44.687+00:00,18608.620,RX,peer_observation,0011BD87,1,5,01 00 00 87 BD
2026-09-28T15:22:44.691+00:00,18613.263,RX,peer_observation,0001EB00,1,7,01 00 00 0F 03 00 EB
2026-09-28T15:22:44.691+00:00,18613.543,RX,peer_observation,0011EB00,1,5,01 00 00 00 EB
2026-09-28T15:22:44.696+00:00,18618.408,RX,peer_observation,0001737D,1,7,01 00 00 0F 03 7D 73
2026-09-28T15:22:44.696+00:00,18618.465,RX,peer_observation,0011737D,1,5,01 00 00 7D 73
2026-09-28T15:22:44.701+00:00,18623.347,RX,peer_observation,00015742,1,7,01 00 00 0F 03 42 57
2026-09-28T15:22:44.701+00:00,18623.422,RX,peer_observation,00115742,1,5,01 00 00 42 57
2026-09-28T15:22:44.706+00:00,18628.378,RX,peer_observation,00019237,1,7,01 00 00 0F 03 37 92
2026-09-28T15:22:44.707+00:00,18628.642,RX,peer_observation,00119237,1,5,01 00 00 37 92
2026-09-28T15:22:44.711+00:00,18633.355,RX,peer_observation,0001DE23,1,7,01 00 00 0F 03 23 DE
2026-09-28T15:22:44.711+00:00,18633.449,RX,peer_observation,0011DE23,1,5,01 00 00 23 DE
2026-09-28T15:22:44.716+00:00,18638.444,RX,peer_observation,0001747D,1,7,01 00 00 0F 03 7D 74
2026-09-28T15:22:44.716+00:00,18638.522,RX,peer_observation,0011747D,1,5,01 00 00 7D 74
2026-09-28T15:22:44.721+00:00,18643.361,RX,peer_observation,0001D3AA,1,7,01 00 00 0F 03 AA D3
2026-09-28T15:22:44.721+00:00,18643.453,RX,peer_observation,0011D3AA,1,5,01 00 00 AA D3
2026-09-28T15:22:44.726+00:00,18648.404,RX,peer_observation,0001BF9D,1,7,01 00 00 0F 03 9D BF
2026-09-28T15:22:44.726+00:00,18648.477,RX,peer_observation,0011BF9D,1,5,01 00 00 9D BF
2026-09-28T15:22:44.731+00:00,18653.377,RX,peer_observation,0001A3D7,1,7,01 00 00 0F 03 D7 A3
2026-09-28T15:22:44.731+00:00,18653.442,RX,peer_observation,0011A3D7,1,5,01 00 00 D7 A3
2026-09-28T15:22:44.736+00:00,18658.459,RX,peer_observation,000170E8,1,7,01 00 00 0F 03 E8 70
2026-09-28T15:22:44.736+00:00,18658.518,RX,peer_observation,001170E8,1,5,01 00 00 E8 70
2026-09-28T15:22:44.741+00:00,18663.421,RX,peer_observation,00017106,1,7,01 00 00 0F 03 06 71
2026-09-28T15:22:44.741+00:00,18663.501,RX,peer_observation,00117106,1,5,01 00 00 06 71
2026-09-28T15:22:44.746+00:00,18668.219,RX,peer_observation,00013236,1,7,01 00 00 0F 03 36 32
2026-09-28T15:22:44.746+00:00,18668.463,RX,peer_observation,00113236,1,5,01 00 00 36 32
2026-09-28T15:22:44.751+00:00,18673.229,RX,peer_observation,0001163C,1,7,01 00 00 0F 03 3C 16
2026-09-28T15:22:44.751+00:00,18673.473,RX,peer_observation,0011163C,1,5,01 00 00 3C 16
2026-09-28T15:22:44.756+00:00,18678.298,RX,peer_observation,0001113F,1,7,01 00 00 0F 03 3F 11
2026-09-28T15:22:44.756+00:00,18678.392,RX,peer_observation,0011113F,1,5,01 00 00 3F 11
2026-09-28T15:22:44.761+00:00,18683.221,RX,peer_observation,0001C9E1,1,7,01 00 00 0F 03 E1 C9
2026-09-28T15:22:44.761+00:00,18683.511,RX,peer_observation,0011C9E1,1,5,01 00 00 E1 C9
2026-09-28T15:22:44.766+00:00,18688.275,RX,peer_observation,0001A748,1,7,01 00 00 0F 03 48 A7
2026-09-28T15:22:44.766+00:00,18688.517,RX,peer_observation,0011A748,1,5,01 00 00 48 A7
2026-09-28T15:22:44.771+00:00,18693.226,RX,peer_observation,000195E9,1,7,01 00 00 0F 03 E9 95
2026-09-28T15:22:44.771+00:00,18693.430,RX,peer_observation,001195E9,1,5,01 00 00 E9 95
2026-09-28T15:22:44.776+00:00,18698.288,RX,peer_observation,00012668,1,7,01 00 00 0F 03 68 26
2026-09-28T15:22:44.776+00:00,18698.510,RX,peer_observation,00112668,1,5,01 00 00 68 26
2026-09-28T15:22:44.781+00:00,18703.236,RX,peer_observation,00018978,1,7,01 00 00 0F 03 78 89
2026-09-28T15:22:44.781+00:00,18703.470,RX,peer_observation,00118978,1,5,01 00 00 78 89
2026-09-28T15:22:44.786+00:00,18708.215,RX,peer_observation,0001FF80,1,7,01 00 00 0F 03 80 FF
2026-09-28T15:22:44.786+00:00,18708.461,RX,peer_observation,0011FF80,1,5,01 00 00 80 FF
2026-09-28T15:22:44.791+00:00,18713.316,RX,peer_observation,0001F091,1,7,01 00 00 0F 03 91 F0
2026-09-28T15:22:44.791+00:00,18713.421,RX,peer_observation,0011F091,1,5,01 00 00 91 F0
2026-09-28T15:22:44.796+00:00,18718.464,RX,peer_observation,00019F98,1,7,01 00 00 0F 03 98 9F
2026-09-28T15:22:44.796+00:00,18718.578,RX,peer_observation,00119F98,1,5,01 00 00 98 9F
2026-09-28T15:22:44.801+00:00,18723.192,RX,peer_observation,0001C540,1,7,01 00 00 0F 03 40 C5
2026-09-28T15:22:44.801+00:00,18723.487,RX,peer_observation,0011C540,1,5,01 00 00 40 C5
2026-09-28T15:22:44.806+00:00,18728.461,RX,peer_observation,0001013C,1,7,01 00 00 0F 03 3C 01
2026-09-28T15:22:44.806+00:00,18728.559,RX,peer_observation,0011013C,1,5,01 00 00 3C 01
2026-09-28T15:22:44.811+00:00,18733.389,RX,peer_observation,00011E6A,1,7,01 00 00 0F 03 6A 1E
2026-09-28T15:22:44.811+00:00,18733.447,RX,peer_observation,00111E6A,1,5,01 00 00 6A 1E
2026-09-28T15:22:44.816+00:00,18738.467,RX,peer_observation,0001B60F,1,7,01 00 00 0F 03 0F B6
2026-09-28T15:22:44.816+00:00,18738.578,RX,peer_observation,0011B60F,1,5,01 00 00 0F B6
2026-09-28T15:22:44.821+00:00,18743.435,RX,peer_observation,00014727,1,7,01 00 00 0F 03 27 47
2026-09-28T15:22:44.821+00:00,18743.538,RX,peer_observation,00114727,1,5,01 00 00 27 47
2026-09-28T15:22:44.826+00:00,18748.457,RX,peer_observation,0001DAA8,1,7,01 00 00 0F 03 A8 DA
2026-09-28T15:22:44.826+00:00,18748.551,RX,peer_observation,0011DAA8,1,5,01 00 00 A8 DA
2026-09-28T15:22:44.831+00:00,18753.417,RX,peer_observation,00010A4D,1,7,01 00 00 0F 03 4D 0A
2026-09-28T15:22:44.831+00:00,18753.473,RX,peer_observation,00110A4D,1,5,01 00 00 4D 0A
2026-09-28T15:22:44.836+00:00,18758.458,RX,peer_observation,0001E285,1,7,01 00 00 0F 03 85 E2
2026-09-28T15:22:44.836+00:00,18758.552,RX,peer_observation,0011E285,1,5,01 00 00 85 E2
2026-09-28T15:22:44.841+00:00,18763.436,RX,peer_observation,0001D89A,1,7,01 00 00 0F 03 9A D8
2026-09-28T15:22:44.841+00:00,18763.542,RX,peer_observation,0011D89A,1,5,01 00 00 9A D8
2026-09-28T15:22:44.846+00:00,18768.283,RX,peer_observation,0001978B,1,7,01 00 00 0F 03 8B 97
2026-09-28T15:22:44.846+00:00,18768.502,RX,peer_observation,0011978B,1,5,01 00 00 8B 97
2026-09-28T15:22:44.851+00:00,18773.203,RX,peer_observation,00017C9C,1,7,01 00 00 0F 03 9C 7C
2026-09-28T15:22:44.851+00:00,18773.455,RX,peer_observation,00117C9C,1,5,01 00 00 9C 7C
2026-09-28T15:22:44.856+00:00,18778.255,RX,peer_observation,0001FC67,1,7,01 00 00 0F 03 67 FC
2026-09-28T15:22:44.856+00:00,18778.506,RX,peer_observation,0011FC67,1,5,01 00 00 67 FC
2026-09-28T15:22:44.861+00:00,18783.448,RX,peer_observation,0001B249,1,7,01 00 00 0F 03 49 B2
2026-09-28T15:22:44.861+00:00,18783.540,RX,peer_observation,0011B249,1,5,01 00 00 49 B2
2026-09-28T15:22:44.866+00:00,18788.397,RX,peer_observation,0001D6DD,1,7,01 00 00 0F 03 DD D6
2026-09-28T15:22:44.866+00:00,18788.453,RX,peer_observation,0011D6DD,1,5,01 00 00 DD D6
2026-09-28T15:22:44.871+00:00,18793.429,RX,peer_observation,0001D4E6,1,7,01 00 00 0F 03 E6 D4
2026-09-28T15:22:44.871+00:00,18793.506,RX,peer_observation,0011D4E6,1,5,01 00 00 E6 D4
2026-09-28T15:22:44.876+00:00,18798.398,RX,peer_observation,00014AC0,1,7,01 00 00 0F 03 C0 4A
2026-09-28T15:22:44.876+00:00,18798.490,RX,peer_observation,00114AC0,1,5,01 00 00 C0 4A
2026-09-28T15:22:44.881+00:00,18803.461,RX,peer_observation,000198AC,1,7,01 00 00 0F 03 AC 98
2026-09-28T15:22:44.881+00:00,18803.547,RX,peer_observation,001198AC,1,5,01 00 00 AC 98
2026-09-28T15:22:44.886+00:00,18808.403,RX,peer_observation,0001481F,1,7,01 00 00 0F 03 1F 48
2026-09-28T15:22:44.886+00:00,18808.484,RX,peer_observation,0011481F,1,5,01 00 00 1F 48
2026-09-28T15:22:44.891+00:00,18813.487,RX,peer_observation,0001EA4B,1,7,01 00 00 0F 03 4B EA
2026-09-28T15:22:44.891+00:00,18813.585,RX,peer_observation,0011EA4B,1,5,01 00 00 4B EA
2026-09-28T15:22:44.896+00:00,18818.220,RX,peer_observation,000182F8,1,7,01 00 00 0F 03 F8 82
2026-09-28T15:22:44.896+00:00,18818.463,RX,peer_observation,001182F8,1,5,01 00 00 F8 82
2026-09-28T15:22:44.901+00:00,18823.343,RX,peer_observation,00015543,1,7,01 00 00 0F 03 43 55
2026-09-28T15:22:44.901+00:00,18823.419,RX,peer_observation,00115543,1,5,01 00 00 43 55
2026-09-28T15:22:44.906+00:00,18828.319,RX,peer_observation,00013C6A,1,7,01 00 00 0F 03 6A 3C
2026-09-28T15:22:44.906+00:00,18828.413,RX,peer_observation,00113C6A,1,5,01 00 00 6A 3C
2026-09-28T15:22:44.911+00:00,18833.269,RX,peer_observation,0001CAA0,1,7,01 00 00 0F 03 A0 CA
2026-09-28T15:22:44.911+00:00,18833.411,RX,peer_observation,0011CAA0,1,5,01 00 00 A0 CA
2026-09-28T15:22:44.916+00:00,18838.291,RX,peer_observation,0001F53F,1,7,01 00 00 0F 03 3F F5
2026-09-28T15:22:44.916+00:00,18838.385,RX,peer_observation,0011F53F,1,5,01 00 00 3F F5
2026-09-28T15:22:44.921+00:00,18843.270,RX,peer_observation,0001F8A0,1,7,01 00 00 0F 03 A0 F8
2026-09-28T15:22:44.921+00:00,18843.375,RX,peer_observation,0011F8A0,1,5,01 00 00 A0 F8
2026-09-28T15:22:44.926+00:00,18848.239,RX,peer_observation,00013B44,1,7,01 00 00 0F 03 44 3B
2026-09-28T15:22:44.926+00:00,18848.561,RX,peer_observation,00113B44,1,5,01 00 00 44 3B
2026-09-28T15:22:44.931+00:00,18853.192,RX,peer_observation,00018C52,1,7,01 00 00 0F 03 52 8C
2026-09-28T15:22:44.931+00:00,18853.573,RX,peer_observation,00118C52,1,5,01 00 00 52 8C
2026-09-28T15:22:44.936+00:00,18858.251,RX,peer_observation,000182C6,1,7,01 00 00 0F 03 C6 82
2026-09-28T15:22:44.936+00:00,18858.544,RX,peer_observation,001182C6,1,5,01 00 00 C6 82
2026-09-28T15:22:44.941+00:00,18863.276,RX,peer_observation,00012125,1,7,01 00 00 0F 03 25 21
2026-09-28T15:22:44.941+00:00,18863.498,RX,peer_observation,00112125,1,5,01 00 00 25 21
2026-09-28T15:22:44.946+00:00,18868.260,RX,peer_observation,00018335,1,7,01 00 00 0F 03 35 83
2026-09-28T15:22:44.946+00:00,18868.530,RX,peer_observation,00118335,1,5,01 00 00 35 83
2026-09-28T15:22:44.951+00:00,18873.257,RX,peer_observation,00013F0A,1,7,01 00 00 0F 03 0A 3F
2026-09-28T15:22:44.951+00:00,18873.517,RX,peer_observation,00113F0A,1,5,01 00 00 0A 3F
2026-09-28T15:22:44.956+00:00,18878.241,RX,peer_observation,0001B5B2,1,7,01 00 00 0F 03 B2 B5
2026-09-28T15:22:44.956+00:00,18878.427,RX,peer_observation,0011B5B2,1,5,01 00 00 B2 B5
2026-09-28T15:22:44.961+00:00,18883.189,RX,peer_observation,0001628D,1,7,01 00 00 0F 03 8D 62
2026-09-28T15:22:44.961+00:00,18883.418,RX,peer_observation,0011628D,1,5,01 00 00 8D 62
2026-09-28T15:22:44.966+00:00,18888.192,RX,peer_observation,0001B21C,1,7,01 00 00 0F 03 1C B2
2026-09-28T15:22:44.966+00:00,18888.426,RX,peer_observation,0011B21C,1,5,01 00 00 1C B2
2026-09-28T15:22:44.971+00:00,18893.239,RX,peer_observation,00017F14,1,7,01 00 00 0F 03 14 7F
2026-09-28T15:22:44.971+00:00,18893.505,RX,peer_observation,00117F14,1,5,01 00 00 14 7F
2026-09-28T15:22:44.976+00:00,18898.208,RX,peer_observation,0001DED1,1,7,01 00 00 0F 03 D1 DE
2026-09-28T15:22:44.976+00:00,18898.450,RX,peer_observation,0011DED1,1,5,01 00 00 D1 DE
2026-09-28T15:22:44.981+00:00,18903.374,RX,peer_observation,00017A2C,1,7,01 00 00 0F 03 2C 7A
2026-09-28T15:22:44.981+00:00,18903.437,RX,peer_observation,00117A2C,1,5,01 00 00 2C 7A
2026-09-28T15:22:44.986+00:00,18908.199,RX,peer_observation,00014541,1,7,01 00 00 0F 03 41 45
2026-09-28T15:22:44.986+00:00,18908.475,RX,peer_observation,00114541,1,5,01 00 00 41 45
2026-09-28T15:22:44.991+00:00,18913.197,RX,peer_observation,0001837F,1,7,01 00 00 0F 03 7F 83
2026-09-28T15:22:44.991+00:00,18913.503,RX,peer_observation,0011837F,1,5,01 00 00 7F 83
2026-09-28T15:22:44.996+00:00,18918.356,RX,peer_observation,00010D09,1,7,01 00 00 0F 03 09 0D
2026-09-28T15:22:44.996+00:00,18918.404,RX,peer_observation,00110D09,1,5,01 00 00 09 0D
2026-09-28T15:22:45.001+00:00,18923.293,RX,peer_observation,0001B7F5,1,7,01 00 00 0F 03 F5 B7
2026-09-28T15:22:45.001+00:00,18923.519,RX,peer_observation,0011B7F5,1,5,01 00 00 F5 B7
2026-09-28T15:22:45.006+00:00,18928.239,RX,peer_observation,00013129,1,7,01 00 00 0F 03 29 31
2026-09-28T15:22:45.006+00:00,18928.472,RX,peer_observation,00113129,1,5,01 00 00 29 31
2026-09-28T15:22:45.011+00:00,18933.373,RX,peer_observation,0001C304,1,7,01 00 00 0F 03 04 C3
2026-09-28T15:22:45.011+00:00,18933.430,RX,peer_observation,0011C304,1,5,01 00 00 04 C3
2026-09-28T15:22:45.016+00:00,18938.200,RX,peer_observation,00013693,1,7,01 00 00 0F 03 93 36
2026-09-28T15:22:45.016+00:00,18938.442,RX,peer_observation,00113693,1,5,01 00 00 93 36
2026-09-28T15:22:45.021+00:00,18943.443,RX,peer_observation,0001303E,1,7,01 00 00 0F 03 3E 30
2026-09-28T15:22:45.021+00:00,18943.513,RX,peer_observation,0011303E,1,5,01 00 00 3E 30
2026-09-28T15:22:45.026+00:00,18948.158,RX,peer_observation,0001612C,1,7,01 00 00 0F 03 2C 61
2026-09-28T15:22:45.026+00:00,18948.428,RX,peer_observation,0011612C,1,5,01 00 00 2C 61
2026-09-28T15:22:45.031+00:00,18953.380,RX,peer_observation,0001D7A6,1,7,01 00 00 0F 03 A6 D7
2026-09-28T15:22:45.031+00:00,18953.436,RX,peer_observation,0011D7A6,1,5,01 00 00 A6 D7
2026-09-28T15:22:45.036+00:00,18958.254,RX,peer_observation,00012BEC,1,7,01 00 00 0F 03 EC 2B
2026-09-28T15:22:45.036+00:00,18958.499,RX,peer_observation,00112BEC,1,5,01 00 00 EC 2B
2026-09-28T15:22:45.041+00:00,18963.188,RX,peer_observation,00013A45,1,7,01 00 00 0F 03 45 3A
2026-09-28T15:22:45.041+00:00,18963.440,RX,peer_observation,00113A45,1,5,01 00 00 45 3A
2026-09-28T15:22:45.046+00:00,18968.347,RX,peer_observation,000162C7,1,7,01 00 00 0F 03 C7 62
2026-09-28T15:22:45.046+00:00,18968.404,RX,peer_observation,001162C7,1,5,01 00 00 C7 62
2026-09-28T15:22:45.051+00:00,18973.299,RX,peer_observation,00014D1D,1,7,01 00 00 0F 03 1D 4D
2026-09-28T15:22:45.051+00:00,18973.535,RX,peer_observation,00114D1D,1,5,01 00 00 1D 4D
2026-09-28T15:22:45.056+00:00,18978.319,RX,peer_observation,0001C886,1,7,01 00 00 0F 03 86 C8
2026-09-28T15:22:45.056+00:00,18978.573,RX,peer_observation,0011C886,1,5,01 00 00 86 C8
2026-09-28T15:22:45.061+00:00,18983.184,RX,peer_observation,00018B71,1,7,01 00 00 0F 03 71 8B
2026-09-28T15:22:45.061+00:00,18983.449,RX,peer_observation,00118B71,1,5,01 00 00 71 8B
2026-09-28T15:22:45.066+00:00,18988.390,RX,peer_observation,0001D4B1,1,7,01 00 00 0F 03 B1 D4
2026-09-28T15:22:45.066+00:00,18988.449,RX,peer_observation,0011D4B1,1,5,01 00 00 B1 D4
2026-09-28T15:22:45.071+00:00,18993.188,RX,peer_observation,000169F3,1,7,01 00 00 0F 03 F3 69
2026-09-28T15:22:45.071+00:00,18993.432,RX,peer_observation,001169F3,1,5,01 00 00 F3 69
2026-09-28T15:22:45.076+00:00,18998.388,RX,peer_observation,0001F141,1,7,01 00 00 0F 03 41 F1
2026-09-28T15:22:45.076+00:00,18998.444,RX,peer_observation,0011F141,1,5,01 00 00 41 F1
2026-09-28T15:22:45.079+00:00,19001.542,TX,peer_00007_short,0012C82D,1,5,01 00 00 2D C8
2026-09-28T15:22:45.081+00:00,19003.188,RX,peer_observation,0001A758,1,7,01 00 00 0F 03 58 A7
2026-09-28T15:22:45.081+00:00,19003.438,RX,peer_observation,0011A758,1,5,01 00 00 58 A7
2026-09-28T15:22:45.086+00:00,19008.182,RX,peer_observation,000121AE,1,7,01 00 00 0F 03 AE 21
2026-09-28T15:22:45.086+00:00,19008.430,RX,peer_observation,001121AE,1,5,01 00 00 AE 21
2026-09-28T15:22:45.088+00:00,19010.175,RX,peer_observation,103C0401,1,4,00 00 00 01
2026-09-28T15:22:45.088+00:00,19010.393,RX,peer_observation,103C0481,1,8,00 00 00 00 00 10 63 14
2026-09-28T15:22:45.091+00:00,19013.318,RX,peer_observation,0001076A,1,7,01 00 00 0F 03 6A 07
2026-09-28T15:22:45.091+00:00,19013.407,RX,peer_observation,0011076A,1,5,01 00 00 6A 07
2026-09-28T15:22:45.093+00:00,19015.193,RX,peer_observation,103C0401,1,4,00 00 00 01
2026-09-28T15:22:45.093+00:00,19015.425,RX,peer_observation,103C0481,1,8,00 00 00 00 00 10 63 14
2026-09-28T15:22:45.096+00:00,19018.408,RX,peer_observation,0001989B,1,7,01 00 00 0F 03 9B 98
2026-09-28T15:22:45.096+00:00,19018.521,RX,peer_observation,0011989B,1,5,01 00 00 9B 98
2026-09-28T15:22:45.098+00:00,19020.392,RX,peer_observation,103C0401,1,4,00 00 00 01
2026-09-28T15:22:45.099+00:00,19020.646,RX,peer_observation,103C0481,1,8,00 00 00 00 00 10 62 14
2026-09-28T15:22:45.101+00:00,19023.321,RX,peer_observation,00013084,1,7,01 00 00 0F 03 84 30
2026-09-28T15:22:45.101+00:00,19023.446,RX,peer_observation,00113084,1,5,01 00 00 84 30
2026-09-28T15:22:45.103+00:00,19025.160,RX,peer_observation,103C0401,1,4,00 00 00 01
2026-09-28T15:22:45.104+00:00,19025.624,RX,peer_observation,103C0481,1,8,00 00 00 00 00 10 63 14
2026-09-28T15:22:45.106+00:00,19028.175,RX,peer_observation,0001DB26,1,7,01 00 00 0F 03 26 DB
2026-09-28T15:22:45.106+00:00,19028.446,RX,peer_observation,0011DB26,1,5,01 00 00 26 DB
2026-09-28T15:22:45.108+00:00,19030.238,RX,peer_observation,103C0401,1,4,00 00 00 01
2026-09-28T15:22:45.108+00:00,19030.502,RX,peer_observation,103C0481,1,8,00 00 00 00 00 10 63 14
2026-09-28T15:22:45.111+00:00,19033.391,RX,peer_observation,00015824,1,7,01 00 00 0F 03 24 58
2026-09-28T15:22:45.111+00:00,19033.485,RX,peer_observation,00115824,1,5,01 00 00 24 58
2026-09-28T15:22:45.113+00:00,19035.387,RX,peer_observation,103C0401,1,4,00 00 00 01
2026-09-28T15:22:45.113+00:00,19035.566,RX,peer_observation,103C0481,1,8,00 00 00 00 00 10 63 14
2026-09-28T15:22:45.116+00:00,19038.443,RX,peer_observation,0001ECA9,1,7,01 00 00 0F 03 A9 EC
2026-09-28T15:22:45.116+00:00,19038.520,RX,peer_observation,0011ECA9,1,5,01 00 00 A9 EC
2026-09-28T15:22:45.118+00:00,19040.211,RX,peer_observation,103C0401,1,4,00 00 00 01
2026-09-28T15:22:45.118+00:00,19040.483,RX,peer_observation,103C0481,1,8,00 00 00 00 00 10 62 14
2026-09-28T15:22:45.121+00:00,19043.329,RX,peer_observation,000129F5,1,7,01 00 00 0F 03 F5 29
2026-09-28T15:22:45.121+00:00,19043.479,RX,peer_observation,001129F5,1,5,01 00 00 F5 29
2026-09-28T15:22:45.123+00:00,19045.346,RX,peer_observation,103C0401,1,4,00 00 00 01
2026-09-28T15:22:45.123+00:00,19045.560,RX,peer_observation,103C0481,1,8,00 00 00 00 00 10 63 14
2026-09-28T15:22:45.126+00:00,19048.391,RX,peer_observation,00017B74,1,7,01 00 00 0F 03 74 7B
2026-09-28T15:22:45.126+00:00,19048.507,RX,peer_observation,00117B74,1,5,01 00 00 74 7B
2026-09-28T15:22:45.128+00:00,19050.360,RX,peer_observation,103C0401,1,4,00 00 00 01
2026-09-28T15:22:45.128+00:00,19050.518,RX,peer_observation,103C0481,1,8,00 00 00 00 00 10 63 14
2026-09-28T15:22:45.131+00:00,19053.502,RX,peer_observation,0001C980,1,7,01 00 00 0F 03 80 C9
2026-09-28T15:22:45.132+00:00,19053.611,RX,peer_observation,0011C980,1,5,01 00 00 80 C9
2026-09-28T15:22:45.133+00:00,19055.428,RX,peer_observation,103C0401,1,4,00 00 00 01
2026-09-28T15:22:45.134+00:00,19055.673,RX,peer_observation,103C0481,1,8,00 00 00 00 00 10 63 14
2026-09-28T15:22:45.136+00:00,19058.175,RX,peer_observation,00014EC4,1,7,01 00 00 0F 03 C4 4E
2026-09-28T15:22:45.136+00:00,19058.405,RX,peer_observation,00114EC4,1,5,01 00 00 C4 4E
2026-09-28T15:22:45.138+00:00,19060.169,RX,peer_observation,103C0401,1,4,00 00 00 01
2026-09-28T15:22:45.138+00:00,19060.428,RX,peer_observation,103C0481,1,8,00 00 00 00 00 10 63 14
2026-09-28T15:22:45.141+00:00,19063.424,RX,peer_observation,00014D64,1,7,01 00 00 0F 03 64 4D
2026-09-28T15:22:45.141+00:00,19063.516,RX,peer_observation,00114D64,1,5,01 00 00 64 4D
2026-09-28T15:22:45.143+00:00,19065.326,RX,peer_observation,103C0401,1,4,00 00 00 01
2026-09-28T15:22:45.143+00:00,19065.488,RX,peer_observation,103C0481,1,8,00 00 00 00 00 10 63 14
2026-09-28T15:22:45.146+00:00,19068.246,RX,peer_observation,0001D3FF,1,7,01 00 00 0F 03 FF D3
2026-09-28T15:22:45.146+00:00,19068.445,RX,peer_observation,0011D3FF,1,5,01 00 00 FF D3
2026-09-28T15:22:45.148+00:00,19070.177,RX,peer_observation,103C0401,1,4,00 00 00 01
2026-09-28T15:22:45.148+00:00,19070.361,RX,peer_observation,103C0481,1,8,00 00 00 00 00 10 63 14
2026-09-28T15:22:45.151+00:00,19073.195,RX,peer_observation,0001B7C4,1,7,01 00 00 0F 03 C4 B7
2026-09-28T15:22:45.151+00:00,19073.435,RX,peer_observation,0011B7C4,1,5,01 00 00 C4 B7
2026-09-28T15:22:45.153+00:00,19075.140,RX,peer_observation,103C0401,1,4,00 00 00 01
2026-09-28T15:22:45.153+00:00,19075.404,RX,peer_observation,103C0481,1,8,00 00 00 00 00 10 63 14
2026-09-28T15:22:45.156+00:00,19078.215,RX,peer_observation,00016103,1,7,01 00 00 0F 03 03 61
2026-09-28T15:22:45.156+00:00,19078.435,RX,peer_observation,00116103,1,5,01 00 00 03 61
2026-09-28T15:22:45.158+00:00,19080.172,RX,peer_observation,103C0401,1,4,00 00 00 01
2026-09-28T15:22:45.158+00:00,19080.394,RX,peer_observation,103C0481,1,8,00 00 00 00 00 10 62 14
2026-09-28T15:22:45.161+00:00,19083.222,RX,peer_observation,00015E4C,1,7,01 00 00 0F 03 4C 5E
2026-09-28T15:22:45.161+00:00,19083.431,RX,peer_observation,00115E4C,1,5,01 00 00 4C 5E
2026-09-28T15:22:45.163+00:00,19085.181,RX,peer_observation,103C0401,1,4,00 00 00 01
2026-09-28T15:22:45.163+00:00,19085.420,RX,peer_observation,103C0481,1,8,00 00 00 00 00 10 63 14
2026-09-28T15:22:45.166+00:00,19088.295,RX,peer_observation,0001AF0A,1,7,01 00 00 0F 03 0A AF
2026-09-28T15:22:45.166+00:00,19088.364,RX,peer_observation,0011AF0A,1,5,01 00 00 0A AF
2026-09-28T15:22:45.168+00:00,19090.236,RX,peer_observation,103C0401,1,4,00 00 00 01
2026-09-28T15:22:45.168+00:00,19090.489,RX,peer_observation,103C0481,1,8,00 00 00 00 00 10 63 14
2026-09-28T15:22:45.171+00:00,19093.273,RX,peer_observation,000154FF,1,7,01 00 00 0F 03 FF 54
2026-09-28T15:22:45.171+00:00,19093.407,RX,peer_observation,001154FF,1,5,01 00 00 FF 54
2026-09-28T15:22:45.176+00:00,19098.210,RX,peer_observation,0001356B,1,7,01 00 00 0F 03 6B 35
2026-09-28T15:22:45.176+00:00,19098.511,RX,peer_observation,0011356B,1,5,01 00 00 6B 35
2026-09-28T15:22:45.181+00:00,19103.171,RX,peer_observation,000175A9,1,7,01 00 00 0F 03 A9 75
2026-09-28T15:22:45.181+00:00,19103.481,RX,peer_observation,001175A9,1,5,01 00 00 A9 75
2026-09-28T15:22:45.186+00:00,19108.202,RX,peer_observation,0001514A,1,7,01 00 00 0F 03 4A 51
2026-09-28T15:22:45.186+00:00,19108.435,RX,peer_observation,0011514A,1,5,01 00 00 4A 51
2026-09-28T15:22:45.191+00:00,19113.260,RX,peer_observation,00017EAB,1,7,01 00 00 0F 03 AB 7E
2026-09-28T15:22:45.191+00:00,19113.471,RX,peer_observation,00117EAB,1,5,01 00 00 AB 7E
2026-09-28T15:22:45.196+00:00,19118.332,RX,peer_observation,00013EE8,1,7,01 00 00 0F 03 E8 3E
2026-09-28T15:22:45.196+00:00,19118.438,RX,peer_observation,00113EE8,1,5,01 00 00 E8 3E
2026-09-28T15:22:45.201+00:00,19123.220,RX,peer_observation,00014E7D,1,7,01 00 00 0F 03 7D 4E
2026-09-28T15:22:45.201+00:00,19123.500,RX,peer_observation,00114E7D,1,5,01 00 00 7D 4E
2026-09-28T15:22:45.206+00:00,19128.376,RX,peer_observation,0001233A,1,7,01 00 00 0F 03 3A 23
2026-09-28T15:22:45.206+00:00,19128.457,RX,peer_observation,0011233A,1,5,01 00 00 3A 23
2026-09-28T15:22:45.211+00:00,19133.387,RX,peer_observation,00016615,1,7,01 00 00 0F 03 15 66
2026-09-28T15:22:45.211+00:00,19133.485,RX,peer_observation,00116615,1,5,01 00 00 15 66
2026-09-28T15:22:45.216+00:00,19138.406,RX,peer_observation,000167F9,1,7,01 00 00 0F 03 F9 67
2026-09-28T15:22:45.216+00:00,19138.493,RX,peer_observation,001167F9,1,5,01 00 00 F9 67
2026-09-28T15:22:45.221+00:00,19143.498,RX,peer_observation,0001A717,1,7,01 00 00 0F 03 17 A7
2026-09-28T15:22:45.221+00:00,19143.583,RX,peer_observation,0011A717,1,5,01 00 00 17 A7
2026-09-28T15:22:45.226+00:00,19148.260,RX,peer_observation,00011E31,1,7,01 00 00 0F 03 31 1E
2026-09-28T15:22:45.226+00:00,19148.372,RX,peer_observation,00111E31,1,5,01 00 00 31 1E
2026-09-28T15:22:45.231+00:00,19153.157,RX,peer_observation,00019B7C,1,7,01 00 00 0F 03 7C 9B
2026-09-28T15:22:45.231+00:00,19153.531,RX,peer_observation,00119B7C,1,5,01 00 00 7C 9B
2026-09-28T15:22:45.236+00:00,19158.310,RX,peer_observation,0001272D,1,7,01 00 00 0F 03 2D 27
2026-09-28T15:22:45.236+00:00,19158.419,RX,peer_observation,0011272D,1,5,01 00 00 2D 27
2026-09-28T15:22:45.241+00:00,19163.427,RX,peer_observation,00017712,1,7,01 00 00 0F 03 12 77
2026-09-28T15:22:45.241+00:00,19163.541,RX,peer_observation,00117712,1,5,01 00 00 12 77
2026-09-28T15:22:45.246+00:00,19168.363,RX,peer_observation,00017930,1,7,01 00 00 0F 03 30 79
2026-09-28T15:22:45.246+00:00,19168.419,RX,peer_observation,00117930,1,5,01 00 00 30 79
2026-09-28T15:22:45.251+00:00,19173.255,RX,peer_observation,0001A3FB,1,7,01 00 00 0F 03 FB A3
2026-09-28T15:22:45.251+00:00,19173.356,RX,peer_observation,0011A3FB,1,5,01 00 00 FB A3
2026-09-28T15:22:45.256+00:00,19178.217,RX,peer_observation,00019150,1,7,01 00 00 0F 03 50 91
2026-09-28T15:22:45.256+00:00,19178.342,RX,peer_observation,00119150,1,5,01 00 00 50 91
2026-09-28T15:22:45.261+00:00,19183.209,RX,peer_observation,0001521E,1,7,01 00 00 0F 03 1E 52
2026-09-28T15:22:45.261+00:00,19183.312,RX,peer_observation,0011521E,1,5,01 00 00 1E 52
2026-09-28T15:22:45.266+00:00,19188.349,RX,peer_observation,00012D7B,1,7,01 00 00 0F 03 7B 2D
2026-09-28T15:22:45.266+00:00,19188.407,RX,peer_observation,00112D7B,1,5,01 00 00 7B 2D
2026-09-28T15:22:45.271+00:00,19193.241,RX,peer_observation,0001EE26,1,7,01 00 00 0F 03 26 EE
2026-09-28T15:22:45.271+00:00,19193.335,RX,peer_observation,0011EE26,1,5,01 00 00 26 EE
2026-09-28T15:22:45.276+00:00,19198.352,RX,peer_observation,00016564,1,7,01 00 00 0F 03 64 65
2026-09-28T15:22:45.276+00:00,19198.408,RX,peer_observation,00116564,1,5,01 00 00 64 65
2026-09-28T15:22:45.281+00:00,19203.349,RX,peer_observation,0001BB80,1,7,01 00 00 0F 03 80 BB
2026-09-28T15:22:45.281+00:00,19203.405,RX,peer_observation,0011BB80,1,5,01 00 00 80 BB
2026-09-28T15:22:45.286+00:00,19208.191,RX,peer_observation,00017EEE,1,7,01 00 00 0F 03 EE 7E
2026-09-28T15:22:45.286+00:00,19208.592,RX,peer_observation,00117EEE,1,5,01 00 00 EE 7E
2026-09-28T15:22:45.291+00:00,19213.317,RX,peer_observation,00019D75,1,7,01 00 00 0F 03 75 9D
2026-09-28T15:22:45.291+00:00,19213.390,RX,peer_observation,00119D75,1,5,01 00 00 75 9D
2026-09-28T15:22:45.296+00:00,19218.235,RX,peer_observation,00011E51,1,7,01 00 00 0F 03 51 1E
2026-09-28T15:22:45.296+00:00,19218.409,RX,peer_observation,00111E51,1,5,01 00 00 51 1E
2026-09-28T15:22:45.301+00:00,19223.136,RX,peer_observation,00015E59,1,7,01 00 00 0F 03 59 5E
2026-09-28T15:22:45.301+00:00,19223.398,RX,peer_observation,00115E59,1,5,01 00 00 59 5E
2026-09-28T15:22:45.307+00:00,19228.610,RX,peer_observation,00019C0B,1,7,01 00 00 0F 03 0B 9C
2026-09-28T15:22:45.307+00:00,19228.672,RX,peer_observation,00119C0B,1,5,01 00 00 0B 9C
2026-09-28T15:22:45.311+00:00,19233.183,RX,peer_observation,00014864,1,7,01 00 00 0F 03 64 48
2026-09-28T15:22:45.311+00:00,19233.425,RX,peer_observation,00114864,1,5,01 00 00 64 48
2026-09-28T15:22:45.316+00:00,19238.244,RX,peer_observation,0001FE5B,1,7,01 00 00 0F 03 5B FE
2026-09-28T15:22:45.316+00:00,19238.323,RX,peer_observation,0011FE5B,1,5,01 00 00 5B FE
2026-09-28T15:22:45.321+00:00,19243.224,RX,peer_observation,00017AAA,1,7,01 00 00 0F 03 AA 7A
2026-09-28T15:22:45.321+00:00,19243.472,RX,peer_observation,00117AAA,1,5,01 00 00 AA 7A
2026-09-28T15:22:45.326+00:00,19248.246,RX,peer_observation,00012DD6,1,7,01 00 00 0F 03 D6 2D
2026-09-28T15:22:45.326+00:00,19248.324,RX,peer_observation,00112DD6,1,5,01 00 00 D6 2D
2026-09-28T15:22:45.331+00:00,19253.299,RX,peer_observation,0001DD56,1,7,01 00 00 0F 03 56 DD
2026-09-28T15:22:45.331+00:00,19253.509,RX,peer_observation,0011DD56,1,5,01 00 00 56 DD
2026-09-28T15:22:45.336+00:00,19258.489,RX,peer_observation,00012857,1,7,01 00 00 0F 03 57 28
2026-09-28T15:22:45.336+00:00,19258.568,RX,peer_observation,00112857,1,5,01 00 00 57 28
2026-09-28T15:22:45.341+00:00,19263.286,RX,peer_observation,00011F13,1,7,01 00 00 0F 03 13 1F
2026-09-28T15:22:45.341+00:00,19263.536,RX,peer_observation,00111F13,1,5,01 00 00 13 1F
2026-09-28T15:22:45.346+00:00,19268.245,RX,peer_observation,0001CB60,1,7,01 00 00 0F 03 60 CB
2026-09-28T15:22:45.346+00:00,19268.364,RX,peer_observation,0011CB60,1,5,01 00 00 60 CB
2026-09-28T15:22:45.351+00:00,19273.163,RX,peer_observation,0001663D,1,7,01 00 00 0F 03 3D 66
2026-09-28T15:22:45.351+00:00,19273.429,RX,peer_observation,0011663D,1,5,01 00 00 3D 66
2026-09-28T15:22:45.356+00:00,19278.453,RX,peer_observation,0001A69C,1,7,01 00 00 0F 03 9C A6
2026-09-28T15:22:45.356+00:00,19278.542,RX,peer_observation,0011A69C,1,5,01 00 00 9C A6
2026-09-28T15:22:45.361+00:00,19283.331,RX,peer_observation,00017F5D,1,7,01 00 00 0F 03 5D 7F
2026-09-28T15:22:45.361+00:00,19283.402,RX,peer_observation,00117F5D,1,5,01 00 00 5D 7F
2026-09-28T15:22:45.366+00:00,19288.366,RX,peer_observation,0001B123,1,7,01 00 00 0F 03 23 B1
2026-09-28T15:22:45.366+00:00,19288.414,RX,peer_observation,0011B123,1,5,01 00 00 23 B1
2026-09-28T15:22:45.371+00:00,19293.230,RX,peer_observation,0001DEFA,1,7,01 00 00 0F 03 FA DE
2026-09-28T15:22:45.371+00:00,19293.457,RX,peer_observation,0011DEFA,1,5,01 00 00 FA DE
2026-09-28T15:22:45.376+00:00,19298.340,RX,peer_observation,000177BA,1,7,01 00 00 0F 03 BA 77
2026-09-28T15:22:45.376+00:00,19298.414,RX,peer_observation,001177BA,1,5,01 00 00 BA 77
2026-09-28T15:22:45.381+00:00,19303.374,RX,peer_observation,00014FBD,1,7,01 00 00 0F 03 BD 4F
2026-09-28T15:22:45.381+00:00,19303.432,RX,peer_observation,00114FBD,1,5,01 00 00 BD 4F
2026-09-28T15:22:45.386+00:00,19308.344,RX,peer_observation,00013413,1,7,01 00 00 0F 03 13 34
2026-09-28T15:22:45.386+00:00,19308.414,RX,peer_observation,00113413,1,5,01 00 00 13 34
2026-09-28T15:22:45.391+00:00,19313.374,RX,peer_observation,0001F684,1,7,01 00 00 0F 03 84 F6
2026-09-28T15:22:45.391+00:00,19313.432,RX,peer_observation,0011F684,1,5,01 00 00 84 F6
2026-09-28T15:22:45.396+00:00,19318.316,RX,peer_observation,0001B0EB,1,7,01 00 00 0F 03 EB B0
2026-09-28T15:22:45.396+00:00,19318.386,RX,peer_observation,0011B0EB,1,5,01 00 00 EB B0
2026-09-28T15:22:45.401+00:00,19323.344,RX,peer_observation,000100D5,1,7,01 00 00 0F 03 D5 00
2026-09-28T15:22:45.401+00:00,19323.418,RX,peer_observation,001100D5,1,5,01 00 00 D5 00
2026-09-28T15:22:45.406+00:00,19328.350,RX,peer_observation,00016470,1,7,01 00 00 0F 03 70 64
2026-09-28T15:22:45.406+00:00,19328.409,RX,peer_observation,00116470,1,5,01 00 00 70 64
2026-09-28T15:22:45.411+00:00,19333.372,RX,peer_observation,0001FECB,1,7,01 00 00 0F 03 CB FE
2026-09-28T15:22:45.411+00:00,19333.496,RX,peer_observation,0011FECB,1,5,01 00 00 CB FE
2026-09-28T15:22:45.416+00:00,19338.368,RX,peer_observation,0001824D,1,7,01 00 00 0F 03 4D 82
2026-09-28T15:22:45.416+00:00,19338.499,RX,peer_observation,0011824D,1,5,01 00 00 4D 82
2026-09-28T15:22:45.421+00:00,19343.345,RX,peer_observation,00012479,1,7,01 00 00 0F 03 79 24
2026-09-28T15:22:45.421+00:00,19343.403,RX,peer_observation,00112479,1,5,01 00 00 79 24
2026-09-28T15:22:45.426+00:00,19348.310,RX,peer_observation,0001905C,1,7,01 00 00 0F 03 5C 90
2026-09-28T15:22:45.426+00:00,19348.379,RX,peer_observation,0011905C,1,5,01 00 00 5C 90
2026-09-28T15:22:45.431+00:00,19353.311,RX,peer_observation,00019B59,1,7,01 00 00 0F 03 59 9B
2026-09-28T15:22:45.431+00:00,19353.381,RX,peer_observation,00119B59,1,5,01 00 00 59 9B
2026-09-28T15:22:45.436+00:00,19358.369,RX,peer_observation,00013CCC,1,7,01 00 00 0F 03 CC 3C
2026-09-28T15:22:45.436+00:00,19358.428,RX,peer_observation,00113CCC,1,5,01 00 00 CC 3C
2026-09-28T15:22:45.441+00:00,19363.343,RX,peer_observation,0001B336,1,7,01 00 00 0F 03 36 B3
2026-09-28T15:22:45.441+00:00,19363.480,RX,peer_observation,0011B336,1,5,01 00 00 36 B3
2026-09-28T15:22:45.446+00:00,19368.343,RX,peer_observation,0001DE30,1,7,01 00 00 0F 03 30 DE
2026-09-28T15:22:45.446+00:00,19368.402,RX,peer_observation,0011DE30,1,5,01 00 00 30 DE
2026-09-28T15:22:45.451+00:00,19373.310,RX,peer_observation,00019ABC,1,7,01 00 00 0F 03 BC 9A
2026-09-28T15:22:45.451+00:00,19373.379,RX,peer_observation,00119ABC,1,5,01 00 00 BC 9A
2026-09-28T15:22:45.456+00:00,19378.314,RX,peer_observation,000175DF,1,7,01 00 00 0F 03 DF 75
2026-09-28T15:22:45.456+00:00,19378.385,RX,peer_observation,001175DF,1,5,01 00 00 DF 75
2026-09-28T15:22:45.461+00:00,19383.394,RX,peer_observation,00014A93,1,7,01 00 00 0F 03 93 4A
2026-09-28T15:22:45.461+00:00,19383.510,RX,peer_observation,00114A93,1,5,01 00 00 93 4A
2026-09-28T15:22:45.466+00:00,19388.398,RX,peer_observation,0001CA8E,1,7,01 00 00 0F 03 8E CA
2026-09-28T15:22:45.466+00:00,19388.495,RX,peer_observation,0011CA8E,1,5,01 00 00 8E CA
2026-09-28T15:22:45.471+00:00,19393.422,RX,peer_observation,0001DAA6,1,7,01 00 00 0F 03 A6 DA
2026-09-28T15:22:45.471+00:00,19393.523,RX,peer_observation,0011DAA6,1,5,01 00 00 A6 DA
2026-09-28T15:22:45.476+00:00,19398.451,RX,peer_observation,000104FA,1,7,01 00 00 0F 03 FA 04
2026-09-28T15:22:45.476+00:00,19398.543,RX,peer_observation,001104FA,1,5,01 00 00 FA 04
2026-09-28T15:22:45.481+00:00,19403.418,RX,peer_observation,0001A014,1,7,01 00 00 0F 04 14 A0
2026-09-28T15:22:45.481+00:00,19403.514,RX,peer_observation,0011A014,1,5,01 00 00 14 A0
2026-09-28T15:22:45.486+00:00,19408.311,RX,peer_observation,0001CE34,1,7,01 00 00 0F 03 34 CE
2026-09-28T15:22:45.486+00:00,19408.386,RX,peer_observation,0011CE34,1,5,01 00 00 34 CE
2026-09-28T15:22:45.491+00:00,19413.320,RX,peer_observation,0001F6D1,1,7,01 00 00 0F 03 D1 F6
2026-09-28T15:22:45.491+00:00,19413.434,RX,peer_observation,0011F6D1,1,5,01 00 00 D1 F6
2026-09-28T15:22:45.496+00:00,19418.179,RX,peer_observation,000126BE,1,7,01 00 00 0F 03 BE 26
2026-09-28T15:22:45.496+00:00,19418.463,RX,peer_observation,001126BE,1,5,01 00 00 BE 26
2026-09-28T15:22:45.501+00:00,19423.304,RX,peer_observation,0001C502,1,7,01 00 00 0F 03 02 C5
2026-09-28T15:22:45.501+00:00,19423.383,RX,peer_observation,0011C502,1,5,01 00 00 02 C5
2026-09-28T15:22:45.506+00:00,19428.330,RX,peer_observation,0001EB96,1,7,01 00 00 0F 03 96 EB
2026-09-28T15:22:45.506+00:00,19428.378,RX,peer_observation,0011EB96,1,5,01 00 00 96 EB
2026-09-28T15:22:45.511+00:00,19433.201,RX,peer_observation,000136A3,1,7,01 00 00 0F 03 A3 36
2026-09-28T15:22:45.511+00:00,19433.296,RX,peer_observation,001136A3,1,5,01 00 00 A3 36
2026-09-28T15:22:45.516+00:00,19438.146,RX,peer_observation,000179F1,1,7,01 00 00 0F 03 F1 79
2026-09-28T15:22:45.516+00:00,19438.385,RX,peer_observation,001179F1,1,5,01 00 00 F1 79
2026-09-28T15:22:45.521+00:00,19443.139,RX,peer_observation,000166EC,1,7,01 00 00 0F 03 EC 66
2026-09-28T15:22:45.521+00:00,19443.378,RX,peer_observation,001166EC,1,5,01 00 00 EC 66
2026-09-28T15:22:45.526+00:00,19448.137,RX,peer_observation,00012829,1,7,01 00 00 0F 03 29 28
2026-09-28T15:22:45.526+00:00,19448.381,RX,peer_observation,00112829,1,5,01 00 00 29 28
2026-09-28T15:22:45.531+00:00,19453.139,RX,peer_observation,00014995,1,7,01 00 00 0F 03 95 49
2026-09-28T15:22:45.531+00:00,19453.407,RX,peer_observation,00114995,1,5,01 00 00 95 49
2026-09-28T15:22:45.536+00:00,19458.206,RX,peer_observation,00011E30,1,7,01 00 00 0F 03 30 1E
2026-09-28T15:22:45.536+00:00,19458.429,RX,peer_observation,00111E30,1,5,01 00 00 30 1E
2026-09-28T15:22:45.541+00:00,19463.114,RX,peer_observation,000120EB,1,7,01 00 00 0F 03 EB 20
2026-09-28T15:22:45.541+00:00,19463.366,RX,peer_observation,001120EB,1,5,01 00 00 EB 20
2026-09-28T15:22:45.546+00:00,19468.337,RX,peer_observation,00013980,1,7,01 00 00 0F 03 80 39
2026-09-28T15:22:45.546+00:00,19468.420,RX,peer_observation,00113980,1,5,01 00 00 80 39
2026-09-28T15:22:45.551+00:00,19473.339,RX,peer_observation,00012253,1,7,01 00 00 0F 03 53 22
2026-09-28T15:22:45.551+00:00,19473.444,RX,peer_observation,00112253,1,5,01 00 00 53 22
2026-09-28T15:22:45.556+00:00,19478.442,RX,peer_observation,0001B865,1,7,01 00 00 0F 03 65 B8
2026-09-28T15:22:45.556+00:00,19478.523,RX,peer_observation,0011B865,1,5,01 00 00 65 B8
2026-09-28T15:22:45.561+00:00,19483.287,RX,peer_observation,0001EDA9,1,7,01 00 00 0F 03 A9 ED
2026-09-28T15:22:45.561+00:00,19483.379,RX,peer_observation,0011EDA9,1,5,01 00 00 A9 ED
2026-09-28T15:22:45.566+00:00,19488.139,RX,peer_observation,00010617,1,7,01 00 00 0F 03 17 06
2026-09-28T15:22:45.566+00:00,19488.383,RX,peer_observation,00110617,1,5,01 00 00 17 06
2026-09-28T15:22:45.571+00:00,19493.177,RX,peer_observation,0001BCA2,1,7,01 00 00 0F 03 A2 BC
2026-09-28T15:22:45.571+00:00,19493.399,RX,peer_observation,0011BCA2,1,5,01 00 00 A2 BC
2026-09-28T15:22:45.576+00:00,19498.155,RX,peer_observation,000190F8,1,7,01 00 00 0F 03 F8 90
2026-09-28T15:22:45.576+00:00,19498.411,RX,peer_observation,001190F8,1,5,01 00 00 F8 90
2026-09-28T15:22:45.581+00:00,19503.136,RX,peer_observation,00014E1F,1,7,01 00 00 0F 03 1F 4E
2026-09-28T15:22:45.581+00:00,19503.380,RX,peer_observation,00114E1F,1,5,01 00 00 1F 4E
2026-09-28T15:22:45.586+00:00,19508.142,RX,peer_observation,000131F1,1,7,01 00 00 0F 03 F1 31
2026-09-28T15:22:45.586+00:00,19508.380,RX,peer_observation,001131F1,1,5,01 00 00 F1 31
2026-09-28T15:22:45.591+00:00,19513.280,RX,peer_observation,0001FA05,1,7,01 00 00 0F 03 05 FA
2026-09-28T15:22:45.591+00:00,19513.359,RX,peer_observation,0011FA05,1,5,01 00 00 05 FA
2026-09-28T15:22:45.596+00:00,19518.325,RX,peer_observation,00019BC8,1,7,01 00 00 0F 03 C8 9B
2026-09-28T15:22:45.596+00:00,19518.414,RX,peer_observation,00119BC8,1,5,01 00 00 C8 9B
2026-09-28T15:22:45.601+00:00,19523.264,RX,peer_observation,0001AD20,1,7,01 00 00 0F 03 20 AD
2026-09-28T15:22:45.601+00:00,19523.367,RX,peer_observation,0011AD20,1,5,01 00 00 20 AD
2026-09-28T15:22:45.606+00:00,19528.338,RX,peer_observation,0001B6E4,1,7,01 00 00 0F 03 E4 B6
2026-09-28T15:22:45.606+00:00,19528.395,RX,peer_observation,0011B6E4,1,5,01 00 00 E4 B6
2026-09-28T15:22:45.611+00:00,19533.356,RX,peer_observation,0001611D,1,7,01 00 00 0F 03 1D 61
2026-09-28T15:22:45.611+00:00,19533.451,RX,peer_observation,0011611D,1,5,01 00 00 1D 61
2026-09-28T15:22:45.616+00:00,19538.299,RX,peer_observation,000171D7,1,7,01 00 00 0F 03 D7 71
2026-09-28T15:22:45.616+00:00,19538.356,RX,peer_observation,001171D7,1,5,01 00 00 D7 71
2026-09-28T15:22:45.621+00:00,19543.162,RX,peer_observation,0001AF98,1,7,01 00 00 0F 03 98 AF
2026-09-28T15:22:45.621+00:00,19543.316,RX,peer_observation,0011AF98,1,5,01 00 00 98 AF
2026-09-28T15:22:45.626+00:00,19548.302,RX,peer_observation,000170AE,1,7,01 00 00 0F 03 AE 70
2026-09-28T15:22:45.626+00:00,19548.381,RX,peer_observation,001170AE,1,5,01 00 00 AE 70
2026-09-28T15:22:45.631+00:00,19553.420,RX,peer_observation,000107D3,1,7,01 00 00 0F 03 D3 07
2026-09-28T15:22:45.631+00:00,19553.491,RX,peer_observation,001107D3,1,5,01 00 00 D3 07
2026-09-28T15:22:45.636+00:00,19558.251,RX,peer_observation,000194C8,1,7,01 00 00 0F 03 C8 94
2026-09-28T15:22:45.637+00:00,19558.903,RX,peer_observation,001194C8,1,5,01 00 00 C8 94
2026-09-28T15:22:45.641+00:00,19563.126,RX,peer_observation,00017D93,1,7,01 00 00 0F 03 93 7D
2026-09-28T15:22:45.641+00:00,19563.469,RX,peer_observation,00117D93,1,5,01 00 00 93 7D
2026-09-28T15:22:45.646+00:00,19568.221,RX,peer_observation,0001B0CE,1,7,01 00 00 0F 03 CE B0
2026-09-28T15:22:45.646+00:00,19568.387,RX,peer_observation,0011B0CE,1,5,01 00 00 CE B0
2026-09-28T15:22:45.651+00:00,19573.125,RX,peer_observation,00014037,1,7,01 00 00 0F 03 37 40
2026-09-28T15:22:45.651+00:00,19573.367,RX,peer_observation,00114037,1,5,01 00 00 37 40
2026-09-28T15:22:45.656+00:00,19578.176,RX,peer_observation,00014C08,1,7,01 00 00 0F 03 08 4C
2026-09-28T15:22:45.656+00:00,19578.386,RX,peer_observation,00114C08,1,5,01 00 00 08 4C
2026-09-28T15:22:45.661+00:00,19583.181,RX,peer_observation,00011400,1,7,01 00 00 0F 03 00 14
2026-09-28T15:22:45.661+00:00,19583.395,RX,peer_observation,00111400,1,5,01 00 00 00 14
2026-09-28T15:22:45.666+00:00,19588.294,RX,peer_observation,0001CE14,1,7,01 00 00 0F 03 14 CE
2026-09-28T15:22:45.666+00:00,19588.394,RX,peer_observation,0011CE14,1,5,01 00 00 14 CE
2026-09-28T15:22:45.671+00:00,19593.292,RX,peer_observation,00018C26,1,7,01 00 00 0F 03 26 8C
2026-09-28T15:22:45.671+00:00,19593.369,RX,peer_observation,00118C26,1,5,01 00 00 26 8C
2026-09-28T15:22:45.676+00:00,19598.181,RX,peer_observation,0001DFCE,1,7,01 00 00 0F 03 CE DF
2026-09-28T15:22:45.676+00:00,19598.423,RX,peer_observation,0011DFCE,1,5,01 00 00 CE DF
2026-09-28T15:22:45.681+00:00,19603.240,RX,peer_observation,0001A332,1,7,01 00 00 0F 03 32 A3
2026-09-28T15:22:45.681+00:00,19603.482,RX,peer_observation,0011A332,1,5,01 00 00 32 A3
2026-09-28T15:22:45.686+00:00,19608.325,RX,peer_observation,0001ABF4,1,7,01 00 00 0F 03 F4 AB
2026-09-28T15:22:45.686+00:00,19608.389,RX,peer_observation,0011ABF4,1,5,01 00 00 F4 AB
2026-09-28T15:22:45.691+00:00,19613.304,RX,peer_observation,000157AE,1,7,01 00 00 0F 03 AE 57
2026-09-28T15:22:45.691+00:00,19613.376,RX,peer_observation,001157AE,1,5,01 00 00 AE 57
2026-09-28T15:22:45.696+00:00,19618.189,RX,peer_observation,000175C3,1,7,01 00 00 0F 03 C3 75
2026-09-28T15:22:45.696+00:00,19618.431,RX,peer_observation,001175C3,1,5,01 00 00 C3 75
2026-09-28T15:22:45.701+00:00,19623.228,RX,peer_observation,0001C22A,1,7,01 00 00 0F 03 2A C2
2026-09-28T15:22:45.701+00:00,19623.305,RX,peer_observation,0011C22A,1,5,01 00 00 2A C2
2026-09-28T15:22:45.706+00:00,19628.188,RX,peer_observation,00014D9E,1,7,01 00 00 0F 03 9E 4D
2026-09-28T15:22:45.706+00:00,19628.326,RX,peer_observation,00114D9E,1,5,01 00 00 9E 4D
2026-09-28T15:22:45.711+00:00,19633.207,RX,peer_observation,0001BA30,1,7,01 00 00 0F 03 30 BA
2026-09-28T15:22:45.711+00:00,19633.299,RX,peer_observation,0011BA30,1,5,01 00 00 30 BA
2026-09-28T15:22:45.716+00:00,19638.117,RX,peer_observation,00015B80,1,7,01 00 00 0F 03 80 5B
2026-09-28T15:22:45.716+00:00,19638.364,RX,peer_observation,00115B80,1,5,01 00 00 80 5B
2026-09-28T15:22:45.721+00:00,19643.215,RX,peer_observation,0001DE96,1,7,01 00 00 0F 03 96 DE
2026-09-28T15:22:45.721+00:00,19643.292,RX,peer_observation,0011DE96,1,5,01 00 00 96 DE
2026-09-28T15:22:45.726+00:00,19648.177,RX,peer_observation,000178CE,1,7,01 00 00 0F 03 CE 78
2026-09-28T15:22:45.726+00:00,19648.317,RX,peer_observation,001178CE,1,5,01 00 00 CE 78
2026-09-28T15:22:45.731+00:00,19653.299,RX,peer_observation,00017E4A,1,7,01 00 00 0F 03 4A 7E
2026-09-28T15:22:45.731+00:00,19653.356,RX,peer_observation,00117E4A,1,5,01 00 00 4A 7E
2026-09-28T15:22:45.736+00:00,19658.185,RX,peer_observation,0001DEBB,1,7,01 00 00 0F 03 BB DE
2026-09-28T15:22:45.736+00:00,19658.316,RX,peer_observation,0011DEBB,1,5,01 00 00 BB DE
2026-09-28T15:22:45.741+00:00,19663.323,RX,peer_observation,00016996,1,7,01 00 00 0F 03 96 69
2026-09-28T15:22:45.741+00:00,19663.387,RX,peer_observation,00116996,1,5,01 00 00 96 69
2026-09-28T15:22:45.746+00:00,19668.308,RX,peer_observation,00012462,1,7,01 00 00 0F 03 62 24
2026-09-28T15:22:45.746+00:00,19668.375,RX,peer_observation,00112462,1,5,01 00 00 62 24
2026-09-28T15:22:45.751+00:00,19673.286,RX,peer_observation,0001AC71,1,7,01 00 00 0F 03 71 AC
2026-09-28T15:22:45.751+00:00,19673.389,RX,peer_observation,0011AC71,1,5,01 00 00 71 AC
2026-09-28T15:22:45.756+00:00,19678.236,RX,peer_observation,00019340,1,7,01 00 00 0F 03 40 93
2026-09-28T15:22:45.756+00:00,19678.314,RX,peer_observation,00119340,1,5,01 00 00 40 93
2026-09-28T15:22:45.761+00:00,19683.245,RX,peer_observation,00015544,1,7,01 00 00 0F 03 44 55
2026-09-28T15:22:45.761+00:00,19683.315,RX,peer_observation,00115544,1,5,01 00 00 44 55
2026-09-28T15:22:45.766+00:00,19688.279,RX,peer_observation,00012AB0,1,7,01 00 00 0F 03 B0 2A
2026-09-28T15:22:45.766+00:00,19688.337,RX,peer_observation,00112AB0,1,5,01 00 00 B0 2A
2026-09-28T15:22:45.771+00:00,19693.297,RX,peer_observation,00019060,1,7,01 00 00 0F 03 60 90
2026-09-28T15:22:45.771+00:00,19693.354,RX,peer_observation,00119060,1,5,01 00 00 60 90
2026-09-28T15:22:45.776+00:00,19698.191,RX,peer_observation,000132A1,1,7,01 00 00 0F 03 A1 32
2026-09-28T15:22:45.776+00:00,19698.284,RX,peer_observation,001132A1,1,5,01 00 00 A1 32
2026-09-28T15:22:45.781+00:00,19703.294,RX,peer_observation,000132F2,1,7,01 00 00 0F 03 F2 32
2026-09-28T15:22:45.781+00:00,19703.351,RX,peer_observation,001132F2,1,5,01 00 00 F2 32
2026-09-28T15:22:45.786+00:00,19708.294,RX,peer_observation,0001BB94,1,7,01 00 00 0F 03 94 BB
2026-09-28T15:22:45.786+00:00,19708.350,RX,peer_observation,0011BB94,1,5,01 00 00 94 BB
2026-09-28T15:22:45.791+00:00,19713.294,RX,peer_observation,00017133,1,7,01 00 00 0F 03 33 71
2026-09-28T15:22:45.791+00:00,19713.351,RX,peer_observation,00117133,1,5,01 00 00 33 71
2026-09-28T15:22:45.796+00:00,19718.174,RX,peer_observation,0001C9AB,1,7,01 00 00 0F 03 AB C9
2026-09-28T15:22:45.796+00:00,19718.305,RX,peer_observation,0011C9AB,1,5,01 00 00 AB C9
2026-09-28T15:22:45.801+00:00,19723.242,RX,peer_observation,0001A630,1,7,01 00 00 0F 03 30 A6
2026-09-28T15:22:45.801+00:00,19723.314,RX,peer_observation,0011A630,1,5,01 00 00 30 A6
2026-09-28T15:22:45.806+00:00,19728.175,RX,peer_observation,0001FA4B,1,7,01 00 00 0F 03 4B FA
2026-09-28T15:22:45.806+00:00,19728.314,RX,peer_observation,0011FA4B,1,5,01 00 00 4B FA
2026-09-28T15:22:45.811+00:00,19733.280,RX,peer_observation,00015C52,1,7,01 00 00 0F 03 52 5C
2026-09-28T15:22:45.811+00:00,19733.354,RX,peer_observation,00115C52,1,5,01 00 00 52 5C
2026-09-28T15:22:45.816+00:00,19738.155,RX,peer_observation,0001C79E,1,7,01 00 00 0F 03 9E C7
2026-09-28T15:22:45.816+00:00,19738.392,RX,peer_observation,0011C79E,1,5,01 00 00 9E C7
2026-09-28T15:22:45.821+00:00,19743.225,RX,peer_observation,0001A494,1,7,01 00 00 0F 03 94 A4
2026-09-28T15:22:45.821+00:00,19743.459,RX,peer_observation,0011A494,1,5,01 00 00 94 A4
2026-09-28T15:22:45.826+00:00,19748.176,RX,peer_observation,00019B02,1,7,01 00 00 0F 03 02 9B
2026-09-28T15:22:45.826+00:00,19748.413,RX,peer_observation,00119B02,1,5,01 00 00 02 9B
2026-09-28T15:22:45.831+00:00,19753.264,RX,peer_observation,00010B0E,1,7,01 00 00 0F 03 0E 0B
2026-09-28T15:22:45.831+00:00,19753.344,RX,peer_observation,00110B0E,1,5,01 00 00 0E 0B
2026-09-28T15:22:45.836+00:00,19758.401,RX,peer_observation,0001F71B,1,7,01 00 00 0F 03 1B F7
2026-09-28T15:22:45.836+00:00,19758.479,RX,peer_observation,0011F71B,1,5,01 00 00 1B F7
2026-09-28T15:22:45.841+00:00,19763.357,RX,peer_observation,0001DA37,1,7,01 00 00 0F 03 37 DA
2026-09-28T15:22:45.841+00:00,19763.414,RX,peer_observation,0011DA37,1,5,01 00 00 37 DA
2026-09-28T15:22:45.846+00:00,19768.278,RX,peer_observation,0001542C,1,7,01 00 00 0F 03 2C 54
2026-09-28T15:22:45.846+00:00,19768.335,RX,peer_observation,0011542C,1,5,01 00 00 2C 54
2026-09-28T15:22:45.851+00:00,19773.099,RX,peer_observation,0001970C,1,7,01 00 00 0F 03 0C 97
2026-09-28T15:22:45.851+00:00,19773.334,RX,peer_observation,0011970C,1,5,01 00 00 0C 97
2026-09-28T15:22:45.856+00:00,19778.091,RX,peer_observation,0001A4DC,1,7,01 00 00 0F 03 DC A4
2026-09-28T15:22:45.856+00:00,19778.337,RX,peer_observation,0011A4DC,1,5,01 00 00 DC A4
2026-09-28T15:22:45.861+00:00,19783.205,RX,peer_observation,0001CF01,1,7,01 00 00 0F 03 01 CF
2026-09-28T15:22:45.861+00:00,19783.292,RX,peer_observation,0011CF01,1,5,01 00 00 01 CF
2026-09-28T15:22:45.866+00:00,19788.136,RX,peer_observation,00019396,1,7,01 00 00 0F 03 96 93
2026-09-28T15:22:45.866+00:00,19788.338,RX,peer_observation,00119396,1,5,01 00 00 96 93
2026-09-28T15:22:45.871+00:00,19793.143,RX,peer_observation,00016165,1,7,01 00 00 0F 03 65 61
2026-09-28T15:22:45.871+00:00,19793.352,RX,peer_observation,00116165,1,5,01 00 00 65 61
2026-09-28T15:22:45.876+00:00,19798.165,RX,peer_observation,0001B026,1,7,01 00 00 0F 03 26 B0
2026-09-28T15:22:45.876+00:00,19798.396,RX,peer_observation,0011B026,1,5,01 00 00 26 B0
2026-09-28T15:22:45.881+00:00,19803.110,RX,peer_observation,000168A4,1,7,01 00 00 0F 03 A4 68
2026-09-28T15:22:45.881+00:00,19803.357,RX,peer_observation,001168A4,1,5,01 00 00 A4 68
2026-09-28T15:22:45.886+00:00,19808.177,RX,peer_observation,0001DF3B,1,7,01 00 00 0F 03 3B DF
2026-09-28T15:22:45.886+00:00,19808.284,RX,peer_observation,0011DF3B,1,5,01 00 00 3B DF
2026-09-28T15:22:45.891+00:00,19813.087,RX,peer_observation,0001DC89,1,7,01 00 00 0F 03 89 DC
2026-09-28T15:22:45.891+00:00,19813.339,RX,peer_observation,0011DC89,1,5,01 00 00 89 DC
2026-09-28T15:22:45.896+00:00,19818.332,RX,peer_observation,000188FE,1,7,01 00 00 0F 03 FE 88
2026-09-28T15:22:45.896+00:00,19818.426,RX,peer_observation,001188FE,1,5,01 00 00 FE 88
2026-09-28T15:22:45.901+00:00,19823.294,RX,peer_observation,00011D68,1,7,01 00 00 0F 03 68 1D
2026-09-28T15:22:45.901+00:00,19823.376,RX,peer_observation,00111D68,1,5,01 00 00 68 1D
2026-09-28T15:22:45.906+00:00,19828.299,RX,peer_observation,000191D7,1,7,01 00 00 0F 03 D7 91
2026-09-28T15:22:45.906+00:00,19828.386,RX,peer_observation,001191D7,1,5,01 00 00 D7 91
2026-09-28T15:22:45.911+00:00,19833.272,RX,peer_observation,000158E6,1,7,01 00 00 0F 03 E6 58
2026-09-28T15:22:45.911+00:00,19833.339,RX,peer_observation,001158E6,1,5,01 00 00 E6 58
2026-09-28T15:22:45.916+00:00,19838.356,RX,peer_observation,00014C1D,1,7,01 00 00 0F 03 1D 4C
2026-09-28T15:22:45.916+00:00,19838.474,RX,peer_observation,00114C1D,1,5,01 00 00 1D 4C
2026-09-28T15:22:45.921+00:00,19843.303,RX,peer_observation,000143AC,1,7,01 00 00 0F 03 AC 43
2026-09-28T15:22:45.921+00:00,19843.384,RX,peer_observation,001143AC,1,5,01 00 00 AC 43
2026-09-28T15:22:45.926+00:00,19848.326,RX,peer_observation,00015B3D,1,7,01 00 00 0F 03 3D 5B
2026-09-28T15:22:45.926+00:00,19848.420,RX,peer_observation,00115B3D,1,5,01 00 00 3D 5B
2026-09-28T15:22:45.931+00:00,19853.090,RX,peer_observation,0001CC4C,1,7,01 00 00 0F 03 4C CC
2026-09-28T15:22:45.931+00:00,19853.319,RX,peer_observation,0011CC4C,1,5,01 00 00 4C CC
2026-09-28T15:22:45.936+00:00,19858.316,RX,peer_observation,0001D4A3,1,7,01 00 00 0F 03 A3 D4
2026-09-28T15:22:45.936+00:00,19858.409,RX,peer_observation,0011D4A3,1,5,01 00 00 A3 D4
2026-09-28T15:22:45.941+00:00,19863.133,RX,peer_observation,00016E27,1,7,01 00 00 0F 03 27 6E
2026-09-28T15:22:45.941+00:00,19863.413,RX,peer_observation,00116E27,1,5,01 00 00 27 6E
2026-09-28T15:22:45.946+00:00,19868.095,RX,peer_observation,0001BC68,1,7,01 00 00 0F 03 68 BC
2026-09-28T15:22:45.946+00:00,19868.327,RX,peer_observation,0011BC68,1,5,01 00 00 68 BC
2026-09-28T15:22:45.951+00:00,19873.145,RX,peer_observation,0001BC0E,1,7,01 00 00 0F 03 0E BC
2026-09-28T15:22:45.951+00:00,19873.383,RX,peer_observation,0011BC0E,1,5,01 00 00 0E BC
2026-09-28T15:22:45.956+00:00,19878.112,RX,peer_observation,0001CF8D,1,7,01 00 00 0F 03 8D CF
2026-09-28T15:22:45.956+00:00,19878.362,RX,peer_observation,0011CF8D,1,5,01 00 00 8D CF
2026-09-28T15:22:45.961+00:00,19883.104,RX,peer_observation,0001BCF2,1,7,01 00 00 0F 03 F2 BC
2026-09-28T15:22:45.961+00:00,19883.350,RX,peer_observation,0011BCF2,1,5,01 00 00 F2 BC
2026-09-28T15:22:45.966+00:00,19888.147,RX,peer_observation,0001C753,1,7,01 00 00 0F 03 53 C7
2026-09-28T15:22:45.966+00:00,19888.305,RX,peer_observation,0011C753,1,5,01 00 00 53 C7
2026-09-28T15:22:45.971+00:00,19893.108,RX,peer_observation,0001EDE7,1,7,01 00 00 0F 03 E7 ED
2026-09-28T15:22:45.971+00:00,19893.291,RX,peer_observation,0011EDE7,1,5,01 00 00 E7 ED
2026-09-28T15:22:45.976+00:00,19898.301,RX,peer_observation,0001A8E8,1,7,01 00 00 0F 03 E8 A8
2026-09-28T15:22:45.976+00:00,19898.358,RX,peer_observation,0011A8E8,1,5,01 00 00 E8 A8
2026-09-28T15:22:45.981+00:00,19903.247,RX,peer_observation,00011F46,1,7,01 00 00 0F 03 46 1F
2026-09-28T15:22:45.981+00:00,19903.304,RX,peer_observation,00111F46,1,5,01 00 00 46 1F
2026-09-28T15:22:45.986+00:00,19908.158,RX,peer_observation,00016E88,1,7,01 00 00 0F 03 88 6E
2026-09-28T15:22:45.986+00:00,19908.406,RX,peer_observation,00116E88,1,5,01 00 00 88 6E
2026-09-28T15:22:45.991+00:00,19913.163,RX,peer_observation,00014FA2,1,7,01 00 00 0F 03 A2 4F
2026-09-28T15:22:45.991+00:00,19913.407,RX,peer_observation,00114FA2,1,5,01 00 00 A2 4F
2026-09-28T15:22:45.996+00:00,19918.208,RX,peer_observation,0001DEC1,1,7,01 00 00 0F 03 C1 DE
2026-09-28T15:22:45.996+00:00,19918.285,RX,peer_observation,0011DEC1,1,5,01 00 00 C1 DE
2026-09-28T15:22:46.001+00:00,19923.268,RX,peer_observation,0001A604,1,7,01 00 00 0F 03 04 A6
2026-09-28T15:22:46.001+00:00,19923.326,RX,peer_observation,0011A604,1,5,01 00 00 04 A6
2026-09-28T15:22:46.006+00:00,19928.256,RX,peer_observation,00015078,1,7,01 00 00 0F 03 78 50
2026-09-28T15:22:46.006+00:00,19928.369,RX,peer_observation,00115078,1,5,01 00 00 78 50
2026-09-28T15:22:46.011+00:00,19933.093,RX,peer_observation,0001B178,1,7,01 00 00 0F 03 78 B1
2026-09-28T15:22:46.011+00:00,19933.351,RX,peer_observation,0011B178,1,5,01 00 00 78 B1
2026-09-28T15:22:46.016+00:00,19938.286,RX,peer_observation,0001C9E3,1,7,01 00 00 0F 03 E3 C9
2026-09-28T15:22:46.016+00:00,19938.343,RX,peer_observation,0011C9E3,1,5,01 00 00 E3 C9
2026-09-28T15:22:46.021+00:00,19943.263,RX,peer_observation,0001E6F7,1,7,01 00 00 0F 03 F7 E6
2026-09-28T15:22:46.021+00:00,19943.320,RX,peer_observation,0011E6F7,1,5,01 00 00 F7 E6
2026-09-28T15:22:46.026+00:00,19948.259,RX,peer_observation,00012290,1,7,01 00 00 0F 03 90 22
2026-09-28T15:22:46.026+00:00,19948.317,RX,peer_observation,00112290,1,5,01 00 00 90 22
2026-09-28T15:22:46.031+00:00,19953.167,RX,peer_observation,0001B737,1,7,01 00 00 0F 03 37 B7
2026-09-28T15:22:46.031+00:00,19953.243,RX,peer_observation,0011B737,1,5,01 00 00 37 B7
2026-09-28T15:22:46.036+00:00,19958.272,RX,peer_observation,0001E03E,1,7,01 00 00 0F 03 3E E0
2026-09-28T15:22:46.036+00:00,19958.330,RX,peer_observation,0011E03E,1,5,01 00 00 3E E0
2026-09-28T15:22:46.041+00:00,19963.214,RX,peer_observation,000134DB,1,7,01 00 00 0F 03 DB 34
2026-09-28T15:22:46.041+00:00,19963.291,RX,peer_observation,001134DB,1,5,01 00 00 DB 34
2026-09-28T15:22:46.046+00:00,19968.162,RX,peer_observation,00015407,1,7,01 00 00 0F 03 07 54
2026-09-28T15:22:46.046+00:00,19968.279,RX,peer_observation,00115407,1,5,01 00 00 07 54
2026-09-28T15:22:46.051+00:00,19973.193,RX,peer_observation,00018027,1,7,01 00 00 0F 03 27 80
2026-09-28T15:22:46.051+00:00,19973.301,RX,peer_observation,00118027,1,5,01 00 00 27 80
2026-09-28T15:22:46.056+00:00,19978.270,RX,peer_observation,0001AD28,1,7,01 00 00 0F 03 28 AD
2026-09-28T15:22:46.056+00:00,19978.342,RX,peer_observation,0011AD28,1,5,01 00 00 28 AD
2026-09-28T15:22:46.061+00:00,19983.249,RX,peer_observation,0001FC1D,1,7,01 00 00 0F 03 1D FC
2026-09-28T15:22:46.061+00:00,19983.306,RX,peer_observation,0011FC1D,1,5,01 00 00 1D FC
2026-09-28T15:22:46.066+00:00,19988.324,RX,peer_observation,00019478,1,7,01 00 00 0F 03 78 94
2026-09-28T15:22:46.066+00:00,19988.406,RX,peer_observation,00119478,1,5,01 00 00 78 94
2026-09-28T15:22:46.071+00:00,19993.314,RX,peer_observation,000199AC,1,7,01 00 00 0F 03 AC 99
2026-09-28T15:22:46.071+00:00,19993.417,RX,peer_observation,001199AC,1,5,01 00 00 AC 99
2026-09-28T15:22:46.076+00:00,19998.347,RX,peer_observation,0001EB46,1,7,01 00 00 0F 03 46 EB
2026-09-28T15:22:46.076+00:00,19998.439,RX,peer_observation,0011EB46,1,5,01 00 00 46 EB
2026-09-28T15:22:46.081+00:00,20003.247,RX,peer_observation,0001185F,1,7,01 00 00 0F 03 5F 18
2026-09-28T15:22:46.081+00:00,20003.304,RX,peer_observation,0011185F,1,5,01 00 00 5F 18
2026-09-28T15:22:46.086+00:00,20008.350,RX,peer_observation,00016233,1,7,01 00 00 0F 03 33 62
2026-09-28T15:22:46.086+00:00,20008.427,RX,peer_observation,00116233,1,5,01 00 00 33 62
2026-09-28T15:22:46.091+00:00,20013.269,RX,peer_observation,0001B4AA,1,7,01 00 00 0F 03 AA B4
2026-09-28T15:22:46.091+00:00,20013.347,RX,peer_observation,0011B4AA,1,5,01 00 00 AA B4
2026-09-28T15:22:46.096+00:00,20018.133,RX,peer_observation,00018047,1,7,01 00 00 0F 03 47 80
2026-09-28T15:22:46.096+00:00,20018.353,RX,peer_observation,00118047,1,5,01 00 00 47 80
2026-09-28T15:22:46.101+00:00,20023.160,RX,peer_observation,00010AC1,1,7,01 00 00 0F 03 C1 0A
2026-09-28T15:22:46.101+00:00,20023.396,RX,peer_observation,00110AC1,1,5,01 00 00 C1 0A
2026-09-28T15:22:46.106+00:00,20028.170,RX,peer_observation,0001A452,1,7,01 00 00 0F 03 52 A4
2026-09-28T15:22:46.106+00:00,20028.276,RX,peer_observation,0011A452,1,5,01 00 00 52 A4
2026-09-28T15:22:46.111+00:00,20033.144,RX,peer_observation,000185AB,1,7,01 00 00 0F 03 AB 85
2026-09-28T15:22:46.111+00:00,20033.284,RX,peer_observation,001185AB,1,5,01 00 00 AB 85
2026-09-28T15:22:46.116+00:00,20038.141,RX,peer_observation,0001B656,1,7,01 00 00 0F 03 56 B6
2026-09-28T15:22:46.116+00:00,20038.376,RX,peer_observation,0011B656,1,5,01 00 00 56 B6
2026-09-28T15:22:46.121+00:00,20043.166,RX,peer_observation,000164E1,1,7,01 00 00 0F 03 E1 64
2026-09-28T15:22:46.121+00:00,20043.249,RX,peer_observation,001164E1,1,5,01 00 00 E1 64
2026-09-28T15:22:46.126+00:00,20048.075,RX,peer_observation,0001308D,1,7,01 00 00 0F 03 8D 30
2026-09-28T15:22:46.126+00:00,20048.318,RX,peer_observation,0011308D,1,5,01 00 00 8D 30
2026-09-28T15:22:46.131+00:00,20053.063,RX,peer_observation,00018FC1,1,7,01 00 00 0F 03 C1 8F
2026-09-28T15:22:46.131+00:00,20053.315,RX,peer_observation,00118FC1,1,5,01 00 00 C1 8F
2026-09-28T15:22:46.136+00:00,20058.154,RX,peer_observation,00011B4C,1,7,01 00 00 0F 03 4C 1B
2026-09-28T15:22:46.136+00:00,20058.289,RX,peer_observation,00111B4C,1,5,01 00 00 4C 1B
2026-09-28T15:22:46.141+00:00,20063.068,RX,peer_observation,0001149E,1,7,01 00 00 0F 03 9E 14
2026-09-28T15:22:46.141+00:00,20063.314,RX,peer_observation,0011149E,1,5,01 00 00 9E 14
2026-09-28T15:22:46.146+00:00,20068.278,RX,peer_observation,000164CD,1,7,01 00 00 0F 03 CD 64
2026-09-28T15:22:46.146+00:00,20068.379,RX,peer_observation,001164CD,1,5,01 00 00 CD 64
2026-09-28T15:22:46.151+00:00,20073.307,RX,peer_observation,0001F62B,1,7,01 00 00 0F 03 2B F6
2026-09-28T15:22:46.151+00:00,20073.406,RX,peer_observation,0011F62B,1,5,01 00 00 2B F6
2026-09-28T15:22:46.156+00:00,20078.306,RX,peer_observation,0001B5A8,1,7,01 00 00 0F 03 A8 B5
2026-09-28T15:22:46.156+00:00,20078.424,RX,peer_observation,0011B5A8,1,5,01 00 00 A8 B5
2026-09-28T15:22:46.161+00:00,20083.300,RX,peer_observation,0001A89F,1,7,01 00 00 0F 03 9F A8
2026-09-28T15:22:46.161+00:00,20083.394,RX,peer_observation,0011A89F,1,5,01 00 00 9F A8
2026-09-28T15:22:46.166+00:00,20088.108,RX,peer_observation,0001B082,1,7,01 00 00 0F 03 82 B0
2026-09-28T15:22:46.166+00:00,20088.369,RX,peer_observation,0011B082,1,5,01 00 00 82 B0
2026-09-28T15:22:46.171+00:00,20093.235,RX,peer_observation,000148BA,1,7,01 00 00 0F 03 BA 48
2026-09-28T15:22:46.171+00:00,20093.326,RX,peer_observation,001148BA,1,5,01 00 00 BA 48
2026-09-28T15:22:46.176+00:00,20098.271,RX,peer_observation,0001033F,1,7,01 00 00 0F 03 3F 03
2026-09-28T15:22:46.176+00:00,20098.329,RX,peer_observation,0011033F,1,5,01 00 00 3F 03
2026-09-28T15:22:46.181+00:00,20103.237,RX,peer_observation,0001A997,1,7,01 00 00 0F 03 97 A9
2026-09-28T15:22:46.181+00:00,20103.333,RX,peer_observation,0011A997,1,5,01 00 00 97 A9
2026-09-28T15:22:46.186+00:00,20108.246,RX,peer_observation,000125B4,1,7,01 00 00 0F 03 B4 25
2026-09-28T15:22:46.186+00:00,20108.303,RX,peer_observation,001125B4,1,5,01 00 00 B4 25
2026-09-28T15:22:46.191+00:00,20113.245,RX,peer_observation,00015AF1,1,7,01 00 00 0F 03 F1 5A
2026-09-28T15:22:46.191+00:00,20113.302,RX,peer_observation,00115AF1,1,5,01 00 00 F1 5A
2026-09-28T15:22:46.196+00:00,20118.082,RX,peer_observation,000109B1,1,7,01 00 00 0F 03 B1 09
2026-09-28T15:22:46.196+00:00,20118.413,RX,peer_observation,001109B1,1,5,01 00 00 B1 09
2026-09-28T15:22:46.201+00:00,20123.165,RX,peer_observation,0001E044,1,7,01 00 00 0F 03 44 E0
2026-09-28T15:22:46.201+00:00,20123.417,RX,peer_observation,0011E044,1,5,01 00 00 44 E0
2026-09-28T15:22:46.206+00:00,20128.128,RX,peer_observation,0001FDDA,1,7,01 00 00 0F 03 DA FD
2026-09-28T15:22:46.206+00:00,20128.267,RX,peer_observation,0011FDDA,1,5,01 00 00 DA FD
2026-09-28T15:22:46.211+00:00,20133.102,RX,peer_observation,000105EE,1,7,01 00 00 0F 03 EE 05
2026-09-28T15:22:46.211+00:00,20133.252,RX,peer_observation,001105EE,1,5,01 00 00 EE 05
2026-09-28T15:22:46.216+00:00,20138.100,RX,peer_observation,000170A2,1,7,01 00 00 0F 03 A2 70
2026-09-28T15:22:46.216+00:00,20138.368,RX,peer_observation,001170A2,1,5,01 00 00 A2 70
2026-09-28T15:22:46.221+00:00,20143.100,RX,peer_observation,0001B43B,1,7,01 00 00 0F 03 3B B4
2026-09-28T15:22:46.221+00:00,20143.329,RX,peer_observation,0011B43B,1,5,01 00 00 3B B4
2026-09-28T15:22:46.226+00:00,20148.021,RX,peer_observation,00014E6D,1,7,01 00 00 0F 03 6D 4E
2026-09-28T15:22:46.226+00:00,20148.259,RX,peer_observation,00114E6D,1,5,01 00 00 6D 4E
2026-09-28T15:22:46.231+00:00,20153.080,RX,peer_observation,0001110A,1,7,01 00 00 0F 03 0A 11
2026-09-28T15:22:46.231+00:00,20153.298,RX,peer_observation,0011110A,1,5,01 00 00 0A 11
2026-09-28T15:22:46.236+00:00,20158.032,RX,peer_observation,000185A4,1,7,01 00 00 0F 03 A4 85
2026-09-28T15:22:46.236+00:00,20158.248,RX,peer_observation,001185A4,1,5,01 00 00 A4 85
2026-09-28T15:22:46.241+00:00,20163.061,RX,peer_observation,00017765,1,7,01 00 00 0F 03 65 77
2026-09-28T15:22:46.241+00:00,20163.298,RX,peer_observation,00117765,1,5,01 00 00 65 77
2026-09-28T15:22:46.246+00:00,20168.015,RX,peer_observation,0001653A,1,7,01 00 00 0F 03 3A 65
2026-09-28T15:22:46.246+00:00,20168.235,RX,peer_observation,0011653A,1,5,01 00 00 3A 65
2026-09-28T15:22:46.251+00:00,20173.015,RX,peer_observation,0001E141,1,7,01 00 00 0F 03 41 E1
2026-09-28T15:22:46.251+00:00,20173.265,RX,peer_observation,0011E141,1,5,01 00 00 41 E1
2026-09-28T15:22:46.256+00:00,20178.014,RX,peer_observation,000151F5,1,7,01 00 00 0F 03 F5 51
2026-09-28T15:22:46.256+00:00,20178.231,RX,peer_observation,001151F5,1,5,01 00 00 F5 51
2026-09-28T15:22:46.261+00:00,20182.984,RX,peer_observation,00019E48,1,7,01 00 00 0F 03 48 9E
2026-09-28T15:22:46.261+00:00,20183.248,RX,peer_observation,00119E48,1,5,01 00 00 48 9E
2026-09-28T15:22:46.266+00:00,20188.058,RX,peer_observation,0001847A,1,7,01 00 00 0F 03 7A 84
2026-09-28T15:22:46.266+00:00,20188.385,RX,peer_observation,0011847A,1,5,01 00 00 7A 84
2026-09-28T15:22:46.271+00:00,20193.045,RX,peer_observation,00016B53,1,7,01 00 00 0F 03 53 6B
2026-09-28T15:22:46.271+00:00,20193.309,RX,peer_observation,00116B53,1,5,01 00 00 53 6B
2026-09-28T15:22:46.276+00:00,20198.154,RX,peer_observation,0001A5ED,1,7,01 00 00 0F 03 ED A5
2026-09-28T15:22:46.276+00:00,20198.272,RX,peer_observation,0011A5ED,1,5,01 00 00 ED A5
2026-09-28T15:22:46.281+00:00,20203.109,RX,peer_observation,00013D05,1,7,01 00 00 0F 03 05 3D
2026-09-28T15:22:46.281+00:00,20203.408,RX,peer_observation,00113D05,1,5,01 00 00 05 3D
2026-09-28T15:22:46.286+00:00,20208.031,RX,peer_observation,000162A3,1,7,01 00 00 0F 03 A3 62
2026-09-28T15:22:46.286+00:00,20208.253,RX,peer_observation,001162A3,1,5,01 00 00 A3 62
2026-09-28T15:22:46.291+00:00,20213.011,RX,peer_observation,0001E0A6,1,7,01 00 00 0F 03 A6 E0
2026-09-28T15:22:46.291+00:00,20213.259,RX,peer_observation,0011E0A6,1,5,01 00 00 A6 E0
2026-09-28T15:22:46.296+00:00,20217.985,RX,peer_observation,00013635,1,7,01 00 00 0F 03 35 36
2026-09-28T15:22:46.296+00:00,20218.230,RX,peer_observation,00113635,1,5,01 00 00 35 36
2026-09-28T15:22:46.301+00:00,20222.984,RX,peer_observation,00013525,1,7,01 00 00 0F 03 25 35
2026-09-28T15:22:46.301+00:00,20223.232,RX,peer_observation,00113525,1,5,01 00 00 25 35
2026-09-28T15:22:46.306+00:00,20228.050,RX,peer_observation,0001A9FB,1,7,01 00 00 0F 03 FB A9
2026-09-28T15:22:46.306+00:00,20228.302,RX,peer_observation,0011A9FB,1,5,01 00 00 FB A9
2026-09-28T15:22:46.311+00:00,20233.066,RX,peer_observation,0001A2F1,1,7,01 00 00 0F 03 F1 A2
2026-09-28T15:22:46.311+00:00,20233.329,RX,peer_observation,0011A2F1,1,5,01 00 00 F1 A2
2026-09-28T15:22:46.316+00:00,20238.080,RX,peer_observation,00019EB7,1,7,01 00 00 0F 03 B7 9E
2026-09-28T15:22:46.316+00:00,20238.302,RX,peer_observation,00119EB7,1,5,01 00 00 B7 9E
2026-09-28T15:22:46.321+00:00,20243.015,RX,peer_observation,00018812,1,7,01 00 00 0F 03 12 88
2026-09-28T15:22:46.321+00:00,20243.256,RX,peer_observation,00118812,1,5,01 00 00 12 88
2026-09-28T15:22:46.326+00:00,20248.090,RX,peer_observation,0001A3F1,1,7,01 00 00 0F 03 F1 A3
2026-09-28T15:22:46.326+00:00,20248.358,RX,peer_observation,0011A3F1,1,5,01 00 00 F1 A3
2026-09-28T15:22:46.331+00:00,20253.099,RX,peer_observation,0001F699,1,7,01 00 00 0F 03 99 F6
2026-09-28T15:22:46.331+00:00,20253.340,RX,peer_observation,0011F699,1,5,01 00 00 99 F6
2026-09-28T15:22:46.336+00:00,20258.053,RX,peer_observation,00016F58,1,7,01 00 00 0F 03 58 6F
2026-09-28T15:22:46.336+00:00,20258.311,RX,peer_observation,00116F58,1,5,01 00 00 58 6F
2026-09-28T15:22:46.341+00:00,20263.031,RX,peer_observation,0001BA66,1,7,01 00 00 0F 03 66 BA
2026-09-28T15:22:46.341+00:00,20263.306,RX,peer_observation,0011BA66,1,5,01 00 00 66 BA
2026-09-28T15:22:46.346+00:00,20268.047,RX,peer_observation,0001B02A,1,7,01 00 00 0F 03 2A B0
2026-09-28T15:22:46.346+00:00,20268.435,RX,peer_observation,0011B02A,1,5,01 00 00 2A B0
2026-09-28T15:22:46.351+00:00,20273.044,RX,peer_observation,0001EBD9,1,7,01 00 00 0F 03 D9 EB
2026-09-28T15:22:46.351+00:00,20273.391,RX,peer_observation,0011EBD9,1,5,01 00 00 D9 EB
2026-09-28T15:22:46.356+00:00,20278.067,RX,peer_observation,00014E67,1,7,01 00 00 0F 03 67 4E
2026-09-28T15:22:46.356+00:00,20278.376,RX,peer_observation,00114E67,1,5,01 00 00 67 4E
2026-09-28T15:22:46.361+00:00,20283.047,RX,peer_observation,00010FE6,1,7,01 00 00 0F 03 E6 0F
2026-09-28T15:22:46.361+00:00,20283.360,RX,peer_observation,00110FE6,1,5,01 00 00 E6 0F
2026-09-28T15:22:46.366+00:00,20288.094,RX,peer_observation,0001FF5C,1,7,01 00 00 0F 03 5C FF
2026-09-28T15:22:46.366+00:00,20288.304,RX,peer_observation,0011FF5C,1,5,01 00 00 5C FF
2026-09-28T15:22:46.371+00:00,20293.107,RX,peer_observation,00010EA4,1,7,01 00 00 0F 03 A4 0E
2026-09-28T15:22:46.371+00:00,20293.339,RX,peer_observation,00110EA4,1,5,01 00 00 A4 0E
2026-09-28T15:22:46.376+00:00,20298.080,RX,peer_observation,0001F0D2,1,7,01 00 00 0F 03 D2 F0
2026-09-28T15:22:46.376+00:00,20298.339,RX,peer_observation,0011F0D2,1,5,01 00 00 D2 F0
2026-09-28T15:22:46.381+00:00,20303.049,RX,peer_observation,0001E04C,1,7,01 00 00 0F 03 4C E0
2026-09-28T15:22:46.381+00:00,20303.324,RX,peer_observation,0011E04C,1,5,01 00 00 4C E0
2026-09-28T15:22:46.386+00:00,20308.089,RX,peer_observation,0001DDDD,1,7,01 00 00 0F 03 DD DD
2026-09-28T15:22:46.386+00:00,20308.220,RX,peer_observation,0011DDDD,1,5,01 00 00 DD DD
2026-09-28T15:22:46.391+00:00,20313.040,RX,peer_observation,00015D49,1,7,01 00 00 0F 03 49 5D
2026-09-28T15:22:46.391+00:00,20313.285,RX,peer_observation,00115D49,1,5,01 00 00 49 5D
2026-09-28T15:22:46.396+00:00,20317.981,RX,peer_observation,0001401E,1,7,01 00 00 0F 03 1E 40
2026-09-28T15:22:46.396+00:00,20318.223,RX,peer_observation,0011401E,1,5,01 00 00 1E 40
2026-09-28T15:22:46.401+00:00,20323.019,RX,peer_observation,0001F8C7,1,7,01 00 00 0F 03 C7 F8
2026-09-28T15:22:46.401+00:00,20323.371,RX,peer_observation,0011F8C7,1,5,01 00 00 C7 F8
2026-09-28T15:22:46.406+00:00,20327.983,RX,peer_observation,000185FA,1,7,01 00 00 0F 03 FA 85
2026-09-28T15:22:46.406+00:00,20328.264,RX,peer_observation,001185FA,1,5,01 00 00 FA 85
2026-09-28T15:22:46.411+00:00,20333.043,RX,peer_observation,0001F9DB,1,7,01 00 00 0F 03 DB F9
2026-09-28T15:22:46.411+00:00,20333.222,RX,peer_observation,0011F9DB,1,5,01 00 00 DB F9
2026-09-28T15:22:46.416+00:00,20338.065,RX,peer_observation,00016614,1,7,01 00 00 0F 03 14 66
2026-09-28T15:22:46.416+00:00,20338.217,RX,peer_observation,00116614,1,5,01 00 00 14 66
2026-09-28T15:22:46.421+00:00,20343.231,RX,peer_observation,0001D242,1,7,01 00 00 0F 03 42 D2
2026-09-28T15:22:46.421+00:00,20343.290,RX,peer_observation,0011D242,1,5,01 00 00 42 D2
2026-09-28T15:22:46.426+00:00,20348.193,RX,peer_observation,00018A08,1,7,01 00 00 0F 03 08 8A
2026-09-28T15:22:46.426+00:00,20348.260,RX,peer_observation,00118A08,1,5,01 00 00 08 8A
2026-09-28T15:22:46.431+00:00,20353.230,RX,peer_observation,00010E4D,1,7,01 00 00 0F 03 4D 0E
2026-09-28T15:22:46.431+00:00,20353.288,RX,peer_observation,00110E4D,1,5,01 00 00 4D 0E
2026-09-28T15:22:46.436+00:00,20358.226,RX,peer_observation,0001C23B,1,7,01 00 00 0F 03 3B C2
2026-09-28T15:22:46.436+00:00,20358.283,RX,peer_observation,0011C23B,1,5,01 00 00 3B C2
2026-09-28T15:22:46.441+00:00,20363.195,RX,peer_observation,0001E467,1,7,01 00 00 0F 03 67 E4
2026-09-28T15:22:46.441+00:00,20363.262,RX,peer_observation,0011E467,1,5,01 00 00 67 E4
2026-09-28T15:22:46.446+00:00,20368.227,RX,peer_observation,0001763B,1,7,01 00 00 0F 03 3B 76
2026-09-28T15:22:46.446+00:00,20368.309,RX,peer_observation,0011763B,1,5,01 00 00 3B 76
2026-09-28T15:22:46.451+00:00,20373.233,RX,peer_observation,0001875F,1,7,01 00 00 0F 03 5F 87
2026-09-28T15:22:46.451+00:00,20373.289,RX,peer_observation,0011875F,1,5,01 00 00 5F 87
2026-09-28T15:22:46.456+00:00,20378.196,RX,peer_observation,00012108,1,7,01 00 00 0F 03 08 21
2026-09-28T15:22:46.456+00:00,20378.263,RX,peer_observation,00112108,1,5,01 00 00 08 21
2026-09-28T15:22:46.461+00:00,20383.229,RX,peer_observation,00011561,1,7,01 00 00 0F 03 61 15
2026-09-28T15:22:46.461+00:00,20383.286,RX,peer_observation,00111561,1,5,01 00 00 61 15
2026-09-28T15:22:46.466+00:00,20388.246,RX,peer_observation,00014E39,1,7,01 00 00 0F 03 39 4E
2026-09-28T15:22:46.466+00:00,20388.307,RX,peer_observation,00114E39,1,5,01 00 00 39 4E
2026-09-28T15:22:46.471+00:00,20393.309,RX,peer_observation,0001F63C,1,7,01 00 00 0F 03 3C F6
2026-09-28T15:22:46.471+00:00,20393.408,RX,peer_observation,0011F63C,1,5,01 00 00 3C F6
2026-09-28T15:22:46.476+00:00,20398.306,RX,peer_observation,0001B4D6,1,7,01 00 00 0F 03 D6 B4
2026-09-28T15:22:46.476+00:00,20398.407,RX,peer_observation,0011B4D6,1,5,01 00 00 D6 B4
2026-09-28T15:22:46.481+00:00,20403.319,RX,peer_observation,0001DE64,1,7,01 00 00 0F 03 64 DE
2026-09-28T15:22:46.481+00:00,20403.427,RX,peer_observation,0011DE64,1,5,01 00 00 64 DE
2026-09-28T15:22:46.486+00:00,20408.306,RX,peer_observation,00013A6C,1,7,01 00 00 0F 03 6C 3A
2026-09-28T15:22:46.486+00:00,20408.391,RX,peer_observation,00113A6C,1,5,01 00 00 6C 3A
2026-09-28T15:22:46.491+00:00,20413.293,RX,peer_observation,000160DE,1,7,01 00 00 0F 03 DE 60
2026-09-28T15:22:46.491+00:00,20413.389,RX,peer_observation,001160DE,1,5,01 00 00 DE 60
2026-09-28T15:22:46.496+00:00,20418.199,RX,peer_observation,00013097,1,7,01 00 00 0F 03 97 30
2026-09-28T15:22:46.496+00:00,20418.259,RX,peer_observation,00113097,1,5,01 00 00 97 30
2026-09-28T15:22:46.501+00:00,20423.341,RX,peer_observation,0001B4ED,1,7,01 00 00 0F 03 ED B4
2026-09-28T15:22:46.501+00:00,20423.428,RX,peer_observation,0011B4ED,1,5,01 00 00 ED B4
2026-09-28T15:22:46.506+00:00,20428.297,RX,peer_observation,0001F11A,1,7,01 00 00 0F 03 1A F1
2026-09-28T15:22:46.506+00:00,20428.391,RX,peer_observation,0011F11A,1,5,01 00 00 1A F1
2026-09-28T15:22:46.511+00:00,20433.295,RX,peer_observation,00010538,1,7,01 00 00 0F 03 38 05
2026-09-28T15:22:46.511+00:00,20433.368,RX,peer_observation,00110538,1,5,01 00 00 38 05
2026-09-28T15:22:46.516+00:00,20438.293,RX,peer_observation,0001C446,1,7,01 00 00 0F 03 46 C4
2026-09-28T15:22:46.516+00:00,20438.393,RX,peer_observation,0011C446,1,5,01 00 00 46 C4
2026-09-28T15:22:46.521+00:00,20443.304,RX,peer_observation,000158C9,1,7,01 00 00 0F 03 C9 58
2026-09-28T15:22:46.521+00:00,20443.404,RX,peer_observation,001158C9,1,5,01 00 00 C9 58
2026-09-28T15:22:46.526+00:00,20448.311,RX,peer_observation,00016F35,1,7,01 00 00 0F 03 35 6F
2026-09-28T15:22:46.526+00:00,20448.411,RX,peer_observation,00116F35,1,5,01 00 00 35 6F
2026-09-28T15:22:46.531+00:00,20453.275,RX,peer_observation,00013711,1,7,01 00 00 0F 03 11 37
2026-09-28T15:22:46.531+00:00,20453.367,RX,peer_observation,00113711,1,5,01 00 00 11 37
2026-09-28T15:22:46.536+00:00,20458.271,RX,peer_observation,00014F23,1,7,01 00 00 0F 03 23 4F
2026-09-28T15:22:46.536+00:00,20458.352,RX,peer_observation,00114F23,1,5,01 00 00 23 4F
2026-09-28T15:22:46.541+00:00,20463.195,RX,peer_observation,000122D6,1,7,01 00 00 0F 03 D6 22
2026-09-28T15:22:46.541+00:00,20463.273,RX,peer_observation,001122D6,1,5,01 00 00 D6 22
2026-09-28T15:22:46.546+00:00,20468.003,RX,peer_observation,000160F2,1,7,01 00 00 0F 03 F2 60
2026-09-28T15:22:46.546+00:00,20468.288,RX,peer_observation,001160F2,1,5,01 00 00 F2 60
2026-09-28T15:22:46.551+00:00,20472.996,RX,peer_observation,00011CB1,1,7,01 00 00 0F 03 B1 1C
2026-09-28T15:22:46.551+00:00,20473.263,RX,peer_observation,00111CB1,1,5,01 00 00 B1 1C
2026-09-28T15:22:46.556+00:00,20478.016,RX,peer_observation,0001439D,1,7,01 00 00 0F 03 9D 43
2026-09-28T15:22:46.556+00:00,20478.255,RX,peer_observation,0011439D,1,5,01 00 00 9D 43
2026-09-28T15:22:46.561+00:00,20483.090,RX,peer_observation,0001448B,1,7,01 00 00 0F 03 8B 44
2026-09-28T15:22:46.561+00:00,20483.183,RX,peer_observation,0011448B,1,5,01 00 00 8B 44
2026-09-28T15:22:46.566+00:00,20488.159,RX,peer_observation,0001DE1B,1,7,01 00 00 0F 03 1B DE
2026-09-28T15:22:46.566+00:00,20488.262,RX,peer_observation,0011DE1B,1,5,01 00 00 1B DE
2026-09-28T15:22:46.571+00:00,20493.182,RX,peer_observation,00019E3E,1,7,01 00 00 0F 03 3E 9E
2026-09-28T15:22:46.571+00:00,20493.238,RX,peer_observation,00119E3E,1,5,01 00 00 3E 9E
2026-09-28T15:22:46.576+00:00,20498.254,RX,peer_observation,0001DD0C,1,7,01 00 00 0F 03 0C DD
2026-09-28T15:22:46.576+00:00,20498.356,RX,peer_observation,0011DD0C,1,5,01 00 00 0C DD
2026-09-28T15:22:46.581+00:00,20503.198,RX,peer_observation,00013C39,1,7,01 00 00 0F 03 39 3C
2026-09-28T15:22:46.581+00:00,20503.254,RX,peer_observation,00113C39,1,5,01 00 00 39 3C
2026-09-28T15:22:46.586+00:00,20508.305,RX,peer_observation,0001CA24,1,7,01 00 00 0F 03 24 CA
2026-09-28T15:22:46.586+00:00,20508.438,RX,peer_observation,0011CA24,1,5,01 00 00 24 CA
2026-09-28T15:22:46.591+00:00,20513.219,RX,peer_observation,00010FE2,1,7,01 00 00 0F 03 E2 0F
2026-09-28T15:22:46.591+00:00,20513.301,RX,peer_observation,00110FE2,1,5,01 00 00 E2 0F
2026-09-28T15:22:46.596+00:00,20518.050,RX,peer_observation,00012727,1,7,01 00 00 0F 03 27 27
2026-09-28T15:22:46.596+00:00,20518.245,RX,peer_observation,00112727,1,5,01 00 00 27 27
2026-09-28T15:22:46.601+00:00,20523.066,RX,peer_observation,0001FE0D,1,7,01 00 00 0F 03 0D FE
2026-09-28T15:22:46.601+00:00,20523.198,RX,peer_observation,0011FE0D,1,5,01 00 00 0D FE
2026-09-28T15:22:46.606+00:00,20528.041,RX,peer_observation,00018BFF,1,7,01 00 00 0F 03 FF 8B
2026-09-28T15:22:46.606+00:00,20528.260,RX,peer_observation,00118BFF,1,5,01 00 00 FF 8B
2026-09-28T15:22:46.611+00:00,20533.100,RX,peer_observation,00011AB4,1,7,01 00 00 0F 04 B4 1A
2026-09-28T15:22:46.611+00:00,20533.238,RX,peer_observation,00111AB4,1,5,01 00 00 B4 1A
2026-09-28T15:22:46.616+00:00,20538.140,RX,peer_observation,0001FB2F,1,7,01 00 00 0F 03 2F FB
2026-09-28T15:22:46.616+00:00,20538.198,RX,peer_observation,0011FB2F,1,5,01 00 00 2F FB
2026-09-28T15:22:46.621+00:00,20543.073,RX,peer_observation,000159DC,1,7,01 00 00 0F 03 DC 59
2026-09-28T15:22:46.621+00:00,20543.189,RX,peer_observation,001159DC,1,5,01 00 00 DC 59
2026-09-28T15:22:46.626+00:00,20548.147,RX,peer_observation,00017DAE,1,7,01 00 00 0F 03 AE 7D
2026-09-28T15:22:46.626+00:00,20548.207,RX,peer_observation,00117DAE,1,5,01 00 00 AE 7D
2026-09-28T15:22:46.631+00:00,20553.033,RX,peer_observation,00018C53,1,7,01 00 00 0F 03 53 8C
2026-09-28T15:22:46.631+00:00,20553.354,RX,peer_observation,00118C53,1,5,01 00 00 53 8C
2026-09-28T15:22:46.636+00:00,20558.059,RX,peer_observation,000122EE,1,7,01 00 00 0F 03 EE 22
2026-09-28T15:22:46.636+00:00,20558.145,RX,peer_observation,001122EE,1,5,01 00 00 EE 22
2026-09-28T15:22:46.641+00:00,20563.077,RX,peer_observation,0001499D,1,7,01 00 00 0F 03 9D 49
2026-09-28T15:22:46.641+00:00,20563.320,RX,peer_observation,0011499D,1,5,01 00 00 9D 49
2026-09-28T15:22:46.646+00:00,20568.051,RX,peer_observation,00019B9C,1,7,01 00 00 0F 03 9C 9B
2026-09-28T15:22:46.646+00:00,20568.374,RX,peer_observation,00119B9C,1,5,01 00 00 9C 9B
2026-09-28T15:22:46.651+00:00,20573.478,RX,peer_observation,00012151,1,7,01 00 00 0F 03 51 21
2026-09-28T15:22:46.651+00:00,20573.540,RX,peer_observation,00112151,1,5,01 00 00 51 21
2026-09-28T15:22:46.656+00:00,20578.159,RX,peer_observation,00016963,1,7,01 00 00 0F 03 63 69
2026-09-28T15:22:46.656+00:00,20578.222,RX,peer_observation,00116963,1,5,01 00 00 63 69
2026-09-28T15:22:46.661+00:00,20583.212,RX,peer_observation,00013CB5,1,7,01 00 00 0F 03 B5 3C
2026-09-28T15:22:46.661+00:00,20583.343,RX,peer_observation,00113CB5,1,5,01 00 00 B5 3C
2026-09-28T15:22:46.666+00:00,20587.998,RX,peer_observation,0001FFAC,1,7,01 00 00 0F 03 AC FF
2026-09-28T15:22:46.666+00:00,20588.249,RX,peer_observation,0011FFAC,1,5,01 00 00 AC FF
2026-09-28T15:22:46.671+00:00,20593.009,RX,peer_observation,00015255,1,7,01 00 00 0F 03 55 52
2026-09-28T15:22:46.671+00:00,20593.249,RX,peer_observation,00115255,1,5,01 00 00 55 52
2026-09-28T15:22:46.676+00:00,20598.014,RX,peer_observation,00019939,1,7,01 00 00 0F 03 39 99
2026-09-28T15:22:46.676+00:00,20598.251,RX,peer_observation,00119939,1,5,01 00 00 39 99
2026-09-28T15:22:46.681+00:00,20603.196,RX,peer_observation,000167F5,1,7,01 00 00 0F 03 F5 67
2026-09-28T15:22:46.681+00:00,20603.259,RX,peer_observation,001167F5,1,5,01 00 00 F5 67
2026-09-28T15:22:46.686+00:00,20608.011,RX,peer_observation,00016C0D,1,7,01 00 00 0F 03 0D 6C
2026-09-28T15:22:46.686+00:00,20608.251,RX,peer_observation,00116C0D,1,5,01 00 00 0D 6C
2026-09-28T15:22:46.691+00:00,20613.012,RX,peer_observation,000123FF,1,7,01 00 00 0F 03 FF 23
2026-09-28T15:22:46.691+00:00,20613.251,RX,peer_observation,001123FF,1,5,01 00 00 FF 23
2026-09-28T15:22:46.696+00:00,20618.208,RX,peer_observation,0001A4FB,1,7,01 00 00 0F 03 FB A4
2026-09-28T15:22:46.696+00:00,20618.303,RX,peer_observation,0011A4FB,1,5,01 00 00 FB A4
2026-09-28T15:22:46.701+00:00,20623.207,RX,peer_observation,00011663,1,7,01 00 00 0F 03 63 16
2026-09-28T15:22:46.701+00:00,20623.294,RX,peer_observation,00111663,1,5,01 00 00 63 16
2026-09-28T15:22:46.706+00:00,20628.150,RX,peer_observation,000101D3,1,7,01 00 00 0F 03 D3 01
2026-09-28T15:22:46.706+00:00,20628.229,RX,peer_observation,001101D3,1,5,01 00 00 D3 01
2026-09-28T15:22:46.711+00:00,20633.212,RX,peer_observation,0001F58A,1,7,01 00 00 0F 03 8A F5
2026-09-28T15:22:46.711+00:00,20633.309,RX,peer_observation,0011F58A,1,5,01 00 00 8A F5
2026-09-28T15:22:46.716+00:00,20638.171,RX,peer_observation,00019D08,1,7,01 00 00 0F 03 08 9D
2026-09-28T15:22:46.716+00:00,20638.228,RX,peer_observation,00119D08,1,5,01 00 00 08 9D
2026-09-28T15:22:46.721+00:00,20643.262,RX,peer_observation,0001FEBB,1,7,01 00 00 0F 03 BB FE
2026-09-28T15:22:46.721+00:00,20643.355,RX,peer_observation,0011FEBB,1,5,01 00 00 BB FE
2026-09-28T15:22:46.726+00:00,20648.091,RX,peer_observation,00019345,1,7,01 00 00 0F 03 45 93
2026-09-28T15:22:46.726+00:00,20648.177,RX,peer_observation,00119345,1,5,01 00 00 45 93
2026-09-28T15:22:46.731+00:00,20652.968,RX,peer_observation,00016A32,1,7,01 00 00 0F 03 32 6A
2026-09-28T15:22:46.731+00:00,20653.286,RX,peer_observation,00116A32,1,5,01 00 00 32 6A
2026-09-28T15:22:46.736+00:00,20657.967,RX,peer_observation,0001DB46,1,7,01 00 00 0F 03 46 DB
2026-09-28T15:22:46.736+00:00,20658.254,RX,peer_observation,0011DB46,1,5,01 00 00 46 DB
2026-09-28T15:22:46.741+00:00,20662.965,RX,peer_observation,000185B3,1,7,01 00 00 0F 03 B3 85
2026-09-28T15:22:46.741+00:00,20663.227,RX,peer_observation,001185B3,1,5,01 00 00 B3 85
2026-09-28T15:22:46.746+00:00,20668.028,RX,peer_observation,000169F6,1,7,01 00 00 0F 03 F6 69
2026-09-28T15:22:46.746+00:00,20668.343,RX,peer_observation,001169F6,1,5,01 00 00 F6 69
2026-09-28T15:22:46.751+00:00,20672.995,RX,peer_observation,0001095A,1,7,01 00 00 0F 03 5A 09
2026-09-28T15:22:46.751+00:00,20673.293,RX,peer_observation,0011095A,1,5,01 00 00 5A 09
2026-09-28T15:22:46.756+00:00,20678.046,RX,peer_observation,0001F099,1,7,01 00 00 0F 03 99 F0
2026-09-28T15:22:46.756+00:00,20678.316,RX,peer_observation,0011F099,1,5,01 00 00 99 F0
2026-09-28T15:22:46.761+00:00,20683.071,RX,peer_observation,00012501,1,7,01 00 00 0F 03 01 25
2026-09-28T15:22:46.761+00:00,20683.190,RX,peer_observation,00112501,1,5,01 00 00 01 25
2026-09-28T15:22:46.766+00:00,20688.081,RX,peer_observation,0001C095,1,7,01 00 00 0F 03 95 C0
2026-09-28T15:22:46.766+00:00,20688.200,RX,peer_observation,0011C095,1,5,01 00 00 95 C0
2026-09-28T15:22:46.771+00:00,20693.018,RX,peer_observation,0001416C,1,7,01 00 00 0F 03 6C 41
2026-09-28T15:22:46.771+00:00,20693.212,RX,peer_observation,0011416C,1,5,01 00 00 6C 41
2026-09-28T15:22:46.776+00:00,20698.053,RX,peer_observation,0001D812,1,7,01 00 00 0F 03 12 D8
2026-09-28T15:22:46.776+00:00,20698.292,RX,peer_observation,0011D812,1,5,01 00 00 12 D8
2026-09-28T15:22:46.781+00:00,20703.054,RX,peer_observation,0001A31D,1,7,01 00 00 0F 03 1D A3
2026-09-28T15:22:46.781+00:00,20703.296,RX,peer_observation,0011A31D,1,5,01 00 00 1D A3
2026-09-28T15:22:46.786+00:00,20708.029,RX,peer_observation,00015084,1,7,01 00 00 0F 03 84 50
2026-09-28T15:22:46.786+00:00,20708.251,RX,peer_observation,00115084,1,5,01 00 00 84 50
2026-09-28T15:22:46.791+00:00,20712.986,RX,peer_observation,00010D7F,1,7,01 00 00 0F 03 7F 0D
2026-09-28T15:22:46.791+00:00,20713.231,RX,peer_observation,00110D7F,1,5,01 00 00 7F 0D
2026-09-28T15:22:46.796+00:00,20718.235,RX,peer_observation,0001FFE6,1,7,01 00 00 0F 03 E6 FF
2026-09-28T15:22:46.796+00:00,20718.326,RX,peer_observation,0011FFE6,1,5,01 00 00 E6 FF
2026-09-28T15:22:46.801+00:00,20723.169,RX,peer_observation,00016FC6,1,7,01 00 00 0F 04 C6 6F
2026-09-28T15:22:46.801+00:00,20723.248,RX,peer_observation,00116FC6,1,5,01 00 00 C6 6F
2026-09-28T15:22:46.806+00:00,20728.224,RX,peer_observation,0001EB2A,1,7,01 00 00 0F 03 2A EB
2026-09-28T15:22:46.806+00:00,20728.305,RX,peer_observation,0011EB2A,1,5,01 00 00 2A EB
2026-09-28T15:22:46.811+00:00,20733.165,RX,peer_observation,0001E1BA,1,7,01 00 00 0F 03 BA E1
2026-09-28T15:22:46.811+00:00,20733.252,RX,peer_observation,0011E1BA,1,5,01 00 00 BA E1
2026-09-28T15:22:46.816+00:00,20738.262,RX,peer_observation,00013424,1,7,01 00 00 0F 03 24 34
2026-09-28T15:22:46.816+00:00,20738.352,RX,peer_observation,00113424,1,5,01 00 00 24 34
2026-09-28T15:22:46.821+00:00,20743.172,RX,peer_observation,0001ED45,1,7,01 00 00 0F 03 45 ED
2026-09-28T15:22:46.821+00:00,20743.231,RX,peer_observation,0011ED45,1,5,01 00 00 45 ED
2026-09-28T15:22:46.826+00:00,20748.236,RX,peer_observation,0001FB07,1,7,01 00 00 0F 03 07 FB
2026-09-28T15:22:46.826+00:00,20748.320,RX,peer_observation,0011FB07,1,5,01 00 00 07 FB
2026-09-28T15:22:46.831+00:00,20753.164,RX,peer_observation,00016A7A,1,7,01 00 00 0F 03 7A 6A
2026-09-28T15:22:46.831+00:00,20753.221,RX,peer_observation,00116A7A,1,5,01 00 00 7A 6A
2026-09-28T15:22:46.836+00:00,20758.209,RX,peer_observation,0001E725,1,7,01 00 00 0F 03 25 E7
2026-09-28T15:22:46.836+00:00,20758.299,RX,peer_observation,0011E725,1,5,01 00 00 25 E7
2026-09-28T15:22:46.841+00:00,20763.168,RX,peer_observation,0001D273,1,7,01 00 00 0F 03 73 D2
2026-09-28T15:22:46.841+00:00,20763.225,RX,peer_observation,0011D273,1,5,01 00 00 73 D2
2026-09-28T15:22:46.846+00:00,20768.083,RX,peer_observation,0001248C,1,7,01 00 00 0F 03 8C 24
2026-09-28T15:22:46.846+00:00,20768.176,RX,peer_observation,0011248C,1,5,01 00 00 8C 24
2026-09-28T15:22:46.851+00:00,20773.005,RX,peer_observation,00016E34,1,7,01 00 00 0F 03 34 6E
2026-09-28T15:22:46.851+00:00,20773.240,RX,peer_observation,00116E34,1,5,01 00 00 34 6E
2026-09-28T15:22:46.856+00:00,20778.043,RX,peer_observation,00011BC2,1,7,01 00 00 0F 03 C2 1B
2026-09-28T15:22:46.856+00:00,20778.262,RX,peer_observation,00111BC2,1,5,01 00 00 C2 1B
2026-09-28T15:22:46.861+00:00,20782.996,RX,peer_observation,0001597A,1,7,01 00 00 0F 03 7A 59
2026-09-28T15:22:46.861+00:00,20783.219,RX,peer_observation,0011597A,1,5,01 00 00 7A 59
2026-09-28T15:22:46.866+00:00,20788.199,RX,peer_observation,0001D6A7,1,7,01 00 00 0F 03 A7 D6
2026-09-28T15:22:46.866+00:00,20788.269,RX,peer_observation,0011D6A7,1,5,01 00 00 A7 D6
2026-09-28T15:22:46.871+00:00,20793.136,RX,peer_observation,0001861B,1,7,01 00 00 0F 03 1B 86
2026-09-28T15:22:46.871+00:00,20793.329,RX,peer_observation,0011861B,1,5,01 00 00 1B 86
2026-09-28T15:22:46.876+00:00,20798.230,RX,peer_observation,00017D47,1,7,01 00 00 0F 03 47 7D
2026-09-28T15:22:46.876+00:00,20798.297,RX,peer_observation,00117D47,1,5,01 00 00 47 7D
2026-09-28T15:22:46.881+00:00,20803.135,RX,peer_observation,0001BB5E,1,7,01 00 00 0F 03 5E BB
2026-09-28T15:22:46.881+00:00,20803.205,RX,peer_observation,0011BB5E,1,5,01 00 00 5E BB
2026-09-28T15:22:46.886+00:00,20808.168,RX,peer_observation,0001C320,1,7,01 00 00 0F 03 20 C3
2026-09-28T15:22:46.886+00:00,20808.237,RX,peer_observation,0011C320,1,5,01 00 00 20 C3
2026-09-28T15:22:46.891+00:00,20813.162,RX,peer_observation,0001FD80,1,7,01 00 00 0F 03 80 FD
2026-09-28T15:22:46.891+00:00,20813.233,RX,peer_observation,0011FD80,1,5,01 00 00 80 FD
2026-09-28T15:22:46.896+00:00,20818.167,RX,peer_observation,0001792A,1,7,01 00 00 0F 03 2A 79
2026-09-28T15:22:46.896+00:00,20818.225,RX,peer_observation,0011792A,1,5,01 00 00 2A 79
2026-09-28T15:22:46.901+00:00,20823.005,RX,peer_observation,0001483A,1,7,01 00 00 0F 03 3A 48
2026-09-28T15:22:46.901+00:00,20823.232,RX,peer_observation,0011483A,1,5,01 00 00 3A 48
2026-09-28T15:22:46.906+00:00,20828.062,RX,peer_observation,00018AA6,1,7,01 00 00 0F 03 A6 8A
2026-09-28T15:22:46.906+00:00,20828.154,RX,peer_observation,00118AA6,1,5,01 00 00 A6 8A
2026-09-28T15:22:46.911+00:00,20832.985,RX,peer_observation,0001A7FD,1,7,01 00 00 0F 03 FD A7
2026-09-28T15:22:46.911+00:00,20833.234,RX,peer_observation,0011A7FD,1,5,01 00 00 FD A7
2026-09-28T15:22:46.916+00:00,20838.165,RX,peer_observation,0001467A,1,7,01 00 00 0F 03 7A 46
2026-09-28T15:22:46.916+00:00,20838.222,RX,peer_observation,0011467A,1,5,01 00 00 7A 46
2026-09-28T15:22:46.921+00:00,20843.032,RX,peer_observation,0001FC4A,1,7,01 00 00 0F 03 4A FC
2026-09-28T15:22:46.921+00:00,20843.256,RX,peer_observation,0011FC4A,1,5,01 00 00 4A FC
2026-09-28T15:22:46.926+00:00,20848.168,RX,peer_observation,00013CA6,1,7,01 00 00 0F 03 A6 3C
2026-09-28T15:22:46.926+00:00,20848.224,RX,peer_observation,00113CA6,1,5,01 00 00 A6 3C
2026-09-28T15:22:46.931+00:00,20853.004,RX,peer_observation,00019A50,1,7,01 00 00 0F 03 50 9A
2026-09-28T15:22:46.931+00:00,20853.228,RX,peer_observation,00119A50,1,5,01 00 00 50 9A
2026-09-28T15:22:46.936+00:00,20858.168,RX,peer_observation,0001EB18,1,7,01 00 00 0F 03 18 EB
2026-09-28T15:22:46.936+00:00,20858.224,RX,peer_observation,0011EB18,1,5,01 00 00 18 EB
2026-09-28T15:22:46.941+00:00,20862.977,RX,peer_observation,000191AC,1,7,01 00 00 0F 03 AC 91
2026-09-28T15:22:46.941+00:00,20863.309,RX,peer_observation,001191AC,1,5,01 00 00 AC 91
2026-09-28T15:22:46.946+00:00,20868.148,RX,peer_observation,0001EEE1,1,7,01 00 00 0F 03 E1 EE
2026-09-28T15:22:46.946+00:00,20868.272,RX,peer_observation,0011EEE1,1,5,01 00 00 E1 EE
2026-09-28T15:22:46.951+00:00,20873.139,RX,peer_observation,00011207,1,7,01 00 00 0F 03 07 12
2026-09-28T15:22:46.951+00:00,20873.262,RX,peer_observation,00111207,1,5,01 00 00 07 12
2026-09-28T15:22:46.956+00:00,20878.054,RX,peer_observation,00016AA7,1,7,01 00 00 0F 03 A7 6A
2026-09-28T15:22:46.956+00:00,20878.193,RX,peer_observation,00116AA7,1,5,01 00 00 A7 6A
2026-09-28T15:22:46.961+00:00,20883.046,RX,peer_observation,0001EAE5,1,7,01 00 00 0F 03 E5 EA
2026-09-28T15:22:46.961+00:00,20883.268,RX,peer_observation,0011EAE5,1,5,01 00 00 E5 EA
2026-09-28T15:22:46.966+00:00,20888.066,RX,peer_observation,000140BC,1,7,01 00 00 0F 03 BC 40
2026-09-28T15:22:46.966+00:00,20888.194,RX,peer_observation,001140BC,1,5,01 00 00 BC 40
2026-09-28T15:22:46.971+00:00,20893.042,RX,peer_observation,000137E0,1,7,01 00 00 0F 03 E0 37
2026-09-28T15:22:46.971+00:00,20893.160,RX,peer_observation,001137E0,1,5,01 00 00 E0 37
2026-09-28T15:22:46.976+00:00,20898.066,RX,peer_observation,0001B743,1,7,01 00 00 0F 03 43 B7
2026-09-28T15:22:46.976+00:00,20898.372,RX,peer_observation,0011B743,1,5,01 00 00 43 B7
2026-09-28T15:22:46.981+00:00,20902.915,RX,peer_observation,00016E25,1,7,01 00 00 0F 03 25 6E
2026-09-28T15:22:46.981+00:00,20903.163,RX,peer_observation,00116E25,1,5,01 00 00 25 6E
2026-09-28T15:22:46.986+00:00,20908.163,RX,peer_observation,00010255,1,7,01 00 00 0F 03 55 02
2026-09-28T15:22:46.986+00:00,20908.250,RX,peer_observation,00110255,1,5,01 00 00 55 02
2026-09-28T15:22:46.991+00:00,20913.200,RX,peer_observation,0001F0ED,1,7,01 00 00 0F 03 ED F0
2026-09-28T15:22:46.991+00:00,20913.313,RX,peer_observation,0011F0ED,1,5,01 00 00 ED F0
2026-09-28T15:22:46.996+00:00,20917.960,RX,peer_observation,0001CFF4,1,7,01 00 00 0F 04 F4 CF
2026-09-28T15:22:46.996+00:00,20918.206,RX,peer_observation,0011CFF4,1,5,01 00 00 F4 CF
2026-09-28T15:22:47.001+00:00,20922.998,RX,peer_observation,00013D49,1,7,01 00 00 0F 03 49 3D
2026-09-28T15:22:47.001+00:00,20923.217,RX,peer_observation,00113D49,1,5,01 00 00 49 3D
2026-09-28T15:22:47.006+00:00,20927.959,RX,peer_observation,0001AF5A,1,7,01 00 00 0F 03 5A AF
2026-09-28T15:22:47.006+00:00,20928.209,RX,peer_observation,0011AF5A,1,5,01 00 00 5A AF
2026-09-28T15:22:47.011+00:00,20932.989,RX,peer_observation,0001BA79,1,7,01 00 00 0F 03 79 BA
2026-09-28T15:22:47.011+00:00,20933.305,RX,peer_observation,0011BA79,1,5,01 00 00 79 BA
2026-09-28T15:22:47.016+00:00,20937.933,RX,peer_observation,0001CCE0,1,7,01 00 00 0F 03 E0 CC
2026-09-28T15:22:47.016+00:00,20938.214,RX,peer_observation,0011CCE0,1,5,01 00 00 E0 CC
2026-09-28T15:22:47.021+00:00,20943.049,RX,peer_observation,000196A4,1,7,01 00 00 0F 03 A4 96
2026-09-28T15:22:47.021+00:00,20943.165,RX,peer_observation,001196A4,1,5,01 00 00 A4 96
2026-09-28T15:22:47.026+00:00,20948.012,RX,peer_observation,0001FD98,1,7,01 00 00 0F 03 98 FD
2026-09-28T15:22:47.026+00:00,20948.225,RX,peer_observation,0011FD98,1,5,01 00 00 98 FD
2026-09-28T15:22:47.031+00:00,20953.059,RX,peer_observation,000168AD,1,7,01 00 00 0F 03 AD 68
2026-09-28T15:22:47.031+00:00,20953.136,RX,peer_observation,001168AD,1,5,01 00 00 AD 68
2026-09-28T15:22:47.036+00:00,20957.972,RX,peer_observation,0001FD43,1,7,01 00 00 0F 03 43 FD
2026-09-28T15:22:47.036+00:00,20958.201,RX,peer_observation,0011FD43,1,5,01 00 00 43 FD
2026-09-28T15:22:47.041+00:00,20963.048,RX,peer_observation,00011E7C,1,7,01 00 00 0F 03 7C 1E
2026-09-28T15:22:47.041+00:00,20963.123,RX,peer_observation,00111E7C,1,5,01 00 00 7C 1E
2026-09-28T15:22:47.046+00:00,20968.206,RX,peer_observation,00018F53,1,7,01 00 00 0F 03 53 8F
2026-09-28T15:22:47.046+00:00,20968.306,RX,peer_observation,00118F53,1,5,01 00 00 53 8F
2026-09-28T15:22:47.051+00:00,20973.126,RX,peer_observation,0001FFF0,1,7,01 00 00 0F 03 F0 FF
2026-09-28T15:22:47.051+00:00,20973.238,RX,peer_observation,0011FFF0,1,5,01 00 00 F0 FF
2026-09-28T15:22:47.056+00:00,20978.216,RX,peer_observation,0001E31E,1,7,01 00 00 0F 03 1E E3
2026-09-28T15:22:47.056+00:00,20978.315,RX,peer_observation,0011E31E,1,5,01 00 00 1E E3
2026-09-28T15:22:47.061+00:00,20983.165,RX,peer_observation,00012955,1,7,01 00 00 0F 03 55 29
2026-09-28T15:22:47.061+00:00,20983.231,RX,peer_observation,00112955,1,5,01 00 00 55 29
2026-09-28T15:22:47.066+00:00,20988.146,RX,peer_observation,0001455B,1,7,01 00 00 0F 03 5B 45
2026-09-28T15:22:47.066+00:00,20988.203,RX,peer_observation,0011455B,1,5,01 00 00 5B 45
2026-09-28T15:22:47.071+00:00,20992.960,RX,peer_observation,00018112,1,7,01 00 00 0F 03 12 81
2026-09-28T15:22:47.071+00:00,20993.199,RX,peer_observation,00118112,1,5,01 00 00 12 81
2026-09-28T15:22:47.076+00:00,20997.983,RX,peer_observation,000140B1,1,7,01 00 00 0F 03 B1 40
2026-09-28T15:22:47.076+00:00,20998.289,RX,peer_observation,001140B1,1,5,01 00 00 B1 40
2026-09-28T15:22:47.079+00:00,21001.550,TX,peer_00008_short,0012C82D,1,5,01 00 00 2D C8
2026-09-28T15:22:47.081+00:00,21003.211,RX,peer_observation,000126F0,1,7,01 00 00 0F 03 F0 26
2026-09-28T15:22:47.081+00:00,21003.283,RX,peer_observation,001126F0,1,5,01 00 00 F0 26
2026-09-28T15:22:47.086+00:00,21007.974,RX,peer_observation,000118DB,1,7,01 00 00 0F 03 DB 18
2026-09-28T15:22:47.086+00:00,21008.261,RX,peer_observation,001118DB,1,5,01 00 00 DB 18
2026-09-28T15:22:47.088+00:00,21009.914,RX,peer_observation,103C0401,1,4,00 00 00 01
2026-09-28T15:22:47.088+00:00,21010.143,RX,peer_observation,103C0481,1,8,00 00 00 00 00 10 63 14
2026-09-28T15:22:47.091+00:00,21012.972,RX,peer_observation,0001C428,1,7,01 00 00 0F 03 28 C4
2026-09-28T15:22:47.091+00:00,21013.152,RX,peer_observation,0011C428,1,5,01 00 00 28 C4
2026-09-28T15:22:47.093+00:00,21014.940,RX,peer_observation,103C0401,1,4,00 00 00 01
2026-09-28T15:22:47.093+00:00,21015.139,RX,peer_observation,103C0481,1,8,00 00 00 00 00 10 63 14
2026-09-28T15:22:47.096+00:00,21018.164,RX,peer_observation,00014BA9,1,7,01 00 00 0F 03 A9 4B
2026-09-28T15:22:47.096+00:00,21018.245,RX,peer_observation,00114BA9,1,5,01 00 00 A9 4B
2026-09-28T15:22:47.098+00:00,21020.149,RX,peer_observation,103C0401,1,4,00 00 00 01
2026-09-28T15:22:47.098+00:00,21020.376,RX,peer_observation,103C0481,1,8,00 00 00 00 00 10 62 14
2026-09-28T15:22:47.101+00:00,21023.244,RX,peer_observation,0001C212,1,7,01 00 00 0F 03 12 C2
2026-09-28T15:22:47.101+00:00,21023.350,RX,peer_observation,0011C212,1,5,01 00 00 12 C2
2026-09-28T15:22:47.103+00:00,21025.000,RX,peer_observation,103C0401,1,4,00 00 00 01
2026-09-28T15:22:47.103+00:00,21025.358,RX,peer_observation,103C0481,1,8,00 00 00 00 00 10 62 14
2026-09-28T15:22:47.106+00:00,21028.146,RX,peer_observation,00016CEF,1,7,01 00 00 0F 03 EF 6C
2026-09-28T15:22:47.106+00:00,21028.292,RX,peer_observation,00116CEF,1,5,01 00 00 EF 6C
2026-09-28T15:22:47.108+00:00,21030.007,RX,peer_observation,103C0401,1,4,00 00 00 01
2026-09-28T15:22:47.108+00:00,21030.254,RX,peer_observation,103C0481,1,8,00 00 00 00 00 10 62 14
2026-09-28T15:22:47.111+00:00,21033.146,RX,peer_observation,00013E34,1,7,01 00 00 0F 03 34 3E
2026-09-28T15:22:47.111+00:00,21033.228,RX,peer_observation,00113E34,1,5,01 00 00 34 3E
2026-09-28T15:22:47.113+00:00,21034.955,RX,peer_observation,103C0401,1,4,00 00 00 01
2026-09-28T15:22:47.113+00:00,21035.240,RX,peer_observation,103C0481,1,8,00 00 00 00 00 10 63 14
2026-09-28T15:22:47.116+00:00,21038.081,RX,peer_observation,00018618,1,7,01 00 00 0F 03 18 86
2026-09-28T15:22:47.116+00:00,21038.138,RX,peer_observation,00118618,1,5,01 00 00 18 86
2026-09-28T15:22:47.118+00:00,21040.030,RX,peer_observation,103C0401,1,4,00 00 00 01
2026-09-28T15:22:47.118+00:00,21040.264,RX,peer_observation,103C0481,1,8,00 00 00 00 00 10 62 14
2026-09-28T15:22:47.121+00:00,21042.948,RX,peer_observation,00015D04,1,7,01 00 00 0F 03 04 5D
2026-09-28T15:22:47.121+00:00,21043.197,RX,peer_observation,00115D04,1,5,01 00 00 04 5D
2026-09-28T15:22:47.123+00:00,21044.935,RX,peer_observation,103C0401,1,4,00 00 00 01
2026-09-28T15:22:47.123+00:00,21045.219,RX,peer_observation,103C0481,1,8,00 00 00 00 00 10 62 14
2026-09-28T15:22:47.126+00:00,21048.093,RX,peer_observation,0001C7FB,1,7,01 00 00 0F 03 FB C7
2026-09-28T15:22:47.126+00:00,21048.193,RX,peer_observation,0011C7FB,1,5,01 00 00 FB C7
2026-09-28T15:22:47.128+00:00,21050.170,RX,peer_observation,103C0401,1,4,00 00 00 01
2026-09-28T15:22:47.128+00:00,21050.390,RX,peer_observation,103C0481,1,8,00 00 00 00 00 10 62 14
2026-09-28T15:22:47.131+00:00,21053.110,RX,peer_observation,0001C58C,1,7,01 00 00 0F 03 8C C5
2026-09-28T15:22:47.131+00:00,21053.209,RX,peer_observation,0011C58C,1,5,01 00 00 8C C5
2026-09-28T15:22:47.133+00:00,21055.249,RX,peer_observation,103C0401,1,4,00 00 00 01
2026-09-28T15:22:47.133+00:00,21055.531,RX,peer_observation,103C0481,1,8,00 00 00 00 00 10 63 14
2026-09-28T15:22:47.136+00:00,21058.129,RX,peer_observation,00010928,1,7,01 00 00 0F 03 28 09
2026-09-28T15:22:47.136+00:00,21058.250,RX,peer_observation,00110928,1,5,01 00 00 28 09
2026-09-28T15:22:47.138+00:00,21059.930,RX,peer_observation,103C0401,1,4,00 00 00 01
2026-09-28T15:22:47.138+00:00,21060.218,RX,peer_observation,103C0481,1,8,00 00 00 00 00 10 62 14
2026-09-28T15:22:47.141+00:00,21063.135,RX,peer_observation,000156DD,1,7,01 00 00 0F 03 DD 56
2026-09-28T15:22:47.141+00:00,21063.222,RX,peer_observation,001156DD,1,5,01 00 00 DD 56
2026-09-28T15:22:47.143+00:00,21065.135,RX,peer_observation,103C0401,1,4,00 00 00 01
2026-09-28T15:22:47.143+00:00,21065.278,RX,peer_observation,103C0481,1,8,00 00 00 00 00 10 62 14
2026-09-28T15:22:47.146+00:00,21067.959,RX,peer_observation,00013CBD,1,7,01 00 00 0F 03 BD 3C
2026-09-28T15:22:47.146+00:00,21068.218,RX,peer_observation,00113CBD,1,5,01 00 00 BD 3C
2026-09-28T15:22:47.148+00:00,21069.912,RX,peer_observation,103C0401,1,4,00 00 00 01
2026-09-28T15:22:47.148+00:00,21070.129,RX,peer_observation,103C0481,1,8,00 00 00 00 00 10 62 14
2026-09-28T15:22:47.151+00:00,21072.997,RX,peer_observation,000184F6,1,7,01 00 00 0F 03 F6 84
2026-09-28T15:22:47.151+00:00,21073.208,RX,peer_observation,001184F6,1,5,01 00 00 F6 84
2026-09-28T15:22:47.153+00:00,21074.898,RX,peer_observation,103C0401,1,4,00 00 00 01
2026-09-28T15:22:47.153+00:00,21075.084,RX,peer_observation,103C0481,1,8,00 00 00 00 00 10 63 14
2026-09-28T15:22:47.156+00:00,21077.992,RX,peer_observation,0001698E,1,7,01 00 00 0F 03 8E 69
2026-09-28T15:22:47.156+00:00,21078.216,RX,peer_observation,0011698E,1,5,01 00 00 8E 69
2026-09-28T15:22:47.158+00:00,21080.003,RX,peer_observation,103C0401,1,4,00 00 00 01
2026-09-28T15:22:47.158+00:00,21080.170,RX,peer_observation,103C0481,1,8,00 00 00 00 00 10 62 14
2026-09-28T15:22:47.161+00:00,21082.996,RX,peer_observation,00014581,1,7,01 00 00 0F 03 81 45
2026-09-28T15:22:47.161+00:00,21083.225,RX,peer_observation,00114581,1,5,01 00 00 81 45
2026-09-28T15:22:47.163+00:00,21085.013,RX,peer_observation,103C0401,1,4,00 00 00 01
2026-09-28T15:22:47.163+00:00,21085.170,RX,peer_observation,103C0481,1,8,00 00 00 00 00 10 62 14
2026-09-28T15:22:47.166+00:00,21087.953,RX,peer_observation,00012B1E,1,7,01 00 00 0F 03 1E 2B
2026-09-28T15:22:47.166+00:00,21088.183,RX,peer_observation,00112B1E,1,5,01 00 00 1E 2B
2026-09-28T15:22:47.168+00:00,21089.908,RX,peer_observation,103C0401,1,4,00 00 00 01
2026-09-28T15:22:47.168+00:00,21090.283,RX,peer_observation,103C0481,1,8,00 00 00 00 00 10 63 14
2026-09-28T15:22:47.171+00:00,21093.239,RX,peer_observation,0001A995,1,7,01 00 00 0F 03 95 A9
2026-09-28T15:22:47.171+00:00,21093.297,RX,peer_observation,0011A995,1,5,01 00 00 95 A9
2026-09-28T15:22:47.176+00:00,21098.138,RX,peer_observation,0001DDBE,1,7,01 00 00 0F 03 BE DD
2026-09-28T15:22:47.176+00:00,21098.196,RX,peer_observation,0011DDBE,1,5,01 00 00 BE DD
2026-09-28T15:22:47.181+00:00,21103.106,RX,peer_observation,00016467,1,7,01 00 00 0F 03 67 64
2026-09-28T15:22:47.181+00:00,21103.204,RX,peer_observation,00116467,1,5,01 00 00 67 64
2026-09-28T15:22:47.186+00:00,21108.064,RX,peer_observation,0001A0CC,1,7,01 00 00 0F 03 CC A0
2026-09-28T15:22:47.186+00:00,21108.137,RX,peer_observation,0011A0CC,1,5,01 00 00 CC A0
2026-09-28T15:22:47.191+00:00,21113.122,RX,peer_observation,00014387,1,7,01 00 00 0F 03 87 43
2026-09-28T15:22:47.191+00:00,21113.209,RX,peer_observation,00114387,1,5,01 00 00 87 43
2026-09-28T15:22:47.196+00:00,21117.952,RX,peer_observation,000141E3,1,7,01 00 00 0F 03 E3 41
2026-09-28T15:22:47.196+00:00,21118.220,RX,peer_observation,001141E3,1,5,01 00 00 E3 41
2026-09-28T15:22:47.201+00:00,21122.956,RX,peer_observation,0001C81E,1,7,01 00 00 0F 03 1E C8
2026-09-28T15:22:47.201+00:00,21123.234,RX,peer_observation,0011C81E,1,5,01 00 00 1E C8
2026-09-28T15:22:47.206+00:00,21127.976,RX,peer_observation,00011188,1,7,01 00 00 0F 03 88 11
2026-09-28T15:22:47.206+00:00,21128.242,RX,peer_observation,00111188,1,5,01 00 00 88 11
2026-09-28T15:22:47.211+00:00,21132.965,RX,peer_observation,0001054A,1,7,01 00 00 0F 03 4A 05
2026-09-28T15:22:47.211+00:00,21133.288,RX,peer_observation,0011054A,1,5,01 00 00 4A 05
2026-09-28T15:22:47.216+00:00,21137.968,RX,peer_observation,00012D8D,1,7,01 00 00 0F 03 8D 2D
2026-09-28T15:22:47.216+00:00,21138.254,RX,peer_observation,00112D8D,1,5,01 00 00 8D 2D
2026-09-28T15:22:47.221+00:00,21142.963,RX,peer_observation,0001C68D,1,7,01 00 00 0F 03 8D C6
2026-09-28T15:22:47.221+00:00,21143.231,RX,peer_observation,0011C68D,1,5,01 00 00 8D C6
2026-09-28T15:22:47.226+00:00,21147.943,RX,peer_observation,0001C73F,1,7,01 00 00 0F 03 3F C7
2026-09-28T15:22:47.226+00:00,21148.220,RX,peer_observation,0011C73F,1,5,01 00 00 3F C7
2026-09-28T15:22:47.231+00:00,21152.927,RX,peer_observation,000139E2,1,7,01 00 00 0F 03 E2 39
2026-09-28T15:22:47.231+00:00,21153.224,RX,peer_observation,001139E2,1,5,01 00 00 E2 39
2026-09-28T15:22:47.236+00:00,21157.892,RX,peer_observation,00010B27,1,7,01 00 00 0F 03 27 0B
2026-09-28T15:22:47.236+00:00,21158.131,RX,peer_observation,00110B27,1,5,01 00 00 27 0B
2026-09-28T15:22:47.241+00:00,21162.909,RX,peer_observation,00013BFC,1,7,01 00 00 0F 03 FC 3B
2026-09-28T15:22:47.241+00:00,21163.148,RX,peer_observation,00113BFC,1,5,01 00 00 FC 3B
2026-09-28T15:22:47.246+00:00,21167.883,RX,peer_observation,000179DA,1,7,01 00 00 0F 03 DA 79
2026-09-28T15:22:47.246+00:00,21168.145,RX,peer_observation,001179DA,1,5,01 00 00 DA 79
2026-09-28T15:22:47.251+00:00,21172.927,RX,peer_observation,000161BB,1,7,01 00 00 0F 03 BB 61
2026-09-28T15:22:47.251+00:00,21173.129,RX,peer_observation,001161BB,1,5,01 00 00 BB 61
2026-09-28T15:22:47.256+00:00,21177.931,RX,peer_observation,0001112E,1,7,01 00 00 0F 03 2E 11
2026-09-28T15:22:47.256+00:00,21178.107,RX,peer_observation,0011112E,1,5,01 00 00 2E 11
2026-09-28T15:22:47.261+00:00,21182.892,RX,peer_observation,0001D4D5,1,7,01 00 00 0F 03 D5 D4
2026-09-28T15:22:47.261+00:00,21183.161,RX,peer_observation,0011D4D5,1,5,01 00 00 D5 D4
2026-09-28T15:22:47.266+00:00,21187.890,RX,peer_observation,0001FAD4,1,7,01 00 00 0F 03 D4 FA
2026-09-28T15:22:47.266+00:00,21188.198,RX,peer_observation,0011FAD4,1,5,01 00 00 D4 FA
2026-09-28T15:22:47.271+00:00,21192.890,RX,peer_observation,00012E4E,1,7,01 00 00 0F 03 4E 2E
2026-09-28T15:22:47.271+00:00,21193.145,RX,peer_observation,00112E4E,1,5,01 00 00 4E 2E
2026-09-28T15:22:47.276+00:00,21197.916,RX,peer_observation,00017122,1,7,01 00 00 0F 03 22 71
2026-09-28T15:22:47.276+00:00,21198.159,RX,peer_observation,00117122,1,5,01 00 00 22 71
2026-09-28T15:22:47.281+00:00,21203.007,RX,peer_observation,0001682A,1,7,01 00 00 0F 03 2A 68
2026-09-28T15:22:47.281+00:00,21203.202,RX,peer_observation,0011682A,1,5,01 00 00 2A 68
2026-09-28T15:22:47.286+00:00,21207.997,RX,peer_observation,0001908F,1,7,01 00 00 0F 03 8F 90
2026-09-28T15:22:47.286+00:00,21208.233,RX,peer_observation,0011908F,1,5,01 00 00 8F 90
2026-09-28T15:22:47.291+00:00,21213.000,RX,peer_observation,00013085,1,7,01 00 00 0F 03 85 30
2026-09-28T15:22:47.291+00:00,21213.137,RX,peer_observation,00113085,1,5,01 00 00 85 30
2026-09-28T15:22:47.296+00:00,21217.964,RX,peer_observation,0001503A,1,7,01 00 00 0F 03 3A 50
2026-09-28T15:22:47.296+00:00,21218.249,RX,peer_observation,0011503A,1,5,01 00 00 3A 50
2026-09-28T15:22:47.301+00:00,21222.942,RX,peer_observation,00014EF5,1,7,01 00 00 0F 03 F5 4E
2026-09-28T15:22:47.301+00:00,21223.255,RX,peer_observation,00114EF5,1,5,01 00 00 F5 4E
2026-09-28T15:22:47.306+00:00,21227.926,RX,peer_observation,0001C166,1,7,01 00 00 0F 03 66 C1
2026-09-28T15:22:47.306+00:00,21228.303,RX,peer_observation,0011C166,1,5,01 00 00 66 C1
2026-09-28T15:22:47.311+00:00,21232.928,RX,peer_observation,0001C9DE,1,7,01 00 00 0F 03 DE C9
2026-09-28T15:22:47.311+00:00,21233.246,RX,peer_observation,0011C9DE,1,5,01 00 00 DE C9
2026-09-28T15:22:47.316+00:00,21237.968,RX,peer_observation,0001E1DA,1,7,01 00 00 0F 03 DA E1
2026-09-28T15:22:47.316+00:00,21238.275,RX,peer_observation,0011E1DA,1,5,01 00 00 DA E1
2026-09-28T15:22:47.321+00:00,21242.941,RX,peer_observation,00019022,1,7,01 00 00 0F 03 22 90
2026-09-28T15:22:47.321+00:00,21243.233,RX,peer_observation,00119022,1,5,01 00 00 22 90
2026-09-28T15:22:47.326+00:00,21247.942,RX,peer_observation,0001B682,1,7,01 00 00 0F 03 82 B6
2026-09-28T15:22:47.326+00:00,21248.351,RX,peer_observation,0011B682,1,5,01 00 00 82 B6
2026-09-28T15:22:47.331+00:00,21252.943,RX,peer_observation,0001DC52,1,7,01 00 00 0F 03 52 DC
2026-09-28T15:22:47.331+00:00,21253.151,RX,peer_observation,0011DC52,1,5,01 00 00 52 DC
2026-09-28T15:22:47.336+00:00,21257.880,RX,peer_observation,00016BC4,1,7,01 00 00 0F 03 C4 6B
2026-09-28T15:22:47.336+00:00,21258.242,RX,peer_observation,00116BC4,1,5,01 00 00 C4 6B
2026-09-28T15:22:47.341+00:00,21262.883,RX,peer_observation,0001654D,1,7,01 00 00 0F 03 4D 65
2026-09-28T15:22:47.341+00:00,21263.173,RX,peer_observation,0011654D,1,5,01 00 00 4D 65
2026-09-28T15:22:47.346+00:00,21267.931,RX,peer_observation,0001DA6C,1,7,01 00 00 0F 03 6C DA
2026-09-28T15:22:47.346+00:00,21268.133,RX,peer_observation,0011DA6C,1,5,01 00 00 6C DA
2026-09-28T15:22:47.351+00:00,21273.112,RX,peer_observation,0001B0F2,1,7,01 00 00 0F 03 F2 B0
2026-09-28T15:22:47.351+00:00,21273.173,RX,peer_observation,0011B0F2,1,5,01 00 00 F2 B0
2026-09-28T15:22:47.356+00:00,21277.962,RX,peer_observation,00016010,1,7,01 00 00 0F 03 10 60
2026-09-28T15:22:47.356+00:00,21278.187,RX,peer_observation,00116010,1,5,01 00 00 10 60
2026-09-28T15:22:47.361+00:00,21282.950,RX,peer_observation,0001584A,1,7,01 00 00 0F 03 4A 58
2026-09-28T15:22:47.361+00:00,21283.155,RX,peer_observation,0011584A,1,5,01 00 00 4A 58
2026-09-28T15:22:47.366+00:00,21287.957,RX,peer_observation,00017366,1,7,01 00 00 0F 03 66 73
2026-09-28T15:22:47.366+00:00,21288.159,RX,peer_observation,00117366,1,5,01 00 00 66 73
2026-09-28T15:22:47.371+00:00,21292.881,RX,peer_observation,0001B955,1,7,01 00 00 0F 03 55 B9
2026-09-28T15:22:47.371+00:00,21293.115,RX,peer_observation,0011B955,1,5,01 00 00 55 B9
2026-09-28T15:22:47.376+00:00,21297.980,RX,peer_observation,00017CDC,1,7,01 00 00 0F 03 DC 7C
2026-09-28T15:22:47.376+00:00,21298.147,RX,peer_observation,00117CDC,1,5,01 00 00 DC 7C
2026-09-28T15:22:47.381+00:00,21302.937,RX,peer_observation,0001BD68,1,7,01 00 00 0F 03 68 BD
2026-09-28T15:22:47.381+00:00,21303.202,RX,peer_observation,0011BD68,1,5,01 00 00 68 BD
2026-09-28T15:22:47.386+00:00,21307.965,RX,peer_observation,00011D78,1,7,01 00 00 0F 03 78 1D
2026-09-28T15:22:47.386+00:00,21308.151,RX,peer_observation,00111D78,1,5,01 00 00 78 1D
2026-09-28T15:22:47.391+00:00,21312.962,RX,peer_observation,00016FB5,1,7,01 00 00 0F 03 B5 6F
2026-09-28T15:22:47.391+00:00,21313.311,RX,peer_observation,00116FB5,1,5,01 00 00 B5 6F
2026-09-28T15:22:47.396+00:00,21318.094,RX,peer_observation,0001B5C3,1,7,01 00 00 0F 03 C3 B5
2026-09-28T15:22:47.396+00:00,21318.157,RX,peer_observation,0011B5C3,1,5,01 00 00 C3 B5
2026-09-28T15:22:47.401+00:00,21323.015,RX,peer_observation,0001E274,1,7,01 00 00 0F 03 74 E2
2026-09-28T15:22:47.401+00:00,21323.123,RX,peer_observation,0011E274,1,5,01 00 00 74 E2
2026-09-28T15:22:47.406+00:00,21327.998,RX,peer_observation,00017C4C,1,7,01 00 00 0F 03 4C 7C
2026-09-28T15:22:47.406+00:00,21328.172,RX,peer_observation,00117C4C,1,5,01 00 00 4C 7C
2026-09-28T15:22:47.411+00:00,21333.008,RX,peer_observation,000111D2,1,7,01 00 00 0F 03 D2 11
2026-09-28T15:22:47.411+00:00,21333.142,RX,peer_observation,001111D2,1,5,01 00 00 D2 11
2026-09-28T15:22:47.416+00:00,21338.015,RX,peer_observation,00016B0E,1,7,01 00 00 0F 03 0E 6B
2026-09-28T15:22:47.416+00:00,21338.259,RX,peer_observation,00116B0E,1,5,01 00 00 0E 6B
2026-09-28T15:22:47.421+00:00,21342.962,RX,peer_observation,00016E7F,1,7,01 00 00 0F 03 7F 6E
2026-09-28T15:22:47.421+00:00,21343.093,RX,peer_observation,00116E7F,1,5,01 00 00 7F 6E
2026-09-28T15:22:47.426+00:00,21348.017,RX,peer_observation,0001A8B9,1,7,01 00 00 0F 03 B9 A8
2026-09-28T15:22:47.426+00:00,21348.120,RX,peer_observation,0011A8B9,1,5,01 00 00 B9 A8
2026-09-28T15:22:47.431+00:00,21352.921,RX,peer_observation,0001829D,1,7,01 00 00 0F 03 9D 82
2026-09-28T15:22:47.431+00:00,21353.140,RX,peer_observation,0011829D,1,5,01 00 00 9D 82
2026-09-28T15:22:47.436+00:00,21357.952,RX,peer_observation,000152AC,1,7,01 00 00 0F 03 AC 52
2026-09-28T15:22:47.436+00:00,21358.053,RX,peer_observation,001152AC,1,5,01 00 00 AC 52
2026-09-28T15:22:47.441+00:00,21362.970,RX,peer_observation,0001AE5F,1,7,01 00 00 0F 03 5F AE
2026-09-28T15:22:47.441+00:00,21363.191,RX,peer_observation,0011AE5F,1,5,01 00 00 5F AE
2026-09-28T15:22:47.446+00:00,21367.877,RX,peer_observation,0001CE20,1,7,01 00 00 0F 03 20 CE
2026-09-28T15:22:47.446+00:00,21368.119,RX,peer_observation,0011CE20,1,5,01 00 00 20 CE
2026-09-28T15:22:47.451+00:00,21372.857,RX,peer_observation,00011694,1,7,01 00 00 0F 03 94 16
2026-09-28T15:22:47.451+00:00,21373.101,RX,peer_observation,00111694,1,5,01 00 00 94 16
2026-09-28T15:22:47.456+00:00,21377.901,RX,peer_observation,0001B2E1,1,7,01 00 00 0F 03 E1 B2
2026-09-28T15:22:47.456+00:00,21378.177,RX,peer_observation,0011B2E1,1,5,01 00 00 E1 B2
2026-09-28T15:22:47.461+00:00,21382.921,RX,peer_observation,0001EDF6,1,7,01 00 00 0F 03 F6 ED
2026-09-28T15:22:47.461+00:00,21383.196,RX,peer_observation,0011EDF6,1,5,01 00 00 F6 ED
2026-09-28T15:22:47.466+00:00,21387.904,RX,peer_observation,0001BB7A,1,7,01 00 00 0F 03 7A BB
2026-09-28T15:22:47.466+00:00,21388.189,RX,peer_observation,0011BB7A,1,5,01 00 00 7A BB
2026-09-28T15:22:47.471+00:00,21392.922,RX,peer_observation,00015AED,1,7,01 00 00 0F 03 ED 5A
2026-09-28T15:22:47.471+00:00,21393.107,RX,peer_observation,00115AED,1,5,01 00 00 ED 5A
2026-09-28T15:22:47.476+00:00,21397.903,RX,peer_observation,000152C0,1,7,01 00 00 0F 03 C0 52
2026-09-28T15:22:47.476+00:00,21398.285,RX,peer_observation,001152C0,1,5,01 00 00 C0 52
2026-09-28T15:22:47.481+00:00,21402.871,RX,peer_observation,0001BE34,1,7,01 00 00 0F 03 34 BE
2026-09-28T15:22:47.481+00:00,21403.171,RX,peer_observation,0011BE34,1,5,01 00 00 34 BE
2026-09-28T15:22:47.486+00:00,21407.975,RX,peer_observation,0001742C,1,7,01 00 00 0F 03 2C 74
2026-09-28T15:22:47.486+00:00,21408.217,RX,peer_observation,0011742C,1,5,01 00 00 2C 74
2026-09-28T15:22:47.491+00:00,21413.158,RX,peer_observation,0001EF75,1,7,01 00 00 0F 03 75 EF
2026-09-28T15:22:47.491+00:00,21413.235,RX,peer_observation,0011EF75,1,5,01 00 00 75 EF
2026-09-28T15:22:47.496+00:00,21418.014,RX,peer_observation,00019059,1,7,01 00 00 0F 03 59 90
2026-09-28T15:22:47.496+00:00,21418.108,RX,peer_observation,00119059,1,5,01 00 00 59 90
2026-09-28T15:22:47.501+00:00,21423.119,RX,peer_observation,00013BDD,1,7,01 00 00 0F 03 DD 3B
2026-09-28T15:22:47.501+00:00,21423.184,RX,peer_observation,00113BDD,1,5,01 00 00 DD 3B
2026-09-28T15:22:47.506+00:00,21428.117,RX,peer_observation,0001C8A1,1,7,01 00 00 0F 03 A1 C8
2026-09-28T15:22:47.506+00:00,21428.178,RX,peer_observation,0011C8A1,1,5,01 00 00 A1 C8
2026-09-28T15:22:47.511+00:00,21433.048,RX,peer_observation,00015736,1,7,01 00 00 0F 03 36 57
2026-09-28T15:22:47.511+00:00,21433.114,RX,peer_observation,00115736,1,5,01 00 00 36 57
2026-09-28T15:22:47.516+00:00,21438.111,RX,peer_observation,000184B1,1,7,01 00 00 0F 03 B1 84
2026-09-28T15:22:47.516+00:00,21438.184,RX,peer_observation,001184B1,1,5,01 00 00 B1 84
2026-09-28T15:22:47.521+00:00,21442.911,RX,peer_observation,0001770A,1,7,01 00 00 0F 03 0A 77
2026-09-28T15:22:47.521+00:00,21443.153,RX,peer_observation,0011770A,1,5,01 00 00 0A 77
2026-09-28T15:22:47.526+00:00,21447.920,RX,peer_observation,0001CA94,1,7,01 00 00 0F 03 94 CA
2026-09-28T15:22:47.526+00:00,21448.159,RX,peer_observation,0011CA94,1,5,01 00 00 94 CA
2026-09-28T15:22:47.531+00:00,21452.906,RX,peer_observation,0001B7DA,1,7,01 00 00 0F 03 DA B7
2026-09-28T15:22:47.531+00:00,21453.151,RX,peer_observation,0011B7DA,1,5,01 00 00 DA B7
2026-09-28T15:22:47.536+00:00,21457.904,RX,peer_observation,0001F175,1,7,01 00 00 0F 03 75 F1
2026-09-28T15:22:47.536+00:00,21458.147,RX,peer_observation,0011F175,1,5,01 00 00 75 F1
2026-09-28T15:22:47.541+00:00,21462.914,RX,peer_observation,0001B370,1,7,01 00 00 0F 03 70 B3
2026-09-28T15:22:47.541+00:00,21463.154,RX,peer_observation,0011B370,1,5,01 00 00 70 B3
2026-09-28T15:22:47.546+00:00,21467.912,RX,peer_observation,00017930,1,7,01 00 00 0F 03 30 79
2026-09-28T15:22:47.546+00:00,21468.124,RX,peer_observation,00117930,1,5,01 00 00 30 79
2026-09-28T15:22:47.551+00:00,21473.096,RX,peer_observation,0001C3D2,1,7,01 00 00 0F 03 D2 C3
2026-09-28T15:22:47.551+00:00,21473.185,RX,peer_observation,0011C3D2,1,5,01 00 00 D2 C3
2026-09-28T15:22:47.556+00:00,21478.130,RX,peer_observation,00016C6D,1,7,01 00 00 0F 03 6D 6C
2026-09-28T15:22:47.556+00:00,21478.221,RX,peer_observation,00116C6D,1,5,01 00 00 6D 6C
2026-09-28T15:22:47.561+00:00,21483.129,RX,peer_observation,0001B562,1,7,01 00 00 0F 03 62 B5
2026-09-28T15:22:47.561+00:00,21483.210,RX,peer_observation,0011B562,1,5,01 00 00 62 B5
2026-09-28T15:22:47.566+00:00,21488.091,RX,peer_observation,000140D9,1,7,01 00 00 0F 03 D9 40
2026-09-28T15:22:47.566+00:00,21488.144,RX,peer_observation,001140D9,1,5,01 00 00 D9 40
2026-09-28T15:22:47.571+00:00,21492.899,RX,peer_observation,00017335,1,7,01 00 00 0F 03 35 73
2026-09-28T15:22:47.571+00:00,21493.144,RX,peer_observation,00117335,1,5,01 00 00 35 73
2026-09-28T15:22:47.576+00:00,21498.018,RX,peer_observation,000168B2,1,7,01 00 00 0F 03 B2 68
2026-09-28T15:22:47.576+00:00,21498.108,RX,peer_observation,001168B2,1,5,01 00 00 B2 68
2026-09-28T15:22:47.581+00:00,21502.900,RX,peer_observation,00012797,1,7,01 00 00 0F 03 97 27
2026-09-28T15:22:47.581+00:00,21503.160,RX,peer_observation,00112797,1,5,01 00 00 97 27
2026-09-28T15:22:47.586+00:00,21507.909,RX,peer_observation,00019EC7,1,7,01 00 00 0F 03 C7 9E
2026-09-28T15:22:47.586+00:00,21508.148,RX,peer_observation,00119EC7,1,5,01 00 00 C7 9E
2026-09-28T15:22:47.591+00:00,21512.979,RX,peer_observation,0001DF68,1,7,01 00 00 0F 03 68 DF
2026-09-28T15:22:47.591+00:00,21513.077,RX,peer_observation,0011DF68,1,5,01 00 00 68 DF
2026-09-28T15:22:47.596+00:00,21518.149,RX,peer_observation,0001419E,1,7,01 00 00 0F 03 9E 41
2026-09-28T15:22:47.596+00:00,21518.231,RX,peer_observation,0011419E,1,5,01 00 00 9E 41
2026-09-28T15:22:47.601+00:00,21523.116,RX,peer_observation,0001C9AB,1,7,01 00 00 0F 03 AB C9
2026-09-28T15:22:47.601+00:00,21523.207,RX,peer_observation,0011C9AB,1,5,01 00 00 AB C9
2026-09-28T15:22:47.606+00:00,21528.133,RX,peer_observation,00018C57,1,7,01 00 00 0F 03 57 8C
2026-09-28T15:22:47.606+00:00,21528.215,RX,peer_observation,00118C57,1,5,01 00 00 57 8C
2026-09-28T15:22:47.611+00:00,21533.091,RX,peer_observation,00011181,1,7,01 00 00 0F 03 81 11
2026-09-28T15:22:47.611+00:00,21533.165,RX,peer_observation,00111181,1,5,01 00 00 81 11
2026-09-28T15:22:47.616+00:00,21538.132,RX,peer_observation,00014786,1,7,01 00 00 0F 03 86 47
2026-09-28T15:22:47.616+00:00,21538.226,RX,peer_observation,00114786,1,5,01 00 00 86 47
2026-09-28T15:22:47.621+00:00,21543.164,RX,peer_observation,0001DF67,1,7,01 00 00 0F 03 67 DF
2026-09-28T15:22:47.621+00:00,21543.240,RX,peer_observation,0011DF67,1,5,01 00 00 67 DF
2026-09-28T15:22:47.626+00:00,21548.161,RX,peer_observation,00013E1F,1,7,01 00 00 0F 03 1F 3E
2026-09-28T15:22:47.626+00:00,21548.242,RX,peer_observation,00113E1F,1,5,01 00 00 1F 3E
2026-09-28T15:22:47.631+00:00,21553.117,RX,peer_observation,0001DB6B,1,7,01 00 00 0F 03 6B DB
2026-09-28T15:22:47.631+00:00,21553.212,RX,peer_observation,0011DB6B,1,5,01 00 00 6B DB
2026-09-28T15:22:47.636+00:00,21558.136,RX,peer_observation,0001DA29,1,7,01 00 00 0F 03 29 DA
2026-09-28T15:22:47.636+00:00,21558.218,RX,peer_observation,0011DA29,1,5,01 00 00 29 DA
2026-09-28T15:22:47.641+00:00,21563.036,RX,peer_observation,000164BF,1,7,01 00 00 0F 03 BF 64
2026-09-28T15:22:47.641+00:00,21563.128,RX,peer_observation,001164BF,1,5,01 00 00 BF 64
2026-09-28T15:22:47.646+00:00,21567.884,RX,peer_observation,00018AC6,1,7,01 00 00 0F 03 C6 8A
2026-09-28T15:22:47.646+00:00,21568.126,RX,peer_observation,00118AC6,1,5,01 00 00 C6 8A
2026-09-28T15:22:47.651+00:00,21572.919,RX,peer_observation,000187C9,1,7,01 00 00 0F 03 C9 87
2026-09-28T15:22:47.651+00:00,21573.138,RX,peer_observation,001187C9,1,5,01 00 00 C9 87
2026-09-28T15:22:47.656+00:00,21577.978,RX,peer_observation,000174E5,1,7,01 00 00 0F 03 E5 74
2026-09-28T15:22:47.656+00:00,21578.156,RX,peer_observation,001174E5,1,5,01 00 00 E5 74
2026-09-28T15:22:47.661+00:00,21582.921,RX,peer_observation,0001869F,1,7,01 00 00 0F 03 9F 86
2026-09-28T15:22:47.661+00:00,21583.099,RX,peer_observation,0011869F,1,5,01 00 00 9F 86
2026-09-28T15:22:47.666+00:00,21587.941,RX,peer_observation,00018D91,1,7,01 00 00 0F 03 91 8D
2026-09-28T15:22:47.666+00:00,21588.070,RX,peer_observation,00118D91,1,5,01 00 00 91 8D
2026-09-28T15:22:47.671+00:00,21593.038,RX,peer_observation,0001CC9B,1,7,01 00 00 0F 03 9B CC
2026-09-28T15:22:47.671+00:00,21593.114,RX,peer_observation,0011CC9B,1,5,01 00 00 9B CC
2026-09-28T15:22:47.676+00:00,21598.050,RX,peer_observation,0001C8AF,1,7,01 00 00 0F 03 AF C8
2026-09-28T15:22:47.676+00:00,21598.154,RX,peer_observation,0011C8AF,1,5,01 00 00 AF C8
2026-09-28T15:22:47.681+00:00,21603.103,RX,peer_observation,0001B865,1,7,01 00 00 0F 03 65 B8
2026-09-28T15:22:47.681+00:00,21603.191,RX,peer_observation,0011B865,1,5,01 00 00 65 B8
2026-09-28T15:22:47.686+00:00,21608.111,RX,peer_observation,00013CBC,1,7,01 00 00 0F 03 BC 3C
2026-09-28T15:22:47.686+00:00,21608.208,RX,peer_observation,00113CBC,1,5,01 00 00 BC 3C
2026-09-28T15:22:47.691+00:00,21613.053,RX,peer_observation,00019CA1,1,7,01 00 00 0F 03 A1 9C
2026-09-28T15:22:47.691+00:00,21613.118,RX,peer_observation,00119CA1,1,5,01 00 00 A1 9C
2026-09-28T15:22:47.696+00:00,21618.028,RX,peer_observation,0001AFC0,1,7,01 00 00 0F 03 C0 AF
2026-09-28T15:22:47.696+00:00,21618.116,RX,peer_observation,0011AFC0,1,5,01 00 00 C0 AF
2026-09-28T15:22:47.701+00:00,21623.042,RX,peer_observation,0001422C,1,7,01 00 00 0F 03 2C 42
2026-09-28T15:22:47.701+00:00,21623.128,RX,peer_observation,0011422C,1,5,01 00 00 2C 42
2026-09-28T15:22:47.706+00:00,21627.920,RX,peer_observation,0001F38D,1,7,01 00 00 0F 03 8D F3
2026-09-28T15:22:47.706+00:00,21628.201,RX,peer_observation,0011F38D,1,5,01 00 00 8D F3
2026-09-28T15:22:47.711+00:00,21633.031,RX,peer_observation,0001D382,1,7,01 00 00 0F 03 82 D3
2026-09-28T15:22:47.711+00:00,21633.140,RX,peer_observation,0011D382,1,5,01 00 00 82 D3
2026-09-28T15:22:47.716+00:00,21637.961,RX,peer_observation,0001530E,1,7,01 00 00 0F 03 0E 53
2026-09-28T15:22:47.716+00:00,21638.191,RX,peer_observation,0011530E,1,5,01 00 00 0E 53
2026-09-28T15:22:47.721+00:00,21642.982,RX,peer_observation,00015FCD,1,7,01 00 00 0F 03 CD 5F
2026-09-28T15:22:47.721+00:00,21643.060,RX,peer_observation,00115FCD,1,5,01 00 00 CD 5F
2026-09-28T15:22:47.726+00:00,21647.951,RX,peer_observation,0001EC29,1,7,01 00 00 0F 03 29 EC
2026-09-28T15:22:47.726+00:00,21648.064,RX,peer_observation,0011EC29,1,5,01 00 00 29 EC
2026-09-28T15:22:47.731+00:00,21652.900,RX,peer_observation,000120AB,1,7,01 00 00 0F 03 AB 20
2026-09-28T15:22:47.731+00:00,21653.149,RX,peer_observation,001120AB,1,5,01 00 00 AB 20
2026-09-28T15:22:47.736+00:00,21657.888,RX,peer_observation,00013981,1,7,01 00 00 0F 03 81 39
2026-09-28T15:22:47.736+00:00,21658.144,RX,peer_observation,00113981,1,5,01 00 00 81 39
2026-09-28T15:22:47.741+00:00,21663.026,RX,peer_observation,0001A4A5,1,7,01 00 00 0F 03 A5 A4
2026-09-28T15:22:47.741+00:00,21663.083,RX,peer_observation,0011A4A5,1,5,01 00 00 A5 A4
2026-09-28T15:22:47.746+00:00,21668.065,RX,peer_observation,0001FD24,1,7,01 00 00 0F 03 24 FD
2026-09-28T15:22:47.746+00:00,21668.121,RX,peer_observation,0011FD24,1,5,01 00 00 24 FD
2026-09-28T15:22:47.751+00:00,21673.070,RX,peer_observation,0001DCF8,1,7,01 00 00 0F 03 F8 DC
2026-09-28T15:22:47.751+00:00,21673.126,RX,peer_observation,0011DCF8,1,5,01 00 00 F8 DC
2026-09-28T15:22:47.756+00:00,21678.063,RX,peer_observation,000160E1,1,7,01 00 00 0F 03 E1 60
2026-09-28T15:22:47.756+00:00,21678.120,RX,peer_observation,001160E1,1,5,01 00 00 E1 60
2026-09-28T15:22:47.761+00:00,21683.062,RX,peer_observation,00015C17,1,7,01 00 00 0F 03 17 5C
2026-09-28T15:22:47.761+00:00,21683.119,RX,peer_observation,00115C17,1,5,01 00 00 17 5C
2026-09-28T15:22:47.766+00:00,21688.041,RX,peer_observation,0001FED9,1,7,01 00 00 0F 03 D9 FE
2026-09-28T15:22:47.766+00:00,21688.107,RX,peer_observation,0011FED9,1,5,01 00 00 D9 FE
2026-09-28T15:22:47.771+00:00,21692.999,RX,peer_observation,0001CB14,1,7,01 00 00 0F 03 14 CB
2026-09-28T15:22:47.771+00:00,21693.239,RX,peer_observation,0011CB14,1,5,01 00 00 14 CB
2026-09-28T15:22:47.776+00:00,21697.916,RX,peer_observation,00012C90,1,7,01 00 00 0F 03 90 2C
2026-09-28T15:22:47.776+00:00,21698.170,RX,peer_observation,00112C90,1,5,01 00 00 90 2C
2026-09-28T15:22:47.781+00:00,21702.975,RX,peer_observation,0001B6D0,1,7,01 00 00 0F 03 D0 B6
2026-09-28T15:22:47.781+00:00,21703.221,RX,peer_observation,0011B6D0,1,5,01 00 00 D0 B6
2026-09-28T15:22:47.786+00:00,21707.951,RX,peer_observation,0001707F,1,7,01 00 00 0F 03 7F 70
2026-09-28T15:22:47.786+00:00,21708.084,RX,peer_observation,0011707F,1,5,01 00 00 7F 70
2026-09-28T15:22:47.791+00:00,21712.957,RX,peer_observation,0001E29F,1,7,01 00 00 0F 03 9F E2
2026-09-28T15:22:47.791+00:00,21713.201,RX,peer_observation,0011E29F,1,5,01 00 00 9F E2
2026-09-28T15:22:47.796+00:00,21718.131,RX,peer_observation,000199FC,1,7,01 00 00 0F 03 FC 99
2026-09-28T15:22:47.796+00:00,21718.254,RX,peer_observation,001199FC,1,5,01 00 00 FC 99
2026-09-28T15:22:47.801+00:00,21723.005,RX,peer_observation,000130CC,1,7,01 00 00 0F 03 CC 30
2026-09-28T15:22:47.801+00:00,21723.081,RX,peer_observation,001130CC,1,5,01 00 00 CC 30
2026-09-28T15:22:47.806+00:00,21727.968,RX,peer_observation,00010CF6,1,7,01 00 00 0F 03 F6 0C
2026-09-28T15:22:47.806+00:00,21728.056,RX,peer_observation,00110CF6,1,5,01 00 00 F6 0C
2026-09-28T15:22:47.811+00:00,21733.067,RX,peer_observation,00013A14,1,7,01 00 00 0F 03 14 3A
2026-09-28T15:22:47.811+00:00,21733.123,RX,peer_observation,00113A14,1,5,01 00 00 14 3A
2026-09-28T15:22:47.816+00:00,21738.061,RX,peer_observation,00013AD1,1,7,01 00 00 0F 03 D1 3A
2026-09-28T15:22:47.816+00:00,21738.132,RX,peer_observation,00113AD1,1,5,01 00 00 D1 3A
2026-09-28T15:22:47.821+00:00,21743.021,RX,peer_observation,0001E01B,1,7,01 00 00 0F 03 1B E0
2026-09-28T15:22:47.821+00:00,21743.098,RX,peer_observation,0011E01B,1,5,01 00 00 1B E0
2026-09-28T15:22:47.826+00:00,21748.079,RX,peer_observation,00014B65,1,7,01 00 00 0F 03 65 4B
2026-09-28T15:22:47.826+00:00,21748.135,RX,peer_observation,00114B65,1,5,01 00 00 65 4B
2026-09-28T15:22:47.831+00:00,21752.936,RX,peer_observation,0001BF68,1,7,01 00 00 0F 03 68 BF
2026-09-28T15:22:47.831+00:00,21753.080,RX,peer_observation,0011BF68,1,5,01 00 00 68 BF
2026-09-28T15:22:47.836+00:00,21758.044,RX,peer_observation,00014CF1,1,7,01 00 00 0F 03 F1 4C
2026-09-28T15:22:47.836+00:00,21758.101,RX,peer_observation,00114CF1,1,5,01 00 00 F1 4C
2026-09-28T15:22:47.841+00:00,21762.999,RX,peer_observation,0001C463,1,7,01 00 00 0F 03 63 C4
2026-09-28T15:22:47.841+00:00,21763.076,RX,peer_observation,0011C463,1,5,01 00 00 63 C4
2026-09-28T15:22:47.846+00:00,21768.040,RX,peer_observation,0001EF84,1,7,01 00 00 0F 03 84 EF
2026-09-28T15:22:47.846+00:00,21768.097,RX,peer_observation,0011EF84,1,5,01 00 00 84 EF
2026-09-28T15:22:47.851+00:00,21773.016,RX,peer_observation,00010F72,1,7,01 00 00 0F 03 72 0F
2026-09-28T15:22:47.851+00:00,21773.083,RX,peer_observation,00110F72,1,5,01 00 00 72 0F
2026-09-28T15:22:47.856+00:00,21778.023,RX,peer_observation,0001C824,1,7,01 00 00 0F 03 24 C8
2026-09-28T15:22:47.856+00:00,21778.170,RX,peer_observation,0011C824,1,5,01 00 00 24 C8
2026-09-28T15:22:47.861+00:00,21782.988,RX,peer_observation,00010F24,1,7,01 00 00 0F 03 24 0F
2026-09-28T15:22:47.861+00:00,21783.081,RX,peer_observation,00110F24,1,5,01 00 00 24 0F
2026-09-28T15:22:47.866+00:00,21788.054,RX,peer_observation,0001A9B9,1,7,01 00 00 0F 03 B9 A9
2026-09-28T15:22:47.866+00:00,21788.124,RX,peer_observation,0011A9B9,1,5,01 00 00 B9 A9
2026-09-28T15:22:47.871+00:00,21793.036,RX,peer_observation,0001400D,1,7,01 00 00 0F 03 0D 40
2026-09-28T15:22:47.871+00:00,21793.093,RX,peer_observation,0011400D,1,5,01 00 00 0D 40
2026-09-28T15:22:47.876+00:00,21797.878,RX,peer_observation,0001798E,1,7,01 00 00 0F 03 8E 79
2026-09-28T15:22:47.876+00:00,21798.125,RX,peer_observation,0011798E,1,5,01 00 00 8E 79
2026-09-28T15:22:47.881+00:00,21802.885,RX,peer_observation,000170BD,1,7,01 00 00 0F 03 BD 70
2026-09-28T15:22:47.881+00:00,21803.124,RX,peer_observation,001170BD,1,5,01 00 00 BD 70
2026-09-28T15:22:47.886+00:00,21807.859,RX,peer_observation,000196E4,1,7,01 00 00 0F 03 E4 96
2026-09-28T15:22:47.886+00:00,21808.105,RX,peer_observation,001196E4,1,5,01 00 00 E4 96
2026-09-28T15:22:47.891+00:00,21813.041,RX,peer_observation,0001C4FD,1,7,01 00 00 0F 03 FD C4
2026-09-28T15:22:47.891+00:00,21813.099,RX,peer_observation,0011C4FD,1,5,01 00 00 FD C4
2026-09-28T15:22:47.896+00:00,21818.105,RX,peer_observation,0001F4E3,1,7,01 00 00 0F 03 E3 F4
2026-09-28T15:22:47.896+00:00,21818.183,RX,peer_observation,0011F4E3,1,5,01 00 00 E3 F4
2026-09-28T15:22:47.901+00:00,21823.034,RX,peer_observation,00018A31,1,7,01 00 00 0F 03 31 8A
2026-09-28T15:22:47.901+00:00,21823.091,RX,peer_observation,00118A31,1,5,01 00 00 31 8A
2026-09-28T15:22:47.906+00:00,21828.053,RX,peer_observation,0001DFF9,1,7,01 00 00 0F 03 F9 DF
2026-09-28T15:22:47.906+00:00,21828.140,RX,peer_observation,0011DFF9,1,5,01 00 00 F9 DF
2026-09-28T15:22:47.911+00:00,21833.039,RX,peer_observation,00012794,1,7,01 00 00 0F 03 94 27
2026-09-28T15:22:47.911+00:00,21833.096,RX,peer_observation,00112794,1,5,01 00 00 94 27
2026-09-28T15:22:47.916+00:00,21838.061,RX,peer_observation,0001D35C,1,7,01 00 00 0F 03 5C D3
2026-09-28T15:22:47.916+00:00,21838.139,RX,peer_observation,0011D35C,1,5,01 00 00 5C D3
2026-09-28T15:22:47.921+00:00,21843.040,RX,peer_observation,000107A9,1,7,01 00 00 0F 03 A9 07
2026-09-28T15:22:47.921+00:00,21843.096,RX,peer_observation,001107A9,1,5,01 00 00 A9 07
2026-09-28T15:22:47.926+00:00,21848.115,RX,peer_observation,00013551,1,7,01 00 00 0F 03 51 35
2026-09-28T15:22:47.926+00:00,21848.192,RX,peer_observation,00113551,1,5,01 00 00 51 35
2026-09-28T15:22:47.931+00:00,21852.992,RX,peer_observation,0001D914,1,7,01 00 00 0F 03 14 D9
2026-09-28T15:22:47.931+00:00,21853.067,RX,peer_observation,0011D914,1,5,01 00 00 14 D9
2026-09-28T15:22:47.936+00:00,21858.107,RX,peer_observation,00018868,1,7,01 00 00 0F 03 68 88
2026-09-28T15:22:47.936+00:00,21858.200,RX,peer_observation,00118868,1,5,01 00 00 68 88
2026-09-28T15:22:47.941+00:00,21863.042,RX,peer_observation,00011BB9,1,7,01 00 00 0F 03 B9 1B
2026-09-28T15:22:47.941+00:00,21863.099,RX,peer_observation,00111BB9,1,5,01 00 00 B9 1B
2026-09-28T15:22:47.946+00:00,21867.855,RX,peer_observation,000175C0,1,7,01 00 00 0F 03 C0 75
2026-09-28T15:22:47.946+00:00,21868.093,RX,peer_observation,001175C0,1,5,01 00 00 C0 75
2026-09-28T15:22:47.951+00:00,21872.873,RX,peer_observation,00011FD2,1,7,01 00 00 0F 03 D2 1F
2026-09-28T15:22:47.951+00:00,21873.128,RX,peer_observation,00111FD2,1,5,01 00 00 D2 1F
2026-09-28T15:22:47.956+00:00,21877.828,RX,peer_observation,0001B022,1,7,01 00 00 0F 03 22 B0
2026-09-28T15:22:47.956+00:00,21878.062,RX,peer_observation,0011B022,1,5,01 00 00 22 B0
2026-09-28T15:22:47.961+00:00,21882.833,RX,peer_observation,0001BB62,1,7,01 00 00 0F 03 62 BB
2026-09-28T15:22:47.961+00:00,21883.058,RX,peer_observation,0011BB62,1,5,01 00 00 62 BB
2026-09-28T15:22:47.966+00:00,21887.853,RX,peer_observation,00012966,1,7,01 00 00 0F 03 66 29
2026-09-28T15:22:47.966+00:00,21888.098,RX,peer_observation,00112966,1,5,01 00 00 66 29
2026-09-28T15:22:47.971+00:00,21893.032,RX,peer_observation,0001B31F,1,7,01 00 00 0F 03 1F B3
2026-09-28T15:22:47.971+00:00,21893.146,RX,peer_observation,0011B31F,1,5,01 00 00 1F B3
2026-09-28T15:22:47.976+00:00,21898.078,RX,peer_observation,0001FB84,1,7,01 00 00 0F 03 84 FB
2026-09-28T15:22:47.976+00:00,21898.152,RX,peer_observation,0011FB84,1,5,01 00 00 84 FB
2026-09-28T15:22:47.981+00:00,21902.812,RX,peer_observation,0001F2D9,1,7,01 00 00 0F 03 D9 F2
2026-09-28T15:22:47.981+00:00,21903.155,RX,peer_observation,0011F2D9,1,5,01 00 00 D9 F2
2026-09-28T15:22:47.986+00:00,21907.831,RX,peer_observation,00011C45,1,7,01 00 00 0F 03 45 1C
2026-09-28T15:22:47.986+00:00,21908.110,RX,peer_observation,00111C45,1,5,01 00 00 45 1C
2026-09-28T15:22:47.991+00:00,21912.817,RX,peer_observation,0001C5E6,1,7,01 00 00 0F 03 E6 C5
2026-09-28T15:22:47.991+00:00,21913.079,RX,peer_observation,0011C5E6,1,5,01 00 00 E6 C5
2026-09-28T15:22:47.996+00:00,21917.822,RX,peer_observation,00013260,1,7,01 00 00 0F 03 60 32
2026-09-28T15:22:47.996+00:00,21918.067,RX,peer_observation,00113260,1,5,01 00 00 60 32
2026-09-28T15:22:48.001+00:00,21922.947,RX,peer_observation,0001370C,1,7,01 00 00 0F 03 0C 37
2026-09-28T15:22:48.001+00:00,21923.007,RX,peer_observation,0011370C,1,5,01 00 00 0C 37
2026-09-28T15:22:48.006+00:00,21927.839,RX,peer_observation,0001F896,1,7,01 00 00 0F 03 96 F8
2026-09-28T15:22:48.006+00:00,21928.081,RX,peer_observation,0011F896,1,5,01 00 00 96 F8
2026-09-28T15:22:48.011+00:00,21932.808,RX,peer_observation,0001A414,1,7,01 00 00 0F 03 14 A4
2026-09-28T15:22:48.011+00:00,21933.046,RX,peer_observation,0011A414,1,5,01 00 00 14 A4
2026-09-28T15:22:48.016+00:00,21937.859,RX,peer_observation,00016F09,1,7,01 00 00 0F 03 09 6F
2026-09-28T15:22:48.016+00:00,21938.089,RX,peer_observation,00116F09,1,5,01 00 00 09 6F
2026-09-28T15:22:48.021+00:00,21943.017,RX,peer_observation,0001B3E0,1,7,01 00 00 0F 03 E0 B3
2026-09-28T15:22:48.021+00:00,21943.066,RX,peer_observation,0011B3E0,1,5,01 00 00 E0 B3
2026-09-28T15:22:48.026+00:00,21947.924,RX,peer_observation,0001BCDA,1,7,01 00 00 0F 04 DA BC
2026-09-28T15:22:48.026+00:00,21948.077,RX,peer_observation,0011BCDA,1,5,01 00 00 DA BC
2026-09-28T15:22:48.031+00:00,21952.867,RX,peer_observation,0001AEBA,1,7,01 00 00 0F 03 BA AE
2026-09-28T15:22:48.031+00:00,21953.113,RX,peer_observation,0011AEBA,1,5,01 00 00 BA AE
2026-09-28T15:22:48.036+00:00,21958.028,RX,peer_observation,00010BD4,1,7,01 00 00 0F 03 D4 0B
2026-09-28T15:22:48.036+00:00,21958.087,RX,peer_observation,00110BD4,1,5,01 00 00 D4 0B
2026-09-28T15:22:48.041+00:00,21962.875,RX,peer_observation,00019B3B,1,7,01 00 00 0F 03 3B 9B
2026-09-28T15:22:48.041+00:00,21963.117,RX,peer_observation,00119B3B,1,5,01 00 00 3B 9B
2026-09-28T15:22:48.046+00:00,21968.025,RX,peer_observation,000165B2,1,7,01 00 00 0F 03 B2 65
2026-09-28T15:22:48.046+00:00,21968.104,RX,peer_observation,001165B2,1,5,01 00 00 B2 65
2026-09-28T15:22:48.051+00:00,21973.120,RX,peer_observation,0001FAF3,1,7,01 00 00 0F 03 F3 FA
2026-09-28T15:22:48.051+00:00,21973.176,RX,peer_observation,0011FAF3,1,5,01 00 00 F3 FA
2026-09-28T15:22:48.056+00:00,21978.001,RX,peer_observation,0001C241,1,7,01 00 00 0F 03 41 C2
2026-09-28T15:22:48.056+00:00,21978.160,RX,peer_observation,0011C241,1,5,01 00 00 41 C2
2026-09-28T15:22:48.061+00:00,21983.102,RX,peer_observation,000170C4,1,7,01 00 00 0F 03 C4 70
2026-09-28T15:22:48.061+00:00,21983.184,RX,peer_observation,001170C4,1,5,01 00 00 C4 70
2026-09-28T15:22:48.066+00:00,21988.041,RX,peer_observation,00016B6E,1,7,01 00 00 0F 03 6E 6B
2026-09-28T15:22:48.066+00:00,21988.111,RX,peer_observation,00116B6E,1,5,01 00 00 6E 6B
2026-09-28T15:22:48.071+00:00,21992.856,RX,peer_observation,00015386,1,7,01 00 00 0F 03 86 53
2026-09-28T15:22:48.071+00:00,21993.121,RX,peer_observation,00115386,1,5,01 00 00 86 53
2026-09-28T15:22:48.076+00:00,21997.858,RX,peer_observation,0001B3F8,1,7,01 00 00 0F 03 F8 B3
2026-09-28T15:22:48.076+00:00,21998.103,RX,peer_observation,0011B3F8,1,5,01 00 00 F8 B3
2026-09-28T15:22:48.081+00:00,22002.831,RX,peer_observation,00016A6B,1,7,01 00 00 0F 03 6B 6A
2026-09-28T15:22:48.081+00:00,22003.097,RX,peer_observation,00116A6B,1,5,01 00 00 6B 6A
2026-09-28T15:22:48.086+00:00,22007.851,RX,peer_observation,00015B66,1,7,01 00 00 0F 03 66 5B
2026-09-28T15:22:48.086+00:00,22008.139,RX,peer_observation,00115B66,1,5,01 00 00 66 5B
2026-09-28T15:22:48.091+00:00,22012.878,RX,peer_observation,0001E54A,1,7,01 00 00 0F 03 4A E5
2026-09-28T15:22:48.091+00:00,22012.983,RX,peer_observation,0011E54A,1,5,01 00 00 4A E5
2026-09-28T15:22:48.096+00:00,22018.034,RX,peer_observation,00017975,1,7,01 00 00 0F 03 75 79
2026-09-28T15:22:48.096+00:00,22018.128,RX,peer_observation,00117975,1,5,01 00 00 75 79
2026-09-28T15:22:48.101+00:00,22023.014,RX,peer_observation,0001A9AA,1,7,01 00 00 0F 03 AA A9
2026-09-28T15:22:48.101+00:00,22023.070,RX,peer_observation,0011A9AA,1,5,01 00 00 AA A9
2026-09-28T15:22:48.106+00:00,22028.029,RX,peer_observation,0001650B,1,7,01 00 00 0F 03 0B 65
2026-09-28T15:22:48.106+00:00,22028.107,RX,peer_observation,0011650B,1,5,01 00 00 0B 65
2026-09-28T15:22:48.111+00:00,22033.014,RX,peer_observation,0001264C,1,7,01 00 00 0F 03 4C 26
2026-09-28T15:22:48.111+00:00,22033.071,RX,peer_observation,0011264C,1,5,01 00 00 4C 26
2026-09-28T15:22:48.116+00:00,22038.030,RX,peer_observation,00014682,1,7,01 00 00 0F 03 82 46
2026-09-28T15:22:48.116+00:00,22038.136,RX,peer_observation,00114682,1,5,01 00 00 82 46
2026-09-28T15:22:48.121+00:00,22042.945,RX,peer_observation,0001A189,1,7,01 00 00 0F 03 89 A1
2026-09-28T15:22:48.121+00:00,22043.020,RX,peer_observation,0011A189,1,5,01 00 00 89 A1
2026-09-28T15:22:48.126+00:00,22048.038,RX,peer_observation,0001F6BC,1,7,01 00 00 0F 03 BC F6
2026-09-28T15:22:48.126+00:00,22048.123,RX,peer_observation,0011F6BC,1,5,01 00 00 BC F6
2026-09-28T15:22:48.131+00:00,22052.975,RX,peer_observation,00018FB2,1,7,01 00 00 0F 03 B2 8F
2026-09-28T15:22:48.131+00:00,22053.044,RX,peer_observation,00118FB2,1,5,01 00 00 B2 8F
2026-09-28T15:22:48.136+00:00,22058.033,RX,peer_observation,0001D467,1,7,01 00 00 0F 03 67 D4
2026-09-28T15:22:48.136+00:00,22058.128,RX,peer_observation,0011D467,1,5,01 00 00 67 D4
2026-09-28T15:22:48.141+00:00,22063.020,RX,peer_observation,00015562,1,7,01 00 00 0F 03 62 55
2026-09-28T15:22:48.141+00:00,22063.089,RX,peer_observation,00115562,1,5,01 00 00 62 55
2026-09-28T15:22:48.146+00:00,22067.833,RX,peer_observation,00012A59,1,7,01 00 00 0F 03 59 2A
2026-09-28T15:22:48.146+00:00,22068.076,RX,peer_observation,00112A59,1,5,01 00 00 59 2A
2026-09-28T15:22:48.151+00:00,22072.831,RX,peer_observation,0001825D,1,7,01 00 00 0F 03 5D 82
2026-09-28T15:22:48.151+00:00,22073.070,RX,peer_observation,0011825D,1,5,01 00 00 5D 82
2026-09-28T15:22:48.156+00:00,22077.893,RX,peer_observation,000195E2,1,7,01 00 00 0F 03 E2 95
2026-09-28T15:22:48.156+00:00,22078.024,RX,peer_observation,001195E2,1,5,01 00 00 E2 95
2026-09-28T15:22:48.161+00:00,22082.832,RX,peer_observation,0001B068,1,7,01 00 00 0F 03 68 B0
2026-09-28T15:22:48.161+00:00,22083.078,RX,peer_observation,0011B068,1,5,01 00 00 68 B0
2026-09-28T15:22:48.166+00:00,22087.796,RX,peer_observation,00017D98,1,7,01 00 00 0F 03 98 7D
2026-09-28T15:22:48.166+00:00,22088.066,RX,peer_observation,00117D98,1,5,01 00 00 98 7D
2026-09-28T15:22:48.171+00:00,22092.923,RX,peer_observation,00010A50,1,7,01 00 00 0F 03 50 0A
2026-09-28T15:22:48.171+00:00,22093.268,RX,peer_observation,00110A50,1,5,01 00 00 50 0A
2026-09-28T15:22:48.176+00:00,22097.925,RX,peer_observation,0001B4D8,1,7,01 00 00 0F 03 D8 B4
2026-09-28T15:22:48.176+00:00,22098.022,RX,peer_observation,0011B4D8,1,5,01 00 00 D8 B4
2026-09-28T15:22:48.181+00:00,22102.953,RX,peer_observation,0001D5E8,1,7,01 00 00 0F 03 E8 D5
2026-09-28T15:22:48.181+00:00,22103.012,RX,peer_observation,0011D5E8,1,5,01 00 00 E8 D5
2026-09-28T15:22:48.186+00:00,22107.962,RX,peer_observation,00015219,1,7,01 00 00 0F 03 19 52
2026-09-28T15:22:48.186+00:00,22108.032,RX,peer_observation,00115219,1,5,01 00 00 19 52
2026-09-28T15:22:48.191+00:00,22112.864,RX,peer_observation,0001B4D2,1,7,01 00 00 0F 03 D2 B4
2026-09-28T15:22:48.191+00:00,22113.108,RX,peer_observation,0011B4D2,1,5,01 00 00 D2 B4
2026-09-28T15:22:48.196+00:00,22117.927,RX,peer_observation,000125C8,1,7,01 00 00 0F 03 C8 25
2026-09-28T15:22:48.196+00:00,22118.133,RX,peer_observation,001125C8,1,5,01 00 00 C8 25
2026-09-28T15:22:48.201+00:00,22122.806,RX,peer_observation,00016E4D,1,7,01 00 00 0F 03 4D 6E
2026-09-28T15:22:48.201+00:00,22123.058,RX,peer_observation,00116E4D,1,5,01 00 00 4D 6E
2026-09-28T15:22:48.206+00:00,22128.030,RX,peer_observation,0001753A,1,7,01 00 00 0F 03 3A 75
2026-09-28T15:22:48.206+00:00,22128.159,RX,peer_observation,0011753A,1,5,01 00 00 3A 75
2026-09-28T15:22:48.211+00:00,22132.927,RX,peer_observation,00016154,1,7,01 00 00 0F 03 54 61
2026-09-28T15:22:48.211+00:00,22133.133,RX,peer_observation,00116154,1,5,01 00 00 54 61
2026-09-28T15:22:48.216+00:00,22137.858,RX,peer_observation,0001B503,1,7,01 00 00 0F 03 03 B5
2026-09-28T15:22:48.216+00:00,22138.119,RX,peer_observation,0011B503,1,5,01 00 00 03 B5
2026-09-28T15:22:48.221+00:00,22143.009,RX,peer_observation,0001F8E5,1,7,01 00 00 0F 03 E5 F8
2026-09-28T15:22:48.221+00:00,22143.136,RX,peer_observation,0011F8E5,1,5,01 00 00 E5 F8
2026-09-28T15:22:48.226+00:00,22147.875,RX,peer_observation,0001BFAB,1,7,01 00 00 0F 03 AB BF
2026-09-28T15:22:48.226+00:00,22148.128,RX,peer_observation,0011BFAB,1,5,01 00 00 AB BF
2026-09-28T15:22:48.231+00:00,22153.027,RX,peer_observation,00010514,1,7,01 00 00 0F 03 14 05
2026-09-28T15:22:48.231+00:00,22153.107,RX,peer_observation,00110514,1,5,01 00 00 14 05
2026-09-28T15:22:48.236+00:00,22158.001,RX,peer_observation,0001219C,1,7,01 00 00 0F 03 9C 21
2026-09-28T15:22:48.236+00:00,22158.119,RX,peer_observation,0011219C,1,5,01 00 00 9C 21
2026-09-28T15:22:48.241+00:00,22162.993,RX,peer_observation,00012664,1,7,01 00 00 0F 03 64 26
2026-09-28T15:22:48.241+00:00,22163.150,RX,peer_observation,00112664,1,5,01 00 00 64 26
2026-09-28T15:22:48.246+00:00,22167.846,RX,peer_observation,000188C0,1,7,01 00 00 0F 03 C0 88
2026-09-28T15:22:48.246+00:00,22168.156,RX,peer_observation,001188C0,1,5,01 00 00 C0 88
2026-09-28T15:22:48.251+00:00,22172.877,RX,peer_observation,0001897E,1,7,01 00 00 0F 03 7E 89
2026-09-28T15:22:48.251+00:00,22173.186,RX,peer_observation,0011897E,1,5,01 00 00 7E 89
2026-09-28T15:22:48.256+00:00,22178.006,RX,peer_observation,0001221F,1,7,01 00 00 0F 03 1F 22
2026-09-28T15:22:48.256+00:00,22178.098,RX,peer_observation,0011221F,1,5,01 00 00 1F 22
2026-09-28T15:22:48.261+00:00,22182.945,RX,peer_observation,0001082C,1,7,01 00 00 0F 03 2C 08
2026-09-28T15:22:48.261+00:00,22183.105,RX,peer_observation,0011082C,1,5,01 00 00 2C 08
2026-09-28T15:22:48.266+00:00,22187.922,RX,peer_observation,00016589,1,7,01 00 00 0F 03 89 65
2026-09-28T15:22:48.266+00:00,22188.009,RX,peer_observation,00116589,1,5,01 00 00 89 65
2026-09-28T15:22:48.271+00:00,22192.860,RX,peer_observation,00019955,1,7,01 00 00 0F 03 55 99
2026-09-28T15:22:48.271+00:00,22193.050,RX,peer_observation,00119955,1,5,01 00 00 55 99
2026-09-28T15:22:48.276+00:00,22198.034,RX,peer_observation,00017304,1,7,01 00 00 0F 03 04 73
2026-09-28T15:22:48.276+00:00,22198.091,RX,peer_observation,00117304,1,5,01 00 00 04 73
2026-09-28T15:22:48.281+00:00,22202.818,RX,peer_observation,00018C49,1,7,01 00 00 0F 03 49 8C
2026-09-28T15:22:48.281+00:00,22203.228,RX,peer_observation,00118C49,1,5,01 00 00 49 8C
2026-09-28T15:22:48.286+00:00,22208.060,RX,peer_observation,000193A1,1,7,01 00 00 0F 03 A1 93
2026-09-28T15:22:48.286+00:00,22208.148,RX,peer_observation,001193A1,1,5,01 00 00 A1 93
2026-09-28T15:22:48.291+00:00,22212.974,RX,peer_observation,00016894,1,7,01 00 00 0F 03 94 68
2026-09-28T15:22:48.291+00:00,22213.071,RX,peer_observation,00116894,1,5,01 00 00 94 68
2026-09-28T15:22:48.296+00:00,22217.793,RX,peer_observation,0001EEE1,1,7,01 00 00 0F 03 E1 EE
2026-09-28T15:22:48.296+00:00,22218.095,RX,peer_observation,0011EEE1,1,5,01 00 00 E1 EE
2026-09-28T15:22:48.301+00:00,22222.923,RX,peer_observation,0001AE3D,1,7,01 00 00 0F 03 3D AE
2026-09-28T15:22:48.301+00:00,22223.097,RX,peer_observation,0011AE3D,1,5,01 00 00 3D AE
2026-09-28T15:22:48.306+00:00,22227.985,RX,peer_observation,00018BC9,1,7,01 00 00 0F 03 C9 8B
2026-09-28T15:22:48.306+00:00,22228.087,RX,peer_observation,00118BC9,1,5,01 00 00 C9 8B
2026-09-28T15:22:48.311+00:00,22233.041,RX,peer_observation,00019314,1,7,01 00 00 0F 03 14 93
2026-09-28T15:22:48.311+00:00,22233.137,RX,peer_observation,00119314,1,5,01 00 00 14 93
2026-09-28T15:22:48.316+00:00,22237.815,RX,peer_observation,00019C62,1,7,01 00 00 0F 03 62 9C
2026-09-28T15:22:48.316+00:00,22238.125,RX,peer_observation,00119C62,1,5,01 00 00 62 9C
2026-09-28T15:22:48.321+00:00,22242.959,RX,peer_observation,0001D480,1,7,01 00 00 0F 03 80 D4
2026-09-28T15:22:48.321+00:00,22243.113,RX,peer_observation,0011D480,1,5,01 00 00 80 D4
2026-09-28T15:22:48.326+00:00,22247.971,RX,peer_observation,00019C33,1,7,01 00 00 0F 03 33 9C
2026-09-28T15:22:48.326+00:00,22248.038,RX,peer_observation,00119C33,1,5,01 00 00 33 9C
2026-09-28T15:22:48.331+00:00,22252.858,RX,peer_observation,0001D9ED,1,7,01 00 00 0F 03 ED D9
2026-09-28T15:22:48.331+00:00,22252.966,RX,peer_observation,0011D9ED,1,5,01 00 00 ED D9
2026-09-28T15:22:48.336+00:00,22257.902,RX,peer_observation,0001C1F8,1,7,01 00 00 0F 03 F8 C1
2026-09-28T15:22:48.336+00:00,22257.987,RX,peer_observation,0011C1F8,1,5,01 00 00 F8 C1
2026-09-28T15:22:48.341+00:00,22262.875,RX,peer_observation,000116C5,1,7,01 00 00 0F 03 C5 16
2026-09-28T15:22:48.341+00:00,22262.964,RX,peer_observation,001116C5,1,5,01 00 00 C5 16
2026-09-28T15:22:48.346+00:00,22267.785,RX,peer_observation,0001869E,1,7,01 00 00 0F 03 9E 86
2026-09-28T15:22:48.346+00:00,22268.029,RX,peer_observation,0011869E,1,5,01 00 00 9E 86
2026-09-28T15:22:48.351+00:00,22272.779,RX,peer_observation,0001FF9D,1,7,01 00 00 0F 03 9D FF
2026-09-28T15:22:48.351+00:00,22273.004,RX,peer_observation,0011FF9D,1,5,01 00 00 9D FF
2026-09-28T15:22:48.356+00:00,22277.765,RX,peer_observation,0001EB53,1,7,01 00 00 0F 03 53 EB
2026-09-28T15:22:48.356+00:00,22278.000,RX,peer_observation,0011EB53,1,5,01 00 00 53 EB
2026-09-28T15:22:48.361+00:00,22282.767,RX,peer_observation,000190FD,1,7,01 00 00 0F 03 FD 90
2026-09-28T15:22:48.361+00:00,22282.998,RX,peer_observation,001190FD,1,5,01 00 00 FD 90
2026-09-28T15:22:48.366+00:00,22287.751,RX,peer_observation,0001EA26,1,7,01 00 00 0F 03 26 EA
2026-09-28T15:22:48.366+00:00,22287.992,RX,peer_observation,0011EA26,1,5,01 00 00 26 EA
2026-09-28T15:22:48.371+00:00,22292.757,RX,peer_observation,00019AEA,1,7,01 00 00 0F 03 EA 9A
2026-09-28T15:22:48.371+00:00,22293.014,RX,peer_observation,00119AEA,1,5,01 00 00 EA 9A
2026-09-28T15:22:48.376+00:00,22298.020,RX,peer_observation,0001F890,1,7,01 00 00 0F 03 90 F8
2026-09-28T15:22:48.376+00:00,22298.088,RX,peer_observation,0011F890,1,5,01 00 00 90 F8
2026-09-28T15:22:48.381+00:00,22303.055,RX,peer_observation,0001CB1C,1,7,01 00 00 0F 03 1C CB
2026-09-28T15:22:48.381+00:00,22303.137,RX,peer_observation,0011CB1C,1,5,01 00 00 1C CB
2026-09-28T15:22:48.386+00:00,22308.007,RX,peer_observation,0001F4D8,1,7,01 00 00 0F 03 D8 F4
2026-09-28T15:22:48.386+00:00,22308.102,RX,peer_observation,0011F4D8,1,5,01 00 00 D8 F4
2026-09-28T15:22:48.391+00:00,22313.017,RX,peer_observation,0001DC86,1,7,01 00 00 0F 03 86 DC
2026-09-28T15:22:48.391+00:00,22313.111,RX,peer_observation,0011DC86,1,5,01 00 00 86 DC
2026-09-28T15:22:48.396+00:00,22318.006,RX,peer_observation,00014731,1,7,01 00 00 0F 03 31 47
2026-09-28T15:22:48.396+00:00,22318.099,RX,peer_observation,00114731,1,5,01 00 00 31 47
2026-09-28T15:22:48.401+00:00,22322.993,RX,peer_observation,0001D59D,1,7,01 00 00 0F 03 9D D5
2026-09-28T15:22:48.401+00:00,22323.089,RX,peer_observation,0011D59D,1,5,01 00 00 9D D5
2026-09-28T15:22:48.406+00:00,22328.017,RX,peer_observation,0001E107,1,7,01 00 00 0F 03 07 E1
2026-09-28T15:22:48.406+00:00,22328.084,RX,peer_observation,0011E107,1,5,01 00 00 07 E1
2026-09-28T15:22:48.411+00:00,22332.999,RX,peer_observation,00016B77,1,7,01 00 00 0F 03 77 6B
2026-09-28T15:22:48.411+00:00,22333.094,RX,peer_observation,00116B77,1,5,01 00 00 77 6B
2026-09-28T15:22:48.416+00:00,22337.777,RX,peer_observation,00019CCF,1,7,01 00 00 0F 03 CF 9C
2026-09-28T15:22:48.416+00:00,22338.032,RX,peer_observation,00119CCF,1,5,01 00 00 CF 9C
2026-09-28T15:22:48.421+00:00,22343.070,RX,peer_observation,0001D2C5,1,7,01 00 00 0F 03 C5 D2
2026-09-28T15:22:48.421+00:00,22343.151,RX,peer_observation,0011D2C5,1,5,01 00 00 C5 D2
2026-09-28T15:22:48.426+00:00,22348.048,RX,peer_observation,00019660,1,7,01 00 00 0F 03 60 96
2026-09-28T15:22:48.426+00:00,22348.149,RX,peer_observation,00119660,1,5,01 00 00 60 96
2026-09-28T15:22:48.431+00:00,22353.067,RX,peer_observation,00011C34,1,7,01 00 00 0F 03 34 1C
2026-09-28T15:22:48.431+00:00,22353.150,RX,peer_observation,00111C34,1,5,01 00 00 34 1C
2026-09-28T15:22:48.436+00:00,22357.979,RX,peer_observation,00015791,1,7,01 00 00 0F 03 91 57
2026-09-28T15:22:48.436+00:00,22358.040,RX,peer_observation,00115791,1,5,01 00 00 91 57
2026-09-28T15:22:48.441+00:00,22362.982,RX,peer_observation,000114AA,1,7,01 00 00 0F 03 AA 14
2026-09-28T15:22:48.441+00:00,22363.067,RX,peer_observation,001114AA,1,5,01 00 00 AA 14
2026-09-28T15:22:48.446+00:00,22367.824,RX,peer_observation,000122BE,1,7,01 00 00 0F 03 BE 22
2026-09-28T15:22:48.446+00:00,22368.040,RX,peer_observation,001122BE,1,5,01 00 00 BE 22
2026-09-28T15:22:48.451+00:00,22372.988,RX,peer_observation,0001E68E,1,7,01 00 00 0F 03 8E E6
2026-09-28T15:22:48.451+00:00,22373.043,RX,peer_observation,0011E68E,1,5,01 00 00 8E E6
2026-09-28T15:22:48.456+00:00,22377.797,RX,peer_observation,0001605B,1,7,01 00 00 0F 03 5B 60
2026-09-28T15:22:48.456+00:00,22378.048,RX,peer_observation,0011605B,1,5,01 00 00 5B 60
2026-09-28T15:22:48.461+00:00,22382.985,RX,peer_observation,00019BF2,1,7,01 00 00 0F 03 F2 9B
2026-09-28T15:22:48.461+00:00,22383.040,RX,peer_observation,00119BF2,1,5,01 00 00 F2 9B
2026-09-28T15:22:48.466+00:00,22387.834,RX,peer_observation,000162BD,1,7,01 00 00 0F 03 BD 62
2026-09-28T15:22:48.466+00:00,22387.961,RX,peer_observation,001162BD,1,5,01 00 00 BD 62
2026-09-28T15:22:48.471+00:00,22392.994,RX,peer_observation,00019A54,1,7,01 00 00 0F 03 54 9A
2026-09-28T15:22:48.471+00:00,22393.070,RX,peer_observation,00119A54,1,5,01 00 00 54 9A
2026-09-28T15:22:48.476+00:00,22397.997,RX,peer_observation,000166C6,1,7,01 00 00 0F 03 C6 66
2026-09-28T15:22:48.476+00:00,22398.090,RX,peer_observation,001166C6,1,5,01 00 00 C6 66
2026-09-28T15:22:48.481+00:00,22402.979,RX,peer_observation,00013F5B,1,7,01 00 00 0F 03 5B 3F
2026-09-28T15:22:48.481+00:00,22403.033,RX,peer_observation,00113F5B,1,5,01 00 00 5B 3F
2026-09-28T15:22:48.486+00:00,22408.064,RX,peer_observation,00017A0F,1,7,01 00 00 0F 03 0F 7A
2026-09-28T15:22:48.486+00:00,22408.135,RX,peer_observation,00117A0F,1,5,01 00 00 0F 7A
2026-09-28T15:22:48.491+00:00,22412.984,RX,peer_observation,0001AEB4,1,7,01 00 00 0F 03 B4 AE
2026-09-28T15:22:48.491+00:00,22413.044,RX,peer_observation,0011AEB4,1,5,01 00 00 B4 AE
2026-09-28T15:22:48.496+00:00,22417.842,RX,peer_observation,0001B2D2,1,7,01 00 00 0F 03 D2 B2
2026-09-28T15:22:48.496+00:00,22418.086,RX,peer_observation,0011B2D2,1,5,01 00 00 D2 B2
2026-09-28T15:22:48.501+00:00,22422.802,RX,peer_observation,00010FFE,1,7,01 00 00 0F 03 FE 0F
2026-09-28T15:22:48.501+00:00,22423.032,RX,peer_observation,00110FFE,1,5,01 00 00 FE 0F
2026-09-28T15:22:48.506+00:00,22427.840,RX,peer_observation,00017B92,1,7,01 00 00 0F 03 92 7B
2026-09-28T15:22:48.506+00:00,22428.065,RX,peer_observation,00117B92,1,5,01 00 00 92 7B
2026-09-28T15:22:48.511+00:00,22432.875,RX,peer_observation,00012462,1,7,01 00 00 0F 03 62 24
2026-09-28T15:22:48.511+00:00,22432.981,RX,peer_observation,00112462,1,5,01 00 00 62 24
2026-09-28T15:22:48.516+00:00,22437.780,RX,peer_observation,0001745C,1,7,01 00 00 0F 03 5C 74
2026-09-28T15:22:48.516+00:00,22438.016,RX,peer_observation,0011745C,1,5,01 00 00 5C 74
2026-09-28T15:22:48.521+00:00,22442.808,RX,peer_observation,0001AA52,1,7,01 00 00 0F 03 52 AA
2026-09-28T15:22:48.521+00:00,22443.046,RX,peer_observation,0011AA52,1,5,01 00 00 52 AA
2026-09-28T15:22:48.526+00:00,22447.855,RX,peer_observation,0001E11D,1,7,01 00 00 0F 03 1D E1
2026-09-28T15:22:48.526+00:00,22448.094,RX,peer_observation,0011E11D,1,5,01 00 00 1D E1
2026-09-28T15:22:48.531+00:00,22452.867,RX,peer_observation,0001467A,1,7,01 00 00 0F 03 7A 46
2026-09-28T15:22:48.531+00:00,22452.943,RX,peer_observation,0011467A,1,5,01 00 00 7A 46
2026-09-28T15:22:48.536+00:00,22457.886,RX,peer_observation,0001A850,1,7,01 00 00 0F 03 50 A8
2026-09-28T15:22:48.536+00:00,22457.963,RX,peer_observation,0011A850,1,5,01 00 00 50 A8
2026-09-28T15:22:48.541+00:00,22462.779,RX,peer_observation,00017BF1,1,7,01 00 00 0F 03 F1 7B
2026-09-28T15:22:48.541+00:00,22463.023,RX,peer_observation,00117BF1,1,5,01 00 00 F1 7B
2026-09-28T15:22:48.546+00:00,22468.032,RX,peer_observation,0001331D,1,7,01 00 00 0F 03 1D 33
2026-09-28T15:22:48.546+00:00,22468.167,RX,peer_observation,0011331D,1,5,01 00 00 1D 33
2026-09-28T15:22:48.551+00:00,22472.974,RX,peer_observation,00017A26,1,7,01 00 00 0F 03 26 7A
2026-09-28T15:22:48.551+00:00,22473.056,RX,peer_observation,00117A26,1,5,01 00 00 26 7A
2026-09-28T15:22:48.556+00:00,22477.995,RX,peer_observation,00013B9E,1,7,01 00 00 0F 03 9E 3B
2026-09-28T15:22:48.556+00:00,22478.095,RX,peer_observation,00113B9E,1,5,01 00 00 9E 3B
2026-09-28T15:22:48.561+00:00,22482.780,RX,peer_observation,00011E1C,1,7,01 00 00 0F 03 1C 1E
2026-09-28T15:22:48.561+00:00,22483.028,RX,peer_observation,00111E1C,1,5,01 00 00 1C 1E
2026-09-28T15:22:48.566+00:00,22487.785,RX,peer_observation,000187E2,1,7,01 00 00 0F 03 E2 87
2026-09-28T15:22:48.566+00:00,22488.100,RX,peer_observation,001187E2,1,5,01 00 00 E2 87
2026-09-28T15:22:48.571+00:00,22492.822,RX,peer_observation,000120FE,1,7,01 00 00 0F 03 FE 20
2026-09-28T15:22:48.571+00:00,22493.053,RX,peer_observation,001120FE,1,5,01 00 00 FE 20
2026-09-28T15:22:48.576+00:00,22498.033,RX,peer_observation,00010FED,1,7,01 00 00 0F 03 ED 0F
2026-09-28T15:22:48.576+00:00,22498.118,RX,peer_observation,00110FED,1,5,01 00 00 ED 0F
2026-09-28T15:22:48.581+00:00,22502.954,RX,peer_observation,0001A4FF,1,7,01 00 00 0F 03 FF A4
2026-09-28T15:22:48.581+00:00,22503.072,RX,peer_observation,0011A4FF,1,5,01 00 00 FF A4
2026-09-28T15:22:48.586+00:00,22508.067,RX,peer_observation,000112B9,1,7,01 00 00 0F 03 B9 12
2026-09-28T15:22:48.586+00:00,22508.171,RX,peer_observation,001112B9,1,5,01 00 00 B9 12
2026-09-28T15:22:48.591+00:00,22513.046,RX,peer_observation,00014E32,1,7,01 00 00 0F 03 32 4E
2026-09-28T15:22:48.591+00:00,22513.172,RX,peer_observation,00114E32,1,5,01 00 00 32 4E
2026-09-28T15:22:48.596+00:00,22517.842,RX,peer_observation,00011211,1,7,01 00 00 0F 03 11 12
2026-09-28T15:22:48.596+00:00,22518.066,RX,peer_observation,00111211,1,5,01 00 00 11 12
2026-09-28T15:22:48.601+00:00,22522.819,RX,peer_observation,0001DFB4,1,7,01 00 00 0F 03 B4 DF
2026-09-28T15:22:48.601+00:00,22523.022,RX,peer_observation,0011DFB4,1,5,01 00 00 B4 DF
2026-09-28T15:22:48.606+00:00,22527.770,RX,peer_observation,0001C6B9,1,7,01 00 00 0F 03 B9 C6
2026-09-28T15:22:48.606+00:00,22528.039,RX,peer_observation,0011C6B9,1,5,01 00 00 B9 C6
2026-09-28T15:22:48.611+00:00,22532.928,RX,peer_observation,0001A668,1,7,01 00 00 0F 03 68 A6
2026-09-28T15:22:48.611+00:00,22532.985,RX,peer_observation,0011A668,1,5,01 00 00 68 A6
2026-09-28T15:22:48.616+00:00,22537.782,RX,peer_observation,0001563C,1,7,01 00 00 0F 03 3C 56
2026-09-28T15:22:48.616+00:00,22538.038,RX,peer_observation,0011563C,1,5,01 00 00 3C 56
2026-09-28T15:22:48.621+00:00,22542.779,RX,peer_observation,0001B909,1,7,01 00 00 0F 03 09 B9
2026-09-28T15:22:48.621+00:00,22543.027,RX,peer_observation,0011B909,1,5,01 00 00 09 B9
2026-09-28T15:22:48.626+00:00,22547.797,RX,peer_observation,0001CD5D,1,7,01 00 00 0F 03 5D CD
2026-09-28T15:22:48.626+00:00,22548.041,RX,peer_observation,0011CD5D,1,5,01 00 00 5D CD
2026-09-28T15:22:48.631+00:00,22552.811,RX,peer_observation,00013665,1,7,01 00 00 0F 03 65 36
2026-09-28T15:22:48.631+00:00,22553.052,RX,peer_observation,00113665,1,5,01 00 00 65 36
2026-09-28T15:22:48.636+00:00,22557.797,RX,peer_observation,000109F6,1,7,01 00 00 0F 03 F6 09
2026-09-28T15:22:48.636+00:00,22558.023,RX,peer_observation,001109F6,1,5,01 00 00 F6 09
2026-09-28T15:22:48.641+00:00,22562.794,RX,peer_observation,00018D01,1,7,01 00 00 0F 03 01 8D
2026-09-28T15:22:48.641+00:00,22563.048,RX,peer_observation,00118D01,1,5,01 00 00 01 8D
2026-09-28T15:22:48.646+00:00,22567.958,RX,peer_observation,00012CD5,1,7,01 00 00 0F 03 D5 2C
2026-09-28T15:22:48.646+00:00,22568.101,RX,peer_observation,00112CD5,1,5,01 00 00 D5 2C
2026-09-28T15:22:48.651+00:00,22572.996,RX,peer_observation,0001306D,1,7,01 00 00 0F 03 6D 30
2026-09-28T15:22:48.651+00:00,22573.086,RX,peer_observation,0011306D,1,5,01 00 00 6D 30
2026-09-28T15:22:48.656+00:00,22577.962,RX,peer_observation,0001ABCD,1,7,01 00 00 0F 03 CD AB
2026-09-28T15:22:48.656+00:00,22578.019,RX,peer_observation,0011ABCD,1,5,01 00 00 CD AB
2026-09-28T15:22:48.661+00:00,22582.961,RX,peer_observation,0001671B,1,7,01 00 00 0F 03 1B 67
2026-09-28T15:22:48.661+00:00,22583.060,RX,peer_observation,0011671B,1,5,01 00 00 1B 67
2026-09-28T15:22:48.666+00:00,22587.964,RX,peer_observation,00014A1B,1,7,01 00 00 0F 03 1B 4A
2026-09-28T15:22:48.666+00:00,22588.120,RX,peer_observation,00114A1B,1,5,01 00 00 1B 4A
2026-09-28T15:22:48.671+00:00,22592.799,RX,peer_observation,0001C86A,1,7,01 00 00 0F 03 6A C8
2026-09-28T15:22:48.671+00:00,22593.391,RX,peer_observation,0011C86A,1,5,01 00 00 6A C8
2026-09-28T15:22:48.676+00:00,22597.818,RX,peer_observation,0001E8CC,1,7,01 00 00 0F 03 CC E8
2026-09-28T15:22:48.676+00:00,22598.107,RX,peer_observation,0011E8CC,1,5,01 00 00 CC E8
2026-09-28T15:22:48.681+00:00,22602.895,RX,peer_observation,00014D54,1,7,01 00 00 0F 03 54 4D
2026-09-28T15:22:48.681+00:00,22603.115,RX,peer_observation,00114D54,1,5,01 00 00 54 4D
2026-09-28T15:22:48.686+00:00,22607.929,RX,peer_observation,00017AC6,1,7,01 00 00 0F 03 C6 7A
2026-09-28T15:22:48.686+00:00,22607.987,RX,peer_observation,00117AC6,1,5,01 00 00 C6 7A
2026-09-28T15:22:48.691+00:00,22612.835,RX,peer_observation,000102CF,1,7,01 00 00 0F 03 CF 02
2026-09-28T15:22:48.691+00:00,22613.082,RX,peer_observation,001102CF,1,5,01 00 00 CF 02
2026-09-28T15:22:48.696+00:00,22617.960,RX,peer_observation,0001E7AC,1,7,01 00 00 0F 03 AC E7
2026-09-28T15:22:48.696+00:00,22618.016,RX,peer_observation,0011E7AC,1,5,01 00 00 AC E7
2026-09-28T15:22:48.701+00:00,22622.844,RX,peer_observation,0001B3EC,1,7,01 00 00 0F 03 EC B3
2026-09-28T15:22:48.701+00:00,22622.938,RX,peer_observation,0011B3EC,1,5,01 00 00 EC B3
2026-09-28T15:22:48.706+00:00,22627.937,RX,peer_observation,00019AA1,1,7,01 00 00 0F 03 A1 9A
2026-09-28T15:22:48.706+00:00,22627.994,RX,peer_observation,00119AA1,1,5,01 00 00 A1 9A
2026-09-28T15:22:48.711+00:00,22632.778,RX,peer_observation,00017E3A,1,7,01 00 00 0F 03 3A 7E
2026-09-28T15:22:48.711+00:00,22633.022,RX,peer_observation,00117E3A,1,5,01 00 00 3A 7E
2026-09-28T15:22:48.716+00:00,22637.779,RX,peer_observation,00011DCB,1,7,01 00 00 0F 03 CB 1D
2026-09-28T15:22:48.716+00:00,22638.037,RX,peer_observation,00111DCB,1,5,01 00 00 CB 1D
2026-09-28T15:22:48.721+00:00,22642.944,RX,peer_observation,0001A1EB,1,7,01 00 00 0F 03 EB A1
2026-09-28T15:22:48.721+00:00,22643.001,RX,peer_observation,0011A1EB,1,5,01 00 00 EB A1
2026-09-28T15:22:48.726+00:00,22647.807,RX,peer_observation,000194FB,1,7,01 00 00 0F 03 FB 94
2026-09-28T15:22:48.726+00:00,22648.124,RX,peer_observation,001194FB,1,5,01 00 00 FB 94
2026-09-28T15:22:48.731+00:00,22652.873,RX,peer_observation,000153DB,1,7,01 00 00 0F 03 DB 53
2026-09-28T15:22:48.731+00:00,22652.950,RX,peer_observation,001153DB,1,5,01 00 00 DB 53
2026-09-28T15:22:48.736+00:00,22657.942,RX,peer_observation,000191E0,1,7,01 00 00 0F 03 E0 91
2026-09-28T15:22:48.736+00:00,22657.998,RX,peer_observation,001191E0,1,5,01 00 00 E0 91
2026-09-28T15:22:48.741+00:00,22662.953,RX,peer_observation,00012261,1,7,01 00 00 0F 03 61 22
2026-09-28T15:22:48.741+00:00,22663.010,RX,peer_observation,00112261,1,5,01 00 00 61 22
2026-09-28T15:22:48.746+00:00,22667.926,RX,peer_observation,000101BC,1,7,01 00 00 0F 03 BC 01
2026-09-28T15:22:48.746+00:00,22667.997,RX,peer_observation,001101BC,1,5,01 00 00 BC 01
2026-09-28T15:22:48.751+00:00,22672.750,RX,peer_observation,0001CA96,1,7,01 00 00 0F 03 96 CA
2026-09-28T15:22:48.751+00:00,22673.012,RX,peer_observation,0011CA96,1,5,01 00 00 96 CA
2026-09-28T15:22:48.756+00:00,22677.798,RX,peer_observation,0001C46A,1,7,01 00 00 0F 03 6A C4
2026-09-28T15:22:48.756+00:00,22678.072,RX,peer_observation,0011C46A,1,5,01 00 00 6A C4
2026-09-28T15:22:48.761+00:00,22682.805,RX,peer_observation,00018670,1,7,01 00 00 0F 03 70 86
2026-09-28T15:22:48.761+00:00,22683.067,RX,peer_observation,00118670,1,5,01 00 00 70 86
2026-09-28T15:22:48.766+00:00,22687.789,RX,peer_observation,00019E3B,1,7,01 00 00 0F 03 3B 9E
2026-09-28T15:22:48.766+00:00,22687.933,RX,peer_observation,00119E3B,1,5,01 00 00 3B 9E
2026-09-28T15:22:48.771+00:00,22692.713,RX,peer_observation,000148E9,1,7,01 00 00 0F 03 E9 48
2026-09-28T15:22:48.771+00:00,22692.949,RX,peer_observation,001148E9,1,5,01 00 00 E9 48
2026-09-28T15:22:48.776+00:00,22697.761,RX,peer_observation,0001E1EC,1,7,01 00 00 0F 03 EC E1
2026-09-28T15:22:48.776+00:00,22698.000,RX,peer_observation,0011E1EC,1,5,01 00 00 EC E1
2026-09-28T15:22:48.781+00:00,22702.765,RX,peer_observation,0001AC0A,1,7,01 00 00 0F 03 0A AC
2026-09-28T15:22:48.781+00:00,22702.930,RX,peer_observation,0011AC0A,1,5,01 00 00 0A AC
2026-09-28T15:22:48.786+00:00,22707.845,RX,peer_observation,0001F5D0,1,7,01 00 00 0F 03 D0 F5
2026-09-28T15:22:48.786+00:00,22708.022,RX,peer_observation,0011F5D0,1,5,01 00 00 D0 F5
2026-09-28T15:22:48.791+00:00,22712.754,RX,peer_observation,0001098E,1,7,01 00 00 0F 03 8E 09
2026-09-28T15:22:48.791+00:00,22712.983,RX,peer_observation,0011098E,1,5,01 00 00 8E 09
2026-09-28T15:22:48.796+00:00,22717.799,RX,peer_observation,0001B6DB,1,7,01 00 00 0F 03 DB B6
2026-09-28T15:22:48.796+00:00,22717.909,RX,peer_observation,0011B6DB,1,5,01 00 00 DB B6
2026-09-28T15:22:48.801+00:00,22722.834,RX,peer_observation,0001697A,1,7,01 00 00 0F 03 7A 69
2026-09-28T15:22:48.801+00:00,22723.057,RX,peer_observation,0011697A,1,5,01 00 00 7A 69
2026-09-28T15:22:48.806+00:00,22727.840,RX,peer_observation,0001DE2B,1,7,01 00 00 0F 03 2B DE
2026-09-28T15:22:48.806+00:00,22727.959,RX,peer_observation,0011DE2B,1,5,01 00 00 2B DE
2026-09-28T15:22:48.811+00:00,22732.838,RX,peer_observation,0001FAE0,1,7,01 00 00 0F 03 E0 FA
2026-09-28T15:22:48.811+00:00,22732.975,RX,peer_observation,0011FAE0,1,5,01 00 00 E0 FA
2026-09-28T15:22:48.816+00:00,22737.839,RX,peer_observation,0001C552,1,7,01 00 00 0F 03 52 C5
2026-09-28T15:22:48.816+00:00,22737.970,RX,peer_observation,0011C552,1,5,01 00 00 52 C5
2026-09-28T15:22:48.821+00:00,22743.024,RX,peer_observation,0001B5A4,1,7,01 00 00 0F 03 A4 B5
2026-09-28T15:22:48.821+00:00,22743.108,RX,peer_observation,0011B5A4,1,5,01 00 00 A4 B5
2026-09-28T15:22:48.826+00:00,22747.915,RX,peer_observation,00011B62,1,7,01 00 00 0F 03 62 1B
2026-09-28T15:22:48.826+00:00,22747.996,RX,peer_observation,00111B62,1,5,01 00 00 62 1B
2026-09-28T15:22:48.831+00:00,22752.994,RX,peer_observation,000188FD,1,7,01 00 00 0F 03 FD 88
2026-09-28T15:22:48.831+00:00,22753.078,RX,peer_observation,001188FD,1,5,01 00 00 FD 88
2026-09-28T15:22:48.836+00:00,22757.998,RX,peer_observation,0001688A,1,7,01 00 00 0F 03 8A 68
2026-09-28T15:22:48.836+00:00,22758.086,RX,peer_observation,0011688A,1,5,01 00 00 8A 68
2026-09-28T15:22:48.841+00:00,22763.006,RX,peer_observation,0001210B,1,7,01 00 00 0F 03 0B 21
2026-09-28T15:22:48.841+00:00,22763.085,RX,peer_observation,0011210B,1,5,01 00 00 0B 21
2026-09-28T15:22:48.846+00:00,22767.737,RX,peer_observation,0001D7CB,1,7,01 00 00 0F 03 CB D7
2026-09-28T15:22:48.846+00:00,22768.063,RX,peer_observation,0011D7CB,1,5,01 00 00 CB D7
2026-09-28T15:22:48.851+00:00,22772.919,RX,peer_observation,00016EAF,1,7,01 00 00 0F 03 AF 6E
2026-09-28T15:22:48.851+00:00,22773.008,RX,peer_observation,00116EAF,1,5,01 00 00 AF 6E
2026-09-28T15:22:48.856+00:00,22778.019,RX,peer_observation,0001CE0B,1,7,01 00 00 0F 03 0B CE
2026-09-28T15:22:48.856+00:00,22778.119,RX,peer_observation,0011CE0B,1,5,01 00 00 0B CE
2026-09-28T15:22:48.861+00:00,22782.925,RX,peer_observation,00010B95,1,7,01 00 00 0F 03 95 0B
2026-09-28T15:22:48.861+00:00,22782.986,RX,peer_observation,00110B95,1,5,01 00 00 95 0B
2026-09-28T15:22:48.866+00:00,22787.993,RX,peer_observation,0001478E,1,7,01 00 00 0F 03 8E 47
2026-09-28T15:22:48.866+00:00,22788.078,RX,peer_observation,0011478E,1,5,01 00 00 8E 47
2026-09-28T15:22:48.871+00:00,22792.938,RX,peer_observation,0001890B,1,7,01 00 00 0F 03 0B 89
2026-09-28T15:22:48.871+00:00,22793.023,RX,peer_observation,0011890B,1,5,01 00 00 0B 89
2026-09-28T15:22:48.876+00:00,22798.001,RX,peer_observation,000110A1,1,7,01 00 00 0F 03 A1 10
2026-09-28T15:22:48.876+00:00,22798.099,RX,peer_observation,001110A1,1,5,01 00 00 A1 10
2026-09-28T15:22:48.881+00:00,22802.903,RX,peer_observation,0001FB10,1,7,01 00 00 0F 03 10 FB
2026-09-28T15:22:48.881+00:00,22802.961,RX,peer_observation,0011FB10,1,5,01 00 00 10 FB
2026-09-28T15:22:48.886+00:00,22807.973,RX,peer_observation,00012FF8,1,7,01 00 00 0F 03 F8 2F
2026-09-28T15:22:48.886+00:00,22808.026,RX,peer_observation,00112FF8,1,5,01 00 00 F8 2F
2026-09-28T15:22:48.891+00:00,22812.829,RX,peer_observation,00019DD5,1,7,01 00 00 0F 03 D5 9D
2026-09-28T15:22:48.891+00:00,22812.919,RX,peer_observation,00119DD5,1,5,01 00 00 D5 9D
2026-09-28T15:22:48.896+00:00,22817.738,RX,peer_observation,00014910,1,7,01 00 00 0F 03 10 49
2026-09-28T15:22:48.896+00:00,22817.986,RX,peer_observation,00114910,1,5,01 00 00 10 49
2026-09-28T15:22:48.901+00:00,22822.820,RX,peer_observation,0001EE73,1,7,01 00 00 0F 03 73 EE
2026-09-28T15:22:48.901+00:00,22822.909,RX,peer_observation,0011EE73,1,5,01 00 00 73 EE
2026-09-28T15:22:48.906+00:00,22827.817,RX,peer_observation,00017A91,1,7,01 00 00 0F 03 91 7A
2026-09-28T15:22:48.906+00:00,22827.920,RX,peer_observation,00117A91,1,5,01 00 00 91 7A
2026-09-28T15:22:48.911+00:00,22832.854,RX,peer_observation,000134A9,1,7,01 00 00 0F 03 A9 34
2026-09-28T15:22:48.911+00:00,22832.929,RX,peer_observation,001134A9,1,5,01 00 00 A9 34
2026-09-28T15:22:48.916+00:00,22837.758,RX,peer_observation,00019487,1,7,01 00 00 0F 03 87 94
2026-09-28T15:22:48.916+00:00,22837.978,RX,peer_observation,00119487,1,5,01 00 00 87 94
2026-09-28T15:22:48.921+00:00,22842.930,RX,peer_observation,0001ADE5,1,7,01 00 00 0F 03 E5 AD
2026-09-28T15:22:48.921+00:00,22842.984,RX,peer_observation,0011ADE5,1,5,01 00 00 E5 AD
2026-09-28T15:22:48.926+00:00,22847.814,RX,peer_observation,0001C7EC,1,7,01 00 00 0F 03 EC C7
2026-09-28T15:22:48.926+00:00,22847.942,RX,peer_observation,0011C7EC,1,5,01 00 00 EC C7
2026-09-28T15:22:48.931+00:00,22852.794,RX,peer_observation,00016ADA,1,7,01 00 00 0F 03 DA 6A
2026-09-28T15:22:48.931+00:00,22853.014,RX,peer_observation,00116ADA,1,5,01 00 00 DA 6A
2026-09-28T15:22:48.936+00:00,22857.824,RX,peer_observation,00012CD4,1,7,01 00 00 0F 03 D4 2C
2026-09-28T15:22:48.936+00:00,22857.927,RX,peer_observation,00112CD4,1,5,01 00 00 D4 2C
2026-09-28T15:22:48.941+00:00,22862.836,RX,peer_observation,0001177E,1,7,01 00 00 0F 03 7E 17
2026-09-28T15:22:48.941+00:00,22862.928,RX,peer_observation,0011177E,1,5,01 00 00 7E 17
2026-09-28T15:22:48.946+00:00,22867.849,RX,peer_observation,0001F240,1,7,01 00 00 0F 03 40 F2
2026-09-28T15:22:48.946+00:00,22867.953,RX,peer_observation,0011F240,1,5,01 00 00 40 F2
2026-09-28T15:22:48.951+00:00,22872.781,RX,peer_observation,0001B218,1,7,01 00 00 0F 03 18 B2
2026-09-28T15:22:48.951+00:00,22873.013,RX,peer_observation,0011B218,1,5,01 00 00 18 B2
2026-09-28T15:22:48.956+00:00,22877.844,RX,peer_observation,00017E5C,1,7,01 00 00 0F 03 5C 7E
2026-09-28T15:22:48.956+00:00,22878.017,RX,peer_observation,00117E5C,1,5,01 00 00 5C 7E
2026-09-28T15:22:48.961+00:00,22882.828,RX,peer_observation,000168CF,1,7,01 00 00 0F 03 CF 68
2026-09-28T15:22:48.961+00:00,22882.946,RX,peer_observation,001168CF,1,5,01 00 00 CF 68
2026-09-28T15:22:48.966+00:00,22887.890,RX,peer_observation,0001ABBA,1,7,01 00 00 0F 03 BA AB
2026-09-28T15:22:48.966+00:00,22887.982,RX,peer_observation,0011ABBA,1,5,01 00 00 BA AB
2026-09-28T15:22:48.971+00:00,22892.907,RX,peer_observation,0001ADD4,1,7,01 00 00 0F 03 D4 AD
2026-09-28T15:22:48.971+00:00,22892.960,RX,peer_observation,0011ADD4,1,5,01 00 00 D4 AD
2026-09-28T15:22:48.976+00:00,22897.981,RX,peer_observation,000127C8,1,7,01 00 00 0F 03 C8 27
2026-09-28T15:22:48.976+00:00,22898.082,RX,peer_observation,001127C8,1,5,01 00 00 C8 27
2026-09-28T15:22:48.981+00:00,22902.907,RX,peer_observation,0001A121,1,7,01 00 00 0F 03 21 A1
2026-09-28T15:22:48.981+00:00,22902.960,RX,peer_observation,0011A121,1,5,01 00 00 21 A1
2026-09-28T15:22:48.986+00:00,22907.944,RX,peer_observation,0001088F,1,7,01 00 00 0F 03 8F 08
2026-09-28T15:22:48.986+00:00,22908.031,RX,peer_observation,0011088F,1,5,01 00 00 8F 08
2026-09-28T15:22:48.991+00:00,22912.935,RX,peer_observation,00010B63,1,7,01 00 00 0F 03 63 0B
2026-09-28T15:22:48.991+00:00,22913.014,RX,peer_observation,00110B63,1,5,01 00 00 63 0B
2026-09-28T15:22:48.996+00:00,22917.738,RX,peer_observation,00010F7E,1,7,01 00 00 0F 03 7E 0F
2026-09-28T15:22:48.996+00:00,22917.990,RX,peer_observation,00110F7E,1,5,01 00 00 7E 0F
2026-09-28T15:22:49.001+00:00,22922.761,RX,peer_observation,0001C47F,1,7,01 00 00 0F 03 7F C4
2026-09-28T15:22:49.001+00:00,22923.001,RX,peer_observation,0011C47F,1,5,01 00 00 7F C4
2026-09-28T15:22:49.006+00:00,22927.750,RX,peer_observation,000114D2,1,7,01 00 00 0F 03 D2 14
2026-09-28T15:22:49.006+00:00,22927.998,RX,peer_observation,001114D2,1,5,01 00 00 D2 14
2026-09-28T15:22:49.011+00:00,22932.770,RX,peer_observation,00012CE3,1,7,01 00 00 0F 03 E3 2C
2026-09-28T15:22:49.011+00:00,22932.973,RX,peer_observation,00112CE3,1,5,01 00 00 E3 2C
2026-09-28T15:22:49.016+00:00,22937.717,RX,peer_observation,000186D6,1,7,01 00 00 0F 03 D6 86
2026-09-28T15:22:49.016+00:00,22937.975,RX,peer_observation,001186D6,1,5,01 00 00 D6 86
2026-09-28T15:22:49.021+00:00,22942.772,RX,peer_observation,00012775,1,7,01 00 00 0F 03 75 27
2026-09-28T15:22:49.021+00:00,22942.963,RX,peer_observation,00112775,1,5,01 00 00 75 27
2026-09-28T15:22:49.026+00:00,22947.881,RX,peer_observation,00015A0B,1,7,01 00 00 0F 03 0B 5A
2026-09-28T15:22:49.026+00:00,22947.938,RX,peer_observation,00115A0B,1,5,01 00 00 0B 5A
2026-09-28T15:22:49.031+00:00,22952.769,RX,peer_observation,00013AE0,1,7,01 00 00 0F 03 E0 3A
2026-09-28T15:22:49.031+00:00,22952.989,RX,peer_observation,00113AE0,1,5,01 00 00 E0 3A
2026-09-28T15:22:49.036+00:00,22957.807,RX,peer_observation,00013B08,1,7,01 00 00 0F 03 08 3B
2026-09-28T15:22:49.036+00:00,22957.899,RX,peer_observation,00113B08,1,5,01 00 00 08 3B
2026-09-28T15:22:49.041+00:00,22962.726,RX,peer_observation,0001CB95,1,7,01 00 00 0F 03 95 CB
2026-09-28T15:22:49.041+00:00,22962.970,RX,peer_observation,0011CB95,1,5,01 00 00 95 CB
2026-09-28T15:22:49.046+00:00,22967.915,RX,peer_observation,00017083,1,7,01 00 00 0F 03 83 70
2026-09-28T15:22:49.046+00:00,22968.065,RX,peer_observation,00117083,1,5,01 00 00 83 70
2026-09-28T15:22:49.051+00:00,22972.909,RX,peer_observation,0001A0B5,1,7,01 00 00 0F 03 B5 A0
2026-09-28T15:22:49.051+00:00,22972.967,RX,peer_observation,0011A0B5,1,5,01 00 00 B5 A0
2026-09-28T15:22:49.056+00:00,22977.910,RX,peer_observation,00015BE6,1,7,01 00 00 0F 03 E6 5B
2026-09-28T15:22:49.056+00:00,22977.968,RX,peer_observation,00115BE6,1,5,01 00 00 E6 5B
2026-09-28T15:22:49.061+00:00,22982.795,RX,peer_observation,0001A4BE,1,7,01 00 00 0F 03 BE A4
2026-09-28T15:22:49.061+00:00,22982.925,RX,peer_observation,0011A4BE,1,5,01 00 00 BE A4
2026-09-28T15:22:49.066+00:00,22987.949,RX,peer_observation,0001A460,1,7,01 00 00 0F 03 60 A4
2026-09-28T15:22:49.066+00:00,22988.076,RX,peer_observation,0011A460,1,5,01 00 00 60 A4
2026-09-28T15:22:49.071+00:00,22992.728,RX,peer_observation,000133B3,1,7,01 00 00 0F 03 B3 33
2026-09-28T15:22:49.071+00:00,22992.977,RX,peer_observation,001133B3,1,5,01 00 00 B3 33
2026-09-28T15:22:49.076+00:00,22997.913,RX,peer_observation,0001984D,1,7,01 00 00 0F 03 4D 98
2026-09-28T15:22:49.076+00:00,22997.971,RX,peer_observation,0011984D,1,5,01 00 00 4D 98
2026-09-28T15:22:49.080+00:00,23001.573,TX,peer_00009_short,0012C82D,1,5,01 00 00 2D C8
2026-09-28T15:22:49.081+00:00,23002.769,RX,peer_observation,0001F71B,1,7,01 00 00 0F 03 1B F7
2026-09-28T15:22:49.081+00:00,23002.880,RX,peer_observation,0011F71B,1,5,01 00 00 1B F7
2026-09-28T15:22:49.086+00:00,23007.739,RX,peer_observation,00016274,1,7,01 00 00 0F 03 74 62
2026-09-28T15:22:49.086+00:00,23007.988,RX,peer_observation,00116274,1,5,01 00 00 74 62
2026-09-28T15:22:49.088+00:00,23009.729,RX,peer_observation,103C0401,1,4,00 00 00 01
2026-09-28T15:22:49.088+00:00,23009.976,RX,peer_observation,103C0481,1,8,00 00 00 00 00 10 63 14
2026-09-28T15:22:49.091+00:00,23012.730,RX,peer_observation,0001B103,1,7,01 00 00 0F 03 03 B1
2026-09-28T15:22:49.091+00:00,23012.961,RX,peer_observation,0011B103,1,5,01 00 00 03 B1
2026-09-28T15:22:49.093+00:00,23014.709,RX,peer_observation,103C0401,1,4,00 00 00 01
2026-09-28T15:22:49.093+00:00,23014.944,RX,peer_observation,103C0481,1,8,00 00 00 00 00 10 63 14
2026-09-28T15:22:49.096+00:00,23017.989,RX,peer_observation,0001545C,1,7,01 00 00 0F 03 5C 54
2026-09-28T15:22:49.096+00:00,23018.095,RX,peer_observation,0011545C,1,5,01 00 00 5C 54
2026-09-28T15:22:49.098+00:00,23019.913,RX,peer_observation,103C0401,1,4,00 00 00 01
2026-09-28T15:22:49.098+00:00,23020.129,RX,peer_observation,103C0481,1,8,00 00 00 00 00 10 63 14
2026-09-28T15:22:49.101+00:00,23022.789,RX,peer_observation,000191EC,1,7,01 00 00 0F 03 EC 91
2026-09-28T15:22:49.101+00:00,23022.885,RX,peer_observation,001191EC,1,5,01 00 00 EC 91
2026-09-28T15:22:49.103+00:00,23024.694,RX,peer_observation,103C0401,1,4,00 00 00 01
2026-09-28T15:22:49.103+00:00,23024.962,RX,peer_observation,103C0481,1,8,00 00 00 00 00 10 62 14
2026-09-28T15:22:49.106+00:00,23027.944,RX,peer_observation,0001E0D4,1,7,01 00 00 0F 03 D4 E0
2026-09-28T15:22:49.106+00:00,23028.036,RX,peer_observation,0011E0D4,1,5,01 00 00 D4 E0
2026-09-28T15:22:49.108+00:00,23029.977,RX,peer_observation,103C0401,1,4,00 00 00 01
2026-09-28T15:22:49.108+00:00,23030.167,RX,peer_observation,103C0481,1,8,00 00 00 00 00 10 63 14
2026-09-28T15:22:49.111+00:00,23032.911,RX,peer_observation,0001CE4B,1,7,01 00 00 0F 03 4B CE
2026-09-28T15:22:49.111+00:00,23032.969,RX,peer_observation,0011CE4B,1,5,01 00 00 4B CE
2026-09-28T15:22:49.113+00:00,23034.898,RX,peer_observation,103C0401,1,4,00 00 00 01
2026-09-28T15:22:49.113+00:00,23035.102,RX,peer_observation,103C0481,1,8,00 00 00 00 00 10 63 14
2026-09-28T15:22:49.116+00:00,23037.820,RX,peer_observation,00018561,1,7,01 00 00 0F 03 61 85
2026-09-28T15:22:49.116+00:00,23037.973,RX,peer_observation,00118561,1,5,01 00 00 61 85
2026-09-28T15:22:49.118+00:00,23039.750,RX,peer_observation,103C0401,1,4,00 00 00 01
2026-09-28T15:22:49.118+00:00,23040.052,RX,peer_observation,103C0481,1,8,00 00 00 00 00 10 62 14
2026-09-28T15:22:49.121+00:00,23042.748,RX,peer_observation,00013306,1,7,01 00 00 0F 03 06 33
2026-09-28T15:22:49.121+00:00,23042.949,RX,peer_observation,00113306,1,5,01 00 00 06 33
2026-09-28T15:22:49.123+00:00,23044.942,RX,peer_observation,103C0401,1,4,00 00 00 01
2026-09-28T15:22:49.123+00:00,23045.129,RX,peer_observation,103C0481,1,8,00 00 00 00 00 10 62 14
2026-09-28T15:22:49.126+00:00,23047.963,RX,peer_observation,0001AF2A,1,7,01 00 00 0F 03 2A AF
2026-09-28T15:22:49.126+00:00,23048.064,RX,peer_observation,0011AF2A,1,5,01 00 00 2A AF
2026-09-28T15:22:49.128+00:00,23049.918,RX,peer_observation,103C0401,1,4,00 00 00 01
2026-09-28T15:22:49.128+00:00,23050.163,RX,peer_observation,103C0481,1,8,00 00 00 00 00 10 62 14
2026-09-28T15:22:49.131+00:00,23052.748,RX,peer_observation,0001ED12,1,7,01 00 00 0F 03 12 ED
2026-09-28T15:22:49.131+00:00,23053.052,RX,peer_observation,0011ED12,1,5,01 00 00 12 ED
2026-09-28T15:22:49.133+00:00,23054.867,RX,peer_observation,103C0401,1,4,00 00 00 01
2026-09-28T15:22:49.133+00:00,23055.184,RX,peer_observation,103C0481,1,8,00 00 00 00 00 10 63 14
2026-09-28T15:22:49.136+00:00,23057.719,RX,peer_observation,0001EB97,1,7,01 00 00 0F 03 97 EB
2026-09-28T15:22:49.136+00:00,23057.992,RX,peer_observation,0011EB97,1,5,01 00 00 97 EB
2026-09-28T15:22:49.138+00:00,23059.695,RX,peer_observation,103C0401,1,4,00 00 00 01
2026-09-28T15:22:49.138+00:00,23060.005,RX,peer_observation,103C0481,1,8,00 00 00 00 00 10 63 14
2026-09-28T15:22:49.141+00:00,23062.714,RX,peer_observation,0001CF1B,1,7,01 00 00 0F 03 1B CF
2026-09-28T15:22:49.141+00:00,23063.008,RX,peer_observation,0011CF1B,1,5,01 00 00 1B CF
2026-09-28T15:22:49.143+00:00,23064.711,RX,peer_observation,103C0401,1,4,00 00 00 01
2026-09-28T15:22:49.143+00:00,23065.057,RX,peer_observation,103C0481,1,8,00 00 00 00 00 10 63 14
2026-09-28T15:22:49.146+00:00,23067.729,RX,peer_observation,000136C9,1,7,01 00 00 0F 03 C9 36
2026-09-28T15:22:49.146+00:00,23067.875,RX,peer_observation,001136C9,1,5,01 00 00 C9 36
2026-09-28T15:22:49.148+00:00,23069.774,RX,peer_observation,103C0401,1,4,00 00 00 01
2026-09-28T15:22:49.148+00:00,23069.996,RX,peer_observation,103C0481,1,8,00 00 00 00 00 10 63 14
2026-09-28T15:22:49.151+00:00,23072.754,RX,peer_observation,0001E4E3,1,7,01 00 00 0F 03 E3 E4
2026-09-28T15:22:49.151+00:00,23072.908,RX,peer_observation,0011E4E3,1,5,01 00 00 E3 E4
2026-09-28T15:22:49.153+00:00,23074.711,RX,peer_observation,103C0401,1,4,00 00 00 01
2026-09-28T15:22:49.153+00:00,23074.933,RX,peer_observation,103C0481,1,8,00 00 00 00 00 10 63 14
2026-09-28T15:22:49.156+00:00,23077.749,RX,peer_observation,0001FD91,1,7,01 00 00 0F 03 91 FD
2026-09-28T15:22:49.156+00:00,23077.871,RX,peer_observation,0011FD91,1,5,01 00 00 91 FD
2026-09-28T15:22:49.158+00:00,23079.746,RX,peer_observation,103C0401,1,4,00 00 00 01
2026-09-28T15:22:49.158+00:00,23079.959,RX,peer_observation,103C0481,1,8,00 00 00 00 00 10 63 14
2026-09-28T15:22:49.161+00:00,23082.783,RX,peer_observation,0001DAB9,1,7,01 00 00 0F 03 B9 DA
2026-09-28T15:22:49.161+00:00,23082.997,RX,peer_observation,0011DAB9,1,5,01 00 00 B9 DA
2026-09-28T15:22:49.163+00:00,23084.801,RX,peer_observation,103C0401,1,4,00 00 00 01
2026-09-28T15:22:49.163+00:00,23084.990,RX,peer_observation,103C0481,1,8,00 00 00 00 00 10 62 14
2026-09-28T15:22:49.166+00:00,23087.810,RX,peer_observation,00015685,1,7,01 00 00 0F 03 85 56
2026-09-28T15:22:49.166+00:00,23087.919,RX,peer_observation,00115685,1,5,01 00 00 85 56
2026-09-28T15:22:49.168+00:00,23089.725,RX,peer_observation,103C0401,1,4,00 00 00 01
2026-09-28T15:22:49.168+00:00,23089.965,RX,peer_observation,103C0481,1,8,00 00 00 00 00 10 62 14
2026-09-28T15:22:49.171+00:00,23092.729,RX,peer_observation,0001E033,1,7,01 00 00 0F 03 33 E0
2026-09-28T15:22:49.171+00:00,23093.090,RX,peer_observation,0011E033,1,5,01 00 00 33 E0
2026-09-28T15:22:49.176+00:00,23097.735,RX,peer_observation,00012574,1,7,01 00 00 0F 03 74 25
2026-09-28T15:22:49.176+00:00,23098.141,RX,peer_observation,00112574,1,5,01 00 00 74 25
2026-09-28T15:22:49.181+00:00,23102.740,RX,peer_observation,0001A813,1,7,01 00 00 0F 03 13 A8
2026-09-28T15:22:49.181+00:00,23103.147,RX,peer_observation,0011A813,1,5,01 00 00 13 A8
2026-09-28T15:22:49.186+00:00,23107.730,RX,peer_observation,0001F23F,1,7,01 00 00 0F 03 3F F2
2026-09-28T15:22:49.186+00:00,23108.113,RX,peer_observation,0011F23F,1,5,01 00 00 3F F2
2026-09-28T15:22:49.191+00:00,23112.740,RX,peer_observation,00012C02,1,7,01 00 00 0F 03 02 2C
2026-09-28T15:22:49.191+00:00,23113.072,RX,peer_observation,00112C02,1,5,01 00 00 02 2C
2026-09-28T15:22:49.196+00:00,23117.766,RX,peer_observation,0001AFE6,1,7,01 00 00 0F 03 E6 AF
2026-09-28T15:22:49.196+00:00,23118.014,RX,peer_observation,0011AFE6,1,5,01 00 00 E6 AF
2026-09-28T15:22:49.201+00:00,23122.750,RX,peer_observation,0001B582,1,7,01 00 00 0F 03 82 B5
2026-09-28T15:22:49.201+00:00,23123.000,RX,peer_observation,0011B582,1,5,01 00 00 82 B5
2026-09-28T15:22:49.206+00:00,23127.758,RX,peer_observation,00018242,1,7,01 00 00 0F 03 42 82
2026-09-28T15:22:49.206+00:00,23127.985,RX,peer_observation,00118242,1,5,01 00 00 42 82
2026-09-28T15:22:49.211+00:00,23132.718,RX,peer_observation,00010243,1,7,01 00 00 0F 03 43 02
2026-09-28T15:22:49.211+00:00,23133.047,RX,peer_observation,00110243,1,5,01 00 00 43 02
2026-09-28T15:22:49.216+00:00,23137.732,RX,peer_observation,0001D8C9,1,7,01 00 00 0F 03 C9 D8
2026-09-28T15:22:49.216+00:00,23137.947,RX,peer_observation,0011D8C9,1,5,01 00 00 C9 D8
2026-09-28T15:22:49.221+00:00,23142.778,RX,peer_observation,0001E8C9,1,7,01 00 00 0F 03 C9 E8
2026-09-28T15:22:49.221+00:00,23143.003,RX,peer_observation,0011E8C9,1,5,01 00 00 C9 E8
2026-09-28T15:22:49.226+00:00,23147.823,RX,peer_observation,00019E51,1,7,01 00 00 0F 03 51 9E
2026-09-28T15:22:49.226+00:00,23147.880,RX,peer_observation,00119E51,1,5,01 00 00 51 9E
2026-09-28T15:22:49.231+00:00,23152.753,RX,peer_observation,00015AFC,1,7,01 00 00 0F 03 FC 5A
2026-09-28T15:22:49.231+00:00,23152.998,RX,peer_observation,00115AFC,1,5,01 00 00 FC 5A
2026-09-28T15:22:49.236+00:00,23157.733,RX,peer_observation,0001F9A7,1,7,01 00 00 0F 03 A7 F9
2026-09-28T15:22:49.236+00:00,23157.959,RX,peer_observation,0011F9A7,1,5,01 00 00 A7 F9
2026-09-28T15:22:49.241+00:00,23162.738,RX,peer_observation,0001FF1A,1,7,01 00 00 0F 03 1A FF
2026-09-28T15:22:49.241+00:00,23162.988,RX,peer_observation,0011FF1A,1,5,01 00 00 1A FF
2026-09-28T15:22:49.246+00:00,23167.707,RX,peer_observation,0001907B,1,7,01 00 00 0F 03 7B 90
2026-09-28T15:22:49.246+00:00,23167.937,RX,peer_observation,0011907B,1,5,01 00 00 7B 90
2026-09-28T15:22:49.251+00:00,23172.702,RX,peer_observation,0001B42B,1,7,01 00 00 0F 03 2B B4
2026-09-28T15:22:49.251+00:00,23172.991,RX,peer_observation,0011B42B,1,5,01 00 00 2B B4
2026-09-28T15:22:49.256+00:00,23177.710,RX,peer_observation,000179EA,1,7,01 00 00 0F 03 EA 79
2026-09-28T15:22:49.256+00:00,23177.954,RX,peer_observation,001179EA,1,5,01 00 00 EA 79
2026-09-28T15:22:49.261+00:00,23182.707,RX,peer_observation,0001C1DC,1,7,01 00 00 0F 03 DC C1
2026-09-28T15:22:49.261+00:00,23182.954,RX,peer_observation,0011C1DC,1,5,01 00 00 DC C1
2026-09-28T15:22:49.266+00:00,23187.692,RX,peer_observation,0001EFB3,1,7,01 00 00 0F 03 B3 EF
2026-09-28T15:22:49.266+00:00,23187.949,RX,peer_observation,0011EFB3,1,5,01 00 00 B3 EF
2026-09-28T15:22:49.271+00:00,23192.708,RX,peer_observation,0001006E,1,7,01 00 00 0F 03 6E 00
2026-09-28T15:22:49.271+00:00,23192.925,RX,peer_observation,0011006E,1,5,01 00 00 6E 00
2026-09-28T15:22:49.276+00:00,23197.688,RX,peer_observation,0001F0D3,1,7,01 00 00 0F 03 D3 F0
2026-09-28T15:22:49.276+00:00,23197.978,RX,peer_observation,0011F0D3,1,5,01 00 00 D3 F0
2026-09-28T15:22:49.281+00:00,23202.706,RX,peer_observation,00016029,1,7,01 00 00 0F 03 29 60
2026-09-28T15:22:49.281+00:00,23203.005,RX,peer_observation,00116029,1,5,01 00 00 29 60
2026-09-28T15:22:49.286+00:00,23207.708,RX,peer_observation,00010E22,1,7,01 00 00 0F 03 22 0E
2026-09-28T15:22:49.286+00:00,23208.005,RX,peer_observation,00110E22,1,5,01 00 00 22 0E
2026-09-28T15:22:49.291+00:00,23212.783,RX,peer_observation,00015461,1,7,01 00 00 0F 03 61 54
2026-09-28T15:22:49.291+00:00,23212.952,RX,peer_observation,00115461,1,5,01 00 00 61 54
2026-09-28T15:22:49.296+00:00,23217.709,RX,peer_observation,00013128,1,7,01 00 00 0F 03 28 31
2026-09-28T15:22:49.296+00:00,23217.934,RX,peer_observation,00113128,1,5,01 00 00 28 31
2026-09-28T15:22:49.301+00:00,23222.707,RX,peer_observation,0001D118,1,7,01 00 00 0F 03 18 D1
2026-09-28T15:22:49.301+00:00,23222.953,RX,peer_observation,0011D118,1,5,01 00 00 18 D1
2026-09-28T15:22:49.306+00:00,23227.703,RX,peer_observation,0001C33A,1,7,01 00 00 0F 03 3A C3
2026-09-28T15:22:49.306+00:00,23227.929,RX,peer_observation,0011C33A,1,5,01 00 00 3A C3
2026-09-28T15:22:49.311+00:00,23232.706,RX,peer_observation,0001BEC6,1,7,01 00 00 0F 03 C6 BE
2026-09-28T15:22:49.311+00:00,23232.949,RX,peer_observation,0011BEC6,1,5,01 00 00 C6 BE
2026-09-28T15:22:49.316+00:00,23237.690,RX,peer_observation,000156AB,1,7,01 00 00 0F 03 AB 56
2026-09-28T15:22:49.316+00:00,23237.955,RX,peer_observation,001156AB,1,5,01 00 00 AB 56
2026-09-28T15:22:49.321+00:00,23242.706,RX,peer_observation,0001FEC0,1,7,01 00 00 0F 03 C0 FE
2026-09-28T15:22:49.321+00:00,23242.950,RX,peer_observation,0011FEC0,1,5,01 00 00 C0 FE
2026-09-28T15:22:49.326+00:00,23247.707,RX,peer_observation,0001B98A,1,7,01 00 00 0F 03 8A B9
2026-09-28T15:22:49.326+00:00,23247.938,RX,peer_observation,0011B98A,1,5,01 00 00 8A B9
2026-09-28T15:22:49.331+00:00,23252.708,RX,peer_observation,00012766,1,7,01 00 00 0F 03 66 27
2026-09-28T15:22:49.331+00:00,23252.935,RX,peer_observation,00112766,1,5,01 00 00 66 27
2026-09-28T15:22:49.336+00:00,23257.708,RX,peer_observation,0001D54D,1,7,01 00 00 0F 03 4D D5
2026-09-28T15:22:49.336+00:00,23257.943,RX,peer_observation,0011D54D,1,5,01 00 00 4D D5
2026-09-28T15:22:49.341+00:00,23262.707,RX,peer_observation,00012DF7,1,7,01 00 00 0F 03 F7 2D
2026-09-28T15:22:49.341+00:00,23262.951,RX,peer_observation,00112DF7,1,5,01 00 00 F7 2D
2026-09-28T15:22:49.346+00:00,23267.692,RX,peer_observation,00013054,1,7,01 00 00 0F 03 54 30
2026-09-28T15:22:49.346+00:00,23268.053,RX,peer_observation,00113054,1,5,01 00 00 54 30
2026-09-28T15:22:49.351+00:00,23272.706,RX,peer_observation,000104B9,1,7,01 00 00 0F 03 B9 04
2026-09-28T15:22:49.351+00:00,23273.054,RX,peer_observation,001104B9,1,5,01 00 00 B9 04
2026-09-28T15:22:49.356+00:00,23277.704,RX,peer_observation,00019626,1,7,01 00 00 0F 03 26 96
2026-09-28T15:22:49.356+00:00,23277.986,RX,peer_observation,00119626,1,5,01 00 00 26 96
2026-09-28T15:22:49.361+00:00,23282.717,RX,peer_observation,000156DD,1,7,01 00 00 0F 03 DD 56
2026-09-28T15:22:49.361+00:00,23283.072,RX,peer_observation,001156DD,1,5,01 00 00 DD 56
2026-09-28T15:22:49.366+00:00,23287.711,RX,peer_observation,000178DF,1,7,01 00 00 0F 03 DF 78
2026-09-28T15:22:49.366+00:00,23287.944,RX,peer_observation,001178DF,1,5,01 00 00 DF 78
2026-09-28T15:22:49.371+00:00,23292.743,RX,peer_observation,00015846,1,7,01 00 00 0F 03 46 58
2026-09-28T15:22:49.371+00:00,23292.948,RX,peer_observation,00115846,1,5,01 00 00 46 58
2026-09-28T15:22:49.376+00:00,23297.790,RX,peer_observation,0001F221,1,7,01 00 00 0F 03 21 F2
2026-09-28T15:22:49.376+00:00,23297.893,RX,peer_observation,0011F221,1,5,01 00 00 21 F2
2026-09-28T15:22:49.381+00:00,23302.814,RX,peer_observation,00015A1B,1,7,01 00 00 0F 03 1B 5A
2026-09-28T15:22:49.381+00:00,23302.896,RX,peer_observation,00115A1B,1,5,01 00 00 1B 5A
2026-09-28T15:22:49.386+00:00,23307.709,RX,peer_observation,0001878B,1,7,01 00 00 0F 03 8B 87
2026-09-28T15:22:49.386+00:00,23307.982,RX,peer_observation,0011878B,1,5,01 00 00 8B 87
2026-09-28T15:22:49.391+00:00,23312.872,RX,peer_observation,00014DCB,1,7,01 00 00 0F 03 CB 4D
2026-09-28T15:22:49.391+00:00,23312.956,RX,peer_observation,00114DCB,1,5,01 00 00 CB 4D
2026-09-28T15:22:49.396+00:00,23317.909,RX,peer_observation,0001D27A,1,7,01 00 00 0F 03 7A D2
2026-09-28T15:22:49.396+00:00,23317.967,RX,peer_observation,0011D27A,1,5,01 00 00 7A D2
2026-09-28T15:22:49.401+00:00,23322.873,RX,peer_observation,000166EB,1,7,01 00 00 0F 03 EB 66
2026-09-28T15:22:49.401+00:00,23323.006,RX,peer_observation,001166EB,1,5,01 00 00 EB 66
2026-09-28T15:22:49.406+00:00,23327.905,RX,peer_observation,000170A8,1,7,01 00 00 0F 03 A8 70
2026-09-28T15:22:49.406+00:00,23328.079,RX,peer_observation,001170A8,1,5,01 00 00 A8 70
2026-09-28T15:22:49.411+00:00,23332.874,RX,peer_observation,00011D1C,1,7,01 00 00 0F 03 1C 1D
2026-09-28T15:22:49.411+00:00,23333.009,RX,peer_observation,00111D1C,1,5,01 00 00 1C 1D
2026-09-28T15:22:49.416+00:00,23337.877,RX,peer_observation,0001BEE9,1,7,01 00 00 0F 03 E9 BE
2026-09-28T15:22:49.416+00:00,23337.936,RX,peer_observation,0011BEE9,1,5,01 00 00 E9 BE
2026-09-28T15:22:49.421+00:00,23342.903,RX,peer_observation,000141D6,1,7,01 00 00 0F 03 D6 41
2026-09-28T15:22:49.421+00:00,23343.077,RX,peer_observation,001141D6,1,5,01 00 00 D6 41
2026-09-28T15:22:49.426+00:00,23347.908,RX,peer_observation,00012D07,1,7,01 00 00 0F 03 07 2D
2026-09-28T15:22:49.426+00:00,23348.120,RX,peer_observation,00112D07,1,5,01 00 00 07 2D
2026-09-28T15:22:49.431+00:00,23352.870,RX,peer_observation,0001EECB,1,7,01 00 00 0F 03 CB EE
2026-09-28T15:22:49.431+00:00,23353.025,RX,peer_observation,0011EECB,1,5,01 00 00 CB EE
2026-09-28T15:22:49.436+00:00,23357.907,RX,peer_observation,0001DD9A,1,7,01 00 00 0F 03 9A DD
2026-09-28T15:22:49.436+00:00,23357.965,RX,peer_observation,0011DD9A,1,5,01 00 00 9A DD
2026-09-28T15:22:49.441+00:00,23362.907,RX,peer_observation,0001983F,1,7,01 00 00 0F 03 3F 98
2026-09-28T15:22:49.441+00:00,23363.080,RX,peer_observation,0011983F,1,5,01 00 00 3F 98
2026-09-28T15:22:49.446+00:00,23367.871,RX,peer_observation,0001EA4C,1,7,01 00 00 0F 03 4C EA
2026-09-28T15:22:49.446+00:00,23367.929,RX,peer_observation,0011EA4C,1,5,01 00 00 4C EA
2026-09-28T15:22:49.451+00:00,23372.928,RX,peer_observation,0001878B,1,7,01 00 00 0F 03 8B 87
2026-09-28T15:22:49.451+00:00,23373.026,RX,peer_observation,0011878B,1,5,01 00 00 8B 87
2026-09-28T15:22:49.456+00:00,23377.904,RX,peer_observation,00011CE2,1,7,01 00 00 0F 03 E2 1C
2026-09-28T15:22:49.456+00:00,23377.963,RX,peer_observation,00111CE2,1,5,01 00 00 E2 1C
2026-09-28T15:22:49.461+00:00,23382.875,RX,peer_observation,000150A2,1,7,01 00 00 0F 03 A2 50
2026-09-28T15:22:49.461+00:00,23382.947,RX,peer_observation,001150A2,1,5,01 00 00 A2 50
2026-09-28T15:22:49.466+00:00,23387.907,RX,peer_observation,0001CF09,1,7,01 00 00 0F 03 09 CF
2026-09-28T15:22:49.466+00:00,23387.966,RX,peer_observation,0011CF09,1,5,01 00 00 09 CF
2026-09-28T15:22:49.471+00:00,23392.912,RX,peer_observation,00013653,1,7,01 00 00 0F 03 53 36
2026-09-28T15:22:49.471+00:00,23392.960,RX,peer_observation,00113653,1,5,01 00 00 53 36
2026-09-28T15:22:49.476+00:00,23397.771,RX,peer_observation,000136B2,1,7,01 00 00 0F 03 B2 36
2026-09-28T15:22:49.476+00:00,23398.018,RX,peer_observation,001136B2,1,5,01 00 00 B2 36
2026-09-28T15:22:49.481+00:00,23402.786,RX,peer_observation,0001CF9C,1,7,01 00 00 0F 03 9C CF
2026-09-28T15:22:49.481+00:00,23402.855,RX,peer_observation,0011CF9C,1,5,01 00 00 9C CF
2026-09-28T15:22:49.486+00:00,23407.723,RX,peer_observation,0001628B,1,7,01 00 00 0F 03 8B 62
2026-09-28T15:22:49.486+00:00,23407.845,RX,peer_observation,0011628B,1,5,01 00 00 8B 62
2026-09-28T15:22:49.491+00:00,23412.732,RX,peer_observation,00019945,1,7,01 00 00 0F 03 45 99
2026-09-28T15:22:49.491+00:00,23412.972,RX,peer_observation,00119945,1,5,01 00 00 45 99
2026-09-28T15:22:49.496+00:00,23417.882,RX,peer_observation,0001B1CA,1,7,01 00 00 0F 03 CA B1
2026-09-28T15:22:49.496+00:00,23417.940,RX,peer_observation,0011B1CA,1,5,01 00 00 CA B1
2026-09-28T15:22:49.501+00:00,23422.882,RX,peer_observation,000155A9,1,7,01 00 00 0F 03 A9 55
2026-09-28T15:22:49.501+00:00,23422.938,RX,peer_observation,001155A9,1,5,01 00 00 A9 55
2026-09-28T15:22:49.506+00:00,23427.882,RX,peer_observation,00013870,1,7,01 00 00 0F 03 70 38
2026-09-28T15:22:49.506+00:00,23427.938,RX,peer_observation,00113870,1,5,01 00 00 70 38
2026-09-28T15:22:49.511+00:00,23432.952,RX,peer_observation,0001694C,1,7,01 00 00 0F 03 4C 69
2026-09-28T15:22:49.511+00:00,23433.017,RX,peer_observation,0011694C,1,5,01 00 00 4C 69
2026-09-28T15:22:49.516+00:00,23437.879,RX,peer_observation,00010CAD,1,7,01 00 00 0F 03 AD 0C
2026-09-28T15:22:49.516+00:00,23437.936,RX,peer_observation,00110CAD,1,5,01 00 00 AD 0C
2026-09-28T15:22:49.521+00:00,23442.884,RX,peer_observation,00014DB0,1,7,01 00 00 0F 03 B0 4D
2026-09-28T15:22:49.521+00:00,23442.941,RX,peer_observation,00114DB0,1,5,01 00 00 B0 4D
2026-09-28T15:22:49.526+00:00,23447.884,RX,peer_observation,00018000,1,7,01 00 00 0F 03 00 80
2026-09-28T15:22:49.526+00:00,23448.007,RX,peer_observation,00118000,1,5,01 00 00 00 80
2026-09-28T15:22:49.531+00:00,23452.885,RX,peer_observation,00014C87,1,7,01 00 00 0F 03 87 4C
2026-09-28T15:22:49.531+00:00,23452.942,RX,peer_observation,00114C87,1,5,01 00 00 87 4C
2026-09-28T15:22:49.536+00:00,23458.011,RX,peer_observation,0001BE58,1,7,01 00 00 0F 03 58 BE
2026-09-28T15:22:49.536+00:00,23458.105,RX,peer_observation,0011BE58,1,5,01 00 00 58 BE
2026-09-28T15:22:49.541+00:00,23462.885,RX,peer_observation,0001903E,1,7,01 00 00 0F 03 3E 90
2026-09-28T15:22:49.541+00:00,23462.942,RX,peer_observation,0011903E,1,5,01 00 00 3E 90
2026-09-28T15:22:49.546+00:00,23467.875,RX,peer_observation,00017B38,1,7,01 00 00 0F 03 38 7B
2026-09-28T15:22:49.546+00:00,23467.924,RX,peer_observation,00117B38,1,5,01 00 00 38 7B
2026-09-28T15:22:49.551+00:00,23472.680,RX,peer_observation,0001B369,1,7,01 00 00 0F 03 69 B3
2026-09-28T15:22:49.551+00:00,23472.941,RX,peer_observation,0011B369,1,5,01 00 00 69 B3
2026-09-28T15:22:49.556+00:00,23477.804,RX,peer_observation,000144B0,1,7,01 00 00 0F 03 B0 44
2026-09-28T15:22:49.556+00:00,23478.044,RX,peer_observation,001144B0,1,5,01 00 00 B0 44
2026-09-28T15:22:49.561+00:00,23482.744,RX,peer_observation,0001CF94,1,7,01 00 00 0F 03 94 CF
2026-09-28T15:22:49.561+00:00,23482.946,RX,peer_observation,0011CF94,1,5,01 00 00 94 CF
2026-09-28T15:22:49.566+00:00,23487.784,RX,peer_observation,000125A5,1,7,01 00 00 0F 03 A5 25
2026-09-28T15:22:49.566+00:00,23488.024,RX,peer_observation,001125A5,1,5,01 00 00 A5 25
2026-09-28T15:22:49.571+00:00,23492.764,RX,peer_observation,0001889B,1,7,01 00 00 0F 03 9B 88
2026-09-28T15:22:49.571+00:00,23493.008,RX,peer_observation,0011889B,1,5,01 00 00 9B 88
2026-09-28T15:22:49.576+00:00,23497.711,RX,peer_observation,000138BE,1,7,01 00 00 0F 03 BE 38
2026-09-28T15:22:49.576+00:00,23498.044,RX,peer_observation,001138BE,1,5,01 00 00 BE 38
2026-09-28T15:22:49.581+00:00,23502.900,RX,peer_observation,0001B862,1,7,01 00 00 0F 03 62 B8
2026-09-28T15:22:49.581+00:00,23502.992,RX,peer_observation,0011B862,1,5,01 00 00 62 B8
2026-09-28T15:22:49.586+00:00,23507.783,RX,peer_observation,0001C2F6,1,7,01 00 00 0F 03 F6 C2
2026-09-28T15:22:49.586+00:00,23507.875,RX,peer_observation,0011C2F6,1,5,01 00 00 F6 C2
2026-09-28T15:22:49.591+00:00,23512.880,RX,peer_observation,00012FA7,1,7,01 00 00 0F 03 A7 2F
2026-09-28T15:22:49.591+00:00,23512.992,RX,peer_observation,00112FA7,1,5,01 00 00 A7 2F
2026-09-28T15:22:49.596+00:00,23517.753,RX,peer_observation,0001689D,1,7,01 00 00 0F 03 9D 68
2026-09-28T15:22:49.596+00:00,23517.992,RX,peer_observation,0011689D,1,5,01 00 00 9D 68
2026-09-28T15:22:49.601+00:00,23522.746,RX,peer_observation,00017B50,1,7,01 00 00 0F 03 50 7B
2026-09-28T15:22:49.601+00:00,23522.982,RX,peer_observation,00117B50,1,5,01 00 00 50 7B
2026-09-28T15:22:49.606+00:00,23527.766,RX,peer_observation,0001614F,1,7,01 00 00 0F 03 4F 61
2026-09-28T15:22:49.606+00:00,23528.021,RX,peer_observation,0011614F,1,5,01 00 00 4F 61
2026-09-28T15:22:49.611+00:00,23532.748,RX,peer_observation,00012256,1,7,01 00 00 0F 03 56 22
2026-09-28T15:22:49.611+00:00,23532.996,RX,peer_observation,00112256,1,5,01 00 00 56 22
2026-09-28T15:22:49.616+00:00,23537.785,RX,peer_observation,0001D32E,1,7,01 00 00 0F 03 2E D3
2026-09-28T15:22:49.616+00:00,23537.903,RX,peer_observation,0011D32E,1,5,01 00 00 2E D3
2026-09-28T15:22:49.621+00:00,23542.775,RX,peer_observation,0001EF40,1,7,01 00 00 0F 03 40 EF
2026-09-28T15:22:49.621+00:00,23542.910,RX,peer_observation,0011EF40,1,5,01 00 00 40 EF
2026-09-28T15:22:49.626+00:00,23547.864,RX,peer_observation,0001775E,1,7,01 00 00 0F 03 5E 77
2026-09-28T15:22:49.626+00:00,23547.974,RX,peer_observation,0011775E,1,5,01 00 00 5E 77
2026-09-28T15:22:49.631+00:00,23552.718,RX,peer_observation,0001ECD4,1,7,01 00 00 0F 03 D4 EC
2026-09-28T15:22:49.631+00:00,23553.034,RX,peer_observation,0011ECD4,1,5,01 00 00 D4 EC
2026-09-28T15:22:49.636+00:00,23557.731,RX,peer_observation,0001C191,1,7,01 00 00 0F 03 91 C1
2026-09-28T15:22:49.636+00:00,23557.975,RX,peer_observation,0011C191,1,5,01 00 00 91 C1
2026-09-28T15:22:49.641+00:00,23562.728,RX,peer_observation,0001F055,1,7,01 00 00 0F 03 55 F0
2026-09-28T15:22:49.641+00:00,23562.857,RX,peer_observation,0011F055,1,5,01 00 00 55 F0
2026-09-28T15:22:49.646+00:00,23567.857,RX,peer_observation,00016A2E,1,7,01 00 00 0F 03 2E 6A
2026-09-28T15:22:49.646+00:00,23567.961,RX,peer_observation,00116A2E,1,5,01 00 00 2E 6A
2026-09-28T15:22:49.651+00:00,23572.775,RX,peer_observation,0001E098,1,7,01 00 00 0F 03 98 E0
2026-09-28T15:22:49.651+00:00,23572.895,RX,peer_observation,0011E098,1,5,01 00 00 98 E0
2026-09-28T15:22:49.656+00:00,23577.822,RX,peer_observation,0001DA52,1,7,01 00 00 0F 03 52 DA
2026-09-28T15:22:49.656+00:00,23577.918,RX,peer_observation,0011DA52,1,5,01 00 00 52 DA
2026-09-28T15:22:49.661+00:00,23582.762,RX,peer_observation,0001C3B2,1,7,01 00 00 0F 03 B2 C3
2026-09-28T15:22:49.661+00:00,23582.988,RX,peer_observation,0011C3B2,1,5,01 00 00 B2 C3
2026-09-28T15:22:49.666+00:00,23587.782,RX,peer_observation,00012ABD,1,7,01 00 00 0F 03 BD 2A
2026-09-28T15:22:49.666+00:00,23587.874,RX,peer_observation,00112ABD,1,5,01 00 00 BD 2A
2026-09-28T15:22:49.671+00:00,23592.648,RX,peer_observation,0001EE05,1,7,01 00 00 0F 03 05 EE
2026-09-28T15:22:49.671+00:00,23592.983,RX,peer_observation,0011EE05,1,5,01 00 00 05 EE
2026-09-28T15:22:49.676+00:00,23597.727,RX,peer_observation,00013665,1,7,01 00 00 0F 03 65 36
2026-09-28T15:22:49.676+00:00,23598.199,RX,peer_observation,00113665,1,5,01 00 00 65 36
2026-09-28T15:22:49.681+00:00,23602.760,RX,peer_observation,00013C01,1,7,01 00 00 0F 03 01 3C
2026-09-28T15:22:49.681+00:00,23602.908,RX,peer_observation,00113C01,1,5,01 00 00 01 3C
2026-09-28T15:22:49.686+00:00,23607.869,RX,peer_observation,0001AF4E,1,7,01 00 00 0F 03 4E AF
2026-09-28T15:22:49.686+00:00,23607.944,RX,peer_observation,0011AF4E,1,5,01 00 00 4E AF
2026-09-28T15:22:49.691+00:00,23612.955,RX,peer_observation,000178CE,1,7,01 00 00 0F 03 CE 78
2026-09-28T15:22:49.691+00:00,23613.048,RX,peer_observation,001178CE,1,5,01 00 00 CE 78
2026-09-28T15:22:49.696+00:00,23617.840,RX,peer_observation,00015FD3,1,7,01 00 00 0F 03 D3 5F
2026-09-28T15:22:49.696+00:00,23617.919,RX,peer_observation,00115FD3,1,5,01 00 00 D3 5F
2026-09-28T15:22:49.701+00:00,23622.797,RX,peer_observation,00013ABA,1,7,01 00 00 0F 03 BA 3A
2026-09-28T15:22:49.701+00:00,23622.926,RX,peer_observation,00113ABA,1,5,01 00 00 BA 3A
2026-09-28T15:22:49.706+00:00,23627.754,RX,peer_observation,0001A07F,1,7,01 00 00 0F 03 7F A0
2026-09-28T15:22:49.706+00:00,23627.975,RX,peer_observation,0011A07F,1,5,01 00 00 7F A0
2026-09-28T15:22:49.711+00:00,23632.745,RX,peer_observation,0001231D,1,7,01 00 00 0F 03 1D 23
2026-09-28T15:22:49.711+00:00,23632.976,RX,peer_observation,0011231D,1,5,01 00 00 1D 23
2026-09-28T15:22:49.716+00:00,23637.771,RX,peer_observation,00016E31,1,7,01 00 00 0F 03 31 6E
2026-09-28T15:22:49.716+00:00,23638.054,RX,peer_observation,00116E31,1,5,01 00 00 31 6E
2026-09-28T15:22:49.721+00:00,23642.726,RX,peer_observation,0001D61F,1,7,01 00 00 0F 03 1F D6
2026-09-28T15:22:49.721+00:00,23642.842,RX,peer_observation,0011D61F,1,5,01 00 00 1F D6
2026-09-28T15:22:49.726+00:00,23647.763,RX,peer_observation,0001CE19,1,7,01 00 00 0F 03 19 CE
2026-09-28T15:22:49.726+00:00,23647.995,RX,peer_observation,0011CE19,1,5,01 00 00 19 CE
2026-09-28T15:22:49.731+00:00,23652.748,RX,peer_observation,00019773,1,7,01 00 00 0F 03 73 97
2026-09-28T15:22:49.731+00:00,23652.978,RX,peer_observation,00119773,1,5,01 00 00 73 97
2026-09-28T15:22:49.736+00:00,23657.702,RX,peer_observation,000114D3,1,7,01 00 00 0F 03 D3 14
2026-09-28T15:22:49.736+00:00,23657.988,RX,peer_observation,001114D3,1,5,01 00 00 D3 14
2026-09-28T15:22:49.741+00:00,23662.776,RX,peer_observation,0001C009,1,7,01 00 00 0F 03 09 C0
2026-09-28T15:22:49.741+00:00,23663.008,RX,peer_observation,0011C009,1,5,01 00 00 09 C0
2026-09-28T15:22:49.746+00:00,23667.886,RX,peer_observation,0001D3AA,1,7,01 00 00 0F 03 AA D3
2026-09-28T15:22:49.746+00:00,23667.972,RX,peer_observation,0011D3AA,1,5,01 00 00 AA D3
2026-09-28T15:22:49.751+00:00,23672.953,RX,peer_observation,0001614D,1,7,01 00 00 0F 03 4D 61
2026-09-28T15:22:49.751+00:00,23673.055,RX,peer_observation,0011614D,1,5,01 00 00 4D 61
2026-09-28T15:22:49.756+00:00,23677.757,RX,peer_observation,0001B6C4,1,7,01 00 00 0F 03 C4 B6
2026-09-28T15:22:49.756+00:00,23677.897,RX,peer_observation,0011B6C4,1,5,01 00 00 C4 B6
2026-09-28T15:22:49.761+00:00,23682.760,RX,peer_observation,0001A164,1,7,01 00 00 0F 03 64 A1
2026-09-28T15:22:49.761+00:00,23682.998,RX,peer_observation,0011A164,1,5,01 00 00 64 A1
2026-09-28T15:22:49.766+00:00,23687.742,RX,peer_observation,000190D3,1,7,01 00 00 0F 03 D3 90
2026-09-28T15:22:49.766+00:00,23688.043,RX,peer_observation,001190D3,1,5,01 00 00 D3 90
2026-09-28T15:22:49.771+00:00,23692.721,RX,peer_observation,0001C48A,1,7,01 00 00 0F 03 8A C4
2026-09-28T15:22:49.771+00:00,23693.049,RX,peer_observation,0011C48A,1,5,01 00 00 8A C4
2026-09-28T15:22:49.776+00:00,23697.724,RX,peer_observation,00016873,1,7,01 00 00 0F 03 73 68
2026-09-28T15:22:49.776+00:00,23698.039,RX,peer_observation,00116873,1,5,01 00 00 73 68
2026-09-28T15:22:49.781+00:00,23702.674,RX,peer_observation,0001467B,1,7,01 00 00 0F 03 7B 46
2026-09-28T15:22:49.781+00:00,23702.914,RX,peer_observation,0011467B,1,5,01 00 00 7B 46
2026-09-28T15:22:49.786+00:00,23707.743,RX,peer_observation,0001DD60,1,7,01 00 00 0F 03 60 DD
2026-09-28T15:22:49.786+00:00,23707.994,RX,peer_observation,0011DD60,1,5,01 00 00 60 DD
2026-09-28T15:22:49.791+00:00,23712.705,RX,peer_observation,0001838F,1,7,01 00 00 0F 03 8F 83
2026-09-28T15:22:49.791+00:00,23712.973,RX,peer_observation,0011838F,1,5,01 00 00 8F 83
2026-09-28T15:22:49.796+00:00,23717.903,RX,peer_observation,0001132D,1,7,01 00 00 0F 03 2D 13
2026-09-28T15:22:49.796+00:00,23718.005,RX,peer_observation,0011132D,1,5,01 00 00 2D 13
2026-09-28T15:22:49.801+00:00,23722.883,RX,peer_observation,000107F3,1,7,01 00 00 0F 03 F3 07
2026-09-28T15:22:49.801+00:00,23722.998,RX,peer_observation,001107F3,1,5,01 00 00 F3 07
2026-09-28T15:22:49.806+00:00,23727.997,RX,peer_observation,0001F51C,1,7,01 00 00 0F 03 1C F5
2026-09-28T15:22:49.806+00:00,23728.075,RX,peer_observation,0011F51C,1,5,01 00 00 1C F5
2026-09-28T15:22:49.811+00:00,23732.913,RX,peer_observation,00019826,1,7,01 00 00 0F 03 26 98
2026-09-28T15:22:49.811+00:00,23733.034,RX,peer_observation,00119826,1,5,01 00 00 26 98
2026-09-28T15:22:49.816+00:00,23737.888,RX,peer_observation,0001724E,1,7,01 00 00 0F 03 4E 72
2026-09-28T15:22:49.816+00:00,23737.988,RX,peer_observation,0011724E,1,5,01 00 00 4E 72
2026-09-28T15:22:49.821+00:00,23742.870,RX,peer_observation,00011098,1,7,01 00 00 0F 03 98 10
2026-09-28T15:22:49.821+00:00,23743.030,RX,peer_observation,00111098,1,5,01 00 00 98 10
2026-09-28T15:22:49.826+00:00,23747.968,RX,peer_observation,00011F61,1,7,01 00 00 0F 03 61 1F
2026-09-28T15:22:49.826+00:00,23748.057,RX,peer_observation,00111F61,1,5,01 00 00 61 1F
2026-09-28T15:22:49.831+00:00,23752.971,RX,peer_observation,00013B29,1,7,01 00 00 0F 03 29 3B
2026-09-28T15:22:49.831+00:00,23753.049,RX,peer_observation,00113B29,1,5,01 00 00 29 3B
2026-09-28T15:22:49.836+00:00,23757.965,RX,peer_observation,00013236,1,7,01 00 00 0F 03 36 32
2026-09-28T15:22:49.836+00:00,23758.071,RX,peer_observation,00113236,1,5,01 00 00 36 32
2026-09-28T15:22:49.841+00:00,23762.717,RX,peer_observation,0001C7DA,1,7,01 00 00 0F 03 DA C7
2026-09-28T15:22:49.841+00:00,23763.032,RX,peer_observation,0011C7DA,1,5,01 00 00 DA C7
2026-09-28T15:22:49.846+00:00,23767.721,RX,peer_observation,00012A71,1,7,01 00 00 0F 03 71 2A
2026-09-28T15:22:49.846+00:00,23767.947,RX,peer_observation,00112A71,1,5,01 00 00 71 2A
2026-09-28T15:22:49.851+00:00,23772.785,RX,peer_observation,00017EE3,1,7,01 00 00 0F 03 E3 7E
2026-09-28T15:22:49.851+00:00,23772.862,RX,peer_observation,00117EE3,1,5,01 00 00 E3 7E
2026-09-28T15:22:49.856+00:00,23777.753,RX,peer_observation,0001F4FC,1,7,01 00 00 0F 03 FC F4
2026-09-28T15:22:49.856+00:00,23777.983,RX,peer_observation,0011F4FC,1,5,01 00 00 FC F4
2026-09-28T15:22:49.861+00:00,23782.791,RX,peer_observation,0001E915,1,7,01 00 00 0F 03 15 E9
2026-09-28T15:22:49.861+00:00,23782.883,RX,peer_observation,0011E915,1,5,01 00 00 15 E9
2026-09-28T15:22:49.866+00:00,23787.721,RX,peer_observation,00011287,1,7,01 00 00 0F 03 87 12
2026-09-28T15:22:49.866+00:00,23787.929,RX,peer_observation,00111287,1,5,01 00 00 87 12
2026-09-28T15:22:49.871+00:00,23792.952,RX,peer_observation,00013C31,1,7,01 00 00 0F 03 31 3C
2026-09-28T15:22:49.871+00:00,23793.037,RX,peer_observation,00113C31,1,5,01 00 00 31 3C
2026-09-28T15:22:49.876+00:00,23797.959,RX,peer_observation,000170E4,1,7,01 00 00 0F 03 E4 70
2026-09-28T15:22:49.876+00:00,23798.031,RX,peer_observation,001170E4,1,5,01 00 00 E4 70
2026-09-28T15:22:49.881+00:00,23803.034,RX,peer_observation,00011B93,1,7,01 00 00 0F 03 93 1B
2026-09-28T15:22:49.881+00:00,23803.188,RX,peer_observation,00111B93,1,5,01 00 00 93 1B
2026-09-28T15:22:49.886+00:00,23807.940,RX,peer_observation,000184AC,1,7,01 00 00 0F 03 AC 84
2026-09-28T15:22:49.886+00:00,23808.048,RX,peer_observation,001184AC,1,5,01 00 00 AC 84
2026-09-28T15:22:49.891+00:00,23812.694,RX,peer_observation,0001E26A,1,7,01 00 00 0F 03 6A E2
2026-09-28T15:22:49.891+00:00,23813.007,RX,peer_observation,0011E26A,1,5,01 00 00 6A E2
2026-09-28T15:22:49.896+00:00,23817.894,RX,peer_observation,00016C90,1,7,01 00 00 0F 03 90 6C
2026-09-28T15:22:49.896+00:00,23817.970,RX,peer_observation,00116C90,1,5,01 00 00 90 6C
2026-09-28T15:22:49.901+00:00,23822.702,RX,peer_observation,00010351,1,7,01 00 00 0F 03 51 03
2026-09-28T15:22:49.901+00:00,23823.005,RX,peer_observation,00110351,1,5,01 00 00 51 03
2026-09-28T15:22:49.906+00:00,23827.736,RX,peer_observation,00017549,1,7,01 00 00 0F 03 49 75
2026-09-28T15:22:49.906+00:00,23827.887,RX,peer_observation,00117549,1,5,01 00 00 49 75
2026-09-28T15:22:49.911+00:00,23832.733,RX,peer_observation,00012E03,1,7,01 00 00 0F 03 03 2E
2026-09-28T15:22:49.911+00:00,23832.975,RX,peer_observation,00112E03,1,5,01 00 00 03 2E
2026-09-28T15:22:49.916+00:00,23837.671,RX,peer_observation,0001E4F8,1,7,01 00 00 0F 03 F8 E4
2026-09-28T15:22:49.916+00:00,23837.961,RX,peer_observation,0011E4F8,1,5,01 00 00 F8 E4
2026-09-28T15:22:49.921+00:00,23842.727,RX,peer_observation,0001B284,1,7,01 00 00 0F 03 84 B2
2026-09-28T15:22:49.921+00:00,23842.948,RX,peer_observation,0011B284,1,5,01 00 00 84 B2
2026-09-28T15:22:49.926+00:00,23847.807,RX,peer_observation,00019E7F,1,7,01 00 00 0F 03 7F 9E
2026-09-28T15:22:49.926+00:00,23847.998,RX,peer_observation,00119E7F,1,5,01 00 00 7F 9E
2026-09-28T15:22:49.931+00:00,23852.796,RX,peer_observation,000115F1,1,7,01 00 00 0F 03 F1 15
2026-09-28T15:22:49.931+00:00,23852.872,RX,peer_observation,001115F1,1,5,01 00 00 F1 15
2026-09-28T15:22:49.936+00:00,23857.786,RX,peer_observation,0001051A,1,7,01 00 00 0F 03 1A 05
2026-09-28T15:22:49.936+00:00,23857.877,RX,peer_observation,0011051A,1,5,01 00 00 1A 05
2026-09-28T15:22:49.941+00:00,23862.716,RX,peer_observation,0001FBD9,1,7,01 00 00 0F 03 D9 FB
2026-09-28T15:22:49.941+00:00,23863.005,RX,peer_observation,0011FBD9,1,5,01 00 00 D9 FB
2026-09-28T15:22:49.946+00:00,23867.771,RX,peer_observation,00012639,1,7,01 00 00 0F 03 39 26
2026-09-28T15:22:49.946+00:00,23868.020,RX,peer_observation,00112639,1,5,01 00 00 39 26
2026-09-28T15:22:49.951+00:00,23872.685,RX,peer_observation,000193CC,1,7,01 00 00 0F 03 CC 93
2026-09-28T15:22:49.951+00:00,23873.047,RX,peer_observation,001193CC,1,5,01 00 00 CC 93
2026-09-28T15:22:49.956+00:00,23877.788,RX,peer_observation,00014F70,1,7,01 00 00 0F 03 70 4F
2026-09-28T15:22:49.956+00:00,23878.015,RX,peer_observation,00114F70,1,5,01 00 00 70 4F
2026-09-28T15:22:49.961+00:00,23882.761,RX,peer_observation,0001A97F,1,7,01 00 00 0F 03 7F A9
2026-09-28T15:22:49.961+00:00,23883.070,RX,peer_observation,0011A97F,1,5,01 00 00 7F A9
2026-09-28T15:22:49.966+00:00,23887.731,RX,peer_observation,000127FD,1,7,01 00 00 0F 03 FD 27
2026-09-28T15:22:49.966+00:00,23888.003,RX,peer_observation,001127FD,1,5,01 00 00 FD 27
2026-09-28T15:22:49.971+00:00,23892.701,RX,peer_observation,000162B8,1,7,01 00 00 0F 03 B8 62
2026-09-28T15:22:49.971+00:00,23892.951,RX,peer_observation,001162B8,1,5,01 00 00 B8 62
2026-09-28T15:22:49.976+00:00,23897.735,RX,peer_observation,00019125,1,7,01 00 00 0F 03 25 91
2026-09-28T15:22:49.976+00:00,23897.987,RX,peer_observation,00119125,1,5,01 00 00 25 91
2026-09-28T15:22:49.981+00:00,23902.722,RX,peer_observation,0001E4E5,1,7,01 00 00 0F 03 E5 E4
2026-09-28T15:22:49.981+00:00,23902.938,RX,peer_observation,0011E4E5,1,5,01 00 00 E5 E4
2026-09-28T15:22:49.986+00:00,23907.707,RX,peer_observation,00013A86,1,7,01 00 00 0F 03 86 3A
2026-09-28T15:22:49.986+00:00,23907.909,RX,peer_observation,00113A86,1,5,01 00 00 86 3A
2026-09-28T15:22:49.991+00:00,23912.777,RX,peer_observation,0001ED03,1,7,01 00 00 0F 03 03 ED
2026-09-28T15:22:49.991+00:00,23912.854,RX,peer_observation,0011ED03,1,5,01 00 00 03 ED
2026-09-28T15:22:49.996+00:00,23917.675,RX,peer_observation,00011B07,1,7,01 00 00 0F 03 07 1B
2026-09-28T15:22:49.996+00:00,23917.894,RX,peer_observation,00111B07,1,5,01 00 00 07 1B
2026-09-28T15:22:50.001+00:00,23922.761,RX,peer_observation,00018342,1,7,01 00 00 0F 03 42 83
2026-09-28T15:22:50.001+00:00,23922.868,RX,peer_observation,00118342,1,5,01 00 00 42 83
2026-09-28T15:22:50.006+00:00,23927.770,RX,peer_observation,00010D11,1,7,01 00 00 0F 03 11 0D
2026-09-28T15:22:50.006+00:00,23927.889,RX,peer_observation,00110D11,1,5,01 00 00 11 0D
2026-09-28T15:22:50.011+00:00,23932.912,RX,peer_observation,0001FC8D,1,7,01 00 00 0F 03 8D FC
2026-09-28T15:22:50.011+00:00,23933.033,RX,peer_observation,0011FC8D,1,5,01 00 00 8D FC
2026-09-28T15:22:50.016+00:00,23937.892,RX,peer_observation,00019C3A,1,7,01 00 00 0F 03 3A 9C
2026-09-28T15:22:50.016+00:00,23937.983,RX,peer_observation,00119C3A,1,5,01 00 00 3A 9C
2026-09-28T15:22:50.021+00:00,23942.886,RX,peer_observation,00014AD9,1,7,01 00 00 0F 03 D9 4A
2026-09-28T15:22:50.021+00:00,23942.975,RX,peer_observation,00114AD9,1,5,01 00 00 D9 4A
2026-09-28T15:22:50.026+00:00,23947.823,RX,peer_observation,0001F47A,1,7,01 00 00 0F 03 7A F4
2026-09-28T15:22:50.026+00:00,23947.986,RX,peer_observation,0011F47A,1,5,01 00 00 7A F4
2026-09-28T15:22:50.031+00:00,23952.636,RX,peer_observation,0001A9EB,1,7,01 00 00 0F 03 EB A9
2026-09-28T15:22:50.031+00:00,23952.931,RX,peer_observation,0011A9EB,1,5,01 00 00 EB A9
2026-09-28T15:22:50.036+00:00,23957.889,RX,peer_observation,00016EB1,1,7,01 00 00 0F 03 B1 6E
2026-09-28T15:22:50.036+00:00,23957.968,RX,peer_observation,00116EB1,1,5,01 00 00 B1 6E
2026-09-28T15:22:50.041+00:00,23962.669,RX,peer_observation,000140F8,1,7,01 00 00 0F 03 F8 40
2026-09-28T15:22:50.041+00:00,23962.916,RX,peer_observation,001140F8,1,5,01 00 00 F8 40
2026-09-28T15:22:50.046+00:00,23967.686,RX,peer_observation,00017405,1,7,01 00 00 0F 03 05 74
2026-09-28T15:22:50.046+00:00,23967.930,RX,peer_observation,00117405,1,5,01 00 00 05 74
2026-09-28T15:22:50.051+00:00,23972.733,RX,peer_observation,00011249,1,7,01 00 00 0F 03 49 12
2026-09-28T15:22:50.051+00:00,23972.845,RX,peer_observation,00111249,1,5,01 00 00 49 12
2026-09-28T15:22:50.056+00:00,23977.811,RX,peer_observation,0001615C,1,7,01 00 00 0F 03 5C 61
2026-09-28T15:22:50.056+00:00,23977.868,RX,peer_observation,0011615C,1,5,01 00 00 5C 61
2026-09-28T15:22:50.061+00:00,23982.675,RX,peer_observation,000110C4,1,7,01 00 00 0F 03 C4 10
2026-09-28T15:22:50.061+00:00,23982.928,RX,peer_observation,001110C4,1,5,01 00 00 C4 10
2026-09-28T15:22:50.066+00:00,23987.735,RX,peer_observation,0001CDFC,1,7,01 00 00 0F 03 FC CD
2026-09-28T15:22:50.066+00:00,23987.846,RX,peer_observation,0011CDFC,1,5,01 00 00 FC CD
2026-09-28T15:22:50.071+00:00,23992.808,RX,peer_observation,00012C12,1,7,01 00 00 0F 03 12 2C
2026-09-28T15:22:50.071+00:00,23992.865,RX,peer_observation,00112C12,1,5,01 00 00 12 2C
2026-09-28T15:22:50.076+00:00,23997.660,RX,peer_observation,00011020,1,7,01 00 00 0F 03 20 10
2026-09-28T15:22:50.076+00:00,23997.985,RX,peer_observation,00111020,1,5,01 00 00 20 10
2026-09-28T15:22:50.081+00:00,24002.795,RX,peer_observation,00014AB7,1,7,01 00 00 0F 03 B7 4A
2026-09-28T15:22:50.081+00:00,24002.954,RX,peer_observation,00114AB7,1,5,01 00 00 B7 4A
2026-09-28T15:22:50.086+00:00,24007.647,RX,peer_observation,0001A3FD,1,7,01 00 00 0F 03 FD A3
2026-09-28T15:22:50.086+00:00,24007.875,RX,peer_observation,0011A3FD,1,5,01 00 00 FD A3
2026-09-28T15:22:50.091+00:00,24012.851,RX,peer_observation,0001AE51,1,7,01 00 00 0F 03 51 AE
2026-09-28T15:22:50.091+00:00,24012.914,RX,peer_observation,0011AE51,1,5,01 00 00 51 AE
2026-09-28T15:22:50.096+00:00,24017.685,RX,peer_observation,0001C58A,1,7,01 00 00 0F 03 8A C5
2026-09-28T15:22:50.096+00:00,24017.913,RX,peer_observation,0011C58A,1,5,01 00 00 8A C5
2026-09-28T15:22:50.101+00:00,24022.675,RX,peer_observation,0001A8E4,1,7,01 00 00 0F 03 E4 A8
2026-09-28T15:22:50.101+00:00,24022.922,RX,peer_observation,0011A8E4,1,5,01 00 00 E4 A8
2026-09-28T15:22:50.106+00:00,24027.668,RX,peer_observation,00016B0F,1,7,01 00 00 0F 03 0F 6B
2026-09-28T15:22:50.106+00:00,24027.885,RX,peer_observation,00116B0F,1,5,01 00 00 0F 6B
2026-09-28T15:22:50.111+00:00,24032.686,RX,peer_observation,0001C2D5,1,7,01 00 00 0F 03 D5 C2
2026-09-28T15:22:50.111+00:00,24032.928,RX,peer_observation,0011C2D5,1,5,01 00 00 D5 C2
2026-09-28T15:22:50.116+00:00,24037.670,RX,peer_observation,00019242,1,7,01 00 00 0F 03 42 92
2026-09-28T15:22:50.116+00:00,24037.906,RX,peer_observation,00119242,1,5,01 00 00 42 92
2026-09-28T15:22:50.121+00:00,24042.697,RX,peer_observation,00017800,1,7,01 00 00 0F 03 00 78
2026-09-28T15:22:50.121+00:00,24042.900,RX,peer_observation,00117800,1,5,01 00 00 00 78
2026-09-28T15:22:50.126+00:00,24047.662,RX,peer_observation,00011779,1,7,01 00 00 0F 03 79 17
2026-09-28T15:22:50.126+00:00,24047.956,RX,peer_observation,00111779,1,5,01 00 00 79 17
2026-09-28T15:22:50.131+00:00,24052.631,RX,peer_observation,0001DF16,1,7,01 00 00 0F 03 16 DF
2026-09-28T15:22:50.131+00:00,24052.871,RX,peer_observation,0011DF16,1,5,01 00 00 16 DF
2026-09-28T15:22:50.136+00:00,24057.662,RX,peer_observation,00016240,1,7,01 00 00 0F 03 40 62
2026-09-28T15:22:50.136+00:00,24057.808,RX,peer_observation,00116240,1,5,01 00 00 40 62
2026-09-28T15:22:50.141+00:00,24062.654,RX,peer_observation,0001DD20,1,7,01 00 00 0F 03 20 DD
2026-09-28T15:22:50.141+00:00,24062.880,RX,peer_observation,0011DD20,1,5,01 00 00 20 DD
2026-09-28T15:22:50.146+00:00,24067.636,RX,peer_observation,00019852,1,7,01 00 00 0F 03 52 98
2026-09-28T15:22:50.146+00:00,24067.976,RX,peer_observation,00119852,1,5,01 00 00 52 98
2026-09-28T15:22:50.151+00:00,24072.705,RX,peer_observation,0001A7D9,1,7,01 00 00 0F 03 D9 A7
2026-09-28T15:22:50.151+00:00,24072.862,RX,peer_observation,0011A7D9,1,5,01 00 00 D9 A7
2026-09-28T15:22:50.156+00:00,24077.719,RX,peer_observation,000117C0,1,7,01 00 00 0F 03 C0 17
2026-09-28T15:22:50.156+00:00,24077.814,RX,peer_observation,001117C0,1,5,01 00 00 C0 17
2026-09-28T15:22:50.161+00:00,24082.636,RX,peer_observation,00011842,1,7,01 00 00 0F 03 42 18
2026-09-28T15:22:50.161+00:00,24082.960,RX,peer_observation,00111842,1,5,01 00 00 42 18
2026-09-28T15:22:50.166+00:00,24087.842,RX,peer_observation,00017ED6,1,7,01 00 00 0F 03 D6 7E
2026-09-28T15:22:50.166+00:00,24088.008,RX,peer_observation,00117ED6,1,5,01 00 00 D6 7E
2026-09-28T15:22:50.171+00:00,24092.610,RX,peer_observation,00019B95,1,7,01 00 00 0F 03 95 9B
2026-09-28T15:22:50.171+00:00,24092.859,RX,peer_observation,00119B95,1,5,01 00 00 95 9B
2026-09-28T15:22:50.176+00:00,24097.675,RX,peer_observation,00017FF6,1,7,01 00 00 0F 03 F6 7F
2026-09-28T15:22:50.176+00:00,24097.810,RX,peer_observation,00117FF6,1,5,01 00 00 F6 7F
2026-09-28T15:22:50.181+00:00,24102.705,RX,peer_observation,0001F38C,1,7,01 00 00 0F 03 8C F3
2026-09-28T15:22:50.181+00:00,24102.958,RX,peer_observation,0011F38C,1,5,01 00 00 8C F3
2026-09-28T15:22:50.186+00:00,24107.776,RX,peer_observation,0001657E,1,7,01 00 00 0F 03 7E 65
2026-09-28T15:22:50.186+00:00,24107.912,RX,peer_observation,0011657E,1,5,01 00 00 7E 65
2026-09-28T15:22:50.191+00:00,24112.743,RX,peer_observation,00010793,1,7,01 00 00 0F 03 93 07
2026-09-28T15:22:50.191+00:00,24113.006,RX,peer_observation,00110793,1,5,01 00 00 93 07
2026-09-28T15:22:50.196+00:00,24117.653,RX,peer_observation,00018181,1,7,01 00 00 0F 03 81 81
2026-09-28T15:22:50.196+00:00,24117.882,RX,peer_observation,00118181,1,5,01 00 00 81 81
2026-09-28T15:22:50.201+00:00,24122.656,RX,peer_observation,0001E757,1,7,01 00 00 0F 03 57 E7
2026-09-28T15:22:50.201+00:00,24122.883,RX,peer_observation,0011E757,1,5,01 00 00 57 E7
2026-09-28T15:22:50.206+00:00,24127.884,RX,peer_observation,0001B2CE,1,7,01 00 00 0F 03 CE B2
2026-09-28T15:22:50.206+00:00,24128.047,RX,peer_observation,0011B2CE,1,5,01 00 00 CE B2
2026-09-28T15:22:50.211+00:00,24132.911,RX,peer_observation,0001C3D7,1,7,01 00 00 0F 03 D7 C3
2026-09-28T15:22:50.211+00:00,24133.041,RX,peer_observation,0011C3D7,1,5,01 00 00 D7 C3
2026-09-28T15:22:50.216+00:00,24137.605,RX,peer_observation,0001149F,1,7,01 00 00 0F 03 9F 14
2026-09-28T15:22:50.216+00:00,24137.901,RX,peer_observation,0011149F,1,5,01 00 00 9F 14
2026-09-28T15:22:50.221+00:00,24142.663,RX,peer_observation,00019AE9,1,7,01 00 00 0F 03 E9 9A
2026-09-28T15:22:50.221+00:00,24143.018,RX,peer_observation,00119AE9,1,5,01 00 00 E9 9A
2026-09-28T15:22:50.226+00:00,24147.832,RX,peer_observation,000103EB,1,7,01 00 00 0F 03 EB 03
2026-09-28T15:22:50.226+00:00,24147.886,RX,peer_observation,001103EB,1,5,01 00 00 EB 03
2026-09-28T15:22:50.231+00:00,24152.769,RX,peer_observation,000105C2,1,7,01 00 00 0F 03 C2 05
2026-09-28T15:22:50.231+00:00,24152.825,RX,peer_observation,001105C2,1,5,01 00 00 C2 05
2026-09-28T15:22:50.236+00:00,24157.636,RX,peer_observation,00016125,1,7,01 00 00 0F 03 25 61
2026-09-28T15:22:50.236+00:00,24157.877,RX,peer_observation,00116125,1,5,01 00 00 25 61
2026-09-28T15:22:50.241+00:00,24162.635,RX,peer_observation,00010A04,1,7,01 00 00 0F 03 04 0A
2026-09-28T15:22:50.241+00:00,24162.883,RX,peer_observation,00110A04,1,5,01 00 00 04 0A
2026-09-28T15:22:50.246+00:00,24167.853,RX,peer_observation,0001C2F3,1,7,01 00 00 0F 03 F3 C2
2026-09-28T15:22:50.246+00:00,24167.941,RX,peer_observation,0011C2F3,1,5,01 00 00 F3 C2
2026-09-28T15:22:50.251+00:00,24172.757,RX,peer_observation,00013172,1,7,01 00 00 0F 03 72 31
2026-09-28T15:22:50.251+00:00,24173.096,RX,peer_observation,00113172,1,5,01 00 00 72 31
2026-09-28T15:22:50.256+00:00,24177.742,RX,peer_observation,0001CE2B,1,7,01 00 00 0F 03 2B CE
2026-09-28T15:22:50.256+00:00,24177.992,RX,peer_observation,0011CE2B,1,5,01 00 00 2B CE
2026-09-28T15:22:50.261+00:00,24182.670,RX,peer_observation,0001F723,1,7,01 00 00 0F 03 23 F7
2026-09-28T15:22:50.261+00:00,24182.807,RX,peer_observation,0011F723,1,5,01 00 00 23 F7
2026-09-28T15:22:50.266+00:00,24187.715,RX,peer_observation,0001CD0C,1,7,01 00 00 0F 03 0C CD
2026-09-28T15:22:50.266+00:00,24187.812,RX,peer_observation,0011CD0C,1,5,01 00 00 0C CD
2026-09-28T15:22:50.271+00:00,24192.689,RX,peer_observation,0001ADF0,1,7,01 00 00 0F 03 F0 AD
2026-09-28T15:22:50.271+00:00,24192.888,RX,peer_observation,0011ADF0,1,5,01 00 00 F0 AD
2026-09-28T15:22:50.276+00:00,24197.901,RX,peer_observation,0001FF8A,1,7,01 00 00 0F 03 8A FF
2026-09-28T15:22:50.276+00:00,24198.012,RX,peer_observation,0011FF8A,1,5,01 00 00 8A FF
2026-09-28T15:22:50.281+00:00,24202.870,RX,peer_observation,00011E7E,1,7,01 00 00 0F 03 7E 1E
2026-09-28T15:22:50.281+00:00,24202.960,RX,peer_observation,00111E7E,1,5,01 00 00 7E 1E
2026-09-28T15:22:50.286+00:00,24208.037,RX,peer_observation,0001EC38,1,7,01 00 00 0F 03 38 EC
2026-09-28T15:22:50.286+00:00,24208.137,RX,peer_observation,0011EC38,1,5,01 00 00 38 EC
2026-09-28T15:22:50.291+00:00,24212.669,RX,peer_observation,0001AC07,1,7,01 00 00 0F 03 07 AC
2026-09-28T15:22:50.291+00:00,24213.069,RX,peer_observation,0011AC07,1,5,01 00 00 07 AC
2026-09-28T15:22:50.296+00:00,24217.776,RX,peer_observation,0001FD06,1,7,01 00 00 0F 03 06 FD
2026-09-28T15:22:50.296+00:00,24217.832,RX,peer_observation,0011FD06,1,5,01 00 00 06 FD
2026-09-28T15:22:50.301+00:00,24222.644,RX,peer_observation,000199D1,1,7,01 00 00 0F 03 D1 99
2026-09-28T15:22:50.301+00:00,24222.995,RX,peer_observation,001199D1,1,5,01 00 00 D1 99
2026-09-28T15:22:50.306+00:00,24227.667,RX,peer_observation,000164EE,1,7,01 00 00 0F 03 EE 64
2026-09-28T15:22:50.306+00:00,24227.991,RX,peer_observation,001164EE,1,5,01 00 00 EE 64
2026-09-28T15:22:50.311+00:00,24232.655,RX,peer_observation,000103F4,1,7,01 00 00 0F 03 F4 03
2026-09-28T15:22:50.311+00:00,24232.993,RX,peer_observation,001103F4,1,5,01 00 00 F4 03
2026-09-28T15:22:50.316+00:00,24237.785,RX,peer_observation,0001434A,1,7,01 00 00 0F 03 4A 43
2026-09-28T15:22:50.316+00:00,24237.870,RX,peer_observation,0011434A,1,5,01 00 00 4A 43
2026-09-28T15:22:50.321+00:00,24242.669,RX,peer_observation,000128E0,1,7,01 00 00 0F 03 E0 28
2026-09-28T15:22:50.321+00:00,24242.944,RX,peer_observation,001128E0,1,5,01 00 00 E0 28
2026-09-28T15:22:50.326+00:00,24247.670,RX,peer_observation,00019B68,1,7,01 00 00 0F 03 68 9B
2026-09-28T15:22:50.326+00:00,24247.982,RX,peer_observation,00119B68,1,5,01 00 00 68 9B
2026-09-28T15:22:50.331+00:00,24252.790,RX,peer_observation,0001EDC2,1,7,01 00 00 0F 03 C2 ED
2026-09-28T15:22:50.331+00:00,24252.910,RX,peer_observation,0011EDC2,1,5,01 00 00 C2 ED
2026-09-28T15:22:50.336+00:00,24257.745,RX,peer_observation,0001B297,1,7,01 00 00 0F 03 97 B2
2026-09-28T15:22:50.336+00:00,24257.822,RX,peer_observation,0011B297,1,5,01 00 00 97 B2
2026-09-28T15:22:50.341+00:00,24262.680,RX,peer_observation,000186B8,1,7,01 00 00 0F 03 B8 86
2026-09-28T15:22:50.341+00:00,24262.942,RX,peer_observation,001186B8,1,5,01 00 00 B8 86
2026-09-28T15:22:50.346+00:00,24267.706,RX,peer_observation,000184BD,1,7,01 00 00 0F 03 BD 84
2026-09-28T15:22:50.346+00:00,24268.050,RX,peer_observation,001184BD,1,5,01 00 00 BD 84
2026-09-28T15:22:50.351+00:00,24272.669,RX,peer_observation,0001EC73,1,7,01 00 00 0F 03 73 EC
2026-09-28T15:22:50.351+00:00,24272.823,RX,peer_observation,0011EC73,1,5,01 00 00 73 EC
2026-09-28T15:22:50.356+00:00,24277.739,RX,peer_observation,0001CF3B,1,7,01 00 00 0F 03 3B CF
2026-09-28T15:22:50.356+00:00,24277.856,RX,peer_observation,0011CF3B,1,5,01 00 00 3B CF
2026-09-28T15:22:50.361+00:00,24282.655,RX,peer_observation,0001AFB6,1,7,01 00 00 0F 03 B6 AF
2026-09-28T15:22:50.361+00:00,24282.927,RX,peer_observation,0011AFB6,1,5,01 00 00 B6 AF
2026-09-28T15:22:50.366+00:00,24287.696,RX,peer_observation,000167AD,1,7,01 00 00 0F 03 AD 67
2026-09-28T15:22:50.366+00:00,24288.026,RX,peer_observation,001167AD,1,5,01 00 00 AD 67
2026-09-28T15:22:50.371+00:00,24292.846,RX,peer_observation,000197DE,1,7,01 00 00 0F 03 DE 97
2026-09-28T15:22:50.371+00:00,24292.908,RX,peer_observation,001197DE,1,5,01 00 00 DE 97
2026-09-28T15:22:50.376+00:00,24297.843,RX,peer_observation,0001A3C2,1,7,01 00 00 0F 03 C2 A3
2026-09-28T15:22:50.376+00:00,24297.909,RX,peer_observation,0011A3C2,1,5,01 00 00 C2 A3
2026-09-28T15:22:50.381+00:00,24302.875,RX,peer_observation,00013048,1,7,01 00 00 0F 03 48 30
2026-09-28T15:22:50.381+00:00,24303.053,RX,peer_observation,00113048,1,5,01 00 00 48 30
2026-09-28T15:22:50.386+00:00,24307.841,RX,peer_observation,0001293E,1,7,01 00 00 0F 03 3E 29
2026-09-28T15:22:50.386+00:00,24307.889,RX,peer_observation,0011293E,1,5,01 00 00 3E 29
2026-09-28T15:22:50.391+00:00,24312.846,RX,peer_observation,0001515A,1,7,01 00 00 0F 03 5A 51
2026-09-28T15:22:50.391+00:00,24312.939,RX,peer_observation,0011515A,1,5,01 00 00 5A 51
2026-09-28T15:22:50.396+00:00,24317.665,RX,peer_observation,0001F0EE,1,7,01 00 00 0F 03 EE F0
2026-09-28T15:22:50.396+00:00,24317.833,RX,peer_observation,0011F0EE,1,5,01 00 00 EE F0
2026-09-28T15:22:50.401+00:00,24322.646,RX,peer_observation,00019076,1,7,01 00 00 0F 03 76 90
2026-09-28T15:22:50.401+00:00,24323.000,RX,peer_observation,00119076,1,5,01 00 00 76 90
2026-09-28T15:22:50.406+00:00,24327.714,RX,peer_observation,00011D0B,1,7,01 00 00 0F 03 0B 1D
2026-09-28T15:22:50.406+00:00,24327.914,RX,peer_observation,00111D0B,1,5,01 00 00 0B 1D
2026-09-28T15:22:50.411+00:00,24332.847,RX,peer_observation,00013F1E,1,7,01 00 00 0F 03 1E 3F
2026-09-28T15:22:50.411+00:00,24332.909,RX,peer_observation,00113F1E,1,5,01 00 00 1E 3F
2026-09-28T15:22:50.416+00:00,24337.665,RX,peer_observation,00013766,1,7,01 00 00 0F 03 66 37
2026-09-28T15:22:50.416+00:00,24337.984,RX,peer_observation,00113766,1,5,01 00 00 66 37
2026-09-28T15:22:50.421+00:00,24342.690,RX,peer_observation,00017C1E,1,7,01 00 00 0F 03 1E 7C
2026-09-28T15:22:50.421+00:00,24342.980,RX,peer_observation,00117C1E,1,5,01 00 00 1E 7C
2026-09-28T15:22:50.426+00:00,24347.883,RX,peer_observation,00017156,1,7,01 00 00 0F 03 56 71
2026-09-28T15:22:50.426+00:00,24347.967,RX,peer_observation,00117156,1,5,01 00 00 56 71
2026-09-28T15:22:50.431+00:00,24352.642,RX,peer_observation,0001FA65,1,7,01 00 00 0F 03 65 FA
2026-09-28T15:22:50.431+00:00,24352.886,RX,peer_observation,0011FA65,1,5,01 00 00 65 FA
2026-09-28T15:22:50.436+00:00,24357.892,RX,peer_observation,0001B330,1,7,01 00 00 0F 03 30 B3
2026-09-28T15:22:50.436+00:00,24357.962,RX,peer_observation,0011B330,1,5,01 00 00 30 B3
2026-09-28T15:22:50.441+00:00,24362.634,RX,peer_observation,00012C01,1,7,01 00 00 0F 03 01 2C
2026-09-28T15:22:50.441+00:00,24362.922,RX,peer_observation,00112C01,1,5,01 00 00 01 2C
2026-09-28T15:22:50.446+00:00,24367.730,RX,peer_observation,0001C2E2,1,7,01 00 00 0F 03 E2 C2
2026-09-28T15:22:50.446+00:00,24367.868,RX,peer_observation,0011C2E2,1,5,01 00 00 E2 C2
2026-09-28T15:22:50.451+00:00,24372.855,RX,peer_observation,00016C54,1,7,01 00 00 0F 03 54 6C
2026-09-28T15:22:50.451+00:00,24372.960,RX,peer_observation,00116C54,1,5,01 00 00 54 6C
2026-09-28T15:22:50.456+00:00,24377.855,RX,peer_observation,000184E0,1,7,01 00 00 0F 03 E0 84
2026-09-28T15:22:50.456+00:00,24377.949,RX,peer_observation,001184E0,1,5,01 00 00 E0 84
2026-09-28T15:22:50.461+00:00,24382.907,RX,peer_observation,0001B780,1,7,01 00 00 0F 03 80 B7
2026-09-28T15:22:50.461+00:00,24383.018,RX,peer_observation,0011B780,1,5,01 00 00 80 B7
2026-09-28T15:22:50.466+00:00,24387.825,RX,peer_observation,0001B482,1,7,01 00 00 0F 03 82 B4
2026-09-28T15:22:50.466+00:00,24387.954,RX,peer_observation,0011B482,1,5,01 00 00 82 B4
2026-09-28T15:22:50.471+00:00,24392.868,RX,peer_observation,0001A59C,1,7,01 00 00 0F 03 9C A5
2026-09-28T15:22:50.471+00:00,24392.983,RX,peer_observation,0011A59C,1,5,01 00 00 9C A5
2026-09-28T15:22:50.476+00:00,24397.642,RX,peer_observation,0001BC8C,1,7,01 00 00 0F 03 8C BC
2026-09-28T15:22:50.476+00:00,24397.892,RX,peer_observation,0011BC8C,1,5,01 00 00 8C BC
2026-09-28T15:22:50.481+00:00,24402.687,RX,peer_observation,00015326,1,7,01 00 00 0F 03 26 53
2026-09-28T15:22:50.481+00:00,24402.899,RX,peer_observation,00115326,1,5,01 00 00 26 53
2026-09-28T15:22:50.486+00:00,24407.527,RX,peer_observation,00017E6F,1,7,01 00 00 0F 03 6F 7E
2026-09-28T15:22:50.486+00:00,24407.849,RX,peer_observation,00117E6F,1,5,01 00 00 6F 7E
2026-09-28T15:22:50.491+00:00,24412.643,RX,peer_observation,000198DE,1,7,01 00 00 0F 03 DE 98
2026-09-28T15:22:50.491+00:00,24412.814,RX,peer_observation,001198DE,1,5,01 00 00 DE 98
2026-09-28T15:22:50.496+00:00,24417.800,RX,peer_observation,00015E86,1,7,01 00 00 0F 03 86 5E
2026-09-28T15:22:50.496+00:00,24417.965,RX,peer_observation,00115E86,1,5,01 00 00 86 5E
2026-09-28T15:22:50.501+00:00,24422.899,RX,peer_observation,0001A7E4,1,7,01 00 00 0F 03 E4 A7
2026-09-28T15:22:50.501+00:00,24422.992,RX,peer_observation,0011A7E4,1,5,01 00 00 E4 A7
2026-09-28T15:22:50.506+00:00,24427.778,RX,peer_observation,0001755D,1,7,01 00 00 0F 03 5D 75
2026-09-28T15:22:50.506+00:00,24427.904,RX,peer_observation,0011755D,1,5,01 00 00 5D 75
2026-09-28T15:22:50.511+00:00,24432.883,RX,peer_observation,000103D1,1,7,01 00 00 0F 03 D1 03
2026-09-28T15:22:50.511+00:00,24432.963,RX,peer_observation,001103D1,1,5,01 00 00 D1 03
2026-09-28T15:22:50.516+00:00,24437.801,RX,peer_observation,000171C8,1,7,01 00 00 0F 03 C8 71
2026-09-28T15:22:50.516+00:00,24437.915,RX,peer_observation,001171C8,1,5,01 00 00 C8 71
2026-09-28T15:22:50.521+00:00,24442.903,RX,peer_observation,0001331F,1,7,01 00 00 0F 03 1F 33
2026-09-28T15:22:50.521+00:00,24443.003,RX,peer_observation,0011331F,1,5,01 00 00 1F 33
2026-09-28T15:22:50.526+00:00,24447.628,RX,peer_observation,0001A94C,1,7,01 00 00 0F 03 4C A9
2026-09-28T15:22:50.526+00:00,24447.771,RX,peer_observation,0011A94C,1,5,01 00 00 4C A9
2026-09-28T15:22:50.531+00:00,24452.542,RX,peer_observation,00012B24,1,7,01 00 00 0F 03 24 2B
2026-09-28T15:22:50.531+00:00,24452.854,RX,peer_observation,00112B24,1,5,01 00 00 24 2B
2026-09-28T15:22:50.535+00:00,24457.485,RX,peer_observation,00012C2C,1,7,01 00 00 0F 03 2C 2C
2026-09-28T15:22:50.536+00:00,24457.957,RX,peer_observation,00112C2C,1,5,01 00 00 2C 2C
2026-09-28T15:22:50.541+00:00,24462.619,RX,peer_observation,00017F6A,1,7,01 00 00 0F 03 6A 7F
2026-09-28T15:22:50.541+00:00,24462.771,RX,peer_observation,00117F6A,1,5,01 00 00 6A 7F
2026-09-28T15:22:50.546+00:00,24467.569,RX,peer_observation,0001681E,1,7,01 00 00 0F 03 1E 68
2026-09-28T15:22:50.546+00:00,24467.800,RX,peer_observation,0011681E,1,5,01 00 00 1E 68
2026-09-28T15:22:50.551+00:00,24472.692,RX,peer_observation,0001B123,1,7,01 00 00 0F 03 23 B1
2026-09-28T15:22:50.551+00:00,24472.756,RX,peer_observation,0011B123,1,5,01 00 00 23 B1
2026-09-28T15:22:50.556+00:00,24477.572,RX,peer_observation,0001E463,1,7,01 00 00 0F 03 63 E4
2026-09-28T15:22:50.556+00:00,24477.829,RX,peer_observation,0011E463,1,5,01 00 00 63 E4
2026-09-28T15:22:50.561+00:00,24482.605,RX,peer_observation,00017E12,1,7,01 00 00 0F 03 12 7E
2026-09-28T15:22:50.561+00:00,24482.853,RX,peer_observation,00117E12,1,5,01 00 00 12 7E
2026-09-28T15:22:50.566+00:00,24487.557,RX,peer_observation,0001D7EB,1,7,01 00 00 0F 03 EB D7
2026-09-28T15:22:50.566+00:00,24487.797,RX,peer_observation,0011D7EB,1,5,01 00 00 EB D7
2026-09-28T15:22:50.571+00:00,24492.592,RX,peer_observation,0001731B,1,7,01 00 00 0F 03 1B 73
2026-09-28T15:22:50.571+00:00,24492.828,RX,peer_observation,0011731B,1,5,01 00 00 1B 73
2026-09-28T15:22:50.576+00:00,24497.647,RX,peer_observation,000125A3,1,7,01 00 00 0F 03 A3 25
2026-09-28T15:22:50.576+00:00,24497.824,RX,peer_observation,001125A3,1,5,01 00 00 A3 25
2026-09-28T15:22:50.580+00:00,24502.495,RX,peer_observation,0001DD5D,1,7,01 00 00 0F 03 5D DD
2026-09-28T15:22:50.581+00:00,24502.880,RX,peer_observation,0011DD5D,1,5,01 00 00 5D DD
2026-09-28T15:22:50.586+00:00,24507.756,RX,peer_observation,00017516,1,7,01 00 00 0F 03 16 75
2026-09-28T15:22:50.586+00:00,24507.861,RX,peer_observation,00117516,1,5,01 00 00 16 75
2026-09-28T15:22:50.591+00:00,24512.807,RX,peer_observation,0001417E,1,7,01 00 00 0F 03 7E 41
2026-09-28T15:22:50.591+00:00,24512.890,RX,peer_observation,0011417E,1,5,01 00 00 7E 41
2026-09-28T15:22:50.596+00:00,24517.540,RX,peer_observation,0001D11D,1,7,01 00 00 0F 03 1D D1
2026-09-28T15:22:50.596+00:00,24517.787,RX,peer_observation,0011D11D,1,5,01 00 00 1D D1
2026-09-28T15:22:50.601+00:00,24522.577,RX,peer_observation,00014F91,1,7,01 00 00 0F 03 91 4F
2026-09-28T15:22:50.601+00:00,24522.774,RX,peer_observation,00114F91,1,5,01 00 00 91 4F
2026-09-28T15:22:50.606+00:00,24527.626,RX,peer_observation,0001BC1F,1,7,01 00 00 0F 03 1F BC
2026-09-28T15:22:50.606+00:00,24527.711,RX,peer_observation,0011BC1F,1,5,01 00 00 1F BC
2026-09-28T15:22:50.611+00:00,24532.595,RX,peer_observation,0001BEC5,1,7,01 00 00 0F 03 C5 BE
2026-09-28T15:22:50.611+00:00,24532.820,RX,peer_observation,0011BEC5,1,5,01 00 00 C5 BE
2026-09-28T15:22:50.616+00:00,24537.548,RX,peer_observation,00011D35,1,7,01 00 00 0F 03 35 1D
2026-09-28T15:22:50.616+00:00,24537.786,RX,peer_observation,00111D35,1,5,01 00 00 35 1D
2026-09-28T15:22:50.621+00:00,24542.592,RX,peer_observation,0001DAB6,1,7,01 00 00 0F 03 B6 DA
2026-09-28T15:22:50.621+00:00,24542.728,RX,peer_observation,0011DAB6,1,5,01 00 00 B6 DA
2026-09-28T15:22:50.626+00:00,24547.698,RX,peer_observation,0001AB36,1,7,01 00 00 0F 03 36 AB
2026-09-28T15:22:50.626+00:00,24547.852,RX,peer_observation,0011AB36,1,5,01 00 00 36 AB
2026-09-28T15:22:50.631+00:00,24552.633,RX,peer_observation,00012D18,1,7,01 00 00 0F 03 18 2D
2026-09-28T15:22:50.631+00:00,24552.890,RX,peer_observation,00112D18,1,5,01 00 00 18 2D
2026-09-28T15:22:50.636+00:00,24557.575,RX,peer_observation,0001AA6F,1,7,01 00 00 0F 03 6F AA
2026-09-28T15:22:50.636+00:00,24557.726,RX,peer_observation,0011AA6F,1,5,01 00 00 6F AA
2026-09-28T15:22:50.641+00:00,24562.551,RX,peer_observation,00012D1B,1,7,01 00 00 0F 03 1B 2D
2026-09-28T15:22:50.641+00:00,24562.726,RX,peer_observation,00112D1B,1,5,01 00 00 1B 2D
2026-09-28T15:22:50.646+00:00,24567.683,RX,peer_observation,00014F93,1,7,01 00 00 0F 03 93 4F
2026-09-28T15:22:50.646+00:00,24567.802,RX,peer_observation,00114F93,1,5,01 00 00 93 4F
2026-09-28T15:22:50.651+00:00,24572.708,RX,peer_observation,00013EAF,1,7,01 00 00 0F 03 AF 3E
2026-09-28T15:22:50.651+00:00,24572.788,RX,peer_observation,00113EAF,1,5,01 00 00 AF 3E
2026-09-28T15:22:50.656+00:00,24577.712,RX,peer_observation,00019A2A,1,7,01 00 00 0F 03 2A 9A
2026-09-28T15:22:50.656+00:00,24577.867,RX,peer_observation,00119A2A,1,5,01 00 00 2A 9A
2026-09-28T15:22:50.661+00:00,24582.726,RX,peer_observation,0001F699,1,7,01 00 00 0F 03 99 F6
2026-09-28T15:22:50.661+00:00,24582.871,RX,peer_observation,0011F699,1,5,01 00 00 99 F6
2026-09-28T15:22:50.666+00:00,24587.563,RX,peer_observation,00015287,1,7,01 00 00 0F 03 87 52
2026-09-28T15:22:50.666+00:00,24587.836,RX,peer_observation,00115287,1,5,01 00 00 87 52
2026-09-28T15:22:50.671+00:00,24592.671,RX,peer_observation,0001E4F5,1,7,01 00 00 0F 03 F5 E4
2026-09-28T15:22:50.671+00:00,24592.776,RX,peer_observation,0011E4F5,1,5,01 00 00 F5 E4
2026-09-28T15:22:50.676+00:00,24597.574,RX,peer_observation,0001930F,1,7,01 00 00 0F 03 0F 93
2026-09-28T15:22:50.676+00:00,24597.798,RX,peer_observation,0011930F,1,5,01 00 00 0F 93
2026-09-28T15:22:50.681+00:00,24602.557,RX,peer_observation,00011A99,1,7,01 00 00 0F 03 99 1A
2026-09-28T15:22:50.681+00:00,24602.789,RX,peer_observation,00111A99,1,5,01 00 00 99 1A
2026-09-28T15:22:50.686+00:00,24607.805,RX,peer_observation,0001A251,1,7,01 00 00 0F 03 51 A2
2026-09-28T15:22:50.686+00:00,24607.917,RX,peer_observation,0011A251,1,5,01 00 00 51 A2
2026-09-28T15:22:50.691+00:00,24612.509,RX,peer_observation,00011E71,1,7,01 00 00 0F 03 71 1E
2026-09-28T15:22:50.691+00:00,24612.804,RX,peer_observation,00111E71,1,5,01 00 00 71 1E
2026-09-28T15:22:50.696+00:00,24617.794,RX,peer_observation,0001D746,1,7,01 00 00 0F 03 46 D7
2026-09-28T15:22:50.696+00:00,24617.913,RX,peer_observation,0011D746,1,5,01 00 00 46 D7
2026-09-28T15:22:50.701+00:00,24622.739,RX,peer_observation,00011ED6,1,7,01 00 00 0F 03 D6 1E
2026-09-28T15:22:50.701+00:00,24622.826,RX,peer_observation,00111ED6,1,5,01 00 00 D6 1E
2026-09-28T15:22:50.706+00:00,24627.733,RX,peer_observation,0001DEB1,1,7,01 00 00 0F 03 B1 DE
2026-09-28T15:22:50.706+00:00,24627.885,RX,peer_observation,0011DEB1,1,5,01 00 00 B1 DE
2026-09-28T15:22:50.711+00:00,24632.653,RX,peer_observation,0001CB65,1,7,01 00 00 0F 03 65 CB
2026-09-28T15:22:50.711+00:00,24632.750,RX,peer_observation,0011CB65,1,5,01 00 00 65 CB
2026-09-28T15:22:50.716+00:00,24637.728,RX,peer_observation,0001546D,1,7,01 00 00 0F 03 6D 54
2026-09-28T15:22:50.716+00:00,24637.845,RX,peer_observation,0011546D,1,5,01 00 00 6D 54
2026-09-28T15:22:50.721+00:00,24642.742,RX,peer_observation,000176E1,1,7,01 00 00 0F 03 E1 76
2026-09-28T15:22:50.721+00:00,24642.847,RX,peer_observation,001176E1,1,5,01 00 00 E1 76
2026-09-28T15:22:50.726+00:00,24647.756,RX,peer_observation,0001053C,1,7,01 00 00 0F 03 3C 05
2026-09-28T15:22:50.726+00:00,24647.818,RX,peer_observation,0011053C,1,5,01 00 00 3C 05
2026-09-28T15:22:50.731+00:00,24652.612,RX,peer_observation,00017132,1,7,01 00 00 0F 03 32 71
2026-09-28T15:22:50.731+00:00,24652.805,RX,peer_observation,00117132,1,5,01 00 00 32 71
2026-09-28T15:22:50.736+00:00,24657.855,RX,peer_observation,0001B949,1,7,01 00 00 0F 03 49 B9
2026-09-28T15:22:50.736+00:00,24657.959,RX,peer_observation,0011B949,1,5,01 00 00 49 B9
2026-09-28T15:22:50.741+00:00,24662.852,RX,peer_observation,0001BC68,1,7,01 00 00 0F 03 68 BC
2026-09-28T15:22:50.741+00:00,24662.931,RX,peer_observation,0011BC68,1,5,01 00 00 68 BC
2026-09-28T15:22:50.746+00:00,24667.539,RX,peer_observation,0001F575,1,7,01 00 00 0F 03 75 F5
2026-09-28T15:22:50.746+00:00,24667.788,RX,peer_observation,0011F575,1,5,01 00 00 75 F5
2026-09-28T15:22:50.751+00:00,24672.790,RX,peer_observation,00012481,1,7,01 00 00 0F 03 81 24
2026-09-28T15:22:50.751+00:00,24672.873,RX,peer_observation,00112481,1,5,01 00 00 81 24
2026-09-28T15:22:50.755+00:00,24677.488,RX,peer_observation,00017539,1,7,01 00 00 0F 03 39 75
2026-09-28T15:22:50.756+00:00,24677.777,RX,peer_observation,00117539,1,5,01 00 00 39 75
2026-09-28T15:22:50.761+00:00,24682.561,RX,peer_observation,00012037,1,7,01 00 00 0F 03 37 20
2026-09-28T15:22:50.761+00:00,24682.773,RX,peer_observation,00112037,1,5,01 00 00 37 20
2026-09-28T15:22:50.766+00:00,24687.524,RX,peer_observation,0001F897,1,7,01 00 00 0F 03 97 F8
2026-09-28T15:22:50.766+00:00,24687.721,RX,peer_observation,0011F897,1,5,01 00 00 97 F8
2026-09-28T15:22:50.771+00:00,24692.502,RX,peer_observation,00014221,1,7,01 00 00 0F 03 21 42
2026-09-28T15:22:50.771+00:00,24692.719,RX,peer_observation,00114221,1,5,01 00 00 21 42
2026-09-28T15:22:50.776+00:00,24697.651,RX,peer_observation,0001DD6D,1,7,01 00 00 0F 03 6D DD
2026-09-28T15:22:50.776+00:00,24697.733,RX,peer_observation,0011DD6D,1,5,01 00 00 6D DD
2026-09-28T15:22:50.781+00:00,24702.706,RX,peer_observation,0001A3FA,1,7,01 00 00 0F 03 FA A3
2026-09-28T15:22:50.781+00:00,24702.898,RX,peer_observation,0011A3FA,1,5,01 00 00 FA A3
2026-09-28T15:22:50.786+00:00,24707.675,RX,peer_observation,00016932,1,7,01 00 00 0F 03 32 69
2026-09-28T15:22:50.786+00:00,24707.795,RX,peer_observation,00116932,1,5,01 00 00 32 69
2026-09-28T15:22:50.791+00:00,24712.612,RX,peer_observation,00013AB1,1,7,01 00 00 0F 03 B1 3A
2026-09-28T15:22:50.791+00:00,24712.776,RX,peer_observation,00113AB1,1,5,01 00 00 B1 3A
2026-09-28T15:22:50.795+00:00,24717.485,RX,peer_observation,00012BDA,1,7,01 00 00 0F 03 DA 2B
2026-09-28T15:22:50.796+00:00,24717.751,RX,peer_observation,00112BDA,1,5,01 00 00 DA 2B
2026-09-28T15:22:50.800+00:00,24722.476,RX,peer_observation,000164C7,1,7,01 00 00 0F 03 C7 64
2026-09-28T15:22:50.801+00:00,24722.704,RX,peer_observation,001164C7,1,5,01 00 00 C7 64
2026-09-28T15:22:50.806+00:00,24727.538,RX,peer_observation,0001267C,1,7,01 00 00 0F 03 7C 26
2026-09-28T15:22:50.806+00:00,24727.762,RX,peer_observation,0011267C,1,5,01 00 00 7C 26
2026-09-28T15:22:50.811+00:00,24732.794,RX,peer_observation,000180FD,1,7,01 00 00 0F 03 FD 80
2026-09-28T15:22:50.811+00:00,24732.885,RX,peer_observation,001180FD,1,5,01 00 00 FD 80
2026-09-28T15:22:50.815+00:00,24737.487,RX,peer_observation,00018BEC,1,7,01 00 00 0F 03 EC 8B
2026-09-28T15:22:50.816+00:00,24737.729,RX,peer_observation,00118BEC,1,5,01 00 00 EC 8B
2026-09-28T15:22:50.820+00:00,24742.471,RX,peer_observation,00010E5D,1,7,01 00 00 0F 03 5D 0E
2026-09-28T15:22:50.821+00:00,24742.715,RX,peer_observation,00110E5D,1,5,01 00 00 5D 0E
2026-09-28T15:22:50.826+00:00,24747.516,RX,peer_observation,00013F63,1,7,01 00 00 0F 03 63 3F
2026-09-28T15:22:50.826+00:00,24747.909,RX,peer_observation,00113F63,1,5,01 00 00 63 3F
2026-09-28T15:22:50.831+00:00,24752.559,RX,peer_observation,00013729,1,7,01 00 00 0F 03 29 37
2026-09-28T15:22:50.831+00:00,24752.710,RX,peer_observation,00113729,1,5,01 00 00 29 37
2026-09-28T15:22:50.836+00:00,24757.512,RX,peer_observation,000148F8,1,7,01 00 00 0F 03 F8 48
2026-09-28T15:22:50.836+00:00,24757.740,RX,peer_observation,001148F8,1,5,01 00 00 F8 48
2026-09-28T15:22:50.841+00:00,24762.616,RX,peer_observation,0001FF2C,1,7,01 00 00 0F 03 2C FF
2026-09-28T15:22:50.841+00:00,24762.703,RX,peer_observation,0011FF2C,1,5,01 00 00 2C FF
2026-09-28T15:22:50.846+00:00,24767.712,RX,peer_observation,00016965,1,7,01 00 00 0F 03 65 69
2026-09-28T15:22:50.846+00:00,24767.807,RX,peer_observation,00116965,1,5,01 00 00 65 69
2026-09-28T15:22:50.851+00:00,24772.664,RX,peer_observation,0001168F,1,7,01 00 00 0F 03 8F 16
2026-09-28T15:22:50.851+00:00,24772.734,RX,peer_observation,0011168F,1,5,01 00 00 8F 16
2026-09-28T15:22:50.856+00:00,24777.648,RX,peer_observation,0001BA77,1,7,01 00 00 0F 03 77 BA
2026-09-28T15:22:50.856+00:00,24777.762,RX,peer_observation,0011BA77,1,5,01 00 00 77 BA
2026-09-28T15:22:50.861+00:00,24782.606,RX,peer_observation,0001B113,1,7,01 00 00 0F 03 13 B1
2026-09-28T15:22:50.861+00:00,24782.794,RX,peer_observation,0011B113,1,5,01 00 00 13 B1
2026-09-28T15:22:50.866+00:00,24787.663,RX,peer_observation,0001AF1F,1,7,01 00 00 0F 03 1F AF
2026-09-28T15:22:50.866+00:00,24787.736,RX,peer_observation,0011AF1F,1,5,01 00 00 1F AF
2026-09-28T15:22:50.871+00:00,24792.793,RX,peer_observation,00013667,1,7,01 00 00 0F 03 67 36
2026-09-28T15:22:50.871+00:00,24792.951,RX,peer_observation,00113667,1,5,01 00 00 67 36
2026-09-28T15:22:50.876+00:00,24797.502,RX,peer_observation,000165F4,1,7,01 00 00 0F 03 F4 65
2026-09-28T15:22:50.876+00:00,24797.809,RX,peer_observation,001165F4,1,5,01 00 00 F4 65
2026-09-28T15:22:50.881+00:00,24802.514,RX,peer_observation,000112EC,1,7,01 00 00 0F 03 EC 12
2026-09-28T15:22:50.881+00:00,24802.818,RX,peer_observation,001112EC,1,5,01 00 00 EC 12
2026-09-28T15:22:50.886+00:00,24807.652,RX,peer_observation,0001D2A7,1,7,01 00 00 0F 03 A7 D2
2026-09-28T15:22:50.886+00:00,24807.730,RX,peer_observation,0011D2A7,1,5,01 00 00 A7 D2
2026-09-28T15:22:50.890+00:00,24812.447,RX,peer_observation,0001DD2A,1,7,01 00 00 0F 03 2A DD
2026-09-28T15:22:50.891+00:00,24812.721,RX,peer_observation,0011DD2A,1,5,01 00 00 2A DD
2026-09-28T15:22:50.896+00:00,24817.653,RX,peer_observation,000112C0,1,7,01 00 00 0F 03 C0 12
2026-09-28T15:22:50.896+00:00,24817.783,RX,peer_observation,001112C0,1,5,01 00 00 C0 12
2026-09-28T15:22:50.901+00:00,24822.733,RX,peer_observation,0001B6C8,1,7,01 00 00 0F 03 C8 B6
2026-09-28T15:22:50.901+00:00,24822.836,RX,peer_observation,0011B6C8,1,5,01 00 00 C8 B6
2026-09-28T15:22:50.906+00:00,24827.737,RX,peer_observation,00011799,1,7,01 00 00 0F 03 99 17
2026-09-28T15:22:50.906+00:00,24827.900,RX,peer_observation,00111799,1,5,01 00 00 99 17
2026-09-28T15:22:50.911+00:00,24832.728,RX,peer_observation,000148B6,1,7,01 00 00 0F 03 B6 48
2026-09-28T15:22:50.911+00:00,24832.863,RX,peer_observation,001148B6,1,5,01 00 00 B6 48
2026-09-28T15:22:50.916+00:00,24837.707,RX,peer_observation,0001C76A,1,7,01 00 00 0F 03 6A C7
2026-09-28T15:22:50.916+00:00,24837.855,RX,peer_observation,0011C76A,1,5,01 00 00 6A C7
2026-09-28T15:22:50.921+00:00,24842.796,RX,peer_observation,000140F9,1,7,01 00 00 0F 03 F9 40
2026-09-28T15:22:50.921+00:00,24842.921,RX,peer_observation,001140F9,1,5,01 00 00 F9 40
2026-09-28T15:22:50.926+00:00,24847.735,RX,peer_observation,000198F1,1,7,01 00 00 0F 03 F1 98
2026-09-28T15:22:50.926+00:00,24847.840,RX,peer_observation,001198F1,1,5,01 00 00 F1 98
2026-09-28T15:22:50.931+00:00,24852.711,RX,peer_observation,00019532,1,7,01 00 00 0F 03 32 95
2026-09-28T15:22:50.931+00:00,24852.832,RX,peer_observation,00119532,1,5,01 00 00 32 95
2026-09-28T15:22:50.936+00:00,24857.494,RX,peer_observation,0001ECF1,1,7,01 00 00 0F 03 F1 EC
2026-09-28T15:22:50.936+00:00,24857.823,RX,peer_observation,0011ECF1,1,5,01 00 00 F1 EC
2026-09-28T15:22:50.941+00:00,24862.548,RX,peer_observation,0001ABD4,1,7,01 00 00 0F 03 D4 AB
2026-09-28T15:22:50.941+00:00,24862.802,RX,peer_observation,0011ABD4,1,5,01 00 00 D4 AB
2026-09-28T15:22:50.946+00:00,24867.574,RX,peer_observation,00010E9E,1,7,01 00 00 0F 03 9E 0E
2026-09-28T15:22:50.946+00:00,24867.778,RX,peer_observation,00110E9E,1,5,01 00 00 9E 0E
2026-09-28T15:22:50.951+00:00,24872.596,RX,peer_observation,000172AF,1,7,01 00 00 0F 03 AF 72
2026-09-28T15:22:50.951+00:00,24872.714,RX,peer_observation,001172AF,1,5,01 00 00 AF 72
2026-09-28T15:22:50.956+00:00,24877.507,RX,peer_observation,000157B6,1,7,01 00 00 0F 03 B6 57
2026-09-28T15:22:50.956+00:00,24877.985,RX,peer_observation,001157B6,1,5,01 00 00 B6 57
2026-09-28T15:22:50.961+00:00,24882.556,RX,peer_observation,00019032,1,7,01 00 00 0F 03 32 90
2026-09-28T15:22:50.961+00:00,24882.689,RX,peer_observation,00119032,1,5,01 00 00 32 90
2026-09-28T15:22:50.966+00:00,24887.591,RX,peer_observation,00012ED2,1,7,01 00 00 0F 03 D2 2E
2026-09-28T15:22:50.966+00:00,24887.727,RX,peer_observation,00112ED2,1,5,01 00 00 D2 2E
2026-09-28T15:22:50.971+00:00,24892.511,RX,peer_observation,0001F992,1,7,01 00 00 0F 03 92 F9
2026-09-28T15:22:50.971+00:00,24892.727,RX,peer_observation,0011F992,1,5,01 00 00 92 F9
2026-09-28T15:22:50.976+00:00,24897.688,RX,peer_observation,00015233,1,7,01 00 00 0F 03 33 52
2026-09-28T15:22:50.976+00:00,24897.777,RX,peer_observation,00115233,1,5,01 00 00 33 52
2026-09-28T15:22:50.981+00:00,24902.593,RX,peer_observation,000192BA,1,7,01 00 00 0F 03 BA 92
2026-09-28T15:22:50.981+00:00,24902.865,RX,peer_observation,001192BA,1,5,01 00 00 BA 92
2026-09-28T15:22:50.986+00:00,24907.651,RX,peer_observation,00015B1A,1,7,01 00 00 0F 03 1A 5B
2026-09-28T15:22:50.986+00:00,24907.722,RX,peer_observation,00115B1A,1,5,01 00 00 1A 5B
2026-09-28T15:22:50.991+00:00,24912.626,RX,peer_observation,000195B3,1,7,01 00 00 0F 03 B3 95
2026-09-28T15:22:50.991+00:00,24912.737,RX,peer_observation,001195B3,1,5,01 00 00 B3 95
2026-09-28T15:22:50.996+00:00,24917.515,RX,peer_observation,0001B96C,1,7,01 00 00 0F 03 6C B9
2026-09-28T15:22:50.996+00:00,24917.733,RX,peer_observation,0011B96C,1,5,01 00 00 6C B9
2026-09-28T15:22:51.001+00:00,24922.670,RX,peer_observation,000181E0,1,7,01 00 00 0F 03 E0 81
2026-09-28T15:22:51.001+00:00,24922.831,RX,peer_observation,001181E0,1,5,01 00 00 E0 81
2026-09-28T15:22:51.006+00:00,24927.679,RX,peer_observation,00012930,1,7,01 00 00 0F 03 30 29
2026-09-28T15:22:51.006+00:00,24927.774,RX,peer_observation,00112930,1,5,01 00 00 30 29
2026-09-28T15:22:51.011+00:00,24932.583,RX,peer_observation,0001B044,1,7,01 00 00 0F 03 44 B0
2026-09-28T15:22:51.011+00:00,24932.704,RX,peer_observation,0011B044,1,5,01 00 00 44 B0
2026-09-28T15:22:51.016+00:00,24937.527,RX,peer_observation,0001FB28,1,7,01 00 00 0F 03 28 FB
2026-09-28T15:22:51.016+00:00,24937.677,RX,peer_observation,0011FB28,1,5,01 00 00 28 FB
2026-09-28T15:22:51.021+00:00,24942.753,RX,peer_observation,0001D8AB,1,7,01 00 00 0F 03 AB D8
2026-09-28T15:22:51.021+00:00,24942.894,RX,peer_observation,0011D8AB,1,5,01 00 00 AB D8
2026-09-28T15:22:51.026+00:00,24947.548,RX,peer_observation,0001EF92,1,7,01 00 00 0F 03 92 EF
2026-09-28T15:22:51.026+00:00,24947.678,RX,peer_observation,0011EF92,1,5,01 00 00 92 EF
2026-09-28T15:22:51.030+00:00,24952.463,RX,peer_observation,00019872,1,7,01 00 00 0F 03 72 98
2026-09-28T15:22:51.031+00:00,24952.728,RX,peer_observation,00119872,1,5,01 00 00 72 98
2026-09-28T15:22:51.036+00:00,24957.492,RX,peer_observation,000139DE,1,7,01 00 00 0F 03 DE 39
2026-09-28T15:22:51.036+00:00,24957.639,RX,peer_observation,001139DE,1,5,01 00 00 DE 39
2026-09-28T15:22:51.041+00:00,24962.489,RX,peer_observation,0001FA3A,1,7,01 00 00 0F 03 3A FA
2026-09-28T15:22:51.041+00:00,24962.694,RX,peer_observation,0011FA3A,1,5,01 00 00 3A FA
2026-09-28T15:22:51.045+00:00,24967.484,RX,peer_observation,000159D2,1,7,01 00 00 0F 03 D2 59
2026-09-28T15:22:51.046+00:00,24967.657,RX,peer_observation,001159D2,1,5,01 00 00 D2 59
2026-09-28T15:22:51.051+00:00,24972.572,RX,peer_observation,00014ECC,1,7,01 00 00 0F 03 CC 4E
2026-09-28T15:22:51.051+00:00,24972.757,RX,peer_observation,00114ECC,1,5,01 00 00 CC 4E
2026-09-28T15:22:51.056+00:00,24977.489,RX,peer_observation,00015271,1,7,01 00 00 0F 03 71 52
2026-09-28T15:22:51.056+00:00,24977.850,RX,peer_observation,00115271,1,5,01 00 00 71 52
2026-09-28T15:22:51.061+00:00,24982.532,RX,peer_observation,00016E04,1,7,01 00 00 0F 03 04 6E
2026-09-28T15:22:51.061+00:00,24982.659,RX,peer_observation,00116E04,1,5,01 00 00 04 6E
2026-09-28T15:22:51.066+00:00,24987.651,RX,peer_observation,0001F0AB,1,7,01 00 00 0F 03 AB F0
2026-09-28T15:22:51.066+00:00,24987.788,RX,peer_observation,0011F0AB,1,5,01 00 00 AB F0
2026-09-28T15:22:51.071+00:00,24992.596,RX,peer_observation,00014F67,1,7,01 00 00 0F 03 67 4F
2026-09-28T15:22:51.071+00:00,24992.724,RX,peer_observation,00114F67,1,5,01 00 00 67 4F
2026-09-28T15:22:51.076+00:00,24997.699,RX,peer_observation,0001DF9B,1,7,01 00 00 0F 03 9B DF
2026-09-28T15:22:51.076+00:00,24997.831,RX,peer_observation,0011DF9B,1,5,01 00 00 9B DF
2026-09-28T15:22:51.081+00:00,25002.598,RX,post,000150E1,1,7,01 00 00 0F 03 E1 50
2026-09-28T15:22:51.081+00:00,25002.717,RX,post,001150E1,1,5,01 00 00 E1 50
2026-09-28T15:22:51.086+00:00,25007.549,RX,post,0001BDD7,1,7,01 00 00 0F 03 D7 BD
2026-09-28T15:22:51.086+00:00,25007.703,RX,post,0011BDD7,1,5,01 00 00 D7 BD
2026-09-28T15:22:51.091+00:00,25012.603,RX,post,00015EBD,1,7,01 00 00 0F 03 BD 5E
2026-09-28T15:22:51.091+00:00,25012.764,RX,post,00115EBD,1,5,01 00 00 BD 5E
2026-09-28T15:22:51.095+00:00,25017.483,RX,post,00016B28,1,7,01 00 00 0F 03 28 6B
2026-09-28T15:22:51.096+00:00,25017.854,RX,post,00116B28,1,5,01 00 00 28 6B
2026-09-28T15:22:51.101+00:00,25022.589,RX,post,00019ACC,1,7,01 00 00 0F 03 CC 9A
2026-09-28T15:22:51.101+00:00,25022.682,RX,post,00119ACC,1,5,01 00 00 CC 9A
2026-09-28T15:22:51.106+00:00,25027.529,RX,post,0001BBA2,1,7,01 00 00 0F 03 A2 BB
2026-09-28T15:22:51.106+00:00,25027.636,RX,post,0011BBA2,1,5,01 00 00 A2 BB
2026-09-28T15:22:51.111+00:00,25032.673,RX,post,00016959,1,7,01 00 00 0F 03 59 69
2026-09-28T15:22:51.111+00:00,25032.752,RX,post,00116959,1,5,01 00 00 59 69
2026-09-28T15:22:51.116+00:00,25037.696,RX,post,000154EA,1,7,01 00 00 0F 03 EA 54
2026-09-28T15:22:51.116+00:00,25037.793,RX,post,001154EA,1,5,01 00 00 EA 54
2026-09-28T15:22:51.121+00:00,25042.593,RX,post,00015964,1,7,01 00 00 0F 03 64 59
2026-09-28T15:22:51.121+00:00,25042.753,RX,post,00115964,1,5,01 00 00 64 59
2026-09-28T15:22:51.126+00:00,25047.566,RX,post,00017C3C,1,7,01 00 00 0F 03 3C 7C
2026-09-28T15:22:51.126+00:00,25047.725,RX,post,00117C3C,1,5,01 00 00 3C 7C
2026-09-28T15:22:51.131+00:00,25052.508,RX,post,00014E34,1,7,01 00 00 0F 03 34 4E
2026-09-28T15:22:51.131+00:00,25052.872,RX,post,00114E34,1,5,01 00 00 34 4E
2026-09-28T15:22:51.136+00:00,25057.556,RX,post,00010F67,1,7,01 00 00 0F 03 67 0F
2026-09-28T15:22:51.136+00:00,25057.780,RX,post,00110F67,1,5,01 00 00 67 0F
2026-09-28T15:22:51.141+00:00,25062.555,RX,post,00012337,1,7,01 00 00 0F 03 37 23
2026-09-28T15:22:51.141+00:00,25062.751,RX,post,00112337,1,5,01 00 00 37 23
2026-09-28T15:22:51.146+00:00,25067.595,RX,post,0001C0D2,1,7,01 00 00 0F 03 D2 C0
2026-09-28T15:22:51.146+00:00,25067.710,RX,post,0011C0D2,1,5,01 00 00 D2 C0
2026-09-28T15:22:51.151+00:00,25072.644,RX,post,0001A3DC,1,7,01 00 00 0F 03 DC A3
2026-09-28T15:22:51.151+00:00,25072.717,RX,post,0011A3DC,1,5,01 00 00 DC A3
2026-09-28T15:22:51.156+00:00,25077.642,RX,post,00010253,1,7,01 00 00 0F 03 53 02
2026-09-28T15:22:51.156+00:00,25077.737,RX,post,00110253,1,5,01 00 00 53 02
2026-09-28T15:22:51.161+00:00,25082.673,RX,post,000147BE,1,7,01 00 00 0F 03 BE 47
2026-09-28T15:22:51.161+00:00,25082.816,RX,post,001147BE,1,5,01 00 00 BE 47
2026-09-28T15:22:51.165+00:00,25087.481,RX,post,0001F85A,1,7,01 00 00 0F 03 5A F8
2026-09-28T15:22:51.166+00:00,25087.648,RX,post,0011F85A,1,5,01 00 00 5A F8
2026-09-28T15:22:51.171+00:00,25092.490,RX,post,00018C58,1,7,01 00 00 0F 03 58 8C
2026-09-28T15:22:51.171+00:00,25092.767,RX,post,00118C58,1,5,01 00 00 58 8C
2026-09-28T15:22:51.176+00:00,25097.494,RX,post,0001BAC0,1,7,01 00 00 0F 03 C0 BA
2026-09-28T15:22:51.176+00:00,25097.690,RX,post,0011BAC0,1,5,01 00 00 C0 BA
2026-09-28T15:22:51.181+00:00,25102.545,RX,post,00013426,1,7,01 00 00 0F 03 26 34
2026-09-28T15:22:51.181+00:00,25102.691,RX,post,00113426,1,5,01 00 00 26 34
2026-09-28T15:22:51.185+00:00,25107.460,RX,post,0001CA31,1,7,01 00 00 0F 03 31 CA
2026-09-28T15:22:51.186+00:00,25107.649,RX,post,0011CA31,1,5,01 00 00 31 CA
2026-09-28T15:22:51.191+00:00,25112.544,RX,post,000193CE,1,7,01 00 00 0F 03 CE 93
2026-09-28T15:22:51.191+00:00,25112.725,RX,post,001193CE,1,5,01 00 00 CE 93
2026-09-28T15:22:51.196+00:00,25117.592,RX,post,0001ED16,1,7,01 00 00 0F 03 16 ED
2026-09-28T15:22:51.196+00:00,25117.720,RX,post,0011ED16,1,5,01 00 00 16 ED
2026-09-28T15:22:51.201+00:00,25122.565,RX,post,0001C4D3,1,7,01 00 00 0F 03 D3 C4
2026-09-28T15:22:51.201+00:00,25122.645,RX,post,0011C4D3,1,5,01 00 00 D3 C4
2026-09-28T15:22:51.206+00:00,25127.502,RX,post,0001B866,1,7,01 00 00 0F 03 66 B8
2026-09-28T15:22:51.206+00:00,25127.704,RX,post,0011B866,1,5,01 00 00 66 B8
2026-09-28T15:22:51.210+00:00,25132.445,RX,post,00016DE0,1,7,01 00 00 0F 03 E0 6D
2026-09-28T15:22:51.211+00:00,25132.644,RX,post,00116DE0,1,5,01 00 00 E0 6D
2026-09-28T15:22:51.216+00:00,25137.491,RX,post,000190C3,1,7,01 00 00 0F 03 C3 90
2026-09-28T15:22:51.216+00:00,25137.643,RX,post,001190C3,1,5,01 00 00 C3 90
2026-09-28T15:22:51.221+00:00,25142.562,RX,post,00017FA4,1,7,01 00 00 0F 03 A4 7F
2026-09-28T15:22:51.221+00:00,25142.725,RX,post,00117FA4,1,5,01 00 00 A4 7F
2026-09-28T15:22:51.226+00:00,25147.498,RX,post,0001B1D3,1,7,01 00 00 0F 03 D3 B1
2026-09-28T15:22:51.226+00:00,25147.682,RX,post,0011B1D3,1,5,01 00 00 D3 B1
2026-09-28T15:22:51.231+00:00,25152.575,RX,post,0001C9DA,1,7,01 00 00 0F 03 DA C9
2026-09-28T15:22:51.231+00:00,25152.690,RX,post,0011C9DA,1,5,01 00 00 DA C9
2026-09-28T15:22:51.236+00:00,25157.628,RX,post,0001E1B1,1,7,01 00 00 0F 03 B1 E1
2026-09-28T15:22:51.236+00:00,25157.723,RX,post,0011E1B1,1,5,01 00 00 B1 E1
2026-09-28T15:22:51.241+00:00,25162.492,RX,post,0001F2F6,1,7,01 00 00 0F 03 F6 F2
2026-09-28T15:22:51.241+00:00,25162.780,RX,post,0011F2F6,1,5,01 00 00 F6 F2
2026-09-28T15:22:51.246+00:00,25167.612,RX,post,000183F0,1,7,01 00 00 0F 03 F0 83
2026-09-28T15:22:51.246+00:00,25167.701,RX,post,001183F0,1,5,01 00 00 F0 83
2026-09-28T15:22:51.250+00:00,25172.482,RX,post,0001358D,1,7,01 00 00 0F 03 8D 35
2026-09-28T15:22:51.251+00:00,25172.707,RX,post,0011358D,1,5,01 00 00 8D 35
2026-09-28T15:22:51.255+00:00,25177.481,RX,post,0001737B,1,7,01 00 00 0F 03 7B 73
2026-09-28T15:22:51.256+00:00,25177.710,RX,post,0011737B,1,5,01 00 00 7B 73
2026-09-28T15:22:51.260+00:00,25182.474,RX,post,0001096A,1,7,01 00 00 0F 03 6A 09
2026-09-28T15:22:51.261+00:00,25182.680,RX,post,0011096A,1,5,01 00 00 6A 09
2026-09-28T15:22:51.265+00:00,25187.482,RX,post,00018866,1,7,01 00 00 0F 03 66 88
2026-09-28T15:22:51.266+00:00,25187.734,RX,post,00118866,1,5,01 00 00 66 88
2026-09-28T15:22:51.271+00:00,25192.494,RX,post,0001CAF8,1,7,01 00 00 0F 03 F8 CA
2026-09-28T15:22:51.271+00:00,25192.679,RX,post,0011CAF8,1,5,01 00 00 F8 CA
2026-09-28T15:22:51.275+00:00,25197.480,RX,post,0001465F,1,7,01 00 00 0F 03 5F 46
2026-09-28T15:22:51.276+00:00,25197.678,RX,post,0011465F,1,5,01 00 00 5F 46
2026-09-28T15:22:51.281+00:00,25202.643,RX,post,00015666,1,7,01 00 00 0F 03 66 56
2026-09-28T15:22:51.281+00:00,25202.750,RX,post,00115666,1,5,01 00 00 66 56
2026-09-28T15:22:51.286+00:00,25207.599,RX,post,00013664,1,7,01 00 00 0F 03 64 36
2026-09-28T15:22:51.286+00:00,25207.696,RX,post,00113664,1,5,01 00 00 64 36
2026-09-28T15:22:51.291+00:00,25212.638,RX,post,00011CAB,1,7,01 00 00 0F 03 AB 1C
2026-09-28T15:22:51.291+00:00,25212.719,RX,post,00111CAB,1,5,01 00 00 AB 1C
2026-09-28T15:22:51.296+00:00,25217.493,RX,post,0001DDF1,1,7,01 00 00 0F 03 F1 DD
2026-09-28T15:22:51.296+00:00,25217.679,RX,post,0011DDF1,1,5,01 00 00 F1 DD
2026-09-28T15:22:51.301+00:00,25222.546,RX,post,00015F5C,1,7,01 00 00 0F 03 5C 5F
2026-09-28T15:22:51.301+00:00,25222.645,RX,post,00115F5C,1,5,01 00 00 5C 5F
2026-09-28T15:22:51.305+00:00,25227.464,RX,post,00019FB4,1,7,01 00 00 0F 03 B4 9F
2026-09-28T15:22:51.306+00:00,25227.679,RX,post,00119FB4,1,5,01 00 00 B4 9F
2026-09-28T15:22:51.310+00:00,25232.469,RX,post,0001FCEB,1,7,01 00 00 0F 03 EB FC
2026-09-28T15:22:51.311+00:00,25232.673,RX,post,0011FCEB,1,5,01 00 00 EB FC
2026-09-28T15:22:51.316+00:00,25237.499,RX,post,00014193,1,7,01 00 00 0F 03 93 41
2026-09-28T15:22:51.316+00:00,25237.708,RX,post,00114193,1,5,01 00 00 93 41
2026-09-28T15:22:51.321+00:00,25242.541,RX,post,0001E9CC,1,7,01 00 00 0F 03 CC E9
2026-09-28T15:22:51.321+00:00,25242.802,RX,post,0011E9CC,1,5,01 00 00 CC E9
2026-09-28T15:22:51.326+00:00,25247.564,RX,post,0001F98C,1,7,01 00 00 0F 03 8C F9
2026-09-28T15:22:51.326+00:00,25247.665,RX,post,0011F98C,1,5,01 00 00 8C F9
2026-09-28T15:22:51.331+00:00,25252.648,RX,post,00014B95,1,7,01 00 00 0F 03 95 4B
2026-09-28T15:22:51.331+00:00,25252.773,RX,post,00114B95,1,5,01 00 00 95 4B
2026-09-28T15:22:51.336+00:00,25257.590,RX,post,000116A7,1,7,01 00 00 0F 03 A7 16
2026-09-28T15:22:51.336+00:00,25257.715,RX,post,001116A7,1,5,01 00 00 A7 16
2026-09-28T15:22:51.341+00:00,25262.496,RX,post,0001660A,1,7,01 00 00 0F 03 0A 66
2026-09-28T15:22:51.341+00:00,25262.682,RX,post,0011660A,1,5,01 00 00 0A 66
2026-09-28T15:22:51.346+00:00,25267.503,RX,post,00015924,1,7,01 00 00 0F 03 24 59
2026-09-28T15:22:51.346+00:00,25267.697,RX,post,00115924,1,5,01 00 00 24 59
2026-09-28T15:22:51.351+00:00,25272.537,RX,post,0001C2C2,1,7,01 00 00 0F 03 C2 C2
2026-09-28T15:22:51.351+00:00,25272.693,RX,post,0011C2C2,1,5,01 00 00 C2 C2
2026-09-28T15:22:51.356+00:00,25277.511,RX,post,0001A081,1,7,01 00 00 0F 03 81 A0
2026-09-28T15:22:51.356+00:00,25277.731,RX,post,0011A081,1,5,01 00 00 81 A0
2026-09-28T15:22:51.361+00:00,25282.657,RX,post,00011EBF,1,7,01 00 00 0F 03 BF 1E
2026-09-28T15:22:51.361+00:00,25282.750,RX,post,00111EBF,1,5,01 00 00 BF 1E
2026-09-28T15:22:51.366+00:00,25287.609,RX,post,0001140B,1,7,01 00 00 0F 03 0B 14
2026-09-28T15:22:51.366+00:00,25287.755,RX,post,0011140B,1,5,01 00 00 0B 14
2026-09-28T15:22:51.371+00:00,25292.703,RX,post,0001D22E,1,7,01 00 00 0F 03 2E D2
2026-09-28T15:22:51.371+00:00,25292.803,RX,post,0011D22E,1,5,01 00 00 2E D2
2026-09-28T15:22:51.375+00:00,25297.481,RX,post,0001FA1E,1,7,01 00 00 0F 03 1E FA
2026-09-28T15:22:51.376+00:00,25297.749,RX,post,0011FA1E,1,5,01 00 00 1E FA
2026-09-28T15:22:51.381+00:00,25302.632,RX,post,00018D30,1,7,01 00 00 0F 03 30 8D
2026-09-28T15:22:51.381+00:00,25302.753,RX,post,00118D30,1,5,01 00 00 30 8D
2026-09-28T15:22:51.386+00:00,25307.512,RX,post,00016839,1,7,01 00 00 0F 03 39 68
2026-09-28T15:22:51.386+00:00,25307.669,RX,post,00116839,1,5,01 00 00 39 68
2026-09-28T15:22:51.391+00:00,25312.487,RX,post,00016958,1,7,01 00 00 0F 03 58 69
2026-09-28T15:22:51.391+00:00,25312.661,RX,post,00116958,1,5,01 00 00 58 69
2026-09-28T15:22:51.396+00:00,25317.612,RX,post,0001E996,1,7,01 00 00 0F 03 96 E9
2026-09-28T15:22:51.396+00:00,25317.762,RX,post,0011E996,1,5,01 00 00 96 E9
2026-09-28T15:22:51.401+00:00,25322.518,RX,post,0001C240,1,7,01 00 00 0F 03 40 C2
2026-09-28T15:22:51.401+00:00,25322.743,RX,post,0011C240,1,5,01 00 00 40 C2
2026-09-28T15:22:51.406+00:00,25327.534,RX,post,00010BE3,1,7,01 00 00 0F 03 E3 0B
2026-09-28T15:22:51.406+00:00,25327.760,RX,post,00110BE3,1,5,01 00 00 E3 0B
2026-09-28T15:22:51.411+00:00,25332.482,RX,post,0001BC68,1,7,01 00 00 0F 03 68 BC
2026-09-28T15:22:51.411+00:00,25332.603,RX,post,0011BC68,1,5,01 00 00 68 BC
2026-09-28T15:22:51.416+00:00,25337.450,RX,post,00012551,1,7,01 00 00 0F 03 51 25
2026-09-28T15:22:51.416+00:00,25337.662,RX,post,00112551,1,5,01 00 00 51 25
2026-09-28T15:22:51.421+00:00,25342.593,RX,post,0001A036,1,7,01 00 00 0F 03 36 A0
2026-09-28T15:22:51.421+00:00,25342.743,RX,post,0011A036,1,5,01 00 00 36 A0
2026-09-28T15:22:51.426+00:00,25347.518,RX,post,0001A111,1,7,01 00 00 0F 03 11 A1
2026-09-28T15:22:51.426+00:00,25347.655,RX,post,0011A111,1,5,01 00 00 11 A1
2026-09-28T15:22:51.431+00:00,25352.593,RX,post,00012FD4,1,7,01 00 00 0F 03 D4 2F
2026-09-28T15:22:51.431+00:00,25352.739,RX,post,00112FD4,1,5,01 00 00 D4 2F
2026-09-28T15:22:51.435+00:00,25357.414,RX,post,000146FB,1,7,01 00 00 0F 03 FB 46
2026-09-28T15:22:51.436+00:00,25357.645,RX,post,001146FB,1,5,01 00 00 FB 46
2026-09-28T15:22:51.440+00:00,25362.430,RX,post,0001293F,1,7,01 00 00 0F 03 3F 29
2026-09-28T15:22:51.441+00:00,25362.739,RX,post,0011293F,1,5,01 00 00 3F 29
2026-09-28T15:22:51.446+00:00,25367.507,RX,post,00017CF0,1,7,01 00 00 0F 03 F0 7C
2026-09-28T15:22:51.446+00:00,25367.593,RX,post,00117CF0,1,5,01 00 00 F0 7C
2026-09-28T15:22:51.451+00:00,25372.527,RX,post,000102C1,1,7,01 00 00 0F 03 C1 02
2026-09-28T15:22:51.451+00:00,25372.663,RX,post,001102C1,1,5,01 00 00 C1 02
2026-09-28T15:22:51.456+00:00,25377.594,RX,post,0001E438,1,7,01 00 00 0F 03 38 E4
2026-09-28T15:22:51.456+00:00,25377.673,RX,post,0011E438,1,5,01 00 00 38 E4
2026-09-28T15:22:51.460+00:00,25382.472,RX,post,0001E6B1,1,7,01 00 00 0F 03 B1 E6
2026-09-28T15:22:51.461+00:00,25382.628,RX,post,0011E6B1,1,5,01 00 00 B1 E6
2026-09-28T15:22:51.466+00:00,25387.525,RX,post,000102E8,1,7,01 00 00 0F 03 E8 02
2026-09-28T15:22:51.466+00:00,25387.639,RX,post,001102E8,1,5,01 00 00 E8 02
2026-09-28T15:22:51.471+00:00,25392.537,RX,post,00014429,1,7,01 00 00 0F 03 29 44
2026-09-28T15:22:51.471+00:00,25392.670,RX,post,00114429,1,5,01 00 00 29 44
2026-09-28T15:22:51.476+00:00,25397.629,RX,post,00019D17,1,7,01 00 00 0F 03 17 9D
2026-09-28T15:22:51.476+00:00,25397.750,RX,post,00119D17,1,5,01 00 00 17 9D
2026-09-28T15:22:51.481+00:00,25402.665,RX,post,00010D14,1,7,01 00 00 0F 03 14 0D
2026-09-28T15:22:51.481+00:00,25402.768,RX,post,00110D14,1,5,01 00 00 14 0D
2026-09-28T15:22:51.486+00:00,25407.612,RX,post,0001536C,1,7,01 00 00 0F 03 6C 53
2026-09-28T15:22:51.486+00:00,25407.721,RX,post,0011536C,1,5,01 00 00 6C 53
2026-09-28T15:22:51.490+00:00,25412.436,RX,post,00018AC1,1,7,01 00 00 0F 03 C1 8A
2026-09-28T15:22:51.491+00:00,25412.873,RX,post,00118AC1,1,5,01 00 00 C1 8A
2026-09-28T15:22:51.495+00:00,25417.460,RX,post,00012846,1,7,01 00 00 0F 03 46 28
2026-09-28T15:22:51.496+00:00,25417.663,RX,post,00112846,1,5,01 00 00 46 28
2026-09-28T15:22:51.500+00:00,25422.471,RX,post,000108E0,1,7,01 00 00 0F 03 E0 08
2026-09-28T15:22:51.501+00:00,25422.661,RX,post,001108E0,1,5,01 00 00 E0 08
2026-09-28T15:22:51.506+00:00,25427.503,RX,post,0001C293,1,7,01 00 00 0F 03 93 C2
2026-09-28T15:22:51.506+00:00,25427.580,RX,post,0011C293,1,5,01 00 00 93 C2
2026-09-28T15:22:51.510+00:00,25432.466,RX,post,0001C797,1,7,01 00 00 0F 03 97 C7
2026-09-28T15:22:51.511+00:00,25432.592,RX,post,0011C797,1,5,01 00 00 97 C7
2026-09-28T15:22:51.515+00:00,25437.441,RX,post,0001790A,1,7,01 00 00 0F 03 0A 79
2026-09-28T15:22:51.516+00:00,25437.726,RX,post,0011790A,1,5,01 00 00 0A 79
2026-09-28T15:22:51.520+00:00,25442.464,RX,post,00019806,1,7,01 00 00 0F 03 06 98
2026-09-28T15:22:51.521+00:00,25442.698,RX,post,00119806,1,5,01 00 00 06 98
2026-09-28T15:22:51.525+00:00,25447.415,RX,post,00018E69,1,7,01 00 00 0F 03 69 8E
2026-09-28T15:22:51.526+00:00,25447.666,RX,post,00118E69,1,5,01 00 00 69 8E
2026-09-28T15:22:51.531+00:00,25452.586,RX,post,0001237D,1,7,01 00 00 0F 03 7D 23
2026-09-28T15:22:51.531+00:00,25452.697,RX,post,0011237D,1,5,01 00 00 7D 23
2026-09-28T15:22:51.535+00:00,25457.477,RX,post,0001A6EB,1,7,01 00 00 0F 03 EB A6
2026-09-28T15:22:51.536+00:00,25457.631,RX,post,0011A6EB,1,5,01 00 00 EB A6
2026-09-28T15:22:51.540+00:00,25462.472,RX,post,00013430,1,7,01 00 00 0F 03 30 34
2026-09-28T15:22:51.541+00:00,25462.620,RX,post,00113430,1,5,01 00 00 30 34
2026-09-28T15:22:51.545+00:00,25467.409,RX,post,00014505,1,7,01 00 00 0F 03 05 45
2026-09-28T15:22:51.546+00:00,25467.737,RX,post,00114505,1,5,01 00 00 05 45
2026-09-28T15:22:51.550+00:00,25472.430,RX,post,0001C328,1,7,01 00 00 0F 03 28 C3
2026-09-28T15:22:51.551+00:00,25472.792,RX,post,0011C328,1,5,01 00 00 28 C3
2026-09-28T15:22:51.555+00:00,25477.412,RX,post,00011F32,1,7,01 00 00 0F 03 32 1F
2026-09-28T15:22:51.556+00:00,25477.858,RX,post,00111F32,1,5,01 00 00 32 1F
2026-09-28T15:22:51.560+00:00,25482.451,RX,post,000161C8,1,7,01 00 00 0F 03 C8 61
2026-09-28T15:22:51.561+00:00,25482.666,RX,post,001161C8,1,5,01 00 00 C8 61
2026-09-28T15:22:51.566+00:00,25487.481,RX,post,0001725A,1,7,01 00 00 0F 03 5A 72
2026-09-28T15:22:51.566+00:00,25487.836,RX,post,0011725A,1,5,01 00 00 5A 72
2026-09-28T15:22:51.570+00:00,25492.457,RX,post,00019A17,1,7,01 00 00 0F 03 17 9A
2026-09-28T15:22:51.571+00:00,25492.804,RX,post,00119A17,1,5,01 00 00 17 9A
2026-09-28T15:22:51.575+00:00,25497.466,RX,post,0001A813,1,7,01 00 00 0F 03 13 A8
2026-09-28T15:22:51.576+00:00,25497.699,RX,post,0011A813,1,5,01 00 00 13 A8
2026-09-28T15:22:51.580+00:00,25502.472,RX,post,0001FBB9,1,7,01 00 00 0F 03 B9 FB
2026-09-28T15:22:51.581+00:00,25502.614,RX,post,0011FBB9,1,5,01 00 00 B9 FB
2026-09-28T15:22:51.586+00:00,25507.530,RX,post,000121CD,1,7,01 00 00 0F 03 CD 21
2026-09-28T15:22:51.586+00:00,25507.629,RX,post,001121CD,1,5,01 00 00 CD 21
2026-09-28T15:22:51.590+00:00,25512.474,RX,post,00013834,1,7,01 00 00 0F 03 34 38
2026-09-28T15:22:51.591+00:00,25512.682,RX,post,00113834,1,5,01 00 00 34 38
2026-09-28T15:22:51.595+00:00,25517.412,RX,post,000179A9,1,7,01 00 00 0F 03 A9 79
2026-09-28T15:22:51.596+00:00,25517.751,RX,post,001179A9,1,5,01 00 00 A9 79
2026-09-28T15:22:51.601+00:00,25522.530,RX,post,00017BF7,1,7,01 00 00 0F 03 F7 7B
2026-09-28T15:22:51.601+00:00,25522.658,RX,post,00117BF7,1,5,01 00 00 F7 7B
2026-09-28T15:22:51.605+00:00,25527.452,RX,post,00016F8A,1,7,01 00 00 0F 03 8A 6F
2026-09-28T15:22:51.606+00:00,25527.646,RX,post,00116F8A,1,5,01 00 00 8A 6F
2026-09-28T15:22:51.611+00:00,25532.660,RX,post,0001A63C,1,7,01 00 00 0F 03 3C A6
2026-09-28T15:22:51.611+00:00,25532.740,RX,post,0011A63C,1,5,01 00 00 3C A6
2026-09-28T15:22:51.616+00:00,25537.560,RX,post,00013CA5,1,7,01 00 00 0F 03 A5 3C
2026-09-28T15:22:51.616+00:00,25537.746,RX,post,00113CA5,1,5,01 00 00 A5 3C
2026-09-28T15:22:51.621+00:00,25542.730,RX,post,000154BF,1,7,01 00 00 0F 03 BF 54
2026-09-28T15:22:51.621+00:00,25542.809,RX,post,001154BF,1,5,01 00 00 BF 54
2026-09-28T15:22:51.625+00:00,25547.418,RX,post,00011996,1,7,01 00 00 0F 03 96 19
2026-09-28T15:22:51.626+00:00,25547.707,RX,post,00111996,1,5,01 00 00 96 19
2026-09-28T15:22:51.631+00:00,25552.534,RX,post,000118DE,1,7,01 00 00 0F 03 DE 18
2026-09-28T15:22:51.631+00:00,25552.704,RX,post,001118DE,1,5,01 00 00 DE 18
2026-09-28T15:22:51.636+00:00,25557.616,RX,post,00012EC4,1,7,01 00 00 0F 03 C4 2E
2026-09-28T15:22:51.636+00:00,25557.717,RX,post,00112EC4,1,5,01 00 00 C4 2E
2026-09-28T15:22:51.640+00:00,25562.449,RX,post,0001529D,1,7,01 00 00 0F 03 9D 52
2026-09-28T15:22:51.641+00:00,25562.808,RX,post,0011529D,1,5,01 00 00 9D 52
2026-09-28T15:22:51.646+00:00,25567.510,RX,post,000118A3,1,7,01 00 00 0F 03 A3 18
2026-09-28T15:22:51.646+00:00,25567.785,RX,post,001118A3,1,5,01 00 00 A3 18
2026-09-28T15:22:51.650+00:00,25572.422,RX,post,0001EAA4,1,7,01 00 00 0F 03 A4 EA
2026-09-28T15:22:51.651+00:00,25572.676,RX,post,0011EAA4,1,5,01 00 00 A4 EA
2026-09-28T15:22:51.656+00:00,25577.506,RX,post,00011D05,1,7,01 00 00 0F 03 05 1D
2026-09-28T15:22:51.656+00:00,25577.737,RX,post,00111D05,1,5,01 00 00 05 1D
2026-09-28T15:22:51.660+00:00,25582.444,RX,post,0001C331,1,7,01 00 00 0F 03 31 C3
2026-09-28T15:22:51.661+00:00,25582.757,RX,post,0011C331,1,5,01 00 00 31 C3
2026-09-28T15:22:51.666+00:00,25587.497,RX,post,000120A5,1,7,01 00 00 0F 03 A5 20
2026-09-28T15:22:51.666+00:00,25587.667,RX,post,001120A5,1,5,01 00 00 A5 20
2026-09-28T15:22:51.671+00:00,25592.484,RX,post,00014095,1,7,01 00 00 0F 03 95 40
2026-09-28T15:22:51.671+00:00,25592.742,RX,post,00114095,1,5,01 00 00 95 40
2026-09-28T15:22:51.676+00:00,25597.689,RX,post,00018F96,1,7,01 00 00 0F 03 96 8F
2026-09-28T15:22:51.676+00:00,25597.869,RX,post,00118F96,1,5,01 00 00 96 8F
2026-09-28T15:22:51.681+00:00,25602.506,RX,post,0001DCB1,1,7,01 00 00 0F 03 B1 DC
2026-09-28T15:22:51.681+00:00,25602.762,RX,post,0011DCB1,1,5,01 00 00 B1 DC
2026-09-28T15:22:51.686+00:00,25607.554,RX,post,00013D28,1,7,01 00 00 0F 03 28 3D
2026-09-28T15:22:51.686+00:00,25607.910,RX,post,00113D28,1,5,01 00 00 28 3D
2026-09-28T15:22:51.690+00:00,25612.475,RX,post,0001FD96,1,7,01 00 00 0F 03 96 FD
2026-09-28T15:22:51.691+00:00,25612.689,RX,post,0011FD96,1,5,01 00 00 96 FD
2026-09-28T15:22:51.696+00:00,25617.926,RX,post,0001B792,1,7,01 00 00 0F 03 92 B7
2026-09-28T15:22:51.696+00:00,25617.997,RX,post,0011B792,1,5,01 00 00 92 B7
2026-09-28T15:22:51.701+00:00,25622.813,RX,post,00011A2D,1,7,01 00 00 0F 03 2D 1A
2026-09-28T15:22:51.701+00:00,25622.878,RX,post,00111A2D,1,5,01 00 00 2D 1A
2026-09-28T15:22:51.706+00:00,25627.591,RX,post,00015D5F,1,7,01 00 00 0F 03 5F 5D
2026-09-28T15:22:51.706+00:00,25627.664,RX,post,00115D5F,1,5,01 00 00 5F 5D
2026-09-28T15:22:51.710+00:00,25632.411,RX,post,00017C94,1,7,01 00 00 0F 03 94 7C
2026-09-28T15:22:51.711+00:00,25632.659,RX,post,00117C94,1,5,01 00 00 94 7C
2026-09-28T15:22:51.716+00:00,25637.482,RX,post,00019A6C,1,7,01 00 00 0F 03 6C 9A
2026-09-28T15:22:51.716+00:00,25637.725,RX,post,00119A6C,1,5,01 00 00 6C 9A
2026-09-28T15:22:51.721+00:00,25642.563,RX,post,00017095,1,7,01 00 00 0F 03 95 70
2026-09-28T15:22:51.721+00:00,25642.662,RX,post,00117095,1,5,01 00 00 95 70
2026-09-28T15:22:51.725+00:00,25647.394,RX,post,0001E3FB,1,7,01 00 00 0F 03 FB E3
2026-09-28T15:22:51.726+00:00,25647.639,RX,post,0011E3FB,1,5,01 00 00 FB E3
2026-09-28T15:22:51.731+00:00,25652.468,RX,post,00016962,1,7,01 00 00 0F 03 62 69
2026-09-28T15:22:51.731+00:00,25652.719,RX,post,00116962,1,5,01 00 00 62 69
2026-09-28T15:22:51.735+00:00,25657.423,RX,post,00011728,1,7,01 00 00 0F 03 28 17
2026-09-28T15:22:51.736+00:00,25657.639,RX,post,00111728,1,5,01 00 00 28 17
2026-09-28T15:22:51.740+00:00,25662.453,RX,post,0001B47A,1,7,01 00 00 0F 03 7A B4
2026-09-28T15:22:51.741+00:00,25662.589,RX,post,0011B47A,1,5,01 00 00 7A B4
2026-09-28T15:22:51.746+00:00,25667.703,RX,post,000126C1,1,7,01 00 00 0F 03 C1 26
2026-09-28T15:22:51.746+00:00,25667.814,RX,post,001126C1,1,5,01 00 00 C1 26
2026-09-28T15:22:51.750+00:00,25672.389,RX,post,00018861,1,7,01 00 00 0F 03 61 88
2026-09-28T15:22:51.751+00:00,25672.689,RX,post,00118861,1,5,01 00 00 61 88
2026-09-28T15:22:51.756+00:00,25677.772,RX,post,0001F94F,1,7,01 00 00 0F 03 4F F9
2026-09-28T15:22:51.756+00:00,25677.866,RX,post,0011F94F,1,5,01 00 00 4F F9
2026-09-28T15:22:51.761+00:00,25682.623,RX,post,0001DC96,1,7,01 00 00 0F 03 96 DC
2026-09-28T15:22:51.761+00:00,25682.769,RX,post,0011DC96,1,5,01 00 00 96 DC
2026-09-28T15:22:51.765+00:00,25687.434,RX,post,000129D8,1,7,01 00 00 0F 03 D8 29
2026-09-28T15:22:51.766+00:00,25687.749,RX,post,001129D8,1,5,01 00 00 D8 29
2026-09-28T15:22:51.770+00:00,25692.452,RX,post,0001A0E5,1,7,01 00 00 0F 03 E5 A0
2026-09-28T15:22:51.771+00:00,25692.644,RX,post,0011A0E5,1,5,01 00 00 E5 A0
2026-09-28T15:22:51.775+00:00,25697.440,RX,post,00010D9F,1,7,01 00 00 0F 03 9F 0D
2026-09-28T15:22:51.776+00:00,25697.635,RX,post,00110D9F,1,5,01 00 00 9F 0D
2026-09-28T15:22:51.781+00:00,25702.508,RX,post,0001550C,1,7,01 00 00 0F 03 0C 55
2026-09-28T15:22:51.781+00:00,25702.668,RX,post,0011550C,1,5,01 00 00 0C 55
2026-09-28T15:22:51.785+00:00,25707.448,RX,post,0001FEE5,1,7,01 00 00 0F 03 E5 FE
2026-09-28T15:22:51.786+00:00,25707.741,RX,post,0011FEE5,1,5,01 00 00 E5 FE
2026-09-28T15:22:51.790+00:00,25712.418,RX,post,00011E52,1,7,01 00 00 0F 03 52 1E
2026-09-28T15:22:51.791+00:00,25712.659,RX,post,00111E52,1,5,01 00 00 52 1E
2026-09-28T15:22:51.795+00:00,25717.397,RX,post,00011885,1,7,01 00 00 0F 03 85 18
2026-09-28T15:22:51.796+00:00,25717.746,RX,post,00111885,1,5,01 00 00 85 18
2026-09-28T15:22:51.801+00:00,25722.474,RX,post,0001576F,1,7,01 00 00 0F 03 6F 57
2026-09-28T15:22:51.801+00:00,25722.683,RX,post,0011576F,1,5,01 00 00 6F 57
2026-09-28T15:22:51.805+00:00,25727.373,RX,post,000173D8,1,7,01 00 00 0F 03 D8 73
2026-09-28T15:22:51.806+00:00,25727.834,RX,post,001173D8,1,5,01 00 00 D8 73
2026-09-28T15:22:51.810+00:00,25732.343,RX,post,00010808,1,7,01 00 00 0F 03 08 08
2026-09-28T15:22:51.811+00:00,25732.728,RX,post,00110808,1,5,01 00 00 08 08
2026-09-28T15:22:51.815+00:00,25737.440,RX,post,0001124A,1,7,01 00 00 0F 03 4A 12
2026-09-28T15:22:51.816+00:00,25737.816,RX,post,0011124A,1,5,01 00 00 4A 12
2026-09-28T15:22:51.820+00:00,25742.388,RX,post,00012F84,1,7,01 00 00 0F 03 84 2F
2026-09-28T15:22:51.821+00:00,25742.782,RX,post,00112F84,1,5,01 00 00 84 2F
2026-09-28T15:22:51.825+00:00,25747.460,RX,post,00019584,1,7,01 00 00 0F 03 84 95
2026-09-28T15:22:51.826+00:00,25747.723,RX,post,00119584,1,5,01 00 00 84 95
2026-09-28T15:22:51.830+00:00,25752.397,RX,post,0001D003,1,7,01 00 00 0F 03 03 D0
2026-09-28T15:22:51.831+00:00,25752.806,RX,post,0011D003,1,5,01 00 00 03 D0
2026-09-28T15:22:51.835+00:00,25757.400,RX,post,0001050F,1,7,01 00 00 0F 03 0F 05
2026-09-28T15:22:51.836+00:00,25757.727,RX,post,0011050F,1,5,01 00 00 0F 05
2026-09-28T15:22:51.840+00:00,25762.403,RX,post,000188C7,1,7,01 00 00 0F 03 C7 88
2026-09-28T15:22:51.841+00:00,25762.686,RX,post,001188C7,1,5,01 00 00 C7 88
2026-09-28T15:22:51.845+00:00,25767.455,RX,post,00014DF0,1,7,01 00 00 0F 03 F0 4D
2026-09-28T15:22:51.846+00:00,25767.647,RX,post,00114DF0,1,5,01 00 00 F0 4D
2026-09-28T15:22:51.850+00:00,25772.465,RX,post,00010041,1,7,01 00 00 0F 03 41 00
2026-09-28T15:22:51.851+00:00,25772.594,RX,post,00110041,1,5,01 00 00 41 00
2026-09-28T15:22:51.856+00:00,25777.609,RX,post,0001487A,1,7,01 00 00 0F 03 7A 48
2026-09-28T15:22:51.856+00:00,25777.702,RX,post,0011487A,1,5,01 00 00 7A 48
2026-09-28T15:22:51.861+00:00,25782.654,RX,post,0001DCAE,1,7,01 00 00 0F 03 AE DC
2026-09-28T15:22:51.861+00:00,25782.741,RX,post,0011DCAE,1,5,01 00 00 AE DC
2026-09-28T15:22:51.866+00:00,25787.532,RX,post,0001D66F,1,7,01 00 00 0F 03 6F D6
2026-09-28T15:22:51.866+00:00,25787.794,RX,post,0011D66F,1,5,01 00 00 6F D6
2026-09-28T15:22:51.871+00:00,25792.511,RX,post,000132E1,1,7,01 00 00 0F 03 E1 32
2026-09-28T15:22:51.871+00:00,25792.772,RX,post,001132E1,1,5,01 00 00 E1 32
2026-09-28T15:22:51.875+00:00,25797.407,RX,post,00017F2C,1,7,01 00 00 0F 03 2C 7F
2026-09-28T15:22:51.876+00:00,25797.677,RX,post,00117F2C,1,5,01 00 00 2C 7F
2026-09-28T15:22:51.880+00:00,25802.434,RX,post,000191AE,1,7,01 00 00 0F 03 AE 91
2026-09-28T15:22:51.881+00:00,25802.749,RX,post,001191AE,1,5,01 00 00 AE 91
2026-09-28T15:22:51.885+00:00,25807.428,RX,post,0001716F,1,7,01 00 00 0F 03 6F 71
2026-09-28T15:22:51.886+00:00,25807.745,RX,post,0011716F,1,5,01 00 00 6F 71
2026-09-28T15:22:51.890+00:00,25812.415,RX,post,0001C510,1,7,01 00 00 0F 03 10 C5
2026-09-28T15:22:51.891+00:00,25812.675,RX,post,0011C510,1,5,01 00 00 10 C5
2026-09-28T15:22:51.896+00:00,25817.720,RX,post,000191F9,1,7,01 00 00 0F 03 F9 91
2026-09-28T15:22:51.896+00:00,25817.827,RX,post,001191F9,1,5,01 00 00 F9 91
2026-09-28T15:22:51.901+00:00,25822.632,RX,post,00017701,1,7,01 00 00 0F 03 01 77
2026-09-28T15:22:51.901+00:00,25822.742,RX,post,00117701,1,5,01 00 00 01 77
2026-09-28T15:22:51.906+00:00,25827.615,RX,post,0001D414,1,7,01 00 00 0F 03 14 D4
2026-09-28T15:22:51.906+00:00,25827.764,RX,post,0011D414,1,5,01 00 00 14 D4
2026-09-28T15:22:51.911+00:00,25832.648,RX,post,0001C0A3,1,7,01 00 00 0F 03 A3 C0
2026-09-28T15:22:51.911+00:00,25832.786,RX,post,0011C0A3,1,5,01 00 00 A3 C0
2026-09-28T15:22:51.916+00:00,25837.522,RX,post,0001ECD5,1,7,01 00 00 0F 03 D5 EC
2026-09-28T15:22:51.916+00:00,25837.721,RX,post,0011ECD5,1,5,01 00 00 D5 EC
2026-09-28T15:22:51.920+00:00,25842.444,RX,post,0001F924,1,7,01 00 00 0F 03 24 F9
2026-09-28T15:22:51.921+00:00,25842.692,RX,post,0011F924,1,5,01 00 00 24 F9
2026-09-28T15:22:51.925+00:00,25847.411,RX,post,0001CF84,1,7,01 00 00 0F 03 84 CF
2026-09-28T15:22:51.926+00:00,25847.757,RX,post,0011CF84,1,5,01 00 00 84 CF
2026-09-28T15:22:51.931+00:00,25852.608,RX,post,00019483,1,7,01 00 00 0F 03 83 94
2026-09-28T15:22:51.931+00:00,25852.827,RX,post,00119483,1,5,01 00 00 83 94
2026-09-28T15:22:51.936+00:00,25857.627,RX,post,0001718F,1,7,01 00 00 0F 03 8F 71
2026-09-28T15:22:51.936+00:00,25857.722,RX,post,0011718F,1,5,01 00 00 8F 71
2026-09-28T15:22:51.941+00:00,25862.550,RX,post,00018322,1,7,01 00 00 0F 03 22 83
2026-09-28T15:22:51.941+00:00,25862.647,RX,post,00118322,1,5,01 00 00 22 83
2026-09-28T15:22:51.945+00:00,25867.427,RX,post,0001D1FF,1,7,01 00 00 0F 03 FF D1
2026-09-28T15:22:51.946+00:00,25867.742,RX,post,0011D1FF,1,5,01 00 00 FF D1
2026-09-28T15:22:51.951+00:00,25872.642,RX,post,0001EFCC,1,7,01 00 00 0F 03 CC EF
2026-09-28T15:22:51.951+00:00,25872.762,RX,post,0011EFCC,1,5,01 00 00 CC EF
2026-09-28T15:22:51.955+00:00,25877.468,RX,post,00017C3F,1,7,01 00 00 0F 03 3F 7C
2026-09-28T15:22:51.956+00:00,25877.768,RX,post,00117C3F,1,5,01 00 00 3F 7C
2026-09-28T15:22:51.961+00:00,25882.500,RX,post,0001B893,1,7,01 00 00 0F 03 93 B8
2026-09-28T15:22:51.961+00:00,25882.783,RX,post,0011B893,1,5,01 00 00 93 B8
2026-09-28T15:22:51.965+00:00,25887.411,RX,post,000183B5,1,7,01 00 00 0F 03 B5 83
2026-09-28T15:22:51.966+00:00,25887.743,RX,post,001183B5,1,5,01 00 00 B5 83
2026-09-28T15:22:51.970+00:00,25892.422,RX,post,00018FB3,1,7,01 00 00 0F 03 B3 8F
2026-09-28T15:22:51.971+00:00,25892.696,RX,post,00118FB3,1,5,01 00 00 B3 8F
2026-09-28T15:22:51.975+00:00,25897.413,RX,post,00011D80,1,7,01 00 00 0F 03 80 1D
2026-09-28T15:22:51.976+00:00,25897.715,RX,post,00111D80,1,5,01 00 00 80 1D
2026-09-28T15:22:51.980+00:00,25902.414,RX,post,0001E861,1,7,01 00 00 0F 03 61 E8
2026-09-28T15:22:51.981+00:00,25902.704,RX,post,0011E861,1,5,01 00 00 61 E8
2026-09-28T15:22:51.985+00:00,25907.438,RX,post,00014356,1,7,01 00 00 0F 03 56 43
2026-09-28T15:22:51.986+00:00,25907.703,RX,post,00114356,1,5,01 00 00 56 43
2026-09-28T15:22:51.990+00:00,25912.441,RX,post,0001142A,1,7,01 00 00 0F 03 2A 14
2026-09-28T15:22:51.991+00:00,25912.729,RX,post,0011142A,1,5,01 00 00 2A 14
2026-09-28T15:22:51.996+00:00,25917.525,RX,post,0001FE5D,1,7,01 00 00 0F 03 5D FE
2026-09-28T15:22:51.996+00:00,25917.721,RX,post,0011FE5D,1,5,01 00 00 5D FE
2026-09-28T15:22:52.001+00:00,25922.490,RX,post,00013C50,1,7,01 00 00 0F 03 50 3C
2026-09-28T15:22:52.001+00:00,25922.668,RX,post,00113C50,1,5,01 00 00 50 3C
2026-09-28T15:22:52.005+00:00,25927.431,RX,post,0001D269,1,7,01 00 00 0F 03 69 D2
2026-09-28T15:22:52.006+00:00,25927.773,RX,post,0011D269,1,5,01 00 00 69 D2
2026-09-28T15:22:52.010+00:00,25932.394,RX,post,0001CF45,1,7,01 00 00 0F 03 45 CF
2026-09-28T15:22:52.011+00:00,25932.660,RX,post,0011CF45,1,5,01 00 00 45 CF
2026-09-28T15:22:52.015+00:00,25937.369,RX,post,0001860B,1,7,01 00 00 0F 03 0B 86
2026-09-28T15:22:52.016+00:00,25937.694,RX,post,0011860B,1,5,01 00 00 0B 86
2026-09-28T15:22:52.020+00:00,25942.363,RX,post,0001193B,1,7,01 00 00 0F 03 3B 19
2026-09-28T15:22:52.021+00:00,25942.767,RX,post,0011193B,1,5,01 00 00 3B 19
2026-09-28T15:22:52.025+00:00,25947.372,RX,post,0001CD5C,1,7,01 00 00 0F 03 5C CD
2026-09-28T15:22:52.026+00:00,25947.696,RX,post,0011CD5C,1,5,01 00 00 5C CD
2026-09-28T15:22:52.031+00:00,25952.576,RX,post,0001875A,1,7,01 00 00 0F 03 5A 87
2026-09-28T15:22:52.031+00:00,25952.747,RX,post,0011875A,1,5,01 00 00 5A 87
2026-09-28T15:22:52.035+00:00,25957.459,RX,post,0001E95B,1,7,01 00 00 0F 03 5B E9
2026-09-28T15:22:52.036+00:00,25957.601,RX,post,0011E95B,1,5,01 00 00 5B E9
2026-09-28T15:22:52.040+00:00,25962.342,RX,post,0001601D,1,7,01 00 00 0F 03 1D 60
2026-09-28T15:22:52.041+00:00,25962.660,RX,post,0011601D,1,5,01 00 00 1D 60
2026-09-28T15:22:52.045+00:00,25967.401,RX,post,0001475F,1,7,01 00 00 0F 03 5F 47
2026-09-28T15:22:52.046+00:00,25967.748,RX,post,0011475F,1,5,01 00 00 5F 47
2026-09-28T15:22:52.050+00:00,25972.427,RX,post,00015BEA,1,7,01 00 00 0F 03 EA 5B
2026-09-28T15:22:52.051+00:00,25972.729,RX,post,00115BEA,1,5,01 00 00 EA 5B
2026-09-28T15:22:52.055+00:00,25977.417,RX,post,00013BEC,1,7,01 00 00 0F 03 EC 3B
2026-09-28T15:22:52.056+00:00,25977.689,RX,post,00113BEC,1,5,01 00 00 EC 3B
2026-09-28T15:22:52.060+00:00,25982.401,RX,post,0001DFD6,1,7,01 00 00 0F 03 D6 DF
2026-09-28T15:22:52.061+00:00,25982.706,RX,post,0011DFD6,1,5,01 00 00 D6 DF
2026-09-28T15:22:52.065+00:00,25987.418,RX,post,000145F0,1,7,01 00 00 0F 03 F0 45
2026-09-28T15:22:52.066+00:00,25987.683,RX,post,001145F0,1,5,01 00 00 F0 45
2026-09-28T15:22:52.070+00:00,25992.442,RX,post,00017D42,1,7,01 00 00 0F 03 42 7D
2026-09-28T15:22:52.071+00:00,25992.558,RX,post,00117D42,1,5,01 00 00 42 7D
2026-09-28T15:22:52.076+00:00,25997.632,RX,post,00017324,1,7,01 00 00 0F 03 24 73
2026-09-28T15:22:52.076+00:00,25997.731,RX,post,00117324,1,5,01 00 00 24 73
2026-09-28T15:22:52.080+00:00,26002.382,RX,post,00016FAA,1,7,01 00 00 0F 03 AA 6F
2026-09-28T15:22:52.081+00:00,26002.698,RX,post,00116FAA,1,5,01 00 00 AA 6F
2026-09-28T15:22:52.085+00:00,26007.358,RX,post,00017C34,1,7,01 00 00 0F 03 34 7C
2026-09-28T15:22:52.086+00:00,26007.754,RX,post,00117C34,1,5,01 00 00 34 7C
2026-09-28T15:22:52.091+00:00,26012.564,RX,post,000122DF,1,7,01 00 00 0F 03 DF 22
2026-09-28T15:22:52.091+00:00,26012.640,RX,post,001122DF,1,5,01 00 00 DF 22
2026-09-28T15:22:52.095+00:00,26017.462,RX,post,00018ADC,1,7,01 00 00 0F 03 DC 8A
2026-09-28T15:22:52.096+00:00,26017.708,RX,post,00118ADC,1,5,01 00 00 DC 8A
2026-09-28T15:22:52.100+00:00,26022.441,RX,post,00017688,1,7,01 00 00 0F 03 88 76
2026-09-28T15:22:52.101+00:00,26022.626,RX,post,00117688,1,5,01 00 00 88 76
2026-09-28T15:22:52.105+00:00,26027.370,RX,post,0001B20B,1,7,01 00 00 0F 03 0B B2
2026-09-28T15:22:52.106+00:00,26027.687,RX,post,0011B20B,1,5,01 00 00 0B B2
2026-09-28T15:22:52.111+00:00,26032.560,RX,post,00012C95,1,7,01 00 00 0F 03 95 2C
2026-09-28T15:22:52.111+00:00,26032.617,RX,post,00112C95,1,5,01 00 00 95 2C
2026-09-28T15:22:52.115+00:00,26037.454,RX,post,00017FDC,1,7,01 00 00 0F 03 DC 7F
2026-09-28T15:22:52.116+00:00,26037.685,RX,post,00117FDC,1,5,01 00 00 DC 7F
2026-09-28T15:22:52.121+00:00,26042.582,RX,post,00011F0F,1,7,01 00 00 0F 03 0F 1F
2026-09-28T15:22:52.121+00:00,26042.638,RX,post,00111F0F,1,5,01 00 00 0F 1F
2026-09-28T15:22:52.126+00:00,26047.535,RX,post,000162E1,1,7,01 00 00 0F 03 E1 62
2026-09-28T15:22:52.126+00:00,26047.766,RX,post,001162E1,1,5,01 00 00 E1 62
2026-09-28T15:22:52.131+00:00,26052.473,RX,post,0001166E,1,7,01 00 00 0F 03 6E 16
2026-09-28T15:22:52.131+00:00,26052.566,RX,post,0011166E,1,5,01 00 00 6E 16
2026-09-28T15:22:52.136+00:00,26057.493,RX,post,0001680C,1,7,01 00 00 0F 03 0C 68
2026-09-28T15:22:52.136+00:00,26057.598,RX,post,0011680C,1,5,01 00 00 0C 68
2026-09-28T15:22:52.140+00:00,26062.364,RX,post,00019C51,1,7,01 00 00 0F 03 51 9C
2026-09-28T15:22:52.141+00:00,26062.728,RX,post,00119C51,1,5,01 00 00 51 9C
2026-09-28T15:22:52.145+00:00,26067.367,RX,post,00014445,1,7,01 00 00 0F 03 45 44
2026-09-28T15:22:52.146+00:00,26067.745,RX,post,00114445,1,5,01 00 00 45 44
2026-09-28T15:22:52.150+00:00,26072.334,RX,post,0001B352,1,7,01 00 00 0F 03 52 B3
2026-09-28T15:22:52.151+00:00,26072.694,RX,post,0011B352,1,5,01 00 00 52 B3
2026-09-28T15:22:52.156+00:00,26077.582,RX,post,00019467,1,7,01 00 00 0F 03 67 94
2026-09-28T15:22:52.156+00:00,26077.697,RX,post,00119467,1,5,01 00 00 67 94
2026-09-28T15:22:52.161+00:00,26082.703,RX,post,00019B54,1,7,01 00 00 0F 03 54 9B
2026-09-28T15:22:52.161+00:00,26082.808,RX,post,00119B54,1,5,01 00 00 54 9B
2026-09-28T15:22:52.166+00:00,26087.618,RX,post,0001F43A,1,7,01 00 00 0F 03 3A F4
2026-09-28T15:22:52.166+00:00,26087.740,RX,post,0011F43A,1,5,01 00 00 3A F4
2026-09-28T15:22:52.171+00:00,26092.586,RX,post,0001066B,1,7,01 00 00 0F 03 6B 06
2026-09-28T15:22:52.171+00:00,26092.765,RX,post,0011066B,1,5,01 00 00 6B 06
2026-09-28T15:22:52.175+00:00,26097.371,RX,post,000180AE,1,7,01 00 00 0F 03 AE 80
2026-09-28T15:22:52.176+00:00,26097.637,RX,post,001180AE,1,5,01 00 00 AE 80
2026-09-28T15:22:52.180+00:00,26102.362,RX,post,0001715C,1,7,01 00 00 0F 03 5C 71
2026-09-28T15:22:52.181+00:00,26102.630,RX,post,0011715C,1,5,01 00 00 5C 71
2026-09-28T15:22:52.186+00:00,26107.500,RX,post,00016350,1,7,01 00 00 0F 03 50 63
2026-09-28T15:22:52.186+00:00,26107.576,RX,post,00116350,1,5,01 00 00 50 63
2026-09-28T15:22:52.190+00:00,26112.360,RX,post,00011B45,1,7,01 00 00 0F 03 45 1B
2026-09-28T15:22:52.191+00:00,26112.626,RX,post,00111B45,1,5,01 00 00 45 1B
2026-09-28T15:22:52.196+00:00,26117.633,RX,post,0001FCE0,1,7,01 00 00 0F 03 E0 FC
2026-09-28T15:22:52.196+00:00,26117.704,RX,post,0011FCE0,1,5,01 00 00 E0 FC
2026-09-28T15:22:52.201+00:00,26122.643,RX,post,000182EA,1,7,01 00 00 0F 03 EA 82
2026-09-28T15:22:52.201+00:00,26122.726,RX,post,001182EA,1,5,01 00 00 EA 82
2026-09-28T15:22:52.205+00:00,26127.389,RX,post,00017A71,1,7,01 00 00 0F 03 71 7A
2026-09-28T15:22:52.206+00:00,26127.751,RX,post,00117A71,1,5,01 00 00 71 7A
2026-09-28T15:22:52.210+00:00,26132.385,RX,post,0001B8B8,1,7,01 00 00 0F 03 B8 B8
2026-09-28T15:22:52.211+00:00,26132.767,RX,post,0011B8B8,1,5,01 00 00 B8 B8
2026-09-28T15:22:52.215+00:00,26137.335,RX,post,00012C6C,1,7,01 00 00 0F 03 6C 2C
2026-09-28T15:22:52.216+00:00,26137.627,RX,post,00112C6C,1,5,01 00 00 6C 2C
2026-09-28T15:22:52.220+00:00,26142.381,RX,post,00018782,1,7,01 00 00 0F 03 82 87
2026-09-28T15:22:52.221+00:00,26142.800,RX,post,00118782,1,5,01 00 00 82 87
2026-09-28T15:22:52.225+00:00,26147.377,RX,post,0001A07B,1,7,01 00 00 0F 03 7B A0
2026-09-28T15:22:52.226+00:00,26147.822,RX,post,0011A07B,1,5,01 00 00 7B A0
2026-09-28T15:22:52.230+00:00,26152.385,RX,post,00016285,1,7,01 00 00 0F 03 85 62
2026-09-28T15:22:52.231+00:00,26152.655,RX,post,00116285,1,5,01 00 00 85 62
2026-09-28T15:22:52.235+00:00,26157.317,RX,post,0001A723,1,7,01 00 00 0F 03 23 A7
2026-09-28T15:22:52.236+00:00,26157.691,RX,post,0011A723,1,5,01 00 00 23 A7
2026-09-28T15:22:52.240+00:00,26162.361,RX,post,0001DA2F,1,7,01 00 00 0F 03 2F DA
2026-09-28T15:22:52.241+00:00,26162.767,RX,post,0011DA2F,1,5,01 00 00 2F DA
2026-09-28T15:22:52.245+00:00,26167.388,RX,post,00015B91,1,7,01 00 00 0F 03 91 5B
2026-09-28T15:22:52.246+00:00,26167.646,RX,post,00115B91,1,5,01 00 00 91 5B
2026-09-28T15:22:52.250+00:00,26172.378,RX,post,0001E9C1,1,7,01 00 00 0F 03 C1 E9
2026-09-28T15:22:52.251+00:00,26172.662,RX,post,0011E9C1,1,5,01 00 00 C1 E9
2026-09-28T15:22:52.255+00:00,26177.373,RX,post,000177EE,1,7,01 00 00 0F 03 EE 77
2026-09-28T15:22:52.256+00:00,26177.585,RX,post,001177EE,1,5,01 00 00 EE 77
2026-09-28T15:22:52.260+00:00,26182.335,RX,post,0001DAC6,1,7,01 00 00 0F 03 C6 DA
2026-09-28T15:22:52.261+00:00,26182.635,RX,post,0011DAC6,1,5,01 00 00 C6 DA
2026-09-28T15:22:52.265+00:00,26187.361,RX,post,0001C631,1,7,01 00 00 0F 03 31 C6
2026-09-28T15:22:52.266+00:00,26187.587,RX,post,0011C631,1,5,01 00 00 31 C6
2026-09-28T15:22:52.270+00:00,26192.313,RX,post,00017BF4,1,7,01 00 00 0F 03 F4 7B
2026-09-28T15:22:52.271+00:00,26192.565,RX,post,00117BF4,1,5,01 00 00 F4 7B
2026-09-28T15:22:52.275+00:00,26197.396,RX,post,00013144,1,7,01 00 00 0F 03 44 31
2026-09-28T15:22:52.276+00:00,26197.673,RX,post,00113144,1,5,01 00 00 44 31
2026-09-28T15:22:52.280+00:00,26202.318,RX,post,000123ED,1,7,01 00 00 0F 03 ED 23
2026-09-28T15:22:52.281+00:00,26202.680,RX,post,001123ED,1,5,01 00 00 ED 23
2026-09-28T15:22:52.285+00:00,26207.319,RX,post,00013004,1,7,01 00 00 0F 03 04 30
2026-09-28T15:22:52.286+00:00,26207.744,RX,post,00113004,1,5,01 00 00 04 30
2026-09-28T15:22:52.290+00:00,26212.320,RX,post,00013D00,1,7,01 00 00 0F 03 00 3D
2026-09-28T15:22:52.291+00:00,26212.777,RX,post,00113D00,1,5,01 00 00 00 3D
2026-09-28T15:22:52.295+00:00,26217.379,RX,post,00011358,1,7,01 00 00 0F 03 58 13
2026-09-28T15:22:52.296+00:00,26217.621,RX,post,00111358,1,5,01 00 00 58 13
2026-09-28T15:22:52.300+00:00,26222.367,RX,post,0001E1DA,1,7,01 00 00 0F 03 DA E1
2026-09-28T15:22:52.301+00:00,26222.640,RX,post,0011E1DA,1,5,01 00 00 DA E1
2026-09-28T15:22:52.306+00:00,26227.481,RX,post,0001BE77,1,7,01 00 00 0F 03 77 BE
2026-09-28T15:22:52.306+00:00,26227.617,RX,post,0011BE77,1,5,01 00 00 77 BE
2026-09-28T15:22:52.310+00:00,26232.377,RX,post,000143C3,1,7,01 00 00 0F 03 C3 43
2026-09-28T15:22:52.311+00:00,26232.623,RX,post,001143C3,1,5,01 00 00 C3 43
2026-09-28T15:22:52.315+00:00,26237.360,RX,post,0001EC15,1,7,01 00 00 0F 03 15 EC
2026-09-28T15:22:52.316+00:00,26237.606,RX,post,0011EC15,1,5,01 00 00 15 EC
2026-09-28T15:22:52.320+00:00,26242.394,RX,post,00013DDB,1,7,01 00 00 0F 03 DB 3D
2026-09-28T15:22:52.321+00:00,26242.667,RX,post,00113DDB,1,5,01 00 00 DB 3D
2026-09-28T15:22:52.325+00:00,26247.376,RX,post,0001D10D,1,7,01 00 00 0F 03 0D D1
2026-09-28T15:22:52.326+00:00,26247.697,RX,post,0011D10D,1,5,01 00 00 0D D1
2026-09-28T15:22:52.330+00:00,26252.409,RX,post,0001457B,1,7,01 00 00 0F 03 7B 45
2026-09-28T15:22:52.331+00:00,26252.633,RX,post,0011457B,1,5,01 00 00 7B 45
2026-09-28T15:22:52.335+00:00,26257.405,RX,post,000164CA,1,7,01 00 00 0F 03 CA 64
2026-09-28T15:22:52.336+00:00,26257.543,RX,post,001164CA,1,5,01 00 00 CA 64
2026-09-28T15:22:52.341+00:00,26262.488,RX,post,00018699,1,7,01 00 00 0F 03 99 86
2026-09-28T15:22:52.341+00:00,26262.627,RX,post,00118699,1,5,01 00 00 99 86
2026-09-28T15:22:52.346+00:00,26267.535,RX,post,0001B972,1,7,01 00 00 0F 03 72 B9
2026-09-28T15:22:52.346+00:00,26267.591,RX,post,0011B972,1,5,01 00 00 72 B9
2026-09-28T15:22:52.350+00:00,26272.372,RX,post,00018BEB,1,7,01 00 00 0F 03 EB 8B
2026-09-28T15:22:52.351+00:00,26272.727,RX,post,00118BEB,1,5,01 00 00 EB 8B
2026-09-28T15:22:52.356+00:00,26277.456,RX,post,0001DDA4,1,7,01 00 00 0F 03 A4 DD
2026-09-28T15:22:52.356+00:00,26277.794,RX,post,0011DDA4,1,5,01 00 00 A4 DD
2026-09-28T15:22:52.361+00:00,26282.539,RX,post,00018D1B,1,7,01 00 00 0F 03 1B 8D
2026-09-28T15:22:52.361+00:00,26282.712,RX,post,00118D1B,1,5,01 00 00 1B 8D
2026-09-28T15:22:52.366+00:00,26287.549,RX,post,0001334E,1,7,01 00 00 0F 03 4E 33
2026-09-28T15:22:52.366+00:00,26287.624,RX,post,0011334E,1,5,01 00 00 4E 33
2026-09-28T15:22:52.370+00:00,26292.348,RX,post,00019241,1,7,01 00 00 0F 03 41 92
2026-09-28T15:22:52.371+00:00,26292.628,RX,post,00119241,1,5,01 00 00 41 92
2026-09-28T15:22:52.376+00:00,26297.525,RX,post,000192DF,1,7,01 00 00 0F 03 DF 92
2026-09-28T15:22:52.376+00:00,26297.592,RX,post,001192DF,1,5,01 00 00 DF 92
2026-09-28T15:22:52.380+00:00,26302.452,RX,post,0001128B,1,7,01 00 00 0F 03 8B 12
2026-09-28T15:22:52.381+00:00,26302.596,RX,post,0011128B,1,5,01 00 00 8B 12
2026-09-28T15:22:52.385+00:00,26307.435,RX,post,000103DE,1,7,01 00 00 0F 03 DE 03
2026-09-28T15:22:52.386+00:00,26307.622,RX,post,001103DE,1,5,01 00 00 DE 03
2026-09-28T15:22:52.391+00:00,26312.498,RX,post,000108B5,1,7,01 00 00 0F 03 B5 08
2026-09-28T15:22:52.391+00:00,26312.633,RX,post,001108B5,1,5,01 00 00 B5 08
2026-09-28T15:22:52.395+00:00,26317.409,RX,post,0001AFBA,1,7,01 00 00 0F 03 BA AF
2026-09-28T15:22:52.396+00:00,26317.689,RX,post,0011AFBA,1,5,01 00 00 BA AF
2026-09-28T15:22:52.400+00:00,26322.424,RX,post,0001DEBB,1,7,01 00 00 0F 03 BB DE
2026-09-28T15:22:52.401+00:00,26322.684,RX,post,0011DEBB,1,5,01 00 00 BB DE
2026-09-28T15:22:52.406+00:00,26327.482,RX,post,00018143,1,7,01 00 00 0F 03 43 81
2026-09-28T15:22:52.406+00:00,26327.638,RX,post,00118143,1,5,01 00 00 43 81
2026-09-28T15:22:52.410+00:00,26332.363,RX,post,00018EF1,1,7,01 00 00 0F 03 F1 8E
2026-09-28T15:22:52.411+00:00,26332.609,RX,post,00118EF1,1,5,01 00 00 F1 8E
2026-09-28T15:22:52.415+00:00,26337.376,RX,post,0001572E,1,7,01 00 00 0F 03 2E 57
2026-09-28T15:22:52.416+00:00,26337.676,RX,post,0011572E,1,5,01 00 00 2E 57
2026-09-28T15:22:52.420+00:00,26342.434,RX,post,00014765,1,7,01 00 00 0F 03 65 47
2026-09-28T15:22:52.421+00:00,26342.584,RX,post,00114765,1,5,01 00 00 65 47
2026-09-28T15:22:52.425+00:00,26347.291,RX,post,00012198,1,7,01 00 00 0F 03 98 21
2026-09-28T15:22:52.426+00:00,26347.577,RX,post,00112198,1,5,01 00 00 98 21
2026-09-28T15:22:52.430+00:00,26352.343,RX,post,00017533,1,7,01 00 00 0F 03 33 75
2026-09-28T15:22:52.431+00:00,26352.679,RX,post,00117533,1,5,01 00 00 33 75
2026-09-28T15:22:52.435+00:00,26357.320,RX,post,0001C25E,1,7,01 00 00 0F 03 5E C2
2026-09-28T15:22:52.436+00:00,26357.606,RX,post,0011C25E,1,5,01 00 00 5E C2
2026-09-28T15:22:52.440+00:00,26362.335,RX,post,00016034,1,7,01 00 00 0F 03 34 60
2026-09-28T15:22:52.441+00:00,26362.586,RX,post,00116034,1,5,01 00 00 34 60
2026-09-28T15:22:52.446+00:00,26367.580,RX,post,000119C5,1,7,01 00 00 0F 03 C5 19
2026-09-28T15:22:52.446+00:00,26367.672,RX,post,001119C5,1,5,01 00 00 C5 19
2026-09-28T15:22:52.451+00:00,26372.558,RX,post,0001A433,1,7,01 00 00 0F 03 33 A4
2026-09-28T15:22:52.451+00:00,26372.672,RX,post,0011A433,1,5,01 00 00 33 A4
2026-09-28T15:22:52.456+00:00,26377.565,RX,post,000134CC,1,7,01 00 00 0F 03 CC 34
2026-09-28T15:22:52.456+00:00,26377.641,RX,post,001134CC,1,5,01 00 00 CC 34
2026-09-28T15:22:52.460+00:00,26382.375,RX,post,00015F86,1,7,01 00 00 0F 03 86 5F
2026-09-28T15:22:52.461+00:00,26382.617,RX,post,00115F86,1,5,01 00 00 86 5F
2026-09-28T15:22:52.466+00:00,26387.526,RX,post,0001CC15,1,7,01 00 00 0F 03 15 CC
2026-09-28T15:22:52.466+00:00,26387.658,RX,post,0011CC15,1,5,01 00 00 15 CC
2026-09-28T15:22:52.470+00:00,26392.376,RX,post,00016BC4,1,7,01 00 00 0F 03 C4 6B
2026-09-28T15:22:52.471+00:00,26392.832,RX,post,00116BC4,1,5,01 00 00 C4 6B
2026-09-28T15:22:52.475+00:00,26397.314,RX,post,00012A50,1,7,01 00 00 0F 03 50 2A
2026-09-28T15:22:52.476+00:00,26397.600,RX,post,00112A50,1,5,01 00 00 50 2A
2026-09-28T15:22:52.481+00:00,26402.536,RX,post,0001CBEE,1,7,01 00 00 0F 03 EE CB
2026-09-28T15:22:52.481+00:00,26402.684,RX,post,0011CBEE,1,5,01 00 00 EE CB
2026-09-28T15:22:52.485+00:00,26407.327,RX,post,00018A89,1,7,01 00 00 0F 03 89 8A
2026-09-28T15:22:52.486+00:00,26407.592,RX,post,00118A89,1,5,01 00 00 89 8A
2026-09-28T15:22:52.490+00:00,26412.415,RX,post,0001303C,1,7,01 00 00 0F 03 3C 30
2026-09-28T15:22:52.491+00:00,26412.633,RX,post,0011303C,1,5,01 00 00 3C 30
2026-09-28T15:22:52.495+00:00,26417.342,RX,post,00014EC8,1,7,01 00 00 0F 03 C8 4E
2026-09-28T15:22:52.496+00:00,26417.610,RX,post,00114EC8,1,5,01 00 00 C8 4E
2026-09-28T15:22:52.501+00:00,26422.488,RX,post,0001F67A,1,7,01 00 00 0F 03 7A F6
2026-09-28T15:22:52.501+00:00,26422.632,RX,post,0011F67A,1,5,01 00 00 7A F6
2026-09-28T15:22:52.505+00:00,26427.391,RX,post,0001E8E9,1,7,01 00 00 0F 03 E9 E8
2026-09-28T15:22:52.506+00:00,26427.521,RX,post,0011E8E9,1,5,01 00 00 E9 E8
2026-09-28T15:22:52.511+00:00,26432.463,RX,post,00017694,1,7,01 00 00 0F 03 94 76
2026-09-28T15:22:52.511+00:00,26432.614,RX,post,00117694,1,5,01 00 00 94 76
2026-09-28T15:22:52.515+00:00,26437.325,RX,post,0001A38E,1,7,01 00 00 0F 03 8E A3
2026-09-28T15:22:52.516+00:00,26437.600,RX,post,0011A38E,1,5,01 00 00 8E A3
2026-09-28T15:22:52.520+00:00,26442.298,RX,post,00012DB9,1,7,01 00 00 0F 03 B9 2D
2026-09-28T15:22:52.521+00:00,26442.658,RX,post,00112DB9,1,5,01 00 00 B9 2D
2026-09-28T15:22:52.526+00:00,26447.533,RX,post,00018E9E,1,7,01 00 00 0F 03 9E 8E
2026-09-28T15:22:52.526+00:00,26447.657,RX,post,00118E9E,1,5,01 00 00 9E 8E
2026-09-28T15:22:52.530+00:00,26452.427,RX,post,0001774E,1,7,01 00 00 0F 03 4E 77
2026-09-28T15:22:52.531+00:00,26452.572,RX,post,0011774E,1,5,01 00 00 4E 77
2026-09-28T15:22:52.535+00:00,26457.388,RX,post,00017EAD,1,7,01 00 00 0F 03 AD 7E
2026-09-28T15:22:52.536+00:00,26457.721,RX,post,00117EAD,1,5,01 00 00 AD 7E
2026-09-28T15:22:52.540+00:00,26462.384,RX,post,0001217B,1,7,01 00 00 0F 03 7B 21
2026-09-28T15:22:52.541+00:00,26462.494,RX,post,0011217B,1,5,01 00 00 7B 21
2026-09-28T15:22:52.545+00:00,26467.353,RX,post,00018842,1,7,01 00 00 0F 03 42 88
2026-09-28T15:22:52.546+00:00,26467.622,RX,post,00118842,1,5,01 00 00 42 88
2026-09-28T15:22:52.550+00:00,26472.422,RX,post,00011419,1,7,01 00 00 0F 03 19 14
2026-09-28T15:22:52.551+00:00,26472.560,RX,post,00111419,1,5,01 00 00 19 14
2026-09-28T15:22:52.555+00:00,26477.431,RX,post,0001A3D2,1,7,01 00 00 0F 03 D2 A3
2026-09-28T15:22:52.556+00:00,26477.812,RX,post,0011A3D2,1,5,01 00 00 D2 A3
2026-09-28T15:22:52.560+00:00,26482.314,RX,post,00011B56,1,7,01 00 00 0F 03 56 1B
2026-09-28T15:22:52.561+00:00,26482.567,RX,post,00111B56,1,5,01 00 00 56 1B
2026-09-28T15:22:52.565+00:00,26487.340,RX,post,000110F2,1,7,01 00 00 0F 03 F2 10
2026-09-28T15:22:52.566+00:00,26487.554,RX,post,001110F2,1,5,01 00 00 F2 10
2026-09-28T15:22:52.570+00:00,26492.327,RX,post,0001A836,1,7,01 00 00 0F 03 36 A8
2026-09-28T15:22:52.571+00:00,26492.550,RX,post,0011A836,1,5,01 00 00 36 A8
2026-09-28T15:22:52.575+00:00,26497.339,RX,post,00014F03,1,7,01 00 00 0F 03 03 4F
2026-09-28T15:22:52.576+00:00,26497.554,RX,post,00114F03,1,5,01 00 00 03 4F
2026-09-28T15:22:52.580+00:00,26502.450,RX,post,000163EB,1,7,01 00 00 0F 03 EB 63
2026-09-28T15:22:52.581+00:00,26502.541,RX,post,001163EB,1,5,01 00 00 EB 63
2026-09-28T15:22:52.585+00:00,26507.341,RX,post,0001F36A,1,7,01 00 00 0F 03 6A F3
2026-09-28T15:22:52.586+00:00,26507.569,RX,post,0011F36A,1,5,01 00 00 6A F3
2026-09-28T15:22:52.590+00:00,26512.448,RX,post,0001BF98,1,7,01 00 00 0F 03 98 BF
2026-09-28T15:22:52.591+00:00,26512.617,RX,post,0011BF98,1,5,01 00 00 98 BF
2026-09-28T15:22:52.595+00:00,26517.289,RX,post,00014912,1,7,01 00 00 0F 03 12 49
2026-09-28T15:22:52.596+00:00,26517.709,RX,post,00114912,1,5,01 00 00 12 49
2026-09-28T15:22:52.600+00:00,26522.381,RX,post,000184EC,1,7,01 00 00 0F 03 EC 84
2026-09-28T15:22:52.601+00:00,26522.677,RX,post,001184EC,1,5,01 00 00 EC 84
2026-09-28T15:22:52.606+00:00,26527.570,RX,post,000132CE,1,7,01 00 00 0F 03 CE 32
2026-09-28T15:22:52.606+00:00,26527.658,RX,post,001132CE,1,5,01 00 00 CE 32
2026-09-28T15:22:52.610+00:00,26532.335,RX,post,0001F0CC,1,7,01 00 00 0F 03 CC F0
2026-09-28T15:22:52.611+00:00,26532.579,RX,post,0011F0CC,1,5,01 00 00 CC F0
2026-09-28T15:22:52.615+00:00,26537.323,RX,post,0001F5CF,1,7,01 00 00 0F 03 CF F5
2026-09-28T15:22:52.616+00:00,26537.572,RX,post,0011F5CF,1,5,01 00 00 CF F5
2026-09-28T15:22:52.620+00:00,26542.304,RX,post,0001ABDC,1,7,01 00 00 0F 03 DC AB
2026-09-28T15:22:52.621+00:00,26542.549,RX,post,0011ABDC,1,5,01 00 00 DC AB
2026-09-28T15:22:52.625+00:00,26547.386,RX,post,00019748,1,7,01 00 00 0F 03 48 97
2026-09-28T15:22:52.626+00:00,26547.673,RX,post,00119748,1,5,01 00 00 48 97
2026-09-28T15:22:52.630+00:00,26552.319,RX,post,0001C59E,1,7,01 00 00 0F 03 9E C5
2026-09-28T15:22:52.631+00:00,26552.580,RX,post,0011C59E,1,5,01 00 00 9E C5
2026-09-28T15:22:52.635+00:00,26557.331,RX,post,000163FF,1,7,01 00 00 0F 03 FF 63
2026-09-28T15:22:52.636+00:00,26557.687,RX,post,001163FF,1,5,01 00 00 FF 63
2026-09-28T15:22:52.640+00:00,26562.292,RX,post,0001DD93,1,7,01 00 00 0F 03 93 DD
2026-09-28T15:22:52.641+00:00,26562.550,RX,post,0011DD93,1,5,01 00 00 93 DD
2026-09-28T15:22:52.645+00:00,26567.323,RX,post,00013A55,1,7,01 00 00 0F 03 55 3A
2026-09-28T15:22:52.645+00:00,26567.446,RX,post,00113A55,1,5,01 00 00 55 3A
2026-09-28T15:22:52.650+00:00,26572.401,RX,post,00016677,1,7,01 00 00 0F 03 77 66
2026-09-28T15:22:52.651+00:00,26572.544,RX,post,00116677,1,5,01 00 00 77 66
2026-09-28T15:22:52.656+00:00,26577.518,RX,post,00015B0F,1,7,01 00 00 0F 03 0F 5B
2026-09-28T15:22:52.656+00:00,26577.762,RX,post,00115B0F,1,5,01 00 00 0F 5B
2026-09-28T15:22:52.661+00:00,26582.463,RX,post,00016288,1,7,01 00 00 0F 03 88 62
2026-09-28T15:22:52.661+00:00,26582.737,RX,post,00116288,1,5,01 00 00 88 62
2026-09-28T15:22:52.665+00:00,26587.387,RX,post,00011EDF,1,7,01 00 00 0F 03 DF 1E
2026-09-28T15:22:52.666+00:00,26587.623,RX,post,00111EDF,1,5,01 00 00 DF 1E
2026-09-28T15:22:52.671+00:00,26592.542,RX,post,00018087,1,7,01 00 00 0F 03 87 80
2026-09-28T15:22:52.671+00:00,26592.628,RX,post,00118087,1,5,01 00 00 87 80
2026-09-28T15:22:52.675+00:00,26597.399,RX,post,00017287,1,7,01 00 00 0F 03 87 72
2026-09-28T15:22:52.676+00:00,26597.670,RX,post,00117287,1,5,01 00 00 87 72
2026-09-28T15:22:52.680+00:00,26602.303,RX,post,0001FFCD,1,7,01 00 00 0F 03 CD FF
2026-09-28T15:22:52.681+00:00,26602.682,RX,post,0011FFCD,1,5,01 00 00 CD FF
2026-09-28T15:22:52.685+00:00,26607.309,RX,post,0001A909,1,7,01 00 00 0F 03 09 A9
2026-09-28T15:22:52.686+00:00,26607.542,RX,post,0011A909,1,5,01 00 00 09 A9
2026-09-28T15:22:52.691+00:00,26612.473,RX,post,00010EA7,1,7,01 00 00 0F 03 A7 0E
2026-09-28T15:22:52.691+00:00,26612.661,RX,post,00110EA7,1,5,01 00 00 A7 0E
2026-09-28T15:22:52.695+00:00,26617.310,RX,post,00011B3F,1,7,01 00 00 0F 03 3F 1B
2026-09-28T15:22:52.696+00:00,26617.566,RX,post,00111B3F,1,5,01 00 00 3F 1B
2026-09-28T15:22:52.701+00:00,26622.484,RX,post,000150D9,1,7,01 00 00 0F 03 D9 50
2026-09-28T15:22:52.701+00:00,26622.552,RX,post,001150D9,1,5,01 00 00 D9 50
2026-09-28T15:22:52.705+00:00,26627.446,RX,post,000159CD,1,7,01 00 00 0F 03 CD 59
2026-09-28T15:22:52.706+00:00,26627.628,RX,post,001159CD,1,5,01 00 00 CD 59
2026-09-28T15:22:52.710+00:00,26632.352,RX,post,000128FB,1,7,01 00 00 0F 03 FB 28
2026-09-28T15:22:52.712+00:00,26634.349,RX,post,001128FB,1,5,01 00 00 FB 28
2026-09-28T15:22:52.716+00:00,26637.594,RX,post,0001AA53,1,7,01 00 00 0F 03 53 AA
2026-09-28T15:22:52.716+00:00,26637.675,RX,post,0011AA53,1,5,01 00 00 53 AA
2026-09-28T15:22:52.720+00:00,26642.398,RX,post,00012E08,1,7,01 00 00 0F 03 08 2E
2026-09-28T15:22:52.721+00:00,26642.474,RX,post,00112E08,1,5,01 00 00 08 2E
2026-09-28T15:22:52.726+00:00,26647.475,RX,post,00012E46,1,7,01 00 00 0F 03 46 2E
2026-09-28T15:22:52.726+00:00,26647.598,RX,post,00112E46,1,5,01 00 00 46 2E
2026-09-28T15:22:52.730+00:00,26652.343,RX,post,0001DF59,1,7,01 00 00 0F 03 59 DF
2026-09-28T15:22:52.731+00:00,26652.601,RX,post,0011DF59,1,5,01 00 00 59 DF
2026-09-28T15:22:52.735+00:00,26657.346,RX,post,000179D6,1,7,01 00 00 0F 03 D6 79
2026-09-28T15:22:52.736+00:00,26657.582,RX,post,001179D6,1,5,01 00 00 D6 79
2026-09-28T15:22:52.740+00:00,26662.442,RX,post,0001C7E2,1,7,01 00 00 0F 03 E2 C7
2026-09-28T15:22:52.741+00:00,26662.523,RX,post,0011C7E2,1,5,01 00 00 E2 C7
2026-09-28T15:22:52.745+00:00,26667.308,RX,post,00014ECD,1,7,01 00 00 0F 03 CD 4E
2026-09-28T15:22:52.746+00:00,26667.561,RX,post,00114ECD,1,5,01 00 00 CD 4E
2026-09-28T15:22:52.750+00:00,26672.325,RX,post,0001F26B,1,7,01 00 00 0F 03 6B F2
2026-09-28T15:22:52.751+00:00,26672.553,RX,post,0011F26B,1,5,01 00 00 6B F2
2026-09-28T15:22:52.755+00:00,26677.358,RX,post,0001EB49,1,7,01 00 00 0F 03 49 EB
2026-09-28T15:22:52.756+00:00,26677.567,RX,post,0011EB49,1,5,01 00 00 49 EB
2026-09-28T15:22:52.761+00:00,26682.496,RX,post,0001271E,1,7,01 00 00 0F 03 1E 27
2026-09-28T15:22:52.761+00:00,26682.586,RX,post,0011271E,1,5,01 00 00 1E 27
2026-09-28T15:22:52.765+00:00,26687.381,RX,post,00019DC5,1,7,01 00 00 0F 03 C5 9D
2026-09-28T15:22:52.766+00:00,26687.477,RX,post,00119DC5,1,5,01 00 00 C5 9D
2026-09-28T15:22:52.770+00:00,26692.298,RX,post,0001BF96,1,7,01 00 00 0F 03 96 BF
2026-09-28T15:22:52.771+00:00,26692.531,RX,post,0011BF96,1,5,01 00 00 96 BF
2026-09-28T15:22:52.775+00:00,26697.264,RX,post,000173C9,1,7,01 00 00 0F 03 C9 73
2026-09-28T15:22:52.776+00:00,26697.578,RX,post,001173C9,1,5,01 00 00 C9 73
2026-09-28T15:22:52.780+00:00,26702.247,RX,post,00016D64,1,7,01 00 00 0F 03 64 6D
2026-09-28T15:22:52.781+00:00,26702.510,RX,post,00116D64,1,5,01 00 00 64 6D
2026-09-28T15:22:52.785+00:00,26707.314,RX,post,00013636,1,7,01 00 00 0F 03 36 36
2026-09-28T15:22:52.786+00:00,26707.550,RX,post,00113636,1,5,01 00 00 36 36
2026-09-28T15:22:52.790+00:00,26712.261,RX,post,0001FB99,1,7,01 00 00 0F 03 99 FB
2026-09-28T15:22:52.791+00:00,26712.557,RX,post,0011FB99,1,5,01 00 00 99 FB
2026-09-28T15:22:52.795+00:00,26717.238,RX,post,0001BE0A,1,7,01 00 00 0F 03 0A BE
2026-09-28T15:22:52.795+00:00,26717.439,RX,post,0011BE0A,1,5,01 00 00 0A BE
2026-09-28T15:22:52.800+00:00,26722.247,RX,post,00011AD4,1,7,01 00 00 0F 03 D4 1A
2026-09-28T15:22:52.800+00:00,26722.443,RX,post,00111AD4,1,5,01 00 00 D4 1A
2026-09-28T15:22:52.805+00:00,26727.239,RX,post,00010A1B,1,7,01 00 00 0F 03 1B 0A
2026-09-28T15:22:52.805+00:00,26727.453,RX,post,00110A1B,1,5,01 00 00 1B 0A
2026-09-28T15:22:52.810+00:00,26732.259,RX,post,000187F4,1,7,01 00 00 0F 03 F4 87
2026-09-28T15:22:52.811+00:00,26732.539,RX,post,001187F4,1,5,01 00 00 F4 87
2026-09-28T15:22:52.815+00:00,26737.261,RX,post,0001AE07,1,7,01 00 00 0F 03 07 AE
2026-09-28T15:22:52.816+00:00,26737.646,RX,post,0011AE07,1,5,01 00 00 07 AE
2026-09-28T15:22:52.820+00:00,26742.302,RX,post,0001644A,1,7,01 00 00 0F 03 4A 64
2026-09-28T15:22:52.821+00:00,26742.510,RX,post,0011644A,1,5,01 00 00 4A 64
2026-09-28T15:22:52.825+00:00,26747.265,RX,post,00016C7A,1,7,01 00 00 0F 03 7A 6C
2026-09-28T15:22:52.826+00:00,26747.508,RX,post,00116C7A,1,5,01 00 00 7A 6C
2026-09-28T15:22:52.830+00:00,26752.280,RX,post,00014B0D,1,7,01 00 00 0F 03 0D 4B
2026-09-28T15:22:52.831+00:00,26752.556,RX,post,00114B0D,1,5,01 00 00 0D 4B
2026-09-28T15:22:52.835+00:00,26757.265,RX,post,00016A76,1,7,01 00 00 0F 03 76 6A
2026-09-28T15:22:52.836+00:00,26757.483,RX,post,00116A76,1,5,01 00 00 76 6A
2026-09-28T15:22:52.840+00:00,26762.288,RX,post,00019A5E,1,7,01 00 00 0F 03 5E 9A
2026-09-28T15:22:52.841+00:00,26762.497,RX,post,00119A5E,1,5,01 00 00 5E 9A
2026-09-28T15:22:52.845+00:00,26767.239,RX,post,0001AB37,1,7,01 00 00 0F 03 37 AB
2026-09-28T15:22:52.846+00:00,26767.596,RX,post,0011AB37,1,5,01 00 00 37 AB
2026-09-28T15:22:52.850+00:00,26772.312,RX,post,0001FB13,1,7,01 00 00 0F 03 13 FB
2026-09-28T15:22:52.851+00:00,26772.479,RX,post,0011FB13,1,5,01 00 00 13 FB
2026-09-28T15:22:52.855+00:00,26777.387,RX,post,000183FC,1,7,01 00 00 0F 03 FC 83
2026-09-28T15:22:52.856+00:00,26777.676,RX,post,001183FC,1,5,01 00 00 FC 83
2026-09-28T15:22:52.860+00:00,26782.428,RX,post,0001492D,1,7,01 00 00 0F 03 2D 49
2026-09-28T15:22:52.861+00:00,26782.644,RX,post,0011492D,1,5,01 00 00 2D 49
2026-09-28T15:22:52.865+00:00,26787.240,RX,post,00018CA8,1,7,01 00 00 0F 03 A8 8C
2026-09-28T15:22:52.866+00:00,26787.582,RX,post,00118CA8,1,5,01 00 00 A8 8C
2026-09-28T15:22:52.870+00:00,26792.363,RX,post,0001E7A1,1,7,01 00 00 0F 03 A1 E7
2026-09-28T15:22:52.871+00:00,26792.465,RX,post,0011E7A1,1,5,01 00 00 A1 E7
2026-09-28T15:22:52.875+00:00,26797.406,RX,post,0001E223,1,7,01 00 00 0F 03 23 E2
2026-09-28T15:22:52.876+00:00,26797.501,RX,post,0011E223,1,5,01 00 00 23 E2
2026-09-28T15:22:52.880+00:00,26802.237,RX,post,0001B4D9,1,7,01 00 00 0F 03 D9 B4
2026-09-28T15:22:52.881+00:00,26802.482,RX,post,0011B4D9,1,5,01 00 00 D9 B4
2026-09-28T15:22:52.885+00:00,26807.352,RX,post,0001F0E7,1,7,01 00 00 0F 03 E7 F0
2026-09-28T15:22:52.885+00:00,26807.433,RX,post,0011F0E7,1,5,01 00 00 E7 F0
2026-09-28T15:22:52.890+00:00,26812.304,RX,post,0001CE21,1,7,01 00 00 0F 03 21 CE
2026-09-28T15:22:52.890+00:00,26812.408,RX,post,0011CE21,1,5,01 00 00 21 CE
2026-09-28T15:22:52.895+00:00,26817.299,RX,post,0001FA0E,1,7,01 00 00 0F 03 0E FA
2026-09-28T15:22:52.896+00:00,26817.493,RX,post,0011FA0E,1,5,01 00 00 0E FA
2026-09-28T15:22:52.900+00:00,26822.309,RX,post,000116D1,1,7,01 00 00 0F 03 D1 16
2026-09-28T15:22:52.901+00:00,26822.510,RX,post,001116D1,1,5,01 00 00 D1 16
2026-09-28T15:22:52.905+00:00,26827.234,RX,post,00015AEA,1,7,01 00 00 0F 03 EA 5A
2026-09-28T15:22:52.906+00:00,26827.524,RX,post,00115AEA,1,5,01 00 00 EA 5A
2026-09-28T15:22:52.910+00:00,26832.313,RX,post,0001B4F6,1,7,01 00 00 0F 03 F6 B4
2026-09-28T15:22:52.911+00:00,26832.478,RX,post,0011B4F6,1,5,01 00 00 F6 B4
2026-09-28T15:22:52.915+00:00,26837.369,RX,post,0001C2EA,1,7,01 00 00 0F 03 EA C2
2026-09-28T15:22:52.916+00:00,26837.463,RX,post,0011C2EA,1,5,01 00 00 EA C2
2026-09-28T15:22:52.920+00:00,26842.324,RX,post,0001EBD0,1,7,01 00 00 0F 03 D0 EB
2026-09-28T15:22:52.920+00:00,26842.418,RX,post,0011EBD0,1,5,01 00 00 D0 EB
2026-09-28T15:22:52.925+00:00,26847.287,RX,post,00017954,1,7,01 00 00 0F 03 54 79
2026-09-28T15:22:52.926+00:00,26847.650,RX,post,00117954,1,5,01 00 00 54 79
2026-09-28T15:22:52.930+00:00,26852.300,RX,post,0001AD57,1,7,01 00 00 0F 03 57 AD
2026-09-28T15:22:52.931+00:00,26852.492,RX,post,0011AD57,1,5,01 00 00 57 AD
2026-09-28T15:22:52.935+00:00,26857.285,RX,post,0001CC23,1,7,01 00 00 0F 03 23 CC
2026-09-28T15:22:52.936+00:00,26857.590,RX,post,0011CC23,1,5,01 00 00 23 CC
2026-09-28T15:22:52.940+00:00,26862.379,RX,post,000142A6,1,7,01 00 00 0F 03 A6 42
2026-09-28T15:22:52.941+00:00,26862.476,RX,post,001142A6,1,5,01 00 00 A6 42
2026-09-28T15:22:52.945+00:00,26867.363,RX,post,0001CB08,1,7,01 00 00 0F 03 08 CB
2026-09-28T15:22:52.946+00:00,26867.547,RX,post,0011CB08,1,5,01 00 00 08 CB
2026-09-28T15:22:52.950+00:00,26872.312,RX,post,0001A3FC,1,7,01 00 00 0F 03 FC A3
2026-09-28T15:22:52.951+00:00,26872.557,RX,post,0011A3FC,1,5,01 00 00 FC A3
2026-09-28T15:22:52.955+00:00,26877.266,RX,post,0001595B,1,7,01 00 00 0F 03 5B 59
2026-09-28T15:22:52.956+00:00,26877.598,RX,post,0011595B,1,5,01 00 00 5B 59
2026-09-28T15:22:52.960+00:00,26882.312,RX,post,00011BB8,1,7,01 00 00 0F 03 B8 1B
2026-09-28T15:22:52.961+00:00,26882.545,RX,post,00111BB8,1,5,01 00 00 B8 1B
2026-09-28T15:22:52.965+00:00,26887.281,RX,post,00011381,1,7,01 00 00 0F 03 81 13
2026-09-28T15:22:52.966+00:00,26887.526,RX,post,00111381,1,5,01 00 00 81 13
2026-09-28T15:22:52.970+00:00,26892.407,RX,post,00012C7A,1,7,01 00 00 0F 03 7A 2C
2026-09-28T15:22:52.971+00:00,26892.508,RX,post,00112C7A,1,5,01 00 00 7A 2C
2026-09-28T15:22:52.975+00:00,26897.366,RX,post,00016019,1,7,01 00 00 0F 03 19 60
2026-09-28T15:22:52.976+00:00,26897.900,RX,post,00116019,1,5,01 00 00 19 60
2026-09-28T15:22:52.980+00:00,26902.280,RX,post,0001A948,1,7,01 00 00 0F 03 48 A9
2026-09-28T15:22:52.981+00:00,26902.468,RX,post,0011A948,1,5,01 00 00 48 A9
2026-09-28T15:22:52.985+00:00,26907.254,RX,post,0001FEE3,1,7,01 00 00 0F 03 E3 FE
2026-09-28T15:22:52.986+00:00,26907.506,RX,post,0011FEE3,1,5,01 00 00 E3 FE
2026-09-28T15:22:52.990+00:00,26912.252,RX,post,0001736E,1,7,01 00 00 0F 03 6E 73
2026-09-28T15:22:52.991+00:00,26912.521,RX,post,0011736E,1,5,01 00 00 6E 73
2026-09-28T15:22:52.995+00:00,26917.425,RX,post,0001AF43,1,7,01 00 00 0F 03 43 AF
2026-09-28T15:22:52.996+00:00,26917.546,RX,post,0011AF43,1,5,01 00 00 43 AF
2026-09-28T15:22:53.000+00:00,26922.296,RX,post,0001A874,1,7,01 00 00 0F 03 74 A8
2026-09-28T15:22:53.000+00:00,26922.436,RX,post,0011A874,1,5,01 00 00 74 A8
2026-09-28T15:22:53.005+00:00,26927.346,RX,post,0001ADD0,1,7,01 00 00 0F 03 D0 AD
2026-09-28T15:22:53.005+00:00,26927.447,RX,post,0011ADD0,1,5,01 00 00 D0 AD
2026-09-28T15:22:53.011+00:00,26932.508,RX,post,0001D35B,1,7,01 00 00 0F 03 5B D3
2026-09-28T15:22:53.011+00:00,26932.583,RX,post,0011D35B,1,5,01 00 00 5B D3
2026-09-28T15:22:53.016+00:00,26937.469,RX,post,0001D44C,1,7,01 00 00 0F 03 4C D4
2026-09-28T15:22:53.016+00:00,26937.560,RX,post,0011D44C,1,5,01 00 00 4C D4
2026-09-28T15:22:53.020+00:00,26942.446,RX,post,0001A6FF,1,7,01 00 00 0F 03 FF A6
2026-09-28T15:22:53.021+00:00,26942.514,RX,post,0011A6FF,1,5,01 00 00 FF A6
2026-09-28T15:22:53.025+00:00,26947.448,RX,post,000148FB,1,7,01 00 00 0F 03 FB 48
2026-09-28T15:22:53.026+00:00,26947.514,RX,post,001148FB,1,5,01 00 00 FB 48
2026-09-28T15:22:53.030+00:00,26952.254,RX,post,0001E053,1,7,01 00 00 0F 03 53 E0
2026-09-28T15:22:53.031+00:00,26952.564,RX,post,0011E053,1,5,01 00 00 53 E0
2026-09-28T15:22:53.036+00:00,26957.486,RX,post,00016A2D,1,7,01 00 00 0F 03 2D 6A
2026-09-28T15:22:53.036+00:00,26957.571,RX,post,00116A2D,1,5,01 00 00 2D 6A
2026-09-28T15:22:53.040+00:00,26962.421,RX,post,000159D2,1,7,01 00 00 0F 03 D2 59
2026-09-28T15:22:53.041+00:00,26962.499,RX,post,001159D2,1,5,01 00 00 D2 59
2026-09-28T15:22:53.045+00:00,26967.298,RX,post,0001807D,1,7,01 00 00 0F 03 7D 80
2026-09-28T15:22:53.045+00:00,26967.428,RX,post,0011807D,1,5,01 00 00 7D 80
2026-09-28T15:22:53.050+00:00,26972.208,RX,post,00011658,1,7,01 00 00 0F 03 58 16
2026-09-28T15:22:53.051+00:00,26972.488,RX,post,00111658,1,5,01 00 00 58 16
2026-09-28T15:22:53.056+00:00,26977.466,RX,post,0001EE14,1,7,01 00 00 0F 03 14 EE
2026-09-28T15:22:53.056+00:00,26977.528,RX,post,0011EE14,1,5,01 00 00 14 EE
2026-09-28T15:22:53.061+00:00,26982.464,RX,post,0001F440,1,7,01 00 00 0F 03 40 F4
2026-09-28T15:22:53.061+00:00,26982.525,RX,post,0011F440,1,5,01 00 00 40 F4
2026-09-28T15:22:53.065+00:00,26987.338,RX,post,000136EA,1,7,01 00 00 0F 03 EA 36
2026-09-28T15:22:53.066+00:00,26987.539,RX,post,001136EA,1,5,01 00 00 EA 36
2026-09-28T15:22:53.070+00:00,26992.261,RX,post,0001AA7F,1,7,01 00 00 0F 03 7F AA
2026-09-28T15:22:53.071+00:00,26992.494,RX,post,0011AA7F,1,5,01 00 00 7F AA
2026-09-28T15:22:53.075+00:00,26997.299,RX,post,0001F1DE,1,7,01 00 00 0F 03 DE F1
2026-09-28T15:22:53.076+00:00,26997.513,RX,post,0011F1DE,1,5,01 00 00 DE F1
