utc,relative_ms,direction,phase,can_id_hex,extended,dlc,data_hex
2026-09-28T15:24:06.928+00:00,2.876,RX,baseline,00011F61,1,7,01 00 00 0F 03 61 1F
2026-09-28T15:24:06.928+00:00,2.955,RX,baseline,00111F61,1,5,01 00 00 61 1F
2026-09-28T15:24:06.933+00:00,7.888,RX,baseline,0001EC5C,1,7,01 00 00 0F 03 5C EC
2026-09-28T15:24:06.933+00:00,7.958,RX,baseline,0011EC5C,1,5,01 00 00 5C EC
2026-09-28T15:24:06.938+00:00,12.858,RX,baseline,0001018F,1,7,01 00 00 0F 03 8F 01
2026-09-28T15:24:06.938+00:00,12.903,RX,baseline,0011018F,1,5,01 00 00 8F 01
2026-09-28T15:24:06.943+00:00,17.934,RX,baseline,0001A8D3,1,7,01 00 00 0F 03 D3 A8
2026-09-28T15:24:06.943+00:00,18.011,RX,baseline,0011A8D3,1,5,01 00 00 D3 A8
2026-09-28T15:24:06.948+00:00,22.694,RX,baseline,0001C735,1,7,01 00 00 0F 03 35 C7
2026-09-28T15:24:06.948+00:00,22.935,RX,baseline,0011C735,1,5,01 00 00 35 C7
2026-09-28T15:24:06.953+00:00,27.692,RX,baseline,0001640F,1,7,01 00 00 0F 03 0F 64
2026-09-28T15:24:06.953+00:00,27.941,RX,baseline,0011640F,1,5,01 00 00 0F 64
2026-09-28T15:24:06.958+00:00,32.733,RX,baseline,000131C6,1,7,01 00 00 0F 03 C6 31
2026-09-28T15:24:06.958+00:00,32.938,RX,baseline,001131C6,1,5,01 00 00 C6 31
2026-09-28T15:24:06.963+00:00,37.694,RX,baseline,00011296,1,7,01 00 00 0F 03 96 12
2026-09-28T15:24:06.963+00:00,37.935,RX,baseline,00111296,1,5,01 00 00 96 12
2026-09-28T15:24:06.968+00:00,42.742,RX,baseline,0001118B,1,7,01 00 00 0F 03 8B 11
2026-09-28T15:24:06.968+00:00,42.908,RX,baseline,0011118B,1,5,01 00 00 8B 11
2026-09-28T15:24:06.973+00:00,47.687,RX,baseline,00012727,1,7,01 00 00 0F 03 27 27
2026-09-28T15:24:06.973+00:00,47.944,RX,baseline,00112727,1,5,01 00 00 27 27
2026-09-28T15:24:06.978+00:00,52.689,RX,baseline,0001DB8C,1,7,01 00 00 0F 03 8C DB
2026-09-28T15:24:06.978+00:00,52.909,RX,baseline,0011DB8C,1,5,01 00 00 8C DB
2026-09-28T15:24:06.983+00:00,57.702,RX,baseline,00011DF7,1,7,01 00 00 0F 03 F7 1D
2026-09-28T15:24:06.983+00:00,57.864,RX,baseline,00111DF7,1,5,01 00 00 F7 1D
2026-09-28T15:24:06.988+00:00,62.724,RX,baseline,0001EB42,1,7,01 00 00 0F 03 42 EB
2026-09-28T15:24:06.988+00:00,62.947,RX,baseline,0011EB42,1,5,01 00 00 42 EB
2026-09-28T15:24:06.993+00:00,67.660,RX,baseline,0001B13B,1,7,01 00 00 0F 03 3B B1
2026-09-28T15:24:06.993+00:00,67.905,RX,baseline,0011B13B,1,5,01 00 00 3B B1
2026-09-28T15:24:06.998+00:00,72.780,RX,baseline,000151A5,1,7,01 00 00 0F 03 A5 51
2026-09-28T15:24:06.998+00:00,72.829,RX,baseline,001151A5,1,5,01 00 00 A5 51
2026-09-28T15:24:07.003+00:00,77.737,RX,baseline,0001AC3B,1,7,01 00 00 0F 03 3B AC
2026-09-28T15:24:07.003+00:00,77.927,RX,baseline,0011AC3B,1,5,01 00 00 3B AC
2026-09-28T15:24:07.008+00:00,82.794,RX,baseline,000142D9,1,7,01 00 00 0F 03 D9 42
2026-09-28T15:24:07.008+00:00,82.927,RX,baseline,001142D9,1,5,01 00 00 D9 42
2026-09-28T15:24:07.013+00:00,87.833,RX,baseline,0001ACD3,1,7,01 00 00 0F 03 D3 AC
2026-09-28T15:24:07.013+00:00,87.876,RX,baseline,0011ACD3,1,5,01 00 00 D3 AC
2026-09-28T15:24:07.018+00:00,92.980,RX,baseline,00013D79,1,7,01 00 00 0F 03 79 3D
2026-09-28T15:24:07.018+00:00,93.024,RX,baseline,00113D79,1,5,01 00 00 79 3D
2026-09-28T15:24:07.023+00:00,97.733,RX,baseline,0001EC00,1,7,01 00 00 0F 03 00 EC
2026-09-28T15:24:07.023+00:00,97.922,RX,baseline,0011EC00,1,5,01 00 00 00 EC
2026-09-28T15:24:07.028+00:00,102.656,RX,baseline,00014662,1,7,01 00 00 0F 03 62 46
2026-09-28T15:24:07.028+00:00,102.891,RX,baseline,00114662,1,5,01 00 00 62 46
2026-09-28T15:24:07.033+00:00,107.688,RX,baseline,000114EF,1,7,01 00 00 0F 03 EF 14
2026-09-28T15:24:07.033+00:00,107.944,RX,baseline,001114EF,1,5,01 00 00 EF 14
2026-09-28T15:24:07.038+00:00,112.689,RX,baseline,00010964,1,7,01 00 00 0F 03 64 09
2026-09-28T15:24:07.038+00:00,112.929,RX,baseline,00110964,1,5,01 00 00 64 09
2026-09-28T15:24:07.043+00:00,117.691,RX,baseline,00014EA8,1,7,01 00 00 0F 03 A8 4E
2026-09-28T15:24:07.043+00:00,117.931,RX,baseline,00114EA8,1,5,01 00 00 A8 4E
2026-09-28T15:24:07.048+00:00,122.690,RX,baseline,00015739,1,7,01 00 00 0F 03 39 57
2026-09-28T15:24:07.048+00:00,122.880,RX,baseline,00115739,1,5,01 00 00 39 57
2026-09-28T15:24:07.053+00:00,127.745,RX,baseline,0001AF4B,1,7,01 00 00 0F 03 4B AF
2026-09-28T15:24:07.053+00:00,127.943,RX,baseline,0011AF4B,1,5,01 00 00 4B AF
2026-09-28T15:24:07.058+00:00,132.702,RX,baseline,000196CA,1,7,01 00 00 0F 03 CA 96
2026-09-28T15:24:07.058+00:00,132.930,RX,baseline,001196CA,1,5,01 00 00 CA 96
2026-09-28T15:24:07.063+00:00,137.665,RX,baseline,00012879,1,7,01 00 00 0F 03 79 28
2026-09-28T15:24:07.063+00:00,137.904,RX,baseline,00112879,1,5,01 00 00 79 28
2026-09-28T15:24:07.068+00:00,142.688,RX,baseline,00011B74,1,7,01 00 00 0F 03 74 1B
2026-09-28T15:24:07.068+00:00,142.940,RX,baseline,00111B74,1,5,01 00 00 74 1B
2026-09-28T15:24:07.073+00:00,147.690,RX,baseline,00012F5F,1,7,01 00 00 0F 03 5F 2F
2026-09-28T15:24:07.073+00:00,147.937,RX,baseline,00112F5F,1,5,01 00 00 5F 2F
2026-09-28T15:24:07.078+00:00,152.665,RX,baseline,00019FF1,1,7,01 00 00 0F 03 F1 9F
2026-09-28T15:24:07.078+00:00,152.915,RX,baseline,00119FF1,1,5,01 00 00 F1 9F
2026-09-28T15:24:07.083+00:00,157.686,RX,baseline,0001BB7F,1,7,01 00 00 0F 03 7F BB
2026-09-28T15:24:07.083+00:00,157.930,RX,baseline,0011BB7F,1,5,01 00 00 7F BB
2026-09-28T15:24:07.088+00:00,162.667,RX,baseline,0001A119,1,7,01 00 00 0F 03 19 A1
2026-09-28T15:24:07.088+00:00,162.915,RX,baseline,0011A119,1,5,01 00 00 19 A1
2026-09-28T15:24:07.093+00:00,167.696,RX,baseline,0001B227,1,7,01 00 00 0F 03 27 B2
2026-09-28T15:24:07.093+00:00,167.939,RX,baseline,0011B227,1,5,01 00 00 27 B2
2026-09-28T15:24:07.098+00:00,172.667,RX,baseline,0001758D,1,7,01 00 00 0F 03 8D 75
2026-09-28T15:24:07.098+00:00,172.970,RX,baseline,0011758D,1,5,01 00 00 8D 75
2026-09-28T15:24:07.103+00:00,177.667,RX,baseline,0001D138,1,7,01 00 00 0F 03 38 D1
2026-09-28T15:24:07.103+00:00,177.915,RX,baseline,0011D138,1,5,01 00 00 38 D1
2026-09-28T15:24:07.108+00:00,182.665,RX,baseline,00015B11,1,7,01 00 00 0F 03 11 5B
2026-09-28T15:24:07.108+00:00,182.915,RX,baseline,00115B11,1,5,01 00 00 11 5B
2026-09-28T15:24:07.113+00:00,187.663,RX,baseline,0001FEA8,1,7,01 00 00 0F 03 A8 FE
2026-09-28T15:24:07.113+00:00,187.902,RX,baseline,0011FEA8,1,5,01 00 00 A8 FE
2026-09-28T15:24:07.118+00:00,192.687,RX,baseline,0001741A,1,7,01 00 00 0F 03 1A 74
2026-09-28T15:24:07.118+00:00,192.918,RX,baseline,0011741A,1,5,01 00 00 1A 74
2026-09-28T15:24:07.123+00:00,197.668,RX,baseline,0001AEED,1,7,01 00 00 0F 03 ED AE
2026-09-28T15:24:07.123+00:00,197.910,RX,baseline,0011AEED,1,5,01 00 00 ED AE
2026-09-28T15:24:07.128+00:00,202.707,RX,baseline,00012FDE,1,7,01 00 00 0F 03 DE 2F
2026-09-28T15:24:07.128+00:00,202.900,RX,baseline,00112FDE,1,5,01 00 00 DE 2F
2026-09-28T15:24:07.133+00:00,207.708,RX,baseline,0001C32D,1,7,01 00 00 0F 03 2D C3
2026-09-28T15:24:07.133+00:00,207.914,RX,baseline,0011C32D,1,5,01 00 00 2D C3
2026-09-28T15:24:07.138+00:00,212.677,RX,baseline,0001A0EC,1,7,01 00 00 0F 03 EC A0
2026-09-28T15:24:07.138+00:00,212.914,RX,baseline,0011A0EC,1,5,01 00 00 EC A0
2026-09-28T15:24:07.143+00:00,217.678,RX,baseline,0001CCE1,1,7,01 00 00 0F 03 E1 CC
2026-09-28T15:24:07.143+00:00,217.915,RX,baseline,0011CCE1,1,5,01 00 00 E1 CC
2026-09-28T15:24:07.148+00:00,222.666,RX,baseline,00019E0E,1,7,01 00 00 0F 03 0E 9E
2026-09-28T15:24:07.148+00:00,222.901,RX,baseline,00119E0E,1,5,01 00 00 0E 9E
2026-09-28T15:24:07.153+00:00,227.666,RX,baseline,00010354,1,7,01 00 00 0F 03 54 03
2026-09-28T15:24:07.153+00:00,227.913,RX,baseline,00110354,1,5,01 00 00 54 03
2026-09-28T15:24:07.158+00:00,232.669,RX,baseline,00012B07,1,7,01 00 00 0F 03 07 2B
2026-09-28T15:24:07.158+00:00,232.898,RX,baseline,00112B07,1,5,01 00 00 07 2B
2026-09-28T15:24:07.163+00:00,237.669,RX,baseline,0001C42B,1,7,01 00 00 0F 03 2B C4
2026-09-28T15:24:07.163+00:00,237.913,RX,baseline,0011C42B,1,5,01 00 00 2B C4
2026-09-28T15:24:07.168+00:00,242.665,RX,baseline,0001BA6E,1,7,01 00 00 0F 03 6E BA
2026-09-28T15:24:07.168+00:00,242.912,RX,baseline,0011BA6E,1,5,01 00 00 6E BA
2026-09-28T15:24:07.173+00:00,247.665,RX,baseline,00014ECC,1,7,01 00 00 0F 03 CC 4E
2026-09-28T15:24:07.173+00:00,247.911,RX,baseline,00114ECC,1,5,01 00 00 CC 4E
2026-09-28T15:24:07.178+00:00,252.665,RX,baseline,00010FAF,1,7,01 00 00 0F 03 AF 0F
2026-09-28T15:24:07.178+00:00,252.913,RX,baseline,00110FAF,1,5,01 00 00 AF 0F
2026-09-28T15:24:07.183+00:00,257.656,RX,baseline,00010362,1,7,01 00 00 0F 03 62 03
2026-09-28T15:24:07.183+00:00,257.836,RX,baseline,00110362,1,5,01 00 00 62 03
2026-09-28T15:24:07.188+00:00,262.666,RX,baseline,00013FFD,1,7,01 00 00 0F 03 FD 3F
2026-09-28T15:24:07.188+00:00,262.915,RX,baseline,00113FFD,1,5,01 00 00 FD 3F
2026-09-28T15:24:07.193+00:00,267.668,RX,baseline,000124DA,1,7,01 00 00 0F 03 DA 24
2026-09-28T15:24:07.193+00:00,267.909,RX,baseline,001124DA,1,5,01 00 00 DA 24
2026-09-28T15:24:07.198+00:00,272.667,RX,baseline,00018EBD,1,7,01 00 00 0F 03 BD 8E
2026-09-28T15:24:07.198+00:00,272.895,RX,baseline,00118EBD,1,5,01 00 00 BD 8E
2026-09-28T15:24:07.203+00:00,277.665,RX,baseline,0001A1FE,1,7,01 00 00 0F 03 FE A1
2026-09-28T15:24:07.203+00:00,277.923,RX,baseline,0011A1FE,1,5,01 00 00 FE A1
2026-09-28T15:24:07.208+00:00,282.628,RX,baseline,0001A5A6,1,7,01 00 00 0F 03 A6 A5
2026-09-28T15:24:07.208+00:00,282.854,RX,baseline,0011A5A6,1,5,01 00 00 A6 A5
2026-09-28T15:24:07.213+00:00,287.616,RX,baseline,000138A0,1,7,01 00 00 0F 03 A0 38
2026-09-28T15:24:07.213+00:00,287.849,RX,baseline,001138A0,1,5,01 00 00 A0 38
2026-09-28T15:24:07.218+00:00,292.659,RX,baseline,0001DEB7,1,7,01 00 00 0F 03 B7 DE
2026-09-28T15:24:07.218+00:00,292.850,RX,baseline,0011DEB7,1,5,01 00 00 B7 DE
2026-09-28T15:24:07.223+00:00,297.622,RX,baseline,00013E78,1,7,01 00 00 0F 03 78 3E
2026-09-28T15:24:07.223+00:00,297.912,RX,baseline,00113E78,1,5,01 00 00 78 3E
2026-09-28T15:24:07.228+00:00,302.635,RX,baseline,000139AD,1,7,01 00 00 0F 03 AD 39
2026-09-28T15:24:07.228+00:00,302.865,RX,baseline,001139AD,1,5,01 00 00 AD 39
2026-09-28T15:24:07.233+00:00,307.604,RX,baseline,0001C61C,1,7,01 00 00 0F 03 1C C6
2026-09-28T15:24:07.233+00:00,307.925,RX,baseline,0011C61C,1,5,01 00 00 1C C6
2026-09-28T15:24:07.238+00:00,312.614,RX,baseline,00019C9D,1,7,01 00 00 0F 03 9D 9C
2026-09-28T15:24:07.238+00:00,312.853,RX,baseline,00119C9D,1,5,01 00 00 9D 9C
2026-09-28T15:24:07.243+00:00,317.610,RX,baseline,0001C336,1,7,01 00 00 0F 03 36 C3
2026-09-28T15:24:07.243+00:00,317.852,RX,baseline,0011C336,1,5,01 00 00 36 C3
2026-09-28T15:24:07.248+00:00,322.632,RX,baseline,000112E4,1,7,01 00 00 0F 03 E4 12
2026-09-28T15:24:07.248+00:00,322.847,RX,baseline,001112E4,1,5,01 00 00 E4 12
2026-09-28T15:24:07.253+00:00,327.615,RX,baseline,0001DBF1,1,7,01 00 00 0F 03 F1 DB
2026-09-28T15:24:07.253+00:00,327.849,RX,baseline,0011DBF1,1,5,01 00 00 F1 DB
2026-09-28T15:24:07.258+00:00,332.679,RX,baseline,00016B83,1,7,01 00 00 0F 03 83 6B
2026-09-28T15:24:07.258+00:00,332.795,RX,baseline,00116B83,1,5,01 00 00 83 6B
2026-09-28T15:24:07.263+00:00,337.634,RX,baseline,00013E29,1,7,01 00 00 0F 03 29 3E
2026-09-28T15:24:07.263+00:00,337.851,RX,baseline,00113E29,1,5,01 00 00 29 3E
2026-09-28T15:24:07.268+00:00,342.651,RX,baseline,00013FA5,1,7,01 00 00 0F 03 A5 3F
2026-09-28T15:24:07.268+00:00,342.853,RX,baseline,00113FA5,1,5,01 00 00 A5 3F
2026-09-28T15:24:07.273+00:00,347.618,RX,baseline,0001A9E7,1,7,01 00 00 0F 03 E7 A9
2026-09-28T15:24:07.273+00:00,347.852,RX,baseline,0011A9E7,1,5,01 00 00 E7 A9
2026-09-28T15:24:07.278+00:00,352.660,RX,baseline,000183E3,1,7,01 00 00 0F 03 E3 83
2026-09-28T15:24:07.278+00:00,352.854,RX,baseline,001183E3,1,5,01 00 00 E3 83
2026-09-28T15:24:07.283+00:00,357.620,RX,baseline,0001A332,1,7,01 00 00 0F 03 32 A3
2026-09-28T15:24:07.283+00:00,357.849,RX,baseline,0011A332,1,5,01 00 00 32 A3
2026-09-28T15:24:07.288+00:00,362.640,RX,baseline,0001C27F,1,7,01 00 00 0F 03 7F C2
2026-09-28T15:24:07.288+00:00,362.855,RX,baseline,0011C27F,1,5,01 00 00 7F C2
2026-09-28T15:24:07.293+00:00,367.629,RX,baseline,0001E833,1,7,01 00 00 0F 03 33 E8
2026-09-28T15:24:07.293+00:00,367.863,RX,baseline,0011E833,1,5,01 00 00 33 E8
2026-09-28T15:24:07.298+00:00,372.590,RX,baseline,000136AF,1,7,01 00 00 0F 03 AF 36
2026-09-28T15:24:07.298+00:00,372.826,RX,baseline,001136AF,1,5,01 00 00 AF 36
2026-09-28T15:24:07.303+00:00,377.616,RX,baseline,0001AD49,1,7,01 00 00 0F 03 49 AD
2026-09-28T15:24:07.303+00:00,377.850,RX,baseline,0011AD49,1,5,01 00 00 49 AD
2026-09-28T15:24:07.308+00:00,382.614,RX,baseline,0001ACAD,1,7,01 00 00 0F 03 AD AC
2026-09-28T15:24:07.308+00:00,382.845,RX,baseline,0011ACAD,1,5,01 00 00 AD AC
2026-09-28T15:24:07.313+00:00,387.589,RX,baseline,00010F77,1,7,01 00 00 0F 03 77 0F
2026-09-28T15:24:07.313+00:00,387.824,RX,baseline,00110F77,1,5,01 00 00 77 0F
2026-09-28T15:24:07.318+00:00,392.610,RX,baseline,00019827,1,7,01 00 00 0F 03 27 98
2026-09-28T15:24:07.318+00:00,392.851,RX,baseline,00119827,1,5,01 00 00 27 98
2026-09-28T15:24:07.323+00:00,397.588,RX,baseline,0001A25B,1,7,01 00 00 0F 03 5B A2
2026-09-28T15:24:07.323+00:00,397.817,RX,baseline,0011A25B,1,5,01 00 00 5B A2
2026-09-28T15:24:07.328+00:00,402.586,RX,baseline,00012E4A,1,7,01 00 00 0F 03 4A 2E
2026-09-28T15:24:07.328+00:00,402.846,RX,baseline,00112E4A,1,5,01 00 00 4A 2E
2026-09-28T15:24:07.333+00:00,407.553,RX,baseline,0001A187,1,7,01 00 00 0F 03 87 A1
2026-09-28T15:24:07.333+00:00,407.829,RX,baseline,0011A187,1,5,01 00 00 87 A1
2026-09-28T15:24:07.338+00:00,412.618,RX,baseline,0001F670,1,7,01 00 00 0F 03 70 F6
2026-09-28T15:24:07.338+00:00,412.840,RX,baseline,0011F670,1,5,01 00 00 70 F6
2026-09-28T15:24:07.343+00:00,417.591,RX,baseline,00012DF5,1,7,01 00 00 0F 03 F5 2D
2026-09-28T15:24:07.343+00:00,417.830,RX,baseline,00112DF5,1,5,01 00 00 F5 2D
2026-09-28T15:24:07.348+00:00,422.590,RX,baseline,00019445,1,7,01 00 00 0F 03 45 94
2026-09-28T15:24:07.348+00:00,422.861,RX,baseline,00119445,1,5,01 00 00 45 94
2026-09-28T15:24:07.353+00:00,427.581,RX,baseline,00019EF0,1,7,01 00 00 0F 03 F0 9E
2026-09-28T15:24:07.353+00:00,427.832,RX,baseline,00119EF0,1,5,01 00 00 F0 9E
2026-09-28T15:24:07.358+00:00,432.604,RX,baseline,00016FDF,1,7,01 00 00 0F 03 DF 6F
2026-09-28T15:24:07.358+00:00,432.826,RX,baseline,00116FDF,1,5,01 00 00 DF 6F
2026-09-28T15:24:07.363+00:00,437.603,RX,baseline,00011EA5,1,7,01 00 00 0F 03 A5 1E
2026-09-28T15:24:07.363+00:00,437.806,RX,baseline,00111EA5,1,5,01 00 00 A5 1E
2026-09-28T15:24:07.368+00:00,442.685,RX,baseline,00017C15,1,7,01 00 00 0F 03 15 7C
2026-09-28T15:24:07.368+00:00,442.827,RX,baseline,00117C15,1,5,01 00 00 15 7C
2026-09-28T15:24:07.373+00:00,447.632,RX,baseline,0001A539,1,7,01 00 00 0F 03 39 A5
2026-09-28T15:24:07.373+00:00,447.834,RX,baseline,0011A539,1,5,01 00 00 39 A5
2026-09-28T15:24:07.378+00:00,452.634,RX,baseline,00018919,1,7,01 00 00 0F 03 19 89
2026-09-28T15:24:07.379+00:00,453.768,RX,baseline,00118919,1,5,01 00 00 19 89
2026-09-28T15:24:07.383+00:00,457.617,RX,baseline,00014E1B,1,7,01 00 00 0F 03 1B 4E
2026-09-28T15:24:07.383+00:00,457.892,RX,baseline,00114E1B,1,5,01 00 00 1B 4E
2026-09-28T15:24:07.388+00:00,462.601,RX,baseline,0001BD2B,1,7,01 00 00 0F 03 2B BD
2026-09-28T15:24:07.388+00:00,462.844,RX,baseline,0011BD2B,1,5,01 00 00 2B BD
2026-09-28T15:24:07.393+00:00,467.588,RX,baseline,00016DE6,1,7,01 00 00 0F 03 E6 6D
2026-09-28T15:24:07.393+00:00,467.879,RX,baseline,00116DE6,1,5,01 00 00 E6 6D
2026-09-28T15:24:07.398+00:00,472.620,RX,baseline,0001BEDC,1,7,01 00 00 0F 03 DC BE
2026-09-28T15:24:07.398+00:00,472.799,RX,baseline,0011BEDC,1,5,01 00 00 DC BE
2026-09-28T15:24:07.403+00:00,477.577,RX,baseline,00015C11,1,7,01 00 00 0F 03 11 5C
2026-09-28T15:24:07.403+00:00,477.817,RX,baseline,00115C11,1,5,01 00 00 11 5C
2026-09-28T15:24:07.408+00:00,482.612,RX,baseline,00018C2B,1,7,01 00 00 0F 03 2B 8C
2026-09-28T15:24:07.408+00:00,482.837,RX,baseline,00118C2B,1,5,01 00 00 2B 8C
2026-09-28T15:24:07.413+00:00,487.569,RX,baseline,00010240,1,7,01 00 00 0F 03 40 02
2026-09-28T15:24:07.413+00:00,487.827,RX,baseline,00110240,1,5,01 00 00 40 02
2026-09-28T15:24:07.418+00:00,492.616,RX,baseline,00010B99,1,7,01 00 00 0F 03 99 0B
2026-09-28T15:24:07.418+00:00,492.808,RX,baseline,00110B99,1,5,01 00 00 99 0B
2026-09-28T15:24:07.423+00:00,497.561,RX,baseline,00018FF0,1,7,01 00 00 0F 03 F0 8F
2026-09-28T15:24:07.423+00:00,497.804,RX,baseline,00118FF0,1,5,01 00 00 F0 8F
2026-09-28T15:24:07.428+00:00,502.557,RX,baseline,000193DA,1,7,01 00 00 0F 03 DA 93
2026-09-28T15:24:07.428+00:00,502.827,RX,baseline,001193DA,1,5,01 00 00 DA 93
2026-09-28T15:24:07.433+00:00,507.560,RX,baseline,000113D6,1,7,01 00 00 0F 03 D6 13
2026-09-28T15:24:07.433+00:00,507.793,RX,baseline,001113D6,1,5,01 00 00 D6 13
2026-09-28T15:24:07.438+00:00,512.571,RX,baseline,000178C8,1,7,01 00 00 0F 03 C8 78
2026-09-28T15:24:07.438+00:00,512.831,RX,baseline,001178C8,1,5,01 00 00 C8 78
2026-09-28T15:24:07.443+00:00,517.558,RX,baseline,0001912D,1,7,01 00 00 0F 03 2D 91
2026-09-28T15:24:07.443+00:00,517.823,RX,baseline,0011912D,1,5,01 00 00 2D 91
2026-09-28T15:24:07.448+00:00,522.571,RX,baseline,0001E7D5,1,7,01 00 00 0F 03 D5 E7
2026-09-28T15:24:07.448+00:00,522.837,RX,baseline,0011E7D5,1,5,01 00 00 D5 E7
2026-09-28T15:24:07.453+00:00,527.560,RX,baseline,00013DC2,1,7,01 00 00 0F 03 C2 3D
2026-09-28T15:24:07.453+00:00,527.791,RX,baseline,00113DC2,1,5,01 00 00 C2 3D
2026-09-28T15:24:07.458+00:00,532.601,RX,baseline,0001BFFB,1,7,01 00 00 0F 03 FB BF
2026-09-28T15:24:07.458+00:00,532.793,RX,baseline,0011BFFB,1,5,01 00 00 FB BF
2026-09-28T15:24:07.463+00:00,537.596,RX,baseline,00015677,1,7,01 00 00 0F 03 77 56
2026-09-28T15:24:07.463+00:00,537.790,RX,baseline,00115677,1,5,01 00 00 77 56
2026-09-28T15:24:07.468+00:00,542.572,RX,baseline,00013106,1,7,01 00 00 0F 03 06 31
2026-09-28T15:24:07.468+00:00,542.797,RX,baseline,00113106,1,5,01 00 00 06 31
2026-09-28T15:24:07.473+00:00,547.603,RX,baseline,00017EAB,1,7,01 00 00 0F 03 AB 7E
2026-09-28T15:24:07.473+00:00,547.811,RX,baseline,00117EAB,1,5,01 00 00 AB 7E
2026-09-28T15:24:07.478+00:00,552.582,RX,baseline,0001B7AF,1,7,01 00 00 0F 03 AF B7
2026-09-28T15:24:07.478+00:00,552.773,RX,baseline,0011B7AF,1,5,01 00 00 AF B7
2026-09-28T15:24:07.483+00:00,557.570,RX,baseline,0001E393,1,7,01 00 00 0F 03 93 E3
2026-09-28T15:24:07.483+00:00,557.801,RX,baseline,0011E393,1,5,01 00 00 93 E3
2026-09-28T15:24:07.488+00:00,562.574,RX,baseline,0001BFD6,1,7,01 00 00 0F 03 D6 BF
2026-09-28T15:24:07.488+00:00,562.798,RX,baseline,0011BFD6,1,5,01 00 00 D6 BF
2026-09-28T15:24:07.493+00:00,567.563,RX,baseline,00014F8D,1,7,01 00 00 0F 03 8D 4F
2026-09-28T15:24:07.493+00:00,567.790,RX,baseline,00114F8D,1,5,01 00 00 8D 4F
2026-09-28T15:24:07.498+00:00,572.559,RX,baseline,000113E5,1,7,01 00 00 0F 03 E5 13
2026-09-28T15:24:07.498+00:00,572.830,RX,baseline,001113E5,1,5,01 00 00 E5 13
2026-09-28T15:24:07.503+00:00,577.564,RX,baseline,00010E01,1,7,01 00 00 0F 03 01 0E
2026-09-28T15:24:07.503+00:00,577.865,RX,baseline,00110E01,1,5,01 00 00 01 0E
2026-09-28T15:24:07.508+00:00,582.566,RX,baseline,00017021,1,7,01 00 00 0F 03 21 70
2026-09-28T15:24:07.508+00:00,582.797,RX,baseline,00117021,1,5,01 00 00 21 70
2026-09-28T15:24:07.513+00:00,587.587,RX,baseline,00011B3A,1,7,01 00 00 0F 03 3A 1B
2026-09-28T15:24:07.513+00:00,587.856,RX,baseline,00111B3A,1,5,01 00 00 3A 1B
2026-09-28T15:24:07.518+00:00,592.560,RX,baseline,0001C673,1,7,01 00 00 0F 03 73 C6
2026-09-28T15:24:07.518+00:00,592.801,RX,baseline,0011C673,1,5,01 00 00 73 C6
2026-09-28T15:24:07.523+00:00,597.564,RX,baseline,00016466,1,7,01 00 00 0F 03 66 64
2026-09-28T15:24:07.523+00:00,597.793,RX,baseline,00116466,1,5,01 00 00 66 64
2026-09-28T15:24:07.528+00:00,602.559,RX,baseline,0001FAED,1,7,01 00 00 0F 03 ED FA
2026-09-28T15:24:07.528+00:00,602.770,RX,baseline,0011FAED,1,5,01 00 00 ED FA
2026-09-28T15:24:07.533+00:00,607.581,RX,baseline,00018E9E,1,7,01 00 00 0F 03 9E 8E
2026-09-28T15:24:07.533+00:00,607.861,RX,baseline,00118E9E,1,5,01 00 00 9E 8E
2026-09-28T15:24:07.538+00:00,612.635,RX,baseline,0001B319,1,7,01 00 00 0F 03 19 B3
2026-09-28T15:24:07.538+00:00,612.787,RX,baseline,0011B319,1,5,01 00 00 19 B3
2026-09-28T15:24:07.543+00:00,617.582,RX,baseline,0001FCA8,1,7,01 00 00 0F 03 A8 FC
2026-09-28T15:24:07.543+00:00,617.790,RX,baseline,0011FCA8,1,5,01 00 00 A8 FC
2026-09-28T15:24:07.548+00:00,622.533,RX,baseline,0001CDD9,1,7,01 00 00 0F 03 D9 CD
2026-09-28T15:24:07.548+00:00,622.762,RX,baseline,0011CDD9,1,5,01 00 00 D9 CD
2026-09-28T15:24:07.553+00:00,627.602,RX,baseline,0001C9C6,1,7,01 00 00 0F 03 C6 C9
2026-09-28T15:24:07.553+00:00,627.828,RX,baseline,0011C9C6,1,5,01 00 00 C6 C9
2026-09-28T15:24:07.558+00:00,632.532,RX,baseline,00012755,1,7,01 00 00 0F 03 55 27
2026-09-28T15:24:07.558+00:00,632.767,RX,baseline,00112755,1,5,01 00 00 55 27
2026-09-28T15:24:07.563+00:00,637.557,RX,baseline,000124D8,1,7,01 00 00 0F 03 D8 24
2026-09-28T15:24:07.563+00:00,637.791,RX,baseline,001124D8,1,5,01 00 00 D8 24
2026-09-28T15:24:07.568+00:00,642.696,RX,baseline,00013856,1,7,01 00 00 0F 03 56 38
2026-09-28T15:24:07.568+00:00,642.831,RX,baseline,00113856,1,5,01 00 00 56 38
2026-09-28T15:24:07.573+00:00,647.707,RX,baseline,0001D19E,1,7,01 00 00 0F 03 9E D1
2026-09-28T15:24:07.573+00:00,647.799,RX,baseline,0011D19E,1,5,01 00 00 9E D1
2026-09-28T15:24:07.578+00:00,652.742,RX,baseline,000171F7,1,7,01 00 00 0F 03 F7 71
2026-09-28T15:24:07.578+00:00,652.884,RX,baseline,001171F7,1,5,01 00 00 F7 71
2026-09-28T15:24:07.583+00:00,657.643,RX,baseline,000162D3,1,7,01 00 00 0F 03 D3 62
2026-09-28T15:24:07.583+00:00,657.824,RX,baseline,001162D3,1,5,01 00 00 D3 62
2026-09-28T15:24:07.588+00:00,662.743,RX,baseline,00017A97,1,7,01 00 00 0F 03 97 7A
2026-09-28T15:24:07.588+00:00,662.802,RX,baseline,00117A97,1,5,01 00 00 97 7A
2026-09-28T15:24:07.593+00:00,667.770,RX,baseline,0001CE7C,1,7,01 00 00 0F 03 7C CE
2026-09-28T15:24:07.593+00:00,667.905,RX,baseline,0011CE7C,1,5,01 00 00 7C CE
2026-09-28T15:24:07.598+00:00,672.595,RX,baseline,00017A73,1,7,01 00 00 0F 03 73 7A
2026-09-28T15:24:07.598+00:00,672.849,RX,baseline,00117A73,1,5,01 00 00 73 7A
2026-09-28T15:24:07.603+00:00,677.624,RX,baseline,00011AA6,1,7,01 00 00 0F 03 A6 1A
2026-09-28T15:24:07.603+00:00,677.875,RX,baseline,00111AA6,1,5,01 00 00 A6 1A
2026-09-28T15:24:07.608+00:00,682.622,RX,baseline,0001C249,1,7,01 00 00 0F 03 49 C2
2026-09-28T15:24:07.608+00:00,682.867,RX,baseline,0011C249,1,5,01 00 00 49 C2
2026-09-28T15:24:07.613+00:00,687.629,RX,baseline,00016360,1,7,01 00 00 0F 03 60 63
2026-09-28T15:24:07.613+00:00,687.865,RX,baseline,00116360,1,5,01 00 00 60 63
2026-09-28T15:24:07.618+00:00,692.640,RX,baseline,000153F9,1,7,01 00 00 0F 03 F9 53
2026-09-28T15:24:07.618+00:00,692.868,RX,baseline,001153F9,1,5,01 00 00 F9 53
2026-09-28T15:24:07.623+00:00,697.709,RX,baseline,000173B5,1,7,01 00 00 0F 03 B5 73
2026-09-28T15:24:07.623+00:00,697.820,RX,baseline,001173B5,1,5,01 00 00 B5 73
2026-09-28T15:24:07.628+00:00,702.781,RX,baseline,00015101,1,7,01 00 00 0F 03 01 51
2026-09-28T15:24:07.628+00:00,702.847,RX,baseline,00115101,1,5,01 00 00 01 51
2026-09-28T15:24:07.633+00:00,707.544,RX,baseline,0001E9F8,1,7,01 00 00 0F 03 F8 E9
2026-09-28T15:24:07.633+00:00,707.797,RX,baseline,0011E9F8,1,5,01 00 00 F8 E9
2026-09-28T15:24:07.638+00:00,712.533,RX,baseline,0001A845,1,7,01 00 00 0F 03 45 A8
2026-09-28T15:24:07.638+00:00,712.770,RX,baseline,0011A845,1,5,01 00 00 45 A8
2026-09-28T15:24:07.643+00:00,717.533,RX,baseline,0001209A,1,7,01 00 00 0F 03 9A 20
2026-09-28T15:24:07.643+00:00,717.766,RX,baseline,0011209A,1,5,01 00 00 9A 20
2026-09-28T15:24:07.648+00:00,722.536,RX,baseline,00018879,1,7,01 00 00 0F 03 79 88
2026-09-28T15:24:07.648+00:00,722.768,RX,baseline,00118879,1,5,01 00 00 79 88
2026-09-28T15:24:07.653+00:00,727.532,RX,baseline,0001EB65,1,7,01 00 00 0F 03 65 EB
2026-09-28T15:24:07.653+00:00,727.774,RX,baseline,0011EB65,1,5,01 00 00 65 EB
2026-09-28T15:24:07.658+00:00,732.530,RX,baseline,00018636,1,7,01 00 00 0F 03 36 86
2026-09-28T15:24:07.658+00:00,732.768,RX,baseline,00118636,1,5,01 00 00 36 86
2026-09-28T15:24:07.663+00:00,737.529,RX,baseline,000141CD,1,7,01 00 00 0F 03 CD 41
2026-09-28T15:24:07.663+00:00,737.777,RX,baseline,001141CD,1,5,01 00 00 CD 41
2026-09-28T15:24:07.668+00:00,742.530,RX,baseline,0001E879,1,7,01 00 00 0F 03 79 E8
2026-09-28T15:24:07.668+00:00,742.771,RX,baseline,0011E879,1,5,01 00 00 79 E8
2026-09-28T15:24:07.673+00:00,747.542,RX,baseline,000141BF,1,7,01 00 00 0F 03 BF 41
2026-09-28T15:24:07.673+00:00,747.797,RX,baseline,001141BF,1,5,01 00 00 BF 41
2026-09-28T15:24:07.678+00:00,752.577,RX,baseline,0001B81F,1,7,01 00 00 0F 03 1F B8
2026-09-28T15:24:07.678+00:00,752.761,RX,baseline,0011B81F,1,5,01 00 00 1F B8
2026-09-28T15:24:07.683+00:00,757.545,RX,baseline,00011B08,1,7,01 00 00 0F 04 08 1B
2026-09-28T15:24:07.683+00:00,757.762,RX,baseline,00111B08,1,5,01 00 00 08 1B
2026-09-28T15:24:07.688+00:00,762.547,RX,baseline,00013A96,1,7,01 00 00 0F 03 96 3A
2026-09-28T15:24:07.688+00:00,762.758,RX,baseline,00113A96,1,5,01 00 00 96 3A
2026-09-28T15:24:07.693+00:00,767.582,RX,baseline,00018E58,1,7,01 00 00 0F 03 58 8E
2026-09-28T15:24:07.693+00:00,767.792,RX,baseline,00118E58,1,5,01 00 00 58 8E
2026-09-28T15:24:07.698+00:00,772.539,RX,baseline,000179DF,1,7,01 00 00 0F 03 DF 79
2026-09-28T15:24:07.698+00:00,772.782,RX,baseline,001179DF,1,5,01 00 00 DF 79
2026-09-28T15:24:07.703+00:00,777.574,RX,baseline,0001EB67,1,7,01 00 00 0F 03 67 EB
2026-09-28T15:24:07.703+00:00,777.800,RX,baseline,0011EB67,1,5,01 00 00 67 EB
2026-09-28T15:24:07.708+00:00,782.718,RX,baseline,0001879D,1,7,01 00 00 0F 03 9D 87
2026-09-28T15:24:07.708+00:00,782.763,RX,baseline,0011879D,1,5,01 00 00 9D 87
2026-09-28T15:24:07.713+00:00,787.764,RX,baseline,000170C2,1,7,01 00 00 0F 03 C2 70
2026-09-28T15:24:07.713+00:00,787.812,RX,baseline,001170C2,1,5,01 00 00 C2 70
2026-09-28T15:24:07.718+00:00,792.569,RX,baseline,0001EAB2,1,7,01 00 00 0F 03 B2 EA
2026-09-28T15:24:07.718+00:00,792.859,RX,baseline,0011EAB2,1,5,01 00 00 B2 EA
2026-09-28T15:24:07.723+00:00,797.693,RX,baseline,0001C452,1,7,01 00 00 0F 03 52 C4
2026-09-28T15:24:07.723+00:00,797.830,RX,baseline,0011C452,1,5,01 00 00 52 C4
2026-09-28T15:24:07.728+00:00,802.742,RX,baseline,00012ECC,1,7,01 00 00 0F 03 CC 2E
2026-09-28T15:24:07.728+00:00,802.787,RX,baseline,00112ECC,1,5,01 00 00 CC 2E
2026-09-28T15:24:07.733+00:00,807.730,RX,baseline,0001E692,1,7,01 00 00 0F 03 92 E6
2026-09-28T15:24:07.733+00:00,807.787,RX,baseline,0011E692,1,5,01 00 00 92 E6
2026-09-28T15:24:07.738+00:00,812.741,RX,baseline,0001BEC5,1,7,01 00 00 0F 03 C5 BE
2026-09-28T15:24:07.738+00:00,812.787,RX,baseline,0011BEC5,1,5,01 00 00 C5 BE
2026-09-28T15:24:07.743+00:00,817.792,RX,baseline,00015F1A,1,7,01 00 00 0F 03 1A 5F
2026-09-28T15:24:07.743+00:00,817.837,RX,baseline,00115F1A,1,5,01 00 00 1A 5F
2026-09-28T15:24:07.748+00:00,822.538,RX,baseline,00010EC5,1,7,01 00 00 0F 03 C5 0E
2026-09-28T15:24:07.748+00:00,822.780,RX,baseline,00110EC5,1,5,01 00 00 C5 0E
2026-09-28T15:24:07.753+00:00,827.696,RX,baseline,000187E2,1,7,01 00 00 0F 03 E2 87
2026-09-28T15:24:07.753+00:00,827.760,RX,baseline,001187E2,1,5,01 00 00 E2 87
2026-09-28T15:24:07.758+00:00,832.724,RX,baseline,0001A88B,1,7,01 00 00 0F 03 8B A8
2026-09-28T15:24:07.758+00:00,832.803,RX,baseline,0011A88B,1,5,01 00 00 8B A8
2026-09-28T15:24:07.763+00:00,837.733,RX,baseline,0001D964,1,7,01 00 00 0F 03 64 D9
2026-09-28T15:24:07.763+00:00,837.778,RX,baseline,0011D964,1,5,01 00 00 64 D9
2026-09-28T15:24:07.768+00:00,842.635,RX,baseline,00016C41,1,7,01 00 00 0F 03 41 6C
2026-09-28T15:24:07.768+00:00,842.846,RX,baseline,00116C41,1,5,01 00 00 41 6C
2026-09-28T15:24:07.773+00:00,847.691,RX,baseline,0001EC97,1,7,01 00 00 0F 03 97 EC
2026-09-28T15:24:07.773+00:00,847.844,RX,baseline,0011EC97,1,5,01 00 00 97 EC
2026-09-28T15:24:07.778+00:00,852.549,RX,baseline,000111D1,1,7,01 00 00 0F 03 D1 11
2026-09-28T15:24:07.778+00:00,852.823,RX,baseline,001111D1,1,5,01 00 00 D1 11
2026-09-28T15:24:07.783+00:00,857.706,RX,baseline,00019449,1,7,01 00 00 0F 03 49 94
2026-09-28T15:24:07.783+00:00,857.842,RX,baseline,00119449,1,5,01 00 00 49 94
2026-09-28T15:24:07.788+00:00,862.586,RX,baseline,00012A87,1,7,01 00 00 0F 03 87 2A
2026-09-28T15:24:07.788+00:00,862.777,RX,baseline,00112A87,1,5,01 00 00 87 2A
2026-09-28T15:24:07.793+00:00,867.541,RX,baseline,0001F666,1,7,01 00 00 0F 03 66 F6
2026-09-28T15:24:07.793+00:00,867.853,RX,baseline,0011F666,1,5,01 00 00 66 F6
2026-09-28T15:24:07.798+00:00,872.585,RX,baseline,00018C92,1,7,01 00 00 0F 03 92 8C
2026-09-28T15:24:07.798+00:00,872.823,RX,baseline,00118C92,1,5,01 00 00 92 8C
2026-09-28T15:24:07.803+00:00,877.592,RX,baseline,00010239,1,7,01 00 00 0F 03 39 02
2026-09-28T15:24:07.803+00:00,877.824,RX,baseline,00110239,1,5,01 00 00 39 02
2026-09-28T15:24:07.808+00:00,882.586,RX,baseline,0001B19B,1,7,01 00 00 0F 03 9B B1
2026-09-28T15:24:07.808+00:00,882.832,RX,baseline,0011B19B,1,5,01 00 00 9B B1
2026-09-28T15:24:07.813+00:00,887.583,RX,baseline,00011B97,1,7,01 00 00 0F 03 97 1B
2026-09-28T15:24:07.813+00:00,887.827,RX,baseline,00111B97,1,5,01 00 00 97 1B
2026-09-28T15:24:07.818+00:00,892.586,RX,baseline,0001738A,1,7,01 00 00 0F 03 8A 73
2026-09-28T15:24:07.818+00:00,892.825,RX,baseline,0011738A,1,5,01 00 00 8A 73
2026-09-28T15:24:07.823+00:00,897.577,RX,baseline,00016FA2,1,7,01 00 00 0F 03 A2 6F
2026-09-28T15:24:07.823+00:00,897.837,RX,baseline,00116FA2,1,5,01 00 00 A2 6F
2026-09-28T15:24:07.828+00:00,902.609,RX,baseline,00012636,1,7,01 00 00 0F 03 36 26
2026-09-28T15:24:07.828+00:00,902.825,RX,baseline,00112636,1,5,01 00 00 36 26
2026-09-28T15:24:07.833+00:00,907.588,RX,baseline,0001AE86,1,7,01 00 00 0F 03 86 AE
2026-09-28T15:24:07.833+00:00,907.824,RX,baseline,0011AE86,1,5,01 00 00 86 AE
2026-09-28T15:24:07.838+00:00,912.592,RX,baseline,00016A8C,1,7,01 00 00 0F 03 8C 6A
2026-09-28T15:24:07.838+00:00,912.818,RX,baseline,00116A8C,1,5,01 00 00 8C 6A
2026-09-28T15:24:07.843+00:00,917.552,RX,baseline,0001D654,1,7,01 00 00 0F 03 54 D6
2026-09-28T15:24:07.843+00:00,917.812,RX,baseline,0011D654,1,5,01 00 00 54 D6
2026-09-28T15:24:07.848+00:00,922.583,RX,baseline,00016379,1,7,01 00 00 0F 03 79 63
2026-09-28T15:24:07.848+00:00,922.825,RX,baseline,00116379,1,5,01 00 00 79 63
2026-09-28T15:24:07.853+00:00,927.545,RX,baseline,00014DEE,1,7,01 00 00 0F 03 EE 4D
2026-09-28T15:24:07.853+00:00,927.784,RX,baseline,00114DEE,1,5,01 00 00 EE 4D
2026-09-28T15:24:07.858+00:00,932.591,RX,baseline,00010293,1,7,01 00 00 0F 03 93 02
2026-09-28T15:24:07.858+00:00,932.829,RX,baseline,00110293,1,5,01 00 00 93 02
2026-09-28T15:24:07.863+00:00,937.734,RX,baseline,0001B3A2,1,7,01 00 00 0F 03 A2 B3
2026-09-28T15:24:07.863+00:00,937.778,RX,baseline,0011B3A2,1,5,01 00 00 A2 B3
2026-09-28T15:24:07.868+00:00,942.736,RX,baseline,0001065F,1,7,01 00 00 0F 03 5F 06
2026-09-28T15:24:07.868+00:00,942.782,RX,baseline,0011065F,1,5,01 00 00 5F 06
2026-09-28T15:24:07.873+00:00,947.738,RX,baseline,000109E4,1,7,01 00 00 0F 03 E4 09
2026-09-28T15:24:07.873+00:00,947.782,RX,baseline,001109E4,1,5,01 00 00 E4 09
2026-09-28T15:24:07.878+00:00,952.861,RX,baseline,0001359A,1,7,01 00 00 0F 03 9A 35
2026-09-28T15:24:07.878+00:00,952.905,RX,baseline,0011359A,1,5,01 00 00 9A 35
2026-09-28T15:24:07.883+00:00,957.807,RX,baseline,0001D148,1,7,01 00 00 0F 03 48 D1
2026-09-28T15:24:07.883+00:00,957.851,RX,baseline,0011D148,1,5,01 00 00 48 D1
2026-09-28T15:24:07.888+00:00,962.817,RX,baseline,000192F5,1,7,01 00 00 0F 03 F5 92
2026-09-28T15:24:07.888+00:00,962.861,RX,baseline,001192F5,1,5,01 00 00 F5 92
2026-09-28T15:24:07.893+00:00,967.745,RX,baseline,0001D9A4,1,7,01 00 00 0F 03 A4 D9
2026-09-28T15:24:07.893+00:00,967.788,RX,baseline,0011D9A4,1,5,01 00 00 A4 D9
2026-09-28T15:24:07.898+00:00,972.754,RX,baseline,00010E2B,1,7,01 00 00 0F 03 2B 0E
2026-09-28T15:24:07.898+00:00,972.797,RX,baseline,00110E2B,1,5,01 00 00 2B 0E
2026-09-28T15:24:07.903+00:00,977.770,RX,baseline,0001210F,1,7,01 00 00 0F 03 0F 21
2026-09-28T15:24:07.903+00:00,977.814,RX,baseline,0011210F,1,5,01 00 00 0F 21
2026-09-28T15:24:07.908+00:00,982.736,RX,baseline,0001774B,1,7,01 00 00 0F 03 4B 77
2026-09-28T15:24:07.908+00:00,982.781,RX,baseline,0011774B,1,5,01 00 00 4B 77
2026-09-28T15:24:07.913+00:00,987.803,RX,baseline,0001D20E,1,7,01 00 00 0F 03 0E D2
2026-09-28T15:24:07.913+00:00,987.848,RX,baseline,0011D20E,1,5,01 00 00 0E D2
2026-09-28T15:24:07.918+00:00,992.738,RX,baseline,000122B8,1,7,01 00 00 0F 03 B8 22
2026-09-28T15:24:07.918+00:00,992.782,RX,baseline,001122B8,1,5,01 00 00 B8 22
2026-09-28T15:24:07.923+00:00,997.668,RX,baseline,00017730,1,7,01 00 00 0F 03 30 77
2026-09-28T15:24:07.923+00:00,997.802,RX,baseline,00117730,1,5,01 00 00 30 77
2026-09-28T15:24:07.928+00:00,1002.585,RX,baseline,00011028,1,7,01 00 00 0F 03 28 10
2026-09-28T15:24:07.928+00:00,1002.826,RX,baseline,00111028,1,5,01 00 00 28 10
2026-09-28T15:24:07.933+00:00,1007.739,RX,baseline,000184EE,1,7,01 00 00 0F 03 EE 84
2026-09-28T15:24:07.933+00:00,1007.783,RX,baseline,001184EE,1,5,01 00 00 EE 84
2026-09-28T15:24:07.938+00:00,1012.633,RX,baseline,000124AB,1,7,01 00 00 0F 03 AB 24
2026-09-28T15:24:07.938+00:00,1012.816,RX,baseline,001124AB,1,5,01 00 00 AB 24
2026-09-28T15:24:07.943+00:00,1017.738,RX,baseline,00016F7C,1,7,01 00 00 0F 03 7C 6F
2026-09-28T15:24:07.943+00:00,1017.781,RX,baseline,00116F7C,1,5,01 00 00 7C 6F
2026-09-28T15:24:07.948+00:00,1022.790,RX,baseline,0001DB80,1,7,01 00 00 0F 03 80 DB
2026-09-28T15:24:07.948+00:00,1022.852,RX,baseline,0011DB80,1,5,01 00 00 80 DB
2026-09-28T15:24:07.953+00:00,1027.754,RX,baseline,000140FE,1,7,01 00 00 0F 03 FE 40
2026-09-28T15:24:07.953+00:00,1027.834,RX,baseline,001140FE,1,5,01 00 00 FE 40
2026-09-28T15:24:07.958+00:00,1032.740,RX,baseline,0001873E,1,7,01 00 00 0F 03 3E 87
2026-09-28T15:24:07.958+00:00,1032.783,RX,baseline,0011873E,1,5,01 00 00 3E 87
2026-09-28T15:24:07.963+00:00,1037.798,RX,baseline,00012538,1,7,01 00 00 0F 03 38 25
2026-09-28T15:24:07.963+00:00,1037.877,RX,baseline,00112538,1,5,01 00 00 38 25
2026-09-28T15:24:07.968+00:00,1042.754,RX,baseline,000154A5,1,7,01 00 00 0F 03 A5 54
2026-09-28T15:24:07.968+00:00,1042.818,RX,baseline,001154A5,1,5,01 00 00 A5 54
2026-09-28T15:24:07.973+00:00,1047.737,RX,baseline,00017EAB,1,7,01 00 00 0F 03 AB 7E
2026-09-28T15:24:07.973+00:00,1047.798,RX,baseline,00117EAB,1,5,01 00 00 AB 7E
2026-09-28T15:24:07.978+00:00,1052.695,RX,baseline,0001F60B,1,7,01 00 00 0F 03 0B F6
2026-09-28T15:24:07.978+00:00,1052.832,RX,baseline,0011F60B,1,5,01 00 00 0B F6
2026-09-28T15:24:07.983+00:00,1057.748,RX,baseline,00012DC8,1,7,01 00 00 0F 03 C8 2D
2026-09-28T15:24:07.983+00:00,1057.835,RX,baseline,00112DC8,1,5,01 00 00 C8 2D
2026-09-28T15:24:07.988+00:00,1062.727,RX,baseline,0001423F,1,7,01 00 00 0F 03 3F 42
2026-09-28T15:24:07.988+00:00,1062.771,RX,baseline,0011423F,1,5,01 00 00 3F 42
2026-09-28T15:24:07.993+00:00,1067.740,RX,baseline,00010599,1,7,01 00 00 0F 03 99 05
2026-09-28T15:24:07.993+00:00,1067.798,RX,baseline,00110599,1,5,01 00 00 99 05
2026-09-28T15:24:07.998+00:00,1072.587,RX,baseline,0001F362,1,7,01 00 00 0F 03 62 F3
2026-09-28T15:24:07.998+00:00,1072.827,RX,baseline,0011F362,1,5,01 00 00 62 F3
2026-09-28T15:24:08.003+00:00,1077.561,RX,baseline,00013A12,1,7,01 00 00 0F 03 12 3A
2026-09-28T15:24:08.003+00:00,1077.806,RX,baseline,00113A12,1,5,01 00 00 12 3A
2026-09-28T15:24:08.008+00:00,1082.542,RX,baseline,000189FD,1,7,01 00 00 0F 03 FD 89
2026-09-28T15:24:08.008+00:00,1082.792,RX,baseline,001189FD,1,5,01 00 00 FD 89
2026-09-28T15:24:08.013+00:00,1087.564,RX,baseline,000166E8,1,7,01 00 00 0F 03 E8 66
2026-09-28T15:24:08.013+00:00,1087.798,RX,baseline,001166E8,1,5,01 00 00 E8 66
2026-09-28T15:24:08.018+00:00,1092.560,RX,baseline,0001665D,1,7,01 00 00 0F 03 5D 66
2026-09-28T15:24:08.018+00:00,1092.807,RX,baseline,0011665D,1,5,01 00 00 5D 66
2026-09-28T15:24:08.023+00:00,1097.612,RX,baseline,0001FA9F,1,7,01 00 00 0F 03 9F FA
2026-09-28T15:24:08.023+00:00,1097.766,RX,baseline,0011FA9F,1,5,01 00 00 9F FA
2026-09-28T15:24:08.028+00:00,1102.605,RX,baseline,00016E07,1,7,01 00 00 0F 03 07 6E
2026-09-28T15:24:08.028+00:00,1102.796,RX,baseline,00116E07,1,5,01 00 00 07 6E
2026-09-28T15:24:08.033+00:00,1107.627,RX,baseline,00013033,1,7,01 00 00 0F 03 33 30
2026-09-28T15:24:08.033+00:00,1107.788,RX,baseline,00113033,1,5,01 00 00 33 30
2026-09-28T15:24:08.038+00:00,1112.595,RX,baseline,000120B4,1,7,01 00 00 0F 03 B4 20
2026-09-28T15:24:08.038+00:00,1112.790,RX,baseline,001120B4,1,5,01 00 00 B4 20
2026-09-28T15:24:08.043+00:00,1117.579,RX,baseline,0001F281,1,7,01 00 00 0F 03 81 F2
2026-09-28T15:24:08.043+00:00,1117.810,RX,baseline,0011F281,1,5,01 00 00 81 F2
2026-09-28T15:24:08.048+00:00,1122.730,RX,baseline,0001803A,1,7,01 00 00 0F 03 3A 80
2026-09-28T15:24:08.048+00:00,1122.773,RX,baseline,0011803A,1,5,01 00 00 3A 80
2026-09-28T15:24:08.053+00:00,1127.755,RX,baseline,0001575C,1,7,01 00 00 0F 03 5C 57
2026-09-28T15:24:08.053+00:00,1127.799,RX,baseline,0011575C,1,5,01 00 00 5C 57
2026-09-28T15:24:08.058+00:00,1132.775,RX,baseline,00018851,1,7,01 00 00 0F 03 51 88
2026-09-28T15:24:08.058+00:00,1132.819,RX,baseline,00118851,1,5,01 00 00 51 88
2026-09-28T15:24:08.063+00:00,1137.773,RX,baseline,000148F8,1,7,01 00 00 0F 03 F8 48
2026-09-28T15:24:08.063+00:00,1137.816,RX,baseline,001148F8,1,5,01 00 00 F8 48
2026-09-28T15:24:08.068+00:00,1142.766,RX,baseline,0001CF11,1,7,01 00 00 0F 03 11 CF
2026-09-28T15:24:08.068+00:00,1142.810,RX,baseline,0011CF11,1,5,01 00 00 11 CF
2026-09-28T15:24:08.073+00:00,1147.794,RX,baseline,00015B0A,1,7,01 00 00 0F 03 0A 5B
2026-09-28T15:24:08.073+00:00,1147.837,RX,baseline,00115B0A,1,5,01 00 00 0A 5B
2026-09-28T15:24:08.078+00:00,1152.737,RX,baseline,000100A1,1,7,01 00 00 0F 03 A1 00
2026-09-28T15:24:08.078+00:00,1152.781,RX,baseline,001100A1,1,5,01 00 00 A1 00
2026-09-28T15:24:08.083+00:00,1157.770,RX,baseline,00018DD2,1,7,01 00 00 0F 03 D2 8D
2026-09-28T15:24:08.083+00:00,1157.814,RX,baseline,00118DD2,1,5,01 00 00 D2 8D
2026-09-28T15:24:08.088+00:00,1162.762,RX,baseline,0001C864,1,7,01 00 00 0F 03 64 C8
2026-09-28T15:24:08.088+00:00,1162.806,RX,baseline,0011C864,1,5,01 00 00 64 C8
2026-09-28T15:24:08.093+00:00,1167.777,RX,baseline,0001CBED,1,7,01 00 00 0F 03 ED CB
2026-09-28T15:24:08.093+00:00,1167.821,RX,baseline,0011CBED,1,5,01 00 00 ED CB
2026-09-28T15:24:08.098+00:00,1172.649,RX,baseline,0001A7AF,1,7,01 00 00 0F 03 AF A7
2026-09-28T15:24:08.098+00:00,1172.794,RX,baseline,0011A7AF,1,5,01 00 00 AF A7
2026-09-28T15:24:08.103+00:00,1177.716,RX,baseline,00018C95,1,7,01 00 00 0F 03 95 8C
2026-09-28T15:24:08.103+00:00,1177.761,RX,baseline,00118C95,1,5,01 00 00 95 8C
2026-09-28T15:24:08.108+00:00,1182.681,RX,baseline,000181D3,1,7,01 00 00 0F 03 D3 81
2026-09-28T15:24:08.108+00:00,1182.735,RX,baseline,001181D3,1,5,01 00 00 D3 81
2026-09-28T15:24:08.113+00:00,1187.757,RX,baseline,00016EC6,1,7,01 00 00 0F 03 C6 6E
2026-09-28T15:24:08.113+00:00,1187.801,RX,baseline,00116EC6,1,5,01 00 00 C6 6E
2026-09-28T15:24:08.118+00:00,1192.558,RX,baseline,0001B2F1,1,7,01 00 00 0F 03 F1 B2
2026-09-28T15:24:08.118+00:00,1192.802,RX,baseline,0011B2F1,1,5,01 00 00 F1 B2
2026-09-28T15:24:08.123+00:00,1197.771,RX,baseline,00012E5E,1,7,01 00 00 0F 03 5E 2E
2026-09-28T15:24:08.123+00:00,1197.851,RX,baseline,00112E5E,1,5,01 00 00 5E 2E
2026-09-28T15:24:08.128+00:00,1202.725,RX,baseline,00019AFF,1,7,01 00 00 0F 03 FF 9A
2026-09-28T15:24:08.128+00:00,1202.768,RX,baseline,00119AFF,1,5,01 00 00 FF 9A
2026-09-28T15:24:08.133+00:00,1207.752,RX,baseline,0001B729,1,7,01 00 00 0F 03 29 B7
2026-09-28T15:24:08.133+00:00,1207.832,RX,baseline,0011B729,1,5,01 00 00 29 B7
2026-09-28T15:24:08.138+00:00,1212.748,RX,baseline,00012FE0,1,7,01 00 00 0F 03 E0 2F
2026-09-28T15:24:08.138+00:00,1212.827,RX,baseline,00112FE0,1,5,01 00 00 E0 2F
2026-09-28T15:24:08.143+00:00,1217.749,RX,baseline,00012686,1,7,01 00 00 0F 03 86 26
2026-09-28T15:24:08.143+00:00,1217.828,RX,baseline,00112686,1,5,01 00 00 86 26
2026-09-28T15:24:08.148+00:00,1222.561,RX,baseline,00015D7D,1,7,01 00 00 0F 03 7D 5D
2026-09-28T15:24:08.148+00:00,1222.802,RX,baseline,00115D7D,1,5,01 00 00 7D 5D
2026-09-28T15:24:08.153+00:00,1227.561,RX,baseline,0001E300,1,7,01 00 00 0F 03 00 E3
2026-09-28T15:24:08.153+00:00,1227.802,RX,baseline,0011E300,1,5,01 00 00 00 E3
2026-09-28T15:24:08.158+00:00,1232.550,RX,baseline,00017449,1,7,01 00 00 0F 03 49 74
2026-09-28T15:24:08.158+00:00,1232.803,RX,baseline,00117449,1,5,01 00 00 49 74
2026-09-28T15:24:08.163+00:00,1237.582,RX,baseline,0001E60A,1,7,01 00 00 0F 03 0A E6
2026-09-28T15:24:08.163+00:00,1237.797,RX,baseline,0011E60A,1,5,01 00 00 0A E6
2026-09-28T15:24:08.168+00:00,1242.563,RX,baseline,0001DA8A,1,7,01 00 00 0F 03 8A DA
2026-09-28T15:24:08.168+00:00,1242.784,RX,baseline,0011DA8A,1,5,01 00 00 8A DA
2026-09-28T15:24:08.173+00:00,1247.563,RX,baseline,00017ECE,1,7,01 00 00 0F 03 CE 7E
2026-09-28T15:24:08.173+00:00,1247.811,RX,baseline,00117ECE,1,5,01 00 00 CE 7E
2026-09-28T15:24:08.178+00:00,1252.645,RX,baseline,0001CA65,1,7,01 00 00 0F 03 65 CA
2026-09-28T15:24:08.178+00:00,1252.803,RX,baseline,0011CA65,1,5,01 00 00 65 CA
2026-09-28T15:24:08.183+00:00,1257.554,RX,baseline,00015DA7,1,7,01 00 00 0F 03 A7 5D
2026-09-28T15:24:08.183+00:00,1257.787,RX,baseline,00115DA7,1,5,01 00 00 A7 5D
2026-09-28T15:24:08.188+00:00,1262.562,RX,baseline,0001DE7E,1,7,01 00 00 0F 03 7E DE
2026-09-28T15:24:08.188+00:00,1262.804,RX,baseline,0011DE7E,1,5,01 00 00 7E DE
2026-09-28T15:24:08.193+00:00,1267.566,RX,baseline,00018AB8,1,7,01 00 00 0F 03 B8 8A
2026-09-28T15:24:08.193+00:00,1267.803,RX,baseline,00118AB8,1,5,01 00 00 B8 8A
2026-09-28T15:24:08.198+00:00,1272.743,RX,baseline,0001D0AA,1,7,01 00 00 0F 03 AA D0
2026-09-28T15:24:08.198+00:00,1272.822,RX,baseline,0011D0AA,1,5,01 00 00 AA D0
2026-09-28T15:24:08.203+00:00,1277.716,RX,baseline,0001C6C6,1,7,01 00 00 0F 03 C6 C6
2026-09-28T15:24:08.203+00:00,1277.759,RX,baseline,0011C6C6,1,5,01 00 00 C6 C6
2026-09-28T15:24:08.208+00:00,1282.754,RX,baseline,00012202,1,7,01 00 00 0F 03 02 22
2026-09-28T15:24:08.208+00:00,1282.816,RX,baseline,00112202,1,5,01 00 00 02 22
2026-09-28T15:24:08.213+00:00,1287.717,RX,baseline,0001F043,1,7,01 00 00 0F 03 43 F0
2026-09-28T15:24:08.213+00:00,1287.760,RX,baseline,0011F043,1,5,01 00 00 43 F0
2026-09-28T15:24:08.218+00:00,1292.557,RX,baseline,0001495E,1,7,01 00 00 0F 03 5E 49
2026-09-28T15:24:08.218+00:00,1292.831,RX,baseline,0011495E,1,5,01 00 00 5E 49
2026-09-28T15:24:08.223+00:00,1297.608,RX,baseline,0001771D,1,7,01 00 00 0F 03 1D 77
2026-09-28T15:24:08.223+00:00,1297.803,RX,baseline,0011771D,1,5,01 00 00 1D 77
2026-09-28T15:24:08.228+00:00,1302.609,RX,baseline,00013500,1,7,01 00 00 0F 03 00 35
2026-09-28T15:24:08.228+00:00,1302.792,RX,baseline,00113500,1,5,01 00 00 00 35
2026-09-28T15:24:08.233+00:00,1307.689,RX,baseline,0001B4DC,1,7,01 00 00 0F 03 DC B4
2026-09-28T15:24:08.233+00:00,1307.733,RX,baseline,0011B4DC,1,5,01 00 00 DC B4
2026-09-28T15:24:08.238+00:00,1312.538,RX,baseline,000171F0,1,7,01 00 00 0F 03 F0 71
2026-09-28T15:24:08.238+00:00,1312.759,RX,baseline,001171F0,1,5,01 00 00 F0 71
2026-09-28T15:24:08.243+00:00,1317.533,RX,baseline,0001BF12,1,7,01 00 00 0F 03 12 BF
2026-09-28T15:24:08.243+00:00,1317.776,RX,baseline,0011BF12,1,5,01 00 00 12 BF
2026-09-28T15:24:08.248+00:00,1322.701,RX,baseline,0001BB5D,1,7,01 00 00 0F 03 5D BB
2026-09-28T15:24:08.248+00:00,1322.745,RX,baseline,0011BB5D,1,5,01 00 00 5D BB
2026-09-28T15:24:08.253+00:00,1327.769,RX,baseline,0001551C,1,7,01 00 00 0F 03 1C 55
2026-09-28T15:24:08.253+00:00,1327.850,RX,baseline,0011551C,1,5,01 00 00 1C 55
2026-09-28T15:24:08.258+00:00,1332.703,RX,baseline,0001B605,1,7,01 00 00 0F 03 05 B6
2026-09-28T15:24:08.258+00:00,1332.782,RX,baseline,0011B605,1,5,01 00 00 05 B6
2026-09-28T15:24:08.263+00:00,1337.707,RX,baseline,00019EDD,1,7,01 00 00 0F 03 DD 9E
2026-09-28T15:24:08.263+00:00,1337.797,RX,baseline,00119EDD,1,5,01 00 00 DD 9E
2026-09-28T15:24:08.268+00:00,1342.706,RX,baseline,00014768,1,7,01 00 00 0F 03 68 47
2026-09-28T15:24:08.268+00:00,1342.750,RX,baseline,00114768,1,5,01 00 00 68 47
2026-09-28T15:24:08.273+00:00,1347.755,RX,baseline,000118C8,1,7,01 00 00 0F 03 C8 18
2026-09-28T15:24:08.273+00:00,1347.836,RX,baseline,001118C8,1,5,01 00 00 C8 18
2026-09-28T15:24:08.278+00:00,1352.705,RX,baseline,00012E53,1,7,01 00 00 0F 03 53 2E
2026-09-28T15:24:08.278+00:00,1352.785,RX,baseline,00112E53,1,5,01 00 00 53 2E
2026-09-28T15:24:08.283+00:00,1357.763,RX,baseline,0001B274,1,7,01 00 00 0F 03 74 B2
2026-09-28T15:24:08.283+00:00,1357.826,RX,baseline,0011B274,1,5,01 00 00 74 B2
2026-09-28T15:24:08.288+00:00,1362.692,RX,baseline,00019A10,1,7,01 00 00 0F 03 10 9A
2026-09-28T15:24:08.288+00:00,1362.735,RX,baseline,00119A10,1,5,01 00 00 10 9A
2026-09-28T15:24:08.293+00:00,1367.746,RX,baseline,00015F9A,1,7,01 00 00 0F 03 9A 5F
2026-09-28T15:24:08.293+00:00,1367.807,RX,baseline,00115F9A,1,5,01 00 00 9A 5F
2026-09-28T15:24:08.298+00:00,1372.537,RX,baseline,00013F31,1,7,01 00 00 0F 03 31 3F
2026-09-28T15:24:08.298+00:00,1372.785,RX,baseline,00113F31,1,5,01 00 00 31 3F
2026-09-28T15:24:08.303+00:00,1377.712,RX,baseline,0001F026,1,7,01 00 00 0F 03 26 F0
2026-09-28T15:24:08.303+00:00,1377.755,RX,baseline,0011F026,1,5,01 00 00 26 F0
2026-09-28T15:24:08.308+00:00,1382.454,RX,baseline,00019CD7,1,7,01 00 00 0F 03 D7 9C
2026-09-28T15:24:08.308+00:00,1382.774,RX,baseline,00119CD7,1,5,01 00 00 D7 9C
2026-09-28T15:24:08.313+00:00,1387.727,RX,baseline,0001E6C1,1,7,01 00 00 0F 03 C1 E6
2026-09-28T15:24:08.313+00:00,1387.770,RX,baseline,0011E6C1,1,5,01 00 00 C1 E6
2026-09-28T15:24:08.318+00:00,1392.536,RX,baseline,000116E9,1,7,01 00 00 0F 03 E9 16
2026-09-28T15:24:08.318+00:00,1392.774,RX,baseline,001116E9,1,5,01 00 00 E9 16
2026-09-28T15:24:08.323+00:00,1397.527,RX,baseline,00018203,1,7,01 00 00 0F 03 03 82
2026-09-28T15:24:08.323+00:00,1397.766,RX,baseline,00118203,1,5,01 00 00 03 82
2026-09-28T15:24:08.328+00:00,1402.590,RX,baseline,00016D89,1,7,01 00 00 0F 03 89 6D
2026-09-28T15:24:08.328+00:00,1402.780,RX,baseline,00116D89,1,5,01 00 00 89 6D
2026-09-28T15:24:08.333+00:00,1407.557,RX,baseline,00012F28,1,7,01 00 00 0F 03 28 2F
2026-09-28T15:24:08.333+00:00,1407.777,RX,baseline,00112F28,1,5,01 00 00 28 2F
2026-09-28T15:24:08.338+00:00,1412.515,RX,baseline,00014BD3,1,7,01 00 00 0F 03 D3 4B
2026-09-28T15:24:08.338+00:00,1412.774,RX,baseline,00114BD3,1,5,01 00 00 D3 4B
2026-09-28T15:24:08.343+00:00,1417.562,RX,baseline,00018201,1,7,01 00 00 0F 03 01 82
2026-09-28T15:24:08.343+00:00,1417.785,RX,baseline,00118201,1,5,01 00 00 01 82
2026-09-28T15:24:08.348+00:00,1422.734,RX,baseline,00017BAC,1,7,01 00 00 0F 03 AC 7B
2026-09-28T15:24:08.348+00:00,1422.777,RX,baseline,00117BAC,1,5,01 00 00 AC 7B
2026-09-28T15:24:08.353+00:00,1427.689,RX,baseline,0001B079,1,7,01 00 00 0F 03 79 B0
2026-09-28T15:24:08.353+00:00,1427.734,RX,baseline,0011B079,1,5,01 00 00 79 B0
2026-09-28T15:24:08.358+00:00,1432.733,RX,baseline,00016622,1,7,01 00 00 0F 03 22 66
2026-09-28T15:24:08.358+00:00,1432.776,RX,baseline,00116622,1,5,01 00 00 22 66
2026-09-28T15:24:08.363+00:00,1437.738,RX,baseline,0001E8DF,1,7,01 00 00 0F 03 DF E8
2026-09-28T15:24:08.363+00:00,1437.782,RX,baseline,0011E8DF,1,5,01 00 00 DF E8
2026-09-28T15:24:08.368+00:00,1442.741,RX,baseline,00018BB5,1,7,01 00 00 0F 03 B5 8B
2026-09-28T15:24:08.368+00:00,1442.785,RX,baseline,00118BB5,1,5,01 00 00 B5 8B
2026-09-28T15:24:08.373+00:00,1447.695,RX,baseline,000150DF,1,7,01 00 00 0F 03 DF 50
2026-09-28T15:24:08.373+00:00,1447.739,RX,baseline,001150DF,1,5,01 00 00 DF 50
2026-09-28T15:24:08.378+00:00,1452.725,RX,baseline,0001717C,1,7,01 00 00 0F 03 7C 71
2026-09-28T15:24:08.378+00:00,1452.768,RX,baseline,0011717C,1,5,01 00 00 7C 71
2026-09-28T15:24:08.383+00:00,1457.691,RX,baseline,00014BC8,1,7,01 00 00 0F 03 C8 4B
2026-09-28T15:24:08.383+00:00,1457.734,RX,baseline,00114BC8,1,5,01 00 00 C8 4B
2026-09-28T15:24:08.388+00:00,1462.746,RX,baseline,0001D3FF,1,7,01 00 00 0F 03 FF D3
2026-09-28T15:24:08.388+00:00,1462.789,RX,baseline,0011D3FF,1,5,01 00 00 FF D3
2026-09-28T15:24:08.393+00:00,1467.690,RX,baseline,0001898E,1,7,01 00 00 0F 03 8E 89
2026-09-28T15:24:08.393+00:00,1467.733,RX,baseline,0011898E,1,5,01 00 00 8E 89
2026-09-28T15:24:08.398+00:00,1472.637,RX,baseline,00018A4B,1,7,01 00 00 0F 03 4B 8A
2026-09-28T15:24:08.398+00:00,1472.711,RX,baseline,00118A4B,1,5,01 00 00 4B 8A
2026-09-28T15:24:08.403+00:00,1477.664,RX,baseline,0001A4B7,1,7,01 00 00 0F 03 B7 A4
2026-09-28T15:24:08.403+00:00,1477.718,RX,baseline,0011A4B7,1,5,01 00 00 B7 A4
2026-09-28T15:24:08.408+00:00,1482.697,RX,baseline,0001FB7C,1,7,01 00 00 0F 03 7C FB
2026-09-28T15:24:08.408+00:00,1482.743,RX,baseline,0011FB7C,1,5,01 00 00 7C FB
2026-09-28T15:24:08.413+00:00,1487.671,RX,baseline,0001D003,1,7,01 00 00 0F 03 03 D0
2026-09-28T15:24:08.413+00:00,1487.714,RX,baseline,0011D003,1,5,01 00 00 03 D0
2026-09-28T15:24:08.418+00:00,1492.711,RX,baseline,000172D5,1,7,01 00 00 0F 03 D5 72
2026-09-28T15:24:08.418+00:00,1492.755,RX,baseline,001172D5,1,5,01 00 00 D5 72
2026-09-28T15:24:08.423+00:00,1497.542,RX,baseline,0001399C,1,7,01 00 00 0F 03 9C 39
2026-09-28T15:24:08.423+00:00,1497.787,RX,baseline,0011399C,1,5,01 00 00 9C 39
2026-09-28T15:24:08.428+00:00,1502.464,RX,baseline,00014228,1,7,01 00 00 0F 03 28 42
2026-09-28T15:24:08.428+00:00,1502.743,RX,baseline,00114228,1,5,01 00 00 28 42
2026-09-28T15:24:08.433+00:00,1507.671,RX,baseline,0001E40B,1,7,01 00 00 0F 03 0B E4
2026-09-28T15:24:08.433+00:00,1507.714,RX,baseline,0011E40B,1,5,01 00 00 0B E4
2026-09-28T15:24:08.438+00:00,1512.757,RX,baseline,00011C0C,1,7,01 00 00 0F 03 0C 1C
2026-09-28T15:24:08.438+00:00,1512.801,RX,baseline,00111C0C,1,5,01 00 00 0C 1C
2026-09-28T15:24:08.443+00:00,1517.787,RX,baseline,00015A42,1,7,01 00 00 0F 03 42 5A
2026-09-28T15:24:08.443+00:00,1517.832,RX,baseline,00115A42,1,5,01 00 00 42 5A
2026-09-28T15:24:08.448+00:00,1522.564,RX,baseline,00017740,1,7,01 00 00 0F 03 40 77
2026-09-28T15:24:08.448+00:00,1522.757,RX,baseline,00117740,1,5,01 00 00 40 77
2026-09-28T15:24:08.453+00:00,1527.697,RX,baseline,00011E85,1,7,01 00 00 0F 03 85 1E
2026-09-28T15:24:08.453+00:00,1527.759,RX,baseline,00111E85,1,5,01 00 00 85 1E
2026-09-28T15:24:08.458+00:00,1532.661,RX,baseline,00014625,1,7,01 00 00 0F 03 25 46
2026-09-28T15:24:08.458+00:00,1532.706,RX,baseline,00114625,1,5,01 00 00 25 46
2026-09-28T15:24:08.463+00:00,1537.686,RX,baseline,000134ED,1,7,01 00 00 0F 03 ED 34
2026-09-28T15:24:08.463+00:00,1537.746,RX,baseline,001134ED,1,5,01 00 00 ED 34
2026-09-28T15:24:08.468+00:00,1542.681,RX,baseline,00011936,1,7,01 00 00 0F 03 36 19
2026-09-28T15:24:08.468+00:00,1542.756,RX,baseline,00111936,1,5,01 00 00 36 19
2026-09-28T15:24:08.473+00:00,1547.692,RX,baseline,0001B4E6,1,7,01 00 00 0F 03 E6 B4
2026-09-28T15:24:08.473+00:00,1547.755,RX,baseline,0011B4E6,1,5,01 00 00 E6 B4
2026-09-28T15:24:08.478+00:00,1552.647,RX,baseline,0001ECEA,1,7,01 00 00 0F 03 EA EC
2026-09-28T15:24:08.478+00:00,1552.691,RX,baseline,0011ECEA,1,5,01 00 00 EA EC
2026-09-28T15:24:08.483+00:00,1557.612,RX,baseline,0001A1C6,1,7,01 00 00 0F 03 C6 A1
2026-09-28T15:24:08.483+00:00,1557.736,RX,baseline,0011A1C6,1,5,01 00 00 C6 A1
2026-09-28T15:24:08.488+00:00,1562.768,RX,baseline,00016762,1,7,01 00 00 0F 03 62 67
2026-09-28T15:24:08.488+00:00,1562.811,RX,baseline,00116762,1,5,01 00 00 62 67
2026-09-28T15:24:08.493+00:00,1567.644,RX,baseline,0001197F,1,7,01 00 00 0F 03 7F 19
2026-09-28T15:24:08.493+00:00,1567.690,RX,baseline,0011197F,1,5,01 00 00 7F 19
2026-09-28T15:24:08.498+00:00,1572.508,RX,baseline,00010FCF,1,7,01 00 00 0F 03 CF 0F
2026-09-28T15:24:08.498+00:00,1572.759,RX,baseline,00110FCF,1,5,01 00 00 CF 0F
2026-09-28T15:24:08.503+00:00,1577.516,RX,baseline,000100F7,1,7,01 00 00 0F 03 F7 00
2026-09-28T15:24:08.503+00:00,1577.759,RX,baseline,001100F7,1,5,01 00 00 F7 00
2026-09-28T15:24:08.508+00:00,1582.525,RX,baseline,00015D78,1,7,01 00 00 0F 03 78 5D
2026-09-28T15:24:08.508+00:00,1582.743,RX,baseline,00115D78,1,5,01 00 00 78 5D
2026-09-28T15:24:08.513+00:00,1587.504,RX,baseline,00014880,1,7,01 00 00 0F 03 80 48
2026-09-28T15:24:08.513+00:00,1587.759,RX,baseline,00114880,1,5,01 00 00 80 48
2026-09-28T15:24:08.518+00:00,1592.509,RX,baseline,0001F9C6,1,7,01 00 00 0F 03 C6 F9
2026-09-28T15:24:08.518+00:00,1592.760,RX,baseline,0011F9C6,1,5,01 00 00 C6 F9
2026-09-28T15:24:08.523+00:00,1597.508,RX,baseline,0001FF94,1,7,01 00 00 0F 03 94 FF
2026-09-28T15:24:08.523+00:00,1597.754,RX,baseline,0011FF94,1,5,01 00 00 94 FF
2026-09-28T15:24:08.528+00:00,1602.516,RX,baseline,0001E0BC,1,7,01 00 00 0F 03 BC E0
2026-09-28T15:24:08.528+00:00,1602.757,RX,baseline,0011E0BC,1,5,01 00 00 BC E0
2026-09-28T15:24:08.533+00:00,1607.512,RX,baseline,000119BA,1,7,01 00 00 0F 03 BA 19
2026-09-28T15:24:08.533+00:00,1607.735,RX,baseline,001119BA,1,5,01 00 00 BA 19
2026-09-28T15:24:08.538+00:00,1612.569,RX,baseline,00011CD2,1,7,01 00 00 0F 03 D2 1C
2026-09-28T15:24:08.538+00:00,1612.770,RX,baseline,00111CD2,1,5,01 00 00 D2 1C
2026-09-28T15:24:08.543+00:00,1617.573,RX,baseline,0001633F,1,7,01 00 00 0F 03 3F 63
2026-09-28T15:24:08.543+00:00,1617.751,RX,baseline,0011633F,1,5,01 00 00 3F 63
2026-09-28T15:24:08.548+00:00,1622.501,RX,baseline,0001BAF7,1,7,01 00 00 0F 03 F7 BA
2026-09-28T15:24:08.548+00:00,1622.748,RX,baseline,0011BAF7,1,5,01 00 00 F7 BA
2026-09-28T15:24:08.553+00:00,1627.477,RX,baseline,00017728,1,7,01 00 00 0F 03 28 77
2026-09-28T15:24:08.553+00:00,1627.720,RX,baseline,00117728,1,5,01 00 00 28 77
2026-09-28T15:24:08.558+00:00,1632.472,RX,baseline,00016D5C,1,7,01 00 00 0F 03 5C 6D
2026-09-28T15:24:08.558+00:00,1632.705,RX,baseline,00116D5C,1,5,01 00 00 5C 6D
2026-09-28T15:24:08.563+00:00,1637.507,RX,baseline,0001E889,1,7,01 00 00 0F 03 89 E8
2026-09-28T15:24:08.563+00:00,1637.751,RX,baseline,0011E889,1,5,01 00 00 89 E8
2026-09-28T15:24:08.568+00:00,1642.468,RX,baseline,0001B328,1,7,01 00 00 0F 03 28 B3
2026-09-28T15:24:08.568+00:00,1642.748,RX,baseline,0011B328,1,5,01 00 00 28 B3
2026-09-28T15:24:08.573+00:00,1647.475,RX,baseline,0001D82B,1,7,01 00 00 0F 03 2B D8
2026-09-28T15:24:08.573+00:00,1647.707,RX,baseline,0011D82B,1,5,01 00 00 2B D8
2026-09-28T15:24:08.578+00:00,1652.508,RX,baseline,0001FD47,1,7,01 00 00 0F 03 47 FD
2026-09-28T15:24:08.578+00:00,1652.702,RX,baseline,0011FD47,1,5,01 00 00 47 FD
2026-09-28T15:24:08.583+00:00,1657.528,RX,baseline,0001041A,1,7,01 00 00 0F 03 1A 04
2026-09-28T15:24:08.583+00:00,1657.752,RX,baseline,0011041A,1,5,01 00 00 1A 04
2026-09-28T15:24:08.588+00:00,1662.519,RX,baseline,000197FA,1,7,01 00 00 0F 03 FA 97
2026-09-28T15:24:08.588+00:00,1662.736,RX,baseline,001197FA,1,5,01 00 00 FA 97
2026-09-28T15:24:08.593+00:00,1667.513,RX,baseline,00017197,1,7,01 00 00 0F 03 97 71
2026-09-28T15:24:08.593+00:00,1667.758,RX,baseline,00117197,1,5,01 00 00 97 71
2026-09-28T15:24:08.598+00:00,1672.514,RX,baseline,0001A2C4,1,7,01 00 00 0F 03 C4 A2
2026-09-28T15:24:08.598+00:00,1672.778,RX,baseline,0011A2C4,1,5,01 00 00 C4 A2
2026-09-28T15:24:08.603+00:00,1677.522,RX,baseline,0001C68F,1,7,01 00 00 0F 03 8F C6
2026-09-28T15:24:08.603+00:00,1677.708,RX,baseline,0011C68F,1,5,01 00 00 8F C6
2026-09-28T15:24:08.608+00:00,1682.515,RX,baseline,00014FF8,1,7,01 00 00 0F 03 F8 4F
2026-09-28T15:24:08.608+00:00,1682.773,RX,baseline,00114FF8,1,5,01 00 00 F8 4F
2026-09-28T15:24:08.613+00:00,1687.509,RX,baseline,00019272,1,7,01 00 00 0F 03 72 92
2026-09-28T15:24:08.613+00:00,1687.754,RX,baseline,00119272,1,5,01 00 00 72 92
2026-09-28T15:24:08.618+00:00,1692.512,RX,baseline,000162E6,1,7,01 00 00 0F 03 E6 62
2026-09-28T15:24:08.618+00:00,1692.759,RX,baseline,001162E6,1,5,01 00 00 E6 62
2026-09-28T15:24:08.623+00:00,1697.508,RX,baseline,00018F26,1,7,01 00 00 0F 03 26 8F
2026-09-28T15:24:08.623+00:00,1697.761,RX,baseline,00118F26,1,5,01 00 00 26 8F
2026-09-28T15:24:08.628+00:00,1702.512,RX,baseline,0001FB81,1,7,01 00 00 0F 03 81 FB
2026-09-28T15:24:08.628+00:00,1702.759,RX,baseline,0011FB81,1,5,01 00 00 81 FB
2026-09-28T15:24:08.633+00:00,1707.489,RX,baseline,0001E975,1,7,01 00 00 0F 03 75 E9
2026-09-28T15:24:08.633+00:00,1707.736,RX,baseline,0011E975,1,5,01 00 00 75 E9
2026-09-28T15:24:08.638+00:00,1712.511,RX,baseline,000127F4,1,7,01 00 00 0F 03 F4 27
2026-09-28T15:24:08.638+00:00,1712.752,RX,baseline,001127F4,1,5,01 00 00 F4 27
2026-09-28T15:24:08.643+00:00,1717.532,RX,baseline,0001ED1A,1,7,01 00 00 0F 03 1A ED
2026-09-28T15:24:08.643+00:00,1717.747,RX,baseline,0011ED1A,1,5,01 00 00 1A ED
2026-09-28T15:24:08.648+00:00,1722.521,RX,baseline,0001E07C,1,7,01 00 00 0F 03 7C E0
2026-09-28T15:24:08.648+00:00,1722.757,RX,baseline,0011E07C,1,5,01 00 00 7C E0
2026-09-28T15:24:08.653+00:00,1727.486,RX,baseline,0001E35A,1,7,01 00 00 0F 03 5A E3
2026-09-28T15:24:08.653+00:00,1727.732,RX,baseline,0011E35A,1,5,01 00 00 5A E3
2026-09-28T15:24:08.658+00:00,1732.510,RX,baseline,00012F81,1,7,01 00 00 0F 03 81 2F
2026-09-28T15:24:08.658+00:00,1732.765,RX,baseline,00112F81,1,5,01 00 00 81 2F
2026-09-28T15:24:08.663+00:00,1737.488,RX,baseline,000183CE,1,7,01 00 00 0F 03 CE 83
2026-09-28T15:24:08.663+00:00,1737.728,RX,baseline,001183CE,1,5,01 00 00 CE 83
2026-09-28T15:24:08.668+00:00,1742.477,RX,baseline,0001ABCA,1,7,01 00 00 0F 03 CA AB
2026-09-28T15:24:08.668+00:00,1742.738,RX,baseline,0011ABCA,1,5,01 00 00 CA AB
2026-09-28T15:24:08.673+00:00,1747.454,RX,baseline,0001F1D3,1,7,01 00 00 0F 03 D3 F1
2026-09-28T15:24:08.673+00:00,1747.687,RX,baseline,0011F1D3,1,5,01 00 00 D3 F1
2026-09-28T15:24:08.678+00:00,1752.440,RX,baseline,0001B03C,1,7,01 00 00 0F 03 3C B0
2026-09-28T15:24:08.678+00:00,1752.681,RX,baseline,0011B03C,1,5,01 00 00 3C B0
2026-09-28T15:24:08.683+00:00,1757.460,RX,baseline,0001A5AC,1,7,01 00 00 0F 03 AC A5
2026-09-28T15:24:08.683+00:00,1757.708,RX,baseline,0011A5AC,1,5,01 00 00 AC A5
2026-09-28T15:24:08.688+00:00,1762.448,RX,baseline,0001447F,1,7,01 00 00 0F 03 7F 44
2026-09-28T15:24:08.688+00:00,1762.688,RX,baseline,0011447F,1,5,01 00 00 7F 44
2026-09-28T15:24:08.693+00:00,1767.442,RX,baseline,0001E35B,1,7,01 00 00 0F 03 5B E3
2026-09-28T15:24:08.693+00:00,1767.670,RX,baseline,0011E35B,1,5,01 00 00 5B E3
2026-09-28T15:24:08.698+00:00,1772.456,RX,baseline,00017387,1,7,01 00 00 0F 03 87 73
2026-09-28T15:24:08.698+00:00,1772.681,RX,baseline,00117387,1,5,01 00 00 87 73
2026-09-28T15:24:08.703+00:00,1777.453,RX,baseline,000161CB,1,7,01 00 00 0F 03 CB 61
2026-09-28T15:24:08.703+00:00,1777.675,RX,baseline,001161CB,1,5,01 00 00 CB 61
2026-09-28T15:24:08.708+00:00,1782.469,RX,baseline,000114D0,1,7,01 00 00 0F 03 D0 14
2026-09-28T15:24:08.708+00:00,1782.679,RX,baseline,001114D0,1,5,01 00 00 D0 14
2026-09-28T15:24:08.713+00:00,1787.440,RX,baseline,00011FB0,1,7,01 00 00 0F 03 B0 1F
2026-09-28T15:24:08.713+00:00,1787.686,RX,baseline,00111FB0,1,5,01 00 00 B0 1F
2026-09-28T15:24:08.718+00:00,1792.442,RX,baseline,00013AC9,1,7,01 00 00 0F 03 C9 3A
2026-09-28T15:24:08.718+00:00,1792.696,RX,baseline,00113AC9,1,5,01 00 00 C9 3A
2026-09-28T15:24:08.723+00:00,1797.441,RX,baseline,00012452,1,7,01 00 00 0F 03 52 24
2026-09-28T15:24:08.723+00:00,1797.684,RX,baseline,00112452,1,5,01 00 00 52 24
2026-09-28T15:24:08.728+00:00,1802.441,RX,baseline,0001FCCA,1,7,01 00 00 0F 03 CA FC
2026-09-28T15:24:08.728+00:00,1802.684,RX,baseline,0011FCCA,1,5,01 00 00 CA FC
2026-09-28T15:24:08.733+00:00,1807.439,RX,baseline,00010D1B,1,7,01 00 00 0F 03 1B 0D
2026-09-28T15:24:08.733+00:00,1807.683,RX,baseline,00110D1B,1,5,01 00 00 1B 0D
2026-09-28T15:24:08.738+00:00,1812.447,RX,baseline,00017883,1,7,01 00 00 0F 03 83 78
2026-09-28T15:24:08.738+00:00,1812.683,RX,baseline,00117883,1,5,01 00 00 83 78
2026-09-28T15:24:08.743+00:00,1817.411,RX,baseline,0001A19E,1,7,01 00 00 0F 03 9E A1
2026-09-28T15:24:08.743+00:00,1817.678,RX,baseline,0011A19E,1,5,01 00 00 9E A1
2026-09-28T15:24:08.748+00:00,1822.446,RX,baseline,000162C6,1,7,01 00 00 0F 03 C6 62
2026-09-28T15:24:08.748+00:00,1822.686,RX,baseline,001162C6,1,5,01 00 00 C6 62
2026-09-28T15:24:08.753+00:00,1827.446,RX,baseline,00015E75,1,7,01 00 00 0F 03 75 5E
2026-09-28T15:24:08.753+00:00,1827.714,RX,baseline,00115E75,1,5,01 00 00 75 5E
2026-09-28T15:24:08.758+00:00,1832.448,RX,baseline,0001D523,1,7,01 00 00 0F 03 23 D5
2026-09-28T15:24:08.758+00:00,1832.710,RX,baseline,0011D523,1,5,01 00 00 23 D5
2026-09-28T15:24:08.763+00:00,1837.444,RX,baseline,00019024,1,7,01 00 00 0F 03 24 90
2026-09-28T15:24:08.763+00:00,1837.712,RX,baseline,00119024,1,5,01 00 00 24 90
2026-09-28T15:24:08.768+00:00,1842.447,RX,baseline,0001459F,1,7,01 00 00 0F 03 9F 45
2026-09-28T15:24:08.768+00:00,1842.716,RX,baseline,0011459F,1,5,01 00 00 9F 45
2026-09-28T15:24:08.773+00:00,1847.438,RX,baseline,000159E9,1,7,01 00 00 0F 03 E9 59
2026-09-28T15:24:08.773+00:00,1847.724,RX,baseline,001159E9,1,5,01 00 00 E9 59
2026-09-28T15:24:08.778+00:00,1852.445,RX,baseline,0001B79A,1,7,01 00 00 0F 03 9A B7
2026-09-28T15:24:08.778+00:00,1852.749,RX,baseline,0011B79A,1,5,01 00 00 9A B7
2026-09-28T15:24:08.783+00:00,1857.440,RX,baseline,00019917,1,7,01 00 00 0F 03 17 99
2026-09-28T15:24:08.783+00:00,1857.716,RX,baseline,00119917,1,5,01 00 00 17 99
2026-09-28T15:24:08.788+00:00,1862.436,RX,baseline,000158A0,1,7,01 00 00 0F 03 A0 58
2026-09-28T15:24:08.788+00:00,1862.671,RX,baseline,001158A0,1,5,01 00 00 A0 58
2026-09-28T15:24:08.793+00:00,1867.439,RX,baseline,00012478,1,7,01 00 00 0F 03 78 24
2026-09-28T15:24:08.793+00:00,1867.720,RX,baseline,00112478,1,5,01 00 00 78 24
2026-09-28T15:24:08.798+00:00,1872.441,RX,baseline,0001D1AF,1,7,01 00 00 0F 03 AF D1
2026-09-28T15:24:08.798+00:00,1872.676,RX,baseline,0011D1AF,1,5,01 00 00 AF D1
2026-09-28T15:24:08.803+00:00,1877.436,RX,baseline,000103C9,1,7,01 00 00 0F 03 C9 03
2026-09-28T15:24:08.803+00:00,1877.697,RX,baseline,001103C9,1,5,01 00 00 C9 03
2026-09-28T15:24:08.808+00:00,1882.440,RX,baseline,0001053F,1,7,01 00 00 0F 03 3F 05
2026-09-28T15:24:08.808+00:00,1882.681,RX,baseline,0011053F,1,5,01 00 00 3F 05
2026-09-28T15:24:08.813+00:00,1887.408,RX,baseline,00012A40,1,7,01 00 00 0F 03 40 2A
2026-09-28T15:24:08.813+00:00,1887.688,RX,baseline,00112A40,1,5,01 00 00 40 2A
2026-09-28T15:24:08.818+00:00,1892.486,RX,baseline,0001C811,1,7,01 00 00 0F 03 11 C8
2026-09-28T15:24:08.818+00:00,1892.687,RX,baseline,0011C811,1,5,01 00 00 11 C8
2026-09-28T15:24:08.823+00:00,1897.438,RX,baseline,00019FD1,1,7,01 00 00 0F 03 D1 9F
2026-09-28T15:24:08.823+00:00,1897.684,RX,baseline,00119FD1,1,5,01 00 00 D1 9F
2026-09-28T15:24:08.828+00:00,1902.452,RX,baseline,00017E8B,1,7,01 00 00 0F 03 8B 7E
2026-09-28T15:24:08.828+00:00,1902.693,RX,baseline,00117E8B,1,5,01 00 00 8B 7E
2026-09-28T15:24:08.833+00:00,1907.444,RX,baseline,00014B7C,1,7,01 00 00 0F 03 7C 4B
2026-09-28T15:24:08.833+00:00,1907.661,RX,baseline,00114B7C,1,5,01 00 00 7C 4B
2026-09-28T15:24:08.838+00:00,1912.462,RX,baseline,0001AE2E,1,7,01 00 00 0F 03 2E AE
2026-09-28T15:24:08.838+00:00,1912.720,RX,baseline,0011AE2E,1,5,01 00 00 2E AE
2026-09-28T15:24:08.843+00:00,1917.484,RX,baseline,00017DF0,1,7,01 00 00 0F 03 F0 7D
2026-09-28T15:24:08.843+00:00,1917.710,RX,baseline,00117DF0,1,5,01 00 00 F0 7D
2026-09-28T15:24:08.848+00:00,1922.978,RX,baseline,0001D665,1,7,01 00 00 0F 03 65 D6
2026-09-28T15:24:08.848+00:00,1923.022,RX,baseline,0011D665,1,5,01 00 00 65 D6
2026-09-28T15:24:08.853+00:00,1927.487,RX,baseline,00014E4B,1,7,01 00 00 0F 03 4B 4E
2026-09-28T15:24:08.853+00:00,1927.724,RX,baseline,00114E4B,1,5,01 00 00 4B 4E
2026-09-28T15:24:08.858+00:00,1932.481,RX,baseline,00018DC5,1,7,01 00 00 0F 03 C5 8D
2026-09-28T15:24:08.858+00:00,1932.772,RX,baseline,00118DC5,1,5,01 00 00 C5 8D
2026-09-28T15:24:08.863+00:00,1937.426,RX,baseline,0001E7B3,1,7,01 00 00 0F 03 B3 E7
2026-09-28T15:24:08.863+00:00,1937.643,RX,baseline,0011E7B3,1,5,01 00 00 B3 E7
2026-09-28T15:24:08.868+00:00,1942.472,RX,baseline,00010070,1,7,01 00 00 0F 03 70 00
2026-09-28T15:24:08.868+00:00,1942.629,RX,baseline,00110070,1,5,01 00 00 70 00
2026-09-28T15:24:08.873+00:00,1947.432,RX,baseline,0001192F,1,7,01 00 00 0F 03 2F 19
2026-09-28T15:24:08.873+00:00,1947.680,RX,baseline,0011192F,1,5,01 00 00 2F 19
2026-09-28T15:24:08.878+00:00,1952.413,RX,baseline,0001123B,1,7,01 00 00 0F 03 3B 12
2026-09-28T15:24:08.878+00:00,1952.660,RX,baseline,0011123B,1,5,01 00 00 3B 12
2026-09-28T15:24:08.883+00:00,1957.424,RX,baseline,0001FDD8,1,7,01 00 00 0F 03 D8 FD
2026-09-28T15:24:08.883+00:00,1957.618,RX,baseline,0011FDD8,1,5,01 00 00 D8 FD
2026-09-28T15:24:08.888+00:00,1962.385,RX,baseline,0001FEC9,1,7,01 00 00 0F 03 C9 FE
2026-09-28T15:24:08.888+00:00,1962.628,RX,baseline,0011FEC9,1,5,01 00 00 C9 FE
2026-09-28T15:24:08.893+00:00,1967.399,RX,baseline,00010A5B,1,7,01 00 00 0F 03 5B 0A
2026-09-28T15:24:08.893+00:00,1967.736,RX,baseline,00110A5B,1,5,01 00 00 5B 0A
2026-09-28T15:24:08.898+00:00,1972.397,RX,baseline,000107B0,1,7,01 00 00 0F 03 B0 07
2026-09-28T15:24:08.898+00:00,1972.627,RX,baseline,001107B0,1,5,01 00 00 B0 07
2026-09-28T15:24:08.903+00:00,1977.379,RX,baseline,0001A571,1,7,01 00 00 0F 03 71 A5
2026-09-28T15:24:08.903+00:00,1977.724,RX,baseline,0011A571,1,5,01 00 00 71 A5
2026-09-28T15:24:08.908+00:00,1982.376,RX,baseline,0001C475,1,7,01 00 00 0F 03 75 C4
2026-09-28T15:24:08.908+00:00,1982.599,RX,baseline,0011C475,1,5,01 00 00 75 C4
2026-09-28T15:24:08.913+00:00,1987.372,RX,baseline,00014BAB,1,7,01 00 00 0F 03 AB 4B
2026-09-28T15:24:08.913+00:00,1987.603,RX,baseline,00114BAB,1,5,01 00 00 AB 4B
2026-09-28T15:24:08.918+00:00,1992.371,RX,baseline,0001DDD1,1,7,01 00 00 0F 03 D1 DD
2026-09-28T15:24:08.918+00:00,1992.604,RX,baseline,0011DDD1,1,5,01 00 00 D1 DD
2026-09-28T15:24:08.923+00:00,1997.369,RX,baseline,000163C9,1,7,01 00 00 0F 03 C9 63
2026-09-28T15:24:08.923+00:00,1997.603,RX,baseline,001163C9,1,5,01 00 00 C9 63
2026-09-28T15:24:08.928+00:00,2002.377,RX,baseline,0001759E,1,7,01 00 00 0F 03 9E 75
2026-09-28T15:24:08.928+00:00,2002.616,RX,baseline,0011759E,1,5,01 00 00 9E 75
2026-09-28T15:24:08.933+00:00,2007.374,RX,baseline,00011372,1,7,01 00 00 0F 03 72 13
2026-09-28T15:24:08.933+00:00,2007.611,RX,baseline,00111372,1,5,01 00 00 72 13
2026-09-28T15:24:08.938+00:00,2012.374,RX,baseline,0001626B,1,7,01 00 00 0F 03 6B 62
2026-09-28T15:24:08.938+00:00,2012.611,RX,baseline,0011626B,1,5,01 00 00 6B 62
2026-09-28T15:24:08.943+00:00,2017.375,RX,baseline,0001FD09,1,7,01 00 00 0F 03 09 FD
2026-09-28T15:24:08.943+00:00,2017.612,RX,baseline,0011FD09,1,5,01 00 00 09 FD
2026-09-28T15:24:08.948+00:00,2022.374,RX,baseline,0001597C,1,7,01 00 00 0F 03 7C 59
2026-09-28T15:24:08.948+00:00,2022.611,RX,baseline,0011597C,1,5,01 00 00 7C 59
2026-09-28T15:24:08.953+00:00,2027.372,RX,baseline,000109F6,1,7,01 00 00 0F 03 F6 09
2026-09-28T15:24:08.953+00:00,2027.610,RX,baseline,001109F6,1,5,01 00 00 F6 09
2026-09-28T15:24:08.958+00:00,2032.375,RX,baseline,00011FC3,1,7,01 00 00 0F 03 C3 1F
2026-09-28T15:24:08.958+00:00,2032.612,RX,baseline,00111FC3,1,5,01 00 00 C3 1F
2026-09-28T15:24:08.963+00:00,2037.370,RX,baseline,00018199,1,7,01 00 00 0F 03 99 81
2026-09-28T15:24:08.963+00:00,2037.613,RX,baseline,00118199,1,5,01 00 00 99 81
2026-09-28T15:24:08.968+00:00,2042.374,RX,baseline,0001EA14,1,7,01 00 00 0F 03 14 EA
2026-09-28T15:24:08.968+00:00,2042.608,RX,baseline,0011EA14,1,5,01 00 00 14 EA
2026-09-28T15:24:08.973+00:00,2047.373,RX,baseline,00018BBC,1,7,01 00 00 0F 03 BC 8B
2026-09-28T15:24:08.973+00:00,2047.619,RX,baseline,00118BBC,1,5,01 00 00 BC 8B
2026-09-28T15:24:08.978+00:00,2052.377,RX,baseline,00010AA6,1,7,01 00 00 0F 03 A6 0A
2026-09-28T15:24:08.978+00:00,2052.608,RX,baseline,00110AA6,1,5,01 00 00 A6 0A
2026-09-28T15:24:08.983+00:00,2057.377,RX,baseline,0001F646,1,7,01 00 00 0F 03 46 F6
2026-09-28T15:24:08.983+00:00,2057.620,RX,baseline,0011F646,1,5,01 00 00 46 F6
2026-09-28T15:24:08.988+00:00,2062.380,RX,baseline,0001F9A2,1,7,01 00 00 0F 03 A2 F9
2026-09-28T15:24:08.988+00:00,2062.612,RX,baseline,0011F9A2,1,5,01 00 00 A2 F9
2026-09-28T15:24:08.993+00:00,2067.374,RX,baseline,0001F083,1,7,01 00 00 0F 03 83 F0
2026-09-28T15:24:08.993+00:00,2067.609,RX,baseline,0011F083,1,5,01 00 00 83 F0
2026-09-28T15:24:08.998+00:00,2072.508,RX,baseline,00010842,1,7,01 00 00 0F 03 42 08
2026-09-28T15:24:08.998+00:00,2072.698,RX,baseline,00110842,1,5,01 00 00 42 08
2026-09-28T15:24:09.003+00:00,2077.541,RX,baseline,00012B28,1,7,01 00 00 0F 03 28 2B
2026-09-28T15:24:09.003+00:00,2077.614,RX,baseline,00112B28,1,5,01 00 00 28 2B
2026-09-28T15:24:09.008+00:00,2082.551,RX,baseline,0001B1D6,1,7,01 00 00 0F 03 D6 B1
2026-09-28T15:24:09.008+00:00,2082.612,RX,baseline,0011B1D6,1,5,01 00 00 D6 B1
2026-09-28T15:24:09.013+00:00,2087.560,RX,baseline,0001FF10,1,7,01 00 00 0F 03 10 FF
2026-09-28T15:24:09.013+00:00,2087.623,RX,baseline,0011FF10,1,5,01 00 00 10 FF
2026-09-28T15:24:09.018+00:00,2092.528,RX,baseline,000193B2,1,7,01 00 00 0F 03 B2 93
2026-09-28T15:24:09.018+00:00,2092.650,RX,baseline,001193B2,1,5,01 00 00 B2 93
2026-09-28T15:24:09.023+00:00,2097.574,RX,baseline,00019140,1,7,01 00 00 0F 03 40 91
2026-09-28T15:24:09.023+00:00,2097.617,RX,baseline,00119140,1,5,01 00 00 40 91
2026-09-28T15:24:09.028+00:00,2102.460,RX,baseline,00019CC1,1,7,01 00 00 0F 03 C1 9C
2026-09-28T15:24:09.028+00:00,2102.697,RX,baseline,00119CC1,1,5,01 00 00 C1 9C
2026-09-28T15:24:09.033+00:00,2107.508,RX,baseline,00010DAE,1,7,01 00 00 0F 03 AE 0D
2026-09-28T15:24:09.033+00:00,2107.704,RX,baseline,00110DAE,1,5,01 00 00 AE 0D
2026-09-28T15:24:09.038+00:00,2112.415,RX,baseline,0001175A,1,7,01 00 00 0F 03 5A 17
2026-09-28T15:24:09.038+00:00,2112.644,RX,baseline,0011175A,1,5,01 00 00 5A 17
2026-09-28T15:24:09.043+00:00,2117.409,RX,baseline,00010EE4,1,7,01 00 00 0F 03 E4 0E
2026-09-28T15:24:09.043+00:00,2117.643,RX,baseline,00110EE4,1,5,01 00 00 E4 0E
2026-09-28T15:24:09.048+00:00,2122.587,RX,baseline,0001D38D,1,7,01 00 00 0F 03 8D D3
2026-09-28T15:24:09.048+00:00,2122.625,RX,baseline,0011D38D,1,5,01 00 00 8D D3
2026-09-28T15:24:09.053+00:00,2127.608,RX,baseline,00017773,1,7,01 00 00 0F 03 73 77
2026-09-28T15:24:09.053+00:00,2127.653,RX,baseline,00117773,1,5,01 00 00 73 77
2026-09-28T15:24:09.058+00:00,2132.620,RX,baseline,0001BDF8,1,7,01 00 00 0F 03 F8 BD
2026-09-28T15:24:09.058+00:00,2132.664,RX,baseline,0011BDF8,1,5,01 00 00 F8 BD
2026-09-28T15:24:09.063+00:00,2137.623,RX,baseline,0001BEDA,1,7,01 00 00 0F 03 DA BE
2026-09-28T15:24:09.063+00:00,2137.701,RX,baseline,0011BEDA,1,5,01 00 00 DA BE
2026-09-28T15:24:09.068+00:00,2142.594,RX,baseline,0001E2EF,1,7,01 00 00 0F 03 EF E2
2026-09-28T15:24:09.068+00:00,2142.639,RX,baseline,0011E2EF,1,5,01 00 00 EF E2
2026-09-28T15:24:09.073+00:00,2147.619,RX,baseline,0001D643,1,7,01 00 00 0F 03 43 D6
2026-09-28T15:24:09.073+00:00,2147.678,RX,baseline,0011D643,1,5,01 00 00 43 D6
2026-09-28T15:24:09.078+00:00,2152.597,RX,baseline,0001DB75,1,7,01 00 00 0F 03 75 DB
2026-09-28T15:24:09.078+00:00,2152.642,RX,baseline,0011DB75,1,5,01 00 00 75 DB
2026-09-28T15:24:09.083+00:00,2157.558,RX,baseline,0001D246,1,7,01 00 00 0F 03 46 D2
2026-09-28T15:24:09.083+00:00,2157.596,RX,baseline,0011D246,1,5,01 00 00 46 D2
2026-09-28T15:24:09.088+00:00,2162.629,RX,baseline,0001055C,1,7,01 00 00 0F 03 5C 05
2026-09-28T15:24:09.088+00:00,2162.669,RX,baseline,0011055C,1,5,01 00 00 5C 05
2026-09-28T15:24:09.093+00:00,2167.479,RX,baseline,00016195,1,7,01 00 00 0F 03 95 61
2026-09-28T15:24:09.093+00:00,2167.671,RX,baseline,00116195,1,5,01 00 00 95 61
2026-09-28T15:24:09.098+00:00,2172.384,RX,baseline,0001817F,1,7,01 00 00 0F 03 7F 81
2026-09-28T15:24:09.098+00:00,2172.613,RX,baseline,0011817F,1,5,01 00 00 7F 81
2026-09-28T15:24:09.103+00:00,2177.352,RX,baseline,00015543,1,7,01 00 00 0F 03 43 55
2026-09-28T15:24:09.103+00:00,2177.598,RX,baseline,00115543,1,5,01 00 00 43 55
2026-09-28T15:24:09.108+00:00,2182.348,RX,baseline,00011AFD,1,7,01 00 00 0F 03 FD 1A
2026-09-28T15:24:09.108+00:00,2182.584,RX,baseline,00111AFD,1,5,01 00 00 FD 1A
2026-09-28T15:24:09.113+00:00,2187.347,RX,baseline,000135F8,1,7,01 00 00 0F 03 F8 35
2026-09-28T15:24:09.113+00:00,2187.587,RX,baseline,001135F8,1,5,01 00 00 F8 35
2026-09-28T15:24:09.118+00:00,2192.376,RX,baseline,000123D7,1,7,01 00 00 0F 03 D7 23
2026-09-28T15:24:09.118+00:00,2192.608,RX,baseline,001123D7,1,5,01 00 00 D7 23
2026-09-28T15:24:09.123+00:00,2197.375,RX,baseline,00010E52,1,7,01 00 00 0F 03 52 0E
2026-09-28T15:24:09.123+00:00,2197.673,RX,baseline,00110E52,1,5,01 00 00 52 0E
2026-09-28T15:24:09.128+00:00,2202.352,RX,baseline,0001B762,1,7,01 00 00 0F 03 62 B7
2026-09-28T15:24:09.128+00:00,2202.594,RX,baseline,0011B762,1,5,01 00 00 62 B7
2026-09-28T15:24:09.133+00:00,2207.351,RX,baseline,0001A553,1,7,01 00 00 0F 03 53 A5
2026-09-28T15:24:09.133+00:00,2207.663,RX,baseline,0011A553,1,5,01 00 00 53 A5
2026-09-28T15:24:09.138+00:00,2212.347,RX,baseline,0001046A,1,7,01 00 00 0F 03 6A 04
2026-09-28T15:24:09.138+00:00,2212.596,RX,baseline,0011046A,1,5,01 00 00 6A 04
2026-09-28T15:24:09.143+00:00,2217.356,RX,baseline,00012C76,1,7,01 00 00 0F 03 76 2C
2026-09-28T15:24:09.143+00:00,2217.668,RX,baseline,00112C76,1,5,01 00 00 76 2C
2026-09-28T15:24:09.148+00:00,2222.357,RX,baseline,000140F8,1,7,01 00 00 0F 03 F8 40
2026-09-28T15:24:09.148+00:00,2222.590,RX,baseline,001140F8,1,5,01 00 00 F8 40
2026-09-28T15:24:09.153+00:00,2227.409,RX,baseline,00018BEE,1,7,01 00 00 0F 03 EE 8B
2026-09-28T15:24:09.153+00:00,2227.635,RX,baseline,00118BEE,1,5,01 00 00 EE 8B
2026-09-28T15:24:09.158+00:00,2232.399,RX,baseline,0001EF21,1,7,01 00 00 0F 03 21 EF
2026-09-28T15:24:09.158+00:00,2232.639,RX,baseline,0011EF21,1,5,01 00 00 21 EF
2026-09-28T15:24:09.163+00:00,2237.379,RX,baseline,0001441B,1,7,01 00 00 0F 03 1B 44
2026-09-28T15:24:09.163+00:00,2237.633,RX,baseline,0011441B,1,5,01 00 00 1B 44
2026-09-28T15:24:09.168+00:00,2242.381,RX,baseline,0001FA3B,1,7,01 00 00 0F 03 3B FA
2026-09-28T15:24:09.168+00:00,2242.644,RX,baseline,0011FA3B,1,5,01 00 00 3B FA
2026-09-28T15:24:09.173+00:00,2247.409,RX,baseline,00019234,1,7,01 00 00 0F 03 34 92
2026-09-28T15:24:09.173+00:00,2247.639,RX,baseline,00119234,1,5,01 00 00 34 92
2026-09-28T15:24:09.178+00:00,2252.416,RX,baseline,00019977,1,7,01 00 00 0F 03 77 99
2026-09-28T15:24:09.178+00:00,2252.619,RX,baseline,00119977,1,5,01 00 00 77 99
2026-09-28T15:24:09.183+00:00,2257.358,RX,baseline,000102BA,1,7,01 00 00 0F 03 BA 02
2026-09-28T15:24:09.183+00:00,2257.636,RX,baseline,001102BA,1,5,01 00 00 BA 02
2026-09-28T15:24:09.188+00:00,2262.375,RX,baseline,00010CAB,1,7,01 00 00 0F 03 AB 0C
2026-09-28T15:24:09.188+00:00,2262.674,RX,baseline,00110CAB,1,5,01 00 00 AB 0C
2026-09-28T15:24:09.193+00:00,2267.407,RX,baseline,00019B34,1,7,01 00 00 0F 03 34 9B
2026-09-28T15:24:09.193+00:00,2267.680,RX,baseline,00119B34,1,5,01 00 00 34 9B
2026-09-28T15:24:09.198+00:00,2272.580,RX,baseline,000165CF,1,7,01 00 00 0F 03 CF 65
2026-09-28T15:24:09.198+00:00,2272.623,RX,baseline,001165CF,1,5,01 00 00 CF 65
2026-09-28T15:24:09.203+00:00,2277.433,RX,baseline,0001F53D,1,7,01 00 00 0F 03 3D F5
2026-09-28T15:24:09.203+00:00,2277.682,RX,baseline,0011F53D,1,5,01 00 00 3D F5
2026-09-28T15:24:09.208+00:00,2282.570,RX,baseline,00019D7F,1,7,01 00 00 0F 03 7F 9D
2026-09-28T15:24:09.208+00:00,2282.614,RX,baseline,00119D7F,1,5,01 00 00 7F 9D
2026-09-28T15:24:09.213+00:00,2287.570,RX,baseline,0001EBEC,1,7,01 00 00 0F 03 EC EB
2026-09-28T15:24:09.213+00:00,2287.613,RX,baseline,0011EBEC,1,5,01 00 00 EC EB
2026-09-28T15:24:09.218+00:00,2292.583,RX,baseline,0001C682,1,7,01 00 00 0F 03 82 C6
2026-09-28T15:24:09.218+00:00,2292.626,RX,baseline,0011C682,1,5,01 00 00 82 C6
2026-09-28T15:24:09.223+00:00,2297.442,RX,baseline,00017D23,1,7,01 00 00 0F 03 23 7D
2026-09-28T15:24:09.223+00:00,2297.655,RX,baseline,00117D23,1,5,01 00 00 23 7D
2026-09-28T15:24:09.228+00:00,2302.503,RX,baseline,0001D81B,1,7,01 00 00 0F 03 1B D8
2026-09-28T15:24:09.228+00:00,2302.638,RX,baseline,0011D81B,1,5,01 00 00 1B D8
2026-09-28T15:24:09.233+00:00,2307.463,RX,baseline,00019F44,1,7,01 00 00 0F 03 44 9F
2026-09-28T15:24:09.233+00:00,2307.648,RX,baseline,00119F44,1,5,01 00 00 44 9F
2026-09-28T15:24:09.238+00:00,2312.444,RX,baseline,0001E4B9,1,7,01 00 00 0F 03 B9 E4
2026-09-28T15:24:09.238+00:00,2312.632,RX,baseline,0011E4B9,1,5,01 00 00 B9 E4
2026-09-28T15:24:09.243+00:00,2317.443,RX,baseline,00018062,1,7,01 00 00 0F 03 62 80
2026-09-28T15:24:09.243+00:00,2317.681,RX,baseline,00118062,1,5,01 00 00 62 80
2026-09-28T15:24:09.248+00:00,2322.659,RX,baseline,00011241,1,7,01 00 00 0F 03 41 12
2026-09-28T15:24:09.248+00:00,2322.702,RX,baseline,00111241,1,5,01 00 00 41 12
2026-09-28T15:24:09.253+00:00,2327.425,RX,baseline,0001E2DB,1,7,01 00 00 0F 03 DB E2
2026-09-28T15:24:09.253+00:00,2327.652,RX,baseline,0011E2DB,1,5,01 00 00 DB E2
2026-09-28T15:24:09.258+00:00,2332.419,RX,baseline,00013B00,1,7,01 00 00 0F 03 00 3B
2026-09-28T15:24:09.258+00:00,2332.664,RX,baseline,00113B00,1,5,01 00 00 00 3B
2026-09-28T15:24:09.263+00:00,2337.428,RX,baseline,0001440F,1,7,01 00 00 0F 03 0F 44
2026-09-28T15:24:09.263+00:00,2337.616,RX,baseline,0011440F,1,5,01 00 00 0F 44
2026-09-28T15:24:09.268+00:00,2342.424,RX,baseline,0001BA09,1,7,01 00 00 0F 03 09 BA
2026-09-28T15:24:09.268+00:00,2342.676,RX,baseline,0011BA09,1,5,01 00 00 09 BA
2026-09-28T15:24:09.273+00:00,2347.430,RX,baseline,00014884,1,7,01 00 00 0F 03 84 48
2026-09-28T15:24:09.273+00:00,2347.669,RX,baseline,00114884,1,5,01 00 00 84 48
2026-09-28T15:24:09.278+00:00,2352.438,RX,baseline,00010395,1,7,01 00 00 0F 03 95 03
2026-09-28T15:24:09.278+00:00,2352.682,RX,baseline,00110395,1,5,01 00 00 95 03
2026-09-28T15:24:09.283+00:00,2357.433,RX,baseline,00013DBE,1,7,01 00 00 0F 03 BE 3D
2026-09-28T15:24:09.283+00:00,2357.652,RX,baseline,00113DBE,1,5,01 00 00 BE 3D
2026-09-28T15:24:09.288+00:00,2362.437,RX,baseline,00018591,1,7,01 00 00 0F 03 91 85
2026-09-28T15:24:09.288+00:00,2362.681,RX,baseline,00118591,1,5,01 00 00 91 85
2026-09-28T15:24:09.293+00:00,2367.436,RX,baseline,00011C8E,1,7,01 00 00 0F 03 8E 1C
2026-09-28T15:24:09.293+00:00,2367.683,RX,baseline,00111C8E,1,5,01 00 00 8E 1C
2026-09-28T15:24:09.298+00:00,2372.454,RX,baseline,0001E284,1,7,01 00 00 0F 03 84 E2
2026-09-28T15:24:09.298+00:00,2372.705,RX,baseline,0011E284,1,5,01 00 00 84 E2
2026-09-28T15:24:09.303+00:00,2377.456,RX,baseline,0001E3A9,1,7,01 00 00 0F 03 A9 E3
2026-09-28T15:24:09.303+00:00,2377.635,RX,baseline,0011E3A9,1,5,01 00 00 A9 E3
2026-09-28T15:24:09.308+00:00,2382.441,RX,baseline,00017074,1,7,01 00 00 0F 03 74 70
2026-09-28T15:24:09.308+00:00,2382.666,RX,baseline,00117074,1,5,01 00 00 74 70
2026-09-28T15:24:09.313+00:00,2387.442,RX,baseline,0001ACC7,1,7,01 00 00 0F 03 C7 AC
2026-09-28T15:24:09.313+00:00,2387.657,RX,baseline,0011ACC7,1,5,01 00 00 C7 AC
2026-09-28T15:24:09.318+00:00,2392.465,RX,baseline,00016F73,1,7,01 00 00 0F 03 73 6F
2026-09-28T15:24:09.318+00:00,2392.654,RX,baseline,00116F73,1,5,01 00 00 73 6F
2026-09-28T15:24:09.323+00:00,2397.556,RX,baseline,00017792,1,7,01 00 00 0F 03 92 77
2026-09-28T15:24:09.323+00:00,2397.639,RX,baseline,00117792,1,5,01 00 00 92 77
2026-09-28T15:24:09.328+00:00,2402.593,RX,baseline,0001D2FB,1,7,01 00 00 0F 03 FB D2
2026-09-28T15:24:09.328+00:00,2402.673,RX,baseline,0011D2FB,1,5,01 00 00 FB D2
2026-09-28T15:24:09.333+00:00,2407.556,RX,baseline,0001A83D,1,7,01 00 00 0F 03 3D A8
2026-09-28T15:24:09.333+00:00,2407.656,RX,baseline,0011A83D,1,5,01 00 00 3D A8
2026-09-28T15:24:09.338+00:00,2412.564,RX,baseline,0001CB3D,1,7,01 00 00 0F 03 3D CB
2026-09-28T15:24:09.338+00:00,2412.662,RX,baseline,0011CB3D,1,5,01 00 00 3D CB
2026-09-28T15:24:09.343+00:00,2417.556,RX,baseline,0001D469,1,7,01 00 00 0F 03 69 D4
2026-09-28T15:24:09.343+00:00,2417.637,RX,baseline,0011D469,1,5,01 00 00 69 D4
2026-09-28T15:24:09.348+00:00,2422.408,RX,baseline,00016B15,1,7,01 00 00 0F 03 15 6B
2026-09-28T15:24:09.348+00:00,2422.765,RX,baseline,00116B15,1,5,01 00 00 15 6B
2026-09-28T15:24:09.353+00:00,2427.562,RX,baseline,00015BC9,1,7,01 00 00 0F 03 C9 5B
2026-09-28T15:24:09.353+00:00,2427.606,RX,baseline,00115BC9,1,5,01 00 00 C9 5B
2026-09-28T15:24:09.358+00:00,2432.596,RX,baseline,00011D40,1,7,01 00 00 0F 03 40 1D
2026-09-28T15:24:09.358+00:00,2432.675,RX,baseline,00111D40,1,5,01 00 00 40 1D
2026-09-28T15:24:09.363+00:00,2437.557,RX,baseline,00015AAD,1,7,01 00 00 0F 03 AD 5A
2026-09-28T15:24:09.363+00:00,2437.633,RX,baseline,00115AAD,1,5,01 00 00 AD 5A
2026-09-28T15:24:09.368+00:00,2442.630,RX,baseline,00017B06,1,7,01 00 00 0F 03 06 7B
2026-09-28T15:24:09.368+00:00,2442.673,RX,baseline,00117B06,1,5,01 00 00 06 7B
2026-09-28T15:24:09.373+00:00,2447.622,RX,baseline,00010F4C,1,7,01 00 00 0F 03 4C 0F
2026-09-28T15:24:09.373+00:00,2447.684,RX,baseline,00110F4C,1,5,01 00 00 4C 0F
2026-09-28T15:24:09.378+00:00,2452.563,RX,baseline,00013875,1,7,01 00 00 0F 03 75 38
2026-09-28T15:24:09.378+00:00,2452.607,RX,baseline,00113875,1,5,01 00 00 75 38
2026-09-28T15:24:09.383+00:00,2457.615,RX,baseline,00018F92,1,7,01 00 00 0F 03 92 8F
2026-09-28T15:24:09.383+00:00,2457.695,RX,baseline,00118F92,1,5,01 00 00 92 8F
2026-09-28T15:24:09.388+00:00,2462.619,RX,baseline,0001C9E1,1,7,01 00 00 0F 03 E1 C9
2026-09-28T15:24:09.388+00:00,2462.682,RX,baseline,0011C9E1,1,5,01 00 00 E1 C9
2026-09-28T15:24:09.393+00:00,2467.392,RX,baseline,00014BB6,1,7,01 00 00 0F 03 B6 4B
2026-09-28T15:24:09.393+00:00,2467.696,RX,baseline,00114BB6,1,5,01 00 00 B6 4B
2026-09-28T15:24:09.398+00:00,2472.592,RX,baseline,00012444,1,7,01 00 00 0F 03 44 24
2026-09-28T15:24:09.398+00:00,2472.670,RX,baseline,00112444,1,5,01 00 00 44 24
2026-09-28T15:24:09.403+00:00,2477.624,RX,baseline,000116E6,1,7,01 00 00 0F 03 E6 16
2026-09-28T15:24:09.403+00:00,2477.685,RX,baseline,001116E6,1,5,01 00 00 E6 16
2026-09-28T15:24:09.408+00:00,2482.590,RX,baseline,0001B9B6,1,7,01 00 00 0F 03 B6 B9
2026-09-28T15:24:09.408+00:00,2482.671,RX,baseline,0011B9B6,1,5,01 00 00 B6 B9
2026-09-28T15:24:09.413+00:00,2487.590,RX,baseline,000139CB,1,7,01 00 00 0F 03 CB 39
2026-09-28T15:24:09.413+00:00,2487.671,RX,baseline,001139CB,1,5,01 00 00 CB 39
2026-09-28T15:24:09.418+00:00,2492.558,RX,baseline,0001A914,1,7,01 00 00 0F 03 14 A9
2026-09-28T15:24:09.418+00:00,2492.681,RX,baseline,0011A914,1,5,01 00 00 14 A9
2026-09-28T15:24:09.423+00:00,2497.466,RX,baseline,00016BB2,1,7,01 00 00 0F 03 B2 6B
2026-09-28T15:24:09.423+00:00,2497.678,RX,baseline,00116BB2,1,5,01 00 00 B2 6B
2026-09-28T15:24:09.428+00:00,2502.602,RX,baseline,00015F8B,1,7,01 00 00 0F 03 8B 5F
2026-09-28T15:24:09.428+00:00,2502.681,RX,baseline,00115F8B,1,5,01 00 00 8B 5F
2026-09-28T15:24:09.433+00:00,2507.568,RX,baseline,0001E5A4,1,7,01 00 00 0F 03 A4 E5
2026-09-28T15:24:09.433+00:00,2507.612,RX,baseline,0011E5A4,1,5,01 00 00 A4 E5
2026-09-28T15:24:09.438+00:00,2512.533,RX,baseline,0001D8A4,1,7,01 00 00 0F 03 A4 D8
2026-09-28T15:24:09.438+00:00,2512.578,RX,baseline,0011D8A4,1,5,01 00 00 A4 D8
2026-09-28T15:24:09.443+00:00,2517.557,RX,baseline,0001BBA3,1,7,01 00 00 0F 03 A3 BB
2026-09-28T15:24:09.443+00:00,2517.602,RX,baseline,0011BBA3,1,5,01 00 00 A3 BB
2026-09-28T15:24:09.448+00:00,2522.407,RX,baseline,0001790B,1,7,01 00 00 0F 03 0B 79
2026-09-28T15:24:09.448+00:00,2522.654,RX,baseline,0011790B,1,5,01 00 00 0B 79
2026-09-28T15:24:09.453+00:00,2527.411,RX,baseline,00018EF6,1,7,01 00 00 0F 03 F6 8E
2026-09-28T15:24:09.453+00:00,2527.647,RX,baseline,00118EF6,1,5,01 00 00 F6 8E
2026-09-28T15:24:09.458+00:00,2532.405,RX,baseline,0001BA1B,1,7,01 00 00 0F 03 1B BA
2026-09-28T15:24:09.458+00:00,2532.648,RX,baseline,0011BA1B,1,5,01 00 00 1B BA
2026-09-28T15:24:09.463+00:00,2537.409,RX,baseline,0001B526,1,7,01 00 00 0F 03 26 B5
2026-09-28T15:24:09.463+00:00,2537.652,RX,baseline,0011B526,1,5,01 00 00 26 B5
2026-09-28T15:24:09.468+00:00,2542.398,RX,baseline,0001ABFF,1,7,01 00 00 0F 03 FF AB
2026-09-28T15:24:09.468+00:00,2542.698,RX,baseline,0011ABFF,1,5,01 00 00 FF AB
2026-09-28T15:24:09.473+00:00,2547.403,RX,baseline,00010614,1,7,01 00 00 0F 03 14 06
2026-09-28T15:24:09.473+00:00,2547.646,RX,baseline,00110614,1,5,01 00 00 14 06
2026-09-28T15:24:09.478+00:00,2552.400,RX,baseline,0001B5E0,1,7,01 00 00 0F 03 E0 B5
2026-09-28T15:24:09.478+00:00,2552.680,RX,baseline,0011B5E0,1,5,01 00 00 E0 B5
2026-09-28T15:24:09.483+00:00,2557.441,RX,baseline,00015455,1,7,01 00 00 0F 03 55 54
2026-09-28T15:24:09.483+00:00,2557.624,RX,baseline,00115455,1,5,01 00 00 55 54
2026-09-28T15:24:09.488+00:00,2562.410,RX,baseline,0001577F,1,7,01 00 00 0F 03 7F 57
2026-09-28T15:24:09.488+00:00,2562.653,RX,baseline,0011577F,1,5,01 00 00 7F 57
2026-09-28T15:24:09.493+00:00,2567.404,RX,baseline,0001E5B5,1,7,01 00 00 0F 03 B5 E5
2026-09-28T15:24:09.493+00:00,2567.649,RX,baseline,0011E5B5,1,5,01 00 00 B5 E5
2026-09-28T15:24:09.498+00:00,2572.628,RX,baseline,00013D2A,1,7,01 00 00 0F 03 2A 3D
2026-09-28T15:24:09.498+00:00,2572.671,RX,baseline,00113D2A,1,5,01 00 00 2A 3D
2026-09-28T15:24:09.503+00:00,2577.570,RX,baseline,0001B294,1,7,01 00 00 0F 03 94 B2
2026-09-28T15:24:09.503+00:00,2577.615,RX,baseline,0011B294,1,5,01 00 00 94 B2
2026-09-28T15:24:09.508+00:00,2582.623,RX,baseline,0001DAE7,1,7,01 00 00 0F 03 E7 DA
2026-09-28T15:24:09.508+00:00,2582.703,RX,baseline,0011DAE7,1,5,01 00 00 E7 DA
2026-09-28T15:24:09.513+00:00,2587.559,RX,baseline,0001F576,1,7,01 00 00 0F 03 76 F5
2026-09-28T15:24:09.513+00:00,2587.602,RX,baseline,0011F576,1,5,01 00 00 76 F5
2026-09-28T15:24:09.518+00:00,2592.624,RX,baseline,00016156,1,7,01 00 00 0F 03 56 61
2026-09-28T15:24:09.518+00:00,2592.706,RX,baseline,00116156,1,5,01 00 00 56 61
2026-09-28T15:24:09.523+00:00,2597.400,RX,baseline,0001D4F9,1,7,01 00 00 0F 03 F9 D4
2026-09-28T15:24:09.523+00:00,2597.643,RX,baseline,0011D4F9,1,5,01 00 00 F9 D4
2026-09-28T15:24:09.528+00:00,2602.410,RX,baseline,00018E8B,1,7,01 00 00 0F 03 8B 8E
2026-09-28T15:24:09.528+00:00,2602.655,RX,baseline,00118E8B,1,5,01 00 00 8B 8E
2026-09-28T15:24:09.533+00:00,2607.371,RX,baseline,0001791D,1,7,01 00 00 0F 03 1D 79
2026-09-28T15:24:09.533+00:00,2607.655,RX,baseline,0011791D,1,5,01 00 00 1D 79
2026-09-28T15:24:09.538+00:00,2612.429,RX,baseline,000142FB,1,7,01 00 00 0F 03 FB 42
2026-09-28T15:24:09.538+00:00,2612.662,RX,baseline,001142FB,1,5,01 00 00 FB 42
2026-09-28T15:24:09.543+00:00,2617.384,RX,baseline,00018D6F,1,7,01 00 00 0F 03 6F 8D
2026-09-28T15:24:09.543+00:00,2617.649,RX,baseline,00118D6F,1,5,01 00 00 6F 8D
2026-09-28T15:24:09.548+00:00,2622.414,RX,baseline,0001D22A,1,7,01 00 00 0F 03 2A D2
2026-09-28T15:24:09.548+00:00,2622.645,RX,baseline,0011D22A,1,5,01 00 00 2A D2
2026-09-28T15:24:09.553+00:00,2627.603,RX,baseline,000174A2,1,7,01 00 00 0F 03 A2 74
2026-09-28T15:24:09.553+00:00,2627.668,RX,baseline,001174A2,1,5,01 00 00 A2 74
2026-09-28T15:24:09.558+00:00,2632.366,RX,baseline,0001B8BD,1,7,01 00 00 0F 03 BD B8
2026-09-28T15:24:09.558+00:00,2632.622,RX,baseline,0011B8BD,1,5,01 00 00 BD B8
2026-09-28T15:24:09.563+00:00,2637.351,RX,baseline,00012A99,1,7,01 00 00 0F 03 99 2A
2026-09-28T15:24:09.563+00:00,2637.631,RX,baseline,00112A99,1,5,01 00 00 99 2A
2026-09-28T15:24:09.568+00:00,2642.568,RX,baseline,00012123,1,7,01 00 00 0F 03 23 21
2026-09-28T15:24:09.568+00:00,2642.647,RX,baseline,00112123,1,5,01 00 00 23 21
2026-09-28T15:24:09.573+00:00,2647.528,RX,baseline,000100ED,1,7,01 00 00 0F 03 ED 00
2026-09-28T15:24:09.573+00:00,2647.625,RX,baseline,001100ED,1,5,01 00 00 ED 00
2026-09-28T15:24:09.578+00:00,2652.528,RX,baseline,0001EDE4,1,7,01 00 00 0F 03 E4 ED
2026-09-28T15:24:09.578+00:00,2652.664,RX,baseline,0011EDE4,1,5,01 00 00 E4 ED
2026-09-28T15:24:09.583+00:00,2657.596,RX,baseline,00016677,1,7,01 00 00 0F 03 77 66
2026-09-28T15:24:09.583+00:00,2657.657,RX,baseline,00116677,1,5,01 00 00 77 66
2026-09-28T15:24:09.588+00:00,2662.559,RX,baseline,00012068,1,7,01 00 00 0F 03 68 20
2026-09-28T15:24:09.588+00:00,2662.614,RX,baseline,00112068,1,5,01 00 00 68 20
2026-09-28T15:24:09.593+00:00,2667.616,RX,baseline,0001A55F,1,7,01 00 00 0F 03 5F A5
2026-09-28T15:24:09.593+00:00,2667.696,RX,baseline,0011A55F,1,5,01 00 00 5F A5
2026-09-28T15:24:09.598+00:00,2672.434,RX,baseline,0001D0AB,1,7,01 00 00 0F 03 AB D0
2026-09-28T15:24:09.598+00:00,2672.652,RX,baseline,0011D0AB,1,5,01 00 00 AB D0
2026-09-28T15:24:09.603+00:00,2677.403,RX,baseline,000123C9,1,7,01 00 00 0F 03 C9 23
2026-09-28T15:24:09.603+00:00,2677.651,RX,baseline,001123C9,1,5,01 00 00 C9 23
2026-09-28T15:24:09.608+00:00,2682.373,RX,baseline,0001B635,1,7,01 00 00 0F 03 35 B6
2026-09-28T15:24:09.608+00:00,2682.636,RX,baseline,0011B635,1,5,01 00 00 35 B6
2026-09-28T15:24:09.613+00:00,2687.409,RX,baseline,00019E12,1,7,01 00 00 0F 03 12 9E
2026-09-28T15:24:09.613+00:00,2687.654,RX,baseline,00119E12,1,5,01 00 00 12 9E
2026-09-28T15:24:09.618+00:00,2692.396,RX,baseline,0001B059,1,7,01 00 00 0F 03 59 B0
2026-09-28T15:24:09.618+00:00,2692.660,RX,baseline,0011B059,1,5,01 00 00 59 B0
2026-09-28T15:24:09.623+00:00,2697.560,RX,baseline,00014636,1,7,01 00 00 0F 03 36 46
2026-09-28T15:24:09.623+00:00,2697.603,RX,baseline,00114636,1,5,01 00 00 36 46
2026-09-28T15:24:09.628+00:00,2702.718,RX,baseline,00010B80,1,7,01 00 00 0F 03 80 0B
2026-09-28T15:24:09.628+00:00,2702.796,RX,baseline,00110B80,1,5,01 00 00 80 0B
2026-09-28T15:24:09.633+00:00,2707.438,RX,baseline,00012ADF,1,7,01 00 00 0F 03 DF 2A
2026-09-28T15:24:09.633+00:00,2707.566,RX,baseline,00112ADF,1,5,01 00 00 DF 2A
2026-09-28T15:24:09.638+00:00,2712.560,RX,baseline,0001DF10,1,7,01 00 00 0F 03 10 DF
2026-09-28T15:24:09.638+00:00,2712.603,RX,baseline,0011DF10,1,5,01 00 00 10 DF
2026-09-28T15:24:09.643+00:00,2717.558,RX,baseline,0001852B,1,7,01 00 00 0F 03 2B 85
2026-09-28T15:24:09.643+00:00,2717.605,RX,baseline,0011852B,1,5,01 00 00 2B 85
2026-09-28T15:24:09.648+00:00,2722.446,RX,baseline,0001A72E,1,7,01 00 00 0F 03 2E A7
2026-09-28T15:24:09.648+00:00,2722.663,RX,baseline,0011A72E,1,5,01 00 00 2E A7
2026-09-28T15:24:09.653+00:00,2727.485,RX,baseline,0001E323,1,7,01 00 00 0F 03 23 E3
2026-09-28T15:24:09.653+00:00,2727.645,RX,baseline,0011E323,1,5,01 00 00 23 E3
2026-09-28T15:24:09.658+00:00,2732.447,RX,baseline,00011F67,1,7,01 00 00 0F 03 67 1F
2026-09-28T15:24:09.658+00:00,2732.618,RX,baseline,00111F67,1,5,01 00 00 67 1F
2026-09-28T15:24:09.663+00:00,2737.433,RX,baseline,00013184,1,7,01 00 00 0F 03 84 31
2026-09-28T15:24:09.663+00:00,2737.653,RX,baseline,00113184,1,5,01 00 00 84 31
2026-09-28T15:24:09.668+00:00,2742.446,RX,baseline,00017B0A,1,7,01 00 00 0F 03 0A 7B
2026-09-28T15:24:09.668+00:00,2742.657,RX,baseline,00117B0A,1,5,01 00 00 0A 7B
2026-09-28T15:24:09.673+00:00,2747.398,RX,baseline,00010A41,1,7,01 00 00 0F 03 41 0A
2026-09-28T15:24:09.673+00:00,2747.624,RX,baseline,00110A41,1,5,01 00 00 41 0A
2026-09-28T15:24:09.678+00:00,2752.473,RX,baseline,00014DB9,1,7,01 00 00 0F 03 B9 4D
2026-09-28T15:24:09.678+00:00,2752.641,RX,baseline,00114DB9,1,5,01 00 00 B9 4D
2026-09-28T15:24:09.683+00:00,2757.442,RX,baseline,00010DEC,1,7,01 00 00 0F 03 EC 0D
2026-09-28T15:24:09.683+00:00,2757.622,RX,baseline,00110DEC,1,5,01 00 00 EC 0D
2026-09-28T15:24:09.688+00:00,2762.508,RX,baseline,0001F675,1,7,01 00 00 0F 03 75 F6
2026-09-28T15:24:09.688+00:00,2762.591,RX,baseline,0011F675,1,5,01 00 00 75 F6
2026-09-28T15:24:09.693+00:00,2767.430,RX,baseline,0001D0E6,1,7,01 00 00 0F 03 E6 D0
2026-09-28T15:24:09.693+00:00,2767.649,RX,baseline,0011D0E6,1,5,01 00 00 E6 D0
2026-09-28T15:24:09.698+00:00,2772.559,RX,baseline,0001F53A,1,7,01 00 00 0F 03 3A F5
2026-09-28T15:24:09.698+00:00,2772.602,RX,baseline,0011F53A,1,5,01 00 00 3A F5
2026-09-28T15:24:09.703+00:00,2777.622,RX,baseline,00011A04,1,7,01 00 00 0F 03 04 1A
2026-09-28T15:24:09.703+00:00,2777.665,RX,baseline,00111A04,1,5,01 00 00 04 1A
2026-09-28T15:24:09.708+00:00,2782.581,RX,baseline,000112DD,1,7,01 00 00 0F 03 DD 12
2026-09-28T15:24:09.708+00:00,2782.624,RX,baseline,001112DD,1,5,01 00 00 DD 12
2026-09-28T15:24:09.713+00:00,2787.507,RX,baseline,0001BF0E,1,7,01 00 00 0F 03 0E BF
2026-09-28T15:24:09.713+00:00,2787.645,RX,baseline,0011BF0E,1,5,01 00 00 0E BF
2026-09-28T15:24:09.718+00:00,2792.599,RX,baseline,0001C0CE,1,7,01 00 00 0F 03 CE C0
2026-09-28T15:24:09.718+00:00,2792.643,RX,baseline,0011C0CE,1,5,01 00 00 CE C0
2026-09-28T15:24:09.723+00:00,2797.559,RX,baseline,00016044,1,7,01 00 00 0F 03 44 60
2026-09-28T15:24:09.723+00:00,2797.602,RX,baseline,00116044,1,5,01 00 00 44 60
2026-09-28T15:24:09.728+00:00,2802.418,RX,baseline,000161EE,1,7,01 00 00 0F 03 EE 61
2026-09-28T15:24:09.728+00:00,2802.656,RX,baseline,001161EE,1,5,01 00 00 EE 61
2026-09-28T15:24:09.733+00:00,2807.451,RX,baseline,0001DEC9,1,7,01 00 00 0F 03 C9 DE
2026-09-28T15:24:09.733+00:00,2807.657,RX,baseline,0011DEC9,1,5,01 00 00 C9 DE
2026-09-28T15:24:09.738+00:00,2812.676,RX,baseline,00012F98,1,7,01 00 00 0F 03 98 2F
2026-09-28T15:24:09.738+00:00,2812.720,RX,baseline,00112F98,1,5,01 00 00 98 2F
2026-09-28T15:24:09.743+00:00,2817.402,RX,baseline,0001D6A4,1,7,01 00 00 0F 03 A4 D6
2026-09-28T15:24:09.743+00:00,2817.641,RX,baseline,0011D6A4,1,5,01 00 00 A4 D6
2026-09-28T15:24:09.748+00:00,2822.562,RX,baseline,0001258A,1,7,01 00 00 0F 03 8A 25
2026-09-28T15:24:09.748+00:00,2822.625,RX,baseline,0011258A,1,5,01 00 00 8A 25
2026-09-28T15:24:09.753+00:00,2827.563,RX,baseline,000133BD,1,7,01 00 00 0F 03 BD 33
2026-09-28T15:24:09.753+00:00,2827.607,RX,baseline,001133BD,1,5,01 00 00 BD 33
2026-09-28T15:24:09.758+00:00,2832.568,RX,baseline,00010154,1,7,01 00 00 0F 03 54 01
2026-09-28T15:24:09.758+00:00,2832.611,RX,baseline,00110154,1,5,01 00 00 54 01
2026-09-28T15:24:09.763+00:00,2837.559,RX,baseline,000111FA,1,7,01 00 00 0F 03 FA 11
2026-09-28T15:24:09.763+00:00,2837.603,RX,baseline,001111FA,1,5,01 00 00 FA 11
2026-09-28T15:24:09.768+00:00,2842.557,RX,baseline,00015179,1,7,01 00 00 0F 03 79 51
2026-09-28T15:24:09.768+00:00,2842.613,RX,baseline,00115179,1,5,01 00 00 79 51
2026-09-28T15:24:09.773+00:00,2847.564,RX,baseline,0001EB6A,1,7,01 00 00 0F 03 6A EB
2026-09-28T15:24:09.773+00:00,2847.608,RX,baseline,0011EB6A,1,5,01 00 00 6A EB
2026-09-28T15:24:09.778+00:00,2852.601,RX,baseline,0001EA64,1,7,01 00 00 0F 03 64 EA
2026-09-28T15:24:09.778+00:00,2852.644,RX,baseline,0011EA64,1,5,01 00 00 64 EA
2026-09-28T15:24:09.783+00:00,2857.565,RX,baseline,00013421,1,7,01 00 00 0F 03 21 34
2026-09-28T15:24:09.783+00:00,2857.629,RX,baseline,00113421,1,5,01 00 00 21 34
2026-09-28T15:24:09.788+00:00,2862.589,RX,baseline,0001B2DF,1,7,01 00 00 0F 03 DF B2
2026-09-28T15:24:09.788+00:00,2862.647,RX,baseline,0011B2DF,1,5,01 00 00 DF B2
2026-09-28T15:24:09.793+00:00,2867.568,RX,baseline,0001C22F,1,7,01 00 00 0F 03 2F C2
2026-09-28T15:24:09.793+00:00,2867.613,RX,baseline,0011C22F,1,5,01 00 00 2F C2
2026-09-28T15:24:09.798+00:00,2872.406,RX,baseline,00010BAB,1,7,01 00 00 0F 03 AB 0B
2026-09-28T15:24:09.798+00:00,2872.631,RX,baseline,00110BAB,1,5,01 00 00 AB 0B
2026-09-28T15:24:09.803+00:00,2877.405,RX,baseline,0001A8DD,1,7,01 00 00 0F 03 DD A8
2026-09-28T15:24:09.803+00:00,2877.647,RX,baseline,0011A8DD,1,5,01 00 00 DD A8
2026-09-28T15:24:09.808+00:00,2882.358,RX,baseline,0001E171,1,7,01 00 00 0F 03 71 E1
2026-09-28T15:24:09.808+00:00,2882.595,RX,baseline,0011E171,1,5,01 00 00 71 E1
2026-09-28T15:24:09.813+00:00,2887.364,RX,baseline,00014510,1,7,01 00 00 0F 03 10 45
2026-09-28T15:24:09.813+00:00,2887.577,RX,baseline,00114510,1,5,01 00 00 10 45
2026-09-28T15:24:09.818+00:00,2892.351,RX,baseline,0001821C,1,7,01 00 00 0F 03 1C 82
2026-09-28T15:24:09.818+00:00,2892.574,RX,baseline,0011821C,1,5,01 00 00 1C 82
2026-09-28T15:24:09.823+00:00,2897.365,RX,baseline,0001F981,1,7,01 00 00 0F 03 81 F9
2026-09-28T15:24:09.823+00:00,2897.574,RX,baseline,0011F981,1,5,01 00 00 81 F9
2026-09-28T15:24:09.828+00:00,2902.474,RX,baseline,00016A65,1,7,01 00 00 0F 03 65 6A
2026-09-28T15:24:09.828+00:00,2902.595,RX,baseline,00116A65,1,5,01 00 00 65 6A
2026-09-28T15:24:09.833+00:00,2907.433,RX,baseline,00013434,1,7,01 00 00 0F 03 34 34
2026-09-28T15:24:09.833+00:00,2907.592,RX,baseline,00113434,1,5,01 00 00 34 34
2026-09-28T15:24:09.838+00:00,2912.484,RX,baseline,00010611,1,7,01 00 00 0F 03 11 06
2026-09-28T15:24:09.838+00:00,2912.574,RX,baseline,00110611,1,5,01 00 00 11 06
2026-09-28T15:24:09.843+00:00,2917.426,RX,baseline,00019F4C,1,7,01 00 00 0F 03 4C 9F
2026-09-28T15:24:09.843+00:00,2917.574,RX,baseline,00119F4C,1,5,01 00 00 4C 9F
2026-09-28T15:24:09.848+00:00,2922.361,RX,baseline,0001D12D,1,7,01 00 00 0F 03 2D D1
2026-09-28T15:24:09.848+00:00,2922.599,RX,baseline,0011D12D,1,5,01 00 00 2D D1
2026-09-28T15:24:09.853+00:00,2927.633,RX,baseline,0001BA2F,1,7,01 00 00 0F 03 2F BA
2026-09-28T15:24:09.853+00:00,2927.669,RX,baseline,0011BA2F,1,5,01 00 00 2F BA
2026-09-28T15:24:09.858+00:00,2932.479,RX,baseline,0001765B,1,7,01 00 00 0F 03 5B 76
2026-09-28T15:24:09.858+00:00,2932.644,RX,baseline,0011765B,1,5,01 00 00 5B 76
2026-09-28T15:24:09.863+00:00,2937.649,RX,baseline,0001D097,1,7,01 00 00 0F 03 97 D0
2026-09-28T15:24:09.863+00:00,2937.694,RX,baseline,0011D097,1,5,01 00 00 97 D0
2026-09-28T15:24:09.868+00:00,2942.538,RX,baseline,0001ADE3,1,7,01 00 00 0F 03 E3 AD
2026-09-28T15:24:09.868+00:00,2942.584,RX,baseline,0011ADE3,1,5,01 00 00 E3 AD
2026-09-28T15:24:09.873+00:00,2947.452,RX,baseline,0001C404,1,7,01 00 00 0F 03 04 C4
2026-09-28T15:24:09.873+00:00,2947.652,RX,baseline,0011C404,1,5,01 00 00 04 C4
2026-09-28T15:24:09.878+00:00,2952.640,RX,baseline,00015B1D,1,7,01 00 00 0F 03 1D 5B
2026-09-28T15:24:09.878+00:00,2952.684,RX,baseline,00115B1D,1,5,01 00 00 1D 5B
2026-09-28T15:24:09.883+00:00,2957.610,RX,baseline,000158AF,1,7,01 00 00 0F 03 AF 58
2026-09-28T15:24:09.883+00:00,2957.654,RX,baseline,001158AF,1,5,01 00 00 AF 58
2026-09-28T15:24:09.888+00:00,2962.487,RX,baseline,0001A182,1,7,01 00 00 0F 03 82 A1
2026-09-28T15:24:09.888+00:00,2962.635,RX,baseline,0011A182,1,5,01 00 00 82 A1
2026-09-28T15:24:09.893+00:00,2967.626,RX,baseline,00016DE8,1,7,01 00 00 0F 03 E8 6D
2026-09-28T15:24:09.893+00:00,2967.669,RX,baseline,00116DE8,1,5,01 00 00 E8 6D
2026-09-28T15:24:09.898+00:00,2972.521,RX,baseline,00017C58,1,7,01 00 00 0F 03 58 7C
2026-09-28T15:24:09.898+00:00,2972.636,RX,baseline,00117C58,1,5,01 00 00 58 7C
2026-09-28T15:24:09.903+00:00,2977.563,RX,baseline,00015A82,1,7,01 00 00 0F 03 82 5A
2026-09-28T15:24:09.903+00:00,2977.606,RX,baseline,00115A82,1,5,01 00 00 82 5A
2026-09-28T15:24:09.908+00:00,2982.536,RX,baseline,00018BD9,1,7,01 00 00 0F 03 D9 8B
2026-09-28T15:24:09.908+00:00,2982.579,RX,baseline,00118BD9,1,5,01 00 00 D9 8B
2026-09-28T15:24:09.913+00:00,2987.588,RX,baseline,000124C6,1,7,01 00 00 0F 03 C6 24
2026-09-28T15:24:09.913+00:00,2987.632,RX,baseline,001124C6,1,5,01 00 00 C6 24
2026-09-28T15:24:09.918+00:00,2992.551,RX,baseline,00018845,1,7,01 00 00 0F 03 45 88
2026-09-28T15:24:09.918+00:00,2992.595,RX,baseline,00118845,1,5,01 00 00 45 88
2026-09-28T15:24:09.923+00:00,2997.593,RX,baseline,00012DFC,1,7,01 00 00 0F 03 FC 2D
2026-09-28T15:24:09.923+00:00,2997.636,RX,baseline,00112DFC,1,5,01 00 00 FC 2D
2026-09-28T15:24:09.928+00:00,3002.597,RX,baseline,0001773E,1,7,01 00 00 0F 03 3E 77
2026-09-28T15:24:09.928+00:00,3002.689,RX,baseline,0011773E,1,5,01 00 00 3E 77
2026-09-28T15:24:09.933+00:00,3007.586,RX,baseline,00011086,1,7,01 00 00 0F 03 86 10
2026-09-28T15:24:09.933+00:00,3007.646,RX,baseline,00111086,1,5,01 00 00 86 10
2026-09-28T15:24:09.938+00:00,3012.548,RX,baseline,00017D65,1,7,01 00 00 0F 03 65 7D
2026-09-28T15:24:09.938+00:00,3012.630,RX,baseline,00117D65,1,5,01 00 00 65 7D
2026-09-28T15:24:09.943+00:00,3017.555,RX,baseline,0001202E,1,7,01 00 00 0F 03 2E 20
2026-09-28T15:24:09.943+00:00,3017.599,RX,baseline,0011202E,1,5,01 00 00 2E 20
2026-09-28T15:24:09.948+00:00,3022.398,RX,baseline,0001C605,1,7,01 00 00 0F 03 05 C6
2026-09-28T15:24:09.948+00:00,3022.700,RX,baseline,0011C605,1,5,01 00 00 05 C6
2026-09-28T15:24:09.953+00:00,3027.406,RX,baseline,0001670D,1,7,01 00 00 0F 03 0D 67
2026-09-28T15:24:09.953+00:00,3027.647,RX,baseline,0011670D,1,5,01 00 00 0D 67
2026-09-28T15:24:09.958+00:00,3032.406,RX,baseline,00015459,1,7,01 00 00 0F 03 59 54
2026-09-28T15:24:09.958+00:00,3032.629,RX,baseline,00115459,1,5,01 00 00 59 54
2026-09-28T15:24:09.963+00:00,3037.365,RX,baseline,00015E33,1,7,01 00 00 0F 03 33 5E
2026-09-28T15:24:09.963+00:00,3037.606,RX,baseline,00115E33,1,5,01 00 00 33 5E
2026-09-28T15:24:09.968+00:00,3042.361,RX,baseline,000129AF,1,7,01 00 00 0F 03 AF 29
2026-09-28T15:24:09.968+00:00,3042.666,RX,baseline,001129AF,1,5,01 00 00 AF 29
2026-09-28T15:24:09.973+00:00,3047.398,RX,baseline,0001AC02,1,7,01 00 00 0F 03 02 AC
2026-09-28T15:24:09.973+00:00,3047.599,RX,baseline,0011AC02,1,5,01 00 00 02 AC
2026-09-28T15:24:09.978+00:00,3052.399,RX,baseline,00018971,1,7,01 00 00 0F 03 71 89
2026-09-28T15:24:09.978+00:00,3052.575,RX,baseline,00118971,1,5,01 00 00 71 89
2026-09-28T15:24:09.983+00:00,3057.399,RX,baseline,0001A6D2,1,7,01 00 00 0F 03 D2 A6
2026-09-28T15:24:09.983+00:00,3057.609,RX,baseline,0011A6D2,1,5,01 00 00 D2 A6
2026-09-28T15:24:09.988+00:00,3062.399,RX,baseline,0001CBE1,1,7,01 00 00 0F 03 E1 CB
2026-09-28T15:24:09.988+00:00,3062.620,RX,baseline,0011CBE1,1,5,01 00 00 E1 CB
2026-09-28T15:24:09.993+00:00,3067.401,RX,baseline,00011556,1,7,01 00 00 0F 03 56 15
2026-09-28T15:24:09.993+00:00,3067.692,RX,baseline,00111556,1,5,01 00 00 56 15
2026-09-28T15:24:09.998+00:00,3072.390,RX,baseline,0001AA05,1,7,01 00 00 0F 03 05 AA
2026-09-28T15:24:09.998+00:00,3072.615,RX,baseline,0011AA05,1,5,01 00 00 05 AA
2026-09-28T15:24:10.003+00:00,3077.367,RX,baseline,00012AE2,1,7,01 00 00 0F 03 E2 2A
2026-09-28T15:24:10.003+00:00,3077.588,RX,baseline,00112AE2,1,5,01 00 00 E2 2A
2026-09-28T15:24:10.008+00:00,3082.367,RX,baseline,0001451A,1,7,01 00 00 0F 03 1A 45
2026-09-28T15:24:10.008+00:00,3082.614,RX,baseline,0011451A,1,5,01 00 00 1A 45
2026-09-28T15:24:10.013+00:00,3087.363,RX,baseline,0001C880,1,7,01 00 00 0F 03 80 C8
2026-09-28T15:24:10.013+00:00,3087.609,RX,baseline,0011C880,1,5,01 00 00 80 C8
2026-09-28T15:24:10.018+00:00,3092.366,RX,baseline,0001E987,1,7,01 00 00 0F 03 87 E9
2026-09-28T15:24:10.018+00:00,3092.611,RX,baseline,0011E987,1,5,01 00 00 87 E9
2026-09-28T15:24:10.023+00:00,3097.370,RX,baseline,00015870,1,7,01 00 00 0F 03 70 58
2026-09-28T15:24:10.023+00:00,3097.645,RX,baseline,00115870,1,5,01 00 00 70 58
2026-09-28T15:24:10.028+00:00,3102.366,RX,baseline,0001BD23,1,7,01 00 00 0F 03 23 BD
2026-09-28T15:24:10.028+00:00,3102.607,RX,baseline,0011BD23,1,5,01 00 00 23 BD
2026-09-28T15:24:10.033+00:00,3107.368,RX,baseline,0001308B,1,7,01 00 00 0F 03 8B 30
2026-09-28T15:24:10.033+00:00,3107.638,RX,baseline,0011308B,1,5,01 00 00 8B 30
2026-09-28T15:24:10.038+00:00,3112.367,RX,baseline,0001A653,1,7,01 00 00 0F 03 53 A6
2026-09-28T15:24:10.038+00:00,3112.611,RX,baseline,0011A653,1,5,01 00 00 53 A6
2026-09-28T15:24:10.043+00:00,3117.370,RX,baseline,0001B0A2,1,7,01 00 00 0F 03 A2 B0
2026-09-28T15:24:10.043+00:00,3117.632,RX,baseline,0011B0A2,1,5,01 00 00 A2 B0
2026-09-28T15:24:10.048+00:00,3122.369,RX,baseline,0001FD44,1,7,01 00 00 0F 03 44 FD
2026-09-28T15:24:10.048+00:00,3122.606,RX,baseline,0011FD44,1,5,01 00 00 44 FD
2026-09-28T15:24:10.053+00:00,3127.367,RX,baseline,000154D0,1,7,01 00 00 0F 03 D0 54
2026-09-28T15:24:10.053+00:00,3127.611,RX,baseline,001154D0,1,5,01 00 00 D0 54
2026-09-28T15:24:10.058+00:00,3132.368,RX,baseline,00010A4C,1,7,01 00 00 0F 03 4C 0A
2026-09-28T15:24:10.058+00:00,3132.607,RX,baseline,00110A4C,1,5,01 00 00 4C 0A
2026-09-28T15:24:10.063+00:00,3137.366,RX,baseline,00019459,1,7,01 00 00 0F 03 59 94
2026-09-28T15:24:10.063+00:00,3137.614,RX,baseline,00119459,1,5,01 00 00 59 94
2026-09-28T15:24:10.068+00:00,3142.368,RX,baseline,00016C3C,1,7,01 00 00 0F 03 3C 6C
2026-09-28T15:24:10.068+00:00,3142.615,RX,baseline,00116C3C,1,5,01 00 00 3C 6C
2026-09-28T15:24:10.073+00:00,3147.370,RX,baseline,00011C83,1,7,01 00 00 0F 03 83 1C
2026-09-28T15:24:10.073+00:00,3147.616,RX,baseline,00111C83,1,5,01 00 00 83 1C
2026-09-28T15:24:10.078+00:00,3152.362,RX,baseline,00018F27,1,7,01 00 00 0F 03 27 8F
2026-09-28T15:24:10.078+00:00,3152.605,RX,baseline,00118F27,1,5,01 00 00 27 8F
2026-09-28T15:24:10.083+00:00,3157.370,RX,baseline,00010F98,1,7,01 00 00 0F 03 98 0F
2026-09-28T15:24:10.083+00:00,3157.615,RX,baseline,00110F98,1,5,01 00 00 98 0F
2026-09-28T15:24:10.088+00:00,3162.367,RX,baseline,00013FED,1,7,01 00 00 0F 03 ED 3F
2026-09-28T15:24:10.088+00:00,3162.607,RX,baseline,00113FED,1,5,01 00 00 ED 3F
2026-09-28T15:24:10.093+00:00,3167.363,RX,baseline,0001B2EF,1,7,01 00 00 0F 03 EF B2
2026-09-28T15:24:10.093+00:00,3167.609,RX,baseline,0011B2EF,1,5,01 00 00 EF B2
2026-09-28T15:24:10.098+00:00,3172.366,RX,baseline,00019684,1,7,01 00 00 0F 03 84 96
2026-09-28T15:24:10.098+00:00,3172.614,RX,baseline,00119684,1,5,01 00 00 84 96
2026-09-28T15:24:10.103+00:00,3177.370,RX,baseline,0001AFA6,1,7,01 00 00 0F 03 A6 AF
2026-09-28T15:24:10.103+00:00,3177.614,RX,baseline,0011AFA6,1,5,01 00 00 A6 AF
2026-09-28T15:24:10.108+00:00,3182.367,RX,baseline,00015CD9,1,7,01 00 00 0F 03 D9 5C
2026-09-28T15:24:10.108+00:00,3182.618,RX,baseline,00115CD9,1,5,01 00 00 D9 5C
2026-09-28T15:24:10.113+00:00,3187.365,RX,baseline,0001B87F,1,7,01 00 00 0F 03 7F B8
2026-09-28T15:24:10.113+00:00,3187.610,RX,baseline,0011B87F,1,5,01 00 00 7F B8
2026-09-28T15:24:10.118+00:00,3192.319,RX,baseline,0001E5C2,1,7,01 00 00 0F 03 C2 E5
2026-09-28T15:24:10.118+00:00,3192.562,RX,baseline,0011E5C2,1,5,01 00 00 C2 E5
2026-09-28T15:24:10.123+00:00,3197.369,RX,baseline,000147F5,1,7,01 00 00 0F 03 F5 47
2026-09-28T15:24:10.123+00:00,3197.612,RX,baseline,001147F5,1,5,01 00 00 F5 47
2026-09-28T15:24:10.128+00:00,3202.357,RX,baseline,0001A350,1,7,01 00 00 0F 03 50 A3
2026-09-28T15:24:10.128+00:00,3202.608,RX,baseline,0011A350,1,5,01 00 00 50 A3
2026-09-28T15:24:10.133+00:00,3207.476,RX,baseline,0001B883,1,7,01 00 00 0F 03 83 B8
2026-09-28T15:24:10.133+00:00,3207.638,RX,baseline,0011B883,1,5,01 00 00 83 B8
2026-09-28T15:24:10.138+00:00,3212.359,RX,baseline,00015D8E,1,7,01 00 00 0F 03 8E 5D
2026-09-28T15:24:10.138+00:00,3212.605,RX,baseline,00115D8E,1,5,01 00 00 8E 5D
2026-09-28T15:24:10.143+00:00,3217.388,RX,baseline,0001D9C0,1,7,01 00 00 0F 03 C0 D9
2026-09-28T15:24:10.143+00:00,3217.607,RX,baseline,0011D9C0,1,5,01 00 00 C0 D9
2026-09-28T15:24:10.148+00:00,3222.313,RX,baseline,0001BE65,1,7,01 00 00 0F 03 65 BE
2026-09-28T15:24:10.148+00:00,3222.557,RX,baseline,0011BE65,1,5,01 00 00 65 BE
2026-09-28T15:24:10.153+00:00,3227.312,RX,baseline,000153AF,1,7,01 00 00 0F 03 AF 53
2026-09-28T15:24:10.153+00:00,3227.557,RX,baseline,001153AF,1,5,01 00 00 AF 53
2026-09-28T15:24:10.158+00:00,3232.390,RX,baseline,0001593F,1,7,01 00 00 0F 03 3F 59
2026-09-28T15:24:10.158+00:00,3232.607,RX,baseline,0011593F,1,5,01 00 00 3F 59
2026-09-28T15:24:10.163+00:00,3237.363,RX,baseline,00014E76,1,7,01 00 00 0F 03 76 4E
2026-09-28T15:24:10.163+00:00,3237.606,RX,baseline,00114E76,1,5,01 00 00 76 4E
2026-09-28T15:24:10.168+00:00,3242.311,RX,baseline,000168A5,1,7,01 00 00 0F 03 A5 68
2026-09-28T15:24:10.168+00:00,3242.556,RX,baseline,001168A5,1,5,01 00 00 A5 68
2026-09-28T15:24:10.173+00:00,3247.312,RX,baseline,0001A762,1,7,01 00 00 0F 03 62 A7
2026-09-28T15:24:10.173+00:00,3247.555,RX,baseline,0011A762,1,5,01 00 00 62 A7
2026-09-28T15:24:10.178+00:00,3252.270,RX,baseline,000169E4,1,7,01 00 00 0F 03 E4 69
2026-09-28T15:24:10.178+00:00,3252.556,RX,baseline,001169E4,1,5,01 00 00 E4 69
2026-09-28T15:24:10.183+00:00,3257.310,RX,baseline,00014CD9,1,7,01 00 00 0F 03 D9 4C
2026-09-28T15:24:10.183+00:00,3257.555,RX,baseline,00114CD9,1,5,01 00 00 D9 4C
2026-09-28T15:24:10.188+00:00,3262.306,RX,baseline,00016A85,1,7,01 00 00 0F 03 85 6A
2026-09-28T15:24:10.188+00:00,3262.553,RX,baseline,00116A85,1,5,01 00 00 85 6A
2026-09-28T15:24:10.193+00:00,3267.309,RX,baseline,000199AB,1,7,01 00 00 0F 03 AB 99
2026-09-28T15:24:10.193+00:00,3267.554,RX,baseline,001199AB,1,5,01 00 00 AB 99
2026-09-28T15:24:10.198+00:00,3272.309,RX,baseline,0001C119,1,7,01 00 00 0F 03 19 C1
2026-09-28T15:24:10.198+00:00,3272.589,RX,baseline,0011C119,1,5,01 00 00 19 C1
2026-09-28T15:24:10.203+00:00,3277.317,RX,baseline,00010CE4,1,7,01 00 00 0F 03 E4 0C
2026-09-28T15:24:10.203+00:00,3277.570,RX,baseline,00110CE4,1,5,01 00 00 E4 0C
2026-09-28T15:24:10.208+00:00,3282.361,RX,baseline,0001969F,1,7,01 00 00 0F 03 9F 96
2026-09-28T15:24:10.208+00:00,3282.606,RX,baseline,0011969F,1,5,01 00 00 9F 96
2026-09-28T15:24:10.213+00:00,3287.316,RX,baseline,00012E0B,1,7,01 00 00 0F 03 0B 2E
2026-09-28T15:24:10.213+00:00,3287.587,RX,baseline,00112E0B,1,5,01 00 00 0B 2E
2026-09-28T15:24:10.218+00:00,3292.312,RX,baseline,0001EB9C,1,7,01 00 00 0F 03 9C EB
2026-09-28T15:24:10.218+00:00,3292.549,RX,baseline,0011EB9C,1,5,01 00 00 9C EB
2026-09-28T15:24:10.223+00:00,3297.315,RX,baseline,00012670,1,7,01 00 00 0F 03 70 26
2026-09-28T15:24:10.223+00:00,3297.554,RX,baseline,00112670,1,5,01 00 00 70 26
2026-09-28T15:24:10.228+00:00,3302.312,RX,baseline,0001F79B,1,7,01 00 00 0F 03 9B F7
2026-09-28T15:24:10.228+00:00,3302.557,RX,baseline,0011F79B,1,5,01 00 00 9B F7
2026-09-28T15:24:10.233+00:00,3307.316,RX,baseline,0001C2FA,1,7,01 00 00 0F 03 FA C2
2026-09-28T15:24:10.233+00:00,3307.556,RX,baseline,0011C2FA,1,5,01 00 00 FA C2
2026-09-28T15:24:10.238+00:00,3312.309,RX,baseline,00012FA2,1,7,01 00 00 0F 03 A2 2F
2026-09-28T15:24:10.238+00:00,3312.558,RX,baseline,00112FA2,1,5,01 00 00 A2 2F
2026-09-28T15:24:10.243+00:00,3317.312,RX,baseline,00015E95,1,7,01 00 00 0F 03 95 5E
2026-09-28T15:24:10.243+00:00,3317.557,RX,baseline,00115E95,1,5,01 00 00 95 5E
2026-09-28T15:24:10.248+00:00,3322.308,RX,baseline,0001CBED,1,7,01 00 00 0F 03 ED CB
2026-09-28T15:24:10.248+00:00,3322.551,RX,baseline,0011CBED,1,5,01 00 00 ED CB
2026-09-28T15:24:10.253+00:00,3327.314,RX,baseline,0001702B,1,7,01 00 00 0F 03 2B 70
2026-09-28T15:24:10.253+00:00,3327.555,RX,baseline,0011702B,1,5,01 00 00 2B 70
2026-09-28T15:24:10.258+00:00,3332.308,RX,baseline,000146EA,1,7,01 00 00 0F 03 EA 46
2026-09-28T15:24:10.258+00:00,3332.546,RX,baseline,001146EA,1,5,01 00 00 EA 46
2026-09-28T15:24:10.263+00:00,3337.305,RX,baseline,000177D1,1,7,01 00 00 0F 03 D1 77
2026-09-28T15:24:10.263+00:00,3337.545,RX,baseline,001177D1,1,5,01 00 00 D1 77
2026-09-28T15:24:10.268+00:00,3342.306,RX,baseline,0001A344,1,7,01 00 00 0F 03 44 A3
2026-09-28T15:24:10.268+00:00,3342.545,RX,baseline,0011A344,1,5,01 00 00 44 A3
2026-09-28T15:24:10.273+00:00,3347.309,RX,baseline,0001618F,1,7,01 00 00 0F 03 8F 61
2026-09-28T15:24:10.273+00:00,3347.566,RX,baseline,0011618F,1,5,01 00 00 8F 61
2026-09-28T15:24:10.278+00:00,3352.306,RX,baseline,0001D88D,1,7,01 00 00 0F 03 8D D8
2026-09-28T15:24:10.278+00:00,3352.545,RX,baseline,0011D88D,1,5,01 00 00 8D D8
2026-09-28T15:24:10.283+00:00,3357.317,RX,baseline,0001FCEA,1,7,01 00 00 0F 03 EA FC
2026-09-28T15:24:10.283+00:00,3357.549,RX,baseline,0011FCEA,1,5,01 00 00 EA FC
2026-09-28T15:24:10.288+00:00,3362.308,RX,baseline,000161BD,1,7,01 00 00 0F 03 BD 61
2026-09-28T15:24:10.288+00:00,3362.547,RX,baseline,001161BD,1,5,01 00 00 BD 61
2026-09-28T15:24:10.293+00:00,3367.306,RX,baseline,0001071A,1,7,01 00 00 0F 03 1A 07
2026-09-28T15:24:10.293+00:00,3367.543,RX,baseline,0011071A,1,5,01 00 00 1A 07
2026-09-28T15:24:10.298+00:00,3372.284,RX,baseline,0001169B,1,7,01 00 00 0F 03 9B 16
2026-09-28T15:24:10.298+00:00,3372.542,RX,baseline,0011169B,1,5,01 00 00 9B 16
2026-09-28T15:24:10.303+00:00,3377.369,RX,baseline,00013293,1,7,01 00 00 0F 03 93 32
2026-09-28T15:24:10.303+00:00,3377.576,RX,baseline,00113293,1,5,01 00 00 93 32
2026-09-28T15:24:10.308+00:00,3382.346,RX,baseline,00015CDA,1,7,01 00 00 0F 03 DA 5C
2026-09-28T15:24:10.308+00:00,3382.591,RX,baseline,00115CDA,1,5,01 00 00 DA 5C
2026-09-28T15:24:10.313+00:00,3387.387,RX,baseline,00018147,1,7,01 00 00 0F 03 47 81
2026-09-28T15:24:10.313+00:00,3387.582,RX,baseline,00118147,1,5,01 00 00 47 81
2026-09-28T15:24:10.318+00:00,3392.328,RX,baseline,00013366,1,7,01 00 00 0F 03 66 33
2026-09-28T15:24:10.318+00:00,3392.550,RX,baseline,00113366,1,5,01 00 00 66 33
2026-09-28T15:24:10.323+00:00,3397.342,RX,baseline,0001AFCF,1,7,01 00 00 0F 03 CF AF
2026-09-28T15:24:10.323+00:00,3397.573,RX,baseline,0011AFCF,1,5,01 00 00 CF AF
2026-09-28T15:24:10.328+00:00,3402.352,RX,baseline,00016635,1,7,01 00 00 0F 03 35 66
2026-09-28T15:24:10.328+00:00,3402.606,RX,baseline,00116635,1,5,01 00 00 35 66
2026-09-28T15:24:10.333+00:00,3407.344,RX,baseline,0001EE5C,1,7,01 00 00 0F 03 5C EE
2026-09-28T15:24:10.333+00:00,3407.592,RX,baseline,0011EE5C,1,5,01 00 00 5C EE
2026-09-28T15:24:10.338+00:00,3412.343,RX,baseline,0001169B,1,7,01 00 00 0F 03 9B 16
2026-09-28T15:24:10.338+00:00,3412.590,RX,baseline,0011169B,1,5,01 00 00 9B 16
2026-09-28T15:24:10.343+00:00,3417.315,RX,baseline,00015118,1,7,01 00 00 0F 03 18 51
2026-09-28T15:24:10.343+00:00,3417.549,RX,baseline,00115118,1,5,01 00 00 18 51
2026-09-28T15:24:10.348+00:00,3422.271,RX,baseline,0001CFF2,1,7,01 00 00 0F 03 F2 CF
2026-09-28T15:24:10.348+00:00,3422.518,RX,baseline,0011CFF2,1,5,01 00 00 F2 CF
2026-09-28T15:24:10.353+00:00,3427.267,RX,baseline,0001A06C,1,7,01 00 00 0F 03 6C A0
2026-09-28T15:24:10.353+00:00,3427.512,RX,baseline,0011A06C,1,5,01 00 00 6C A0
2026-09-28T15:24:10.358+00:00,3432.267,RX,baseline,0001D615,1,7,01 00 00 0F 03 15 D6
2026-09-28T15:24:10.358+00:00,3432.506,RX,baseline,0011D615,1,5,01 00 00 15 D6
2026-09-28T15:24:10.363+00:00,3437.262,RX,baseline,00010E3E,1,7,01 00 00 0F 03 3E 0E
2026-09-28T15:24:10.363+00:00,3437.503,RX,baseline,00110E3E,1,5,01 00 00 3E 0E
2026-09-28T15:24:10.368+00:00,3442.264,RX,baseline,00018AF8,1,7,01 00 00 0F 03 F8 8A
2026-09-28T15:24:10.368+00:00,3442.505,RX,baseline,00118AF8,1,5,01 00 00 F8 8A
2026-09-28T15:24:10.373+00:00,3447.262,RX,baseline,00019820,1,7,01 00 00 0F 03 20 98
2026-09-28T15:24:10.373+00:00,3447.500,RX,baseline,00119820,1,5,01 00 00 20 98
2026-09-28T15:24:10.378+00:00,3452.265,RX,baseline,00014270,1,7,01 00 00 0F 03 70 42
2026-09-28T15:24:10.378+00:00,3452.528,RX,baseline,00114270,1,5,01 00 00 70 42
2026-09-28T15:24:10.383+00:00,3457.265,RX,baseline,0001AF10,1,7,01 00 00 0F 03 10 AF
2026-09-28T15:24:10.383+00:00,3457.505,RX,baseline,0011AF10,1,5,01 00 00 10 AF
2026-09-28T15:24:10.388+00:00,3462.267,RX,baseline,00013EDF,1,7,01 00 00 0F 03 DF 3E
2026-09-28T15:24:10.388+00:00,3462.496,RX,baseline,00113EDF,1,5,01 00 00 DF 3E
2026-09-28T15:24:10.393+00:00,3467.260,RX,baseline,0001A835,1,7,01 00 00 0F 03 35 A8
2026-09-28T15:24:10.393+00:00,3467.507,RX,baseline,0011A835,1,5,01 00 00 35 A8
2026-09-28T15:24:10.398+00:00,3472.262,RX,baseline,00018B5F,1,7,01 00 00 0F 03 5F 8B
2026-09-28T15:24:10.398+00:00,3472.501,RX,baseline,00118B5F,1,5,01 00 00 5F 8B
2026-09-28T15:24:10.403+00:00,3477.262,RX,baseline,0001B6BC,1,7,01 00 00 0F 03 BC B6
2026-09-28T15:24:10.403+00:00,3477.546,RX,baseline,0011B6BC,1,5,01 00 00 BC B6
2026-09-28T15:24:10.408+00:00,3482.265,RX,baseline,00013FA7,1,7,01 00 00 0F 03 A7 3F
2026-09-28T15:24:10.408+00:00,3482.511,RX,baseline,00113FA7,1,5,01 00 00 A7 3F
2026-09-28T15:24:10.413+00:00,3487.274,RX,baseline,0001E9C4,1,7,01 00 00 0F 03 C4 E9
2026-09-28T15:24:10.413+00:00,3487.508,RX,baseline,0011E9C4,1,5,01 00 00 C4 E9
2026-09-28T15:24:10.418+00:00,3492.289,RX,baseline,0001BBBD,1,7,01 00 00 0F 03 BD BB
2026-09-28T15:24:10.418+00:00,3492.536,RX,baseline,0011BBBD,1,5,01 00 00 BD BB
2026-09-28T15:24:10.423+00:00,3497.278,RX,baseline,000119F7,1,7,01 00 00 0F 03 F7 19
2026-09-28T15:24:10.423+00:00,3497.509,RX,baseline,001119F7,1,5,01 00 00 F7 19
2026-09-28T15:24:10.428+00:00,3502.292,RX,baseline,0001AD2D,1,7,01 00 00 0F 03 2D AD
2026-09-28T15:24:10.428+00:00,3502.521,RX,baseline,0011AD2D,1,5,01 00 00 2D AD
2026-09-28T15:24:10.433+00:00,3507.281,RX,baseline,0001F544,1,7,01 00 00 0F 03 44 F5
2026-09-28T15:24:10.433+00:00,3507.508,RX,baseline,0011F544,1,5,01 00 00 44 F5
2026-09-28T15:24:10.438+00:00,3512.268,RX,baseline,00015164,1,7,01 00 00 0F 03 64 51
2026-09-28T15:24:10.438+00:00,3512.512,RX,baseline,00115164,1,5,01 00 00 64 51
2026-09-28T15:24:10.443+00:00,3517.265,RX,baseline,00012BDB,1,7,01 00 00 0F 03 DB 2B
2026-09-28T15:24:10.443+00:00,3517.507,RX,baseline,00112BDB,1,5,01 00 00 DB 2B
2026-09-28T15:24:10.448+00:00,3522.264,RX,baseline,0001905D,1,7,01 00 00 0F 03 5D 90
2026-09-28T15:24:10.448+00:00,3522.502,RX,baseline,0011905D,1,5,01 00 00 5D 90
2026-09-28T15:24:10.453+00:00,3527.266,RX,baseline,0001384F,1,7,01 00 00 0F 03 4F 38
2026-09-28T15:24:10.453+00:00,3527.498,RX,baseline,0011384F,1,5,01 00 00 4F 38
2026-09-28T15:24:10.458+00:00,3532.266,RX,baseline,0001D4C0,1,7,01 00 00 0F 03 C0 D4
2026-09-28T15:24:10.458+00:00,3532.508,RX,baseline,0011D4C0,1,5,01 00 00 C0 D4
2026-09-28T15:24:10.463+00:00,3537.265,RX,baseline,00015192,1,7,01 00 00 0F 03 92 51
2026-09-28T15:24:10.463+00:00,3537.526,RX,baseline,00115192,1,5,01 00 00 92 51
2026-09-28T15:24:10.468+00:00,3542.267,RX,baseline,0001D227,1,7,01 00 00 0F 03 27 D2
2026-09-28T15:24:10.468+00:00,3542.504,RX,baseline,0011D227,1,5,01 00 00 27 D2
2026-09-28T15:24:10.473+00:00,3547.265,RX,baseline,00014C26,1,7,01 00 00 0F 03 26 4C
2026-09-28T15:24:10.473+00:00,3547.506,RX,baseline,00114C26,1,5,01 00 00 26 4C
2026-09-28T15:24:10.478+00:00,3552.307,RX,baseline,00015422,1,7,01 00 00 0F 03 22 54
2026-09-28T15:24:10.478+00:00,3552.559,RX,baseline,00115422,1,5,01 00 00 22 54
2026-09-28T15:24:10.483+00:00,3557.277,RX,baseline,0001E4B6,1,7,01 00 00 0F 03 B6 E4
2026-09-28T15:24:10.483+00:00,3557.557,RX,baseline,0011E4B6,1,5,01 00 00 B6 E4
2026-09-28T15:24:10.488+00:00,3562.309,RX,baseline,00015432,1,7,01 00 00 0F 03 32 54
2026-09-28T15:24:10.488+00:00,3562.555,RX,baseline,00115432,1,5,01 00 00 32 54
2026-09-28T15:24:10.493+00:00,3567.431,RX,baseline,000140F5,1,7,01 00 00 0F 03 F5 40
2026-09-28T15:24:10.493+00:00,3567.508,RX,baseline,001140F5,1,5,01 00 00 F5 40
2026-09-28T15:24:10.498+00:00,3572.490,RX,baseline,000116D4,1,7,01 00 00 0F 03 D4 16
2026-09-28T15:24:10.498+00:00,3572.570,RX,baseline,001116D4,1,5,01 00 00 D4 16
2026-09-28T15:24:10.503+00:00,3577.449,RX,baseline,00010076,1,7,01 00 00 0F 03 76 00
2026-09-28T15:24:10.503+00:00,3577.494,RX,baseline,00110076,1,5,01 00 00 76 00
2026-09-28T15:24:10.508+00:00,3582.463,RX,baseline,00010B52,1,7,01 00 00 0F 03 52 0B
2026-09-28T15:24:10.508+00:00,3582.565,RX,baseline,00110B52,1,5,01 00 00 52 0B
2026-09-28T15:24:10.513+00:00,3587.356,RX,baseline,0001E9D7,1,7,01 00 00 0F 03 D7 E9
2026-09-28T15:24:10.513+00:00,3587.603,RX,baseline,0011E9D7,1,5,01 00 00 D7 E9
2026-09-28T15:24:10.518+00:00,3592.537,RX,baseline,0001F7F0,1,7,01 00 00 0F 03 F0 F7
2026-09-28T15:24:10.518+00:00,3592.618,RX,baseline,0011F7F0,1,5,01 00 00 F0 F7
2026-09-28T15:24:10.523+00:00,3597.310,RX,baseline,00014D78,1,7,01 00 00 0F 03 78 4D
2026-09-28T15:24:10.523+00:00,3597.551,RX,baseline,00114D78,1,5,01 00 00 78 4D
2026-09-28T15:24:10.528+00:00,3602.358,RX,baseline,0001FFB9,1,7,01 00 00 0F 03 B9 FF
2026-09-28T15:24:10.528+00:00,3602.602,RX,baseline,0011FFB9,1,5,01 00 00 B9 FF
2026-09-28T15:24:10.533+00:00,3607.353,RX,baseline,00013997,1,7,01 00 00 0F 03 97 39
2026-09-28T15:24:10.533+00:00,3607.595,RX,baseline,00113997,1,5,01 00 00 97 39
2026-09-28T15:24:10.538+00:00,3612.355,RX,baseline,000130F0,1,7,01 00 00 0F 03 F0 30
2026-09-28T15:24:10.538+00:00,3612.604,RX,baseline,001130F0,1,5,01 00 00 F0 30
2026-09-28T15:24:10.543+00:00,3617.358,RX,baseline,0001C881,1,7,01 00 00 0F 03 81 C8
2026-09-28T15:24:10.543+00:00,3617.598,RX,baseline,0011C881,1,5,01 00 00 81 C8
2026-09-28T15:24:10.548+00:00,3622.494,RX,baseline,000166EF,1,7,01 00 00 0F 03 EF 66
2026-09-28T15:24:10.548+00:00,3622.550,RX,baseline,001166EF,1,5,01 00 00 EF 66
2026-09-28T15:24:10.553+00:00,3627.494,RX,baseline,00017C3B,1,7,01 00 00 0F 03 3B 7C
2026-09-28T15:24:10.553+00:00,3627.597,RX,baseline,00117C3B,1,5,01 00 00 3B 7C
2026-09-28T15:24:10.558+00:00,3632.498,RX,baseline,0001BC04,1,7,01 00 00 0F 03 04 BC
2026-09-28T15:24:10.558+00:00,3632.543,RX,baseline,0011BC04,1,5,01 00 00 04 BC
2026-09-28T15:24:10.563+00:00,3637.279,RX,baseline,0001B7D5,1,7,01 00 00 0F 03 D5 B7
2026-09-28T15:24:10.563+00:00,3637.558,RX,baseline,0011B7D5,1,5,01 00 00 D5 B7
2026-09-28T15:24:10.568+00:00,3642.273,RX,baseline,0001B382,1,7,01 00 00 0F 03 82 B3
2026-09-28T15:24:10.568+00:00,3642.515,RX,baseline,0011B382,1,5,01 00 00 82 B3
2026-09-28T15:24:10.573+00:00,3647.268,RX,baseline,0001C141,1,7,01 00 00 0F 03 41 C1
2026-09-28T15:24:10.573+00:00,3647.555,RX,baseline,0011C141,1,5,01 00 00 41 C1
2026-09-28T15:24:10.578+00:00,3652.267,RX,baseline,00010A26,1,7,01 00 00 0F 03 26 0A
2026-09-28T15:24:10.578+00:00,3652.544,RX,baseline,00110A26,1,5,01 00 00 26 0A
2026-09-28T15:24:10.583+00:00,3657.267,RX,baseline,00013F5F,1,7,01 00 00 0F 03 5F 3F
2026-09-28T15:24:10.583+00:00,3657.532,RX,baseline,00113F5F,1,5,01 00 00 5F 3F
2026-09-28T15:24:10.588+00:00,3662.267,RX,baseline,0001A27D,1,7,01 00 00 0F 03 7D A2
2026-09-28T15:24:10.588+00:00,3662.544,RX,baseline,0011A27D,1,5,01 00 00 7D A2
2026-09-28T15:24:10.593+00:00,3667.267,RX,baseline,00011AA6,1,7,01 00 00 0F 03 A6 1A
2026-09-28T15:24:10.593+00:00,3667.498,RX,baseline,00111AA6,1,5,01 00 00 A6 1A
2026-09-28T15:24:10.598+00:00,3672.274,RX,baseline,000168EE,1,7,01 00 00 0F 03 EE 68
2026-09-28T15:24:10.598+00:00,3672.507,RX,baseline,001168EE,1,5,01 00 00 EE 68
2026-09-28T15:24:10.603+00:00,3677.278,RX,baseline,0001678F,1,7,01 00 00 0F 03 8F 67
2026-09-28T15:24:10.603+00:00,3677.489,RX,baseline,0011678F,1,5,01 00 00 8F 67
2026-09-28T15:24:10.607+00:00,3682.177,RX,baseline,00014E99,1,7,01 00 00 0F 03 99 4E
2026-09-28T15:24:10.608+00:00,3682.425,RX,baseline,00114E99,1,5,01 00 00 99 4E
2026-09-28T15:24:10.613+00:00,3687.269,RX,baseline,0001ECAA,1,7,01 00 00 0F 03 AA EC
2026-09-28T15:24:10.613+00:00,3687.514,RX,baseline,0011ECAA,1,5,01 00 00 AA EC
2026-09-28T15:24:10.618+00:00,3692.327,RX,baseline,0001B825,1,7,01 00 00 0F 03 25 B8
2026-09-28T15:24:10.618+00:00,3692.469,RX,baseline,0011B825,1,5,01 00 00 25 B8
2026-09-28T15:24:10.623+00:00,3697.339,RX,baseline,0001D706,1,7,01 00 00 0F 03 06 D7
2026-09-28T15:24:10.623+00:00,3697.560,RX,baseline,0011D706,1,5,01 00 00 06 D7
2026-09-28T15:24:10.628+00:00,3702.222,RX,baseline,00013534,1,7,01 00 00 0F 03 34 35
2026-09-28T15:24:10.628+00:00,3702.471,RX,baseline,00113534,1,5,01 00 00 34 35
2026-09-28T15:24:10.633+00:00,3707.381,RX,baseline,00014E55,1,7,01 00 00 0F 03 55 4E
2026-09-28T15:24:10.633+00:00,3707.541,RX,baseline,00114E55,1,5,01 00 00 55 4E
2026-09-28T15:24:10.638+00:00,3712.225,RX,baseline,0001E71A,1,7,01 00 00 0F 03 1A E7
2026-09-28T15:24:10.638+00:00,3712.463,RX,baseline,0011E71A,1,5,01 00 00 1A E7
2026-09-28T15:24:10.643+00:00,3717.384,RX,baseline,000196F3,1,7,01 00 00 0F 03 F3 96
2026-09-28T15:24:10.643+00:00,3717.530,RX,baseline,001196F3,1,5,01 00 00 F3 96
2026-09-28T15:24:10.648+00:00,3722.394,RX,baseline,00015905,1,7,01 00 00 0F 03 05 59
2026-09-28T15:24:10.648+00:00,3722.470,RX,baseline,00115905,1,5,01 00 00 05 59
2026-09-28T15:24:10.653+00:00,3727.502,RX,baseline,000142B7,1,7,01 00 00 0F 03 B7 42
2026-09-28T15:24:10.653+00:00,3727.547,RX,baseline,001142B7,1,5,01 00 00 B7 42
2026-09-28T15:24:10.658+00:00,3732.448,RX,baseline,000181B7,1,7,01 00 00 0F 03 B7 81
2026-09-28T15:24:10.658+00:00,3732.494,RX,baseline,001181B7,1,5,01 00 00 B7 81
2026-09-28T15:24:10.663+00:00,3737.399,RX,baseline,0001FE3A,1,7,01 00 00 0F 03 3A FE
2026-09-28T15:24:10.663+00:00,3737.445,RX,baseline,0011FE3A,1,5,01 00 00 3A FE
2026-09-28T15:24:10.668+00:00,3742.398,RX,baseline,00013E8C,1,7,01 00 00 0F 03 8C 3E
2026-09-28T15:24:10.668+00:00,3742.445,RX,baseline,00113E8C,1,5,01 00 00 8C 3E
2026-09-28T15:24:10.673+00:00,3747.453,RX,baseline,000116F2,1,7,01 00 00 0F 03 F2 16
2026-09-28T15:24:10.673+00:00,3747.498,RX,baseline,001116F2,1,5,01 00 00 F2 16
2026-09-28T15:24:10.678+00:00,3752.253,RX,baseline,00014D52,1,7,01 00 00 0F 03 52 4D
2026-09-28T15:24:10.678+00:00,3752.557,RX,baseline,00114D52,1,5,01 00 00 52 4D
2026-09-28T15:24:10.683+00:00,3757.253,RX,baseline,00016F59,1,7,01 00 00 0F 03 59 6F
2026-09-28T15:24:10.683+00:00,3757.506,RX,baseline,00116F59,1,5,01 00 00 59 6F
2026-09-28T15:24:10.688+00:00,3762.449,RX,baseline,00010A4A,1,7,01 00 00 0F 03 4A 0A
2026-09-28T15:24:10.688+00:00,3762.495,RX,baseline,00110A4A,1,5,01 00 00 4A 0A
2026-09-28T15:24:10.693+00:00,3767.412,RX,baseline,0001ACF9,1,7,01 00 00 0F 03 F9 AC
2026-09-28T15:24:10.693+00:00,3767.456,RX,baseline,0011ACF9,1,5,01 00 00 F9 AC
2026-09-28T15:24:10.698+00:00,3772.260,RX,baseline,0001D544,1,7,01 00 00 0F 03 44 D5
2026-09-28T15:24:10.698+00:00,3772.510,RX,baseline,0011D544,1,5,01 00 00 44 D5
2026-09-28T15:24:10.703+00:00,3777.263,RX,baseline,00011D0A,1,7,01 00 00 0F 03 0A 1D
2026-09-28T15:24:10.703+00:00,3777.510,RX,baseline,00111D0A,1,5,01 00 00 0A 1D
2026-09-28T15:24:10.708+00:00,3782.267,RX,baseline,00018CB4,1,7,01 00 00 0F 03 B4 8C
2026-09-28T15:24:10.708+00:00,3782.503,RX,baseline,00118CB4,1,5,01 00 00 B4 8C
2026-09-28T15:24:10.713+00:00,3787.316,RX,baseline,0001D714,1,7,01 00 00 0F 03 14 D7
2026-09-28T15:24:10.713+00:00,3787.516,RX,baseline,0011D714,1,5,01 00 00 14 D7
2026-09-28T15:24:10.718+00:00,3792.206,RX,baseline,0001EF3A,1,7,01 00 00 0F 03 3A EF
2026-09-28T15:24:10.718+00:00,3792.535,RX,baseline,0011EF3A,1,5,01 00 00 3A EF
2026-09-28T15:24:10.723+00:00,3797.270,RX,baseline,0001FDA8,1,7,01 00 00 0F 03 A8 FD
2026-09-28T15:24:10.723+00:00,3797.505,RX,baseline,0011FDA8,1,5,01 00 00 A8 FD
2026-09-28T15:24:10.728+00:00,3802.268,RX,baseline,00014FE7,1,7,01 00 00 0F 03 E7 4F
2026-09-28T15:24:10.728+00:00,3802.516,RX,baseline,00114FE7,1,5,01 00 00 E7 4F
2026-09-28T15:24:10.733+00:00,3807.258,RX,baseline,0001902A,1,7,01 00 00 0F 03 2A 90
2026-09-28T15:24:10.733+00:00,3807.482,RX,baseline,0011902A,1,5,01 00 00 2A 90
2026-09-28T15:24:10.738+00:00,3812.251,RX,baseline,00015B4D,1,7,01 00 00 0F 03 4D 5B
2026-09-28T15:24:10.738+00:00,3812.468,RX,baseline,00115B4D,1,5,01 00 00 4D 5B
2026-09-28T15:24:10.743+00:00,3817.257,RX,baseline,00017D51,1,7,01 00 00 0F 03 51 7D
2026-09-28T15:24:10.743+00:00,3817.480,RX,baseline,00117D51,1,5,01 00 00 51 7D
2026-09-28T15:24:10.748+00:00,3822.261,RX,baseline,0001A31B,1,7,01 00 00 0F 03 1B A3
2026-09-28T15:24:10.748+00:00,3822.481,RX,baseline,0011A31B,1,5,01 00 00 1B A3
2026-09-28T15:24:10.753+00:00,3827.257,RX,baseline,00016CBD,1,7,01 00 00 0F 03 BD 6C
2026-09-28T15:24:10.753+00:00,3827.482,RX,baseline,00116CBD,1,5,01 00 00 BD 6C
2026-09-28T15:24:10.758+00:00,3832.255,RX,baseline,000147D2,1,7,01 00 00 0F 03 D2 47
2026-09-28T15:24:10.758+00:00,3832.483,RX,baseline,001147D2,1,5,01 00 00 D2 47
2026-09-28T15:24:10.763+00:00,3837.251,RX,baseline,000156CF,1,7,01 00 00 0F 03 CF 56
2026-09-28T15:24:10.763+00:00,3837.498,RX,baseline,001156CF,1,5,01 00 00 CF 56
2026-09-28T15:24:10.768+00:00,3842.253,RX,baseline,0001BBD8,1,7,01 00 00 0F 03 D8 BB
2026-09-28T15:24:10.768+00:00,3842.483,RX,baseline,0011BBD8,1,5,01 00 00 D8 BB
2026-09-28T15:24:10.773+00:00,3847.250,RX,baseline,0001C4B4,1,7,01 00 00 0F 03 B4 C4
2026-09-28T15:24:10.773+00:00,3847.482,RX,baseline,0011C4B4,1,5,01 00 00 B4 C4
2026-09-28T15:24:10.778+00:00,3852.260,RX,baseline,0001E4F1,1,7,01 00 00 0F 03 F1 E4
2026-09-28T15:24:10.778+00:00,3852.482,RX,baseline,0011E4F1,1,5,01 00 00 F1 E4
2026-09-28T15:24:10.783+00:00,3857.252,RX,baseline,00015F37,1,7,01 00 00 0F 03 37 5F
2026-09-28T15:24:10.783+00:00,3857.482,RX,baseline,00115F37,1,5,01 00 00 37 5F
2026-09-28T15:24:10.788+00:00,3862.253,RX,baseline,0001ACEA,1,7,01 00 00 0F 03 EA AC
2026-09-28T15:24:10.788+00:00,3862.484,RX,baseline,0011ACEA,1,5,01 00 00 EA AC
2026-09-28T15:24:10.793+00:00,3867.280,RX,baseline,000125DB,1,7,01 00 00 0F 03 DB 25
2026-09-28T15:24:10.793+00:00,3867.469,RX,baseline,001125DB,1,5,01 00 00 DB 25
2026-09-28T15:24:10.798+00:00,3872.407,RX,baseline,0001FFF8,1,7,01 00 00 0F 03 F8 FF
2026-09-28T15:24:10.798+00:00,3872.451,RX,baseline,0011FFF8,1,5,01 00 00 F8 FF
2026-09-28T15:24:10.803+00:00,3877.466,RX,baseline,0001604D,1,7,01 00 00 0F 03 4D 60
2026-09-28T15:24:10.803+00:00,3877.547,RX,baseline,0011604D,1,5,01 00 00 4D 60
2026-09-28T15:24:10.808+00:00,3882.218,RX,baseline,00019315,1,7,01 00 00 0F 03 15 93
2026-09-28T15:24:10.808+00:00,3882.477,RX,baseline,00119315,1,5,01 00 00 15 93
2026-09-28T15:24:10.813+00:00,3887.484,RX,baseline,00018F2A,1,7,01 00 00 0F 03 2A 8F
2026-09-28T15:24:10.813+00:00,3887.564,RX,baseline,00118F2A,1,5,01 00 00 2A 8F
2026-09-28T15:24:10.818+00:00,3892.489,RX,baseline,00017E6C,1,7,01 00 00 0F 03 6C 7E
2026-09-28T15:24:10.818+00:00,3892.532,RX,baseline,00117E6C,1,5,01 00 00 6C 7E
2026-09-28T15:24:10.823+00:00,3897.233,RX,baseline,0001E9AD,1,7,01 00 00 0F 03 AD E9
2026-09-28T15:24:10.823+00:00,3897.504,RX,baseline,0011E9AD,1,5,01 00 00 AD E9
2026-09-28T15:24:10.828+00:00,3902.234,RX,baseline,00018F88,1,7,01 00 00 0F 03 88 8F
2026-09-28T15:24:10.828+00:00,3902.488,RX,baseline,00118F88,1,5,01 00 00 88 8F
2026-09-28T15:24:10.833+00:00,3907.229,RX,baseline,0001BCC7,1,7,01 00 00 0F 03 C7 BC
2026-09-28T15:24:10.833+00:00,3907.482,RX,baseline,0011BCC7,1,5,01 00 00 C7 BC
2026-09-28T15:24:10.838+00:00,3912.250,RX,baseline,0001F4E3,1,7,01 00 00 0F 03 E3 F4
2026-09-28T15:24:10.838+00:00,3912.496,RX,baseline,0011F4E3,1,5,01 00 00 E3 F4
2026-09-28T15:24:10.843+00:00,3917.236,RX,baseline,000110AA,1,7,01 00 00 0F 03 AA 10
2026-09-28T15:24:10.843+00:00,3917.486,RX,baseline,001110AA,1,5,01 00 00 AA 10
2026-09-28T15:24:10.848+00:00,3922.387,RX,baseline,0001D412,1,7,01 00 00 0F 03 12 D4
2026-09-28T15:24:10.848+00:00,3922.430,RX,baseline,0011D412,1,5,01 00 00 12 D4
2026-09-28T15:24:10.853+00:00,3927.459,RX,baseline,000190CC,1,7,01 00 00 0F 03 CC 90
2026-09-28T15:24:10.853+00:00,3927.538,RX,baseline,001190CC,1,5,01 00 00 CC 90
2026-09-28T15:24:10.858+00:00,3932.391,RX,baseline,00015193,1,7,01 00 00 0F 03 93 51
2026-09-28T15:24:10.858+00:00,3932.434,RX,baseline,00115193,1,5,01 00 00 93 51
2026-09-28T15:24:10.863+00:00,3937.428,RX,baseline,000146F4,1,7,01 00 00 0F 03 F4 46
2026-09-28T15:24:10.863+00:00,3937.508,RX,baseline,001146F4,1,5,01 00 00 F4 46
2026-09-28T15:24:10.868+00:00,3942.386,RX,baseline,0001D515,1,7,01 00 00 0F 03 15 D5
2026-09-28T15:24:10.868+00:00,3942.429,RX,baseline,0011D515,1,5,01 00 00 15 D5
2026-09-28T15:24:10.873+00:00,3947.459,RX,baseline,000154C9,1,7,01 00 00 0F 03 C9 54
2026-09-28T15:24:10.873+00:00,3947.540,RX,baseline,001154C9,1,5,01 00 00 C9 54
2026-09-28T15:24:10.878+00:00,3952.385,RX,baseline,00013AA9,1,7,01 00 00 0F 03 A9 3A
2026-09-28T15:24:10.878+00:00,3952.428,RX,baseline,00113AA9,1,5,01 00 00 A9 3A
2026-09-28T15:24:10.883+00:00,3957.230,RX,baseline,000137FC,1,7,01 00 00 0F 03 FC 37
2026-09-28T15:24:10.883+00:00,3957.463,RX,baseline,001137FC,1,5,01 00 00 FC 37
2026-09-28T15:24:10.888+00:00,3962.403,RX,baseline,00012D3D,1,7,01 00 00 0F 03 3D 2D
2026-09-28T15:24:10.888+00:00,3962.447,RX,baseline,00112D3D,1,5,01 00 00 3D 2D
2026-09-28T15:24:10.893+00:00,3967.466,RX,baseline,00010007,1,7,01 00 00 0F 03 07 00
2026-09-28T15:24:10.893+00:00,3967.546,RX,baseline,00110007,1,5,01 00 00 07 00
2026-09-28T15:24:10.898+00:00,3972.238,RX,baseline,0001C85A,1,7,01 00 00 0F 03 5A C8
2026-09-28T15:24:10.898+00:00,3972.485,RX,baseline,0011C85A,1,5,01 00 00 5A C8
2026-09-28T15:24:10.903+00:00,3977.245,RX,baseline,00017D17,1,7,01 00 00 0F 03 17 7D
2026-09-28T15:24:10.903+00:00,3977.508,RX,baseline,00117D17,1,5,01 00 00 17 7D
2026-09-28T15:24:10.908+00:00,3982.492,RX,baseline,0001CAEF,1,7,01 00 00 0F 03 EF CA
2026-09-28T15:24:10.908+00:00,3982.537,RX,baseline,0011CAEF,1,5,01 00 00 EF CA
2026-09-28T15:24:10.913+00:00,3987.209,RX,baseline,00019292,1,7,01 00 00 0F 03 92 92
2026-09-28T15:24:10.913+00:00,3987.477,RX,baseline,00119292,1,5,01 00 00 92 92
2026-09-28T15:24:10.918+00:00,3992.239,RX,baseline,000106BA,1,7,01 00 00 0F 03 BA 06
2026-09-28T15:24:10.918+00:00,3992.457,RX,baseline,001106BA,1,5,01 00 00 BA 06
2026-09-28T15:24:10.923+00:00,3997.251,RX,baseline,00019463,1,7,01 00 00 0F 03 63 94
2026-09-28T15:24:10.923+00:00,3997.480,RX,baseline,00119463,1,5,01 00 00 63 94
2026-09-28T15:24:10.928+00:00,4002.385,RX,baseline,0001EF83,1,7,01 00 00 0F 03 83 EF
2026-09-28T15:24:10.928+00:00,4002.430,RX,baseline,0011EF83,1,5,01 00 00 83 EF
2026-09-28T15:24:10.933+00:00,4007.230,RX,baseline,000164F3,1,7,01 00 00 0F 03 F3 64
2026-09-28T15:24:10.933+00:00,4007.468,RX,baseline,001164F3,1,5,01 00 00 F3 64
2026-09-28T15:24:10.938+00:00,4012.415,RX,baseline,00017B4E,1,7,01 00 00 0F 03 4E 7B
2026-09-28T15:24:10.938+00:00,4012.458,RX,baseline,00117B4E,1,5,01 00 00 4E 7B
2026-09-28T15:24:10.943+00:00,4017.342,RX,baseline,00018E6C,1,7,01 00 00 0F 03 6C 8E
2026-09-28T15:24:10.943+00:00,4017.385,RX,baseline,00118E6C,1,5,01 00 00 6C 8E
2026-09-28T15:24:10.948+00:00,4022.231,RX,baseline,00015031,1,7,01 00 00 0F 03 31 50
2026-09-28T15:24:10.948+00:00,4022.498,RX,baseline,00115031,1,5,01 00 00 31 50
2026-09-28T15:24:10.953+00:00,4027.287,RX,baseline,000178C0,1,7,01 00 00 0F 03 C0 78
2026-09-28T15:24:10.953+00:00,4027.387,RX,baseline,001178C0,1,5,01 00 00 C0 78
2026-09-28T15:24:10.958+00:00,4032.314,RX,baseline,0001C662,1,7,01 00 00 0F 03 62 C6
2026-09-28T15:24:10.958+00:00,4032.433,RX,baseline,0011C662,1,5,01 00 00 62 C6
2026-09-28T15:24:10.963+00:00,4037.248,RX,baseline,0001EA8D,1,7,01 00 00 0F 03 8D EA
2026-09-28T15:24:10.963+00:00,4037.474,RX,baseline,0011EA8D,1,5,01 00 00 8D EA
2026-09-28T15:24:10.967+00:00,4042.197,RX,baseline,000120CB,1,7,01 00 00 0F 03 CB 20
2026-09-28T15:24:10.968+00:00,4042.431,RX,baseline,001120CB,1,5,01 00 00 CB 20
2026-09-28T15:24:10.973+00:00,4047.251,RX,baseline,0001C1D4,1,7,01 00 00 0F 03 D4 C1
2026-09-28T15:24:10.973+00:00,4047.423,RX,baseline,0011C1D4,1,5,01 00 00 D4 C1
2026-09-28T15:24:10.978+00:00,4052.218,RX,baseline,0001241B,1,7,01 00 00 0F 03 1B 24
2026-09-28T15:24:10.978+00:00,4052.473,RX,baseline,0011241B,1,5,01 00 00 1B 24
2026-09-28T15:24:10.983+00:00,4057.215,RX,baseline,00016617,1,7,01 00 00 0F 03 17 66
2026-09-28T15:24:10.983+00:00,4057.408,RX,baseline,00116617,1,5,01 00 00 17 66
2026-09-28T15:24:10.988+00:00,4062.229,RX,baseline,0001142F,1,7,01 00 00 0F 03 2F 14
2026-09-28T15:24:10.988+00:00,4062.468,RX,baseline,0011142F,1,5,01 00 00 2F 14
2026-09-28T15:24:10.993+00:00,4067.259,RX,baseline,0001845D,1,7,01 00 00 0F 03 5D 84
2026-09-28T15:24:10.993+00:00,4067.405,RX,baseline,0011845D,1,5,01 00 00 5D 84
2026-09-28T15:24:10.998+00:00,4072.354,RX,baseline,0001114B,1,7,01 00 00 0F 03 4B 11
2026-09-28T15:24:10.998+00:00,4072.428,RX,baseline,0011114B,1,5,01 00 00 4B 11
2026-09-28T15:24:11.003+00:00,4077.381,RX,baseline,0001D633,1,7,01 00 00 0F 03 33 D6
2026-09-28T15:24:11.003+00:00,4077.416,RX,baseline,0011D633,1,5,01 00 00 33 D6
2026-09-28T15:24:11.008+00:00,4082.351,RX,baseline,00017E79,1,7,01 00 00 0F 03 79 7E
2026-09-28T15:24:11.008+00:00,4082.425,RX,baseline,00117E79,1,5,01 00 00 79 7E
2026-09-28T15:24:11.013+00:00,4087.390,RX,baseline,00018F9A,1,7,01 00 00 0F 03 9A 8F
2026-09-28T15:24:11.013+00:00,4087.427,RX,baseline,00118F9A,1,5,01 00 00 9A 8F
2026-09-28T15:24:11.018+00:00,4092.415,RX,baseline,0001C007,1,7,01 00 00 0F 03 07 C0
2026-09-28T15:24:11.018+00:00,4092.453,RX,baseline,0011C007,1,5,01 00 00 07 C0
2026-09-28T15:24:11.023+00:00,4097.388,RX,baseline,0001E487,1,7,01 00 00 0F 03 87 E4
2026-09-28T15:24:11.023+00:00,4097.422,RX,baseline,0011E487,1,5,01 00 00 87 E4
2026-09-28T15:24:11.028+00:00,4102.326,RX,baseline,000160FB,1,7,01 00 00 0F 03 FB 60
2026-09-28T15:24:11.028+00:00,4102.426,RX,baseline,001160FB,1,5,01 00 00 FB 60
2026-09-28T15:24:11.033+00:00,4107.301,RX,baseline,00019D60,1,7,01 00 00 0F 03 60 9D
2026-09-28T15:24:11.033+00:00,4107.396,RX,baseline,00119D60,1,5,01 00 00 60 9D
2026-09-28T15:24:11.038+00:00,4112.290,RX,baseline,0001C3F9,1,7,01 00 00 0F 03 F9 C3
2026-09-28T15:24:11.038+00:00,4112.426,RX,baseline,0011C3F9,1,5,01 00 00 F9 C3
2026-09-28T15:24:11.042+00:00,4117.185,RX,baseline,0001F29A,1,7,01 00 00 0F 03 9A F2
2026-09-28T15:24:11.043+00:00,4117.426,RX,baseline,0011F29A,1,5,01 00 00 9A F2
2026-09-28T15:24:11.048+00:00,4122.458,RX,baseline,000173EC,1,7,01 00 00 0F 03 EC 73
2026-09-28T15:24:11.048+00:00,4122.492,RX,baseline,001173EC,1,5,01 00 00 EC 73
2026-09-28T15:24:11.053+00:00,4127.264,RX,baseline,0001AA61,1,7,01 00 00 0F 03 61 AA
2026-09-28T15:24:11.053+00:00,4127.423,RX,baseline,0011AA61,1,5,01 00 00 61 AA
2026-09-28T15:24:11.058+00:00,4132.460,RX,baseline,00017675,1,7,01 00 00 0F 03 75 76
2026-09-28T15:24:11.058+00:00,4132.498,RX,baseline,00117675,1,5,01 00 00 75 76
2026-09-28T15:24:11.063+00:00,4137.332,RX,baseline,0001DBF7,1,7,01 00 00 0F 03 F7 DB
2026-09-28T15:24:11.063+00:00,4137.423,RX,baseline,0011DBF7,1,5,01 00 00 F7 DB
2026-09-28T15:24:11.068+00:00,4142.482,RX,baseline,000135E2,1,7,01 00 00 0F 03 E2 35
2026-09-28T15:24:11.068+00:00,4142.519,RX,baseline,001135E2,1,5,01 00 00 E2 35
2026-09-28T15:24:11.073+00:00,4147.245,RX,baseline,0001272B,1,7,01 00 00 0F 03 2B 27
2026-09-28T15:24:11.073+00:00,4147.397,RX,baseline,0011272B,1,5,01 00 00 2B 27
2026-09-28T15:24:11.078+00:00,4152.236,RX,baseline,0001C64C,1,7,01 00 00 0F 03 4C C6
2026-09-28T15:24:11.078+00:00,4152.396,RX,baseline,0011C64C,1,5,01 00 00 4C C6
2026-09-28T15:24:11.083+00:00,4157.245,RX,baseline,0001C713,1,7,01 00 00 0F 03 13 C7
2026-09-28T15:24:11.083+00:00,4157.397,RX,baseline,0011C713,1,5,01 00 00 13 C7
2026-09-28T15:24:11.088+00:00,4162.202,RX,baseline,00011101,1,7,01 00 00 0F 03 01 11
2026-09-28T15:24:11.088+00:00,4162.400,RX,baseline,00111101,1,5,01 00 00 01 11
2026-09-28T15:24:11.093+00:00,4167.336,RX,baseline,000165F1,1,7,01 00 00 0F 03 F1 65
2026-09-28T15:24:11.093+00:00,4167.408,RX,baseline,001165F1,1,5,01 00 00 F1 65
2026-09-28T15:24:11.098+00:00,4172.333,RX,baseline,00019363,1,7,01 00 00 0F 03 63 93
2026-09-28T15:24:11.098+00:00,4172.424,RX,baseline,00119363,1,5,01 00 00 63 93
2026-09-28T15:24:11.103+00:00,4177.324,RX,baseline,000100EE,1,7,01 00 00 0F 03 EE 00
2026-09-28T15:24:11.103+00:00,4177.401,RX,baseline,001100EE,1,5,01 00 00 EE 00
2026-09-28T15:24:11.108+00:00,4182.329,RX,baseline,000149F0,1,7,01 00 00 0F 03 F0 49
2026-09-28T15:24:11.108+00:00,4182.421,RX,baseline,001149F0,1,5,01 00 00 F0 49
2026-09-28T15:24:11.113+00:00,4187.339,RX,baseline,0001E10C,1,7,01 00 00 0F 03 0C E1
2026-09-28T15:24:11.113+00:00,4187.404,RX,baseline,0011E10C,1,5,01 00 00 0C E1
2026-09-28T15:24:11.118+00:00,4192.377,RX,baseline,00015202,1,7,01 00 00 0F 03 02 52
2026-09-28T15:24:11.118+00:00,4192.458,RX,baseline,00115202,1,5,01 00 00 02 52
2026-09-28T15:24:11.123+00:00,4197.360,RX,baseline,0001C77B,1,7,01 00 00 0F 03 7B C7
2026-09-28T15:24:11.123+00:00,4197.400,RX,baseline,0011C77B,1,5,01 00 00 7B C7
2026-09-28T15:24:11.128+00:00,4202.322,RX,baseline,0001208E,1,7,01 00 00 0F 03 8E 20
2026-09-28T15:24:11.128+00:00,4202.401,RX,baseline,0011208E,1,5,01 00 00 8E 20
2026-09-28T15:24:11.133+00:00,4207.394,RX,baseline,0001863F,1,7,01 00 00 0F 03 3F 86
2026-09-28T15:24:11.133+00:00,4207.426,RX,baseline,0011863F,1,5,01 00 00 3F 86
2026-09-28T15:24:11.138+00:00,4212.325,RX,baseline,00019DEC,1,7,01 00 00 0F 03 EC 9D
2026-09-28T15:24:11.138+00:00,4212.396,RX,baseline,00119DEC,1,5,01 00 00 EC 9D
2026-09-28T15:24:11.143+00:00,4217.392,RX,baseline,00010EC0,1,7,01 00 00 0F 03 C0 0E
2026-09-28T15:24:11.143+00:00,4217.436,RX,baseline,00110EC0,1,5,01 00 00 C0 0E
2026-09-28T15:24:11.148+00:00,4222.265,RX,baseline,0001F668,1,7,01 00 00 0F 03 68 F6
2026-09-28T15:24:11.148+00:00,4222.396,RX,baseline,0011F668,1,5,01 00 00 68 F6
2026-09-28T15:24:11.153+00:00,4227.270,RX,baseline,00010ABC,1,7,01 00 00 0F 03 BC 0A
2026-09-28T15:24:11.153+00:00,4227.405,RX,baseline,00110ABC,1,5,01 00 00 BC 0A
2026-09-28T15:24:11.158+00:00,4232.262,RX,baseline,0001C132,1,7,01 00 00 0F 03 32 C1
2026-09-28T15:24:11.158+00:00,4232.398,RX,baseline,0011C132,1,5,01 00 00 32 C1
2026-09-28T15:24:11.163+00:00,4237.289,RX,baseline,000158BC,1,7,01 00 00 0F 03 BC 58
2026-09-28T15:24:11.163+00:00,4237.395,RX,baseline,001158BC,1,5,01 00 00 BC 58
2026-09-28T15:24:11.168+00:00,4242.255,RX,baseline,000126E8,1,7,01 00 00 0F 03 E8 26
2026-09-28T15:24:11.168+00:00,4242.396,RX,baseline,001126E8,1,5,01 00 00 E8 26
2026-09-28T15:24:11.173+00:00,4247.287,RX,baseline,00013FEA,1,7,01 00 00 0F 03 EA 3F
2026-09-28T15:24:11.173+00:00,4247.393,RX,baseline,00113FEA,1,5,01 00 00 EA 3F
2026-09-28T15:24:11.178+00:00,4252.247,RX,baseline,00014EC6,1,7,01 00 00 0F 03 C6 4E
2026-09-28T15:24:11.178+00:00,4252.391,RX,baseline,00114EC6,1,5,01 00 00 C6 4E
2026-09-28T15:24:11.183+00:00,4257.288,RX,baseline,0001980B,1,7,01 00 00 0F 03 0B 98
2026-09-28T15:24:11.183+00:00,4257.397,RX,baseline,0011980B,1,5,01 00 00 0B 98
2026-09-28T15:24:11.188+00:00,4262.267,RX,baseline,0001494D,1,7,01 00 00 0F 03 4D 49
2026-09-28T15:24:11.188+00:00,4262.395,RX,baseline,0011494D,1,5,01 00 00 4D 49
2026-09-28T15:24:11.193+00:00,4267.287,RX,baseline,000150E3,1,7,01 00 00 0F 03 E3 50
2026-09-28T15:24:11.193+00:00,4267.398,RX,baseline,001150E3,1,5,01 00 00 E3 50
2026-09-28T15:24:11.198+00:00,4272.434,RX,baseline,0001A0D2,1,7,01 00 00 0F 03 D2 A0
2026-09-28T15:24:11.198+00:00,4272.471,RX,baseline,0011A0D2,1,5,01 00 00 D2 A0
2026-09-28T15:24:11.203+00:00,4277.246,RX,baseline,0001D94A,1,7,01 00 00 0F 03 4A D9
2026-09-28T15:24:11.203+00:00,4277.395,RX,baseline,0011D94A,1,5,01 00 00 4A D9
2026-09-28T15:24:11.208+00:00,4282.310,RX,baseline,0001385D,1,7,01 00 00 0F 03 5D 38
2026-09-28T15:24:11.208+00:00,4282.396,RX,baseline,0011385D,1,5,01 00 00 5D 38
2026-09-28T15:24:11.213+00:00,4287.234,RX,baseline,00012CBF,1,7,01 00 00 0F 03 BF 2C
2026-09-28T15:24:11.213+00:00,4287.400,RX,baseline,00112CBF,1,5,01 00 00 BF 2C
2026-09-28T15:24:11.218+00:00,4292.310,RX,baseline,000182C5,1,7,01 00 00 0F 03 C5 82
2026-09-28T15:24:11.218+00:00,4292.393,RX,baseline,001182C5,1,5,01 00 00 C5 82
2026-09-28T15:24:11.223+00:00,4297.436,RX,baseline,0001333A,1,7,01 00 00 0F 03 3A 33
2026-09-28T15:24:11.223+00:00,4297.471,RX,baseline,0011333A,1,5,01 00 00 3A 33
2026-09-28T15:24:11.227+00:00,4302.193,RX,baseline,00010FDC,1,7,01 00 00 0F 03 DC 0F
2026-09-28T15:24:11.228+00:00,4302.402,RX,baseline,00110FDC,1,5,01 00 00 DC 0F
2026-09-28T15:24:11.232+00:00,4307.191,RX,baseline,0001C992,1,7,01 00 00 0F 03 92 C9
2026-09-28T15:24:11.233+00:00,4307.380,RX,baseline,0011C992,1,5,01 00 00 92 C9
2026-09-28T15:24:11.238+00:00,4312.212,RX,baseline,0001AB31,1,7,01 00 00 0F 03 31 AB
2026-09-28T15:24:11.238+00:00,4312.402,RX,baseline,0011AB31,1,5,01 00 00 31 AB
2026-09-28T15:24:11.242+00:00,4317.159,RX,baseline,000189A6,1,7,01 00 00 0F 03 A6 89
2026-09-28T15:24:11.243+00:00,4317.397,RX,baseline,001189A6,1,5,01 00 00 A6 89
2026-09-28T15:24:11.248+00:00,4322.318,RX,baseline,00013FBA,1,7,01 00 00 0F 03 BA 3F
2026-09-28T15:24:11.248+00:00,4322.369,RX,baseline,00113FBA,1,5,01 00 00 BA 3F
2026-09-28T15:24:11.252+00:00,4327.164,RX,baseline,00016835,1,7,01 00 00 0F 03 35 68
2026-09-28T15:24:11.253+00:00,4327.412,RX,baseline,00116835,1,5,01 00 00 35 68
2026-09-28T15:24:11.258+00:00,4332.315,RX,baseline,00015557,1,7,01 00 00 0F 03 57 55
2026-09-28T15:24:11.258+00:00,4332.488,RX,baseline,00115557,1,5,01 00 00 57 55
2026-09-28T15:24:11.263+00:00,4337.249,RX,baseline,00015F05,1,7,01 00 00 0F 03 05 5F
2026-09-28T15:24:11.263+00:00,4337.375,RX,baseline,00115F05,1,5,01 00 00 05 5F
2026-09-28T15:24:11.268+00:00,4342.285,RX,baseline,0001AD0F,1,7,01 00 00 0F 03 0F AD
2026-09-28T15:24:11.268+00:00,4342.437,RX,baseline,0011AD0F,1,5,01 00 00 0F AD
2026-09-28T15:24:11.273+00:00,4347.300,RX,baseline,000100C7,1,7,01 00 00 0F 03 C7 00
2026-09-28T15:24:11.273+00:00,4347.376,RX,baseline,001100C7,1,5,01 00 00 C7 00
2026-09-28T15:24:11.278+00:00,4352.305,RX,baseline,0001CE7E,1,7,01 00 00 0F 03 7E CE
2026-09-28T15:24:11.278+00:00,4352.499,RX,baseline,0011CE7E,1,5,01 00 00 7E CE
2026-09-28T15:24:11.283+00:00,4357.314,RX,baseline,00019CDF,1,7,01 00 00 0F 03 DF 9C
2026-09-28T15:24:11.283+00:00,4357.412,RX,baseline,00119CDF,1,5,01 00 00 DF 9C
2026-09-28T15:24:11.288+00:00,4362.287,RX,baseline,0001B8C7,1,7,01 00 00 0F 03 C7 B8
2026-09-28T15:24:11.288+00:00,4362.378,RX,baseline,0011B8C7,1,5,01 00 00 C7 B8
2026-09-28T15:24:11.293+00:00,4367.308,RX,baseline,000177F2,1,7,01 00 00 0F 03 F2 77
2026-09-28T15:24:11.293+00:00,4367.403,RX,baseline,001177F2,1,5,01 00 00 F2 77
2026-09-28T15:24:11.297+00:00,4372.137,RX,baseline,00010707,1,7,01 00 00 0F 03 07 07
2026-09-28T15:24:11.298+00:00,4372.374,RX,baseline,00110707,1,5,01 00 00 07 07
2026-09-28T15:24:11.303+00:00,4377.238,RX,baseline,000182EF,1,7,01 00 00 0F 03 EF 82
2026-09-28T15:24:11.303+00:00,4377.356,RX,baseline,001182EF,1,5,01 00 00 EF 82
2026-09-28T15:24:11.307+00:00,4382.141,RX,baseline,00014C1B,1,7,01 00 00 0F 03 1B 4C
2026-09-28T15:24:11.308+00:00,4382.371,RX,baseline,00114C1B,1,5,01 00 00 1B 4C
2026-09-28T15:24:11.312+00:00,4387.192,RX,baseline,0001F0ED,1,7,01 00 00 0F 03 ED F0
2026-09-28T15:24:11.313+00:00,4387.379,RX,baseline,0011F0ED,1,5,01 00 00 ED F0
2026-09-28T15:24:11.317+00:00,4392.156,RX,baseline,00012340,1,7,01 00 00 0F 04 40 23
2026-09-28T15:24:11.318+00:00,4392.396,RX,baseline,00112340,1,5,01 00 00 40 23
2026-09-28T15:24:11.322+00:00,4397.186,RX,baseline,0001410C,1,7,01 00 00 0F 03 0C 41
2026-09-28T15:24:11.323+00:00,4397.376,RX,baseline,0011410C,1,5,01 00 00 0C 41
2026-09-28T15:24:11.328+00:00,4402.341,RX,baseline,0001E6C6,1,7,01 00 00 0F 03 C6 E6
2026-09-28T15:24:11.328+00:00,4402.415,RX,baseline,0011E6C6,1,5,01 00 00 C6 E6
2026-09-28T15:24:11.333+00:00,4407.347,RX,baseline,00014044,1,7,01 00 00 0F 03 44 40
2026-09-28T15:24:11.333+00:00,4407.437,RX,baseline,00114044,1,5,01 00 00 44 40
2026-09-28T15:24:11.338+00:00,4412.284,RX,baseline,00010FFA,1,7,01 00 00 0F 03 FA 0F
2026-09-28T15:24:11.338+00:00,4412.383,RX,baseline,00110FFA,1,5,01 00 00 FA 0F
2026-09-28T15:24:11.343+00:00,4417.286,RX,baseline,000103C7,1,7,01 00 00 0F 03 C7 03
2026-09-28T15:24:11.343+00:00,4417.348,RX,baseline,001103C7,1,5,01 00 00 C7 03
2026-09-28T15:24:11.347+00:00,4422.144,RX,baseline,0001B6F3,1,7,01 00 00 0F 03 F3 B6
2026-09-28T15:24:11.348+00:00,4422.373,RX,baseline,0011B6F3,1,5,01 00 00 F3 B6
2026-09-28T15:24:11.352+00:00,4427.139,RX,baseline,00010B59,1,7,01 00 00 0F 03 59 0B
2026-09-28T15:24:11.353+00:00,4427.369,RX,baseline,00110B59,1,5,01 00 00 59 0B
2026-09-28T15:24:11.358+00:00,4432.210,RX,baseline,0001FADB,1,7,01 00 00 0F 03 DB FA
2026-09-28T15:24:11.358+00:00,4432.384,RX,baseline,0011FADB,1,5,01 00 00 DB FA
2026-09-28T15:24:11.362+00:00,4437.135,RX,baseline,00018BD3,1,7,01 00 00 0F 03 D3 8B
2026-09-28T15:24:11.363+00:00,4437.372,RX,baseline,00118BD3,1,5,01 00 00 D3 8B
2026-09-28T15:24:11.367+00:00,4442.145,RX,baseline,0001AAF8,1,7,01 00 00 0F 03 F8 AA
2026-09-28T15:24:11.368+00:00,4442.372,RX,baseline,0011AAF8,1,5,01 00 00 F8 AA
2026-09-28T15:24:11.372+00:00,4447.140,RX,baseline,00012CA9,1,7,01 00 00 0F 03 A9 2C
2026-09-28T15:24:11.373+00:00,4447.376,RX,baseline,00112CA9,1,5,01 00 00 A9 2C
2026-09-28T15:24:11.377+00:00,4452.136,RX,baseline,00010E74,1,7,01 00 00 0F 03 74 0E
2026-09-28T15:24:11.378+00:00,4452.371,RX,baseline,00110E74,1,5,01 00 00 74 0E
2026-09-28T15:24:11.383+00:00,4457.272,RX,baseline,00012C28,1,7,01 00 00 0F 03 28 2C
2026-09-28T15:24:11.383+00:00,4457.381,RX,baseline,00112C28,1,5,01 00 00 28 2C
2026-09-28T15:24:11.387+00:00,4462.131,RX,baseline,00016CC4,1,7,01 00 00 0F 03 C4 6C
2026-09-28T15:24:11.388+00:00,4462.370,RX,baseline,00116CC4,1,5,01 00 00 C4 6C
2026-09-28T15:24:11.393+00:00,4467.280,RX,baseline,00011CCE,1,7,01 00 00 0F 03 CE 1C
2026-09-28T15:24:11.393+00:00,4467.372,RX,baseline,00111CCE,1,5,01 00 00 CE 1C
2026-09-28T15:24:11.398+00:00,4472.286,RX,baseline,0001D212,1,7,01 00 00 0F 03 12 D2
2026-09-28T15:24:11.398+00:00,4472.375,RX,baseline,0011D212,1,5,01 00 00 12 D2
2026-09-28T15:24:11.403+00:00,4477.339,RX,baseline,00017EE5,1,7,01 00 00 0F 03 E5 7E
2026-09-28T15:24:11.403+00:00,4477.419,RX,baseline,00117EE5,1,5,01 00 00 E5 7E
2026-09-28T15:24:11.407+00:00,4482.145,RX,baseline,00019B17,1,7,01 00 00 0F 03 17 9B
2026-09-28T15:24:11.408+00:00,4482.370,RX,baseline,00119B17,1,5,01 00 00 17 9B
2026-09-28T15:24:11.413+00:00,4487.413,RX,baseline,00011047,1,7,01 00 00 0F 03 47 10
2026-09-28T15:24:11.413+00:00,4487.452,RX,baseline,00111047,1,5,01 00 00 47 10
2026-09-28T15:24:11.418+00:00,4492.293,RX,baseline,0001D954,1,7,01 00 00 0F 03 54 D9
2026-09-28T15:24:11.418+00:00,4492.331,RX,baseline,0011D954,1,5,01 00 00 54 D9
2026-09-28T15:24:11.423+00:00,4497.363,RX,baseline,00013CF9,1,7,01 00 00 0F 03 F9 3C
2026-09-28T15:24:11.423+00:00,4497.418,RX,baseline,00113CF9,1,5,01 00 00 F9 3C
2026-09-28T15:24:11.427+00:00,4502.140,RX,baseline,0001A476,1,7,01 00 00 0F 03 76 A4
2026-09-28T15:24:11.428+00:00,4502.369,RX,baseline,0011A476,1,5,01 00 00 76 A4
2026-09-28T15:24:11.432+00:00,4507.189,RX,baseline,000179FA,1,7,01 00 00 0F 03 FA 79
2026-09-28T15:24:11.433+00:00,4507.433,RX,baseline,001179FA,1,5,01 00 00 FA 79
2026-09-28T15:24:11.437+00:00,4512.182,RX,baseline,0001537F,1,7,01 00 00 0F 03 7F 53
2026-09-28T15:24:11.438+00:00,4512.428,RX,baseline,0011537F,1,5,01 00 00 7F 53
2026-09-28T15:24:11.442+00:00,4517.176,RX,baseline,00011080,1,7,01 00 00 0F 03 80 10
2026-09-28T15:24:11.443+00:00,4517.430,RX,baseline,00111080,1,5,01 00 00 80 10
2026-09-28T15:24:11.448+00:00,4522.226,RX,baseline,000107DD,1,7,01 00 00 0F 03 DD 07
2026-09-28T15:24:11.448+00:00,4522.422,RX,baseline,001107DD,1,5,01 00 00 DD 07
2026-09-28T15:24:11.453+00:00,4527.194,RX,baseline,00012E75,1,7,01 00 00 0F 03 75 2E
2026-09-28T15:24:11.453+00:00,4527.388,RX,baseline,00112E75,1,5,01 00 00 75 2E
2026-09-28T15:24:11.457+00:00,4532.160,RX,baseline,00017E93,1,7,01 00 00 0F 03 93 7E
2026-09-28T15:24:11.458+00:00,4532.405,RX,baseline,00117E93,1,5,01 00 00 93 7E
2026-09-28T15:24:11.462+00:00,4537.191,RX,baseline,000165ED,1,7,01 00 00 0F 03 ED 65
2026-09-28T15:24:11.463+00:00,4537.401,RX,baseline,001165ED,1,5,01 00 00 ED 65
2026-09-28T15:24:11.467+00:00,4542.185,RX,baseline,00013F31,1,7,01 00 00 0F 03 31 3F
2026-09-28T15:24:11.468+00:00,4542.424,RX,baseline,00113F31,1,5,01 00 00 31 3F
2026-09-28T15:24:11.472+00:00,4547.180,RX,baseline,0001DBF6,1,7,01 00 00 0F 03 F6 DB
2026-09-28T15:24:11.473+00:00,4547.433,RX,baseline,0011DBF6,1,5,01 00 00 F6 DB
2026-09-28T15:24:11.477+00:00,4552.179,RX,baseline,00015A1D,1,7,01 00 00 0F 03 1D 5A
2026-09-28T15:24:11.478+00:00,4552.425,RX,baseline,00115A1D,1,5,01 00 00 1D 5A
2026-09-28T15:24:11.482+00:00,4557.174,RX,baseline,00012FEC,1,7,01 00 00 0F 03 EC 2F
2026-09-28T15:24:11.483+00:00,4557.425,RX,baseline,00112FEC,1,5,01 00 00 EC 2F
2026-09-28T15:24:11.487+00:00,4562.183,RX,baseline,0001E77C,1,7,01 00 00 0F 03 7C E7
2026-09-28T15:24:11.488+00:00,4562.419,RX,baseline,0011E77C,1,5,01 00 00 7C E7
2026-09-28T15:24:11.492+00:00,4567.178,RX,baseline,00013730,1,7,01 00 00 0F 03 30 37
2026-09-28T15:24:11.493+00:00,4567.431,RX,baseline,00113730,1,5,01 00 00 30 37
2026-09-28T15:24:11.497+00:00,4572.157,RX,baseline,000121C9,1,7,01 00 00 0F 03 C9 21
2026-09-28T15:24:11.498+00:00,4572.344,RX,baseline,001121C9,1,5,01 00 00 C9 21
2026-09-28T15:24:11.502+00:00,4577.180,RX,baseline,0001C204,1,7,01 00 00 0F 03 04 C2
2026-09-28T15:24:11.503+00:00,4577.380,RX,baseline,0011C204,1,5,01 00 00 04 C2
2026-09-28T15:24:11.507+00:00,4582.179,RX,baseline,0001C2D6,1,7,01 00 00 0F 03 D6 C2
2026-09-28T15:24:11.508+00:00,4582.387,RX,baseline,0011C2D6,1,5,01 00 00 D6 C2
2026-09-28T15:24:11.512+00:00,4587.155,RX,baseline,000168CA,1,7,01 00 00 0F 03 CA 68
2026-09-28T15:24:11.513+00:00,4587.394,RX,baseline,001168CA,1,5,01 00 00 CA 68
2026-09-28T15:24:11.517+00:00,4592.157,RX,baseline,0001F3BE,1,7,01 00 00 0F 03 BE F3
2026-09-28T15:24:11.518+00:00,4592.399,RX,baseline,0011F3BE,1,5,01 00 00 BE F3
2026-09-28T15:24:11.522+00:00,4597.153,RX,baseline,0001A5FE,1,7,01 00 00 0F 03 FE A5
2026-09-28T15:24:11.523+00:00,4597.398,RX,baseline,0011A5FE,1,5,01 00 00 FE A5
2026-09-28T15:24:11.528+00:00,4602.241,RX,baseline,0001D823,1,7,01 00 00 0F 03 23 D8
2026-09-28T15:24:11.528+00:00,4602.398,RX,baseline,0011D823,1,5,01 00 00 23 D8
2026-09-28T15:24:11.533+00:00,4607.200,RX,baseline,00014BA7,1,7,01 00 00 0F 03 A7 4B
2026-09-28T15:24:11.533+00:00,4607.392,RX,baseline,00114BA7,1,5,01 00 00 A7 4B
2026-09-28T15:24:11.538+00:00,4612.203,RX,baseline,000136A9,1,7,01 00 00 0F 03 A9 36
2026-09-28T15:24:11.538+00:00,4612.392,RX,baseline,001136A9,1,5,01 00 00 A9 36
2026-09-28T15:24:11.542+00:00,4617.171,RX,baseline,00016008,1,7,01 00 00 0F 03 08 60
2026-09-28T15:24:11.543+00:00,4617.407,RX,baseline,00116008,1,5,01 00 00 08 60
2026-09-28T15:24:11.547+00:00,4622.151,RX,baseline,00017882,1,7,01 00 00 0F 03 82 78
2026-09-28T15:24:11.548+00:00,4622.399,RX,baseline,00117882,1,5,01 00 00 82 78
2026-09-28T15:24:11.552+00:00,4627.155,RX,baseline,0001BFE7,1,7,01 00 00 0F 03 E7 BF
2026-09-28T15:24:11.553+00:00,4627.403,RX,baseline,0011BFE7,1,5,01 00 00 E7 BF
2026-09-28T15:24:11.557+00:00,4632.143,RX,baseline,00015B95,1,7,01 00 00 0F 03 95 5B
2026-09-28T15:24:11.558+00:00,4632.397,RX,baseline,00115B95,1,5,01 00 00 95 5B
2026-09-28T15:24:11.562+00:00,4637.113,RX,baseline,00014598,1,7,01 00 00 0F 03 98 45
2026-09-28T15:24:11.563+00:00,4637.364,RX,baseline,00114598,1,5,01 00 00 98 45
2026-09-28T15:24:11.567+00:00,4642.105,RX,baseline,00014680,1,7,01 00 00 0F 03 80 46
2026-09-28T15:24:11.568+00:00,4642.338,RX,baseline,00114680,1,5,01 00 00 80 46
2026-09-28T15:24:11.572+00:00,4647.107,RX,baseline,0001FEB0,1,7,01 00 00 0F 03 B0 FE
2026-09-28T15:24:11.573+00:00,4647.342,RX,baseline,0011FEB0,1,5,01 00 00 B0 FE
2026-09-28T15:24:11.577+00:00,4652.106,RX,baseline,00014B80,1,7,01 00 00 0F 03 80 4B
2026-09-28T15:24:11.578+00:00,4652.343,RX,baseline,00114B80,1,5,01 00 00 80 4B
2026-09-28T15:24:11.582+00:00,4657.142,RX,baseline,00014311,1,7,01 00 00 0F 03 11 43
2026-09-28T15:24:11.583+00:00,4657.397,RX,baseline,00114311,1,5,01 00 00 11 43
2026-09-28T15:24:11.587+00:00,4662.156,RX,baseline,00014F0F,1,7,01 00 00 0F 03 0F 4F
2026-09-28T15:24:11.588+00:00,4662.397,RX,baseline,00114F0F,1,5,01 00 00 0F 4F
2026-09-28T15:24:11.592+00:00,4667.146,RX,baseline,0001EAAC,1,7,01 00 00 0F 03 AC EA
2026-09-28T15:24:11.593+00:00,4667.332,RX,baseline,0011EAAC,1,5,01 00 00 AC EA
2026-09-28T15:24:11.597+00:00,4672.156,RX,baseline,000100AD,1,7,01 00 00 0F 03 AD 00
2026-09-28T15:24:11.598+00:00,4672.396,RX,baseline,001100AD,1,5,01 00 00 AD 00
2026-09-28T15:24:11.602+00:00,4677.119,RX,baseline,0001BC27,1,7,01 00 00 0F 03 27 BC
2026-09-28T15:24:11.603+00:00,4677.373,RX,baseline,0011BC27,1,5,01 00 00 27 BC
2026-09-28T15:24:11.607+00:00,4682.110,RX,baseline,00012838,1,7,01 00 00 0F 03 38 28
2026-09-28T15:24:11.608+00:00,4682.354,RX,baseline,00112838,1,5,01 00 00 38 28
2026-09-28T15:24:11.612+00:00,4687.111,RX,baseline,00015550,1,7,01 00 00 0F 03 50 55
2026-09-28T15:24:11.613+00:00,4687.422,RX,baseline,00115550,1,5,01 00 00 50 55
2026-09-28T15:24:11.617+00:00,4692.115,RX,baseline,000123BA,1,7,01 00 00 0F 03 BA 23
2026-09-28T15:24:11.618+00:00,4692.377,RX,baseline,001123BA,1,5,01 00 00 BA 23
2026-09-28T15:24:11.622+00:00,4697.111,RX,baseline,00015702,1,7,01 00 00 0F 03 02 57
2026-09-28T15:24:11.623+00:00,4697.390,RX,baseline,00115702,1,5,01 00 00 02 57
2026-09-28T15:24:11.627+00:00,4702.109,RX,baseline,0001E592,1,7,01 00 00 0F 03 92 E5
2026-09-28T15:24:11.628+00:00,4702.351,RX,baseline,0011E592,1,5,01 00 00 92 E5
2026-09-28T15:24:11.632+00:00,4707.118,RX,baseline,000160E1,1,7,01 00 00 0F 03 E1 60
2026-09-28T15:24:11.633+00:00,4707.343,RX,baseline,001160E1,1,5,01 00 00 E1 60
2026-09-28T15:24:11.637+00:00,4712.110,RX,baseline,00017C70,1,7,01 00 00 0F 03 70 7C
2026-09-28T15:24:11.638+00:00,4712.350,RX,baseline,00117C70,1,5,01 00 00 70 7C
2026-09-28T15:24:11.642+00:00,4717.114,RX,baseline,0001BA23,1,7,01 00 00 0F 03 23 BA
2026-09-28T15:24:11.643+00:00,4717.348,RX,baseline,0011BA23,1,5,01 00 00 23 BA
2026-09-28T15:24:11.647+00:00,4722.110,RX,baseline,00013E71,1,7,01 00 00 0F 03 71 3E
2026-09-28T15:24:11.648+00:00,4722.350,RX,baseline,00113E71,1,5,01 00 00 71 3E
2026-09-28T15:24:11.652+00:00,4727.104,RX,baseline,0001C337,1,7,01 00 00 0F 03 37 C3
2026-09-28T15:24:11.653+00:00,4727.348,RX,baseline,0011C337,1,5,01 00 00 37 C3
2026-09-28T15:24:11.657+00:00,4732.107,RX,baseline,0001B25D,1,7,01 00 00 0F 03 5D B2
2026-09-28T15:24:11.658+00:00,4732.350,RX,baseline,0011B25D,1,5,01 00 00 5D B2
2026-09-28T15:24:11.662+00:00,4737.108,RX,baseline,00017509,1,7,01 00 00 0F 03 09 75
2026-09-28T15:24:11.663+00:00,4737.349,RX,baseline,00117509,1,5,01 00 00 09 75
2026-09-28T15:24:11.667+00:00,4742.114,RX,baseline,000191DD,1,7,01 00 00 0F 03 DD 91
2026-09-28T15:24:11.668+00:00,4742.361,RX,baseline,001191DD,1,5,01 00 00 DD 91
2026-09-28T15:24:11.672+00:00,4747.113,RX,baseline,0001113F,1,7,01 00 00 0F 03 3F 11
2026-09-28T15:24:11.673+00:00,4747.352,RX,baseline,0011113F,1,5,01 00 00 3F 11
2026-09-28T15:24:11.677+00:00,4752.112,RX,baseline,0001A122,1,7,01 00 00 0F 03 22 A1
2026-09-28T15:24:11.678+00:00,4752.351,RX,baseline,0011A122,1,5,01 00 00 22 A1
2026-09-28T15:24:11.682+00:00,4757.114,RX,baseline,0001CF93,1,7,01 00 00 0F 03 93 CF
2026-09-28T15:24:11.683+00:00,4757.356,RX,baseline,0011CF93,1,5,01 00 00 93 CF
2026-09-28T15:24:11.687+00:00,4762.117,RX,baseline,0001F049,1,7,01 00 00 0F 03 49 F0
2026-09-28T15:24:11.688+00:00,4762.354,RX,baseline,0011F049,1,5,01 00 00 49 F0
2026-09-28T15:24:11.692+00:00,4767.115,RX,baseline,00012341,1,7,01 00 00 0F 03 41 23
2026-09-28T15:24:11.693+00:00,4767.351,RX,baseline,00112341,1,5,01 00 00 41 23
2026-09-28T15:24:11.697+00:00,4772.107,RX,baseline,00011C8B,1,7,01 00 00 0F 03 8B 1C
2026-09-28T15:24:11.698+00:00,4772.354,RX,baseline,00111C8B,1,5,01 00 00 8B 1C
2026-09-28T15:24:11.702+00:00,4777.118,RX,baseline,00017423,1,7,01 00 00 0F 03 23 74
2026-09-28T15:24:11.703+00:00,4777.346,RX,baseline,00117423,1,5,01 00 00 23 74
2026-09-28T15:24:11.707+00:00,4782.106,RX,baseline,00014AFF,1,7,01 00 00 0F 03 FF 4A
2026-09-28T15:24:11.708+00:00,4782.354,RX,baseline,00114AFF,1,5,01 00 00 FF 4A
2026-09-28T15:24:11.712+00:00,4787.121,RX,baseline,000151E6,1,7,01 00 00 0F 03 E6 51
2026-09-28T15:24:11.713+00:00,4787.346,RX,baseline,001151E6,1,5,01 00 00 E6 51
2026-09-28T15:24:11.717+00:00,4792.146,RX,baseline,00016463,1,7,01 00 00 0F 03 63 64
2026-09-28T15:24:11.718+00:00,4792.338,RX,baseline,00116463,1,5,01 00 00 63 64
2026-09-28T15:24:11.722+00:00,4797.109,RX,baseline,00017C86,1,7,01 00 00 0F 03 86 7C
2026-09-28T15:24:11.723+00:00,4797.343,RX,baseline,00117C86,1,5,01 00 00 86 7C
2026-09-28T15:24:11.727+00:00,4802.075,RX,baseline,0001595B,1,7,01 00 00 0F 03 5B 59
2026-09-28T15:24:11.728+00:00,4802.346,RX,baseline,0011595B,1,5,01 00 00 5B 59
2026-09-28T15:24:11.732+00:00,4807.100,RX,baseline,0001CFF6,1,7,01 00 00 0F 03 F6 CF
2026-09-28T15:24:11.733+00:00,4807.350,RX,baseline,0011CFF6,1,5,01 00 00 F6 CF
2026-09-28T15:24:11.737+00:00,4812.115,RX,baseline,0001BC04,1,7,01 00 00 0F 03 04 BC
2026-09-28T15:24:11.738+00:00,4812.314,RX,baseline,0011BC04,1,5,01 00 00 04 BC
2026-09-28T15:24:11.742+00:00,4817.111,RX,baseline,00010D96,1,7,01 00 00 0F 03 96 0D
2026-09-28T15:24:11.743+00:00,4817.351,RX,baseline,00110D96,1,5,01 00 00 96 0D
2026-09-28T15:24:11.747+00:00,4822.089,RX,baseline,0001CBBF,1,7,01 00 00 0F 03 BF CB
2026-09-28T15:24:11.748+00:00,4822.391,RX,baseline,0011CBBF,1,5,01 00 00 BF CB
2026-09-28T15:24:11.752+00:00,4827.122,RX,baseline,0001F0E4,1,7,01 00 00 0F 03 E4 F0
2026-09-28T15:24:11.753+00:00,4827.401,RX,baseline,0011F0E4,1,5,01 00 00 E4 F0
2026-09-28T15:24:11.757+00:00,4832.120,RX,baseline,0001F9B1,1,7,01 00 00 0F 03 B1 F9
2026-09-28T15:24:11.758+00:00,4832.394,RX,baseline,0011F9B1,1,5,01 00 00 B1 F9
2026-09-28T15:24:11.762+00:00,4837.122,RX,baseline,0001459B,1,7,01 00 00 0F 03 9B 45
2026-09-28T15:24:11.763+00:00,4837.389,RX,baseline,0011459B,1,5,01 00 00 9B 45
2026-09-28T15:24:11.767+00:00,4842.088,RX,baseline,00013C41,1,7,01 00 00 0F 03 41 3C
2026-09-28T15:24:11.768+00:00,4842.388,RX,baseline,00113C41,1,5,01 00 00 41 3C
2026-09-28T15:24:11.772+00:00,4847.133,RX,baseline,0001840B,1,7,01 00 00 0F 03 0B 84
2026-09-28T15:24:11.773+00:00,4847.382,RX,baseline,0011840B,1,5,01 00 00 0B 84
2026-09-28T15:24:11.777+00:00,4852.098,RX,baseline,000115A2,1,7,01 00 00 0F 03 A2 15
2026-09-28T15:24:11.778+00:00,4853.006,RX,baseline,001115A2,1,5,01 00 00 A2 15
2026-09-28T15:24:11.782+00:00,4857.056,RX,baseline,0001F575,1,7,01 00 00 0F 03 75 F5
2026-09-28T15:24:11.783+00:00,4857.352,RX,baseline,0011F575,1,5,01 00 00 75 F5
2026-09-28T15:24:11.787+00:00,4862.089,RX,baseline,00016925,1,7,01 00 00 0F 03 25 69
2026-09-28T15:24:11.788+00:00,4862.353,RX,baseline,00116925,1,5,01 00 00 25 69
2026-09-28T15:24:11.792+00:00,4867.042,RX,baseline,000124B5,1,7,01 00 00 0F 03 B5 24
2026-09-28T15:24:11.793+00:00,4867.308,RX,baseline,001124B5,1,5,01 00 00 B5 24
2026-09-28T15:24:11.797+00:00,4872.126,RX,baseline,0001B8E3,1,7,01 00 00 0F 03 E3 B8
2026-09-28T15:24:11.798+00:00,4872.388,RX,baseline,0011B8E3,1,5,01 00 00 E3 B8
2026-09-28T15:24:11.802+00:00,4877.117,RX,baseline,0001847A,1,7,01 00 00 0F 03 7A 84
2026-09-28T15:24:11.803+00:00,4877.386,RX,baseline,0011847A,1,5,01 00 00 7A 84
2026-09-28T15:24:11.807+00:00,4882.118,RX,baseline,0001150D,1,7,01 00 00 0F 03 0D 15
2026-09-28T15:24:11.808+00:00,4882.389,RX,baseline,0011150D,1,5,01 00 00 0D 15
2026-09-28T15:24:11.812+00:00,4887.118,RX,baseline,00017EE0,1,7,01 00 00 0F 03 E0 7E
2026-09-28T15:24:11.813+00:00,4887.334,RX,baseline,00117EE0,1,5,01 00 00 E0 7E
2026-09-28T15:24:11.817+00:00,4892.108,RX,baseline,0001D7DC,1,7,01 00 00 0F 03 DC D7
2026-09-28T15:24:11.818+00:00,4892.358,RX,baseline,0011D7DC,1,5,01 00 00 DC D7
2026-09-28T15:24:11.822+00:00,4897.095,RX,baseline,0001C31F,1,7,01 00 00 0F 03 1F C3
2026-09-28T15:24:11.823+00:00,4897.322,RX,baseline,0011C31F,1,5,01 00 00 1F C3
2026-09-28T15:24:11.827+00:00,4902.049,RX,baseline,00013CF1,1,7,01 00 00 0F 03 F1 3C
2026-09-28T15:24:11.828+00:00,4902.312,RX,baseline,00113CF1,1,5,01 00 00 F1 3C
2026-09-28T15:24:11.832+00:00,4907.045,RX,baseline,0001A0BE,1,7,01 00 00 0F 03 BE A0
2026-09-28T15:24:11.833+00:00,4907.323,RX,baseline,0011A0BE,1,5,01 00 00 BE A0
2026-09-28T15:24:11.837+00:00,4912.049,RX,baseline,00012CAF,1,7,01 00 00 0F 03 AF 2C
2026-09-28T15:24:11.838+00:00,4912.324,RX,baseline,00112CAF,1,5,01 00 00 AF 2C
2026-09-28T15:24:11.842+00:00,4917.046,RX,baseline,00019859,1,7,01 00 00 0F 03 59 98
2026-09-28T15:24:11.843+00:00,4917.311,RX,baseline,00119859,1,5,01 00 00 59 98
2026-09-28T15:24:11.847+00:00,4922.049,RX,baseline,00010FCF,1,7,01 00 00 0F 03 CF 0F
2026-09-28T15:24:11.848+00:00,4922.312,RX,baseline,00110FCF,1,5,01 00 00 CF 0F
2026-09-28T15:24:11.852+00:00,4927.046,RX,baseline,00015500,1,7,01 00 00 0F 03 00 55
2026-09-28T15:24:11.853+00:00,4927.306,RX,baseline,00115500,1,5,01 00 00 00 55
2026-09-28T15:24:11.857+00:00,4932.047,RX,baseline,0001E544,1,7,01 00 00 0F 03 44 E5
2026-09-28T15:24:11.858+00:00,4932.310,RX,baseline,0011E544,1,5,01 00 00 44 E5
2026-09-28T15:24:11.862+00:00,4937.054,RX,baseline,000105C0,1,7,01 00 00 0F 03 C0 05
2026-09-28T15:24:11.863+00:00,4937.307,RX,baseline,001105C0,1,5,01 00 00 C0 05
2026-09-28T15:24:11.867+00:00,4942.045,RX,baseline,00010422,1,7,01 00 00 0F 03 22 04
2026-09-28T15:24:11.868+00:00,4942.308,RX,baseline,00110422,1,5,01 00 00 22 04
2026-09-28T15:24:11.872+00:00,4947.046,RX,baseline,000175D1,1,7,01 00 00 0F 03 D1 75
2026-09-28T15:24:11.873+00:00,4947.307,RX,baseline,001175D1,1,5,01 00 00 D1 75
2026-09-28T15:24:11.877+00:00,4952.053,RX,baseline,00011524,1,7,01 00 00 0F 03 24 15
2026-09-28T15:24:11.878+00:00,4952.311,RX,baseline,00111524,1,5,01 00 00 24 15
2026-09-28T15:24:11.882+00:00,4957.043,RX,baseline,0001CA78,1,7,01 00 00 0F 03 78 CA
2026-09-28T15:24:11.883+00:00,4957.310,RX,baseline,0011CA78,1,5,01 00 00 78 CA
2026-09-28T15:24:11.887+00:00,4962.048,RX,baseline,0001FF13,1,7,01 00 00 0F 03 13 FF
2026-09-28T15:24:11.888+00:00,4962.311,RX,baseline,0011FF13,1,5,01 00 00 13 FF
2026-09-28T15:24:11.892+00:00,4967.043,RX,baseline,000120A3,1,7,01 00 00 0F 03 A3 20
2026-09-28T15:24:11.893+00:00,4967.306,RX,baseline,001120A3,1,5,01 00 00 A3 20
2026-09-28T15:24:11.897+00:00,4972.049,RX,baseline,00015B09,1,7,01 00 00 0F 03 09 5B
2026-09-28T15:24:11.898+00:00,4972.308,RX,baseline,00115B09,1,5,01 00 00 09 5B
2026-09-28T15:24:11.902+00:00,4977.052,RX,baseline,000140CF,1,7,01 00 00 0F 03 CF 40
2026-09-28T15:24:11.903+00:00,4977.328,RX,baseline,001140CF,1,5,01 00 00 CF 40
2026-09-28T15:24:11.907+00:00,4982.032,RX,baseline,00013170,1,7,01 00 00 0F 03 70 31
2026-09-28T15:24:11.908+00:00,4982.305,RX,baseline,00113170,1,5,01 00 00 70 31
2026-09-28T15:24:11.912+00:00,4987.015,RX,baseline,000132AD,1,7,01 00 00 0F 03 AD 32
2026-09-28T15:24:11.913+00:00,4987.343,RX,baseline,001132AD,1,5,01 00 00 AD 32
2026-09-28T15:24:11.917+00:00,4992.022,RX,baseline,00015E31,1,7,01 00 00 0F 03 31 5E
2026-09-28T15:24:11.918+00:00,4992.316,RX,baseline,00115E31,1,5,01 00 00 31 5E
2026-09-28T15:24:11.922+00:00,4997.044,RX,baseline,000146A5,1,7,01 00 00 0F 03 A5 46
2026-09-28T15:24:11.923+00:00,4997.347,RX,baseline,001146A5,1,5,01 00 00 A5 46
2026-09-28T15:24:11.926+00:00,5000.833,TX,short_only,0012C82D,1,5,01 00 00 2D C8
2026-09-28T15:24:11.927+00:00,5002.076,RX,post,00016A60,1,7,01 00 00 0F 03 60 6A
2026-09-28T15:24:11.928+00:00,5002.357,RX,post,00116A60,1,5,01 00 00 60 6A
2026-09-28T15:24:11.932+00:00,5007.078,RX,post,0001662F,1,7,01 00 00 0F 03 2F 66
2026-09-28T15:24:11.933+00:00,5007.354,RX,post,0011662F,1,5,01 00 00 2F 66
2026-09-28T15:24:11.934+00:00,5009.089,RX,post,103C0401,1,4,00 00 00 01
2026-09-28T15:24:11.935+00:00,5009.293,RX,post,103C0481,1,8,00 00 00 00 00 10 63 14
2026-09-28T15:24:11.937+00:00,5012.064,RX,post,00017775,1,7,01 00 00 0F 03 75 77
2026-09-28T15:24:11.938+00:00,5012.342,RX,post,00117775,1,5,01 00 00 75 77
2026-09-28T15:24:11.939+00:00,5013.991,RX,post,103C0401,1,4,00 00 00 01
2026-09-28T15:24:11.940+00:00,5014.252,RX,post,103C0481,1,8,00 00 00 00 00 10 62 14
2026-09-28T15:24:11.942+00:00,5017.050,RX,post,0001E08F,1,7,01 00 00 0F 03 8F E0
2026-09-28T15:24:11.943+00:00,5017.299,RX,post,0011E08F,1,5,01 00 00 8F E0
2026-09-28T15:24:11.944+00:00,5019.009,RX,post,103C0401,1,4,00 00 00 01
2026-09-28T15:24:11.945+00:00,5019.299,RX,post,103C0481,1,8,00 00 00 00 00 10 63 14
2026-09-28T15:24:11.947+00:00,5022.177,RX,post,0001E7D2,1,7,01 00 00 0F 03 D2 E7
2026-09-28T15:24:11.948+00:00,5022.300,RX,post,0011E7D2,1,5,01 00 00 D2 E7
2026-09-28T15:24:11.949+00:00,5024.156,RX,post,103C0401,1,4,00 00 00 01
2026-09-28T15:24:11.950+00:00,5024.297,RX,post,103C0481,1,8,00 00 00 00 00 10 63 14
2026-09-28T15:24:11.953+00:00,5027.201,RX,post,0001CC7A,1,7,01 00 00 0F 03 7A CC
2026-09-28T15:24:11.953+00:00,5027.322,RX,post,0011CC7A,1,5,01 00 00 7A CC
2026-09-28T15:24:11.954+00:00,5029.099,RX,post,103C0401,1,4,00 00 00 01
2026-09-28T15:24:11.955+00:00,5029.299,RX,post,103C0481,1,8,00 00 00 00 00 10 63 14
2026-09-28T15:24:11.958+00:00,5032.202,RX,post,0001261C,1,7,01 00 00 0F 03 1C 26
2026-09-28T15:24:11.958+00:00,5032.305,RX,post,0011261C,1,5,01 00 00 1C 26
2026-09-28T15:24:11.959+00:00,5034.155,RX,post,103C0401,1,4,00 00 00 01
2026-09-28T15:24:11.960+00:00,5034.349,RX,post,103C0481,1,8,00 00 00 00 00 10 62 14
2026-09-28T15:24:11.963+00:00,5037.231,RX,post,000137B9,1,7,01 00 00 0F 03 B9 37
2026-09-28T15:24:11.963+00:00,5037.425,RX,post,001137B9,1,5,01 00 00 B9 37
2026-09-28T15:24:11.965+00:00,5039.201,RX,post,103C0401,1,4,00 00 00 01
2026-09-28T15:24:11.965+00:00,5039.402,RX,post,103C0481,1,8,00 00 00 00 00 10 62 14
2026-09-28T15:24:11.968+00:00,5042.222,RX,post,00018CB9,1,7,01 00 00 0F 03 B9 8C
2026-09-28T15:24:11.968+00:00,5042.313,RX,post,00118CB9,1,5,01 00 00 B9 8C
2026-09-28T15:24:11.970+00:00,5044.204,RX,post,103C0401,1,4,00 00 00 01
2026-09-28T15:24:11.970+00:00,5044.344,RX,post,103C0481,1,8,00 00 00 00 00 10 63 14
2026-09-28T15:24:11.973+00:00,5047.241,RX,post,000110B2,1,7,01 00 00 0F 03 B2 10
2026-09-28T15:24:11.973+00:00,5047.383,RX,post,001110B2,1,5,01 00 00 B2 10
2026-09-28T15:24:11.975+00:00,5049.284,RX,post,103C0401,1,4,00 00 00 01
2026-09-28T15:24:11.975+00:00,5049.448,RX,post,103C0481,1,8,00 00 00 00 00 10 62 14
2026-09-28T15:24:11.977+00:00,5052.118,RX,post,0001B06F,1,7,01 00 00 0F 03 6F B0
2026-09-28T15:24:11.978+00:00,5052.391,RX,post,0011B06F,1,5,01 00 00 6F B0
2026-09-28T15:24:11.980+00:00,5054.228,RX,post,103C0401,1,4,00 00 00 01
2026-09-28T15:24:11.980+00:00,5054.369,RX,post,103C0481,1,8,00 00 00 00 00 10 62 14
2026-09-28T15:24:11.983+00:00,5057.314,RX,post,0001428E,1,7,01 00 00 0F 03 8E 42
2026-09-28T15:24:11.983+00:00,5057.397,RX,post,0011428E,1,5,01 00 00 8E 42
2026-09-28T15:24:11.985+00:00,5059.236,RX,post,103C0401,1,4,00 00 00 01
2026-09-28T15:24:11.985+00:00,5059.442,RX,post,103C0481,1,8,00 00 00 00 00 10 62 14
2026-09-28T15:24:11.987+00:00,5062.180,RX,post,0001ECF9,1,7,01 00 00 0F 03 F9 EC
2026-09-28T15:24:11.988+00:00,5062.364,RX,post,0011ECF9,1,5,01 00 00 F9 EC
2026-09-28T15:24:11.990+00:00,5064.244,RX,post,103C0401,1,4,00 00 00 01
2026-09-28T15:24:11.990+00:00,5064.350,RX,post,103C0481,1,8,00 00 00 00 00 10 62 14
2026-09-28T15:24:11.993+00:00,5067.236,RX,post,0001B751,1,7,01 00 00 0F 03 51 B7
2026-09-28T15:24:11.993+00:00,5067.426,RX,post,0011B751,1,5,01 00 00 51 B7
2026-09-28T15:24:11.995+00:00,5069.195,RX,post,103C0401,1,4,00 00 00 01
2026-09-28T15:24:11.995+00:00,5069.424,RX,post,103C0481,1,8,00 00 00 00 00 10 62 14
2026-09-28T15:24:11.997+00:00,5072.051,RX,post,0001B40C,1,7,01 00 00 0F 03 0C B4
2026-09-28T15:24:11.998+00:00,5072.342,RX,post,0011B40C,1,5,01 00 00 0C B4
2026-09-28T15:24:11.999+00:00,5073.990,RX,post,103C0401,1,4,00 00 00 01
2026-09-28T15:24:12.000+00:00,5074.290,RX,post,103C0481,1,8,00 00 00 00 00 10 62 14
2026-09-28T15:24:12.002+00:00,5077.063,RX,post,0001B019,1,7,01 00 00 0F 03 19 B0
2026-09-28T15:24:12.003+00:00,5077.346,RX,post,0011B019,1,5,01 00 00 19 B0
2026-09-28T15:24:12.004+00:00,5079.095,RX,post,103C0401,1,4,00 00 00 01
2026-09-28T15:24:12.005+00:00,5079.297,RX,post,103C0481,1,8,00 00 00 00 00 10 63 14
2026-09-28T15:24:12.007+00:00,5082.063,RX,post,0001531F,1,7,01 00 00 0F 03 1F 53
2026-09-28T15:24:12.008+00:00,5082.345,RX,post,0011531F,1,5,01 00 00 1F 53
2026-09-28T15:24:12.009+00:00,5084.035,RX,post,103C0401,1,4,00 00 00 01
2026-09-28T15:24:12.010+00:00,5084.295,RX,post,103C0481,1,8,00 00 00 00 00 10 63 14
2026-09-28T15:24:12.012+00:00,5087.094,RX,post,0001866A,1,7,01 00 00 0F 03 6A 86
2026-09-28T15:24:12.013+00:00,5087.342,RX,post,0011866A,1,5,01 00 00 6A 86
2026-09-28T15:24:12.014+00:00,5089.057,RX,post,103C0401,1,4,00 00 00 01
2026-09-28T15:24:12.015+00:00,5089.295,RX,post,103C0481,1,8,00 00 00 00 00 10 63 14
2026-09-28T15:24:12.017+00:00,5092.015,RX,post,0001A9FB,1,7,01 00 00 0F 03 FB A9
2026-09-28T15:24:12.018+00:00,5092.359,RX,post,0011A9FB,1,5,01 00 00 FB A9
2026-09-28T15:24:12.022+00:00,5097.116,RX,post,0001B629,1,7,01 00 00 0F 03 29 B6
2026-09-28T15:24:12.023+00:00,5097.365,RX,post,0011B629,1,5,01 00 00 29 B6
2026-09-28T15:24:12.027+00:00,5102.041,RX,post,0001CBD3,1,7,01 00 00 0F 03 D3 CB
2026-09-28T15:24:12.028+00:00,5102.397,RX,post,0011CBD3,1,5,01 00 00 D3 CB
2026-09-28T15:24:12.032+00:00,5107.020,RX,post,0001C6B2,1,7,01 00 00 0F 03 B2 C6
2026-09-28T15:24:12.033+00:00,5107.336,RX,post,0011C6B2,1,5,01 00 00 B2 C6
2026-09-28T15:24:12.037+00:00,5112.053,RX,post,00018A80,1,7,01 00 00 0F 03 80 8A
2026-09-28T15:24:12.038+00:00,5112.389,RX,post,00118A80,1,5,01 00 00 80 8A
2026-09-28T15:24:12.042+00:00,5117.030,RX,post,0001C636,1,7,01 00 00 0F 03 36 C6
2026-09-28T15:24:12.043+00:00,5117.318,RX,post,0011C636,1,5,01 00 00 36 C6
2026-09-28T15:24:12.047+00:00,5122.019,RX,post,00014B0D,1,7,01 00 00 0F 03 0D 4B
2026-09-28T15:24:12.048+00:00,5122.302,RX,post,00114B0D,1,5,01 00 00 0D 4B
2026-09-28T15:24:12.052+00:00,5127.059,RX,post,0001993E,1,7,01 00 00 0F 03 3E 99
2026-09-28T15:24:12.053+00:00,5127.305,RX,post,0011993E,1,5,01 00 00 3E 99
2026-09-28T15:24:12.057+00:00,5132.043,RX,post,00013CB5,1,7,01 00 00 0F 03 B5 3C
2026-09-28T15:24:12.058+00:00,5132.302,RX,post,00113CB5,1,5,01 00 00 B5 3C
2026-09-28T15:24:12.062+00:00,5137.013,RX,post,00017905,1,7,01 00 00 0F 03 05 79
2026-09-28T15:24:12.063+00:00,5137.299,RX,post,00117905,1,5,01 00 00 05 79
2026-09-28T15:24:12.067+00:00,5142.035,RX,post,0001AF0A,1,7,01 00 00 0F 03 0A AF
2026-09-28T15:24:12.068+00:00,5142.304,RX,post,0011AF0A,1,5,01 00 00 0A AF
2026-09-28T15:24:12.072+00:00,5147.026,RX,post,00014A0C,1,7,01 00 00 0F 03 0C 4A
2026-09-28T15:24:12.073+00:00,5147.304,RX,post,00114A0C,1,5,01 00 00 0C 4A
2026-09-28T15:24:12.077+00:00,5152.021,RX,post,00014DD6,1,7,01 00 00 0F 03 D6 4D
2026-09-28T15:24:12.078+00:00,5152.298,RX,post,00114DD6,1,5,01 00 00 D6 4D
2026-09-28T15:24:12.082+00:00,5157.023,RX,post,00015D0D,1,7,01 00 00 0F 03 0D 5D
2026-09-28T15:24:12.083+00:00,5157.304,RX,post,00115D0D,1,5,01 00 00 0D 5D
2026-09-28T15:24:12.087+00:00,5162.116,RX,post,0001C8FB,1,7,01 00 00 0F 03 FB C8
2026-09-28T15:24:12.088+00:00,5162.313,RX,post,0011C8FB,1,5,01 00 00 FB C8
2026-09-28T15:24:12.092+00:00,5167.010,RX,post,00018F43,1,7,01 00 00 0F 03 43 8F
2026-09-28T15:24:12.093+00:00,5167.301,RX,post,00118F43,1,5,01 00 00 43 8F
2026-09-28T15:24:12.097+00:00,5172.100,RX,post,00016859,1,7,01 00 00 0F 03 59 68
2026-09-28T15:24:12.098+00:00,5172.300,RX,post,00116859,1,5,01 00 00 59 68
2026-09-28T15:24:12.102+00:00,5177.167,RX,post,0001BB97,1,7,01 00 00 0F 03 97 BB
2026-09-28T15:24:12.103+00:00,5177.297,RX,post,0011BB97,1,5,01 00 00 97 BB
2026-09-28T15:24:12.107+00:00,5182.165,RX,post,00017B82,1,7,01 00 00 0F 03 82 7B
2026-09-28T15:24:12.108+00:00,5182.300,RX,post,00117B82,1,5,01 00 00 82 7B
2026-09-28T15:24:12.113+00:00,5187.206,RX,post,0001F539,1,7,01 00 00 0F 03 39 F5
2026-09-28T15:24:12.113+00:00,5187.342,RX,post,0011F539,1,5,01 00 00 39 F5
2026-09-28T15:24:12.118+00:00,5192.246,RX,post,0001E6C5,1,7,01 00 00 0F 03 C5 E6
2026-09-28T15:24:12.118+00:00,5192.339,RX,post,0011E6C5,1,5,01 00 00 C5 E6
2026-09-28T15:24:12.123+00:00,5197.271,RX,post,000164A8,1,7,01 00 00 0F 03 A8 64
2026-09-28T15:24:12.123+00:00,5197.343,RX,post,001164A8,1,5,01 00 00 A8 64
2026-09-28T15:24:12.127+00:00,5202.123,RX,post,0001BEDD,1,7,01 00 00 0F 03 DD BE
2026-09-28T15:24:12.128+00:00,5202.343,RX,post,0011BEDD,1,5,01 00 00 DD BE
2026-09-28T15:24:12.133+00:00,5207.196,RX,post,00011737,1,7,01 00 00 0F 03 37 17
2026-09-28T15:24:12.133+00:00,5207.339,RX,post,00111737,1,5,01 00 00 37 17
2026-09-28T15:24:12.137+00:00,5212.137,RX,post,0001623F,1,7,01 00 00 0F 03 3F 62
2026-09-28T15:24:12.138+00:00,5212.339,RX,post,0011623F,1,5,01 00 00 3F 62
2026-09-28T15:24:12.143+00:00,5217.242,RX,post,0001999E,1,7,01 00 00 0F 03 9E 99
2026-09-28T15:24:12.143+00:00,5217.288,RX,post,0011999E,1,5,01 00 00 9E 99
2026-09-28T15:24:12.147+00:00,5222.147,RX,post,0001BEDE,1,7,01 00 00 0F 03 DE BE
2026-09-28T15:24:12.148+00:00,5222.343,RX,post,0011BEDE,1,5,01 00 00 DE BE
2026-09-28T15:24:12.153+00:00,5227.298,RX,post,0001F4FF,1,7,01 00 00 0F 03 FF F4
2026-09-28T15:24:12.153+00:00,5227.332,RX,post,0011F4FF,1,5,01 00 00 FF F4
2026-09-28T15:24:12.158+00:00,5232.328,RX,post,000154E3,1,7,01 00 00 0F 03 E3 54
2026-09-28T15:24:12.158+00:00,5232.365,RX,post,001154E3,1,5,01 00 00 E3 54
2026-09-28T15:24:12.163+00:00,5237.279,RX,post,0001B69B,1,7,01 00 00 0F 03 9B B6
2026-09-28T15:24:12.163+00:00,5237.351,RX,post,0011B69B,1,5,01 00 00 9B B6
2026-09-28T15:24:12.168+00:00,5242.350,RX,post,0001D6A1,1,7,01 00 00 0F 03 A1 D6
2026-09-28T15:24:12.168+00:00,5242.388,RX,post,0011D6A1,1,5,01 00 00 A1 D6
2026-09-28T15:24:12.173+00:00,5247.307,RX,post,00015109,1,7,01 00 00 0F 03 09 51
2026-09-28T15:24:12.173+00:00,5247.345,RX,post,00115109,1,5,01 00 00 09 51
2026-09-28T15:24:12.178+00:00,5252.320,RX,post,000193D7,1,7,01 00 00 0F 03 D7 93
2026-09-28T15:24:12.178+00:00,5252.356,RX,post,001193D7,1,5,01 00 00 D7 93
2026-09-28T15:24:12.182+00:00,5257.071,RX,post,000122A4,1,7,01 00 00 0F 03 A4 22
2026-09-28T15:24:12.183+00:00,5257.388,RX,post,001122A4,1,5,01 00 00 A4 22
2026-09-28T15:24:12.187+00:00,5261.992,RX,post,0001B5FB,1,7,01 00 00 0F 03 FB B5
2026-09-28T15:24:12.188+00:00,5262.250,RX,post,0011B5FB,1,5,01 00 00 FB B5
2026-09-28T15:24:12.192+00:00,5266.985,RX,post,0001EB90,1,7,01 00 00 0F 03 90 EB
2026-09-28T15:24:12.193+00:00,5267.248,RX,post,0011EB90,1,5,01 00 00 90 EB
2026-09-28T15:24:12.197+00:00,5272.042,RX,post,0001DD1F,1,7,01 00 00 0F 03 1F DD
2026-09-28T15:24:12.198+00:00,5272.340,RX,post,0011DD1F,1,5,01 00 00 1F DD
2026-09-28T15:24:12.202+00:00,5277.073,RX,post,00011287,1,7,01 00 00 0F 03 87 12
2026-09-28T15:24:12.203+00:00,5277.350,RX,post,00111287,1,5,01 00 00 87 12
2026-09-28T15:24:12.207+00:00,5282.052,RX,post,000164B4,1,7,01 00 00 0F 03 B4 64
2026-09-28T15:24:12.208+00:00,5282.351,RX,post,001164B4,1,5,01 00 00 B4 64
2026-09-28T15:24:12.212+00:00,5287.082,RX,post,0001D64F,1,7,01 00 00 0F 03 4F D6
2026-09-28T15:24:12.213+00:00,5287.301,RX,post,0011D64F,1,5,01 00 00 4F D6
2026-09-28T15:24:12.217+00:00,5292.042,RX,post,00018531,1,7,01 00 00 0F 03 31 85
2026-09-28T15:24:12.218+00:00,5292.347,RX,post,00118531,1,5,01 00 00 31 85
2026-09-28T15:24:12.222+00:00,5297.090,RX,post,00015680,1,7,01 00 00 0F 03 80 56
2026-09-28T15:24:12.223+00:00,5297.342,RX,post,00115680,1,5,01 00 00 80 56
2026-09-28T15:24:12.227+00:00,5302.025,RX,post,00015B73,1,7,01 00 00 0F 03 73 5B
2026-09-28T15:24:12.228+00:00,5302.293,RX,post,00115B73,1,5,01 00 00 73 5B
2026-09-28T15:24:12.232+00:00,5307.034,RX,post,0001D50A,1,7,01 00 00 0F 03 0A D5
2026-09-28T15:24:12.233+00:00,5307.349,RX,post,0011D50A,1,5,01 00 00 0A D5
2026-09-28T15:24:12.237+00:00,5312.051,RX,post,0001E848,1,7,01 00 00 0F 03 48 E8
2026-09-28T15:24:12.238+00:00,5312.344,RX,post,0011E848,1,5,01 00 00 48 E8
2026-09-28T15:24:12.242+00:00,5317.024,RX,post,0001329B,1,7,01 00 00 0F 03 9B 32
2026-09-28T15:24:12.243+00:00,5317.293,RX,post,0011329B,1,5,01 00 00 9B 32
2026-09-28T15:24:12.247+00:00,5322.028,RX,post,00017E7D,1,7,01 00 00 0F 03 7D 7E
2026-09-28T15:24:12.248+00:00,5322.343,RX,post,00117E7D,1,5,01 00 00 7D 7E
2026-09-28T15:24:12.252+00:00,5327.027,RX,post,0001A6CF,1,7,01 00 00 0F 03 CF A6
2026-09-28T15:24:12.253+00:00,5327.294,RX,post,0011A6CF,1,5,01 00 00 CF A6
2026-09-28T15:24:12.257+00:00,5332.069,RX,post,00010B78,1,7,01 00 00 0F 03 78 0B
2026-09-28T15:24:12.258+00:00,5332.386,RX,post,00110B78,1,5,01 00 00 78 0B
2026-09-28T15:24:12.262+00:00,5337.072,RX,post,000121D7,1,7,01 00 00 0F 03 D7 21
2026-09-28T15:24:12.263+00:00,5337.339,RX,post,001121D7,1,5,01 00 00 D7 21
2026-09-28T15:24:12.267+00:00,5342.117,RX,post,0001461C,1,7,01 00 00 0F 03 1C 46
2026-09-28T15:24:12.268+00:00,5342.326,RX,post,0011461C,1,5,01 00 00 1C 46
2026-09-28T15:24:12.272+00:00,5347.076,RX,post,00013BF8,1,7,01 00 00 0F 03 F8 3B
2026-09-28T15:24:12.273+00:00,5347.336,RX,post,00113BF8,1,5,01 00 00 F8 3B
2026-09-28T15:24:12.277+00:00,5352.122,RX,post,00011584,1,7,01 00 00 0F 03 84 15
2026-09-28T15:24:12.278+00:00,5352.327,RX,post,00111584,1,5,01 00 00 84 15
2026-09-28T15:24:12.282+00:00,5357.089,RX,post,0001B80E,1,7,01 00 00 0F 03 0E B8
2026-09-28T15:24:12.283+00:00,5357.331,RX,post,0011B80E,1,5,01 00 00 0E B8
2026-09-28T15:24:12.287+00:00,5362.140,RX,post,0001CCDF,1,7,01 00 00 0F 03 DF CC
2026-09-28T15:24:12.288+00:00,5362.316,RX,post,0011CCDF,1,5,01 00 00 DF CC
2026-09-28T15:24:12.292+00:00,5367.081,RX,post,00012CF7,1,7,01 00 00 0F 03 F7 2C
2026-09-28T15:24:12.293+00:00,5367.337,RX,post,00112CF7,1,5,01 00 00 F7 2C
2026-09-28T15:24:12.297+00:00,5372.069,RX,post,00010B72,1,7,01 00 00 0F 03 72 0B
2026-09-28T15:24:12.298+00:00,5372.335,RX,post,00110B72,1,5,01 00 00 72 0B
2026-09-28T15:24:12.302+00:00,5377.028,RX,post,00016696,1,7,01 00 00 0F 03 96 66
2026-09-28T15:24:12.303+00:00,5377.271,RX,post,00116696,1,5,01 00 00 96 66
2026-09-28T15:24:12.307+00:00,5382.030,RX,post,0001CF87,1,7,01 00 00 0F 03 87 CF
2026-09-28T15:24:12.308+00:00,5382.294,RX,post,0011CF87,1,5,01 00 00 87 CF
2026-09-28T15:24:12.312+00:00,5387.031,RX,post,0001FDD0,1,7,01 00 00 0F 03 D0 FD
2026-09-28T15:24:12.313+00:00,5387.294,RX,post,0011FDD0,1,5,01 00 00 D0 FD
2026-09-28T15:24:12.317+00:00,5392.030,RX,post,000130DA,1,7,01 00 00 0F 03 DA 30
2026-09-28T15:24:12.318+00:00,5392.296,RX,post,001130DA,1,5,01 00 00 DA 30
2026-09-28T15:24:12.322+00:00,5397.027,RX,post,000143A6,1,7,01 00 00 0F 03 A6 43
2026-09-28T15:24:12.323+00:00,5397.294,RX,post,001143A6,1,5,01 00 00 A6 43
2026-09-28T15:24:12.327+00:00,5402.030,RX,post,0001C2BC,1,7,01 00 00 0F 03 BC C2
2026-09-28T15:24:12.328+00:00,5402.293,RX,post,0011C2BC,1,5,01 00 00 BC C2
2026-09-28T15:24:12.332+00:00,5407.028,RX,post,00015A64,1,7,01 00 00 0F 03 64 5A
2026-09-28T15:24:12.333+00:00,5407.378,RX,post,00115A64,1,5,01 00 00 64 5A
2026-09-28T15:24:12.337+00:00,5412.029,RX,post,0001B001,1,7,01 00 00 0F 03 01 B0
2026-09-28T15:24:12.338+00:00,5412.323,RX,post,0011B001,1,5,01 00 00 01 B0
2026-09-28T15:24:12.342+00:00,5417.027,RX,post,0001EC7A,1,7,01 00 00 0F 03 7A EC
2026-09-28T15:24:12.343+00:00,5417.259,RX,post,0011EC7A,1,5,01 00 00 7A EC
2026-09-28T15:24:12.347+00:00,5422.068,RX,post,0001EE82,1,7,01 00 00 0F 03 82 EE
2026-09-28T15:24:12.348+00:00,5422.337,RX,post,0011EE82,1,5,01 00 00 82 EE
2026-09-28T15:24:12.352+00:00,5427.072,RX,post,00017B73,1,7,01 00 00 0F 03 73 7B
2026-09-28T15:24:12.353+00:00,5427.336,RX,post,00117B73,1,5,01 00 00 73 7B
2026-09-28T15:24:12.357+00:00,5432.065,RX,post,000135A9,1,7,01 00 00 0F 03 A9 35
2026-09-28T15:24:12.358+00:00,5432.331,RX,post,001135A9,1,5,01 00 00 A9 35
2026-09-28T15:24:12.362+00:00,5437.064,RX,post,00015234,1,7,01 00 00 0F 03 34 52
2026-09-28T15:24:12.363+00:00,5437.384,RX,post,00115234,1,5,01 00 00 34 52
2026-09-28T15:24:12.367+00:00,5442.009,RX,post,0001736D,1,7,01 00 00 0F 03 6D 73
2026-09-28T15:24:12.368+00:00,5442.300,RX,post,0011736D,1,5,01 00 00 6D 73
2026-09-28T15:24:12.372+00:00,5447.038,RX,post,0001745F,1,7,01 00 00 0F 03 5F 74
2026-09-28T15:24:12.373+00:00,5447.350,RX,post,0011745F,1,5,01 00 00 5F 74
2026-09-28T15:24:12.377+00:00,5452.059,RX,post,000154A5,1,7,01 00 00 0F 03 A5 54
2026-09-28T15:24:12.378+00:00,5452.547,RX,post,001154A5,1,5,01 00 00 A5 54
2026-09-28T15:24:12.382+00:00,5457.119,RX,post,00017988,1,7,01 00 00 0F 03 88 79
2026-09-28T15:24:12.383+00:00,5457.354,RX,post,00117988,1,5,01 00 00 88 79
2026-09-28T15:24:12.387+00:00,5462.044,RX,post,00015596,1,7,01 00 00 0F 03 96 55
2026-09-28T15:24:12.388+00:00,5462.451,RX,post,00115596,1,5,01 00 00 96 55
2026-09-28T15:24:12.392+00:00,5467.128,RX,post,00017DB0,1,7,01 00 00 0F 03 B0 7D
2026-09-28T15:24:12.393+00:00,5467.387,RX,post,00117DB0,1,5,01 00 00 B0 7D
2026-09-28T15:24:12.398+00:00,5472.201,RX,post,00014D2F,1,7,01 00 00 0F 03 2F 4D
2026-09-28T15:24:12.398+00:00,5472.337,RX,post,00114D2F,1,5,01 00 00 2F 4D
2026-09-28T15:24:12.403+00:00,5477.200,RX,post,00015D16,1,7,01 00 00 0F 03 16 5D
2026-09-28T15:24:12.403+00:00,5477.337,RX,post,00115D16,1,5,01 00 00 16 5D
2026-09-28T15:24:12.407+00:00,5482.048,RX,post,0001A54B,1,7,01 00 00 0F 03 4B A5
2026-09-28T15:24:12.408+00:00,5482.336,RX,post,0011A54B,1,5,01 00 00 4B A5
2026-09-28T15:24:12.412+00:00,5487.078,RX,post,0001445B,1,7,01 00 00 0F 03 5B 44
2026-09-28T15:24:12.413+00:00,5487.414,RX,post,0011445B,1,5,01 00 00 5B 44
2026-09-28T15:24:12.417+00:00,5492.005,RX,post,000177F8,1,7,01 00 00 0F 03 F8 77
2026-09-28T15:24:12.418+00:00,5492.293,RX,post,001177F8,1,5,01 00 00 F8 77
2026-09-28T15:24:12.422+00:00,5497.028,RX,post,0001B695,1,7,01 00 00 0F 03 95 B6
2026-09-28T15:24:12.423+00:00,5497.290,RX,post,0011B695,1,5,01 00 00 95 B6
2026-09-28T15:24:12.428+00:00,5502.184,RX,post,00016D89,1,7,01 00 00 0F 03 89 6D
2026-09-28T15:24:12.428+00:00,5502.270,RX,post,00116D89,1,5,01 00 00 89 6D
2026-09-28T15:24:12.433+00:00,5507.297,RX,post,00013DC1,1,7,01 00 00 0F 03 C1 3D
2026-09-28T15:24:12.433+00:00,5507.372,RX,post,00113DC1,1,5,01 00 00 C1 3D
2026-09-28T15:24:12.437+00:00,5512.167,RX,post,0001D903,1,7,01 00 00 0F 03 03 D9
2026-09-28T15:24:12.438+00:00,5512.292,RX,post,0011D903,1,5,01 00 00 03 D9
2026-09-28T15:24:12.442+00:00,5517.008,RX,post,0001CEB4,1,7,01 00 00 0F 03 B4 CE
2026-09-28T15:24:12.443+00:00,5517.309,RX,post,0011CEB4,1,5,01 00 00 B4 CE
2026-09-28T15:24:12.447+00:00,5522.018,RX,post,0001D42A,1,7,01 00 00 0F 03 2A D4
2026-09-28T15:24:12.448+00:00,5522.292,RX,post,0011D42A,1,5,01 00 00 2A D4
2026-09-28T15:24:12.452+00:00,5527.059,RX,post,0001F878,1,7,01 00 00 0F 03 78 F8
2026-09-28T15:24:12.453+00:00,5527.337,RX,post,0011F878,1,5,01 00 00 78 F8
2026-09-28T15:24:12.457+00:00,5532.015,RX,post,0001CA31,1,7,01 00 00 0F 03 31 CA
2026-09-28T15:24:12.458+00:00,5532.280,RX,post,0011CA31,1,5,01 00 00 31 CA
2026-09-28T15:24:12.462+00:00,5537.010,RX,post,000147BF,1,7,01 00 00 0F 03 BF 47
2026-09-28T15:24:12.463+00:00,5537.290,RX,post,001147BF,1,5,01 00 00 BF 47
2026-09-28T15:24:12.467+00:00,5542.037,RX,post,00013FDD,1,7,01 00 00 0F 03 DD 3F
2026-09-28T15:24:12.468+00:00,5542.292,RX,post,00113FDD,1,5,01 00 00 DD 3F
2026-09-28T15:24:12.472+00:00,5547.018,RX,post,00016DCC,1,7,01 00 00 0F 03 CC 6D
2026-09-28T15:24:12.473+00:00,5547.288,RX,post,00116DCC,1,5,01 00 00 CC 6D
2026-09-28T15:24:12.477+00:00,5552.033,RX,post,0001659A,1,7,01 00 00 0F 03 9A 65
2026-09-28T15:24:12.478+00:00,5552.289,RX,post,0011659A,1,5,01 00 00 9A 65
2026-09-28T15:24:12.482+00:00,5556.985,RX,post,0001FB03,1,7,01 00 00 0F 03 03 FB
2026-09-28T15:24:12.483+00:00,5557.339,RX,post,0011FB03,1,5,01 00 00 03 FB
2026-09-28T15:24:12.487+00:00,5562.066,RX,post,00012FD8,1,7,01 00 00 0F 03 D8 2F
2026-09-28T15:24:12.488+00:00,5562.289,RX,post,00112FD8,1,5,01 00 00 D8 2F
2026-09-28T15:24:12.492+00:00,5567.007,RX,post,00013803,1,7,01 00 00 0F 03 03 38
2026-09-28T15:24:12.493+00:00,5567.291,RX,post,00113803,1,5,01 00 00 03 38
2026-09-28T15:24:12.497+00:00,5572.163,RX,post,000137A2,1,7,01 00 00 0F 03 A2 37
2026-09-28T15:24:12.498+00:00,5572.346,RX,post,001137A2,1,5,01 00 00 A2 37
2026-09-28T15:24:12.502+00:00,5576.999,RX,post,0001B4F2,1,7,01 00 00 0F 03 F2 B4
2026-09-28T15:24:12.503+00:00,5577.288,RX,post,0011B4F2,1,5,01 00 00 F2 B4
2026-09-28T15:24:12.507+00:00,5582.169,RX,post,0001894F,1,7,01 00 00 0F 03 4F 89
2026-09-28T15:24:12.508+00:00,5582.352,RX,post,0011894F,1,5,01 00 00 4F 89
2026-09-28T15:24:12.512+00:00,5587.021,RX,post,00011D63,1,7,01 00 00 0F 03 63 1D
2026-09-28T15:24:12.513+00:00,5587.359,RX,post,00111D63,1,5,01 00 00 63 1D
2026-09-28T15:24:12.517+00:00,5592.174,RX,post,0001ACC6,1,7,01 00 00 0F 03 C6 AC
2026-09-28T15:24:12.518+00:00,5592.332,RX,post,0011ACC6,1,5,01 00 00 C6 AC
2026-09-28T15:24:12.522+00:00,5597.044,RX,post,00012005,1,7,01 00 00 0F 03 05 20
2026-09-28T15:24:12.523+00:00,5597.335,RX,post,00112005,1,5,01 00 00 05 20
2026-09-28T15:24:12.527+00:00,5602.175,RX,post,000186A2,1,7,01 00 00 0F 03 A2 86
2026-09-28T15:24:12.528+00:00,5602.290,RX,post,001186A2,1,5,01 00 00 A2 86
2026-09-28T15:24:12.532+00:00,5607.009,RX,post,000117F4,1,7,01 00 00 0F 03 F4 17
2026-09-28T15:24:12.533+00:00,5607.290,RX,post,001117F4,1,5,01 00 00 F4 17
2026-09-28T15:24:12.537+00:00,5612.016,RX,post,0001CF39,1,7,01 00 00 0F 03 39 CF
2026-09-28T15:24:12.538+00:00,5612.294,RX,post,0011CF39,1,5,01 00 00 39 CF
2026-09-28T15:24:12.542+00:00,5617.014,RX,post,00018264,1,7,01 00 00 0F 03 64 82
2026-09-28T15:24:12.543+00:00,5617.294,RX,post,00118264,1,5,01 00 00 64 82
2026-09-28T15:24:12.548+00:00,5622.194,RX,post,0001C058,1,7,01 00 00 0F 03 58 C0
2026-09-28T15:24:12.548+00:00,5622.339,RX,post,0011C058,1,5,01 00 00 58 C0
2026-09-28T15:24:12.552+00:00,5627.057,RX,post,0001DE05,1,7,01 00 00 0F 03 05 DE
2026-09-28T15:24:12.553+00:00,5627.345,RX,post,0011DE05,1,5,01 00 00 05 DE
2026-09-28T15:24:12.557+00:00,5632.147,RX,post,00019C32,1,7,01 00 00 0F 03 32 9C
2026-09-28T15:24:12.558+00:00,5632.359,RX,post,00119C32,1,5,01 00 00 32 9C
2026-09-28T15:24:12.562+00:00,5637.055,RX,post,00018647,1,7,01 00 00 0F 03 47 86
2026-09-28T15:24:12.563+00:00,5637.339,RX,post,00118647,1,5,01 00 00 47 86
2026-09-28T15:24:12.567+00:00,5642.073,RX,post,000163CF,1,7,01 00 00 0F 03 CF 63
2026-09-28T15:24:12.568+00:00,5642.341,RX,post,001163CF,1,5,01 00 00 CF 63
2026-09-28T15:24:12.572+00:00,5647.020,RX,post,0001136F,1,7,01 00 00 0F 03 6F 13
2026-09-28T15:24:12.573+00:00,5647.309,RX,post,0011136F,1,5,01 00 00 6F 13
2026-09-28T15:24:12.577+00:00,5652.005,RX,post,0001D502,1,7,01 00 00 0F 03 02 D5
2026-09-28T15:24:12.578+00:00,5652.289,RX,post,0011D502,1,5,01 00 00 02 D5
2026-09-28T15:24:12.582+00:00,5656.971,RX,post,0001191A,1,7,01 00 00 0F 03 1A 19
2026-09-28T15:24:12.583+00:00,5657.289,RX,post,0011191A,1,5,01 00 00 1A 19
2026-09-28T15:24:12.588+00:00,5662.188,RX,post,00010BB0,1,7,01 00 00 0F 03 B0 0B
2026-09-28T15:24:12.588+00:00,5662.291,RX,post,00110BB0,1,5,01 00 00 B0 0B
2026-09-28T15:24:12.593+00:00,5667.197,RX,post,0001A79B,1,7,01 00 00 0F 03 9B A7
2026-09-28T15:24:12.593+00:00,5667.251,RX,post,0011A79B,1,5,01 00 00 9B A7
2026-09-28T15:24:12.597+00:00,5671.939,RX,post,000153E8,1,7,01 00 00 0F 03 E8 53
2026-09-28T15:24:12.598+00:00,5672.208,RX,post,001153E8,1,5,01 00 00 E8 53
2026-09-28T15:24:12.602+00:00,5677.001,RX,post,00014562,1,7,01 00 00 0F 03 62 45
2026-09-28T15:24:12.603+00:00,5677.286,RX,post,00114562,1,5,01 00 00 62 45
2026-09-28T15:24:12.607+00:00,5681.978,RX,post,0001FE23,1,7,01 00 00 0F 03 23 FE
2026-09-28T15:24:12.608+00:00,5682.208,RX,post,0011FE23,1,5,01 00 00 23 FE
2026-09-28T15:24:12.612+00:00,5687.007,RX,post,00011C44,1,7,01 00 00 0F 03 44 1C
2026-09-28T15:24:12.613+00:00,5687.286,RX,post,00111C44,1,5,01 00 00 44 1C
2026-09-28T15:24:12.617+00:00,5692.010,RX,post,0001C0A4,1,7,01 00 00 0F 03 A4 C0
2026-09-28T15:24:12.618+00:00,5692.253,RX,post,0011C0A4,1,5,01 00 00 A4 C0
2026-09-28T15:24:12.622+00:00,5697.036,RX,post,0001DF61,1,7,01 00 00 0F 03 61 DF
2026-09-28T15:24:12.623+00:00,5697.297,RX,post,0011DF61,1,5,01 00 00 61 DF
2026-09-28T15:24:12.627+00:00,5701.987,RX,post,00012CC6,1,7,01 00 00 0F 03 C6 2C
2026-09-28T15:24:12.628+00:00,5702.212,RX,post,00112CC6,1,5,01 00 00 C6 2C
2026-09-28T15:24:12.632+00:00,5707.138,RX,post,0001E0FC,1,7,01 00 00 0F 03 FC E0
2026-09-28T15:24:12.633+00:00,5707.194,RX,post,0011E0FC,1,5,01 00 00 FC E0
2026-09-28T15:24:12.637+00:00,5712.068,RX,post,000118CC,1,7,01 00 00 0F 03 CC 18
2026-09-28T15:24:12.638+00:00,5712.285,RX,post,001118CC,1,5,01 00 00 CC 18
2026-09-28T15:24:12.642+00:00,5717.118,RX,post,0001747A,1,7,01 00 00 0F 03 7A 74
2026-09-28T15:24:12.643+00:00,5717.235,RX,post,0011747A,1,5,01 00 00 7A 74
2026-09-28T15:24:12.647+00:00,5722.139,RX,post,0001425E,1,7,01 00 00 0F 03 5E 42
2026-09-28T15:24:12.648+00:00,5722.208,RX,post,0011425E,1,5,01 00 00 5E 42
2026-09-28T15:24:12.653+00:00,5727.245,RX,post,00019B6F,1,7,01 00 00 0F 03 6F 9B
2026-09-28T15:24:12.653+00:00,5727.283,RX,post,00119B6F,1,5,01 00 00 6F 9B
2026-09-28T15:24:12.658+00:00,5732.253,RX,post,000137E0,1,7,01 00 00 0F 03 E0 37
2026-09-28T15:24:12.658+00:00,5732.291,RX,post,001137E0,1,5,01 00 00 E0 37
2026-09-28T15:24:12.663+00:00,5737.251,RX,post,00011955,1,7,01 00 00 0F 03 55 19
2026-09-28T15:24:12.663+00:00,5737.286,RX,post,00111955,1,5,01 00 00 55 19
2026-09-28T15:24:12.667+00:00,5742.140,RX,post,0001B24A,1,7,01 00 00 0F 03 4A B2
2026-09-28T15:24:12.668+00:00,5742.216,RX,post,0011B24A,1,5,01 00 00 4A B2
2026-09-28T15:24:12.673+00:00,5747.239,RX,post,00016C69,1,7,01 00 00 0F 03 69 6C
2026-09-28T15:24:12.673+00:00,5747.277,RX,post,00116C69,1,5,01 00 00 69 6C
2026-09-28T15:24:12.677+00:00,5752.070,RX,post,00016B1E,1,7,01 00 00 0F 03 1E 6B
2026-09-28T15:24:12.678+00:00,5752.295,RX,post,00116B1E,1,5,01 00 00 1E 6B
2026-09-28T15:24:12.682+00:00,5756.991,RX,post,000126C2,1,7,01 00 00 0F 03 C2 26
2026-09-28T15:24:12.683+00:00,5757.209,RX,post,001126C2,1,5,01 00 00 C2 26
2026-09-28T15:24:12.687+00:00,5761.968,RX,post,0001C5BB,1,7,01 00 00 0F 03 BB C5
2026-09-28T15:24:12.688+00:00,5762.202,RX,post,0011C5BB,1,5,01 00 00 BB C5
2026-09-28T15:24:12.693+00:00,5767.277,RX,post,00015D98,1,7,01 00 00 0F 03 98 5D
2026-09-28T15:24:12.693+00:00,5767.315,RX,post,00115D98,1,5,01 00 00 98 5D
2026-09-28T15:24:12.698+00:00,5772.187,RX,post,00010915,1,7,01 00 00 0F 03 15 09
2026-09-28T15:24:12.698+00:00,5772.232,RX,post,00110915,1,5,01 00 00 15 09
2026-09-28T15:24:12.702+00:00,5777.125,RX,post,0001115D,1,7,01 00 00 0F 03 5D 11
2026-09-28T15:24:12.703+00:00,5777.213,RX,post,0011115D,1,5,01 00 00 5D 11
2026-09-28T15:24:12.707+00:00,5782.162,RX,post,0001C2A4,1,7,01 00 00 0F 03 A4 C2
2026-09-28T15:24:12.708+00:00,5782.200,RX,post,0011C2A4,1,5,01 00 00 A4 C2
2026-09-28T15:24:12.712+00:00,5787.131,RX,post,00019011,1,7,01 00 00 0F 03 11 90
2026-09-28T15:24:12.713+00:00,5787.256,RX,post,00119011,1,5,01 00 00 11 90
2026-09-28T15:24:12.718+00:00,5792.184,RX,post,0001F8FB,1,7,01 00 00 0F 03 FB F8
2026-09-28T15:24:12.718+00:00,5792.240,RX,post,0011F8FB,1,5,01 00 00 FB F8
2026-09-28T15:24:12.722+00:00,5797.147,RX,post,000147F6,1,7,01 00 00 0F 03 F6 47
2026-09-28T15:24:12.723+00:00,5797.215,RX,post,001147F6,1,5,01 00 00 F6 47
2026-09-28T15:24:12.728+00:00,5802.210,RX,post,0001D471,1,7,01 00 00 0F 03 71 D4
2026-09-28T15:24:12.728+00:00,5802.289,RX,post,0011D471,1,5,01 00 00 71 D4
2026-09-28T15:24:12.732+00:00,5806.974,RX,post,0001AB94,1,7,01 00 00 0F 03 94 AB
2026-09-28T15:24:12.733+00:00,5807.209,RX,post,0011AB94,1,5,01 00 00 94 AB
2026-09-28T15:24:12.737+00:00,5812.062,RX,post,000141BF,1,7,01 00 00 0F 03 BF 41
2026-09-28T15:24:12.738+00:00,5812.208,RX,post,001141BF,1,5,01 00 00 BF 41
2026-09-28T15:24:12.742+00:00,5817.136,RX,post,0001ECAD,1,7,01 00 00 0F 03 AD EC
2026-09-28T15:24:12.743+00:00,5817.212,RX,post,0011ECAD,1,5,01 00 00 AD EC
2026-09-28T15:24:12.748+00:00,5822.197,RX,post,00014279,1,7,01 00 00 0F 03 79 42
2026-09-28T15:24:12.748+00:00,5822.242,RX,post,00114279,1,5,01 00 00 79 42
2026-09-28T15:24:12.752+00:00,5827.132,RX,post,00010A8E,1,7,01 00 00 0F 03 8E 0A
2026-09-28T15:24:12.753+00:00,5827.214,RX,post,00110A8E,1,5,01 00 00 8E 0A
2026-09-28T15:24:12.757+00:00,5832.076,RX,post,00019CDC,1,7,01 00 00 0F 03 DC 9C
2026-09-28T15:24:12.758+00:00,5832.206,RX,post,00119CDC,1,5,01 00 00 DC 9C
2026-09-28T15:24:12.763+00:00,5837.191,RX,post,0001BCDF,1,7,01 00 00 0F 03 DF BC
2026-09-28T15:24:12.763+00:00,5837.230,RX,post,0011BCDF,1,5,01 00 00 DF BC
2026-09-28T15:24:12.768+00:00,5842.167,RX,post,00016035,1,7,01 00 00 0F 03 35 60
2026-09-28T15:24:12.768+00:00,5842.232,RX,post,00116035,1,5,01 00 00 35 60
2026-09-28T15:24:12.772+00:00,5846.982,RX,post,000132E2,1,7,01 00 00 0F 03 E2 32
2026-09-28T15:24:12.773+00:00,5847.209,RX,post,001132E2,1,5,01 00 00 E2 32
2026-09-28T15:24:12.778+00:00,5852.232,RX,post,00010CF3,1,7,01 00 00 0F 03 F3 0C
2026-09-28T15:24:12.778+00:00,5852.276,RX,post,00110CF3,1,5,01 00 00 F3 0C
2026-09-28T15:24:12.782+00:00,5857.132,RX,post,0001CFC3,1,7,01 00 00 0F 03 C3 CF
2026-09-28T15:24:12.783+00:00,5857.176,RX,post,0011CFC3,1,5,01 00 00 C3 CF
2026-09-28T15:24:12.788+00:00,5862.212,RX,post,0001C32D,1,7,01 00 00 0F 03 2D C3
2026-09-28T15:24:12.788+00:00,5862.257,RX,post,0011C32D,1,5,01 00 00 2D C3
2026-09-28T15:24:12.792+00:00,5867.117,RX,post,00010366,1,7,01 00 00 0F 03 66 03
2026-09-28T15:24:12.793+00:00,5867.286,RX,post,00110366,1,5,01 00 00 66 03
2026-09-28T15:24:12.798+00:00,5872.209,RX,post,00016416,1,7,01 00 00 0F 03 16 64
2026-09-28T15:24:12.798+00:00,5872.244,RX,post,00116416,1,5,01 00 00 16 64
2026-09-28T15:24:12.802+00:00,5877.141,RX,post,000163D3,1,7,01 00 00 0F 03 D3 63
2026-09-28T15:24:12.803+00:00,5877.216,RX,post,001163D3,1,5,01 00 00 D3 63
2026-09-28T15:24:12.807+00:00,5882.018,RX,post,00011AB5,1,7,01 00 00 0F 03 B5 1A
2026-09-28T15:24:12.808+00:00,5882.211,RX,post,00111AB5,1,5,01 00 00 B5 1A
2026-09-28T15:24:12.812+00:00,5887.025,RX,post,0001162E,1,7,01 00 00 0F 03 2E 16
2026-09-28T15:24:12.813+00:00,5887.208,RX,post,0011162E,1,5,01 00 00 2E 16
2026-09-28T15:24:12.817+00:00,5891.975,RX,post,0001D5E4,1,7,01 00 00 0F 03 E4 D5
2026-09-28T15:24:12.818+00:00,5892.188,RX,post,0011D5E4,1,5,01 00 00 E4 D5
2026-09-28T15:24:12.822+00:00,5896.948,RX,post,0001BEEB,1,7,01 00 00 0F 03 EB BE
2026-09-28T15:24:12.823+00:00,5897.190,RX,post,0011BEEB,1,5,01 00 00 EB BE
2026-09-28T15:24:12.827+00:00,5901.976,RX,post,0001815C,1,7,01 00 00 0F 03 5C 81
2026-09-28T15:24:12.828+00:00,5902.209,RX,post,0011815C,1,5,01 00 00 5C 81
2026-09-28T15:24:12.832+00:00,5906.987,RX,post,00010F8C,1,7,01 00 00 0F 03 8C 0F
2026-09-28T15:24:12.833+00:00,5907.190,RX,post,00110F8C,1,5,01 00 00 8C 0F
2026-09-28T15:24:12.837+00:00,5911.956,RX,post,00018959,1,7,01 00 00 0F 03 59 89
2026-09-28T15:24:12.838+00:00,5912.183,RX,post,00118959,1,5,01 00 00 59 89
2026-09-28T15:24:12.842+00:00,5917.161,RX,post,0001F932,1,7,01 00 00 0F 03 32 F9
2026-09-28T15:24:12.843+00:00,5917.197,RX,post,0011F932,1,5,01 00 00 32 F9
2026-09-28T15:24:12.847+00:00,5922.138,RX,post,0001541E,1,7,01 00 00 0F 03 1E 54
2026-09-28T15:24:12.848+00:00,5922.220,RX,post,0011541E,1,5,01 00 00 1E 54
2026-09-28T15:24:12.853+00:00,5927.299,RX,post,0001E9D2,1,7,01 00 00 0F 03 D2 E9
2026-09-28T15:24:12.853+00:00,5927.355,RX,post,0011E9D2,1,5,01 00 00 D2 E9
2026-09-28T15:24:12.857+00:00,5932.118,RX,post,00012E61,1,7,01 00 00 0F 03 61 2E
2026-09-28T15:24:12.858+00:00,5932.198,RX,post,00112E61,1,5,01 00 00 61 2E
2026-09-28T15:24:12.863+00:00,5937.175,RX,post,0001C6BB,1,7,01 00 00 0F 03 BB C6
2026-09-28T15:24:12.863+00:00,5937.229,RX,post,0011C6BB,1,5,01 00 00 BB C6
2026-09-28T15:24:12.868+00:00,5942.199,RX,post,0001735F,1,7,01 00 00 0F 03 5F 73
2026-09-28T15:24:12.868+00:00,5942.238,RX,post,0011735F,1,5,01 00 00 5F 73
2026-09-28T15:24:12.872+00:00,5947.124,RX,post,000141DC,1,7,01 00 00 0F 03 DC 41
2026-09-28T15:24:12.872+00:00,5947.161,RX,post,001141DC,1,5,01 00 00 DC 41
2026-09-28T15:24:12.877+00:00,5951.962,RX,post,00017F31,1,7,01 00 00 0F 03 31 7F
2026-09-28T15:24:12.878+00:00,5952.179,RX,post,00117F31,1,5,01 00 00 31 7F
2026-09-28T15:24:12.882+00:00,5956.971,RX,post,00013FEA,1,7,01 00 00 0F 03 EA 3F
2026-09-28T15:24:12.883+00:00,5957.232,RX,post,00113FEA,1,5,01 00 00 EA 3F
2026-09-28T15:24:12.887+00:00,5962.094,RX,post,00011998,1,7,01 00 00 0F 03 98 19
2026-09-28T15:24:12.888+00:00,5962.185,RX,post,00111998,1,5,01 00 00 98 19
2026-09-28T15:24:12.892+00:00,5966.945,RX,post,0001AC50,1,7,01 00 00 0F 03 50 AC
2026-09-28T15:24:12.893+00:00,5967.181,RX,post,0011AC50,1,5,01 00 00 50 AC
2026-09-28T15:24:12.897+00:00,5971.946,RX,post,0001D955,1,7,01 00 00 0F 03 55 D9
2026-09-28T15:24:12.898+00:00,5972.234,RX,post,0011D955,1,5,01 00 00 55 D9
2026-09-28T15:24:12.902+00:00,5976.946,RX,post,0001C897,1,7,01 00 00 0F 03 97 C8
2026-09-28T15:24:12.903+00:00,5977.182,RX,post,0011C897,1,5,01 00 00 97 C8
2026-09-28T15:24:12.907+00:00,5981.938,RX,post,000133CD,1,7,01 00 00 0F 03 CD 33
2026-09-28T15:24:12.908+00:00,5982.266,RX,post,001133CD,1,5,01 00 00 CD 33
2026-09-28T15:24:12.912+00:00,5986.960,RX,post,00010FA2,1,7,01 00 00 0F 03 A2 0F
2026-09-28T15:24:12.913+00:00,5987.184,RX,post,00110FA2,1,5,01 00 00 A2 0F
2026-09-28T15:24:12.917+00:00,5991.963,RX,post,0001DA88,1,7,01 00 00 0F 03 88 DA
2026-09-28T15:24:12.918+00:00,5992.259,RX,post,0011DA88,1,5,01 00 00 88 DA
2026-09-28T15:24:12.922+00:00,5996.952,RX,post,0001D5F4,1,7,01 00 00 0F 03 F4 D5
2026-09-28T15:24:12.923+00:00,5997.200,RX,post,0011D5F4,1,5,01 00 00 F4 D5
2026-09-28T15:24:12.927+00:00,6001.962,RX,post,000127C5,1,7,01 00 00 0F 03 C5 27
2026-09-28T15:24:12.928+00:00,6002.184,RX,post,001127C5,1,5,01 00 00 C5 27
2026-09-28T15:24:12.932+00:00,6007.020,RX,post,0001DADA,1,7,01 00 00 0F 03 DA DA
2026-09-28T15:24:12.933+00:00,6007.224,RX,post,0011DADA,1,5,01 00 00 DA DA
2026-09-28T15:24:12.937+00:00,6011.975,RX,post,0001D146,1,7,01 00 00 0F 03 46 D1
2026-09-28T15:24:12.938+00:00,6012.239,RX,post,0011D146,1,5,01 00 00 46 D1
2026-09-28T15:24:12.942+00:00,6017.015,RX,post,0001AF2E,1,7,01 00 00 0F 03 2E AF
2026-09-28T15:24:12.943+00:00,6017.218,RX,post,0011AF2E,1,5,01 00 00 2E AF
2026-09-28T15:24:12.947+00:00,6021.997,RX,post,000113F8,1,7,01 00 00 0F 03 F8 13
2026-09-28T15:24:12.948+00:00,6022.236,RX,post,001113F8,1,5,01 00 00 F8 13
2026-09-28T15:24:12.952+00:00,6026.994,RX,post,00016514,1,7,01 00 00 0F 03 14 65
2026-09-28T15:24:12.953+00:00,6027.236,RX,post,00116514,1,5,01 00 00 14 65
2026-09-28T15:24:12.957+00:00,6032.010,RX,post,00016921,1,7,01 00 00 0F 03 21 69
2026-09-28T15:24:12.958+00:00,6032.232,RX,post,00116921,1,5,01 00 00 21 69
2026-09-28T15:24:12.962+00:00,6036.997,RX,post,000154D5,1,7,01 00 00 0F 03 D5 54
2026-09-28T15:24:12.963+00:00,6037.236,RX,post,001154D5,1,5,01 00 00 D5 54
2026-09-28T15:24:12.967+00:00,6041.996,RX,post,0001D946,1,7,01 00 00 0F 03 46 D9
2026-09-28T15:24:12.968+00:00,6042.239,RX,post,0011D946,1,5,01 00 00 46 D9
2026-09-28T15:24:12.972+00:00,6046.995,RX,post,000149CA,1,7,01 00 00 0F 03 CA 49
2026-09-28T15:24:12.973+00:00,6047.237,RX,post,001149CA,1,5,01 00 00 CA 49
2026-09-28T15:24:12.977+00:00,6052.002,RX,post,000136D6,1,7,01 00 00 0F 03 D6 36
2026-09-28T15:24:12.978+00:00,6052.240,RX,post,001136D6,1,5,01 00 00 D6 36
2026-09-28T15:24:12.982+00:00,6056.989,RX,post,000142FB,1,7,01 00 00 0F 03 FB 42
2026-09-28T15:24:12.983+00:00,6057.235,RX,post,001142FB,1,5,01 00 00 FB 42
2026-09-28T15:24:12.987+00:00,6061.994,RX,post,00011A6C,1,7,01 00 00 0F 03 6C 1A
2026-09-28T15:24:12.988+00:00,6062.231,RX,post,00111A6C,1,5,01 00 00 6C 1A
2026-09-28T15:24:12.992+00:00,6067.038,RX,post,00019DD3,1,7,01 00 00 0F 03 D3 9D
2026-09-28T15:24:12.993+00:00,6067.257,RX,post,00119DD3,1,5,01 00 00 D3 9D
2026-09-28T15:24:12.997+00:00,6071.995,RX,post,00012C1E,1,7,01 00 00 0F 03 1E 2C
2026-09-28T15:24:12.998+00:00,6072.253,RX,post,00112C1E,1,5,01 00 00 1E 2C
2026-09-28T15:24:13.002+00:00,6076.947,RX,post,0001421E,1,7,01 00 00 0F 03 1E 42
2026-09-28T15:24:13.003+00:00,6077.190,RX,post,0011421E,1,5,01 00 00 1E 42
2026-09-28T15:24:13.007+00:00,6081.957,RX,post,00015136,1,7,01 00 00 0F 03 36 51
2026-09-28T15:24:13.008+00:00,6082.227,RX,post,00115136,1,5,01 00 00 36 51
2026-09-28T15:24:13.012+00:00,6087.006,RX,post,0001552A,1,7,01 00 00 0F 03 2A 55
2026-09-28T15:24:13.013+00:00,6087.242,RX,post,0011552A,1,5,01 00 00 2A 55
2026-09-28T15:24:13.017+00:00,6091.995,RX,post,00015B45,1,7,01 00 00 0F 03 45 5B
2026-09-28T15:24:13.018+00:00,6092.274,RX,post,00115B45,1,5,01 00 00 45 5B
2026-09-28T15:24:13.022+00:00,6096.997,RX,post,00013EC5,1,7,01 00 00 0F 03 C5 3E
2026-09-28T15:24:13.023+00:00,6097.232,RX,post,00113EC5,1,5,01 00 00 C5 3E
2026-09-28T15:24:13.027+00:00,6101.996,RX,post,0001ED73,1,7,01 00 00 0F 03 73 ED
2026-09-28T15:24:13.028+00:00,6102.259,RX,post,0011ED73,1,5,01 00 00 73 ED
2026-09-28T15:24:13.032+00:00,6107.001,RX,post,0001856F,1,7,01 00 00 0F 03 6F 85
2026-09-28T15:24:13.033+00:00,6107.218,RX,post,0011856F,1,5,01 00 00 6F 85
2026-09-28T15:24:13.037+00:00,6111.999,RX,post,00014E7C,1,7,01 00 00 0F 03 7C 4E
2026-09-28T15:24:13.038+00:00,6112.247,RX,post,00114E7C,1,5,01 00 00 7C 4E
2026-09-28T15:24:13.042+00:00,6116.997,RX,post,000113EC,1,7,01 00 00 0F 03 EC 13
2026-09-28T15:24:13.043+00:00,6117.244,RX,post,001113EC,1,5,01 00 00 EC 13
2026-09-28T15:24:13.047+00:00,6121.999,RX,post,000155AC,1,7,01 00 00 0F 03 AC 55
2026-09-28T15:24:13.048+00:00,6122.244,RX,post,001155AC,1,5,01 00 00 AC 55
2026-09-28T15:24:13.052+00:00,6126.980,RX,post,0001BD2D,1,7,01 00 00 0F 03 2D BD
2026-09-28T15:24:13.053+00:00,6127.217,RX,post,0011BD2D,1,5,01 00 00 2D BD
2026-09-28T15:24:13.057+00:00,6131.998,RX,post,0001C6ED,1,7,01 00 00 0F 03 ED C6
2026-09-28T15:24:13.058+00:00,6132.246,RX,post,0011C6ED,1,5,01 00 00 ED C6
2026-09-28T15:24:13.062+00:00,6136.987,RX,post,00015420,1,7,01 00 00 0F 03 20 54
2026-09-28T15:24:13.063+00:00,6137.229,RX,post,00115420,1,5,01 00 00 20 54
2026-09-28T15:24:13.067+00:00,6141.952,RX,post,0001F994,1,7,01 00 00 0F 03 94 F9
2026-09-28T15:24:13.067+00:00,6142.164,RX,post,0011F994,1,5,01 00 00 94 F9
2026-09-28T15:24:13.072+00:00,6146.940,RX,post,000157E0,1,7,01 00 00 0F 03 E0 57
2026-09-28T15:24:13.073+00:00,6147.180,RX,post,001157E0,1,5,01 00 00 E0 57
2026-09-28T15:24:13.077+00:00,6151.940,RX,post,00012B92,1,7,01 00 00 0F 03 92 2B
2026-09-28T15:24:13.078+00:00,6152.188,RX,post,00112B92,1,5,01 00 00 92 2B
2026-09-28T15:24:13.082+00:00,6156.938,RX,post,00013169,1,7,01 00 00 0F 03 69 31
2026-09-28T15:24:13.083+00:00,6157.189,RX,post,00113169,1,5,01 00 00 69 31
2026-09-28T15:24:13.087+00:00,6161.973,RX,post,0001623D,1,7,01 00 00 0F 03 3D 62
2026-09-28T15:24:13.088+00:00,6162.181,RX,post,0011623D,1,5,01 00 00 3D 62
2026-09-28T15:24:13.092+00:00,6166.938,RX,post,0001B6B4,1,7,01 00 00 0F 03 B4 B6
2026-09-28T15:24:13.093+00:00,6167.178,RX,post,0011B6B4,1,5,01 00 00 B4 B6
2026-09-28T15:24:13.097+00:00,6171.998,RX,post,00012BC4,1,7,01 00 00 0F 03 C4 2B
2026-09-28T15:24:13.098+00:00,6172.186,RX,post,00112BC4,1,5,01 00 00 C4 2B
2026-09-28T15:24:13.102+00:00,6176.935,RX,post,00012BEA,1,7,01 00 00 0F 03 EA 2B
2026-09-28T15:24:13.103+00:00,6177.181,RX,post,00112BEA,1,5,01 00 00 EA 2B
2026-09-28T15:24:13.107+00:00,6181.983,RX,post,0001440F,1,7,01 00 00 0F 03 0F 44
2026-09-28T15:24:13.107+00:00,6182.158,RX,post,0011440F,1,5,01 00 00 0F 44
2026-09-28T15:24:13.112+00:00,6186.979,RX,post,0001B20D,1,7,01 00 00 0F 03 0D B2
2026-09-28T15:24:13.113+00:00,6187.186,RX,post,0011B20D,1,5,01 00 00 0D B2
2026-09-28T15:24:13.117+00:00,6191.973,RX,post,00014D95,1,7,01 00 00 0F 03 95 4D
2026-09-28T15:24:13.118+00:00,6192.185,RX,post,00114D95,1,5,01 00 00 95 4D
2026-09-28T15:24:13.122+00:00,6197.003,RX,post,0001F349,1,7,01 00 00 0F 03 49 F3
2026-09-28T15:24:13.123+00:00,6197.177,RX,post,0011F349,1,5,01 00 00 49 F3
2026-09-28T15:24:13.127+00:00,6201.983,RX,post,00019A78,1,7,01 00 00 0F 03 78 9A
2026-09-28T15:24:13.127+00:00,6202.160,RX,post,00119A78,1,5,01 00 00 78 9A
2026-09-28T15:24:13.132+00:00,6206.920,RX,post,0001DFCA,1,7,01 00 00 0F 03 CA DF
2026-09-28T15:24:13.132+00:00,6207.137,RX,post,0011DFCA,1,5,01 00 00 CA DF
2026-09-28T15:24:13.137+00:00,6211.918,RX,post,000173DE,1,7,01 00 00 0F 03 DE 73
2026-09-28T15:24:13.137+00:00,6212.137,RX,post,001173DE,1,5,01 00 00 DE 73
2026-09-28T15:24:13.142+00:00,6216.917,RX,post,000142CE,1,7,01 00 00 0F 03 CE 42
2026-09-28T15:24:13.142+00:00,6217.152,RX,post,001142CE,1,5,01 00 00 CE 42
2026-09-28T15:24:13.147+00:00,6221.915,RX,post,00019962,1,7,01 00 00 0F 03 62 99
2026-09-28T15:24:13.148+00:00,6222.253,RX,post,00119962,1,5,01 00 00 62 99
2026-09-28T15:24:13.152+00:00,6226.920,RX,post,0001C248,1,7,01 00 00 0F 03 48 C2
2026-09-28T15:24:13.152+00:00,6227.151,RX,post,0011C248,1,5,01 00 00 48 C2
2026-09-28T15:24:13.157+00:00,6231.916,RX,post,00017017,1,7,01 00 00 0F 03 17 70
2026-09-28T15:24:13.158+00:00,6232.251,RX,post,00117017,1,5,01 00 00 17 70
2026-09-28T15:24:13.162+00:00,6236.911,RX,post,0001984D,1,7,01 00 00 0F 03 4D 98
2026-09-28T15:24:13.162+00:00,6237.155,RX,post,0011984D,1,5,01 00 00 4D 98
2026-09-28T15:24:13.167+00:00,6241.913,RX,post,0001D868,1,7,01 00 00 0F 03 68 D8
2026-09-28T15:24:13.167+00:00,6242.167,RX,post,0011D868,1,5,01 00 00 68 D8
2026-09-28T15:24:13.172+00:00,6246.927,RX,post,00014828,1,7,01 00 00 0F 03 28 48
2026-09-28T15:24:13.172+00:00,6247.163,RX,post,00114828,1,5,01 00 00 28 48
2026-09-28T15:24:13.177+00:00,6251.935,RX,post,0001ABE9,1,7,01 00 00 0F 03 E9 AB
2026-09-28T15:24:13.177+00:00,6252.164,RX,post,0011ABE9,1,5,01 00 00 E9 AB
2026-09-28T15:24:13.182+00:00,6256.915,RX,post,00011DC4,1,7,01 00 00 0F 03 C4 1D
2026-09-28T15:24:13.182+00:00,6257.160,RX,post,00111DC4,1,5,01 00 00 C4 1D
2026-09-28T15:24:13.187+00:00,6261.950,RX,post,00015FC8,1,7,01 00 00 0F 03 C8 5F
2026-09-28T15:24:13.187+00:00,6262.155,RX,post,00115FC8,1,5,01 00 00 C8 5F
2026-09-28T15:24:13.192+00:00,6266.917,RX,post,000100D0,1,7,01 00 00 0F 03 D0 00
2026-09-28T15:24:13.192+00:00,6267.157,RX,post,001100D0,1,5,01 00 00 D0 00
2026-09-28T15:24:13.197+00:00,6271.919,RX,post,00018A83,1,7,01 00 00 0F 03 83 8A
2026-09-28T15:24:13.197+00:00,6272.159,RX,post,00118A83,1,5,01 00 00 83 8A
2026-09-28T15:24:13.202+00:00,6276.920,RX,post,000161C4,1,7,01 00 00 0F 03 C4 61
2026-09-28T15:24:13.202+00:00,6277.160,RX,post,001161C4,1,5,01 00 00 C4 61
2026-09-28T15:24:13.207+00:00,6281.916,RX,post,0001AB16,1,7,01 00 00 0F 03 16 AB
2026-09-28T15:24:13.207+00:00,6282.168,RX,post,0011AB16,1,5,01 00 00 16 AB
2026-09-28T15:24:13.212+00:00,6286.928,RX,post,000179B2,1,7,01 00 00 0F 03 B2 79
2026-09-28T15:24:13.212+00:00,6287.164,RX,post,001179B2,1,5,01 00 00 B2 79
2026-09-28T15:24:13.217+00:00,6291.942,RX,post,00011DAF,1,7,01 00 00 0F 03 AF 1D
2026-09-28T15:24:13.217+00:00,6292.162,RX,post,00111DAF,1,5,01 00 00 AF 1D
2026-09-28T15:24:13.222+00:00,6296.915,RX,post,0001328F,1,7,01 00 00 0F 03 8F 32
2026-09-28T15:24:13.222+00:00,6297.154,RX,post,0011328F,1,5,01 00 00 8F 32
2026-09-28T15:24:13.227+00:00,6301.920,RX,post,0001B9B5,1,7,01 00 00 0F 03 B5 B9
2026-09-28T15:24:13.227+00:00,6302.160,RX,post,0011B9B5,1,5,01 00 00 B5 B9
2026-09-28T15:24:13.232+00:00,6306.996,RX,post,0001784E,1,7,01 00 00 0F 03 4E 78
2026-09-28T15:24:13.233+00:00,6307.204,RX,post,0011784E,1,5,01 00 00 4E 78
2026-09-28T15:24:13.237+00:00,6311.948,RX,post,0001AAA3,1,7,01 00 00 0F 03 A3 AA
2026-09-28T15:24:13.238+00:00,6312.205,RX,post,0011AAA3,1,5,01 00 00 A3 AA
2026-09-28T15:24:13.243+00:00,6317.879,RX,post,00016C05,1,7,01 00 00 0F 03 05 6C
2026-09-28T15:24:13.243+00:00,6317.956,RX,post,00116C05,1,5,01 00 00 05 6C
2026-09-28T15:24:13.247+00:00,6321.961,RX,post,00013D05,1,7,01 00 00 0F 03 05 3D
2026-09-28T15:24:13.248+00:00,6322.197,RX,post,00113D05,1,5,01 00 00 05 3D
2026-09-28T15:24:13.252+00:00,6326.954,RX,post,000164F8,1,7,01 00 00 0F 03 F8 64
2026-09-28T15:24:13.252+00:00,6327.167,RX,post,001164F8,1,5,01 00 00 F8 64
2026-09-28T15:24:13.257+00:00,6332.015,RX,post,00013E97,1,7,01 00 00 0F 03 97 3E
2026-09-28T15:24:13.258+00:00,6332.208,RX,post,00113E97,1,5,01 00 00 97 3E
2026-09-28T15:24:13.262+00:00,6336.925,RX,post,0001D43E,1,7,01 00 00 0F 03 3E D4
2026-09-28T15:24:13.262+00:00,6337.165,RX,post,0011D43E,1,5,01 00 00 3E D4
2026-09-28T15:24:13.267+00:00,6341.965,RX,post,00017C5B,1,7,01 00 00 0F 03 5B 7C
2026-09-28T15:24:13.268+00:00,6342.225,RX,post,00117C5B,1,5,01 00 00 5B 7C
2026-09-28T15:24:13.272+00:00,6346.889,RX,post,00018A59,1,7,01 00 00 0F 03 59 8A
2026-09-28T15:24:13.272+00:00,6347.166,RX,post,00118A59,1,5,01 00 00 59 8A
2026-09-28T15:24:13.277+00:00,6351.856,RX,post,00012B1A,1,7,01 00 00 0F 03 1A 2B
2026-09-28T15:24:13.277+00:00,6352.087,RX,post,00112B1A,1,5,01 00 00 1A 2B
2026-09-28T15:24:13.282+00:00,6356.879,RX,post,0001D6F6,1,7,01 00 00 0F 03 F6 D6
2026-09-28T15:24:13.282+00:00,6357.116,RX,post,0011D6F6,1,5,01 00 00 F6 D6
2026-09-28T15:24:13.287+00:00,6361.881,RX,post,000182B4,1,7,01 00 00 0F 03 B4 82
2026-09-28T15:24:13.287+00:00,6362.097,RX,post,001182B4,1,5,01 00 00 B4 82
2026-09-28T15:24:13.292+00:00,6366.879,RX,post,000169B6,1,7,01 00 00 0F 03 B6 69
2026-09-28T15:24:13.292+00:00,6367.113,RX,post,001169B6,1,5,01 00 00 B6 69
2026-09-28T15:24:13.297+00:00,6371.875,RX,post,0001AE24,1,7,01 00 00 0F 03 24 AE
2026-09-28T15:24:13.297+00:00,6372.120,RX,post,0011AE24,1,5,01 00 00 24 AE
2026-09-28T15:24:13.302+00:00,6376.877,RX,post,00015FAC,1,7,01 00 00 0F 03 AC 5F
2026-09-28T15:24:13.302+00:00,6377.120,RX,post,00115FAC,1,5,01 00 00 AC 5F
2026-09-28T15:24:13.307+00:00,6381.850,RX,post,00012228,1,7,01 00 00 0F 03 28 22
2026-09-28T15:24:13.307+00:00,6382.119,RX,post,00112228,1,5,01 00 00 28 22
2026-09-28T15:24:13.312+00:00,6386.881,RX,post,000113F3,1,7,01 00 00 0F 03 F3 13
2026-09-28T15:24:13.312+00:00,6387.112,RX,post,001113F3,1,5,01 00 00 F3 13
2026-09-28T15:24:13.317+00:00,6391.881,RX,post,000179EA,1,7,01 00 00 0F 03 EA 79
2026-09-28T15:24:13.317+00:00,6392.122,RX,post,001179EA,1,5,01 00 00 EA 79
2026-09-28T15:24:13.322+00:00,6396.852,RX,post,0001A288,1,7,01 00 00 0F 03 88 A2
2026-09-28T15:24:13.322+00:00,6397.087,RX,post,0011A288,1,5,01 00 00 88 A2
2026-09-28T15:24:13.327+00:00,6401.874,RX,post,00010D1F,1,7,01 00 00 0F 03 1F 0D
2026-09-28T15:24:13.327+00:00,6402.152,RX,post,00110D1F,1,5,01 00 00 1F 0D
2026-09-28T15:24:13.332+00:00,6406.882,RX,post,00015F55,1,7,01 00 00 0F 03 55 5F
2026-09-28T15:24:13.332+00:00,6407.113,RX,post,00115F55,1,5,01 00 00 55 5F
2026-09-28T15:24:13.337+00:00,6411.850,RX,post,00014075,1,7,01 00 00 0F 03 75 40
2026-09-28T15:24:13.337+00:00,6412.088,RX,post,00114075,1,5,01 00 00 75 40
2026-09-28T15:24:13.342+00:00,6416.878,RX,post,00010400,1,7,01 00 00 0F 03 00 04
2026-09-28T15:24:13.342+00:00,6417.121,RX,post,00110400,1,5,01 00 00 00 04
2026-09-28T15:24:13.347+00:00,6421.853,RX,post,0001E145,1,7,01 00 00 0F 03 45 E1
2026-09-28T15:24:13.347+00:00,6422.085,RX,post,0011E145,1,5,01 00 00 45 E1
2026-09-28T15:24:13.352+00:00,6426.851,RX,post,00015A09,1,7,01 00 00 0F 03 09 5A
2026-09-28T15:24:13.352+00:00,6427.126,RX,post,00115A09,1,5,01 00 00 09 5A
2026-09-28T15:24:13.357+00:00,6431.854,RX,post,00014EF0,1,7,01 00 00 0F 03 F0 4E
2026-09-28T15:24:13.357+00:00,6432.094,RX,post,00114EF0,1,5,01 00 00 F0 4E
2026-09-28T15:24:13.362+00:00,6436.850,RX,post,0001CB39,1,7,01 00 00 0F 03 39 CB
2026-09-28T15:24:13.362+00:00,6437.124,RX,post,0011CB39,1,5,01 00 00 39 CB
2026-09-28T15:24:13.367+00:00,6441.853,RX,post,00012C3D,1,7,01 00 00 0F 03 3D 2C
2026-09-28T15:24:13.367+00:00,6442.090,RX,post,00112C3D,1,5,01 00 00 3D 2C
2026-09-28T15:24:13.372+00:00,6446.855,RX,post,00018167,1,7,01 00 00 0F 03 67 81
2026-09-28T15:24:13.372+00:00,6447.129,RX,post,00118167,1,5,01 00 00 67 81
2026-09-28T15:24:13.377+00:00,6451.850,RX,post,000104C3,1,7,01 00 00 0F 03 C3 04
2026-09-28T15:24:13.377+00:00,6452.127,RX,post,001104C3,1,5,01 00 00 C3 04
2026-09-28T15:24:13.382+00:00,6456.851,RX,post,0001FB2E,1,7,01 00 00 0F 03 2E FB
2026-09-28T15:24:13.382+00:00,6457.125,RX,post,0011FB2E,1,5,01 00 00 2E FB
2026-09-28T15:24:13.387+00:00,6461.856,RX,post,00019618,1,7,01 00 00 0F 03 18 96
2026-09-28T15:24:13.387+00:00,6462.126,RX,post,00119618,1,5,01 00 00 18 96
2026-09-28T15:24:13.392+00:00,6466.857,RX,post,00011DF6,1,7,01 00 00 0F 03 F6 1D
2026-09-28T15:24:13.392+00:00,6467.133,RX,post,00111DF6,1,5,01 00 00 F6 1D
2026-09-28T15:24:13.397+00:00,6471.848,RX,post,00018263,1,7,01 00 00 0F 03 63 82
2026-09-28T15:24:13.397+00:00,6472.088,RX,post,00118263,1,5,01 00 00 63 82
2026-09-28T15:24:13.402+00:00,6476.850,RX,post,00012E91,1,7,01 00 00 0F 03 91 2E
2026-09-28T15:24:13.402+00:00,6477.093,RX,post,00112E91,1,5,01 00 00 91 2E
2026-09-28T15:24:13.407+00:00,6481.856,RX,post,0001D583,1,7,01 00 00 0F 03 83 D5
2026-09-28T15:24:13.407+00:00,6482.086,RX,post,0011D583,1,5,01 00 00 83 D5
2026-09-28T15:24:13.412+00:00,6486.852,RX,post,0001842F,1,7,01 00 00 0F 03 2F 84
2026-09-28T15:24:13.412+00:00,6487.085,RX,post,0011842F,1,5,01 00 00 2F 84
2026-09-28T15:24:13.417+00:00,6491.896,RX,post,000127E6,1,7,01 00 00 0F 03 E6 27
2026-09-28T15:24:13.417+00:00,6492.133,RX,post,001127E6,1,5,01 00 00 E6 27
2026-09-28T15:24:13.422+00:00,6496.900,RX,post,00015A73,1,7,01 00 00 0F 03 73 5A
2026-09-28T15:24:13.422+00:00,6497.131,RX,post,00115A73,1,5,01 00 00 73 5A
2026-09-28T15:24:13.427+00:00,6501.896,RX,post,0001D1C3,1,7,01 00 00 0F 03 C3 D1
2026-09-28T15:24:13.427+00:00,6502.126,RX,post,0011D1C3,1,5,01 00 00 C3 D1
2026-09-28T15:24:13.432+00:00,6506.893,RX,post,00018601,1,7,01 00 00 0F 03 01 86
2026-09-28T15:24:13.432+00:00,6507.091,RX,post,00118601,1,5,01 00 00 01 86
2026-09-28T15:24:13.437+00:00,6511.897,RX,post,00011F58,1,7,01 00 00 0F 03 58 1F
2026-09-28T15:24:13.437+00:00,6512.131,RX,post,00111F58,1,5,01 00 00 58 1F
2026-09-28T15:24:13.442+00:00,6516.936,RX,post,0001ABA5,1,7,01 00 00 0F 03 A5 AB
2026-09-28T15:24:13.443+00:00,6517.197,RX,post,0011ABA5,1,5,01 00 00 A5 AB
2026-09-28T15:24:13.447+00:00,6521.902,RX,post,0001AE61,1,7,01 00 00 0F 03 61 AE
2026-09-28T15:24:13.448+00:00,6522.185,RX,post,0011AE61,1,5,01 00 00 61 AE
2026-09-28T15:24:13.452+00:00,6526.919,RX,post,00019117,1,7,01 00 00 0F 03 17 91
2026-09-28T15:24:13.452+00:00,6527.140,RX,post,00119117,1,5,01 00 00 17 91
2026-09-28T15:24:13.457+00:00,6531.972,RX,post,000106D0,1,7,01 00 00 0F 03 D0 06
2026-09-28T15:24:13.457+00:00,6532.101,RX,post,001106D0,1,5,01 00 00 D0 06
2026-09-28T15:24:13.462+00:00,6536.986,RX,post,00013ADD,1,7,01 00 00 0F 03 DD 3A
2026-09-28T15:24:13.462+00:00,6537.139,RX,post,00113ADD,1,5,01 00 00 DD 3A
2026-09-28T15:24:13.467+00:00,6541.947,RX,post,0001D4A3,1,7,01 00 00 0F 03 A3 D4
2026-09-28T15:24:13.468+00:00,6542.173,RX,post,0011D4A3,1,5,01 00 00 A3 D4
2026-09-28T15:24:13.472+00:00,6546.936,RX,post,000131DA,1,7,01 00 00 0F 03 DA 31
2026-09-28T15:24:13.473+00:00,6547.179,RX,post,001131DA,1,5,01 00 00 DA 31
2026-09-28T15:24:13.477+00:00,6551.936,RX,post,00016641,1,7,01 00 00 0F 03 41 66
2026-09-28T15:24:13.478+00:00,6552.168,RX,post,00116641,1,5,01 00 00 41 66
2026-09-28T15:24:13.482+00:00,6556.935,RX,post,0001FF97,1,7,01 00 00 0F 03 97 FF
2026-09-28T15:24:13.483+00:00,6557.172,RX,post,0011FF97,1,5,01 00 00 97 FF
2026-09-28T15:24:13.487+00:00,6561.934,RX,post,000112C0,1,7,01 00 00 0F 03 C0 12
2026-09-28T15:24:13.488+00:00,6562.173,RX,post,001112C0,1,5,01 00 00 C0 12
2026-09-28T15:24:13.492+00:00,6566.868,RX,post,00013737,1,7,01 00 00 0F 03 37 37
2026-09-28T15:24:13.492+00:00,6567.097,RX,post,00113737,1,5,01 00 00 37 37
2026-09-28T15:24:13.497+00:00,6571.864,RX,post,00014110,1,7,01 00 00 0F 03 10 41
2026-09-28T15:24:13.497+00:00,6572.119,RX,post,00114110,1,5,01 00 00 10 41
2026-09-28T15:24:13.502+00:00,6576.862,RX,post,00018DC1,1,7,01 00 00 0F 03 C1 8D
2026-09-28T15:24:13.502+00:00,6577.097,RX,post,00118DC1,1,5,01 00 00 C1 8D
2026-09-28T15:24:13.507+00:00,6581.893,RX,post,000190D2,1,7,01 00 00 0F 03 D2 90
2026-09-28T15:24:13.507+00:00,6582.096,RX,post,001190D2,1,5,01 00 00 D2 90
2026-09-28T15:24:13.512+00:00,6586.862,RX,post,00012721,1,7,01 00 00 0F 03 21 27
2026-09-28T15:24:13.512+00:00,6587.086,RX,post,00112721,1,5,01 00 00 21 27
2026-09-28T15:24:13.517+00:00,6591.852,RX,post,0001BF69,1,7,01 00 00 0F 03 69 BF
2026-09-28T15:24:13.517+00:00,6592.083,RX,post,0011BF69,1,5,01 00 00 69 BF
2026-09-28T15:24:13.522+00:00,6596.858,RX,post,0001EA14,1,7,01 00 00 0F 03 14 EA
2026-09-28T15:24:13.522+00:00,6597.083,RX,post,0011EA14,1,5,01 00 00 14 EA
2026-09-28T15:24:13.527+00:00,6601.850,RX,post,0001078A,1,7,01 00 00 0F 03 8A 07
2026-09-28T15:24:13.527+00:00,6602.080,RX,post,0011078A,1,5,01 00 00 8A 07
2026-09-28T15:24:13.532+00:00,6606.857,RX,post,000177D5,1,7,01 00 00 0F 03 D5 77
2026-09-28T15:24:13.532+00:00,6607.083,RX,post,001177D5,1,5,01 00 00 D5 77
2026-09-28T15:24:13.537+00:00,6611.856,RX,post,00019B51,1,7,01 00 00 0F 03 51 9B
2026-09-28T15:24:13.537+00:00,6612.087,RX,post,00119B51,1,5,01 00 00 51 9B
2026-09-28T15:24:13.542+00:00,6616.831,RX,post,00014D42,1,7,01 00 00 0F 03 42 4D
2026-09-28T15:24:13.542+00:00,6617.068,RX,post,00114D42,1,5,01 00 00 42 4D
2026-09-28T15:24:13.547+00:00,6621.997,RX,post,0001A8A6,1,7,01 00 00 0F 03 A6 A8
2026-09-28T15:24:13.547+00:00,6622.085,RX,post,0011A8A6,1,5,01 00 00 A6 A8
2026-09-28T15:24:13.552+00:00,6627.000,RX,post,0001E1DF,1,7,01 00 00 0F 03 DF E1
2026-09-28T15:24:13.552+00:00,6627.086,RX,post,0011E1DF,1,5,01 00 00 DF E1
2026-09-28T15:24:13.557+00:00,6631.971,RX,post,0001C97A,1,7,01 00 00 0F 03 7A C9
2026-09-28T15:24:13.557+00:00,6632.061,RX,post,0011C97A,1,5,01 00 00 7A C9
2026-09-28T15:24:13.562+00:00,6636.878,RX,post,00010DD5,1,7,01 00 00 0F 03 D5 0D
2026-09-28T15:24:13.562+00:00,6637.096,RX,post,00110DD5,1,5,01 00 00 D5 0D
2026-09-28T15:24:13.567+00:00,6642.003,RX,post,00014922,1,7,01 00 00 0F 03 22 49
2026-09-28T15:24:13.567+00:00,6642.086,RX,post,00114922,1,5,01 00 00 22 49
2026-09-28T15:24:13.572+00:00,6646.854,RX,post,0001BEDF,1,7,01 00 00 0F 03 DF BE
2026-09-28T15:24:13.572+00:00,6647.083,RX,post,0011BEDF,1,5,01 00 00 DF BE
2026-09-28T15:24:13.577+00:00,6651.839,RX,post,000101D9,1,7,01 00 00 0F 03 D9 01
2026-09-28T15:24:13.577+00:00,6652.066,RX,post,001101D9,1,5,01 00 00 D9 01
2026-09-28T15:24:13.582+00:00,6656.873,RX,post,000154D1,1,7,01 00 00 0F 03 D1 54
2026-09-28T15:24:13.582+00:00,6657.098,RX,post,001154D1,1,5,01 00 00 D1 54
2026-09-28T15:24:13.587+00:00,6662.031,RX,post,0001652F,1,7,01 00 00 0F 03 2F 65
2026-09-28T15:24:13.587+00:00,6662.115,RX,post,0011652F,1,5,01 00 00 2F 65
2026-09-28T15:24:13.592+00:00,6667.038,RX,post,0001490B,1,7,01 00 00 0F 03 0B 49
2026-09-28T15:24:13.592+00:00,6667.114,RX,post,0011490B,1,5,01 00 00 0B 49
2026-09-28T15:24:13.597+00:00,6671.982,RX,post,000153F7,1,7,01 00 00 0F 03 F7 53
2026-09-28T15:24:13.597+00:00,6672.110,RX,post,001153F7,1,5,01 00 00 F7 53
2026-09-28T15:24:13.602+00:00,6677.003,RX,post,0001011E,1,7,01 00 00 0F 03 1E 01
2026-09-28T15:24:13.602+00:00,6677.111,RX,post,0011011E,1,5,01 00 00 1E 01
2026-09-28T15:24:13.607+00:00,6682.015,RX,post,00013DE7,1,7,01 00 00 0F 03 E7 3D
2026-09-28T15:24:13.607+00:00,6682.098,RX,post,00113DE7,1,5,01 00 00 E7 3D
2026-09-28T15:24:13.612+00:00,6686.930,RX,post,0001FB73,1,7,01 00 00 0F 03 73 FB
2026-09-28T15:24:13.612+00:00,6687.110,RX,post,0011FB73,1,5,01 00 00 73 FB
2026-09-28T15:24:13.617+00:00,6692.025,RX,post,0001A30A,1,7,01 00 00 0F 03 0A A3
2026-09-28T15:24:13.617+00:00,6692.065,RX,post,0011A30A,1,5,01 00 00 0A A3
2026-09-28T15:24:13.622+00:00,6696.950,RX,post,000171A8,1,7,01 00 00 0F 03 A8 71
2026-09-28T15:24:13.622+00:00,6697.102,RX,post,001171A8,1,5,01 00 00 A8 71
2026-09-28T15:24:13.627+00:00,6702.005,RX,post,0001D0BD,1,7,01 00 00 0F 03 BD D0
2026-09-28T15:24:13.627+00:00,6702.104,RX,post,0011D0BD,1,5,01 00 00 BD D0
2026-09-28T15:24:13.632+00:00,6707.035,RX,post,0001C307,1,7,01 00 00 0F 03 07 C3
2026-09-28T15:24:13.632+00:00,6707.115,RX,post,0011C307,1,5,01 00 00 07 C3
2026-09-28T15:24:13.638+00:00,6712.178,RX,post,000151C2,1,7,01 00 00 0F 03 C2 51
2026-09-28T15:24:13.638+00:00,6712.215,RX,post,001151C2,1,5,01 00 00 C2 51
2026-09-28T15:24:13.642+00:00,6717.124,RX,post,00014E42,1,7,01 00 00 0F 03 42 4E
2026-09-28T15:24:13.642+00:00,6717.161,RX,post,00114E42,1,5,01 00 00 42 4E
2026-09-28T15:24:13.647+00:00,6721.890,RX,post,0001FCB5,1,7,01 00 00 0F 03 B5 FC
2026-09-28T15:24:13.647+00:00,6722.067,RX,post,0011FCB5,1,5,01 00 00 B5 FC
2026-09-28T15:24:13.652+00:00,6726.825,RX,post,00017058,1,7,01 00 00 0F 03 58 70
2026-09-28T15:24:13.652+00:00,6727.064,RX,post,00117058,1,5,01 00 00 58 70
2026-09-28T15:24:13.657+00:00,6731.860,RX,post,0001C9E4,1,7,01 00 00 0F 03 E4 C9
2026-09-28T15:24:13.657+00:00,6732.063,RX,post,0011C9E4,1,5,01 00 00 E4 C9
2026-09-28T15:24:13.662+00:00,6736.885,RX,post,0001634E,1,7,01 00 00 0F 03 4E 63
2026-09-28T15:24:13.662+00:00,6737.108,RX,post,0011634E,1,5,01 00 00 4E 63
2026-09-28T15:24:13.667+00:00,6741.887,RX,post,00019558,1,7,01 00 00 0F 03 58 95
2026-09-28T15:24:13.667+00:00,6742.121,RX,post,00119558,1,5,01 00 00 58 95
2026-09-28T15:24:13.672+00:00,6746.838,RX,post,00010A20,1,7,01 00 00 0F 03 20 0A
2026-09-28T15:24:13.672+00:00,6747.118,RX,post,00110A20,1,5,01 00 00 20 0A
2026-09-28T15:24:13.677+00:00,6751.878,RX,post,0001FB98,1,7,01 00 00 0F 03 98 FB
2026-09-28T15:24:13.677+00:00,6752.118,RX,post,0011FB98,1,5,01 00 00 98 FB
2026-09-28T15:24:13.682+00:00,6756.840,RX,post,0001641D,1,7,01 00 00 0F 03 1D 64
2026-09-28T15:24:13.682+00:00,6757.118,RX,post,0011641D,1,5,01 00 00 1D 64
2026-09-28T15:24:13.687+00:00,6761.876,RX,post,00015764,1,7,01 00 00 0F 03 64 57
2026-09-28T15:24:13.687+00:00,6762.107,RX,post,00115764,1,5,01 00 00 64 57
2026-09-28T15:24:13.692+00:00,6766.882,RX,post,0001F083,1,7,01 00 00 0F 03 83 F0
2026-09-28T15:24:13.692+00:00,6767.159,RX,post,0011F083,1,5,01 00 00 83 F0
2026-09-28T15:24:13.697+00:00,6771.918,RX,post,0001FC81,1,7,01 00 00 0F 03 81 FC
2026-09-28T15:24:13.697+00:00,6772.143,RX,post,0011FC81,1,5,01 00 00 81 FC
2026-09-28T15:24:13.702+00:00,6776.913,RX,post,0001D016,1,7,01 00 00 0F 03 16 D0
2026-09-28T15:24:13.702+00:00,6777.155,RX,post,0011D016,1,5,01 00 00 16 D0
2026-09-28T15:24:13.707+00:00,6781.920,RX,post,00011346,1,7,01 00 00 0F 03 46 13
2026-09-28T15:24:13.707+00:00,6782.156,RX,post,00111346,1,5,01 00 00 46 13
2026-09-28T15:24:13.712+00:00,6786.911,RX,post,00016512,1,7,01 00 00 0F 03 12 65
2026-09-28T15:24:13.712+00:00,6787.160,RX,post,00116512,1,5,01 00 00 12 65
2026-09-28T15:24:13.717+00:00,6791.943,RX,post,0001A290,1,7,01 00 00 0F 03 90 A2
2026-09-28T15:24:13.718+00:00,6792.189,RX,post,0011A290,1,5,01 00 00 90 A2
2026-09-28T15:24:13.722+00:00,6796.985,RX,post,0001B298,1,7,01 00 00 0F 03 98 B2
2026-09-28T15:24:13.722+00:00,6797.132,RX,post,0011B298,1,5,01 00 00 98 B2
2026-09-28T15:24:13.727+00:00,6801.880,RX,post,0001B948,1,7,01 00 00 0F 03 48 B9
2026-09-28T15:24:13.727+00:00,6802.072,RX,post,0011B948,1,5,01 00 00 48 B9
2026-09-28T15:24:13.732+00:00,6807.049,RX,post,0001AB92,1,7,01 00 00 0F 03 92 AB
2026-09-28T15:24:13.732+00:00,6807.136,RX,post,0011AB92,1,5,01 00 00 92 AB
2026-09-28T15:24:13.737+00:00,6811.864,RX,post,0001FA97,1,7,01 00 00 0F 03 97 FA
2026-09-28T15:24:13.737+00:00,6812.120,RX,post,0011FA97,1,5,01 00 00 97 FA
2026-09-28T15:24:13.742+00:00,6816.937,RX,post,000165A0,1,7,01 00 00 0F 03 A0 65
2026-09-28T15:24:13.742+00:00,6817.100,RX,post,001165A0,1,5,01 00 00 A0 65
2026-09-28T15:24:13.747+00:00,6821.900,RX,post,00015F88,1,7,01 00 00 0F 03 88 5F
2026-09-28T15:24:13.747+00:00,6822.154,RX,post,00115F88,1,5,01 00 00 88 5F
2026-09-28T15:24:13.752+00:00,6826.910,RX,post,00017781,1,7,01 00 00 0F 03 81 77
2026-09-28T15:24:13.752+00:00,6827.118,RX,post,00117781,1,5,01 00 00 81 77
2026-09-28T15:24:13.757+00:00,6831.911,RX,post,0001DE9F,1,7,01 00 00 0F 03 9F DE
2026-09-28T15:24:13.757+00:00,6832.139,RX,post,0011DE9F,1,5,01 00 00 9F DE
2026-09-28T15:24:13.762+00:00,6836.930,RX,post,00018729,1,7,01 00 00 0F 03 29 87
2026-09-28T15:24:13.763+00:00,6837.166,RX,post,00118729,1,5,01 00 00 29 87
2026-09-28T15:24:13.767+00:00,6841.891,RX,post,000151AF,1,7,01 00 00 0F 03 AF 51
2026-09-28T15:24:13.767+00:00,6842.128,RX,post,001151AF,1,5,01 00 00 AF 51
2026-09-28T15:24:13.772+00:00,6846.907,RX,post,00013A54,1,7,01 00 00 0F 03 54 3A
2026-09-28T15:24:13.772+00:00,6847.154,RX,post,00113A54,1,5,01 00 00 54 3A
2026-09-28T15:24:13.777+00:00,6851.998,RX,post,00019BFA,1,7,01 00 00 0F 03 FA 9B
2026-09-28T15:24:13.777+00:00,6852.159,RX,post,00119BFA,1,5,01 00 00 FA 9B
2026-09-28T15:24:13.782+00:00,6857.010,RX,post,0001A556,1,7,01 00 00 0F 03 56 A5
2026-09-28T15:24:13.782+00:00,6857.083,RX,post,0011A556,1,5,01 00 00 56 A5
2026-09-28T15:24:13.787+00:00,6862.041,RX,post,0001365D,1,7,01 00 00 0F 03 5D 36
2026-09-28T15:24:13.787+00:00,6862.084,RX,post,0011365D,1,5,01 00 00 5D 36
2026-09-28T15:24:13.792+00:00,6867.032,RX,post,00015E81,1,7,01 00 00 0F 03 81 5E
2026-09-28T15:24:13.792+00:00,6867.076,RX,post,00115E81,1,5,01 00 00 81 5E
2026-09-28T15:24:13.797+00:00,6872.045,RX,post,00016117,1,7,01 00 00 0F 03 17 61
2026-09-28T15:24:13.797+00:00,6872.089,RX,post,00116117,1,5,01 00 00 17 61
2026-09-28T15:24:13.802+00:00,6877.046,RX,post,00012D50,1,7,01 00 00 0F 03 50 2D
2026-09-28T15:24:13.802+00:00,6877.090,RX,post,00112D50,1,5,01 00 00 50 2D
2026-09-28T15:24:13.807+00:00,6881.869,RX,post,0001FA66,1,7,01 00 00 0F 03 66 FA
2026-09-28T15:24:13.807+00:00,6882.136,RX,post,0011FA66,1,5,01 00 00 66 FA
2026-09-28T15:24:13.812+00:00,6886.881,RX,post,0001B73F,1,7,01 00 00 0F 03 3F B7
2026-09-28T15:24:13.812+00:00,6887.085,RX,post,0011B73F,1,5,01 00 00 3F B7
2026-09-28T15:24:13.817+00:00,6891.888,RX,post,0001F717,1,7,01 00 00 0F 03 17 F7
2026-09-28T15:24:13.817+00:00,6892.101,RX,post,0011F717,1,5,01 00 00 17 F7
2026-09-28T15:24:13.822+00:00,6896.852,RX,post,000114F0,1,7,01 00 00 0F 03 F0 14
2026-09-28T15:24:13.822+00:00,6897.092,RX,post,001114F0,1,5,01 00 00 F0 14
2026-09-28T15:24:13.827+00:00,6901.894,RX,post,000109BE,1,7,01 00 00 0F 03 BE 09
2026-09-28T15:24:13.827+00:00,6902.092,RX,post,001109BE,1,5,01 00 00 BE 09
2026-09-28T15:24:13.832+00:00,6906.851,RX,post,0001A50F,1,7,01 00 00 0F 03 0F A5
2026-09-28T15:24:13.832+00:00,6907.156,RX,post,0011A50F,1,5,01 00 00 0F A5
2026-09-28T15:24:13.837+00:00,6911.900,RX,post,00011F23,1,7,01 00 00 0F 03 23 1F
2026-09-28T15:24:13.838+00:00,6912.148,RX,post,00111F23,1,5,01 00 00 23 1F
2026-09-28T15:24:13.842+00:00,6916.808,RX,post,0001DB1B,1,7,01 00 00 0F 03 1B DB
2026-09-28T15:24:13.842+00:00,6917.058,RX,post,0011DB1B,1,5,01 00 00 1B DB
2026-09-28T15:24:13.847+00:00,6921.856,RX,post,00013A34,1,7,01 00 00 0F 03 34 3A
2026-09-28T15:24:13.847+00:00,6922.049,RX,post,00113A34,1,5,01 00 00 34 3A
2026-09-28T15:24:13.852+00:00,6926.883,RX,post,00019EF8,1,7,01 00 00 0F 03 F8 9E
2026-09-28T15:24:13.852+00:00,6927.131,RX,post,00119EF8,1,5,01 00 00 F8 9E
2026-09-28T15:24:13.857+00:00,6931.812,RX,post,0001537A,1,7,01 00 00 0F 03 7A 53
2026-09-28T15:24:13.857+00:00,6932.031,RX,post,0011537A,1,5,01 00 00 7A 53
2026-09-28T15:24:13.862+00:00,6936.811,RX,post,000122F0,1,7,01 00 00 0F 03 F0 22
2026-09-28T15:24:13.862+00:00,6937.036,RX,post,001122F0,1,5,01 00 00 F0 22
2026-09-28T15:24:13.867+00:00,6941.819,RX,post,0001FBE0,1,7,01 00 00 0F 03 E0 FB
2026-09-28T15:24:13.867+00:00,6942.080,RX,post,0011FBE0,1,5,01 00 00 E0 FB
2026-09-28T15:24:13.872+00:00,6946.810,RX,post,00014495,1,7,01 00 00 0F 04 95 44
2026-09-28T15:24:13.872+00:00,6947.042,RX,post,00114495,1,5,01 00 00 95 44
2026-09-28T15:24:13.877+00:00,6951.846,RX,post,0001304C,1,7,01 00 00 0F 03 4C 30
2026-09-28T15:24:13.877+00:00,6952.077,RX,post,0011304C,1,5,01 00 00 4C 30
2026-09-28T15:24:13.882+00:00,6956.808,RX,post,0001B5A3,1,7,01 00 00 0F 03 A3 B5
2026-09-28T15:24:13.882+00:00,6957.039,RX,post,0011B5A3,1,5,01 00 00 A3 B5
2026-09-28T15:24:13.887+00:00,6961.810,RX,post,0001475D,1,7,01 00 00 0F 03 5D 47
2026-09-28T15:24:13.887+00:00,6962.040,RX,post,0011475D,1,5,01 00 00 5D 47
2026-09-28T15:24:13.892+00:00,6966.885,RX,post,0001E8D0,1,7,01 00 00 0F 03 D0 E8
2026-09-28T15:24:13.892+00:00,6967.090,RX,post,0011E8D0,1,5,01 00 00 D0 E8
2026-09-28T15:24:13.897+00:00,6971.877,RX,post,0001244A,1,7,01 00 00 0F 03 4A 24
2026-09-28T15:24:13.897+00:00,6972.149,RX,post,0011244A,1,5,01 00 00 4A 24
2026-09-28T15:24:13.902+00:00,6976.879,RX,post,00012B27,1,7,01 00 00 0F 03 27 2B
2026-09-28T15:24:13.902+00:00,6977.115,RX,post,00112B27,1,5,01 00 00 27 2B
2026-09-28T15:24:13.907+00:00,6981.821,RX,post,0001D5B6,1,7,01 00 00 0F 03 B6 D5
2026-09-28T15:24:13.907+00:00,6982.087,RX,post,0011D5B6,1,5,01 00 00 B6 D5
2026-09-28T15:24:13.912+00:00,6986.845,RX,post,0001AD6A,1,7,01 00 00 0F 03 6A AD
2026-09-28T15:24:13.912+00:00,6987.053,RX,post,0011AD6A,1,5,01 00 00 6A AD
2026-09-28T15:24:13.917+00:00,6991.881,RX,post,0001E4F8,1,7,01 00 00 0F 03 F8 E4
2026-09-28T15:24:13.917+00:00,6992.121,RX,post,0011E4F8,1,5,01 00 00 F8 E4
2026-09-28T15:24:13.922+00:00,6996.931,RX,post,0001D18D,1,7,01 00 00 0F 03 8D D1
2026-09-28T15:24:13.922+00:00,6997.083,RX,post,0011D18D,1,5,01 00 00 8D D1
