utc,host_rel_ms,phase,event,details
2026-09-30T07:16:39.011Z,250.0,initializing,session_started,"{""mode"": ""brute-force"", ""injector_channel"": ""PCAN_USBBUS1"", ""observer_channel"": ""PCAN_USBBUS2"", ""bitrate"": 1000000, ""output_dir"": ""dab_family_scan_results"", ""enable_send"": true, ""allow_bruteforce"": true, ""include_protected"": false, ""unattended"": false, ""pause_on_response"": true, ""start_family"": 32, ""end_family"": 79, ""grammar"": ""short"", ""marker"": 3, ""token"": 51245, ""randomize"": false, ""repeats"": 3, ""pre_window_s"": 0.25, ""response_window_s"": 0.35, ""inter_probe_s"": 0.4, ""checkpoint_every"": 128, ""duration_s"": 300.0, ""exclude_families"": [], ""resume_file"": null}"
2026-09-30T07:16:39.012Z,250.0,probe_00001_family_0002,phase_started,probe_00001_family_0002
2026-09-30T07:16:39.612Z,859.0,probe_00001_family_0002,probe_completed,"{""utc"": ""2026-09-30T07:16:39.612Z"", ""probe_index"": 1, ""probe_family_hex"": ""0002"", ""grammar"": ""short"", ""marker_hex"": """", ""tx_can_id_hex"": ""0002C82D"", ""tx_data_hex"": ""01 00 00 2D C8"", ""tx_ok"": 1, ""pre_window_frames"": 111, ""post_window_frames"": 89, ""candidate_frames"": 0, ""candidate_families"": """", ""candidate_ids"": """", ""candidate_payloads"": """", ""first_candidate_latency_ms"": """", ""last_candidate_latency_ms"": """", ""active_001f_seen"": 0, ""response_103c_seen"": 0, ""operator_result"": """", ""notes"": """"}"
2026-09-30T07:16:40.019Z,1265.0,probe_00002_family_0003,phase_started,probe_00002_family_0003
2026-09-30T07:16:40.631Z,1875.0,probe_00002_family_0003,probe_completed,"{""utc"": ""2026-09-30T07:16:40.631Z"", ""probe_index"": 2, ""probe_family_hex"": ""0003"", ""grammar"": ""short"", ""marker_hex"": """", ""tx_can_id_hex"": ""0003C82D"", ""tx_data_hex"": ""01 00 00 2D C8"", ""tx_ok"": 1, ""pre_window_frames"": 105, ""post_window_frames"": 67, ""candidate_frames"": 0, ""candidate_families"": """", ""candidate_ids"": """", ""candidate_payloads"": """", ""first_candidate_latency_ms"": """", ""last_candidate_latency_ms"": """", ""active_001f_seen"": 0, ""response_103c_seen"": 0, ""operator_result"": """", ""notes"": """"}"
2026-09-30T07:16:41.038Z,2281.0,probe_00003_family_0004,phase_started,probe_00003_family_0004
2026-09-30T07:16:41.643Z,2890.0,probe_00003_family_0004,probe_completed,"{""utc"": ""2026-09-30T07:16:41.643Z"", ""probe_index"": 3, ""probe_family_hex"": ""0004"", ""grammar"": ""short"", ""marker_hex"": """", ""tx_can_id_hex"": ""0004C82D"", ""tx_data_hex"": ""01 00 00 2D C8"", ""tx_ok"": 1, ""pre_window_frames"": 107, ""post_window_frames"": 7, ""candidate_frames"": 0, ""candidate_families"": """", ""candidate_ids"": """", ""candidate_payloads"": """", ""first_candidate_latency_ms"": """", ""last_candidate_latency_ms"": """", ""active_001f_seen"": 0, ""response_103c_seen"": 0, ""operator_result"": """", ""notes"": """"}"
2026-09-30T07:16:42.059Z,3296.0,probe_00004_family_0005,phase_started,probe_00004_family_0005
2026-09-30T07:16:42.662Z,3906.0,probe_00004_family_0005,probe_completed,"{""utc"": ""2026-09-30T07:16:42.662Z"", ""probe_index"": 4, ""probe_family_hex"": ""0005"", ""grammar"": ""short"", ""marker_hex"": """", ""tx_can_id_hex"": ""0005C82D"", ""tx_data_hex"": ""01 00 00 2D C8"", ""tx_ok"": 1, ""pre_window_frames"": 1, ""post_window_frames"": 111, ""candidate_frames"": 0, ""candidate_families"": """", ""candidate_ids"": """", ""candidate_payloads"": """", ""first_candidate_latency_ms"": """", ""last_candidate_latency_ms"": """", ""active_001f_seen"": 0, ""response_103c_seen"": 0, ""operator_result"": """", ""notes"": """"}"
2026-09-30T07:16:43.072Z,4312.0,probe_00005_family_0006,phase_started,probe_00005_family_0006
2026-09-30T07:16:43.676Z,4921.0,probe_00005_family_0006,probe_completed,"{""utc"": ""2026-09-30T07:16:43.676Z"", ""probe_index"": 5, ""probe_family_hex"": ""0006"", ""grammar"": ""short"", ""marker_hex"": """", ""tx_can_id_hex"": ""0006C82D"", ""tx_data_hex"": ""01 00 00 2D C8"", ""tx_ok"": 1, ""pre_window_frames"": 109, ""post_window_frames"": 9, ""candidate_frames"": 0, ""candidate_families"": """", ""candidate_ids"": """", ""candidate_payloads"": """", ""first_candidate_latency_ms"": """", ""last_candidate_latency_ms"": """", ""active_001f_seen"": 0, ""response_103c_seen"": 0, ""operator_result"": """", ""notes"": """"}"
2026-09-30T07:16:44.085Z,5328.0,probe_00006_family_0007,phase_started,probe_00006_family_0007
2026-09-30T07:16:44.689Z,5937.0,probe_00006_family_0007,probe_completed,"{""utc"": ""2026-09-30T07:16:44.689Z"", ""probe_index"": 6, ""probe_family_hex"": ""0007"", ""grammar"": ""short"", ""marker_hex"": """", ""tx_can_id_hex"": ""0007C82D"", ""tx_data_hex"": ""01 00 00 2D C8"", ""tx_ok"": 1, ""pre_window_frames"": 1, ""post_window_frames"": 39, ""candidate_frames"": 0, ""candidate_families"": """", ""candidate_ids"": """", ""candidate_payloads"": """", ""first_candidate_latency_ms"": """", ""last_candidate_latency_ms"": """", ""active_001f_seen"": 0, ""response_103c_seen"": 0, ""operator_result"": """", ""notes"": """"}"
2026-09-30T07:16:45.107Z,6343.0,probe_00007_family_0008,phase_started,probe_00007_family_0008
2026-09-30T07:16:45.708Z,6953.0,probe_00007_family_0008,probe_completed,"{""utc"": ""2026-09-30T07:16:45.708Z"", ""probe_index"": 7, ""probe_family_hex"": ""0008"", ""grammar"": ""short"", ""marker_hex"": """", ""tx_can_id_hex"": ""0008C82D"", ""tx_data_hex"": ""01 00 00 2D C8"", ""tx_ok"": 1, ""pre_window_frames"": 107, ""post_window_frames"": 7, ""candidate_frames"": 0, ""candidate_families"": """", ""candidate_ids"": """", ""candidate_payloads"": """", ""first_candidate_latency_ms"": """", ""last_candidate_latency_ms"": """", ""active_001f_seen"": 0, ""response_103c_seen"": 0, ""operator_result"": """", ""notes"": """"}"
2026-09-30T07:16:46.119Z,7359.0,probe_00008_family_0009,phase_started,probe_00008_family_0009
2026-09-30T07:16:46.722Z,7968.0,probe_00008_family_0009,probe_completed,"{""utc"": ""2026-09-30T07:16:46.722Z"", ""probe_index"": 8, ""probe_family_hex"": ""0009"", ""grammar"": ""short"", ""marker_hex"": """", ""tx_can_id_hex"": ""0009C82D"", ""tx_data_hex"": ""01 00 00 2D C8"", ""tx_ok"": 1, ""pre_window_frames"": 107, ""post_window_frames"": 23, ""candidate_frames"": 0, ""candidate_families"": """", ""candidate_ids"": """", ""candidate_payloads"": """", ""first_candidate_latency_ms"": """", ""last_candidate_latency_ms"": """", ""active_001f_seen"": 0, ""response_103c_seen"": 0, ""operator_result"": """", ""notes"": """"}"
2026-09-30T07:16:47.131Z,8375.0,probe_00009_family_000A,phase_started,probe_00009_family_000A
2026-09-30T07:16:47.740Z,8984.0,probe_00009_family_000A,probe_completed,"{""utc"": ""2026-09-30T07:16:47.740Z"", ""probe_index"": 9, ""probe_family_hex"": ""000A"", ""grammar"": ""short"", ""marker_hex"": """", ""tx_can_id_hex"": ""000AC82D"", ""tx_data_hex"": ""01 00 00 2D C8"", ""tx_ok"": 1, ""pre_window_frames"": 105, ""post_window_frames"": 5, ""candidate_frames"": 0, ""candidate_families"": """", ""candidate_ids"": """", ""candidate_payloads"": """", ""first_candidate_latency_ms"": """", ""last_candidate_latency_ms"": """", ""active_001f_seen"": 0, ""response_103c_seen"": 0, ""operator_result"": """", ""notes"": """"}"
2026-09-30T07:16:48.147Z,9390.0,probe_00010_family_000B,phase_started,probe_00010_family_000B
2026-09-30T07:16:48.755Z,10000.0,probe_00010_family_000B,probe_completed,"{""utc"": ""2026-09-30T07:16:48.754Z"", ""probe_index"": 10, ""probe_family_hex"": ""000B"", ""grammar"": ""short"", ""marker_hex"": """", ""tx_can_id_hex"": ""000BC82D"", ""tx_data_hex"": ""01 00 00 2D C8"", ""tx_ok"": 1, ""pre_window_frames"": 87, ""post_window_frames"": 5, ""candidate_frames"": 0, ""candidate_families"": """", ""candidate_ids"": """", ""candidate_payloads"": """", ""first_candidate_latency_ms"": """", ""last_candidate_latency_ms"": """", ""active_001f_seen"": 0, ""response_103c_seen"": 0, ""operator_result"": """", ""notes"": """"}"
2026-09-30T07:16:49.161Z,10406.0,probe_00011_family_000C,phase_started,probe_00011_family_000C
2026-09-30T07:16:49.772Z,11015.0,probe_00011_family_000C,probe_completed,"{""utc"": ""2026-09-30T07:16:49.772Z"", ""probe_index"": 11, ""probe_family_hex"": ""000C"", ""grammar"": ""short"", ""marker_hex"": """", ""tx_can_id_hex"": ""000CC82D"", ""tx_data_hex"": ""01 00 00 2D C8"", ""tx_ok"": 1, ""pre_window_frames"": 1, ""post_window_frames"": 61, ""candidate_frames"": 0, ""candidate_families"": """", ""candidate_ids"": """", ""candidate_payloads"": """", ""first_candidate_latency_ms"": """", ""last_candidate_latency_ms"": """", ""active_001f_seen"": 0, ""response_103c_seen"": 0, ""operator_result"": """", ""notes"": """"}"
2026-09-30T07:16:50.178Z,11421.0,probe_00012_family_000D,phase_started,probe_00012_family_000D
2026-09-30T07:16:50.788Z,12031.0,probe_00012_family_000D,probe_completed,"{""utc"": ""2026-09-30T07:16:50.788Z"", ""probe_index"": 12, ""probe_family_hex"": ""000D"", ""grammar"": ""short"", ""marker_hex"": """", ""tx_can_id_hex"": ""000DC82D"", ""tx_data_hex"": ""01 00 00 2D C8"", ""tx_ok"": 1, ""pre_window_frames"": 105, ""post_window_frames"": 5, ""candidate_frames"": 0, ""candidate_families"": """", ""candidate_ids"": """", ""candidate_payloads"": """", ""first_candidate_latency_ms"": """", ""last_candidate_latency_ms"": """", ""active_001f_seen"": 0, ""response_103c_seen"": 0, ""operator_result"": """", ""notes"": """"}"
2026-09-30T07:16:51.198Z,12437.0,probe_00013_family_000E,phase_started,probe_00013_family_000E
2026-09-30T07:16:51.804Z,13046.0,probe_00013_family_000E,probe_completed,"{""utc"": ""2026-09-30T07:16:51.804Z"", ""probe_index"": 13, ""probe_family_hex"": ""000E"", ""grammar"": ""short"", ""marker_hex"": """", ""tx_can_id_hex"": ""000EC82D"", ""tx_data_hex"": ""01 00 00 2D C8"", ""tx_ok"": 1, ""pre_window_frames"": 1, ""post_window_frames"": 109, ""candidate_frames"": 0, ""candidate_families"": """", ""candidate_ids"": """", ""candidate_payloads"": """", ""first_candidate_latency_ms"": """", ""last_candidate_latency_ms"": """", ""active_001f_seen"": 0, ""response_103c_seen"": 0, ""operator_result"": """", ""notes"": """"}"
2026-09-30T07:16:52.210Z,13453.0,probe_00014_family_000F,phase_started,probe_00014_family_000F
2026-09-30T07:16:52.820Z,14062.0,probe_00014_family_000F,probe_completed,"{""utc"": ""2026-09-30T07:16:52.820Z"", ""probe_index"": 14, ""probe_family_hex"": ""000F"", ""grammar"": ""short"", ""marker_hex"": """", ""tx_can_id_hex"": ""000FC82D"", ""tx_data_hex"": ""01 00 00 2D C8"", ""tx_ok"": 1, ""pre_window_frames"": 105, ""post_window_frames"": 5, ""candidate_frames"": 0, ""candidate_families"": """", ""candidate_ids"": """", ""candidate_payloads"": """", ""first_candidate_latency_ms"": """", ""last_candidate_latency_ms"": """", ""active_001f_seen"": 0, ""response_103c_seen"": 0, ""operator_result"": """", ""notes"": """"}"
2026-09-30T07:16:53.228Z,14468.0,probe_00015_family_0010,phase_started,probe_00015_family_0010
2026-09-30T07:16:53.830Z,15078.0,probe_00015_family_0010,probe_completed,"{""utc"": ""2026-09-30T07:16:53.830Z"", ""probe_index"": 15, ""probe_family_hex"": ""0010"", ""grammar"": ""short"", ""marker_hex"": """", ""tx_can_id_hex"": ""0010C82D"", ""tx_data_hex"": ""01 00 00 2D C8"", ""tx_ok"": 1, ""pre_window_frames"": 107, ""post_window_frames"": 7, ""candidate_frames"": 0, ""candidate_families"": """", ""candidate_ids"": """", ""candidate_payloads"": """", ""first_candidate_latency_ms"": """", ""last_candidate_latency_ms"": """", ""active_001f_seen"": 0, ""response_103c_seen"": 0, ""operator_result"": """", ""notes"": """"}"
2026-09-30T07:16:54.247Z,15484.0,probe_00016_family_0012,phase_started,probe_00016_family_0012
2026-09-30T07:16:54.851Z,16093.0,probe_00016_family_0012,probe_completed,"{""utc"": ""2026-09-30T07:16:54.851Z"", ""probe_index"": 16, ""probe_family_hex"": ""0012"", ""grammar"": ""short"", ""marker_hex"": """", ""tx_can_id_hex"": ""0012C82D"", ""tx_data_hex"": ""01 00 00 2D C8"", ""tx_ok"": 1, ""pre_window_frames"": 107, ""post_window_frames"": 179, ""candidate_frames"": 32, ""candidate_families"": ""103C:32"", ""candidate_ids"": ""103C0401:15 | 103C0481:17"", ""candidate_payloads"": ""00 00 00 00 00 10 58 14 || 00 00 00 00 00 10 59 14 || 00 00 00 01"", ""first_candidate_latency_ms"": 16.0, ""last_candidate_latency_ms"": 94.0, ""active_001f_seen"": 0, ""response_103c_seen"": 1, ""operator_result"": """", ""notes"": """"}"
2026-09-30T07:17:03.463Z,24703.0,probe_00017_family_0013,phase_started,probe_00017_family_0013
2026-09-30T07:17:04.070Z,25312.0,probe_00017_family_0013,probe_completed,"{""utc"": ""2026-09-30T07:17:04.070Z"", ""probe_index"": 17, ""probe_family_hex"": ""0013"", ""grammar"": ""short"", ""marker_hex"": """", ""tx_can_id_hex"": ""0013C82D"", ""tx_data_hex"": ""01 00 00 2D C8"", ""tx_ok"": 1, ""pre_window_frames"": 107, ""post_window_frames"": 181, ""candidate_frames"": 34, ""candidate_families"": ""103C:34"", ""candidate_ids"": ""103C0401:17 | 103C0481:17"", ""candidate_payloads"": ""00 00 00 00 00 10 58 14 || 00 00 00 00 00 10 59 14 || 00 00 00 01"", ""first_candidate_latency_ms"": 15.0, ""last_candidate_latency_ms"": 93.0, ""active_001f_seen"": 0, ""response_103c_seen"": 1, ""operator_result"": """", ""notes"": """"}"
2026-09-30T07:17:05.193Z,26437.0,probe_00018_family_0014,phase_started,probe_00018_family_0014
2026-09-30T07:17:05.803Z,27046.0,probe_00018_family_0014,probe_completed,"{""utc"": ""2026-09-30T07:17:05.803Z"", ""probe_index"": 18, ""probe_family_hex"": ""0014"", ""grammar"": ""short"", ""marker_hex"": """", ""tx_can_id_hex"": ""0014C82D"", ""tx_data_hex"": ""01 00 00 2D C8"", ""tx_ok"": 1, ""pre_window_frames"": 109, ""post_window_frames"": 181, ""candidate_frames"": 34, ""candidate_families"": ""103C:34"", ""candidate_ids"": ""103C0401:17 | 103C0481:17"", ""candidate_payloads"": ""00 00 00 00 00 10 58 14 || 00 00 00 00 00 10 59 14 || 00 00 00 01"", ""first_candidate_latency_ms"": 0.0, ""last_candidate_latency_ms"": 94.0, ""active_001f_seen"": 0, ""response_103c_seen"": 1, ""operator_result"": """", ""notes"": """"}"
2026-09-30T07:17:06.850Z,28093.0,probe_00019_family_0015,phase_started,probe_00019_family_0015
2026-09-30T07:17:07.458Z,28703.0,probe_00019_family_0015,probe_completed,"{""utc"": ""2026-09-30T07:17:07.458Z"", ""probe_index"": 19, ""probe_family_hex"": ""0015"", ""grammar"": ""short"", ""marker_hex"": """", ""tx_can_id_hex"": ""0015C82D"", ""tx_data_hex"": ""01 00 00 2D C8"", ""tx_ok"": 1, ""pre_window_frames"": 109, ""post_window_frames"": 181, ""candidate_frames"": 34, ""candidate_families"": ""103C:34"", ""candidate_ids"": ""103C0401:17 | 103C0481:17"", ""candidate_payloads"": ""00 00 00 00 00 10 58 14 || 00 00 00 00 00 10 59 14 || 00 00 00 01"", ""first_candidate_latency_ms"": 0.0, ""last_candidate_latency_ms"": 78.0, ""active_001f_seen"": 0, ""response_103c_seen"": 1, ""operator_result"": """", ""notes"": """"}"
2026-09-30T07:17:08.896Z,30140.0,probe_00020_family_0016,phase_started,probe_00020_family_0016
2026-09-30T07:17:09.503Z,30750.0,probe_00020_family_0016,probe_completed,"{""utc"": ""2026-09-30T07:17:09.503Z"", ""probe_index"": 20, ""probe_family_hex"": ""0016"", ""grammar"": ""short"", ""marker_hex"": """", ""tx_can_id_hex"": ""0016C82D"", ""tx_data_hex"": ""01 00 00 2D C8"", ""tx_ok"": 1, ""pre_window_frames"": 107, ""post_window_frames"": 181, ""candidate_frames"": 34, ""candidate_families"": ""103C:34"", ""candidate_ids"": ""103C0401:17 | 103C0481:17"", ""candidate_payloads"": ""00 00 00 00 00 10 58 14 || 00 00 00 00 00 10 59 14 || 00 00 00 01"", ""first_candidate_latency_ms"": 16.0, ""last_candidate_latency_ms"": 94.0, ""active_001f_seen"": 0, ""response_103c_seen"": 1, ""operator_result"": """", ""notes"": """"}"
2026-09-30T07:17:11.169Z,32406.0,probe_00021_family_0017,phase_started,probe_00021_family_0017
2026-09-30T07:17:11.767Z,33015.0,probe_00021_family_0017,probe_completed,"{""utc"": ""2026-09-30T07:17:11.767Z"", ""probe_index"": 21, ""probe_family_hex"": ""0017"", ""grammar"": ""short"", ""marker_hex"": """", ""tx_can_id_hex"": ""0017C82D"", ""tx_data_hex"": ""01 00 00 2D C8"", ""tx_ok"": 1, ""pre_window_frames"": 107, ""post_window_frames"": 179, ""candidate_frames"": 34, ""candidate_families"": ""103C:34"", ""candidate_ids"": ""103C0401:17 | 103C0481:17"", ""candidate_payloads"": ""00 00 00 00 00 10 58 14 || 00 00 00 00 00 10 59 14 || 00 00 00 01"", ""first_candidate_latency_ms"": 15.0, ""last_candidate_latency_ms"": 94.0, ""active_001f_seen"": 0, ""response_103c_seen"": 1, ""operator_result"": """", ""notes"": """"}"
2026-09-30T07:17:22.914Z,44156.0,probe_00022_family_0018,phase_started,probe_00022_family_0018
2026-09-30T07:17:23.525Z,44765.0,probe_00022_family_0018,probe_completed,"{""utc"": ""2026-09-30T07:17:23.525Z"", ""probe_index"": 22, ""probe_family_hex"": ""0018"", ""grammar"": ""short"", ""marker_hex"": """", ""tx_can_id_hex"": ""0018C82D"", ""tx_data_hex"": ""01 00 00 2D C8"", ""tx_ok"": 1, ""pre_window_frames"": 107, ""post_window_frames"": 181, ""candidate_frames"": 34, ""candidate_families"": ""103C:34"", ""candidate_ids"": ""103C0401:17 | 103C0481:17"", ""candidate_payloads"": ""00 00 00 00 00 10 58 14 || 00 00 00 00 00 10 59 14 || 00 00 00 01"", ""first_candidate_latency_ms"": 15.0, ""last_candidate_latency_ms"": 94.0, ""active_001f_seen"": 0, ""response_103c_seen"": 1, ""operator_result"": """", ""notes"": """"}"
2026-09-30T07:17:24.693Z,45937.0,probe_00023_family_0019,phase_started,probe_00023_family_0019
2026-09-30T07:17:25.303Z,46546.0,probe_00023_family_0019,probe_completed,"{""utc"": ""2026-09-30T07:17:25.303Z"", ""probe_index"": 23, ""probe_family_hex"": ""0019"", ""grammar"": ""short"", ""marker_hex"": """", ""tx_can_id_hex"": ""0019C82D"", ""tx_data_hex"": ""01 00 00 2D C8"", ""tx_ok"": 1, ""pre_window_frames"": 107, ""post_window_frames"": 146, ""candidate_frames"": 0, ""candidate_families"": """", ""candidate_ids"": """", ""candidate_payloads"": """", ""first_candidate_latency_ms"": """", ""last_candidate_latency_ms"": """", ""active_001f_seen"": 0, ""response_103c_seen"": 0, ""operator_result"": """", ""notes"": """"}"
2026-09-30T07:17:25.710Z,46953.0,probe_00024_family_001A,phase_started,probe_00024_family_001A
2026-09-30T07:17:26.322Z,47562.0,probe_00024_family_001A,probe_completed,"{""utc"": ""2026-09-30T07:17:26.322Z"", ""probe_index"": 24, ""probe_family_hex"": ""001A"", ""grammar"": ""short"", ""marker_hex"": """", ""tx_can_id_hex"": ""001AC82D"", ""tx_data_hex"": ""01 00 00 2D C8"", ""tx_ok"": 1, ""pre_window_frames"": 107, ""post_window_frames"": 147, ""candidate_frames"": 0, ""candidate_families"": """", ""candidate_ids"": """", ""candidate_payloads"": """", ""first_candidate_latency_ms"": """", ""last_candidate_latency_ms"": """", ""active_001f_seen"": 0, ""response_103c_seen"": 0, ""operator_result"": """", ""notes"": """"}"
2026-09-30T07:17:26.730Z,47968.0,probe_00025_family_001B,phase_started,probe_00025_family_001B
2026-09-30T07:17:27.334Z,48578.0,probe_00025_family_001B,probe_completed,"{""utc"": ""2026-09-30T07:17:27.334Z"", ""probe_index"": 25, ""probe_family_hex"": ""001B"", ""grammar"": ""short"", ""marker_hex"": """", ""tx_can_id_hex"": ""001BC82D"", ""tx_data_hex"": ""01 00 00 2D C8"", ""tx_ok"": 1, ""pre_window_frames"": 107, ""post_window_frames"": 145, ""candidate_frames"": 0, ""candidate_families"": """", ""candidate_ids"": """", ""candidate_payloads"": """", ""first_candidate_latency_ms"": """", ""last_candidate_latency_ms"": """", ""active_001f_seen"": 0, ""response_103c_seen"": 0, ""operator_result"": """", ""notes"": """"}"
2026-09-30T07:17:27.742Z,48984.0,probe_00026_family_001C,phase_started,probe_00026_family_001C
2026-09-30T07:17:28.352Z,49593.0,probe_00026_family_001C,probe_completed,"{""utc"": ""2026-09-30T07:17:28.352Z"", ""probe_index"": 26, ""probe_family_hex"": ""001C"", ""grammar"": ""short"", ""marker_hex"": """", ""tx_can_id_hex"": ""001CC82D"", ""tx_data_hex"": ""01 00 00 2D C8"", ""tx_ok"": 1, ""pre_window_frames"": 107, ""post_window_frames"": 147, ""candidate_frames"": 0, ""candidate_families"": """", ""candidate_ids"": """", ""candidate_payloads"": """", ""first_candidate_latency_ms"": """", ""last_candidate_latency_ms"": """", ""active_001f_seen"": 0, ""response_103c_seen"": 0, ""operator_result"": """", ""notes"": """"}"
2026-09-30T07:17:28.759Z,50000.0,probe_00027_family_001D,phase_started,probe_00027_family_001D
2026-09-30T07:17:29.363Z,50609.0,probe_00027_family_001D,probe_completed,"{""utc"": ""2026-09-30T07:17:29.363Z"", ""probe_index"": 27, ""probe_family_hex"": ""001D"", ""grammar"": ""short"", ""marker_hex"": """", ""tx_can_id_hex"": ""001DC82D"", ""tx_data_hex"": ""01 00 00 2D C8"", ""tx_ok"": 1, ""pre_window_frames"": 107, ""post_window_frames"": 145, ""candidate_frames"": 0, ""candidate_families"": """", ""candidate_ids"": """", ""candidate_payloads"": """", ""first_candidate_latency_ms"": """", ""last_candidate_latency_ms"": """", ""active_001f_seen"": 0, ""response_103c_seen"": 0, ""operator_result"": """", ""notes"": """"}"
2026-09-30T07:17:29.779Z,51015.0,probe_00028_family_001E,phase_started,probe_00028_family_001E
2026-09-30T07:17:30.382Z,51625.0,probe_00028_family_001E,probe_completed,"{""utc"": ""2026-09-30T07:17:30.382Z"", ""probe_index"": 28, ""probe_family_hex"": ""001E"", ""grammar"": ""short"", ""marker_hex"": """", ""tx_can_id_hex"": ""001EC82D"", ""tx_data_hex"": ""01 00 00 2D C8"", ""tx_ok"": 1, ""pre_window_frames"": 107, ""post_window_frames"": 147, ""candidate_frames"": 0, ""candidate_families"": """", ""candidate_ids"": """", ""candidate_payloads"": """", ""first_candidate_latency_ms"": """", ""last_candidate_latency_ms"": """", ""active_001f_seen"": 0, ""response_103c_seen"": 0, ""operator_result"": """", ""notes"": """"}"
2026-09-30T07:17:30.788Z,52031.0,probe_00029_family_0020,phase_started,probe_00029_family_0020
2026-09-30T07:17:31.399Z,52640.0,probe_00029_family_0020,probe_completed,"{""utc"": ""2026-09-30T07:17:31.399Z"", ""probe_index"": 29, ""probe_family_hex"": ""0020"", ""grammar"": ""short"", ""marker_hex"": """", ""tx_can_id_hex"": ""0020C82D"", ""tx_data_hex"": ""01 00 00 2D C8"", ""tx_ok"": 1, ""pre_window_frames"": 107, ""post_window_frames"": 147, ""candidate_frames"": 0, ""candidate_families"": """", ""candidate_ids"": """", ""candidate_payloads"": """", ""first_candidate_latency_ms"": """", ""last_candidate_latency_ms"": """", ""active_001f_seen"": 0, ""response_103c_seen"": 0, ""operator_result"": """", ""notes"": """"}"
2026-09-30T07:17:31.806Z,53046.0,probe_00030_family_0021,phase_started,probe_00030_family_0021
2026-09-30T07:17:32.415Z,53656.0,probe_00030_family_0021,probe_completed,"{""utc"": ""2026-09-30T07:17:32.415Z"", ""probe_index"": 30, ""probe_family_hex"": ""0021"", ""grammar"": ""short"", ""marker_hex"": """", ""tx_can_id_hex"": ""0021C82D"", ""tx_data_hex"": ""01 00 00 2D C8"", ""tx_ok"": 1, ""pre_window_frames"": 109, ""post_window_frames"": 146, ""candidate_frames"": 0, ""candidate_families"": """", ""candidate_ids"": """", ""candidate_payloads"": """", ""first_candidate_latency_ms"": """", ""last_candidate_latency_ms"": """", ""active_001f_seen"": 0, ""response_103c_seen"": 0, ""operator_result"": """", ""notes"": """"}"
2026-09-30T07:17:32.822Z,54062.0,probe_00031_family_0022,phase_started,probe_00031_family_0022
2026-09-30T07:17:33.425Z,54671.0,probe_00031_family_0022,probe_completed,"{""utc"": ""2026-09-30T07:17:33.425Z"", ""probe_index"": 31, ""probe_family_hex"": ""0022"", ""grammar"": ""short"", ""marker_hex"": """", ""tx_can_id_hex"": ""0022C82D"", ""tx_data_hex"": ""01 00 00 2D C8"", ""tx_ok"": 1, ""pre_window_frames"": 107, ""post_window_frames"": 145, ""candidate_frames"": 0, ""candidate_families"": """", ""candidate_ids"": """", ""candidate_payloads"": """", ""first_candidate_latency_ms"": """", ""last_candidate_latency_ms"": """", ""active_001f_seen"": 0, ""response_103c_seen"": 0, ""operator_result"": """", ""notes"": """"}"
2026-09-30T07:17:33.840Z,55078.0,probe_00032_family_0023,phase_started,probe_00032_family_0023
2026-09-30T07:17:34.449Z,55687.0,probe_00032_family_0023,probe_completed,"{""utc"": ""2026-09-30T07:17:34.449Z"", ""probe_index"": 32, ""probe_family_hex"": ""0023"", ""grammar"": ""short"", ""marker_hex"": """", ""tx_can_id_hex"": ""0023C82D"", ""tx_data_hex"": ""01 00 00 2D C8"", ""tx_ok"": 1, ""pre_window_frames"": 107, ""post_window_frames"": 147, ""candidate_frames"": 0, ""candidate_families"": """", ""candidate_ids"": """", ""candidate_payloads"": """", ""first_candidate_latency_ms"": """", ""last_candidate_latency_ms"": """", ""active_001f_seen"": 0, ""response_103c_seen"": 0, ""operator_result"": """", ""notes"": """"}"
2026-09-30T07:17:34.855Z,56093.0,probe_00033_family_0024,phase_started,probe_00033_family_0024
2026-09-30T07:17:35.460Z,56703.0,probe_00033_family_0024,probe_completed,"{""utc"": ""2026-09-30T07:17:35.459Z"", ""probe_index"": 33, ""probe_family_hex"": ""0024"", ""grammar"": ""short"", ""marker_hex"": """", ""tx_can_id_hex"": ""0024C82D"", ""tx_data_hex"": ""01 00 00 2D C8"", ""tx_ok"": 1, ""pre_window_frames"": 107, ""post_window_frames"": 145, ""candidate_frames"": 0, ""candidate_families"": """", ""candidate_ids"": """", ""candidate_payloads"": """", ""first_candidate_latency_ms"": """", ""last_candidate_latency_ms"": """", ""active_001f_seen"": 0, ""response_103c_seen"": 0, ""operator_result"": """", ""notes"": """"}"
2026-09-30T07:17:35.868Z,57109.0,probe_00034_family_0025,phase_started,probe_00034_family_0025
2026-09-30T07:17:36.473Z,57718.0,probe_00034_family_0025,probe_completed,"{""utc"": ""2026-09-30T07:17:36.472Z"", ""probe_index"": 34, ""probe_family_hex"": ""0025"", ""grammar"": ""short"", ""marker_hex"": """", ""tx_can_id_hex"": ""0025C82D"", ""tx_data_hex"": ""01 00 00 2D C8"", ""tx_ok"": 1, ""pre_window_frames"": 107, ""post_window_frames"": 145, ""candidate_frames"": 0, ""candidate_families"": """", ""candidate_ids"": """", ""candidate_payloads"": """", ""first_candidate_latency_ms"": """", ""last_candidate_latency_ms"": """", ""active_001f_seen"": 0, ""response_103c_seen"": 0, ""operator_result"": """", ""notes"": """"}"
2026-09-30T07:17:36.889Z,58125.0,probe_00035_family_0026,phase_started,probe_00035_family_0026
2026-09-30T07:17:37.491Z,58734.0,probe_00035_family_0026,probe_completed,"{""utc"": ""2026-09-30T07:17:37.490Z"", ""probe_index"": 35, ""probe_family_hex"": ""0026"", ""grammar"": ""short"", ""marker_hex"": """", ""tx_can_id_hex"": ""0026C82D"", ""tx_data_hex"": ""01 00 00 2D C8"", ""tx_ok"": 1, ""pre_window_frames"": 107, ""post_window_frames"": 147, ""candidate_frames"": 0, ""candidate_families"": """", ""candidate_ids"": """", ""candidate_payloads"": """", ""first_candidate_latency_ms"": """", ""last_candidate_latency_ms"": """", ""active_001f_seen"": 0, ""response_103c_seen"": 0, ""operator_result"": """", ""notes"": """"}"
2026-09-30T07:17:37.896Z,59140.0,probe_00036_family_0027,phase_started,probe_00036_family_0027
2026-09-30T07:17:38.508Z,59750.0,probe_00036_family_0027,probe_completed,"{""utc"": ""2026-09-30T07:17:38.508Z"", ""probe_index"": 36, ""probe_family_hex"": ""0027"", ""grammar"": ""short"", ""marker_hex"": """", ""tx_can_id_hex"": ""0027C82D"", ""tx_data_hex"": ""01 00 00 2D C8"", ""tx_ok"": 1, ""pre_window_frames"": 107, ""post_window_frames"": 147, ""candidate_frames"": 0, ""candidate_families"": """", ""candidate_ids"": """", ""candidate_payloads"": """", ""first_candidate_latency_ms"": """", ""last_candidate_latency_ms"": """", ""active_001f_seen"": 0, ""response_103c_seen"": 0, ""operator_result"": """", ""notes"": """"}"
2026-09-30T07:17:38.919Z,60156.0,probe_00037_family_0028,phase_started,probe_00037_family_0028
2026-09-30T07:17:39.521Z,60765.0,probe_00037_family_0028,probe_completed,"{""utc"": ""2026-09-30T07:17:39.521Z"", ""probe_index"": 37, ""probe_family_hex"": ""0028"", ""grammar"": ""short"", ""marker_hex"": """", ""tx_can_id_hex"": ""0028C82D"", ""tx_data_hex"": ""01 00 00 2D C8"", ""tx_ok"": 1, ""pre_window_frames"": 128, ""post_window_frames"": 145, ""candidate_frames"": 0, ""candidate_families"": """", ""candidate_ids"": """", ""candidate_payloads"": """", ""first_candidate_latency_ms"": """", ""last_candidate_latency_ms"": """", ""active_001f_seen"": 0, ""response_103c_seen"": 0, ""operator_result"": """", ""notes"": """"}"
2026-09-30T07:17:39.929Z,61171.0,probe_00038_family_0029,phase_started,probe_00038_family_0029
2026-09-30T07:17:40.540Z,61781.0,probe_00038_family_0029,probe_completed,"{""utc"": ""2026-09-30T07:17:40.540Z"", ""probe_index"": 38, ""probe_family_hex"": ""0029"", ""grammar"": ""short"", ""marker_hex"": """", ""tx_can_id_hex"": ""0029C82D"", ""tx_data_hex"": ""01 00 00 2D C8"", ""tx_ok"": 1, ""pre_window_frames"": 107, ""post_window_frames"": 145, ""candidate_frames"": 0, ""candidate_families"": """", ""candidate_ids"": """", ""candidate_payloads"": """", ""first_candidate_latency_ms"": """", ""last_candidate_latency_ms"": """", ""active_001f_seen"": 0, ""response_103c_seen"": 0, ""operator_result"": """", ""notes"": """"}"
2026-09-30T07:17:40.948Z,62187.0,probe_00039_family_002A,phase_started,probe_00039_family_002A
2026-09-30T07:17:41.554Z,62796.0,probe_00039_family_002A,probe_completed,"{""utc"": ""2026-09-30T07:17:41.554Z"", ""probe_index"": 39, ""probe_family_hex"": ""002A"", ""grammar"": ""short"", ""marker_hex"": """", ""tx_can_id_hex"": ""002AC82D"", ""tx_data_hex"": ""01 00 00 2D C8"", ""tx_ok"": 1, ""pre_window_frames"": 107, ""post_window_frames"": 145, ""candidate_frames"": 0, ""candidate_families"": """", ""candidate_ids"": """", ""candidate_payloads"": """", ""first_candidate_latency_ms"": """", ""last_candidate_latency_ms"": """", ""active_001f_seen"": 0, ""response_103c_seen"": 0, ""operator_result"": """", ""notes"": """"}"
2026-09-30T07:17:41.961Z,63203.0,probe_00040_family_002B,phase_started,probe_00040_family_002B
2026-09-30T07:17:42.572Z,63812.0,probe_00040_family_002B,probe_completed,"{""utc"": ""2026-09-30T07:17:42.572Z"", ""probe_index"": 40, ""probe_family_hex"": ""002B"", ""grammar"": ""short"", ""marker_hex"": """", ""tx_can_id_hex"": ""002BC82D"", ""tx_data_hex"": ""01 00 00 2D C8"", ""tx_ok"": 1, ""pre_window_frames"": 107, ""post_window_frames"": 147, ""candidate_frames"": 0, ""candidate_families"": """", ""candidate_ids"": """", ""candidate_payloads"": """", ""first_candidate_latency_ms"": """", ""last_candidate_latency_ms"": """", ""active_001f_seen"": 0, ""response_103c_seen"": 0, ""operator_result"": """", ""notes"": """"}"
2026-09-30T07:17:42.979Z,64218.0,probe_00041_family_002C,phase_started,probe_00041_family_002C
2026-09-30T07:17:43.584Z,64828.0,probe_00041_family_002C,probe_completed,"{""utc"": ""2026-09-30T07:17:43.584Z"", ""probe_index"": 41, ""probe_family_hex"": ""002C"", ""grammar"": ""short"", ""marker_hex"": """", ""tx_can_id_hex"": ""002CC82D"", ""tx_data_hex"": ""01 00 00 2D C8"", ""tx_ok"": 1, ""pre_window_frames"": 107, ""post_window_frames"": 145, ""candidate_frames"": 0, ""candidate_families"": """", ""candidate_ids"": """", ""candidate_payloads"": """", ""first_candidate_latency_ms"": """", ""last_candidate_latency_ms"": """", ""active_001f_seen"": 0, ""response_103c_seen"": 0, ""operator_result"": """", ""notes"": """"}"
2026-09-30T07:17:43.991Z,65234.0,probe_00042_family_002D,phase_started,probe_00042_family_002D
2026-09-30T07:17:44.603Z,65843.0,probe_00042_family_002D,probe_completed,"{""utc"": ""2026-09-30T07:17:44.603Z"", ""probe_index"": 42, ""probe_family_hex"": ""002D"", ""grammar"": ""short"", ""marker_hex"": """", ""tx_can_id_hex"": ""002DC82D"", ""tx_data_hex"": ""01 00 00 2D C8"", ""tx_ok"": 1, ""pre_window_frames"": 107, ""post_window_frames"": 147, ""candidate_frames"": 0, ""candidate_families"": """", ""candidate_ids"": """", ""candidate_payloads"": """", ""first_candidate_latency_ms"": """", ""last_candidate_latency_ms"": """", ""active_001f_seen"": 0, ""response_103c_seen"": 0, ""operator_result"": """", ""notes"": """"}"
2026-09-30T07:17:45.009Z,66250.0,probe_00043_family_002E,phase_started,probe_00043_family_002E
2026-09-30T07:17:45.621Z,66859.0,probe_00043_family_002E,probe_completed,"{""utc"": ""2026-09-30T07:17:45.621Z"", ""probe_index"": 43, ""probe_family_hex"": ""002E"", ""grammar"": ""short"", ""marker_hex"": """", ""tx_can_id_hex"": ""002EC82D"", ""tx_data_hex"": ""01 00 00 2D C8"", ""tx_ok"": 1, ""pre_window_frames"": 108, ""post_window_frames"": 149, ""candidate_frames"": 0, ""candidate_families"": """", ""candidate_ids"": """", ""candidate_payloads"": """", ""first_candidate_latency_ms"": """", ""last_candidate_latency_ms"": """", ""active_001f_seen"": 0, ""response_103c_seen"": 0, ""operator_result"": """", ""notes"": """"}"
2026-09-30T07:17:46.027Z,67265.0,probe_00044_family_002F,phase_started,probe_00044_family_002F
2026-09-30T07:17:46.632Z,67875.0,probe_00044_family_002F,probe_completed,"{""utc"": ""2026-09-30T07:17:46.631Z"", ""probe_index"": 44, ""probe_family_hex"": ""002F"", ""grammar"": ""short"", ""marker_hex"": """", ""tx_can_id_hex"": ""002FC82D"", ""tx_data_hex"": ""01 00 00 2D C8"", ""tx_ok"": 1, ""pre_window_frames"": 107, ""post_window_frames"": 145, ""candidate_frames"": 0, ""candidate_families"": """", ""candidate_ids"": """", ""candidate_payloads"": """", ""first_candidate_latency_ms"": """", ""last_candidate_latency_ms"": """", ""active_001f_seen"": 0, ""response_103c_seen"": 0, ""operator_result"": """", ""notes"": """"}"
2026-09-30T07:17:47.039Z,68281.0,probe_00045_family_0030,phase_started,probe_00045_family_0030
2026-09-30T07:17:47.651Z,68890.0,probe_00045_family_0030,probe_completed,"{""utc"": ""2026-09-30T07:17:47.651Z"", ""probe_index"": 45, ""probe_family_hex"": ""0030"", ""grammar"": ""short"", ""marker_hex"": """", ""tx_can_id_hex"": ""0030C82D"", ""tx_data_hex"": ""01 00 00 2D C8"", ""tx_ok"": 1, ""pre_window_frames"": 107, ""post_window_frames"": 147, ""candidate_frames"": 0, ""candidate_families"": """", ""candidate_ids"": """", ""candidate_payloads"": """", ""first_candidate_latency_ms"": """", ""last_candidate_latency_ms"": """", ""active_001f_seen"": 0, ""response_103c_seen"": 0, ""operator_result"": """", ""notes"": """"}"
2026-09-30T07:17:48.057Z,69296.0,probe_00046_family_0031,phase_started,probe_00046_family_0031
2026-09-30T07:17:48.661Z,69906.0,probe_00046_family_0031,probe_completed,"{""utc"": ""2026-09-30T07:17:48.661Z"", ""probe_index"": 46, ""probe_family_hex"": ""0031"", ""grammar"": ""short"", ""marker_hex"": """", ""tx_can_id_hex"": ""0031C82D"", ""tx_data_hex"": ""01 00 00 2D C8"", ""tx_ok"": 1, ""pre_window_frames"": 107, ""post_window_frames"": 145, ""candidate_frames"": 0, ""candidate_families"": """", ""candidate_ids"": """", ""candidate_payloads"": """", ""first_candidate_latency_ms"": """", ""last_candidate_latency_ms"": """", ""active_001f_seen"": 0, ""response_103c_seen"": 0, ""operator_result"": """", ""notes"": """"}"
2026-09-30T07:17:49.069Z,70312.0,probe_00047_family_0032,phase_started,probe_00047_family_0032
2026-09-30T07:17:49.680Z,70921.0,probe_00047_family_0032,probe_completed,"{""utc"": ""2026-09-30T07:17:49.680Z"", ""probe_index"": 47, ""probe_family_hex"": ""0032"", ""grammar"": ""short"", ""marker_hex"": """", ""tx_can_id_hex"": ""0032C82D"", ""tx_data_hex"": ""01 00 00 2D C8"", ""tx_ok"": 1, ""pre_window_frames"": 107, ""post_window_frames"": 147, ""candidate_frames"": 0, ""candidate_families"": """", ""candidate_ids"": """", ""candidate_payloads"": """", ""first_candidate_latency_ms"": """", ""last_candidate_latency_ms"": """", ""active_001f_seen"": 0, ""response_103c_seen"": 0, ""operator_result"": """", ""notes"": """"}"
2026-09-30T07:17:50.087Z,71328.0,probe_00048_family_0033,phase_started,probe_00048_family_0033
2026-09-30T07:17:50.699Z,71937.0,probe_00048_family_0033,probe_completed,"{""utc"": ""2026-09-30T07:17:50.699Z"", ""probe_index"": 48, ""probe_family_hex"": ""0033"", ""grammar"": ""short"", ""marker_hex"": """", ""tx_can_id_hex"": ""0033C82D"", ""tx_data_hex"": ""01 00 00 2D C8"", ""tx_ok"": 1, ""pre_window_frames"": 107, ""post_window_frames"": 147, ""candidate_frames"": 0, ""candidate_families"": """", ""candidate_ids"": """", ""candidate_payloads"": """", ""first_candidate_latency_ms"": """", ""last_candidate_latency_ms"": """", ""active_001f_seen"": 0, ""response_103c_seen"": 0, ""operator_result"": """", ""notes"": """"}"
2026-09-30T07:17:51.106Z,72343.0,probe_00049_family_0034,phase_started,probe_00049_family_0034
2026-09-30T07:17:51.713Z,72953.0,probe_00049_family_0034,probe_completed,"{""utc"": ""2026-09-30T07:17:51.712Z"", ""probe_index"": 49, ""probe_family_hex"": ""0034"", ""grammar"": ""short"", ""marker_hex"": """", ""tx_can_id_hex"": ""0034C82D"", ""tx_data_hex"": ""01 00 00 2D C8"", ""tx_ok"": 1, ""pre_window_frames"": 107, ""post_window_frames"": 147, ""candidate_frames"": 0, ""candidate_families"": """", ""candidate_ids"": """", ""candidate_payloads"": """", ""first_candidate_latency_ms"": """", ""last_candidate_latency_ms"": """", ""active_001f_seen"": 0, ""response_103c_seen"": 0, ""operator_result"": """", ""notes"": """"}"
2026-09-30T07:17:52.121Z,73359.0,probe_00050_family_0035,phase_started,probe_00050_family_0035
2026-09-30T07:17:52.728Z,73968.0,probe_00050_family_0035,probe_completed,"{""utc"": ""2026-09-30T07:17:52.728Z"", ""probe_index"": 50, ""probe_family_hex"": ""0035"", ""grammar"": ""short"", ""marker_hex"": """", ""tx_can_id_hex"": ""0035C82D"", ""tx_data_hex"": ""01 00 00 2D C8"", ""tx_ok"": 1, ""pre_window_frames"": 109, ""post_window_frames"": 145, ""candidate_frames"": 0, ""candidate_families"": """", ""candidate_ids"": """", ""candidate_payloads"": """", ""first_candidate_latency_ms"": """", ""last_candidate_latency_ms"": """", ""active_001f_seen"": 0, ""response_103c_seen"": 0, ""operator_result"": """", ""notes"": """"}"
2026-09-30T07:17:53.136Z,74375.0,probe_00051_family_0036,phase_started,probe_00051_family_0036
2026-09-30T07:17:53.746Z,74984.0,probe_00051_family_0036,probe_completed,"{""utc"": ""2026-09-30T07:17:53.746Z"", ""probe_index"": 51, ""probe_family_hex"": ""0036"", ""grammar"": ""short"", ""marker_hex"": """", ""tx_can_id_hex"": ""0036C82D"", ""tx_data_hex"": ""01 00 00 2D C8"", ""tx_ok"": 1, ""pre_window_frames"": 107, ""post_window_frames"": 147, ""candidate_frames"": 0, ""candidate_families"": """", ""candidate_ids"": """", ""candidate_payloads"": """", ""first_candidate_latency_ms"": """", ""last_candidate_latency_ms"": """", ""active_001f_seen"": 0, ""response_103c_seen"": 0, ""operator_result"": """", ""notes"": """"}"
2026-09-30T07:17:54.154Z,75390.0,probe_00052_family_0037,phase_started,probe_00052_family_0037
2026-09-30T07:17:54.759Z,76000.0,probe_00052_family_0037,probe_completed,"{""utc"": ""2026-09-30T07:17:54.759Z"", ""probe_index"": 52, ""probe_family_hex"": ""0037"", ""grammar"": ""short"", ""marker_hex"": """", ""tx_can_id_hex"": ""0037C82D"", ""tx_data_hex"": ""01 00 00 2D C8"", ""tx_ok"": 1, ""pre_window_frames"": 107, ""post_window_frames"": 147, ""candidate_frames"": 0, ""candidate_families"": """", ""candidate_ids"": """", ""candidate_payloads"": """", ""first_candidate_latency_ms"": """", ""last_candidate_latency_ms"": """", ""active_001f_seen"": 0, ""response_103c_seen"": 0, ""operator_result"": """", ""notes"": """"}"
2026-09-30T07:17:55.168Z,76406.0,probe_00053_family_0038,phase_started,probe_00053_family_0038
2026-09-30T07:17:55.774Z,77015.0,probe_00053_family_0038,probe_completed,"{""utc"": ""2026-09-30T07:17:55.773Z"", ""probe_index"": 53, ""probe_family_hex"": ""0038"", ""grammar"": ""short"", ""marker_hex"": """", ""tx_can_id_hex"": ""0038C82D"", ""tx_data_hex"": ""01 00 00 2D C8"", ""tx_ok"": 1, ""pre_window_frames"": 107, ""post_window_frames"": 145, ""candidate_frames"": 0, ""candidate_families"": """", ""candidate_ids"": """", ""candidate_payloads"": """", ""first_candidate_latency_ms"": """", ""last_candidate_latency_ms"": """", ""active_001f_seen"": 0, ""response_103c_seen"": 0, ""operator_result"": """", ""notes"": """"}"
2026-09-30T07:17:56.180Z,77421.0,probe_00054_family_0039,phase_started,probe_00054_family_0039
2026-09-30T07:17:56.791Z,78031.0,probe_00054_family_0039,probe_completed,"{""utc"": ""2026-09-30T07:17:56.791Z"", ""probe_index"": 54, ""probe_family_hex"": ""0039"", ""grammar"": ""short"", ""marker_hex"": """", ""tx_can_id_hex"": ""0039C82D"", ""tx_data_hex"": ""01 00 00 2D C8"", ""tx_ok"": 1, ""pre_window_frames"": 107, ""post_window_frames"": 147, ""candidate_frames"": 0, ""candidate_families"": """", ""candidate_ids"": """", ""candidate_payloads"": """", ""first_candidate_latency_ms"": """", ""last_candidate_latency_ms"": """", ""active_001f_seen"": 0, ""response_103c_seen"": 0, ""operator_result"": """", ""notes"": """"}"
2026-09-30T07:17:57.202Z,78437.0,probe_00055_family_003A,phase_started,probe_00055_family_003A
2026-09-30T07:17:57.808Z,79046.0,probe_00055_family_003A,probe_completed,"{""utc"": ""2026-09-30T07:17:57.807Z"", ""probe_index"": 55, ""probe_family_hex"": ""003A"", ""grammar"": ""short"", ""marker_hex"": """", ""tx_can_id_hex"": ""003AC82D"", ""tx_data_hex"": ""01 00 00 2D C8"", ""tx_ok"": 1, ""pre_window_frames"": 107, ""post_window_frames"": 147, ""candidate_frames"": 0, ""candidate_families"": """", ""candidate_ids"": """", ""candidate_payloads"": """", ""first_candidate_latency_ms"": """", ""last_candidate_latency_ms"": """", ""active_001f_seen"": 0, ""response_103c_seen"": 0, ""operator_result"": """", ""notes"": """"}"
2026-09-30T07:17:58.215Z,79453.0,probe_00056_family_003B,phase_started,probe_00056_family_003B
2026-09-30T07:17:58.819Z,80062.0,probe_00056_family_003B,probe_completed,"{""utc"": ""2026-09-30T07:17:58.819Z"", ""probe_index"": 56, ""probe_family_hex"": ""003B"", ""grammar"": ""short"", ""marker_hex"": """", ""tx_can_id_hex"": ""003BC82D"", ""tx_data_hex"": ""01 00 00 2D C8"", ""tx_ok"": 1, ""pre_window_frames"": 107, ""post_window_frames"": 147, ""candidate_frames"": 0, ""candidate_families"": """", ""candidate_ids"": """", ""candidate_payloads"": """", ""first_candidate_latency_ms"": """", ""last_candidate_latency_ms"": """", ""active_001f_seen"": 0, ""response_103c_seen"": 0, ""operator_result"": """", ""notes"": """"}"
2026-09-30T07:17:59.226Z,80468.0,probe_00057_family_003D,phase_started,probe_00057_family_003D
2026-09-30T07:17:59.838Z,81078.0,probe_00057_family_003D,probe_completed,"{""utc"": ""2026-09-30T07:17:59.838Z"", ""probe_index"": 57, ""probe_family_hex"": ""003D"", ""grammar"": ""short"", ""marker_hex"": """", ""tx_can_id_hex"": ""003DC82D"", ""tx_data_hex"": ""01 00 00 2D C8"", ""tx_ok"": 1, ""pre_window_frames"": 107, ""post_window_frames"": 145, ""candidate_frames"": 0, ""candidate_families"": """", ""candidate_ids"": """", ""candidate_payloads"": """", ""first_candidate_latency_ms"": """", ""last_candidate_latency_ms"": """", ""active_001f_seen"": 0, ""response_103c_seen"": 0, ""operator_result"": """", ""notes"": """"}"
2026-09-30T07:18:00.246Z,81484.0,probe_00058_family_003E,phase_started,probe_00058_family_003E
2026-09-30T07:18:00.855Z,82093.0,probe_00058_family_003E,probe_completed,"{""utc"": ""2026-09-30T07:18:00.855Z"", ""probe_index"": 58, ""probe_family_hex"": ""003E"", ""grammar"": ""short"", ""marker_hex"": """", ""tx_can_id_hex"": ""003EC82D"", ""tx_data_hex"": ""01 00 00 2D C8"", ""tx_ok"": 1, ""pre_window_frames"": 107, ""post_window_frames"": 147, ""candidate_frames"": 0, ""candidate_families"": """", ""candidate_ids"": """", ""candidate_payloads"": """", ""first_candidate_latency_ms"": """", ""last_candidate_latency_ms"": """", ""active_001f_seen"": 0, ""response_103c_seen"": 0, ""operator_result"": """", ""notes"": """"}"
2026-09-30T07:18:01.262Z,82500.0,probe_00059_family_003F,phase_started,probe_00059_family_003F
2026-09-30T07:18:01.866Z,83109.0,probe_00059_family_003F,probe_completed,"{""utc"": ""2026-09-30T07:18:01.866Z"", ""probe_index"": 59, ""probe_family_hex"": ""003F"", ""grammar"": ""short"", ""marker_hex"": """", ""tx_can_id_hex"": ""003FC82D"", ""tx_data_hex"": ""01 00 00 2D C8"", ""tx_ok"": 1, ""pre_window_frames"": 107, ""post_window_frames"": 145, ""candidate_frames"": 0, ""candidate_families"": """", ""candidate_ids"": """", ""candidate_payloads"": """", ""first_candidate_latency_ms"": """", ""last_candidate_latency_ms"": """", ""active_001f_seen"": 0, ""response_103c_seen"": 0, ""operator_result"": """", ""notes"": """"}"
2026-09-30T07:18:02.273Z,83515.0,probe_00060_family_0040,phase_started,probe_00060_family_0040
2026-09-30T07:18:02.886Z,84125.0,probe_00060_family_0040,probe_completed,"{""utc"": ""2026-09-30T07:18:02.886Z"", ""probe_index"": 60, ""probe_family_hex"": ""0040"", ""grammar"": ""short"", ""marker_hex"": """", ""tx_can_id_hex"": ""0040C82D"", ""tx_data_hex"": ""01 00 00 2D C8"", ""tx_ok"": 1, ""pre_window_frames"": 107, ""post_window_frames"": 147, ""candidate_frames"": 0, ""candidate_families"": """", ""candidate_ids"": """", ""candidate_payloads"": """", ""first_candidate_latency_ms"": """", ""last_candidate_latency_ms"": """", ""active_001f_seen"": 0, ""response_103c_seen"": 0, ""operator_result"": """", ""notes"": """"}"
2026-09-30T07:18:03.296Z,84531.0,probe_00061_family_0041,phase_started,probe_00061_family_0041
2026-09-30T07:18:03.896Z,85140.0,probe_00061_family_0041,probe_completed,"{""utc"": ""2026-09-30T07:18:03.896Z"", ""probe_index"": 61, ""probe_family_hex"": ""0041"", ""grammar"": ""short"", ""marker_hex"": """", ""tx_can_id_hex"": ""0041C82D"", ""tx_data_hex"": ""01 00 00 2D C8"", ""tx_ok"": 1, ""pre_window_frames"": 107, ""post_window_frames"": 145, ""candidate_frames"": 0, ""candidate_families"": """", ""candidate_ids"": """", ""candidate_payloads"": """", ""first_candidate_latency_ms"": """", ""last_candidate_latency_ms"": """", ""active_001f_seen"": 0, ""response_103c_seen"": 0, ""operator_result"": """", ""notes"": """"}"
2026-09-30T07:18:04.302Z,85546.0,probe_00062_family_0042,phase_started,probe_00062_family_0042
2026-09-30T07:18:04.914Z,86156.0,probe_00062_family_0042,probe_completed,"{""utc"": ""2026-09-30T07:18:04.914Z"", ""probe_index"": 62, ""probe_family_hex"": ""0042"", ""grammar"": ""short"", ""marker_hex"": """", ""tx_can_id_hex"": ""0042C82D"", ""tx_data_hex"": ""01 00 00 2D C8"", ""tx_ok"": 1, ""pre_window_frames"": 107, ""post_window_frames"": 147, ""candidate_frames"": 0, ""candidate_families"": """", ""candidate_ids"": """", ""candidate_payloads"": """", ""first_candidate_latency_ms"": """", ""last_candidate_latency_ms"": """", ""active_001f_seen"": 0, ""response_103c_seen"": 0, ""operator_result"": """", ""notes"": """"}"
2026-09-30T07:18:05.325Z,86562.0,probe_00063_family_0043,phase_started,probe_00063_family_0043
2026-09-30T07:18:05.930Z,87171.0,probe_00063_family_0043,probe_completed,"{""utc"": ""2026-09-30T07:18:05.930Z"", ""probe_index"": 63, ""probe_family_hex"": ""0043"", ""grammar"": ""short"", ""marker_hex"": """", ""tx_can_id_hex"": ""0043C82D"", ""tx_data_hex"": ""01 00 00 2D C8"", ""tx_ok"": 1, ""pre_window_frames"": 108, ""post_window_frames"": 147, ""candidate_frames"": 0, ""candidate_families"": """", ""candidate_ids"": """", ""candidate_payloads"": """", ""first_candidate_latency_ms"": """", ""last_candidate_latency_ms"": """", ""active_001f_seen"": 0, ""response_103c_seen"": 0, ""operator_result"": """", ""notes"": """"}"
2026-09-30T07:18:06.336Z,87578.0,probe_00064_family_0044,phase_started,probe_00064_family_0044
2026-09-30T07:18:06.944Z,88187.0,probe_00064_family_0044,probe_completed,"{""utc"": ""2026-09-30T07:18:06.944Z"", ""probe_index"": 64, ""probe_family_hex"": ""0044"", ""grammar"": ""short"", ""marker_hex"": """", ""tx_can_id_hex"": ""0044C82D"", ""tx_data_hex"": ""01 00 00 2D C8"", ""tx_ok"": 1, ""pre_window_frames"": 107, ""post_window_frames"": 143, ""candidate_frames"": 0, ""candidate_families"": """", ""candidate_ids"": """", ""candidate_payloads"": """", ""first_candidate_latency_ms"": """", ""last_candidate_latency_ms"": """", ""active_001f_seen"": 0, ""response_103c_seen"": 0, ""operator_result"": """", ""notes"": """"}"
2026-09-30T07:18:07.350Z,88593.0,probe_00065_family_0045,phase_started,probe_00065_family_0045
2026-09-30T07:18:07.962Z,89203.0,probe_00065_family_0045,probe_completed,"{""utc"": ""2026-09-30T07:18:07.962Z"", ""probe_index"": 65, ""probe_family_hex"": ""0045"", ""grammar"": ""short"", ""marker_hex"": """", ""tx_can_id_hex"": ""0045C82D"", ""tx_data_hex"": ""01 00 00 2D C8"", ""tx_ok"": 1, ""pre_window_frames"": 107, ""post_window_frames"": 145, ""candidate_frames"": 0, ""candidate_families"": """", ""candidate_ids"": """", ""candidate_payloads"": """", ""first_candidate_latency_ms"": """", ""last_candidate_latency_ms"": """", ""active_001f_seen"": 0, ""response_103c_seen"": 0, ""operator_result"": """", ""notes"": """"}"
2026-09-30T07:18:08.372Z,89609.0,probe_00066_family_0046,phase_started,probe_00066_family_0046
2026-09-30T07:18:08.974Z,90218.0,probe_00066_family_0046,probe_completed,"{""utc"": ""2026-09-30T07:18:08.974Z"", ""probe_index"": 66, ""probe_family_hex"": ""0046"", ""grammar"": ""short"", ""marker_hex"": """", ""tx_can_id_hex"": ""0046C82D"", ""tx_data_hex"": ""01 00 00 2D C8"", ""tx_ok"": 1, ""pre_window_frames"": 107, ""post_window_frames"": 145, ""candidate_frames"": 0, ""candidate_families"": """", ""candidate_ids"": """", ""candidate_payloads"": """", ""first_candidate_latency_ms"": """", ""last_candidate_latency_ms"": """", ""active_001f_seen"": 0, ""response_103c_seen"": 0, ""operator_result"": """", ""notes"": """"}"
2026-09-30T07:18:09.380Z,90625.0,probe_00067_family_0047,phase_started,probe_00067_family_0047
2026-09-30T07:18:09.994Z,91234.0,probe_00067_family_0047,probe_completed,"{""utc"": ""2026-09-30T07:18:09.994Z"", ""probe_index"": 67, ""probe_family_hex"": ""0047"", ""grammar"": ""short"", ""marker_hex"": """", ""tx_can_id_hex"": ""0047C82D"", ""tx_data_hex"": ""01 00 00 2D C8"", ""tx_ok"": 1, ""pre_window_frames"": 107, ""post_window_frames"": 147, ""candidate_frames"": 0, ""candidate_families"": """", ""candidate_ids"": """", ""candidate_payloads"": """", ""first_candidate_latency_ms"": """", ""last_candidate_latency_ms"": """", ""active_001f_seen"": 0, ""response_103c_seen"": 0, ""operator_result"": """", ""notes"": """"}"
2026-09-30T07:18:10.401Z,91640.0,probe_00068_family_0048,phase_started,probe_00068_family_0048
2026-09-30T07:18:11.009Z,92250.0,probe_00068_family_0048,probe_completed,"{""utc"": ""2026-09-30T07:18:11.009Z"", ""probe_index"": 68, ""probe_family_hex"": ""0048"", ""grammar"": ""short"", ""marker_hex"": """", ""tx_can_id_hex"": ""0048C82D"", ""tx_data_hex"": ""01 00 00 2D C8"", ""tx_ok"": 1, ""pre_window_frames"": 107, ""post_window_frames"": 147, ""candidate_frames"": 0, ""candidate_families"": """", ""candidate_ids"": """", ""candidate_payloads"": """", ""first_candidate_latency_ms"": """", ""last_candidate_latency_ms"": """", ""active_001f_seen"": 0, ""response_103c_seen"": 0, ""operator_result"": """", ""notes"": """"}"
2026-09-30T07:18:11.417Z,92656.0,probe_00069_family_0049,phase_started,probe_00069_family_0049
2026-09-30T07:18:12.021Z,93265.0,probe_00069_family_0049,probe_completed,"{""utc"": ""2026-09-30T07:18:12.021Z"", ""probe_index"": 69, ""probe_family_hex"": ""0049"", ""grammar"": ""short"", ""marker_hex"": """", ""tx_can_id_hex"": ""0049C82D"", ""tx_data_hex"": ""01 00 00 2D C8"", ""tx_ok"": 1, ""pre_window_frames"": 107, ""post_window_frames"": 145, ""candidate_frames"": 0, ""candidate_families"": """", ""candidate_ids"": """", ""candidate_payloads"": """", ""first_candidate_latency_ms"": """", ""last_candidate_latency_ms"": """", ""active_001f_seen"": 0, ""response_103c_seen"": 0, ""operator_result"": """", ""notes"": """"}"
2026-09-30T07:18:12.429Z,93671.0,probe_00070_family_004A,phase_started,probe_00070_family_004A
2026-09-30T07:18:13.041Z,94281.0,probe_00070_family_004A,probe_completed,"{""utc"": ""2026-09-30T07:18:13.041Z"", ""probe_index"": 70, ""probe_family_hex"": ""004A"", ""grammar"": ""short"", ""marker_hex"": """", ""tx_can_id_hex"": ""004AC82D"", ""tx_data_hex"": ""01 00 00 2D C8"", ""tx_ok"": 1, ""pre_window_frames"": 107, ""post_window_frames"": 147, ""candidate_frames"": 0, ""candidate_families"": """", ""candidate_ids"": """", ""candidate_payloads"": """", ""first_candidate_latency_ms"": """", ""last_candidate_latency_ms"": """", ""active_001f_seen"": 0, ""response_103c_seen"": 0, ""operator_result"": """", ""notes"": """"}"
2026-09-30T07:18:13.449Z,94687.0,probe_00071_family_004B,phase_started,probe_00071_family_004B
2026-09-30T07:18:14.057Z,95296.0,probe_00071_family_004B,probe_completed,"{""utc"": ""2026-09-30T07:18:14.057Z"", ""probe_index"": 71, ""probe_family_hex"": ""004B"", ""grammar"": ""short"", ""marker_hex"": """", ""tx_can_id_hex"": ""004BC82D"", ""tx_data_hex"": ""01 00 00 2D C8"", ""tx_ok"": 1, ""pre_window_frames"": 107, ""post_window_frames"": 145, ""candidate_frames"": 0, ""candidate_families"": """", ""candidate_ids"": """", ""candidate_payloads"": """", ""first_candidate_latency_ms"": """", ""last_candidate_latency_ms"": """", ""active_001f_seen"": 0, ""response_103c_seen"": 0, ""operator_result"": """", ""notes"": """"}"
2026-09-30T07:18:14.462Z,95703.0,probe_00072_family_004C,phase_started,probe_00072_family_004C
2026-09-30T07:18:15.069Z,96312.0,probe_00072_family_004C,probe_completed,"{""utc"": ""2026-09-30T07:18:15.069Z"", ""probe_index"": 72, ""probe_family_hex"": ""004C"", ""grammar"": ""short"", ""marker_hex"": """", ""tx_can_id_hex"": ""004CC82D"", ""tx_data_hex"": ""01 00 00 2D C8"", ""tx_ok"": 1, ""pre_window_frames"": 107, ""post_window_frames"": 145, ""candidate_frames"": 0, ""candidate_families"": """", ""candidate_ids"": """", ""candidate_payloads"": """", ""first_candidate_latency_ms"": """", ""last_candidate_latency_ms"": """", ""active_001f_seen"": 0, ""response_103c_seen"": 0, ""operator_result"": """", ""notes"": """"}"
2026-09-30T07:18:15.475Z,96718.0,probe_00073_family_004D,phase_started,probe_00073_family_004D
2026-09-30T07:18:16.087Z,97328.0,probe_00073_family_004D,probe_completed,"{""utc"": ""2026-09-30T07:18:16.087Z"", ""probe_index"": 73, ""probe_family_hex"": ""004D"", ""grammar"": ""short"", ""marker_hex"": """", ""tx_can_id_hex"": ""004DC82D"", ""tx_data_hex"": ""01 00 00 2D C8"", ""tx_ok"": 1, ""pre_window_frames"": 107, ""post_window_frames"": 145, ""candidate_frames"": 0, ""candidate_families"": """", ""candidate_ids"": """", ""candidate_payloads"": """", ""first_candidate_latency_ms"": """", ""last_candidate_latency_ms"": """", ""active_001f_seen"": 0, ""response_103c_seen"": 0, ""operator_result"": """", ""notes"": """"}"
2026-09-30T07:18:16.493Z,97734.0,probe_00074_family_004E,phase_started,probe_00074_family_004E
2026-09-30T07:18:17.101Z,98343.0,probe_00074_family_004E,probe_completed,"{""utc"": ""2026-09-30T07:18:17.101Z"", ""probe_index"": 74, ""probe_family_hex"": ""004E"", ""grammar"": ""short"", ""marker_hex"": """", ""tx_can_id_hex"": ""004EC82D"", ""tx_data_hex"": ""01 00 00 2D C8"", ""tx_ok"": 1, ""pre_window_frames"": 107, ""post_window_frames"": 145, ""candidate_frames"": 0, ""candidate_families"": """", ""candidate_ids"": """", ""candidate_payloads"": """", ""first_candidate_latency_ms"": """", ""last_candidate_latency_ms"": """", ""active_001f_seen"": 0, ""response_103c_seen"": 0, ""operator_result"": """", ""notes"": """"}"
2026-09-30T07:18:17.507Z,98750.0,probe_00075_family_004F,phase_started,probe_00075_family_004F
2026-09-30T07:18:18.121Z,99359.0,probe_00075_family_004F,probe_completed,"{""utc"": ""2026-09-30T07:18:18.121Z"", ""probe_index"": 75, ""probe_family_hex"": ""004F"", ""grammar"": ""short"", ""marker_hex"": """", ""tx_can_id_hex"": ""004FC82D"", ""tx_data_hex"": ""01 00 00 2D C8"", ""tx_ok"": 1, ""pre_window_frames"": 107, ""post_window_frames"": 147, ""candidate_frames"": 0, ""candidate_families"": """", ""candidate_ids"": """", ""candidate_payloads"": """", ""first_candidate_latency_ms"": """", ""last_candidate_latency_ms"": """", ""active_001f_seen"": 0, ""response_103c_seen"": 0, ""operator_result"": """", ""notes"": """"}"
2026-09-30T07:18:18.530Z,99765.0,probe_00076_family_0050,phase_started,probe_00076_family_0050
2026-09-30T07:18:19.136Z,100375.0,probe_00076_family_0050,probe_completed,"{""utc"": ""2026-09-30T07:18:19.136Z"", ""probe_index"": 76, ""probe_family_hex"": ""0050"", ""grammar"": ""short"", ""marker_hex"": """", ""tx_can_id_hex"": ""0050C82D"", ""tx_data_hex"": ""01 00 00 2D C8"", ""tx_ok"": 1, ""pre_window_frames"": 109, ""post_window_frames"": 147, ""candidate_frames"": 0, ""candidate_families"": """", ""candidate_ids"": """", ""candidate_payloads"": """", ""first_candidate_latency_ms"": """", ""last_candidate_latency_ms"": """", ""active_001f_seen"": 0, ""response_103c_seen"": 0, ""operator_result"": """", ""notes"": """"}"
2026-09-30T07:18:19.544Z,100781.0,probe_00077_family_0051,phase_started,probe_00077_family_0051
2026-09-30T07:18:20.151Z,101390.0,probe_00077_family_0051,probe_completed,"{""utc"": ""2026-09-30T07:18:20.151Z"", ""probe_index"": 77, ""probe_family_hex"": ""0051"", ""grammar"": ""short"", ""marker_hex"": """", ""tx_can_id_hex"": ""0051C82D"", ""tx_data_hex"": ""01 00 00 2D C8"", ""tx_ok"": 1, ""pre_window_frames"": 109, ""post_window_frames"": 147, ""candidate_frames"": 0, ""candidate_families"": """", ""candidate_ids"": """", ""candidate_payloads"": """", ""first_candidate_latency_ms"": """", ""last_candidate_latency_ms"": """", ""active_001f_seen"": 0, ""response_103c_seen"": 0, ""operator_result"": """", ""notes"": """"}"
2026-09-30T07:18:20.556Z,101796.0,probe_00078_family_0052,phase_started,probe_00078_family_0052
2026-09-30T07:18:21.167Z,102406.0,probe_00078_family_0052,probe_completed,"{""utc"": ""2026-09-30T07:18:21.167Z"", ""probe_index"": 78, ""probe_family_hex"": ""0052"", ""grammar"": ""short"", ""marker_hex"": """", ""tx_can_id_hex"": ""0052C82D"", ""tx_data_hex"": ""01 00 00 2D C8"", ""tx_ok"": 1, ""pre_window_frames"": 107, ""post_window_frames"": 146, ""candidate_frames"": 0, ""candidate_families"": """", ""candidate_ids"": """", ""candidate_payloads"": """", ""first_candidate_latency_ms"": """", ""last_candidate_latency_ms"": """", ""active_001f_seen"": 0, ""response_103c_seen"": 0, ""operator_result"": """", ""notes"": """"}"
2026-09-30T07:18:21.576Z,102812.0,probe_00079_family_0053,phase_started,probe_00079_family_0053
2026-09-30T07:18:22.182Z,103421.0,probe_00079_family_0053,probe_completed,"{""utc"": ""2026-09-30T07:18:22.182Z"", ""probe_index"": 79, ""probe_family_hex"": ""0053"", ""grammar"": ""short"", ""marker_hex"": """", ""tx_can_id_hex"": ""0053C82D"", ""tx_data_hex"": ""01 00 00 2D C8"", ""tx_ok"": 1, ""pre_window_frames"": 107, ""post_window_frames"": 145, ""candidate_frames"": 0, ""candidate_families"": """", ""candidate_ids"": """", ""candidate_payloads"": """", ""first_candidate_latency_ms"": """", ""last_candidate_latency_ms"": """", ""active_001f_seen"": 0, ""response_103c_seen"": 0, ""operator_result"": """", ""notes"": """"}"
2026-09-30T07:18:22.588Z,103828.0,probe_00080_family_0054,phase_started,probe_00080_family_0054
2026-09-30T07:18:23.195Z,104437.0,probe_00080_family_0054,probe_completed,"{""utc"": ""2026-09-30T07:18:23.195Z"", ""probe_index"": 80, ""probe_family_hex"": ""0054"", ""grammar"": ""short"", ""marker_hex"": """", ""tx_can_id_hex"": ""0054C82D"", ""tx_data_hex"": ""01 00 00 2D C8"", ""tx_ok"": 1, ""pre_window_frames"": 107, ""post_window_frames"": 145, ""candidate_frames"": 0, ""candidate_families"": """", ""candidate_ids"": """", ""candidate_payloads"": """", ""first_candidate_latency_ms"": """", ""last_candidate_latency_ms"": """", ""active_001f_seen"": 0, ""response_103c_seen"": 0, ""operator_result"": """", ""notes"": """"}"
2026-09-30T07:18:23.604Z,104843.0,probe_00081_family_0055,phase_started,probe_00081_family_0055
2026-09-30T07:18:24.216Z,105453.0,probe_00081_family_0055,probe_completed,"{""utc"": ""2026-09-30T07:18:24.216Z"", ""probe_index"": 81, ""probe_family_hex"": ""0055"", ""grammar"": ""short"", ""marker_hex"": """", ""tx_can_id_hex"": ""0055C82D"", ""tx_data_hex"": ""01 00 00 2D C8"", ""tx_ok"": 1, ""pre_window_frames"": 107, ""post_window_frames"": 147, ""candidate_frames"": 0, ""candidate_families"": """", ""candidate_ids"": """", ""candidate_payloads"": """", ""first_candidate_latency_ms"": """", ""last_candidate_latency_ms"": """", ""active_001f_seen"": 0, ""response_103c_seen"": 0, ""operator_result"": """", ""notes"": """"}"
2026-09-30T07:18:24.615Z,105859.0,probe_00082_family_0056,phase_started,probe_00082_family_0056
2026-09-30T07:18:25.229Z,106468.0,probe_00082_family_0056,probe_completed,"{""utc"": ""2026-09-30T07:18:25.229Z"", ""probe_index"": 82, ""probe_family_hex"": ""0056"", ""grammar"": ""short"", ""marker_hex"": """", ""tx_can_id_hex"": ""0056C82D"", ""tx_data_hex"": ""01 00 00 2D C8"", ""tx_ok"": 1, ""pre_window_frames"": 107, ""post_window_frames"": 147, ""candidate_frames"": 0, ""candidate_families"": """", ""candidate_ids"": """", ""candidate_payloads"": """", ""first_candidate_latency_ms"": """", ""last_candidate_latency_ms"": """", ""active_001f_seen"": 0, ""response_103c_seen"": 0, ""operator_result"": """", ""notes"": """"}"
2026-09-30T07:18:25.637Z,106875.0,probe_00083_family_0057,phase_started,probe_00083_family_0057
2026-09-30T07:18:26.243Z,107484.0,probe_00083_family_0057,probe_completed,"{""utc"": ""2026-09-30T07:18:26.243Z"", ""probe_index"": 83, ""probe_family_hex"": ""0057"", ""grammar"": ""short"", ""marker_hex"": """", ""tx_can_id_hex"": ""0057C82D"", ""tx_data_hex"": ""01 00 00 2D C8"", ""tx_ok"": 1, ""pre_window_frames"": 108, ""post_window_frames"": 147, ""candidate_frames"": 0, ""candidate_families"": """", ""candidate_ids"": """", ""candidate_payloads"": """", ""first_candidate_latency_ms"": """", ""last_candidate_latency_ms"": """", ""active_001f_seen"": 0, ""response_103c_seen"": 0, ""operator_result"": """", ""notes"": """"}"
2026-09-30T07:18:26.652Z,107890.0,probe_00084_family_0058,phase_started,probe_00084_family_0058
2026-09-30T07:18:27.258Z,108500.0,probe_00084_family_0058,probe_completed,"{""utc"": ""2026-09-30T07:18:27.258Z"", ""probe_index"": 84, ""probe_family_hex"": ""0058"", ""grammar"": ""short"", ""marker_hex"": """", ""tx_can_id_hex"": ""0058C82D"", ""tx_data_hex"": ""01 00 00 2D C8"", ""tx_ok"": 1, ""pre_window_frames"": 108, ""post_window_frames"": 145, ""candidate_frames"": 0, ""candidate_families"": """", ""candidate_ids"": """", ""candidate_payloads"": """", ""first_candidate_latency_ms"": """", ""last_candidate_latency_ms"": """", ""active_001f_seen"": 0, ""response_103c_seen"": 0, ""operator_result"": """", ""notes"": """"}"
2026-09-30T07:18:27.664Z,108906.0,probe_00085_family_0059,phase_started,probe_00085_family_0059
2026-09-30T07:18:28.273Z,109515.0,probe_00085_family_0059,probe_completed,"{""utc"": ""2026-09-30T07:18:28.273Z"", ""probe_index"": 85, ""probe_family_hex"": ""0059"", ""grammar"": ""short"", ""marker_hex"": """", ""tx_can_id_hex"": ""0059C82D"", ""tx_data_hex"": ""01 00 00 2D C8"", ""tx_ok"": 1, ""pre_window_frames"": 107, ""post_window_frames"": 145, ""candidate_frames"": 0, ""candidate_families"": """", ""candidate_ids"": """", ""candidate_payloads"": """", ""first_candidate_latency_ms"": """", ""last_candidate_latency_ms"": """", ""active_001f_seen"": 0, ""response_103c_seen"": 0, ""operator_result"": """", ""notes"": """"}"
2026-09-30T07:18:28.684Z,109921.0,probe_00086_family_005A,phase_started,probe_00086_family_005A
2026-09-30T07:18:29.291Z,110531.0,probe_00086_family_005A,probe_completed,"{""utc"": ""2026-09-30T07:18:29.291Z"", ""probe_index"": 86, ""probe_family_hex"": ""005A"", ""grammar"": ""short"", ""marker_hex"": """", ""tx_can_id_hex"": ""005AC82D"", ""tx_data_hex"": ""01 00 00 2D C8"", ""tx_ok"": 1, ""pre_window_frames"": 107, ""post_window_frames"": 145, ""candidate_frames"": 0, ""candidate_families"": """", ""candidate_ids"": """", ""candidate_payloads"": """", ""first_candidate_latency_ms"": """", ""last_candidate_latency_ms"": """", ""active_001f_seen"": 0, ""response_103c_seen"": 0, ""operator_result"": """", ""notes"": """"}"
2026-09-30T07:18:29.700Z,110937.0,probe_00087_family_005B,phase_started,probe_00087_family_005B
2026-09-30T07:18:30.307Z,111546.0,probe_00087_family_005B,probe_completed,"{""utc"": ""2026-09-30T07:18:30.307Z"", ""probe_index"": 87, ""probe_family_hex"": ""005B"", ""grammar"": ""short"", ""marker_hex"": """", ""tx_can_id_hex"": ""005BC82D"", ""tx_data_hex"": ""01 00 00 2D C8"", ""tx_ok"": 1, ""pre_window_frames"": 107, ""post_window_frames"": 145, ""candidate_frames"": 0, ""candidate_families"": """", ""candidate_ids"": """", ""candidate_payloads"": """", ""first_candidate_latency_ms"": """", ""last_candidate_latency_ms"": """", ""active_001f_seen"": 0, ""response_103c_seen"": 0, ""operator_result"": """", ""notes"": """"}"
2026-09-30T07:18:30.712Z,111953.0,probe_00088_family_005C,phase_started,probe_00088_family_005C
2026-09-30T07:18:31.326Z,112562.0,probe_00088_family_005C,probe_completed,"{""utc"": ""2026-09-30T07:18:31.325Z"", ""probe_index"": 88, ""probe_family_hex"": ""005C"", ""grammar"": ""short"", ""marker_hex"": """", ""tx_can_id_hex"": ""005CC82D"", ""tx_data_hex"": ""01 00 00 2D C8"", ""tx_ok"": 1, ""pre_window_frames"": 107, ""post_window_frames"": 147, ""candidate_frames"": 0, ""candidate_families"": """", ""candidate_ids"": """", ""candidate_payloads"": """", ""first_candidate_latency_ms"": """", ""last_candidate_latency_ms"": """", ""active_001f_seen"": 0, ""response_103c_seen"": 0, ""operator_result"": """", ""notes"": """"}"
2026-09-30T07:18:31.725Z,112968.0,probe_00089_family_005D,phase_started,probe_00089_family_005D
2026-09-30T07:18:32.339Z,113578.0,probe_00089_family_005D,probe_completed,"{""utc"": ""2026-09-30T07:18:32.339Z"", ""probe_index"": 89, ""probe_family_hex"": ""005D"", ""grammar"": ""short"", ""marker_hex"": """", ""tx_can_id_hex"": ""005DC82D"", ""tx_data_hex"": ""01 00 00 2D C8"", ""tx_ok"": 1, ""pre_window_frames"": 107, ""post_window_frames"": 147, ""candidate_frames"": 0, ""candidate_families"": """", ""candidate_ids"": """", ""candidate_payloads"": """", ""first_candidate_latency_ms"": """", ""last_candidate_latency_ms"": """", ""active_001f_seen"": 0, ""response_103c_seen"": 0, ""operator_result"": """", ""notes"": """"}"
2026-09-30T07:18:32.747Z,113984.0,probe_00090_family_005E,phase_started,probe_00090_family_005E
2026-09-30T07:18:33.355Z,114593.0,probe_00090_family_005E,probe_completed,"{""utc"": ""2026-09-30T07:18:33.355Z"", ""probe_index"": 90, ""probe_family_hex"": ""005E"", ""grammar"": ""short"", ""marker_hex"": """", ""tx_can_id_hex"": ""005EC82D"", ""tx_data_hex"": ""01 00 00 2D C8"", ""tx_ok"": 1, ""pre_window_frames"": 107, ""post_window_frames"": 147, ""candidate_frames"": 0, ""candidate_families"": """", ""candidate_ids"": """", ""candidate_payloads"": """", ""first_candidate_latency_ms"": """", ""last_candidate_latency_ms"": """", ""active_001f_seen"": 0, ""response_103c_seen"": 0, ""operator_result"": """", ""notes"": """"}"
2026-09-30T07:18:33.763Z,115000.0,probe_00091_family_005F,phase_started,probe_00091_family_005F
2026-09-30T07:18:34.366Z,115609.0,probe_00091_family_005F,probe_completed,"{""utc"": ""2026-09-30T07:18:34.366Z"", ""probe_index"": 91, ""probe_family_hex"": ""005F"", ""grammar"": ""short"", ""marker_hex"": """", ""tx_can_id_hex"": ""005FC82D"", ""tx_data_hex"": ""01 00 00 2D C8"", ""tx_ok"": 1, ""pre_window_frames"": 107, ""post_window_frames"": 143, ""candidate_frames"": 0, ""candidate_families"": """", ""candidate_ids"": """", ""candidate_payloads"": """", ""first_candidate_latency_ms"": """", ""last_candidate_latency_ms"": """", ""active_001f_seen"": 0, ""response_103c_seen"": 0, ""operator_result"": """", ""notes"": """"}"
2026-09-30T07:18:34.774Z,116015.0,probe_00092_family_0060,phase_started,probe_00092_family_0060
2026-09-30T07:18:35.388Z,116625.0,probe_00092_family_0060,probe_completed,"{""utc"": ""2026-09-30T07:18:35.387Z"", ""probe_index"": 92, ""probe_family_hex"": ""0060"", ""grammar"": ""short"", ""marker_hex"": """", ""tx_can_id_hex"": ""0060C82D"", ""tx_data_hex"": ""01 00 00 2D C8"", ""tx_ok"": 1, ""pre_window_frames"": 107, ""post_window_frames"": 147, ""candidate_frames"": 0, ""candidate_families"": """", ""candidate_ids"": """", ""candidate_payloads"": """", ""first_candidate_latency_ms"": """", ""last_candidate_latency_ms"": """", ""active_001f_seen"": 0, ""response_103c_seen"": 0, ""operator_result"": """", ""notes"": """"}"
2026-09-30T07:18:35.798Z,117031.0,probe_00093_family_0061,phase_started,probe_00093_family_0061
2026-09-30T07:18:36.400Z,117640.0,probe_00093_family_0061,probe_completed,"{""utc"": ""2026-09-30T07:18:36.400Z"", ""probe_index"": 93, ""probe_family_hex"": ""0061"", ""grammar"": ""short"", ""marker_hex"": """", ""tx_can_id_hex"": ""0061C82D"", ""tx_data_hex"": ""01 00 00 2D C8"", ""tx_ok"": 1, ""pre_window_frames"": 107, ""post_window_frames"": 145, ""candidate_frames"": 0, ""candidate_families"": """", ""candidate_ids"": """", ""candidate_payloads"": """", ""first_candidate_latency_ms"": """", ""last_candidate_latency_ms"": """", ""active_001f_seen"": 0, ""response_103c_seen"": 0, ""operator_result"": """", ""notes"": """"}"
2026-09-30T07:18:36.806Z,118046.0,probe_00094_family_0062,phase_started,probe_00094_family_0062
2026-09-30T07:18:37.415Z,118656.0,probe_00094_family_0062,probe_completed,"{""utc"": ""2026-09-30T07:18:37.415Z"", ""probe_index"": 94, ""probe_family_hex"": ""0062"", ""grammar"": ""short"", ""marker_hex"": """", ""tx_can_id_hex"": ""0062C82D"", ""tx_data_hex"": ""01 00 00 2D C8"", ""tx_ok"": 1, ""pre_window_frames"": 107, ""post_window_frames"": 145, ""candidate_frames"": 0, ""candidate_families"": """", ""candidate_ids"": """", ""candidate_payloads"": """", ""first_candidate_latency_ms"": """", ""last_candidate_latency_ms"": """", ""active_001f_seen"": 0, ""response_103c_seen"": 0, ""operator_result"": """", ""notes"": """"}"
2026-09-30T07:18:37.821Z,119062.0,probe_00095_family_0063,phase_started,probe_00095_family_0063
2026-09-30T07:18:38.431Z,119671.0,probe_00095_family_0063,probe_completed,"{""utc"": ""2026-09-30T07:18:38.431Z"", ""probe_index"": 95, ""probe_family_hex"": ""0063"", ""grammar"": ""short"", ""marker_hex"": """", ""tx_can_id_hex"": ""0063C82D"", ""tx_data_hex"": ""01 00 00 2D C8"", ""tx_ok"": 1, ""pre_window_frames"": 107, ""post_window_frames"": 146, ""candidate_frames"": 0, ""candidate_families"": """", ""candidate_ids"": """", ""candidate_payloads"": """", ""first_candidate_latency_ms"": """", ""last_candidate_latency_ms"": """", ""active_001f_seen"": 0, ""response_103c_seen"": 0, ""operator_result"": """", ""notes"": """"}"
2026-09-30T07:18:38.839Z,120078.0,probe_00096_family_0064,phase_started,probe_00096_family_0064
2026-09-30T07:18:39.446Z,120687.0,probe_00096_family_0064,probe_completed,"{""utc"": ""2026-09-30T07:18:39.446Z"", ""probe_index"": 96, ""probe_family_hex"": ""0064"", ""grammar"": ""short"", ""marker_hex"": """", ""tx_can_id_hex"": ""0064C82D"", ""tx_data_hex"": ""01 00 00 2D C8"", ""tx_ok"": 1, ""pre_window_frames"": 107, ""post_window_frames"": 145, ""candidate_frames"": 0, ""candidate_families"": """", ""candidate_ids"": """", ""candidate_payloads"": """", ""first_candidate_latency_ms"": """", ""last_candidate_latency_ms"": """", ""active_001f_seen"": 0, ""response_103c_seen"": 0, ""operator_result"": """", ""notes"": """"}"
2026-09-30T07:18:39.852Z,121093.0,probe_00097_family_0065,phase_started,probe_00097_family_0065
2026-09-30T07:18:40.465Z,121703.0,probe_00097_family_0065,probe_completed,"{""utc"": ""2026-09-30T07:18:40.465Z"", ""probe_index"": 97, ""probe_family_hex"": ""0065"", ""grammar"": ""short"", ""marker_hex"": """", ""tx_can_id_hex"": ""0065C82D"", ""tx_data_hex"": ""01 00 00 2D C8"", ""tx_ok"": 1, ""pre_window_frames"": 108, ""post_window_frames"": 147, ""candidate_frames"": 0, ""candidate_families"": """", ""candidate_ids"": """", ""candidate_payloads"": """", ""first_candidate_latency_ms"": """", ""last_candidate_latency_ms"": """", ""active_001f_seen"": 0, ""response_103c_seen"": 0, ""operator_result"": """", ""notes"": """"}"
2026-09-30T07:18:40.873Z,122109.0,probe_00098_family_0066,phase_started,probe_00098_family_0066
2026-09-30T07:18:41.481Z,122718.0,probe_00098_family_0066,probe_completed,"{""utc"": ""2026-09-30T07:18:41.481Z"", ""probe_index"": 98, ""probe_family_hex"": ""0066"", ""grammar"": ""short"", ""marker_hex"": """", ""tx_can_id_hex"": ""0066C82D"", ""tx_data_hex"": ""01 00 00 2D C8"", ""tx_ok"": 1, ""pre_window_frames"": 107, ""post_window_frames"": 145, ""candidate_frames"": 0, ""candidate_families"": """", ""candidate_ids"": """", ""candidate_payloads"": """", ""first_candidate_latency_ms"": """", ""last_candidate_latency_ms"": """", ""active_001f_seen"": 0, ""response_103c_seen"": 0, ""operator_result"": """", ""notes"": """"}"
2026-09-30T07:18:41.887Z,123125.0,probe_00099_family_0067,phase_started,probe_00099_family_0067
2026-09-30T07:18:42.495Z,123734.0,probe_00099_family_0067,probe_completed,"{""utc"": ""2026-09-30T07:18:42.495Z"", ""probe_index"": 99, ""probe_family_hex"": ""0067"", ""grammar"": ""short"", ""marker_hex"": """", ""tx_can_id_hex"": ""0067C82D"", ""tx_data_hex"": ""01 00 00 2D C8"", ""tx_ok"": 1, ""pre_window_frames"": 107, ""post_window_frames"": 145, ""candidate_frames"": 0, ""candidate_families"": """", ""candidate_ids"": """", ""candidate_payloads"": """", ""first_candidate_latency_ms"": """", ""last_candidate_latency_ms"": """", ""active_001f_seen"": 0, ""response_103c_seen"": 0, ""operator_result"": """", ""notes"": """"}"
2026-09-30T07:18:42.902Z,124140.0,probe_00100_family_0068,phase_started,probe_00100_family_0068
2026-09-30T07:18:43.510Z,124750.0,probe_00100_family_0068,probe_completed,"{""utc"": ""2026-09-30T07:18:43.510Z"", ""probe_index"": 100, ""probe_family_hex"": ""0068"", ""grammar"": ""short"", ""marker_hex"": """", ""tx_can_id_hex"": ""0068C82D"", ""tx_data_hex"": ""01 00 00 2D C8"", ""tx_ok"": 1, ""pre_window_frames"": 107, ""post_window_frames"": 145, ""candidate_frames"": 0, ""candidate_families"": """", ""candidate_ids"": """", ""candidate_payloads"": """", ""first_candidate_latency_ms"": """", ""last_candidate_latency_ms"": """", ""active_001f_seen"": 0, ""response_103c_seen"": 0, ""operator_result"": """", ""notes"": """"}"
2026-09-30T07:18:43.920Z,125156.0,probe_00101_family_0069,phase_started,probe_00101_family_0069
2026-09-30T07:18:44.527Z,125765.0,probe_00101_family_0069,probe_completed,"{""utc"": ""2026-09-30T07:18:44.527Z"", ""probe_index"": 101, ""probe_family_hex"": ""0069"", ""grammar"": ""short"", ""marker_hex"": """", ""tx_can_id_hex"": ""0069C82D"", ""tx_data_hex"": ""01 00 00 2D C8"", ""tx_ok"": 1, ""pre_window_frames"": 107, ""post_window_frames"": 147, ""candidate_frames"": 0, ""candidate_families"": """", ""candidate_ids"": """", ""candidate_payloads"": """", ""first_candidate_latency_ms"": """", ""last_candidate_latency_ms"": """", ""active_001f_seen"": 0, ""response_103c_seen"": 0, ""operator_result"": """", ""notes"": """"}"
2026-09-30T07:18:44.933Z,126171.0,probe_00102_family_006A,phase_started,probe_00102_family_006A
2026-09-30T07:18:45.544Z,126781.0,probe_00102_family_006A,probe_completed,"{""utc"": ""2026-09-30T07:18:45.544Z"", ""probe_index"": 102, ""probe_family_hex"": ""006A"", ""grammar"": ""short"", ""marker_hex"": """", ""tx_can_id_hex"": ""006AC82D"", ""tx_data_hex"": ""01 00 00 2D C8"", ""tx_ok"": 1, ""pre_window_frames"": 107, ""post_window_frames"": 147, ""candidate_frames"": 0, ""candidate_families"": """", ""candidate_ids"": """", ""candidate_payloads"": """", ""first_candidate_latency_ms"": """", ""last_candidate_latency_ms"": """", ""active_001f_seen"": 0, ""response_103c_seen"": 0, ""operator_result"": """", ""notes"": """"}"
2026-09-30T07:18:45.952Z,127187.0,probe_00103_family_006B,phase_started,probe_00103_family_006B
2026-09-30T07:18:46.558Z,127796.0,probe_00103_family_006B,probe_completed,"{""utc"": ""2026-09-30T07:18:46.558Z"", ""probe_index"": 103, ""probe_family_hex"": ""006B"", ""grammar"": ""short"", ""marker_hex"": """", ""tx_can_id_hex"": ""006BC82D"", ""tx_data_hex"": ""01 00 00 2D C8"", ""tx_ok"": 1, ""pre_window_frames"": 109, ""post_window_frames"": 147, ""candidate_frames"": 0, ""candidate_families"": """", ""candidate_ids"": """", ""candidate_payloads"": """", ""first_candidate_latency_ms"": """", ""last_candidate_latency_ms"": """", ""active_001f_seen"": 0, ""response_103c_seen"": 0, ""operator_result"": """", ""notes"": """"}"
2026-09-30T07:18:46.964Z,128203.0,probe_00104_family_006C,phase_started,probe_00104_family_006C
2026-09-30T07:18:47.572Z,128812.0,probe_00104_family_006C,probe_completed,"{""utc"": ""2026-09-30T07:18:47.572Z"", ""probe_index"": 104, ""probe_family_hex"": ""006C"", ""grammar"": ""short"", ""marker_hex"": """", ""tx_can_id_hex"": ""006CC82D"", ""tx_data_hex"": ""01 00 00 2D C8"", ""tx_ok"": 1, ""pre_window_frames"": 107, ""post_window_frames"": 147, ""candidate_frames"": 0, ""candidate_families"": """", ""candidate_ids"": """", ""candidate_payloads"": """", ""first_candidate_latency_ms"": """", ""last_candidate_latency_ms"": """", ""active_001f_seen"": 0, ""response_103c_seen"": 0, ""operator_result"": """", ""notes"": """"}"
2026-09-30T07:18:47.979Z,129218.0,probe_00105_family_006D,phase_started,probe_00105_family_006D
2026-09-30T07:18:48.586Z,129828.0,probe_00105_family_006D,probe_completed,"{""utc"": ""2026-09-30T07:18:48.585Z"", ""probe_index"": 105, ""probe_family_hex"": ""006D"", ""grammar"": ""short"", ""marker_hex"": """", ""tx_can_id_hex"": ""006DC82D"", ""tx_data_hex"": ""01 00 00 2D C8"", ""tx_ok"": 1, ""pre_window_frames"": 107, ""post_window_frames"": 145, ""candidate_frames"": 0, ""candidate_families"": """", ""candidate_ids"": """", ""candidate_payloads"": """", ""first_candidate_latency_ms"": """", ""last_candidate_latency_ms"": """", ""active_001f_seen"": 0, ""response_103c_seen"": 0, ""operator_result"": """", ""notes"": """"}"
2026-09-30T07:18:48.993Z,130234.0,probe_00106_family_006E,phase_started,probe_00106_family_006E
2026-09-30T07:18:49.606Z,130843.0,probe_00106_family_006E,probe_completed,"{""utc"": ""2026-09-30T07:18:49.606Z"", ""probe_index"": 106, ""probe_family_hex"": ""006E"", ""grammar"": ""short"", ""marker_hex"": """", ""tx_can_id_hex"": ""006EC82D"", ""tx_data_hex"": ""01 00 00 2D C8"", ""tx_ok"": 1, ""pre_window_frames"": 107, ""post_window_frames"": 147, ""candidate_frames"": 0, ""candidate_families"": """", ""candidate_ids"": """", ""candidate_payloads"": """", ""first_candidate_latency_ms"": """", ""last_candidate_latency_ms"": """", ""active_001f_seen"": 0, ""response_103c_seen"": 0, ""operator_result"": """", ""notes"": """"}"
2026-09-30T07:18:50.014Z,131250.0,probe_00107_family_006F,phase_started,probe_00107_family_006F
2026-09-30T07:18:50.624Z,131859.0,probe_00107_family_006F,probe_completed,"{""utc"": ""2026-09-30T07:18:50.624Z"", ""probe_index"": 107, ""probe_family_hex"": ""006F"", ""grammar"": ""short"", ""marker_hex"": """", ""tx_can_id_hex"": ""006FC82D"", ""tx_data_hex"": ""01 00 00 2D C8"", ""tx_ok"": 1, ""pre_window_frames"": 107, ""post_window_frames"": 147, ""candidate_frames"": 0, ""candidate_families"": """", ""candidate_ids"": """", ""candidate_payloads"": """", ""first_candidate_latency_ms"": """", ""last_candidate_latency_ms"": """", ""active_001f_seen"": 0, ""response_103c_seen"": 0, ""operator_result"": """", ""notes"": """"}"
2026-09-30T07:18:51.022Z,132265.0,probe_00108_family_0070,phase_started,probe_00108_family_0070
2026-09-30T07:18:51.638Z,132875.0,probe_00108_family_0070,probe_completed,"{""utc"": ""2026-09-30T07:18:51.638Z"", ""probe_index"": 108, ""probe_family_hex"": ""0070"", ""grammar"": ""short"", ""marker_hex"": """", ""tx_can_id_hex"": ""0070C82D"", ""tx_data_hex"": ""01 00 00 2D C8"", ""tx_ok"": 1, ""pre_window_frames"": 107, ""post_window_frames"": 147, ""candidate_frames"": 0, ""candidate_families"": """", ""candidate_ids"": """", ""candidate_payloads"": """", ""first_candidate_latency_ms"": """", ""last_candidate_latency_ms"": """", ""active_001f_seen"": 0, ""response_103c_seen"": 0, ""operator_result"": """", ""notes"": """"}"
2026-09-30T07:18:52.039Z,133281.0,probe_00109_family_0071,phase_started,probe_00109_family_0071
2026-09-30T07:18:52.655Z,133890.0,probe_00109_family_0071,probe_completed,"{""utc"": ""2026-09-30T07:18:52.655Z"", ""probe_index"": 109, ""probe_family_hex"": ""0071"", ""grammar"": ""short"", ""marker_hex"": """", ""tx_can_id_hex"": ""0071C82D"", ""tx_data_hex"": ""01 00 00 2D C8"", ""tx_ok"": 1, ""pre_window_frames"": 107, ""post_window_frames"": 147, ""candidate_frames"": 0, ""candidate_families"": """", ""candidate_ids"": """", ""candidate_payloads"": """", ""first_candidate_latency_ms"": """", ""last_candidate_latency_ms"": """", ""active_001f_seen"": 0, ""response_103c_seen"": 0, ""operator_result"": """", ""notes"": """"}"
2026-09-30T07:18:53.054Z,134296.0,probe_00110_family_0072,phase_started,probe_00110_family_0072
2026-09-30T07:18:53.667Z,134906.0,probe_00110_family_0072,probe_completed,"{""utc"": ""2026-09-30T07:18:53.667Z"", ""probe_index"": 110, ""probe_family_hex"": ""0072"", ""grammar"": ""short"", ""marker_hex"": """", ""tx_can_id_hex"": ""0072C82D"", ""tx_data_hex"": ""01 00 00 2D C8"", ""tx_ok"": 1, ""pre_window_frames"": 107, ""post_window_frames"": 147, ""candidate_frames"": 0, ""candidate_families"": """", ""candidate_ids"": """", ""candidate_payloads"": """", ""first_candidate_latency_ms"": """", ""last_candidate_latency_ms"": """", ""active_001f_seen"": 0, ""response_103c_seen"": 0, ""operator_result"": """", ""notes"": """"}"
2026-09-30T07:18:54.076Z,135312.0,probe_00111_family_0073,phase_started,probe_00111_family_0073
2026-09-30T07:18:54.685Z,135921.0,probe_00111_family_0073,probe_completed,"{""utc"": ""2026-09-30T07:18:54.685Z"", ""probe_index"": 111, ""probe_family_hex"": ""0073"", ""grammar"": ""short"", ""marker_hex"": """", ""tx_can_id_hex"": ""0073C82D"", ""tx_data_hex"": ""01 00 00 2D C8"", ""tx_ok"": 1, ""pre_window_frames"": 107, ""post_window_frames"": 145, ""candidate_frames"": 0, ""candidate_families"": """", ""candidate_ids"": """", ""candidate_payloads"": """", ""first_candidate_latency_ms"": """", ""last_candidate_latency_ms"": """", ""active_001f_seen"": 0, ""response_103c_seen"": 0, ""operator_result"": """", ""notes"": """"}"
2026-09-30T07:18:55.090Z,136328.0,probe_00112_family_0074,phase_started,probe_00112_family_0074
2026-09-30T07:18:55.697Z,136937.0,probe_00112_family_0074,probe_completed,"{""utc"": ""2026-09-30T07:18:55.697Z"", ""probe_index"": 112, ""probe_family_hex"": ""0074"", ""grammar"": ""short"", ""marker_hex"": """", ""tx_can_id_hex"": ""0074C82D"", ""tx_data_hex"": ""01 00 00 2D C8"", ""tx_ok"": 1, ""pre_window_frames"": 107, ""post_window_frames"": 145, ""candidate_frames"": 0, ""candidate_families"": """", ""candidate_ids"": """", ""candidate_payloads"": """", ""first_candidate_latency_ms"": """", ""last_candidate_latency_ms"": """", ""active_001f_seen"": 0, ""response_103c_seen"": 0, ""operator_result"": """", ""notes"": """"}"
2026-09-30T07:18:56.105Z,137343.0,probe_00113_family_0075,phase_started,probe_00113_family_0075
2026-09-30T07:18:56.712Z,137953.0,probe_00113_family_0075,probe_completed,"{""utc"": ""2026-09-30T07:18:56.712Z"", ""probe_index"": 113, ""probe_family_hex"": ""0075"", ""grammar"": ""short"", ""marker_hex"": """", ""tx_can_id_hex"": ""0075C82D"", ""tx_data_hex"": ""01 00 00 2D C8"", ""tx_ok"": 1, ""pre_window_frames"": 107, ""post_window_frames"": 145, ""candidate_frames"": 0, ""candidate_families"": """", ""candidate_ids"": """", ""candidate_payloads"": """", ""first_candidate_latency_ms"": """", ""last_candidate_latency_ms"": """", ""active_001f_seen"": 0, ""response_103c_seen"": 0, ""operator_result"": """", ""notes"": """"}"
2026-09-30T07:18:57.121Z,138359.0,probe_00114_family_0076,phase_started,probe_00114_family_0076
2026-09-30T07:18:57.730Z,138968.0,probe_00114_family_0076,probe_completed,"{""utc"": ""2026-09-30T07:18:57.730Z"", ""probe_index"": 114, ""probe_family_hex"": ""0076"", ""grammar"": ""short"", ""marker_hex"": """", ""tx_can_id_hex"": ""0076C82D"", ""tx_data_hex"": ""01 00 00 2D C8"", ""tx_ok"": 1, ""pre_window_frames"": 107, ""post_window_frames"": 145, ""candidate_frames"": 0, ""candidate_families"": """", ""candidate_ids"": """", ""candidate_payloads"": """", ""first_candidate_latency_ms"": """", ""last_candidate_latency_ms"": """", ""active_001f_seen"": 0, ""response_103c_seen"": 0, ""operator_result"": """", ""notes"": """"}"
2026-09-30T07:18:58.138Z,139375.0,probe_00115_family_0077,phase_started,probe_00115_family_0077
2026-09-30T07:18:58.746Z,139984.0,probe_00115_family_0077,probe_completed,"{""utc"": ""2026-09-30T07:18:58.746Z"", ""probe_index"": 115, ""probe_family_hex"": ""0077"", ""grammar"": ""short"", ""marker_hex"": """", ""tx_can_id_hex"": ""0077C82D"", ""tx_data_hex"": ""01 00 00 2D C8"", ""tx_ok"": 1, ""pre_window_frames"": 107, ""post_window_frames"": 147, ""candidate_frames"": 0, ""candidate_families"": """", ""candidate_ids"": """", ""candidate_payloads"": """", ""first_candidate_latency_ms"": """", ""last_candidate_latency_ms"": """", ""active_001f_seen"": 0, ""response_103c_seen"": 0, ""operator_result"": """", ""notes"": """"}"
2026-09-30T07:18:59.153Z,140390.0,probe_00116_family_0078,phase_started,probe_00116_family_0078
2026-09-30T07:18:59.762Z,141000.0,probe_00116_family_0078,probe_completed,"{""utc"": ""2026-09-30T07:18:59.762Z"", ""probe_index"": 116, ""probe_family_hex"": ""0078"", ""grammar"": ""short"", ""marker_hex"": """", ""tx_can_id_hex"": ""0078C82D"", ""tx_data_hex"": ""01 00 00 2D C8"", ""tx_ok"": 1, ""pre_window_frames"": 107, ""post_window_frames"": 147, ""candidate_frames"": 0, ""candidate_families"": """", ""candidate_ids"": """", ""candidate_payloads"": """", ""first_candidate_latency_ms"": """", ""last_candidate_latency_ms"": """", ""active_001f_seen"": 0, ""response_103c_seen"": 0, ""operator_result"": """", ""notes"": """"}"
2026-09-30T07:19:00.169Z,141406.0,probe_00117_family_0079,phase_started,probe_00117_family_0079
2026-09-30T07:19:00.778Z,142015.0,probe_00117_family_0079,probe_completed,"{""utc"": ""2026-09-30T07:19:00.778Z"", ""probe_index"": 117, ""probe_family_hex"": ""0079"", ""grammar"": ""short"", ""marker_hex"": """", ""tx_can_id_hex"": ""0079C82D"", ""tx_data_hex"": ""01 00 00 2D C8"", ""tx_ok"": 1, ""pre_window_frames"": 107, ""post_window_frames"": 147, ""candidate_frames"": 0, ""candidate_families"": """", ""candidate_ids"": """", ""candidate_payloads"": """", ""first_candidate_latency_ms"": """", ""last_candidate_latency_ms"": """", ""active_001f_seen"": 0, ""response_103c_seen"": 0, ""operator_result"": """", ""notes"": """"}"
2026-09-30T07:19:01.184Z,142421.0,probe_00118_family_007A,phase_started,probe_00118_family_007A
2026-09-30T07:19:01.791Z,143031.0,probe_00118_family_007A,probe_completed,"{""utc"": ""2026-09-30T07:19:01.791Z"", ""probe_index"": 118, ""probe_family_hex"": ""007A"", ""grammar"": ""short"", ""marker_hex"": """", ""tx_can_id_hex"": ""007AC82D"", ""tx_data_hex"": ""01 00 00 2D C8"", ""tx_ok"": 1, ""pre_window_frames"": 107, ""post_window_frames"": 145, ""candidate_frames"": 0, ""candidate_families"": """", ""candidate_ids"": """", ""candidate_payloads"": """", ""first_candidate_latency_ms"": """", ""last_candidate_latency_ms"": """", ""active_001f_seen"": 0, ""response_103c_seen"": 0, ""operator_result"": """", ""notes"": """"}"
2026-09-30T07:19:02.199Z,143437.0,probe_00119_family_007B,phase_started,probe_00119_family_007B
2026-09-30T07:19:02.808Z,144046.0,probe_00119_family_007B,probe_completed,"{""utc"": ""2026-09-30T07:19:02.808Z"", ""probe_index"": 119, ""probe_family_hex"": ""007B"", ""grammar"": ""short"", ""marker_hex"": """", ""tx_can_id_hex"": ""007BC82D"", ""tx_data_hex"": ""01 00 00 2D C8"", ""tx_ok"": 1, ""pre_window_frames"": 107, ""post_window_frames"": 145, ""candidate_frames"": 0, ""candidate_families"": """", ""candidate_ids"": """", ""candidate_payloads"": """", ""first_candidate_latency_ms"": """", ""last_candidate_latency_ms"": """", ""active_001f_seen"": 0, ""response_103c_seen"": 0, ""operator_result"": """", ""notes"": """"}"
2026-09-30T07:19:03.215Z,144453.0,probe_00120_family_007C,phase_started,probe_00120_family_007C
2026-09-30T07:19:03.824Z,145062.0,probe_00120_family_007C,probe_completed,"{""utc"": ""2026-09-30T07:19:03.824Z"", ""probe_index"": 120, ""probe_family_hex"": ""007C"", ""grammar"": ""short"", ""marker_hex"": """", ""tx_can_id_hex"": ""007CC82D"", ""tx_data_hex"": ""01 00 00 2D C8"", ""tx_ok"": 1, ""pre_window_frames"": 107, ""post_window_frames"": 145, ""candidate_frames"": 0, ""candidate_families"": """", ""candidate_ids"": """", ""candidate_payloads"": """", ""first_candidate_latency_ms"": """", ""last_candidate_latency_ms"": """", ""active_001f_seen"": 0, ""response_103c_seen"": 0, ""operator_result"": """", ""notes"": """"}"
2026-09-30T07:19:04.230Z,145468.0,probe_00121_family_007D,phase_started,probe_00121_family_007D
2026-09-30T07:19:04.838Z,146078.0,probe_00121_family_007D,probe_completed,"{""utc"": ""2026-09-30T07:19:04.838Z"", ""probe_index"": 121, ""probe_family_hex"": ""007D"", ""grammar"": ""short"", ""marker_hex"": """", ""tx_can_id_hex"": ""007DC82D"", ""tx_data_hex"": ""01 00 00 2D C8"", ""tx_ok"": 1, ""pre_window_frames"": 107, ""post_window_frames"": 145, ""candidate_frames"": 0, ""candidate_families"": """", ""candidate_ids"": """", ""candidate_payloads"": """", ""first_candidate_latency_ms"": """", ""last_candidate_latency_ms"": """", ""active_001f_seen"": 0, ""response_103c_seen"": 0, ""operator_result"": """", ""notes"": """"}"
2026-09-30T07:19:05.248Z,146484.0,probe_00122_family_007E,phase_started,probe_00122_family_007E
2026-09-30T07:19:05.854Z,147093.0,probe_00122_family_007E,probe_completed,"{""utc"": ""2026-09-30T07:19:05.854Z"", ""probe_index"": 122, ""probe_family_hex"": ""007E"", ""grammar"": ""short"", ""marker_hex"": """", ""tx_can_id_hex"": ""007EC82D"", ""tx_data_hex"": ""01 00 00 2D C8"", ""tx_ok"": 1, ""pre_window_frames"": 107, ""post_window_frames"": 145, ""candidate_frames"": 0, ""candidate_families"": """", ""candidate_ids"": """", ""candidate_payloads"": """", ""first_candidate_latency_ms"": """", ""last_candidate_latency_ms"": """", ""active_001f_seen"": 0, ""response_103c_seen"": 0, ""operator_result"": """", ""notes"": """"}"
2026-09-30T07:19:06.261Z,147500.0,probe_00123_family_007F,phase_started,probe_00123_family_007F
2026-09-30T07:19:06.869Z,148109.0,probe_00123_family_007F,probe_completed,"{""utc"": ""2026-09-30T07:19:06.869Z"", ""probe_index"": 123, ""probe_family_hex"": ""007F"", ""grammar"": ""short"", ""marker_hex"": """", ""tx_can_id_hex"": ""007FC82D"", ""tx_data_hex"": ""01 00 00 2D C8"", ""tx_ok"": 1, ""pre_window_frames"": 108, ""post_window_frames"": 145, ""candidate_frames"": 0, ""candidate_families"": """", ""candidate_ids"": """", ""candidate_payloads"": """", ""first_candidate_latency_ms"": """", ""last_candidate_latency_ms"": """", ""active_001f_seen"": 0, ""response_103c_seen"": 0, ""operator_result"": """", ""notes"": """"}"
2026-09-30T07:19:07.277Z,148515.0,probe_00124_family_0080,phase_started,probe_00124_family_0080
2026-09-30T07:19:07.888Z,149125.0,probe_00124_family_0080,probe_completed,"{""utc"": ""2026-09-30T07:19:07.888Z"", ""probe_index"": 124, ""probe_family_hex"": ""0080"", ""grammar"": ""short"", ""marker_hex"": """", ""tx_can_id_hex"": ""0080C82D"", ""tx_data_hex"": ""01 00 00 2D C8"", ""tx_ok"": 1, ""pre_window_frames"": 109, ""post_window_frames"": 147, ""candidate_frames"": 0, ""candidate_families"": """", ""candidate_ids"": """", ""candidate_payloads"": """", ""first_candidate_latency_ms"": """", ""last_candidate_latency_ms"": """", ""active_001f_seen"": 0, ""response_103c_seen"": 0, ""operator_result"": """", ""notes"": """"}"
2026-09-30T07:19:08.297Z,149531.0,probe_00125_family_0081,phase_started,probe_00125_family_0081
2026-09-30T07:19:08.899Z,150140.0,probe_00125_family_0081,probe_completed,"{""utc"": ""2026-09-30T07:19:08.899Z"", ""probe_index"": 125, ""probe_family_hex"": ""0081"", ""grammar"": ""short"", ""marker_hex"": """", ""tx_can_id_hex"": ""0081C82D"", ""tx_data_hex"": ""01 00 00 2D C8"", ""tx_ok"": 1, ""pre_window_frames"": 107, ""post_window_frames"": 144, ""candidate_frames"": 0, ""candidate_families"": """", ""candidate_ids"": """", ""candidate_payloads"": """", ""first_candidate_latency_ms"": """", ""last_candidate_latency_ms"": """", ""active_001f_seen"": 0, ""response_103c_seen"": 0, ""operator_result"": """", ""notes"": """"}"
2026-09-30T07:19:09.306Z,150546.0,probe_00126_family_0082,phase_started,probe_00126_family_0082
2026-09-30T07:19:09.918Z,151156.0,probe_00126_family_0082,probe_completed,"{""utc"": ""2026-09-30T07:19:09.918Z"", ""probe_index"": 126, ""probe_family_hex"": ""0082"", ""grammar"": ""short"", ""marker_hex"": """", ""tx_can_id_hex"": ""0082C82D"", ""tx_data_hex"": ""01 00 00 2D C8"", ""tx_ok"": 1, ""pre_window_frames"": 107, ""post_window_frames"": 145, ""candidate_frames"": 0, ""candidate_families"": """", ""candidate_ids"": """", ""candidate_payloads"": """", ""first_candidate_latency_ms"": """", ""last_candidate_latency_ms"": """", ""active_001f_seen"": 0, ""response_103c_seen"": 0, ""operator_result"": """", ""notes"": """"}"
2026-09-30T07:19:10.328Z,151562.0,probe_00127_family_0083,phase_started,probe_00127_family_0083
2026-09-30T07:19:10.936Z,152171.0,probe_00127_family_0083,probe_completed,"{""utc"": ""2026-09-30T07:19:10.935Z"", ""probe_index"": 127, ""probe_family_hex"": ""0083"", ""grammar"": ""short"", ""marker_hex"": """", ""tx_can_id_hex"": ""0083C82D"", ""tx_data_hex"": ""01 00 00 2D C8"", ""tx_ok"": 1, ""pre_window_frames"": 107, ""post_window_frames"": 147, ""candidate_frames"": 0, ""candidate_families"": """", ""candidate_ids"": """", ""candidate_payloads"": """", ""first_candidate_latency_ms"": """", ""last_candidate_latency_ms"": """", ""active_001f_seen"": 0, ""response_103c_seen"": 0, ""operator_result"": """", ""notes"": """"}"
2026-09-30T07:19:11.335Z,152578.0,probe_00128_family_0084,phase_started,probe_00128_family_0084
2026-09-30T07:19:11.951Z,153187.0,probe_00128_family_0084,probe_completed,"{""utc"": ""2026-09-30T07:19:11.951Z"", ""probe_index"": 128, ""probe_family_hex"": ""0084"", ""grammar"": ""short"", ""marker_hex"": """", ""tx_can_id_hex"": ""0084C82D"", ""tx_data_hex"": ""01 00 00 2D C8"", ""tx_ok"": 1, ""pre_window_frames"": 107, ""post_window_frames"": 147, ""candidate_frames"": 0, ""candidate_families"": """", ""candidate_ids"": """", ""candidate_payloads"": """", ""first_candidate_latency_ms"": """", ""last_candidate_latency_ms"": """", ""active_001f_seen"": 0, ""response_103c_seen"": 0, ""operator_result"": """", ""notes"": """"}"
2026-09-30T07:19:18.823Z,160062.0,probe_00129_family_0085,phase_started,probe_00129_family_0085
2026-09-30T07:19:19.438Z,160671.0,probe_00129_family_0085,probe_completed,"{""utc"": ""2026-09-30T07:19:19.438Z"", ""probe_index"": 129, ""probe_family_hex"": ""0085"", ""grammar"": ""short"", ""marker_hex"": """", ""tx_can_id_hex"": ""0085C82D"", ""tx_data_hex"": ""01 00 00 2D C8"", ""tx_ok"": 1, ""pre_window_frames"": 107, ""post_window_frames"": 147, ""candidate_frames"": 0, ""candidate_families"": """", ""candidate_ids"": """", ""candidate_payloads"": """", ""first_candidate_latency_ms"": """", ""last_candidate_latency_ms"": """", ""active_001f_seen"": 0, ""response_103c_seen"": 0, ""operator_result"": """", ""notes"": """"}"
2026-09-30T07:19:19.835Z,161078.0,probe_00130_family_0086,phase_started,probe_00130_family_0086
2026-09-30T07:19:20.452Z,161687.0,probe_00130_family_0086,probe_completed,"{""utc"": ""2026-09-30T07:19:20.452Z"", ""probe_index"": 130, ""probe_family_hex"": ""0086"", ""grammar"": ""short"", ""marker_hex"": """", ""tx_can_id_hex"": ""0086C82D"", ""tx_data_hex"": ""01 00 00 2D C8"", ""tx_ok"": 1, ""pre_window_frames"": 107, ""post_window_frames"": 147, ""candidate_frames"": 0, ""candidate_families"": """", ""candidate_ids"": """", ""candidate_payloads"": """", ""first_candidate_latency_ms"": """", ""last_candidate_latency_ms"": """", ""active_001f_seen"": 0, ""response_103c_seen"": 0, ""operator_result"": """", ""notes"": """"}"
2026-09-30T07:19:20.859Z,162093.0,probe_00131_family_0087,phase_started,probe_00131_family_0087
2026-09-30T07:19:21.467Z,162703.0,probe_00131_family_0087,probe_completed,"{""utc"": ""2026-09-30T07:19:21.467Z"", ""probe_index"": 131, ""probe_family_hex"": ""0087"", ""grammar"": ""short"", ""marker_hex"": """", ""tx_can_id_hex"": ""0087C82D"", ""tx_data_hex"": ""01 00 00 2D C8"", ""tx_ok"": 1, ""pre_window_frames"": 107, ""post_window_frames"": 145, ""candidate_frames"": 0, ""candidate_families"": """", ""candidate_ids"": """", ""candidate_payloads"": """", ""first_candidate_latency_ms"": """", ""last_candidate_latency_ms"": """", ""active_001f_seen"": 0, ""response_103c_seen"": 0, ""operator_result"": """", ""notes"": """"}"
2026-09-30T07:19:21.874Z,163109.0,probe_00132_family_0088,phase_started,probe_00132_family_0088
2026-09-30T07:19:22.484Z,163718.0,probe_00132_family_0088,probe_completed,"{""utc"": ""2026-09-30T07:19:22.484Z"", ""probe_index"": 132, ""probe_family_hex"": ""0088"", ""grammar"": ""short"", ""marker_hex"": """", ""tx_can_id_hex"": ""0088C82D"", ""tx_data_hex"": ""01 00 00 2D C8"", ""tx_ok"": 1, ""pre_window_frames"": 107, ""post_window_frames"": 147, ""candidate_frames"": 0, ""candidate_families"": """", ""candidate_ids"": """", ""candidate_payloads"": """", ""first_candidate_latency_ms"": """", ""last_candidate_latency_ms"": """", ""active_001f_seen"": 0, ""response_103c_seen"": 0, ""operator_result"": """", ""notes"": """"}"
2026-09-30T07:19:22.889Z,164125.0,probe_00133_family_0089,phase_started,probe_00133_family_0089
2026-09-30T07:19:23.495Z,164734.0,probe_00133_family_0089,probe_completed,"{""utc"": ""2026-09-30T07:19:23.495Z"", ""probe_index"": 133, ""probe_family_hex"": ""0089"", ""grammar"": ""short"", ""marker_hex"": """", ""tx_can_id_hex"": ""0089C82D"", ""tx_data_hex"": ""01 00 00 2D C8"", ""tx_ok"": 1, ""pre_window_frames"": 107, ""post_window_frames"": 145, ""candidate_frames"": 0, ""candidate_families"": """", ""candidate_ids"": """", ""candidate_payloads"": """", ""first_candidate_latency_ms"": """", ""last_candidate_latency_ms"": """", ""active_001f_seen"": 0, ""response_103c_seen"": 0, ""operator_result"": """", ""notes"": """"}"
2026-09-30T07:19:23.902Z,165140.0,probe_00134_family_008A,phase_started,probe_00134_family_008A
2026-09-30T07:19:24.511Z,165750.0,probe_00134_family_008A,probe_completed,"{""utc"": ""2026-09-30T07:19:24.511Z"", ""probe_index"": 134, ""probe_family_hex"": ""008A"", ""grammar"": ""short"", ""marker_hex"": """", ""tx_can_id_hex"": ""008AC82D"", ""tx_data_hex"": ""01 00 00 2D C8"", ""tx_ok"": 1, ""pre_window_frames"": 107, ""post_window_frames"": 145, ""candidate_frames"": 0, ""candidate_families"": """", ""candidate_ids"": """", ""candidate_payloads"": """", ""first_candidate_latency_ms"": """", ""last_candidate_latency_ms"": """", ""active_001f_seen"": 0, ""response_103c_seen"": 0, ""operator_result"": """", ""notes"": """"}"
2026-09-30T07:19:24.919Z,166156.0,probe_00135_family_008B,phase_started,probe_00135_family_008B
2026-09-30T07:19:25.531Z,166765.0,probe_00135_family_008B,probe_completed,"{""utc"": ""2026-09-30T07:19:25.531Z"", ""probe_index"": 135, ""probe_family_hex"": ""008B"", ""grammar"": ""short"", ""marker_hex"": """", ""tx_can_id_hex"": ""008BC82D"", ""tx_data_hex"": ""01 00 00 2D C8"", ""tx_ok"": 1, ""pre_window_frames"": 107, ""post_window_frames"": 147, ""candidate_frames"": 0, ""candidate_families"": """", ""candidate_ids"": """", ""candidate_payloads"": """", ""first_candidate_latency_ms"": """", ""last_candidate_latency_ms"": """", ""active_001f_seen"": 0, ""response_103c_seen"": 0, ""operator_result"": """", ""notes"": """"}"
2026-09-30T07:19:25.936Z,167171.0,probe_00136_family_008C,phase_started,probe_00136_family_008C
2026-09-30T07:19:26.544Z,167781.0,probe_00136_family_008C,probe_completed,"{""utc"": ""2026-09-30T07:19:26.544Z"", ""probe_index"": 136, ""probe_family_hex"": ""008C"", ""grammar"": ""short"", ""marker_hex"": """", ""tx_can_id_hex"": ""008CC82D"", ""tx_data_hex"": ""01 00 00 2D C8"", ""tx_ok"": 1, ""pre_window_frames"": 107, ""post_window_frames"": 147, ""candidate_frames"": 0, ""candidate_families"": """", ""candidate_ids"": """", ""candidate_payloads"": """", ""first_candidate_latency_ms"": """", ""last_candidate_latency_ms"": """", ""active_001f_seen"": 0, ""response_103c_seen"": 0, ""operator_result"": """", ""notes"": """"}"
2026-09-30T07:19:26.952Z,168187.0,probe_00137_family_008D,phase_started,probe_00137_family_008D
2026-09-30T07:19:27.562Z,168796.0,probe_00137_family_008D,probe_completed,"{""utc"": ""2026-09-30T07:19:27.562Z"", ""probe_index"": 137, ""probe_family_hex"": ""008D"", ""grammar"": ""short"", ""marker_hex"": """", ""tx_can_id_hex"": ""008DC82D"", ""tx_data_hex"": ""01 00 00 2D C8"", ""tx_ok"": 1, ""pre_window_frames"": 107, ""post_window_frames"": 147, ""candidate_frames"": 0, ""candidate_families"": """", ""candidate_ids"": """", ""candidate_payloads"": """", ""first_candidate_latency_ms"": """", ""last_candidate_latency_ms"": """", ""active_001f_seen"": 0, ""response_103c_seen"": 0, ""operator_result"": """", ""notes"": """"}"
2026-09-30T07:19:27.969Z,169203.0,probe_00138_family_008E,phase_started,probe_00138_family_008E
2026-09-30T07:19:28.577Z,169812.0,probe_00138_family_008E,probe_completed,"{""utc"": ""2026-09-30T07:19:28.577Z"", ""probe_index"": 138, ""probe_family_hex"": ""008E"", ""grammar"": ""short"", ""marker_hex"": """", ""tx_can_id_hex"": ""008EC82D"", ""tx_data_hex"": ""01 00 00 2D C8"", ""tx_ok"": 1, ""pre_window_frames"": 104, ""post_window_frames"": 147, ""candidate_frames"": 0, ""candidate_families"": """", ""candidate_ids"": """", ""candidate_payloads"": """", ""first_candidate_latency_ms"": """", ""last_candidate_latency_ms"": """", ""active_001f_seen"": 0, ""response_103c_seen"": 0, ""operator_result"": """", ""notes"": """"}"
2026-09-30T07:19:28.984Z,170218.0,probe_00139_family_008F,phase_started,probe_00139_family_008F
2026-09-30T07:19:29.594Z,170828.0,probe_00139_family_008F,probe_completed,"{""utc"": ""2026-09-30T07:19:29.593Z"", ""probe_index"": 139, ""probe_family_hex"": ""008F"", ""grammar"": ""short"", ""marker_hex"": """", ""tx_can_id_hex"": ""008FC82D"", ""tx_data_hex"": ""01 00 00 2D C8"", ""tx_ok"": 1, ""pre_window_frames"": 107, ""post_window_frames"": 145, ""candidate_frames"": 0, ""candidate_families"": """", ""candidate_ids"": """", ""candidate_payloads"": """", ""first_candidate_latency_ms"": """", ""last_candidate_latency_ms"": """", ""active_001f_seen"": 0, ""response_103c_seen"": 0, ""operator_result"": """", ""notes"": """"}"
2026-09-30T07:19:29.992Z,171234.0,probe_00140_family_0090,phase_started,probe_00140_family_0090
2026-09-30T07:19:30.604Z,171843.0,probe_00140_family_0090,probe_completed,"{""utc"": ""2026-09-30T07:19:30.604Z"", ""probe_index"": 140, ""probe_family_hex"": ""0090"", ""grammar"": ""short"", ""marker_hex"": """", ""tx_can_id_hex"": ""0090C82D"", ""tx_data_hex"": ""01 00 00 2D C8"", ""tx_ok"": 1, ""pre_window_frames"": 107, ""post_window_frames"": 145, ""candidate_frames"": 0, ""candidate_families"": """", ""candidate_ids"": """", ""candidate_payloads"": """", ""first_candidate_latency_ms"": """", ""last_candidate_latency_ms"": """", ""active_001f_seen"": 0, ""response_103c_seen"": 0, ""operator_result"": """", ""notes"": """"}"
2026-09-30T07:19:31.010Z,172250.0,probe_00141_family_0091,phase_started,probe_00141_family_0091
2026-09-30T07:19:31.621Z,172859.0,probe_00141_family_0091,probe_completed,"{""utc"": ""2026-09-30T07:19:31.621Z"", ""probe_index"": 141, ""probe_family_hex"": ""0091"", ""grammar"": ""short"", ""marker_hex"": """", ""tx_can_id_hex"": ""0091C82D"", ""tx_data_hex"": ""01 00 00 2D C8"", ""tx_ok"": 1, ""pre_window_frames"": 107, ""post_window_frames"": 145, ""candidate_frames"": 0, ""candidate_families"": """", ""candidate_ids"": """", ""candidate_payloads"": """", ""first_candidate_latency_ms"": """", ""last_candidate_latency_ms"": """", ""active_001f_seen"": 0, ""response_103c_seen"": 0, ""operator_result"": """", ""notes"": """"}"
2026-09-30T07:19:32.028Z,173265.0,probe_00142_family_0092,phase_started,probe_00142_family_0092
2026-09-30T07:19:32.638Z,173875.0,probe_00142_family_0092,probe_completed,"{""utc"": ""2026-09-30T07:19:32.638Z"", ""probe_index"": 142, ""probe_family_hex"": ""0092"", ""grammar"": ""short"", ""marker_hex"": """", ""tx_can_id_hex"": ""0092C82D"", ""tx_data_hex"": ""01 00 00 2D C8"", ""tx_ok"": 1, ""pre_window_frames"": 107, ""post_window_frames"": 147, ""candidate_frames"": 0, ""candidate_families"": """", ""candidate_ids"": """", ""candidate_payloads"": """", ""first_candidate_latency_ms"": """", ""last_candidate_latency_ms"": """", ""active_001f_seen"": 0, ""response_103c_seen"": 0, ""operator_result"": """", ""notes"": """"}"
2026-09-30T07:19:33.048Z,174281.0,probe_00143_family_0093,phase_started,probe_00143_family_0093
2026-09-30T07:19:33.653Z,174890.0,probe_00143_family_0093,probe_completed,"{""utc"": ""2026-09-30T07:19:33.653Z"", ""probe_index"": 143, ""probe_family_hex"": ""0093"", ""grammar"": ""short"", ""marker_hex"": """", ""tx_can_id_hex"": ""0093C82D"", ""tx_data_hex"": ""01 00 00 2D C8"", ""tx_ok"": 1, ""pre_window_frames"": 107, ""post_window_frames"": 145, ""candidate_frames"": 0, ""candidate_families"": """", ""candidate_ids"": """", ""candidate_payloads"": """", ""first_candidate_latency_ms"": """", ""last_candidate_latency_ms"": """", ""active_001f_seen"": 0, ""response_103c_seen"": 0, ""operator_result"": """", ""notes"": """"}"
2026-09-30T07:19:34.061Z,175296.0,probe_00144_family_0094,phase_started,probe_00144_family_0094
2026-09-30T07:19:34.673Z,175906.0,probe_00144_family_0094,probe_completed,"{""utc"": ""2026-09-30T07:19:34.672Z"", ""probe_index"": 144, ""probe_family_hex"": ""0094"", ""grammar"": ""short"", ""marker_hex"": """", ""tx_can_id_hex"": ""0094C82D"", ""tx_data_hex"": ""01 00 00 2D C8"", ""tx_ok"": 1, ""pre_window_frames"": 107, ""post_window_frames"": 147, ""candidate_frames"": 0, ""candidate_families"": """", ""candidate_ids"": """", ""candidate_payloads"": """", ""first_candidate_latency_ms"": """", ""last_candidate_latency_ms"": """", ""active_001f_seen"": 0, ""response_103c_seen"": 0, ""operator_result"": """", ""notes"": """"}"
2026-09-30T07:19:35.070Z,176312.0,probe_00145_family_0095,phase_started,probe_00145_family_0095
2026-09-30T07:19:35.685Z,176921.0,probe_00145_family_0095,probe_completed,"{""utc"": ""2026-09-30T07:19:35.685Z"", ""probe_index"": 145, ""probe_family_hex"": ""0095"", ""grammar"": ""short"", ""marker_hex"": """", ""tx_can_id_hex"": ""0095C82D"", ""tx_data_hex"": ""01 00 00 2D C8"", ""tx_ok"": 1, ""pre_window_frames"": 109, ""post_window_frames"": 145, ""candidate_frames"": 0, ""candidate_families"": """", ""candidate_ids"": """", ""candidate_payloads"": """", ""first_candidate_latency_ms"": """", ""last_candidate_latency_ms"": """", ""active_001f_seen"": 0, ""response_103c_seen"": 0, ""operator_result"": """", ""notes"": """"}"
2026-09-30T07:19:36.091Z,177328.0,probe_00146_family_0096,phase_started,probe_00146_family_0096
2026-09-30T07:19:36.701Z,177937.0,probe_00146_family_0096,probe_completed,"{""utc"": ""2026-09-30T07:19:36.701Z"", ""probe_index"": 146, ""probe_family_hex"": ""0096"", ""grammar"": ""short"", ""marker_hex"": """", ""tx_can_id_hex"": ""0096C82D"", ""tx_data_hex"": ""01 00 00 2D C8"", ""tx_ok"": 1, ""pre_window_frames"": 107, ""post_window_frames"": 145, ""candidate_frames"": 0, ""candidate_families"": """", ""candidate_ids"": """", ""candidate_payloads"": """", ""first_candidate_latency_ms"": """", ""last_candidate_latency_ms"": """", ""active_001f_seen"": 0, ""response_103c_seen"": 0, ""operator_result"": """", ""notes"": """"}"
2026-09-30T07:19:37.109Z,178343.0,probe_00147_family_0097,phase_started,probe_00147_family_0097
2026-09-30T07:19:37.719Z,178953.0,probe_00147_family_0097,probe_completed,"{""utc"": ""2026-09-30T07:19:37.719Z"", ""probe_index"": 147, ""probe_family_hex"": ""0097"", ""grammar"": ""short"", ""marker_hex"": """", ""tx_can_id_hex"": ""0097C82D"", ""tx_data_hex"": ""01 00 00 2D C8"", ""tx_ok"": 1, ""pre_window_frames"": 107, ""post_window_frames"": 147, ""candidate_frames"": 0, ""candidate_families"": """", ""candidate_ids"": """", ""candidate_payloads"": """", ""first_candidate_latency_ms"": """", ""last_candidate_latency_ms"": """", ""active_001f_seen"": 0, ""response_103c_seen"": 0, ""operator_result"": """", ""notes"": """"}"
2026-09-30T07:19:38.117Z,179359.0,probe_00148_family_0098,phase_started,probe_00148_family_0098
2026-09-30T07:19:38.733Z,179968.0,probe_00148_family_0098,probe_completed,"{""utc"": ""2026-09-30T07:19:38.732Z"", ""probe_index"": 148, ""probe_family_hex"": ""0098"", ""grammar"": ""short"", ""marker_hex"": """", ""tx_can_id_hex"": ""0098C82D"", ""tx_data_hex"": ""01 00 00 2D C8"", ""tx_ok"": 1, ""pre_window_frames"": 107, ""post_window_frames"": 145, ""candidate_frames"": 0, ""candidate_families"": """", ""candidate_ids"": """", ""candidate_payloads"": """", ""first_candidate_latency_ms"": """", ""last_candidate_latency_ms"": """", ""active_001f_seen"": 0, ""response_103c_seen"": 0, ""operator_result"": """", ""notes"": """"}"
2026-09-30T07:19:39.140Z,180375.0,probe_00149_family_0099,phase_started,probe_00149_family_0099
2026-09-30T07:19:39.745Z,180984.0,probe_00149_family_0099,probe_completed,"{""utc"": ""2026-09-30T07:19:39.745Z"", ""probe_index"": 149, ""probe_family_hex"": ""0099"", ""grammar"": ""short"", ""marker_hex"": """", ""tx_can_id_hex"": ""0099C82D"", ""tx_data_hex"": ""01 00 00 2D C8"", ""tx_ok"": 1, ""pre_window_frames"": 107, ""post_window_frames"": 145, ""candidate_frames"": 0, ""candidate_families"": """", ""candidate_ids"": """", ""candidate_payloads"": """", ""first_candidate_latency_ms"": """", ""last_candidate_latency_ms"": """", ""active_001f_seen"": 0, ""response_103c_seen"": 0, ""operator_result"": """", ""notes"": """"}"
2026-09-30T07:19:40.152Z,181390.0,probe_00150_family_009A,phase_started,probe_00150_family_009A
2026-09-30T07:19:40.762Z,182000.0,probe_00150_family_009A,probe_completed,"{""utc"": ""2026-09-30T07:19:40.762Z"", ""probe_index"": 150, ""probe_family_hex"": ""009A"", ""grammar"": ""short"", ""marker_hex"": """", ""tx_can_id_hex"": ""009AC82D"", ""tx_data_hex"": ""01 00 00 2D C8"", ""tx_ok"": 1, ""pre_window_frames"": 107, ""post_window_frames"": 145, ""candidate_frames"": 0, ""candidate_families"": """", ""candidate_ids"": """", ""candidate_payloads"": """", ""first_candidate_latency_ms"": """", ""last_candidate_latency_ms"": """", ""active_001f_seen"": 0, ""response_103c_seen"": 0, ""operator_result"": """", ""notes"": """"}"
2026-09-30T07:19:41.171Z,182406.0,probe_00151_family_009B,phase_started,probe_00151_family_009B
2026-09-30T07:19:41.777Z,183015.0,probe_00151_family_009B,probe_completed,"{""utc"": ""2026-09-30T07:19:41.777Z"", ""probe_index"": 151, ""probe_family_hex"": ""009B"", ""grammar"": ""short"", ""marker_hex"": """", ""tx_can_id_hex"": ""009BC82D"", ""tx_data_hex"": ""01 00 00 2D C8"", ""tx_ok"": 1, ""pre_window_frames"": 107, ""post_window_frames"": 145, ""candidate_frames"": 0, ""candidate_families"": """", ""candidate_ids"": """", ""candidate_payloads"": """", ""first_candidate_latency_ms"": """", ""last_candidate_latency_ms"": """", ""active_001f_seen"": 0, ""response_103c_seen"": 0, ""operator_result"": """", ""notes"": """"}"
2026-09-30T07:19:42.184Z,183421.0,probe_00152_family_009C,phase_started,probe_00152_family_009C
2026-09-30T07:19:42.793Z,184031.0,probe_00152_family_009C,probe_completed,"{""utc"": ""2026-09-30T07:19:42.793Z"", ""probe_index"": 152, ""probe_family_hex"": ""009C"", ""grammar"": ""short"", ""marker_hex"": """", ""tx_can_id_hex"": ""009CC82D"", ""tx_data_hex"": ""01 00 00 2D C8"", ""tx_ok"": 1, ""pre_window_frames"": 107, ""post_window_frames"": 147, ""candidate_frames"": 0, ""candidate_families"": """", ""candidate_ids"": """", ""candidate_payloads"": """", ""first_candidate_latency_ms"": """", ""last_candidate_latency_ms"": """", ""active_001f_seen"": 0, ""response_103c_seen"": 0, ""operator_result"": """", ""notes"": """"}"
2026-09-30T07:19:43.202Z,184437.0,probe_00153_family_009D,phase_started,probe_00153_family_009D
2026-09-30T07:19:43.811Z,185046.0,probe_00153_family_009D,probe_completed,"{""utc"": ""2026-09-30T07:19:43.810Z"", ""probe_index"": 153, ""probe_family_hex"": ""009D"", ""grammar"": ""short"", ""marker_hex"": """", ""tx_can_id_hex"": ""009DC82D"", ""tx_data_hex"": ""01 00 00 2D C8"", ""tx_ok"": 1, ""pre_window_frames"": 107, ""post_window_frames"": 145, ""candidate_frames"": 0, ""candidate_families"": """", ""candidate_ids"": """", ""candidate_payloads"": """", ""first_candidate_latency_ms"": """", ""last_candidate_latency_ms"": """", ""active_001f_seen"": 0, ""response_103c_seen"": 0, ""operator_result"": """", ""notes"": """"}"
2026-09-30T07:19:44.217Z,185453.0,probe_00154_family_009E,phase_started,probe_00154_family_009E
2026-09-30T07:19:44.826Z,186062.0,probe_00154_family_009E,probe_completed,"{""utc"": ""2026-09-30T07:19:44.825Z"", ""probe_index"": 154, ""probe_family_hex"": ""009E"", ""grammar"": ""short"", ""marker_hex"": """", ""tx_can_id_hex"": ""009EC82D"", ""tx_data_hex"": ""01 00 00 2D C8"", ""tx_ok"": 1, ""pre_window_frames"": 107, ""post_window_frames"": 145, ""candidate_frames"": 0, ""candidate_families"": """", ""candidate_ids"": """", ""candidate_payloads"": """", ""first_candidate_latency_ms"": """", ""last_candidate_latency_ms"": """", ""active_001f_seen"": 0, ""response_103c_seen"": 0, ""operator_result"": """", ""notes"": """"}"
2026-09-30T07:19:45.232Z,186468.0,probe_00155_family_009F,phase_started,probe_00155_family_009F
2026-09-30T07:19:45.842Z,187078.0,probe_00155_family_009F,probe_completed,"{""utc"": ""2026-09-30T07:19:45.842Z"", ""probe_index"": 155, ""probe_family_hex"": ""009F"", ""grammar"": ""short"", ""marker_hex"": """", ""tx_can_id_hex"": ""009FC82D"", ""tx_data_hex"": ""01 00 00 2D C8"", ""tx_ok"": 1, ""pre_window_frames"": 107, ""post_window_frames"": 145, ""candidate_frames"": 0, ""candidate_families"": """", ""candidate_ids"": """", ""candidate_payloads"": """", ""first_candidate_latency_ms"": """", ""last_candidate_latency_ms"": """", ""active_001f_seen"": 0, ""response_103c_seen"": 0, ""operator_result"": """", ""notes"": """"}"
2026-09-30T07:19:46.251Z,187484.0,probe_00156_family_00A0,phase_started,probe_00156_family_00A0
2026-09-30T07:19:46.857Z,188093.0,probe_00156_family_00A0,probe_completed,"{""utc"": ""2026-09-30T07:19:46.856Z"", ""probe_index"": 156, ""probe_family_hex"": ""00A0"", ""grammar"": ""short"", ""marker_hex"": """", ""tx_can_id_hex"": ""00A0C82D"", ""tx_data_hex"": ""01 00 00 2D C8"", ""tx_ok"": 1, ""pre_window_frames"": 107, ""post_window_frames"": 145, ""candidate_frames"": 0, ""candidate_families"": """", ""candidate_ids"": """", ""candidate_payloads"": """", ""first_candidate_latency_ms"": """", ""last_candidate_latency_ms"": """", ""active_001f_seen"": 0, ""response_103c_seen"": 0, ""operator_result"": """", ""notes"": """"}"
2026-09-30T07:19:47.265Z,188500.0,probe_00157_family_00A1,phase_started,probe_00157_family_00A1
2026-09-30T07:19:47.870Z,189109.0,probe_00157_family_00A1,probe_completed,"{""utc"": ""2026-09-30T07:19:47.870Z"", ""probe_index"": 157, ""probe_family_hex"": ""00A1"", ""grammar"": ""short"", ""marker_hex"": """", ""tx_can_id_hex"": ""00A1C82D"", ""tx_data_hex"": ""01 00 00 2D C8"", ""tx_ok"": 1, ""pre_window_frames"": 107, ""post_window_frames"": 145, ""candidate_frames"": 0, ""candidate_families"": """", ""candidate_ids"": """", ""candidate_payloads"": """", ""first_candidate_latency_ms"": """", ""last_candidate_latency_ms"": """", ""active_001f_seen"": 0, ""response_103c_seen"": 0, ""operator_result"": """", ""notes"": """"}"
2026-09-30T07:19:48.279Z,189515.0,probe_00158_family_00A2,phase_started,probe_00158_family_00A2
2026-09-30T07:19:48.890Z,190125.0,probe_00158_family_00A2,probe_completed,"{""utc"": ""2026-09-30T07:19:48.890Z"", ""probe_index"": 158, ""probe_family_hex"": ""00A2"", ""grammar"": ""short"", ""marker_hex"": """", ""tx_can_id_hex"": ""00A2C82D"", ""tx_data_hex"": ""01 00 00 2D C8"", ""tx_ok"": 1, ""pre_window_frames"": 107, ""post_window_frames"": 147, ""candidate_frames"": 0, ""candidate_families"": """", ""candidate_ids"": """", ""candidate_payloads"": """", ""first_candidate_latency_ms"": """", ""last_candidate_latency_ms"": """", ""active_001f_seen"": 0, ""response_103c_seen"": 0, ""operator_result"": """", ""notes"": """"}"
2026-09-30T07:19:49.298Z,190531.0,probe_00159_family_00A3,phase_started,probe_00159_family_00A3
2026-09-30T07:19:49.903Z,191140.0,probe_00159_family_00A3,probe_completed,"{""utc"": ""2026-09-30T07:19:49.902Z"", ""probe_index"": 159, ""probe_family_hex"": ""00A3"", ""grammar"": ""short"", ""marker_hex"": """", ""tx_can_id_hex"": ""00A3C82D"", ""tx_data_hex"": ""01 00 00 2D C8"", ""tx_ok"": 1, ""pre_window_frames"": 107, ""post_window_frames"": 145, ""candidate_frames"": 0, ""candidate_families"": """", ""candidate_ids"": """", ""candidate_payloads"": """", ""first_candidate_latency_ms"": """", ""last_candidate_latency_ms"": """", ""active_001f_seen"": 0, ""response_103c_seen"": 0, ""operator_result"": """", ""notes"": """"}"
2026-09-30T07:19:50.308Z,191546.0,probe_00160_family_00A4,phase_started,probe_00160_family_00A4
2026-09-30T07:19:50.917Z,192156.0,probe_00160_family_00A4,probe_completed,"{""utc"": ""2026-09-30T07:19:50.917Z"", ""probe_index"": 160, ""probe_family_hex"": ""00A4"", ""grammar"": ""short"", ""marker_hex"": """", ""tx_can_id_hex"": ""00A4C82D"", ""tx_data_hex"": ""01 00 00 2D C8"", ""tx_ok"": 1, ""pre_window_frames"": 107, ""post_window_frames"": 145, ""candidate_frames"": 0, ""candidate_families"": """", ""candidate_ids"": """", ""candidate_payloads"": """", ""first_candidate_latency_ms"": """", ""last_candidate_latency_ms"": """", ""active_001f_seen"": 0, ""response_103c_seen"": 0, ""operator_result"": """", ""notes"": """"}"
2026-09-30T07:19:51.325Z,192562.0,probe_00161_family_00A5,phase_started,probe_00161_family_00A5
2026-09-30T07:19:51.937Z,193171.0,probe_00161_family_00A5,probe_completed,"{""utc"": ""2026-09-30T07:19:51.937Z"", ""probe_index"": 161, ""probe_family_hex"": ""00A5"", ""grammar"": ""short"", ""marker_hex"": """", ""tx_can_id_hex"": ""00A5C82D"", ""tx_data_hex"": ""01 00 00 2D C8"", ""tx_ok"": 1, ""pre_window_frames"": 107, ""post_window_frames"": 145, ""candidate_frames"": 0, ""candidate_families"": """", ""candidate_ids"": """", ""candidate_payloads"": """", ""first_candidate_latency_ms"": """", ""last_candidate_latency_ms"": """", ""active_001f_seen"": 0, ""response_103c_seen"": 0, ""operator_result"": """", ""notes"": """"}"
2026-09-30T07:19:52.336Z,193578.0,probe_00162_family_00A6,phase_started,probe_00162_family_00A6
2026-09-30T07:19:52.953Z,194187.0,probe_00162_family_00A6,probe_completed,"{""utc"": ""2026-09-30T07:19:52.953Z"", ""probe_index"": 162, ""probe_family_hex"": ""00A6"", ""grammar"": ""short"", ""marker_hex"": """", ""tx_can_id_hex"": ""00A6C82D"", ""tx_data_hex"": ""01 00 00 2D C8"", ""tx_ok"": 1, ""pre_window_frames"": 107, ""post_window_frames"": 147, ""candidate_frames"": 0, ""candidate_families"": """", ""candidate_ids"": """", ""candidate_payloads"": """", ""first_candidate_latency_ms"": """", ""last_candidate_latency_ms"": """", ""active_001f_seen"": 0, ""response_103c_seen"": 0, ""operator_result"": """", ""notes"": """"}"
2026-09-30T07:19:53.355Z,194593.0,probe_00163_family_00A7,phase_started,probe_00163_family_00A7
2026-09-30T07:19:53.966Z,195203.0,probe_00163_family_00A7,probe_completed,"{""utc"": ""2026-09-30T07:19:53.965Z"", ""probe_index"": 163, ""probe_family_hex"": ""00A7"", ""grammar"": ""short"", ""marker_hex"": """", ""tx_can_id_hex"": ""00A7C82D"", ""tx_data_hex"": ""01 00 00 2D C8"", ""tx_ok"": 1, ""pre_window_frames"": 107, ""post_window_frames"": 145, ""candidate_frames"": 0, ""candidate_families"": """", ""candidate_ids"": """", ""candidate_payloads"": """", ""first_candidate_latency_ms"": """", ""last_candidate_latency_ms"": """", ""active_001f_seen"": 0, ""response_103c_seen"": 0, ""operator_result"": """", ""notes"": """"}"
2026-09-30T07:19:54.377Z,195609.0,probe_00164_family_00A8,phase_started,probe_00164_family_00A8
2026-09-30T07:19:54.981Z,196218.0,probe_00164_family_00A8,probe_completed,"{""utc"": ""2026-09-30T07:19:54.981Z"", ""probe_index"": 164, ""probe_family_hex"": ""00A8"", ""grammar"": ""short"", ""marker_hex"": """", ""tx_can_id_hex"": ""00A8C82D"", ""tx_data_hex"": ""01 00 00 2D C8"", ""tx_ok"": 1, ""pre_window_frames"": 107, ""post_window_frames"": 145, ""candidate_frames"": 0, ""candidate_families"": """", ""candidate_ids"": """", ""candidate_payloads"": """", ""first_candidate_latency_ms"": """", ""last_candidate_latency_ms"": """", ""active_001f_seen"": 0, ""response_103c_seen"": 0, ""operator_result"": """", ""notes"": """"}"
2026-09-30T07:19:55.387Z,196625.0,probe_00165_family_00A9,phase_started,probe_00165_family_00A9
2026-09-30T07:19:55.995Z,197234.0,probe_00165_family_00A9,probe_completed,"{""utc"": ""2026-09-30T07:19:55.995Z"", ""probe_index"": 165, ""probe_family_hex"": ""00A9"", ""grammar"": ""short"", ""marker_hex"": """", ""tx_can_id_hex"": ""00A9C82D"", ""tx_data_hex"": ""01 00 00 2D C8"", ""tx_ok"": 1, ""pre_window_frames"": 108, ""post_window_frames"": 143, ""candidate_frames"": 0, ""candidate_families"": """", ""candidate_ids"": """", ""candidate_payloads"": """", ""first_candidate_latency_ms"": """", ""last_candidate_latency_ms"": """", ""active_001f_seen"": 0, ""response_103c_seen"": 0, ""operator_result"": """", ""notes"": """"}"
2026-09-30T07:19:56.403Z,197640.0,probe_00166_family_00AA,phase_started,probe_00166_family_00AA
2026-09-30T07:19:57.012Z,198250.0,probe_00166_family_00AA,probe_completed,"{""utc"": ""2026-09-30T07:19:57.012Z"", ""probe_index"": 166, ""probe_family_hex"": ""00AA"", ""grammar"": ""short"", ""marker_hex"": """", ""tx_can_id_hex"": ""00AAC82D"", ""tx_data_hex"": ""01 00 00 2D C8"", ""tx_ok"": 1, ""pre_window_frames"": 107, ""post_window_frames"": 145, ""candidate_frames"": 0, ""candidate_families"": """", ""candidate_ids"": """", ""candidate_payloads"": """", ""first_candidate_latency_ms"": """", ""last_candidate_latency_ms"": """", ""active_001f_seen"": 0, ""response_103c_seen"": 0, ""operator_result"": """", ""notes"": """"}"
2026-09-30T07:19:57.421Z,198656.0,probe_00167_family_00AB,phase_started,probe_00167_family_00AB
2026-09-30T07:19:58.032Z,199265.0,probe_00167_family_00AB,probe_completed,"{""utc"": ""2026-09-30T07:19:58.031Z"", ""probe_index"": 167, ""probe_family_hex"": ""00AB"", ""grammar"": ""short"", ""marker_hex"": """", ""tx_can_id_hex"": ""00ABC82D"", ""tx_data_hex"": ""01 00 00 2D C8"", ""tx_ok"": 1, ""pre_window_frames"": 107, ""post_window_frames"": 145, ""candidate_frames"": 0, ""candidate_families"": """", ""candidate_ids"": """", ""candidate_payloads"": """", ""first_candidate_latency_ms"": """", ""last_candidate_latency_ms"": """", ""active_001f_seen"": 0, ""response_103c_seen"": 0, ""operator_result"": """", ""notes"": """"}"
2026-09-30T07:19:58.438Z,199671.0,probe_00168_family_00AC,phase_started,probe_00168_family_00AC
2026-09-30T07:19:59.048Z,200281.0,probe_00168_family_00AC,probe_completed,"{""utc"": ""2026-09-30T07:19:59.048Z"", ""probe_index"": 168, ""probe_family_hex"": ""00AC"", ""grammar"": ""short"", ""marker_hex"": """", ""tx_can_id_hex"": ""00ACC82D"", ""tx_data_hex"": ""01 00 00 2D C8"", ""tx_ok"": 1, ""pre_window_frames"": 107, ""post_window_frames"": 147, ""candidate_frames"": 0, ""candidate_families"": """", ""candidate_ids"": """", ""candidate_payloads"": """", ""first_candidate_latency_ms"": """", ""last_candidate_latency_ms"": """", ""active_001f_seen"": 0, ""response_103c_seen"": 0, ""operator_result"": """", ""notes"": """"}"
2026-09-30T07:19:59.446Z,200687.0,probe_00169_family_00AD,phase_started,probe_00169_family_00AD
2026-09-30T07:20:00.064Z,201296.0,probe_00169_family_00AD,probe_completed,"{""utc"": ""2026-09-30T07:20:00.064Z"", ""probe_index"": 169, ""probe_family_hex"": ""00AD"", ""grammar"": ""short"", ""marker_hex"": """", ""tx_can_id_hex"": ""00ADC82D"", ""tx_data_hex"": ""01 00 00 2D C8"", ""tx_ok"": 1, ""pre_window_frames"": 107, ""post_window_frames"": 147, ""candidate_frames"": 0, ""candidate_families"": """", ""candidate_ids"": """", ""candidate_payloads"": """", ""first_candidate_latency_ms"": """", ""last_candidate_latency_ms"": """", ""active_001f_seen"": 0, ""response_103c_seen"": 0, ""operator_result"": """", ""notes"": """"}"
2026-09-30T07:20:00.470Z,201703.0,probe_00170_family_00AE,phase_started,probe_00170_family_00AE
2026-09-30T07:20:01.075Z,202312.0,probe_00170_family_00AE,probe_completed,"{""utc"": ""2026-09-30T07:20:01.075Z"", ""probe_index"": 170, ""probe_family_hex"": ""00AE"", ""grammar"": ""short"", ""marker_hex"": """", ""tx_can_id_hex"": ""00AEC82D"", ""tx_data_hex"": ""01 00 00 2D C8"", ""tx_ok"": 1, ""pre_window_frames"": 107, ""post_window_frames"": 145, ""candidate_frames"": 0, ""candidate_families"": """", ""candidate_ids"": """", ""candidate_payloads"": """", ""first_candidate_latency_ms"": """", ""last_candidate_latency_ms"": """", ""active_001f_seen"": 0, ""response_103c_seen"": 0, ""operator_result"": """", ""notes"": """"}"
2026-09-30T07:20:01.483Z,202718.0,probe_00171_family_00AF,phase_started,probe_00171_family_00AF
2026-09-30T07:20:02.093Z,203328.0,probe_00171_family_00AF,probe_completed,"{""utc"": ""2026-09-30T07:20:02.093Z"", ""probe_index"": 171, ""probe_family_hex"": ""00AF"", ""grammar"": ""short"", ""marker_hex"": """", ""tx_can_id_hex"": ""00AFC82D"", ""tx_data_hex"": ""01 00 00 2D C8"", ""tx_ok"": 1, ""pre_window_frames"": 107, ""post_window_frames"": 147, ""candidate_frames"": 0, ""candidate_families"": """", ""candidate_ids"": """", ""candidate_payloads"": """", ""first_candidate_latency_ms"": """", ""last_candidate_latency_ms"": """", ""active_001f_seen"": 0, ""response_103c_seen"": 0, ""operator_result"": """", ""notes"": """"}"
2026-09-30T07:20:02.501Z,203734.0,probe_00172_family_00B0,phase_started,probe_00172_family_00B0
2026-09-30T07:20:03.111Z,204343.0,probe_00172_family_00B0,probe_completed,"{""utc"": ""2026-09-30T07:20:03.111Z"", ""probe_index"": 172, ""probe_family_hex"": ""00B0"", ""grammar"": ""short"", ""marker_hex"": """", ""tx_can_id_hex"": ""00B0C82D"", ""tx_data_hex"": ""01 00 00 2D C8"", ""tx_ok"": 1, ""pre_window_frames"": 107, ""post_window_frames"": 147, ""candidate_frames"": 0, ""candidate_families"": """", ""candidate_ids"": """", ""candidate_payloads"": """", ""first_candidate_latency_ms"": """", ""last_candidate_latency_ms"": """", ""active_001f_seen"": 0, ""response_103c_seen"": 0, ""operator_result"": """", ""notes"": """"}"
2026-09-30T07:20:03.508Z,204750.0,probe_00173_family_00B1,phase_started,probe_00173_family_00B1
2026-09-30T07:20:04.124Z,205359.0,probe_00173_family_00B1,probe_completed,"{""utc"": ""2026-09-30T07:20:04.124Z"", ""probe_index"": 173, ""probe_family_hex"": ""00B1"", ""grammar"": ""short"", ""marker_hex"": """", ""tx_can_id_hex"": ""00B1C82D"", ""tx_data_hex"": ""01 00 00 2D C8"", ""tx_ok"": 1, ""pre_window_frames"": 107, ""post_window_frames"": 145, ""candidate_frames"": 0, ""candidate_families"": """", ""candidate_ids"": """", ""candidate_payloads"": """", ""first_candidate_latency_ms"": """", ""last_candidate_latency_ms"": """", ""active_001f_seen"": 0, ""response_103c_seen"": 0, ""operator_result"": """", ""notes"": """"}"
2026-09-30T07:20:04.525Z,205765.0,probe_00174_family_00B2,phase_started,probe_00174_family_00B2
2026-09-30T07:20:05.142Z,206375.0,probe_00174_family_00B2,probe_completed,"{""utc"": ""2026-09-30T07:20:05.142Z"", ""probe_index"": 174, ""probe_family_hex"": ""00B2"", ""grammar"": ""short"", ""marker_hex"": """", ""tx_can_id_hex"": ""00B2C82D"", ""tx_data_hex"": ""01 00 00 2D C8"", ""tx_ok"": 1, ""pre_window_frames"": 107, ""post_window_frames"": 145, ""candidate_frames"": 0, ""candidate_families"": """", ""candidate_ids"": """", ""candidate_payloads"": """", ""first_candidate_latency_ms"": """", ""last_candidate_latency_ms"": """", ""active_001f_seen"": 0, ""response_103c_seen"": 0, ""operator_result"": """", ""notes"": """"}"
2026-09-30T07:20:05.541Z,206781.0,probe_00175_family_00B3,phase_started,probe_00175_family_00B3
2026-09-30T07:20:06.158Z,207390.0,probe_00175_family_00B3,probe_completed,"{""utc"": ""2026-09-30T07:20:06.158Z"", ""probe_index"": 175, ""probe_family_hex"": ""00B3"", ""grammar"": ""short"", ""marker_hex"": """", ""tx_can_id_hex"": ""00B3C82D"", ""tx_data_hex"": ""01 00 00 2D C8"", ""tx_ok"": 1, ""pre_window_frames"": 107, ""post_window_frames"": 147, ""candidate_frames"": 0, ""candidate_families"": """", ""candidate_ids"": """", ""candidate_payloads"": """", ""first_candidate_latency_ms"": """", ""last_candidate_latency_ms"": """", ""active_001f_seen"": 0, ""response_103c_seen"": 0, ""operator_result"": """", ""notes"": """"}"
2026-09-30T07:20:06.556Z,207796.0,probe_00176_family_00B4,phase_started,probe_00176_family_00B4
2026-09-30T07:20:07.173Z,208406.0,probe_00176_family_00B4,probe_completed,"{""utc"": ""2026-09-30T07:20:07.173Z"", ""probe_index"": 176, ""probe_family_hex"": ""00B4"", ""grammar"": ""short"", ""marker_hex"": """", ""tx_can_id_hex"": ""00B4C82D"", ""tx_data_hex"": ""01 00 00 2D C8"", ""tx_ok"": 1, ""pre_window_frames"": 107, ""post_window_frames"": 147, ""candidate_frames"": 0, ""candidate_families"": """", ""candidate_ids"": """", ""candidate_payloads"": """", ""first_candidate_latency_ms"": """", ""last_candidate_latency_ms"": """", ""active_001f_seen"": 0, ""response_103c_seen"": 0, ""operator_result"": """", ""notes"": """"}"
2026-09-30T07:20:07.572Z,208812.0,probe_00177_family_00B5,phase_started,probe_00177_family_00B5
2026-09-30T07:20:08.190Z,209421.0,probe_00177_family_00B5,probe_completed,"{""utc"": ""2026-09-30T07:20:08.190Z"", ""probe_index"": 177, ""probe_family_hex"": ""00B5"", ""grammar"": ""short"", ""marker_hex"": """", ""tx_can_id_hex"": ""00B5C82D"", ""tx_data_hex"": ""01 00 00 2D C8"", ""tx_ok"": 1, ""pre_window_frames"": 107, ""post_window_frames"": 147, ""candidate_frames"": 0, ""candidate_families"": """", ""candidate_ids"": """", ""candidate_payloads"": """", ""first_candidate_latency_ms"": """", ""last_candidate_latency_ms"": """", ""active_001f_seen"": 0, ""response_103c_seen"": 0, ""operator_result"": """", ""notes"": """"}"
2026-09-30T07:20:08.588Z,209828.0,probe_00178_family_00B6,phase_started,probe_00178_family_00B6
2026-09-30T07:20:09.201Z,210437.0,probe_00178_family_00B6,probe_completed,"{""utc"": ""2026-09-30T07:20:09.201Z"", ""probe_index"": 178, ""probe_family_hex"": ""00B6"", ""grammar"": ""short"", ""marker_hex"": """", ""tx_can_id_hex"": ""00B6C82D"", ""tx_data_hex"": ""01 00 00 2D C8"", ""tx_ok"": 1, ""pre_window_frames"": 108, ""post_window_frames"": 145, ""candidate_frames"": 0, ""candidate_families"": """", ""candidate_ids"": """", ""candidate_payloads"": """", ""first_candidate_latency_ms"": """", ""last_candidate_latency_ms"": """", ""active_001f_seen"": 0, ""response_103c_seen"": 0, ""operator_result"": """", ""notes"": """"}"
2026-09-30T07:20:09.607Z,210843.0,probe_00179_family_00B7,phase_started,probe_00179_family_00B7
2026-09-30T07:20:10.217Z,211453.0,probe_00179_family_00B7,probe_completed,"{""utc"": ""2026-09-30T07:20:10.216Z"", ""probe_index"": 179, ""probe_family_hex"": ""00B7"", ""grammar"": ""short"", ""marker_hex"": """", ""tx_can_id_hex"": ""00B7C82D"", ""tx_data_hex"": ""01 00 00 2D C8"", ""tx_ok"": 1, ""pre_window_frames"": 107, ""post_window_frames"": 147, ""candidate_frames"": 0, ""candidate_families"": """", ""candidate_ids"": """", ""candidate_payloads"": """", ""first_candidate_latency_ms"": """", ""last_candidate_latency_ms"": """", ""active_001f_seen"": 0, ""response_103c_seen"": 0, ""operator_result"": """", ""notes"": """"}"
2026-09-30T07:20:10.627Z,211859.0,probe_00180_family_00B8,phase_started,probe_00180_family_00B8
2026-09-30T07:20:11.232Z,212468.0,probe_00180_family_00B8,probe_completed,"{""utc"": ""2026-09-30T07:20:11.232Z"", ""probe_index"": 180, ""probe_family_hex"": ""00B8"", ""grammar"": ""short"", ""marker_hex"": """", ""tx_can_id_hex"": ""00B8C82D"", ""tx_data_hex"": ""01 00 00 2D C8"", ""tx_ok"": 1, ""pre_window_frames"": 107, ""post_window_frames"": 145, ""candidate_frames"": 0, ""candidate_families"": """", ""candidate_ids"": """", ""candidate_payloads"": """", ""first_candidate_latency_ms"": """", ""last_candidate_latency_ms"": """", ""active_001f_seen"": 0, ""response_103c_seen"": 0, ""operator_result"": """", ""notes"": """"}"
2026-09-30T07:20:11.638Z,212875.0,probe_00181_family_00B9,phase_started,probe_00181_family_00B9
2026-09-30T07:20:12.249Z,213484.0,probe_00181_family_00B9,probe_completed,"{""utc"": ""2026-09-30T07:20:12.249Z"", ""probe_index"": 181, ""probe_family_hex"": ""00B9"", ""grammar"": ""short"", ""marker_hex"": """", ""tx_can_id_hex"": ""00B9C82D"", ""tx_data_hex"": ""01 00 00 2D C8"", ""tx_ok"": 1, ""pre_window_frames"": 107, ""post_window_frames"": 145, ""candidate_frames"": 0, ""candidate_families"": """", ""candidate_ids"": """", ""candidate_payloads"": """", ""first_candidate_latency_ms"": """", ""last_candidate_latency_ms"": """", ""active_001f_seen"": 0, ""response_103c_seen"": 0, ""operator_result"": """", ""notes"": """"}"
2026-09-30T07:20:12.658Z,213890.0,probe_00182_family_00BA,phase_started,probe_00182_family_00BA
2026-09-30T07:20:13.266Z,214500.0,probe_00182_family_00BA,probe_completed,"{""utc"": ""2026-09-30T07:20:13.265Z"", ""probe_index"": 182, ""probe_family_hex"": ""00BA"", ""grammar"": ""short"", ""marker_hex"": """", ""tx_can_id_hex"": ""00BAC82D"", ""tx_data_hex"": ""01 00 00 2D C8"", ""tx_ok"": 1, ""pre_window_frames"": 107, ""post_window_frames"": 145, ""candidate_frames"": 0, ""candidate_families"": """", ""candidate_ids"": """", ""candidate_payloads"": """", ""first_candidate_latency_ms"": """", ""last_candidate_latency_ms"": """", ""active_001f_seen"": 0, ""response_103c_seen"": 0, ""operator_result"": """", ""notes"": """"}"
2026-09-30T07:20:13.668Z,214906.0,probe_00183_family_00BB,phase_started,probe_00183_family_00BB
2026-09-30T07:20:14.285Z,215515.0,probe_00183_family_00BB,probe_completed,"{""utc"": ""2026-09-30T07:20:14.285Z"", ""probe_index"": 183, ""probe_family_hex"": ""00BB"", ""grammar"": ""short"", ""marker_hex"": """", ""tx_can_id_hex"": ""00BBC82D"", ""tx_data_hex"": ""01 00 00 2D C8"", ""tx_ok"": 1, ""pre_window_frames"": 107, ""post_window_frames"": 147, ""candidate_frames"": 0, ""candidate_families"": """", ""candidate_ids"": """", ""candidate_payloads"": """", ""first_candidate_latency_ms"": """", ""last_candidate_latency_ms"": """", ""active_001f_seen"": 0, ""response_103c_seen"": 0, ""operator_result"": """", ""notes"": """"}"
2026-09-30T07:20:14.680Z,215921.0,probe_00184_family_00BC,phase_started,probe_00184_family_00BC
2026-09-30T07:20:15.297Z,216531.0,probe_00184_family_00BC,probe_completed,"{""utc"": ""2026-09-30T07:20:15.297Z"", ""probe_index"": 184, ""probe_family_hex"": ""00BC"", ""grammar"": ""short"", ""marker_hex"": """", ""tx_can_id_hex"": ""00BCC82D"", ""tx_data_hex"": ""01 00 00 2D C8"", ""tx_ok"": 1, ""pre_window_frames"": 107, ""post_window_frames"": 147, ""candidate_frames"": 0, ""candidate_families"": """", ""candidate_ids"": """", ""candidate_payloads"": """", ""first_candidate_latency_ms"": """", ""last_candidate_latency_ms"": """", ""active_001f_seen"": 0, ""response_103c_seen"": 0, ""operator_result"": """", ""notes"": """"}"
2026-09-30T07:20:15.704Z,216937.0,probe_00185_family_00BD,phase_started,probe_00185_family_00BD
2026-09-30T07:20:16.311Z,217546.0,probe_00185_family_00BD,probe_completed,"{""utc"": ""2026-09-30T07:20:16.311Z"", ""probe_index"": 185, ""probe_family_hex"": ""00BD"", ""grammar"": ""short"", ""marker_hex"": """", ""tx_can_id_hex"": ""00BDC82D"", ""tx_data_hex"": ""01 00 00 2D C8"", ""tx_ok"": 1, ""pre_window_frames"": 109, ""post_window_frames"": 145, ""candidate_frames"": 0, ""candidate_families"": """", ""candidate_ids"": """", ""candidate_payloads"": """", ""first_candidate_latency_ms"": """", ""last_candidate_latency_ms"": """", ""active_001f_seen"": 0, ""response_103c_seen"": 0, ""operator_result"": """", ""notes"": """"}"
2026-09-30T07:20:16.720Z,217953.0,probe_00186_family_00BE,phase_started,probe_00186_family_00BE
2026-09-30T07:20:17.332Z,218562.0,probe_00186_family_00BE,probe_completed,"{""utc"": ""2026-09-30T07:20:17.332Z"", ""probe_index"": 186, ""probe_family_hex"": ""00BE"", ""grammar"": ""short"", ""marker_hex"": """", ""tx_can_id_hex"": ""00BEC82D"", ""tx_data_hex"": ""01 00 00 2D C8"", ""tx_ok"": 1, ""pre_window_frames"": 109, ""post_window_frames"": 147, ""candidate_frames"": 0, ""candidate_families"": """", ""candidate_ids"": """", ""candidate_payloads"": """", ""first_candidate_latency_ms"": """", ""last_candidate_latency_ms"": """", ""active_001f_seen"": 0, ""response_103c_seen"": 0, ""operator_result"": """", ""notes"": """"}"
2026-09-30T07:20:17.733Z,218968.0,probe_00187_family_00BF,phase_started,probe_00187_family_00BF
2026-09-30T07:20:18.346Z,219578.0,probe_00187_family_00BF,probe_completed,"{""utc"": ""2026-09-30T07:20:18.346Z"", ""probe_index"": 187, ""probe_family_hex"": ""00BF"", ""grammar"": ""short"", ""marker_hex"": """", ""tx_can_id_hex"": ""00BFC82D"", ""tx_data_hex"": ""01 00 00 2D C8"", ""tx_ok"": 1, ""pre_window_frames"": 107, ""post_window_frames"": 147, ""candidate_frames"": 0, ""candidate_families"": """", ""candidate_ids"": """", ""candidate_payloads"": """", ""first_candidate_latency_ms"": """", ""last_candidate_latency_ms"": """", ""active_001f_seen"": 0, ""response_103c_seen"": 0, ""operator_result"": """", ""notes"": """"}"
2026-09-30T07:20:18.747Z,219984.0,probe_00188_family_00C0,phase_started,probe_00188_family_00C0
2026-09-30T07:20:19.357Z,220593.0,probe_00188_family_00C0,probe_completed,"{""utc"": ""2026-09-30T07:20:19.357Z"", ""probe_index"": 188, ""probe_family_hex"": ""00C0"", ""grammar"": ""short"", ""marker_hex"": """", ""tx_can_id_hex"": ""00C0C82D"", ""tx_data_hex"": ""01 00 00 2D C8"", ""tx_ok"": 1, ""pre_window_frames"": 107, ""post_window_frames"": 143, ""candidate_frames"": 0, ""candidate_families"": """", ""candidate_ids"": """", ""candidate_payloads"": """", ""first_candidate_latency_ms"": """", ""last_candidate_latency_ms"": """", ""active_001f_seen"": 0, ""response_103c_seen"": 0, ""operator_result"": """", ""notes"": """"}"
2026-09-30T07:20:19.763Z,221000.0,probe_00189_family_00C1,phase_started,probe_00189_family_00C1
2026-09-30T07:20:20.379Z,221609.0,probe_00189_family_00C1,probe_completed,"{""utc"": ""2026-09-30T07:20:20.379Z"", ""probe_index"": 189, ""probe_family_hex"": ""00C1"", ""grammar"": ""short"", ""marker_hex"": """", ""tx_can_id_hex"": ""00C1C82D"", ""tx_data_hex"": ""01 00 00 2D C8"", ""tx_ok"": 1, ""pre_window_frames"": 107, ""post_window_frames"": 147, ""candidate_frames"": 0, ""candidate_families"": """", ""candidate_ids"": """", ""candidate_payloads"": """", ""first_candidate_latency_ms"": """", ""last_candidate_latency_ms"": """", ""active_001f_seen"": 0, ""response_103c_seen"": 0, ""operator_result"": """", ""notes"": """"}"
2026-09-30T07:20:20.780Z,222015.0,probe_00190_family_00C2,phase_started,probe_00190_family_00C2
2026-09-30T07:20:21.392Z,222625.0,probe_00190_family_00C2,probe_completed,"{""utc"": ""2026-09-30T07:20:21.392Z"", ""probe_index"": 190, ""probe_family_hex"": ""00C2"", ""grammar"": ""short"", ""marker_hex"": """", ""tx_can_id_hex"": ""00C2C82D"", ""tx_data_hex"": ""01 00 00 2D C8"", ""tx_ok"": 1, ""pre_window_frames"": 107, ""post_window_frames"": 147, ""candidate_frames"": 0, ""candidate_families"": """", ""candidate_ids"": """", ""candidate_payloads"": """", ""first_candidate_latency_ms"": """", ""last_candidate_latency_ms"": """", ""active_001f_seen"": 0, ""response_103c_seen"": 0, ""operator_result"": """", ""notes"": """"}"
2026-09-30T07:20:21.790Z,223031.0,probe_00191_family_00C3,phase_started,probe_00191_family_00C3
2026-09-30T07:20:22.412Z,223656.0,probe_00191_family_00C3,probe_completed,"{""utc"": ""2026-09-30T07:20:22.411Z"", ""probe_index"": 191, ""probe_family_hex"": ""00C3"", ""grammar"": ""short"", ""marker_hex"": """", ""tx_can_id_hex"": ""00C3C82D"", ""tx_data_hex"": ""01 00 00 2D C8"", ""tx_ok"": 1, ""pre_window_frames"": 107, ""post_window_frames"": 147, ""candidate_frames"": 0, ""candidate_families"": """", ""candidate_ids"": """", ""candidate_payloads"": """", ""first_candidate_latency_ms"": """", ""last_candidate_latency_ms"": """", ""active_001f_seen"": 0, ""response_103c_seen"": 0, ""operator_result"": """", ""notes"": """"}"
2026-09-30T07:20:22.829Z,224062.0,probe_00192_family_00C4,phase_started,probe_00192_family_00C4
2026-09-30T07:20:23.436Z,224671.0,probe_00192_family_00C4,probe_completed,"{""utc"": ""2026-09-30T07:20:23.436Z"", ""probe_index"": 192, ""probe_family_hex"": ""00C4"", ""grammar"": ""short"", ""marker_hex"": """", ""tx_can_id_hex"": ""00C4C82D"", ""tx_data_hex"": ""01 00 00 2D C8"", ""tx_ok"": 1, ""pre_window_frames"": 107, ""post_window_frames"": 145, ""candidate_frames"": 0, ""candidate_families"": """", ""candidate_ids"": """", ""candidate_payloads"": """", ""first_candidate_latency_ms"": """", ""last_candidate_latency_ms"": """", ""active_001f_seen"": 0, ""response_103c_seen"": 0, ""operator_result"": """", ""notes"": """"}"
2026-09-30T07:20:23.844Z,225078.0,probe_00193_family_00C5,phase_started,probe_00193_family_00C5
2026-09-30T07:20:24.458Z,225687.0,probe_00193_family_00C5,probe_completed,"{""utc"": ""2026-09-30T07:20:24.458Z"", ""probe_index"": 193, ""probe_family_hex"": ""00C5"", ""grammar"": ""short"", ""marker_hex"": """", ""tx_can_id_hex"": ""00C5C82D"", ""tx_data_hex"": ""01 00 00 2D C8"", ""tx_ok"": 1, ""pre_window_frames"": 107, ""post_window_frames"": 147, ""candidate_frames"": 0, ""candidate_families"": """", ""candidate_ids"": """", ""candidate_payloads"": """", ""first_candidate_latency_ms"": """", ""last_candidate_latency_ms"": """", ""active_001f_seen"": 0, ""response_103c_seen"": 0, ""operator_result"": """", ""notes"": """"}"
2026-09-30T07:20:24.855Z,226093.0,probe_00194_family_00C6,phase_started,probe_00194_family_00C6
2026-09-30T07:20:25.472Z,226703.0,probe_00194_family_00C6,probe_completed,"{""utc"": ""2026-09-30T07:20:25.472Z"", ""probe_index"": 194, ""probe_family_hex"": ""00C6"", ""grammar"": ""short"", ""marker_hex"": """", ""tx_can_id_hex"": ""00C6C82D"", ""tx_data_hex"": ""01 00 00 2D C8"", ""tx_ok"": 1, ""pre_window_frames"": 107, ""post_window_frames"": 147, ""candidate_frames"": 0, ""candidate_families"": """", ""candidate_ids"": """", ""candidate_payloads"": """", ""first_candidate_latency_ms"": """", ""last_candidate_latency_ms"": """", ""active_001f_seen"": 0, ""response_103c_seen"": 0, ""operator_result"": """", ""notes"": """"}"
2026-09-30T07:20:25.869Z,227109.0,probe_00195_family_00C7,phase_started,probe_00195_family_00C7
2026-09-30T07:20:26.487Z,227718.0,probe_00195_family_00C7,probe_completed,"{""utc"": ""2026-09-30T07:20:26.487Z"", ""probe_index"": 195, ""probe_family_hex"": ""00C7"", ""grammar"": ""short"", ""marker_hex"": """", ""tx_can_id_hex"": ""00C7C82D"", ""tx_data_hex"": ""01 00 00 2D C8"", ""tx_ok"": 1, ""pre_window_frames"": 107, ""post_window_frames"": 147, ""candidate_frames"": 0, ""candidate_families"": """", ""candidate_ids"": """", ""candidate_payloads"": """", ""first_candidate_latency_ms"": """", ""last_candidate_latency_ms"": """", ""active_001f_seen"": 0, ""response_103c_seen"": 0, ""operator_result"": """", ""notes"": """"}"
2026-09-30T07:20:26.884Z,228125.0,probe_00196_family_00C8,phase_started,probe_00196_family_00C8
2026-09-30T07:20:27.502Z,228734.0,probe_00196_family_00C8,probe_completed,"{""utc"": ""2026-09-30T07:20:27.502Z"", ""probe_index"": 196, ""probe_family_hex"": ""00C8"", ""grammar"": ""short"", ""marker_hex"": """", ""tx_can_id_hex"": ""00C8C82D"", ""tx_data_hex"": ""01 00 00 2D C8"", ""tx_ok"": 1, ""pre_window_frames"": 107, ""post_window_frames"": 147, ""candidate_frames"": 0, ""candidate_families"": """", ""candidate_ids"": """", ""candidate_payloads"": """", ""first_candidate_latency_ms"": """", ""last_candidate_latency_ms"": """", ""active_001f_seen"": 0, ""response_103c_seen"": 0, ""operator_result"": """", ""notes"": """"}"
2026-09-30T07:20:27.900Z,229140.0,probe_00197_family_00C9,phase_started,probe_00197_family_00C9
2026-09-30T07:20:28.516Z,229750.0,probe_00197_family_00C9,probe_completed,"{""utc"": ""2026-09-30T07:20:28.516Z"", ""probe_index"": 197, ""probe_family_hex"": ""00C9"", ""grammar"": ""short"", ""marker_hex"": """", ""tx_can_id_hex"": ""00C9C82D"", ""tx_data_hex"": ""01 00 00 2D C8"", ""tx_ok"": 1, ""pre_window_frames"": 109, ""post_window_frames"": 147, ""candidate_frames"": 0, ""candidate_families"": """", ""candidate_ids"": """", ""candidate_payloads"": """", ""first_candidate_latency_ms"": """", ""last_candidate_latency_ms"": """", ""active_001f_seen"": 0, ""response_103c_seen"": 0, ""operator_result"": """", ""notes"": """"}"
2026-09-30T07:20:28.915Z,230156.0,probe_00198_family_00CA,phase_started,probe_00198_family_00CA
2026-09-30T07:20:29.530Z,230765.0,probe_00198_family_00CA,probe_completed,"{""utc"": ""2026-09-30T07:20:29.530Z"", ""probe_index"": 198, ""probe_family_hex"": ""00CA"", ""grammar"": ""short"", ""marker_hex"": """", ""tx_can_id_hex"": ""00CAC82D"", ""tx_data_hex"": ""01 00 00 2D C8"", ""tx_ok"": 1, ""pre_window_frames"": 109, ""post_window_frames"": 145, ""candidate_frames"": 0, ""candidate_families"": """", ""candidate_ids"": """", ""candidate_payloads"": """", ""first_candidate_latency_ms"": """", ""last_candidate_latency_ms"": """", ""active_001f_seen"": 0, ""response_103c_seen"": 0, ""operator_result"": """", ""notes"": """"}"
2026-09-30T07:20:29.937Z,231171.0,probe_00199_family_00CB,phase_started,probe_00199_family_00CB
2026-09-30T07:20:30.548Z,231781.0,probe_00199_family_00CB,probe_completed,"{""utc"": ""2026-09-30T07:20:30.548Z"", ""probe_index"": 199, ""probe_family_hex"": ""00CB"", ""grammar"": ""short"", ""marker_hex"": """", ""tx_can_id_hex"": ""00CBC82D"", ""tx_data_hex"": ""01 00 00 2D C8"", ""tx_ok"": 1, ""pre_window_frames"": 107, ""post_window_frames"": 145, ""candidate_frames"": 0, ""candidate_families"": """", ""candidate_ids"": """", ""candidate_payloads"": """", ""first_candidate_latency_ms"": """", ""last_candidate_latency_ms"": """", ""active_001f_seen"": 0, ""response_103c_seen"": 0, ""operator_result"": """", ""notes"": """"}"
2026-09-30T07:20:30.947Z,232187.0,probe_00200_family_00CC,phase_started,probe_00200_family_00CC
2026-09-30T07:20:31.563Z,232796.0,probe_00200_family_00CC,probe_completed,"{""utc"": ""2026-09-30T07:20:31.563Z"", ""probe_index"": 200, ""probe_family_hex"": ""00CC"", ""grammar"": ""short"", ""marker_hex"": """", ""tx_can_id_hex"": ""00CCC82D"", ""tx_data_hex"": ""01 00 00 2D C8"", ""tx_ok"": 1, ""pre_window_frames"": 107, ""post_window_frames"": 145, ""candidate_frames"": 0, ""candidate_families"": """", ""candidate_ids"": """", ""candidate_payloads"": """", ""first_candidate_latency_ms"": """", ""last_candidate_latency_ms"": """", ""active_001f_seen"": 0, ""response_103c_seen"": 0, ""operator_result"": """", ""notes"": """"}"
2026-09-30T07:20:31.970Z,233203.0,probe_00201_family_00CD,phase_started,probe_00201_family_00CD
2026-09-30T07:20:32.578Z,233812.0,probe_00201_family_00CD,probe_completed,"{""utc"": ""2026-09-30T07:20:32.578Z"", ""probe_index"": 201, ""probe_family_hex"": ""00CD"", ""grammar"": ""short"", ""marker_hex"": """", ""tx_can_id_hex"": ""00CDC82D"", ""tx_data_hex"": ""01 00 00 2D C8"", ""tx_ok"": 1, ""pre_window_frames"": 107, ""post_window_frames"": 145, ""candidate_frames"": 0, ""candidate_families"": """", ""candidate_ids"": """", ""candidate_payloads"": """", ""first_candidate_latency_ms"": """", ""last_candidate_latency_ms"": """", ""active_001f_seen"": 0, ""response_103c_seen"": 0, ""operator_result"": """", ""notes"": """"}"
2026-09-30T07:20:32.985Z,234218.0,probe_00202_family_00CE,phase_started,probe_00202_family_00CE
2026-09-30T07:20:33.598Z,234828.0,probe_00202_family_00CE,probe_completed,"{""utc"": ""2026-09-30T07:20:33.598Z"", ""probe_index"": 202, ""probe_family_hex"": ""00CE"", ""grammar"": ""short"", ""marker_hex"": """", ""tx_can_id_hex"": ""00CEC82D"", ""tx_data_hex"": ""01 00 00 2D C8"", ""tx_ok"": 1, ""pre_window_frames"": 107, ""post_window_frames"": 147, ""candidate_frames"": 0, ""candidate_families"": """", ""candidate_ids"": """", ""candidate_payloads"": """", ""first_candidate_latency_ms"": """", ""last_candidate_latency_ms"": """", ""active_001f_seen"": 0, ""response_103c_seen"": 0, ""operator_result"": """", ""notes"": """"}"
2026-09-30T07:20:33.996Z,235234.0,probe_00203_family_00CF,phase_started,probe_00203_family_00CF
2026-09-30T07:20:34.608Z,235843.0,probe_00203_family_00CF,probe_completed,"{""utc"": ""2026-09-30T07:20:34.608Z"", ""probe_index"": 203, ""probe_family_hex"": ""00CF"", ""grammar"": ""short"", ""marker_hex"": """", ""tx_can_id_hex"": ""00CFC82D"", ""tx_data_hex"": ""01 00 00 2D C8"", ""tx_ok"": 1, ""pre_window_frames"": 107, ""post_window_frames"": 145, ""candidate_frames"": 0, ""candidate_families"": """", ""candidate_ids"": """", ""candidate_payloads"": """", ""first_candidate_latency_ms"": """", ""last_candidate_latency_ms"": """", ""active_001f_seen"": 0, ""response_103c_seen"": 0, ""operator_result"": """", ""notes"": """"}"
2026-09-30T07:20:35.015Z,236250.0,probe_00204_family_00D0,phase_started,probe_00204_family_00D0
2026-09-30T07:20:35.624Z,236859.0,probe_00204_family_00D0,probe_completed,"{""utc"": ""2026-09-30T07:20:35.624Z"", ""probe_index"": 204, ""probe_family_hex"": ""00D0"", ""grammar"": ""short"", ""marker_hex"": """", ""tx_can_id_hex"": ""00D0C82D"", ""tx_data_hex"": ""01 00 00 2D C8"", ""tx_ok"": 1, ""pre_window_frames"": 107, ""post_window_frames"": 145, ""candidate_frames"": 0, ""candidate_families"": """", ""candidate_ids"": """", ""candidate_payloads"": """", ""first_candidate_latency_ms"": """", ""last_candidate_latency_ms"": """", ""active_001f_seen"": 0, ""response_103c_seen"": 0, ""operator_result"": """", ""notes"": """"}"
2026-09-30T07:20:36.033Z,237265.0,probe_00205_family_00D1,phase_started,probe_00205_family_00D1
2026-09-30T07:20:36.643Z,237875.0,probe_00205_family_00D1,probe_completed,"{""utc"": ""2026-09-30T07:20:36.643Z"", ""probe_index"": 205, ""probe_family_hex"": ""00D1"", ""grammar"": ""short"", ""marker_hex"": """", ""tx_can_id_hex"": ""00D1C82D"", ""tx_data_hex"": ""01 00 00 2D C8"", ""tx_ok"": 1, ""pre_window_frames"": 107, ""post_window_frames"": 147, ""candidate_frames"": 0, ""candidate_families"": """", ""candidate_ids"": """", ""candidate_payloads"": """", ""first_candidate_latency_ms"": """", ""last_candidate_latency_ms"": """", ""active_001f_seen"": 0, ""response_103c_seen"": 0, ""operator_result"": """", ""notes"": """"}"
2026-09-30T07:20:37.040Z,238281.0,probe_00206_family_00D2,phase_started,probe_00206_family_00D2
2026-09-30T07:20:37.658Z,238890.0,probe_00206_family_00D2,probe_completed,"{""utc"": ""2026-09-30T07:20:37.658Z"", ""probe_index"": 206, ""probe_family_hex"": ""00D2"", ""grammar"": ""short"", ""marker_hex"": """", ""tx_can_id_hex"": ""00D2C82D"", ""tx_data_hex"": ""01 00 00 2D C8"", ""tx_ok"": 1, ""pre_window_frames"": 107, ""post_window_frames"": 145, ""candidate_frames"": 0, ""candidate_families"": """", ""candidate_ids"": """", ""candidate_payloads"": """", ""first_candidate_latency_ms"": """", ""last_candidate_latency_ms"": """", ""active_001f_seen"": 0, ""response_103c_seen"": 0, ""operator_result"": """", ""notes"": """"}"
2026-09-30T07:20:38.064Z,239296.0,probe_00207_family_00D3,phase_started,probe_00207_family_00D3
2026-09-30T07:20:38.670Z,239906.0,probe_00207_family_00D3,probe_completed,"{""utc"": ""2026-09-30T07:20:38.670Z"", ""probe_index"": 207, ""probe_family_hex"": ""00D3"", ""grammar"": ""short"", ""marker_hex"": """", ""tx_can_id_hex"": ""00D3C82D"", ""tx_data_hex"": ""01 00 00 2D C8"", ""tx_ok"": 1, ""pre_window_frames"": 107, ""post_window_frames"": 143, ""candidate_frames"": 0, ""candidate_families"": """", ""candidate_ids"": """", ""candidate_payloads"": """", ""first_candidate_latency_ms"": """", ""last_candidate_latency_ms"": """", ""active_001f_seen"": 0, ""response_103c_seen"": 0, ""operator_result"": """", ""notes"": """"}"
2026-09-30T07:20:39.079Z,240312.0,probe_00208_family_00D4,phase_started,probe_00208_family_00D4
2026-09-30T07:20:39.687Z,240921.0,probe_00208_family_00D4,probe_completed,"{""utc"": ""2026-09-30T07:20:39.687Z"", ""probe_index"": 208, ""probe_family_hex"": ""00D4"", ""grammar"": ""short"", ""marker_hex"": """", ""tx_can_id_hex"": ""00D4C82D"", ""tx_data_hex"": ""01 00 00 2D C8"", ""tx_ok"": 1, ""pre_window_frames"": 107, ""post_window_frames"": 145, ""candidate_frames"": 0, ""candidate_families"": """", ""candidate_ids"": """", ""candidate_payloads"": """", ""first_candidate_latency_ms"": """", ""last_candidate_latency_ms"": """", ""active_001f_seen"": 0, ""response_103c_seen"": 0, ""operator_result"": """", ""notes"": """"}"
2026-09-30T07:20:40.094Z,241328.0,probe_00209_family_00D5,phase_started,probe_00209_family_00D5
2026-09-30T07:20:40.702Z,241937.0,probe_00209_family_00D5,probe_completed,"{""utc"": ""2026-09-30T07:20:40.702Z"", ""probe_index"": 209, ""probe_family_hex"": ""00D5"", ""grammar"": ""short"", ""marker_hex"": """", ""tx_can_id_hex"": ""00D5C82D"", ""tx_data_hex"": ""01 00 00 2D C8"", ""tx_ok"": 1, ""pre_window_frames"": 107, ""post_window_frames"": 145, ""candidate_frames"": 0, ""candidate_families"": """", ""candidate_ids"": """", ""candidate_payloads"": """", ""first_candidate_latency_ms"": """", ""last_candidate_latency_ms"": """", ""active_001f_seen"": 0, ""response_103c_seen"": 0, ""operator_result"": """", ""notes"": """"}"
2026-09-30T07:20:41.109Z,242343.0,probe_00210_family_00D6,phase_started,probe_00210_family_00D6
2026-09-30T07:20:41.720Z,242953.0,probe_00210_family_00D6,probe_completed,"{""utc"": ""2026-09-30T07:20:41.720Z"", ""probe_index"": 210, ""probe_family_hex"": ""00D6"", ""grammar"": ""short"", ""marker_hex"": """", ""tx_can_id_hex"": ""00D6C82D"", ""tx_data_hex"": ""01 00 00 2D C8"", ""tx_ok"": 1, ""pre_window_frames"": 108, ""post_window_frames"": 147, ""candidate_frames"": 0, ""candidate_families"": """", ""candidate_ids"": """", ""candidate_payloads"": """", ""first_candidate_latency_ms"": """", ""last_candidate_latency_ms"": """", ""active_001f_seen"": 0, ""response_103c_seen"": 0, ""operator_result"": """", ""notes"": """"}"
2026-09-30T07:20:42.121Z,243359.0,probe_00211_family_00D7,phase_started,probe_00211_family_00D7
2026-09-30T07:20:42.733Z,243968.0,probe_00211_family_00D7,probe_completed,"{""utc"": ""2026-09-30T07:20:42.733Z"", ""probe_index"": 211, ""probe_family_hex"": ""00D7"", ""grammar"": ""short"", ""marker_hex"": """", ""tx_can_id_hex"": ""00D7C82D"", ""tx_data_hex"": ""01 00 00 2D C8"", ""tx_ok"": 1, ""pre_window_frames"": 109, ""post_window_frames"": 145, ""candidate_frames"": 0, ""candidate_families"": """", ""candidate_ids"": """", ""candidate_payloads"": """", ""first_candidate_latency_ms"": """", ""last_candidate_latency_ms"": """", ""active_001f_seen"": 0, ""response_103c_seen"": 0, ""operator_result"": """", ""notes"": """"}"
2026-09-30T07:20:43.140Z,244375.0,probe_00212_family_00D8,phase_started,probe_00212_family_00D8
2026-09-30T07:20:43.755Z,244984.0,probe_00212_family_00D8,probe_completed,"{""utc"": ""2026-09-30T07:20:43.755Z"", ""probe_index"": 212, ""probe_family_hex"": ""00D8"", ""grammar"": ""short"", ""marker_hex"": """", ""tx_can_id_hex"": ""00D8C82D"", ""tx_data_hex"": ""01 00 00 2D C8"", ""tx_ok"": 1, ""pre_window_frames"": 109, ""post_window_frames"": 147, ""candidate_frames"": 0, ""candidate_families"": """", ""candidate_ids"": """", ""candidate_payloads"": """", ""first_candidate_latency_ms"": """", ""last_candidate_latency_ms"": """", ""active_001f_seen"": 0, ""response_103c_seen"": 0, ""operator_result"": """", ""notes"": """"}"
2026-09-30T07:20:44.156Z,245390.0,probe_00213_family_00D9,phase_started,probe_00213_family_00D9
2026-09-30T07:20:44.768Z,246000.0,probe_00213_family_00D9,probe_completed,"{""utc"": ""2026-09-30T07:20:44.768Z"", ""probe_index"": 213, ""probe_family_hex"": ""00D9"", ""grammar"": ""short"", ""marker_hex"": """", ""tx_can_id_hex"": ""00D9C82D"", ""tx_data_hex"": ""01 00 00 2D C8"", ""tx_ok"": 1, ""pre_window_frames"": 107, ""post_window_frames"": 145, ""candidate_frames"": 0, ""candidate_families"": """", ""candidate_ids"": """", ""candidate_payloads"": """", ""first_candidate_latency_ms"": """", ""last_candidate_latency_ms"": """", ""active_001f_seen"": 0, ""response_103c_seen"": 0, ""operator_result"": """", ""notes"": """"}"
2026-09-30T07:20:45.169Z,246406.0,probe_00214_family_00DA,phase_started,probe_00214_family_00DA
2026-09-30T07:20:45.782Z,247015.0,probe_00214_family_00DA,probe_completed,"{""utc"": ""2026-09-30T07:20:45.782Z"", ""probe_index"": 214, ""probe_family_hex"": ""00DA"", ""grammar"": ""short"", ""marker_hex"": """", ""tx_can_id_hex"": ""00DAC82D"", ""tx_data_hex"": ""01 00 00 2D C8"", ""tx_ok"": 1, ""pre_window_frames"": 107, ""post_window_frames"": 145, ""candidate_frames"": 0, ""candidate_families"": """", ""candidate_ids"": """", ""candidate_payloads"": """", ""first_candidate_latency_ms"": """", ""last_candidate_latency_ms"": """", ""active_001f_seen"": 0, ""response_103c_seen"": 0, ""operator_result"": """", ""notes"": """"}"
2026-09-30T07:20:46.180Z,247421.0,probe_00215_family_00DB,phase_started,probe_00215_family_00DB
2026-09-30T07:20:46.799Z,248031.0,probe_00215_family_00DB,probe_completed,"{""utc"": ""2026-09-30T07:20:46.799Z"", ""probe_index"": 215, ""probe_family_hex"": ""00DB"", ""grammar"": ""short"", ""marker_hex"": """", ""tx_can_id_hex"": ""00DBC82D"", ""tx_data_hex"": ""01 00 00 2D C8"", ""tx_ok"": 1, ""pre_window_frames"": 107, ""post_window_frames"": 146, ""candidate_frames"": 0, ""candidate_families"": """", ""candidate_ids"": """", ""candidate_payloads"": """", ""first_candidate_latency_ms"": """", ""last_candidate_latency_ms"": """", ""active_001f_seen"": 0, ""response_103c_seen"": 0, ""operator_result"": """", ""notes"": """"}"
2026-09-30T07:20:47.206Z,248437.0,probe_00216_family_00DC,phase_started,probe_00216_family_00DC
2026-09-30T07:20:47.814Z,249046.0,probe_00216_family_00DC,probe_completed,"{""utc"": ""2026-09-30T07:20:47.813Z"", ""probe_index"": 216, ""probe_family_hex"": ""00DC"", ""grammar"": ""short"", ""marker_hex"": """", ""tx_can_id_hex"": ""00DCC82D"", ""tx_data_hex"": ""01 00 00 2D C8"", ""tx_ok"": 1, ""pre_window_frames"": 107, ""post_window_frames"": 145, ""candidate_frames"": 0, ""candidate_families"": """", ""candidate_ids"": """", ""candidate_payloads"": """", ""first_candidate_latency_ms"": """", ""last_candidate_latency_ms"": """", ""active_001f_seen"": 0, ""response_103c_seen"": 0, ""operator_result"": """", ""notes"": """"}"
2026-09-30T07:20:48.219Z,249453.0,probe_00217_family_00DD,phase_started,probe_00217_family_00DD
2026-09-30T07:20:48.829Z,250062.0,probe_00217_family_00DD,probe_completed,"{""utc"": ""2026-09-30T07:20:48.829Z"", ""probe_index"": 217, ""probe_family_hex"": ""00DD"", ""grammar"": ""short"", ""marker_hex"": """", ""tx_can_id_hex"": ""00DDC82D"", ""tx_data_hex"": ""01 00 00 2D C8"", ""tx_ok"": 1, ""pre_window_frames"": 109, ""post_window_frames"": 145, ""candidate_frames"": 0, ""candidate_families"": """", ""candidate_ids"": """", ""candidate_payloads"": """", ""first_candidate_latency_ms"": """", ""last_candidate_latency_ms"": """", ""active_001f_seen"": 0, ""response_103c_seen"": 0, ""operator_result"": """", ""notes"": """"}"
2026-09-30T07:20:49.236Z,250468.0,probe_00218_family_00DE,phase_started,probe_00218_family_00DE
2026-09-30T07:20:49.845Z,251078.0,probe_00218_family_00DE,probe_completed,"{""utc"": ""2026-09-30T07:20:49.845Z"", ""probe_index"": 218, ""probe_family_hex"": ""00DE"", ""grammar"": ""short"", ""marker_hex"": """", ""tx_can_id_hex"": ""00DEC82D"", ""tx_data_hex"": ""01 00 00 2D C8"", ""tx_ok"": 1, ""pre_window_frames"": 107, ""post_window_frames"": 144, ""candidate_frames"": 0, ""candidate_families"": """", ""candidate_ids"": """", ""candidate_payloads"": """", ""first_candidate_latency_ms"": """", ""last_candidate_latency_ms"": """", ""active_001f_seen"": 0, ""response_103c_seen"": 0, ""operator_result"": """", ""notes"": """"}"
2026-09-30T07:20:50.243Z,251484.0,probe_00219_family_00DF,phase_started,probe_00219_family_00DF
2026-09-30T07:20:50.859Z,252093.0,probe_00219_family_00DF,probe_completed,"{""utc"": ""2026-09-30T07:20:50.859Z"", ""probe_index"": 219, ""probe_family_hex"": ""00DF"", ""grammar"": ""short"", ""marker_hex"": """", ""tx_can_id_hex"": ""00DFC82D"", ""tx_data_hex"": ""01 00 00 2D C8"", ""tx_ok"": 1, ""pre_window_frames"": 107, ""post_window_frames"": 145, ""candidate_frames"": 0, ""candidate_families"": """", ""candidate_ids"": """", ""candidate_payloads"": """", ""first_candidate_latency_ms"": """", ""last_candidate_latency_ms"": """", ""active_001f_seen"": 0, ""response_103c_seen"": 0, ""operator_result"": """", ""notes"": """"}"
2026-09-30T07:20:51.259Z,252500.0,probe_00220_family_00E0,phase_started,probe_00220_family_00E0
2026-09-30T07:20:51.880Z,253109.0,probe_00220_family_00E0,probe_completed,"{""utc"": ""2026-09-30T07:20:51.880Z"", ""probe_index"": 220, ""probe_family_hex"": ""00E0"", ""grammar"": ""short"", ""marker_hex"": """", ""tx_can_id_hex"": ""00E0C82D"", ""tx_data_hex"": ""01 00 00 2D C8"", ""tx_ok"": 1, ""pre_window_frames"": 107, ""post_window_frames"": 147, ""candidate_frames"": 0, ""candidate_families"": """", ""candidate_ids"": """", ""candidate_payloads"": """", ""first_candidate_latency_ms"": """", ""last_candidate_latency_ms"": """", ""active_001f_seen"": 0, ""response_103c_seen"": 0, ""operator_result"": """", ""notes"": """"}"
2026-09-30T07:20:52.281Z,253515.0,probe_00221_family_00E1,phase_started,probe_00221_family_00E1
2026-09-30T07:20:52.894Z,254125.0,probe_00221_family_00E1,probe_completed,"{""utc"": ""2026-09-30T07:20:52.894Z"", ""probe_index"": 221, ""probe_family_hex"": ""00E1"", ""grammar"": ""short"", ""marker_hex"": """", ""tx_can_id_hex"": ""00E1C82D"", ""tx_data_hex"": ""01 00 00 2D C8"", ""tx_ok"": 1, ""pre_window_frames"": 107, ""post_window_frames"": 145, ""candidate_frames"": 0, ""candidate_families"": """", ""candidate_ids"": """", ""candidate_payloads"": """", ""first_candidate_latency_ms"": """", ""last_candidate_latency_ms"": """", ""active_001f_seen"": 0, ""response_103c_seen"": 0, ""operator_result"": """", ""notes"": """"}"
2026-09-30T07:20:53.293Z,254531.0,probe_00222_family_00E2,phase_started,probe_00222_family_00E2
2026-09-30T07:20:53.906Z,255140.0,probe_00222_family_00E2,probe_completed,"{""utc"": ""2026-09-30T07:20:53.906Z"", ""probe_index"": 222, ""probe_family_hex"": ""00E2"", ""grammar"": ""short"", ""marker_hex"": """", ""tx_can_id_hex"": ""00E2C82D"", ""tx_data_hex"": ""01 00 00 2D C8"", ""tx_ok"": 1, ""pre_window_frames"": 107, ""post_window_frames"": 145, ""candidate_frames"": 0, ""candidate_families"": """", ""candidate_ids"": """", ""candidate_payloads"": """", ""first_candidate_latency_ms"": """", ""last_candidate_latency_ms"": """", ""active_001f_seen"": 0, ""response_103c_seen"": 0, ""operator_result"": """", ""notes"": """"}"
2026-09-30T07:20:54.315Z,255546.0,probe_00223_family_00E3,phase_started,probe_00223_family_00E3
2026-09-30T07:20:54.926Z,256156.0,probe_00223_family_00E3,probe_completed,"{""utc"": ""2026-09-30T07:20:54.926Z"", ""probe_index"": 223, ""probe_family_hex"": ""00E3"", ""grammar"": ""short"", ""marker_hex"": """", ""tx_can_id_hex"": ""00E3C82D"", ""tx_data_hex"": ""01 00 00 2D C8"", ""tx_ok"": 1, ""pre_window_frames"": 107, ""post_window_frames"": 147, ""candidate_frames"": 0, ""candidate_families"": """", ""candidate_ids"": """", ""candidate_payloads"": """", ""first_candidate_latency_ms"": """", ""last_candidate_latency_ms"": """", ""active_001f_seen"": 0, ""response_103c_seen"": 0, ""operator_result"": """", ""notes"": """"}"
2026-09-30T07:20:55.326Z,256562.0,probe_00224_family_00E4,phase_started,probe_00224_family_00E4
2026-09-30T07:20:55.938Z,257171.0,probe_00224_family_00E4,probe_completed,"{""utc"": ""2026-09-30T07:20:55.938Z"", ""probe_index"": 224, ""probe_family_hex"": ""00E4"", ""grammar"": ""short"", ""marker_hex"": """", ""tx_can_id_hex"": ""00E4C82D"", ""tx_data_hex"": ""01 00 00 2D C8"", ""tx_ok"": 1, ""pre_window_frames"": 107, ""post_window_frames"": 145, ""candidate_frames"": 0, ""candidate_families"": """", ""candidate_ids"": """", ""candidate_payloads"": """", ""first_candidate_latency_ms"": """", ""last_candidate_latency_ms"": """", ""active_001f_seen"": 0, ""response_103c_seen"": 0, ""operator_result"": """", ""notes"": """"}"
2026-09-30T07:20:56.344Z,257578.0,probe_00225_family_00E5,phase_started,probe_00225_family_00E5
2026-09-30T07:20:56.959Z,258187.0,probe_00225_family_00E5,probe_completed,"{""utc"": ""2026-09-30T07:20:56.959Z"", ""probe_index"": 225, ""probe_family_hex"": ""00E5"", ""grammar"": ""short"", ""marker_hex"": """", ""tx_can_id_hex"": ""00E5C82D"", ""tx_data_hex"": ""01 00 00 2D C8"", ""tx_ok"": 1, ""pre_window_frames"": 107, ""post_window_frames"": 148, ""candidate_frames"": 0, ""candidate_families"": """", ""candidate_ids"": """", ""candidate_payloads"": """", ""first_candidate_latency_ms"": """", ""last_candidate_latency_ms"": """", ""active_001f_seen"": 0, ""response_103c_seen"": 0, ""operator_result"": """", ""notes"": """"}"
2026-09-30T07:20:57.376Z,258609.0,probe_00226_family_00E6,phase_started,probe_00226_family_00E6
2026-09-30T07:20:57.991Z,259234.0,probe_00226_family_00E6,probe_completed,"{""utc"": ""2026-09-30T07:20:57.991Z"", ""probe_index"": 226, ""probe_family_hex"": ""00E6"", ""grammar"": ""short"", ""marker_hex"": """", ""tx_can_id_hex"": ""00E6C82D"", ""tx_data_hex"": ""01 00 00 2D C8"", ""tx_ok"": 1, ""pre_window_frames"": 107, ""post_window_frames"": 147, ""candidate_frames"": 0, ""candidate_families"": """", ""candidate_ids"": """", ""candidate_payloads"": """", ""first_candidate_latency_ms"": """", ""last_candidate_latency_ms"": """", ""active_001f_seen"": 0, ""response_103c_seen"": 0, ""operator_result"": """", ""notes"": """"}"
2026-09-30T07:20:58.409Z,259640.0,probe_00227_family_00E7,phase_started,probe_00227_family_00E7
2026-09-30T07:20:59.018Z,260250.0,probe_00227_family_00E7,probe_completed,"{""utc"": ""2026-09-30T07:20:59.017Z"", ""probe_index"": 227, ""probe_family_hex"": ""00E7"", ""grammar"": ""short"", ""marker_hex"": """", ""tx_can_id_hex"": ""00E7C82D"", ""tx_data_hex"": ""01 00 00 2D C8"", ""tx_ok"": 1, ""pre_window_frames"": 107, ""post_window_frames"": 145, ""candidate_frames"": 0, ""candidate_families"": """", ""candidate_ids"": """", ""candidate_payloads"": """", ""first_candidate_latency_ms"": """", ""last_candidate_latency_ms"": """", ""active_001f_seen"": 0, ""response_103c_seen"": 0, ""operator_result"": """", ""notes"": """"}"
2026-09-30T07:20:59.417Z,260656.0,probe_00228_family_00E8,phase_started,probe_00228_family_00E8
2026-09-30T07:21:00.031Z,261265.0,probe_00228_family_00E8,probe_completed,"{""utc"": ""2026-09-30T07:21:00.031Z"", ""probe_index"": 228, ""probe_family_hex"": ""00E8"", ""grammar"": ""short"", ""marker_hex"": """", ""tx_can_id_hex"": ""00E8C82D"", ""tx_data_hex"": ""01 00 00 2D C8"", ""tx_ok"": 1, ""pre_window_frames"": 107, ""post_window_frames"": 145, ""candidate_frames"": 0, ""candidate_families"": """", ""candidate_ids"": """", ""candidate_payloads"": """", ""first_candidate_latency_ms"": """", ""last_candidate_latency_ms"": """", ""active_001f_seen"": 0, ""response_103c_seen"": 0, ""operator_result"": """", ""notes"": """"}"
2026-09-30T07:21:00.439Z,261671.0,probe_00229_family_00E9,phase_started,probe_00229_family_00E9
2026-09-30T07:21:01.051Z,262281.0,probe_00229_family_00E9,probe_completed,"{""utc"": ""2026-09-30T07:21:01.051Z"", ""probe_index"": 229, ""probe_family_hex"": ""00E9"", ""grammar"": ""short"", ""marker_hex"": """", ""tx_can_id_hex"": ""00E9C82D"", ""tx_data_hex"": ""01 00 00 2D C8"", ""tx_ok"": 1, ""pre_window_frames"": 107, ""post_window_frames"": 147, ""candidate_frames"": 0, ""candidate_families"": """", ""candidate_ids"": """", ""candidate_payloads"": """", ""first_candidate_latency_ms"": """", ""last_candidate_latency_ms"": """", ""active_001f_seen"": 0, ""response_103c_seen"": 0, ""operator_result"": """", ""notes"": """"}"
2026-09-30T07:21:01.448Z,262687.0,probe_00230_family_00EA,phase_started,probe_00230_family_00EA
2026-09-30T07:21:02.069Z,263312.0,probe_00230_family_00EA,probe_completed,"{""utc"": ""2026-09-30T07:21:02.068Z"", ""probe_index"": 230, ""probe_family_hex"": ""00EA"", ""grammar"": ""short"", ""marker_hex"": """", ""tx_can_id_hex"": ""00EAC82D"", ""tx_data_hex"": ""01 00 00 2D C8"", ""tx_ok"": 1, ""pre_window_frames"": 109, ""post_window_frames"": 147, ""candidate_frames"": 0, ""candidate_families"": """", ""candidate_ids"": """", ""candidate_payloads"": """", ""first_candidate_latency_ms"": """", ""last_candidate_latency_ms"": """", ""active_001f_seen"": 0, ""response_103c_seen"": 0, ""operator_result"": """", ""notes"": """"}"
2026-09-30T07:21:02.478Z,263718.0,probe_00231_family_00EB,phase_started,probe_00231_family_00EB
2026-09-30T07:21:03.098Z,264328.0,probe_00231_family_00EB,probe_completed,"{""utc"": ""2026-09-30T07:21:03.098Z"", ""probe_index"": 231, ""probe_family_hex"": ""00EB"", ""grammar"": ""short"", ""marker_hex"": """", ""tx_can_id_hex"": ""00EBC82D"", ""tx_data_hex"": ""01 00 00 2D C8"", ""tx_ok"": 1, ""pre_window_frames"": 107, ""post_window_frames"": 145, ""candidate_frames"": 0, ""candidate_families"": """", ""candidate_ids"": """", ""candidate_payloads"": """", ""first_candidate_latency_ms"": """", ""last_candidate_latency_ms"": """", ""active_001f_seen"": 0, ""response_103c_seen"": 0, ""operator_result"": """", ""notes"": """"}"
2026-09-30T07:21:03.497Z,264734.0,probe_00232_family_00EC,phase_started,probe_00232_family_00EC
2026-09-30T07:21:04.109Z,265343.0,probe_00232_family_00EC,probe_completed,"{""utc"": ""2026-09-30T07:21:04.109Z"", ""probe_index"": 232, ""probe_family_hex"": ""00EC"", ""grammar"": ""short"", ""marker_hex"": """", ""tx_can_id_hex"": ""00ECC82D"", ""tx_data_hex"": ""01 00 00 2D C8"", ""tx_ok"": 1, ""pre_window_frames"": 107, ""post_window_frames"": 145, ""candidate_frames"": 0, ""candidate_families"": """", ""candidate_ids"": """", ""candidate_payloads"": """", ""first_candidate_latency_ms"": """", ""last_candidate_latency_ms"": """", ""active_001f_seen"": 0, ""response_103c_seen"": 0, ""operator_result"": """", ""notes"": """"}"
2026-09-30T07:21:04.516Z,265750.0,probe_00233_family_00ED,phase_started,probe_00233_family_00ED
2026-09-30T07:21:05.131Z,266359.0,probe_00233_family_00ED,probe_completed,"{""utc"": ""2026-09-30T07:21:05.131Z"", ""probe_index"": 233, ""probe_family_hex"": ""00ED"", ""grammar"": ""short"", ""marker_hex"": """", ""tx_can_id_hex"": ""00EDC82D"", ""tx_data_hex"": ""01 00 00 2D C8"", ""tx_ok"": 1, ""pre_window_frames"": 107, ""post_window_frames"": 147, ""candidate_frames"": 0, ""candidate_families"": """", ""candidate_ids"": """", ""candidate_payloads"": """", ""first_candidate_latency_ms"": """", ""last_candidate_latency_ms"": """", ""active_001f_seen"": 0, ""response_103c_seen"": 0, ""operator_result"": """", ""notes"": """"}"
2026-09-30T07:21:05.529Z,266765.0,probe_00234_family_00EE,phase_started,probe_00234_family_00EE
2026-09-30T07:21:06.143Z,267375.0,probe_00234_family_00EE,probe_completed,"{""utc"": ""2026-09-30T07:21:06.143Z"", ""probe_index"": 234, ""probe_family_hex"": ""00EE"", ""grammar"": ""short"", ""marker_hex"": """", ""tx_can_id_hex"": ""00EEC82D"", ""tx_data_hex"": ""01 00 00 2D C8"", ""tx_ok"": 1, ""pre_window_frames"": 107, ""post_window_frames"": 145, ""candidate_frames"": 0, ""candidate_families"": """", ""candidate_ids"": """", ""candidate_payloads"": """", ""first_candidate_latency_ms"": """", ""last_candidate_latency_ms"": """", ""active_001f_seen"": 0, ""response_103c_seen"": 0, ""operator_result"": """", ""notes"": """"}"
2026-09-30T07:21:06.542Z,267781.0,probe_00235_family_00EF,phase_started,probe_00235_family_00EF
2026-09-30T07:21:07.157Z,268390.0,probe_00235_family_00EF,probe_completed,"{""utc"": ""2026-09-30T07:21:07.157Z"", ""probe_index"": 235, ""probe_family_hex"": ""00EF"", ""grammar"": ""short"", ""marker_hex"": """", ""tx_can_id_hex"": ""00EFC82D"", ""tx_data_hex"": ""01 00 00 2D C8"", ""tx_ok"": 1, ""pre_window_frames"": 108, ""post_window_frames"": 145, ""candidate_frames"": 0, ""candidate_families"": """", ""candidate_ids"": """", ""candidate_payloads"": """", ""first_candidate_latency_ms"": """", ""last_candidate_latency_ms"": """", ""active_001f_seen"": 0, ""response_103c_seen"": 0, ""operator_result"": """", ""notes"": """"}"
2026-09-30T07:21:07.565Z,268796.0,probe_00236_family_00F0,phase_started,probe_00236_family_00F0
2026-09-30T07:21:08.177Z,269406.0,probe_00236_family_00F0,probe_completed,"{""utc"": ""2026-09-30T07:21:08.177Z"", ""probe_index"": 236, ""probe_family_hex"": ""00F0"", ""grammar"": ""short"", ""marker_hex"": """", ""tx_can_id_hex"": ""00F0C82D"", ""tx_data_hex"": ""01 00 00 2D C8"", ""tx_ok"": 1, ""pre_window_frames"": 109, ""post_window_frames"": 145, ""candidate_frames"": 0, ""candidate_families"": """", ""candidate_ids"": """", ""candidate_payloads"": """", ""first_candidate_latency_ms"": """", ""last_candidate_latency_ms"": """", ""active_001f_seen"": 0, ""response_103c_seen"": 0, ""operator_result"": """", ""notes"": """"}"
2026-09-30T07:21:08.575Z,269812.0,probe_00237_family_00F1,phase_started,probe_00237_family_00F1
2026-09-30T07:21:09.188Z,270421.0,probe_00237_family_00F1,probe_completed,"{""utc"": ""2026-09-30T07:21:09.188Z"", ""probe_index"": 237, ""probe_family_hex"": ""00F1"", ""grammar"": ""short"", ""marker_hex"": """", ""tx_can_id_hex"": ""00F1C82D"", ""tx_data_hex"": ""01 00 00 2D C8"", ""tx_ok"": 1, ""pre_window_frames"": 107, ""post_window_frames"": 145, ""candidate_frames"": 0, ""candidate_families"": """", ""candidate_ids"": """", ""candidate_payloads"": """", ""first_candidate_latency_ms"": """", ""last_candidate_latency_ms"": """", ""active_001f_seen"": 0, ""response_103c_seen"": 0, ""operator_result"": """", ""notes"": """"}"
2026-09-30T07:21:09.587Z,270828.0,probe_00238_family_00F2,phase_started,probe_00238_family_00F2
2026-09-30T07:21:10.209Z,271437.0,probe_00238_family_00F2,probe_completed,"{""utc"": ""2026-09-30T07:21:10.209Z"", ""probe_index"": 238, ""probe_family_hex"": ""00F2"", ""grammar"": ""short"", ""marker_hex"": """", ""tx_can_id_hex"": ""00F2C82D"", ""tx_data_hex"": ""01 00 00 2D C8"", ""tx_ok"": 1, ""pre_window_frames"": 107, ""post_window_frames"": 147, ""candidate_frames"": 0, ""candidate_families"": """", ""candidate_ids"": """", ""candidate_payloads"": """", ""first_candidate_latency_ms"": """", ""last_candidate_latency_ms"": """", ""active_001f_seen"": 0, ""response_103c_seen"": 0, ""operator_result"": """", ""notes"": """"}"
2026-09-30T07:21:10.609Z,271843.0,probe_00239_family_00F3,phase_started,probe_00239_family_00F3
2026-09-30T07:21:11.221Z,272453.0,probe_00239_family_00F3,probe_completed,"{""utc"": ""2026-09-30T07:21:11.221Z"", ""probe_index"": 239, ""probe_family_hex"": ""00F3"", ""grammar"": ""short"", ""marker_hex"": """", ""tx_can_id_hex"": ""00F3C82D"", ""tx_data_hex"": ""01 00 00 2D C8"", ""tx_ok"": 1, ""pre_window_frames"": 107, ""post_window_frames"": 145, ""candidate_frames"": 0, ""candidate_families"": """", ""candidate_ids"": """", ""candidate_payloads"": """", ""first_candidate_latency_ms"": """", ""last_candidate_latency_ms"": """", ""active_001f_seen"": 0, ""response_103c_seen"": 0, ""operator_result"": """", ""notes"": """"}"
2026-09-30T07:21:11.621Z,272859.0,probe_00240_family_00F4,phase_started,probe_00240_family_00F4
2026-09-30T07:21:12.235Z,273468.0,probe_00240_family_00F4,probe_completed,"{""utc"": ""2026-09-30T07:21:12.235Z"", ""probe_index"": 240, ""probe_family_hex"": ""00F4"", ""grammar"": ""short"", ""marker_hex"": """", ""tx_can_id_hex"": ""00F4C82D"", ""tx_data_hex"": ""01 00 00 2D C8"", ""tx_ok"": 1, ""pre_window_frames"": 107, ""post_window_frames"": 145, ""candidate_frames"": 0, ""candidate_families"": """", ""candidate_ids"": """", ""candidate_payloads"": """", ""first_candidate_latency_ms"": """", ""last_candidate_latency_ms"": """", ""active_001f_seen"": 0, ""response_103c_seen"": 0, ""operator_result"": """", ""notes"": """"}"
2026-09-30T07:21:12.643Z,273875.0,probe_00241_family_00F5,phase_started,probe_00241_family_00F5
2026-09-30T07:21:13.257Z,274500.0,probe_00241_family_00F5,probe_completed,"{""utc"": ""2026-09-30T07:21:13.257Z"", ""probe_index"": 241, ""probe_family_hex"": ""00F5"", ""grammar"": ""short"", ""marker_hex"": """", ""tx_can_id_hex"": ""00F5C82D"", ""tx_data_hex"": ""01 00 00 2D C8"", ""tx_ok"": 1, ""pre_window_frames"": 107, ""post_window_frames"": 147, ""candidate_frames"": 0, ""candidate_families"": """", ""candidate_ids"": """", ""candidate_payloads"": """", ""first_candidate_latency_ms"": """", ""last_candidate_latency_ms"": """", ""active_001f_seen"": 0, ""response_103c_seen"": 0, ""operator_result"": """", ""notes"": """"}"
2026-09-30T07:21:13.674Z,274906.0,probe_00242_family_00F6,phase_started,probe_00242_family_00F6
2026-09-30T07:21:14.288Z,275531.0,probe_00242_family_00F6,probe_completed,"{""utc"": ""2026-09-30T07:21:14.288Z"", ""probe_index"": 242, ""probe_family_hex"": ""00F6"", ""grammar"": ""short"", ""marker_hex"": """", ""tx_can_id_hex"": ""00F6C82D"", ""tx_data_hex"": ""01 00 00 2D C8"", ""tx_ok"": 1, ""pre_window_frames"": 107, ""post_window_frames"": 148, ""candidate_frames"": 0, ""candidate_families"": """", ""candidate_ids"": """", ""candidate_payloads"": """", ""first_candidate_latency_ms"": """", ""last_candidate_latency_ms"": """", ""active_001f_seen"": 0, ""response_103c_seen"": 0, ""operator_result"": """", ""notes"": """"}"
2026-09-30T07:21:14.705Z,275937.0,probe_00243_family_00F7,phase_started,probe_00243_family_00F7
2026-09-30T07:21:15.314Z,276546.0,probe_00243_family_00F7,probe_completed,"{""utc"": ""2026-09-30T07:21:15.314Z"", ""probe_index"": 243, ""probe_family_hex"": ""00F7"", ""grammar"": ""short"", ""marker_hex"": """", ""tx_can_id_hex"": ""00F7C82D"", ""tx_data_hex"": ""01 00 00 2D C8"", ""tx_ok"": 1, ""pre_window_frames"": 107, ""post_window_frames"": 145, ""candidate_frames"": 0, ""candidate_families"": """", ""candidate_ids"": """", ""candidate_payloads"": """", ""first_candidate_latency_ms"": """", ""last_candidate_latency_ms"": """", ""active_001f_seen"": 0, ""response_103c_seen"": 0, ""operator_result"": """", ""notes"": """"}"
2026-09-30T07:21:15.721Z,276953.0,probe_00244_family_00F8,phase_started,probe_00244_family_00F8
2026-09-30T07:21:16.331Z,277562.0,probe_00244_family_00F8,probe_completed,"{""utc"": ""2026-09-30T07:21:16.331Z"", ""probe_index"": 244, ""probe_family_hex"": ""00F8"", ""grammar"": ""short"", ""marker_hex"": """", ""tx_can_id_hex"": ""00F8C82D"", ""tx_data_hex"": ""01 00 00 2D C8"", ""tx_ok"": 1, ""pre_window_frames"": 107, ""post_window_frames"": 145, ""candidate_frames"": 0, ""candidate_families"": """", ""candidate_ids"": """", ""candidate_payloads"": """", ""first_candidate_latency_ms"": """", ""last_candidate_latency_ms"": """", ""active_001f_seen"": 0, ""response_103c_seen"": 0, ""operator_result"": """", ""notes"": """"}"
2026-09-30T07:21:16.730Z,277968.0,probe_00245_family_00F9,phase_started,probe_00245_family_00F9
2026-09-30T07:21:17.351Z,278593.0,probe_00245_family_00F9,probe_completed,"{""utc"": ""2026-09-30T07:21:17.350Z"", ""probe_index"": 245, ""probe_family_hex"": ""00F9"", ""grammar"": ""short"", ""marker_hex"": """", ""tx_can_id_hex"": ""00F9C82D"", ""tx_data_hex"": ""01 00 00 2D C8"", ""tx_ok"": 1, ""pre_window_frames"": 107, ""post_window_frames"": 147, ""candidate_frames"": 0, ""candidate_families"": """", ""candidate_ids"": """", ""candidate_payloads"": """", ""first_candidate_latency_ms"": """", ""last_candidate_latency_ms"": """", ""active_001f_seen"": 0, ""response_103c_seen"": 0, ""operator_result"": """", ""notes"": """"}"
2026-09-30T07:21:17.767Z,279000.0,probe_00246_family_00FA,phase_started,probe_00246_family_00FA
2026-09-30T07:21:18.377Z,279609.0,probe_00246_family_00FA,probe_completed,"{""utc"": ""2026-09-30T07:21:18.377Z"", ""probe_index"": 246, ""probe_family_hex"": ""00FA"", ""grammar"": ""short"", ""marker_hex"": """", ""tx_can_id_hex"": ""00FAC82D"", ""tx_data_hex"": ""01 00 00 2D C8"", ""tx_ok"": 1, ""pre_window_frames"": 109, ""post_window_frames"": 145, ""candidate_frames"": 0, ""candidate_families"": """", ""candidate_ids"": """", ""candidate_payloads"": """", ""first_candidate_latency_ms"": """", ""last_candidate_latency_ms"": """", ""active_001f_seen"": 0, ""response_103c_seen"": 0, ""operator_result"": """", ""notes"": """"}"
2026-09-30T07:21:18.777Z,280015.0,probe_00247_family_00FB,phase_started,probe_00247_family_00FB
2026-09-30T07:21:19.393Z,280625.0,probe_00247_family_00FB,probe_completed,"{""utc"": ""2026-09-30T07:21:19.393Z"", ""probe_index"": 247, ""probe_family_hex"": ""00FB"", ""grammar"": ""short"", ""marker_hex"": """", ""tx_can_id_hex"": ""00FBC82D"", ""tx_data_hex"": ""01 00 00 2D C8"", ""tx_ok"": 1, ""pre_window_frames"": 107, ""post_window_frames"": 145, ""candidate_frames"": 0, ""candidate_families"": """", ""candidate_ids"": """", ""candidate_payloads"": """", ""first_candidate_latency_ms"": """", ""last_candidate_latency_ms"": """", ""active_001f_seen"": 0, ""response_103c_seen"": 0, ""operator_result"": """", ""notes"": """"}"
2026-09-30T07:21:19.792Z,281031.0,probe_00248_family_00FC,phase_started,probe_00248_family_00FC
2026-09-30T07:21:20.413Z,281656.0,probe_00248_family_00FC,probe_completed,"{""utc"": ""2026-09-30T07:21:20.412Z"", ""probe_index"": 248, ""probe_family_hex"": ""00FC"", ""grammar"": ""short"", ""marker_hex"": """", ""tx_can_id_hex"": ""00FCC82D"", ""tx_data_hex"": ""01 00 00 2D C8"", ""tx_ok"": 1, ""pre_window_frames"": 107, ""post_window_frames"": 147, ""candidate_frames"": 0, ""candidate_families"": """", ""candidate_ids"": """", ""candidate_payloads"": """", ""first_candidate_latency_ms"": """", ""last_candidate_latency_ms"": """", ""active_001f_seen"": 0, ""response_103c_seen"": 0, ""operator_result"": """", ""notes"": """"}"
2026-09-30T07:21:20.830Z,282062.0,probe_00249_family_00FD,phase_started,probe_00249_family_00FD
2026-09-30T07:21:21.443Z,282671.0,probe_00249_family_00FD,probe_completed,"{""utc"": ""2026-09-30T07:21:21.443Z"", ""probe_index"": 249, ""probe_family_hex"": ""00FD"", ""grammar"": ""short"", ""marker_hex"": """", ""tx_can_id_hex"": ""00FDC82D"", ""tx_data_hex"": ""01 00 00 2D C8"", ""tx_ok"": 1, ""pre_window_frames"": 107, ""post_window_frames"": 147, ""candidate_frames"": 0, ""candidate_families"": """", ""candidate_ids"": """", ""candidate_payloads"": """", ""first_candidate_latency_ms"": """", ""last_candidate_latency_ms"": """", ""active_001f_seen"": 0, ""response_103c_seen"": 0, ""operator_result"": """", ""notes"": """"}"
2026-09-30T07:21:21.840Z,283078.0,probe_00250_family_00FE,phase_started,probe_00250_family_00FE
2026-09-30T07:21:22.456Z,283687.0,probe_00250_family_00FE,probe_completed,"{""utc"": ""2026-09-30T07:21:22.456Z"", ""probe_index"": 250, ""probe_family_hex"": ""00FE"", ""grammar"": ""short"", ""marker_hex"": """", ""tx_can_id_hex"": ""00FEC82D"", ""tx_data_hex"": ""01 00 00 2D C8"", ""tx_ok"": 1, ""pre_window_frames"": 107, ""post_window_frames"": 145, ""candidate_frames"": 0, ""candidate_families"": """", ""candidate_ids"": """", ""candidate_payloads"": """", ""first_candidate_latency_ms"": """", ""last_candidate_latency_ms"": """", ""active_001f_seen"": 0, ""response_103c_seen"": 0, ""operator_result"": """", ""notes"": """"}"
2026-09-30T07:21:22.863Z,284093.0,probe_00251_family_00FF,phase_started,probe_00251_family_00FF
2026-09-30T07:21:23.475Z,284703.0,probe_00251_family_00FF,probe_completed,"{""utc"": ""2026-09-30T07:21:23.475Z"", ""probe_index"": 251, ""probe_family_hex"": ""00FF"", ""grammar"": ""short"", ""marker_hex"": """", ""tx_can_id_hex"": ""00FFC82D"", ""tx_data_hex"": ""01 00 00 2D C8"", ""tx_ok"": 1, ""pre_window_frames"": 107, ""post_window_frames"": 147, ""candidate_frames"": 0, ""candidate_families"": """", ""candidate_ids"": """", ""candidate_payloads"": """", ""first_candidate_latency_ms"": """", ""last_candidate_latency_ms"": """", ""active_001f_seen"": 0, ""response_103c_seen"": 0, ""operator_result"": """", ""notes"": """"}"
2026-09-30T07:21:23.873Z,285109.0,probe_00252_family_0100,phase_started,probe_00252_family_0100
2026-09-30T07:21:24.488Z,285718.0,probe_00252_family_0100,probe_completed,"{""utc"": ""2026-09-30T07:21:24.488Z"", ""probe_index"": 252, ""probe_family_hex"": ""0100"", ""grammar"": ""short"", ""marker_hex"": """", ""tx_can_id_hex"": ""0100C82D"", ""tx_data_hex"": ""01 00 00 2D C8"", ""tx_ok"": 1, ""pre_window_frames"": 107, ""post_window_frames"": 147, ""candidate_frames"": 0, ""candidate_families"": """", ""candidate_ids"": """", ""candidate_payloads"": """", ""first_candidate_latency_ms"": """", ""last_candidate_latency_ms"": """", ""active_001f_seen"": 0, ""response_103c_seen"": 0, ""operator_result"": """", ""notes"": """"}"
2026-09-30T07:21:24.884Z,286125.0,probe_00253_family_0101,phase_started,probe_00253_family_0101
2026-09-30T07:21:25.504Z,286734.0,probe_00253_family_0101,probe_completed,"{""utc"": ""2026-09-30T07:21:25.504Z"", ""probe_index"": 253, ""probe_family_hex"": ""0101"", ""grammar"": ""short"", ""marker_hex"": """", ""tx_can_id_hex"": ""0101C82D"", ""tx_data_hex"": ""01 00 00 2D C8"", ""tx_ok"": 1, ""pre_window_frames"": 108, ""post_window_frames"": 145, ""candidate_frames"": 0, ""candidate_families"": """", ""candidate_ids"": """", ""candidate_payloads"": """", ""first_candidate_latency_ms"": """", ""last_candidate_latency_ms"": """", ""active_001f_seen"": 0, ""response_103c_seen"": 0, ""operator_result"": """", ""notes"": """"}"
2026-09-30T07:21:25.902Z,287140.0,probe_00254_family_0102,phase_started,probe_00254_family_0102
2026-09-30T07:21:26.522Z,287765.0,probe_00254_family_0102,probe_completed,"{""utc"": ""2026-09-30T07:21:26.522Z"", ""probe_index"": 254, ""probe_family_hex"": ""0102"", ""grammar"": ""short"", ""marker_hex"": """", ""tx_can_id_hex"": ""0102C82D"", ""tx_data_hex"": ""01 00 00 2D C8"", ""tx_ok"": 1, ""pre_window_frames"": 107, ""post_window_frames"": 147, ""candidate_frames"": 0, ""candidate_families"": """", ""candidate_ids"": """", ""candidate_payloads"": """", ""first_candidate_latency_ms"": """", ""last_candidate_latency_ms"": """", ""active_001f_seen"": 0, ""response_103c_seen"": 0, ""operator_result"": """", ""notes"": """"}"
2026-09-30T07:21:26.937Z,288171.0,probe_00255_family_0103,phase_started,probe_00255_family_0103
2026-09-30T07:21:27.551Z,288781.0,probe_00255_family_0103,probe_completed,"{""utc"": ""2026-09-30T07:21:27.551Z"", ""probe_index"": 255, ""probe_family_hex"": ""0103"", ""grammar"": ""short"", ""marker_hex"": """", ""tx_can_id_hex"": ""0103C82D"", ""tx_data_hex"": ""01 00 00 2D C8"", ""tx_ok"": 1, ""pre_window_frames"": 107, ""post_window_frames"": 145, ""candidate_frames"": 0, ""candidate_families"": """", ""candidate_ids"": """", ""candidate_payloads"": """", ""first_candidate_latency_ms"": """", ""last_candidate_latency_ms"": """", ""active_001f_seen"": 0, ""response_103c_seen"": 0, ""operator_result"": """", ""notes"": """"}"
2026-09-30T07:21:27.950Z,289187.0,probe_00256_family_0104,phase_started,probe_00256_family_0104
2026-09-30T07:21:28.565Z,289796.0,probe_00256_family_0104,probe_completed,"{""utc"": ""2026-09-30T07:21:28.565Z"", ""probe_index"": 256, ""probe_family_hex"": ""0104"", ""grammar"": ""short"", ""marker_hex"": """", ""tx_can_id_hex"": ""0104C82D"", ""tx_data_hex"": ""01 00 00 2D C8"", ""tx_ok"": 1, ""pre_window_frames"": 107, ""post_window_frames"": 145, ""candidate_frames"": 0, ""candidate_families"": """", ""candidate_ids"": """", ""candidate_payloads"": """", ""first_candidate_latency_ms"": """", ""last_candidate_latency_ms"": """", ""active_001f_seen"": 0, ""response_103c_seen"": 0, ""operator_result"": """", ""notes"": """"}"
2026-09-30T07:21:33.801Z,295031.0,probe_00256_family_0104,shutdown_started,completed
